station,time,latitude [degrees_north],longitude [degrees_east],elevation [feet],temp_2m [degF],temp_9m [degF],apparent_temperature [degF],relative_humidity [percent],dewpoint [degF],precip_incremental [inch],precip_local [inch],precip_max_intensity [inch/hour],precip_1hr [inch],avg_wind_speed_prop [mile/hr],max_wind_speed_prop [mile/hr],wind_speed_stddev_prop [mile/hr],wind_direction_prop [degrees],wind_direction_stddev_prop [degrees],avg_wind_speed_sonic [mile/hr],max_wind_speed_sonic [mile/hr],wind_speed_stddev_sonic [mile/hr],wind_direction_sonic [degrees],wind_direction_stddev_sonic [degrees],avg_wind_speed_merge [mile/hr],max_wind_speed_merge [mile/hr],wind_speed_stddev_merge [mile/hr],wind_direction_merge [degrees],wind_direction_stddev_merge [degrees],solar_insolation [W/m^2],station_pressure [inHg],snow_depth,frozen_soil_05cm [bit],frozen_soil_25cm [bit],frozen_soil_50cm [bit],soil_temp_05cm [degF],soil_temp_25cm [degF],soil_temp_50cm [degF],soil_moisture_05cm [m^3/m^3],soil_moisture_25cm [m^3/m^3],soil_moisture_50cm [m^3/m^3]
BELD,2015-12-02 00:00:00 EST,42.22322,-75.66852,1543,40.9,40.8,37.4,95.7,39.7,,,,,5.1,7.1,1.1,125,12,6.0,8.9,1.3,127,12,5.1,7.1,1.1,125,12,0,28.28,,,,,42.4,43.3,45.1,,,
BELD,2015-12-02 00:05:00 EST,42.22322,-75.66852,1543,40.9,40.8,38.2,95.6,39.7,,,,,4.1,6.0,0.7,124,14,4.6,6.9,0.9,126,13,4.1,6.0,0.7,124,14,0,28.28,,,,,42.4,43.3,45.1,,,
BELD,2015-12-02 00:10:00 EST,42.22322,-75.66852,1543,40.9,40.8,39.2,95.5,39.7,,,,,3.2,5.3,0.8,124,12,3.7,6.5,0.8,127,12,3.2,5.3,0.8,124,12,0,28.28,,,,,42.4,43.3,45.1,,,
BELD,2015-12-02 00:15:00 EST,42.22322,-75.66852,1543,41.0,40.9,38.9,95.4,39.7,,,,,3.5,5.1,0.7,120,8,3.9,6.7,0.8,123,8,3.5,5.1,0.7,120,8,0,28.28,,,,,42.4,43.3,45.1,,,
BELD,2015-12-02 00:20:00 EST,42.22322,-75.66852,1543,40.9,40.9,38.1,95.5,39.8,,,,,4.4,6.6,0.9,134,11,5.0,7.6,1.0,136,10,4.4,6.6,0.9,134,11,0,28.28,,,,,42.5,43.3,45.1,,,
BELD,2015-12-02 00:25:00 EST,42.22322,-75.66852,1543,41.2,41.1,38.2,95.4,39.9,,,,,4.6,7.5,1.2,142,11,5.4,8.5,1.3,146,11,4.6,7.5,1.2,142,11,0,28.28,,,,,42.5,43.3,45.1,,,
BELD,2015-12-02 00:30:00 EST,42.22322,-75.66852,1543,41.5,41.5,38.7,95.1,40.2,,,,,4.4,7.0,0.9,144,15,5.2,8.3,1.1,147,15,4.4,7.0,0.9,144,15,0,28.28,,,,,42.5,43.3,45.1,,,
BELD,2015-12-02 00:35:00 EST,42.22322,-75.66852,1543,41.7,41.7,38.4,94.7,40.3,,,,,5.1,7.8,1.3,144,13,5.9,8.7,1.3,148,13,5.1,7.8,1.3,144,13,0,28.28,,,,,42.5,43.4,45.1,,,
BELD,2015-12-02 00:40:00 EST,42.22322,-75.66852,1543,41.7,41.7,38.3,94.5,40.3,,,,,5.2,7.5,1.1,140,13,6.1,8.7,1.3,142,12,5.2,7.5,1.1,140,13,0,28.27,,,,,42.5,43.4,45.1,,,
BELD,2015-12-02 00:45:00 EST,42.22322,-75.66852,1543,41.9,41.8,37.8,94.4,40.4,,,,,6.3,9.3,1.3,140,15,7.3,10.7,1.4,145,15,6.3,9.3,1.3,140,15,0,28.27,,,,,42.5,43.4,45.1,,,
BELD,2015-12-02 00:50:00 EST,42.22322,-75.66852,1543,41.8,41.8,38.1,94.2,40.3,,,,,5.7,9.4,1.4,138,13,6.6,10.1,1.5,142,13,5.7,9.4,1.4,138,13,0,28.26,,,,,42.5,43.4,45.1,,,
BELD,2015-12-02 00:55:00 EST,42.22322,-75.66852,1543,41.7,41.7,37.8,94.3,40.2,,,,,6.1,9.4,1.5,127,11,7.0,10.5,1.7,131,11,6.1,9.4,1.5,127,11,0,28.26,,,,,42.5,43.4,45.1,,,
BELD,2015-12-02 01:00:00 EST,42.22322,-75.66852,1543,41.7,41.6,37.9,94.6,40.3,,,,,5.8,9.2,1.5,138,16,6.6,10.1,1.7,141,16,5.8,9.2,1.5,138,16,0,28.26,,,,,42.5,43.4,45.1,,,
BELD,2015-12-02 01:05:00 EST,42.22322,-75.66852,1543,41.6,41.6,38.5,94.5,40.2,,,,,4.8,7.3,1.0,128,11,5.5,8.3,1.1,130,11,4.8,7.3,1.0,128,11,0,28.26,,,,,42.6,43.3,45.1,,,
BELD,2015-12-02 01:10:00 EST,42.22322,-75.66852,1543,41.5,41.4,38.2,94.7,40.1,,,,,4.9,6.6,0.9,128,13,5.7,7.8,1.0,130,12,4.9,6.6,0.9,128,13,0,28.26,,,,,42.5,43.3,45.1,,,
BELD,2015-12-02 01:15:00 EST,42.22322,-75.66852,1543,41.4,41.3,38.3,94.5,39.9,,,,,4.7,6.7,0.9,129,11,5.4,7.4,1.0,131,10,4.7,6.7,0.9,129,11,0,28.26,,,,,42.6,43.4,45.1,,,
BELD,2015-12-02 01:20:00 EST,42.22322,-75.66852,1543,41.2,41.1,38.6,94.8,39.9,,,,,4.2,5.7,0.8,129,11,4.9,7.6,1.0,131,11,4.2,5.7,0.8,129,11,0,28.26,,,,,42.6,43.3,45.1,,,
BELD,2015-12-02 01:25:00 EST,42.22322,-75.66852,1543,41.1,41.0,37.9,95.1,39.8,,,,,4.8,6.5,0.7,134,8,5.6,7.8,0.9,136,9,4.8,6.5,0.7,134,8,0,28.26,,,,,42.6,43.4,45.1,,,
BELD,2015-12-02 01:30:00 EST,42.22322,-75.66852,1543,41.0,40.9,37.5,95.4,39.8,,,,,5.1,7.9,0.9,132,9,6.0,8.9,1.0,133,9,5.1,7.9,0.9,132,9,0,28.26,,,,,42.6,43.4,45.1,,,
BELD,2015-12-02 01:35:00 EST,42.22322,-75.66852,1543,40.9,40.8,37.6,95.7,39.8,,,,,5.0,7.4,1.1,129,8,5.6,7.8,1.0,131,7,5.0,7.4,1.1,129,8,0,28.26,,,,,42.6,43.4,45.1,,,
BELD,2015-12-02 01:40:00 EST,42.22322,-75.66852,1543,40.9,40.8,37.9,95.8,39.8,,,,,4.5,6.6,0.9,131,10,5.3,7.8,1.1,133,10,4.5,6.6,0.9,131,10,0,28.26,,,,,42.6,43.4,45.1,,,
BELD,2015-12-02 01:45:00 EST,42.22322,-75.66852,1543,41.0,41.1,37.5,96.2,40.1,,,,,5.3,8.4,1.1,130,15,6.3,10.1,1.3,134,16,5.3,8.4,1.1,130,15,0,28.25,,,,,42.6,43.4,45.1,,,
BELD,2015-12-02 01:50:00 EST,42.22322,-75.66852,1543,41.7,41.6,37.8,96.1,40.6,,,,,5.9,9.2,1.6,148,13,6.8,11.2,1.8,154,14,5.9,9.2,1.6,148,13,0,28.25,,,,,42.6,43.4,45.1,,,
BELD,2015-12-02 01:55:00 EST,42.22322,-75.66852,1543,42.1,42.0,38.0,95.1,40.8,,,,,6.4,10.5,1.7,152,13,7.3,12.1,1.8,157,15,6.4,10.5,1.7,152,13,0,28.25,,,,,42.6,43.4,45.1,,,
BELD,2015-12-02 02:00:00 EST,42.22322,-75.66852,1543,41.9,41.8,39.1,94.9,40.6,,,,,4.5,8.8,2.0,139,14,5.2,10.1,2.2,142,14,4.5,8.8,2.0,139,14,0,28.25,,,,,42.6,43.4,45.1,,,
BELD,2015-12-02 02:05:00 EST,42.22322,-75.66852,1543,41.6,41.5,40.2,95.4,40.4,,,,,3.0,6.0,0.9,138,20,3.7,6.9,1.1,141,19,3.0,6.0,0.9,138,20,0,28.25,,,,,42.6,43.4,45.1,,,
BELD,2015-12-02 02:10:00 EST,42.22322,-75.66852,1543,41.1,41.1,37.7,96.1,40.1,,,,,5.1,7.2,1.1,116,10,5.9,8.1,1.2,118,10,5.1,7.2,1.1,116,10,0,28.25,,,,,42.6,43.4,45.1,,,
BELD,2015-12-02 02:15:00 EST,42.22322,-75.66852,1543,40.9,40.8,37.7,96.8,40.1,,,,,4.9,6.5,0.9,127,10,5.7,7.4,0.8,129,10,4.9,6.5,0.9,127,10,0,28.25,,,,,42.6,43.4,45.1,,,
BELD,2015-12-02 02:20:00 EST,42.22322,-75.66852,1543,40.9,40.8,38.6,97.2,40.2,,,,,3.8,5.8,1.0,140,9,4.5,6.7,1.1,144,10,3.8,5.8,1.0,140,9,0,28.25,,,,,42.6,43.4,45.1,,,
BELD,2015-12-02 02:25:00 EST,42.22322,-75.66852,1543,40.9,40.8,38.6,97.3,40.2,,,,,3.8,5.2,0.6,140,9,4.4,5.8,0.7,142,10,3.8,5.2,0.6,140,9,0,28.26,,,,,42.6,43.5,45.1,,,
BELD,2015-12-02 02:30:00 EST,42.22322,-75.66852,1543,40.9,40.8,38.9,97.3,40.2,,,,,3.5,4.9,0.7,135,9,4.0,5.8,0.9,136,9,3.5,4.9,0.7,135,9,0,28.26,,,,,42.6,43.5,45.1,,,
BELD,2015-12-02 02:35:00 EST,42.22322,-75.66852,1543,40.9,40.8,40.9,97.4,40.2,,,,,2.3,4.0,0.8,136,12,2.8,4.9,0.9,137,12,2.3,4.0,0.8,136,12,0,28.26,,,,,42.6,43.5,45.1,,,
BELD,2015-12-02 02:40:00 EST,42.22322,-75.66852,1543,41.0,41.0,41.0,97.5,40.4,,,,,1.1,2.6,0.7,136,22,1.7,4.0,0.8,141,29,1.1,2.6,0.7,136,22,0,28.26,,,,,42.6,43.5,45.1,,,
BELD,2015-12-02 02:45:00 EST,42.22322,-75.66852,1543,41.5,41.4,41.5,97.8,40.9,,,,,0.3,2.6,0.6,154,24,0.9,3.4,0.7,132,66,0.3,2.6,0.6,154,24,0,28.26,,,,,42.6,43.4,45.1,,,
BELD,2015-12-02 02:50:00 EST,42.22322,-75.66852,1543,41.9,41.8,41.9,97.7,41.2,,,,,2.2,4.5,1.2,147,17,3.1,6.7,1.3,153,17,2.2,4.5,1.2,147,17,0,28.26,,,,,42.6,43.5,45.1,,,
BELD,2015-12-02 02:55:00 EST,42.22322,-75.66852,1543,41.9,41.8,41.9,97.2,41.1,,,,,1.8,5.0,0.9,149,17,2.3,5.8,0.9,152,19,1.8,5.0,0.9,149,17,0,28.26,,,,,42.6,43.5,45.1,,,
BELD,2015-12-02 03:00:00 EST,42.22322,-75.66852,1543,42.0,41.9,42.0,97.3,41.2,,,,,2.2,3.9,1.0,149,15,2.9,5.4,1.0,149,18,2.2,3.9,1.0,149,15,0,28.25,,,,,42.6,43.5,45.1,,,
BELD,2015-12-02 03:05:00 EST,42.22322,-75.66852,1543,42.1,42.0,40.0,97.2,41.4,,,,,3.7,6.2,1.2,138,12,4.3,7.4,1.3,140,13,3.7,6.2,1.2,138,12,0,28.25,,,,,42.6,43.5,45.1,,,
BELD,2015-12-02 03:10:00 EST,42.22322,-75.66852,1543,41.9,41.9,40.2,97.0,41.1,,,,,3.3,5.6,0.9,139,11,4.0,6.7,1.2,141,13,3.3,5.6,0.9,139,11,0,28.24,,,,,42.6,43.5,45.1,,,
BELD,2015-12-02 03:15:00 EST,42.22322,-75.66852,1543,41.9,42.0,39.6,97.3,41.2,,,,,3.9,9.0,1.2,135,12,4.6,11.2,1.5,136,12,3.9,9.0,1.2,135,12,0,28.24,,,,,42.7,43.5,45.1,,,
BELD,2015-12-02 03:20:00 EST,42.22322,-75.66852,1543,42.2,42.2,39.7,97.5,41.6,,,,,4.2,6.6,0.9,140,11,5.1,8.1,1.2,141,12,4.2,6.6,0.9,140,11,0,28.24,,,,,42.6,43.5,45.1,,,
BELD,2015-12-02 03:25:00 EST,42.22322,-75.66852,1543,42.2,42.2,40.1,97.2,41.5,,,,,3.8,5.8,0.8,139,11,4.5,6.7,0.9,140,11,3.8,5.8,0.8,139,11,0,28.24,,,,,42.6,43.5,45.1,,,
BELD,2015-12-02 03:30:00 EST,42.22322,-75.66852,1543,42.3,42.2,40.7,97.4,41.6,,,,,3.2,5.6,0.9,144,15,4.0,6.7,1.0,146,17,3.2,5.6,0.9,144,15,0,28.24,,,,,42.6,43.5,45.1,,,
BELD,2015-12-02 03:35:00 EST,42.22322,-75.66852,1543,42.3,42.2,39.7,97.4,41.6,,,,,4.3,7.4,1.2,144,13,5.1,9.4,1.4,146,14,4.3,7.4,1.2,144,13,0,28.23,,,,,42.7,43.5,45.1,,,
BELD,2015-12-02 03:40:00 EST,42.22322,-75.66852,1543,42.2,42.1,40.2,97.5,41.5,,,,,3.6,5.1,0.8,134,11,4.2,6.0,1.0,135,11,3.6,5.1,0.8,134,11,0,28.23,,,,,42.7,43.5,45.1,,,
BELD,2015-12-02 03:45:00 EST,42.22322,-75.66852,1543,42.0,41.9,40.0,97.6,41.4,,,,,3.6,4.7,0.5,122,10,4.2,5.8,0.7,125,10,3.6,4.7,0.5,122,10,0,28.23,,,,,42.7,43.5,45.1,,,
BELD,2015-12-02 03:50:00 EST,42.22322,-75.66852,1543,41.8,41.7,38.5,97.8,41.2,,,,,5.0,6.4,0.7,115,5,5.7,7.4,0.8,118,5,5.0,6.4,0.7,115,5,0,28.23,,,,,42.7,43.5,45.1,,,
BELD,2015-12-02 03:55:00 EST,42.22322,-75.66852,1543,41.6,41.5,39.0,97.9,41.0,,,,,4.2,5.3,0.5,113,8,4.8,6.5,0.5,116,8,4.2,5.3,0.5,113,8,0,28.22,,,,,42.7,43.5,45.1,,,
BELD,2015-12-02 04:00:00 EST,42.22322,-75.66852,1543,41.5,41.4,41.5,98.0,41.0,,,,,2.2,4.6,1.4,125,11,2.8,5.8,1.3,130,13,2.2,4.6,1.4,125,11,0,28.22,,,,,42.7,43.5,45.1,,,
BELD,2015-12-02 04:05:00 EST,42.22322,-75.66852,1543,41.5,41.4,41.5,98.1,41.0,,,,,1.1,2.2,0.7,142,14,1.9,2.9,0.6,144,17,1.1,2.2,0.7,142,14,0,28.22,,,,,42.7,43.5,45.1,,,
BELD,2015-12-02 04:10:00 EST,42.22322,-75.66852,1543,41.5,41.4,41.5,98.2,41.0,,,,,1.9,3.1,0.7,152,6,2.5,3.8,0.7,153,11,1.9,3.1,0.7,152,6,0,28.22,,,,,42.7,43.5,45.1,,,
BELD,2015-12-02 04:15:00 EST,42.22322,-75.66852,1543,41.4,41.4,39.9,98.2,41.0,,,,,3.1,5.6,1.2,132,13,3.7,6.3,1.4,134,14,3.1,5.6,1.2,132,13,0,28.22,,,,,42.7,43.5,45.1,,,
BELD,2015-12-02 04:20:00 EST,42.22322,-75.66852,1543,41.4,41.3,39.9,98.2,40.9,,,,,3.1,4.6,1.0,141,15,3.7,5.6,1.0,145,16,3.1,4.6,1.0,141,15,0,28.22,,,,,42.7,43.5,45.1,,,
BELD,2015-12-02 04:25:00 EST,42.22322,-75.66852,1543,41.3,41.2,39.4,98.1,40.8,,,,,3.3,4.8,0.6,121,10,3.9,5.1,0.7,123,9,3.3,4.8,0.6,121,10,0,28.21,,,,,42.7,43.5,45.1,,,
BELD,2015-12-02 04:30:00 EST,42.22322,-75.66852,1543,41.3,41.1,41.3,98.2,40.8,,,,,2.6,4.4,0.8,114,7,3.1,5.4,0.9,116,9,2.6,4.4,0.8,114,7,0,28.21,,,,,42.7,43.5,45.1,,,
BELD,2015-12-02 04:35:00 EST,42.22322,-75.66852,1543,41.2,41.1,41.2,98.2,40.8,,,,,2.4,3.4,0.4,110,9,2.9,4.0,0.4,112,10,2.4,3.4,0.4,110,9,0,28.20,,,,,42.7,43.5,45.1,,,
BELD,2015-12-02 04:40:00 EST,42.22322,-75.66852,1543,41.2,41.1,41.2,98.3,40.8,,,,,1.8,2.6,0.3,118,10,2.2,3.1,0.4,122,11,1.8,2.6,0.3,118,10,0,28.20,,,,,42.7,43.5,45.1,,,
BELD,2015-12-02 04:45:00 EST,42.22322,-75.66852,1543,41.2,41.2,41.2,98.3,40.8,,,,,0.6,2.0,0.7,119,4,1.2,2.5,0.6,123,27,0.6,2.0,0.7,119,4,0,28.20,,,,,42.7,43.5,45.1,,,
BELD,2015-12-02 04:50:00 EST,42.22322,-75.66852,1543,41.3,41.2,41.3,98.3,40.9,,,,,0.0,0.0,0.0,0,0,0.8,1.6,0.3,235,45,0.0,0.0,0.0,0,0,0,28.20,,,,,42.8,43.5,45.1,,,
BELD,2015-12-02 04:55:00 EST,42.22322,-75.66852,1543,41.5,41.6,41.5,98.4,41.1,,,,,0.4,1.7,0.5,129,10,1.0,2.5,0.5,134,35,0.4,1.7,0.5,129,10,0,28.21,,,,,42.8,43.5,45.1,,,
BELD,2015-12-02 05:00:00 EST,42.22322,-75.66852,1543,41.8,41.8,41.8,98.5,41.4,,,,,1.8,3.4,0.7,137,14,2.3,4.5,0.8,140,18,1.8,3.4,0.7,137,14,0,28.21,,,,,42.8,43.5,45.1,,,
BELD,2015-12-02 05:05:00 EST,42.22322,-75.66852,1543,41.8,41.8,41.8,98.5,41.4,,,,,1.8,3.5,0.6,143,19,2.4,4.3,0.6,148,19,1.8,3.5,0.6,143,19,0,28.21,,,,,42.8,43.5,45.1,,,
BELD,2015-12-02 05:10:00 EST,42.22322,-75.66852,1543,41.9,41.8,41.9,98.5,41.5,,,,,1.6,3.6,0.8,165,17,2.2,4.7,0.8,171,19,1.6,3.6,0.8,165,17,0,28.22,,,,,42.8,43.5,45.1,,,
BELD,2015-12-02 05:15:00 EST,42.22322,-75.66852,1543,42.0,41.9,42.0,98.5,41.6,,,,,0.6,2.1,0.6,141,16,1.3,3.1,0.6,139,24,0.6,2.1,0.6,141,16,0,28.22,,,,,42.8,43.5,45.1,,,
BELD,2015-12-02 05:20:00 EST,42.22322,-75.66852,1543,42.0,42.0,42.0,98.5,41.6,,,,,1.1,1.9,0.3,101,14,1.7,2.7,0.3,102,16,1.1,1.9,0.3,101,14,0,28.22,,,,,42.8,43.5,45.1,,,
BELD,2015-12-02 05:25:00 EST,42.22322,-75.66852,1543,42.0,41.9,42.0,98.5,41.6,,,,,1.6,2.5,0.3,100,7,2.3,3.4,0.4,102,10,1.6,2.5,0.3,100,7,0,28.22,,,,,42.8,43.5,45.1,,,
BELD,2015-12-02 05:30:00 EST,42.22322,-75.66852,1543,41.9,41.9,41.9,98.5,41.5,,,,,1.2,2.0,0.4,107,9,1.8,2.7,0.4,109,12,1.2,2.0,0.4,107,9,0,28.22,,,,,42.8,43.5,45.1,,,
BELD,2015-12-02 05:35:00 EST,42.22322,-75.66852,1543,41.9,41.8,41.9,98.5,41.5,,,,,1.4,2.0,0.4,92,12,2.1,2.9,0.4,94,12,1.4,2.0,0.4,92,12,0,28.22,,,,,42.8,43.5,45.1,,,
BELD,2015-12-02 05:40:00 EST,42.22322,-75.66852,1543,41.8,41.7,41.8,98.5,41.4,,,,,1.7,2.1,0.2,99,10,2.3,2.9,0.3,102,12,1.7,2.1,0.2,99,10,0,28.22,,,,,42.8,43.5,45.1,,,
BELD,2015-12-02 05:45:00 EST,42.22322,-75.66852,1543,41.9,42.1,41.9,98.5,41.5,,,,,1.9,3.7,0.6,106,20,2.4,3.8,0.7,106,19,1.9,3.7,0.6,106,20,0,28.22,,,,,42.8,43.5,45.1,,,
BELD,2015-12-02 05:50:00 EST,42.22322,-75.66852,1543,42.2,42.3,42.2,98.6,41.9,,,,,1.5,2.6,0.5,108,21,2.1,3.4,0.6,108,20,1.5,2.6,0.5,108,21,0,28.21,,,,,42.8,43.5,45.1,,,
BELD,2015-12-02 05:55:00 EST,42.22322,-75.66852,1543,42.0,42.0,42.0,98.5,41.6,,,,,1.8,3.1,0.4,86,15,2.5,3.6,0.5,89,16,1.8,3.1,0.4,86,15,0,28.21,,,,,42.8,43.5,45.1,,,
BELD,2015-12-02 06:00:00 EST,42.22322,-75.66852,1543,42.0,42.0,42.0,98.5,41.6,,,,,1.9,2.8,0.4,68,9,2.6,3.8,0.5,71,10,1.9,2.8,0.4,68,9,0,28.21,,,,,42.8,43.5,45.1,,,
BELD,2015-12-02 06:05:00 EST,42.22322,-75.66852,1543,42.2,42.1,42.2,98.5,41.8,,,,,2.5,3.4,0.5,95,13,3.1,4.3,0.6,98,12,2.5,3.4,0.5,95,13,0,28.20,,,,,42.8,43.5,45.1,,,
BELD,2015-12-02 06:10:00 EST,42.22322,-75.66852,1543,42.1,42.1,42.1,98.5,41.8,,,,,1.9,3.2,0.8,96,5,2.5,4.0,0.9,99,7,1.9,3.2,0.8,96,5,0,28.20,,,,,42.8,43.5,45.1,,,
BELD,2015-12-02 06:15:00 EST,42.22322,-75.66852,1543,42.2,42.1,42.2,98.5,41.8,,,,,0.7,1.5,0.4,109,9,1.4,2.0,0.3,104,20,0.7,1.5,0.4,109,9,0,28.21,,,,,42.8,43.5,45.1,,,
BELD,2015-12-02 06:20:00 EST,42.22322,-75.66852,1543,42.2,42.1,42.2,98.5,41.8,,,,,0.9,2.1,0.5,130,10,1.4,2.5,0.4,135,18,0.9,2.1,0.5,130,10,0,28.21,,,,,42.8,43.5,45.1,,,
BELD,2015-12-02 06:25:00 EST,42.22322,-75.66852,1543,42.4,42.3,42.4,98.6,42.0,,,,,1.5,3.3,0.7,131,13,1.9,3.6,0.6,133,18,1.5,3.3,0.7,131,13,0,28.21,,,,,42.8,43.5,45.1,,,
BELD,2015-12-02 06:30:00 EST,42.22322,-75.66852,1543,42.3,42.3,42.3,98.6,41.9,,,,,1.9,3.1,0.5,166,17,2.3,3.6,0.5,174,17,1.9,3.1,0.5,166,17,0,28.22,,,,,42.8,43.6,45.1,,,
BELD,2015-12-02 06:35:00 EST,42.22322,-75.66852,1543,42.2,42.1,42.2,98.5,41.8,,,,,0.8,2.3,0.7,193,9,1.3,2.7,0.6,194,22,0.8,2.3,0.7,193,9,0,28.22,,,,,42.8,43.5,45.1,,,
BELD,2015-12-02 06:40:00 EST,42.22322,-75.66852,1543,42.2,42.1,42.2,98.5,41.8,,,,,1.2,2.4,0.8,135,5,1.7,2.9,0.8,137,9,1.2,2.4,0.8,135,5,0,28.22,,,,,42.8,43.6,45.1,,,
BELD,2015-12-02 06:45:00 EST,42.22322,-75.66852,1543,42.0,41.9,42.0,98.5,41.6,,,,,1.6,2.1,0.3,137,9,2.0,2.7,0.3,139,7,1.6,2.1,0.3,137,9,0,28.22,,,,,42.8,43.6,45.1,,,
BELD,2015-12-02 06:50:00 EST,42.22322,-75.66852,1543,41.9,41.8,41.9,98.5,41.5,,,,,1.9,2.6,0.4,142,4,2.4,3.1,0.4,147,10,1.9,2.6,0.4,142,4,0,28.22,,,,,42.8,43.5,45.1,,,
BELD,2015-12-02 06:55:00 EST,42.22322,-75.66852,1543,41.9,41.7,41.9,98.5,41.5,,,,,0.6,1.6,0.5,152,4,1.2,2.2,0.4,155,16,0.6,1.6,0.5,152,4,0,28.23,,,,,42.9,43.6,45.1,,,
BELD,2015-12-02 07:00:00 EST,42.22322,-75.66852,1543,41.9,41.7,41.9,98.5,41.5,,,,,0.4,1.0,0.4,156,0,1.2,1.8,0.3,127,16,0.4,1.0,0.4,156,0,0,28.23,,,,,42.8,43.5,45.1,,,
BELD,2015-12-02 07:05:00 EST,42.22322,-75.66852,1543,41.8,41.7,41.8,98.5,41.4,,,,,1.2,1.8,0.2,148,7,1.6,2.0,0.2,139,5,1.2,1.8,0.2,148,7,0,28.24,,,,,42.9,43.5,45.1,,,
BELD,2015-12-02 07:10:00 EST,42.22322,-75.66852,1543,41.8,41.7,41.8,98.4,41.4,,,,,1.6,2.1,0.4,138,5,1.9,2.7,0.4,138,6,1.6,2.1,0.4,138,5,0,28.24,,,,,42.9,43.5,45.1,,,
BELD,2015-12-02 07:15:00 EST,42.22322,-75.66852,1543,41.8,41.8,41.8,98.4,41.4,,,,,2.1,2.8,0.3,127,3,2.5,3.1,0.4,131,4,2.1,2.8,0.3,127,3,0,28.23,,,,,42.9,43.5,45.1,,,
BELD,2015-12-02 07:20:00 EST,42.22322,-75.66852,1543,41.8,41.7,41.8,98.3,41.4,,,,,1.9,2.6,0.4,126,4,2.3,3.1,0.4,130,5,1.9,2.6,0.4,126,4,0,28.23,,,,,42.9,43.6,45.1,,,
BELD,2015-12-02 07:25:00 EST,42.22322,-75.66852,1543,41.8,41.7,41.8,98.2,41.3,,,,,2.0,3.2,0.6,132,10,2.4,3.6,0.7,134,10,2.0,3.2,0.6,132,10,1,28.23,,,,,42.9,43.5,45.1,,,
BELD,2015-12-02 07:30:00 EST,42.22322,-75.66852,1543,41.8,41.7,41.8,98.3,41.4,,,,,2.7,4.7,1.1,129,8,3.1,5.6,1.2,133,8,2.7,4.7,1.1,129,8,1,28.22,,,,,42.9,43.6,45.1,,,
BELD,2015-12-02 07:35:00 EST,42.22322,-75.66852,1543,41.9,41.8,41.9,98.4,41.4,,,,,2.5,4.2,0.7,136,12,2.8,5.1,0.8,139,13,2.5,4.2,0.7,136,12,2,28.22,,,,,42.9,43.6,45.1,,,
BELD,2015-12-02 07:40:00 EST,42.22322,-75.66852,1543,42.0,41.9,42.0,98.4,41.6,,,,,1.9,3.5,0.7,137,13,2.3,4.0,0.8,144,18,1.9,3.5,0.7,137,13,3,28.22,,,,,42.9,43.6,45.1,,,
BELD,2015-12-02 07:45:00 EST,42.22322,-75.66852,1543,42.2,42.2,42.2,98.5,41.8,,,,,2.3,4.1,0.9,158,15,2.8,5.1,0.9,165,17,2.3,4.1,0.9,158,15,4,28.22,,,,,42.9,43.6,45.1,,,
BELD,2015-12-02 07:50:00 EST,42.22322,-75.66852,1543,42.4,42.2,42.4,98.5,42.0,,,,,1.9,4.3,0.8,177,23,2.6,5.1,0.8,180,24,1.9,4.3,0.8,177,23,4,28.23,,,,,42.9,43.6,45.1,,,
BELD,2015-12-02 07:55:00 EST,42.22322,-75.66852,1543,42.4,42.3,42.4,98.5,42.0,,,,,2.2,4.7,1.0,202,33,2.5,5.8,1.1,201,35,2.2,4.7,1.0,202,33,3,28.23,,,,,43.0,43.6,45.1,,,
BELD,2015-12-02 08:00:00 EST,42.22322,-75.66852,1543,42.1,42.0,42.1,98.5,41.7,,,,,2.2,3.8,0.5,170,15,2.7,4.5,0.6,176,17,2.2,3.8,0.5,170,15,5,28.23,,,,,42.9,43.6,45.1,,,
BELD,2015-12-02 08:05:00 EST,42.22322,-75.66852,1543,42.1,42.0,42.1,98.5,41.7,,,,,1.5,2.5,0.6,200,23,1.8,2.9,0.5,206,25,1.5,2.5,0.6,200,23,4,28.24,,,,,43.0,43.6,45.1,,,
BELD,2015-12-02 08:10:00 EST,42.22322,-75.66852,1543,42.3,42.2,42.3,98.5,41.9,,,,,0.8,2.2,0.7,195,17,1.3,2.5,0.6,188,24,0.8,2.2,0.7,195,17,5,28.24,,,,,43.0,43.6,45.1,,,
BELD,2015-12-02 08:15:00 EST,42.22322,-75.66852,1543,42.2,42.1,42.2,98.5,41.8,,,,,0.0,0.0,0.0,0,0,0.9,2.5,0.3,106,26,0.0,0.0,0.0,0,0,7,28.24,,,,,43.0,43.6,45.1,,,
BELD,2015-12-02 08:20:00 EST,42.22322,-75.66852,1543,42.1,41.9,42.1,98.5,41.7,,,,,0.8,1.5,0.3,119,6,1.4,2.0,0.3,119,10,0.8,1.5,0.3,119,6,8,28.24,,,,,43.0,43.7,45.1,,,
BELD,2015-12-02 08:25:00 EST,42.22322,-75.66852,1543,42.0,41.9,42.0,98.5,41.6,,,,,1.7,2.3,0.3,108,5,2.3,3.1,0.4,108,8,1.7,2.3,0.3,108,5,8,28.24,,,,,43.0,43.6,45.1,,,
BELD,2015-12-02 08:30:00 EST,42.22322,-75.66852,1543,42.0,41.8,42.0,98.5,41.6,,,,,1.5,2.8,0.6,117,11,2.0,3.4,0.6,122,10,1.5,2.8,0.6,117,11,9,28.24,,,,,43.0,43.6,45.1,,,
BELD,2015-12-02 08:35:00 EST,42.22322,-75.66852,1543,42.0,41.8,42.0,98.5,41.6,,,,,1.5,2.4,0.4,121,5,1.9,2.7,0.4,125,11,1.5,2.4,0.4,121,5,13,28.24,,,,,43.0,43.6,45.1,,,
BELD,2015-12-02 08:40:00 EST,42.22322,-75.66852,1543,42.0,41.8,42.0,98.5,41.6,,,,,0.9,2.0,0.6,130,1,1.4,2.5,0.4,127,13,0.9,2.0,0.6,130,1,16,28.24,,,,,43.0,43.6,45.1,,,
BELD,2015-12-02 08:45:00 EST,42.22322,-75.66852,1543,42.1,41.9,42.1,98.5,41.7,,,,,0.2,1.2,0.4,95,9,1.0,2.2,0.5,96,25,0.2,1.2,0.4,95,9,21,28.24,,,,,43.0,43.7,45.1,,,
BELD,2015-12-02 08:50:00 EST,42.22322,-75.66852,1543,42.1,42.0,42.1,98.5,41.8,,,,,0.1,0.8,0.2,84,0,0.8,1.6,0.3,125,32,0.1,0.8,0.2,84,0,22,28.23,,,,,43.0,43.6,45.1,,,
BELD,2015-12-02 08:55:00 EST,42.22322,-75.66852,1543,42.4,42.2,42.4,98.6,42.0,,,,,0.3,1.1,0.4,133,4,1.0,1.8,0.3,136,21,0.3,1.1,0.4,133,4,25,28.23,,,,,43.0,43.7,45.1,,,
BELD,2015-12-02 09:00:00 EST,42.22322,-75.66852,1543,42.6,42.5,42.6,98.6,42.2,,,,,0.4,2.0,0.5,166,17,1.2,2.9,0.4,182,26,0.4,2.0,0.5,166,17,22,28.23,,,,,43.0,43.7,45.1,,,
BELD,2015-12-02 09:05:00 EST,42.22322,-75.66852,1543,43.2,43.5,43.2,98.7,42.8,,,,,1.6,2.8,0.4,170,11,2.1,3.6,0.5,177,13,1.6,2.8,0.4,170,11,20,28.23,,,,,43.0,43.7,45.1,,,
BELD,2015-12-02 09:10:00 EST,42.22322,-75.66852,1543,43.8,43.8,43.8,98.7,43.4,,,,,2.4,3.5,0.7,152,8,2.8,4.0,0.7,156,12,2.4,3.5,0.7,152,8,24,28.23,,,,,43.0,43.6,45.1,,,
BELD,2015-12-02 09:15:00 EST,42.22322,-75.66852,1543,43.9,43.8,43.9,98.7,43.5,,,,,2.7,3.8,0.6,148,8,3.2,4.7,0.7,150,11,2.7,3.8,0.6,148,8,26,28.23,,,,,43.0,43.7,45.1,,,
BELD,2015-12-02 09:20:00 EST,42.22322,-75.66852,1543,43.9,43.7,43.9,98.7,43.5,,,,,0.5,2.0,0.7,147,13,1.0,2.7,0.6,152,40,0.5,2.0,0.7,147,13,27,28.23,,,,,43.0,43.6,45.1,,,
BELD,2015-12-02 09:25:00 EST,42.22322,-75.66852,1543,44.0,43.9,44.0,98.7,43.6,,,,,0.9,2.3,0.8,142,6,1.4,2.9,0.6,147,24,0.9,2.3,0.8,142,6,26,28.23,,,,,43.0,43.7,45.1,,,
BELD,2015-12-02 09:30:00 EST,42.22322,-75.66852,1543,43.9,43.6,43.9,98.6,43.5,,,,,2.3,3.6,0.7,106,13,2.8,4.3,0.7,109,14,2.3,3.6,0.7,106,13,24,28.22,,,,,43.0,43.7,45.1,,,
BELD,2015-12-02 09:35:00 EST,42.22322,-75.66852,1543,43.7,43.5,43.7,98.6,43.3,,,,,2.1,3.1,0.6,126,10,2.6,3.8,0.6,130,9,2.1,3.1,0.6,126,10,21,28.22,,,,,43.0,43.7,45.1,,,
BELD,2015-12-02 09:40:00 EST,42.22322,-75.66852,1543,43.7,43.5,42.5,98.6,43.3,,,,,3.1,4.5,0.8,139,9,3.7,5.6,0.9,141,10,3.1,4.5,0.8,139,9,23,28.22,,,,,43.0,43.7,45.2,,,
BELD,2015-12-02 09:45:00 EST,42.22322,-75.66852,1543,43.7,43.5,43.7,98.6,43.3,,,,,2.2,3.5,0.8,134,10,2.6,4.3,0.9,137,12,2.2,3.5,0.8,134,10,23,28.22,,,,,43.1,43.7,45.1,,,
BELD,2015-12-02 09:50:00 EST,42.22322,-75.66852,1543,43.7,43.6,43.7,98.6,43.3,,,,,0.6,1.3,0.4,139,10,1.2,2.0,0.4,145,22,0.6,1.3,0.4,139,10,24,28.23,,,,,43.1,43.7,45.1,,,
BELD,2015-12-02 09:55:00 EST,42.22322,-75.66852,1543,43.8,43.8,43.8,98.6,43.4,,,,,0.4,1.5,0.5,142,14,1.1,2.0,0.4,138,39,0.4,1.5,0.5,142,14,26,28.23,,,,,43.1,43.7,45.1,,,
BELD,2015-12-02 10:00:00 EST,42.22322,-75.66852,1543,44.0,43.9,44.0,98.6,43.6,,,,,1.3,2.8,0.6,123,14,1.8,3.1,0.6,122,18,1.3,2.8,0.6,123,14,28,28.22,,,,,43.1,43.7,45.1,,,
BELD,2015-12-02 10:05:00 EST,42.22322,-75.66852,1543,44.0,43.8,44.0,98.6,43.6,,,,,1.2,1.7,0.2,120,10,1.7,2.2,0.3,124,13,1.2,1.7,0.2,120,10,27,28.22,,,,,43.1,43.7,45.1,,,
BELD,2015-12-02 10:10:00 EST,42.22322,-75.66852,1543,44.1,44.0,44.1,98.6,43.7,,,,,1.5,2.3,0.4,144,10,1.9,3.1,0.4,147,15,1.5,2.3,0.4,144,10,29,28.22,,,,,43.1,43.7,45.1,,,
BELD,2015-12-02 10:15:00 EST,42.22322,-75.66852,1543,44.2,44.1,44.2,98.6,43.9,,,,,0.9,1.5,0.4,158,9,1.3,2.5,0.4,165,16,0.9,1.5,0.4,158,9,30,28.21,,,,,43.1,43.7,45.1,,,
BELD,2015-12-02 10:20:00 EST,42.22322,-75.66852,1543,44.4,44.3,44.4,98.7,44.1,,,,,1.2,2.0,0.4,144,6,1.7,2.7,0.4,148,12,1.2,2.0,0.4,144,6,33,28.21,,,,,43.1,43.7,45.1,,,
BELD,2015-12-02 10:25:00 EST,42.22322,-75.66852,1543,44.3,44.2,44.3,98.6,44.0,,,,,1.4,2.0,0.4,118,6,1.8,2.5,0.4,125,7,1.4,2.0,0.4,118,6,37,28.21,,,,,43.1,43.7,45.1,,,
BELD,2015-12-02 10:30:00 EST,42.22322,-75.66852,1543,44.3,44.2,44.3,98.6,44.0,,,,,1.7,2.6,0.6,116,6,2.0,3.1,0.5,120,9,1.7,2.6,0.6,116,6,41,28.20,,,,,43.1,43.7,45.1,,,
BELD,2015-12-02 10:35:00 EST,42.22322,-75.66852,1543,44.5,44.2,44.5,98.6,44.1,,,,,1.0,1.7,0.3,110,6,1.6,2.7,0.4,112,11,1.0,1.7,0.3,110,6,42,28.19,,,,,43.2,43.7,45.1,,,
BELD,2015-12-02 10:40:00 EST,42.22322,-75.66852,1543,44.6,44.3,44.6,98.6,44.2,,,,,1.3,2.0,0.3,88,19,1.9,2.7,0.4,84,21,1.3,2.0,0.3,88,19,52,28.19,,,,,43.1,43.7,45.2,,,
BELD,2015-12-02 10:45:00 EST,42.22322,-75.66852,1543,44.7,44.4,44.7,98.6,44.3,,,,,1.7,2.0,0.2,50,12,2.0,2.9,0.3,52,11,1.7,2.0,0.2,50,12,65,28.17,,,,,43.2,43.7,45.2,,,
BELD,2015-12-02 10:50:00 EST,42.22322,-75.66852,1543,45.2,44.8,45.2,98.7,44.8,,,,,2.3,2.8,0.3,15,10,2.9,4.0,0.5,20,10,2.3,2.8,0.3,15,10,69,28.17,,,,,43.2,43.7,45.2,,,
BELD,2015-12-02 10:55:00 EST,42.22322,-75.66852,1543,45.4,45.0,45.4,98.7,45.0,,,,,2.3,3.5,0.7,13,11,3.1,4.7,0.7,17,12,2.3,3.5,0.7,13,11,69,28.17,,,,,43.2,43.7,45.1,,,
BELD,2015-12-02 11:00:00 EST,42.22322,-75.66852,1543,45.4,45.1,45.4,98.6,45.1,,,,,1.5,3.1,0.7,23,9,2.0,4.5,0.8,28,10,1.5,3.1,0.7,23,9,81,28.16,,,,,43.2,43.7,45.1,,,
BELD,2015-12-02 11:05:00 EST,42.22322,-75.66852,1543,45.5,45.1,45.5,98.6,45.1,,,,,2.8,4.6,1.0,73,13,3.7,6.0,1.3,79,13,2.8,4.6,1.0,73,13,77,28.16,,,,,43.2,43.7,45.1,,,
BELD,2015-12-02 11:10:00 EST,42.22322,-75.66852,1543,45.1,44.6,43.4,98.5,44.6,,,,,3.7,4.8,0.7,76,10,4.5,6.5,0.9,81,8,3.7,4.8,0.7,76,10,62,28.15,,,,,43.2,43.7,45.1,,,
BELD,2015-12-02 11:15:00 EST,42.22322,-75.66852,1543,44.8,44.5,43.1,98.5,44.4,,,,,3.7,5.5,0.5,106,6,4.3,6.3,0.6,109,7,3.7,5.5,0.5,106,6,40,28.16,,,,,43.2,43.7,45.1,,,
BELD,2015-12-02 11:20:00 EST,42.22322,-75.66852,1543,44.8,44.6,42.3,98.6,44.5,,,,,4.7,6.2,0.7,127,8,5.5,7.2,0.7,130,8,4.7,6.2,0.7,127,8,27,28.16,,,,,43.3,43.7,45.2,,,
BELD,2015-12-02 11:25:00 EST,42.22322,-75.66852,1543,44.8,44.6,41.6,98.6,44.4,,,,,5.9,8.0,1.0,149,14,6.7,10.1,1.3,154,15,5.9,8.0,1.0,149,14,25,28.17,,,,,43.3,43.7,45.1,,,
BELD,2015-12-02 11:30:00 EST,42.22322,-75.66852,1543,44.6,44.4,40.9,98.6,44.3,,,,,6.7,9.3,1.4,146,10,7.6,10.5,1.5,152,12,6.7,9.3,1.4,146,10,25,28.17,,,,,43.3,43.7,45.1,,,
BELD,2015-12-02 11:35:00 EST,42.22322,-75.66852,1543,44.5,44.3,41.7,98.6,44.1,,,,,5.1,8.6,1.9,148,13,5.9,10.1,2.2,152,15,5.1,8.6,1.9,148,13,25,28.17,,,,,43.3,43.7,45.1,,,
BELD,2015-12-02 11:40:00 EST,42.22322,-75.66852,1543,44.5,44.3,44.5,98.6,44.1,,,,,2.3,4.2,0.7,143,14,3.0,5.6,0.9,146,16,2.3,4.2,0.7,143,14,21,28.17,,,,,43.3,43.7,45.1,,,
BELD,2015-12-02 11:45:00 EST,42.22322,-75.66852,1543,44.5,44.3,44.5,98.6,44.1,,,,,2.8,5.2,0.9,154,20,3.6,6.3,1.1,155,21,2.8,5.2,0.9,154,20,20,28.17,,,,,43.3,43.7,45.1,,,
BELD,2015-12-02 11:50:00 EST,42.22322,-75.66852,1543,44.4,44.2,44.4,98.7,44.1,,,,,2.8,4.5,1.0,149,11,3.4,5.1,1.2,152,14,2.8,4.5,1.0,149,11,19,28.17,,,,,43.4,43.7,45.2,,,
BELD,2015-12-02 11:55:00 EST,42.22322,-75.66852,1543,44.4,44.2,44.4,98.7,44.1,,,,,1.8,2.9,0.5,113,9,2.3,3.6,0.6,116,12,1.8,2.9,0.5,113,9,18,28.16,,,,,43.4,43.8,45.1,,,
BELD,2015-12-02 12:00:00 EST,42.22322,-75.66852,1543,44.4,44.2,44.4,98.7,44.1,,,,,2.7,3.6,0.4,108,8,3.3,4.5,0.5,110,9,2.7,3.6,0.4,108,8,15,28.16,,,,,43.4,43.8,45.1,,,
BELD,2015-12-02 12:05:00 EST,42.22322,-75.66852,1543,44.3,44.1,44.3,98.6,44.0,,,,,2.7,3.6,0.5,103,8,3.3,4.5,0.6,105,9,2.7,3.6,0.5,103,8,13,28.16,,,,,43.4,43.8,45.1,,,
BELD,2015-12-02 12:10:00 EST,42.22322,-75.66852,1543,44.4,44.2,44.4,98.7,44.0,,,,,2.8,4.2,0.5,98,13,3.5,5.1,0.6,100,12,2.8,4.2,0.5,98,13,17,28.15,,,,,43.5,43.8,45.1,,,
BELD,2015-12-02 12:15:00 EST,42.22322,-75.66852,1543,44.4,44.2,44.4,98.7,44.1,,,,,2.9,4.1,0.4,67,7,3.7,5.4,0.6,72,7,2.9,4.1,0.4,67,7,21,28.14,,,,,43.5,43.7,45.1,,,
BELD,2015-12-02 12:20:00 EST,42.22322,-75.66852,1543,44.6,44.5,43.0,98.7,44.3,,,,,3.6,5.3,0.8,65,7,4.2,6.3,0.9,69,8,3.6,5.3,0.8,65,7,22,28.14,,,,,43.5,43.7,45.2,,,
BELD,2015-12-02 12:25:00 EST,42.22322,-75.66852,1543,44.6,44.3,41.7,98.7,44.2,,,,,5.3,6.6,0.7,57,7,6.1,7.8,0.9,62,8,5.3,6.6,0.7,57,7,23,28.13,,,,,43.5,43.8,45.1,,,
BELD,2015-12-02 12:30:00 EST,42.22322,-75.66852,1543,44.3,44.1,40.9,98.7,44.0,,,,,5.9,7.2,0.8,45,7,6.7,8.3,0.8,51,8,5.9,7.2,0.8,45,7,28,28.12,,,,,43.5,43.8,45.1,,,
BELD,2015-12-02 12:35:00 EST,42.22322,-75.66852,1543,44.2,43.9,40.4,98.6,43.8,,,,,6.5,7.9,0.7,59,12,7.6,9.4,0.9,66,11,6.5,7.9,0.7,59,12,31,28.11,,,,,43.5,43.8,45.1,,,
BELD,2015-12-02 12:40:00 EST,42.22322,-75.66852,1543,44.0,43.8,41.5,98.7,43.7,,,,,4.5,7.2,1.2,73,8,5.5,8.9,1.5,77,7,4.5,7.2,1.2,73,8,30,28.11,,,,,43.5,43.8,45.1,,,
BELD,2015-12-02 12:45:00 EST,42.22322,-75.66852,1543,44.0,43.8,41.7,98.7,43.7,,,,,4.3,5.8,0.6,75,10,5.3,7.8,0.8,80,9,4.3,5.8,0.6,75,10,34,28.10,,,,,43.5,43.8,45.2,,,
BELD,2015-12-02 12:50:00 EST,42.22322,-75.66852,1543,44.1,44.0,42.5,98.7,43.8,,,,,3.6,5.4,0.7,102,15,4.3,6.3,0.8,105,14,3.6,5.4,0.7,102,15,30,28.09,,,,,43.6,43.8,45.1,,,
BELD,2015-12-02 12:55:00 EST,42.22322,-75.66852,1543,44.3,44.2,42.4,98.7,44.0,,,,,4.0,6.6,1.2,155,19,4.6,7.6,1.3,160,20,4.0,6.6,1.2,155,19,25,28.10,,,,,43.6,43.8,45.1,,,
BELD,2015-12-02 13:00:00 EST,42.22322,-75.66852,1543,44.4,44.2,42.9,98.7,44.0,,,,,3.4,4.4,0.5,148,27,3.8,5.4,0.7,151,28,3.4,4.4,0.5,148,27,24,28.10,,,,,43.6,43.8,45.2,,,
BELD,2015-12-02 13:05:00 EST,42.22322,-75.66852,1543,44.4,44.2,41.8,98.7,44.1,,,,,4.8,6.7,0.8,98,9,5.6,7.8,0.9,101,8,4.8,6.7,0.8,98,9,42,28.08,,,,,43.6,43.8,45.2,,,
BELD,2015-12-02 13:10:00 EST,42.22322,-75.66852,1543,44.5,44.2,41.6,98.7,44.1,,,,,5.2,7.3,1.0,91,15,6.1,9.2,1.3,94,13,5.2,7.3,1.0,91,15,44,28.08,,,,,43.6,43.8,45.1,,,
BELD,2015-12-02 13:15:00 EST,42.22322,-75.66852,1543,44.5,44.2,41.5,98.7,44.2,,,,,5.4,6.9,0.8,110,9,6.2,9.2,1.0,111,9,5.4,6.9,0.8,110,9,45,28.08,,,,,43.7,43.8,45.1,,,
BELD,2015-12-02 13:20:00 EST,42.22322,-75.66852,1543,44.5,44.3,42.3,98.7,44.2,,,,,4.4,6.4,0.9,113,13,5.2,7.6,1.1,117,14,4.4,6.4,0.9,113,13,40,28.07,,,,,43.7,43.9,45.1,,,
BELD,2015-12-02 13:25:00 EST,42.22322,-75.66852,1543,44.4,44.2,41.8,98.7,44.1,,,,,4.9,7.2,1.0,123,10,5.7,8.5,1.1,125,9,4.9,7.2,1.0,123,10,31,28.07,,,,,43.7,43.8,45.2,,,
BELD,2015-12-02 13:30:00 EST,42.22322,-75.66852,1543,44.3,44.1,41.6,98.7,44.0,,,,,4.9,7.2,0.9,113,10,5.5,7.6,1.0,115,10,4.9,7.2,0.9,113,10,31,28.07,,,,,43.7,43.9,45.2,,,
BELD,2015-12-02 13:35:00 EST,42.22322,-75.66852,1543,44.4,44.1,44.4,98.7,44.0,,,,,2.9,5.0,1.2,121,16,3.5,5.8,1.3,125,18,2.9,5.0,1.2,121,16,26,28.07,,,,,43.7,43.9,45.2,,,
BELD,2015-12-02 13:40:00 EST,42.22322,-75.66852,1543,44.3,44.1,43.1,98.7,44.0,,,,,3.1,4.1,0.4,108,20,3.7,5.4,0.6,110,18,3.1,4.1,0.4,108,20,22,28.06,,,,,43.7,43.8,45.2,,,
BELD,2015-12-02 13:45:00 EST,42.22322,-75.66852,1543,44.3,44.1,42.2,98.7,44.0,,,,,4.2,5.6,0.7,116,9,4.9,6.3,0.7,119,10,4.2,5.6,0.7,116,9,25,28.06,,,,,43.7,43.9,45.2,,,
BELD,2015-12-02 13:50:00 EST,42.22322,-75.66852,1543,44.4,44.1,42.1,98.7,44.0,,,,,4.3,5.7,0.8,112,9,4.9,6.7,0.8,114,10,4.3,5.7,0.8,112,9,28,28.06,,,,,43.7,43.9,45.1,,,
BELD,2015-12-02 13:55:00 EST,42.22322,-75.66852,1543,44.4,44.1,41.6,98.7,44.0,,,,,5.1,7.1,0.9,111,11,5.9,8.7,1.1,113,11,5.1,7.1,0.9,111,11,30,28.05,,,,,43.8,43.8,45.2,,,
BELD,2015-12-02 14:00:00 EST,42.22322,-75.66852,1543,44.4,44.2,42.7,98.7,44.1,,,,,3.7,5.6,0.8,107,21,4.3,6.7,0.9,111,21,3.7,5.6,0.8,107,21,24,28.05,,,,,43.8,43.9,45.1,,,
BELD,2015-12-02 14:05:00 EST,42.22322,-75.66852,1543,44.4,44.2,42.6,98.7,44.1,,,,,3.8,5.8,0.8,106,31,4.6,7.6,0.9,110,29,3.8,5.8,0.8,106,31,21,28.05,,,,,43.8,43.9,45.2,,,
BELD,2015-12-02 14:10:00 EST,42.22322,-75.66852,1543,44.4,44.2,44.4,98.7,44.1,,,,,2.9,4.8,0.7,128,16,3.4,6.0,0.8,133,17,2.9,4.8,0.7,128,16,22,28.05,,,,,43.8,43.9,45.1,,,
BELD,2015-12-02 14:15:00 EST,42.22322,-75.66852,1543,44.4,44.2,44.4,98.7,44.1,,,,,2.4,3.7,0.7,136,19,2.9,4.7,0.8,141,21,2.4,3.7,0.7,136,19,18,28.05,,,,,43.9,43.9,45.1,,,
BELD,2015-12-02 14:20:00 EST,42.22322,-75.66852,1543,44.3,44.2,44.3,98.7,44.0,,,,,2.4,3.9,0.9,127,15,2.9,4.9,0.9,130,17,2.4,3.9,0.9,127,15,21,28.05,,,,,43.8,43.9,45.2,,,
BELD,2015-12-02 14:25:00 EST,42.22322,-75.66852,1543,44.3,44.1,44.3,98.7,43.9,,,,,2.5,5.0,1.2,138,12,3.2,5.8,1.2,143,13,2.5,5.0,1.2,138,12,16,28.05,,,,,43.9,43.9,45.2,,,
BELD,2015-12-02 14:30:00 EST,42.22322,-75.66852,1543,44.2,44.1,44.2,98.7,43.9,,,,,2.3,4.4,1.0,133,14,2.9,5.4,1.0,137,15,2.3,4.4,1.0,133,14,18,28.04,,,,,43.9,43.9,45.2,,,
BELD,2015-12-02 14:35:00 EST,42.22322,-75.66852,1543,44.2,44.0,42.6,98.7,43.8,,,,,3.4,4.9,0.6,123,14,4.2,5.8,0.8,125,14,3.4,4.9,0.6,123,14,21,28.03,,,,,43.9,43.9,45.1,,,
BELD,2015-12-02 14:40:00 EST,42.22322,-75.66852,1543,44.2,44.0,42.2,98.7,43.9,,,,,3.9,4.8,0.5,126,7,4.7,5.8,0.6,129,5,3.9,4.8,0.5,126,7,19,28.03,,,,,43.9,43.9,45.2,,,
BELD,2015-12-02 14:45:00 EST,42.22322,-75.66852,1543,44.2,44.0,42.3,98.7,43.8,,,,,3.8,4.9,0.6,126,8,4.3,5.6,0.7,128,7,3.8,4.9,0.6,126,8,14,28.03,,,,,43.9,43.9,45.1,,,
BELD,2015-12-02 14:50:00 EST,42.22322,-75.66852,1543,44.1,43.9,41.6,98.7,43.7,,,,,4.6,6.2,0.8,113,5,5.2,6.7,0.8,116,6,4.6,6.2,0.8,113,5,11,28.01,,,,,43.9,43.9,45.1,,,
BELD,2015-12-02 14:55:00 EST,42.22322,-75.66852,1543,44.0,43.8,42.7,98.7,43.6,,,,,3.1,5.6,0.8,123,10,3.7,6.3,1.0,126,10,3.1,5.6,0.8,123,10,8,28.01,,,,,43.9,43.9,45.1,,,
BELD,2015-12-02 15:00:00 EST,42.22322,-75.66852,1543,44.0,43.8,44.0,98.7,43.6,,,,,2.1,3.4,0.9,110,10,2.7,4.0,0.9,112,14,2.1,3.4,0.9,110,10,7,28.02,,,,,43.9,43.9,45.1,,,
BELD,2015-12-02 15:05:00 EST,42.22322,-75.66852,1543,43.9,43.8,43.9,98.7,43.6,,,,,2.2,3.2,0.7,128,8,2.5,3.6,0.7,133,8,2.2,3.2,0.7,128,8,7,28.02,,,,,43.9,43.9,45.2,,,
BELD,2015-12-02 15:10:00 EST,42.22322,-75.66852,1543,43.9,43.8,43.9,98.7,43.6,,,,,1.4,3.4,1.1,93,26,2.1,4.7,1.2,97,25,1.4,3.4,1.1,93,26,6,28.01,,,,,44.0,43.9,45.2,,,
BELD,2015-12-02 15:15:00 EST,42.22322,-75.66852,1543,44.0,43.8,44.0,98.7,43.6,,,,,1.9,3.8,1.2,114,58,2.4,4.7,1.2,117,61,1.9,3.8,1.2,114,58,5,28.01,,,,,44.0,43.9,45.2,,,
BELD,2015-12-02 15:20:00 EST,42.22322,-75.66852,1543,44.0,43.9,44.0,98.7,43.6,,,,,1.0,3.3,1.1,210,11,1.3,3.4,0.8,216,26,1.0,3.3,1.1,210,11,4,28.02,,,,,44.0,43.9,45.1,,,
BELD,2015-12-02 15:25:00 EST,42.22322,-75.66852,1543,44.1,44.0,44.1,98.7,43.8,,,,,2.6,4.4,0.8,183,12,3.1,5.4,0.9,189,10,2.6,4.4,0.8,183,12,5,28.02,,,,,44.1,43.9,45.2,,,
BELD,2015-12-02 15:30:00 EST,42.22322,-75.66852,1543,44.2,44.1,44.2,98.7,43.8,,,,,2.8,4.5,0.7,149,19,3.4,6.5,1.0,154,20,2.8,4.5,0.7,149,19,4,28.02,,,,,44.1,43.9,45.1,,,
BELD,2015-12-02 15:35:00 EST,42.22322,-75.66852,1543,44.1,44.0,44.1,98.6,43.8,,,,,1.8,3.6,0.8,147,16,2.4,4.5,0.7,153,17,1.8,3.6,0.8,147,16,3,28.02,,,,,44.0,43.9,45.1,,,
BELD,2015-12-02 15:40:00 EST,42.22322,-75.66852,1543,44.2,44.1,43.0,98.6,43.8,,,,,3.1,5.3,1.2,153,12,3.7,7.4,1.3,158,14,3.1,5.3,1.2,153,12,3,28.03,,,,,44.1,43.9,45.1,,,
BELD,2015-12-02 15:45:00 EST,42.22322,-75.66852,1543,44.1,44.0,42.1,98.5,43.8,,,,,4.0,6.3,0.8,140,12,4.7,7.6,0.9,144,14,4.0,6.3,0.8,140,12,3,28.03,,,,,44.1,43.9,45.1,,,
BELD,2015-12-02 15:50:00 EST,42.22322,-75.66852,1543,44.1,44.0,40.9,98.5,43.7,,,,,5.5,7.8,1.1,121,11,6.3,9.2,1.3,123,11,5.5,7.8,1.1,121,11,2,28.02,,,,,44.0,43.9,45.1,,,
BELD,2015-12-02 15:55:00 EST,42.22322,-75.66852,1543,44.0,43.9,41.0,98.4,43.6,,,,,5.1,9.6,1.4,114,12,5.9,11.4,1.6,115,12,5.1,9.6,1.4,114,12,2,28.02,,,,,44.1,44.0,45.1,,,
BELD,2015-12-02 16:00:00 EST,42.22322,-75.66852,1543,43.9,43.8,41.0,98.5,43.5,,,,,5.1,9.3,1.4,114,11,5.9,10.7,1.5,115,11,5.1,9.3,1.4,114,11,2,28.02,,,,,44.1,44.0,45.2,,,
BELD,2015-12-02 16:05:00 EST,42.22322,-75.66852,1543,44.0,43.9,40.0,98.5,43.6,,,,,7.0,11.3,1.5,117,10,8.1,12.8,1.8,118,10,7.0,11.3,1.5,117,10,3,28.02,,,,,44.0,44.0,45.2,,,
BELD,2015-12-02 16:10:00 EST,42.22322,-75.66852,1543,44.1,44.0,40.3,98.5,43.7,,,,,6.6,9.3,0.8,116,9,7.7,10.7,1.0,119,9,6.6,9.3,0.8,116,9,3,28.02,,,,,44.1,44.0,45.1,,,
BELD,2015-12-02 16:15:00 EST,42.22322,-75.66852,1543,44.1,44.0,40.7,98.5,43.7,,,,,5.8,8.8,1.0,115,9,6.8,10.1,1.1,118,9,5.8,8.8,1.0,115,9,2,28.01,,,,,44.1,44.0,45.1,,,
BELD,2015-12-02 16:20:00 EST,42.22322,-75.66852,1543,44.1,44.0,41.1,98.5,43.7,,,,,5.2,9.7,2.1,125,17,6.2,11.6,2.4,130,16,5.2,9.7,2.1,125,17,2,28.01,,,,,44.1,44.0,45.2,,,
BELD,2015-12-02 16:25:00 EST,42.22322,-75.66852,1543,44.2,44.2,42.8,98.5,43.8,,,,,3.4,6.0,1.2,151,24,3.9,6.9,1.3,155,26,3.4,6.0,1.2,151,24,1,28.01,,,,,44.0,44.0,45.1,,,
BELD,2015-12-02 16:30:00 EST,42.22322,-75.66852,1543,44.4,44.4,44.4,98.4,44.0,,,,,1.1,3.7,1.0,232,34,1.8,4.5,1.0,239,43,1.1,3.7,1.0,232,34,1,28.01,,,,,44.0,44.0,45.2,,,
BELD,2015-12-02 16:35:00 EST,42.22322,-75.66852,1543,44.5,44.5,42.6,98.2,44.1,,,,,4.0,7.2,1.4,145,15,4.8,8.3,1.6,148,14,4.0,7.2,1.4,145,15,0,28.01,,,,,44.1,44.1,45.1,,,
BELD,2015-12-02 16:40:00 EST,42.22322,-75.66852,1543,44.5,44.4,42.1,98.1,44.0,,,,,4.6,6.4,0.9,132,9,5.6,8.1,1.1,135,9,4.6,6.4,0.9,132,9,0,28.01,,,,,44.1,44.1,45.1,,,
BELD,2015-12-02 16:45:00 EST,42.22322,-75.66852,1543,44.5,44.4,42.3,98.2,44.0,,,,,4.3,6.4,1.0,133,12,5.0,7.4,1.3,137,12,4.3,6.4,1.0,133,12,0,28.00,,,,,44.0,44.1,45.2,,,
BELD,2015-12-02 16:50:00 EST,42.22322,-75.66852,1543,44.6,44.6,44.6,98.3,44.2,,,,,2.7,6.1,1.5,166,21,3.4,8.3,1.8,170,22,2.7,6.1,1.5,166,21,0,28.00,,,,,44.1,44.1,45.1,,,
BELD,2015-12-02 16:55:00 EST,42.22322,-75.66852,1543,44.8,44.8,43.0,98.3,44.4,,,,,3.9,7.1,1.2,162,23,4.8,9.2,1.5,166,22,3.9,7.1,1.2,162,23,0,28.00,,,,,44.0,44.0,45.2,,,
BELD,2015-12-02 17:00:00 EST,42.22322,-75.66852,1543,45.0,44.9,45.0,98.2,44.5,,,,,2.8,8.3,1.8,145,31,3.6,9.6,1.9,148,34,2.8,8.3,1.8,145,31,0,28.00,,,,,44.1,44.1,45.2,,,
BELD,2015-12-02 17:05:00 EST,42.22322,-75.66852,1543,45.1,45.1,45.1,98.1,44.6,,,,,2.7,6.3,1.4,167,30,3.6,7.6,1.6,172,28,2.7,6.3,1.4,167,30,0,28.00,,,,,44.1,44.1,45.2,,,
BELD,2015-12-02 17:10:00 EST,42.22322,-75.66852,1543,45.4,45.3,44.4,98.1,44.9,,,,,3.0,6.9,1.3,155,29,3.7,8.3,1.5,159,28,3.0,6.9,1.3,155,29,0,28.00,,,,,44.0,44.1,45.2,,,
BELD,2015-12-02 17:15:00 EST,42.22322,-75.66852,1543,45.6,45.5,44.1,98.1,45.1,,,,,3.6,8.0,1.8,160,21,4.3,10.1,2.1,166,22,3.6,8.0,1.8,160,21,0,27.99,,,,,44.1,44.1,45.2,,,
BELD,2015-12-02 17:20:00 EST,42.22322,-75.66852,1543,45.7,45.6,45.7,98.1,45.1,,,,,1.8,5.6,1.1,154,27,2.5,6.7,1.2,0,0,1.8,5.6,1.1,154,27,0,27.99,,,,,44.1,44.1,45.2,,,
BELD,2015-12-02 17:25:00 EST,42.22322,-75.66852,1543,45.7,45.7,45.7,98.1,45.2,,,,,2.9,7.0,1.3,160,19,3.6,8.9,1.3,164,18,2.9,7.0,1.3,160,19,0,28.00,,,,,44.1,44.1,45.2,,,
BELD,2015-12-02 17:30:00 EST,42.22322,-75.66852,1543,45.8,45.8,45.8,98.1,45.3,,,,,2.0,4.7,1.1,158,20,2.6,5.8,1.1,163,22,2.0,4.7,1.1,158,20,0,28.00,,,,,44.1,44.1,45.2,,,
BELD,2015-12-02 17:35:00 EST,42.22322,-75.66852,1543,46.0,46.0,46.0,98.2,45.5,,,,,0.8,2.1,0.7,175,27,1.4,3.1,0.6,179,38,0.8,2.1,0.7,175,27,0,28.00,,,,,44.1,44.1,45.2,,,
BELD,2015-12-02 17:40:00 EST,42.22322,-75.66852,1543,46.1,46.2,46.1,98.2,45.6,,,,,1.1,2.8,0.7,172,34,1.9,3.8,0.8,180,36,1.1,2.8,0.7,172,34,0,28.00,,,,,44.1,44.1,45.2,,,
BELD,2015-12-02 17:45:00 EST,42.22322,-75.66852,1543,46.4,46.4,46.4,98.3,45.9,,,,,1.1,2.7,0.8,216,36,1.7,3.8,0.8,218,50,1.1,2.7,0.8,216,36,0,28.00,,,,,44.1,44.1,45.2,,,
BELD,2015-12-02 17:50:00 EST,42.22322,-75.66852,1543,46.8,46.8,46.8,98.4,46.4,,,,,2.5,6.5,1.5,249,22,2.0,6.0,1.3,252,40,2.5,6.5,1.5,249,22,0,28.00,,,,,44.1,44.2,45.2,,,
BELD,2015-12-02 17:55:00 EST,42.22322,-75.66852,1543,47.2,47.1,47.2,98.1,46.7,,,,,2.4,4.7,1.1,235,23,2.8,6.0,1.2,243,25,2.4,4.7,1.1,235,23,0,28.00,,,,,44.1,44.2,45.2,,,
BELD,2015-12-02 18:00:00 EST,42.22322,-75.66852,1543,47.2,47.2,47.2,97.7,46.6,,,,,1.3,4.1,1.1,222,40,2.0,6.0,1.2,222,53,1.3,4.1,1.1,222,40,0,28.01,,,,,44.2,44.2,45.2,,,
BELD,2015-12-02 18:05:00 EST,42.22322,-75.66852,1543,47.6,47.7,47.6,97.8,47.0,,,,,2.5,5.4,1.6,236,36,3.2,8.7,1.9,244,43,2.5,5.4,1.6,236,36,0,28.01,,,,,44.1,44.3,45.2,,,
BELD,2015-12-02 18:10:00 EST,42.22322,-75.66852,1543,48.1,48.1,47.3,97.4,47.4,,,,,3.2,6.8,1.5,245,20,3.7,9.4,1.9,254,21,3.2,6.8,1.5,245,20,0,28.01,,,,,44.2,44.2,45.2,,,
BELD,2015-12-02 18:15:00 EST,42.22322,-75.66852,1543,48.3,48.2,47.1,97.1,47.5,,,,,3.7,6.7,1.0,258,21,4.7,8.9,1.3,266,17,3.7,6.7,1.0,258,21,0,28.01,,,,,44.2,44.3,45.2,,,
BELD,2015-12-02 18:20:00 EST,42.22322,-75.66852,1543,48.2,48.1,47.2,97.0,47.4,,,,,3.5,8.5,2.3,241,16,4.2,10.1,2.7,251,17,3.5,8.5,2.3,241,16,0,28.01,,,,,44.3,44.3,45.2,,,
BELD,2015-12-02 18:25:00 EST,42.22322,-75.66852,1543,48.0,48.0,48.0,97.3,47.3,,,,,2.6,4.7,0.9,246,27,3.2,6.5,1.2,257,26,2.6,4.7,0.9,246,27,0,28.01,,,,,44.3,44.3,45.2,,,
BELD,2015-12-02 18:30:00 EST,42.22322,-75.66852,1543,47.9,47.8,47.9,97.5,47.2,,,,,1.2,4.7,1.0,249,37,2.0,6.3,1.1,252,42,1.2,4.7,1.0,249,37,0,28.00,,,,,44.3,44.3,45.2,,,
BELD,2015-12-02 18:35:00 EST,42.22322,-75.66852,1543,47.9,47.8,47.9,97.6,47.2,,,,,2.9,8.0,1.8,235,23,3.4,8.1,1.7,244,24,2.9,8.0,1.8,235,23,0,28.00,,,,,44.4,44.3,45.2,,,
BELD,2015-12-02 18:40:00 EST,42.22322,-75.66852,1543,47.9,47.8,46.7,97.3,47.1,,,,,3.7,8.0,2.3,249,14,4.4,9.6,2.4,258,15,3.7,8.0,2.3,249,14,0,28.00,,,,,44.4,44.4,45.2,,,
BELD,2015-12-02 18:45:00 EST,42.22322,-75.66852,1543,47.9,47.9,46.3,96.9,47.1,,,,,4.2,6.9,1.5,247,23,4.9,8.5,1.8,256,21,4.2,6.9,1.5,247,23,0,28.00,,,,,44.4,44.3,45.2,,,
BELD,2015-12-02 18:50:00 EST,42.22322,-75.66852,1543,47.9,47.9,47.9,96.6,47.0,,,,,2.6,6.1,1.8,244,23,3.3,6.7,1.7,252,33,2.6,6.1,1.8,244,23,0,28.01,,,,,44.4,44.3,45.2,,,
BELD,2015-12-02 18:55:00 EST,42.22322,-75.66852,1543,47.9,47.8,46.6,96.5,46.9,,,,,3.7,7.7,1.8,244,19,4.3,8.9,2.1,253,18,3.7,7.7,1.8,244,19,0,28.01,,,,,44.4,44.4,45.2,,,
BELD,2015-12-02 19:00:00 EST,42.22322,-75.66852,1543,48.1,47.9,45.8,96.1,47.0,,,,,5.3,8.3,1.3,244,17,6.1,9.2,1.3,252,16,5.3,8.3,1.3,244,17,0,28.01,,,,,44.4,44.4,45.2,,,
BELD,2015-12-02 19:05:00 EST,42.22322,-75.66852,1543,48.3,47.9,46.3,95.7,47.1,,,,,4.8,9.3,1.6,251,18,5.5,11.9,1.9,259,18,4.8,9.3,1.6,251,18,0,28.01,,,,,44.4,44.4,45.2,,,
BELD,2015-12-02 19:10:00 EST,42.22322,-75.66852,1543,48.2,47.9,46.3,95.2,46.9,,,,,4.8,10.4,1.5,238,29,5.7,12.1,1.8,248,25,4.8,10.4,1.5,238,29,0,28.01,,,,,44.4,44.4,45.2,,,
BELD,2015-12-02 19:15:00 EST,42.22322,-75.66852,1543,48.3,47.9,45.4,94.6,46.8,,,,,6.5,12.3,2.6,244,18,7.5,17.2,3.1,252,18,6.5,12.3,2.6,244,18,0,28.02,,,,,44.5,44.4,45.2,,,
BELD,2015-12-02 19:20:00 EST,42.22322,-75.66852,1543,48.2,47.8,45.9,94.3,46.7,,,,,5.4,10.7,2.7,234,20,6.0,13.0,3.0,243,20,5.4,10.7,2.7,234,20,0,28.02,,,,,44.5,44.4,45.2,,,
BELD,2015-12-02 19:25:00 EST,42.22322,-75.66852,1543,48.2,47.8,44.5,94.1,46.6,,,,,8.3,14.2,2.1,252,20,9.7,17.2,2.6,261,16,8.3,14.2,2.1,252,20,0,28.01,,,,,44.5,44.4,45.3,,,
BELD,2015-12-02 19:30:00 EST,42.22322,-75.66852,1543,48.1,47.7,45.3,94.0,46.5,,,,,6.2,12.2,2.2,249,20,7.3,13.9,2.5,257,18,6.2,12.2,2.2,249,20,0,28.01,,,,,44.6,44.4,45.2,,,
BELD,2015-12-02 19:35:00 EST,42.22322,-75.66852,1543,48.0,47.6,45.4,94.1,46.4,,,,,5.8,11.0,2.2,242,19,6.7,13.9,2.5,248,20,5.8,11.0,2.2,242,19,0,28.01,,,,,44.6,44.4,45.2,,,
BELD,2015-12-02 19:40:00 EST,42.22322,-75.66852,1543,47.9,47.6,45.2,93.9,46.3,,,,,6.1,11.8,1.7,244,22,7.0,13.0,2.1,252,21,6.1,11.8,1.7,244,22,0,28.01,,,,,44.6,44.4,45.2,,,
BELD,2015-12-02 19:45:00 EST,42.22322,-75.66852,1543,47.8,47.7,45.8,94.0,46.2,,,,,4.7,11.2,2.5,254,27,5.6,13.6,2.8,258,23,4.7,11.2,2.5,254,27,0,28.02,,,,,44.6,44.4,45.2,,,
BELD,2015-12-02 19:50:00 EST,42.22322,-75.66852,1543,47.8,47.7,45.6,94.1,46.1,,,,,4.9,8.7,1.7,255,20,5.7,11.4,2.2,260,19,4.9,8.7,1.7,255,20,0,28.02,,,,,44.6,44.4,45.3,,,
BELD,2015-12-02 19:55:00 EST,42.22322,-75.66852,1543,47.7,47.6,46.3,94.1,46.1,,,,,3.9,10.2,2.4,241,26,4.6,10.5,2.4,248,26,3.9,10.2,2.4,241,26,0,28.02,,,,,44.6,44.4,45.2,,,
BELD,2015-12-02 20:00:00 EST,42.22322,-75.66852,1543,47.7,47.6,44.5,93.7,46.0,,,,,6.8,13.1,2.6,243,20,7.6,15.0,3.0,252,20,6.8,13.1,2.6,243,20,0,28.02,,,,,44.6,44.4,45.3,,,
BELD,2015-12-02 20:05:00 EST,42.22322,-75.66852,1543,47.5,47.4,45.4,94.2,45.9,,,,,4.8,9.6,1.6,246,28,5.4,11.4,1.8,253,28,4.8,9.6,1.6,246,28,0,28.02,,,,,44.7,44.4,45.3,,,
BELD,2015-12-02 20:10:00 EST,42.22322,-75.66852,1543,47.4,47.3,45.3,94.4,45.9,,,,,4.8,11.4,2.6,250,19,5.5,13.0,2.9,257,19,4.8,11.4,2.6,250,19,0,28.02,,,,,44.6,44.4,45.3,,,
BELD,2015-12-02 20:15:00 EST,42.22322,-75.66852,1543,47.4,47.3,45.2,94.4,45.9,,,,,4.9,11.4,2.5,245,24,5.8,12.1,2.8,256,23,4.9,11.4,2.5,245,24,0,28.02,,,,,44.7,44.4,45.3,,,
BELD,2015-12-02 20:20:00 EST,42.22322,-75.66852,1543,47.3,47.2,45.7,94.3,45.8,,,,,4.1,8.6,1.5,242,25,4.7,9.4,1.7,251,24,4.1,8.6,1.5,242,25,0,28.02,,,,,44.7,44.4,45.3,,,
BELD,2015-12-02 20:25:00 EST,42.22322,-75.66852,1543,47.3,47.2,44.9,94.1,45.7,,,,,5.2,9.6,1.8,239,16,5.6,10.3,2.1,245,16,5.2,9.6,1.8,239,16,0,28.03,,,,,44.7,44.4,45.3,,,
BELD,2015-12-02 20:30:00 EST,42.22322,-75.66852,1543,47.2,47.1,45.2,94.4,45.7,,,,,4.6,10.7,2.0,247,26,5.4,12.8,2.5,254,24,4.6,10.7,2.0,247,26,0,28.03,,,,,44.8,44.4,45.3,,,
BELD,2015-12-02 20:35:00 EST,42.22322,-75.66852,1543,47.2,47.1,45.1,94.6,45.7,,,,,4.7,8.5,1.6,242,18,5.2,9.6,1.8,248,17,4.7,8.5,1.6,242,18,0,28.03,,,,,44.8,44.5,45.2,,,
BELD,2015-12-02 20:40:00 EST,42.22322,-75.66852,1543,47.1,47.0,44.6,94.3,45.6,,,,,5.4,9.7,1.8,256,19,6.4,11.9,2.2,265,18,5.4,9.7,1.8,256,19,0,28.02,,,,,44.8,44.5,45.3,,,
BELD,2015-12-02 20:45:00 EST,42.22322,-75.66852,1543,47.1,47.0,44.7,94.0,45.5,,,,,5.2,9.6,1.7,249,20,6.1,11.6,2.1,257,18,5.2,9.6,1.7,249,20,0,28.02,,,,,44.7,44.5,45.3,,,
BELD,2015-12-02 20:50:00 EST,42.22322,-75.66852,1543,47.0,46.9,44.1,93.7,45.3,,,,,6.1,10.4,2.1,242,20,7.0,12.8,2.2,248,20,6.1,10.4,2.1,242,20,0,28.02,,,,,44.7,44.5,45.3,,,
BELD,2015-12-02 20:55:00 EST,42.22322,-75.66852,1543,47.0,46.9,45.3,93.2,45.1,,,,,4.2,8.8,1.7,240,19,4.9,10.3,1.8,244,19,4.2,8.8,1.7,240,19,0,28.03,,,,,44.8,44.5,45.3,,,
BELD,2015-12-02 21:00:00 EST,42.22322,-75.66852,1543,46.6,46.4,43.1,93.1,44.7,,,,,6.9,10.3,1.7,285,18,7.7,12.3,1.8,289,17,6.9,10.3,1.7,285,18,0,28.03,,,,,44.8,44.5,45.3,,,
BELD,2015-12-02 21:05:00 EST,42.22322,-75.66852,1543,45.1,45.0,41.2,94.9,43.8,,,,,7.2,16.1,2.9,294,17,7.7,17.4,3.0,301,17,7.2,16.1,2.9,294,17,0,28.03,,,,,44.8,44.5,45.3,,,
BELD,2015-12-02 21:10:00 EST,42.22322,-75.66852,1543,44.6,44.4,40.9,95.6,43.4,,,,,6.5,12.6,2.2,282,18,7.3,16.3,2.8,289,15,6.5,12.6,2.2,282,18,0,28.03,,,,,44.8,44.5,45.3,,,
BELD,2015-12-02 21:15:00 EST,42.22322,-75.66852,1543,44.3,44.1,39.8,95.9,43.2,,,,,8.1,10.7,1.6,277,19,9.3,14.1,2.2,281,17,8.1,10.7,1.6,277,19,0,28.03,,,,,44.8,44.5,45.3,,,
BELD,2015-12-02 21:20:00 EST,42.22322,-75.66852,1543,44.0,43.9,40.4,95.6,42.9,,,,,6.2,11.9,2.1,282,18,7.1,14.1,2.4,287,16,6.2,11.9,2.1,282,18,0,28.04,,,,,44.8,44.5,45.3,,,
BELD,2015-12-02 21:25:00 EST,42.22322,-75.66852,1543,43.6,43.5,39.9,96.2,42.6,,,,,6.3,11.3,1.8,286,19,7.2,14.8,2.3,291,17,6.3,11.3,1.8,286,19,0,28.04,,,,,44.8,44.5,45.3,,,
BELD,2015-12-02 21:30:00 EST,42.22322,-75.66852,1543,43.2,43.0,38.6,96.4,42.2,,,,,7.8,14.2,2.9,292,18,8.5,16.3,3.4,298,17,7.8,14.2,2.9,292,18,0,28.05,,,,,44.8,44.6,45.3,,,
BELD,2015-12-02 21:35:00 EST,42.22322,-75.66852,1543,42.9,42.7,39.4,96.0,41.8,,,,,5.6,9.4,1.1,282,19,6.4,11.4,1.5,286,17,5.6,9.4,1.1,282,19,0,28.05,,,,,44.8,44.6,45.3,,,
BELD,2015-12-02 21:40:00 EST,42.22322,-75.66852,1543,42.6,42.4,39.1,96.0,41.5,,,,,5.5,9.9,1.7,283,20,6.2,13.0,2.0,288,19,5.5,9.9,1.7,283,20,0,28.05,,,,,44.8,44.6,45.3,,,
BELD,2015-12-02 21:45:00 EST,42.22322,-75.66852,1543,42.3,42.1,39.2,96.3,41.3,,,,,5.0,10.0,1.6,283,20,5.7,12.1,2.1,289,17,5.0,10.0,1.6,283,20,0,28.05,,,,,44.8,44.6,45.3,,,
BELD,2015-12-02 21:50:00 EST,42.22322,-75.66852,1543,42.0,41.9,38.1,95.5,40.8,,,,,6.1,12.1,2.5,275,19,7.0,13.9,2.8,281,16,6.1,12.1,2.5,275,19,0,28.05,,,,,44.8,44.6,45.3,,,
BELD,2015-12-02 21:55:00 EST,42.22322,-75.66852,1543,41.7,41.5,36.7,95.2,40.4,,,,,7.9,12.9,2.3,282,15,8.9,15.9,2.6,287,13,7.9,12.9,2.3,282,15,0,28.05,,,,,44.8,44.6,45.3,,,
BELD,2015-12-02 22:00:00 EST,42.22322,-75.66852,1543,41.4,41.2,36.2,95.3,40.1,,,,,8.1,14.2,2.3,281,16,9.2,15.7,2.8,287,16,8.1,14.2,2.3,281,16,0,28.05,,,,,44.7,44.6,45.3,,,
BELD,2015-12-02 22:05:00 EST,42.22322,-75.66852,1543,41.1,40.9,36.3,95.7,40.0,,,,,7.3,15.2,2.2,285,15,8.2,17.2,2.7,290,15,7.3,15.2,2.2,285,15,0,28.05,,,,,44.8,44.6,45.3,,,
BELD,2015-12-02 22:10:00 EST,42.22322,-75.66852,1543,40.9,40.7,35.4,96.3,39.9,,,,,8.5,13.6,2.1,308,17,8.8,13.6,2.0,314,16,8.5,13.6,2.1,308,17,0,28.05,,,,,44.7,44.6,45.3,,,
BELD,2015-12-02 22:15:00 EST,42.22322,-75.66852,1543,40.8,40.6,35.6,96.2,39.8,,,,,7.9,13.6,2.3,308,16,8.5,15.7,2.4,313,18,7.9,13.6,2.3,308,16,0,28.05,,,,,44.7,44.6,45.3,,,
BELD,2015-12-02 22:20:00 EST,42.22322,-75.66852,1543,40.6,40.5,36.3,94.8,39.3,,,,,6.3,10.8,1.8,303,18,7.0,11.6,1.9,310,19,6.3,10.8,1.8,303,18,0,28.05,,,,,44.7,44.6,45.3,,,
BELD,2015-12-02 22:25:00 EST,42.22322,-75.66852,1543,40.5,40.4,36.1,93.8,38.9,,,,,6.4,9.9,1.5,288,19,7.2,11.0,1.5,294,18,6.4,9.9,1.5,288,19,0,28.06,,,,,44.6,44.6,45.3,,,
BELD,2015-12-02 22:30:00 EST,42.22322,-75.66852,1543,40.2,40.1,36.0,94.2,38.7,,,,,6.0,10.2,1.4,284,18,6.8,11.2,1.8,290,17,6.0,10.2,1.4,284,18,0,28.06,,,,,44.6,44.6,45.3,,,
BELD,2015-12-02 22:35:00 EST,42.22322,-75.66852,1543,40.0,39.8,34.9,94.4,38.5,,,,,7.5,11.5,1.5,291,14,8.3,12.3,1.7,297,14,7.5,11.5,1.5,291,14,0,28.06,,,,,44.6,44.6,45.3,,,
BELD,2015-12-02 22:40:00 EST,42.22322,-75.66852,1543,39.9,39.7,35.4,94.0,38.3,,,,,6.2,11.4,2.1,290,18,6.8,13.0,2.0,296,18,6.2,11.4,2.1,290,18,0,28.06,,,,,44.6,44.6,45.3,,,
BELD,2015-12-02 22:45:00 EST,42.22322,-75.66852,1543,39.7,39.6,35.3,94.3,38.2,,,,,6.2,9.5,1.8,286,17,7.1,11.9,2.1,292,15,6.2,9.5,1.8,286,17,0,28.06,,,,,44.6,44.6,45.3,,,
BELD,2015-12-02 22:50:00 EST,42.22322,-75.66852,1543,39.6,39.4,34.2,93.5,37.8,,,,,7.7,13.5,2.0,287,16,8.7,16.1,2.2,292,13,7.7,13.5,2.0,287,16,0,28.07,,,,,44.5,44.6,45.3,,,
BELD,2015-12-02 22:55:00 EST,42.22322,-75.66852,1543,39.4,39.2,33.9,93.4,37.7,,,,,7.8,13.3,2.2,287,16,8.9,15.0,2.6,291,15,7.8,13.3,2.2,287,16,0,28.07,,,,,44.5,44.7,45.3,,,
BELD,2015-12-02 23:00:00 EST,42.22322,-75.66852,1543,39.3,39.1,33.8,93.2,37.4,,,,,7.8,12.4,2.2,296,14,8.4,13.2,2.2,302,13,7.8,12.4,2.2,296,14,0,28.07,,,,,44.4,44.7,45.3,,,
BELD,2015-12-02 23:05:00 EST,42.22322,-75.66852,1543,39.1,38.9,34.1,93.4,37.3,,,,,6.9,13.4,2.2,287,17,7.5,15.2,2.4,293,16,6.9,13.4,2.2,287,17,0,28.07,,,,,44.4,44.7,45.3,,,
BELD,2015-12-02 23:10:00 EST,42.22322,-75.66852,1543,38.9,38.8,33.7,93.1,37.1,,,,,7.3,12.3,2.2,294,15,7.8,14.1,2.5,300,16,7.3,12.3,2.2,294,15,0,28.07,,,,,44.4,44.7,45.3,,,
BELD,2015-12-02 23:15:00 EST,42.22322,-75.66852,1543,38.7,38.5,33.5,93.1,36.9,,,,,7.1,11.7,2.0,303,18,7.8,13.0,2.1,311,19,7.1,11.7,2.0,303,18,0,28.06,,,,,44.3,44.7,45.3,,,
BELD,2015-12-02 23:20:00 EST,42.22322,-75.66852,1543,38.5,38.4,34.0,93.3,36.8,,,,,6.0,10.2,1.8,296,24,6.7,13.9,2.0,302,22,6.0,10.2,1.8,296,24,0,28.07,,,,,44.3,44.6,45.3,,,
BELD,2015-12-02 23:25:00 EST,42.22322,-75.66852,1543,38.4,38.2,32.2,93.1,36.5,,,,,8.8,14.0,2.7,304,17,9.2,15.0,2.7,312,16,8.8,14.0,2.7,304,17,0,28.07,,,,,44.1,44.7,45.3,,,
BELD,2015-12-02 23:30:00 EST,42.22322,-75.66852,1543,38.3,38.1,34.0,93.0,36.4,,,,,5.6,10.6,2.1,299,20,6.2,12.3,2.3,304,18,5.6,10.6,2.1,299,20,0,28.08,,,,,44.1,44.7,45.3,,,
BELD,2015-12-02 23:35:00 EST,42.22322,-75.66852,1543,38.2,38.1,34.3,93.2,36.4,,,,,5.1,9.6,1.8,294,20,5.8,10.5,1.9,299,19,5.1,9.6,1.8,294,20,0,28.08,,,,,44.0,44.7,45.3,,,
BELD,2015-12-02 23:40:00 EST,42.22322,-75.66852,1543,38.2,38.0,33.8,93.0,36.3,,,,,5.6,12.6,2.3,298,17,6.2,12.3,2.3,303,17,5.6,12.6,2.3,298,17,0,28.08,,,,,44.0,44.7,45.3,,,
BELD,2015-12-02 23:45:00 EST,42.22322,-75.66852,1543,38.1,38.0,33.3,92.4,36.1,,,,,6.4,12.1,2.4,297,15,6.7,13.6,2.5,303,14,6.4,12.1,2.4,297,15,0,28.08,,,,,44.0,44.7,45.3,,,
BELD,2015-12-02 23:50:00 EST,42.22322,-75.66852,1543,38.0,37.9,34.4,92.9,36.1,,,,,4.7,10.7,2.0,295,17,5.1,11.9,2.2,301,16,4.7,10.7,2.0,295,17,0,28.08,,,,,43.9,44.7,45.3,,,
BELD,2015-12-02 23:55:00 EST,42.22322,-75.66852,1543,37.9,37.8,34.2,93.3,36.1,,,,,4.7,7.7,1.5,297,18,5.1,8.1,1.5,302,18,4.7,7.7,1.5,297,18,0,28.08,,,,,43.9,44.7,45.3,,,
BERK,2015-12-02 00:00:00 EST,42.32030,-76.20319,1291,43.8,43.9,42.6,96.9,43.0,0.000,0.201,0.00,0.000,3.1,6.1,1.0,144,13,3.3,7.8,1.3,144,14,3.1,6.1,1.0,144,13,0,28.54,,0,0,0,41.0,41.1,42.2,0.37,0.35,0.52
BERK,2015-12-02 00:05:00 EST,42.32030,-76.20319,1291,43.9,44.0,42.0,96.8,43.0,0.000,0.000,0.00,0.000,3.7,6.6,1.0,137,12,3.9,6.9,1.1,136,12,3.7,6.6,1.0,137,12,0,28.53,,0,0,0,41.0,41.1,42.2,0.37,0.35,0.52
BERK,2015-12-02 00:10:00 EST,42.32030,-76.20319,1291,43.7,43.9,43.7,96.7,42.9,0.000,0.000,0.00,0.000,2.8,4.7,0.8,129,14,3.0,4.9,0.9,126,13,2.8,4.7,0.8,129,14,0,28.53,,0,0,0,41.0,41.2,42.2,0.37,0.35,0.52
BERK,2015-12-02 00:15:00 EST,42.32030,-76.20319,1291,43.8,43.9,42.6,97.2,43.1,0.000,0.000,0.00,0.000,3.1,5.9,0.9,134,15,3.2,5.6,1.0,131,15,3.1,5.9,0.9,134,15,0,28.53,,0,0,0,41.0,41.1,42.3,0.37,0.35,0.52
BERK,2015-12-02 00:20:00 EST,42.32030,-76.20319,1291,43.9,43.9,43.9,97.1,43.1,0.000,0.000,0.00,0.000,2.6,4.4,0.8,145,18,2.9,5.1,0.8,144,20,2.6,4.4,0.8,145,18,0,28.53,,0,0,0,41.0,41.2,42.2,0.37,0.35,0.52
BERK,2015-12-02 00:25:00 EST,42.32030,-76.20319,1291,43.8,43.9,43.8,97.0,43.0,0.000,0.000,0.00,0.000,1.7,3.1,0.5,162,11,2.0,3.8,0.7,163,15,1.7,3.1,0.5,162,11,0,28.53,,0,0,0,41.0,41.2,42.3,0.37,0.35,0.52
BERK,2015-12-02 00:30:00 EST,42.32030,-76.20319,1291,43.7,43.8,43.7,97.2,43.0,0.000,0.000,0.00,0.000,2.1,3.6,0.7,130,12,2.2,4.0,0.6,127,13,2.1,3.6,0.7,130,12,0,28.53,,0,0,0,41.0,41.2,42.3,0.37,0.35,0.52
BERK,2015-12-02 00:35:00 EST,42.32030,-76.20319,1291,43.7,43.8,43.7,97.5,43.0,0.002,0.002,0.00,0.002,1.9,4.0,0.9,131,8,2.0,3.6,0.7,127,10,1.9,4.0,0.9,131,8,0,28.52,,0,0,0,41.0,41.2,42.3,0.37,0.35,0.52
BERK,2015-12-02 00:40:00 EST,42.32030,-76.20319,1291,43.7,43.8,43.7,97.7,43.1,0.001,0.003,0.00,0.003,2.3,3.8,0.6,139,13,2.3,4.0,0.7,136,10,2.3,3.8,0.6,139,13,0,28.52,,0,0,0,41.0,41.2,42.3,0.37,0.35,0.52
BERK,2015-12-02 00:45:00 EST,42.32030,-76.20319,1291,43.7,43.8,43.7,97.7,43.1,0.000,0.003,0.00,0.003,1.1,2.3,0.7,118,13,1.5,3.1,0.7,125,31,1.1,2.3,0.7,118,13,0,28.52,,0,0,0,41.0,41.2,42.3,0.37,0.35,0.52
BERK,2015-12-02 00:50:00 EST,42.32030,-76.20319,1291,43.7,43.8,43.7,97.7,43.1,0.005,0.008,0.00,0.008,0.0,0.0,0.0,0,0,0.6,1.6,0.3,222,48,0.0,0.0,0.0,0,0,0,28.52,,0,0,0,41.0,41.2,42.3,0.37,0.35,0.52
BERK,2015-12-02 00:55:00 EST,42.32030,-76.20319,1291,43.5,43.8,43.5,97.7,42.9,0.001,0.009,0.00,0.009,0.1,0.7,0.2,135,0,0.8,1.6,0.3,347,40,0.1,0.7,0.2,135,0,0,28.52,,0,0,0,41.0,41.2,42.3,0.37,0.35,0.52
BERK,2015-12-02 01:00:00 EST,42.32030,-76.20319,1291,43.6,43.8,43.6,98.0,43.1,0.000,0.009,0.00,0.009,0.0,0.0,0.0,0,0,0.7,1.3,0.2,43,27,0.0,0.0,0.0,0,0,0,28.51,,0,0,0,41.0,41.2,42.3,0.37,0.35,0.52
BERK,2015-12-02 01:05:00 EST,42.32030,-76.20319,1291,43.7,43.8,43.7,98.1,43.2,0.000,0.009,0.00,0.009,0.0,0.0,0.0,0,0,0.6,1.6,0.3,64,64,0.0,0.0,0.0,0,0,0,28.51,,0,0,0,41.0,41.2,42.3,0.37,0.35,0.52
BERK,2015-12-02 01:10:00 EST,42.32030,-76.20319,1291,43.4,43.7,43.4,98.1,42.9,0.000,0.009,0.00,0.009,0.1,0.8,0.2,135,0,0.7,1.6,0.3,158,43,0.1,0.8,0.2,135,0,0,28.51,,0,0,0,41.0,41.2,42.3,0.37,0.35,0.52
BERK,2015-12-02 01:15:00 EST,42.32030,-76.20319,1291,43.4,43.7,43.4,98.2,42.9,0.000,0.009,0.00,0.009,0.3,1.3,0.4,135,0,0.9,1.3,0.2,154,20,0.3,1.3,0.4,135,0,0,28.51,,0,0,0,41.1,41.2,42.3,0.37,0.35,0.52
BERK,2015-12-02 01:20:00 EST,42.32030,-76.20319,1291,43.4,43.6,43.4,98.3,43.0,0.000,0.009,0.00,0.009,0.0,0.0,0.0,0,0,0.5,1.1,0.2,136,45,0.0,0.0,0.0,0,0,0,28.51,,0,0,0,41.0,41.2,42.3,0.37,0.35,0.52
BERK,2015-12-02 01:25:00 EST,42.32030,-76.20319,1291,43.3,43.6,43.3,98.3,42.9,0.000,0.009,0.00,0.009,0.0,0.0,0.0,0,0,0.6,1.8,0.3,351,54,0.0,0.0,0.0,0,0,0,28.51,,0,0,0,41.1,41.2,42.3,0.37,0.35,0.52
BERK,2015-12-02 01:30:00 EST,42.32030,-76.20319,1291,43.3,43.6,43.3,98.4,42.9,0.002,0.011,0.00,0.011,0.3,0.9,0.3,111,15,1.2,2.2,0.3,54,42,0.3,0.9,0.3,111,15,0,28.51,,0,0,0,41.1,41.2,42.3,0.37,0.35,0.52
BERK,2015-12-02 01:35:00 EST,42.32030,-76.20319,1291,43.4,43.7,43.4,98.6,43.0,0.000,0.011,0.00,0.009,1.3,2.3,0.5,109,11,1.7,2.7,0.5,108,17,1.3,2.3,0.5,109,11,0,28.51,,0,0,0,41.1,41.2,42.3,0.37,0.35,0.52
BERK,2015-12-02 01:40:00 EST,42.32030,-76.20319,1291,43.4,43.7,43.4,98.6,43.0,0.001,0.012,0.00,0.009,0.1,0.9,0.2,148,0,0.6,1.8,0.3,139,42,0.1,0.9,0.2,148,0,0,28.51,,0,0,0,41.1,41.2,42.3,0.37,0.35,0.52
BERK,2015-12-02 01:45:00 EST,42.32030,-76.20319,1291,43.3,43.6,43.3,98.6,42.9,0.000,0.012,0.00,0.009,0.7,2.2,0.8,303,26,1.1,2.2,0.5,327,48,0.7,2.2,0.8,303,26,0,28.51,,0,0,0,41.2,41.3,42.3,0.37,0.35,0.52
BERK,2015-12-02 01:50:00 EST,42.32030,-76.20319,1291,43.1,43.5,43.1,98.6,42.7,0.000,0.012,0.00,0.004,0.7,1.4,0.4,301,0,1.0,1.8,0.3,302,10,0.7,1.4,0.4,301,0,0,28.51,,0,0,0,41.2,41.2,42.3,0.37,0.35,0.52
BERK,2015-12-02 01:55:00 EST,42.32030,-76.20319,1291,43.3,43.7,43.3,98.8,42.9,0.000,0.012,0.00,0.003,0.3,1.5,0.5,209,31,0.8,2.5,0.5,215,51,0.3,1.5,0.5,209,31,0,28.51,,0,0,0,41.2,41.3,42.3,0.37,0.35,0.52
BERK,2015-12-02 02:00:00 EST,42.32030,-76.20319,1291,43.4,43.9,43.4,98.9,43.1,0.000,0.012,0.00,0.003,0.3,1.1,0.4,201,25,0.8,1.8,0.3,221,47,0.3,1.1,0.4,201,25,0,28.51,,0,0,0,41.2,41.3,42.3,0.37,0.35,0.52
BERK,2015-12-02 02:05:00 EST,42.32030,-76.20319,1291,43.3,43.9,43.3,98.8,43.0,0.000,0.012,0.00,0.003,1.1,1.6,0.3,206,27,1.4,2.2,0.4,203,26,1.1,1.6,0.3,206,27,0,28.51,,0,0,0,41.2,41.3,42.3,0.37,0.35,0.52
BERK,2015-12-02 02:10:00 EST,42.32030,-76.20319,1291,43.4,44.0,43.4,98.8,43.0,0.002,0.014,0.00,0.005,1.5,2.7,0.3,135,9,1.7,2.7,0.3,130,11,1.5,2.7,0.3,135,9,0,28.51,,0,0,0,41.2,41.4,42.3,0.37,0.35,0.52
BERK,2015-12-02 02:15:00 EST,42.32030,-76.20319,1291,43.3,44.0,43.3,98.8,43.0,0.002,0.015,0.00,0.007,2.2,2.8,0.3,126,5,2.2,2.9,0.3,124,7,2.2,2.8,0.3,126,5,0,28.51,,0,0,0,41.2,41.3,42.3,0.37,0.35,0.52
BERK,2015-12-02 02:20:00 EST,42.32030,-76.20319,1291,43.5,44.1,43.5,98.9,43.2,0.000,0.015,0.00,0.007,2.7,4.0,0.6,108,12,3.1,5.4,0.9,105,10,2.7,4.0,0.6,108,12,0,28.51,,0,0,0,41.2,41.3,42.3,0.37,0.35,0.52
BERK,2015-12-02 02:25:00 EST,42.32030,-76.20319,1291,43.7,44.2,42.4,98.9,43.4,0.000,0.015,0.00,0.007,3.2,4.5,0.7,119,15,3.4,5.8,0.9,116,15,3.2,4.5,0.7,119,15,0,28.51,,0,0,0,41.2,41.3,42.3,0.37,0.35,0.52
BERK,2015-12-02 02:30:00 EST,42.32030,-76.20319,1291,43.7,44.1,43.7,98.8,43.4,0.000,0.015,0.00,0.005,2.1,3.3,0.5,131,9,2.1,3.6,0.5,127,8,2.1,3.3,0.5,131,9,0,28.51,,0,0,0,41.2,41.3,42.3,0.37,0.35,0.52
BERK,2015-12-02 02:35:00 EST,42.32030,-76.20319,1291,43.9,44.2,43.9,98.7,43.5,0.000,0.015,0.00,0.005,1.6,2.6,0.4,142,16,1.8,2.7,0.3,140,20,1.6,2.6,0.4,142,16,0,28.51,,0,0,0,41.2,41.3,42.3,0.37,0.35,0.52
BERK,2015-12-02 02:40:00 EST,42.32030,-76.20319,1291,43.7,44.1,43.7,98.6,43.4,0.000,0.015,0.00,0.004,0.6,1.9,0.5,147,4,1.0,2.0,0.4,140,20,0.6,1.9,0.5,147,4,0,28.51,,0,0,0,41.2,41.4,42.4,0.37,0.35,0.52
BERK,2015-12-02 02:45:00 EST,42.32030,-76.20319,1291,43.6,44.1,43.6,98.5,43.2,0.000,0.015,0.00,0.004,0.2,1.4,0.4,237,31,0.9,3.1,0.5,148,77,0.2,1.4,0.4,237,31,0,28.51,,0,0,0,41.2,41.3,42.3,0.37,0.35,0.52
BERK,2015-12-02 02:50:00 EST,42.32030,-76.20319,1291,43.4,44.0,43.4,98.5,43.0,0.000,0.015,0.00,0.004,0.7,1.6,0.5,282,46,1.3,2.2,0.4,301,59,0.7,1.6,0.5,282,46,0,28.51,,0,0,0,41.2,41.3,42.4,0.37,0.35,0.52
BERK,2015-12-02 02:55:00 EST,42.32030,-76.20319,1291,44.3,44.8,44.3,98.9,44.0,0.000,0.015,0.00,0.004,1.9,3.4,0.6,145,20,2.1,4.3,0.7,142,23,1.9,3.4,0.6,145,20,0,28.51,,0,0,0,41.2,41.4,42.3,0.37,0.35,0.52
BERK,2015-12-02 03:00:00 EST,42.32030,-76.20319,1291,44.1,44.8,44.1,98.6,43.8,0.000,0.015,0.00,0.004,2.1,4.1,0.7,110,9,2.4,4.7,0.7,109,8,2.1,4.1,0.7,110,9,0,28.50,,0,0,0,41.2,41.4,42.4,0.37,0.35,0.52
BERK,2015-12-02 03:05:00 EST,42.32030,-76.20319,1291,44.4,44.7,44.4,98.6,44.0,0.000,0.015,0.00,0.004,1.1,2.8,0.7,121,10,1.5,2.9,0.6,116,15,1.1,2.8,0.7,121,10,0,28.50,,0,0,0,41.3,41.4,42.4,0.37,0.35,0.52
BERK,2015-12-02 03:10:00 EST,42.32030,-76.20319,1291,44.2,44.5,44.2,98.4,43.8,0.000,0.015,0.00,0.002,1.5,2.7,0.5,127,9,1.7,2.9,0.4,125,10,1.5,2.7,0.5,127,9,0,28.49,,0,0,0,41.2,41.4,42.3,0.37,0.35,0.52
BERK,2015-12-02 03:15:00 EST,42.32030,-76.20319,1291,44.1,44.3,44.1,98.3,43.7,0.000,0.015,0.00,0.000,1.6,2.3,0.4,113,13,1.8,2.9,0.5,110,14,1.6,2.3,0.4,113,13,0,28.49,,0,0,0,41.3,41.4,42.4,0.37,0.35,0.52
BERK,2015-12-02 03:20:00 EST,42.32030,-76.20319,1291,44.2,44.5,44.2,98.4,43.8,0.000,0.015,0.00,0.000,1.5,3.1,0.6,93,8,2.0,3.6,0.6,93,13,1.5,3.1,0.6,93,8,0,28.49,,0,0,0,41.3,41.4,42.4,0.37,0.35,0.52
BERK,2015-12-02 03:25:00 EST,42.32030,-76.20319,1291,44.3,44.6,44.3,98.5,44.0,0.000,0.015,0.00,0.000,2.2,3.4,0.4,108,14,2.6,4.0,0.6,107,12,2.2,3.4,0.4,108,14,0,28.48,,0,0,0,41.3,41.4,42.4,0.37,0.35,0.52
BERK,2015-12-02 03:30:00 EST,42.32030,-76.20319,1291,44.2,44.6,44.2,98.5,43.8,0.000,0.015,0.00,0.000,2.5,3.9,0.6,132,12,2.5,4.5,0.7,128,11,2.5,3.9,0.6,132,12,0,28.48,,0,0,0,41.3,41.4,42.4,0.37,0.35,0.52
BERK,2015-12-02 03:35:00 EST,42.32030,-76.20319,1291,44.0,44.3,44.0,98.5,43.6,0.000,0.015,0.00,0.000,2.2,3.1,0.3,139,11,2.3,3.4,0.3,138,12,2.2,3.1,0.3,139,11,0,28.48,,0,0,0,41.3,41.4,42.4,0.37,0.35,0.52
BERK,2015-12-02 03:40:00 EST,42.32030,-76.20319,1291,43.8,44.2,43.8,98.5,43.5,0.004,0.020,0.00,0.004,2.0,2.7,0.2,168,8,2.4,3.4,0.3,167,11,2.0,2.7,0.2,168,8,0,28.47,,0,0,0,41.3,41.4,42.4,0.37,0.35,0.52
BERK,2015-12-02 03:45:00 EST,42.32030,-76.20319,1291,43.9,44.2,43.9,98.7,43.5,0.005,0.025,0.00,0.009,2.2,3.0,0.3,169,13,2.6,3.6,0.4,168,14,2.2,3.0,0.3,169,13,0,28.48,,0,0,0,41.3,41.4,42.4,0.37,0.35,0.52
BERK,2015-12-02 03:50:00 EST,42.32030,-76.20319,1291,44.2,44.7,44.2,98.9,43.9,0.007,0.032,0.00,0.016,2.9,6.3,1.2,177,27,3.5,6.5,1.4,176,27,2.9,6.3,1.2,177,27,0,28.49,,0,0,0,41.3,41.4,42.4,0.37,0.35,0.52
BERK,2015-12-02 03:55:00 EST,42.32030,-76.20319,1291,44.7,45.1,43.0,99.0,44.5,0.003,0.035,0.00,0.019,3.7,7.0,1.2,134,12,4.0,7.8,1.3,131,12,3.7,7.0,1.2,134,12,0,28.48,,0,0,0,41.4,41.4,42.4,0.37,0.35,0.52
BERK,2015-12-02 04:00:00 EST,42.32030,-76.20319,1291,44.9,45.3,43.5,98.9,44.7,0.001,0.035,0.00,0.020,3.4,4.7,0.5,133,12,3.6,5.4,0.7,129,13,3.4,4.7,0.5,133,12,0,28.48,,0,0,0,41.3,41.4,42.4,0.37,0.35,0.52
BERK,2015-12-02 04:05:00 EST,42.32030,-76.20319,1291,45.1,45.3,45.1,98.8,44.7,0.000,0.035,0.00,0.020,2.6,4.7,0.9,145,14,2.8,5.6,1.0,144,15,2.6,4.7,0.9,145,14,0,28.48,,0,0,0,41.3,41.4,42.4,0.37,0.35,0.52
BERK,2015-12-02 04:10:00 EST,42.32030,-76.20319,1291,45.2,45.4,45.2,98.6,44.8,0.000,0.035,0.00,0.020,2.6,4.1,0.8,150,15,2.9,5.1,0.9,148,15,2.6,4.1,0.8,150,15,0,28.48,,0,0,0,41.4,41.4,42.4,0.37,0.35,0.52
BERK,2015-12-02 04:15:00 EST,42.32030,-76.20319,1291,45.2,45.5,45.2,98.5,44.8,0.000,0.035,0.00,0.020,2.2,4.4,0.9,132,16,2.5,4.5,0.9,129,19,2.2,4.4,0.9,132,16,0,28.47,,0,0,0,41.4,41.4,42.4,0.37,0.35,0.52
BERK,2015-12-02 04:20:00 EST,42.32030,-76.20319,1291,45.3,45.5,45.3,98.4,44.9,0.000,0.035,0.00,0.020,3.0,4.5,0.6,109,16,3.4,5.4,0.8,106,14,3.0,4.5,0.6,109,16,0,28.47,,0,0,0,41.4,41.4,42.4,0.37,0.35,0.52
BERK,2015-12-02 04:25:00 EST,42.32030,-76.20319,1291,45.4,45.6,44.2,98.3,44.9,0.000,0.035,0.00,0.020,3.2,4.7,0.7,113,23,3.7,5.6,1.0,110,23,3.2,4.7,0.7,113,23,0,28.46,,0,0,0,41.3,41.4,42.4,0.37,0.35,0.52
BERK,2015-12-02 04:30:00 EST,42.32030,-76.20319,1291,44.6,45.3,44.6,97.8,44.0,0.000,0.035,0.00,0.020,1.9,3.9,1.3,224,29,2.2,4.7,1.2,224,32,1.9,3.9,1.3,224,29,0,28.47,,0,0,0,41.4,41.5,42.4,0.37,0.35,0.52
BERK,2015-12-02 04:35:00 EST,42.32030,-76.20319,1291,45.0,45.4,45.0,98.4,44.6,0.000,0.035,0.00,0.020,0.8,1.8,0.5,180,23,1.2,2.5,0.4,180,27,0.8,1.8,0.5,180,23,0,28.47,,0,0,0,41.3,41.5,42.4,0.37,0.35,0.52
BERK,2015-12-02 04:40:00 EST,42.32030,-76.20319,1291,45.1,45.4,45.1,98.5,44.8,0.000,0.035,0.00,0.016,0.4,1.6,0.6,234,4,0.8,2.0,0.5,249,47,0.4,1.6,0.6,234,4,0,28.47,,0,0,0,41.4,41.5,42.4,0.37,0.35,0.52
BERK,2015-12-02 04:45:00 EST,42.32030,-76.20319,1291,44.9,45.1,44.9,98.4,44.4,0.000,0.035,0.00,0.011,1.2,2.5,0.9,322,4,1.6,2.7,0.4,330,17,1.2,2.5,0.9,322,4,0,28.47,,0,0,0,41.4,41.5,42.4,0.37,0.35,0.52
BERK,2015-12-02 04:50:00 EST,42.32030,-76.20319,1291,44.8,45.0,44.8,98.5,44.5,0.000,0.035,0.00,0.004,0.4,1.6,0.5,322,11,1.2,2.0,0.4,19,36,0.4,1.6,0.5,322,11,0,28.47,,0,0,0,41.4,41.5,42.4,0.37,0.35,0.52
BERK,2015-12-02 04:55:00 EST,42.32030,-76.20319,1291,44.8,45.3,44.8,98.6,44.4,0.000,0.035,0.00,0.001,0.6,1.7,0.5,88,64,1.0,2.2,0.6,63,66,0.6,1.7,0.5,88,64,0,28.47,,0,0,0,41.4,41.5,42.4,0.37,0.35,0.52
BERK,2015-12-02 05:00:00 EST,42.32030,-76.20319,1291,44.9,45.4,44.9,98.7,44.6,0.000,0.035,0.00,0.000,0.5,1.8,0.5,276,42,0.9,2.2,0.5,287,76,0.5,1.8,0.5,276,42,0,28.47,,0,0,0,41.4,41.5,42.4,0.37,0.35,0.52
BERK,2015-12-02 05:05:00 EST,42.32030,-76.20319,1291,45.0,45.3,45.0,98.7,44.7,0.000,0.035,0.00,0.000,0.2,0.9,0.3,287,0,0.8,1.8,0.4,289,39,0.2,0.9,0.3,287,0,0,28.48,,0,0,0,41.5,41.5,42.4,0.37,0.35,0.52
BERK,2015-12-02 05:10:00 EST,42.32030,-76.20319,1291,44.7,44.9,44.7,98.6,44.3,0.000,0.035,0.00,0.000,1.2,1.9,0.5,308,14,1.3,2.0,0.4,313,9,1.2,1.9,0.5,308,14,0,28.48,,0,0,0,41.5,41.5,42.4,0.37,0.35,0.52
BERK,2015-12-02 05:15:00 EST,42.32030,-76.20319,1291,44.6,45.2,44.6,98.7,44.3,0.000,0.035,0.00,0.000,0.1,0.7,0.1,314,0,0.5,1.8,0.3,28,63,0.1,0.7,0.1,314,0,0,28.48,,0,0,0,41.5,41.5,42.4,0.37,0.35,0.52
BERK,2015-12-02 05:20:00 EST,42.32030,-76.20319,1291,44.6,45.2,44.6,98.8,44.3,0.000,0.035,0.00,0.000,1.4,2.2,0.5,106,63,2.0,2.7,0.4,107,10,1.4,2.2,0.5,106,63,0,28.47,,0,0,0,41.5,41.5,42.4,0.37,0.35,0.52
BERK,2015-12-02 05:25:00 EST,42.32030,-76.20319,1291,44.6,45.2,44.6,98.8,44.3,0.000,0.035,0.00,0.000,0.4,1.2,0.4,86,0,1.0,1.8,0.3,73,20,0.4,1.2,0.4,86,0,0,28.47,,0,0,0,41.5,41.5,42.4,0.37,0.35,0.52
BERK,2015-12-02 05:30:00 EST,42.32030,-76.20319,1291,44.6,45.7,44.6,98.9,44.3,0.000,0.035,0.00,0.000,0.7,1.3,0.3,86,15,1.3,2.2,0.3,78,19,0.7,1.3,0.3,86,15,0,28.47,,0,0,0,41.5,41.5,42.4,0.37,0.35,0.52
BERK,2015-12-02 05:35:00 EST,42.32030,-76.20319,1291,44.6,45.6,44.6,98.9,44.3,0.000,0.035,0.00,0.000,0.5,1.4,0.5,98,20,1.1,2.2,0.5,98,32,0.5,1.4,0.5,98,20,0,28.47,,0,0,0,41.5,41.5,42.4,0.37,0.35,0.52
BERK,2015-12-02 05:40:00 EST,42.32030,-76.20319,1291,45.0,45.6,45.0,99.1,44.7,0.000,0.035,0.00,0.000,1.6,2.6,0.6,109,13,2.0,3.1,0.7,106,10,1.6,2.6,0.6,109,13,0,28.46,,0,0,0,41.5,41.5,42.4,0.37,0.35,0.52
BERK,2015-12-02 05:45:00 EST,42.32030,-76.20319,1291,44.7,45.2,44.7,99.0,44.4,0.000,0.035,0.00,0.000,1.1,1.9,0.4,145,16,1.3,2.7,0.4,142,19,1.1,1.9,0.4,145,16,0,28.46,,0,0,0,41.5,41.5,42.4,0.37,0.35,0.52
BERK,2015-12-02 05:50:00 EST,42.32030,-76.20319,1291,44.8,45.2,44.8,99.0,44.5,0.000,0.035,0.00,0.000,0.7,1.5,0.5,133,8,1.2,1.8,0.3,142,23,0.7,1.5,0.5,133,8,0,28.46,,0,0,0,41.5,41.5,42.4,0.37,0.35,0.52
BERK,2015-12-02 05:55:00 EST,42.32030,-76.20319,1291,44.9,45.3,44.9,99.2,44.7,0.000,0.035,0.00,0.000,0.3,1.1,0.3,173,6,0.9,1.6,0.3,174,18,0.3,1.1,0.3,173,6,0,28.47,,0,0,0,41.5,41.5,42.4,0.37,0.35,0.52
BERK,2015-12-02 06:00:00 EST,42.32030,-76.20319,1291,44.9,45.3,44.9,99.1,44.7,0.000,0.035,0.00,0.000,0.3,1.0,0.4,176,0,0.8,1.6,0.4,179,22,0.3,1.0,0.4,176,0,0,28.47,,0,0,0,41.5,41.5,42.4,0.37,0.35,0.52
BERK,2015-12-02 06:05:00 EST,42.32030,-76.20319,1291,44.6,45.1,44.6,99.0,44.4,0.000,0.035,0.00,0.000,0.1,0.7,0.2,176,0,0.7,1.3,0.3,319,52,0.1,0.7,0.2,176,0,0,28.48,,0,0,0,41.6,41.5,42.4,0.37,0.35,0.52
BERK,2015-12-02 06:10:00 EST,42.32030,-76.20319,1291,44.5,45.1,44.5,99.0,44.2,0.000,0.035,0.00,0.000,0.4,2.0,0.7,105,6,1.3,2.5,0.5,81,28,0.4,2.0,0.7,105,6,0,28.48,,0,0,0,41.6,41.5,42.4,0.37,0.35,0.52
BERK,2015-12-02 06:15:00 EST,42.32030,-76.20319,1291,44.7,45.3,44.7,99.1,44.4,0.000,0.035,0.00,0.000,0.8,1.6,0.5,100,0,1.2,2.2,0.6,97,11,0.8,1.6,0.5,100,0,0,28.48,,0,0,0,41.6,41.6,42.4,0.37,0.35,0.52
BERK,2015-12-02 06:20:00 EST,42.32030,-76.20319,1291,44.8,45.2,44.8,99.2,44.5,0.000,0.035,0.00,0.000,1.2,2.6,0.8,356,54,1.6,2.7,0.6,318,14,1.2,2.6,0.8,356,54,0,28.48,,0,0,0,41.6,41.5,42.4,0.37,0.35,0.52
BERK,2015-12-02 06:25:00 EST,42.32030,-76.20319,1291,44.6,45.2,44.6,99.1,44.4,0.000,0.035,0.00,0.000,1.6,2.6,0.4,33,24,1.9,3.4,0.4,34,22,1.6,2.6,0.4,33,24,0,28.48,,0,0,0,41.6,41.5,42.4,0.37,0.35,0.52
BERK,2015-12-02 06:30:00 EST,42.32030,-76.20319,1291,44.9,45.5,44.9,99.3,44.7,0.000,0.035,0.00,0.000,2.7,3.8,0.7,86,10,3.3,4.9,0.9,86,11,2.7,3.8,0.7,86,10,0,28.48,,0,0,0,41.6,41.6,42.4,0.37,0.35,0.52
BERK,2015-12-02 06:35:00 EST,42.32030,-76.20319,1291,44.8,45.4,44.8,99.2,44.6,0.002,0.037,0.00,0.002,0.6,1.6,0.5,115,31,1.1,2.0,0.4,127,44,0.6,1.6,0.5,115,31,0,28.47,,0,0,0,41.6,41.6,42.4,0.37,0.35,0.52
BERK,2015-12-02 06:40:00 EST,42.32030,-76.20319,1291,44.8,45.3,44.8,99.2,44.6,0.001,0.038,0.00,0.003,1.6,2.4,0.4,159,20,2.0,3.1,0.5,159,21,1.6,2.4,0.4,159,20,0,28.47,,0,0,0,41.7,41.6,42.4,0.37,0.35,0.52
BERK,2015-12-02 06:45:00 EST,42.32030,-76.20319,1291,44.8,45.2,44.8,99.3,44.6,0.001,0.039,0.00,0.004,1.5,2.0,0.2,205,13,1.7,2.5,0.3,206,15,1.5,2.0,0.2,205,13,0,28.48,,0,0,0,41.6,41.6,42.4,0.37,0.35,0.52
BERK,2015-12-02 06:50:00 EST,42.32030,-76.20319,1291,45.0,45.4,45.0,99.3,44.8,0.000,0.039,0.00,0.004,1.0,2.0,0.6,167,16,1.4,2.5,0.5,148,23,1.0,2.0,0.6,167,16,0,28.48,,0,0,0,41.7,41.5,42.4,0.37,0.35,0.52
BERK,2015-12-02 06:55:00 EST,42.32030,-76.20319,1291,44.6,45.0,44.6,99.2,44.4,0.000,0.039,0.00,0.004,0.0,0.1,0.0,153,0,0.5,1.1,0.2,2,29,0.0,0.1,0.0,153,0,0,28.49,,0,0,0,41.7,41.6,42.4,0.37,0.35,0.52
BERK,2015-12-02 07:00:00 EST,42.32030,-76.20319,1291,44.8,45.1,44.8,99.3,44.6,0.000,0.039,0.00,0.004,0.3,0.7,0.2,153,0,1.0,1.3,0.2,310,27,0.3,0.7,0.2,153,0,0,28.49,,0,0,0,41.7,41.6,42.5,0.37,0.35,0.52
BERK,2015-12-02 07:05:00 EST,42.32030,-76.20319,1291,44.8,45.1,44.8,99.3,44.6,0.000,0.039,0.00,0.004,0.1,0.7,0.2,152,0,1.7,2.7,0.6,77,25,0.1,0.7,0.2,152,0,0,28.48,,0,0,0,41.7,41.6,42.4,0.37,0.35,0.52
BERK,2015-12-02 07:10:00 EST,42.32030,-76.20319,1291,44.8,45.3,44.8,99.3,44.6,0.000,0.039,0.00,0.004,1.0,2.8,0.8,144,9,2.2,3.1,0.4,111,21,1.0,2.8,0.8,144,9,0,28.48,,0,0,0,41.7,41.6,42.4,0.37,0.35,0.52
BERK,2015-12-02 07:15:00 EST,42.32030,-76.20319,1291,44.7,45.3,44.7,99.3,44.5,0.000,0.039,0.00,0.004,2.2,3.3,0.5,141,8,2.1,3.1,0.4,139,12,2.2,3.3,0.5,141,8,0,28.47,,0,0,0,41.7,41.6,42.4,0.37,0.35,0.52
BERK,2015-12-02 07:20:00 EST,42.32030,-76.20319,1291,44.8,45.4,44.8,99.4,44.7,0.000,0.039,0.00,0.004,1.4,2.1,0.3,187,28,1.6,2.9,0.3,189,27,1.4,2.1,0.3,187,28,0,28.48,,0,0,0,41.7,41.6,42.5,0.37,0.35,0.52
BERK,2015-12-02 07:25:00 EST,42.32030,-76.20319,1291,44.9,45.2,44.9,99.4,44.8,0.000,0.039,0.00,0.004,1.6,2.6,0.7,217,16,1.8,3.1,0.5,213,21,1.6,2.6,0.7,217,16,0,28.48,,0,0,0,41.7,41.6,42.4,0.37,0.35,0.52
BERK,2015-12-02 07:30:00 EST,42.32030,-76.20319,1291,45.4,45.6,45.4,99.5,45.2,0.000,0.039,0.00,0.004,1.4,2.2,0.3,169,18,1.7,2.7,0.4,167,20,1.4,2.2,0.3,169,18,0,28.49,,0,0,0,41.7,41.6,42.4,0.37,0.35,0.52
BERK,2015-12-02 07:35:00 EST,42.32030,-76.20319,1291,45.3,45.8,45.3,99.5,45.2,0.000,0.039,0.00,0.002,1.7,4.1,0.7,147,21,2.0,4.9,0.7,142,24,1.7,4.1,0.7,147,21,0,28.49,,0,0,0,41.7,41.7,42.4,0.37,0.35,0.52
BERK,2015-12-02 07:40:00 EST,42.32030,-76.20319,1291,45.2,45.9,45.2,99.4,45.0,0.000,0.039,0.00,0.001,2.5,4.2,1.0,102,17,3.0,5.1,1.1,100,16,2.5,4.2,1.0,102,17,0,28.49,,0,0,0,41.7,41.7,42.4,0.37,0.35,0.52
BERK,2015-12-02 07:45:00 EST,42.32030,-76.20319,1291,45.6,46.1,45.6,99.5,45.5,0.000,0.039,0.00,0.000,2.3,3.9,0.9,151,56,2.6,4.3,0.8,144,53,2.3,3.9,0.9,151,56,0,28.49,,0,0,0,41.7,41.7,42.5,0.37,0.35,0.52
BERK,2015-12-02 07:50:00 EST,42.32030,-76.20319,1291,45.5,46.1,45.5,99.4,45.3,0.000,0.039,0.00,0.000,1.5,2.9,0.6,199,27,1.7,2.9,0.5,186,33,1.5,2.9,0.6,199,27,1,28.50,,0,0,0,41.7,41.7,42.4,0.37,0.35,0.52
BERK,2015-12-02 07:55:00 EST,42.32030,-76.20319,1291,45.7,46.3,45.7,99.5,45.6,0.000,0.039,0.00,0.000,1.6,3.7,0.6,144,18,1.9,4.7,0.7,140,20,1.6,3.7,0.6,144,18,2,28.50,,0,0,0,41.7,41.7,42.5,0.38,0.35,0.52
BERK,2015-12-02 08:00:00 EST,42.32030,-76.20319,1291,45.4,46.0,45.4,99.4,45.3,0.000,0.039,0.00,0.000,0.8,2.0,0.6,107,23,1.5,2.9,0.5,93,27,0.8,2.0,0.6,107,23,2,28.50,,0,0,0,41.7,41.7,42.4,0.37,0.35,0.52
BERK,2015-12-02 08:05:00 EST,42.32030,-76.20319,1291,45.6,46.2,45.6,99.4,45.4,0.000,0.039,0.00,0.000,2.4,4.9,0.7,123,22,2.7,5.4,0.8,120,23,2.4,4.9,0.7,123,22,4,28.50,,0,0,0,41.8,41.7,42.5,0.37,0.35,0.52
BERK,2015-12-02 08:10:00 EST,42.32030,-76.20319,1291,45.9,46.3,45.9,99.4,45.8,0.000,0.039,0.00,0.000,1.6,3.6,0.9,137,34,2.0,4.7,0.9,131,36,1.6,3.6,0.9,137,34,5,28.50,,0,0,0,41.8,41.7,42.4,0.37,0.35,0.52
BERK,2015-12-02 08:15:00 EST,42.32030,-76.20319,1291,45.7,46.0,44.2,99.3,45.5,0.000,0.039,0.00,0.000,3.6,5.6,0.7,115,21,4.1,7.4,1.0,111,21,3.6,5.6,0.7,115,21,8,28.49,,0,0,0,41.8,41.7,42.4,0.37,0.35,0.52
BERK,2015-12-02 08:20:00 EST,42.32030,-76.20319,1291,45.6,45.9,44.7,99.3,45.4,0.000,0.039,0.00,0.000,3.1,5.3,0.8,158,14,3.6,6.7,0.9,158,15,3.1,5.3,0.8,158,14,7,28.50,,0,0,0,41.8,41.7,42.4,0.37,0.35,0.52
BERK,2015-12-02 08:25:00 EST,42.32030,-76.20319,1291,45.7,45.8,44.6,99.3,45.5,0.000,0.039,0.00,0.000,3.2,4.5,0.6,143,11,3.3,4.7,0.6,139,10,3.2,4.5,0.6,143,11,8,28.50,,0,0,0,41.8,41.7,42.5,0.37,0.35,0.52
BERK,2015-12-02 08:30:00 EST,42.32030,-76.20319,1291,45.8,45.9,45.8,99.3,45.6,0.000,0.039,0.00,0.000,2.0,3.3,0.5,148,16,2.2,4.3,0.6,146,18,2.0,3.3,0.5,148,16,11,28.50,,0,0,0,41.8,41.7,42.5,0.37,0.35,0.52
BERK,2015-12-02 08:35:00 EST,42.32030,-76.20319,1291,45.9,45.9,45.9,99.3,45.7,0.000,0.039,0.00,0.000,1.7,2.7,0.5,133,12,1.8,2.7,0.3,127,16,1.7,2.7,0.5,133,12,14,28.50,,0,0,0,41.8,41.7,42.5,0.37,0.35,0.52
BERK,2015-12-02 08:40:00 EST,42.32030,-76.20319,1291,45.9,45.9,45.9,99.3,45.7,0.000,0.039,0.00,0.000,1.8,3.1,0.5,119,14,2.0,3.4,0.5,115,16,1.8,3.1,0.5,119,14,16,28.49,,0,0,0,41.8,41.7,42.5,0.37,0.35,0.52
BERK,2015-12-02 08:45:00 EST,42.32030,-76.20319,1291,46.0,46.0,46.0,99.3,45.8,0.002,0.041,0.00,0.002,2.3,3.2,0.5,137,8,2.2,3.1,0.4,135,9,2.3,3.2,0.5,137,8,18,28.49,,0,0,0,41.9,41.7,42.5,0.37,0.35,0.52
BERK,2015-12-02 08:50:00 EST,42.32030,-76.20319,1291,46.1,46.1,46.1,99.3,45.9,0.000,0.041,0.00,0.002,1.4,2.2,0.3,137,23,1.7,2.7,0.4,134,27,1.4,2.2,0.3,137,23,20,28.50,,0,0,0,41.9,41.7,42.5,0.37,0.35,0.52
BERK,2015-12-02 08:55:00 EST,42.32030,-76.20319,1291,46.2,46.1,46.2,99.4,46.0,0.000,0.041,0.00,0.002,2.0,3.1,0.5,94,8,2.4,3.8,0.6,92,12,2.0,3.1,0.5,94,8,21,28.50,,0,0,0,41.9,41.7,42.5,0.37,0.35,0.52
BERK,2015-12-02 09:00:00 EST,42.32030,-76.20319,1291,46.3,46.4,46.3,99.3,46.1,0.000,0.041,0.00,0.002,2.0,3.0,0.4,89,9,2.5,4.0,0.5,87,11,2.0,3.0,0.4,89,9,24,28.49,,0,0,0,41.9,41.7,42.5,0.37,0.35,0.52
BERK,2015-12-02 09:05:00 EST,42.32030,-76.20319,1291,46.5,46.5,46.5,99.3,46.3,0.000,0.041,0.00,0.002,0.6,2.4,0.7,129,29,1.2,3.1,0.5,139,39,0.6,2.4,0.7,129,29,20,28.49,,0,0,0,41.9,41.7,42.5,0.37,0.35,0.52
BERK,2015-12-02 09:10:00 EST,42.32030,-76.20319,1291,46.5,46.5,46.5,99.3,46.3,0.000,0.041,0.00,0.002,1.5,2.6,0.6,110,18,1.9,3.1,0.7,111,21,1.5,2.6,0.6,110,18,21,28.49,,0,0,0,41.9,41.7,42.5,0.37,0.35,0.52
BERK,2015-12-02 09:15:00 EST,42.32030,-76.20319,1291,46.5,46.5,46.5,99.2,46.3,0.000,0.041,0.00,0.002,1.6,3.0,0.7,119,18,1.8,3.6,0.8,117,18,1.6,3.0,0.7,119,18,34,28.49,,0,0,0,41.9,41.8,42.5,0.37,0.35,0.52
BERK,2015-12-02 09:20:00 EST,42.32030,-76.20319,1291,46.7,46.6,46.7,99.2,46.4,0.000,0.041,0.00,0.002,2.1,3.4,0.6,114,16,2.5,4.3,0.7,111,15,2.1,3.4,0.6,114,16,53,28.48,,0,0,0,41.9,41.7,42.5,0.37,0.35,0.52
BERK,2015-12-02 09:25:00 EST,42.32030,-76.20319,1291,46.9,46.8,46.9,99.2,46.6,0.000,0.041,0.00,0.002,2.9,5.4,1.1,130,19,3.2,5.8,1.2,125,18,2.9,5.4,1.1,130,19,58,28.48,,0,0,0,42.0,41.7,42.6,0.38,0.35,0.52
BERK,2015-12-02 09:30:00 EST,42.32030,-76.20319,1291,46.9,46.8,45.0,99.1,46.6,0.000,0.041,0.00,0.002,4.3,6.5,1.1,120,11,4.8,8.1,1.3,116,11,4.3,6.5,1.1,120,11,57,28.47,,0,0,0,42.0,41.7,42.6,0.37,0.35,0.52
BERK,2015-12-02 09:35:00 EST,42.32030,-76.20319,1291,46.9,46.8,46.9,99.0,46.6,0.000,0.041,0.00,0.002,2.3,5.6,1.5,111,18,2.8,6.7,1.5,110,19,2.3,5.6,1.5,111,18,52,28.47,,0,0,0,42.0,41.7,42.5,0.37,0.35,0.52
BERK,2015-12-02 09:40:00 EST,42.32030,-76.20319,1291,47.0,46.9,47.0,99.0,46.7,0.000,0.041,0.00,0.002,2.0,4.5,1.6,113,15,2.6,5.4,1.5,106,21,2.0,4.5,1.6,113,15,52,28.47,,0,0,0,42.0,41.8,42.5,0.37,0.35,0.52
BERK,2015-12-02 09:45:00 EST,42.32030,-76.20319,1291,47.0,46.9,47.0,98.9,46.7,0.000,0.041,0.00,0.000,3.0,5.4,1.1,113,14,3.4,6.0,1.1,109,14,3.0,5.4,1.1,113,14,43,28.47,,0,0,0,42.1,41.8,42.5,0.37,0.35,0.52
BERK,2015-12-02 09:50:00 EST,42.32030,-76.20319,1291,47.0,46.9,45.9,98.9,46.7,0.002,0.043,0.00,0.002,3.4,5.8,0.9,118,19,3.7,6.0,1.0,115,18,3.4,5.8,0.9,118,19,36,28.47,,0,0,0,42.1,41.8,42.5,0.37,0.35,0.52
BERK,2015-12-02 09:55:00 EST,42.32030,-76.20319,1291,47.0,46.9,47.0,98.9,46.7,0.000,0.043,0.00,0.002,1.4,3.1,0.9,118,21,1.7,3.4,0.9,112,29,1.4,3.1,0.9,118,21,35,28.48,,0,0,0,42.1,41.7,42.5,0.37,0.35,0.52
BERK,2015-12-02 10:00:00 EST,42.32030,-76.20319,1291,47.1,47.0,47.1,98.9,46.8,0.001,0.044,0.00,0.003,1.3,3.5,0.9,347,33,1.8,3.4,0.8,353,39,1.3,3.5,0.9,347,33,35,28.48,,0,0,0,42.1,41.8,42.5,0.37,0.35,0.52
BERK,2015-12-02 10:05:00 EST,42.32030,-76.20319,1291,47.3,47.2,47.3,98.8,47.0,0.000,0.044,0.00,0.003,0.8,2.1,0.7,53,5,1.2,2.5,0.6,58,23,0.8,2.1,0.7,53,5,32,28.48,,0,0,0,42.1,41.8,42.6,0.37,0.35,0.52
BERK,2015-12-02 10:10:00 EST,42.32030,-76.20319,1291,47.4,47.3,47.4,98.8,47.1,0.000,0.044,0.00,0.003,1.8,3.0,0.8,82,20,2.3,3.8,0.7,84,21,1.8,3.0,0.8,82,20,36,28.47,,0,0,0,42.1,41.8,42.5,0.37,0.35,0.52
BERK,2015-12-02 10:15:00 EST,42.32030,-76.20319,1291,47.5,47.5,47.5,98.7,47.1,0.000,0.044,0.00,0.003,2.9,3.8,0.5,77,11,3.4,4.9,0.7,77,13,2.9,3.8,0.5,77,11,36,28.46,,0,0,0,42.1,41.8,42.5,0.37,0.35,0.52
BERK,2015-12-02 10:20:00 EST,42.32030,-76.20319,1291,47.6,47.6,47.6,98.5,47.2,0.000,0.044,0.00,0.003,1.5,2.4,0.4,108,27,2.0,2.9,0.4,107,29,1.5,2.4,0.4,108,27,36,28.46,,0,0,0,42.2,41.9,42.5,0.37,0.35,0.52
BERK,2015-12-02 10:25:00 EST,42.32030,-76.20319,1291,47.5,47.4,47.5,98.3,47.0,0.000,0.044,0.00,0.003,2.0,4.3,1.4,95,23,2.4,5.1,1.5,92,34,2.0,4.3,1.4,95,23,39,28.45,,0,0,0,42.2,41.9,42.6,0.37,0.35,0.52
BERK,2015-12-02 10:30:00 EST,42.32030,-76.20319,1291,47.6,47.5,47.6,98.2,47.1,0.000,0.044,0.00,0.003,0.0,0.0,0.0,0,0,0.6,1.3,0.3,98,42,0.0,0.0,0.0,0,0,42,28.45,,0,0,0,42.3,41.9,42.6,0.37,0.35,0.52
BERK,2015-12-02 10:35:00 EST,42.32030,-76.20319,1291,47.6,47.5,47.6,98.0,47.1,0.000,0.044,0.00,0.003,0.9,1.9,0.7,127,21,1.6,2.2,0.3,122,20,0.9,1.9,0.7,127,21,54,28.44,,0,0,0,42.3,41.8,42.6,0.37,0.35,0.52
BERK,2015-12-02 10:40:00 EST,42.32030,-76.20319,1291,47.6,47.5,47.6,98.1,47.1,0.002,0.046,0.00,0.005,1.7,2.3,0.2,167,7,2.1,2.9,0.3,165,10,1.7,2.3,0.2,167,7,58,28.44,,0,0,0,42.3,41.9,42.6,0.37,0.35,0.52
BERK,2015-12-02 10:45:00 EST,42.32030,-76.20319,1291,47.7,47.5,47.7,97.9,47.2,0.001,0.047,0.00,0.006,2.7,3.5,0.4,154,8,3.0,3.6,0.4,153,11,2.7,3.5,0.4,154,8,61,28.44,,0,0,0,42.3,41.8,42.6,0.37,0.35,0.52
BERK,2015-12-02 10:50:00 EST,42.32030,-76.20319,1291,47.7,47.6,47.7,97.9,47.2,0.001,0.047,0.00,0.005,1.4,2.3,0.3,155,13,1.6,2.7,0.5,149,16,1.4,2.3,0.3,155,13,50,28.44,,0,0,0,42.4,41.9,42.6,0.37,0.35,0.52
BERK,2015-12-02 10:55:00 EST,42.32030,-76.20319,1291,47.7,47.6,47.7,97.7,47.1,0.002,0.050,0.00,0.007,0.9,2.7,0.9,116,11,1.5,3.1,0.7,107,16,0.9,2.7,0.9,116,11,42,28.44,,0,0,0,42.4,41.9,42.6,0.37,0.35,0.52
BERK,2015-12-02 11:00:00 EST,42.32030,-76.20319,1291,47.7,47.5,47.7,97.8,47.1,0.004,0.053,0.00,0.010,1.3,2.8,0.8,96,7,1.7,3.4,0.8,96,12,1.3,2.8,0.8,96,7,35,28.43,,0,0,0,42.4,41.9,42.6,0.37,0.35,0.52
BERK,2015-12-02 11:05:00 EST,42.32030,-76.20319,1291,47.6,47.5,47.6,97.9,47.1,0.005,0.058,0.00,0.014,0.3,1.1,0.3,86,0,1.0,2.0,0.4,78,26,0.3,1.1,0.3,86,0,27,28.43,,0,0,0,42.4,41.9,42.6,0.37,0.35,0.52
BERK,2015-12-02 11:10:00 EST,42.32030,-76.20319,1291,47.6,47.5,47.6,97.9,47.1,0.004,0.062,0.00,0.018,0.1,1.0,0.3,52,0,0.7,1.6,0.4,57,33,0.1,1.0,0.3,52,0,22,28.42,,0,0,0,42.4,41.9,42.6,0.37,0.35,0.52
BERK,2015-12-02 11:15:00 EST,42.32030,-76.20319,1291,47.5,47.5,47.5,97.9,47.0,0.006,0.069,0.00,0.025,0.0,0.0,0.0,0,0,0.7,1.3,0.3,131,32,0.0,0.0,0.0,0,0,16,28.42,,0,0,0,42.4,41.9,42.6,0.37,0.35,0.52
BERK,2015-12-02 11:20:00 EST,42.32030,-76.20319,1291,47.5,47.5,47.5,97.9,46.9,0.011,0.079,0.00,0.036,0.0,0.0,0.0,0,0,0.6,1.3,0.4,130,27,0.0,0.0,0.0,0,0,16,28.42,,0,0,0,42.4,41.9,42.6,0.37,0.35,0.52
BERK,2015-12-02 11:25:00 EST,42.32030,-76.20319,1291,47.5,47.4,47.5,97.9,46.9,0.008,0.087,0.00,0.044,1.2,3.2,1.2,137,2,1.6,3.4,0.9,130,6,1.2,3.2,1.2,137,2,14,28.42,,0,0,0,42.5,41.9,42.6,0.37,0.35,0.52
BERK,2015-12-02 11:30:00 EST,42.32030,-76.20319,1291,47.4,47.3,47.4,98.2,46.9,0.009,0.096,0.00,0.052,1.7,3.7,1.0,116,32,2.0,4.0,0.8,102,43,1.7,3.7,1.0,116,32,12,28.42,,0,0,0,42.5,41.9,42.6,0.38,0.35,0.52
BERK,2015-12-02 11:35:00 EST,42.32030,-76.20319,1291,47.3,47.3,46.4,98.3,46.9,0.008,0.104,0.00,0.061,3.3,4.3,0.7,350,5,4.2,5.6,0.8,353,5,3.3,4.3,0.7,350,5,21,28.41,,0,0,0,42.5,41.9,42.6,0.37,0.35,0.52
BERK,2015-12-02 11:40:00 EST,42.32030,-76.20319,1291,47.4,47.4,47.4,98.5,47.0,0.007,0.111,0.00,0.066,2.3,3.3,0.8,1,10,3.0,4.5,0.9,3,10,2.3,3.3,0.8,1,10,25,28.40,,0,0,0,42.6,41.9,42.6,0.38,0.35,0.52
BERK,2015-12-02 11:45:00 EST,42.32030,-76.20319,1291,47.5,47.5,47.5,98.5,47.1,0.010,0.121,0.00,0.075,0.4,1.8,0.6,102,18,1.2,2.5,0.5,101,31,0.4,1.8,0.6,102,18,26,28.40,,0,0,0,42.6,41.9,42.6,0.38,0.35,0.52
BERK,2015-12-02 11:50:00 EST,42.32030,-76.20319,1291,47.5,47.5,47.5,98.6,47.1,0.010,0.131,0.00,0.084,0.7,2.1,0.8,120,23,1.3,2.5,0.5,105,34,0.7,2.1,0.8,120,23,28,28.40,,0,0,0,42.6,41.9,42.6,0.38,0.35,0.52
BERK,2015-12-02 11:55:00 EST,42.32030,-76.20319,1291,47.5,47.4,47.5,98.7,47.1,0.007,0.139,0.00,0.089,1.7,2.8,0.4,115,24,2.0,3.6,0.5,110,24,1.7,2.8,0.4,115,24,28,28.40,,0,0,0,42.6,41.9,42.6,0.38,0.35,0.52
BERK,2015-12-02 12:00:00 EST,42.32030,-76.20319,1291,47.5,47.4,46.5,98.7,47.1,0.008,0.146,0.00,0.093,3.4,5.9,0.8,85,15,4.0,6.9,1.0,85,14,3.4,5.9,0.8,85,15,32,28.39,,0,0,0,42.6,41.9,42.6,0.38,0.35,0.52
BERK,2015-12-02 12:05:00 EST,42.32030,-76.20319,1291,47.4,47.4,46.3,98.7,47.1,0.006,0.153,0.00,0.094,3.5,5.5,1.1,97,14,4.1,6.7,1.3,97,12,3.5,5.5,1.1,97,14,32,28.39,,0,0,0,42.7,41.9,42.6,0.38,0.35,0.52
BERK,2015-12-02 12:10:00 EST,42.32030,-76.20319,1291,47.4,47.3,47.4,98.7,47.0,0.005,0.157,0.00,0.095,2.8,5.0,0.8,109,21,3.3,6.3,1.0,106,19,2.8,5.0,0.8,109,21,31,28.38,,0,0,0,42.7,41.9,42.6,0.38,0.35,0.52
BERK,2015-12-02 12:15:00 EST,42.32030,-76.20319,1291,47.4,47.4,46.2,98.7,47.1,0.004,0.161,0.00,0.093,3.7,5.6,0.8,119,17,4.1,6.7,1.0,115,16,3.7,5.6,0.8,119,17,30,28.38,,0,0,0,42.7,42.0,42.6,0.39,0.35,0.52
BERK,2015-12-02 12:20:00 EST,42.32030,-76.20319,1291,47.4,47.4,45.5,98.6,47.1,0.004,0.165,0.00,0.085,4.6,6.6,1.1,151,18,5.1,7.8,1.4,151,21,4.6,6.6,1.1,151,18,26,28.38,,0,0,0,42.8,42.0,42.6,0.39,0.35,0.52
BERK,2015-12-02 12:25:00 EST,42.32030,-76.20319,1291,47.4,47.3,45.6,98.6,47.0,0.005,0.170,0.00,0.082,4.4,6.7,1.2,133,16,4.7,7.8,1.3,131,18,4.4,6.7,1.2,133,16,29,28.37,,0,0,0,42.8,42.0,42.6,0.39,0.35,0.52
BERK,2015-12-02 12:30:00 EST,42.32030,-76.20319,1291,47.4,47.3,46.6,98.6,47.0,0.004,0.174,0.00,0.078,3.1,5.4,1.0,90,19,3.8,7.4,1.2,89,16,3.1,5.4,1.0,90,19,42,28.36,,0,0,0,42.8,42.0,42.6,0.39,0.35,0.52
BERK,2015-12-02 12:35:00 EST,42.32030,-76.20319,1291,47.5,47.5,47.5,98.4,47.1,0.002,0.175,0.00,0.071,2.9,4.9,0.9,98,21,3.4,6.5,1.1,97,19,2.9,4.9,0.9,98,21,57,28.35,,0,0,0,42.8,42.0,42.6,0.39,0.35,0.52
BERK,2015-12-02 12:40:00 EST,42.32030,-76.20319,1291,47.7,47.7,47.7,97.8,47.1,0.002,0.177,0.00,0.066,2.8,4.5,0.7,122,35,3.1,5.4,0.9,120,35,2.8,4.5,0.7,122,35,54,28.35,,0,0,0,42.8,42.0,42.6,0.39,0.35,0.52
BERK,2015-12-02 12:45:00 EST,42.32030,-76.20319,1291,47.8,47.7,47.8,97.5,47.2,0.002,0.179,0.00,0.058,1.9,2.8,0.4,146,12,2.1,3.4,0.5,143,13,1.9,2.8,0.4,146,12,48,28.35,,0,0,0,42.8,42.0,42.6,0.39,0.35,0.52
BERK,2015-12-02 12:50:00 EST,42.32030,-76.20319,1291,47.7,47.6,46.6,97.4,47.0,0.002,0.181,0.00,0.049,3.5,4.8,0.9,175,11,4.1,6.0,1.1,174,11,3.5,4.8,0.9,175,11,28,28.35,,0,0,0,42.9,42.0,42.6,0.39,0.35,0.52
BERK,2015-12-02 12:55:00 EST,42.32030,-76.20319,1291,47.7,47.6,46.7,97.4,47.0,0.006,0.186,0.00,0.048,3.4,4.9,0.7,161,15,3.8,5.8,0.8,159,16,3.4,4.9,0.7,161,15,24,28.35,,0,0,0,42.9,42.0,42.6,0.39,0.35,0.52
BERK,2015-12-02 13:00:00 EST,42.32030,-76.20319,1291,47.7,47.6,46.6,97.6,47.0,0.006,0.193,0.00,0.046,3.4,5.6,1.1,114,12,3.8,6.3,1.1,111,11,3.4,5.6,1.1,114,12,32,28.35,,0,0,0,42.9,42.0,42.6,0.39,0.35,0.52
BERK,2015-12-02 13:05:00 EST,42.32030,-76.20319,1291,47.6,47.5,46.6,98.0,47.1,0.005,0.197,0.00,0.045,3.4,5.3,0.8,96,14,4.1,7.4,1.0,95,12,3.4,5.3,0.8,96,14,29,28.34,,0,0,0,43.0,42.1,42.6,0.39,0.35,0.52
BERK,2015-12-02 13:10:00 EST,42.32030,-76.20319,1291,47.6,47.6,45.9,98.1,47.1,0.002,0.199,0.00,0.042,4.4,7.2,1.2,90,12,5.1,8.5,1.5,89,11,4.4,7.2,1.2,90,12,25,28.33,,0,0,0,43.0,42.1,42.6,0.39,0.35,0.52
BERK,2015-12-02 13:15:00 EST,42.32030,-76.20319,1291,47.7,47.6,47.7,98.0,47.2,0.004,0.203,0.00,0.042,2.2,4.4,0.8,129,18,2.5,4.5,0.8,127,19,2.2,4.4,0.8,129,18,20,28.33,,0,0,0,43.0,42.1,42.6,0.39,0.35,0.52
BERK,2015-12-02 13:20:00 EST,42.32030,-76.20319,1291,47.7,47.6,47.7,98.0,47.2,0.004,0.207,0.00,0.042,1.5,2.8,0.5,115,15,1.9,3.1,0.5,111,15,1.5,2.8,0.5,115,15,25,28.33,,0,0,0,43.0,42.1,42.7,0.39,0.35,0.52
BERK,2015-12-02 13:25:00 EST,42.32030,-76.20319,1291,47.7,47.6,47.7,98.1,47.2,0.005,0.211,0.00,0.042,0.7,2.1,0.7,122,12,1.3,3.1,0.6,127,28,0.7,2.1,0.7,122,12,24,28.33,,0,0,0,43.0,42.1,42.7,0.39,0.35,0.52
BERK,2015-12-02 13:30:00 EST,42.32030,-76.20319,1291,47.7,47.7,46.0,98.1,47.2,0.007,0.219,0.00,0.045,4.3,7.2,1.3,109,11,4.9,8.7,1.6,106,10,4.3,7.2,1.3,109,11,30,28.32,,0,0,0,43.0,42.0,42.7,0.39,0.36,0.52
BERK,2015-12-02 13:35:00 EST,42.32030,-76.20319,1291,47.8,47.8,47.8,97.8,47.2,0.007,0.226,0.00,0.050,2.8,5.3,1.2,59,23,3.3,6.7,1.3,59,23,2.8,5.3,1.2,59,23,35,28.31,,0,0,0,43.1,42.1,42.7,0.39,0.35,0.52
BERK,2015-12-02 13:40:00 EST,42.32030,-76.20319,1291,47.9,47.9,47.9,97.4,47.2,0.005,0.230,0.00,0.053,1.8,3.7,0.6,113,33,2.2,4.0,0.6,110,33,1.8,3.7,0.6,113,33,22,28.31,,0,0,0,43.1,42.1,42.7,0.39,0.35,0.52
BERK,2015-12-02 13:45:00 EST,42.32030,-76.20319,1291,47.8,47.8,47.8,97.3,47.1,0.006,0.236,0.00,0.057,3.0,5.7,1.1,106,11,3.5,6.5,1.2,102,9,3.0,5.7,1.1,106,11,36,28.31,,0,0,0,43.1,42.1,42.7,0.39,0.35,0.52
BERK,2015-12-02 13:50:00 EST,42.32030,-76.20319,1291,47.9,47.8,46.5,97.8,47.3,0.003,0.239,0.00,0.059,3.9,5.0,0.5,133,14,4.2,5.8,0.7,129,12,3.9,5.0,0.5,133,14,32,28.31,,0,0,0,43.2,42.1,42.7,0.39,0.35,0.52
BERK,2015-12-02 13:55:00 EST,42.32030,-76.20319,1291,47.8,47.8,47.8,97.9,47.3,0.003,0.242,0.00,0.056,2.4,4.2,0.6,128,18,2.8,5.6,0.8,124,16,2.4,4.2,0.6,128,18,31,28.31,,0,0,0,43.2,42.1,42.7,0.39,0.35,0.52
BERK,2015-12-02 14:00:00 EST,42.32030,-76.20319,1291,47.8,47.8,47.8,98.0,47.3,0.001,0.243,0.00,0.050,2.5,4.7,0.8,119,19,2.7,5.1,1.0,115,17,2.5,4.7,0.8,119,19,23,28.31,,0,0,0,43.1,42.1,42.7,0.39,0.36,0.52
BERK,2015-12-02 14:05:00 EST,42.32030,-76.20319,1291,47.9,47.8,47.1,98.1,47.4,0.002,0.245,0.00,0.048,3.2,4.7,1.0,130,14,3.5,5.4,1.2,126,15,3.2,4.7,1.0,130,14,20,28.30,,0,0,0,43.2,42.1,42.7,0.39,0.35,0.52
BERK,2015-12-02 14:10:00 EST,42.32030,-76.20319,1291,47.8,47.7,46.9,98.2,47.3,0.003,0.249,0.00,0.049,3.4,4.5,0.6,132,11,3.5,5.1,0.8,129,11,3.4,4.5,0.6,132,11,15,28.30,,0,0,0,43.2,42.1,42.7,0.39,0.35,0.52
BERK,2015-12-02 14:15:00 EST,42.32030,-76.20319,1291,47.8,47.7,47.8,98.4,47.3,0.002,0.250,0.00,0.047,1.9,3.1,0.5,127,9,2.1,3.6,0.6,123,12,1.9,3.1,0.5,127,9,14,28.30,,0,0,0,43.2,42.1,42.7,0.39,0.36,0.52
BERK,2015-12-02 14:20:00 EST,42.32030,-76.20319,1291,47.7,47.7,46.5,98.6,47.3,0.004,0.254,0.00,0.048,3.6,5.6,0.9,125,13,4.0,6.0,0.9,120,13,3.6,5.6,0.9,125,13,15,28.29,,0,0,0,43.3,42.1,42.7,0.39,0.36,0.52
BERK,2015-12-02 14:25:00 EST,42.32030,-76.20319,1291,47.7,47.6,47.7,98.7,47.3,0.004,0.258,0.00,0.046,2.9,4.2,0.6,112,14,3.3,5.4,0.8,108,12,2.9,4.2,0.6,112,14,17,28.29,,0,0,0,43.3,42.2,42.7,0.39,0.35,0.52
BERK,2015-12-02 14:30:00 EST,42.32030,-76.20319,1291,47.7,47.6,47.7,98.7,47.4,0.001,0.259,0.00,0.040,2.8,4.2,0.6,105,16,3.3,5.1,0.8,101,15,2.8,4.2,0.6,105,16,20,28.28,,0,0,0,43.3,42.2,42.8,0.39,0.35,0.52
BERK,2015-12-02 14:35:00 EST,42.32030,-76.20319,1291,47.7,47.7,47.7,98.7,47.4,0.004,0.263,0.00,0.037,2.9,5.4,1.0,105,18,3.5,6.7,1.2,101,17,2.9,5.4,1.0,105,18,18,28.28,,0,0,0,43.3,42.2,42.7,0.39,0.36,0.52
BERK,2015-12-02 14:40:00 EST,42.32030,-76.20319,1291,47.8,47.8,47.8,98.5,47.4,0.008,0.270,0.00,0.040,2.5,5.0,0.9,120,13,2.7,5.4,1.1,115,13,2.5,5.0,0.9,120,13,11,28.28,,0,0,0,43.3,42.2,42.7,0.39,0.35,0.52
BERK,2015-12-02 14:45:00 EST,42.32030,-76.20319,1291,47.8,47.8,47.8,98.3,47.4,0.022,0.292,0.30,0.056,1.3,2.3,0.4,134,11,1.5,2.7,0.4,129,14,1.3,2.3,0.4,134,11,10,28.28,,0,0,0,43.3,42.2,42.7,0.39,0.35,0.52
BERK,2015-12-02 14:50:00 EST,42.32030,-76.20319,1291,47.8,47.8,47.8,98.1,47.3,0.025,0.317,0.32,0.078,1.6,2.3,0.3,147,10,1.8,2.5,0.3,145,13,1.6,2.3,0.3,147,10,12,28.28,,0,0,0,43.4,42.2,42.8,0.40,0.36,0.52
BERK,2015-12-02 14:55:00 EST,42.32030,-76.20319,1291,47.7,47.7,47.7,98.2,47.3,0.026,0.343,0.33,0.101,1.5,2.8,0.6,130,11,1.7,2.9,0.5,129,12,1.5,2.8,0.6,130,11,11,28.28,,0,0,0,43.4,42.2,42.7,0.42,0.35,0.52
BERK,2015-12-02 15:00:00 EST,42.32030,-76.20319,1291,47.7,47.6,47.7,98.4,47.3,0.022,0.365,0.35,0.122,1.1,1.8,0.3,131,4,1.4,2.0,0.2,139,15,1.1,1.8,0.3,131,4,11,28.28,,0,0,0,43.4,42.3,42.8,0.43,0.35,0.52
BERK,2015-12-02 15:05:00 EST,42.32030,-76.20319,1291,47.7,47.6,47.7,98.5,47.3,0.013,0.378,0.00,0.133,1.3,1.9,0.3,131,7,1.4,2.2,0.2,139,10,1.3,1.9,0.3,131,7,12,28.28,,0,0,0,43.4,42.2,42.8,0.43,0.35,0.52
BERK,2015-12-02 15:10:00 EST,42.32030,-76.20319,1291,47.6,47.6,47.6,98.6,47.3,0.014,0.392,0.00,0.143,1.2,1.8,0.2,147,1,1.5,2.0,0.2,155,10,1.2,1.8,0.2,147,1,11,28.28,,0,0,0,43.5,42.2,42.8,0.43,0.35,0.52
BERK,2015-12-02 15:15:00 EST,42.32030,-76.20319,1291,47.6,47.6,47.6,98.6,47.3,0.013,0.405,0.00,0.154,1.6,2.1,0.3,138,6,1.6,2.5,0.3,136,9,1.6,2.1,0.3,138,6,13,28.28,,0,0,0,43.5,42.3,42.8,0.44,0.35,0.52
BERK,2015-12-02 15:20:00 EST,42.32030,-76.20319,1291,47.6,47.6,47.6,98.7,47.3,0.012,0.417,0.00,0.163,1.5,2.4,0.4,134,0,1.6,2.2,0.3,127,6,1.5,2.4,0.4,134,0,12,28.28,,0,0,0,43.5,42.3,42.8,0.44,0.35,0.52
BERK,2015-12-02 15:25:00 EST,42.32030,-76.20319,1291,47.6,47.6,47.6,98.8,47.3,0.012,0.429,0.00,0.171,2.5,3.5,0.3,138,4,2.4,3.4,0.4,135,5,2.5,3.5,0.3,138,4,7,28.27,,0,0,0,43.5,42.3,42.8,0.45,0.36,0.52
BERK,2015-12-02 15:30:00 EST,42.32030,-76.20319,1291,47.6,47.6,47.6,98.9,47.3,0.010,0.438,0.00,0.179,1.8,3.0,0.5,111,19,2.1,4.0,0.6,105,19,1.8,3.0,0.5,111,19,12,28.27,,0,0,0,43.5,42.3,42.8,0.45,0.35,0.52
BERK,2015-12-02 15:35:00 EST,42.32030,-76.20319,1291,47.6,47.6,47.6,98.9,47.3,0.009,0.447,0.00,0.184,2.2,3.9,0.9,119,14,2.6,4.7,0.9,113,15,2.2,3.9,0.9,119,14,9,28.27,,0,0,0,43.5,42.3,42.8,0.45,0.35,0.52
BERK,2015-12-02 15:40:00 EST,42.32030,-76.20319,1291,47.6,47.6,46.9,99.0,47.3,0.012,0.459,0.00,0.188,3.1,4.5,0.6,126,12,3.4,4.9,0.7,121,10,3.1,4.5,0.6,126,12,11,28.27,,0,0,0,43.5,42.3,42.8,0.45,0.35,0.52
BERK,2015-12-02 15:45:00 EST,42.32030,-76.20319,1291,47.6,47.6,46.1,99.0,47.3,0.008,0.466,0.00,0.174,4.0,5.9,0.9,109,11,4.8,8.1,1.2,104,9,4.0,5.9,0.9,109,11,10,28.27,,0,0,0,43.5,42.3,42.8,0.45,0.35,0.52
BERK,2015-12-02 15:50:00 EST,42.32030,-76.20319,1291,47.6,47.6,46.0,99.0,47.3,0.008,0.474,0.00,0.157,4.1,6.8,1.1,114,13,4.6,8.1,1.3,109,12,4.1,6.8,1.1,114,13,7,28.26,,0,0,0,43.5,42.4,42.8,0.45,0.35,0.52
BERK,2015-12-02 15:55:00 EST,42.32030,-76.20319,1291,47.6,47.6,46.7,99.0,47.3,0.007,0.481,0.00,0.138,3.3,4.8,0.8,116,15,3.7,6.0,1.0,111,14,3.3,4.8,0.8,116,15,3,28.26,,0,0,0,43.5,42.4,42.8,0.45,0.36,0.52
BERK,2015-12-02 16:00:00 EST,42.32030,-76.20319,1291,47.6,47.6,47.6,99.0,47.3,0.010,0.491,0.00,0.127,2.9,4.3,0.8,122,10,3.2,5.1,0.9,117,11,2.9,4.3,0.8,122,10,2,28.26,,0,0,0,43.5,42.4,42.8,0.45,0.35,0.52
BERK,2015-12-02 16:05:00 EST,42.32030,-76.20319,1291,47.5,47.6,47.5,99.0,47.3,0.009,0.500,0.00,0.123,1.9,4.1,1.1,220,58,2.3,4.9,1.2,225,61,1.9,4.1,1.1,220,58,0,28.27,,0,0,0,43.5,42.4,42.8,0.45,0.35,0.52
BERK,2015-12-02 16:10:00 EST,42.32030,-76.20319,1291,47.5,47.6,47.5,99.0,47.3,0.035,0.535,0.51,0.144,2.6,5.0,1.1,269,12,2.9,6.0,1.3,272,13,2.6,5.0,1.1,269,12,0,28.28,,0,0,0,43.7,42.4,42.8,0.45,0.36,0.52
BERK,2015-12-02 16:15:00 EST,42.32030,-76.20319,1291,47.5,47.6,47.5,99.0,47.3,0.018,0.553,0.31,0.148,0.8,1.5,0.3,301,11,1.2,1.8,0.3,309,20,0.8,1.5,0.3,301,11,0,28.28,,0,0,0,43.7,42.4,42.8,0.45,0.35,0.52
BERK,2015-12-02 16:20:00 EST,42.32030,-76.20319,1291,47.5,47.6,47.5,98.9,47.2,0.017,0.570,0.28,0.154,2.7,4.0,0.7,283,6,2.9,4.3,0.7,285,6,2.7,4.0,0.7,283,6,0,28.28,,0,0,0,43.8,42.4,42.8,0.45,0.35,0.52
BERK,2015-12-02 16:25:00 EST,42.32030,-76.20319,1291,47.5,47.5,47.5,98.9,47.2,0.009,0.580,0.00,0.151,0.9,2.7,0.9,287,3,1.3,2.9,0.6,311,31,0.9,2.7,0.9,287,3,0,28.28,,0,0,0,43.9,42.4,42.8,0.45,0.35,0.52
BERK,2015-12-02 16:30:00 EST,42.32030,-76.20319,1291,47.5,47.5,47.5,99.0,47.2,0.005,0.585,0.00,0.146,0.1,0.1,0.0,289,0,0.6,1.3,0.3,23,23,0.1,0.1,0.0,289,0,0,28.28,,0,0,0,43.9,42.4,42.8,0.45,0.35,0.52
BERK,2015-12-02 16:35:00 EST,42.32030,-76.20319,1291,47.5,47.5,47.5,99.0,47.2,0.005,0.589,0.00,0.143,0.1,0.5,0.1,289,0,0.9,1.6,0.3,58,16,0.1,0.5,0.1,289,0,0,28.27,,0,0,0,43.9,42.4,42.8,0.45,0.35,0.52
BERK,2015-12-02 16:40:00 EST,42.32030,-76.20319,1291,47.4,47.5,47.4,99.0,47.1,0.004,0.593,0.00,0.134,0.1,0.6,0.1,288,0,0.5,1.1,0.3,112,19,0.1,0.6,0.1,288,0,0,28.27,,0,0,0,43.9,42.4,42.8,0.45,0.35,0.52
BERK,2015-12-02 16:45:00 EST,42.32030,-76.20319,1291,47.3,47.5,47.3,99.1,47.1,0.000,0.593,0.00,0.127,0.9,1.8,0.3,288,0,1.4,2.7,0.5,111,9,0.9,1.8,0.3,288,0,0,28.27,,0,0,0,44.0,42.4,42.8,0.45,0.35,0.52
BERK,2015-12-02 16:50:00 EST,42.32030,-76.20319,1291,47.2,47.4,47.2,99.1,47.0,0.003,0.596,0.00,0.122,1.9,2.9,0.4,119,69,2.4,3.1,0.5,108,10,1.9,2.9,0.4,119,69,0,28.27,,0,0,0,44.0,42.4,42.8,0.45,0.35,0.52
BERK,2015-12-02 16:55:00 EST,42.32030,-76.20319,1291,47.2,47.4,47.2,99.1,47.0,0.002,0.597,0.00,0.116,1.8,3.0,0.6,122,10,1.8,3.1,0.5,117,13,1.8,3.0,0.6,122,10,0,28.27,,0,0,0,44.0,42.4,42.8,0.45,0.35,0.52
BERK,2015-12-02 17:00:00 EST,42.32030,-76.20319,1291,47.2,47.4,47.2,99.2,47.0,0.000,0.597,0.00,0.106,0.8,2.0,0.6,170,26,1.2,2.5,0.4,198,41,0.8,2.0,0.6,170,26,0,28.27,,0,0,0,44.0,42.4,42.8,0.45,0.35,0.52
BERK,2015-12-02 17:05:00 EST,42.32030,-76.20319,1291,47.2,47.3,47.2,99.2,47.0,0.002,0.599,0.00,0.099,0.2,1.0,0.3,191,0,0.7,1.6,0.3,229,24,0.2,1.0,0.3,191,0,0,28.26,,0,0,0,44.1,42.4,42.8,0.45,0.35,0.52
BERK,2015-12-02 17:10:00 EST,42.32030,-76.20319,1291,47.2,47.3,47.2,99.2,46.9,0.004,0.603,0.00,0.068,0.4,1.6,0.6,289,1,0.9,1.8,0.4,286,17,0.4,1.6,0.6,289,1,0,28.26,,0,0,0,44.1,42.5,42.8,0.45,0.35,0.52
BERK,2015-12-02 17:15:00 EST,42.32030,-76.20319,1291,47.0,47.3,46.2,99.2,46.8,0.012,0.615,0.00,0.062,3.1,3.8,0.5,296,1,3.1,3.8,0.5,298,3,3.1,3.8,0.5,296,1,0,28.27,,0,0,0,44.1,42.5,42.8,0.45,0.36,0.52
BERK,2015-12-02 17:20:00 EST,42.32030,-76.20319,1291,47.1,47.3,47.1,99.2,46.9,0.003,0.618,0.43,0.048,2.7,3.3,0.3,286,11,2.9,3.6,0.4,285,9,2.7,3.3,0.3,286,11,0,28.27,,0,0,0,44.1,42.5,42.8,0.45,0.36,0.52
BERK,2015-12-02 17:25:00 EST,42.32030,-76.20319,1291,47.2,47.4,47.2,99.3,47.1,0.011,0.629,0.25,0.049,1.7,2.6,0.4,237,17,,,,0,0,1.7,2.6,0.4,237,17,0,28.27,,0,0,0,44.2,42.5,42.8,0.45,0.35,0.52
BERK,2015-12-02 17:30:00 EST,42.32030,-76.20319,1291,47.3,47.5,47.3,99.3,47.2,0.014,0.643,0.25,0.059,0.2,1.4,0.3,240,5,0.7,1.6,0.3,263,47,0.2,1.4,0.3,240,5,0,28.27,,0,0,0,44.2,42.5,42.8,0.45,0.35,0.52
BERK,2015-12-02 17:35:00 EST,42.32030,-76.20319,1291,47.3,47.6,47.3,99.3,47.1,0.007,0.651,0.00,0.061,0.0,0.6,0.1,351,9,0.7,1.6,0.3,56,33,0.0,0.6,0.1,351,9,0,28.27,,0,0,0,44.3,42.6,42.8,0.45,0.36,0.52
BERK,2015-12-02 17:40:00 EST,42.32030,-76.20319,1291,47.4,47.6,47.4,99.3,47.2,0.000,0.651,0.00,0.058,0.0,0.0,0.0,0,0,0.5,1.1,0.3,63,45,0.0,0.0,0.0,0,0,0,28.28,,0,0,0,44.3,42.6,42.8,0.45,0.35,0.52
BERK,2015-12-02 17:45:00 EST,42.32030,-76.20319,1291,47.4,47.7,47.4,99.3,47.2,0.004,0.654,0.00,0.061,0.2,2.8,0.7,306,2,0.8,3.1,0.7,318,35,0.2,2.8,0.7,306,2,0,28.28,,0,0,0,44.3,42.6,42.8,0.46,0.36,0.52
BERK,2015-12-02 17:50:00 EST,42.32030,-76.20319,1291,46.1,46.3,41.9,98.4,45.7,0.005,0.659,0.00,0.063,8.4,12.0,2.1,302,8,8.7,12.8,2.0,300,10,8.4,12.0,2.1,302,8,0,28.27,,0,0,0,44.3,42.6,42.8,0.45,0.35,0.52
BERK,2015-12-02 17:55:00 EST,42.32030,-76.20319,1291,45.1,45.2,42.3,96.3,44.1,0.003,0.662,0.00,0.065,5.2,7.5,0.9,306,14,5.4,8.3,1.2,305,16,5.2,7.5,0.9,306,14,0,28.26,,0,0,0,44.3,42.6,42.8,0.46,0.36,0.52
BERK,2015-12-02 18:00:00 EST,42.32030,-76.20319,1291,44.8,44.9,40.8,96.2,43.8,0.002,0.664,0.00,0.066,7.1,9.7,1.9,296,12,7.7,11.0,2.1,295,12,7.1,9.7,1.9,296,12,0,28.26,,0,0,0,44.3,42.6,42.9,0.46,0.36,0.52
BERK,2015-12-02 18:05:00 EST,42.32030,-76.20319,1291,44.5,44.7,40.1,96.3,43.5,0.001,0.665,0.00,0.065,8.1,11.1,1.0,294,8,8.6,11.9,1.2,293,7,8.1,11.1,1.0,294,8,0,28.27,,0,0,0,44.4,42.6,42.9,0.46,0.35,0.52
BERK,2015-12-02 18:10:00 EST,42.32030,-76.20319,1291,44.2,44.4,39.9,96.3,43.3,0.000,0.665,0.00,0.061,7.7,9.6,1.0,306,11,8.0,10.5,1.0,306,11,7.7,9.6,1.0,306,11,0,28.27,,0,0,0,44.3,42.6,42.9,0.45,0.35,0.52
BERK,2015-12-02 18:15:00 EST,42.32030,-76.20319,1291,43.9,44.1,39.5,96.1,42.9,0.000,0.665,0.00,0.049,7.6,9.4,0.9,301,7,8.1,10.5,1.1,300,6,7.6,9.4,0.9,301,7,0,28.27,,0,0,0,44.4,42.6,42.9,0.45,0.35,0.52
BERK,2015-12-02 18:20:00 EST,42.32030,-76.20319,1291,43.9,44.1,39.3,95.8,42.7,0.000,0.665,0.00,0.046,8.0,9.9,1.0,294,7,8.6,10.5,1.1,292,6,8.0,9.9,1.0,294,7,0,28.27,,0,0,0,44.4,42.7,42.9,0.45,0.35,0.52
BERK,2015-12-02 18:25:00 EST,42.32030,-76.20319,1291,43.8,43.9,39.3,95.1,42.5,0.000,0.665,0.00,0.035,7.8,12.2,1.8,293,8,8.5,13.0,2.0,291,7,7.8,12.2,1.8,293,8,0,28.27,,0,0,0,44.4,42.7,42.9,0.46,0.35,0.52
BERK,2015-12-02 18:30:00 EST,42.32030,-76.20319,1291,43.5,43.5,39.1,95.3,42.3,0.000,0.665,0.00,0.021,7.5,10.5,1.3,296,9,8.0,11.6,1.5,295,10,7.5,10.5,1.3,296,9,0,28.27,,0,0,0,44.3,42.7,42.9,0.45,0.35,0.52
BERK,2015-12-02 18:35:00 EST,42.32030,-76.20319,1291,43.3,43.3,39.2,95.4,42.1,0.000,0.665,0.00,0.014,6.9,9.4,1.3,279,10,7.6,10.7,1.4,279,7,6.9,9.4,1.3,279,10,0,28.27,,0,0,0,44.3,42.8,42.9,0.45,0.35,0.52
BERK,2015-12-02 18:40:00 EST,42.32030,-76.20319,1291,43.2,43.1,40.1,95.7,42.0,0.000,0.665,0.00,0.014,5.1,6.6,0.8,281,8,5.7,8.1,0.9,281,7,5.1,6.6,0.8,281,8,0,28.27,,0,0,0,44.3,42.7,42.9,0.46,0.36,0.52
BERK,2015-12-02 18:45:00 EST,42.32030,-76.20319,1291,43.0,43.0,39.6,96.1,42.0,0.000,0.665,0.00,0.010,5.6,7.8,1.0,281,9,6.3,9.6,1.2,281,7,5.6,7.8,1.0,281,9,0,28.28,,0,0,0,44.2,42.8,42.9,0.45,0.36,0.52
BERK,2015-12-02 18:50:00 EST,42.32030,-76.20319,1291,42.9,42.8,38.8,95.9,41.8,0.000,0.665,0.00,0.006,6.7,9.9,1.3,276,9,7.5,11.2,1.6,276,7,6.7,9.9,1.3,276,9,0,28.28,,0,0,0,44.2,42.8,42.9,0.46,0.35,0.52
BERK,2015-12-02 18:55:00 EST,42.32030,-76.20319,1291,42.7,42.7,38.8,95.8,41.6,0.000,0.665,0.00,0.002,6.3,9.1,1.0,271,10,7.1,11.0,1.2,272,8,6.3,9.1,1.0,271,10,0,28.28,,0,0,0,44.2,42.8,42.9,0.46,0.36,0.52
BERK,2015-12-02 19:00:00 EST,42.32030,-76.20319,1291,42.7,42.7,38.8,95.7,41.6,0.000,0.665,0.00,0.001,6.3,8.6,1.4,274,11,7.1,9.8,1.6,275,9,6.3,8.6,1.4,274,11,0,28.28,,0,0,0,44.2,42.8,42.9,0.46,0.36,0.52
BERK,2015-12-02 19:05:00 EST,42.32030,-76.20319,1291,42.6,42.6,39.0,95.9,41.5,0.000,0.665,0.00,0.000,5.9,8.0,0.7,284,7,6.5,9.4,1.0,283,6,5.9,8.0,0.7,284,7,0,28.28,,0,0,0,44.2,42.8,42.9,0.45,0.35,0.52
BERK,2015-12-02 19:10:00 EST,42.32030,-76.20319,1291,42.7,42.7,39.2,96.2,41.7,0.000,0.665,0.00,0.000,5.6,8.2,1.1,280,8,6.3,9.6,1.3,279,6,5.6,8.2,1.1,280,8,0,28.29,,0,0,0,44.1,42.8,43.0,0.46,0.35,0.52
BERK,2015-12-02 19:15:00 EST,42.32030,-76.20319,1291,42.7,42.7,39.0,96.0,41.6,0.000,0.665,0.00,0.000,5.8,8.5,1.2,287,9,6.5,9.8,1.4,286,7,5.8,8.5,1.2,287,9,0,28.29,,0,0,0,44.1,42.8,43.0,0.45,0.35,0.52
BERK,2015-12-02 19:20:00 EST,42.32030,-76.20319,1291,42.5,42.5,38.7,95.7,41.4,0.000,0.665,0.00,0.000,6.1,9.1,1.2,294,8,6.6,10.5,1.4,292,6,6.1,9.1,1.2,294,8,0,28.29,,0,0,0,44.1,42.8,42.9,0.46,0.35,0.52
BERK,2015-12-02 19:25:00 EST,42.32030,-76.20319,1291,42.3,42.4,39.6,96.2,41.3,0.000,0.665,0.00,0.000,4.5,5.5,0.5,298,7,4.8,6.3,0.6,296,7,4.5,5.5,0.5,298,7,0,28.29,,0,0,0,44.1,42.8,43.0,0.46,0.35,0.52
BERK,2015-12-02 19:30:00 EST,42.32030,-76.20319,1291,42.2,42.2,39.3,96.7,41.3,0.000,0.665,0.00,0.000,4.6,6.0,0.6,302,6,4.8,6.3,0.7,300,7,4.6,6.0,0.6,302,6,0,28.28,,0,0,0,44.0,42.8,43.0,0.45,0.36,0.52
BERK,2015-12-02 19:35:00 EST,42.32030,-76.20319,1291,42.1,42.1,38.9,97.1,41.3,0.000,0.665,0.00,0.000,5.1,6.3,0.7,307,7,5.2,6.7,0.7,307,7,5.1,6.3,0.7,307,7,0,28.29,,0,0,0,44.0,42.8,43.0,0.46,0.36,0.52
BERK,2015-12-02 19:40:00 EST,42.32030,-76.20319,1291,42.1,42.1,38.1,97.4,41.4,0.000,0.665,0.00,0.000,6.3,8.6,1.0,305,8,6.6,8.5,1.0,303,8,6.3,8.6,1.0,305,8,0,28.30,,0,0,0,44.0,42.8,43.0,0.46,0.36,0.52
BERK,2015-12-02 19:45:00 EST,42.32030,-76.20319,1291,42.0,42.0,37.6,97.6,41.4,0.000,0.665,0.00,0.000,6.9,14.9,2.7,298,13,7.5,17.0,3.1,297,13,6.9,14.9,2.7,298,13,0,28.30,,0,0,0,44.0,42.9,43.0,0.46,0.36,0.52
BERK,2015-12-02 19:50:00 EST,42.32030,-76.20319,1291,41.8,41.7,36.0,97.2,41.0,0.000,0.665,0.00,0.000,9.7,12.8,1.3,303,10,9.9,14.5,1.4,303,10,9.7,12.8,1.3,303,10,0,28.30,,0,0,0,43.9,42.9,43.0,0.46,0.35,0.52
BERK,2015-12-02 19:55:00 EST,42.32030,-76.20319,1291,41.7,41.7,35.9,96.8,40.8,0.000,0.665,0.00,0.000,9.6,12.1,1.1,299,9,10.2,14.1,1.4,298,9,9.6,12.1,1.1,299,9,0,28.30,,0,0,0,44.0,42.9,43.0,0.46,0.35,0.52
BERK,2015-12-02 20:00:00 EST,42.32030,-76.20319,1291,41.7,41.7,35.7,96.2,40.7,0.000,0.665,0.00,0.000,10.2,14.1,2.0,307,11,10.2,14.8,2.1,308,12,10.2,14.1,2.0,307,11,0,28.30,,0,0,0,43.9,42.9,43.0,0.46,0.35,0.52
BERK,2015-12-02 20:05:00 EST,42.32030,-76.20319,1291,41.6,41.6,35.2,96.0,40.6,0.000,0.665,0.00,0.000,11.1,18.0,2.0,309,12,11.4,16.8,2.0,309,12,11.1,18.0,2.0,309,12,0,28.31,,0,0,0,43.9,42.9,43.0,0.46,0.35,0.52
BERK,2015-12-02 20:10:00 EST,42.32030,-76.20319,1291,41.5,41.4,34.4,95.4,40.2,0.000,0.665,0.00,0.000,12.9,20.5,3.1,301,11,13.3,20.1,3.0,301,10,12.9,20.5,3.1,301,11,0,28.31,,0,0,0,43.9,42.9,43.0,0.46,0.36,0.52
BERK,2015-12-02 20:15:00 EST,42.32030,-76.20319,1291,41.3,41.3,34.4,95.4,40.1,0.000,0.665,0.00,0.000,12.2,16.4,2.1,297,10,12.7,17.7,2.3,297,10,12.2,16.4,2.1,297,10,0,28.31,,0,0,0,43.9,42.9,43.0,0.46,0.35,0.52
BERK,2015-12-02 20:20:00 EST,42.32030,-76.20319,1291,41.1,41.1,34.6,95.8,40.0,0.000,0.665,0.00,0.000,11.0,14.7,1.9,290,13,11.7,16.6,2.2,290,13,11.0,14.7,1.9,290,13,0,28.31,,0,0,0,43.9,42.9,43.0,0.46,0.36,0.52
BERK,2015-12-02 20:25:00 EST,42.32030,-76.20319,1291,41.0,40.9,34.6,96.1,40.0,0.000,0.665,0.00,0.000,10.5,15.4,2.3,295,10,11.1,17.2,2.6,294,9,10.5,15.4,2.3,295,10,0,28.31,,0,0,0,43.9,42.9,43.0,0.46,0.35,0.52
BERK,2015-12-02 20:30:00 EST,42.32030,-76.20319,1291,40.9,40.9,34.6,96.1,39.9,0.000,0.665,0.00,0.000,10.5,16.7,1.9,295,9,11.1,17.2,2.1,294,9,10.5,16.7,1.9,295,9,0,28.31,,0,0,0,43.9,43.0,43.0,0.46,0.35,0.52
BERK,2015-12-02 20:35:00 EST,42.32030,-76.20319,1291,40.9,40.9,34.4,96.1,39.9,0.000,0.665,0.00,0.000,10.8,14.8,1.4,297,8,11.2,15.7,1.5,297,8,10.8,14.8,1.4,297,8,0,28.31,,0,0,0,43.9,43.0,43.0,0.46,0.35,0.52
BERK,2015-12-02 20:40:00 EST,42.32030,-76.20319,1291,40.9,40.9,34.7,95.9,39.8,0.000,0.665,0.00,0.000,10.3,14.2,1.8,293,9,11.1,15.9,2.2,292,8,10.3,14.2,1.8,293,9,0,28.32,,0,0,0,43.9,43.0,43.0,0.46,0.36,0.52
BERK,2015-12-02 20:45:00 EST,42.32030,-76.20319,1291,40.9,40.9,35.4,95.6,39.7,0.000,0.665,0.00,0.000,8.5,12.3,1.6,302,9,9.0,13.6,1.8,301,9,8.5,12.3,1.6,302,9,0,28.32,,0,0,0,43.8,43.0,43.0,0.46,0.35,0.52
BERK,2015-12-02 20:50:00 EST,42.32030,-76.20319,1291,40.8,40.9,35.7,95.8,39.7,0.000,0.665,0.00,0.000,7.8,11.2,1.2,296,8,8.4,12.1,1.4,295,7,7.8,11.2,1.2,296,8,0,28.32,,0,0,0,43.8,43.0,43.0,0.46,0.35,0.52
BERK,2015-12-02 20:55:00 EST,42.32030,-76.20319,1291,40.9,41.0,35.2,94.5,39.5,0.000,0.665,0.00,0.000,9.0,12.1,1.4,295,8,9.6,13.2,1.4,294,7,9.0,12.1,1.4,295,8,0,28.32,,0,0,0,43.7,43.0,43.0,0.46,0.35,0.52
BERK,2015-12-02 21:00:00 EST,42.32030,-76.20319,1291,40.8,40.8,35.0,94.0,39.2,0.000,0.665,0.00,0.000,9.2,12.9,1.4,296,9,9.8,14.8,1.6,295,9,9.2,12.9,1.4,296,9,0,28.33,,0,0,0,43.7,43.0,43.0,0.46,0.35,0.52
BERK,2015-12-02 21:05:00 EST,42.32030,-76.20319,1291,40.5,40.5,35.0,94.5,39.1,0.000,0.665,0.00,0.000,8.4,12.3,1.6,295,12,9.0,13.2,1.8,294,12,8.4,12.3,1.6,295,12,0,28.33,,0,0,0,43.7,43.0,43.0,0.46,0.35,0.52
BERK,2015-12-02 21:10:00 EST,42.32030,-76.20319,1291,40.4,40.4,35.0,94.2,38.9,0.000,0.665,0.00,0.000,8.3,12.3,1.3,302,11,8.7,13.4,1.4,302,11,8.3,12.3,1.3,302,11,0,28.33,,0,0,0,43.7,43.0,43.1,0.45,0.35,0.52
BERK,2015-12-02 21:15:00 EST,42.32030,-76.20319,1291,40.3,40.4,34.9,94.1,38.8,0.000,0.665,0.00,0.000,8.2,11.4,1.3,307,9,8.5,12.1,1.3,308,9,8.2,11.4,1.3,307,9,0,28.33,,0,0,0,43.7,43.0,43.1,0.46,0.36,0.52
BERK,2015-12-02 21:20:00 EST,42.32030,-76.20319,1291,40.3,40.3,34.7,93.7,38.6,0.000,0.665,0.00,0.000,8.5,15.4,2.2,313,12,8.8,17.0,2.1,314,12,8.5,15.4,2.2,313,12,0,28.33,,0,0,0,43.7,43.0,43.1,0.46,0.35,0.52
BERK,2015-12-02 21:25:00 EST,42.32030,-76.20319,1291,40.3,40.3,34.8,92.8,38.4,0.000,0.665,0.00,0.000,8.3,12.1,1.6,313,9,8.5,13.6,1.7,315,8,8.3,12.1,1.6,313,9,0,28.33,,0,0,0,43.7,43.0,43.1,0.46,0.35,0.52
BERK,2015-12-02 21:30:00 EST,42.32030,-76.20319,1291,40.2,40.2,34.3,92.6,38.2,0.000,0.665,0.00,0.000,9.1,12.1,1.7,308,9,9.4,12.8,1.8,308,10,9.1,12.1,1.7,308,9,0,28.33,,0,0,0,43.6,43.0,43.1,0.46,0.36,0.52
BERK,2015-12-02 21:35:00 EST,42.32030,-76.20319,1291,40.1,40.1,35.1,92.7,38.2,0.000,0.665,0.00,0.000,7.3,10.4,1.2,314,12,7.6,10.7,1.3,314,12,7.3,10.4,1.2,314,12,0,28.33,,0,0,0,43.7,43.0,43.1,0.46,0.35,0.52
BERK,2015-12-02 21:40:00 EST,42.32030,-76.20319,1291,40.0,40.1,34.9,93.0,38.2,0.000,0.665,0.00,0.000,7.5,10.4,1.2,311,11,7.9,11.4,1.2,312,11,7.5,10.4,1.2,311,11,0,28.33,,0,0,0,43.6,43.0,43.1,0.46,0.36,0.52
BERK,2015-12-02 21:45:00 EST,42.32030,-76.20319,1291,39.9,39.9,34.2,93.2,38.1,0.000,0.665,0.00,0.000,8.6,12.9,1.7,311,12,9.2,12.3,1.7,312,12,8.6,12.9,1.7,311,12,0,28.34,,0,0,0,43.6,43.0,43.1,0.46,0.36,0.52
BERK,2015-12-02 21:50:00 EST,42.32030,-76.20319,1291,39.8,39.7,33.2,93.7,38.1,0.000,0.665,0.00,0.000,10.3,14.8,1.8,312,13,10.8,15.0,1.7,313,13,10.3,14.8,1.8,312,13,0,28.34,,0,0,0,43.6,43.0,43.1,0.45,0.36,0.52
BERK,2015-12-02 21:55:00 EST,42.32030,-76.20319,1291,39.6,39.6,33.5,94.4,38.1,0.000,0.665,0.00,0.000,9.2,15.1,2.3,308,10,9.6,15.9,2.3,308,10,9.2,15.1,2.3,308,10,0,28.34,,0,0,0,43.5,43.1,43.1,0.46,0.35,0.52
BERK,2015-12-02 22:00:00 EST,42.32030,-76.20319,1291,39.6,39.6,33.0,93.7,37.9,0.000,0.665,0.00,0.000,10.2,15.1,1.8,298,12,10.8,15.9,2.0,297,12,10.2,15.1,1.8,298,12,0,28.34,,0,0,0,43.5,43.1,43.2,0.46,0.35,0.52
BERK,2015-12-02 22:05:00 EST,42.32030,-76.20319,1291,39.5,39.5,34.6,93.1,37.7,0.000,0.665,0.00,0.000,6.8,9.3,1.1,304,11,7.2,10.1,1.1,303,11,6.8,9.3,1.1,304,11,0,28.34,,0,0,0,43.5,43.1,43.1,0.45,0.35,0.52
BERK,2015-12-02 22:10:00 EST,42.32030,-76.20319,1291,39.3,39.4,34.7,93.4,37.6,0.000,0.665,0.00,0.000,6.5,11.0,1.1,314,13,6.7,11.6,1.4,316,12,6.5,11.0,1.1,314,13,0,28.34,,0,0,0,43.5,43.1,43.1,0.46,0.35,0.52
BERK,2015-12-02 22:15:00 EST,42.32030,-76.20319,1291,39.2,39.2,33.4,93.4,37.5,0.000,0.665,0.00,0.000,8.4,11.1,1.2,306,10,8.8,12.1,1.4,306,10,8.4,11.1,1.2,306,10,0,28.34,,0,0,0,43.5,43.1,43.1,0.46,0.35,0.52
BERK,2015-12-02 22:20:00 EST,42.32030,-76.20319,1291,39.0,39.1,33.9,93.5,37.3,0.000,0.665,0.00,0.000,7.2,10.2,1.1,310,10,7.6,10.3,1.3,311,10,7.2,10.2,1.1,310,10,0,28.34,,0,0,0,43.5,43.1,43.2,0.46,0.36,0.52
BERK,2015-12-02 22:25:00 EST,42.32030,-76.20319,1291,39.0,39.1,32.5,93.5,37.2,0.000,0.665,0.00,0.000,9.7,12.5,1.5,302,8,10.1,13.4,1.5,302,8,9.7,12.5,1.5,302,8,0,28.35,,0,0,0,43.5,43.1,43.2,0.46,0.35,0.52
BERK,2015-12-02 22:30:00 EST,42.32030,-76.20319,1291,38.9,38.9,33.4,93.0,37.0,0.000,0.665,0.00,0.000,7.7,11.3,1.4,299,9,8.1,11.4,1.6,298,9,7.7,11.3,1.4,299,9,0,28.35,,0,0,0,43.4,43.1,43.1,0.45,0.35,0.52
BERK,2015-12-02 22:35:00 EST,42.32030,-76.20319,1291,38.7,38.8,33.3,92.4,36.7,0.000,0.665,0.00,0.000,7.5,10.1,1.4,306,10,7.7,10.7,1.3,304,10,7.5,10.1,1.4,306,10,0,28.35,,0,0,0,43.4,43.1,43.1,0.45,0.36,0.52
BERK,2015-12-02 22:40:00 EST,42.32030,-76.20319,1291,38.5,38.6,33.1,92.6,36.5,0.000,0.665,0.00,0.000,7.3,11.4,1.3,308,9,7.7,11.9,1.5,308,9,7.3,11.4,1.3,308,9,0,28.35,,0,0,0,43.4,43.1,43.2,0.46,0.35,0.52
BERK,2015-12-02 22:45:00 EST,42.32030,-76.20319,1291,38.4,38.6,33.5,92.1,36.4,0.000,0.665,0.00,0.000,6.6,10.5,1.5,301,11,7.0,11.6,1.8,301,11,6.6,10.5,1.5,301,11,0,28.35,,0,0,0,43.3,43.1,43.2,0.46,0.35,0.52
BERK,2015-12-02 22:50:00 EST,42.32030,-76.20319,1291,38.4,38.5,32.8,91.9,36.3,0.000,0.665,0.00,0.000,7.7,9.8,1.1,303,12,8.1,11.4,1.4,303,12,7.7,9.8,1.1,303,12,0,28.35,,0,0,0,43.4,43.1,43.2,0.45,0.35,0.52
BERK,2015-12-02 22:55:00 EST,42.32030,-76.20319,1291,38.4,38.5,32.6,91.6,36.1,0.000,0.665,0.00,0.000,7.9,11.7,1.5,303,10,8.3,12.3,1.6,303,10,7.9,11.7,1.5,303,10,0,28.35,,0,0,0,43.3,43.1,43.2,0.46,0.36,0.52
BERK,2015-12-02 23:00:00 EST,42.32030,-76.20319,1291,38.1,38.3,32.6,91.9,35.9,0.000,0.665,0.00,0.000,7.3,9.7,1.0,301,8,7.7,11.0,1.0,301,8,7.3,9.7,1.0,301,8,0,28.36,,0,0,0,43.3,43.1,43.2,0.46,0.36,0.52
BERK,2015-12-02 23:05:00 EST,42.32030,-76.20319,1291,38.1,38.3,31.8,92.0,35.9,0.000,0.665,0.00,0.000,8.7,12.4,1.5,297,8,9.2,13.9,1.8,296,8,8.7,12.4,1.5,297,8,0,28.36,,0,0,0,43.3,43.2,43.2,0.46,0.36,0.52
BERK,2015-12-02 23:10:00 EST,42.32030,-76.20319,1291,38.0,38.2,31.6,91.5,35.8,0.000,0.665,0.00,0.000,9.1,13.2,1.6,302,9,9.5,13.6,1.8,301,9,9.1,13.2,1.6,302,9,0,28.36,,0,0,0,43.3,43.1,43.2,0.46,0.36,0.52
BERK,2015-12-02 23:15:00 EST,42.32030,-76.20319,1291,37.9,38.0,31.7,91.8,35.7,0.000,0.665,0.00,0.000,8.5,10.8,1.1,302,11,8.8,12.1,1.3,303,11,8.5,10.8,1.1,302,11,0,28.36,,0,0,0,43.3,43.1,43.2,0.46,0.36,0.52
BERK,2015-12-02 23:20:00 EST,42.32030,-76.20319,1291,37.7,37.9,31.7,91.4,35.4,0.000,0.665,0.00,0.000,8.1,10.7,1.1,295,9,8.7,13.0,1.4,295,9,8.1,10.7,1.1,295,9,0,28.36,,0,0,0,43.2,43.1,43.2,0.46,0.35,0.52
BERK,2015-12-02 23:25:00 EST,42.32030,-76.20319,1291,37.4,37.7,31.5,91.7,35.2,0.000,0.665,0.00,0.000,7.8,11.7,1.5,302,10,8.2,12.5,1.8,301,9,7.8,11.7,1.5,302,10,0,28.36,,0,0,0,43.2,43.1,43.2,0.46,0.36,0.52
BERK,2015-12-02 23:30:00 EST,42.32030,-76.20319,1291,37.5,37.8,31.1,91.2,35.1,0.000,0.665,0.00,0.000,8.8,11.8,1.3,295,9,9.4,13.2,1.4,295,9,8.8,11.8,1.3,295,9,0,28.36,,0,0,0,43.2,43.2,43.2,0.46,0.35,0.52
BERK,2015-12-02 23:35:00 EST,42.32030,-76.20319,1291,37.4,37.7,31.3,90.5,34.9,0.000,0.665,0.00,0.000,8.2,12.4,1.4,290,7,8.8,13.9,1.8,290,7,8.2,12.4,1.4,290,7,0,28.36,,0,0,0,43.2,43.1,43.2,0.46,0.36,0.52
BERK,2015-12-02 23:40:00 EST,42.32030,-76.20319,1291,37.3,37.7,31.1,91.0,34.9,0.000,0.665,0.00,0.000,8.4,11.7,1.4,291,8,9.0,12.8,1.7,290,8,8.4,11.7,1.4,291,8,0,28.36,,0,0,0,43.2,43.1,43.2,0.46,0.36,0.52
BERK,2015-12-02 23:45:00 EST,42.32030,-76.20319,1291,37.2,37.6,31.6,91.4,35.0,0.000,0.665,0.00,0.000,7.3,10.9,1.6,287,10,7.9,12.5,1.7,287,7,7.3,10.9,1.6,287,10,0,28.35,,0,0,0,43.2,43.2,43.2,0.46,0.36,0.52
BERK,2015-12-02 23:50:00 EST,42.32030,-76.20319,1291,37.1,37.6,30.8,91.0,34.8,0.000,0.665,0.00,0.000,8.6,11.9,1.5,298,8,9.2,13.4,1.7,297,8,8.6,11.9,1.5,298,8,0,28.35,,0,0,0,43.1,43.2,43.2,0.46,0.36,0.52
BERK,2015-12-02 23:55:00 EST,42.32030,-76.20319,1291,36.9,37.4,31.3,91.7,34.8,0.000,0.665,0.00,0.000,7.3,12.4,2.1,290,10,8.0,14.8,2.5,290,9,7.3,12.4,2.1,290,10,0,28.35,,0,0,0,43.1,43.2,43.2,0.46,0.36,0.52
COLD,2015-12-02 00:00:00 EST,43.26127,-74.97878,1422,38.5,38.5,38.5,96.3,37.6,0.000,0.307,0.00,0.000,2.2,4.5,1.0,121,31,2.9,6.3,1.3,116,29,2.2,4.5,1.0,121,31,0,28.40,,0,0,0,36.7,37.4,39.7,0.22,0.15,0.14
COLD,2015-12-02 00:05:00 EST,43.26127,-74.97878,1422,38.6,38.6,36.4,96.2,37.6,0.000,0.000,0.00,0.000,3.4,6.2,1.3,121,25,4.1,8.9,1.5,116,23,3.4,6.2,1.3,121,25,0,28.40,,0,0,0,36.7,37.4,39.7,0.22,0.15,0.14
COLD,2015-12-02 00:10:00 EST,43.26127,-74.97878,1422,38.7,38.7,35.8,96.1,37.7,0.000,0.000,0.00,0.000,4.0,7.2,1.3,120,20,4.7,10.3,1.5,115,17,4.0,7.2,1.3,120,20,0,28.40,,0,0,0,36.8,37.4,39.7,0.22,0.15,0.14
COLD,2015-12-02 00:15:00 EST,43.26127,-74.97878,1422,38.7,38.7,36.5,96.0,37.7,0.000,0.000,0.00,0.000,3.4,8.8,1.8,137,22,4.0,9.2,1.9,128,20,3.4,8.8,1.8,137,22,0,28.40,,0,0,0,36.8,37.4,39.7,0.22,0.15,0.14
COLD,2015-12-02 00:20:00 EST,43.26127,-74.97878,1422,38.7,38.7,35.8,96.1,37.7,0.000,0.000,0.00,0.000,4.1,7.1,1.2,122,25,5.0,9.4,1.6,118,24,4.1,7.1,1.2,122,25,0,28.40,,0,0,0,36.8,37.4,39.7,0.22,0.15,0.14
COLD,2015-12-02 00:25:00 EST,43.26127,-74.97878,1422,38.7,38.6,36.1,96.3,37.7,0.009,0.009,0.00,0.009,3.7,8.4,1.9,128,24,4.4,9.4,2.0,122,22,3.7,8.4,1.9,128,24,0,28.39,,0,0,0,36.8,37.4,39.7,0.22,0.15,0.14
COLD,2015-12-02 00:30:00 EST,43.26127,-74.97878,1422,38.6,38.5,38.6,96.5,37.7,0.007,0.016,0.00,0.016,1.3,5.1,1.1,130,29,2.0,5.6,1.1,123,29,1.3,5.1,1.1,130,29,0,28.39,,0,0,0,36.9,37.4,39.7,0.22,0.15,0.14
COLD,2015-12-02 00:35:00 EST,43.26127,-74.97878,1422,38.7,38.6,38.7,96.9,37.9,0.000,0.016,0.00,0.016,2.0,4.2,1.1,135,21,2.7,5.8,1.0,125,21,2.0,4.2,1.1,135,21,0,28.39,,0,0,0,36.9,37.4,39.7,0.22,0.15,0.14
COLD,2015-12-02 00:40:00 EST,43.26127,-74.97878,1422,38.8,38.7,38.8,97.2,38.1,0.000,0.016,0.00,0.016,3.0,6.0,1.0,122,16,3.6,6.7,1.1,115,14,3.0,6.0,1.0,122,16,0,28.39,,0,0,0,36.9,37.4,39.7,0.22,0.15,0.14
COLD,2015-12-02 00:45:00 EST,43.26127,-74.97878,1422,38.7,38.6,38.7,97.2,38.0,0.002,0.018,0.00,0.018,2.1,4.7,0.8,133,22,2.7,5.8,1.0,126,21,2.1,4.7,0.8,133,22,0,28.39,,0,0,0,36.9,37.4,39.7,0.22,0.15,0.14
COLD,2015-12-02 00:50:00 EST,43.26127,-74.97878,1422,38.7,38.6,38.7,97.3,38.0,0.001,0.019,0.00,0.019,2.8,6.1,1.0,121,18,3.4,6.5,0.9,114,14,2.8,6.1,1.0,121,18,0,28.38,,0,0,0,36.9,37.4,39.7,0.22,0.15,0.14
COLD,2015-12-02 00:55:00 EST,43.26127,-74.97878,1422,38.7,38.5,36.4,97.4,38.0,0.002,0.021,0.00,0.021,3.4,6.9,1.2,128,22,3.9,8.5,1.4,120,20,3.4,6.9,1.2,128,22,0,28.38,,0,0,0,37.0,37.5,39.7,0.22,0.15,0.14
COLD,2015-12-02 01:00:00 EST,43.26127,-74.97878,1422,38.7,38.5,38.7,97.4,38.0,0.007,0.028,0.00,0.028,2.6,5.6,1.2,123,22,3.1,6.5,1.3,116,16,2.6,5.6,1.2,123,22,0,28.38,,0,0,0,37.0,37.5,39.7,0.22,0.15,0.14
COLD,2015-12-02 01:05:00 EST,43.26127,-74.97878,1422,38.7,38.6,36.8,97.5,38.0,0.003,0.031,0.00,0.031,3.0,5.4,0.9,119,18,3.8,6.7,1.1,112,16,3.0,5.4,0.9,119,18,0,28.38,,0,0,0,37.1,37.5,39.7,0.22,0.15,0.14
COLD,2015-12-02 01:10:00 EST,43.26127,-74.97878,1422,38.7,38.6,38.7,97.5,38.0,0.000,0.031,0.00,0.031,2.5,6.4,1.3,126,19,3.1,6.5,1.3,117,17,2.5,6.4,1.3,126,19,0,28.38,,0,0,0,37.1,37.5,39.7,0.22,0.15,0.14
COLD,2015-12-02 01:15:00 EST,43.26127,-74.97878,1422,38.7,38.6,38.7,97.6,38.1,0.000,0.031,0.00,0.031,2.4,5.3,0.9,122,19,3.0,5.6,1.0,113,17,2.4,5.3,0.9,122,19,0,28.37,,0,0,0,37.0,37.5,39.7,0.22,0.15,0.14
COLD,2015-12-02 01:20:00 EST,43.26127,-74.97878,1422,38.7,38.7,38.7,97.6,38.1,0.003,0.034,0.00,0.034,2.6,4.2,0.5,120,13,3.1,5.8,0.8,114,11,2.6,4.2,0.5,120,13,0,28.37,,0,0,0,37.1,37.5,39.7,0.22,0.15,0.14
COLD,2015-12-02 01:25:00 EST,43.26127,-74.97878,1422,38.7,38.7,38.7,97.7,38.1,0.005,0.039,0.00,0.030,2.0,4.7,0.9,123,19,2.6,6.0,1.1,114,15,2.0,4.7,0.9,123,19,0,28.37,,0,0,0,37.0,37.6,39.7,0.22,0.15,0.14
COLD,2015-12-02 01:30:00 EST,43.26127,-74.97878,1422,38.7,38.6,38.7,97.8,38.2,0.009,0.048,0.00,0.032,2.4,4.8,0.8,114,17,3.1,6.0,0.9,107,15,2.4,4.8,0.8,114,17,0,28.37,,0,0,0,37.1,37.6,39.7,0.22,0.15,0.14
COLD,2015-12-02 01:35:00 EST,43.26127,-74.97878,1422,38.7,38.7,38.7,97.8,38.2,0.003,0.051,0.00,0.035,3.0,4.9,0.8,124,17,3.5,6.5,1.0,117,16,3.0,4.9,0.8,124,17,0,28.37,,0,0,0,37.2,37.6,39.7,0.22,0.15,0.14
COLD,2015-12-02 01:40:00 EST,43.26127,-74.97878,1422,38.9,38.8,38.9,97.9,38.3,0.009,0.060,0.00,0.044,2.5,5.3,1.1,116,20,3.3,6.5,1.3,109,16,2.5,5.3,1.1,116,20,0,28.37,,0,0,0,37.2,37.6,39.7,0.22,0.15,0.14
COLD,2015-12-02 01:45:00 EST,43.26127,-74.97878,1422,38.9,38.9,38.9,97.9,38.4,0.013,0.073,0.24,0.055,2.0,4.2,0.6,119,21,2.6,4.9,0.8,111,17,2.0,4.2,0.6,119,21,0,28.37,,0,0,0,37.1,37.6,39.7,0.22,0.15,0.14
COLD,2015-12-02 01:50:00 EST,43.26127,-74.97878,1422,39.0,39.0,39.0,97.9,38.5,0.003,0.075,0.00,0.056,2.6,4.4,0.8,120,22,3.3,5.8,1.0,114,19,2.6,4.4,0.8,120,22,0,28.37,,0,0,0,37.2,37.6,39.7,0.23,0.15,0.14
COLD,2015-12-02 01:55:00 EST,43.26127,-74.97878,1422,39.1,39.0,39.1,98.0,38.6,0.000,0.075,0.00,0.054,3.0,5.6,0.9,117,13,3.5,7.2,1.2,110,13,3.0,5.6,0.9,117,13,0,28.37,,0,0,0,37.2,37.6,39.7,0.23,0.15,0.14
COLD,2015-12-02 02:00:00 EST,43.26127,-74.97878,1422,39.0,39.0,39.0,97.9,38.5,0.000,0.075,0.00,0.047,2.3,5.0,1.1,111,22,3.0,6.7,1.2,104,17,2.3,5.0,1.1,111,22,0,28.37,,0,0,0,37.2,37.6,39.7,0.23,0.15,0.14
COLD,2015-12-02 02:05:00 EST,43.26127,-74.97878,1422,39.1,39.0,37.1,98.0,38.6,0.000,0.075,0.00,0.044,3.2,6.3,1.3,104,14,4.0,8.1,1.4,101,10,3.2,6.3,1.3,104,14,0,28.36,,0,0,0,37.2,37.6,39.7,0.23,0.15,0.14
COLD,2015-12-02 02:10:00 EST,43.26127,-74.97878,1422,39.1,39.0,35.7,97.9,38.5,0.000,0.075,0.00,0.044,4.6,7.7,1.5,101,12,5.5,8.9,1.7,99,9,4.6,7.7,1.5,101,12,0,28.37,,0,0,0,37.2,37.6,39.8,0.23,0.15,0.14
COLD,2015-12-02 02:15:00 EST,43.26127,-74.97878,1422,39.0,38.9,39.0,97.9,38.5,0.000,0.075,0.00,0.044,1.8,6.5,1.7,122,21,2.3,7.8,1.9,113,24,1.8,6.5,1.7,122,21,0,28.37,,0,0,0,37.2,37.6,39.7,0.23,0.15,0.14
COLD,2015-12-02 02:20:00 EST,43.26127,-74.97878,1422,39.3,39.2,39.3,97.9,38.7,0.002,0.077,0.00,0.043,1.8,4.6,1.1,114,30,2.5,5.4,1.2,113,32,1.8,4.6,1.1,114,30,0,28.37,,0,0,0,37.2,37.6,39.7,0.23,0.15,0.14
COLD,2015-12-02 02:25:00 EST,43.26127,-74.97878,1422,39.4,39.3,39.4,98.0,38.9,0.003,0.080,0.00,0.040,1.4,4.5,0.9,110,33,2.2,5.8,1.1,101,28,1.4,4.5,0.9,110,33,0,28.37,,0,0,0,37.2,37.6,39.7,0.23,0.15,0.14
COLD,2015-12-02 02:30:00 EST,43.26127,-74.97878,1422,39.3,39.3,39.3,97.9,38.8,0.000,0.080,0.00,0.032,2.8,4.3,0.7,100,14,3.6,5.6,0.9,97,12,2.8,4.3,0.7,100,14,0,28.37,,0,0,0,37.2,37.6,39.7,0.23,0.15,0.14
COLD,2015-12-02 02:35:00 EST,43.26127,-74.97878,1422,39.3,39.2,39.3,97.9,38.7,0.011,0.090,0.25,0.039,2.8,4.2,0.9,92,8,3.7,5.4,1.0,91,7,2.8,4.2,0.9,92,8,0,28.37,,0,0,0,37.2,37.6,39.7,0.23,0.15,0.14
COLD,2015-12-02 02:40:00 EST,43.26127,-74.97878,1422,39.1,39.0,39.1,97.9,38.6,0.023,0.114,0.33,0.054,2.9,3.9,0.4,73,10,3.7,4.9,0.6,72,9,2.9,3.9,0.4,73,10,0,28.37,,0,0,0,37.2,37.6,39.7,0.23,0.15,0.14
COLD,2015-12-02 02:45:00 EST,43.26127,-74.97878,1422,39.0,38.9,39.0,97.9,38.4,0.018,0.131,0.29,0.059,2.2,3.4,0.4,69,6,2.9,4.5,0.5,68,7,2.2,3.4,0.4,69,6,0,28.37,,0,0,0,37.2,37.6,39.7,0.23,0.15,0.14
COLD,2015-12-02 02:50:00 EST,43.26127,-74.97878,1422,38.9,38.8,38.9,98.0,38.4,0.021,0.152,0.31,0.077,2.6,4.1,0.5,87,8,3.5,5.8,0.7,85,8,2.6,4.1,0.5,87,8,0,28.36,,0,0,0,37.3,37.6,39.7,0.23,0.15,0.14
COLD,2015-12-02 02:55:00 EST,43.26127,-74.97878,1422,39.0,38.8,37.0,98.1,38.5,0.018,0.169,0.37,0.094,3.1,4.4,0.5,86,5,4.1,5.8,0.7,86,5,3.1,4.4,0.5,86,5,0,28.37,,0,0,0,37.3,37.6,39.7,0.23,0.15,0.14
COLD,2015-12-02 03:00:00 EST,43.26127,-74.97878,1422,38.9,38.8,36.8,98.3,38.5,0.016,0.186,0.26,0.111,3.3,4.4,0.6,92,4,4.1,5.4,0.6,91,4,3.3,4.4,0.6,92,4,0,28.36,,0,0,0,37.3,37.6,39.7,0.24,0.15,0.14
COLD,2015-12-02 03:05:00 EST,43.26127,-74.97878,1422,39.0,38.9,37.1,98.4,38.6,0.011,0.196,0.00,0.121,3.2,4.1,0.6,101,7,4.0,5.1,0.8,98,6,3.2,4.1,0.6,101,7,0,28.36,,0,0,0,37.4,37.6,39.7,0.24,0.15,0.14
COLD,2015-12-02 03:10:00 EST,43.26127,-74.97878,1422,39.1,39.0,37.3,98.5,38.7,0.011,0.208,0.00,0.133,3.1,3.7,0.3,93,5,4.0,4.9,0.4,92,4,3.1,3.7,0.3,93,5,0,28.36,,0,0,0,37.4,37.6,39.7,0.24,0.15,0.14
COLD,2015-12-02 03:15:00 EST,43.26127,-74.97878,1422,39.2,39.0,37.3,98.5,38.8,0.021,0.229,0.30,0.154,3.1,3.7,0.3,100,6,4.1,5.1,0.4,97,4,3.1,3.7,0.3,100,6,0,28.36,,0,0,0,37.4,37.6,39.7,0.24,0.15,0.14
COLD,2015-12-02 03:20:00 EST,43.26127,-74.97878,1422,39.1,39.0,39.1,98.5,38.7,0.026,0.255,0.39,0.178,2.4,2.9,0.3,96,8,3.3,4.0,0.4,95,7,2.4,2.9,0.3,96,8,0,28.37,,0,0,0,37.4,37.6,39.7,0.25,0.15,0.14
COLD,2015-12-02 03:25:00 EST,43.26127,-74.97878,1422,39.1,38.9,37.1,98.5,38.7,0.024,0.279,0.33,0.200,3.2,4.5,0.5,92,7,4.2,5.8,0.5,90,6,3.2,4.5,0.5,92,7,0,28.36,,0,0,0,37.5,37.7,39.7,0.25,0.15,0.14
COLD,2015-12-02 03:30:00 EST,43.26127,-74.97878,1422,39.0,38.9,36.3,98.5,38.7,0.020,0.300,0.37,0.220,3.9,4.7,0.4,101,5,5.0,6.0,0.6,97,3,3.9,4.7,0.4,101,5,0,28.35,,0,0,0,37.5,37.6,39.7,0.25,0.15,0.14
COLD,2015-12-02 03:35:00 EST,43.26127,-74.97878,1422,39.0,38.9,39.0,98.6,38.7,0.025,0.325,0.43,0.234,3.0,5.0,1.0,105,8,3.8,6.3,1.3,101,7,3.0,5.0,1.0,105,8,0,28.36,,0,0,0,37.4,37.6,39.7,0.26,0.15,0.14
COLD,2015-12-02 03:40:00 EST,43.26127,-74.97878,1422,39.0,38.9,39.0,98.6,38.6,0.017,0.341,0.35,0.228,2.8,4.6,0.7,110,10,3.7,5.8,1.0,105,9,2.8,4.6,0.7,110,10,0,28.35,,0,0,0,37.5,37.7,39.7,0.26,0.15,0.14
COLD,2015-12-02 03:45:00 EST,43.26127,-74.97878,1422,39.1,39.0,39.1,98.7,38.7,0.013,0.354,0.27,0.223,2.8,4.1,0.6,123,11,3.3,5.1,0.7,116,11,2.8,4.1,0.6,123,11,0,28.35,,0,0,0,37.6,37.7,39.7,0.27,0.15,0.14
COLD,2015-12-02 03:50:00 EST,43.26127,-74.97878,1422,39.2,39.1,39.2,98.7,38.8,0.011,0.365,0.00,0.214,2.2,3.7,0.7,127,13,2.8,5.1,0.7,122,13,2.2,3.7,0.7,127,13,0,28.35,,0,0,0,37.6,37.7,39.7,0.27,0.15,0.15
COLD,2015-12-02 03:55:00 EST,43.26127,-74.97878,1422,39.2,39.2,39.2,98.7,38.9,0.006,0.371,0.00,0.202,2.7,5.0,0.7,138,17,3.2,5.8,0.8,131,16,2.7,5.0,0.7,138,17,0,28.35,,0,0,0,37.6,37.7,39.7,0.27,0.15,0.14
COLD,2015-12-02 04:00:00 EST,43.26127,-74.97878,1422,39.4,39.3,39.4,98.7,39.0,0.003,0.374,0.00,0.188,2.9,4.8,0.6,128,19,3.5,6.0,0.8,120,18,2.9,4.8,0.6,128,19,0,28.35,,0,0,0,37.6,37.8,39.7,0.27,0.15,0.14
COLD,2015-12-02 04:05:00 EST,43.26127,-74.97878,1422,39.4,39.4,39.4,98.8,39.1,0.000,0.374,0.00,0.177,2.9,5.0,0.8,123,11,3.4,6.0,0.9,117,11,2.9,5.0,0.8,123,11,0,28.34,,0,0,0,37.7,37.7,39.7,0.27,0.15,0.14
COLD,2015-12-02 04:10:00 EST,43.26127,-74.97878,1422,39.4,39.5,39.4,98.8,39.1,0.000,0.374,0.00,0.166,2.7,4.2,0.7,119,12,3.4,6.3,0.8,111,11,2.7,4.2,0.7,119,12,0,28.34,,0,0,0,37.7,37.7,39.7,0.27,0.15,0.15
COLD,2015-12-02 04:15:00 EST,43.26127,-74.97878,1422,39.5,39.5,39.5,98.8,39.1,0.000,0.374,0.00,0.145,2.8,4.3,0.6,110,9,3.7,6.0,0.8,104,8,2.8,4.3,0.6,110,9,0,28.34,,0,0,0,37.7,37.8,39.7,0.27,0.16,0.15
COLD,2015-12-02 04:20:00 EST,43.26127,-74.97878,1422,39.5,39.4,39.5,98.8,39.1,0.000,0.374,0.00,0.118,2.3,4.0,0.6,114,10,3.0,5.1,0.7,107,10,2.3,4.0,0.6,114,10,0,28.34,,0,0,0,37.7,37.7,39.7,0.27,0.16,0.14
COLD,2015-12-02 04:25:00 EST,43.26127,-74.97878,1422,39.5,39.4,39.5,98.7,39.2,0.002,0.376,0.00,0.097,2.6,4.2,0.9,114,10,3.3,5.4,1.0,107,9,2.6,4.2,0.9,114,10,0,28.34,,0,0,0,37.8,37.8,39.7,0.27,0.15,0.14
COLD,2015-12-02 04:30:00 EST,43.26127,-74.97878,1422,39.5,39.5,39.5,98.7,39.2,0.003,0.379,0.00,0.080,2.3,3.9,0.7,119,11,3.0,4.9,0.8,112,10,2.3,3.9,0.7,119,11,0,28.34,,0,0,0,37.8,37.8,39.7,0.27,0.15,0.15
COLD,2015-12-02 04:35:00 EST,43.26127,-74.97878,1422,39.6,39.5,39.6,98.7,39.2,0.000,0.379,0.00,0.055,2.7,4.5,0.9,108,12,3.6,6.3,1.0,102,11,2.7,4.5,0.9,108,12,0,28.33,,0,0,0,37.8,37.8,39.7,0.27,0.15,0.14
COLD,2015-12-02 04:40:00 EST,43.26127,-74.97878,1422,39.6,39.5,39.6,98.7,39.2,0.000,0.379,0.00,0.038,2.3,3.7,0.5,111,14,3.1,4.5,0.6,105,11,2.3,3.7,0.5,111,14,0,28.34,,0,0,0,37.8,37.7,39.7,0.27,0.16,0.14
COLD,2015-12-02 04:45:00 EST,43.26127,-74.97878,1422,39.5,39.5,39.5,98.7,39.2,0.000,0.379,0.00,0.025,2.9,4.9,0.9,111,12,3.7,6.5,1.2,104,11,2.9,4.9,0.9,111,12,0,28.33,,0,0,0,37.9,37.8,39.7,0.27,0.16,0.15
COLD,2015-12-02 04:50:00 EST,43.26127,-74.97878,1422,39.5,39.5,37.4,98.7,39.2,0.000,0.379,0.00,0.014,3.4,5.3,0.8,100,11,4.3,6.5,0.9,96,9,3.4,5.3,0.8,100,11,0,28.33,,0,0,0,37.9,37.8,39.7,0.27,0.16,0.15
COLD,2015-12-02 04:55:00 EST,43.26127,-74.97878,1422,39.5,39.5,39.5,98.6,39.2,0.000,0.379,0.00,0.008,2.4,4.0,0.9,106,13,3.2,5.1,1.1,100,12,2.4,4.0,0.9,106,13,0,28.34,,0,0,0,37.9,37.8,39.8,0.27,0.16,0.15
COLD,2015-12-02 05:00:00 EST,43.26127,-74.97878,1422,39.5,39.4,39.5,98.6,39.2,0.000,0.379,0.00,0.005,1.8,3.4,1.2,92,7,2.7,4.7,1.3,91,11,1.8,3.4,1.2,92,7,0,28.34,,0,0,0,37.9,37.8,39.7,0.27,0.16,0.15
COLD,2015-12-02 05:05:00 EST,43.26127,-74.97878,1422,39.5,39.4,39.5,98.6,39.1,0.003,0.382,0.00,0.008,2.6,3.1,0.3,100,8,3.5,4.3,0.4,97,6,2.6,3.1,0.3,100,8,0,28.34,,0,0,0,37.9,37.8,39.7,0.27,0.16,0.14
COLD,2015-12-02 05:10:00 EST,43.26127,-74.97878,1422,39.4,39.3,39.4,98.6,39.1,0.004,0.386,0.00,0.012,1.8,2.9,0.6,110,14,2.5,4.3,0.7,103,11,1.8,2.9,0.6,110,14,0,28.34,,0,0,0,37.9,37.8,39.7,0.27,0.16,0.14
COLD,2015-12-02 05:15:00 EST,43.26127,-74.97878,1422,39.4,39.3,37.1,98.5,39.1,0.006,0.392,0.00,0.018,3.5,4.3,0.6,91,4,4.5,5.4,0.8,89,4,3.5,4.3,0.6,91,4,0,28.34,,0,0,0,37.9,37.8,39.7,0.27,0.16,0.14
COLD,2015-12-02 05:20:00 EST,43.26127,-74.97878,1422,39.4,39.3,39.4,98.6,39.0,0.006,0.398,0.00,0.024,1.4,3.4,1.0,112,9,2.3,4.9,1.1,107,11,1.4,3.4,1.0,112,9,0,28.34,,0,0,0,38.0,37.8,39.7,0.27,0.16,0.14
COLD,2015-12-02 05:25:00 EST,43.26127,-74.97878,1422,39.4,39.3,39.4,98.6,39.1,0.003,0.401,0.00,0.025,1.9,3.0,0.7,106,11,2.6,4.3,0.8,103,9,1.9,3.0,0.7,106,11,0,28.34,,0,0,0,38.0,37.8,39.7,0.27,0.16,0.15
COLD,2015-12-02 05:30:00 EST,43.26127,-74.97878,1422,39.5,39.4,39.5,98.6,39.1,0.004,0.405,0.00,0.025,2.6,3.7,0.8,101,6,3.6,4.9,0.9,97,5,2.6,3.7,0.8,101,6,0,28.34,,0,0,0,38.0,37.8,39.7,0.27,0.16,0.15
COLD,2015-12-02 05:35:00 EST,43.26127,-74.97878,1422,39.5,39.4,39.5,98.7,39.1,0.003,0.407,0.00,0.028,2.1,3.1,0.5,105,5,3.0,4.3,0.5,100,4,2.1,3.1,0.5,105,5,0,28.34,,0,0,0,38.0,37.8,39.7,0.27,0.16,0.15
COLD,2015-12-02 05:40:00 EST,43.26127,-74.97878,1422,39.5,39.3,39.5,98.7,39.1,0.002,0.409,0.00,0.030,2.7,3.4,0.3,104,5,3.6,4.9,0.4,100,5,2.7,3.4,0.3,104,5,0,28.34,,0,0,0,38.0,37.9,39.7,0.27,0.16,0.15
COLD,2015-12-02 05:45:00 EST,43.26127,-74.97878,1422,39.5,39.4,39.5,98.7,39.1,0.004,0.413,0.00,0.034,1.9,3.1,0.5,107,8,2.7,4.0,0.6,102,8,1.9,3.1,0.5,107,8,0,28.34,,0,0,0,38.1,37.9,39.7,0.27,0.16,0.15
COLD,2015-12-02 05:50:00 EST,43.26127,-74.97878,1422,39.5,39.5,39.5,98.8,39.2,0.006,0.419,0.00,0.039,1.2,2.2,0.5,136,13,1.7,3.4,0.4,124,11,1.2,2.2,0.5,136,13,0,28.34,,0,0,0,38.0,37.9,39.7,0.27,0.16,0.15
COLD,2015-12-02 05:55:00 EST,43.26127,-74.97878,1422,39.6,39.5,39.6,98.8,39.2,0.007,0.426,0.00,0.047,0.9,1.8,0.4,112,13,1.7,2.7,0.4,105,13,0.9,1.8,0.4,112,13,0,28.34,,0,0,0,38.1,37.9,39.7,0.27,0.16,0.15
COLD,2015-12-02 06:00:00 EST,43.26127,-74.97878,1422,39.6,39.6,39.6,98.8,39.3,0.010,0.436,0.00,0.057,1.0,1.6,0.2,122,6,1.6,2.5,0.2,112,7,1.0,1.6,0.2,122,6,0,28.34,,0,0,0,38.1,37.9,39.7,0.27,0.16,0.15
COLD,2015-12-02 06:05:00 EST,43.26127,-74.97878,1422,39.7,39.7,39.7,98.8,39.4,0.002,0.438,0.00,0.056,1.7,2.5,0.3,114,5,2.5,3.8,0.3,106,5,1.7,2.5,0.3,114,5,0,28.34,,0,0,0,38.1,37.9,39.7,0.27,0.16,0.15
COLD,2015-12-02 06:10:00 EST,43.26127,-74.97878,1422,39.7,39.8,39.7,98.8,39.4,0.000,0.438,0.00,0.052,2.1,4.1,0.7,109,7,3.0,4.9,0.8,103,6,2.1,4.1,0.7,109,7,0,28.33,,0,0,0,38.1,37.9,39.7,0.27,0.16,0.15
COLD,2015-12-02 06:15:00 EST,43.26127,-74.97878,1422,39.7,39.9,37.8,98.9,39.4,0.005,0.443,0.00,0.051,3.2,4.0,0.4,104,8,4.1,5.4,0.5,99,6,3.2,4.0,0.4,104,8,0,28.33,,0,0,0,38.2,37.9,39.7,0.27,0.16,0.15
COLD,2015-12-02 06:20:00 EST,43.26127,-74.97878,1422,39.8,39.8,39.8,98.9,39.5,0.009,0.452,0.00,0.054,2.7,4.5,1.0,106,11,3.5,6.0,1.3,103,11,2.7,4.5,1.0,106,11,0,28.33,,0,0,0,38.1,37.9,39.7,0.27,0.16,0.15
COLD,2015-12-02 06:25:00 EST,43.26127,-74.97878,1422,39.8,39.9,39.8,98.9,39.5,0.003,0.455,0.00,0.054,0.8,1.8,0.7,136,11,1.3,2.9,0.5,132,17,0.8,1.8,0.7,136,11,0,28.33,,0,0,0,38.2,37.9,39.7,0.27,0.16,0.15
COLD,2015-12-02 06:30:00 EST,43.26127,-74.97878,1422,39.9,39.8,39.9,98.9,39.6,0.000,0.455,0.00,0.050,0.0,0.0,0.0,0,0,0.6,2.0,0.3,139,49,0.0,0.0,0.0,0,0,0,28.34,,0,0,0,38.2,37.9,39.7,0.27,0.16,0.15
COLD,2015-12-02 06:35:00 EST,43.26127,-74.97878,1422,39.9,40.0,39.9,98.9,39.6,0.001,0.456,0.00,0.048,0.4,1.8,0.5,129,15,1.3,2.5,0.4,111,16,0.4,1.8,0.5,129,15,0,28.34,,0,0,0,38.2,37.9,39.7,0.27,0.16,0.15
COLD,2015-12-02 06:40:00 EST,43.26127,-74.97878,1422,40.0,40.2,40.0,98.9,39.7,0.000,0.456,0.00,0.047,0.3,1.4,0.4,124,18,1.3,2.2,0.4,103,26,0.3,1.4,0.4,124,18,0,28.33,,0,0,0,38.2,37.9,39.7,0.27,0.16,0.15
COLD,2015-12-02 06:45:00 EST,43.26127,-74.97878,1422,40.0,40.3,40.0,98.9,39.7,0.000,0.456,0.00,0.043,2.3,3.9,0.9,103,19,3.1,5.1,0.9,100,16,2.3,3.9,0.9,103,19,0,28.33,,0,0,0,38.2,37.9,39.7,0.27,0.16,0.15
COLD,2015-12-02 06:50:00 EST,43.26127,-74.97878,1422,40.0,40.2,40.0,98.9,39.7,0.000,0.456,0.00,0.037,1.4,3.5,0.7,152,29,2.0,4.5,0.8,145,28,1.4,3.5,0.7,152,29,0,28.33,,0,0,0,38.3,37.9,39.7,0.27,0.16,0.15
COLD,2015-12-02 06:55:00 EST,43.26127,-74.97878,1422,40.2,40.5,40.2,98.9,39.9,0.000,0.456,0.00,0.030,1.4,3.8,0.8,142,21,2.0,4.9,0.9,132,20,1.4,3.8,0.8,142,21,0,28.33,,0,0,0,38.3,37.9,39.7,0.27,0.16,0.15
COLD,2015-12-02 07:00:00 EST,43.26127,-74.97878,1422,40.4,40.9,40.4,99.0,40.1,0.000,0.456,0.00,0.019,1.9,3.7,0.6,139,21,2.6,4.7,0.8,132,22,1.9,3.7,0.6,139,21,0,28.33,,0,0,0,38.3,37.9,39.7,0.27,0.16,0.15
COLD,2015-12-02 07:05:00 EST,43.26127,-74.97878,1422,40.4,40.9,38.4,99.0,40.2,0.000,0.456,0.00,0.018,3.4,5.5,1.2,104,15,4.4,6.7,1.4,101,13,3.4,5.5,1.2,104,15,0,28.32,,0,0,0,38.3,38.0,39.7,0.26,0.16,0.15
COLD,2015-12-02 07:10:00 EST,43.26127,-74.97878,1422,40.6,41.1,40.6,99.0,40.3,0.000,0.456,0.00,0.018,2.4,5.0,0.8,135,24,2.8,6.3,1.1,127,22,2.4,5.0,0.8,135,24,0,28.32,,0,0,0,38.3,38.0,39.7,0.26,0.16,0.15
COLD,2015-12-02 07:15:00 EST,43.26127,-74.97878,1422,40.9,41.4,40.9,99.1,40.7,0.002,0.458,0.00,0.015,2.0,4.0,1.0,192,11,2.4,5.8,1.0,183,10,2.0,4.0,1.0,192,11,0,28.33,,0,0,0,38.3,37.9,39.7,0.26,0.16,0.15
COLD,2015-12-02 07:20:00 EST,43.26127,-74.97878,1422,41.4,41.6,41.4,99.1,41.1,0.000,0.458,0.00,0.006,2.6,6.2,1.3,168,22,3.1,7.4,1.7,158,21,2.6,6.2,1.3,168,22,0,28.33,,0,0,0,38.3,38.0,39.7,0.26,0.16,0.15
COLD,2015-12-02 07:25:00 EST,43.26127,-74.97878,1422,41.7,41.9,39.3,99.1,41.5,0.000,0.458,0.00,0.003,4.0,5.6,0.8,183,10,4.6,6.7,0.9,177,8,4.0,5.6,0.8,183,10,1,28.34,,0,0,0,38.3,38.0,39.7,0.26,0.16,0.15
COLD,2015-12-02 07:30:00 EST,43.26127,-74.97878,1422,42.0,42.0,38.7,99.1,41.8,0.000,0.458,0.00,0.003,5.1,7.7,1.0,190,11,5.9,9.4,1.2,184,9,5.1,7.7,1.0,190,11,1,28.34,,0,0,0,38.3,38.0,39.7,0.26,0.16,0.15
COLD,2015-12-02 07:35:00 EST,43.26127,-74.97878,1422,42.2,42.2,38.8,99.0,42.0,0.000,0.458,0.00,0.002,5.4,9.5,1.1,184,9,6.2,11.0,1.3,179,8,5.4,9.5,1.1,184,9,2,28.34,,0,0,0,38.4,38.0,39.7,0.26,0.16,0.15
COLD,2015-12-02 07:40:00 EST,43.26127,-74.97878,1422,42.2,42.2,38.9,98.9,41.9,0.000,0.458,0.00,0.002,5.2,7.9,1.5,183,13,6.2,9.2,1.6,179,12,5.2,7.9,1.5,183,13,3,28.34,,0,0,0,38.4,38.0,39.7,0.26,0.16,0.15
COLD,2015-12-02 07:45:00 EST,43.26127,-74.97878,1422,41.9,41.8,38.3,98.7,41.6,0.000,0.458,0.00,0.002,5.6,7.3,0.9,179,13,6.6,10.1,1.1,175,10,5.6,7.3,0.9,179,13,3,28.34,,0,0,0,38.4,38.0,39.7,0.26,0.16,0.15
COLD,2015-12-02 07:50:00 EST,43.26127,-74.97878,1422,41.6,41.6,37.8,98.5,41.3,0.000,0.458,0.00,0.002,5.8,9.6,1.7,172,11,7.0,12.8,2.0,169,10,5.8,9.6,1.7,172,11,4,28.33,,0,0,0,38.4,38.0,39.7,0.26,0.16,0.15
COLD,2015-12-02 07:55:00 EST,43.26127,-74.97878,1422,41.6,41.5,38.8,98.4,41.2,0.000,0.458,0.00,0.002,4.3,7.7,1.5,169,17,5.3,9.4,1.6,165,15,4.3,7.7,1.5,169,17,6,28.33,,0,0,0,38.5,38.0,39.7,0.26,0.16,0.16
COLD,2015-12-02 08:00:00 EST,43.26127,-74.97878,1422,41.7,41.7,39.8,98.4,41.3,0.000,0.458,0.00,0.002,3.4,6.4,1.1,167,17,4.1,7.4,1.2,161,15,3.4,6.4,1.1,167,17,7,28.33,,0,0,0,38.5,38.0,39.7,0.26,0.16,0.15
COLD,2015-12-02 08:05:00 EST,43.26127,-74.97878,1422,41.9,41.9,40.1,98.4,41.5,0.000,0.458,0.00,0.002,3.4,7.0,1.2,177,19,4.2,9.4,1.4,170,18,3.4,7.0,1.2,177,19,6,28.34,,0,0,0,38.5,38.0,39.7,0.26,0.16,0.15
COLD,2015-12-02 08:10:00 EST,43.26127,-74.97878,1422,42.1,42.1,40.2,98.4,41.7,0.000,0.458,0.00,0.002,3.5,6.4,1.3,170,17,4.2,7.8,1.4,164,14,3.5,6.4,1.3,170,17,7,28.34,,0,0,0,38.5,38.0,39.7,0.26,0.16,0.15
COLD,2015-12-02 08:15:00 EST,43.26127,-74.97878,1422,42.2,42.1,38.9,98.4,41.8,0.000,0.458,0.00,0.000,5.2,7.5,0.7,177,11,6.1,9.6,1.0,173,9,5.2,7.5,0.7,177,11,8,28.34,,0,0,0,38.6,38.0,39.7,0.26,0.16,0.16
COLD,2015-12-02 08:20:00 EST,43.26127,-74.97878,1422,42.3,42.2,38.9,98.3,41.8,0.000,0.458,0.00,0.000,5.3,8.4,1.5,171,14,6.1,10.1,2.0,169,11,5.3,8.4,1.5,171,14,9,28.34,,0,0,0,38.6,38.1,39.7,0.26,0.16,0.16
COLD,2015-12-02 08:25:00 EST,43.26127,-74.97878,1422,42.5,42.4,40.0,98.3,42.0,0.000,0.458,0.00,0.000,4.2,7.9,1.5,169,14,5.1,8.9,1.7,165,14,4.2,7.9,1.5,169,14,10,28.33,,0,0,0,38.6,38.1,39.7,0.26,0.16,0.16
COLD,2015-12-02 08:30:00 EST,43.26127,-74.97878,1422,42.7,42.6,40.5,98.4,42.2,0.000,0.458,0.00,0.000,3.9,8.0,1.5,169,25,4.6,10.7,1.8,163,24,3.9,8.0,1.5,169,25,11,28.33,,0,0,0,38.7,38.1,39.7,0.26,0.16,0.15
COLD,2015-12-02 08:35:00 EST,43.26127,-74.97878,1422,42.8,42.8,39.5,98.4,42.4,0.000,0.458,0.00,0.000,5.4,8.1,1.0,183,9,6.3,10.1,1.3,179,8,5.4,8.1,1.0,183,9,8,28.34,,0,0,0,38.7,38.1,39.7,0.26,0.16,0.16
COLD,2015-12-02 08:40:00 EST,43.26127,-74.97878,1422,42.9,42.8,38.6,98.3,42.5,0.000,0.458,0.00,0.000,7.0,10.2,1.2,184,9,8.0,11.6,1.4,180,7,7.0,10.2,1.2,184,9,6,28.35,,0,0,0,38.7,38.1,39.7,0.26,0.16,0.16
COLD,2015-12-02 08:45:00 EST,43.26127,-74.97878,1422,42.8,42.8,38.9,98.3,42.4,0.002,0.460,0.00,0.002,6.5,8.8,1.2,199,10,7.5,10.5,1.4,193,8,6.5,8.8,1.2,199,10,5,28.35,,0,0,0,38.7,38.1,39.7,0.26,0.16,0.16
COLD,2015-12-02 08:50:00 EST,43.26127,-74.97878,1422,42.8,42.7,38.6,98.3,42.4,0.009,0.468,0.24,0.011,6.9,11.7,1.9,187,10,7.9,13.4,2.2,183,9,6.9,11.7,1.9,187,10,7,28.36,,0,0,0,38.7,38.1,39.7,0.26,0.16,0.15
COLD,2015-12-02 08:55:00 EST,43.26127,-74.97878,1422,42.7,42.6,38.8,98.2,42.2,0.002,0.470,0.00,0.013,6.3,9.4,1.2,184,13,7.1,11.0,1.6,180,11,6.3,9.4,1.2,184,13,10,28.35,,0,0,0,38.8,38.1,39.7,0.26,0.16,0.16
COLD,2015-12-02 09:00:00 EST,43.26127,-74.97878,1422,42.5,42.4,38.0,98.1,42.0,0.006,0.476,0.00,0.019,7.2,9.6,1.1,178,11,8.3,11.9,1.4,177,9,7.2,9.6,1.1,178,11,11,28.35,,0,0,0,38.8,38.1,39.7,0.26,0.16,0.16
COLD,2015-12-02 09:05:00 EST,43.26127,-74.97878,1422,42.3,42.2,38.7,98.1,41.8,0.002,0.478,0.00,0.020,5.8,10.3,1.3,191,16,6.5,12.1,1.6,185,15,5.8,10.3,1.3,191,16,13,28.35,,0,0,0,38.9,38.1,39.7,0.26,0.16,0.16
COLD,2015-12-02 09:10:00 EST,43.26127,-74.97878,1422,42.2,42.1,38.3,98.2,41.8,0.000,0.478,0.00,0.020,6.2,8.9,1.5,174,13,7.3,11.0,1.8,171,11,6.2,8.9,1.5,174,13,14,28.35,,0,0,0,38.8,38.1,39.7,0.26,0.16,0.16
COLD,2015-12-02 09:15:00 EST,43.26127,-74.97878,1422,42.3,42.1,39.5,98.3,41.8,0.000,0.478,0.00,0.020,4.5,7.4,1.5,167,15,5.6,9.4,1.7,163,13,4.5,7.4,1.5,167,15,17,28.34,,0,0,0,38.9,38.2,39.7,0.26,0.16,0.16
COLD,2015-12-02 09:20:00 EST,43.26127,-74.97878,1422,42.4,42.3,41.1,98.4,42.0,0.002,0.480,0.00,0.022,3.0,4.9,1.1,156,20,3.6,6.0,1.2,149,22,3.0,4.9,1.1,156,20,19,28.34,,0,0,0,38.9,38.2,39.7,0.26,0.16,0.16
COLD,2015-12-02 09:25:00 EST,43.26127,-74.97878,1422,42.6,42.5,40.9,98.5,42.2,0.000,0.480,0.00,0.022,3.5,7.3,1.5,168,19,4.1,8.1,1.6,162,18,3.5,7.3,1.5,168,19,21,28.34,,0,0,0,39.0,38.2,39.7,0.26,0.16,0.16
COLD,2015-12-02 09:30:00 EST,43.26127,-74.97878,1422,42.7,42.6,42.7,98.5,42.3,0.002,0.482,0.00,0.024,2.9,5.5,1.1,174,14,3.6,6.9,1.1,166,13,2.9,5.5,1.1,174,14,24,28.34,,0,0,0,39.0,38.2,39.7,0.25,0.16,0.16
COLD,2015-12-02 09:35:00 EST,43.26127,-74.97878,1422,42.8,42.7,40.9,98.5,42.4,0.000,0.482,0.00,0.024,3.7,6.1,0.8,156,19,4.5,7.4,0.9,148,17,3.7,6.1,0.8,156,19,29,28.33,,0,0,0,39.0,38.2,39.7,0.25,0.16,0.16
COLD,2015-12-02 09:40:00 EST,43.26127,-74.97878,1422,43.0,42.8,41.2,98.5,42.6,0.000,0.482,0.00,0.024,3.5,7.5,1.4,161,23,4.1,9.2,1.6,154,22,3.5,7.5,1.4,161,23,31,28.33,,0,0,0,39.0,38.2,39.7,0.25,0.16,0.16
COLD,2015-12-02 09:45:00 EST,43.26127,-74.97878,1422,43.0,42.8,41.0,98.5,42.6,0.000,0.482,0.00,0.022,3.8,5.5,0.9,185,16,4.3,6.5,1.1,176,15,3.8,5.5,0.9,185,16,30,28.33,,0,0,0,39.1,38.2,39.7,0.26,0.16,0.16
COLD,2015-12-02 09:50:00 EST,43.26127,-74.97878,1422,43.0,42.8,43.0,98.5,42.6,0.000,0.482,0.00,0.013,2.9,4.6,0.8,208,16,3.2,5.1,0.9,197,18,2.9,4.6,0.8,208,16,29,28.33,,0,0,0,39.1,38.2,39.7,0.25,0.16,0.16
COLD,2015-12-02 09:55:00 EST,43.26127,-74.97878,1422,43.1,42.9,43.1,98.5,42.7,0.000,0.482,0.00,0.011,2.5,3.9,0.7,220,11,2.5,4.7,0.8,210,12,2.5,3.9,0.7,220,11,32,28.34,,0,0,0,39.2,38.3,39.7,0.25,0.16,0.16
COLD,2015-12-02 10:00:00 EST,43.26127,-74.97878,1422,43.2,42.9,41.1,98.6,42.8,0.002,0.484,0.00,0.007,3.8,5.9,0.9,198,12,4.2,6.7,1.1,188,11,3.8,5.9,0.9,198,12,28,28.34,,0,0,0,39.2,38.3,39.7,0.25,0.16,0.16
COLD,2015-12-02 10:05:00 EST,43.26127,-74.97878,1422,43.2,43.0,40.9,98.6,42.8,0.000,0.484,0.00,0.006,4.1,5.7,0.8,189,9,4.8,6.9,0.9,181,8,4.1,5.7,0.8,189,9,31,28.33,,0,0,0,39.2,38.3,39.8,0.25,0.16,0.16
COLD,2015-12-02 10:10:00 EST,43.26127,-74.97878,1422,43.2,43.0,41.7,98.6,42.9,0.000,0.484,0.00,0.006,3.3,4.3,0.5,194,7,3.7,5.4,0.7,184,7,3.3,4.3,0.5,194,7,34,28.33,,0,0,0,39.2,38.3,39.7,0.25,0.16,0.16
COLD,2015-12-02 10:15:00 EST,43.26127,-74.97878,1422,43.3,43.0,40.8,98.6,42.9,0.000,0.484,0.00,0.006,4.4,5.8,0.8,194,8,4.9,6.7,1.0,186,8,4.4,5.8,0.8,194,8,34,28.33,,0,0,0,39.2,38.3,39.7,0.25,0.16,0.16
COLD,2015-12-02 10:20:00 EST,43.26127,-74.97878,1422,43.3,43.1,40.7,98.6,43.0,0.000,0.484,0.00,0.004,4.6,6.6,0.7,198,8,5.2,8.1,0.9,190,8,4.6,6.6,0.7,198,8,38,28.33,,0,0,0,39.2,38.3,39.8,0.25,0.16,0.16
COLD,2015-12-02 10:25:00 EST,43.26127,-74.97878,1422,43.3,43.0,41.0,98.6,42.9,0.002,0.486,0.00,0.006,4.1,5.6,0.7,183,11,4.9,6.9,0.7,176,11,4.1,5.6,0.7,183,11,46,28.33,,0,0,0,39.2,38.3,39.7,0.25,0.16,0.16
COLD,2015-12-02 10:30:00 EST,43.26127,-74.97878,1422,43.3,43.0,41.2,98.6,42.9,0.001,0.487,0.00,0.005,3.9,5.1,0.5,183,9,4.6,5.8,0.7,176,9,3.9,5.1,0.5,183,9,52,28.33,,0,0,0,39.3,38.3,39.7,0.25,0.16,0.16
COLD,2015-12-02 10:35:00 EST,43.26127,-74.97878,1422,43.3,43.0,41.2,98.6,42.9,0.000,0.487,0.00,0.005,4.0,5.5,0.5,195,5,4.4,6.3,0.7,187,5,4.0,5.5,0.5,195,5,54,28.33,,0,0,0,39.3,38.3,39.8,0.25,0.16,0.16
COLD,2015-12-02 10:40:00 EST,43.26127,-74.97878,1422,43.5,43.1,42.3,98.7,43.1,0.000,0.487,0.00,0.005,3.0,4.4,0.6,198,7,3.3,5.6,0.8,187,8,3.0,4.4,0.6,198,7,50,28.33,,0,0,0,39.4,38.3,39.8,0.25,0.16,0.16
COLD,2015-12-02 10:45:00 EST,43.26127,-74.97878,1422,43.5,43.1,41.9,98.7,43.1,0.000,0.487,0.00,0.005,3.4,4.2,0.4,180,9,3.9,4.9,0.6,170,9,3.4,4.2,0.4,180,9,48,28.32,,0,0,0,39.4,38.3,39.7,0.25,0.16,0.16
COLD,2015-12-02 10:50:00 EST,43.26127,-74.97878,1422,43.4,43.1,43.4,98.7,43.0,0.000,0.487,0.00,0.005,2.5,4.8,0.9,179,16,3.0,6.0,0.9,168,18,2.5,4.8,0.9,179,16,50,28.32,,0,0,0,39.4,38.3,39.7,0.25,0.16,0.16
COLD,2015-12-02 10:55:00 EST,43.26127,-74.97878,1422,43.3,43.1,41.6,98.7,43.0,0.002,0.489,0.00,0.007,3.6,4.9,0.6,200,8,3.9,5.6,0.7,190,8,3.6,4.9,0.6,200,8,41,28.32,,0,0,0,39.5,38.3,39.7,0.25,0.16,0.16
COLD,2015-12-02 11:00:00 EST,43.26127,-74.97878,1422,43.3,43.0,41.7,98.7,43.0,0.000,0.489,0.00,0.005,3.4,4.3,0.5,191,6,3.8,4.9,0.6,181,6,3.4,4.3,0.5,191,6,47,28.31,,0,0,0,39.5,38.3,39.8,0.25,0.16,0.16
COLD,2015-12-02 11:05:00 EST,43.26127,-74.97878,1422,43.4,43.1,43.4,98.8,43.1,0.000,0.489,0.00,0.005,0.7,2.0,0.6,190,16,1.4,2.5,0.5,157,31,0.7,2.0,0.6,190,16,58,28.30,,0,0,0,39.6,38.3,39.7,0.25,0.16,0.16
COLD,2015-12-02 11:10:00 EST,43.26127,-74.97878,1422,43.5,43.3,43.5,98.8,43.2,0.000,0.489,0.00,0.005,0.5,1.2,0.4,193,3,1.1,1.8,0.3,165,23,0.5,1.2,0.4,193,3,59,28.30,,0,0,0,39.6,38.3,39.7,0.25,0.16,0.16
COLD,2015-12-02 11:15:00 EST,43.26127,-74.97878,1422,43.6,43.4,43.6,98.8,43.3,0.000,0.489,0.00,0.005,1.4,2.3,0.7,227,14,1.4,2.9,0.5,214,22,1.4,2.3,0.7,227,14,58,28.30,,0,0,0,39.6,38.3,39.7,0.25,0.16,0.16
COLD,2015-12-02 11:20:00 EST,43.26127,-74.97878,1422,43.6,43.3,43.6,98.8,43.2,0.002,0.491,0.00,0.007,1.2,2.3,0.4,239,14,1.1,2.0,0.3,231,21,1.2,2.3,0.4,239,14,54,28.30,,0,0,0,39.7,38.3,39.7,0.25,0.16,0.16
COLD,2015-12-02 11:25:00 EST,43.26127,-74.97878,1422,43.7,43.3,43.7,98.8,43.4,0.000,0.491,0.00,0.005,1.2,2.0,0.4,257,20,1.2,2.0,0.4,262,31,1.2,2.0,0.4,257,20,58,28.29,,0,0,0,39.8,38.3,39.8,0.25,0.16,0.16
COLD,2015-12-02 11:30:00 EST,43.26127,-74.97878,1422,43.7,43.3,43.7,98.8,43.4,0.001,0.491,0.00,0.005,1.3,2.1,0.3,244,10,1.2,1.8,0.3,237,22,1.3,2.1,0.3,244,10,67,28.29,,0,0,0,39.8,38.4,39.7,0.25,0.16,0.16
COLD,2015-12-02 11:35:00 EST,43.26127,-74.97878,1422,43.6,43.3,43.6,98.8,43.2,0.000,0.491,0.00,0.005,1.3,2.4,0.5,233,13,1.2,2.5,0.5,220,21,1.3,2.4,0.5,233,13,61,28.28,,0,0,0,39.9,38.4,39.8,0.25,0.16,0.16
COLD,2015-12-02 11:40:00 EST,43.26127,-74.97878,1422,43.6,43.3,43.6,98.8,43.3,0.000,0.491,0.00,0.005,1.5,2.8,0.7,219,14,1.6,3.1,0.6,200,18,1.5,2.8,0.7,219,14,69,28.28,,0,0,0,39.9,38.4,39.7,0.25,0.16,0.16
COLD,2015-12-02 11:45:00 EST,43.26127,-74.97878,1422,43.8,43.4,43.8,98.9,43.5,0.000,0.491,0.00,0.005,2.4,3.0,0.3,197,9,2.6,3.6,0.4,184,9,2.4,3.0,0.3,197,9,67,28.28,,0,0,0,40.0,38.4,39.8,0.25,0.16,0.16
COLD,2015-12-02 11:50:00 EST,43.26127,-74.97878,1422,43.7,43.4,43.7,98.9,43.4,0.000,0.491,0.00,0.005,2.3,3.1,0.4,214,13,2.3,3.1,0.4,200,15,2.3,3.1,0.4,214,13,64,28.28,,0,0,0,40.0,38.4,39.8,0.25,0.16,0.16
COLD,2015-12-02 11:55:00 EST,43.26127,-74.97878,1422,43.7,43.4,43.7,98.9,43.4,0.000,0.491,0.00,0.003,1.4,2.6,0.4,236,17,1.3,2.0,0.3,228,28,1.4,2.6,0.4,236,17,62,28.28,,0,0,0,40.1,38.5,39.8,0.25,0.16,0.16
COLD,2015-12-02 12:00:00 EST,43.26127,-74.97878,1422,43.7,43.3,43.7,98.9,43.4,0.000,0.491,0.00,0.003,2.0,2.8,0.4,255,11,1.9,2.7,0.4,252,16,2.0,2.8,0.4,255,11,56,28.27,,0,0,0,40.1,38.5,39.7,0.25,0.16,0.16
COLD,2015-12-02 12:05:00 EST,43.26127,-74.97878,1422,43.7,43.4,43.7,98.9,43.4,0.000,0.491,0.00,0.003,0.6,1.8,0.6,260,9,0.8,1.6,0.4,284,47,0.6,1.8,0.6,260,9,57,28.27,,0,0,0,40.2,38.5,39.8,0.25,0.16,0.16
COLD,2015-12-02 12:10:00 EST,43.26127,-74.97878,1422,43.7,43.5,43.7,98.9,43.4,0.000,0.491,0.00,0.003,1.0,1.9,0.4,354,26,1.5,2.9,0.5,17,24,1.0,1.9,0.4,354,26,47,28.26,,0,0,0,40.2,38.5,39.7,0.25,0.16,0.16
COLD,2015-12-02 12:15:00 EST,43.26127,-74.97878,1422,43.8,43.5,43.8,98.9,43.5,0.000,0.491,0.00,0.003,2.0,2.7,0.4,35,8,2.3,3.1,0.4,42,8,2.0,2.7,0.4,35,8,43,28.26,,0,0,0,40.3,38.5,39.8,0.25,0.16,0.16
COLD,2015-12-02 12:20:00 EST,43.26127,-74.97878,1422,43.7,43.4,43.7,98.9,43.4,0.002,0.493,0.00,0.003,2.4,3.2,0.4,19,9,2.8,4.0,0.5,27,9,2.4,3.2,0.4,19,9,40,28.26,,0,0,0,40.3,38.5,39.8,0.25,0.16,0.16
COLD,2015-12-02 12:25:00 EST,43.26127,-74.97878,1422,43.6,43.3,43.6,98.9,43.3,0.000,0.493,0.00,0.003,2.1,2.8,0.3,6,10,2.6,3.6,0.4,16,10,2.1,2.8,0.3,6,10,42,28.26,,0,0,0,40.4,38.5,39.8,0.25,0.16,0.16
COLD,2015-12-02 12:30:00 EST,43.26127,-74.97878,1422,43.5,43.2,43.5,98.9,43.2,0.000,0.493,0.00,0.002,2.4,3.1,0.3,350,8,3.0,4.0,0.5,2,8,2.4,3.1,0.3,350,8,43,28.26,,0,0,0,40.4,38.5,39.8,0.25,0.16,0.16
COLD,2015-12-02 12:35:00 EST,43.26127,-74.97878,1422,43.6,43.3,43.6,98.9,43.3,0.000,0.493,0.00,0.002,2.1,2.8,0.4,341,14,2.5,3.6,0.6,355,15,2.1,2.8,0.4,341,14,41,28.26,,0,0,0,40.5,38.5,39.8,0.25,0.16,0.16
COLD,2015-12-02 12:40:00 EST,43.26127,-74.97878,1422,43.5,43.3,43.5,99.0,43.2,0.000,0.493,0.00,0.002,1.8,2.7,0.4,338,12,2.1,3.6,0.5,354,15,1.8,2.7,0.4,338,12,37,28.26,,0,0,0,40.5,38.5,39.8,0.25,0.16,0.16
COLD,2015-12-02 12:45:00 EST,43.26127,-74.97878,1422,43.6,43.3,43.6,99.0,43.3,0.000,0.493,0.00,0.002,0.6,1.5,0.4,293,31,0.7,1.6,0.3,294,42,0.6,1.5,0.4,293,31,32,28.26,,0,0,0,40.6,38.5,39.8,0.25,0.16,0.16
COLD,2015-12-02 12:50:00 EST,43.26127,-74.97878,1422,43.7,43.4,43.7,99.0,43.4,0.000,0.493,0.00,0.002,0.9,1.9,0.4,266,19,0.9,2.2,0.4,273,30,0.9,1.9,0.4,266,19,33,28.26,,0,0,0,40.6,38.6,39.8,0.25,0.16,0.16
COLD,2015-12-02 12:55:00 EST,43.26127,-74.97878,1422,43.6,43.4,43.6,99.0,43.3,0.003,0.496,0.00,0.005,0.4,1.5,0.5,265,8,0.6,1.8,0.4,249,40,0.4,1.5,0.5,265,8,33,28.26,,0,0,0,40.6,38.6,39.8,0.25,0.16,0.16
COLD,2015-12-02 13:00:00 EST,43.26127,-74.97878,1422,43.7,43.5,43.7,99.0,43.4,0.003,0.499,0.00,0.007,0.0,0.0,0.0,0,0,0.8,1.8,0.4,130,25,0.0,0.0,0.0,0,0,30,28.26,,0,0,0,40.7,38.6,39.8,0.25,0.16,0.16
COLD,2015-12-02 13:05:00 EST,43.26127,-74.97878,1422,43.7,43.5,43.7,99.0,43.5,0.000,0.499,0.00,0.007,0.3,1.4,0.4,168,1,0.9,2.2,0.5,146,17,0.3,1.4,0.4,168,1,29,28.25,,0,0,0,40.7,38.6,39.8,0.25,0.16,0.16
COLD,2015-12-02 13:10:00 EST,43.26127,-74.97878,1422,43.8,43.6,43.8,99.0,43.5,0.003,0.502,0.00,0.010,0.5,1.2,0.5,145,13,1.4,2.2,0.5,125,15,0.5,1.2,0.5,145,13,27,28.25,,0,0,0,40.8,38.7,39.8,0.25,0.16,0.16
COLD,2015-12-02 13:15:00 EST,43.26127,-74.97878,1422,43.8,43.5,43.8,99.0,43.5,0.002,0.503,0.00,0.012,1.8,2.3,0.3,106,9,2.7,3.6,0.4,102,8,1.8,2.3,0.3,106,9,27,28.24,,0,0,0,40.8,38.7,39.8,0.25,0.16,0.16
COLD,2015-12-02 13:20:00 EST,43.26127,-74.97878,1422,43.8,43.6,43.8,99.0,43.5,0.001,0.504,0.00,0.011,0.9,1.6,0.3,141,7,1.5,2.0,0.2,123,9,0.9,1.6,0.3,141,7,25,28.24,,0,0,0,40.8,38.7,39.8,0.24,0.16,0.16
COLD,2015-12-02 13:25:00 EST,43.26127,-74.97878,1422,43.7,43.5,43.7,99.0,43.5,0.004,0.508,0.00,0.015,1.1,2.0,0.7,128,9,1.8,2.9,0.5,115,10,1.1,2.0,0.7,128,9,29,28.23,,0,0,0,40.8,38.7,39.9,0.24,0.16,0.16
COLD,2015-12-02 13:30:00 EST,43.26127,-74.97878,1422,43.7,43.5,43.7,99.0,43.5,0.003,0.511,0.00,0.017,1.3,2.0,0.3,128,12,1.9,3.4,0.4,117,9,1.3,2.0,0.3,128,12,29,28.23,,0,0,0,40.9,38.7,39.8,0.25,0.16,0.16
COLD,2015-12-02 13:35:00 EST,43.26127,-74.97878,1422,43.7,43.6,43.7,99.0,43.5,0.001,0.511,0.00,0.018,1.2,3.8,0.8,141,14,1.8,4.5,0.7,130,12,1.2,3.8,0.8,141,14,27,28.23,,0,0,0,40.9,38.7,39.8,0.24,0.16,0.16
COLD,2015-12-02 13:40:00 EST,43.26127,-74.97878,1422,43.8,43.6,43.8,99.1,43.6,0.003,0.514,0.00,0.021,0.8,2.0,0.6,127,8,1.4,2.5,0.5,115,15,0.8,2.0,0.6,127,8,25,28.22,,0,0,0,40.9,38.7,39.8,0.25,0.16,0.16
COLD,2015-12-02 13:45:00 EST,43.26127,-74.97878,1422,43.8,43.6,43.8,99.1,43.6,0.003,0.517,0.00,0.024,1.2,2.3,0.7,121,14,2.0,3.6,0.6,111,14,1.2,2.3,0.7,121,14,22,28.22,,0,0,0,40.9,38.7,39.9,0.25,0.16,0.16
COLD,2015-12-02 13:50:00 EST,43.26127,-74.97878,1422,43.8,43.5,43.8,99.1,43.5,0.003,0.520,0.00,0.027,1.2,2.6,0.6,131,26,1.8,4.0,0.7,121,24,1.2,2.6,0.6,131,26,22,28.22,,0,0,0,40.9,38.7,39.9,0.25,0.16,0.16
COLD,2015-12-02 13:55:00 EST,43.26127,-74.97878,1422,43.8,43.5,43.8,99.0,43.5,0.004,0.524,0.00,0.027,1.5,2.6,0.5,111,17,2.3,3.8,0.7,105,15,1.5,2.6,0.5,111,17,21,28.22,,0,0,0,41.0,38.7,39.8,0.25,0.16,0.16
COLD,2015-12-02 14:00:00 EST,43.26127,-74.97878,1422,43.8,43.5,43.8,99.0,43.5,0.005,0.528,0.00,0.029,2.9,4.1,0.7,105,13,3.8,5.8,0.9,100,9,2.9,4.1,0.7,105,13,22,28.21,,0,0,0,41.0,38.7,39.8,0.25,0.16,0.16
COLD,2015-12-02 14:05:00 EST,43.26127,-74.97878,1422,43.7,43.5,43.7,99.0,43.5,0.007,0.535,0.00,0.037,3.0,5.5,1.1,107,12,3.8,6.9,1.3,102,10,3.0,5.5,1.1,107,12,22,28.21,,0,0,0,41.0,38.7,39.8,0.25,0.16,0.16
COLD,2015-12-02 14:10:00 EST,43.26127,-74.97878,1422,43.7,43.5,42.4,99.0,43.4,0.005,0.540,0.00,0.039,3.1,6.4,1.4,107,12,3.9,8.1,1.7,103,10,3.1,6.4,1.4,107,12,20,28.20,,0,0,0,41.1,38.7,39.9,0.25,0.16,0.16
COLD,2015-12-02 14:15:00 EST,43.26127,-74.97878,1422,43.7,43.5,43.7,99.0,43.4,0.006,0.546,0.00,0.043,2.4,5.3,0.8,114,16,3.1,6.0,0.9,108,14,2.4,5.3,0.8,114,16,20,28.20,,0,0,0,41.0,38.8,39.9,0.25,0.16,0.16
COLD,2015-12-02 14:20:00 EST,43.26127,-74.97878,1422,43.7,43.4,42.2,99.0,43.4,0.006,0.552,0.00,0.048,3.3,5.6,0.9,106,15,4.0,6.9,1.1,102,12,3.3,5.6,0.9,106,15,18,28.20,,0,0,0,41.1,38.8,39.8,0.25,0.16,0.16
COLD,2015-12-02 14:25:00 EST,43.26127,-74.97878,1422,43.6,43.4,41.1,99.0,43.3,0.007,0.559,0.00,0.051,4.4,5.9,1.0,103,10,5.4,7.4,1.1,100,9,4.4,5.9,1.0,103,10,19,28.20,,0,0,0,41.1,38.8,39.9,0.25,0.16,0.16
COLD,2015-12-02 14:30:00 EST,43.26127,-74.97878,1422,43.5,43.3,40.4,99.0,43.2,0.006,0.566,0.00,0.055,5.2,6.1,0.5,98,8,6.3,7.6,0.7,96,6,5.2,6.1,0.5,98,8,19,28.20,,0,0,0,41.1,38.8,39.9,0.25,0.16,0.16
COLD,2015-12-02 14:35:00 EST,43.26127,-74.97878,1422,43.3,43.1,39.8,99.0,43.0,0.005,0.571,0.00,0.059,5.8,7.2,0.5,94,6,6.9,8.5,0.7,94,5,5.8,7.2,0.5,94,6,19,28.19,,0,0,0,41.1,38.8,39.9,0.25,0.16,0.17
COLD,2015-12-02 14:40:00 EST,43.26127,-74.97878,1422,43.1,42.9,39.5,98.9,42.8,0.007,0.578,0.00,0.063,6.0,7.6,0.8,96,5,7.2,9.4,0.9,95,4,6.0,7.6,0.8,96,5,20,28.19,,0,0,0,41.1,38.9,39.8,0.25,0.16,0.17
COLD,2015-12-02 14:45:00 EST,43.26127,-74.97878,1422,42.9,42.7,38.5,98.9,42.6,0.004,0.581,0.00,0.064,7.2,9.4,1.1,91,6,8.6,11.4,1.3,91,6,7.2,9.4,1.1,91,6,20,28.18,,0,0,0,41.2,38.9,39.9,0.25,0.16,0.17
COLD,2015-12-02 14:50:00 EST,43.26127,-74.97878,1422,42.6,42.4,37.4,98.8,42.3,0.005,0.586,0.00,0.066,8.9,13.1,1.2,90,5,10.3,15.4,1.5,90,4,8.9,13.1,1.2,90,5,20,28.17,,0,0,0,41.1,38.9,39.9,0.25,0.16,0.17
COLD,2015-12-02 14:55:00 EST,43.26127,-74.97878,1422,42.4,42.2,37.2,98.8,42.1,0.004,0.590,0.00,0.066,8.8,11.8,1.4,87,6,10.2,14.5,1.6,88,5,8.8,11.8,1.4,87,6,19,28.17,,0,0,0,41.2,38.9,39.9,0.25,0.16,0.17
COLD,2015-12-02 15:00:00 EST,43.26127,-74.97878,1422,42.4,42.2,37.1,98.8,42.1,0.003,0.593,0.00,0.064,9.0,11.6,1.0,85,8,10.8,13.6,1.3,86,6,9.0,11.6,1.0,85,8,23,28.16,,0,0,0,41.2,38.9,39.9,0.25,0.16,0.17
COLD,2015-12-02 15:05:00 EST,43.26127,-74.97878,1422,42.4,42.3,37.8,98.8,42.1,0.003,0.596,0.00,0.060,7.6,9.8,1.0,87,7,9.0,12.1,1.4,86,5,7.6,9.8,1.0,87,7,23,28.15,,0,0,0,41.2,38.9,39.9,0.25,0.16,0.17
COLD,2015-12-02 15:10:00 EST,43.26127,-74.97878,1422,42.5,42.3,38.0,98.8,42.2,0.002,0.598,0.00,0.057,7.3,9.4,0.8,87,6,8.7,11.4,1.1,87,5,7.3,9.4,0.8,87,6,19,28.14,,0,0,0,41.2,39.0,39.9,0.25,0.16,0.16
COLD,2015-12-02 15:15:00 EST,43.26127,-74.97878,1422,42.6,42.5,39.2,98.9,42.3,0.000,0.598,0.00,0.051,5.5,8.0,1.0,92,6,6.6,10.1,1.3,90,5,5.5,8.0,1.0,92,6,24,28.14,,0,0,0,41.2,39.0,39.9,0.25,0.16,0.16
COLD,2015-12-02 15:20:00 EST,43.26127,-74.97878,1422,42.7,42.5,40.6,98.9,42.4,0.003,0.600,0.00,0.048,3.8,5.1,0.4,85,7,4.8,6.0,0.5,84,7,3.8,5.1,0.4,85,7,22,28.14,,0,0,0,41.2,39.0,39.9,0.25,0.16,0.16
COLD,2015-12-02 15:25:00 EST,43.26127,-74.97878,1422,42.9,42.8,42.9,98.9,42.6,0.000,0.600,0.00,0.041,2.9,4.0,0.4,86,9,3.9,5.1,0.5,85,8,2.9,4.0,0.4,86,9,13,28.14,,0,0,0,41.2,39.0,39.9,0.25,0.16,0.17
COLD,2015-12-02 15:30:00 EST,43.26127,-74.97878,1422,42.9,42.9,40.9,99.0,42.6,0.000,0.600,0.00,0.034,3.7,4.7,0.5,91,3,4.5,5.8,0.6,90,3,3.7,4.7,0.5,91,3,10,28.14,,0,0,0,41.2,39.0,39.9,0.25,0.16,0.17
COLD,2015-12-02 15:35:00 EST,43.26127,-74.97878,1422,43.0,43.0,41.0,99.0,42.7,0.000,0.600,0.00,0.029,3.8,5.0,1.0,100,9,4.7,6.3,1.2,98,8,3.8,5.0,1.0,100,9,8,28.14,,0,0,0,41.2,39.0,39.9,0.25,0.16,0.17
COLD,2015-12-02 15:40:00 EST,43.26127,-74.97878,1422,42.9,43.0,42.9,99.0,42.7,0.000,0.600,0.00,0.023,2.0,4.4,0.6,114,16,2.8,5.6,0.9,110,15,2.0,4.4,0.6,114,16,9,28.14,,0,0,0,41.2,39.0,39.9,0.25,0.16,0.16
COLD,2015-12-02 15:45:00 EST,43.26127,-74.97878,1422,43.1,43.2,40.2,99.0,42.9,0.006,0.606,0.00,0.025,4.9,6.1,0.6,91,7,6.0,7.4,0.8,90,5,4.9,6.1,0.6,91,7,9,28.14,,0,0,0,41.2,39.0,39.9,0.25,0.16,0.17
COLD,2015-12-02 15:50:00 EST,43.26127,-74.97878,1422,43.2,43.3,41.4,99.0,43.0,0.005,0.611,0.00,0.025,3.6,5.3,1.5,99,18,4.4,7.4,1.8,98,17,3.6,5.3,1.5,99,18,7,28.14,,0,0,0,41.3,39.0,39.9,0.25,0.16,0.16
COLD,2015-12-02 15:55:00 EST,43.26127,-74.97878,1422,43.4,43.3,43.4,99.0,43.2,0.001,0.612,0.00,0.022,2.0,4.7,1.3,208,19,2.4,5.4,1.4,195,23,2.0,4.7,1.3,208,19,6,28.15,,0,0,0,41.2,39.1,39.9,0.25,0.16,0.16
COLD,2015-12-02 16:00:00 EST,43.26127,-74.97878,1422,43.6,43.5,41.6,99.0,43.3,0.006,0.618,0.00,0.025,3.8,4.8,0.5,192,14,4.2,6.0,0.8,183,13,3.8,4.8,0.5,192,14,4,28.15,,0,0,0,41.2,39.0,39.9,0.25,0.16,0.17
COLD,2015-12-02 16:05:00 EST,43.26127,-74.97878,1422,43.6,43.5,43.6,98.9,43.3,0.007,0.624,0.00,0.028,1.8,3.4,0.8,141,31,2.5,4.7,0.8,131,29,1.8,3.4,0.8,141,31,4,28.15,,0,0,0,41.2,39.0,39.9,0.25,0.16,0.17
COLD,2015-12-02 16:10:00 EST,43.26127,-74.97878,1422,43.6,43.6,43.6,98.8,43.3,0.009,0.633,0.00,0.035,1.8,4.2,0.9,152,31,2.4,4.9,1.0,140,31,1.8,4.2,0.9,152,31,1,28.15,,0,0,0,41.2,39.1,39.9,0.25,0.16,0.17
COLD,2015-12-02 16:15:00 EST,43.26127,-74.97878,1422,43.6,43.7,43.6,98.7,43.3,0.012,0.645,0.00,0.047,0.8,2.0,0.6,138,26,1.6,2.7,0.6,127,27,0.8,2.0,0.6,138,26,1,28.14,,0,0,0,41.2,39.1,39.9,0.25,0.16,0.17
COLD,2015-12-02 16:20:00 EST,43.26127,-74.97878,1422,43.7,43.8,43.7,98.7,43.4,0.008,0.653,0.00,0.052,0.9,2.2,0.8,176,26,1.4,2.9,0.8,164,38,0.9,2.2,0.8,176,26,1,28.14,,0,0,0,41.2,39.1,39.9,0.25,0.16,0.17
COLD,2015-12-02 16:25:00 EST,43.26127,-74.97878,1422,43.4,43.6,43.4,98.6,43.1,0.005,0.658,0.00,0.057,2.0,3.4,0.5,166,16,2.5,4.3,0.6,156,17,2.0,3.4,0.5,166,16,0,28.14,,0,0,0,41.2,39.1,39.9,0.25,0.16,0.17
COLD,2015-12-02 16:30:00 EST,43.26127,-74.97878,1422,43.5,43.6,43.5,98.5,43.1,0.017,0.675,0.26,0.074,1.1,2.8,0.6,142,21,1.7,4.0,0.7,132,26,1.1,2.8,0.6,142,21,0,28.14,,0,0,0,41.3,39.2,39.9,0.25,0.16,0.17
COLD,2015-12-02 16:35:00 EST,43.26127,-74.97878,1422,43.3,43.5,43.3,98.6,43.0,0.014,0.689,0.00,0.089,1.1,2.3,0.5,114,11,1.8,3.4,0.5,107,14,1.1,2.3,0.5,114,11,0,28.13,,0,0,0,41.2,39.2,39.9,0.25,0.16,0.17
COLD,2015-12-02 16:40:00 EST,43.26127,-74.97878,1422,43.4,43.7,43.4,98.6,43.1,0.012,0.700,0.00,0.100,1.6,5.4,1.2,130,16,2.1,6.9,1.3,127,21,1.6,5.4,1.2,130,16,0,28.14,,0,0,0,41.3,39.2,39.9,0.26,0.16,0.17
COLD,2015-12-02 16:45:00 EST,43.26127,-74.97878,1422,43.8,43.9,43.8,98.7,43.5,0.017,0.718,0.27,0.111,2.0,5.6,1.2,116,18,2.7,7.2,1.3,110,17,2.0,5.6,1.2,116,18,0,28.13,,0,0,0,41.2,39.2,39.9,0.26,0.16,0.17
COLD,2015-12-02 16:50:00 EST,43.26127,-74.97878,1422,43.9,43.9,43.9,98.7,43.6,0.020,0.738,0.28,0.127,1.4,3.4,1.0,144,27,2.1,4.7,0.9,129,33,1.4,3.4,1.0,144,27,0,28.13,,0,0,0,41.3,39.2,39.9,0.26,0.16,0.17
COLD,2015-12-02 16:55:00 EST,43.26127,-74.97878,1422,44.0,44.0,44.0,98.7,43.7,0.018,0.756,0.27,0.144,1.9,5.0,1.4,136,27,2.8,6.7,1.4,127,29,1.9,5.0,1.4,136,27,0,28.12,,0,0,0,41.3,39.2,39.9,0.26,0.16,0.17
COLD,2015-12-02 17:00:00 EST,43.26127,-74.97878,1422,44.0,43.9,44.0,98.7,43.7,0.015,0.771,0.00,0.153,1.6,4.3,1.0,138,21,2.2,4.9,1.0,127,24,1.6,4.3,1.0,138,21,0,28.12,,0,0,0,41.3,39.2,39.9,0.26,0.16,0.17
COLD,2015-12-02 17:05:00 EST,43.26127,-74.97878,1422,44.0,43.9,44.0,98.7,43.6,0.011,0.782,0.00,0.158,1.6,5.0,1.1,130,21,2.3,6.5,1.2,122,21,1.6,5.0,1.1,130,21,0,28.12,,0,0,0,41.3,39.2,39.9,0.26,0.16,0.17
COLD,2015-12-02 17:10:00 EST,43.26127,-74.97878,1422,43.9,43.9,43.9,98.6,43.6,0.010,0.792,0.00,0.159,1.8,5.0,1.3,136,24,2.6,7.2,1.5,130,26,1.8,5.0,1.3,136,24,0,28.13,,0,0,0,41.3,39.2,39.9,0.26,0.17,0.17
COLD,2015-12-02 17:15:00 EST,43.26127,-74.97878,1422,44.0,43.9,44.0,98.6,43.6,0.007,0.799,0.00,0.155,1.3,3.0,0.9,126,20,2.0,4.0,0.8,120,25,1.3,3.0,0.9,126,20,0,28.12,,0,0,0,41.3,39.2,40.0,0.27,0.16,0.17
COLD,2015-12-02 17:20:00 EST,43.26127,-74.97878,1422,44.1,44.0,44.1,98.6,43.7,0.003,0.803,0.00,0.150,2.0,3.8,1.2,111,21,2.7,4.9,1.4,105,25,2.0,3.8,1.2,111,21,0,28.12,,0,0,0,41.3,39.2,40.0,0.27,0.16,0.17
COLD,2015-12-02 17:25:00 EST,43.26127,-74.97878,1422,44.0,44.0,44.0,98.6,43.6,0.000,0.803,0.00,0.145,1.7,3.6,1.1,109,19,2.4,4.7,1.1,104,16,1.7,3.6,1.1,109,19,0,28.12,,0,0,0,41.3,39.2,40.0,0.27,0.17,0.17
COLD,2015-12-02 17:30:00 EST,43.26127,-74.97878,1422,44.0,44.0,42.1,98.6,43.6,0.002,0.805,0.00,0.130,3.8,6.4,1.8,97,6,,,,0,0,3.8,6.4,1.8,97,6,0,28.12,,0,0,0,41.4,39.2,40.0,0.27,0.16,0.17
COLD,2015-12-02 17:35:00 EST,43.26127,-74.97878,1422,44.0,44.0,41.8,98.6,43.6,0.003,0.807,0.00,0.119,4.2,6.1,0.8,103,9,5.2,7.4,0.9,99,7,4.2,6.1,0.8,103,9,0,28.11,,0,0,0,41.4,39.2,39.9,0.27,0.16,0.17
COLD,2015-12-02 17:40:00 EST,43.26127,-74.97878,1422,43.9,44.0,41.5,98.5,43.6,0.004,0.811,0.00,0.111,4.5,7.3,1.3,98,7,5.4,9.2,1.6,95,6,4.5,7.3,1.3,98,7,0,28.11,,0,0,0,41.4,39.2,40.0,0.27,0.17,0.17
COLD,2015-12-02 17:45:00 EST,43.26127,-74.97878,1422,43.9,43.9,43.9,98.5,43.5,0.005,0.816,0.00,0.099,2.1,4.1,1.1,103,17,2.8,5.6,1.2,96,14,2.1,4.1,1.1,103,17,0,28.11,,0,0,0,41.4,39.2,40.0,0.27,0.17,0.17
COLD,2015-12-02 17:50:00 EST,43.26127,-74.97878,1422,43.9,44.0,43.9,98.6,43.6,0.016,0.832,0.00,0.094,2.9,5.0,1.4,87,12,3.8,6.7,1.6,85,11,2.9,5.0,1.4,87,12,0,28.11,,0,0,0,41.4,39.2,40.0,0.27,0.17,0.17
COLD,2015-12-02 17:55:00 EST,43.26127,-74.97878,1422,43.9,43.9,42.3,98.6,43.6,0.008,0.841,0.00,0.085,3.5,4.6,0.6,80,8,4.6,6.0,0.8,80,8,3.5,4.6,0.6,80,8,0,28.11,,0,0,0,41.4,39.2,40.0,0.27,0.17,0.17
COLD,2015-12-02 18:00:00 EST,43.26127,-74.97878,1422,44.0,43.9,44.0,98.6,43.6,0.008,0.848,0.00,0.078,1.5,3.1,0.6,15,27,1.9,3.4,0.6,19,24,1.5,3.1,0.6,15,27,0,28.12,,0,0,0,41.4,39.2,40.0,0.27,0.17,0.17
COLD,2015-12-02 18:05:00 EST,43.26127,-74.97878,1422,43.9,44.0,43.9,98.6,43.6,0.013,0.861,0.00,0.079,1.1,1.6,0.3,337,10,1.5,2.5,0.4,352,13,1.1,1.6,0.3,337,10,0,28.12,,0,0,0,41.4,39.2,40.0,0.27,0.17,0.17
COLD,2015-12-02 18:10:00 EST,43.26127,-74.97878,1422,43.8,43.9,43.8,98.6,43.5,0.009,0.871,0.00,0.079,1.5,2.2,0.3,25,20,1.9,2.9,0.3,31,17,1.5,2.2,0.3,25,20,0,28.12,,0,0,0,41.4,39.2,40.0,0.27,0.17,0.17
COLD,2015-12-02 18:15:00 EST,43.26127,-74.97878,1422,43.8,43.9,43.8,98.6,43.4,0.006,0.876,0.00,0.077,2.5,3.1,0.3,22,6,2.8,3.8,0.4,27,8,2.5,3.1,0.3,22,6,0,28.12,,0,0,0,41.4,39.2,40.0,0.27,0.17,0.17
COLD,2015-12-02 18:20:00 EST,43.26127,-74.97878,1422,43.5,43.6,41.6,98.6,43.1,0.006,0.882,0.00,0.079,3.7,4.7,0.6,351,11,4.4,5.6,0.7,357,10,3.7,4.7,0.6,351,11,0,28.12,,0,0,0,41.4,39.2,40.0,0.27,0.17,0.17
COLD,2015-12-02 18:25:00 EST,43.26127,-74.97878,1422,43.4,43.4,41.7,98.6,43.0,0.006,0.888,0.00,0.085,3.5,4.5,0.5,329,8,3.5,5.4,0.8,337,9,3.5,4.5,0.5,329,8,0,28.12,,0,0,0,41.4,39.3,40.0,0.27,0.17,0.17
COLD,2015-12-02 18:30:00 EST,43.26127,-74.97878,1422,43.4,43.4,41.5,98.7,43.1,0.006,0.894,0.00,0.089,3.8,4.7,0.5,342,5,4.5,5.8,0.6,349,5,3.8,4.7,0.5,342,5,0,28.12,,0,0,0,41.4,39.3,40.0,0.27,0.17,0.17
COLD,2015-12-02 18:35:00 EST,43.26127,-74.97878,1422,43.4,43.5,41.3,98.8,43.1,0.004,0.898,0.00,0.091,3.9,4.6,0.3,342,5,4.6,5.6,0.5,349,4,3.9,4.6,0.3,342,5,0,28.12,,0,0,0,41.5,39.3,40.1,0.27,0.17,0.17
COLD,2015-12-02 18:40:00 EST,43.26127,-74.97878,1422,43.5,43.5,40.9,98.9,43.2,0.003,0.901,0.00,0.090,4.6,7.0,1.0,328,16,4.7,6.7,0.8,335,17,4.6,7.0,1.0,328,16,0,28.12,,0,0,0,41.5,39.3,40.1,0.27,0.17,0.17
COLD,2015-12-02 18:45:00 EST,43.26127,-74.97878,1422,43.6,43.5,40.6,98.9,43.3,0.004,0.905,0.00,0.089,5.1,6.6,0.7,316,9,5.1,6.7,0.7,321,11,5.1,6.6,0.7,316,9,0,28.13,,0,0,0,41.5,39.4,40.0,0.27,0.17,0.17
COLD,2015-12-02 18:50:00 EST,43.26127,-74.97878,1422,43.5,43.5,39.9,98.9,43.3,0.005,0.910,0.00,0.078,6.1,7.5,0.6,314,6,5.8,7.4,0.6,317,6,6.1,7.5,0.6,314,6,0,28.13,,0,0,0,41.5,39.4,40.1,0.27,0.17,0.17
COLD,2015-12-02 18:55:00 EST,43.26127,-74.97878,1422,43.6,43.5,39.9,98.9,43.3,0.003,0.913,0.00,0.072,6.2,8.0,0.9,313,7,6.1,8.5,0.9,315,8,6.2,8.0,0.9,313,7,0,28.13,,0,0,0,41.5,39.4,40.1,0.27,0.17,0.17
COLD,2015-12-02 19:00:00 EST,43.26127,-74.97878,1422,43.5,43.4,40.7,98.9,43.2,0.004,0.917,0.00,0.068,4.9,7.4,1.2,316,7,4.8,6.9,1.1,320,8,4.9,7.4,1.2,316,7,0,28.12,,0,0,0,41.5,39.4,40.1,0.27,0.17,0.17
COLD,2015-12-02 19:05:00 EST,43.26127,-74.97878,1422,43.4,43.4,40.5,98.9,43.2,0.001,0.918,0.00,0.056,5.0,7.0,0.8,312,7,4.8,6.9,0.8,315,8,5.0,7.0,0.8,312,7,0,28.12,,0,0,0,41.5,39.4,40.1,0.27,0.17,0.17
COLD,2015-12-02 19:10:00 EST,43.26127,-74.97878,1422,43.4,43.4,40.5,98.9,43.1,0.000,0.918,0.00,0.047,5.1,7.9,1.0,336,21,5.5,8.1,0.9,342,22,5.1,7.9,1.0,336,21,0,28.11,,0,0,0,41.5,39.4,40.1,0.27,0.17,0.17
COLD,2015-12-02 19:15:00 EST,43.26127,-74.97878,1422,43.4,43.3,41.7,98.9,43.1,0.002,0.919,0.00,0.043,3.5,5.8,0.9,2,13,4.4,6.7,0.9,6,9,3.5,5.8,0.9,2,13,0,28.11,,0,0,0,41.5,39.4,40.1,0.27,0.17,0.17
COLD,2015-12-02 19:20:00 EST,43.26127,-74.97878,1422,43.3,43.2,43.3,98.9,43.0,0.001,0.920,0.00,0.038,2.8,6.1,1.1,6,9,3.6,7.6,1.4,11,9,2.8,6.1,1.1,6,9,0,28.11,,0,0,0,41.5,39.4,40.1,0.27,0.17,0.17
COLD,2015-12-02 19:25:00 EST,43.26127,-74.97878,1422,43.2,43.2,40.7,98.9,42.9,0.000,0.920,0.00,0.032,4.4,5.8,0.7,346,7,5.4,7.2,0.8,352,6,4.4,5.8,0.7,346,7,0,28.10,,0,0,0,41.5,39.4,40.1,0.27,0.17,0.17
COLD,2015-12-02 19:30:00 EST,43.26127,-74.97878,1422,43.2,43.2,41.4,98.9,42.9,0.000,0.920,0.00,0.026,3.7,5.0,0.7,330,9,4.1,6.3,1.0,337,10,3.7,5.0,0.7,330,9,0,28.11,,0,0,0,41.5,39.4,40.1,0.27,0.17,0.17
COLD,2015-12-02 19:35:00 EST,43.26127,-74.97878,1422,43.2,43.2,40.4,98.9,43.0,0.000,0.920,0.00,0.022,4.8,6.3,0.8,338,7,5.7,8.1,1.2,345,6,4.8,6.3,0.8,338,7,0,28.11,,0,0,0,41.5,39.5,40.1,0.27,0.17,0.17
COLD,2015-12-02 19:40:00 EST,43.26127,-74.97878,1422,43.2,43.1,41.3,98.9,43.0,0.000,0.920,0.00,0.019,3.8,5.0,0.8,339,8,4.6,6.5,0.9,346,8,3.8,5.0,0.8,339,8,0,28.10,,0,0,0,41.5,39.5,40.1,0.27,0.17,0.18
COLD,2015-12-02 19:45:00 EST,43.26127,-74.97878,1422,43.2,43.1,41.3,99.0,43.0,0.002,0.922,0.00,0.017,3.7,5.7,0.8,337,11,4.5,7.6,1.1,345,10,3.7,5.7,0.8,337,11,0,28.10,,0,0,0,41.5,39.5,40.1,0.27,0.17,0.18
COLD,2015-12-02 19:50:00 EST,43.26127,-74.97878,1422,43.2,43.1,43.2,99.0,43.0,0.000,0.922,0.00,0.012,2.9,4.3,0.6,315,11,2.7,4.3,0.7,323,12,2.9,4.3,0.6,315,11,0,28.10,,0,0,0,41.5,39.5,40.1,0.27,0.17,0.17
COLD,2015-12-02 19:55:00 EST,43.26127,-74.97878,1422,43.2,43.1,41.8,99.0,42.9,0.000,0.922,0.00,0.009,3.2,5.0,0.7,310,12,3.0,5.1,0.8,316,14,3.2,5.0,0.7,310,12,0,28.10,,0,0,0,41.4,39.5,40.1,0.27,0.17,0.18
COLD,2015-12-02 20:00:00 EST,43.26127,-74.97878,1422,43.2,43.1,41.8,99.0,42.9,0.000,0.922,0.00,0.006,3.2,4.1,0.6,309,7,2.9,4.0,0.5,314,8,3.2,4.1,0.6,309,7,0,28.10,,0,0,0,41.5,39.5,40.1,0.27,0.17,0.17
COLD,2015-12-02 20:05:00 EST,43.26127,-74.97878,1422,43.1,43.1,41.8,99.0,42.9,0.000,0.922,0.00,0.005,3.1,4.7,0.6,296,10,3.0,5.6,0.8,299,11,3.1,4.7,0.6,296,10,0,28.10,,0,0,0,41.5,39.5,40.1,0.27,0.17,0.17
COLD,2015-12-02 20:10:00 EST,43.26127,-74.97878,1422,43.1,43.0,40.6,99.0,42.8,0.000,0.922,0.00,0.005,4.3,5.2,0.5,271,12,4.6,5.8,0.7,273,12,4.3,5.2,0.5,271,12,0,28.11,,0,0,0,41.5,39.6,40.1,0.26,0.17,0.18
COLD,2015-12-02 20:15:00 EST,43.26127,-74.97878,1422,43.0,42.9,40.7,99.0,42.8,0.000,0.922,0.00,0.003,4.2,6.1,0.7,267,11,4.4,7.2,0.9,269,11,4.2,6.1,0.7,267,11,0,28.11,,0,0,0,41.5,39.5,40.2,0.26,0.17,0.18
COLD,2015-12-02 20:20:00 EST,43.26127,-74.97878,1422,43.0,42.8,40.0,99.0,42.7,0.000,0.922,0.00,0.002,5.0,6.8,0.8,256,11,5.4,7.4,1.0,259,11,5.0,6.8,0.8,256,11,0,28.11,,0,0,0,41.5,39.6,40.1,0.26,0.17,0.18
COLD,2015-12-02 20:25:00 EST,43.26127,-74.97878,1422,42.9,42.7,39.7,99.0,42.6,0.003,0.925,0.00,0.005,5.2,7.6,1.0,259,9,5.7,8.9,1.3,260,9,5.2,7.6,1.0,259,9,0,28.11,,0,0,0,41.5,39.6,40.1,0.26,0.17,0.18
COLD,2015-12-02 20:30:00 EST,43.26127,-74.97878,1422,42.7,42.5,39.3,99.0,42.4,0.003,0.928,0.00,0.008,5.5,7.3,0.9,247,11,5.9,8.3,1.1,248,13,5.5,7.3,0.9,247,11,0,28.11,,0,0,0,41.5,39.6,40.1,0.26,0.17,0.18
COLD,2015-12-02 20:35:00 EST,43.26127,-74.97878,1422,42.3,42.1,38.4,98.9,42.0,0.002,0.930,0.00,0.010,6.2,8.9,1.2,242,12,6.4,9.6,1.5,243,14,6.2,8.9,1.2,242,12,0,28.12,,0,0,0,41.5,39.6,40.1,0.26,0.17,0.18
COLD,2015-12-02 20:40:00 EST,43.26127,-74.97878,1422,41.9,41.7,38.3,98.8,41.6,0.005,0.935,0.00,0.015,5.5,7.6,0.9,244,10,6.0,11.0,1.6,244,17,5.5,7.6,0.9,244,10,0,28.12,,0,0,0,41.5,39.6,40.1,0.26,0.17,0.18
COLD,2015-12-02 20:45:00 EST,43.26127,-74.97878,1422,41.6,41.5,38.4,98.8,41.3,0.002,0.937,0.00,0.014,4.9,7.3,0.9,250,12,5.8,9.8,1.5,251,16,4.9,7.3,0.9,250,12,0,28.12,,0,0,0,41.4,39.6,40.2,0.26,0.17,0.18
COLD,2015-12-02 20:50:00 EST,43.26127,-74.97878,1422,41.6,41.4,38.6,98.8,41.3,0.003,0.940,0.00,0.017,4.6,6.6,0.8,251,11,5.7,17.7,3.0,249,35,4.6,6.6,0.8,251,11,0,28.12,,0,0,0,41.5,39.6,40.2,0.26,0.17,0.18
COLD,2015-12-02 20:55:00 EST,43.26127,-74.97878,1422,41.5,41.4,38.0,98.8,41.2,0.002,0.941,0.00,0.019,5.4,8.4,1.1,256,15,5.0,8.5,1.2,253,18,5.4,8.4,1.1,256,15,0,28.12,,0,0,0,41.5,39.6,40.2,0.26,0.17,0.18
COLD,2015-12-02 21:00:00 EST,43.26127,-74.97878,1422,41.6,41.4,37.2,98.8,41.3,0.001,0.942,0.00,0.020,6.8,9.3,1.0,261,9,6.7,10.5,1.2,261,9,6.8,9.3,1.0,261,9,0,28.13,,0,0,0,41.5,39.6,40.2,0.26,0.17,0.18
COLD,2015-12-02 21:05:00 EST,43.26127,-74.97878,1422,41.5,41.4,36.2,98.8,41.2,0.002,0.945,0.00,0.023,8.5,12.8,1.6,280,13,8.5,13.2,1.6,282,13,8.5,12.8,1.6,280,13,0,28.13,,0,0,0,41.4,39.6,40.2,0.26,0.17,0.18
COLD,2015-12-02 21:10:00 EST,43.26127,-74.97878,1422,41.4,41.2,35.5,98.6,41.0,0.003,0.947,0.00,0.025,9.7,15.1,1.6,279,12,9.6,15.0,1.9,280,12,9.7,15.1,1.6,279,12,0,28.13,,0,0,0,41.5,39.7,40.2,0.26,0.17,0.18
COLD,2015-12-02 21:15:00 EST,43.26127,-74.97878,1422,41.0,40.8,34.8,97.9,40.5,0.002,0.950,0.00,0.028,10.1,14.5,1.7,287,12,10.3,13.6,1.7,286,12,10.1,14.5,1.7,287,12,0,28.13,,0,0,0,41.5,39.7,40.2,0.26,0.17,0.18
COLD,2015-12-02 21:20:00 EST,43.26127,-74.97878,1422,40.6,40.4,35.0,97.1,39.9,0.000,0.950,0.00,0.028,8.6,15.2,1.9,288,13,9.2,16.1,2.2,288,13,8.6,15.2,1.9,288,13,0,28.13,,0,0,0,41.4,39.7,40.2,0.26,0.17,0.18
COLD,2015-12-02 21:25:00 EST,43.26127,-74.97878,1422,40.4,40.2,35.5,97.0,39.6,0.000,0.950,0.00,0.025,7.2,12.2,1.7,302,17,7.7,13.2,1.7,304,17,7.2,12.2,1.7,302,17,0,28.13,,0,0,0,41.5,39.7,40.3,0.26,0.17,0.18
COLD,2015-12-02 21:30:00 EST,43.26127,-74.97878,1422,40.2,39.8,33.9,96.8,39.3,0.000,0.950,0.00,0.022,9.9,14.1,2.1,302,10,9.8,14.5,2.0,302,11,9.9,14.1,2.1,302,10,0,28.13,,0,0,0,41.4,39.7,40.3,0.26,0.17,0.18
COLD,2015-12-02 21:35:00 EST,43.26127,-74.97878,1422,40.0,39.6,33.9,96.8,39.1,0.000,0.950,0.00,0.020,9.3,13.7,1.6,303,10,9.4,13.4,1.6,303,11,9.3,13.7,1.6,303,10,0,28.13,,0,0,0,41.5,39.7,40.2,0.26,0.17,0.18
COLD,2015-12-02 21:40:00 EST,43.26127,-74.97878,1422,39.8,39.5,33.9,96.9,39.0,0.000,0.950,0.00,0.015,8.9,14.9,2.4,310,9,8.6,14.1,2.2,311,9,8.9,14.9,2.4,310,9,0,28.13,,0,0,0,41.4,39.7,40.3,0.26,0.17,0.18
COLD,2015-12-02 21:45:00 EST,43.26127,-74.97878,1422,39.8,39.4,34.3,96.9,39.0,0.000,0.950,0.00,0.013,8.1,11.8,1.4,308,10,8.1,11.6,1.4,309,10,8.1,11.8,1.4,308,10,0,28.13,,0,0,0,41.4,39.7,40.3,0.26,0.17,0.18
COLD,2015-12-02 21:50:00 EST,43.26127,-74.97878,1422,39.7,39.4,34.2,96.9,38.9,0.000,0.950,0.00,0.010,8.1,12.0,1.4,319,11,8.1,12.5,1.4,321,11,8.1,12.0,1.4,319,11,0,28.13,,0,0,0,41.4,39.7,40.3,0.26,0.17,0.18
COLD,2015-12-02 21:55:00 EST,43.26127,-74.97878,1422,39.7,39.4,35.0,96.9,38.9,0.000,0.950,0.00,0.008,6.6,10.1,1.1,319,10,6.8,10.7,1.2,322,10,6.6,10.1,1.1,319,10,0,28.13,,0,0,0,41.4,39.7,40.3,0.26,0.17,0.18
COLD,2015-12-02 22:00:00 EST,43.26127,-74.97878,1422,39.7,39.4,34.3,96.9,38.9,0.004,0.954,0.00,0.011,7.9,11.5,1.8,314,13,7.9,12.1,1.7,316,15,7.9,11.5,1.8,314,13,0,28.13,,0,0,0,41.4,39.8,40.2,0.26,0.17,0.18
COLD,2015-12-02 22:05:00 EST,43.26127,-74.97878,1422,39.7,39.4,34.3,96.9,38.9,0.000,0.954,0.00,0.009,7.8,11.8,1.6,304,9,7.9,12.1,1.5,304,10,7.8,11.8,1.6,304,9,0,28.13,,0,0,0,41.4,39.8,40.3,0.26,0.17,0.18
COLD,2015-12-02 22:10:00 EST,43.26127,-74.97878,1422,39.6,39.3,33.9,96.9,38.8,0.000,0.954,0.00,0.006,8.4,11.9,1.5,301,10,8.7,11.9,1.4,300,10,8.4,11.9,1.5,301,10,0,28.14,,0,0,0,41.4,39.8,40.3,0.26,0.17,0.18
COLD,2015-12-02 22:15:00 EST,43.26127,-74.97878,1422,39.6,39.3,33.9,96.9,38.8,0.000,0.954,0.00,0.004,8.2,12.3,1.6,293,12,9.0,13.4,1.9,292,11,8.2,12.3,1.6,293,12,0,28.14,,0,0,0,41.3,39.8,40.3,0.26,0.17,0.18
COLD,2015-12-02 22:20:00 EST,43.26127,-74.97878,1422,39.5,39.2,34.3,96.7,38.7,0.000,0.954,0.00,0.004,7.5,9.8,0.9,294,10,8.1,11.4,1.2,292,10,7.5,9.8,0.9,294,10,0,28.15,,0,0,0,41.3,39.8,40.3,0.26,0.17,0.18
COLD,2015-12-02 22:25:00 EST,43.26127,-74.97878,1422,39.4,39.1,32.9,96.6,38.5,0.000,0.954,0.00,0.004,10.1,14.9,1.8,298,13,10.7,16.1,1.9,298,12,10.1,14.9,1.8,298,13,0,28.15,,0,0,0,41.3,39.8,40.3,0.26,0.17,0.18
COLD,2015-12-02 22:30:00 EST,43.26127,-74.97878,1422,39.3,38.9,32.8,96.2,38.3,0.000,0.954,0.00,0.004,9.9,14.1,1.9,300,9,10.4,15.2,2.0,299,10,9.9,14.1,1.9,300,9,0,28.14,,0,0,0,41.3,39.8,40.3,0.26,0.17,0.18
COLD,2015-12-02 22:35:00 EST,43.26127,-74.97878,1422,39.2,38.8,32.9,96.2,38.2,0.000,0.954,0.00,0.004,9.4,13.9,2.1,299,12,9.9,15.0,2.5,297,12,9.4,13.9,2.1,299,12,0,28.14,,0,0,0,41.2,39.8,40.3,0.26,0.17,0.18
COLD,2015-12-02 22:40:00 EST,43.26127,-74.97878,1422,39.0,38.7,33.2,96.5,38.1,0.000,0.954,0.00,0.004,8.3,13.5,1.8,307,14,8.6,13.0,1.7,306,15,8.3,13.5,1.8,307,14,0,28.14,,0,0,0,41.2,39.8,40.3,0.25,0.17,0.18
COLD,2015-12-02 22:45:00 EST,43.26127,-74.97878,1422,38.9,38.5,32.4,96.2,37.9,0.000,0.954,0.00,0.004,9.6,13.2,1.4,308,10,9.6,14.5,1.6,309,11,9.6,13.2,1.4,308,10,0,28.14,,0,0,0,41.2,39.9,40.3,0.26,0.17,0.18
COLD,2015-12-02 22:50:00 EST,43.26127,-74.97878,1422,38.8,38.4,33.5,96.2,37.8,0.000,0.954,0.00,0.004,7.3,11.0,1.5,316,11,7.3,11.0,1.4,319,11,7.3,11.0,1.5,316,11,0,28.14,,0,0,0,41.2,39.9,40.3,0.26,0.17,0.18
COLD,2015-12-02 22:55:00 EST,43.26127,-74.97878,1422,38.7,38.3,33.8,96.2,37.7,0.000,0.954,0.00,0.004,6.7,11.1,1.7,312,10,6.6,11.2,1.7,313,10,6.7,11.1,1.7,312,10,0,28.14,,0,0,0,41.1,39.9,40.3,0.25,0.17,0.18
COLD,2015-12-02 23:00:00 EST,43.26127,-74.97878,1422,38.6,38.3,34.3,96.3,37.7,0.000,0.954,0.00,0.000,5.8,8.6,1.3,324,12,6.0,9.4,1.4,328,13,5.8,8.6,1.3,324,12,0,28.13,,0,0,0,41.2,39.9,40.3,0.25,0.17,0.18
COLD,2015-12-02 23:05:00 EST,43.26127,-74.97878,1422,38.5,38.2,33.2,96.6,37.7,0.000,0.954,0.00,0.000,7.3,9.7,1.4,313,8,7.1,9.6,1.2,315,9,7.3,9.7,1.4,313,8,0,28.14,,0,0,0,41.1,39.9,40.3,0.26,0.17,0.18
COLD,2015-12-02 23:10:00 EST,43.26127,-74.97878,1422,38.5,38.1,33.0,96.6,37.6,0.000,0.954,0.00,0.000,7.5,10.5,1.1,298,12,7.9,11.9,1.6,296,13,7.5,10.5,1.1,298,12,0,28.14,,0,0,0,41.1,39.9,40.3,0.25,0.17,0.18
COLD,2015-12-02 23:15:00 EST,43.26127,-74.97878,1422,38.3,38.0,31.8,96.8,37.5,0.000,0.954,0.00,0.000,9.6,12.9,1.5,274,9,11.3,14.8,1.9,274,8,9.6,12.9,1.5,274,9,0,28.15,,0,0,0,41.0,39.9,40.3,0.25,0.17,0.18
COLD,2015-12-02 23:20:00 EST,43.26127,-74.97878,1422,38.2,37.9,31.2,96.7,37.4,0.000,0.954,0.00,0.000,10.5,15.5,1.7,277,11,12.3,18.8,2.1,276,8,10.5,15.5,1.7,277,11,0,28.15,,0,0,0,41.0,39.9,40.3,0.25,0.17,0.18
COLD,2015-12-02 23:25:00 EST,43.26127,-74.97878,1422,38.1,37.7,31.2,96.3,37.2,0.000,0.954,0.00,0.000,10.1,15.1,1.9,284,15,11.6,18.6,2.2,284,13,10.1,15.1,1.9,284,15,0,28.15,,0,0,0,41.0,39.9,40.3,0.25,0.17,0.18
COLD,2015-12-02 23:30:00 EST,43.26127,-74.97878,1422,38.0,37.6,31.2,95.7,36.9,0.000,0.954,0.00,0.000,9.9,14.5,2.5,291,13,10.8,17.4,2.9,289,11,9.9,14.5,2.5,291,13,0,28.15,,0,0,0,41.0,39.9,40.3,0.25,0.17,0.18
COLD,2015-12-02 23:35:00 EST,43.26127,-74.97878,1422,37.9,37.5,31.9,95.5,36.8,0.000,0.954,0.00,0.000,8.3,12.3,1.6,299,11,8.8,13.2,2.0,298,12,8.3,12.3,1.6,299,11,0,28.15,,0,0,0,41.0,39.9,40.3,0.25,0.17,0.18
COLD,2015-12-02 23:40:00 EST,43.26127,-74.97878,1422,37.6,37.2,31.2,96.0,36.5,0.000,0.954,0.00,0.000,8.9,13.0,1.8,282,12,10.3,15.0,2.3,281,10,8.9,13.0,1.8,282,12,0,28.15,,0,0,0,41.0,39.9,40.3,0.25,0.17,0.18
COLD,2015-12-02 23:45:00 EST,43.26127,-74.97878,1422,37.3,36.9,31.3,96.8,36.5,0.000,0.954,0.00,0.000,7.9,11.5,1.7,289,13,8.9,14.3,2.3,287,11,7.9,11.5,1.7,289,13,0,28.15,,0,0,0,40.9,39.9,40.3,0.25,0.17,0.18
COLD,2015-12-02 23:50:00 EST,43.26127,-74.97878,1422,37.0,36.7,29.9,97.1,36.3,0.000,0.954,0.00,0.000,10.2,13.7,1.9,290,9,11.5,16.8,2.2,289,8,10.2,13.7,1.9,290,9,0,28.15,,0,0,0,40.9,39.9,40.4,0.25,0.17,0.18
COLD,2015-12-02 23:55:00 EST,43.26127,-74.97878,1422,36.9,36.5,30.6,97.1,36.1,0.000,0.954,0.00,0.000,8.4,12.3,1.9,296,11,9.0,14.5,2.3,295,11,8.4,12.3,1.9,296,11,0,28.15,,0,0,0,40.9,39.9,40.4,0.25,0.17,0.18
CSQR,2015-12-02 00:00:00 EST,43.32613,-76.10445,453,43.1,43.0,38.6,96.3,42.1,0.006,0.193,0.00,0.010,7.7,11.1,1.3,106,10,8.5,12.5,1.5,102,8,7.7,11.1,1.3,106,10,0,29.38,,0,0,0,41.8,42.9,44.0,0.44,0.20,0.41
CSQR,2015-12-02 00:05:00 EST,43.32613,-76.10445,453,43.2,43.1,38.7,96.4,42.2,0.008,0.008,0.00,0.019,7.5,10.9,1.1,106,11,8.2,12.5,1.3,102,10,7.5,10.9,1.1,106,11,0,29.38,,0,0,0,41.8,42.9,44.0,0.44,0.20,0.40
CSQR,2015-12-02 00:10:00 EST,43.32613,-76.10445,453,43.3,43.2,38.7,96.5,42.3,0.006,0.014,0.00,0.025,7.8,11.8,1.7,109,9,8.5,13.2,1.9,105,8,7.8,11.8,1.7,109,9,0,29.38,,0,0,0,41.8,42.9,44.0,0.44,0.20,0.41
CSQR,2015-12-02 00:15:00 EST,43.32613,-76.10445,453,43.3,43.2,39.2,96.4,42.4,0.003,0.017,0.00,0.027,6.9,9.8,1.1,106,12,7.6,11.2,1.4,102,11,6.9,9.8,1.1,106,12,0,29.39,,0,0,0,41.9,42.9,44.0,0.44,0.20,0.41
CSQR,2015-12-02 00:20:00 EST,43.32613,-76.10445,453,43.3,43.2,39.9,96.4,42.4,0.002,0.019,0.00,0.029,5.8,8.8,1.4,117,14,6.2,10.1,1.6,114,15,5.8,8.8,1.4,117,14,0,29.38,,0,0,0,41.9,42.9,44.0,0.44,0.20,0.40
CSQR,2015-12-02 00:25:00 EST,43.32613,-76.10445,453,43.4,43.3,40.3,96.5,42.4,0.002,0.021,0.00,0.031,5.2,8.6,1.2,114,13,5.5,9.8,1.5,112,13,5.2,8.6,1.2,114,13,0,29.38,,0,0,0,41.9,42.9,44.0,0.44,0.20,0.40
CSQR,2015-12-02 00:30:00 EST,43.32613,-76.10445,453,43.4,43.3,40.8,96.6,42.5,0.002,0.022,0.00,0.033,4.6,7.7,0.9,111,11,5.0,9.2,1.1,108,11,4.6,7.7,0.9,111,11,0,29.38,,0,0,0,41.9,42.9,44.0,0.44,0.20,0.41
CSQR,2015-12-02 00:35:00 EST,43.32613,-76.10445,453,43.4,43.3,39.9,96.7,42.5,0.006,0.028,0.00,0.038,5.9,8.6,1.1,102,10,6.6,9.8,1.2,98,8,5.9,8.6,1.1,102,10,0,29.37,,0,0,0,41.9,42.9,44.0,0.44,0.20,0.41
CSQR,2015-12-02 00:40:00 EST,43.32613,-76.10445,453,43.4,43.3,40.4,96.7,42.5,0.000,0.028,0.00,0.038,5.1,8.0,1.0,104,14,5.8,9.2,1.2,101,12,5.1,8.0,1.0,104,14,0,29.38,,0,0,0,41.9,43.0,44.0,0.44,0.20,0.41
CSQR,2015-12-02 00:45:00 EST,43.32613,-76.10445,453,43.4,43.3,40.7,96.8,42.6,0.002,0.030,0.00,0.040,4.7,6.8,0.9,104,11,5.4,8.3,1.1,101,10,4.7,6.8,0.9,104,11,0,29.38,,0,0,0,42.0,42.9,44.0,0.44,0.20,0.41
CSQR,2015-12-02 00:50:00 EST,43.32613,-76.10445,453,43.4,43.3,41.3,96.8,42.5,0.005,0.035,0.00,0.043,3.9,6.0,1.0,101,12,4.4,7.4,1.2,98,11,3.9,6.0,1.0,101,12,0,29.37,,0,0,0,42.0,42.9,44.0,0.44,0.20,0.41
CSQR,2015-12-02 00:55:00 EST,43.32613,-76.10445,453,43.3,43.2,41.0,96.9,42.5,0.001,0.036,0.00,0.042,4.2,6.1,0.8,100,13,4.9,8.1,1.1,96,12,4.2,6.1,0.8,100,13,0,29.38,,0,0,0,42.0,42.9,44.0,0.44,0.20,0.41
CSQR,2015-12-02 01:00:00 EST,43.32613,-76.10445,453,43.3,43.2,42.0,97.0,42.5,0.000,0.036,0.00,0.036,3.1,4.2,0.5,103,11,3.6,5.4,0.6,100,11,3.1,4.2,0.5,103,11,0,29.38,,0,0,0,42.0,42.9,44.0,0.44,0.20,0.41
CSQR,2015-12-02 01:05:00 EST,43.32613,-76.10445,453,43.3,43.2,41.7,97.1,42.6,0.002,0.039,0.00,0.030,3.4,5.6,0.8,103,15,3.9,6.9,0.9,100,15,3.4,5.6,0.8,103,15,0,29.38,,0,0,0,42.1,43.0,44.0,0.44,0.20,0.41
CSQR,2015-12-02 01:10:00 EST,43.32613,-76.10445,453,43.3,43.2,41.5,97.1,42.6,0.001,0.039,0.00,0.025,3.6,5.2,0.7,97,12,4.3,6.5,0.8,95,11,3.6,5.2,0.7,97,12,0,29.38,,0,0,0,42.1,43.0,44.0,0.44,0.20,0.41
CSQR,2015-12-02 01:15:00 EST,43.32613,-76.10445,453,43.3,43.2,43.3,97.1,42.5,0.000,0.039,0.00,0.022,2.9,5.0,0.7,108,14,3.4,5.4,0.7,105,15,2.9,5.0,0.7,108,14,0,29.38,,0,0,0,42.1,43.0,44.0,0.44,0.20,0.41
CSQR,2015-12-02 01:20:00 EST,43.32613,-76.10445,453,43.3,43.2,41.2,97.2,42.5,0.005,0.044,0.00,0.025,3.9,6.0,0.9,99,12,4.5,7.4,1.1,96,10,3.9,6.0,0.9,99,12,0,29.38,,0,0,0,42.1,43.0,44.0,0.44,0.20,0.41
CSQR,2015-12-02 01:25:00 EST,43.32613,-76.10445,453,43.3,43.1,40.5,97.2,42.5,0.009,0.053,0.00,0.032,4.8,6.9,1.1,105,13,5.4,7.6,1.2,101,11,4.8,6.9,1.1,105,13,0,29.37,,0,0,0,42.1,43.0,44.0,0.44,0.20,0.41
CSQR,2015-12-02 01:30:00 EST,43.32613,-76.10445,453,43.2,43.1,40.7,97.2,42.5,0.008,0.061,0.00,0.038,4.4,6.3,0.8,115,12,4.8,7.2,1.0,111,14,4.4,6.3,0.8,115,12,0,29.37,,0,0,0,42.1,43.0,44.0,0.44,0.20,0.41
CSQR,2015-12-02 01:35:00 EST,43.32613,-76.10445,453,43.3,43.2,40.6,97.3,42.6,0.003,0.063,0.00,0.035,4.7,6.6,0.9,106,11,5.3,8.3,1.1,103,11,4.7,6.6,0.9,106,11,0,29.37,,0,0,0,42.1,43.0,44.0,0.44,0.20,0.41
CSQR,2015-12-02 01:40:00 EST,43.32613,-76.10445,453,43.3,43.2,41.7,97.2,42.6,0.000,0.063,0.00,0.035,3.4,5.6,0.7,117,14,3.7,6.7,0.9,115,15,3.4,5.6,0.7,117,14,0,29.37,,0,0,0,42.1,43.0,44.0,0.44,0.20,0.41
CSQR,2015-12-02 01:45:00 EST,43.32613,-76.10445,453,43.3,43.2,41.2,97.2,42.6,0.002,0.066,0.00,0.036,4.0,5.9,1.0,115,11,4.3,7.4,1.2,111,11,4.0,5.9,1.0,115,11,0,29.38,,0,0,0,42.1,43.0,44.0,0.44,0.20,0.41
CSQR,2015-12-02 01:50:00 EST,43.32613,-76.10445,453,43.3,43.2,42.0,97.1,42.5,0.003,0.068,0.00,0.033,3.1,6.6,0.9,116,11,3.4,6.5,0.9,114,13,3.1,6.6,0.9,116,11,0,29.37,,0,0,0,42.1,43.0,44.0,0.44,0.20,0.41
CSQR,2015-12-02 01:55:00 EST,43.32613,-76.10445,453,43.3,43.2,41.0,97.2,42.5,0.000,0.068,0.00,0.032,4.2,5.5,0.6,104,14,4.7,6.5,0.8,102,13,4.2,5.5,0.6,104,14,0,29.37,,0,0,0,42.2,43.0,44.0,0.44,0.21,0.41
CSQR,2015-12-02 02:00:00 EST,43.32613,-76.10445,453,43.2,43.1,43.2,97.2,42.5,0.007,0.075,0.00,0.039,2.3,5.7,1.6,103,18,2.8,6.3,1.6,98,19,2.3,5.7,1.6,103,18,0,29.37,,0,0,0,42.1,43.0,44.0,0.44,0.21,0.41
CSQR,2015-12-02 02:05:00 EST,43.32613,-76.10445,453,43.3,43.1,43.3,97.3,42.5,0.023,0.098,0.40,0.060,2.8,5.3,1.1,129,21,3.2,6.0,1.2,127,22,2.8,5.3,1.1,129,21,0,29.38,,0,0,0,42.2,43.0,44.0,0.44,0.21,0.41
CSQR,2015-12-02 02:10:00 EST,43.32613,-76.10445,453,43.3,43.2,40.8,97.3,42.6,0.006,0.104,0.00,0.065,4.4,6.1,0.7,119,12,4.8,7.4,0.9,116,12,4.4,6.1,0.7,119,12,0,29.38,,0,0,0,42.2,43.0,44.0,0.44,0.21,0.41
CSQR,2015-12-02 02:15:00 EST,43.32613,-76.10445,453,43.3,43.2,40.9,97.2,42.6,0.000,0.104,0.00,0.065,4.3,5.6,0.8,108,10,4.8,6.7,0.9,104,10,4.3,5.6,0.8,108,10,0,29.37,,0,0,0,42.2,43.0,44.0,0.44,0.21,0.41
CSQR,2015-12-02 02:20:00 EST,43.32613,-76.10445,453,43.3,43.2,41.9,97.2,42.5,0.000,0.104,0.00,0.060,3.2,4.7,0.6,109,13,3.6,5.6,0.7,105,13,3.2,4.7,0.6,109,13,0,29.37,,0,0,0,42.2,43.0,44.0,0.44,0.21,0.41
CSQR,2015-12-02 02:25:00 EST,43.32613,-76.10445,453,43.3,43.2,41.8,97.3,42.6,0.000,0.104,0.00,0.051,3.3,4.7,0.7,111,9,3.6,5.6,0.8,108,10,3.3,4.7,0.7,111,9,0,29.37,,0,0,0,42.2,43.0,44.0,0.44,0.21,0.41
CSQR,2015-12-02 02:30:00 EST,43.32613,-76.10445,453,43.3,43.2,43.3,97.3,42.6,0.000,0.104,0.00,0.043,2.6,3.6,0.3,110,10,2.9,3.8,0.4,107,12,2.6,3.6,0.3,110,10,0,29.37,,0,0,0,42.3,43.0,44.0,0.44,0.21,0.41
CSQR,2015-12-02 02:35:00 EST,43.32613,-76.10445,453,43.3,43.2,43.3,97.4,42.6,0.002,0.106,0.00,0.043,2.5,3.8,0.5,117,12,2.8,4.3,0.6,114,14,2.5,3.8,0.5,117,12,0,29.37,,0,0,0,42.3,43.0,44.1,0.44,0.22,0.41
CSQR,2015-12-02 02:40:00 EST,43.32613,-76.10445,453,43.3,43.2,41.9,97.5,42.6,0.000,0.106,0.00,0.043,3.1,4.7,0.5,109,11,3.4,5.4,0.7,105,13,3.1,4.7,0.5,109,11,0,29.37,,0,0,0,42.3,43.0,44.0,0.44,0.22,0.41
CSQR,2015-12-02 02:45:00 EST,43.32613,-76.10445,453,43.3,43.2,41.7,97.5,42.7,0.016,0.122,0.32,0.057,3.5,5.0,0.6,112,8,3.7,6.0,0.7,109,10,3.5,5.0,0.6,112,8,0,29.37,,0,0,0,42.3,43.0,44.0,0.44,0.22,0.41
CSQR,2015-12-02 02:50:00 EST,43.32613,-76.10445,453,43.3,43.2,41.8,97.6,42.6,0.020,0.142,0.35,0.074,3.3,3.9,0.3,112,7,3.7,4.7,0.4,109,8,3.3,3.9,0.3,112,7,0,29.37,,0,0,0,42.3,43.0,44.0,0.44,0.22,0.41
CSQR,2015-12-02 02:55:00 EST,43.32613,-76.10445,453,43.3,43.2,41.0,97.7,42.7,0.005,0.147,0.00,0.079,4.1,5.8,0.8,95,11,4.8,6.9,1.0,92,10,4.1,5.8,0.8,95,11,0,29.36,,0,0,0,42.3,43.0,44.0,0.44,0.22,0.41
CSQR,2015-12-02 03:00:00 EST,43.32613,-76.10445,453,43.3,43.2,41.4,97.7,42.7,0.008,0.156,0.00,0.080,3.7,6.8,1.1,95,17,4.3,7.8,1.2,92,15,3.7,6.8,1.1,95,17,0,29.36,,0,0,0,42.3,43.0,44.0,0.44,0.24,0.41
CSQR,2015-12-02 03:05:00 EST,43.32613,-76.10445,453,43.3,43.2,41.1,97.6,42.7,0.011,0.167,0.00,0.069,4.1,6.1,0.8,103,8,4.6,6.7,1.0,99,7,4.1,6.1,0.8,103,8,0,29.36,,0,0,0,42.4,43.0,44.0,0.44,0.26,0.41
CSQR,2015-12-02 03:10:00 EST,43.32613,-76.10445,453,43.4,43.3,41.9,97.7,42.8,0.004,0.171,0.00,0.067,3.3,4.8,0.7,121,7,3.4,5.1,0.7,120,10,3.3,4.8,0.7,121,7,0,29.36,,0,0,0,42.4,43.0,44.1,0.44,0.30,0.40
CSQR,2015-12-02 03:15:00 EST,43.32613,-76.10445,453,43.5,43.4,43.5,97.7,42.9,0.002,0.173,0.00,0.069,2.6,4.2,0.4,136,12,2.7,4.9,0.6,134,10,2.6,4.2,0.4,136,12,0,29.36,,0,0,0,42.4,43.0,44.1,0.44,0.37,0.41
CSQR,2015-12-02 03:20:00 EST,43.32613,-76.10445,453,43.4,43.3,43.4,97.7,42.8,0.000,0.173,0.00,0.069,2.9,4.2,0.6,147,8,3.1,4.7,0.7,143,8,2.9,4.2,0.6,147,8,0,29.37,,0,0,0,42.4,43.0,44.1,0.44,0.46,0.41
CSQR,2015-12-02 03:25:00 EST,43.32613,-76.10445,453,43.4,43.3,41.7,97.7,42.8,0.003,0.176,0.00,0.072,3.5,4.2,0.3,137,7,3.6,4.7,0.4,135,6,3.5,4.2,0.3,137,7,0,29.36,,0,0,0,42.4,43.0,44.1,0.44,0.54,0.41
CSQR,2015-12-02 03:30:00 EST,43.32613,-76.10445,453,43.4,43.3,41.6,97.8,42.8,0.004,0.179,0.00,0.075,3.7,4.9,0.6,138,7,3.9,5.6,0.7,135,5,3.7,4.9,0.6,138,7,0,29.36,,0,0,0,42.4,43.0,44.1,0.44,0.56,0.41
CSQR,2015-12-02 03:35:00 EST,43.32613,-76.10445,453,43.4,43.4,41.7,97.9,42.9,0.005,0.184,0.00,0.078,3.6,5.1,0.5,143,6,3.8,5.8,0.7,140,5,3.6,5.1,0.5,143,6,0,29.36,,0,0,0,42.4,43.0,44.1,0.44,0.56,0.41
CSQR,2015-12-02 03:40:00 EST,43.32613,-76.10445,453,43.5,43.4,42.2,98.0,42.9,0.004,0.188,0.00,0.082,3.1,5.3,0.6,149,8,3.3,5.8,0.8,146,8,3.1,5.3,0.6,149,8,0,29.36,,0,0,0,42.4,43.0,44.1,0.44,0.56,0.41
CSQR,2015-12-02 03:45:00 EST,43.32613,-76.10445,453,43.6,43.5,41.3,98.1,43.1,0.003,0.190,0.00,0.068,4.1,5.6,0.8,152,9,4.4,6.3,0.9,150,9,4.1,5.6,0.8,152,9,0,29.36,,0,0,0,42.4,43.0,44.1,0.44,0.57,0.41
CSQR,2015-12-02 03:50:00 EST,43.32613,-76.10445,453,43.6,43.5,41.3,98.1,43.1,0.003,0.193,0.00,0.051,4.2,5.4,0.5,145,6,4.5,6.3,0.6,142,6,4.2,5.4,0.5,145,6,0,29.36,,0,0,0,42.4,43.0,44.1,0.44,0.57,0.41
CSQR,2015-12-02 03:55:00 EST,43.32613,-76.10445,453,43.6,43.4,41.8,98.1,43.1,0.007,0.200,0.00,0.053,3.6,5.1,0.7,145,7,3.8,5.6,0.8,142,6,3.6,5.1,0.7,145,7,0,29.36,,0,0,0,42.4,43.0,44.1,0.44,0.57,0.41
CSQR,2015-12-02 04:00:00 EST,43.32613,-76.10445,453,43.5,43.4,41.5,98.1,43.0,0.007,0.208,0.00,0.052,3.9,6.3,0.8,146,8,4.1,6.5,0.9,141,7,3.9,6.3,0.8,146,8,0,29.36,,0,0,0,42.4,43.1,44.0,0.44,0.57,0.41
CSQR,2015-12-02 04:05:00 EST,43.32613,-76.10445,453,43.6,43.4,41.6,98.1,43.1,0.009,0.216,0.00,0.049,3.8,5.1,0.6,145,9,3.9,6.7,0.9,141,9,3.8,5.1,0.6,145,9,0,29.35,,0,0,0,42.4,43.0,44.1,0.44,0.57,0.41
CSQR,2015-12-02 04:10:00 EST,43.32613,-76.10445,453,43.6,43.5,41.9,98.2,43.1,0.018,0.234,0.31,0.063,3.5,5.0,0.5,137,8,3.6,5.4,0.7,134,7,3.5,5.0,0.5,137,8,0,29.35,,0,0,0,42.4,43.1,44.0,0.44,0.57,0.41
CSQR,2015-12-02 04:15:00 EST,43.32613,-76.10445,453,43.6,43.5,42.3,98.2,43.1,0.010,0.244,0.00,0.072,3.1,4.5,0.4,138,9,3.3,4.9,0.6,135,8,3.1,4.5,0.4,138,9,0,29.35,,0,0,0,42.4,43.0,44.1,0.45,0.57,0.41
CSQR,2015-12-02 04:20:00 EST,43.32613,-76.10445,453,43.7,43.6,42.1,98.2,43.2,0.007,0.252,0.00,0.079,3.4,4.9,0.7,133,10,3.4,4.9,0.7,131,10,3.4,4.9,0.7,133,10,0,29.35,,0,0,0,42.5,43.1,44.1,0.45,0.57,0.41
CSQR,2015-12-02 04:25:00 EST,43.32613,-76.10445,453,43.7,43.6,43.7,98.2,43.2,0.006,0.258,0.00,0.082,2.4,4.1,0.8,152,17,2.6,4.7,0.8,146,15,2.4,4.1,0.8,152,17,0,29.35,,0,0,0,42.5,43.0,44.1,0.45,0.57,0.41
CSQR,2015-12-02 04:30:00 EST,43.32613,-76.10445,453,43.7,43.6,41.6,98.2,43.3,0.004,0.261,0.00,0.082,4.1,6.2,1.0,113,12,4.5,7.4,1.1,111,13,4.1,6.2,1.0,113,12,0,29.35,,0,0,0,42.5,43.1,44.1,0.45,0.57,0.41
CSQR,2015-12-02 04:35:00 EST,43.32613,-76.10445,453,43.8,43.7,42.3,98.2,43.3,0.004,0.265,0.00,0.081,3.3,4.8,0.7,123,9,3.4,5.1,0.7,122,10,3.3,4.8,0.7,123,9,0,29.35,,0,0,0,42.5,43.0,44.1,0.45,0.57,0.41
CSQR,2015-12-02 04:40:00 EST,43.32613,-76.10445,453,43.8,43.7,43.8,98.1,43.3,0.008,0.274,0.00,0.086,3.0,4.8,0.8,136,8,3.0,5.1,0.9,135,7,3.0,4.8,0.8,136,8,0,29.35,,0,0,0,42.5,43.1,44.1,0.45,0.57,0.41
CSQR,2015-12-02 04:45:00 EST,43.32613,-76.10445,453,43.8,43.7,42.4,98.1,43.3,0.004,0.278,0.00,0.087,3.3,4.2,0.5,143,18,3.5,5.1,0.7,141,17,3.3,4.2,0.5,143,18,0,29.35,,0,0,0,42.5,43.0,44.1,0.45,0.57,0.41
CSQR,2015-12-02 04:50:00 EST,43.32613,-76.10445,453,43.8,43.7,43.8,98.1,43.3,0.009,0.287,0.00,0.093,2.9,4.2,0.6,143,11,3.1,4.9,0.7,138,10,2.9,4.2,0.6,143,11,0,29.35,,0,0,0,42.5,43.0,44.1,0.45,0.57,0.41
CSQR,2015-12-02 04:55:00 EST,43.32613,-76.10445,453,43.9,43.8,41.5,98.1,43.3,0.003,0.289,0.00,0.089,4.4,5.5,0.9,122,11,4.5,6.7,1.1,119,11,4.4,5.5,0.9,122,11,0,29.35,,0,0,0,42.5,43.0,44.0,0.45,0.57,0.41
CSQR,2015-12-02 05:00:00 EST,43.32613,-76.10445,453,43.9,43.8,42.7,98.0,43.4,0.011,0.300,0.26,0.092,3.0,5.0,0.9,152,17,3.3,5.6,1.0,148,18,3.0,5.0,0.9,152,17,0,29.35,,0,0,0,42.6,43.0,44.1,0.46,0.57,0.41
CSQR,2015-12-02 05:05:00 EST,43.32613,-76.10445,453,43.9,43.8,41.9,98.0,43.4,0.010,0.310,0.00,0.093,3.9,5.1,0.5,122,10,4.2,5.8,0.6,118,9,3.9,5.1,0.5,122,10,0,29.35,,0,0,0,42.6,43.0,44.1,0.45,0.57,0.41
CSQR,2015-12-02 05:10:00 EST,43.32613,-76.10445,453,43.9,43.8,43.9,98.0,43.4,0.020,0.330,0.40,0.096,2.9,3.8,0.5,127,11,3.2,4.7,0.6,124,12,2.9,3.8,0.5,127,11,0,29.34,,0,0,0,42.6,43.0,44.1,0.46,0.57,0.41
CSQR,2015-12-02 05:15:00 EST,43.32613,-76.10445,453,43.9,43.8,43.9,98.0,43.4,0.012,0.341,0.29,0.097,2.6,3.2,0.3,154,13,2.8,4.0,0.5,150,15,2.6,3.2,0.3,154,13,0,29.35,,0,0,0,42.6,43.0,44.1,0.46,0.58,0.41
CSQR,2015-12-02 05:20:00 EST,43.32613,-76.10445,453,43.9,43.8,42.5,98.0,43.4,0.004,0.345,0.00,0.093,3.3,4.4,0.5,161,10,3.8,5.4,0.6,159,13,3.3,4.4,0.5,161,10,0,29.35,,0,0,0,42.6,43.0,44.1,0.46,0.58,0.41
CSQR,2015-12-02 05:25:00 EST,43.32613,-76.10445,453,43.9,43.9,42.5,98.1,43.4,0.000,0.345,0.00,0.088,3.4,5.8,0.7,149,13,3.6,5.8,0.8,145,12,3.4,5.8,0.7,149,13,0,29.35,,0,0,0,42.6,42.9,44.1,0.46,0.58,0.41
CSQR,2015-12-02 05:30:00 EST,43.32613,-76.10445,453,44.0,44.0,42.1,98.1,43.5,0.002,0.347,0.00,0.086,3.9,5.3,0.6,122,7,4.1,6.5,0.8,120,9,3.9,5.3,0.6,122,7,0,29.35,,0,0,0,42.6,42.8,44.0,0.46,0.58,0.41
CSQR,2015-12-02 05:35:00 EST,43.32613,-76.10445,453,44.0,44.0,42.9,98.1,43.5,0.004,0.351,0.00,0.086,3.0,4.3,0.6,146,19,3.3,5.1,0.7,145,19,3.0,4.3,0.6,146,19,0,29.35,,0,0,0,42.6,42.8,44.1,0.46,0.58,0.41
CSQR,2015-12-02 05:40:00 EST,43.32613,-76.10445,453,44.0,44.0,42.6,98.0,43.5,0.004,0.356,0.00,0.082,3.3,4.7,0.7,120,18,3.5,5.8,1.0,117,18,3.3,4.7,0.7,120,18,0,29.35,,0,0,0,42.6,42.8,44.1,0.46,0.58,0.41
CSQR,2015-12-02 05:45:00 EST,43.32613,-76.10445,453,44.1,44.0,42.7,98.1,43.5,0.007,0.363,0.00,0.085,3.2,5.0,0.8,130,27,3.6,5.8,1.0,127,26,3.2,5.0,0.8,130,27,0,29.35,,0,0,0,42.7,42.9,44.1,0.46,0.58,0.41
CSQR,2015-12-02 05:50:00 EST,43.32613,-76.10445,453,44.1,44.0,44.1,98.0,43.6,0.004,0.367,0.00,0.080,2.3,3.9,0.6,137,15,2.4,4.0,0.6,135,15,2.3,3.9,0.6,137,15,0,29.34,,0,0,0,42.7,42.9,44.0,0.46,0.58,0.41
CSQR,2015-12-02 05:55:00 EST,43.32613,-76.10445,453,44.1,43.9,44.1,98.0,43.5,0.000,0.367,0.00,0.078,2.5,3.2,0.4,117,17,2.8,3.6,0.5,115,19,2.5,3.2,0.4,117,17,0,29.34,,0,0,0,42.7,43.0,44.1,0.46,0.58,0.41
CSQR,2015-12-02 06:00:00 EST,43.32613,-76.10445,453,44.0,44.0,44.0,98.0,43.5,0.000,0.367,0.00,0.067,2.0,3.6,0.7,168,13,2.3,4.3,0.9,165,16,2.0,3.6,0.7,168,13,0,29.35,,0,0,0,42.7,43.0,44.0,0.45,0.58,0.41
CSQR,2015-12-02 06:05:00 EST,43.32613,-76.10445,453,44.1,44.0,44.1,98.1,43.6,0.000,0.367,0.00,0.057,0.3,1.5,0.5,284,30,0.8,1.8,0.5,264,46,0.3,1.5,0.5,284,30,0,29.35,,0,0,0,42.7,43.0,44.1,0.46,0.58,0.41
CSQR,2015-12-02 06:10:00 EST,43.32613,-76.10445,453,44.1,44.0,44.1,98.1,43.6,0.000,0.367,0.00,0.037,0.9,2.2,0.7,297,3,1.2,2.5,0.5,293,24,0.9,2.2,0.7,297,3,0,29.35,,0,0,0,42.7,43.0,44.1,0.46,0.58,0.41
CSQR,2015-12-02 06:15:00 EST,43.32613,-76.10445,453,44.2,44.1,44.2,98.1,43.7,0.002,0.369,0.00,0.028,0.7,1.8,0.6,159,28,1.2,2.0,0.3,154,31,0.7,1.8,0.6,159,28,0,29.35,,0,0,0,42.8,43.0,44.1,0.46,0.58,0.41
CSQR,2015-12-02 06:20:00 EST,43.32613,-76.10445,453,44.2,44.1,44.2,98.1,43.7,0.000,0.369,0.00,0.024,0.1,0.7,0.2,199,0,0.8,1.8,0.5,221,62,0.1,0.7,0.2,199,0,0,29.35,,0,0,0,42.7,43.0,44.1,0.46,0.58,0.41
CSQR,2015-12-02 06:25:00 EST,43.32613,-76.10445,453,44.1,44.1,44.1,98.1,43.6,0.000,0.369,0.00,0.024,1.6,2.5,0.5,171,32,1.8,2.9,0.5,166,28,1.6,2.5,0.5,171,32,0,29.35,,0,0,0,42.8,43.0,44.1,0.46,0.58,0.41
CSQR,2015-12-02 06:30:00 EST,43.32613,-76.10445,453,44.0,44.0,44.0,98.1,43.5,0.000,0.369,0.00,0.022,1.7,2.3,0.2,157,21,2.0,2.9,0.3,155,24,1.7,2.3,0.2,157,21,0,29.35,,0,0,0,42.8,43.1,44.1,0.46,0.58,0.41
CSQR,2015-12-02 06:35:00 EST,43.32613,-76.10445,453,44.0,43.9,44.0,98.2,43.5,0.000,0.369,0.00,0.018,1.5,1.9,0.2,145,5,1.6,2.0,0.2,141,7,1.5,1.9,0.2,145,5,0,29.35,,0,0,0,42.8,43.0,44.1,0.46,0.58,0.41
CSQR,2015-12-02 06:40:00 EST,43.32613,-76.10445,453,44.0,44.0,44.0,98.3,43.6,0.000,0.369,0.00,0.013,1.8,2.6,0.5,139,6,2.0,2.7,0.3,141,12,1.8,2.6,0.5,139,6,0,29.35,,0,0,0,42.8,43.1,44.1,0.46,0.58,0.41
CSQR,2015-12-02 06:45:00 EST,43.32613,-76.10445,453,44.0,43.9,44.0,98.3,43.6,0.000,0.369,0.00,0.006,0.8,1.5,0.4,183,27,1.4,2.2,0.3,198,22,0.8,1.5,0.4,183,27,0,29.36,,0,0,0,42.8,43.1,44.1,0.46,0.58,0.41
CSQR,2015-12-02 06:50:00 EST,43.32613,-76.10445,453,44.1,44.0,44.1,98.4,43.6,0.000,0.369,0.00,0.002,2.5,4.4,1.3,260,17,2.9,5.4,1.6,260,16,2.5,4.4,1.3,260,17,0,29.36,,0,0,0,42.8,43.1,44.1,0.46,0.58,0.41
CSQR,2015-12-02 06:55:00 EST,43.32613,-76.10445,453,44.1,44.0,42.7,98.4,43.7,0.000,0.369,0.00,0.002,3.3,5.3,1.3,264,23,3.9,6.3,1.5,261,24,3.3,5.3,1.3,264,23,0,29.37,,0,0,0,42.8,43.1,44.2,0.46,0.58,0.41
CSQR,2015-12-02 07:00:00 EST,43.32613,-76.10445,453,44.1,44.0,44.1,98.4,43.7,0.000,0.369,0.00,0.002,2.6,4.5,0.7,274,12,3.0,5.6,0.8,271,13,2.6,4.5,0.7,274,12,0,29.37,,0,0,0,42.8,43.1,44.1,0.46,0.58,0.41
CSQR,2015-12-02 07:05:00 EST,43.32613,-76.10445,453,44.2,44.0,44.2,98.5,43.8,0.002,0.371,0.00,0.004,2.4,3.6,0.7,270,11,2.8,4.5,0.8,270,12,2.4,3.6,0.7,270,11,0,29.36,,0,0,0,42.8,43.1,44.2,0.46,0.58,0.41
CSQR,2015-12-02 07:10:00 EST,43.32613,-76.10445,453,44.2,44.1,44.2,98.5,43.8,0.001,0.372,0.00,0.005,1.8,2.8,0.4,279,11,2.0,3.1,0.5,279,13,1.8,2.8,0.4,279,11,0,29.36,,0,0,0,42.8,43.1,44.1,0.46,0.58,0.41
CSQR,2015-12-02 07:15:00 EST,43.32613,-76.10445,453,44.3,44.1,44.3,98.5,43.9,0.006,0.378,0.00,0.009,1.7,2.3,0.2,254,8,1.9,2.7,0.3,251,10,1.7,2.3,0.2,254,8,0,29.37,,0,0,0,42.8,43.2,44.2,0.46,0.58,0.41
CSQR,2015-12-02 07:20:00 EST,43.32613,-76.10445,453,44.2,44.1,44.2,98.5,43.8,0.001,0.379,0.00,0.010,1.3,1.8,0.3,250,5,1.5,2.2,0.3,242,18,1.3,1.8,0.3,250,5,0,29.37,,0,0,0,42.8,43.1,44.2,0.46,0.58,0.41
CSQR,2015-12-02 07:25:00 EST,43.32613,-76.10445,453,44.1,44.1,44.1,98.5,43.7,0.000,0.379,0.00,0.010,0.5,1.2,0.4,230,0,1.1,2.2,0.3,195,16,0.5,1.2,0.4,230,0,0,29.37,,0,0,0,42.8,43.1,44.1,0.46,0.58,0.41
CSQR,2015-12-02 07:30:00 EST,43.32613,-76.10445,453,44.2,44.1,44.2,98.4,43.7,0.000,0.379,0.00,0.010,0.0,0.1,0.0,230,0,0.5,1.3,0.3,172,41,0.0,0.1,0.0,230,0,1,29.36,,0,0,0,42.8,43.2,44.1,0.46,0.58,0.41
CSQR,2015-12-02 07:35:00 EST,43.32613,-76.10445,453,44.2,44.1,44.2,98.5,43.8,0.000,0.379,0.00,0.010,0.0,0.0,0.0,0,0,0.6,1.3,0.3,128,29,0.0,0.0,0.0,0,0,1,29.36,,0,0,0,42.8,43.2,44.1,0.46,0.58,0.41
CSQR,2015-12-02 07:40:00 EST,43.32613,-76.10445,453,44.2,44.1,44.2,98.5,43.8,0.000,0.379,0.00,0.010,0.5,1.3,0.5,217,5,1.3,2.0,0.3,172,30,0.5,1.3,0.5,217,5,2,29.36,,0,0,0,42.8,43.2,44.2,0.46,0.58,0.41
CSQR,2015-12-02 07:45:00 EST,43.32613,-76.10445,453,44.1,44.0,44.1,98.5,43.7,0.000,0.379,0.00,0.010,1.0,1.5,0.2,213,0,1.4,2.2,0.3,192,10,1.0,1.5,0.2,213,0,2,29.37,,0,0,0,42.9,43.2,44.1,0.46,0.58,0.41
CSQR,2015-12-02 07:50:00 EST,43.32613,-76.10445,453,44.1,44.0,44.1,98.5,43.7,0.000,0.379,0.00,0.010,1.1,1.8,0.3,195,3,1.4,2.5,0.4,206,15,1.1,1.8,0.3,195,3,3,29.37,,0,0,0,42.9,43.2,44.2,0.46,0.58,0.41
CSQR,2015-12-02 07:55:00 EST,43.32613,-76.10445,453,44.1,44.0,44.1,98.5,43.7,0.002,0.381,0.00,0.012,0.0,0.6,0.1,194,0,0.4,0.9,0.2,197,37,0.0,0.6,0.1,194,0,4,29.37,,0,0,0,42.9,43.2,44.2,0.46,0.58,0.41
CSQR,2015-12-02 08:00:00 EST,43.32613,-76.10445,453,44.1,43.9,44.1,98.5,43.7,0.000,0.381,0.00,0.012,0.8,1.5,0.4,162,22,1.4,2.0,0.3,139,20,0.8,1.5,0.4,162,22,4,29.37,,0,0,0,42.9,43.2,44.2,0.46,0.58,0.41
CSQR,2015-12-02 08:05:00 EST,43.32613,-76.10445,453,44.0,43.9,44.0,98.5,43.6,0.000,0.381,0.00,0.010,1.5,2.1,0.3,141,8,1.7,2.0,0.2,138,12,1.5,2.1,0.3,141,8,4,29.37,,0,0,0,42.9,43.2,44.2,0.46,0.58,0.41
CSQR,2015-12-02 08:10:00 EST,43.32613,-76.10445,453,43.9,43.8,43.9,98.5,43.6,0.000,0.381,0.00,0.009,2.0,2.9,0.4,142,7,2.1,3.1,0.4,143,10,2.0,2.9,0.4,142,7,6,29.37,,0,0,0,42.9,43.2,44.3,0.46,0.58,0.41
CSQR,2015-12-02 08:15:00 EST,43.32613,-76.10445,453,43.9,43.7,43.9,98.5,43.5,0.000,0.381,0.00,0.003,2.7,3.1,0.3,157,4,2.9,3.6,0.4,154,7,2.7,3.1,0.3,157,4,6,29.37,,0,0,0,42.9,43.2,44.2,0.46,0.58,0.41
CSQR,2015-12-02 08:20:00 EST,43.32613,-76.10445,453,43.9,43.7,43.9,98.5,43.5,0.000,0.381,0.00,0.002,2.1,2.7,0.3,157,4,2.3,3.1,0.4,152,8,2.1,2.7,0.3,157,4,6,29.37,,0,0,0,42.9,43.2,44.2,0.46,0.58,0.41
CSQR,2015-12-02 08:25:00 EST,43.32613,-76.10445,453,43.9,43.8,43.9,98.6,43.5,0.000,0.381,0.00,0.002,1.3,2.1,0.3,154,1,,,,0,0,1.3,2.1,0.3,154,1,7,29.37,,0,0,0,43.0,43.2,44.3,0.46,0.58,0.41
CSQR,2015-12-02 08:30:00 EST,43.32613,-76.10445,453,,,,98.6,,0.000,0.381,0.00,0.002,2.0,3.4,0.7,212,23,,,,0,0,2.0,3.4,0.7,212,23,6,29.38,,0,0,0,43.0,43.2,44.1,0.46,0.58,0.41
CSQR,2015-12-02 08:35:00 EST,43.32613,-76.10445,453,,,,98.7,,0.000,0.381,0.00,0.002,2.6,3.4,0.5,224,9,,,,0,0,2.6,3.4,0.5,224,9,7,29.39,,0,0,0,43.0,43.2,44.1,0.46,0.58,0.41
CSQR,2015-12-02 08:40:00 EST,43.32613,-76.10445,453,,,,98.7,,0.000,0.381,0.00,0.002,1.3,2.6,0.7,232,8,,,,0,0,1.3,2.6,0.7,232,8,8,29.39,,0,0,0,43.0,43.2,44.1,0.46,0.58,0.41
CSQR,2015-12-02 08:45:00 EST,43.32613,-76.10445,453,,,,98.7,,0.000,0.381,0.00,0.002,0.4,1.4,0.5,233,0,,,,0,0,0.4,1.4,0.5,233,0,9,29.38,,0,0,0,43.0,43.2,44.1,0.46,0.58,0.41
CSQR,2015-12-02 08:50:00 EST,43.32613,-76.10445,453,,,,98.7,,0.000,0.381,0.00,0.002,1.2,1.7,0.2,226,5,,,,0,0,1.2,1.7,0.2,226,5,10,29.38,,0,0,0,43.0,43.2,44.1,0.46,0.58,0.41
CSQR,2015-12-02 08:55:00 EST,43.32613,-76.10445,453,,,,98.7,,0.000,0.381,0.00,0.000,1.1,1.5,0.2,223,3,,,,0,0,1.1,1.5,0.2,223,3,9,29.39,,0,0,0,43.0,43.2,44.1,0.46,0.58,0.41
CSQR,2015-12-02 09:00:00 EST,43.32613,-76.10445,453,,,,98.7,,0.000,0.381,0.00,0.000,0.5,1.4,0.5,228,0,,,,0,0,0.5,1.4,0.5,228,0,13,29.38,,0,0,0,43.0,43.2,44.1,0.46,0.58,0.41
CSQR,2015-12-02 09:05:00 EST,43.32613,-76.10445,453,,,,98.7,,0.000,0.381,0.00,0.000,0.0,0.5,0.1,228,0,,,,0,0,0.0,0.5,0.1,228,0,15,29.38,,0,0,0,43.0,43.2,44.1,0.46,0.58,0.41
CSQR,2015-12-02 09:10:00 EST,43.32613,-76.10445,453,,,,98.7,,0.000,0.381,0.00,0.000,0.0,0.0,0.0,0,0,,,,0,0,0.0,0.0,0.0,0,0,15,29.38,,0,0,0,43.0,43.2,44.2,0.46,0.58,0.41
CSQR,2015-12-02 09:15:00 EST,43.32613,-76.10445,453,,,,98.8,,0.000,0.381,0.00,0.000,0.0,0.0,0.0,228,0,,,,0,0,0.0,0.0,0.0,228,0,15,29.38,,0,0,0,43.0,43.2,44.2,0.46,0.58,0.41
CSQR,2015-12-02 09:20:00 EST,43.32613,-76.10445,453,,,,98.8,,0.000,0.381,0.00,0.000,0.2,0.9,0.3,228,0,,,,0,0,0.2,0.9,0.3,228,0,21,29.38,,0,0,0,43.0,43.2,44.2,0.46,0.58,0.41
CSQR,2015-12-02 09:25:00 EST,43.32613,-76.10445,453,,,,98.8,,0.000,0.381,0.00,0.000,0.8,1.8,0.5,312,23,,,,0,0,0.8,1.8,0.5,312,23,23,29.38,,0,0,0,43.0,43.3,44.3,0.46,0.58,0.41
CSQR,2015-12-02 09:30:00 EST,43.32613,-76.10445,453,,,,98.8,,0.000,0.381,0.00,0.000,2.3,4.4,1.2,321,12,,,,0,0,2.3,4.4,1.2,321,12,26,29.37,,0,0,0,43.1,43.3,44.3,0.46,0.58,0.41
CSQR,2015-12-02 09:35:00 EST,43.32613,-76.10445,453,,,,98.8,,0.000,0.381,0.00,0.000,4.3,6.8,1.0,308,12,,,,0,0,4.3,6.8,1.0,308,12,24,29.37,,0,0,0,43.1,43.3,44.3,0.46,0.58,0.41
CSQR,2015-12-02 09:40:00 EST,43.32613,-76.10445,453,,,,98.8,,0.000,0.381,0.00,0.000,3.4,5.6,0.8,307,17,,,,0,0,3.4,5.6,0.8,307,17,25,29.38,,0,0,0,43.2,43.3,44.4,0.46,0.58,0.41
CSQR,2015-12-02 09:45:00 EST,43.32613,-76.10445,453,,,,98.7,,0.000,0.381,0.00,0.000,3.1,5.6,1.1,309,19,,,,0,0,3.1,5.6,1.1,309,19,40,29.37,,0,0,0,43.2,43.3,44.4,0.46,0.58,0.41
CSQR,2015-12-02 09:50:00 EST,43.32613,-76.10445,453,,,,98.3,,0.000,0.381,0.00,0.000,2.4,3.7,0.7,326,14,,,,0,0,2.4,3.7,0.7,326,14,42,29.37,,0,0,0,43.2,43.3,44.4,0.46,0.58,0.41
CSQR,2015-12-02 09:55:00 EST,43.32613,-76.10445,453,,,,97.8,,0.000,0.381,0.00,0.000,2.4,3.9,0.7,304,11,,,,0,0,2.4,3.9,0.7,304,11,35,29.37,,0,0,0,43.2,43.3,44.4,0.46,0.58,0.41
CSQR,2015-12-02 10:00:00 EST,43.32613,-76.10445,453,,,,97.1,,0.000,0.381,0.00,0.000,2.8,4.2,0.7,301,15,,,,0,0,2.8,4.2,0.7,301,15,26,29.37,,0,0,0,43.2,43.3,44.4,0.46,0.58,0.41
CSQR,2015-12-02 10:05:00 EST,43.32613,-76.10445,453,,,,96.7,,0.000,0.381,0.00,0.000,1.4,2.5,0.5,326,22,,,,0,0,1.4,2.5,0.5,326,22,26,29.37,,0,0,0,43.2,43.3,44.4,0.46,0.58,0.41
CSQR,2015-12-02 10:10:00 EST,43.32613,-76.10445,453,,,,96.2,,0.000,0.381,0.00,0.000,2.1,4.7,1.1,323,18,,,,0,0,2.1,4.7,1.1,323,18,28,29.37,,0,0,0,43.3,43.3,44.4,0.46,0.58,0.41
CSQR,2015-12-02 10:15:00 EST,43.32613,-76.10445,453,,,,95.7,,0.000,0.381,0.00,0.000,2.0,3.4,0.8,314,14,,,,0,0,2.0,3.4,0.8,314,14,26,29.37,,0,0,0,43.3,43.3,44.4,0.46,0.58,0.41
CSQR,2015-12-02 10:20:00 EST,43.32613,-76.10445,453,,,,95.4,,0.000,0.381,0.00,0.000,2.9,4.4,0.8,309,9,,,,0,0,2.9,4.4,0.8,309,9,30,29.37,,0,0,0,43.3,43.3,44.4,0.46,0.58,0.41
CSQR,2015-12-02 10:25:00 EST,43.32613,-76.10445,453,,,,95.5,,0.000,0.381,0.00,0.000,2.6,4.1,0.5,307,14,,,,0,0,2.6,4.1,0.5,307,14,33,29.37,,0,0,0,43.3,43.3,44.4,0.46,0.58,0.41
CSQR,2015-12-02 10:30:00 EST,43.32613,-76.10445,453,,,,95.2,,0.000,0.381,0.00,0.000,2.7,4.5,1.2,309,16,,,,0,0,2.7,4.5,1.2,309,16,31,29.37,,0,0,0,43.4,43.3,44.4,0.46,0.58,0.41
CSQR,2015-12-02 10:35:00 EST,43.32613,-76.10445,453,,,,94.8,,0.000,0.381,0.00,0.000,3.2,4.5,0.6,317,13,,,,0,0,3.2,4.5,0.6,317,13,29,29.37,,0,0,0,43.5,43.3,44.4,0.46,0.58,0.41
CSQR,2015-12-02 10:40:00 EST,43.32613,-76.10445,453,,,,93.6,,0.000,0.381,0.00,0.000,1.6,5.6,1.6,335,31,,,,0,0,1.6,5.6,1.6,335,31,42,29.36,,0,0,0,43.5,43.3,44.4,0.46,0.58,0.41
CSQR,2015-12-02 10:45:00 EST,43.32613,-76.10445,453,,,,92.3,,0.000,0.381,0.00,0.000,1.9,3.6,0.6,343,17,,,,0,0,1.9,3.6,0.6,343,17,50,29.35,,0,0,0,43.5,43.3,44.4,0.46,0.58,0.41
CSQR,2015-12-02 10:50:00 EST,43.32613,-76.10445,453,,,,92.8,,0.000,0.381,0.00,0.000,2.7,5.2,1.2,323,15,,,,0,0,2.7,5.2,1.2,323,15,51,29.35,,0,0,0,43.5,43.3,44.4,0.46,0.58,0.41
CSQR,2015-12-02 10:55:00 EST,43.32613,-76.10445,453,,,,93.4,,0.000,0.381,0.00,0.000,2.6,4.1,0.8,316,12,,,,0,0,2.6,4.1,0.8,316,12,47,29.35,,0,0,0,43.5,43.3,44.4,0.46,0.58,0.41
CSQR,2015-12-02 11:00:00 EST,43.32613,-76.10445,453,,,,93.4,,0.000,0.381,0.00,0.000,2.1,3.1,0.8,313,11,,,,0,0,2.1,3.1,0.8,313,11,43,29.35,,0,0,0,43.5,43.3,44.4,0.46,0.58,0.42
CSQR,2015-12-02 11:05:00 EST,43.32613,-76.10445,453,,,,93.7,,0.000,0.381,0.00,0.000,1.8,3.2,0.7,327,15,,,,0,0,1.8,3.2,0.7,327,15,55,29.35,,0,0,0,43.6,43.3,44.4,0.46,0.58,0.41
CSQR,2015-12-02 11:10:00 EST,43.32613,-76.10445,453,,,,93.1,,0.000,0.381,0.00,0.000,2.1,3.7,0.7,327,11,,,,0,0,2.1,3.7,0.7,327,11,59,29.34,,0,0,0,43.7,43.3,44.4,0.46,0.58,0.42
CSQR,2015-12-02 11:15:00 EST,43.32613,-76.10445,453,,,,93.2,,0.000,0.381,0.00,0.000,2.8,4.1,0.6,314,12,,,,0,0,2.8,4.1,0.6,314,12,54,29.34,,0,0,0,43.7,43.3,44.4,0.46,0.58,0.41
CSQR,2015-12-02 11:20:00 EST,43.32613,-76.10445,453,,,,93.2,,0.000,0.381,0.00,0.000,2.6,4.0,0.6,305,16,,,,0,0,2.6,4.0,0.6,305,16,49,29.34,,0,0,0,43.7,43.3,44.4,0.46,0.58,0.42
CSQR,2015-12-02 11:25:00 EST,43.32613,-76.10445,453,,,,93.3,,0.000,0.381,0.00,0.000,2.2,4.1,0.8,331,23,,,,0,0,2.2,4.1,0.8,331,23,49,29.33,,0,0,0,43.8,43.3,44.4,0.46,0.58,0.42
CSQR,2015-12-02 11:30:00 EST,43.32613,-76.10445,453,,,,93.0,,0.000,0.381,0.00,0.000,2.7,4.8,0.7,322,18,,,,0,0,2.7,4.8,0.7,322,18,47,29.33,,0,0,0,43.9,43.3,44.4,0.46,0.58,0.41
CSQR,2015-12-02 11:35:00 EST,43.32613,-76.10445,453,,,,93.4,,0.000,0.381,0.00,0.000,2.3,3.9,0.6,316,12,,,,0,0,2.3,3.9,0.6,316,12,46,29.33,,0,0,0,43.9,43.3,44.4,0.46,0.58,0.42
CSQR,2015-12-02 11:40:00 EST,43.32613,-76.10445,453,,,,92.9,,0.000,0.381,0.00,0.000,2.6,3.9,0.7,318,14,,,,0,0,2.6,3.9,0.7,318,14,38,29.33,,0,0,0,43.9,43.3,44.4,0.46,0.58,0.42
CSQR,2015-12-02 11:45:00 EST,43.32613,-76.10445,453,,,,92.8,,0.000,0.381,0.00,0.000,3.0,4.5,0.8,337,14,,,,0,0,3.0,4.5,0.8,337,14,35,29.32,,0,0,0,43.9,43.3,44.4,0.46,0.58,0.42
CSQR,2015-12-02 11:50:00 EST,43.32613,-76.10445,453,,,,93.0,,0.000,0.381,0.00,0.000,0.9,3.6,0.9,2,23,,,,0,0,0.9,3.6,0.9,2,23,39,29.32,,0,0,0,43.9,43.3,44.4,0.46,0.58,0.42
CSQR,2015-12-02 11:55:00 EST,43.32613,-76.10445,453,,,,92.9,,0.000,0.381,0.00,0.000,1.4,2.7,0.6,24,30,,,,0,0,1.4,2.7,0.6,24,30,40,29.31,,0,0,0,43.9,43.4,44.4,0.46,0.58,0.42
CSQR,2015-12-02 12:00:00 EST,43.32613,-76.10445,453,,,,91.4,,0.005,0.386,0.00,0.005,1.4,2.7,0.6,21,25,,,,0,0,1.4,2.7,0.6,21,25,31,29.31,,0,0,0,43.9,43.4,44.4,0.46,0.58,0.42
CSQR,2015-12-02 12:05:00 EST,43.32613,-76.10445,453,,,,91.6,,0.003,0.389,0.00,0.008,1.2,3.2,1.0,352,24,,,,0,0,1.2,3.2,1.0,352,24,33,29.31,,0,0,0,44.0,43.5,44.4,0.46,0.58,0.42
CSQR,2015-12-02 12:10:00 EST,43.32613,-76.10445,453,,,,92.2,,0.003,0.392,0.00,0.011,1.6,3.3,0.7,2,22,,,,0,0,1.6,3.3,0.7,2,22,39,29.30,,0,0,0,44.0,43.5,44.4,0.46,0.58,0.42
CSQR,2015-12-02 12:15:00 EST,43.32613,-76.10445,453,,,,93.3,,0.004,0.397,0.00,0.016,0.5,2.4,0.7,33,14,,,,0,0,0.5,2.4,0.7,33,14,39,29.29,,0,0,0,44.1,43.5,44.4,0.46,0.58,0.42
CSQR,2015-12-02 12:20:00 EST,43.32613,-76.10445,453,,,,94.0,,0.002,0.398,0.00,0.017,1.9,3.3,0.6,52,15,,,,0,0,1.9,3.3,0.6,52,15,39,29.29,,0,0,0,44.1,43.5,44.4,0.46,0.58,0.42
CSQR,2015-12-02 12:25:00 EST,43.32613,-76.10445,453,,,,94.9,,0.003,0.401,0.00,0.020,0.8,2.2,0.7,27,28,,,,0,0,0.8,2.2,0.7,27,28,37,29.29,,0,0,0,44.1,43.5,44.4,0.46,0.58,0.42
CSQR,2015-12-02 12:30:00 EST,43.32613,-76.10445,453,,,,95.2,,0.002,0.403,0.00,0.022,2.1,4.7,1.1,57,12,,,,0,0,2.1,4.7,1.1,57,12,37,29.28,,0,0,0,44.1,43.5,44.4,0.46,0.58,0.42
CSQR,2015-12-02 12:35:00 EST,43.32613,-76.10445,453,,,,95.1,,0.002,0.405,0.00,0.024,3.5,4.7,0.6,71,7,,,,0,0,3.5,4.7,0.6,71,7,39,29.27,,0,0,0,44.1,43.5,44.4,0.46,0.58,0.42
CSQR,2015-12-02 12:40:00 EST,43.32613,-76.10445,453,,,,95.6,,0.003,0.407,0.00,0.026,4.4,6.2,0.7,75,10,,,,0,0,4.4,6.2,0.7,75,10,40,29.26,,0,0,0,44.1,43.5,44.4,0.46,0.58,0.42
CSQR,2015-12-02 12:45:00 EST,43.32613,-76.10445,453,,,,95.8,,0.001,0.408,0.00,0.027,4.1,6.4,0.8,74,14,,,,0,0,4.1,6.4,0.8,74,14,44,29.25,,0,0,0,44.1,43.5,44.4,0.46,0.58,0.42
CSQR,2015-12-02 12:50:00 EST,43.32613,-76.10445,453,,,,96.0,,0.003,0.411,0.00,0.030,3.0,5.0,1.0,91,17,,,,0,0,3.0,5.0,1.0,91,17,46,29.25,,0,0,0,44.1,43.5,44.4,0.46,0.58,0.42
CSQR,2015-12-02 12:55:00 EST,43.32613,-76.10445,453,,,,95.9,,0.002,0.413,0.00,0.032,2.4,5.0,1.1,64,36,,,,0,0,2.4,5.0,1.1,64,36,50,29.25,,0,0,0,44.1,43.5,44.4,0.46,0.58,0.42
CSQR,2015-12-02 13:00:00 EST,43.32613,-76.10445,453,,,,95.9,,0.002,0.414,0.00,0.029,1.0,2.1,0.5,44,41,,,,0,0,1.0,2.1,0.5,44,41,46,29.25,,0,0,0,44.1,43.5,44.4,0.46,0.58,0.42
CSQR,2015-12-02 13:05:00 EST,43.32613,-76.10445,453,,,,95.4,,0.002,0.416,0.00,0.027,0.9,2.6,0.8,297,38,,,,0,0,0.9,2.6,0.8,297,38,33,29.25,,0,0,0,44.1,43.5,44.4,0.46,0.58,0.42
CSQR,2015-12-02 13:10:00 EST,43.32613,-76.10445,453,,,,95.2,,0.002,0.418,0.00,0.026,0.7,2.0,0.7,8,17,,,,0,0,0.7,2.0,0.7,8,17,28,29.25,,0,0,0,44.2,43.5,44.4,0.46,0.58,0.42
CSQR,2015-12-02 13:15:00 EST,43.32613,-76.10445,453,,,,95.0,,0.002,0.420,0.00,0.023,0.3,1.1,0.4,338,4,,,,0,0,0.3,1.1,0.4,338,4,24,29.25,,0,0,0,44.3,43.5,44.4,0.46,0.58,0.42
CSQR,2015-12-02 13:20:00 EST,43.32613,-76.10445,453,,,,94.8,,0.004,0.424,0.00,0.026,0.6,1.9,0.6,25,12,,,,0,0,0.6,1.9,0.6,25,12,25,29.25,,0,0,0,44.4,43.5,44.4,0.46,0.58,0.42
CSQR,2015-12-02 13:25:00 EST,43.32613,-76.10445,453,,,,95.1,,0.004,0.427,0.00,0.026,0.8,1.7,0.6,92,6,,,,0,0,0.8,1.7,0.6,92,6,25,29.25,,0,0,0,44.4,43.5,44.4,0.46,0.58,0.42
CSQR,2015-12-02 13:30:00 EST,43.32613,-76.10445,453,,,,95.3,,0.004,0.431,0.00,0.029,2.2,3.0,0.4,104,10,,,,0,0,2.2,3.0,0.4,104,10,24,29.24,,0,0,0,44.4,43.5,44.4,0.46,0.58,0.42
CSQR,2015-12-02 13:35:00 EST,43.32613,-76.10445,453,,,,95.6,,0.004,0.435,0.00,0.030,2.4,2.8,0.2,103,12,,,,0,0,2.4,2.8,0.2,103,12,20,29.24,,0,0,0,44.4,43.5,44.4,0.46,0.58,0.42
CSQR,2015-12-02 13:40:00 EST,43.32613,-76.10445,453,,,,96.1,,0.005,0.440,0.00,0.033,1.6,2.5,0.4,41,28,,,,0,0,1.6,2.5,0.4,41,28,22,29.24,,0,0,0,44.4,43.5,44.4,0.46,0.58,0.42
CSQR,2015-12-02 13:45:00 EST,43.32613,-76.10445,453,,,,96.3,,0.006,0.446,0.00,0.038,1.9,3.3,0.6,41,9,,,,0,0,1.9,3.3,0.6,41,9,24,29.23,,0,0,0,44.4,43.5,44.4,0.46,0.58,0.42
CSQR,2015-12-02 13:50:00 EST,43.32613,-76.10445,453,,,,96.6,,0.006,0.452,0.00,0.041,1.6,2.7,0.7,31,18,,,,0,0,1.6,2.7,0.7,31,18,26,29.22,,0,0,0,44.4,43.5,44.4,0.46,0.58,0.42
CSQR,2015-12-02 13:55:00 EST,43.32613,-76.10445,453,,,,96.8,,0.007,0.459,0.00,0.046,1.9,3.5,0.6,46,16,,,,0,0,1.9,3.5,0.6,46,16,32,29.22,,0,0,0,44.4,43.5,44.4,0.46,0.58,0.42
CSQR,2015-12-02 14:00:00 EST,43.32613,-76.10445,453,,,,96.9,,0.005,0.464,0.00,0.050,2.0,3.8,0.9,38,25,,,,0,0,2.0,3.8,0.9,38,25,40,29.22,,0,0,0,44.4,43.5,44.4,0.46,0.58,0.42
CSQR,2015-12-02 14:05:00 EST,43.32613,-76.10445,453,,,,96.9,,0.004,0.468,0.00,0.052,0.9,2.3,0.7,29,34,,,,0,0,0.9,2.3,0.7,29,34,36,29.22,,0,0,0,44.4,43.5,44.4,0.46,0.58,0.42
CSQR,2015-12-02 14:10:00 EST,43.32613,-76.10445,453,,,,96.8,,0.004,0.472,0.00,0.054,1.3,2.5,0.5,23,23,,,,0,0,1.3,2.5,0.5,23,23,30,29.21,,0,0,0,44.4,43.5,44.4,0.46,0.58,0.42
CSQR,2015-12-02 14:15:00 EST,43.32613,-76.10445,453,,,,96.8,,0.003,0.475,0.00,0.055,0.2,1.1,0.3,20,23,,,,0,0,0.2,1.1,0.3,20,23,26,29.21,,0,0,0,44.4,43.5,44.4,0.46,0.58,0.42
CSQR,2015-12-02 14:20:00 EST,43.32613,-76.10445,453,,,,96.8,,0.005,0.479,0.00,0.056,0.2,1.6,0.5,193,4,,,,0,0,0.2,1.6,0.5,193,4,20,29.22,,0,0,0,44.4,43.5,44.4,0.46,0.58,0.42
CSQR,2015-12-02 14:25:00 EST,43.32613,-76.10445,453,,,,96.8,,0.006,0.485,0.00,0.058,0.0,0.0,0.0,0,0,,,,0,0,0.0,0.0,0.0,0,0,23,29.21,,0,0,0,44.4,43.5,44.4,0.46,0.58,0.42
CSQR,2015-12-02 14:30:00 EST,43.32613,-76.10445,453,,,,96.9,,0.003,0.488,0.00,0.057,0.0,0.0,0.0,0,0,,,,0,0,0.0,0.0,0.0,0,0,23,29.21,,0,0,0,44.4,43.5,44.4,0.46,0.58,0.42
CSQR,2015-12-02 14:35:00 EST,43.32613,-76.10445,453,,,,96.9,,0.003,0.491,0.00,0.056,0.0,0.0,0.0,0,0,,,,0,0,0.0,0.0,0.0,0,0,20,29.21,,0,0,0,44.4,43.5,44.4,0.46,0.58,0.42
CSQR,2015-12-02 14:40:00 EST,43.32613,-76.10445,453,,,,96.9,,0.002,0.493,0.00,0.052,0.0,0.0,0.0,0,0,,,,0,0,0.0,0.0,0.0,0,0,17,29.20,,0,0,0,44.4,43.6,44.4,0.46,0.58,0.42
CSQR,2015-12-02 14:45:00 EST,43.32613,-76.10445,453,,,,96.8,,0.003,0.496,0.00,0.050,0.5,1.6,0.6,36,4,,,,0,0,0.5,1.6,0.6,36,4,17,29.19,,0,0,0,44.4,43.6,44.5,0.46,0.58,0.42
CSQR,2015-12-02 14:50:00 EST,43.32613,-76.10445,453,,,,96.9,,0.004,0.500,0.00,0.048,0.7,1.4,0.4,25,27,,,,0,0,0.7,1.4,0.4,25,27,18,29.19,,0,0,0,44.4,43.6,44.5,0.46,0.58,0.42
CSQR,2015-12-02 14:55:00 EST,43.32613,-76.10445,453,,,,,,,,,,,,,,,,,,,,,,,,,,,,,,,,,,,,
CSQR,2015-12-02 15:00:00 EST,43.32613,-76.10445,453,,,,97.2,,,0.519,0.00,0.055,2.3,3.1,0.4,276,6,,,,0,0,2.3,3.1,0.4,276,6,10,29.20,,0,0,0,44.4,43.7,44.5,0.46,0.58,0.42
CSQR,2015-12-02 15:05:00 EST,43.32613,-76.10445,453,,,,97.4,,0.009,0.528,0.00,0.060,3.0,3.8,0.3,283,6,,,,0,0,3.0,3.8,0.3,283,6,7,29.20,,0,0,0,44.4,43.7,44.5,0.46,0.58,0.42
CSQR,2015-12-02 15:10:00 EST,43.32613,-76.10445,453,,,,97.6,,0.011,0.539,0.00,0.067,3.1,4.2,0.5,308,14,,,,0,0,3.1,4.2,0.5,308,14,9,29.20,,0,0,0,44.4,43.7,44.5,0.46,0.58,0.42
CSQR,2015-12-02 15:15:00 EST,43.32613,-76.10445,453,44.5,44.2,43.0,97.7,43.9,0.007,0.546,0.00,0.072,3.5,5.3,0.9,327,11,,,,0,0,3.5,5.3,0.9,327,11,13,29.20,,0,0,0,44.4,43.7,44.5,0.46,0.58,0.42
CSQR,2015-12-02 15:20:00 EST,43.32613,-76.10445,453,44.5,44.2,43.4,97.5,43.9,0.006,0.553,0.00,0.073,3.1,5.2,0.8,338,15,3.6,6.3,1.0,340,15,3.1,5.2,0.8,338,15,16,29.19,,0,0,0,44.5,43.7,44.6,0.46,0.58,0.42
CSQR,2015-12-02 15:25:00 EST,43.32613,-76.10445,453,44.5,44.2,44.5,97.4,43.8,0.003,0.555,0.00,0.070,2.7,5.3,0.9,341,20,3.3,5.8,1.0,343,18,2.7,5.3,0.9,341,20,16,29.19,,0,0,0,44.4,43.7,44.6,0.46,0.58,0.42
CSQR,2015-12-02 15:30:00 EST,43.32613,-76.10445,453,44.4,44.1,42.4,97.4,43.7,0.001,0.556,0.00,0.068,4.0,5.7,0.7,330,15,4.3,6.3,0.8,333,15,4.0,5.7,0.7,330,15,11,29.19,,0,0,0,44.4,43.7,44.6,0.46,0.58,0.42
CSQR,2015-12-02 15:35:00 EST,43.32613,-76.10445,453,44.4,44.1,42.0,97.4,43.7,0.003,0.559,0.00,0.068,4.5,6.9,1.1,331,13,5.1,8.7,1.3,332,14,4.5,6.9,1.1,331,13,9,29.19,,0,0,0,44.4,43.7,44.6,0.46,0.58,0.42
CSQR,2015-12-02 15:40:00 EST,43.32613,-76.10445,453,44.4,44.1,41.7,97.3,43.7,0.003,0.562,0.00,0.069,4.8,7.3,0.9,329,12,5.2,7.8,1.0,328,12,4.8,7.3,0.9,329,12,7,29.19,,0,0,0,44.4,43.7,44.6,0.46,0.58,0.42
CSQR,2015-12-02 15:45:00 EST,43.32613,-76.10445,453,44.3,44.1,41.5,97.3,43.6,0.006,0.568,0.00,0.072,5.0,7.3,1.0,314,10,5.2,7.2,1.1,313,10,5.0,7.3,1.0,314,10,5,29.19,,0,0,0,44.5,43.7,44.6,0.46,0.58,0.42
CSQR,2015-12-02 15:50:00 EST,43.32613,-76.10445,453,44.3,44.1,42.2,97.2,43.6,0.013,0.581,0.00,0.081,4.1,5.7,0.9,318,12,4.4,7.2,1.1,318,11,4.1,5.7,0.9,318,12,4,29.19,,0,0,0,44.5,43.7,44.6,0.46,0.58,0.42
CSQR,2015-12-02 15:55:00 EST,43.32613,-76.10445,453,44.3,44.0,41.9,97.3,43.5,0.010,0.591,0.00,,4.4,7.3,1.2,315,9,4.7,8.1,1.2,313,10,4.4,7.3,1.2,315,9,4,29.19,,0,0,0,44.4,43.7,44.6,0.46,0.58,0.42
CSQR,2015-12-02 16:00:00 EST,43.32613,-76.10445,453,44.2,44.0,40.9,97.2,43.5,0.014,0.605,0.00,0.086,5.9,9.1,1.3,324,10,6.3,10.1,1.3,322,12,5.9,9.1,1.3,324,10,3,29.19,,0,0,0,44.4,43.8,44.6,0.46,0.58,0.42
CSQR,2015-12-02 16:05:00 EST,43.32613,-76.10445,453,44.2,44.0,40.5,97.1,43.4,0.010,0.614,0.00,0.086,6.4,8.8,1.1,320,13,6.8,9.6,1.0,320,13,6.4,8.8,1.1,320,13,2,29.20,,0,0,0,44.4,43.8,44.6,0.46,0.58,0.42
CSQR,2015-12-02 16:10:00 EST,43.32613,-76.10445,453,44.1,43.9,40.9,96.7,43.2,0.015,0.629,0.00,0.090,5.6,9.0,1.5,328,17,6.2,11.4,1.6,330,15,5.6,9.0,1.5,328,17,2,29.20,,0,0,0,44.4,43.8,44.6,0.46,0.58,0.42
CSQR,2015-12-02 16:15:00 EST,43.32613,-76.10445,453,44.0,43.8,40.8,96.8,43.1,0.013,0.643,0.00,0.096,5.5,8.4,1.4,330,16,6.2,9.6,1.3,331,16,5.5,8.4,1.4,330,16,2,29.19,,0,0,0,44.4,43.8,44.6,0.46,0.58,0.42
CSQR,2015-12-02 16:20:00 EST,43.32613,-76.10445,453,43.9,43.7,40.0,96.5,43.0,0.007,0.650,0.00,0.097,6.6,10.2,1.6,323,15,7.0,11.2,1.7,324,17,6.6,10.2,1.6,323,15,1,29.20,,0,0,0,44.4,43.8,44.6,0.46,0.58,0.42
CSQR,2015-12-02 16:25:00 EST,43.32613,-76.10445,453,43.7,43.6,40.1,96.1,42.7,0.011,0.660,0.00,0.105,6.2,11.1,1.9,330,20,6.8,12.1,2.0,331,18,6.2,11.1,1.9,330,20,0,29.19,,0,0,0,44.4,43.8,44.6,0.46,0.58,0.42
CSQR,2015-12-02 16:30:00 EST,43.32613,-76.10445,453,43.5,43.4,40.5,96.1,42.5,0.009,0.669,0.00,0.113,5.1,9.5,1.8,334,22,5.7,11.0,2.0,338,20,5.1,9.5,1.8,334,22,0,29.19,,0,0,0,44.4,43.8,44.6,0.46,0.58,0.42
CSQR,2015-12-02 16:35:00 EST,43.32613,-76.10445,453,43.4,43.2,40.9,96.1,42.3,0.010,0.679,0.00,0.120,4.4,9.5,2.0,336,22,5.2,10.3,2.0,337,19,4.4,9.5,2.0,336,22,0,29.18,,0,0,0,44.4,43.9,44.6,0.46,0.58,0.42
CSQR,2015-12-02 16:40:00 EST,43.32613,-76.10445,453,43.2,43.1,40.7,96.0,42.2,0.005,0.684,0.00,0.122,4.5,8.0,1.6,337,29,5.1,8.9,1.9,336,25,4.5,8.0,1.6,337,29,0,29.18,,0,0,0,44.4,43.9,44.6,0.46,0.58,0.42
CSQR,2015-12-02 16:45:00 EST,43.32613,-76.10445,453,43.1,43.0,39.8,95.8,42.0,0.005,0.689,0.00,0.121,5.6,10.0,2.1,334,22,6.2,11.4,2.2,334,19,5.6,10.0,2.1,334,22,0,29.18,,0,0,0,44.4,43.9,44.6,0.46,0.58,0.42
CSQR,2015-12-02 16:50:00 EST,43.32613,-76.10445,453,43.0,42.9,39.1,95.5,41.8,0.005,0.694,0.00,0.113,6.4,11.8,2.7,326,15,6.9,14.3,2.7,326,15,6.4,11.8,2.7,326,15,0,29.19,,0,0,0,44.4,43.9,44.6,0.46,0.58,0.42
CSQR,2015-12-02 16:55:00 EST,43.32613,-76.10445,453,42.9,42.8,39.4,95.2,41.6,0.000,0.694,0.00,0.103,5.6,8.4,1.5,315,25,6.2,10.1,1.6,313,23,5.6,8.4,1.5,315,25,0,29.19,,0,0,0,44.4,43.9,44.6,0.46,0.58,0.42
CSQR,2015-12-02 17:00:00 EST,43.32613,-76.10445,453,42.8,42.6,39.1,94.9,41.4,0.006,0.700,0.00,0.095,5.9,9.4,1.4,323,14,6.4,10.7,1.5,322,15,5.9,9.4,1.4,323,14,0,29.19,,0,0,0,44.3,43.9,44.6,0.46,0.58,0.42
CSQR,2015-12-02 17:05:00 EST,43.32613,-76.10445,453,42.6,42.4,38.1,94.5,41.1,0.006,0.706,0.00,0.092,7.3,12.5,2.0,325,15,7.8,13.0,2.1,326,16,7.3,12.5,2.0,325,15,0,29.19,,0,0,0,44.3,43.9,44.6,0.46,0.58,0.42
CSQR,2015-12-02 17:10:00 EST,43.32613,-76.10445,453,42.3,42.1,38.6,94.8,40.9,0.011,0.717,0.00,0.088,5.8,12.2,2.1,327,18,6.4,13.4,2.2,328,18,5.8,12.2,2.1,327,18,0,29.19,,0,0,0,44.3,43.9,44.6,0.46,0.58,0.42
CSQR,2015-12-02 17:15:00 EST,43.32613,-76.10445,453,42.1,41.9,37.0,94.5,40.6,0.006,0.723,0.00,0.081,8.1,12.6,1.7,326,16,8.7,13.6,1.7,326,15,8.1,12.6,1.7,326,16,0,29.19,,0,0,0,44.2,43.9,44.6,0.46,0.58,0.42
CSQR,2015-12-02 17:20:00 EST,43.32613,-76.10445,453,42.0,41.9,36.4,94.3,40.5,0.003,0.726,0.00,0.076,9.4,13.7,1.8,331,15,9.9,15.7,2.0,332,14,9.4,13.7,1.8,331,15,0,29.19,,0,0,0,44.1,43.9,44.6,0.46,0.58,0.42
CSQR,2015-12-02 17:25:00 EST,43.32613,-76.10445,453,41.9,41.8,37.4,94.9,40.6,0.000,0.726,0.00,0.066,7.2,11.9,2.2,331,17,7.8,13.4,2.1,332,16,7.2,11.9,2.2,331,17,0,29.19,,0,0,0,44.1,43.9,44.6,0.46,0.58,0.42
CSQR,2015-12-02 17:30:00 EST,43.32613,-76.10445,453,41.8,41.7,38.1,95.2,40.6,0.000,0.726,0.00,0.057,5.8,13.9,3.2,352,29,6.7,14.5,3.3,351,29,5.8,13.9,3.2,352,29,0,29.18,,0,0,0,44.1,43.9,44.6,0.46,0.58,0.42
CSQR,2015-12-02 17:35:00 EST,43.32613,-76.10445,453,41.8,41.6,38.7,94.5,40.3,0.000,0.726,0.00,0.047,4.8,10.5,1.8,349,30,5.9,11.0,2.0,350,31,4.8,10.5,1.8,349,30,0,29.18,,0,0,0,44.1,43.9,44.6,0.46,0.58,0.42
CSQR,2015-12-02 17:40:00 EST,43.32613,-76.10445,453,41.7,41.5,38.5,94.0,40.1,0.000,0.726,0.00,0.042,4.9,11.2,2.7,347,28,6.0,12.1,2.5,348,24,4.9,11.2,2.7,347,28,0,29.17,,0,0,0,44.0,43.9,44.6,0.46,0.58,0.42
CSQR,2015-12-02 17:45:00 EST,43.32613,-76.10445,453,41.6,41.5,39.7,93.7,40.0,0.000,0.726,0.00,0.037,3.5,10.4,1.9,359,43,4.3,11.6,2.3,2,44,3.5,10.4,1.9,359,43,0,29.17,,0,0,0,44.0,43.9,44.6,0.46,0.58,0.42
CSQR,2015-12-02 17:50:00 EST,43.32613,-76.10445,453,41.6,41.4,39.5,93.9,39.9,0.000,0.726,0.00,0.033,3.6,7.2,1.6,336,25,4.6,10.1,1.8,337,22,3.6,7.2,1.6,336,25,0,29.17,,0,0,0,43.9,43.9,44.6,0.46,0.58,0.42
CSQR,2015-12-02 17:55:00 EST,43.32613,-76.10445,453,41.5,41.3,39.1,94.3,40.0,0.000,0.726,0.00,0.033,4.0,8.3,1.9,355,28,5.0,11.2,2.2,357,24,4.0,8.3,1.9,355,28,0,29.17,,0,0,0,43.9,43.9,44.6,0.46,0.58,0.42
CSQR,2015-12-02 18:00:00 EST,43.32613,-76.10445,453,41.5,41.3,38.9,94.1,39.9,0.000,0.726,0.00,0.027,4.2,7.4,1.4,336,24,4.9,9.2,1.6,339,21,4.2,7.4,1.4,336,24,0,29.17,,0,0,0,43.9,43.9,44.7,0.46,0.58,0.42
CSQR,2015-12-02 18:05:00 EST,43.32613,-76.10445,453,41.5,41.3,38.5,93.9,39.8,0.000,0.726,0.00,0.020,4.6,8.6,1.5,331,20,5.3,10.1,1.7,332,18,4.6,8.6,1.5,331,20,0,29.17,,0,0,0,43.9,43.9,44.7,0.46,0.58,0.42
CSQR,2015-12-02 18:10:00 EST,43.32613,-76.10445,453,41.5,41.3,41.5,93.8,39.8,0.000,0.726,0.00,0.009,2.3,6.1,1.4,22,32,3.0,7.8,1.5,18,35,2.3,6.1,1.4,22,32,0,29.17,,0,0,0,43.9,43.9,44.7,0.46,0.58,0.42
CSQR,2015-12-02 18:15:00 EST,43.32613,-76.10445,453,41.5,41.4,39.7,93.8,39.9,0.000,0.726,0.00,0.003,3.4,8.7,1.5,27,26,4.0,10.7,1.8,25,29,3.4,8.7,1.5,27,26,0,29.17,,0,0,0,43.9,43.9,44.7,0.46,0.58,0.42
CSQR,2015-12-02 18:20:00 EST,43.32613,-76.10445,453,41.7,41.5,41.7,93.0,39.8,0.000,0.726,0.00,0.000,2.7,5.6,1.1,18,28,3.1,6.9,1.5,15,28,2.7,5.6,1.1,18,28,0,29.17,,0,0,0,43.9,43.9,44.7,0.46,0.58,0.42
CSQR,2015-12-02 18:25:00 EST,43.32613,-76.10445,453,41.6,41.5,39.7,93.4,39.8,0.003,0.729,0.00,0.003,3.4,6.3,1.0,34,21,3.8,6.9,1.3,32,23,3.4,6.3,1.0,34,21,0,29.17,,0,0,0,43.8,43.9,44.7,0.46,0.58,0.42
CSQR,2015-12-02 18:30:00 EST,43.32613,-76.10445,453,41.5,41.4,39.8,94.0,39.9,0.005,0.734,0.00,0.008,3.2,6.0,1.5,31,30,3.9,7.4,1.6,27,32,3.2,6.0,1.5,31,30,0,29.17,,0,0,0,43.8,44.0,44.7,0.46,0.58,0.42
CSQR,2015-12-02 18:35:00 EST,43.32613,-76.10445,453,41.4,41.2,41.4,94.7,40.0,0.022,0.756,0.45,0.030,2.7,5.3,0.9,14,23,3.3,6.9,1.3,10,20,2.7,5.3,0.9,14,23,0,29.16,,0,0,0,43.8,44.0,44.7,0.46,0.58,0.42
CSQR,2015-12-02 18:40:00 EST,43.32613,-76.10445,453,41.3,41.1,41.3,95.4,40.1,0.013,0.769,0.25,0.042,3.0,6.1,1.6,338,26,3.6,7.2,1.6,337,29,3.0,6.1,1.6,338,26,0,29.16,,0,0,0,43.7,44.0,44.7,0.46,0.58,0.42
CSQR,2015-12-02 18:45:00 EST,43.32613,-76.10445,453,41.2,41.1,38.7,95.9,40.2,0.001,0.770,0.00,0.043,4.0,8.4,1.7,328,20,4.4,7.6,1.4,328,19,4.0,8.4,1.7,328,20,0,29.17,,0,0,0,43.7,44.0,44.7,0.46,0.58,0.42
CSQR,2015-12-02 18:50:00 EST,43.32613,-76.10445,453,41.2,41.0,38.6,96.1,40.2,0.005,0.774,0.00,0.048,4.2,7.7,1.3,318,20,4.5,8.5,1.4,317,21,4.2,7.7,1.3,318,20,0,29.17,,0,0,0,43.7,44.0,44.7,0.46,0.58,0.42
CSQR,2015-12-02 18:55:00 EST,43.32613,-76.10445,453,41.2,41.0,38.0,96.3,40.2,0.001,0.775,0.00,0.049,4.8,8.8,1.5,327,18,5.3,10.3,1.7,329,17,4.8,8.8,1.5,327,18,0,29.17,,0,0,0,43.7,44.0,44.7,0.46,0.58,0.42
CSQR,2015-12-02 19:00:00 EST,43.32613,-76.10445,453,41.2,41.0,37.2,96.1,40.2,0.000,0.775,0.00,0.049,6.0,10.0,1.7,329,16,6.7,11.6,1.8,330,17,6.0,10.0,1.7,329,16,0,29.17,,0,0,0,43.7,44.0,44.7,0.46,0.58,0.42
CSQR,2015-12-02 19:05:00 EST,43.32613,-76.10445,453,41.2,41.1,36.8,96.0,40.2,0.000,0.775,0.00,0.049,6.8,9.9,1.3,316,14,7.1,10.1,1.2,316,13,6.8,9.9,1.3,316,14,0,29.17,,0,0,0,43.7,44.0,44.7,0.46,0.58,0.42
CSQR,2015-12-02 19:10:00 EST,43.32613,-76.10445,453,41.3,41.2,36.9,96.3,40.3,0.000,0.775,0.00,0.049,6.8,10.1,1.4,312,15,7.2,10.7,1.4,310,17,6.8,10.1,1.4,312,15,0,29.18,,0,0,0,43.7,44.0,44.7,0.46,0.58,0.42
CSQR,2015-12-02 19:15:00 EST,43.32613,-76.10445,453,41.4,41.3,37.2,96.3,40.5,0.003,0.778,0.00,0.052,6.4,11.0,1.7,315,16,6.8,11.4,1.7,314,16,6.4,11.0,1.7,315,16,0,29.18,,0,0,0,43.7,44.0,44.8,0.46,0.58,0.42
CSQR,2015-12-02 19:20:00 EST,43.32613,-76.10445,453,41.5,41.3,36.5,96.2,40.5,0.001,0.779,0.00,0.052,7.9,12.4,1.9,312,18,8.6,13.9,1.8,310,18,7.9,12.4,1.9,312,18,0,29.19,,0,0,0,43.6,44.0,44.7,0.46,0.58,0.42
CSQR,2015-12-02 19:25:00 EST,43.32613,-76.10445,453,41.5,41.3,35.9,95.7,40.4,0.001,0.779,0.00,0.050,9.0,14.5,2.2,309,12,9.7,17.2,2.4,308,13,9.0,14.5,2.2,309,12,0,29.19,,0,0,0,43.6,44.0,44.8,0.46,0.58,0.42
CSQR,2015-12-02 19:30:00 EST,43.32613,-76.10445,453,41.3,41.2,35.9,95.4,40.1,0.003,0.782,0.00,0.049,8.6,13.5,1.6,315,17,9.5,15.0,2.0,313,18,8.6,13.5,1.6,315,17,0,29.20,,0,0,0,43.6,44.0,44.7,0.46,0.58,0.42
CSQR,2015-12-02 19:35:00 EST,43.32613,-76.10445,453,41.0,40.9,34.4,94.7,39.6,0.004,0.786,0.00,0.030,11.4,19.1,3.2,314,16,12.1,20.8,3.1,310,16,11.4,19.1,3.2,314,16,0,29.21,,0,0,0,43.6,44.0,44.8,0.46,0.58,0.42
CSQR,2015-12-02 19:40:00 EST,43.32613,-76.10445,453,40.7,40.5,33.9,94.4,39.2,0.004,0.790,0.00,0.021,11.4,20.1,3.5,326,17,12.0,21.9,3.6,325,16,11.4,20.1,3.5,326,17,0,29.21,,0,0,0,43.5,44.0,44.8,0.46,0.58,0.42
CSQR,2015-12-02 19:45:00 EST,43.32613,-76.10445,453,40.4,40.2,34.4,94.7,39.0,0.002,0.792,0.00,0.022,9.3,16.8,2.6,318,14,9.7,16.3,2.6,317,14,9.3,16.8,2.6,318,14,0,29.21,,0,0,0,43.5,44.0,44.8,0.46,0.58,0.42
CSQR,2015-12-02 19:50:00 EST,43.32613,-76.10445,453,40.2,40.0,33.9,95.0,38.9,0.002,0.794,0.00,0.020,10.0,19.8,2.9,314,16,10.5,19.5,3.0,312,16,10.0,19.8,2.9,314,16,0,29.21,,0,0,0,43.5,44.0,44.8,0.46,0.58,0.42
CSQR,2015-12-02 19:55:00 EST,43.32613,-76.10445,453,40.1,39.9,33.2,94.3,38.6,0.000,0.794,0.00,0.019,11.4,23.8,3.7,314,17,11.7,24.2,3.7,315,17,11.4,23.8,3.7,314,17,0,29.22,,0,0,0,43.5,44.1,44.8,0.46,0.58,0.42
CSQR,2015-12-02 20:00:00 EST,43.32613,-76.10445,453,40.0,39.8,33.8,94.7,38.6,0.003,0.797,0.00,0.022,9.6,15.6,2.2,313,15,10.1,17.0,2.3,313,15,9.6,15.6,2.2,313,15,0,29.22,,0,0,0,43.5,44.0,44.8,0.46,0.58,0.42
CSQR,2015-12-02 20:05:00 EST,43.32613,-76.10445,453,40.0,39.8,35.1,94.8,38.6,0.004,0.801,0.00,0.026,7.0,12.4,2.5,326,17,7.5,13.9,2.5,327,17,7.0,12.4,2.5,326,17,0,29.22,,0,0,0,43.5,44.0,44.8,0.46,0.58,0.42
CSQR,2015-12-02 20:10:00 EST,43.32613,-76.10445,453,40.0,39.8,34.2,94.4,38.5,0.001,0.802,0.00,0.027,8.9,14.8,2.4,323,17,9.5,16.6,2.6,321,18,8.9,14.8,2.4,323,17,0,29.22,,0,0,0,43.5,44.0,44.8,0.46,0.58,0.42
CSQR,2015-12-02 20:15:00 EST,43.32613,-76.10445,453,39.9,39.8,35.9,94.6,38.5,0.000,0.802,0.00,0.024,5.6,11.1,1.9,325,16,6.4,11.6,1.8,323,16,5.6,11.1,1.9,325,16,0,29.22,,0,0,0,43.4,44.1,44.8,0.46,0.58,0.42
CSQR,2015-12-02 20:20:00 EST,43.32613,-76.10445,453,39.9,39.8,35.3,94.5,38.5,0.000,0.802,0.00,0.023,6.4,10.5,1.9,329,17,6.9,12.3,2.1,329,16,6.4,10.5,1.9,329,17,0,29.21,,0,0,0,43.4,44.1,44.8,0.46,0.58,0.42
CSQR,2015-12-02 20:25:00 EST,43.32613,-76.10445,453,39.8,39.7,35.7,94.6,38.4,0.000,0.802,0.00,0.022,5.7,10.3,1.9,328,17,6.3,10.7,1.8,328,18,5.7,10.3,1.9,328,17,0,29.21,,0,0,0,43.4,44.1,44.8,0.46,0.58,0.42
CSQR,2015-12-02 20:30:00 EST,43.32613,-76.10445,453,39.7,39.6,36.7,95.1,38.4,0.000,0.802,0.00,0.019,4.3,8.9,1.4,332,18,5.0,10.7,1.7,332,18,4.3,8.9,1.4,332,18,0,29.21,,0,0,0,43.3,44.1,44.8,0.46,0.58,0.42
CSQR,2015-12-02 20:35:00 EST,43.32613,-76.10445,453,39.6,39.5,36.1,94.9,38.3,0.000,0.802,0.00,0.016,4.9,8.2,1.3,334,25,5.8,11.0,1.6,337,22,4.9,8.2,1.3,334,25,0,29.20,,0,0,0,43.3,44.1,44.8,0.46,0.58,0.42
CSQR,2015-12-02 20:40:00 EST,43.32613,-76.10445,453,39.5,39.5,35.1,94.6,38.1,0.000,0.802,0.00,0.012,6.1,11.0,2.0,329,21,6.7,12.3,2.2,328,18,6.1,11.0,2.0,329,21,0,29.21,,0,0,0,43.3,44.1,44.8,0.46,0.58,0.42
CSQR,2015-12-02 20:45:00 EST,43.32613,-76.10445,453,39.6,39.5,34.8,94.3,38.1,0.000,0.802,0.00,0.010,6.7,10.6,1.3,324,15,7.3,13.4,1.6,322,17,6.7,10.6,1.3,324,15,0,29.21,,0,0,0,43.2,44.1,44.8,0.46,0.58,0.42
CSQR,2015-12-02 20:50:00 EST,43.32613,-76.10445,453,39.5,39.4,35.6,93.9,37.9,0.000,0.802,0.00,0.007,5.5,11.5,2.1,334,23,6.0,11.0,2.1,334,22,5.5,11.5,2.1,334,23,0,29.20,,0,0,0,43.2,44.1,44.8,0.46,0.58,0.42
CSQR,2015-12-02 20:55:00 EST,43.32613,-76.10445,453,39.4,39.3,35.0,92.7,37.5,0.000,0.802,0.00,0.007,6.1,10.1,2.3,327,20,6.7,11.4,2.2,328,19,6.1,10.1,2.3,327,20,0,29.20,,0,0,0,43.2,44.1,44.8,0.46,0.58,0.42
CSQR,2015-12-02 21:00:00 EST,43.32613,-76.10445,453,39.3,39.2,35.2,92.1,37.2,0.000,0.802,0.00,0.004,5.6,12.9,2.1,329,24,6.1,13.6,2.2,329,24,5.6,12.9,2.1,329,24,0,29.21,,0,0,0,43.2,44.1,44.8,0.46,0.58,0.42
CSQR,2015-12-02 21:05:00 EST,43.32613,-76.10445,453,39.3,39.2,35.2,92.3,37.2,0.000,0.802,0.00,0.001,5.5,8.1,1.2,324,14,5.9,9.2,1.2,322,13,5.5,8.1,1.2,324,14,0,29.21,,0,0,0,43.2,44.1,44.8,0.46,0.58,0.42
CSQR,2015-12-02 21:10:00 EST,43.32613,-76.10445,453,39.2,39.0,35.5,93.0,37.3,0.000,0.802,0.00,0.000,5.0,8.8,1.2,322,22,5.3,8.9,1.2,322,16,5.0,8.8,1.2,322,22,0,29.21,,0,0,0,43.1,44.1,44.8,0.46,0.58,0.42
CSQR,2015-12-02 21:15:00 EST,43.32613,-76.10445,453,39.1,39.0,35.3,93.5,37.4,0.000,0.802,0.00,0.000,5.2,9.6,1.8,321,13,5.4,10.1,1.6,318,13,5.2,9.6,1.8,321,13,0,29.22,,0,0,0,43.0,44.1,44.8,0.46,0.58,0.42
CSQR,2015-12-02 21:20:00 EST,43.32613,-76.10445,453,39.1,39.0,35.6,93.3,37.4,0.000,0.802,0.00,0.000,4.8,8.5,1.4,303,11,5.0,9.2,1.5,300,11,4.8,8.5,1.4,303,11,0,29.22,,0,0,0,43.0,44.1,44.8,0.46,0.58,0.42
CSQR,2015-12-02 21:25:00 EST,43.32613,-76.10445,453,39.1,39.0,35.7,93.1,37.3,0.000,0.802,0.00,0.000,4.7,8.0,1.4,298,12,5.0,9.2,1.6,294,11,4.7,8.0,1.4,298,12,0,29.22,,0,0,0,43.0,44.1,44.8,0.46,0.58,0.42
CSQR,2015-12-02 21:30:00 EST,43.32613,-76.10445,453,39.1,39.0,36.5,93.4,37.3,0.000,0.802,0.00,0.000,3.7,5.8,0.9,302,15,4.1,6.5,1.1,297,14,3.7,5.8,0.9,302,15,0,29.22,,0,0,0,43.0,44.1,44.8,0.46,0.58,0.42
CSQR,2015-12-02 21:35:00 EST,43.32613,-76.10445,453,39.1,39.0,35.9,93.2,37.3,0.000,0.802,0.00,0.000,4.4,6.1,0.8,300,10,4.8,6.9,0.9,297,10,4.4,6.1,0.8,300,10,0,29.23,,0,0,0,42.9,44.1,44.8,0.46,0.58,0.42
CSQR,2015-12-02 21:40:00 EST,43.32613,-76.10445,453,39.1,39.0,34.9,93.3,37.3,0.000,0.802,0.00,0.000,5.7,8.3,1.1,301,12,6.2,9.2,1.1,297,12,5.7,8.3,1.1,301,12,0,29.23,,0,0,0,42.8,44.1,44.8,0.46,0.58,0.42
CSQR,2015-12-02 21:45:00 EST,43.32613,-76.10445,453,39.1,39.0,35.3,93.4,37.3,0.000,0.802,0.00,0.000,5.1,7.3,0.9,303,10,5.5,8.9,1.0,300,11,5.1,7.3,0.9,303,10,0,29.24,,0,0,0,42.8,44.1,44.8,0.46,0.58,0.42
CSQR,2015-12-02 21:50:00 EST,43.32613,-76.10445,453,39.1,39.0,35.8,94.1,37.5,0.000,0.802,0.00,0.000,4.5,6.3,0.7,296,15,5.0,7.8,0.9,293,13,4.5,6.3,0.7,296,15,0,29.24,,0,0,0,42.8,44.1,44.8,0.46,0.58,0.42
CSQR,2015-12-02 21:55:00 EST,43.32613,-76.10445,453,39.1,39.0,35.9,94.5,37.7,0.000,0.802,0.00,0.000,4.5,6.5,0.8,294,10,4.8,6.9,0.9,290,10,4.5,6.5,0.8,294,10,0,29.24,,0,0,0,42.8,44.1,44.8,0.46,0.58,0.42
CSQR,2015-12-02 22:00:00 EST,43.32613,-76.10445,453,39.1,38.9,36.9,95.1,37.8,0.000,0.802,0.00,0.000,3.4,5.0,0.6,293,8,3.6,5.6,0.7,291,8,3.4,5.0,0.6,293,8,0,29.25,,0,0,0,42.8,44.1,44.8,0.46,0.58,0.42
CSQR,2015-12-02 22:05:00 EST,43.32613,-76.10445,453,39.0,38.9,36.2,95.7,37.9,0.002,0.804,0.00,0.002,4.0,5.4,0.7,290,10,4.3,6.0,0.9,287,10,4.0,5.4,0.7,290,10,0,29.25,,0,0,0,42.7,44.1,44.8,0.46,0.58,0.42
CSQR,2015-12-02 22:10:00 EST,43.32613,-76.10445,453,39.1,38.9,36.5,96.0,38.0,0.002,0.806,0.00,0.004,3.7,5.3,0.8,294,9,3.9,6.5,1.0,291,9,3.7,5.3,0.8,294,9,0,29.25,,0,0,0,42.8,44.1,44.8,0.46,0.58,0.42
CSQR,2015-12-02 22:15:00 EST,43.32613,-76.10445,453,39.0,38.9,37.1,96.2,38.0,0.005,0.810,0.00,0.009,3.2,5.0,0.7,292,11,3.4,5.4,0.8,290,12,3.2,5.0,0.7,292,11,0,29.25,,0,0,0,42.7,44.1,44.8,0.46,0.58,0.42
CSQR,2015-12-02 22:20:00 EST,43.32613,-76.10445,453,39.0,38.9,39.0,96.4,38.1,0.002,0.813,0.00,0.011,2.9,4.4,0.5,278,9,3.3,4.7,0.6,276,9,2.9,4.4,0.5,278,9,0,29.25,,0,0,0,42.7,44.1,44.8,0.46,0.58,0.42
CSQR,2015-12-02 22:25:00 EST,43.32613,-76.10445,453,39.0,38.9,36.6,96.6,38.1,0.001,0.813,0.00,0.011,3.6,5.3,0.8,283,8,3.9,6.0,0.9,281,8,3.6,5.3,0.8,283,8,0,29.25,,0,0,0,42.6,44.1,44.9,0.46,0.58,0.42
CSQR,2015-12-02 22:30:00 EST,43.32613,-76.10445,453,39.0,38.9,36.5,96.6,38.1,0.000,0.813,0.00,0.011,3.7,4.7,0.5,285,7,4.1,5.4,0.6,283,7,3.7,4.7,0.5,285,7,0,29.25,,0,0,0,42.7,44.1,44.8,0.46,0.58,0.42
CSQR,2015-12-02 22:35:00 EST,43.32613,-76.10445,453,39.0,38.9,37.0,96.7,38.1,0.002,0.815,0.00,0.013,3.2,4.6,0.5,298,8,3.2,4.7,0.6,297,9,3.2,4.6,0.5,298,8,0,29.25,,0,0,0,42.6,44.0,44.9,0.46,0.58,0.42
CSQR,2015-12-02 22:40:00 EST,43.32613,-76.10445,453,38.9,38.9,38.9,96.7,38.1,0.000,0.815,0.00,0.013,3.0,4.1,0.5,299,15,3.1,4.7,0.7,298,15,3.0,4.1,0.5,299,15,0,29.25,,0,0,0,42.6,44.1,44.9,0.46,0.58,0.42
CSQR,2015-12-02 22:45:00 EST,43.32613,-76.10445,453,38.9,38.9,38.9,96.5,38.0,0.001,0.816,0.00,0.014,2.6,4.2,0.7,309,12,2.6,4.9,0.8,307,13,2.6,4.2,0.7,309,12,0,29.24,,0,0,0,42.6,44.1,44.9,0.46,0.58,0.42
CSQR,2015-12-02 22:50:00 EST,43.32613,-76.10445,453,38.9,38.9,38.9,96.1,37.8,0.000,0.816,0.00,0.014,2.5,4.2,0.6,303,13,2.6,4.9,0.8,302,12,2.5,4.2,0.6,303,13,0,29.24,,0,0,0,42.6,44.1,44.9,0.46,0.58,0.42
CSQR,2015-12-02 22:55:00 EST,43.32613,-76.10445,453,38.9,38.9,36.7,96.0,37.9,0.000,0.816,0.00,0.014,3.4,5.2,0.8,299,12,3.6,5.8,1.0,298,11,3.4,5.2,0.8,299,12,0,29.24,,0,0,0,42.5,44.1,44.9,0.46,0.58,0.42
CSQR,2015-12-02 23:00:00 EST,43.32613,-76.10445,453,39.0,38.9,36.8,95.4,37.8,0.000,0.816,0.00,0.014,3.4,5.0,0.7,299,10,3.5,5.6,0.9,298,10,3.4,5.0,0.7,299,10,0,29.24,,0,0,0,42.5,44.1,44.9,0.46,0.58,0.42
CSQR,2015-12-02 23:05:00 EST,43.32613,-76.10445,453,39.0,38.9,39.0,95.1,37.7,0.000,0.816,0.00,0.012,2.3,3.8,0.6,308,13,2.3,4.3,0.6,307,13,2.3,3.8,0.6,308,13,0,29.24,,0,0,0,42.5,44.1,44.9,0.46,0.58,0.42
CSQR,2015-12-02 23:10:00 EST,43.32613,-76.10445,453,38.9,38.9,38.9,95.5,37.7,0.000,0.816,0.00,0.011,2.2,3.1,0.4,302,8,2.1,3.6,0.4,302,8,2.2,3.1,0.4,302,8,0,29.24,,0,0,0,42.5,44.1,44.9,0.46,0.58,0.42
CSQR,2015-12-02 23:15:00 EST,43.32613,-76.10445,453,38.9,38.9,38.9,95.4,37.7,0.000,0.816,0.00,0.006,2.6,4.3,0.7,305,15,2.7,4.9,0.7,303,15,2.6,4.3,0.7,305,15,0,29.24,,0,0,0,42.4,44.1,44.9,0.46,0.58,0.42
CSQR,2015-12-02 23:20:00 EST,43.32613,-76.10445,453,38.9,38.8,38.9,95.5,37.7,0.000,0.816,0.00,0.004,2.0,3.1,0.3,283,11,2.2,3.4,0.4,282,12,2.0,3.1,0.3,283,11,0,29.24,,0,0,0,42.4,44.1,44.9,0.46,0.58,0.42
CSQR,2015-12-02 23:25:00 EST,43.32613,-76.10445,453,38.5,38.6,38.5,95.5,37.3,0.000,0.816,0.00,0.003,1.9,2.5,0.3,268,3,2.1,3.1,0.3,264,5,1.9,2.5,0.3,268,3,0,29.24,,0,0,0,42.4,44.1,44.9,0.46,0.58,0.42
CSQR,2015-12-02 23:30:00 EST,43.32613,-76.10445,453,38.1,38.5,38.1,96.0,37.1,0.000,0.816,0.00,0.003,2.0,2.7,0.3,258,5,2.3,3.4,0.3,254,5,2.0,2.7,0.3,258,5,0,29.24,,0,0,0,42.4,44.1,44.9,0.46,0.58,0.42
CSQR,2015-12-02 23:35:00 EST,43.32613,-76.10445,453,37.8,38.4,37.8,96.3,36.9,0.000,0.816,0.00,0.001,2.6,3.1,0.2,265,4,3.0,3.8,0.3,263,5,2.6,3.1,0.2,265,4,0,29.24,,0,0,0,42.4,44.1,44.9,0.46,0.58,0.42
CSQR,2015-12-02 23:40:00 EST,43.32613,-76.10445,453,37.9,38.3,37.9,97.0,37.1,0.000,0.816,0.00,0.001,2.7,3.2,0.2,280,5,3.1,3.6,0.4,277,7,2.7,3.2,0.2,280,5,0,29.24,,0,0,0,42.4,44.1,44.9,0.46,0.58,0.42
CSQR,2015-12-02 23:45:00 EST,43.32613,-76.10445,453,37.9,38.2,37.9,97.5,37.3,0.000,0.816,0.00,0.000,2.4,3.3,0.4,277,6,2.8,4.0,0.6,274,8,2.4,3.3,0.4,277,6,0,29.24,,0,0,0,42.3,44.1,44.9,0.46,0.58,0.42
CSQR,2015-12-02 23:50:00 EST,43.32613,-76.10445,453,37.9,38.1,37.9,97.5,37.3,0.000,0.816,0.00,0.000,2.2,3.2,0.3,275,4,2.6,3.8,0.4,272,7,2.2,3.2,0.3,275,4,0,29.25,,0,0,0,42.3,44.1,44.9,0.46,0.58,0.42
CSQR,2015-12-02 23:55:00 EST,43.32613,-76.10445,453,38.0,38.0,38.0,97.7,37.4,0.000,0.816,0.00,0.000,1.4,2.0,0.3,284,0,1.6,2.2,0.3,276,11,1.4,2.0,0.3,284,0,0,29.25,,0,0,0,42.2,44.1,44.9,0.46,0.58,0.42
JORD,2015-12-02 00:00:00 EST,43.06980,-76.47006,402,48.7,49.1,48.7,93.7,47.0,0.000,0.200,0.00,0.032,0.4,1.5,0.5,329,18,1.0,2.0,0.3,329,36,0.4,1.5,0.5,329,18,0,29.42,,0,0,0,43.9,43.9,45.3,0.38,0.30,0.29
JORD,2015-12-02 00:05:00 EST,43.06980,-76.47006,402,48.2,48.8,48.2,94.7,46.7,0.000,0.000,0.00,0.023,1.8,3.2,0.5,339,4,2.2,3.6,0.6,344,10,1.8,3.2,0.5,339,4,0,29.42,,0,0,0,43.9,43.9,45.2,0.38,0.30,0.29
JORD,2015-12-02 00:10:00 EST,43.06980,-76.47006,402,47.9,48.7,47.9,96.2,46.9,0.002,0.002,0.00,0.023,2.1,3.0,0.5,6,10,2.4,3.6,0.5,10,8,2.1,3.0,0.5,6,10,0,29.42,,0,0,0,43.9,43.9,45.2,0.38,0.30,0.29
JORD,2015-12-02 00:15:00 EST,43.06980,-76.47006,402,47.8,48.4,47.8,96.8,47.0,0.001,0.003,0.00,0.024,1.6,2.9,0.4,326,38,1.8,3.6,0.5,326,38,1.6,2.9,0.4,326,38,0,29.42,,0,0,0,43.9,43.9,45.2,0.38,0.30,0.29
JORD,2015-12-02 00:20:00 EST,43.06980,-76.47006,402,47.7,48.3,47.7,97.1,46.9,0.000,0.003,0.00,0.015,2.5,4.5,0.8,335,22,2.7,5.1,1.1,340,22,2.5,4.5,0.8,335,22,0,29.42,,0,0,0,43.9,43.9,45.3,0.38,0.30,0.29
JORD,2015-12-02 00:25:00 EST,43.06980,-76.47006,402,48.2,48.5,48.2,97.4,47.5,0.000,0.003,0.00,0.011,1.7,2.2,0.3,357,14,1.9,2.7,0.3,359,13,1.7,2.2,0.3,357,14,0,29.42,,0,0,0,44.0,43.9,45.2,0.38,0.30,0.29
JORD,2015-12-02 00:30:00 EST,43.06980,-76.47006,402,47.9,48.3,47.9,97.0,47.1,0.010,0.013,0.00,0.021,1.9,2.8,0.4,330,20,2.0,2.9,0.3,335,21,1.9,2.8,0.4,330,20,0,29.42,,0,0,0,44.0,43.9,45.3,0.38,0.30,0.29
JORD,2015-12-02 00:35:00 EST,43.06980,-76.47006,402,47.8,48.4,47.8,97.4,47.1,0.007,0.020,0.00,0.027,1.6,2.9,0.6,332,15,1.8,2.9,0.5,342,17,1.6,2.9,0.6,332,15,0,29.42,,0,0,0,44.0,43.9,45.3,0.38,0.30,0.29
JORD,2015-12-02 00:40:00 EST,43.06980,-76.47006,402,47.8,48.2,47.8,97.5,47.1,0.013,0.033,0.00,0.041,0.2,1.6,0.3,336,0,0.8,2.2,0.4,7,40,0.2,1.6,0.3,336,0,0,29.42,,0,0,0,44.1,43.9,45.3,0.38,0.30,0.29
JORD,2015-12-02 00:45:00 EST,43.06980,-76.47006,402,47.9,48.3,47.9,97.7,47.3,0.018,0.051,0.30,0.057,2.6,4.5,0.7,325,29,2.9,5.6,0.8,329,29,2.6,4.5,0.7,325,29,0,29.42,,0,0,0,44.0,43.9,45.2,0.38,0.30,0.29
JORD,2015-12-02 00:50:00 EST,43.06980,-76.47006,402,48.1,48.5,48.1,97.7,47.4,0.003,0.055,0.00,0.056,0.9,3.1,1.0,328,27,1.5,4.0,0.9,313,41,0.9,3.1,1.0,328,27,0,29.42,,0,0,0,44.1,43.9,45.2,0.39,0.30,0.29
JORD,2015-12-02 00:55:00 EST,43.06980,-76.47006,402,48.1,48.3,48.1,97.4,47.4,0.002,0.057,0.00,0.057,0.8,2.4,0.8,283,49,1.3,3.6,0.8,284,60,0.8,2.4,0.8,283,49,0,29.42,,0,0,0,44.1,43.9,45.3,0.40,0.30,0.29
JORD,2015-12-02 01:00:00 EST,43.06980,-76.47006,402,47.9,48.2,47.9,97.3,47.2,0.002,0.058,0.00,0.058,1.0,1.8,0.5,295,32,1.3,2.0,0.4,288,33,1.0,1.8,0.5,295,32,0,29.42,,0,0,0,44.1,43.9,45.3,0.40,0.30,0.29
JORD,2015-12-02 01:05:00 EST,43.06980,-76.47006,402,47.8,48.2,47.8,97.4,47.1,0.000,0.058,0.00,0.058,1.4,2.0,0.4,255,11,1.6,2.5,0.4,257,15,1.4,2.0,0.4,255,11,0,29.42,,0,0,0,44.1,43.9,45.3,0.40,0.30,0.29
JORD,2015-12-02 01:10:00 EST,43.06980,-76.47006,402,47.7,48.1,47.7,97.6,47.0,0.017,0.075,0.30,0.073,1.0,2.0,0.5,182,20,1.4,2.2,0.5,179,28,1.0,2.0,0.5,182,20,0,29.42,,0,0,0,44.1,43.9,45.3,0.40,0.30,0.29
JORD,2015-12-02 01:15:00 EST,43.06980,-76.47006,402,47.6,48.1,47.6,97.8,47.0,0.020,0.095,0.27,0.093,0.1,1.1,0.2,181,15,0.6,2.9,0.4,172,66,0.1,1.1,0.2,181,15,0,29.42,,0,0,0,44.1,43.9,45.3,0.40,0.30,0.29
JORD,2015-12-02 01:20:00 EST,43.06980,-76.47006,402,48.2,48.4,48.2,97.9,47.6,0.017,0.112,0.26,0.110,1.6,4.7,1.1,164,51,2.3,6.3,1.2,162,49,1.6,4.7,1.1,164,51,0,29.42,,0,0,0,44.2,43.9,45.3,0.40,0.30,0.29
JORD,2015-12-02 01:25:00 EST,43.06980,-76.47006,402,48.4,48.6,48.4,97.2,47.6,0.017,0.130,0.25,0.127,1.8,3.1,0.6,147,17,2.0,4.3,0.8,149,19,1.8,3.1,0.6,147,17,0,29.42,,0,0,0,44.3,43.9,45.3,0.41,0.30,0.29
JORD,2015-12-02 01:30:00 EST,43.06980,-76.47006,402,48.7,49.0,48.7,96.4,47.8,0.014,0.144,0.24,0.131,2.7,5.0,0.7,158,20,2.9,6.0,0.9,160,22,2.7,5.0,0.7,158,20,0,29.42,,0,0,0,44.3,44.0,45.3,0.42,0.30,0.29
JORD,2015-12-02 01:35:00 EST,43.06980,-76.47006,402,48.8,49.0,48.8,95.1,47.5,0.004,0.148,0.00,0.128,2.6,5.9,1.2,152,17,2.9,6.9,1.3,153,18,2.6,5.9,1.2,152,17,0,29.42,,0,0,0,44.4,44.0,45.3,0.42,0.30,0.29
JORD,2015-12-02 01:40:00 EST,43.06980,-76.47006,402,49.3,49.4,49.3,93.2,47.5,0.000,0.148,0.00,0.115,2.5,5.6,1.6,174,17,2.9,6.5,1.6,176,17,2.5,5.6,1.6,174,17,0,29.42,,0,0,0,44.4,44.0,45.3,0.42,0.30,0.29
JORD,2015-12-02 01:45:00 EST,43.06980,-76.47006,402,49.4,49.4,49.4,92.3,47.2,0.000,0.148,0.00,0.096,2.7,5.6,1.5,207,23,3.2,6.3,1.6,206,23,2.7,5.6,1.5,207,23,0,29.42,,0,0,0,44.4,44.0,45.3,0.41,0.30,0.29
JORD,2015-12-02 01:50:00 EST,43.06980,-76.47006,402,49.5,49.5,49.5,91.4,47.1,0.000,0.148,0.00,0.093,1.5,4.3,1.1,187,29,1.8,5.1,1.0,176,39,1.5,4.3,1.1,187,29,0,29.42,,0,0,0,44.4,44.0,45.3,0.41,0.30,0.29
JORD,2015-12-02 01:55:00 EST,43.06980,-76.47006,402,49.6,49.6,48.8,90.9,47.1,0.000,0.148,0.00,0.091,3.6,7.1,1.5,178,22,4.2,7.4,1.6,179,22,3.6,7.1,1.5,178,22,0,29.42,,0,0,0,44.4,44.0,45.3,0.41,0.30,0.29
JORD,2015-12-02 02:00:00 EST,43.06980,-76.47006,402,49.6,49.6,49.6,90.6,47.0,0.000,0.148,0.00,0.089,2.8,6.9,1.3,178,18,3.2,8.5,1.5,177,17,2.8,6.9,1.3,178,18,0,29.42,,0,0,0,44.4,44.1,45.3,0.41,0.30,0.29
JORD,2015-12-02 02:05:00 EST,43.06980,-76.47006,402,49.6,49.6,49.6,90.9,47.0,0.000,0.148,0.00,0.089,2.5,5.3,1.2,190,16,3.0,6.5,1.4,189,14,2.5,5.3,1.2,190,16,0,29.42,,0,0,0,44.4,44.0,45.3,0.41,0.30,0.29
JORD,2015-12-02 02:10:00 EST,43.06980,-76.47006,402,49.5,49.5,49.5,90.7,47.0,0.015,0.163,0.00,0.087,2.9,4.8,0.8,186,21,3.1,5.6,1.0,184,19,2.9,4.8,0.8,186,21,0,29.42,,0,0,0,44.4,44.0,45.3,0.41,0.30,0.29
JORD,2015-12-02 02:15:00 EST,43.06980,-76.47006,402,49.4,49.4,49.4,91.4,47.0,0.009,0.172,0.00,0.077,2.5,5.3,1.0,155,21,2.9,5.4,1.0,156,22,2.5,5.3,1.0,155,21,0,29.42,,0,0,0,44.5,44.1,45.3,0.41,0.30,0.29
JORD,2015-12-02 02:20:00 EST,43.06980,-76.47006,402,49.2,49.3,49.2,92.2,47.1,0.006,0.178,0.00,0.066,2.6,5.3,1.3,179,28,3.0,6.0,1.2,177,29,2.6,5.3,1.3,179,28,0,29.42,,0,0,0,44.5,44.0,45.3,0.41,0.30,0.29
JORD,2015-12-02 02:25:00 EST,43.06980,-76.47006,402,49.3,49.3,49.3,92.2,47.1,0.005,0.183,0.00,0.053,1.7,4.5,1.2,177,20,2.1,5.1,1.1,170,25,1.7,4.5,1.2,177,20,0,29.42,,0,0,0,44.6,44.0,45.3,0.41,0.30,0.29
JORD,2015-12-02 02:30:00 EST,43.06980,-76.47006,402,49.0,49.1,49.0,92.9,47.0,0.009,0.192,0.00,0.048,0.7,2.2,0.7,96,23,1.4,2.9,0.6,95,26,0.7,2.2,0.7,96,23,0,29.41,,0,0,0,44.6,44.1,45.3,0.41,0.30,0.29
JORD,2015-12-02 02:35:00 EST,43.06980,-76.47006,402,48.8,49.1,48.8,93.6,47.1,0.001,0.192,0.00,0.045,1.5,2.7,0.7,118,11,2.0,3.1,0.5,117,13,1.5,2.7,0.7,118,11,0,29.41,,0,0,0,44.6,44.0,45.3,0.41,0.30,0.29
JORD,2015-12-02 02:40:00 EST,43.06980,-76.47006,402,48.8,49.1,48.8,94.0,47.1,0.001,0.193,0.00,0.045,1.5,2.6,0.6,96,28,2.0,3.8,0.6,99,33,1.5,2.6,0.6,96,28,0,29.41,,0,0,0,44.6,44.1,45.3,0.41,0.30,0.29
JORD,2015-12-02 02:45:00 EST,43.06980,-76.47006,402,48.7,49.0,48.7,94.5,47.2,0.000,0.193,0.00,0.045,2.2,3.4,0.5,202,13,2.4,3.6,0.5,199,14,2.2,3.4,0.5,202,13,0,29.42,,0,0,0,44.6,44.1,45.3,0.41,0.30,0.29
JORD,2015-12-02 02:50:00 EST,43.06980,-76.47006,402,48.6,48.8,48.6,95.2,47.3,0.000,0.193,0.00,0.045,0.3,1.5,0.4,198,1,0.9,1.8,0.4,177,24,0.3,1.5,0.4,198,1,0,29.42,,0,0,0,44.6,44.1,45.3,0.41,0.30,0.29
JORD,2015-12-02 02:55:00 EST,43.06980,-76.47006,402,48.7,49.1,48.7,95.4,47.4,0.000,0.193,0.00,0.045,1.2,2.8,0.9,170,23,1.6,3.1,0.7,164,28,1.2,2.8,0.9,170,23,0,29.42,,0,0,0,44.6,44.1,45.3,0.41,0.30,0.29
JORD,2015-12-02 03:00:00 EST,43.06980,-76.47006,402,49.4,49.6,48.4,93.8,47.7,0.000,0.193,0.00,0.045,3.7,8.0,1.9,181,15,4.5,9.6,2.2,179,14,3.7,8.0,1.9,181,15,0,29.41,,0,0,0,44.6,44.2,45.3,0.41,0.31,0.29
JORD,2015-12-02 03:05:00 EST,43.06980,-76.47006,402,49.9,49.8,49.0,90.7,47.2,0.000,0.193,0.00,0.045,3.6,7.8,1.4,184,18,3.9,8.9,1.6,185,15,3.6,7.8,1.4,184,18,0,29.41,,0,0,0,44.6,44.2,45.3,0.41,0.31,0.29
JORD,2015-12-02 03:10:00 EST,43.06980,-76.47006,402,49.8,49.9,48.7,90.2,47.1,0.000,0.193,0.00,0.031,4.0,7.7,1.7,190,16,4.8,9.4,2.0,189,13,4.0,7.7,1.7,190,16,0,29.41,,0,0,0,44.6,44.2,45.3,0.41,0.31,0.29
JORD,2015-12-02 03:15:00 EST,43.06980,-76.47006,402,50.0,50.0,50.0,89.6,47.1,0.000,0.193,0.00,0.021,4.7,9.9,1.8,183,18,5.5,11.6,2.2,184,14,4.7,9.9,1.8,183,18,0,29.41,,0,0,0,44.7,44.3,45.3,0.41,0.31,0.29
JORD,2015-12-02 03:20:00 EST,43.06980,-76.47006,402,50.2,50.1,50.2,89.0,47.0,0.000,0.193,0.00,0.015,5.3,9.0,1.5,190,16,6.2,11.0,1.8,189,14,5.3,9.0,1.5,190,16,0,29.41,,0,0,0,44.7,44.3,45.3,0.41,0.32,0.29
JORD,2015-12-02 03:25:00 EST,43.06980,-76.47006,402,50.3,50.2,50.3,88.5,47.0,0.000,0.193,0.00,0.010,6.3,10.3,1.8,183,13,7.4,12.3,2.0,183,9,6.3,10.3,1.8,183,13,0,29.41,,0,0,0,44.7,44.2,45.3,0.41,0.32,0.29
JORD,2015-12-02 03:30:00 EST,43.06980,-76.47006,402,50.2,50.1,50.2,88.5,46.9,0.000,0.193,0.00,0.002,5.1,8.0,1.5,196,16,5.6,10.3,1.9,192,17,5.1,8.0,1.5,196,16,0,29.41,,0,0,0,44.7,44.3,45.3,0.40,0.32,0.29
JORD,2015-12-02 03:35:00 EST,43.06980,-76.47006,402,50.0,50.0,50.0,89.4,47.0,0.003,0.196,0.00,0.004,4.2,7.7,1.2,186,14,4.9,8.9,1.4,186,12,4.2,7.7,1.2,186,14,0,29.41,,0,0,0,44.8,44.3,45.3,0.40,0.32,0.29
JORD,2015-12-02 03:40:00 EST,43.06980,-76.47006,402,50.1,50.0,50.1,89.4,47.1,0.007,0.203,0.00,0.010,5.8,11.7,1.9,185,12,6.8,14.1,2.3,186,10,5.8,11.7,1.9,185,12,0,29.41,,0,0,0,44.7,44.4,45.3,0.40,0.32,0.29
JORD,2015-12-02 03:45:00 EST,43.06980,-76.47006,402,50.0,50.0,50.0,89.8,47.1,0.010,0.213,0.00,0.020,5.8,9.4,1.5,192,15,6.8,11.2,2.0,191,13,5.8,9.4,1.5,192,15,0,29.41,,0,0,0,44.8,44.3,45.3,0.40,0.33,0.29
JORD,2015-12-02 03:50:00 EST,43.06980,-76.47006,402,49.8,49.8,48.5,90.8,47.3,0.004,0.217,0.00,0.023,4.2,7.0,1.5,191,17,4.8,8.5,1.8,190,16,4.2,7.0,1.5,191,17,0,29.41,,0,0,0,44.8,44.4,45.3,0.40,0.33,0.29
JORD,2015-12-02 03:55:00 EST,43.06980,-76.47006,402,49.8,49.8,49.8,90.9,47.2,0.000,0.217,0.00,0.023,2.6,4.2,0.7,212,23,2.9,4.7,0.8,210,22,2.6,4.2,0.7,212,23,0,29.40,,0,0,0,44.8,44.3,45.3,0.40,0.33,0.29
JORD,2015-12-02 04:00:00 EST,43.06980,-76.47006,402,49.7,49.8,49.7,91.4,47.3,0.005,0.222,0.00,0.029,2.8,4.4,0.9,187,23,3.3,5.6,1.0,186,23,2.8,4.4,0.9,187,23,0,29.40,,0,0,0,44.8,44.4,45.3,0.40,0.33,0.29
JORD,2015-12-02 04:05:00 EST,43.06980,-76.47006,402,49.7,49.7,48.6,91.5,47.4,0.014,0.236,0.00,0.043,4.0,6.5,1.1,188,16,4.5,8.5,1.4,185,14,4.0,6.5,1.1,188,16,0,29.40,,0,0,0,44.8,44.4,45.3,0.41,0.33,0.29
JORD,2015-12-02 04:10:00 EST,43.06980,-76.47006,402,49.7,49.7,48.5,91.8,47.4,0.019,0.256,0.30,0.062,4.0,7.5,1.5,186,22,4.5,8.7,1.7,185,20,4.0,7.5,1.5,186,22,0,29.40,,0,0,0,44.8,44.4,45.3,0.41,0.33,0.29
JORD,2015-12-02 04:15:00 EST,43.06980,-76.47006,402,49.5,49.5,48.5,92.7,47.5,0.013,0.269,0.00,0.075,3.8,7.1,1.4,176,14,4.7,8.3,1.6,176,14,3.8,7.1,1.4,176,14,0,29.40,,0,0,0,44.8,44.4,45.3,0.41,0.33,0.29
JORD,2015-12-02 04:20:00 EST,43.06980,-76.47006,402,49.6,49.6,48.0,92.5,47.5,0.012,0.281,0.00,0.088,4.6,8.2,1.6,191,16,5.3,9.4,1.9,190,13,4.6,8.2,1.6,191,16,0,29.40,,0,0,0,44.8,44.4,45.3,0.41,0.33,0.29
JORD,2015-12-02 04:25:00 EST,43.06980,-76.47006,402,49.7,49.6,48.5,92.3,47.5,0.013,0.294,0.00,0.101,4.0,8.8,1.7,188,17,4.5,9.8,1.9,188,16,4.0,8.8,1.7,188,17,0,29.40,,0,0,0,44.8,44.4,45.3,0.41,0.33,0.29
JORD,2015-12-02 04:30:00 EST,43.06980,-76.47006,402,49.6,49.6,48.5,92.5,47.6,0.013,0.307,0.00,0.114,3.9,8.0,1.3,186,14,4.5,9.2,1.6,185,13,3.9,8.0,1.3,186,14,0,29.39,,0,0,0,44.8,44.4,45.3,0.41,0.34,0.29
JORD,2015-12-02 04:35:00 EST,43.06980,-76.47006,402,49.4,49.4,49.4,93.1,47.5,0.015,0.322,0.26,0.126,2.1,4.7,1.5,145,18,2.4,5.6,1.4,145,25,2.1,4.7,1.5,145,18,0,29.39,,0,0,0,44.9,44.4,45.3,0.42,0.34,0.29
JORD,2015-12-02 04:40:00 EST,43.06980,-76.47006,402,49.1,49.2,49.1,94.0,47.5,0.027,0.349,0.45,0.146,1.6,4.7,1.7,207,11,2.1,4.9,1.5,203,28,1.6,4.7,1.7,207,11,0,29.40,,0,0,0,44.9,44.4,45.3,0.42,0.34,0.29
JORD,2015-12-02 04:45:00 EST,43.06980,-76.47006,402,49.3,49.3,48.6,94.4,47.7,0.012,0.362,0.28,0.149,3.2,6.5,1.2,211,22,3.4,7.4,1.4,211,20,3.2,6.5,1.2,211,22,0,29.40,,0,0,0,44.9,44.4,45.3,0.43,0.34,0.29
JORD,2015-12-02 04:50:00 EST,43.06980,-76.47006,402,49.5,49.5,48.7,94.0,47.9,0.001,0.363,0.00,0.146,3.6,6.5,1.1,190,20,4.0,8.1,1.3,191,17,3.6,6.5,1.1,190,20,0,29.40,,0,0,0,45.0,44.4,45.3,0.42,0.34,0.29
JORD,2015-12-02 04:55:00 EST,43.06980,-76.47006,402,49.6,49.5,48.5,93.6,47.8,0.000,0.363,0.00,0.146,3.8,6.3,1.1,182,20,4.3,7.4,1.4,182,18,3.8,6.3,1.1,182,20,0,29.39,,0,0,0,45.0,44.4,45.3,0.42,0.35,0.29
JORD,2015-12-02 05:00:00 EST,43.06980,-76.47006,402,49.5,49.5,48.5,93.5,47.7,0.000,0.363,0.00,0.141,3.7,5.5,0.8,178,16,4.2,6.7,1.0,180,14,3.7,5.5,0.8,178,16,0,29.39,,0,0,0,45.0,44.4,45.3,0.42,0.35,0.29
JORD,2015-12-02 05:05:00 EST,43.06980,-76.47006,402,49.7,49.6,48.2,93.2,47.8,0.000,0.363,0.00,0.126,4.5,6.5,0.8,184,13,5.1,7.8,1.0,184,11,4.5,6.5,0.8,184,13,0,29.39,,0,0,0,45.0,44.4,45.3,0.42,0.35,0.29
JORD,2015-12-02 05:10:00 EST,43.06980,-76.47006,402,49.7,49.6,49.1,93.0,47.7,0.005,0.367,0.00,0.112,3.2,6.2,0.7,182,18,3.8,6.9,1.0,183,16,3.2,6.2,0.7,182,18,0,29.39,,0,0,0,45.0,44.4,45.3,0.42,0.35,0.29
JORD,2015-12-02 05:15:00 EST,43.06980,-76.47006,402,49.7,49.7,47.2,93.1,47.8,0.007,0.374,0.00,0.105,6.3,10.7,1.7,192,13,7.4,11.4,2.0,191,10,6.3,10.7,1.7,192,13,0,29.40,,0,0,0,45.1,44.5,45.3,0.41,0.35,0.29
JORD,2015-12-02 05:20:00 EST,43.06980,-76.47006,402,49.9,49.9,47.4,92.2,47.8,0.001,0.375,0.00,0.094,6.3,10.1,1.3,201,10,7.2,11.0,1.4,200,8,6.3,10.1,1.3,201,10,0,29.40,,0,0,0,45.1,44.5,45.3,0.42,0.35,0.29
JORD,2015-12-02 05:25:00 EST,43.06980,-76.47006,402,49.9,49.9,47.7,92.1,47.7,0.000,0.375,0.00,0.080,5.7,8.5,1.5,193,16,6.5,9.4,1.8,193,14,5.7,8.5,1.5,193,16,0,29.40,,0,0,0,45.1,44.5,45.3,0.42,0.35,0.29
JORD,2015-12-02 05:30:00 EST,43.06980,-76.47006,402,49.9,49.9,48.6,92.5,47.8,0.000,0.375,0.00,0.068,4.1,7.7,1.5,213,16,4.7,7.8,1.3,211,15,4.1,7.7,1.5,213,16,0,29.40,,0,0,0,45.1,44.5,45.3,0.41,0.35,0.29
JORD,2015-12-02 05:35:00 EST,43.06980,-76.47006,402,49.9,49.9,48.1,92.3,47.7,0.000,0.375,0.00,0.052,5.0,6.9,0.7,208,13,5.5,7.8,0.8,207,12,5.0,6.9,0.7,208,13,0,29.40,,0,0,0,45.1,44.5,45.3,0.41,0.35,0.29
JORD,2015-12-02 05:40:00 EST,43.06980,-76.47006,402,49.8,49.7,48.3,92.8,47.8,0.003,0.378,0.00,0.028,4.4,7.5,1.3,248,26,4.9,9.2,1.5,252,26,4.4,7.5,1.3,248,26,0,29.40,,0,0,0,45.1,44.5,45.3,0.41,0.35,0.29
JORD,2015-12-02 05:45:00 EST,43.06980,-76.47006,402,49.3,49.2,48.2,94.0,47.6,0.001,0.378,0.00,0.017,3.7,6.0,0.9,283,18,4.1,6.9,1.2,284,18,3.7,6.0,0.9,283,18,0,29.40,,0,0,0,45.1,44.5,45.3,0.41,0.35,0.29
JORD,2015-12-02 05:50:00 EST,43.06980,-76.47006,402,49.1,49.0,49.1,95.1,47.7,0.000,0.378,0.00,0.016,2.2,4.2,0.8,253,24,2.5,5.6,0.9,254,26,2.2,4.2,0.8,253,24,0,29.40,,0,0,0,45.1,44.6,45.3,0.41,0.35,0.29
JORD,2015-12-02 05:55:00 EST,43.06980,-76.47006,402,49.0,49.0,48.5,95.6,47.8,0.000,0.378,0.00,0.016,3.0,4.7,0.8,212,10,3.2,5.4,0.9,212,10,3.0,4.7,0.8,212,10,0,29.41,,0,0,0,45.1,44.6,45.3,0.41,0.35,0.29
JORD,2015-12-02 06:00:00 EST,43.06980,-76.47006,402,49.1,49.1,49.1,95.3,47.9,0.000,0.378,0.00,0.016,2.0,3.4,0.7,226,18,2.1,3.8,0.7,227,20,2.0,3.4,0.7,226,18,0,29.40,,0,0,0,45.1,44.6,45.3,0.41,0.35,0.29
JORD,2015-12-02 06:05:00 EST,43.06980,-76.47006,402,49.1,49.1,49.1,95.4,47.9,0.000,0.378,0.00,0.016,1.4,2.8,0.6,222,14,1.6,3.1,0.6,221,15,1.4,2.8,0.6,222,14,0,29.40,,0,0,0,45.2,44.6,45.3,0.41,0.35,0.29
JORD,2015-12-02 06:10:00 EST,43.06980,-76.47006,402,49.1,49.2,49.1,95.3,47.8,0.000,0.378,0.00,0.011,2.9,4.5,0.7,230,14,2.9,5.6,0.9,230,15,2.9,4.5,0.7,230,14,0,29.40,,0,0,0,45.2,44.6,45.3,0.41,0.35,0.29
JORD,2015-12-02 06:15:00 EST,43.06980,-76.47006,402,49.1,49.1,49.1,95.3,47.8,0.000,0.378,0.00,0.005,1.3,2.3,0.4,274,18,1.5,2.9,0.5,277,20,1.3,2.3,0.4,274,18,0,29.40,,0,0,0,45.2,44.6,45.3,0.41,0.35,0.29
JORD,2015-12-02 06:20:00 EST,43.06980,-76.47006,402,49.1,49.1,49.1,95.5,47.9,0.000,0.378,0.00,0.004,1.7,2.8,0.4,240,15,1.8,3.6,0.5,241,17,1.7,2.8,0.4,240,15,0,29.40,,0,0,0,45.2,44.6,45.3,0.41,0.35,0.29
JORD,2015-12-02 06:25:00 EST,43.06980,-76.47006,402,49.0,49.0,49.0,95.6,47.8,0.000,0.378,0.00,0.004,1.9,3.5,0.7,255,14,2.1,4.7,0.8,256,15,1.9,3.5,0.7,255,14,0,29.41,,0,0,0,45.2,44.6,45.3,0.41,0.35,0.29
JORD,2015-12-02 06:30:00 EST,43.06980,-76.47006,402,49.0,49.1,49.0,95.7,47.8,0.000,0.378,0.00,0.004,1.9,3.6,0.6,243,18,2.1,4.9,0.7,246,21,1.9,3.6,0.6,243,18,0,29.41,,0,0,0,45.2,44.6,45.3,0.41,0.35,0.29
JORD,2015-12-02 06:35:00 EST,43.06980,-76.47006,402,49.2,49.2,49.2,95.4,47.9,0.000,0.378,0.00,0.004,2.1,3.9,0.7,229,11,2.3,4.3,0.7,229,15,2.1,3.9,0.7,229,11,0,29.41,,0,0,0,45.3,44.6,45.3,0.41,0.35,0.29
JORD,2015-12-02 06:40:00 EST,43.06980,-76.47006,402,49.3,49.2,49.3,94.8,47.8,0.000,0.378,0.00,0.001,2.7,5.0,0.9,236,14,2.8,6.0,1.0,239,15,2.7,5.0,0.9,236,14,0,29.41,,0,0,0,45.3,44.6,45.3,0.40,0.35,0.29
JORD,2015-12-02 06:45:00 EST,43.06980,-76.47006,402,49.3,49.3,49.3,94.2,47.7,0.000,0.378,0.00,0.000,2.1,3.5,0.6,237,12,2.1,5.1,0.7,237,15,2.1,3.5,0.6,237,12,0,29.41,,0,0,0,45.3,44.6,45.3,0.40,0.35,0.29
JORD,2015-12-02 06:50:00 EST,43.06980,-76.47006,402,49.3,49.2,49.3,94.0,47.6,0.000,0.378,0.00,0.000,2.0,3.7,0.6,269,17,2.2,4.7,0.8,272,19,2.0,3.7,0.6,269,17,0,29.40,,0,0,0,45.3,44.7,45.3,0.40,0.35,0.29
JORD,2015-12-02 06:55:00 EST,43.06980,-76.47006,402,49.0,49.1,49.0,94.6,47.5,0.000,0.378,0.00,0.000,2.2,3.2,0.5,281,11,2.4,3.6,0.6,283,12,2.2,3.2,0.5,281,11,0,29.41,,0,0,0,45.3,44.7,45.3,0.40,0.35,0.29
JORD,2015-12-02 07:00:00 EST,43.06980,-76.47006,402,48.9,49.0,48.3,95.1,47.6,0.000,0.378,0.00,0.000,3.2,6.4,1.1,268,15,3.6,7.6,1.4,271,16,3.2,6.4,1.1,268,15,0,29.41,,0,0,0,45.3,44.7,45.3,0.40,0.35,0.29
JORD,2015-12-02 07:05:00 EST,43.06980,-76.47006,402,49.0,49.0,48.0,94.8,47.6,0.000,0.378,0.00,0.000,3.7,5.2,0.5,241,13,3.9,5.6,0.7,243,15,3.7,5.2,0.5,241,13,0,29.42,,0,0,0,45.3,44.7,45.3,0.40,0.35,0.29
JORD,2015-12-02 07:10:00 EST,43.06980,-76.47006,402,48.9,48.9,48.9,94.7,47.4,0.000,0.378,0.00,0.000,2.4,3.9,0.7,244,16,2.5,4.5,0.7,245,17,2.4,3.9,0.7,244,16,0,29.42,,0,0,0,45.3,44.7,45.3,0.40,0.35,0.29
JORD,2015-12-02 07:15:00 EST,43.06980,-76.47006,402,48.8,48.8,48.8,94.8,47.4,0.000,0.378,0.00,0.000,2.3,4.5,1.0,254,16,2.6,5.1,1.1,256,19,2.3,4.5,1.0,254,16,0,29.42,,0,0,0,45.3,44.7,45.3,0.40,0.35,0.29
JORD,2015-12-02 07:20:00 EST,43.06980,-76.47006,402,48.8,48.8,47.9,94.6,47.4,0.000,0.378,0.00,0.000,3.5,6.4,1.2,261,16,3.9,7.4,1.5,263,15,3.5,6.4,1.2,261,16,0,29.42,,0,0,0,45.3,44.7,45.3,0.40,0.35,0.29
JORD,2015-12-02 07:25:00 EST,43.06980,-76.47006,402,48.8,48.7,46.7,94.1,47.2,0.000,0.378,0.00,0.000,5.2,9.0,1.2,266,17,5.8,10.3,1.4,269,15,5.2,9.0,1.2,266,17,0,29.42,,0,0,0,45.3,44.8,45.3,0.40,0.35,0.29
JORD,2015-12-02 07:30:00 EST,43.06980,-76.47006,402,48.6,48.6,47.2,93.9,46.9,0.000,0.378,0.00,0.000,4.1,6.8,1.0,258,17,4.6,7.8,1.3,262,15,4.1,6.8,1.0,258,17,1,29.42,,0,0,0,45.3,44.8,45.3,0.40,0.35,0.30
JORD,2015-12-02 07:35:00 EST,43.06980,-76.47006,402,48.6,48.5,47.2,94.1,47.0,0.000,0.378,0.00,0.000,4.0,5.4,0.8,275,14,4.6,6.9,1.1,276,13,4.0,5.4,0.8,275,14,1,29.42,,0,0,0,45.3,44.8,45.3,0.40,0.35,0.30
JORD,2015-12-02 07:40:00 EST,43.06980,-76.47006,402,48.5,48.4,47.7,93.1,46.6,0.000,0.378,0.00,0.000,3.3,6.5,1.4,274,15,3.8,7.4,1.6,275,15,3.3,6.5,1.4,274,15,2,29.42,,0,0,0,45.3,44.8,45.3,0.40,0.35,0.30
JORD,2015-12-02 07:45:00 EST,43.06980,-76.47006,402,48.3,48.3,47.4,93.0,46.4,0.000,0.378,0.00,0.000,3.4,5.3,0.8,271,15,3.8,6.5,1.0,273,15,3.4,5.3,0.8,271,15,3,29.42,,0,0,0,45.3,44.8,45.3,0.40,0.35,0.30
JORD,2015-12-02 07:50:00 EST,43.06980,-76.47006,402,48.2,48.2,46.6,92.9,46.2,0.000,0.378,0.00,0.000,4.2,6.7,1.1,273,14,4.8,7.6,1.4,273,13,4.2,6.7,1.1,273,14,4,29.42,,0,0,0,45.3,44.8,45.3,0.40,0.35,0.30
JORD,2015-12-02 07:55:00 EST,43.06980,-76.47006,402,48.1,48.0,48.1,93.5,46.3,0.000,0.378,0.00,0.000,2.3,4.1,0.8,282,20,2.6,5.1,1.0,283,20,2.3,4.1,0.8,282,20,4,29.42,,0,0,0,45.3,44.8,45.3,0.40,0.35,0.30
JORD,2015-12-02 08:00:00 EST,43.06980,-76.47006,402,48.0,47.9,48.0,93.7,46.3,0.000,0.378,0.00,0.000,1.0,2.3,0.7,282,29,1.4,2.5,0.5,294,45,1.0,2.3,0.7,282,29,6,29.42,,0,0,0,45.3,44.8,45.3,0.40,0.35,0.31
JORD,2015-12-02 08:05:00 EST,43.06980,-76.47006,402,47.9,47.9,47.9,93.8,46.2,0.000,0.378,0.00,0.000,2.6,3.6,0.5,256,14,2.9,4.5,0.6,258,14,2.6,3.6,0.5,256,14,6,29.43,,0,0,0,45.3,44.8,45.3,0.40,0.35,0.31
JORD,2015-12-02 08:10:00 EST,43.06980,-76.47006,402,47.8,47.9,46.6,94.0,46.2,0.000,0.378,0.00,0.000,3.7,5.8,0.9,255,12,4.1,6.9,1.1,257,12,3.7,5.8,0.9,255,12,6,29.43,,0,0,0,45.3,44.8,45.3,0.40,0.35,0.31
JORD,2015-12-02 08:15:00 EST,43.06980,-76.47006,402,47.9,47.8,47.9,93.4,46.1,0.000,0.378,0.00,0.000,2.6,5.1,0.9,249,18,2.9,6.5,1.1,250,18,2.6,5.1,0.9,249,18,8,29.44,,0,0,0,45.4,44.8,45.3,0.40,0.35,0.31
JORD,2015-12-02 08:20:00 EST,43.06980,-76.47006,402,47.8,47.7,47.8,93.3,46.0,0.000,0.378,0.00,0.000,2.6,4.6,0.7,240,14,2.7,5.8,0.8,242,14,2.6,4.6,0.7,240,14,9,29.44,,0,0,0,45.4,44.8,45.3,0.40,0.34,0.31
JORD,2015-12-02 08:25:00 EST,43.06980,-76.47006,402,47.7,47.7,47.7,93.2,45.9,0.000,0.378,0.00,0.000,2.4,4.2,0.7,251,14,2.6,5.1,0.8,253,14,2.4,4.2,0.7,251,14,11,29.44,,0,0,0,45.4,44.8,45.3,0.40,0.35,0.31
JORD,2015-12-02 08:30:00 EST,43.06980,-76.47006,402,47.6,47.5,47.6,93.9,45.9,0.000,0.378,0.00,0.000,2.3,3.5,0.6,259,16,2.5,4.0,0.7,260,17,2.3,3.5,0.6,259,16,10,29.44,,0,0,0,45.4,44.8,45.3,0.40,0.35,0.31
JORD,2015-12-02 08:35:00 EST,43.06980,-76.47006,402,47.6,47.5,47.6,94.1,46.0,0.000,0.378,0.00,0.000,2.0,3.5,0.5,264,11,2.3,3.8,0.6,265,11,2.0,3.5,0.5,264,11,10,29.44,,0,0,0,45.4,44.8,45.3,0.40,0.34,0.31
JORD,2015-12-02 08:40:00 EST,43.06980,-76.47006,402,47.5,47.4,47.5,94.5,46.0,0.000,0.378,0.00,0.000,1.1,2.0,0.5,231,16,1.3,2.5,0.4,230,21,1.1,2.0,0.5,231,16,12,29.44,,0,0,0,45.4,44.8,45.3,0.40,0.34,0.31
JORD,2015-12-02 08:45:00 EST,43.06980,-76.47006,402,47.5,47.4,47.5,94.4,45.9,0.000,0.378,0.00,0.000,1.0,1.8,0.4,223,12,1.2,2.0,0.3,218,19,1.0,1.8,0.4,223,12,14,29.44,,0,0,0,45.4,44.9,45.3,0.40,0.34,0.31
JORD,2015-12-02 08:50:00 EST,43.06980,-76.47006,402,47.5,47.4,47.5,94.2,45.9,0.000,0.378,0.00,0.000,1.3,3.1,0.5,223,12,1.5,3.6,0.5,219,13,1.3,3.1,0.5,223,12,14,29.44,,0,0,0,45.4,44.9,45.3,0.40,0.34,0.31
JORD,2015-12-02 08:55:00 EST,43.06980,-76.47006,402,47.3,47.3,47.3,94.7,45.8,0.000,0.378,0.00,0.000,1.4,3.0,0.6,297,42,1.6,3.6,0.6,304,44,1.4,3.0,0.6,297,42,12,29.44,,0,0,0,45.4,44.9,45.3,0.40,0.34,0.31
JORD,2015-12-02 09:00:00 EST,43.06980,-76.47006,402,47.1,47.1,47.1,96.0,46.1,0.000,0.378,0.00,0.000,2.1,3.2,0.6,4,12,2.5,3.6,0.7,2,13,2.1,3.2,0.6,4,12,9,29.43,,0,0,0,45.5,44.9,45.3,0.40,0.34,0.31
JORD,2015-12-02 09:05:00 EST,43.06980,-76.47006,402,47.0,46.9,47.0,96.3,46.1,0.002,0.380,0.00,0.002,2.0,4.2,1.1,326,21,2.3,5.1,1.0,332,27,2.0,4.2,1.1,326,21,11,29.43,,0,0,0,45.5,44.9,45.3,0.40,0.34,0.31
JORD,2015-12-02 09:10:00 EST,43.06980,-76.47006,402,46.9,46.7,46.9,96.3,45.9,0.001,0.381,0.00,0.003,2.6,4.5,0.7,311,16,2.6,5.1,0.7,314,16,2.6,4.5,0.7,311,16,12,29.43,,0,0,0,45.5,44.9,45.3,0.40,0.34,0.31
JORD,2015-12-02 09:15:00 EST,43.06980,-76.47006,402,46.8,46.6,45.7,96.6,45.9,0.000,0.381,0.00,0.003,3.3,5.6,1.0,317,24,3.6,6.9,1.4,322,18,3.3,5.6,1.0,317,24,9,29.44,,0,0,0,45.5,44.9,45.3,0.40,0.34,0.31
JORD,2015-12-02 09:20:00 EST,43.06980,-76.47006,402,46.6,46.5,44.7,96.8,45.8,0.000,0.381,0.00,0.003,4.3,6.9,1.2,297,14,4.8,8.3,1.3,298,14,4.3,6.9,1.2,297,14,11,29.44,,0,0,0,45.5,44.9,45.3,0.40,0.35,0.31
JORD,2015-12-02 09:25:00 EST,43.06980,-76.47006,402,46.4,46.3,44.3,96.5,45.5,0.000,0.381,0.00,0.003,4.6,8.3,1.3,312,19,4.8,8.1,1.5,312,20,4.6,8.3,1.3,312,19,18,29.43,,0,0,0,45.5,45.0,45.3,0.40,0.34,0.31
JORD,2015-12-02 09:30:00 EST,43.06980,-76.47006,402,46.2,46.1,45.3,95.9,45.1,0.000,0.381,0.00,0.003,3.1,7.5,2.0,307,15,3.3,7.6,1.8,308,18,3.1,7.5,2.0,307,15,26,29.43,,0,0,0,45.5,44.9,45.3,0.40,0.35,0.31
JORD,2015-12-02 09:35:00 EST,43.06980,-76.47006,402,46.1,46.0,46.1,95.1,44.8,0.000,0.381,0.00,0.003,2.0,3.8,0.7,304,19,2.1,4.9,0.7,304,19,2.0,3.8,0.7,304,19,31,29.43,,0,0,0,45.5,45.0,45.3,0.40,0.35,0.31
JORD,2015-12-02 09:40:00 EST,43.06980,-76.47006,402,46.1,46.0,46.1,94.7,44.7,0.000,0.381,0.00,0.003,2.3,5.1,1.0,310,24,2.5,5.6,1.0,312,24,2.3,5.1,1.0,310,24,29,29.43,,0,0,0,45.5,45.0,45.3,0.40,0.34,0.31
JORD,2015-12-02 09:45:00 EST,43.06980,-76.47006,402,46.2,46.0,46.2,94.0,44.5,0.000,0.381,0.00,0.003,1.1,2.5,0.7,288,24,1.4,3.1,0.7,290,29,1.1,2.5,0.7,288,24,35,29.43,,0,0,0,45.5,44.9,45.3,0.40,0.34,0.31
JORD,2015-12-02 09:50:00 EST,43.06980,-76.47006,402,46.2,46.1,46.2,93.3,44.4,0.000,0.381,0.00,0.003,1.0,2.4,0.6,291,30,1.4,2.5,0.3,280,37,1.0,2.4,0.6,291,30,31,29.42,,0,0,0,45.5,45.0,45.3,0.39,0.34,0.31
JORD,2015-12-02 09:55:00 EST,43.06980,-76.47006,402,46.3,46.1,46.3,93.5,44.5,0.000,0.381,0.00,0.003,1.1,2.1,0.6,258,14,1.4,2.5,0.5,262,16,1.1,2.1,0.6,258,14,30,29.43,,0,0,0,45.5,45.0,45.3,0.39,0.34,0.31
JORD,2015-12-02 10:00:00 EST,43.06980,-76.47006,402,46.2,46.1,46.2,93.8,44.6,0.000,0.381,0.00,0.003,2.1,2.9,0.4,245,11,2.2,3.4,0.5,246,11,2.1,2.9,0.4,245,11,25,29.43,,0,0,0,45.5,44.9,45.3,0.39,0.34,0.31
JORD,2015-12-02 10:05:00 EST,43.06980,-76.47006,402,46.2,46.1,46.2,93.8,44.5,0.000,0.381,0.00,0.001,2.1,3.4,0.4,241,16,2.2,4.5,0.5,242,15,2.1,3.4,0.4,241,16,21,29.43,,0,0,0,45.5,45.0,45.3,0.39,0.34,0.31
JORD,2015-12-02 10:10:00 EST,43.06980,-76.47006,402,46.2,46.1,46.2,93.8,44.5,0.000,0.381,0.00,0.000,1.3,2.4,0.5,232,5,1.4,2.5,0.4,228,9,1.3,2.4,0.5,232,5,22,29.43,,0,0,0,45.5,45.0,45.3,0.39,0.34,0.31
JORD,2015-12-02 10:15:00 EST,43.06980,-76.47006,402,46.2,46.1,46.2,93.5,44.5,0.000,0.381,0.00,0.000,0.3,1.2,0.4,235,0,0.5,1.6,0.4,217,34,0.3,1.2,0.4,235,0,24,29.42,,0,0,0,45.5,45.0,45.3,0.39,0.35,0.31
JORD,2015-12-02 10:20:00 EST,43.06980,-76.47006,402,46.2,46.1,46.2,93.4,44.4,0.000,0.381,0.00,0.000,0.2,0.9,0.3,235,0,0.7,1.6,0.3,72,12,0.2,0.9,0.3,235,0,27,29.42,,0,0,0,45.5,45.0,45.3,0.39,0.34,0.31
JORD,2015-12-02 10:25:00 EST,43.06980,-76.47006,402,46.2,46.1,46.2,93.7,44.5,0.000,0.381,0.00,0.000,0.8,1.6,0.7,171,53,1.2,2.2,0.6,73,12,0.8,1.6,0.7,171,53,32,29.42,,0,0,0,45.5,45.0,45.3,0.39,0.34,0.31
JORD,2015-12-02 10:30:00 EST,43.06980,-76.47006,402,46.2,46.0,46.2,94.5,44.7,0.000,0.381,0.00,0.000,1.0,1.8,0.7,76,7,1.4,2.2,0.5,64,23,1.0,1.8,0.7,76,7,31,29.41,,0,0,0,45.5,45.0,45.3,0.39,0.34,0.31
JORD,2015-12-02 10:35:00 EST,43.06980,-76.47006,402,46.3,46.1,46.3,94.9,44.9,0.000,0.381,0.00,0.000,1.3,2.0,0.3,356,8,1.6,2.7,0.4,355,12,1.3,2.0,0.3,356,8,28,29.41,,0,0,0,45.5,45.0,45.3,0.39,0.34,0.31
JORD,2015-12-02 10:40:00 EST,43.06980,-76.47006,402,46.3,46.1,46.3,95.4,45.1,0.000,0.381,0.00,0.000,0.9,1.7,0.5,338,12,1.3,2.2,0.3,349,22,0.9,1.7,0.5,338,12,31,29.41,,0,0,0,45.5,45.1,45.4,0.39,0.34,0.31
JORD,2015-12-02 10:45:00 EST,43.06980,-76.47006,402,46.3,46.1,46.3,94.7,44.9,0.000,0.381,0.00,0.000,1.6,3.0,0.7,353,16,1.9,3.4,0.7,354,17,1.6,3.0,0.7,353,16,35,29.41,,0,0,0,45.5,45.1,45.3,0.39,0.34,0.31
JORD,2015-12-02 10:50:00 EST,43.06980,-76.47006,402,46.4,46.2,46.4,94.6,44.9,0.000,0.381,0.00,0.000,0.6,1.8,0.6,336,30,1.0,2.2,0.4,339,43,0.6,1.8,0.6,336,30,32,29.41,,0,0,0,45.6,45.1,45.4,0.39,0.34,0.31
JORD,2015-12-02 10:55:00 EST,43.06980,-76.47006,402,46.3,46.1,46.3,94.0,44.7,0.000,0.381,0.00,0.000,2.5,4.1,0.7,338,15,2.8,4.7,0.9,343,14,2.5,4.1,0.7,338,15,33,29.41,,0,0,0,45.6,45.1,45.4,0.39,0.34,0.31
JORD,2015-12-02 11:00:00 EST,43.06980,-76.47006,402,46.2,46.1,46.2,93.0,44.3,0.000,0.381,0.00,0.000,1.8,3.8,1.0,350,14,2.2,4.5,1.0,350,14,1.8,3.8,1.0,350,14,33,29.41,,0,0,0,45.6,45.1,45.4,0.39,0.34,0.31
JORD,2015-12-02 11:05:00 EST,43.06980,-76.47006,402,46.2,46.0,46.2,93.1,44.3,0.000,0.381,0.00,0.000,1.9,3.9,0.8,349,15,2.3,4.9,0.9,352,15,1.9,3.9,0.8,349,15,33,29.40,,0,0,0,45.6,45.1,45.4,0.39,0.34,0.31
JORD,2015-12-02 11:10:00 EST,43.06980,-76.47006,402,46.1,45.9,46.1,93.4,44.3,0.000,0.381,0.00,0.000,1.6,3.1,0.9,345,20,1.9,3.8,0.8,345,19,1.6,3.1,0.9,345,20,32,29.40,,0,0,0,45.6,45.1,45.4,0.39,0.34,0.31
JORD,2015-12-02 11:15:00 EST,43.06980,-76.47006,402,46.1,45.9,46.1,93.4,44.3,0.000,0.381,0.00,0.000,1.8,2.7,0.5,343,13,2.1,3.8,0.6,346,14,1.8,2.7,0.5,343,13,27,29.40,,0,0,0,45.7,45.1,45.4,0.39,0.34,0.31
JORD,2015-12-02 11:20:00 EST,43.06980,-76.47006,402,46.0,45.9,46.0,93.9,44.4,0.004,0.385,0.00,0.004,0.9,2.1,0.6,345,13,1.2,2.9,0.6,344,26,0.9,2.1,0.6,345,13,26,29.39,,0,0,0,45.7,45.1,45.4,0.39,0.34,0.31
JORD,2015-12-02 11:25:00 EST,43.06980,-76.47006,402,46.0,45.8,46.0,94.1,44.4,0.002,0.388,0.00,0.006,0.4,0.9,0.3,26,3,0.9,1.6,0.3,40,22,0.4,0.9,0.3,26,3,30,29.39,,0,0,0,45.7,45.1,45.4,0.39,0.34,0.31
JORD,2015-12-02 11:30:00 EST,43.06980,-76.47006,402,45.9,45.8,45.9,93.7,44.2,0.004,0.392,0.00,0.010,0.8,1.7,0.6,34,5,1.2,2.2,0.5,37,14,0.8,1.7,0.6,34,5,28,29.39,,0,0,0,45.7,45.1,45.4,0.39,0.34,0.31
JORD,2015-12-02 11:35:00 EST,43.06980,-76.47006,402,45.8,45.7,45.8,93.7,44.1,0.005,0.396,0.00,0.015,1.9,3.5,0.6,31,16,2.2,4.3,0.7,34,21,1.9,3.5,0.6,31,16,30,29.38,,0,0,0,45.7,45.1,45.4,0.39,0.34,0.31
JORD,2015-12-02 11:40:00 EST,43.06980,-76.47006,402,45.7,45.5,45.7,94.2,44.2,0.006,0.402,0.00,0.021,2.9,5.1,0.9,61,11,3.1,6.0,1.1,62,12,2.9,5.1,0.9,61,11,32,29.37,,0,0,0,45.7,45.1,45.4,0.39,0.34,0.31
JORD,2015-12-02 11:45:00 EST,43.06980,-76.47006,402,45.6,45.5,43.8,93.3,43.8,0.006,0.408,0.00,0.027,4.0,6.4,0.9,66,15,4.5,8.1,1.2,66,16,4.0,6.4,0.9,66,15,33,29.36,,0,0,0,45.7,45.1,45.4,0.39,0.34,0.31
JORD,2015-12-02 11:50:00 EST,43.06980,-76.47006,402,45.4,45.3,43.7,91.2,43.0,0.007,0.415,0.00,0.034,3.8,6.8,1.0,42,16,4.2,7.8,1.2,42,16,3.8,6.8,1.0,42,16,33,29.36,,0,0,0,45.7,45.1,45.4,0.39,0.34,0.31
JORD,2015-12-02 11:55:00 EST,43.06980,-76.47006,402,45.3,45.2,45.3,92.0,43.1,0.006,0.421,0.00,0.040,2.2,4.7,1.1,53,19,2.6,5.6,1.1,52,18,2.2,4.7,1.1,53,19,32,29.36,,0,0,0,45.7,45.1,45.4,0.39,0.34,0.31
JORD,2015-12-02 12:00:00 EST,43.06980,-76.47006,402,45.2,45.0,43.3,91.2,42.7,0.005,0.426,0.00,0.045,4.0,6.2,1.0,41,17,4.5,6.9,1.1,39,18,4.0,6.2,1.0,41,17,34,29.35,,0,0,0,45.7,45.1,45.4,0.39,0.34,0.31
JORD,2015-12-02 12:05:00 EST,43.06980,-76.47006,402,45.1,44.9,43.9,92.1,42.9,0.005,0.431,0.00,0.050,3.2,5.1,0.7,42,17,3.6,6.3,1.0,38,17,3.2,5.1,0.7,42,17,35,29.34,,0,0,0,45.7,45.1,45.4,0.40,0.34,0.31
JORD,2015-12-02 12:10:00 EST,43.06980,-76.47006,402,45.0,44.9,42.3,92.0,42.8,0.005,0.436,0.00,0.055,5.0,7.2,0.8,48,12,5.5,9.2,0.9,47,12,5.0,7.2,0.8,48,12,35,29.33,,0,0,0,45.7,45.1,45.4,0.40,0.34,0.31
JORD,2015-12-02 12:15:00 EST,43.06980,-76.47006,402,44.9,44.9,42.1,89.9,42.2,0.002,0.438,0.00,0.056,5.2,10.0,1.7,61,18,5.8,11.6,2.0,62,17,5.2,10.0,1.7,61,18,35,29.33,,0,0,0,45.7,45.1,45.4,0.40,0.34,0.31
JORD,2015-12-02 12:20:00 EST,43.06980,-76.47006,402,44.8,44.7,41.7,90.9,42.3,0.003,0.441,0.00,0.056,5.7,8.8,1.0,74,13,6.5,9.8,1.2,77,10,5.7,8.8,1.0,74,13,47,29.32,,0,0,0,45.7,45.1,45.5,0.40,0.34,0.31
JORD,2015-12-02 12:25:00 EST,43.06980,-76.47006,402,44.7,44.6,41.6,91.2,42.3,0.002,0.442,0.00,0.055,5.7,8.4,1.0,79,13,6.6,9.6,1.3,82,10,5.7,8.4,1.0,79,13,54,29.31,,0,0,0,45.7,45.1,45.5,0.40,0.34,0.31
JORD,2015-12-02 12:30:00 EST,43.06980,-76.47006,402,44.7,44.6,42.2,90.9,42.3,0.002,0.444,0.00,0.052,4.8,9.4,2.1,81,12,5.7,11.4,2.6,82,10,4.8,9.4,2.1,81,12,62,29.31,,0,0,0,45.7,45.1,45.5,0.40,0.34,0.31
JORD,2015-12-02 12:35:00 EST,43.06980,-76.47006,402,44.8,44.6,44.8,92.2,42.7,0.003,0.447,0.00,0.051,2.7,5.0,0.8,16,28,3.3,6.7,1.1,17,27,2.7,5.0,0.8,16,28,42,29.32,,0,0,0,45.8,45.1,45.5,0.40,0.34,0.31
JORD,2015-12-02 12:40:00 EST,43.06980,-76.47006,402,44.7,44.5,44.7,92.5,42.7,0.003,0.450,0.00,0.048,2.1,3.6,0.7,3,21,2.6,5.1,0.8,7,18,2.1,3.6,0.7,3,21,32,29.32,,0,0,0,45.8,45.2,45.5,0.40,0.34,0.31
JORD,2015-12-02 12:45:00 EST,43.06980,-76.47006,402,44.7,44.5,44.7,93.4,42.9,0.003,0.452,0.00,0.044,2.2,3.4,0.5,355,18,2.7,4.7,0.7,0,15,2.2,3.4,0.5,355,18,30,29.31,,0,0,0,45.8,45.1,45.5,0.40,0.34,0.31
JORD,2015-12-02 12:50:00 EST,43.06980,-76.47006,402,44.6,44.5,44.6,93.1,42.8,0.003,0.455,0.00,0.040,2.1,3.0,0.5,14,19,2.5,4.5,0.6,15,18,2.1,3.0,0.5,14,19,26,29.31,,0,0,0,45.8,45.2,45.5,0.40,0.34,0.31
JORD,2015-12-02 12:55:00 EST,43.06980,-76.47006,402,44.6,44.4,44.6,93.4,42.8,0.004,0.459,0.00,0.037,2.5,3.8,0.6,21,11,3.0,5.6,0.8,24,11,2.5,3.8,0.6,21,11,22,29.31,,0,0,0,45.8,45.2,45.5,0.40,0.34,0.31
JORD,2015-12-02 13:00:00 EST,43.06980,-76.47006,402,44.5,44.4,44.5,94.2,43.0,0.003,0.462,0.00,0.036,2.5,4.2,0.9,35,16,2.9,5.8,1.0,36,16,2.5,4.2,0.9,35,16,22,29.30,,0,0,0,45.8,45.2,45.5,0.40,0.35,0.31
JORD,2015-12-02 13:05:00 EST,43.06980,-76.47006,402,44.5,44.4,42.8,94.3,43.0,0.003,0.464,0.00,0.033,3.7,5.0,0.7,44,9,4.1,6.5,0.8,44,9,3.7,5.0,0.7,44,9,22,29.30,,0,0,0,45.8,45.2,45.5,0.40,0.34,0.31
JORD,2015-12-02 13:10:00 EST,43.06980,-76.47006,402,44.5,44.4,42.3,94.7,43.0,0.002,0.466,0.00,0.030,4.2,6.8,1.0,55,13,4.6,6.9,1.0,55,13,4.2,6.8,1.0,55,13,25,29.29,,0,0,0,45.8,45.2,45.5,0.40,0.34,0.31
JORD,2015-12-02 13:15:00 EST,43.06980,-76.47006,402,44.5,44.4,42.8,94.7,43.1,0.005,0.471,0.00,0.034,3.7,5.8,1.1,59,16,4.3,7.4,1.3,60,16,3.7,5.8,1.1,59,16,27,29.29,,0,0,0,45.8,45.2,45.5,0.40,0.34,0.31
JORD,2015-12-02 13:20:00 EST,43.06980,-76.47006,402,44.6,44.4,43.1,94.6,43.1,0.005,0.476,0.00,0.036,3.4,5.6,1.1,45,17,3.8,6.7,1.2,46,18,3.4,5.6,1.1,45,17,23,29.28,,0,0,0,45.8,45.2,45.5,0.40,0.34,0.31
JORD,2015-12-02 13:25:00 EST,43.06980,-76.47006,402,44.5,44.4,42.6,94.6,43.1,0.006,0.482,0.00,0.040,3.9,7.5,1.1,38,11,4.3,8.1,1.3,39,13,3.9,7.5,1.1,38,11,21,29.28,,0,0,0,45.8,45.2,45.5,0.40,0.34,0.31
JORD,2015-12-02 13:30:00 EST,43.06980,-76.47006,402,44.5,44.4,41.7,94.8,43.1,0.007,0.490,0.00,0.046,5.0,8.7,1.1,41,14,5.6,9.8,1.2,42,15,5.0,8.7,1.1,41,14,20,29.27,,0,0,0,45.8,45.3,45.5,0.40,0.34,0.31
JORD,2015-12-02 13:35:00 EST,43.06980,-76.47006,402,44.6,44.4,42.5,95.0,43.2,0.008,0.498,0.00,0.051,4.2,7.3,1.4,50,18,4.8,8.9,1.5,52,17,4.2,7.3,1.4,50,18,36,29.27,,0,0,0,45.8,45.3,45.5,0.41,0.34,0.31
JORD,2015-12-02 13:40:00 EST,43.06980,-76.47006,402,44.6,44.4,42.7,94.6,43.1,0.007,0.505,0.00,0.055,4.0,7.8,1.1,69,19,4.7,9.6,1.3,70,18,4.0,7.8,1.1,69,19,34,29.28,,0,0,0,45.8,45.3,45.5,0.41,0.35,0.31
JORD,2015-12-02 13:45:00 EST,43.06980,-76.47006,402,44.6,44.5,42.1,93.6,42.9,0.003,0.508,0.00,0.055,4.7,6.9,0.9,89,19,5.5,8.3,1.2,89,16,4.7,6.9,0.9,89,19,24,29.28,,0,0,0,45.8,45.3,45.5,0.41,0.35,0.31
JORD,2015-12-02 13:50:00 EST,43.06980,-76.47006,402,44.5,44.4,42.3,93.7,42.8,0.002,0.510,0.00,0.055,4.2,7.2,1.1,73,16,5.0,9.2,1.4,74,14,4.2,7.2,1.1,73,16,22,29.28,,0,0,0,45.8,45.3,45.5,0.41,0.35,0.31
JORD,2015-12-02 13:55:00 EST,43.06980,-76.47006,402,44.4,44.3,41.5,92.5,42.4,0.003,0.513,0.00,0.054,5.3,8.8,1.4,63,17,6.0,9.6,1.5,62,15,5.3,8.8,1.4,63,17,31,29.28,,0,0,0,45.9,45.3,45.5,0.41,0.35,0.31
JORD,2015-12-02 14:00:00 EST,43.06980,-76.47006,402,44.3,44.2,42.3,93.3,42.5,0.006,0.519,0.00,0.057,4.0,6.4,1.1,55,19,4.8,7.6,1.2,54,18,4.0,6.4,1.1,55,19,37,29.27,,0,0,0,45.8,45.3,45.5,0.41,0.35,0.31
JORD,2015-12-02 14:05:00 EST,43.06980,-76.47006,402,44.3,44.2,42.9,93.4,42.5,0.008,0.527,0.00,0.062,3.3,6.4,1.4,65,19,3.9,7.8,1.6,66,17,3.3,6.4,1.4,65,19,21,29.27,,0,0,0,45.9,45.3,45.5,0.41,0.35,0.31
JORD,2015-12-02 14:10:00 EST,43.06980,-76.47006,402,44.2,44.1,44.2,93.8,42.6,0.005,0.532,0.00,0.065,2.4,4.2,0.7,62,22,2.9,5.8,0.9,60,22,2.4,4.2,0.7,62,22,16,29.28,,0,0,0,45.9,45.3,45.5,0.41,0.35,0.31
JORD,2015-12-02 14:15:00 EST,43.06980,-76.47006,402,44.2,44.1,44.2,94.0,42.6,0.004,0.536,0.00,0.065,2.6,4.5,0.8,30,19,3.0,5.1,0.9,30,17,2.6,4.5,0.8,30,19,21,29.27,,0,0,0,45.9,45.3,45.5,0.41,0.35,0.32
JORD,2015-12-02 14:20:00 EST,43.06980,-76.47006,402,44.2,44.0,44.2,93.8,42.5,0.004,0.539,0.00,0.063,2.8,4.7,1.0,29,16,3.4,5.4,1.1,29,15,2.8,4.7,1.0,29,16,28,29.27,,0,0,0,45.9,45.3,45.5,0.41,0.35,0.32
JORD,2015-12-02 14:25:00 EST,43.06980,-76.47006,402,44.1,43.9,42.7,94.5,42.6,0.002,0.541,0.00,0.059,3.3,6.0,1.2,29,16,3.8,6.9,1.4,28,15,3.3,6.0,1.2,29,16,21,29.26,,0,0,0,45.8,45.3,45.5,0.41,0.35,0.32
JORD,2015-12-02 14:30:00 EST,43.06980,-76.47006,402,44.0,43.8,41.7,94.4,42.5,0.002,0.543,0.00,0.054,4.3,7.4,1.0,28,14,5.0,9.2,1.2,26,13,4.3,7.4,1.0,28,14,20,29.26,,0,0,0,45.8,45.3,45.5,0.41,0.35,0.32
JORD,2015-12-02 14:35:00 EST,43.06980,-76.47006,402,44.0,43.8,42.2,94.7,42.5,0.002,0.545,0.00,0.047,3.7,6.4,1.2,34,13,4.4,7.2,1.2,34,13,3.7,6.4,1.2,34,13,26,29.25,,0,0,0,45.9,45.3,45.5,0.41,0.35,0.32
JORD,2015-12-02 14:40:00 EST,43.06980,-76.47006,402,43.9,43.8,42.4,95.0,42.6,0.005,0.550,0.00,0.045,3.5,5.3,0.8,26,18,4.1,6.7,1.1,24,18,3.5,5.3,0.8,26,18,27,29.25,,0,0,0,45.9,45.3,45.5,0.41,0.35,0.32
JORD,2015-12-02 14:45:00 EST,43.06980,-76.47006,402,44.0,43.8,44.0,95.0,42.6,0.006,0.556,0.00,0.048,2.9,5.3,1.0,16,17,3.4,7.2,1.3,16,15,2.9,5.3,1.0,16,17,19,29.25,,0,0,0,45.9,45.3,45.5,0.41,0.35,0.32
JORD,2015-12-02 14:50:00 EST,43.06980,-76.47006,402,44.0,43.8,44.0,95.2,42.7,0.006,0.562,0.00,0.052,2.4,5.2,1.1,6,15,3.0,6.9,1.3,9,13,2.4,5.2,1.1,6,15,17,29.25,,0,0,0,45.9,45.3,45.5,0.41,0.35,0.32
JORD,2015-12-02 14:55:00 EST,43.06980,-76.47006,402,44.0,43.8,44.0,95.4,42.8,0.004,0.566,0.00,0.053,2.8,5.0,1.0,352,18,3.5,6.5,1.2,355,15,2.8,5.0,1.0,352,18,16,29.25,,0,0,0,45.8,45.3,45.5,0.41,0.35,0.32
JORD,2015-12-02 15:00:00 EST,43.06980,-76.47006,402,43.9,43.8,43.9,95.8,42.8,0.004,0.570,0.00,0.051,2.3,3.9,0.6,336,18,2.8,4.9,0.8,342,16,2.3,3.9,0.6,336,18,13,29.25,,0,0,0,45.8,45.3,45.5,0.41,0.35,0.32
JORD,2015-12-02 15:05:00 EST,43.06980,-76.47006,402,43.9,43.7,42.4,96.0,42.8,0.004,0.574,0.00,0.047,3.4,5.6,0.9,336,14,4.1,7.2,1.2,343,12,3.4,5.6,0.9,336,14,11,29.25,,0,0,0,45.9,45.3,45.5,0.41,0.35,0.32
JORD,2015-12-02 15:10:00 EST,43.06980,-76.47006,402,43.8,43.6,42.3,96.2,42.8,0.000,0.574,0.00,0.042,3.3,5.6,1.0,340,17,4.0,8.1,1.4,346,14,3.3,5.6,1.0,340,17,11,29.25,,0,0,0,45.9,45.3,45.5,0.41,0.35,0.32
JORD,2015-12-02 15:15:00 EST,43.06980,-76.47006,402,43.8,43.6,41.9,96.3,42.8,0.003,0.577,0.00,0.041,3.8,5.6,1.0,350,18,4.5,6.9,1.2,354,13,3.8,5.6,1.0,350,18,10,29.24,,0,0,0,45.9,45.3,45.5,0.41,0.35,0.32
JORD,2015-12-02 15:20:00 EST,43.06980,-76.47006,402,43.7,43.5,41.1,96.5,42.8,0.003,0.579,0.00,0.040,4.7,7.2,1.1,346,15,5.6,8.5,1.3,349,10,4.7,7.2,1.1,346,15,9,29.24,,0,0,0,45.8,45.3,45.5,0.41,0.35,0.32
JORD,2015-12-02 15:25:00 EST,43.06980,-76.47006,402,43.7,43.5,40.4,96.6,42.8,0.003,0.582,0.00,0.041,5.5,9.4,1.2,338,19,6.3,14.1,1.8,345,15,5.5,9.4,1.2,338,19,7,29.24,,0,0,0,45.8,45.3,45.5,0.41,0.35,0.32
JORD,2015-12-02 15:30:00 EST,43.06980,-76.47006,402,43.6,43.5,40.7,96.7,42.7,0.003,0.586,0.00,0.042,5.1,7.9,1.0,343,22,6.1,9.4,1.3,347,12,5.1,7.9,1.0,343,22,6,29.24,,0,0,0,45.8,45.4,45.5,0.41,0.35,0.32
JORD,2015-12-02 15:35:00 EST,43.06980,-76.47006,402,43.6,43.5,40.9,96.7,42.8,0.002,0.587,0.00,0.043,4.7,8.2,1.4,336,12,5.5,9.2,1.5,342,10,4.7,8.2,1.4,336,12,5,29.24,,0,0,0,45.9,45.4,45.5,0.41,0.35,0.32
JORD,2015-12-02 15:40:00 EST,43.06980,-76.47006,402,43.6,43.4,40.4,96.7,42.7,0.007,0.594,0.00,0.044,5.5,8.9,1.5,335,18,6.3,10.3,1.9,342,12,5.5,8.9,1.5,335,18,4,29.24,,0,0,0,45.9,45.4,45.5,0.41,0.35,0.32
JORD,2015-12-02 15:45:00 EST,43.06980,-76.47006,402,43.6,43.4,40.9,96.7,42.7,0.007,0.601,0.00,0.046,4.8,9.2,1.4,333,16,5.4,10.7,1.6,340,13,4.8,9.2,1.4,333,16,5,29.25,,0,0,0,45.9,45.4,45.5,0.41,0.35,0.32
JORD,2015-12-02 15:50:00 EST,43.06980,-76.47006,402,43.6,43.4,40.7,96.8,42.7,0.016,0.618,0.29,0.056,4.9,9.1,1.7,334,16,5.7,10.1,2.1,340,13,4.9,9.1,1.7,334,16,4,29.25,,0,0,0,45.8,45.4,45.5,0.41,0.35,0.32
JORD,2015-12-02 15:55:00 EST,43.06980,-76.47006,402,43.5,43.3,40.1,96.8,42.7,0.018,0.636,0.29,0.070,5.7,9.2,1.4,337,18,6.7,10.3,1.7,341,12,5.7,9.2,1.4,337,18,4,29.24,,0,0,0,45.9,45.4,45.5,0.41,0.35,0.32
JORD,2015-12-02 16:00:00 EST,43.06980,-76.47006,402,43.5,43.3,40.7,96.9,42.7,0.009,0.645,0.00,0.075,4.8,7.8,1.2,325,15,5.2,8.3,1.3,328,14,4.8,7.8,1.2,325,15,3,29.25,,0,0,0,45.8,45.4,45.5,0.42,0.35,0.32
JORD,2015-12-02 16:05:00 EST,43.06980,-76.47006,402,43.5,43.3,41.1,97.0,42.7,0.007,0.652,0.00,0.079,4.3,8.0,1.4,325,20,4.7,7.4,1.4,330,20,4.3,8.0,1.4,325,20,2,29.24,,0,0,0,45.8,45.5,45.5,0.42,0.35,0.32
JORD,2015-12-02 16:10:00 EST,43.06980,-76.47006,402,43.5,43.3,40.9,97.0,42.7,0.004,0.656,0.00,0.082,4.6,8.8,1.6,319,18,4.8,9.4,1.6,324,17,4.6,8.8,1.6,319,18,2,29.25,,0,0,0,45.8,45.5,45.5,0.42,0.35,0.32
JORD,2015-12-02 16:15:00 EST,43.06980,-76.47006,402,43.5,43.3,41.5,96.9,42.7,0.009,0.665,0.00,0.089,3.8,7.7,1.8,318,23,4.4,9.2,2.0,324,25,3.8,7.7,1.8,318,23,2,29.25,,0,0,0,45.8,45.4,45.5,0.42,0.35,0.32
JORD,2015-12-02 16:20:00 EST,43.06980,-76.47006,402,43.4,43.3,40.0,96.9,42.6,0.011,0.676,0.00,0.097,5.7,11.1,2.0,329,18,6.3,11.9,2.2,333,18,5.7,11.1,2.0,329,18,1,29.25,,0,0,0,45.8,45.5,45.5,0.42,0.35,0.32
JORD,2015-12-02 16:25:00 EST,43.06980,-76.47006,402,43.4,43.2,39.6,96.6,42.5,0.007,0.684,0.00,0.101,6.2,11.3,2.6,323,21,6.2,11.0,2.3,326,23,6.2,11.3,2.6,323,21,1,29.25,,0,0,0,45.8,45.5,45.5,0.42,0.36,0.33
JORD,2015-12-02 16:30:00 EST,43.06980,-76.47006,402,43.3,43.2,40.3,96.3,42.3,0.007,0.690,0.00,0.105,5.2,10.4,2.1,312,21,5.6,11.0,2.1,312,22,5.2,10.4,2.1,312,21,0,29.25,,0,0,0,45.8,45.5,45.5,0.42,0.36,0.33
JORD,2015-12-02 16:35:00 EST,43.06980,-76.47006,402,43.3,43.1,39.8,96.1,42.2,0.011,0.701,0.00,0.114,5.8,11.0,2.0,313,16,6.0,10.1,1.7,314,17,5.8,11.0,2.0,313,16,0,29.26,,0,0,0,45.8,45.5,45.5,0.42,0.36,0.32
JORD,2015-12-02 16:40:00 EST,43.06980,-76.47006,402,43.2,43.0,40.4,96.0,42.1,0.017,0.718,0.00,0.123,4.7,9.1,2.1,326,25,5.3,9.8,2.1,329,25,4.7,9.1,2.1,326,25,1,29.26,,0,0,0,45.8,45.5,45.5,0.42,0.36,0.33
JORD,2015-12-02 16:45:00 EST,43.06980,-76.47006,402,43.1,42.9,39.2,96.0,42.0,0.011,0.728,0.00,0.127,6.4,11.9,1.5,326,21,7.0,11.9,1.7,329,20,6.4,11.9,1.5,326,21,0,29.26,,0,0,0,45.8,45.5,45.5,0.43,0.36,0.33
JORD,2015-12-02 16:50:00 EST,43.06980,-76.47006,402,43.0,42.9,39.0,95.8,41.9,0.005,0.733,0.00,0.115,6.6,12.7,2.2,312,18,7.2,11.6,2.0,315,19,6.6,12.7,2.2,312,18,0,29.26,,0,0,0,45.7,45.5,45.5,0.43,0.36,0.33
JORD,2015-12-02 16:55:00 EST,43.06980,-76.47006,402,42.9,42.8,38.7,95.4,41.7,0.002,0.735,0.00,0.099,6.9,12.4,2.2,324,25,7.5,13.9,2.2,331,18,6.9,12.4,2.2,324,25,0,29.26,,0,0,0,45.7,45.5,45.5,0.43,0.36,0.33
JORD,2015-12-02 17:00:00 EST,43.06980,-76.47006,402,42.8,42.6,39.6,94.6,41.3,0.006,0.741,0.00,0.096,5.1,10.2,2.2,358,22,6.3,12.8,2.7,2,20,5.1,10.2,2.2,358,22,0,29.24,,0,0,0,45.7,45.5,45.5,0.42,0.36,0.33
JORD,2015-12-02 17:05:00 EST,43.06980,-76.47006,402,42.6,42.5,39.0,94.3,41.1,0.003,0.744,0.00,0.091,5.7,8.9,1.1,358,23,7.0,10.3,1.3,1,19,5.7,8.9,1.1,358,23,0,29.24,,0,0,0,45.7,45.5,45.5,0.42,0.36,0.33
JORD,2015-12-02 17:10:00 EST,43.06980,-76.47006,402,42.5,42.4,42.5,94.9,41.1,0.002,0.746,0.00,0.089,1.8,3.8,0.9,23,27,2.8,5.1,1.0,25,26,1.8,3.8,0.9,23,27,0,29.24,,0,0,0,45.7,45.5,45.5,0.42,0.36,0.33
JORD,2015-12-02 17:15:00 EST,43.06980,-76.47006,402,42.5,42.3,41.0,95.2,41.2,0.001,0.746,0.00,0.081,3.1,6.1,1.2,26,24,4.2,7.4,1.3,26,24,3.1,6.1,1.2,26,24,0,29.24,,0,0,0,45.7,45.5,45.5,0.42,0.36,0.33
JORD,2015-12-02 17:20:00 EST,43.06980,-76.47006,402,42.4,42.3,40.5,95.1,41.2,0.000,0.746,0.00,0.070,3.6,7.5,1.7,28,16,4.6,10.1,2.0,31,16,3.6,7.5,1.7,28,16,0,29.24,,0,0,0,45.7,45.5,45.5,0.42,0.36,0.33
JORD,2015-12-02 17:25:00 EST,43.06980,-76.47006,402,42.4,42.3,42.4,95.4,41.2,0.000,0.746,0.00,0.063,1.6,2.8,0.7,25,25,2.0,4.0,0.8,33,23,1.6,2.8,0.7,25,25,0,29.24,,0,0,0,45.7,45.5,45.5,0.42,0.36,0.33
JORD,2015-12-02 17:30:00 EST,43.06980,-76.47006,402,42.5,42.4,41.1,95.3,41.3,0.000,0.746,0.00,0.056,3.1,5.3,1.1,36,16,3.7,6.5,1.4,37,15,3.1,5.3,1.1,36,16,0,29.24,,0,0,0,45.7,45.5,45.5,0.42,0.36,0.33
JORD,2015-12-02 17:35:00 EST,43.06980,-76.47006,402,42.5,42.4,39.4,95.2,41.2,0.000,0.746,0.00,0.045,5.0,9.6,1.7,46,16,6.0,10.5,1.9,47,16,5.0,9.6,1.7,46,16,0,29.23,,0,0,0,45.7,45.5,45.5,0.42,0.36,0.34
JORD,2015-12-02 17:40:00 EST,43.06980,-76.47006,402,42.6,42.5,39.4,94.1,41.0,0.000,0.746,0.00,0.029,5.2,8.7,1.5,42,14,6.1,9.8,1.6,45,14,5.2,8.7,1.5,42,14,0,29.23,,0,0,0,45.7,45.5,45.5,0.41,0.36,0.33
JORD,2015-12-02 17:45:00 EST,43.06980,-76.47006,402,42.5,42.5,38.4,93.0,40.6,0.000,0.746,0.00,0.018,6.6,10.7,1.5,70,18,7.8,12.1,1.7,70,17,6.6,10.7,1.5,70,18,0,29.22,,0,0,0,45.7,45.5,45.5,0.41,0.36,0.34
JORD,2015-12-02 17:50:00 EST,43.06980,-76.47006,402,42.5,42.4,38.5,93.1,40.6,0.000,0.746,0.00,0.013,6.3,10.7,1.7,78,14,7.8,13.4,2.1,80,11,6.3,10.7,1.7,78,14,0,29.22,,0,0,0,45.6,45.5,45.5,0.41,0.36,0.34
JORD,2015-12-02 17:55:00 EST,43.06980,-76.47006,402,42.6,42.5,40.4,92.5,40.6,0.000,0.746,0.00,0.011,3.9,6.7,1.2,21,35,4.5,8.1,1.4,23,33,3.9,6.7,1.2,21,35,0,29.22,,0,0,0,45.6,45.5,45.5,0.41,0.36,0.33
JORD,2015-12-02 18:00:00 EST,43.06980,-76.47006,402,42.5,42.4,41.0,93.4,40.7,0.007,0.753,0.00,0.012,3.2,4.6,0.8,335,28,3.6,5.4,1.0,336,26,3.2,4.6,0.8,335,28,0,29.23,,0,0,0,45.6,45.5,45.5,0.41,0.36,0.33
JORD,2015-12-02 18:05:00 EST,43.06980,-76.47006,402,42.5,42.4,42.5,93.4,40.7,0.002,0.755,0.00,0.011,2.0,4.0,0.8,340,22,2.3,4.9,0.8,345,16,2.0,4.0,0.8,340,22,0,29.23,,0,0,0,45.5,45.5,45.5,0.41,0.36,0.33
JORD,2015-12-02 18:10:00 EST,43.06980,-76.47006,402,42.4,42.3,42.4,94.6,40.9,0.003,0.758,0.00,0.012,2.3,3.6,0.5,295,20,2.7,4.7,0.7,293,20,2.3,3.6,0.5,295,20,0,29.24,,0,0,0,45.6,45.5,45.5,0.41,0.36,0.33
JORD,2015-12-02 18:15:00 EST,43.06980,-76.47006,402,42.3,42.2,42.3,95.2,41.0,0.002,0.760,0.00,0.013,2.7,4.5,0.6,302,18,3.0,4.5,0.6,302,19,2.7,4.5,0.6,302,18,0,29.24,,0,0,0,45.5,45.5,45.5,0.41,0.36,0.33
JORD,2015-12-02 18:20:00 EST,43.06980,-76.47006,402,42.3,42.2,42.3,95.1,41.0,0.000,0.760,0.00,0.013,2.4,3.7,0.5,324,13,2.4,4.0,0.6,325,14,2.4,3.7,0.5,324,13,0,29.24,,0,0,0,45.5,45.5,45.5,0.41,0.36,0.33
JORD,2015-12-02 18:25:00 EST,43.06980,-76.47006,402,42.2,42.1,40.1,95.6,41.0,0.000,0.760,0.00,0.013,3.8,6.1,0.9,277,12,4.7,8.7,1.3,276,10,3.8,6.1,0.9,277,12,0,29.25,,0,0,0,45.5,45.5,45.5,0.41,0.36,0.33
JORD,2015-12-02 18:30:00 EST,43.06980,-76.47006,402,42.3,42.1,39.6,95.7,41.1,0.000,0.760,0.00,0.013,4.3,6.7,1.2,276,12,5.3,8.1,1.5,276,10,4.3,6.7,1.2,276,12,0,29.25,,0,0,0,45.5,45.5,45.5,0.41,0.36,0.33
JORD,2015-12-02 18:35:00 EST,43.06980,-76.47006,402,42.2,42.1,42.2,95.7,41.1,0.000,0.760,0.00,0.013,2.9,5.0,1.0,287,17,3.4,6.7,1.3,288,17,2.9,5.0,1.0,287,17,0,29.25,,0,0,0,45.5,45.5,45.5,0.41,0.36,0.33
JORD,2015-12-02 18:40:00 EST,43.06980,-76.47006,402,42.2,42.0,42.2,95.9,41.1,0.000,0.760,0.00,0.013,1.5,3.7,0.9,294,15,2.0,4.7,1.0,294,19,1.5,3.7,0.9,294,15,0,29.25,,0,0,0,45.5,45.5,45.5,0.41,0.36,0.33
JORD,2015-12-02 18:45:00 EST,43.06980,-76.47006,402,42.1,42.0,39.9,95.7,41.0,0.003,0.762,0.00,0.016,3.9,6.1,1.1,291,15,4.4,7.4,1.4,291,15,3.9,6.1,1.1,291,15,0,29.25,,0,0,0,45.5,45.5,45.5,0.41,0.36,0.33
JORD,2015-12-02 18:50:00 EST,43.06980,-76.47006,402,42.1,41.9,42.1,95.9,41.0,0.003,0.765,0.00,0.019,2.2,3.2,0.5,299,16,2.4,4.3,0.7,299,17,2.2,3.2,0.5,299,16,0,29.25,,0,0,0,45.5,45.5,45.5,0.41,0.36,0.33
JORD,2015-12-02 18:55:00 EST,43.06980,-76.47006,402,42.0,41.8,39.7,96.6,41.1,0.001,0.766,0.00,0.019,4.0,6.4,1.0,269,10,4.9,8.7,1.3,271,9,4.0,6.4,1.0,269,10,0,29.26,,0,0,0,45.5,45.5,45.5,0.41,0.36,0.33
JORD,2015-12-02 19:00:00 EST,43.06980,-76.47006,402,42.0,41.9,38.2,96.9,41.2,0.005,0.771,0.00,0.018,5.9,8.4,1.1,274,14,7.3,11.0,1.5,277,10,5.9,8.4,1.1,274,14,0,29.27,,0,0,0,45.5,45.5,45.5,0.41,0.36,0.33
JORD,2015-12-02 19:05:00 EST,43.06980,-76.47006,402,41.9,41.8,38.6,97.0,41.1,0.003,0.774,0.00,0.019,5.2,10.1,1.8,291,18,5.9,10.7,2.0,294,17,5.2,10.1,1.8,291,18,0,29.27,,0,0,0,45.5,45.5,45.6,0.41,0.36,0.33
JORD,2015-12-02 19:10:00 EST,43.06980,-76.47006,402,41.8,41.7,37.6,96.5,40.9,0.004,0.778,0.00,0.020,6.6,13.8,2.6,309,17,7.0,14.3,2.5,311,16,6.6,13.8,2.6,309,17,0,29.27,,0,0,0,45.5,45.5,45.5,0.41,0.35,0.33
JORD,2015-12-02 19:15:00 EST,43.06980,-76.47006,402,41.7,41.5,36.7,95.9,40.6,0.006,0.783,0.00,0.024,7.7,12.8,1.8,281,15,9.2,14.3,2.1,283,13,7.7,12.8,1.8,281,15,0,29.29,,0,0,0,45.5,45.5,45.6,0.41,0.35,0.33
JORD,2015-12-02 19:20:00 EST,43.06980,-76.47006,402,41.3,41.2,36.5,94.7,39.9,0.004,0.788,0.00,0.028,7.4,14.5,2.7,293,19,8.5,17.0,2.9,294,19,7.4,14.5,2.7,293,19,0,29.29,,0,0,0,45.5,45.5,45.6,0.41,0.35,0.33
JORD,2015-12-02 19:25:00 EST,43.06980,-76.47006,402,41.1,41.0,36.9,94.6,39.7,0.010,0.798,0.00,0.038,6.3,11.3,2.4,312,20,7.1,13.0,2.5,318,22,6.3,11.3,2.4,312,20,0,29.29,,0,0,0,45.5,45.5,45.6,0.41,0.35,0.33
JORD,2015-12-02 19:30:00 EST,43.06980,-76.47006,402,41.0,40.8,36.1,94.4,39.5,0.005,0.803,0.00,0.043,7.3,12.4,2.4,318,19,8.1,14.1,2.6,322,18,7.3,12.4,2.4,318,19,0,29.29,,0,0,0,45.5,45.5,45.6,0.41,0.35,0.33
JORD,2015-12-02 19:35:00 EST,43.06980,-76.47006,402,40.9,40.8,37.8,94.2,39.4,0.003,0.806,0.00,0.046,4.7,9.2,1.9,320,22,5.6,11.0,2.0,326,22,4.7,9.2,1.9,320,22,0,29.29,,0,0,0,45.5,45.5,45.6,0.41,0.35,0.33
JORD,2015-12-02 19:40:00 EST,43.06980,-76.47006,402,40.9,40.8,38.7,94.8,39.5,0.001,0.806,0.00,0.047,3.7,7.7,1.4,322,16,4.3,8.7,1.6,329,16,3.7,7.7,1.4,322,16,0,29.29,,0,0,0,45.4,45.5,45.6,0.41,0.35,0.33
JORD,2015-12-02 19:45:00 EST,43.06980,-76.47006,402,40.9,40.8,39.2,95.1,39.6,0.000,0.806,0.00,0.044,3.2,6.9,1.3,306,22,3.8,7.4,1.5,314,21,3.2,6.9,1.3,306,22,0,29.29,,0,0,0,45.4,45.6,45.6,0.41,0.35,0.33
JORD,2015-12-02 19:50:00 EST,43.06980,-76.47006,402,41.0,40.8,39.1,95.4,39.7,0.000,0.806,0.00,0.041,3.3,7.4,1.4,292,20,3.8,8.1,1.7,296,20,3.3,7.4,1.4,292,20,0,29.29,,0,0,0,45.4,45.6,45.6,0.41,0.35,0.33
JORD,2015-12-02 19:55:00 EST,43.06980,-76.47006,402,41.0,40.9,41.0,95.2,39.7,0.000,0.806,0.00,0.041,3.0,5.8,1.2,293,24,3.6,9.2,1.6,298,26,3.0,5.8,1.2,293,24,0,29.29,,0,0,0,45.4,45.5,45.6,0.41,0.36,0.33
JORD,2015-12-02 20:00:00 EST,43.06980,-76.47006,402,41.0,40.9,39.2,94.3,39.5,0.000,0.806,0.00,0.036,3.3,7.2,1.5,320,23,4.0,8.5,1.5,327,25,3.3,7.2,1.5,320,23,0,29.28,,0,0,0,45.3,45.5,45.6,0.41,0.35,0.33
JORD,2015-12-02 20:05:00 EST,43.06980,-76.47006,402,40.9,40.8,38.5,93.0,39.0,0.000,0.806,0.00,0.033,3.8,6.1,1.1,320,19,4.4,7.2,1.3,325,20,3.8,6.1,1.1,320,19,0,29.28,,0,0,0,45.3,45.6,45.6,0.41,0.35,0.33
JORD,2015-12-02 20:10:00 EST,43.06980,-76.47006,402,40.7,40.7,38.1,92.4,38.7,0.000,0.806,0.00,0.029,4.0,6.8,1.1,317,22,4.6,7.6,1.4,324,22,4.0,6.8,1.1,317,22,0,29.28,,0,0,0,45.3,45.6,45.6,0.41,0.36,0.33
JORD,2015-12-02 20:15:00 EST,43.06980,-76.47006,402,40.7,40.6,40.7,92.6,38.7,0.000,0.806,0.00,0.023,2.9,5.4,0.8,273,21,3.5,6.3,1.0,280,21,2.9,5.4,0.8,273,21,0,29.29,,0,0,0,45.3,45.5,45.6,0.41,0.35,0.33
JORD,2015-12-02 20:20:00 EST,43.06980,-76.47006,402,40.7,40.6,40.7,92.7,38.8,0.000,0.806,0.00,0.019,2.8,4.5,0.8,294,23,3.2,6.0,1.0,297,23,2.8,4.5,0.8,294,23,0,29.29,,0,0,0,45.3,45.5,45.7,0.41,0.36,0.33
JORD,2015-12-02 20:25:00 EST,43.06980,-76.47006,402,40.7,40.6,38.8,92.1,38.6,0.000,0.806,0.00,0.009,3.3,5.7,1.0,312,14,3.7,6.0,1.1,319,14,3.3,5.7,1.0,312,14,0,29.28,,0,0,0,45.3,45.6,45.6,0.41,0.35,0.33
JORD,2015-12-02 20:30:00 EST,43.06980,-76.47006,402,40.5,40.5,40.5,92.6,38.6,0.000,0.806,0.00,0.004,1.1,2.9,0.8,337,36,1.6,3.4,0.7,353,40,1.1,2.9,0.8,337,36,0,29.28,,0,0,0,45.3,45.5,45.7,0.41,0.35,0.33
JORD,2015-12-02 20:35:00 EST,43.06980,-76.47006,402,40.5,40.5,40.5,92.4,38.4,0.000,0.806,0.00,0.001,2.7,4.3,0.9,293,23,3.1,5.8,1.1,297,25,2.7,4.3,0.9,293,23,0,29.28,,0,0,0,45.3,45.6,45.6,0.41,0.35,0.33
JORD,2015-12-02 20:40:00 EST,43.06980,-76.47006,402,40.3,40.3,38.6,93.7,38.6,0.000,0.806,0.00,0.000,3.1,6.6,0.8,279,12,3.7,8.3,1.1,283,12,3.1,6.6,0.8,279,12,0,29.29,,0,0,0,45.3,45.6,45.6,0.41,0.35,0.33
JORD,2015-12-02 20:45:00 EST,43.06980,-76.47006,402,40.4,40.3,40.4,93.7,38.7,0.000,0.806,0.00,0.000,2.8,4.5,0.7,284,13,3.2,5.8,1.0,288,14,2.8,4.5,0.7,284,13,0,29.29,,0,0,0,45.3,45.6,45.7,0.41,0.35,0.33
JORD,2015-12-02 20:50:00 EST,43.06980,-76.47006,402,40.3,40.3,40.3,93.9,38.7,0.000,0.806,0.00,0.000,2.8,4.5,0.7,283,13,3.3,6.5,0.9,289,12,2.8,4.5,0.7,283,13,0,29.29,,0,0,0,45.3,45.6,45.7,0.41,0.35,0.33
JORD,2015-12-02 20:55:00 EST,43.06980,-76.47006,402,40.3,40.2,38.4,94.5,38.8,0.000,0.806,0.00,0.000,3.2,5.0,0.8,269,8,3.8,6.3,1.0,274,9,3.2,5.0,0.8,269,8,0,29.29,,0,0,0,45.2,45.5,45.7,0.41,0.35,0.33
JORD,2015-12-02 21:00:00 EST,43.06980,-76.47006,402,40.4,40.3,38.7,94.2,38.9,0.000,0.806,0.00,0.000,3.1,4.8,0.7,251,15,3.4,5.8,1.0,256,16,3.1,4.8,0.7,251,15,0,29.29,,0,0,0,45.2,45.6,45.7,0.41,0.35,0.33
JORD,2015-12-02 21:05:00 EST,43.06980,-76.47006,402,40.4,40.3,40.4,94.1,38.8,0.000,0.806,0.00,0.000,2.9,5.2,0.7,240,10,3.1,5.4,0.8,244,12,2.9,5.2,0.7,240,10,0,29.29,,0,0,0,45.1,45.5,45.7,0.41,0.35,0.33
JORD,2015-12-02 21:10:00 EST,43.06980,-76.47006,402,40.3,40.2,37.8,94.7,38.9,0.000,0.806,0.00,0.000,3.8,5.9,0.9,263,12,4.4,7.4,1.2,267,11,3.8,5.9,0.9,263,12,0,29.30,,0,0,0,45.1,45.6,45.7,0.41,0.35,0.33
JORD,2015-12-02 21:15:00 EST,43.06980,-76.47006,402,40.2,40.1,37.0,95.1,38.9,0.000,0.806,0.00,0.000,4.6,7.7,1.1,266,15,5.4,9.2,1.4,269,14,4.6,7.7,1.1,266,15,0,29.30,,0,0,0,45.1,45.5,45.7,0.41,0.35,0.33
JORD,2015-12-02 21:20:00 EST,43.06980,-76.47006,402,40.3,40.2,37.5,95.0,39.0,0.000,0.806,0.00,0.000,4.2,6.2,1.0,264,12,4.9,7.4,1.2,267,10,4.2,6.2,1.0,264,12,0,29.30,,0,0,0,45.1,45.5,45.7,0.41,0.36,0.33
JORD,2015-12-02 21:25:00 EST,43.06980,-76.47006,402,40.3,40.2,38.2,94.8,38.9,0.000,0.806,0.00,0.000,3.4,4.8,0.5,267,14,4.0,5.8,0.8,270,13,3.4,4.8,0.5,267,14,0,29.30,,0,0,0,45.1,45.6,45.7,0.41,0.35,0.33
JORD,2015-12-02 21:30:00 EST,43.06980,-76.47006,402,40.3,40.2,38.4,94.8,38.9,0.000,0.806,0.00,0.000,3.3,5.8,0.9,263,16,3.8,7.6,1.2,268,16,3.3,5.8,0.9,263,16,0,29.30,,0,0,0,45.1,45.6,45.7,0.40,0.36,0.33
JORD,2015-12-02 21:35:00 EST,43.06980,-76.47006,402,40.3,40.2,40.3,94.8,38.9,0.000,0.806,0.00,0.000,2.9,5.1,0.7,265,19,3.3,6.0,0.9,271,17,2.9,5.1,0.7,265,19,0,29.30,,0,0,0,45.1,45.6,45.7,0.40,0.36,0.33
JORD,2015-12-02 21:40:00 EST,43.06980,-76.47006,402,40.3,40.1,40.3,95.0,38.9,0.000,0.806,0.00,0.000,2.4,4.1,0.7,253,14,2.7,5.1,0.9,258,14,2.4,4.1,0.7,253,14,0,29.31,,0,0,0,45.1,45.6,45.7,0.40,0.35,0.33
JORD,2015-12-02 21:45:00 EST,43.06980,-76.47006,402,40.2,40.1,40.2,95.1,39.0,0.003,0.809,0.00,0.003,2.4,4.2,0.7,262,12,2.8,4.9,0.9,269,13,2.4,4.2,0.7,262,12,0,29.31,,0,0,0,45.1,45.5,45.7,0.40,0.35,0.33
JORD,2015-12-02 21:50:00 EST,43.06980,-76.47006,402,40.2,40.1,40.2,95.3,39.0,0.002,0.811,0.00,0.005,2.6,4.8,0.7,248,14,2.8,6.3,1.0,253,16,2.6,4.8,0.7,248,14,0,29.31,,0,0,0,45.1,45.6,45.7,0.40,0.35,0.33
JORD,2015-12-02 21:55:00 EST,43.06980,-76.47006,402,40.2,40.1,40.2,95.5,39.0,0.005,0.816,0.00,0.010,1.5,4.2,0.9,254,16,1.8,4.9,0.9,258,23,1.5,4.2,0.9,254,16,0,29.31,,0,0,0,45.1,45.6,45.7,0.40,0.35,0.33
JORD,2015-12-02 22:00:00 EST,43.06980,-76.47006,402,40.2,40.1,40.2,95.7,39.1,0.002,0.818,0.00,0.011,1.9,3.8,0.6,242,12,2.0,4.5,0.7,248,17,1.9,3.8,0.6,242,12,0,29.31,,0,0,0,45.1,45.6,45.7,0.40,0.35,0.33
JORD,2015-12-02 22:05:00 EST,43.06980,-76.47006,402,40.2,40.1,40.2,95.7,39.1,0.002,0.820,0.00,0.013,1.7,3.4,0.7,263,15,1.9,4.3,0.7,269,18,1.7,3.4,0.7,263,15,0,29.31,,0,0,0,45.0,45.5,45.7,0.40,0.35,0.33
JORD,2015-12-02 22:10:00 EST,43.06980,-76.47006,402,40.2,40.1,40.2,95.7,39.1,0.002,0.822,0.00,0.016,1.4,2.6,0.6,263,19,1.6,2.7,0.5,271,20,1.4,2.6,0.6,263,19,0,29.31,,0,0,0,45.0,45.6,45.7,0.40,0.35,0.33
JORD,2015-12-02 22:15:00 EST,43.06980,-76.47006,402,40.2,40.0,40.2,96.0,39.1,0.001,0.823,0.00,0.016,2.1,3.1,0.5,257,8,2.2,3.8,0.5,264,11,2.1,3.1,0.5,257,8,0,29.31,,0,0,0,45.0,45.6,45.7,0.40,0.35,0.33
JORD,2015-12-02 22:20:00 EST,43.06980,-76.47006,402,40.1,40.0,40.1,96.3,39.1,0.000,0.823,0.00,0.016,2.1,3.2,0.4,261,8,2.3,4.3,0.6,268,8,2.1,3.2,0.4,261,8,0,29.31,,0,0,0,45.0,45.5,45.7,0.40,0.35,0.33
JORD,2015-12-02 22:25:00 EST,43.06980,-76.47006,402,40.1,40.0,40.1,96.6,39.2,0.000,0.823,0.00,0.016,2.1,3.1,0.4,254,16,2.2,3.6,0.5,261,17,2.1,3.1,0.4,254,16,0,29.31,,0,0,0,45.0,45.5,45.7,0.40,0.35,0.33
JORD,2015-12-02 22:30:00 EST,43.06980,-76.47006,402,40.1,40.0,40.1,96.6,39.2,0.000,0.823,0.00,0.016,2.0,3.3,0.7,252,13,2.3,4.0,0.8,258,16,2.0,3.3,0.7,252,13,0,29.31,,0,0,0,45.0,45.5,45.7,0.40,0.35,0.33
JORD,2015-12-02 22:35:00 EST,43.06980,-76.47006,402,40.1,40.0,40.1,96.6,39.2,0.000,0.823,0.00,0.016,1.6,2.6,0.6,254,12,1.8,3.1,0.7,262,16,1.6,2.6,0.6,254,12,0,29.31,,0,0,0,45.0,45.5,45.7,0.40,0.35,0.33
JORD,2015-12-02 22:40:00 EST,43.06980,-76.47006,402,40.1,40.0,40.1,96.5,39.2,0.000,0.823,0.00,0.016,1.8,3.1,0.5,234,9,1.8,3.1,0.5,234,13,1.8,3.1,0.5,234,9,0,29.31,,0,0,0,45.0,45.5,45.7,0.40,0.35,0.33
JORD,2015-12-02 22:45:00 EST,43.06980,-76.47006,402,40.1,40.0,40.1,96.4,39.2,0.000,0.823,0.00,0.013,2.5,3.4,0.4,235,10,2.4,3.6,0.5,237,12,2.5,3.4,0.4,235,10,0,29.31,,0,0,0,44.9,45.5,45.7,0.40,0.35,0.33
JORD,2015-12-02 22:50:00 EST,43.06980,-76.47006,402,40.1,40.0,40.1,96.1,39.1,0.000,0.823,0.00,0.012,2.1,3.2,0.6,251,12,2.1,4.3,0.7,256,15,2.1,3.2,0.6,251,12,0,29.31,,0,0,0,44.9,45.6,45.7,0.40,0.35,0.33
JORD,2015-12-02 22:55:00 EST,43.06980,-76.47006,402,40.0,40.0,40.0,96.1,39.0,0.000,0.823,0.00,0.007,1.4,2.1,0.4,245,8,1.4,2.5,0.4,247,14,1.4,2.1,0.4,245,8,0,29.31,,0,0,0,45.0,45.5,45.7,0.40,0.35,0.33
JORD,2015-12-02 23:00:00 EST,43.06980,-76.47006,402,40.0,39.9,40.0,96.1,38.9,0.000,0.823,0.00,0.005,2.1,4.9,1.0,243,12,2.2,6.0,1.0,246,15,2.1,4.9,1.0,243,12,0,29.31,,0,0,0,44.9,45.5,45.7,0.40,0.35,0.33
JORD,2015-12-02 23:05:00 EST,43.06980,-76.47006,402,40.0,39.9,40.0,96.1,39.0,0.000,0.823,0.00,0.003,2.9,5.1,0.9,234,13,2.8,5.1,0.9,239,15,2.9,5.1,0.9,234,13,0,29.31,,0,0,0,44.9,45.5,45.7,0.40,0.35,0.33
JORD,2015-12-02 23:10:00 EST,43.06980,-76.47006,402,40.0,39.9,40.0,95.9,39.0,0.000,0.823,0.00,0.001,2.5,4.2,0.7,246,18,2.6,4.7,0.9,249,19,2.5,4.2,0.7,246,18,0,29.31,,0,0,0,44.9,45.5,45.7,0.40,0.35,0.33
JORD,2015-12-02 23:15:00 EST,43.06980,-76.47006,402,40.1,39.9,40.1,95.8,39.0,0.000,0.823,0.00,0.000,2.6,4.7,1.0,257,16,2.8,6.3,1.2,264,17,2.6,4.7,1.0,257,16,0,29.31,,0,0,0,44.9,45.5,45.7,0.40,0.35,0.33
JORD,2015-12-02 23:20:00 EST,43.06980,-76.47006,402,40.1,40.0,40.1,95.7,39.0,0.000,0.823,0.00,0.000,2.6,4.2,0.9,240,15,2.7,5.1,1.0,242,17,2.6,4.2,0.9,240,15,0,29.31,,0,0,0,44.9,45.5,45.7,0.40,0.35,0.33
JORD,2015-12-02 23:25:00 EST,43.06980,-76.47006,402,40.1,40.0,40.1,95.7,38.9,0.000,0.823,0.00,0.000,2.1,3.9,0.9,246,25,2.2,4.7,1.0,251,27,2.1,3.9,0.9,246,25,0,29.31,,0,0,0,44.8,45.5,45.7,0.40,0.35,0.33
JORD,2015-12-02 23:30:00 EST,43.06980,-76.47006,402,40.1,40.0,40.1,95.6,39.0,0.000,0.823,0.00,0.000,2.7,4.6,0.7,242,15,2.7,4.9,0.9,245,17,2.7,4.6,0.7,242,15,0,29.31,,0,0,0,44.8,45.5,45.7,0.40,0.35,0.33
JORD,2015-12-02 23:35:00 EST,43.06980,-76.47006,402,40.1,40.0,40.1,95.5,38.9,0.000,0.823,0.00,0.000,2.6,4.3,0.6,239,16,2.6,4.7,0.6,244,20,2.6,4.3,0.6,239,16,0,29.31,,0,0,0,44.8,45.5,45.7,0.40,0.35,0.33
JORD,2015-12-02 23:40:00 EST,43.06980,-76.47006,402,40.1,40.0,40.1,95.6,38.9,0.000,0.823,0.00,0.000,2.4,4.5,0.6,247,14,2.6,5.4,0.8,252,17,2.4,4.5,0.6,247,14,0,29.31,,0,0,0,44.8,45.5,45.7,0.40,0.35,0.33
JORD,2015-12-02 23:45:00 EST,43.06980,-76.47006,402,40.1,40.0,38.4,95.7,38.9,0.000,0.823,0.00,0.000,3.0,4.2,0.6,256,11,3.3,5.1,0.8,262,12,3.0,4.2,0.6,256,11,0,29.31,,0,0,0,44.8,45.5,45.7,0.40,0.35,0.33
JORD,2015-12-02 23:50:00 EST,43.06980,-76.47006,402,40.0,39.9,40.0,95.7,38.9,0.000,0.823,0.00,0.000,2.8,5.2,1.2,249,17,2.9,5.8,1.1,253,21,2.8,5.2,1.2,249,17,0,29.32,,0,0,0,44.8,45.5,45.7,0.40,0.35,0.33
JORD,2015-12-02 23:55:00 EST,43.06980,-76.47006,402,40.1,40.0,40.1,95.5,38.9,0.000,0.823,0.00,0.000,2.6,4.4,0.8,248,15,2.7,5.4,1.0,253,16,2.6,4.4,0.8,248,15,0,29.31,,0,0,0,44.8,45.5,45.7,0.40,0.35,0.33
SCHU,2015-12-02 00:00:00 EST,43.11700,-73.57829,103,35.3,35.4,35.3,98.5,34.9,0.002,0.235,0.00,0.032,0.0,0.0,0.0,0,0,1.2,2.0,0.3,354,17,0.0,0.0,0.0,0,0,0,29.91,,0,0,0,35.8,37.7,41.8,0.15,0.13,0.08
SCHU,2015-12-02 00:05:00 EST,43.11700,-73.57829,103,35.4,35.4,35.4,98.5,35.0,0.004,0.004,0.00,0.033,0.2,1.0,0.3,325,0,0.9,1.6,0.3,327,19,0.2,1.0,0.3,325,0,0,29.91,,0,0,0,35.8,37.7,41.8,0.15,0.13,0.08
SCHU,2015-12-02 00:10:00 EST,43.11700,-73.57829,103,35.3,35.4,35.3,98.5,35.0,0.003,0.006,0.00,0.034,0.0,0.0,0.0,0,0,0.7,1.3,0.3,10,40,0.0,0.0,0.0,0,0,0,29.91,,0,0,0,35.8,37.7,41.8,0.15,0.13,0.08
SCHU,2015-12-02 00:15:00 EST,43.11700,-73.57829,103,35.4,35.4,35.4,98.5,35.0,0.000,0.006,0.00,0.031,0.0,0.0,0.0,0,0,0.7,1.6,0.3,51,30,0.0,0.0,0.0,0,0,0,29.90,,0,0,0,35.9,37.7,41.8,0.15,0.14,0.08
SCHU,2015-12-02 00:20:00 EST,43.11700,-73.57829,103,35.4,35.3,35.4,98.5,35.0,0.000,0.006,0.00,0.029,1.0,1.5,0.3,63,7,1.6,2.5,0.3,59,8,1.0,1.5,0.3,63,7,0,29.89,,0,0,0,35.8,37.7,41.8,0.15,0.13,0.08
SCHU,2015-12-02 00:25:00 EST,43.11700,-73.57829,103,35.3,35.3,35.3,98.5,35.0,0.002,0.008,0.00,0.028,0.1,0.7,0.2,82,0,1.0,1.6,0.2,88,16,0.1,0.7,0.2,82,0,0,29.89,,0,0,0,35.9,37.7,41.8,0.15,0.13,0.08
SCHU,2015-12-02 00:30:00 EST,43.11700,-73.57829,103,35.3,35.3,35.3,98.4,34.9,0.002,0.010,0.00,0.026,0.0,0.0,0.0,0,0,0.7,2.5,0.4,100,39,0.0,0.0,0.0,0,0,0,29.88,,0,0,0,35.9,37.7,41.8,0.15,0.13,0.07
SCHU,2015-12-02 00:35:00 EST,43.11700,-73.57829,103,35.3,35.3,35.3,98.4,34.9,0.001,0.011,0.00,0.024,0.1,0.7,0.2,81,6,1.0,1.8,0.3,70,21,0.1,0.7,0.2,81,6,0,29.88,,0,0,0,35.9,37.7,41.7,0.16,0.14,0.08
SCHU,2015-12-02 00:40:00 EST,43.11700,-73.57829,103,35.4,35.3,35.4,98.5,35.0,0.003,0.014,0.00,0.025,0.0,0.4,0.1,45,4,0.9,1.6,0.3,26,43,0.0,0.4,0.1,45,4,0,29.87,,0,0,0,35.9,37.7,41.8,0.15,0.14,0.07
SCHU,2015-12-02 00:45:00 EST,43.11700,-73.57829,103,35.4,35.3,35.4,98.5,35.0,0.001,0.015,0.00,0.023,0.7,1.2,0.4,260,7,1.0,1.8,0.3,261,19,0.7,1.2,0.4,260,7,0,29.87,,0,0,0,36.0,37.8,41.8,0.15,0.13,0.08
SCHU,2015-12-02 00:50:00 EST,43.11700,-73.57829,103,35.4,35.4,35.4,98.5,35.0,0.000,0.015,0.00,0.020,1.3,1.7,0.2,279,17,1.5,2.2,0.2,283,18,1.3,1.7,0.2,279,17,0,29.87,,0,0,0,35.9,37.7,41.8,0.16,0.13,0.08
SCHU,2015-12-02 00:55:00 EST,43.11700,-73.57829,103,35.4,35.4,35.4,98.6,35.1,0.002,0.017,0.00,0.018,1.1,1.6,0.2,289,8,1.3,1.8,0.2,289,11,1.1,1.6,0.2,289,8,0,29.87,,0,0,0,35.9,37.8,41.7,0.16,0.13,0.07
SCHU,2015-12-02 01:00:00 EST,43.11700,-73.57829,103,35.5,35.5,35.5,98.6,35.1,0.001,0.017,0.00,0.017,0.6,1.2,0.3,305,12,0.9,1.3,0.2,311,20,0.6,1.2,0.3,305,12,0,29.87,,0,0,0,35.9,37.7,41.7,0.16,0.13,0.07
SCHU,2015-12-02 01:05:00 EST,43.11700,-73.57829,103,35.5,35.5,35.5,98.7,35.2,0.000,0.017,0.00,0.013,0.4,1.2,0.5,305,5,0.8,1.6,0.3,311,20,0.4,1.2,0.5,305,5,0,29.87,,0,0,0,35.9,37.8,41.7,0.15,0.13,0.08
SCHU,2015-12-02 01:10:00 EST,43.11700,-73.57829,103,35.5,35.6,35.5,98.7,35.2,0.000,0.017,0.00,0.011,0.0,0.0,0.0,0,0,0.5,2.0,0.3,311,59,0.0,0.0,0.0,0,0,0,29.86,,0,0,0,35.9,37.7,41.8,0.15,0.13,0.08
SCHU,2015-12-02 01:15:00 EST,43.11700,-73.57829,103,35.6,35.6,35.6,98.7,35.3,0.000,0.017,0.00,0.011,0.0,0.0,0.0,0,0,0.8,1.1,0.2,294,23,0.0,0.0,0.0,0,0,0,29.86,,0,0,0,36.0,37.8,41.7,0.15,0.13,0.08
SCHU,2015-12-02 01:20:00 EST,43.11700,-73.57829,103,35.6,35.6,35.6,98.8,35.3,0.000,0.017,0.00,0.011,0.9,1.3,0.3,297,2,1.1,1.6,0.2,301,7,0.9,1.3,0.3,297,2,0,29.86,,0,0,0,36.0,37.8,41.7,0.15,0.13,0.08
SCHU,2015-12-02 01:25:00 EST,43.11700,-73.57829,103,35.7,35.7,35.7,98.8,35.3,0.000,0.017,0.00,0.009,0.5,1.2,0.4,308,19,1.0,2.7,0.4,331,33,0.5,1.2,0.4,308,19,0,29.86,,0,0,0,35.9,37.8,41.7,0.15,0.13,0.08
SCHU,2015-12-02 01:30:00 EST,43.11700,-73.57829,103,35.7,35.7,35.7,98.8,35.4,0.000,0.017,0.00,0.007,0.3,0.9,0.3,305,1,0.7,1.3,0.3,318,33,0.3,0.9,0.3,305,1,0,29.85,,0,0,0,36.0,37.8,41.7,0.16,0.13,0.08
SCHU,2015-12-02 01:35:00 EST,43.11700,-73.57829,103,35.7,35.8,35.7,98.8,35.4,0.000,0.017,0.00,0.006,0.0,0.0,0.0,0,0,0.5,0.9,0.2,310,32,0.0,0.0,0.0,0,0,0,29.85,,0,0,0,36.0,37.8,41.7,0.16,0.13,0.08
SCHU,2015-12-02 01:40:00 EST,43.11700,-73.57829,103,35.7,35.8,35.7,98.8,35.4,0.000,0.017,0.00,0.004,0.0,0.0,0.0,0,0,0.6,1.3,0.3,343,27,0.0,0.0,0.0,0,0,0,29.85,,0,0,0,36.0,37.8,41.7,0.15,0.14,0.08
SCHU,2015-12-02 01:45:00 EST,43.11700,-73.57829,103,35.8,35.9,35.8,98.8,35.5,0.000,0.017,0.00,0.003,0.2,0.9,0.3,358,4,0.9,2.5,0.3,6,18,0.2,0.9,0.3,358,4,0,29.84,,0,0,0,36.0,37.8,41.8,0.16,0.13,0.08
SCHU,2015-12-02 01:50:00 EST,43.11700,-73.57829,103,35.9,35.9,35.9,98.8,35.6,0.000,0.017,0.00,0.003,0.1,0.5,0.1,2,0,0.7,2.5,0.4,356,45,0.1,0.5,0.1,2,0,0,29.84,,0,0,0,36.0,37.8,41.7,0.16,0.13,0.08
SCHU,2015-12-02 01:55:00 EST,43.11700,-73.57829,103,35.9,35.9,35.9,98.9,35.6,0.000,0.017,0.00,0.001,0.3,1.0,0.4,8,8,1.0,1.8,0.4,5,25,0.3,1.0,0.4,8,8,0,29.84,,0,0,0,36.0,37.8,41.7,0.15,0.13,0.08
SCHU,2015-12-02 02:00:00 EST,43.11700,-73.57829,103,35.9,36.0,35.9,98.9,35.6,0.000,0.017,0.00,0.000,0.5,1.2,0.4,340,5,1.1,2.0,0.4,352,16,0.5,1.2,0.4,340,5,0,29.84,,0,0,0,36.0,37.8,41.7,0.15,0.13,0.08
SCHU,2015-12-02 02:05:00 EST,43.11700,-73.57829,103,35.9,36.0,35.9,98.9,35.6,0.000,0.017,0.00,0.000,0.4,1.1,0.4,337,6,1.0,3.8,0.5,352,15,0.4,1.1,0.4,337,6,0,29.84,,0,0,0,36.0,37.8,41.7,0.16,0.14,0.08
SCHU,2015-12-02 02:10:00 EST,43.11700,-73.57829,103,36.0,36.0,36.0,98.9,35.7,0.000,0.017,0.00,0.000,0.1,0.7,0.2,341,1,0.8,2.9,0.4,11,61,0.1,0.7,0.2,341,1,0,29.85,,0,0,0,36.0,37.8,41.7,0.16,0.13,0.08
SCHU,2015-12-02 02:15:00 EST,43.11700,-73.57829,103,36.0,36.0,36.0,98.9,35.7,0.000,0.017,0.00,0.000,0.0,0.0,0.0,0,0,0.7,2.2,0.4,72,25,0.0,0.0,0.0,0,0,0,29.85,,0,0,0,36.0,37.8,41.7,0.16,0.13,0.08
SCHU,2015-12-02 02:20:00 EST,43.11700,-73.57829,103,36.1,36.1,36.1,98.9,35.8,0.000,0.017,0.00,0.000,0.3,1.0,0.3,23,6,1.1,2.0,0.3,32,14,0.3,1.0,0.3,23,6,0,29.84,,0,0,0,36.1,37.9,41.7,0.16,0.13,0.08
SCHU,2015-12-02 02:25:00 EST,43.11700,-73.57829,103,36.1,36.1,36.1,98.9,35.8,0.000,0.017,0.00,0.000,0.1,0.7,0.2,21,1,0.8,1.6,0.3,15,42,0.1,0.7,0.2,21,1,0,29.84,,0,0,0,36.1,37.8,41.7,0.16,0.13,0.08
SCHU,2015-12-02 02:30:00 EST,43.11700,-73.57829,103,36.1,36.1,36.1,98.9,35.8,0.000,0.017,0.00,0.000,0.0,0.0,0.0,0,0,0.6,3.6,0.5,55,53,0.0,0.0,0.0,0,0,0,29.84,,0,0,0,36.1,37.9,41.7,0.16,0.13,0.08
SCHU,2015-12-02 02:35:00 EST,43.11700,-73.57829,103,36.1,36.1,36.1,98.9,35.8,0.000,0.017,0.00,0.000,0.6,1.6,0.6,79,2,1.5,2.7,0.6,76,8,0.6,1.6,0.6,79,2,0,29.84,,0,0,0,36.1,37.9,41.7,0.15,0.13,0.08
SCHU,2015-12-02 02:40:00 EST,43.11700,-73.57829,103,36.1,36.1,36.1,98.9,35.9,0.000,0.017,0.00,0.000,0.9,1.6,0.3,74,9,1.6,2.7,0.4,68,10,0.9,1.6,0.3,74,9,0,29.84,,0,0,0,36.1,37.9,41.7,0.16,0.13,0.08
SCHU,2015-12-02 02:45:00 EST,43.11700,-73.57829,103,36.1,36.1,36.1,98.8,35.8,0.000,0.017,0.00,0.000,0.2,0.9,0.3,78,10,1.0,2.5,0.3,89,18,0.2,0.9,0.3,78,10,0,29.84,,0,0,0,36.2,37.9,41.8,0.16,0.13,0.08
SCHU,2015-12-02 02:50:00 EST,43.11700,-73.57829,103,36.1,36.1,36.1,98.8,35.8,0.000,0.017,0.00,0.000,0.0,0.0,0.0,0,0,0.6,3.6,0.4,62,47,0.0,0.0,0.0,0,0,0,29.84,,0,0,0,36.2,37.9,41.7,0.16,0.14,0.08
SCHU,2015-12-02 02:55:00 EST,43.11700,-73.57829,103,36.1,36.1,36.1,98.8,35.8,0.000,0.017,0.00,0.000,0.0,0.0,0.0,0,0,0.7,1.8,0.3,77,24,0.0,0.0,0.0,0,0,0,29.84,,0,0,0,36.2,37.9,41.7,0.16,0.13,0.08
SCHU,2015-12-02 03:00:00 EST,43.11700,-73.57829,103,36.1,36.1,36.1,98.9,35.8,0.000,0.017,0.00,0.000,0.0,0.0,0.0,0,0,0.7,1.8,0.4,69,35,0.0,0.0,0.0,0,0,0,29.83,,0,0,0,36.2,37.9,41.7,0.16,0.13,0.07
SCHU,2015-12-02 03:05:00 EST,43.11700,-73.57829,103,36.1,36.2,36.1,98.8,35.8,0.000,0.017,0.00,0.000,0.0,0.0,0.0,0,0,0.9,1.6,0.2,87,17,0.0,0.0,0.0,0,0,0,29.83,,0,0,0,36.2,37.9,41.7,0.16,0.13,0.08
SCHU,2015-12-02 03:10:00 EST,43.11700,-73.57829,103,36.2,36.2,36.2,98.9,35.9,0.000,0.017,0.00,0.000,0.2,1.1,0.3,71,0,1.1,2.0,0.3,70,13,0.2,1.1,0.3,71,0,0,29.83,,0,0,0,36.2,37.9,41.7,0.16,0.13,0.08
SCHU,2015-12-02 03:15:00 EST,43.11700,-73.57829,103,36.2,36.2,36.2,98.8,35.9,0.000,0.017,0.00,0.000,0.6,1.2,0.3,72,6,1.4,4.7,0.5,68,10,0.6,1.2,0.3,72,6,0,29.82,,0,0,0,36.2,37.9,41.7,0.16,0.13,0.08
SCHU,2015-12-02 03:20:00 EST,43.11700,-73.57829,103,36.1,36.1,36.1,98.8,35.8,0.000,0.017,0.00,0.000,0.6,1.1,0.3,49,5,1.1,2.9,0.3,47,11,0.6,1.1,0.3,49,5,0,29.82,,0,0,0,36.3,37.9,41.7,0.15,0.14,0.08
SCHU,2015-12-02 03:25:00 EST,43.11700,-73.57829,103,36.1,36.2,36.1,98.8,35.9,0.000,0.017,0.00,0.000,0.0,0.0,0.0,0,0,0.6,2.9,0.4,48,43,0.0,0.0,0.0,0,0,0,29.82,,0,0,0,36.2,38.0,41.7,0.16,0.13,0.08
SCHU,2015-12-02 03:30:00 EST,43.11700,-73.57829,103,36.2,36.2,36.2,98.9,35.9,0.000,0.017,0.00,0.000,0.0,1.2,0.2,305,2,0.8,1.3,0.2,297,23,0.0,1.2,0.2,305,2,0,29.82,,0,0,0,36.3,37.9,41.7,0.16,0.14,0.07
SCHU,2015-12-02 03:35:00 EST,43.11700,-73.57829,103,36.2,36.2,36.2,98.9,35.9,0.000,0.017,0.00,0.000,1.0,1.2,0.2,312,16,1.2,1.8,0.3,323,20,1.0,1.2,0.2,312,16,0,29.82,,0,0,0,36.3,37.9,41.7,0.16,0.14,0.07
SCHU,2015-12-02 03:40:00 EST,43.11700,-73.57829,103,36.3,36.3,36.3,98.9,36.0,0.003,0.020,0.00,0.003,2.1,3.6,0.6,357,10,2.8,4.5,0.6,4,9,2.1,3.6,0.6,357,10,0,29.81,,0,0,0,36.3,37.9,41.7,0.16,0.13,0.08
SCHU,2015-12-02 03:45:00 EST,43.11700,-73.57829,103,36.2,36.2,36.2,99.0,35.9,0.001,0.021,0.00,0.004,1.1,2.9,0.8,339,19,1.8,4.0,0.8,345,19,1.1,2.9,0.8,339,19,0,29.81,,0,0,0,36.2,37.9,41.7,0.16,0.13,0.08
SCHU,2015-12-02 03:50:00 EST,43.11700,-73.57829,103,36.2,36.2,36.2,99.0,35.9,0.000,0.021,0.00,0.004,1.9,3.6,0.6,309,15,2.1,4.5,0.7,315,15,1.9,3.6,0.6,309,15,0,29.81,,0,0,0,36.3,37.9,41.7,0.16,0.13,0.08
SCHU,2015-12-02 03:55:00 EST,43.11700,-73.57829,103,36.2,36.2,36.2,99.0,35.9,0.000,0.021,0.00,0.004,1.9,3.1,0.5,320,16,2.1,3.6,0.5,327,19,1.9,3.1,0.5,320,16,0,29.81,,0,0,0,36.3,37.9,41.7,0.16,0.13,0.08
SCHU,2015-12-02 04:00:00 EST,43.11700,-73.57829,103,36.2,36.2,36.2,99.0,35.9,0.000,0.021,0.00,0.004,2.5,3.9,0.5,315,13,2.5,4.0,0.5,321,15,2.5,3.9,0.5,315,13,0,29.81,,0,0,0,36.3,37.9,41.7,0.16,0.14,0.08
SCHU,2015-12-02 04:05:00 EST,43.11700,-73.57829,103,36.2,36.2,36.2,99.0,36.0,0.000,0.021,0.00,0.004,2.8,4.4,0.6,338,13,3.2,5.1,0.7,344,13,2.8,4.4,0.6,338,13,0,29.80,,0,0,0,36.3,37.9,41.7,0.16,0.13,0.08
SCHU,2015-12-02 04:10:00 EST,43.11700,-73.57829,103,36.3,36.3,36.3,99.0,36.0,0.000,0.021,0.00,0.004,2.4,3.9,1.0,326,13,2.7,5.4,1.0,333,15,2.4,3.9,1.0,326,13,0,29.80,,0,0,0,36.3,37.9,41.7,0.16,0.13,0.08
SCHU,2015-12-02 04:15:00 EST,43.11700,-73.57829,103,36.3,36.3,36.3,99.0,36.0,0.000,0.021,0.00,0.004,2.3,3.9,0.7,340,15,3.0,5.1,0.9,347,14,2.3,3.9,0.7,340,15,0,29.80,,0,0,0,36.4,38.0,41.7,0.16,0.13,0.08
SCHU,2015-12-02 04:20:00 EST,43.11700,-73.57829,103,36.2,36.3,36.2,98.9,36.0,0.000,0.021,0.00,0.004,2.6,3.7,0.6,334,15,3.1,4.5,0.6,340,15,2.6,3.7,0.6,334,15,0,29.80,,0,0,0,36.4,38.0,41.7,0.16,0.14,0.08
SCHU,2015-12-02 04:25:00 EST,43.11700,-73.57829,103,36.3,36.3,36.3,98.9,36.0,0.003,0.024,0.00,0.007,1.6,3.7,0.7,343,15,2.2,4.7,0.9,348,13,1.6,3.7,0.7,343,15,0,29.80,,0,0,0,36.4,38.0,41.7,0.15,0.13,0.08
SCHU,2015-12-02 04:30:00 EST,43.11700,-73.57829,103,36.3,36.3,36.3,98.9,36.0,0.009,0.033,0.00,0.016,1.6,2.8,0.5,338,16,2.2,3.6,0.6,346,16,1.6,2.8,0.5,338,16,0,29.80,,0,0,0,36.4,38.0,41.7,0.16,0.13,0.08
SCHU,2015-12-02 04:35:00 EST,43.11700,-73.57829,103,36.3,36.3,36.3,98.9,36.0,0.009,0.043,0.25,0.025,1.5,3.4,0.7,344,16,2.2,4.3,0.8,350,17,1.5,3.4,0.7,344,16,0,29.80,,0,0,0,36.4,38.0,41.7,0.16,0.13,0.08
SCHU,2015-12-02 04:40:00 EST,43.11700,-73.57829,103,36.3,36.3,36.3,98.9,36.0,0.012,0.054,0.00,0.034,1.5,2.6,0.6,346,19,2.3,3.6,0.7,352,19,1.5,2.6,0.6,346,19,0,29.79,,0,0,0,36.4,38.0,41.7,0.16,0.13,0.08
SCHU,2015-12-02 04:45:00 EST,43.11700,-73.57829,103,36.3,36.3,36.3,98.9,36.0,0.005,0.059,0.00,0.038,1.2,3.0,0.6,336,22,1.7,3.6,0.8,341,26,1.2,3.0,0.6,336,22,0,29.79,,0,0,0,36.5,38.0,41.7,0.15,0.13,0.08
SCHU,2015-12-02 04:50:00 EST,43.11700,-73.57829,103,36.3,36.3,36.3,98.9,36.0,0.005,0.065,0.00,0.044,2.0,3.3,0.7,344,19,2.6,4.7,0.9,355,16,2.0,3.3,0.7,344,19,0,29.80,,0,0,0,36.5,38.0,41.7,0.16,0.14,0.08
SCHU,2015-12-02 04:55:00 EST,43.11700,-73.57829,103,36.3,36.3,36.3,98.9,36.0,0.005,0.070,0.00,0.049,1.9,3.1,0.7,331,13,2.3,4.0,0.8,340,14,1.9,3.1,0.7,331,13,0,29.80,,0,0,0,36.5,38.0,41.7,0.16,0.14,0.08
SCHU,2015-12-02 05:00:00 EST,43.11700,-73.57829,103,36.4,36.4,36.4,98.9,36.1,0.008,0.077,0.00,0.056,1.4,3.0,0.9,317,13,1.7,3.4,0.7,324,15,1.4,3.0,0.9,317,13,0,29.80,,0,0,0,36.5,38.0,41.7,0.16,0.13,0.08
SCHU,2015-12-02 05:05:00 EST,43.11700,-73.57829,103,36.3,36.4,36.3,98.9,36.1,0.014,0.091,0.32,0.070,1.8,2.8,0.5,345,18,2.3,4.0,0.8,354,16,1.8,2.8,0.5,345,18,0,29.80,,0,0,0,36.5,38.0,41.7,0.16,0.13,0.08
SCHU,2015-12-02 05:10:00 EST,43.11700,-73.57829,103,36.4,36.4,36.4,98.9,36.1,0.007,0.099,0.00,0.078,1.1,2.6,0.6,340,21,1.5,3.4,0.7,343,30,1.1,2.6,0.6,340,21,0,29.81,,0,0,0,36.6,38.0,41.7,0.16,0.14,0.08
SCHU,2015-12-02 05:15:00 EST,43.11700,-73.57829,103,36.5,36.5,36.5,98.8,36.2,0.006,0.104,0.00,0.083,0.4,1.3,0.5,339,7,1.0,2.0,0.4,356,34,0.4,1.3,0.5,339,7,0,29.81,,0,0,0,36.5,38.0,41.7,0.16,0.14,0.08
SCHU,2015-12-02 05:20:00 EST,43.11700,-73.57829,103,36.5,36.6,36.5,98.8,36.2,0.007,0.112,0.00,0.091,0.1,0.8,0.2,303,1,0.7,1.3,0.3,310,64,0.1,0.8,0.2,303,1,0,29.81,,0,0,0,36.6,38.0,41.7,0.16,0.13,0.08
SCHU,2015-12-02 05:25:00 EST,43.11700,-73.57829,103,36.5,36.6,36.5,98.8,36.2,0.009,0.120,0.00,0.096,1.2,2.8,1.0,61,8,1.9,3.8,0.7,62,12,1.2,2.8,1.0,61,8,0,29.80,,0,0,0,36.6,38.1,41.7,0.16,0.13,0.08
SCHU,2015-12-02 05:30:00 EST,43.11700,-73.57829,103,36.6,36.5,36.6,98.8,36.3,0.002,0.122,0.00,0.089,1.7,2.9,0.6,69,8,2.4,8.1,0.9,67,9,1.7,2.9,0.6,69,8,0,29.79,,0,0,0,36.6,38.1,41.7,0.16,0.13,0.08
SCHU,2015-12-02 05:35:00 EST,43.11700,-73.57829,103,36.4,36.4,36.4,98.8,36.1,0.000,0.122,0.00,0.079,1.2,3.0,0.9,77,10,1.8,3.8,1.0,73,24,1.2,3.0,0.9,77,10,0,29.79,,0,0,0,36.6,38.1,41.7,0.16,0.13,0.08
SCHU,2015-12-02 05:40:00 EST,43.11700,-73.57829,103,36.5,36.5,36.5,98.8,36.1,0.003,0.125,0.00,0.070,0.2,0.9,0.3,346,19,0.9,2.0,0.3,8,50,0.2,0.9,0.3,346,19,0,29.79,,0,0,0,36.6,38.1,41.7,0.16,0.13,0.07
SCHU,2015-12-02 05:45:00 EST,43.11700,-73.57829,103,36.6,36.6,36.6,98.7,36.2,0.001,0.126,0.00,0.066,0.4,1.1,0.4,50,11,1.0,2.0,0.3,52,23,0.4,1.1,0.4,50,11,0,29.79,,0,0,0,36.6,38.1,41.7,0.16,0.13,0.08
SCHU,2015-12-02 05:50:00 EST,43.11700,-73.57829,103,36.6,36.7,36.6,98.8,36.3,0.000,0.126,0.00,0.061,0.1,0.7,0.2,23,4,0.9,1.6,0.3,14,26,0.1,0.7,0.2,23,4,0,29.79,,0,0,0,36.6,38.1,41.7,0.16,0.13,0.08
SCHU,2015-12-02 05:55:00 EST,43.11700,-73.57829,103,36.6,36.7,36.6,98.8,36.3,0.000,0.126,0.00,0.056,0.0,0.0,0.0,0,0,0.7,2.9,0.4,65,44,0.0,0.0,0.0,0,0,0,29.79,,0,0,0,36.6,38.1,41.7,0.16,0.14,0.08
SCHU,2015-12-02 06:00:00 EST,43.11700,-73.57829,103,36.6,36.7,36.6,98.7,36.3,0.000,0.126,0.00,0.048,0.1,0.7,0.2,223,0,0.6,1.1,0.2,208,34,0.1,0.7,0.2,223,0,0,29.79,,0,0,0,36.7,38.1,41.7,0.16,0.13,0.08
SCHU,2015-12-02 06:05:00 EST,43.11700,-73.57829,103,36.7,36.7,36.7,98.7,36.3,0.000,0.126,0.00,0.034,0.0,0.0,0.0,0,0,0.5,1.3,0.3,193,47,0.0,0.0,0.0,0,0,0,29.79,,0,0,0,36.7,38.1,41.7,0.16,0.13,0.08
SCHU,2015-12-02 06:10:00 EST,43.11700,-73.57829,103,36.7,36.7,36.7,98.7,36.4,0.000,0.126,0.00,0.027,0.6,1.5,0.6,277,4,1.0,2.0,0.5,287,33,0.6,1.5,0.6,277,4,0,29.79,,0,0,0,36.6,38.1,41.6,0.16,0.14,0.08
SCHU,2015-12-02 06:15:00 EST,43.11700,-73.57829,103,36.8,36.8,36.8,98.7,36.4,0.000,0.126,0.00,0.021,0.8,1.2,0.3,288,12,1.1,1.6,0.2,292,16,0.8,1.2,0.3,288,12,0,29.79,,0,0,0,36.7,38.1,41.7,0.16,0.13,0.08
SCHU,2015-12-02 06:20:00 EST,43.11700,-73.57829,103,36.7,36.8,36.7,98.7,36.4,0.000,0.126,0.00,0.014,0.4,0.8,0.3,305,3,0.8,1.3,0.3,320,16,0.4,0.8,0.3,305,3,0,29.79,,0,0,0,36.7,38.1,41.7,0.16,0.14,0.08
SCHU,2015-12-02 06:25:00 EST,43.11700,-73.57829,103,36.8,36.9,36.8,98.7,36.5,0.000,0.126,0.00,0.005,1.0,2.0,0.7,347,9,1.6,3.1,0.7,353,13,1.0,2.0,0.7,347,9,0,29.79,,0,0,0,36.7,38.1,41.7,0.16,0.13,0.07
SCHU,2015-12-02 06:30:00 EST,43.11700,-73.57829,103,36.9,37.0,36.9,98.8,36.6,0.000,0.126,0.00,0.004,1.4,2.4,0.6,355,9,2.1,3.6,0.7,2,8,1.4,2.4,0.6,355,9,0,29.78,,0,0,0,36.7,38.1,41.6,0.16,0.13,0.08
SCHU,2015-12-02 06:35:00 EST,43.11700,-73.57829,103,36.8,36.9,36.8,98.8,36.5,0.000,0.126,0.00,0.004,1.8,2.6,0.5,349,14,2.5,3.8,0.7,354,13,1.8,2.6,0.5,349,14,0,29.78,,0,0,0,36.7,38.1,41.6,0.16,0.13,0.08
SCHU,2015-12-02 06:40:00 EST,43.11700,-73.57829,103,36.8,36.9,36.8,98.8,36.5,0.000,0.126,0.00,0.001,1.6,2.8,0.4,346,12,2.1,3.6,0.5,352,13,1.6,2.8,0.4,346,12,0,29.78,,0,0,0,36.7,38.1,41.6,0.16,0.13,0.08
SCHU,2015-12-02 06:45:00 EST,43.11700,-73.57829,103,36.8,36.8,36.8,98.8,36.5,0.003,0.129,0.00,0.003,1.8,3.2,0.6,343,12,2.4,4.7,0.7,348,12,1.8,3.2,0.6,343,12,0,29.77,,0,0,0,36.7,38.2,41.7,0.16,0.14,0.08
SCHU,2015-12-02 06:50:00 EST,43.11700,-73.57829,103,36.8,36.8,36.8,98.8,36.5,0.002,0.131,0.00,0.005,1.9,2.8,0.4,323,11,2.1,3.4,0.4,327,14,1.9,2.8,0.4,323,11,0,29.78,,0,0,0,36.8,38.1,41.6,0.16,0.14,0.08
SCHU,2015-12-02 06:55:00 EST,43.11700,-73.57829,103,36.8,36.8,36.8,98.8,36.5,0.001,0.131,0.00,0.006,2.4,3.7,0.5,317,11,2.5,4.5,0.6,324,14,2.4,3.7,0.5,317,11,0,29.78,,0,0,0,36.8,38.2,41.6,0.16,0.14,0.08
SCHU,2015-12-02 07:00:00 EST,43.11700,-73.57829,103,36.9,36.9,36.9,98.9,36.6,0.004,0.135,0.00,0.009,1.7,3.0,0.7,330,15,2.1,4.0,0.7,337,15,1.7,3.0,0.7,330,15,0,29.78,,0,0,0,36.8,38.2,41.7,0.16,0.14,0.08
SCHU,2015-12-02 07:05:00 EST,43.11700,-73.57829,103,36.9,37.0,36.9,98.9,36.7,0.002,0.137,0.00,0.011,1.9,3.5,0.6,347,18,2.7,4.9,0.9,355,18,1.9,3.5,0.6,347,18,0,29.78,,0,0,0,36.8,38.2,41.6,0.16,0.13,0.07
SCHU,2015-12-02 07:10:00 EST,43.11700,-73.57829,103,37.0,37.1,37.0,98.9,36.7,0.000,0.137,0.00,0.011,1.9,3.1,0.5,346,20,2.3,3.8,0.8,353,16,1.9,3.1,0.5,346,20,0,29.78,,0,0,0,36.8,38.2,41.6,0.16,0.14,0.08
SCHU,2015-12-02 07:15:00 EST,43.11700,-73.57829,103,37.0,37.1,37.0,98.8,36.8,0.003,0.140,0.00,0.014,0.5,2.5,0.7,357,9,1.2,3.4,0.7,358,22,0.5,2.5,0.7,357,9,0,29.79,,0,0,0,36.8,38.1,41.6,0.16,0.13,0.08
SCHU,2015-12-02 07:20:00 EST,43.11700,-73.57829,103,37.1,37.1,37.1,98.8,36.8,0.004,0.143,0.00,0.018,0.2,2.2,0.5,304,6,0.8,2.5,0.5,348,63,0.2,2.2,0.5,304,6,1,29.79,,0,0,0,36.8,38.1,41.6,0.16,0.14,0.08
SCHU,2015-12-02 07:25:00 EST,43.11700,-73.57829,103,37.1,37.2,37.1,98.8,36.8,0.006,0.150,0.00,0.024,2.8,3.8,0.5,281,8,3.2,4.5,0.7,283,8,2.8,3.8,0.5,281,8,1,29.80,,0,0,0,36.9,38.1,41.7,0.16,0.13,0.08
SCHU,2015-12-02 07:30:00 EST,43.11700,-73.57829,103,37.2,37.3,37.2,98.8,36.9,0.006,0.155,0.00,0.030,0.8,3.1,1.0,275,7,1.2,3.6,0.9,268,38,0.8,3.1,1.0,275,7,2,29.80,,0,0,0,36.9,38.2,41.6,0.16,0.14,0.08
SCHU,2015-12-02 07:35:00 EST,43.11700,-73.57829,103,37.3,37.4,37.3,98.9,37.0,0.003,0.158,0.00,0.032,0.0,0.0,0.0,0,0,0.8,3.4,0.5,102,53,0.0,0.0,0.0,0,0,2,29.80,,0,0,0,36.9,38.2,41.7,0.17,0.13,0.08
SCHU,2015-12-02 07:40:00 EST,43.11700,-73.57829,103,37.4,37.5,37.4,98.9,37.1,0.003,0.161,0.00,0.035,0.3,1.2,0.4,288,1,0.8,1.6,0.3,304,23,0.3,1.2,0.4,288,1,2,29.80,,0,0,0,36.9,38.2,41.6,0.16,0.13,0.08
SCHU,2015-12-02 07:45:00 EST,43.11700,-73.57829,103,37.4,37.5,37.4,98.9,37.1,0.002,0.163,0.00,0.034,1.2,2.6,1.0,95,4,2.0,3.4,0.9,92,17,1.2,2.6,1.0,95,4,3,29.80,,0,0,0,36.9,38.2,41.6,0.16,0.14,0.08
SCHU,2015-12-02 07:50:00 EST,43.11700,-73.57829,103,37.5,37.5,37.5,98.9,37.2,0.002,0.164,0.00,0.034,1.9,2.3,0.2,98,7,2.4,3.1,0.3,94,8,1.9,2.3,0.2,98,7,4,29.79,,0,0,0,36.9,38.2,41.6,0.16,0.14,0.08
SCHU,2015-12-02 07:55:00 EST,43.11700,-73.57829,103,37.4,37.4,37.4,98.9,37.2,0.000,0.164,0.00,0.033,1.7,2.1,0.2,101,6,2.5,3.1,0.3,98,6,1.7,2.1,0.2,101,6,4,29.79,,0,0,0,36.9,38.2,41.6,0.17,0.14,0.08
SCHU,2015-12-02 08:00:00 EST,43.11700,-73.57829,103,37.5,37.4,37.5,98.9,37.2,0.000,0.164,0.00,0.029,0.7,1.5,0.4,96,10,1.3,2.2,0.4,87,16,0.7,1.5,0.4,96,10,4,29.79,,0,0,0,36.9,38.2,41.6,0.17,0.14,0.08
SCHU,2015-12-02 08:05:00 EST,43.11700,-73.57829,103,37.5,37.5,37.5,98.9,37.2,0.002,0.166,0.00,0.030,0.3,1.0,0.4,123,5,1.0,1.8,0.3,98,23,0.3,1.0,0.4,123,5,6,29.79,,0,0,0,36.9,38.2,41.7,0.16,0.14,0.08
SCHU,2015-12-02 08:10:00 EST,43.11700,-73.57829,103,37.7,37.6,37.7,98.9,37.4,0.001,0.167,0.00,0.030,0.1,0.7,0.2,129,0,0.8,1.3,0.2,79,40,0.1,0.7,0.2,129,0,7,29.79,,0,0,0,36.9,38.2,41.6,0.17,0.14,0.08
SCHU,2015-12-02 08:15:00 EST,43.11700,-73.57829,103,37.7,37.6,37.7,98.9,37.4,0.000,0.167,0.00,0.028,0.2,1.4,0.4,60,4,1.1,1.8,0.3,62,17,0.2,1.4,0.4,60,4,11,29.78,,0,0,0,37.0,38.2,41.7,0.17,0.14,0.08
SCHU,2015-12-02 08:20:00 EST,43.11700,-73.57829,103,37.8,37.7,37.8,98.8,37.5,0.004,0.171,0.00,0.028,0.1,0.9,0.3,126,1,0.9,2.9,0.5,88,47,0.1,0.9,0.3,126,1,15,29.78,,0,0,0,37.0,38.2,41.6,0.16,0.14,0.08
SCHU,2015-12-02 08:25:00 EST,43.11700,-73.57829,103,37.7,37.7,37.7,98.8,37.5,0.004,0.174,0.00,0.025,0.7,1.2,0.3,143,19,1.0,1.8,0.3,138,22,0.7,1.2,0.3,143,19,17,29.79,,0,0,0,36.9,38.3,41.6,0.17,0.14,0.08
SCHU,2015-12-02 08:30:00 EST,43.11700,-73.57829,103,37.8,37.8,37.8,98.8,37.5,0.001,0.175,0.00,0.020,0.0,0.5,0.1,152,0,0.6,2.5,0.4,97,53,0.0,0.5,0.1,152,0,16,29.79,,0,0,0,37.0,38.2,41.6,0.17,0.14,0.08
SCHU,2015-12-02 08:35:00 EST,43.11700,-73.57829,103,37.9,37.9,37.9,98.8,37.6,0.002,0.177,0.00,0.019,0.2,0.8,0.3,91,2,1.0,1.8,0.3,99,24,0.2,0.8,0.3,91,2,19,29.78,,0,0,0,37.0,38.2,41.6,0.17,0.14,0.08
SCHU,2015-12-02 08:40:00 EST,43.11700,-73.57829,103,38.0,37.9,38.0,98.8,37.7,0.002,0.179,0.00,0.018,0.6,1.4,0.5,188,22,1.0,1.8,0.4,171,31,0.6,1.4,0.5,188,22,15,29.79,,0,0,0,37.0,38.2,41.6,0.17,0.14,0.08
SCHU,2015-12-02 08:45:00 EST,43.11700,-73.57829,103,38.1,38.0,38.1,98.8,37.8,0.001,0.180,0.00,0.017,0.3,1.2,0.4,238,16,0.8,1.8,0.4,261,61,0.3,1.2,0.4,238,16,16,29.79,,0,0,0,37.0,38.2,41.6,0.17,0.14,0.08
SCHU,2015-12-02 08:50:00 EST,43.11700,-73.57829,103,38.2,38.1,38.2,98.8,37.9,0.002,0.182,0.00,0.017,0.0,0.0,0.0,0,0,0.7,2.5,0.5,5,76,0.0,0.0,0.0,0,0,16,29.78,,0,0,0,37.1,38.2,41.6,0.17,0.14,0.08
SCHU,2015-12-02 08:55:00 EST,43.11700,-73.57829,103,38.2,38.2,38.2,98.9,37.9,0.001,0.183,0.00,0.018,0.0,0.0,0.0,0,0,0.6,3.1,0.5,81,59,0.0,0.0,0.0,0,0,20,29.78,,0,0,0,37.1,38.2,41.6,0.17,0.14,0.08
SCHU,2015-12-02 09:00:00 EST,43.11700,-73.57829,103,38.3,38.3,38.3,98.8,38.0,0.000,0.183,0.00,0.018,0.0,0.0,0.0,0,0,0.6,2.0,0.4,314,58,0.0,0.0,0.0,0,0,21,29.78,,0,0,0,37.1,38.2,41.6,0.17,0.14,0.08
SCHU,2015-12-02 09:05:00 EST,43.11700,-73.57829,103,38.5,38.4,38.5,98.8,38.2,0.000,0.183,0.00,0.016,0.1,0.9,0.2,309,2,0.8,1.6,0.3,342,34,0.1,0.9,0.2,309,2,20,29.79,,0,0,0,37.1,38.2,41.6,0.17,0.14,0.08
SCHU,2015-12-02 09:10:00 EST,43.11700,-73.57829,103,38.6,38.5,38.6,98.8,38.3,0.000,0.183,0.00,0.015,0.5,1.5,0.5,329,31,1.1,1.8,0.3,358,41,0.5,1.5,0.5,329,31,20,29.79,,0,0,0,37.2,38.2,41.6,0.17,0.14,0.08
SCHU,2015-12-02 09:15:00 EST,43.11700,-73.57829,103,38.7,38.6,38.7,98.8,38.4,0.000,0.183,0.00,0.015,0.8,1.5,0.5,325,17,1.2,2.2,0.3,348,30,0.8,1.5,0.5,325,17,17,29.79,,0,0,0,37.2,38.2,41.7,0.16,0.14,0.08
SCHU,2015-12-02 09:20:00 EST,43.11700,-73.57829,103,38.8,38.7,38.8,98.9,38.5,0.002,0.185,0.00,0.014,0.0,0.0,0.0,0,0,0.8,1.3,0.2,38,25,0.0,0.0,0.0,0,0,19,29.79,,0,0,0,37.2,38.2,41.6,0.17,0.15,0.08
SCHU,2015-12-02 09:25:00 EST,43.11700,-73.57829,103,38.8,38.8,38.8,98.9,38.5,0.000,0.185,0.00,0.010,0.0,0.0,0.0,0,0,0.5,1.3,0.2,316,55,0.0,0.0,0.0,0,0,20,29.79,,0,0,0,37.2,38.2,41.6,0.17,0.14,0.08
SCHU,2015-12-02 09:30:00 EST,43.11700,-73.57829,103,38.9,38.8,38.9,98.8,38.6,0.000,0.185,0.00,0.009,0.3,1.0,0.4,103,7,1.0,1.8,0.4,92,19,0.3,1.0,0.4,103,7,23,29.79,,0,0,0,37.2,38.3,41.6,0.17,0.14,0.08
SCHU,2015-12-02 09:35:00 EST,43.11700,-73.57829,103,39.0,38.8,39.0,98.8,38.7,0.000,0.185,0.00,0.007,1.1,1.7,0.4,101,10,1.7,2.7,0.4,94,11,1.1,1.7,0.4,101,10,30,29.79,,0,0,0,37.2,38.2,41.6,0.17,0.14,0.08
SCHU,2015-12-02 09:40:00 EST,43.11700,-73.57829,103,39.0,38.9,39.0,98.8,38.6,0.000,0.185,0.00,0.006,0.1,0.9,0.2,122,1,0.7,2.5,0.3,107,25,0.1,0.9,0.2,122,1,29,29.79,,0,0,0,37.2,38.3,41.6,0.16,0.15,0.08
SCHU,2015-12-02 09:45:00 EST,43.11700,-73.57829,103,39.1,38.9,39.1,98.8,38.8,0.002,0.187,0.00,0.007,0.9,1.7,0.5,127,13,1.3,2.2,0.4,117,15,0.9,1.7,0.5,127,13,32,29.78,,0,0,0,37.2,38.2,41.6,0.17,0.15,0.08
SCHU,2015-12-02 09:50:00 EST,43.11700,-73.57829,103,39.1,39.0,39.1,98.8,38.8,0.000,0.187,0.00,0.005,0.7,1.5,0.2,126,24,1.3,2.0,0.3,116,22,0.7,1.5,0.2,126,24,30,29.79,,0,0,0,37.2,38.2,41.6,0.17,0.14,0.08
SCHU,2015-12-02 09:55:00 EST,43.11700,-73.57829,103,39.2,39.2,39.2,98.8,38.9,0.001,0.187,0.00,0.005,0.8,1.4,0.4,209,24,1.1,1.8,0.4,198,34,0.8,1.4,0.4,209,24,27,29.79,,0,0,0,37.3,38.2,41.6,0.17,0.14,0.08
SCHU,2015-12-02 10:00:00 EST,43.11700,-73.57829,103,39.4,39.3,39.4,98.8,39.1,0.000,0.187,0.00,0.005,0.9,2.3,0.8,79,63,1.5,3.4,1.0,75,66,0.9,2.3,0.8,79,63,25,29.79,,0,0,0,37.3,38.3,41.6,0.17,0.15,0.08
SCHU,2015-12-02 10:05:00 EST,43.11700,-73.57829,103,39.4,39.3,39.4,98.8,39.1,0.000,0.187,0.00,0.005,0.3,1.9,0.5,74,0,0.9,2.9,0.7,65,39,0.3,1.9,0.5,74,0,29,29.78,,0,0,0,37.3,38.3,41.6,0.17,0.15,0.08
SCHU,2015-12-02 10:10:00 EST,43.11700,-73.57829,103,39.5,39.4,39.5,98.8,39.2,0.002,0.190,0.00,0.007,0.2,1.0,0.3,284,6,0.7,1.8,0.3,293,41,0.2,1.0,0.3,284,6,38,29.78,,0,0,0,37.4,38.3,41.6,0.17,0.15,0.08
SCHU,2015-12-02 10:15:00 EST,43.11700,-73.57829,103,39.6,39.5,39.6,98.8,39.3,0.001,0.190,0.00,0.008,0.0,0.0,0.0,0,0,0.7,2.0,0.4,36,44,0.0,0.0,0.0,0,0,44,29.78,,0,0,0,37.4,38.3,41.6,0.17,0.15,0.08
SCHU,2015-12-02 10:20:00 EST,43.11700,-73.57829,103,39.7,39.5,39.7,98.8,39.4,0.001,0.191,0.00,0.007,0.0,0.4,0.1,64,3,1.1,1.6,0.2,68,22,0.0,0.4,0.1,64,3,39,29.78,,0,0,0,37.4,38.4,41.6,0.17,0.15,0.08
SCHU,2015-12-02 10:25:00 EST,43.11700,-73.57829,103,39.6,39.4,39.6,98.7,39.3,0.006,0.197,0.00,0.012,0.7,1.2,0.4,99,9,1.5,2.2,0.3,89,12,0.7,1.2,0.4,99,9,41,29.78,,0,0,0,37.5,38.4,41.6,0.17,0.15,0.08
SCHU,2015-12-02 10:30:00 EST,43.11700,-73.57829,103,39.7,39.5,39.7,98.7,39.4,0.005,0.202,0.00,0.017,0.6,1.0,0.3,94,9,1.4,2.2,0.3,88,11,0.6,1.0,0.3,94,9,40,29.77,,0,0,0,37.5,38.4,41.6,0.17,0.15,0.08
SCHU,2015-12-02 10:35:00 EST,43.11700,-73.57829,103,39.8,39.6,39.8,98.7,39.5,0.009,0.210,0.00,0.026,1.2,1.9,0.4,106,8,1.9,2.7,0.4,100,11,1.2,1.9,0.4,106,8,44,29.77,,0,0,0,37.5,38.4,41.6,0.17,0.15,0.08
SCHU,2015-12-02 10:40:00 EST,43.11700,-73.57829,103,39.8,39.7,39.8,98.7,39.5,0.006,0.216,0.00,0.032,1.9,2.7,0.3,138,14,2.2,3.4,0.4,131,13,1.9,2.7,0.3,138,14,54,29.76,,0,0,0,37.6,38.4,41.6,0.17,0.15,0.08
SCHU,2015-12-02 10:45:00 EST,43.11700,-73.57829,103,40.0,39.8,40.0,98.7,39.7,0.001,0.217,0.00,0.030,1.9,2.9,0.5,128,14,2.2,3.6,0.6,121,13,1.9,2.9,0.5,128,14,84,29.76,,0,0,0,37.6,38.4,41.6,0.17,0.15,0.08
SCHU,2015-12-02 10:50:00 EST,43.11700,-73.57829,103,40.0,39.9,40.0,98.7,39.7,0.000,0.217,0.00,0.030,1.0,2.0,0.5,193,28,1.4,2.7,0.6,186,31,1.0,2.0,0.5,193,28,67,29.75,,0,0,0,37.6,38.4,41.6,0.17,0.15,0.08
SCHU,2015-12-02 10:55:00 EST,43.11700,-73.57829,103,40.2,40.1,40.2,98.6,39.8,0.000,0.217,0.00,0.030,1.1,2.3,0.6,206,12,1.3,2.9,0.5,196,21,1.1,2.3,0.6,206,12,58,29.75,,0,0,0,37.7,38.4,41.6,0.17,0.16,0.08
SCHU,2015-12-02 11:00:00 EST,43.11700,-73.57829,103,40.4,40.2,40.4,98.6,40.0,0.000,0.217,0.00,0.030,0.0,0.5,0.1,241,4,0.6,1.3,0.3,190,64,0.0,0.5,0.1,241,4,68,29.75,,0,0,0,37.7,38.5,41.6,0.17,0.15,0.08
SCHU,2015-12-02 11:05:00 EST,43.11700,-73.57829,103,40.5,40.2,40.5,98.5,40.1,0.000,0.217,0.00,0.030,0.5,1.5,0.5,277,10,0.9,2.0,0.4,275,40,0.5,1.5,0.5,277,10,67,29.75,,0,0,0,37.8,38.4,41.6,0.17,0.15,0.08
SCHU,2015-12-02 11:10:00 EST,43.11700,-73.57829,103,40.6,40.4,40.6,98.5,40.2,0.000,0.217,0.00,0.028,1.1,1.8,0.3,285,7,1.3,2.5,0.4,291,12,1.1,1.8,0.3,285,7,49,29.75,,0,0,0,37.8,38.5,41.6,0.17,0.16,0.07
SCHU,2015-12-02 11:15:00 EST,43.11700,-73.57829,103,40.8,40.7,40.8,98.4,40.3,0.002,0.219,0.00,0.029,0.9,2.1,0.4,295,12,1.2,2.9,0.4,305,18,0.9,2.1,0.4,295,12,32,29.75,,0,0,0,37.8,38.5,41.6,0.17,0.15,0.08
SCHU,2015-12-02 11:20:00 EST,43.11700,-73.57829,103,40.9,40.9,40.9,98.5,40.5,0.000,0.219,0.00,0.028,0.3,1.2,0.3,322,16,1.0,1.8,0.3,338,22,0.3,1.2,0.3,322,16,27,29.75,,0,0,0,37.9,38.5,41.6,0.17,0.16,0.07
SCHU,2015-12-02 11:25:00 EST,43.11700,-73.57829,103,41.0,40.9,41.0,98.5,40.6,0.001,0.220,0.00,0.023,0.0,0.5,0.1,300,2,0.6,1.6,0.3,7,46,0.0,0.5,0.1,300,2,30,29.74,,0,0,0,37.9,38.5,41.6,0.17,0.16,0.08
SCHU,2015-12-02 11:30:00 EST,43.11700,-73.57829,103,41.0,41.0,41.0,98.4,40.6,0.000,0.220,0.00,0.018,0.3,1.2,0.4,99,5,1.1,2.0,0.4,82,26,0.3,1.2,0.4,99,5,31,29.74,,0,0,0,38.0,38.5,41.6,0.17,0.15,0.08
SCHU,2015-12-02 11:35:00 EST,43.11700,-73.57829,103,40.9,41.0,40.9,98.4,40.5,0.000,0.220,0.00,0.009,0.2,0.7,0.2,1,7,1.0,1.8,0.3,12,18,0.2,0.7,0.2,1,7,31,29.74,,0,0,0,38.1,38.5,41.6,0.17,0.16,0.08
SCHU,2015-12-02 11:40:00 EST,43.11700,-73.57829,103,41.1,41.0,41.1,98.4,40.7,0.000,0.220,0.00,0.004,0.3,0.7,0.3,64,0,1.1,1.8,0.3,61,12,0.3,0.7,0.3,64,0,36,29.73,,0,0,0,38.1,38.5,41.6,0.17,0.16,0.08
SCHU,2015-12-02 11:45:00 EST,43.11700,-73.57829,103,41.2,41.0,41.2,98.4,40.7,0.000,0.220,0.00,0.003,1.3,1.8,0.4,94,4,1.9,2.5,0.4,91,5,1.3,1.8,0.4,94,4,41,29.73,,0,0,0,38.2,38.5,41.6,0.17,0.16,0.08
SCHU,2015-12-02 11:50:00 EST,43.11700,-73.57829,103,41.2,41.1,41.2,98.5,40.8,0.002,0.222,0.00,0.005,1.8,2.4,0.3,108,8,2.4,4.3,0.4,102,8,1.8,2.4,0.3,108,8,56,29.72,,0,0,0,38.2,38.5,41.6,0.17,0.16,0.08
SCHU,2015-12-02 11:55:00 EST,43.11700,-73.57829,103,41.4,41.2,41.4,98.5,41.0,0.000,0.222,0.00,0.005,2.0,2.6,0.3,106,6,2.7,3.6,0.4,100,6,2.0,2.6,0.3,106,6,86,29.71,,0,0,0,38.3,38.6,41.6,0.17,0.15,0.08
SCHU,2015-12-02 12:00:00 EST,43.11700,-73.57829,103,41.8,41.5,41.8,98.5,41.4,0.000,0.222,0.00,0.005,1.7,2.8,0.4,110,10,2.3,3.1,0.4,104,12,1.7,2.8,0.4,110,10,114,29.70,,0,0,0,38.2,38.6,41.6,0.17,0.16,0.08
SCHU,2015-12-02 12:05:00 EST,43.11700,-73.57829,103,41.9,41.8,41.9,98.4,41.5,0.000,0.222,0.00,0.005,1.7,3.0,0.5,126,12,2.1,4.0,0.6,117,12,1.7,3.0,0.5,126,12,118,29.70,,0,0,0,38.2,38.6,41.6,0.17,0.16,0.08
SCHU,2015-12-02 12:10:00 EST,43.11700,-73.57829,103,42.2,42.0,42.2,98.2,41.7,0.000,0.222,0.00,0.005,1.6,2.6,0.6,170,27,2.0,3.4,0.6,159,29,1.6,2.6,0.6,170,27,98,29.69,,0,0,0,38.3,38.6,41.6,0.17,0.16,0.08
SCHU,2015-12-02 12:15:00 EST,43.11700,-73.57829,103,42.3,42.1,42.3,97.8,41.7,0.000,0.222,0.00,0.003,1.6,3.2,0.7,205,24,1.7,3.8,0.9,201,30,1.6,3.2,0.7,205,24,81,29.70,,0,0,0,38.4,38.6,41.6,0.17,0.16,0.08
SCHU,2015-12-02 12:20:00 EST,43.11700,-73.57829,103,42.3,42.2,42.3,97.2,41.6,0.000,0.222,0.00,0.003,2.2,3.7,0.6,186,24,2.4,4.7,0.8,178,26,2.2,3.7,0.6,186,24,74,29.69,,0,0,0,38.4,38.6,41.6,0.17,0.16,0.08
SCHU,2015-12-02 12:25:00 EST,43.11700,-73.57829,103,42.6,42.5,42.6,97.4,41.9,0.000,0.222,0.00,0.002,1.1,3.0,0.6,224,22,1.3,2.7,0.4,219,25,1.1,3.0,0.6,224,22,59,29.70,,0,0,0,38.5,38.6,41.6,0.17,0.16,0.08
SCHU,2015-12-02 12:30:00 EST,43.11700,-73.57829,103,42.6,42.5,42.6,97.0,41.8,0.000,0.222,0.00,0.002,2.0,3.1,0.6,227,30,2.0,3.8,0.7,222,35,2.0,3.1,0.6,227,30,44,29.70,,0,0,0,38.6,38.7,41.6,0.17,0.16,0.08
SCHU,2015-12-02 12:35:00 EST,43.11700,-73.57829,103,42.6,42.5,42.6,96.8,41.8,0.000,0.222,0.00,0.002,2.0,3.7,0.8,187,16,2.2,4.3,0.8,180,17,2.0,3.7,0.8,187,16,37,29.69,,0,0,0,38.6,38.6,41.6,0.17,0.16,0.07
SCHU,2015-12-02 12:40:00 EST,43.11700,-73.57829,103,42.7,42.6,42.7,96.9,41.9,0.000,0.222,0.00,0.002,1.7,2.8,0.5,201,14,1.9,3.6,0.6,193,15,1.7,2.8,0.5,201,14,30,29.69,,0,0,0,38.6,38.6,41.6,0.17,0.16,0.08
SCHU,2015-12-02 12:45:00 EST,43.11700,-73.57829,103,42.7,42.7,42.7,96.9,41.9,0.000,0.222,0.00,0.002,1.7,2.6,0.5,171,20,2.0,3.1,0.6,161,21,1.7,2.6,0.5,171,20,30,29.69,,0,0,0,38.7,38.6,41.6,0.17,0.16,0.08
SCHU,2015-12-02 12:50:00 EST,43.11700,-73.57829,103,42.8,42.7,42.8,97.0,42.0,0.000,0.222,0.00,0.000,2.2,3.9,0.7,161,12,2.5,4.9,0.9,151,12,2.2,3.9,0.7,161,12,29,29.69,,0,0,0,38.8,38.7,41.6,0.17,0.16,0.08
SCHU,2015-12-02 12:55:00 EST,43.11700,-73.57829,103,42.8,42.8,42.8,96.9,42.0,0.000,0.222,0.00,0.000,0.4,1.4,0.4,180,27,1.0,2.5,0.4,186,68,0.4,1.4,0.4,180,27,23,29.69,,0,0,0,38.9,38.7,41.6,0.17,0.16,0.08
SCHU,2015-12-02 13:00:00 EST,43.11700,-73.57829,103,42.9,42.8,42.9,96.9,42.1,0.000,0.222,0.00,0.000,0.6,1.8,0.5,277,19,0.9,2.0,0.5,279,30,0.6,1.8,0.5,277,19,24,29.69,,0,0,0,38.8,38.7,41.6,0.17,0.16,0.08
SCHU,2015-12-02 13:05:00 EST,43.11700,-73.57829,103,42.8,42.7,42.8,97.4,42.1,0.005,0.227,0.00,0.005,1.5,2.6,0.4,300,10,1.6,3.1,0.4,305,12,1.5,2.6,0.4,300,10,23,29.70,,0,0,0,39.0,38.7,41.6,0.17,0.16,0.08
SCHU,2015-12-02 13:10:00 EST,43.11700,-73.57829,103,42.6,42.5,42.6,97.5,41.9,0.005,0.232,0.00,0.010,1.5,3.1,0.8,285,17,1.8,3.8,0.8,294,28,1.5,3.1,0.8,285,17,23,29.70,,0,0,0,39.0,38.7,41.6,0.17,0.16,0.08
SCHU,2015-12-02 13:15:00 EST,43.11700,-73.57829,103,42.6,42.5,42.6,97.6,41.9,0.005,0.237,0.00,0.015,0.6,1.6,0.6,290,16,1.0,2.0,0.5,299,44,0.6,1.6,0.6,290,16,26,29.70,,0,0,0,39.0,38.7,41.6,0.17,0.16,0.08
SCHU,2015-12-02 13:20:00 EST,43.11700,-73.57829,103,42.6,42.5,42.6,97.6,42.0,0.005,0.242,0.00,0.020,0.0,0.4,0.0,186,0,0.5,1.3,0.3,144,64,0.0,0.4,0.0,186,0,27,29.70,,0,0,0,39.0,38.7,41.6,0.17,0.17,0.08
SCHU,2015-12-02 13:25:00 EST,43.11700,-73.57829,103,42.6,42.6,42.6,97.5,41.9,0.003,0.244,0.00,0.022,1.0,1.8,0.4,156,13,1.4,2.5,0.5,144,12,1.0,1.8,0.4,156,13,27,29.70,,0,0,0,39.1,38.7,41.6,0.17,0.16,0.08
SCHU,2015-12-02 13:30:00 EST,43.11700,-73.57829,103,42.7,42.5,42.7,97.5,42.0,0.005,0.249,0.00,0.027,1.5,2.0,0.3,130,13,1.9,2.7,0.4,122,13,1.5,2.0,0.3,130,13,30,29.69,,0,0,0,39.1,38.8,41.6,0.17,0.16,0.07
SCHU,2015-12-02 13:35:00 EST,43.11700,-73.57829,103,42.6,42.5,42.6,97.6,41.9,0.003,0.251,0.00,0.029,1.6,2.3,0.4,134,15,2.0,2.9,0.5,125,15,1.6,2.3,0.4,134,15,31,29.69,,0,0,0,39.2,38.8,41.6,0.17,0.17,0.08
SCHU,2015-12-02 13:40:00 EST,43.11700,-73.57829,103,42.6,42.5,42.6,98.0,42.1,0.003,0.254,0.00,0.032,1.4,2.0,0.2,117,12,2.0,2.7,0.3,109,11,1.4,2.0,0.2,117,12,35,29.68,,0,0,0,39.2,38.8,41.6,0.17,0.16,0.08
SCHU,2015-12-02 13:45:00 EST,43.11700,-73.57829,103,42.6,42.5,42.6,98.2,42.1,0.002,0.256,0.00,0.034,1.4,1.9,0.3,106,9,2.0,2.9,0.5,101,9,1.4,1.9,0.3,106,9,41,29.67,,0,0,0,39.2,38.8,41.6,0.17,0.16,0.08
SCHU,2015-12-02 13:50:00 EST,43.11700,-73.57829,103,42.7,42.6,42.7,98.3,42.2,0.002,0.258,0.00,0.036,0.9,1.5,0.3,118,7,1.5,2.5,0.3,109,9,0.9,1.5,0.3,118,7,41,29.67,,0,0,0,39.2,38.8,41.6,0.17,0.16,0.08
SCHU,2015-12-02 13:55:00 EST,43.11700,-73.57829,103,42.7,42.7,42.7,98.2,42.3,0.000,0.258,0.00,0.036,1.0,1.5,0.3,127,8,1.4,2.0,0.3,118,11,1.0,1.5,0.3,127,8,38,29.67,,0,0,0,39.2,38.9,41.6,0.17,0.16,0.08
SCHU,2015-12-02 14:00:00 EST,43.11700,-73.57829,103,42.8,42.7,42.8,98.2,42.3,0.004,0.261,0.00,0.040,0.4,1.5,0.5,136,7,0.9,4.0,0.5,127,22,0.4,1.5,0.5,136,7,34,29.67,,0,0,0,39.2,38.8,41.5,0.17,0.16,0.08
SCHU,2015-12-02 14:05:00 EST,43.11700,-73.57829,103,42.8,42.7,42.8,98.1,42.3,0.001,0.262,0.00,0.036,0.1,0.7,0.2,104,13,0.9,1.6,0.4,103,40,0.1,0.7,0.2,104,13,32,29.66,,0,0,0,39.2,38.9,41.6,0.17,0.16,0.08
SCHU,2015-12-02 14:10:00 EST,43.11700,-73.57829,103,42.8,42.7,42.8,98.0,42.3,0.000,0.262,0.00,0.031,0.0,0.0,0.0,0,0,0.7,1.1,0.3,27,40,0.0,0.0,0.0,0,0,37,29.66,,0,0,0,39.3,38.9,41.6,0.17,0.17,0.07
SCHU,2015-12-02 14:15:00 EST,43.11700,-73.57829,103,42.8,42.8,42.8,97.8,42.2,0.000,0.262,0.00,0.026,0.4,1.1,0.4,331,1,0.9,1.6,0.3,341,13,0.4,1.1,0.4,331,1,37,29.65,,0,0,0,39.3,38.9,41.6,0.17,0.16,0.08
SCHU,2015-12-02 14:20:00 EST,43.11700,-73.57829,103,42.9,42.8,42.9,97.7,42.3,0.002,0.264,0.00,0.023,0.8,1.2,0.2,322,14,1.1,1.6,0.2,331,19,0.8,1.2,0.2,322,14,38,29.65,,0,0,0,39.4,38.9,41.6,0.17,0.16,0.08
SCHU,2015-12-02 14:25:00 EST,43.11700,-73.57829,103,42.9,42.8,42.9,97.8,42.3,0.000,0.264,0.00,0.020,1.4,2.0,0.2,313,7,1.4,2.0,0.2,318,9,1.4,2.0,0.2,313,7,42,29.65,,0,0,0,39.4,38.9,41.6,0.17,0.17,0.08
SCHU,2015-12-02 14:30:00 EST,43.11700,-73.57829,103,42.9,42.8,42.9,97.9,42.3,0.000,0.264,0.00,0.016,1.4,2.0,0.3,299,8,1.4,2.2,0.3,302,9,1.4,2.0,0.3,299,8,36,29.65,,0,0,0,39.4,38.9,41.6,0.17,0.17,0.08
SCHU,2015-12-02 14:35:00 EST,43.11700,-73.57829,103,42.8,42.7,42.8,97.8,42.2,0.000,0.264,0.00,0.013,1.3,1.9,0.3,312,12,1.4,2.2,0.3,317,14,1.3,1.9,0.3,312,12,27,29.64,,0,0,0,39.5,39.0,41.6,0.17,0.16,0.08
SCHU,2015-12-02 14:40:00 EST,43.11700,-73.57829,103,42.7,42.7,42.7,97.8,42.1,0.000,0.264,0.00,0.010,1.0,1.8,0.3,314,8,1.1,2.0,0.3,324,13,1.0,1.8,0.3,314,8,23,29.64,,0,0,0,39.5,39.0,41.6,0.17,0.16,0.08
SCHU,2015-12-02 14:45:00 EST,43.11700,-73.57829,103,42.7,42.7,42.7,97.9,42.2,0.000,0.264,0.00,0.008,0.9,1.6,0.3,351,10,1.5,2.9,0.4,360,12,0.9,1.6,0.3,351,10,23,29.64,,0,0,0,39.5,39.0,41.6,0.17,0.16,0.08
SCHU,2015-12-02 14:50:00 EST,43.11700,-73.57829,103,42.8,42.8,42.8,98.1,42.3,0.000,0.264,0.00,0.007,0.8,1.8,0.5,350,9,1.5,2.7,0.5,356,9,0.8,1.8,0.5,350,9,25,29.63,,0,0,0,39.5,39.0,41.6,0.17,0.17,0.08
SCHU,2015-12-02 14:55:00 EST,43.11700,-73.57829,103,42.8,42.8,42.8,98.1,42.3,0.002,0.266,0.00,0.009,0.7,1.2,0.4,329,9,1.1,1.8,0.3,338,12,0.7,1.2,0.4,329,9,27,29.63,,0,0,0,39.5,39.0,41.6,0.17,0.17,0.08
SCHU,2015-12-02 15:00:00 EST,43.11700,-73.57829,103,42.8,42.8,42.8,98.2,42.4,0.001,0.267,0.00,0.006,1.1,1.6,0.2,318,5,1.1,1.6,0.2,323,8,1.1,1.6,0.2,318,5,25,29.63,,0,0,0,39.5,39.0,41.6,0.17,0.16,0.08
SCHU,2015-12-02 15:05:00 EST,43.11700,-73.57829,103,42.8,42.8,42.8,98.4,42.4,0.000,0.267,0.00,0.005,1.2,1.7,0.2,322,11,1.4,2.2,0.3,331,14,1.2,1.7,0.2,322,11,21,29.63,,0,0,0,39.5,39.0,41.6,0.16,0.17,0.07
SCHU,2015-12-02 15:10:00 EST,43.11700,-73.57829,103,42.8,42.8,42.8,98.5,42.4,0.000,0.267,0.00,0.005,1.7,2.8,0.4,349,8,2.5,4.0,0.6,356,8,1.7,2.8,0.4,349,8,18,29.63,,0,0,0,39.6,39.1,41.6,0.17,0.17,0.08
SCHU,2015-12-02 15:15:00 EST,43.11700,-73.57829,103,42.7,42.8,42.7,98.5,42.3,0.000,0.267,0.00,0.005,1.8,2.8,0.4,334,13,2.2,3.8,0.7,342,13,1.8,2.8,0.4,334,13,14,29.62,,0,0,0,39.7,39.1,41.6,0.17,0.16,0.08
SCHU,2015-12-02 15:20:00 EST,43.11700,-73.57829,103,42.6,42.8,42.6,98.6,42.3,0.003,0.270,0.00,0.006,1.3,1.9,0.3,304,10,1.4,2.0,0.3,309,15,1.3,1.9,0.3,304,10,11,29.63,,0,0,0,39.7,39.1,41.6,0.17,0.17,0.08
SCHU,2015-12-02 15:25:00 EST,43.11700,-73.57829,103,42.7,42.8,42.7,98.7,42.4,0.002,0.272,0.00,0.007,1.1,2.2,0.3,312,10,1.2,1.8,0.3,321,14,1.1,2.2,0.3,312,10,7,29.63,,0,0,0,39.8,39.1,41.6,0.17,0.17,0.07
SCHU,2015-12-02 15:30:00 EST,43.11700,-73.57829,103,42.7,42.8,42.7,98.7,42.4,0.003,0.275,0.00,0.011,0.9,1.8,0.4,329,22,1.3,2.9,0.4,337,23,0.9,1.8,0.4,329,22,6,29.63,,0,0,0,39.8,39.2,41.6,0.17,0.17,0.08
SCHU,2015-12-02 15:35:00 EST,43.11700,-73.57829,103,42.7,42.8,42.7,98.7,42.4,0.006,0.281,0.00,0.017,1.5,2.3,0.3,359,20,2.0,3.4,0.5,7,19,1.5,2.3,0.3,359,20,6,29.62,,0,0,0,39.7,39.2,41.6,0.17,0.17,0.08
SCHU,2015-12-02 15:40:00 EST,43.11700,-73.57829,103,42.7,42.8,42.7,98.7,42.4,0.005,0.286,0.00,0.022,2.1,2.7,0.3,28,10,2.6,3.4,0.4,33,11,2.1,2.7,0.3,28,10,6,29.61,,0,0,0,39.8,39.2,41.6,0.17,0.17,0.08
SCHU,2015-12-02 15:45:00 EST,43.11700,-73.57829,103,42.5,42.7,42.5,98.7,42.1,0.007,0.293,0.00,0.028,1.1,2.0,0.4,16,28,1.6,2.5,0.4,20,28,1.1,2.0,0.4,16,28,6,29.61,,0,0,0,39.9,39.2,41.6,0.17,0.17,0.08
SCHU,2015-12-02 15:50:00 EST,43.11700,-73.57829,103,42.6,42.8,42.6,98.8,42.3,0.005,0.297,0.00,0.033,1.2,2.3,0.3,332,15,1.6,3.6,0.6,340,16,1.2,2.3,0.3,332,15,5,29.60,,0,0,0,39.9,39.2,41.6,0.17,0.17,0.08
SCHU,2015-12-02 15:55:00 EST,43.11700,-73.57829,103,42.7,42.9,42.7,98.9,42.4,0.002,0.299,0.00,0.033,1.3,2.5,0.4,356,14,2.0,4.3,0.6,4,15,1.3,2.5,0.4,356,14,5,29.59,,0,0,0,39.9,39.2,41.6,0.16,0.17,0.08
SCHU,2015-12-02 16:00:00 EST,43.11700,-73.57829,103,42.7,42.8,42.7,98.9,42.4,0.002,0.301,0.00,0.034,1.5,2.7,0.4,328,35,1.9,3.6,0.6,334,36,1.5,2.7,0.4,328,35,4,29.59,,0,0,0,39.9,39.2,41.6,0.17,0.17,0.08
SCHU,2015-12-02 16:05:00 EST,43.11700,-73.57829,103,42.8,42.9,42.8,98.9,42.5,0.000,0.301,0.00,0.034,1.7,3.1,0.4,277,16,1.9,3.4,0.6,278,19,1.7,3.1,0.4,277,16,3,29.60,,0,0,0,39.9,39.2,41.6,0.17,0.17,0.08
SCHU,2015-12-02 16:10:00 EST,43.11700,-73.57829,103,42.7,42.8,42.7,98.9,42.5,0.000,0.301,0.00,0.034,1.4,2.2,0.6,280,16,1.6,2.7,0.6,284,21,1.4,2.2,0.6,280,16,2,29.60,,0,0,0,39.9,39.2,41.6,0.17,0.17,0.08
SCHU,2015-12-02 16:15:00 EST,43.11700,-73.57829,103,42.7,42.8,42.7,98.9,42.4,0.000,0.301,0.00,0.034,0.0,0.0,0.0,0,0,0.5,1.8,0.3,322,55,0.0,0.0,0.0,0,0,1,29.59,,0,0,0,39.9,39.2,41.6,0.17,0.17,0.08
SCHU,2015-12-02 16:20:00 EST,43.11700,-73.57829,103,42.7,42.8,42.7,98.9,42.4,0.000,0.301,0.00,0.031,0.5,1.5,0.6,174,4,0.9,1.8,0.5,159,27,0.5,1.5,0.6,174,4,0,29.59,,0,0,0,39.9,39.2,41.6,0.17,0.17,0.08
SCHU,2015-12-02 16:25:00 EST,43.11700,-73.57829,103,42.6,42.8,42.6,98.9,42.3,0.000,0.301,0.00,0.029,0.7,1.2,0.4,206,16,0.9,1.6,0.2,211,30,0.7,1.2,0.4,206,16,0,29.59,,0,0,0,40.0,39.2,41.6,0.17,0.17,0.08
SCHU,2015-12-02 16:30:00 EST,43.11700,-73.57829,103,42.5,42.7,42.5,98.9,42.2,0.000,0.301,0.00,0.026,0.6,2.0,0.7,96,5,1.1,2.9,0.9,94,30,0.6,2.0,0.7,96,5,0,29.58,,0,0,0,39.9,39.2,41.6,0.17,0.17,0.08
SCHU,2015-12-02 16:35:00 EST,43.11700,-73.57829,103,42.3,42.6,42.3,98.8,42.0,0.000,0.301,0.00,0.020,1.4,2.1,0.2,54,24,2.0,2.9,0.4,48,19,1.4,2.1,0.2,54,24,0,29.56,,0,0,0,40.0,39.3,41.6,0.17,0.17,0.08
SCHU,2015-12-02 16:40:00 EST,43.11700,-73.57829,103,42.2,42.5,42.2,98.9,42.0,0.000,0.301,0.00,0.015,1.6,2.4,0.5,358,9,2.2,3.1,0.6,3,16,1.6,2.4,0.5,358,9,0,29.56,,0,0,0,40.0,39.3,41.6,0.17,0.17,0.08
SCHU,2015-12-02 16:45:00 EST,43.11700,-73.57829,103,42.2,42.5,42.2,99.0,41.9,0.002,0.303,0.00,0.011,1.9,3.0,0.4,307,26,2.2,4.3,0.6,313,28,1.9,3.0,0.4,307,26,0,29.56,,0,0,0,40.0,39.3,41.6,0.17,0.17,0.07
SCHU,2015-12-02 16:50:00 EST,43.11700,-73.57829,103,42.1,42.5,42.1,99.0,41.9,0.000,0.303,0.00,0.006,2.4,3.4,0.5,291,13,2.6,4.0,0.7,293,15,2.4,3.4,0.5,291,13,0,29.56,,0,0,0,40.0,39.3,41.6,0.17,0.17,0.08
SCHU,2015-12-02 16:55:00 EST,43.11700,-73.57829,103,42.2,42.5,42.2,99.1,41.9,0.001,0.304,0.00,0.005,1.0,2.3,0.6,296,20,1.2,2.7,0.6,300,24,1.0,2.3,0.6,296,20,0,29.56,,0,0,0,40.0,39.3,41.6,0.17,0.17,0.08
SCHU,2015-12-02 17:00:00 EST,43.11700,-73.57829,103,42.2,42.6,42.2,99.2,42.0,0.000,0.304,0.00,0.003,1.4,2.8,0.7,304,13,1.6,2.9,0.6,310,17,1.4,2.8,0.7,304,13,0,29.56,,0,0,0,40.0,39.3,41.6,0.17,0.17,0.08
SCHU,2015-12-02 17:05:00 EST,43.11700,-73.57829,103,42.4,42.7,42.4,99.2,42.2,0.000,0.304,0.00,0.003,2.0,3.8,0.7,316,21,2.3,4.7,0.7,325,23,2.0,3.8,0.7,316,21,0,29.55,,0,0,0,40.0,39.4,41.5,0.17,0.17,0.08
SCHU,2015-12-02 17:10:00 EST,43.11700,-73.57829,103,42.5,42.7,42.5,99.3,42.3,0.000,0.304,0.00,0.003,2.3,3.9,0.6,308,20,2.5,4.7,0.7,314,21,2.3,3.9,0.6,308,20,0,29.55,,0,0,0,40.0,39.4,41.6,0.17,0.17,0.08
SCHU,2015-12-02 17:15:00 EST,43.11700,-73.57829,103,42.5,42.7,42.5,99.3,42.3,0.000,0.304,0.00,0.003,2.1,4.2,0.6,333,23,2.5,6.0,0.8,342,22,2.1,4.2,0.6,333,23,0,29.55,,0,0,0,40.1,39.4,41.6,0.17,0.17,0.08
SCHU,2015-12-02 17:20:00 EST,43.11700,-73.57829,103,42.7,42.8,42.7,99.3,42.5,0.000,0.304,0.00,0.003,1.4,3.1,0.6,354,21,2.0,4.3,0.8,1,23,1.4,3.1,0.6,354,21,0,29.54,,0,0,0,40.1,39.4,41.6,0.17,0.17,0.08
SCHU,2015-12-02 17:25:00 EST,43.11700,-73.57829,103,42.6,42.7,42.6,99.3,42.4,0.000,0.304,0.00,0.003,1.4,2.5,0.6,8,15,2.0,3.4,0.6,13,17,1.4,2.5,0.6,8,15,0,29.54,,0,0,0,40.0,39.4,41.6,0.17,0.17,0.08
SCHU,2015-12-02 17:30:00 EST,43.11700,-73.57829,103,42.6,42.7,42.6,99.2,42.4,0.000,0.304,0.00,0.003,1.2,2.3,0.5,268,19,1.4,2.9,0.5,269,23,1.2,2.3,0.5,268,19,0,29.55,,0,0,0,40.1,39.4,41.6,0.17,0.17,0.08
SCHU,2015-12-02 17:35:00 EST,43.11700,-73.57829,103,42.5,42.7,42.5,99.2,42.3,0.000,0.304,0.00,0.003,2.0,3.1,0.7,277,10,2.2,3.6,0.7,281,14,2.0,3.1,0.7,277,10,0,29.55,,0,0,0,40.1,39.4,41.6,0.17,0.17,0.08
SCHU,2015-12-02 17:40:00 EST,43.11700,-73.57829,103,42.6,42.8,42.6,99.2,42.3,0.000,0.304,0.00,0.003,1.3,2.6,0.6,335,29,1.9,3.4,0.5,350,30,1.3,2.6,0.6,335,29,0,29.55,,0,0,0,40.0,39.4,41.6,0.17,0.17,0.08
SCHU,2015-12-02 17:45:00 EST,43.11700,-73.57829,103,42.6,42.8,42.6,99.2,42.4,0.000,0.304,0.00,0.001,1.6,2.4,0.6,354,21,2.1,3.8,0.6,3,21,1.6,2.4,0.6,354,21,0,29.54,,0,0,0,40.0,39.4,41.6,0.17,0.17,0.08
SCHU,2015-12-02 17:50:00 EST,43.11700,-73.57829,103,42.6,42.8,42.6,99.2,42.4,0.000,0.304,0.00,0.001,2.3,3.4,0.5,299,31,2.5,4.3,0.6,304,35,2.3,3.4,0.5,299,31,0,29.55,,0,0,0,40.1,39.4,41.6,0.17,0.17,0.08
SCHU,2015-12-02 17:55:00 EST,43.11700,-73.57829,103,42.6,42.9,42.6,99.2,42.4,0.000,0.304,0.00,0.000,0.8,2.6,0.8,210,19,1.1,2.9,0.6,179,49,0.8,2.6,0.8,210,19,0,29.55,,0,0,0,40.0,39.5,41.6,0.17,0.17,0.08
SCHU,2015-12-02 18:00:00 EST,43.11700,-73.57829,103,42.6,42.9,42.6,99.1,42.3,0.003,0.307,0.00,0.003,1.6,2.6,0.8,93,7,2.3,3.6,0.7,89,10,1.6,2.6,0.8,93,7,0,29.54,,0,0,0,40.1,39.5,41.6,0.17,0.17,0.08
SCHU,2015-12-02 18:05:00 EST,43.11700,-73.57829,103,42.4,42.7,42.4,99.1,42.1,0.007,0.314,0.00,0.010,1.9,2.1,0.2,106,5,2.5,2.9,0.3,100,6,1.9,2.1,0.2,106,5,0,29.54,,0,0,0,40.1,39.4,41.6,0.17,0.17,0.08
SCHU,2015-12-02 18:10:00 EST,43.11700,-73.57829,103,42.3,42.6,42.3,99.1,42.1,0.003,0.317,0.00,0.013,0.6,1.5,0.4,78,17,1.1,2.0,0.5,62,21,0.6,1.5,0.4,78,17,0,29.54,,0,0,0,40.1,39.4,41.6,0.17,0.17,0.08
SCHU,2015-12-02 18:15:00 EST,43.11700,-73.57829,103,42.3,42.6,42.3,99.1,42.1,0.005,0.322,0.00,0.018,0.2,0.9,0.3,246,3,0.6,2.9,0.4,211,53,0.2,0.9,0.3,246,3,0,29.55,,0,0,0,40.1,39.5,41.6,0.17,0.17,0.08
SCHU,2015-12-02 18:20:00 EST,43.11700,-73.57829,103,42.3,42.7,42.3,99.1,42.1,0.003,0.325,0.00,0.021,1.0,2.1,0.8,69,16,1.7,3.1,0.9,62,21,1.0,2.1,0.8,69,16,0,29.54,,0,0,0,40.0,39.5,41.6,0.17,0.17,0.08
SCHU,2015-12-02 18:25:00 EST,43.11700,-73.57829,103,42.3,42.6,42.3,99.2,42.1,0.000,0.325,0.00,0.021,1.3,3.7,1.2,77,13,1.8,4.7,1.2,73,16,1.3,3.7,1.2,77,13,0,29.54,,0,0,0,40.1,39.5,41.6,0.17,0.17,0.08
SCHU,2015-12-02 18:30:00 EST,43.11700,-73.57829,103,42.4,42.6,42.4,99.2,42.2,0.000,0.325,0.00,0.021,2.2,4.3,1.1,86,16,2.9,5.6,1.1,81,20,2.2,4.3,1.1,86,16,0,29.53,,0,0,0,40.1,39.6,41.6,0.17,0.17,0.08
SCHU,2015-12-02 18:35:00 EST,43.11700,-73.57829,103,42.5,42.7,42.5,99.3,42.3,0.000,0.325,0.00,0.021,1.0,2.2,0.5,10,38,1.6,3.4,0.7,23,38,1.0,2.2,0.5,10,38,0,29.53,,0,0,0,40.1,39.5,41.6,0.17,0.17,0.08
SCHU,2015-12-02 18:40:00 EST,43.11700,-73.57829,103,42.5,42.7,42.5,99.3,42.3,0.000,0.325,0.00,0.021,2.0,3.7,0.6,76,15,2.7,4.9,0.7,73,13,2.0,3.7,0.6,76,15,0,29.52,,0,0,0,40.1,39.6,41.6,0.17,0.17,0.08
SCHU,2015-12-02 18:45:00 EST,43.11700,-73.57829,103,42.6,42.7,42.6,99.3,42.4,0.000,0.325,0.00,0.021,1.3,2.9,0.7,108,11,1.9,4.3,0.7,102,14,1.3,2.9,0.7,108,11,0,29.53,,0,0,0,40.1,39.6,41.6,0.17,0.17,0.08
SCHU,2015-12-02 18:50:00 EST,43.11700,-73.57829,103,42.7,42.8,42.7,99.2,42.5,0.000,0.325,0.00,0.021,0.5,2.3,0.6,331,13,1.1,3.4,0.7,327,28,0.5,2.3,0.6,331,13,0,29.53,,0,0,0,40.1,39.7,41.6,0.17,0.17,0.08
SCHU,2015-12-02 18:55:00 EST,43.11700,-73.57829,103,42.6,42.8,42.6,99.2,42.4,0.000,0.325,0.00,0.021,0.3,1.3,0.4,307,4,0.8,1.6,0.3,327,25,0.3,1.3,0.4,307,4,0,29.54,,0,0,0,40.1,39.6,41.6,0.17,0.17,0.08
SCHU,2015-12-02 19:00:00 EST,43.11700,-73.57829,103,42.6,42.9,42.6,99.2,42.4,0.000,0.325,0.00,0.018,0.1,0.6,0.1,131,0,0.6,1.1,0.2,75,44,0.1,0.6,0.1,131,0,0,29.54,,0,0,0,40.1,39.7,41.6,0.17,0.17,0.08
SCHU,2015-12-02 19:05:00 EST,43.11700,-73.57829,103,42.5,42.7,42.5,99.1,42.3,0.000,0.325,0.00,0.011,1.1,1.8,0.5,67,21,1.6,2.9,0.5,60,21,1.1,1.8,0.5,67,21,0,29.53,,0,0,0,40.1,39.7,41.6,0.17,0.17,0.08
SCHU,2015-12-02 19:10:00 EST,43.11700,-73.57829,103,42.5,42.7,42.5,99.1,42.2,0.000,0.325,0.00,0.008,0.1,0.9,0.3,29,2,0.7,1.8,0.3,30,9,0.1,0.9,0.3,29,2,0,29.52,,0,0,0,40.1,39.7,41.6,0.17,0.17,0.08
SCHU,2015-12-02 19:15:00 EST,43.11700,-73.57829,103,42.5,42.7,42.5,99.1,42.2,0.000,0.325,0.00,0.003,0.5,1.7,0.6,250,6,0.9,1.8,0.4,269,33,0.5,1.7,0.6,250,6,0,29.52,,0,0,0,40.1,39.7,41.6,0.17,0.17,0.08
SCHU,2015-12-02 19:20:00 EST,43.11700,-73.57829,103,42.4,42.7,42.4,99.1,42.2,0.004,0.329,0.00,0.004,2.3,2.6,0.2,268,8,2.4,2.9,0.3,270,11,2.3,2.6,0.2,268,8,0,29.52,,0,0,0,40.1,39.8,41.6,0.16,0.17,0.07
SCHU,2015-12-02 19:25:00 EST,43.11700,-73.57829,103,42.4,42.7,42.4,99.2,42.2,0.000,0.329,0.00,0.004,1.6,2.5,0.5,316,23,1.9,2.7,0.4,328,25,1.6,2.5,0.5,316,23,0,29.52,,0,0,0,40.1,39.7,41.6,0.17,0.17,0.08
SCHU,2015-12-02 19:30:00 EST,43.11700,-73.57829,103,42.4,42.7,42.4,99.2,42.2,0.000,0.329,0.00,0.004,2.6,3.6,0.6,303,19,2.7,4.3,0.6,307,21,2.6,3.6,0.6,303,19,0,29.53,,0,0,0,40.1,39.8,41.6,0.17,0.17,0.08
SCHU,2015-12-02 19:35:00 EST,43.11700,-73.57829,103,42.5,42.8,42.5,99.2,42.3,0.000,0.329,0.00,0.004,2.0,2.8,0.4,335,21,2.4,3.8,0.5,342,21,2.0,2.8,0.4,335,21,0,29.53,,0,0,0,40.2,39.8,41.6,0.17,0.17,0.08
SCHU,2015-12-02 19:40:00 EST,43.11700,-73.57829,103,42.5,42.7,42.5,99.2,42.3,0.000,0.329,0.00,0.004,1.7,3.7,0.8,339,26,2.1,3.8,0.7,350,28,1.7,3.7,0.8,339,26,0,29.53,,0,0,0,40.2,39.8,41.6,0.17,0.17,0.08
SCHU,2015-12-02 19:45:00 EST,43.11700,-73.57829,103,42.6,42.8,41.1,99.2,42.4,0.000,0.329,0.00,0.004,3.2,6.2,1.6,314,36,3.7,7.2,1.7,319,38,3.2,6.2,1.6,314,36,0,29.53,,0,0,0,40.1,39.8,41.6,0.17,0.17,0.08
SCHU,2015-12-02 19:50:00 EST,43.11700,-73.57829,103,42.6,42.8,41.0,99.2,42.4,0.000,0.329,0.00,0.004,3.2,5.8,1.0,314,40,3.7,6.5,1.1,322,42,3.2,5.8,1.0,314,40,0,29.53,,0,0,0,40.1,39.8,41.6,0.17,0.17,0.08
SCHU,2015-12-02 19:55:00 EST,43.11700,-73.57829,103,42.6,42.9,42.6,99.2,42.4,0.002,0.331,0.00,0.007,2.2,5.4,1.5,340,55,2.7,5.8,1.6,354,56,2.2,5.4,1.5,340,55,0,29.53,,0,0,0,40.2,39.8,41.6,0.17,0.17,0.07
SCHU,2015-12-02 20:00:00 EST,43.11700,-73.57829,103,42.6,42.8,41.1,99.2,42.4,0.005,0.336,0.00,0.012,3.2,5.0,0.7,13,52,3.8,5.8,0.9,21,49,3.2,5.0,0.7,13,52,0,29.53,,0,0,0,40.2,39.9,41.6,0.17,0.17,0.07
SCHU,2015-12-02 20:05:00 EST,43.11700,-73.57829,103,42.6,42.8,42.6,99.1,42.4,0.002,0.338,0.00,0.013,2.4,3.7,0.7,331,46,2.7,4.0,0.6,342,46,2.4,3.7,0.7,331,46,0,29.52,,0,0,0,40.2,39.9,41.6,0.17,0.17,0.08
SCHU,2015-12-02 20:10:00 EST,43.11700,-73.57829,103,42.6,42.8,42.6,99.2,42.4,0.000,0.338,0.00,0.013,2.1,3.7,0.6,342,21,2.8,4.7,0.8,352,18,2.1,3.7,0.6,342,21,0,29.51,,0,0,0,40.1,39.9,41.6,0.17,0.17,0.08
SCHU,2015-12-02 20:15:00 EST,43.11700,-73.57829,103,42.8,42.8,42.8,99.1,42.5,0.000,0.338,0.00,0.013,0.3,1.7,0.4,306,11,0.8,5.8,0.6,345,57,0.3,1.7,0.4,306,11,0,29.52,,0,0,0,40.2,39.9,41.6,0.17,0.17,0.08
SCHU,2015-12-02 20:20:00 EST,43.11700,-73.57829,103,42.7,42.8,42.7,99.1,42.5,0.000,0.338,0.00,0.009,1.1,2.3,0.6,122,37,1.5,2.5,0.4,105,42,1.1,2.3,0.6,122,37,0,29.51,,0,0,0,40.2,39.9,41.6,0.17,0.17,0.08
SCHU,2015-12-02 20:25:00 EST,43.11700,-73.57829,103,42.7,42.8,42.7,99.1,42.4,0.000,0.338,0.00,0.009,0.5,1.2,0.4,201,26,0.9,1.3,0.2,174,37,0.5,1.2,0.4,201,26,0,29.51,,0,0,0,40.2,39.9,41.6,0.17,0.17,0.08
SCHU,2015-12-02 20:30:00 EST,43.11700,-73.57829,103,42.6,42.7,42.6,99.1,42.4,0.000,0.338,0.00,0.009,0.1,0.9,0.2,213,1,0.6,1.1,0.2,148,34,0.1,0.9,0.2,213,1,0,29.51,,0,0,0,40.2,39.9,41.6,0.17,0.17,0.08
SCHU,2015-12-02 20:35:00 EST,43.11700,-73.57829,103,42.6,42.7,42.6,99.1,42.4,0.002,0.340,0.00,0.011,0.1,0.6,0.2,209,0,0.7,5.8,0.5,227,52,0.1,0.6,0.2,209,0,0,29.51,,0,0,0,40.2,39.9,41.7,0.17,0.17,0.08
SCHU,2015-12-02 20:40:00 EST,43.11700,-73.57829,103,42.6,42.8,42.6,99.1,42.3,0.004,0.344,0.00,0.015,0.1,0.6,0.2,297,1,0.6,0.9,0.2,319,11,0.1,0.6,0.2,297,1,0,29.51,,0,0,0,40.2,39.9,41.6,0.17,0.17,0.08
SCHU,2015-12-02 20:45:00 EST,43.11700,-73.57829,103,42.5,42.8,42.5,99.1,42.3,0.004,0.349,0.00,0.020,2.0,2.8,0.7,293,4,2.2,3.1,0.6,296,6,2.0,2.8,0.7,293,4,0,29.52,,0,0,0,40.2,39.9,41.7,0.17,0.17,0.08
SCHU,2015-12-02 20:50:00 EST,43.11700,-73.57829,103,42.5,42.7,42.5,99.1,42.3,0.005,0.354,0.00,0.024,2.8,4.9,0.8,327,11,3.0,5.6,1.0,335,10,2.8,4.9,0.8,327,11,0,29.52,,0,0,0,40.2,39.9,41.6,0.17,0.17,0.08
SCHU,2015-12-02 20:55:00 EST,43.11700,-73.57829,103,42.6,42.7,42.6,99.2,42.4,0.003,0.356,0.00,0.025,0.6,2.0,0.6,235,22,0.9,2.0,0.4,241,55,0.6,2.0,0.6,235,22,0,29.52,,0,0,0,40.3,40.0,41.6,0.17,0.17,0.08
SCHU,2015-12-02 21:00:00 EST,43.11700,-73.57829,103,42.7,42.8,41.2,99.2,42.5,0.006,0.362,0.00,0.026,3.1,4.9,1.1,320,9,3.3,5.4,1.1,326,9,3.1,4.9,1.1,320,9,0,29.52,,0,0,0,40.2,39.9,41.6,0.17,0.17,0.07
SCHU,2015-12-02 21:05:00 EST,43.11700,-73.57829,103,42.6,42.7,42.6,99.2,42.4,0.001,0.363,0.00,0.025,1.9,6.9,1.7,327,16,2.3,8.1,1.5,336,20,1.9,6.9,1.7,327,16,0,29.52,,0,0,0,40.3,40.0,41.6,0.17,0.17,0.08
SCHU,2015-12-02 21:10:00 EST,43.11700,-73.57829,103,42.6,42.7,42.6,99.2,42.4,0.005,0.368,0.00,0.030,2.5,3.7,0.6,340,27,3.0,4.9,0.9,346,27,2.5,3.7,0.6,340,27,0,29.52,,0,0,0,40.2,40.0,41.6,0.17,0.17,0.08
SCHU,2015-12-02 21:15:00 EST,43.11700,-73.57829,103,42.7,42.7,42.7,99.2,42.5,0.008,0.376,0.00,0.038,2.0,3.9,0.9,353,19,2.5,4.3,0.9,0,18,2.0,3.9,0.9,353,19,0,29.52,,0,0,0,40.2,39.9,41.6,0.17,0.17,0.07
SCHU,2015-12-02 21:20:00 EST,43.11700,-73.57829,103,42.6,42.7,42.6,99.1,42.4,0.007,0.383,0.00,0.045,2.2,3.2,0.5,21,23,2.8,4.5,0.7,22,22,2.2,3.2,0.5,21,23,0,29.51,,0,0,0,40.2,40.0,41.6,0.17,0.17,0.08
SCHU,2015-12-02 21:25:00 EST,43.11700,-73.57829,103,42.5,42.6,42.5,99.1,42.3,0.004,0.387,0.00,0.049,2.2,3.8,0.8,326,39,2.5,4.9,0.9,333,39,2.2,3.8,0.8,326,39,0,29.51,,0,0,0,40.3,40.0,41.6,0.17,0.17,0.08
SCHU,2015-12-02 21:30:00 EST,43.11700,-73.57829,103,42.5,42.6,42.5,99.1,42.3,0.001,0.388,0.00,0.050,1.9,4.2,0.9,342,25,2.5,5.4,1.1,349,23,1.9,4.2,0.9,342,25,0,29.50,,0,0,0,40.2,40.0,41.7,0.17,0.17,0.08
SCHU,2015-12-02 21:35:00 EST,43.11700,-73.57829,103,42.6,42.6,41.2,99.1,42.3,0.000,0.388,0.00,0.048,3.0,5.3,1.0,334,20,3.6,6.3,1.0,342,20,3.0,5.3,1.0,334,20,0,29.51,,0,0,0,40.3,40.0,41.7,0.17,0.18,0.08
SCHU,2015-12-02 21:40:00 EST,43.11700,-73.57829,103,42.6,42.7,42.6,99.1,42.4,0.000,0.388,0.00,0.043,0.9,2.2,0.7,333,14,1.5,2.9,0.6,344,25,0.9,2.2,0.7,333,14,0,29.51,,0,0,0,40.3,40.0,41.7,0.17,0.17,0.07
SCHU,2015-12-02 21:45:00 EST,43.11700,-73.57829,103,42.6,42.7,42.6,99.1,42.4,0.000,0.388,0.00,0.039,1.0,2.5,0.8,347,17,1.6,3.6,0.8,358,21,1.0,2.5,0.8,347,17,0,29.51,,0,0,0,40.3,40.0,41.7,0.17,0.18,0.07
SCHU,2015-12-02 21:50:00 EST,43.11700,-73.57829,103,42.5,42.7,42.5,99.1,42.3,0.000,0.388,0.00,0.034,1.1,2.1,0.5,318,7,1.4,2.5,0.4,325,10,1.1,2.1,0.5,318,7,0,29.52,,0,0,0,40.3,40.0,41.7,0.17,0.17,0.08
SCHU,2015-12-02 21:55:00 EST,43.11700,-73.57829,103,42.5,42.7,42.5,99.1,42.3,0.000,0.388,0.00,0.032,1.6,3.4,0.8,316,9,1.7,3.6,0.7,323,11,1.6,3.4,0.8,316,9,0,29.52,,0,0,0,40.3,40.1,41.7,0.17,0.17,0.08
SCHU,2015-12-02 22:00:00 EST,43.11700,-73.57829,103,42.6,42.7,42.6,99.1,42.3,0.000,0.388,0.00,0.026,2.1,3.1,0.6,326,18,2.3,3.8,0.7,332,17,2.1,3.1,0.6,326,18,0,29.52,,0,0,0,40.3,40.1,41.7,0.17,0.17,0.08
SCHU,2015-12-02 22:05:00 EST,43.11700,-73.57829,103,42.6,42.6,42.6,99.1,42.3,0.000,0.388,0.00,0.025,1.9,3.8,0.7,310,30,2.2,4.5,0.9,315,32,1.9,3.8,0.7,310,30,0,29.52,,0,0,0,40.3,40.1,41.7,0.17,0.17,0.08
SCHU,2015-12-02 22:10:00 EST,43.11700,-73.57829,103,42.6,42.7,42.6,99.1,42.4,0.000,0.388,0.00,0.020,2.1,4.2,0.8,330,25,2.5,5.8,1.1,338,25,2.1,4.2,0.8,330,25,0,29.52,,0,0,0,40.3,40.1,41.7,0.17,0.17,0.08
SCHU,2015-12-02 22:15:00 EST,43.11700,-73.57829,103,42.7,42.7,42.7,99.1,42.4,0.000,0.388,0.00,0.012,0.6,2.3,0.5,294,54,1.0,2.5,0.5,350,65,0.6,2.3,0.5,294,54,0,29.52,,0,0,0,40.3,40.1,41.7,0.17,0.17,0.08
SCHU,2015-12-02 22:20:00 EST,43.11700,-73.57829,103,42.7,42.7,42.7,99.1,42.4,0.002,0.390,0.00,0.007,0.1,0.9,0.2,41,8,0.8,1.6,0.4,37,36,0.1,0.9,0.2,41,8,0,29.52,,0,0,0,40.3,40.1,41.7,0.17,0.18,0.08
SCHU,2015-12-02 22:25:00 EST,43.11700,-73.57829,103,42.6,42.7,42.6,99.1,42.4,0.001,0.391,0.00,0.004,1.0,2.5,0.8,238,23,1.2,2.7,0.6,234,49,1.0,2.5,0.8,238,23,0,29.52,,0,0,0,40.3,40.1,41.7,0.17,0.17,0.08
SCHU,2015-12-02 22:30:00 EST,43.11700,-73.57829,103,42.6,42.8,42.6,99.1,42.4,0.001,0.392,0.00,0.004,0.6,1.2,0.4,7,21,1.1,2.5,0.5,11,22,0.6,1.2,0.4,7,21,0,29.51,,0,0,0,40.3,40.1,41.7,0.17,0.17,0.08
SCHU,2015-12-02 22:35:00 EST,43.11700,-73.57829,103,42.6,42.7,42.6,99.1,42.3,0.000,0.392,0.00,0.004,0.7,1.2,0.5,307,1,1.0,1.3,0.3,313,8,0.7,1.2,0.5,307,1,0,29.51,,0,0,0,40.3,40.1,41.7,0.17,0.17,0.08
SCHU,2015-12-02 22:40:00 EST,43.11700,-73.57829,103,42.5,42.8,42.5,99.1,42.3,0.000,0.392,0.00,0.004,0.6,1.5,0.5,343,8,1.1,2.5,0.7,1,31,0.6,1.5,0.5,343,8,0,29.51,,0,0,0,40.3,40.2,41.7,0.17,0.18,0.08
SCHU,2015-12-02 22:45:00 EST,43.11700,-73.57829,103,42.5,42.8,42.5,99.1,42.3,0.000,0.392,0.00,0.004,0.2,0.9,0.3,132,9,0.9,1.1,0.2,118,15,0.2,0.9,0.3,132,9,0,29.51,,0,0,0,40.3,40.2,41.7,0.17,0.17,0.08
SCHU,2015-12-02 22:50:00 EST,43.11700,-73.57829,103,42.5,42.7,42.5,99.1,42.3,0.000,0.392,0.00,0.004,0.1,0.6,0.2,143,0,0.7,1.1,0.2,138,14,0.1,0.6,0.2,143,0,0,29.51,,0,0,0,40.4,40.2,41.7,0.17,0.17,0.08
SCHU,2015-12-02 22:55:00 EST,43.11700,-73.57829,103,42.5,42.6,42.5,99.1,42.2,0.000,0.392,0.00,0.004,0.0,0.0,0.0,0,0,0.4,4.5,0.5,110,71,0.0,0.0,0.0,0,0,0,29.51,,0,0,0,40.3,40.2,41.7,0.17,0.17,0.08
SCHU,2015-12-02 23:00:00 EST,43.11700,-73.57829,103,42.5,42.6,42.5,99.1,42.3,0.000,0.392,0.00,0.004,0.1,0.6,0.2,294,3,0.8,2.5,0.3,321,21,0.1,0.6,0.2,294,3,0,29.51,,0,0,0,40.4,40.2,41.7,0.17,0.18,0.08
SCHU,2015-12-02 23:05:00 EST,43.11700,-73.57829,103,42.5,42.6,42.5,99.2,42.2,0.000,0.392,0.00,0.004,0.5,1.6,0.6,299,7,1.0,1.8,0.3,309,17,0.5,1.6,0.6,299,7,0,29.52,,0,0,0,40.4,40.2,41.7,0.17,0.17,0.08
SCHU,2015-12-02 23:10:00 EST,43.11700,-73.57829,103,42.4,42.6,42.4,99.2,42.2,0.000,0.392,0.00,0.004,1.8,2.1,0.2,305,3,1.7,2.0,0.2,311,4,1.8,2.1,0.2,305,3,0,29.52,,0,0,0,40.4,40.2,41.7,0.17,0.18,0.08
SCHU,2015-12-02 23:15:00 EST,43.11700,-73.57829,103,42.4,42.6,42.4,99.2,42.2,0.000,0.392,0.00,0.004,1.7,2.5,0.3,313,8,1.8,4.9,0.4,322,10,1.7,2.5,0.3,313,8,0,29.52,,0,0,0,40.3,40.2,41.7,0.17,0.18,0.07
SCHU,2015-12-02 23:20:00 EST,43.11700,-73.57829,103,42.5,42.7,42.5,99.2,42.3,0.000,0.392,0.00,0.002,1.8,2.8,0.5,332,14,2.2,3.8,0.5,340,14,1.8,2.8,0.5,332,14,0,29.51,,0,0,0,40.4,40.2,41.7,0.17,0.18,0.08
SCHU,2015-12-02 23:25:00 EST,43.11700,-73.57829,103,42.6,42.8,42.6,99.3,42.4,0.000,0.392,0.00,0.001,0.2,1.2,0.3,34,5,0.9,1.6,0.4,33,29,0.2,1.2,0.3,34,5,0,29.51,,0,0,0,40.4,40.2,41.7,0.17,0.18,0.08
SCHU,2015-12-02 23:30:00 EST,43.11700,-73.57829,103,42.6,42.8,42.6,99.3,42.4,0.000,0.392,0.00,0.000,0.6,1.4,0.4,73,12,1.3,2.5,0.4,71,14,0.6,1.4,0.4,73,12,0,29.51,,0,0,0,40.4,40.2,41.7,0.17,0.17,0.08
SCHU,2015-12-02 23:35:00 EST,43.11700,-73.57829,103,42.5,42.8,42.5,99.3,42.3,0.000,0.392,0.00,0.000,1.9,2.6,0.3,105,15,2.4,3.1,0.3,99,15,1.9,2.6,0.3,105,15,0,29.51,,0,0,0,40.5,40.2,41.7,0.17,0.17,0.07
SCHU,2015-12-02 23:40:00 EST,43.11700,-73.57829,103,42.5,42.7,42.5,99.3,42.3,0.000,0.392,0.00,0.000,1.6,2.6,0.7,122,4,2.0,5.8,0.7,118,9,1.6,2.6,0.7,122,4,0,29.51,,0,0,0,40.4,40.2,41.7,0.17,0.17,0.08
SCHU,2015-12-02 23:45:00 EST,43.11700,-73.57829,103,42.4,42.7,42.4,99.3,42.3,0.000,0.392,0.00,0.000,1.1,1.5,0.3,165,14,1.3,2.0,0.2,156,18,1.1,1.5,0.3,165,14,0,29.51,,0,0,0,40.4,40.3,41.7,0.17,0.17,0.08
SCHU,2015-12-02 23:50:00 EST,43.11700,-73.57829,103,42.5,42.8,42.5,99.3,42.3,0.000,0.392,0.00,0.000,1.3,2.0,0.4,203,23,1.4,2.0,0.3,194,26,1.3,2.0,0.4,203,23,0,29.51,,0,0,0,40.4,40.2,41.7,0.17,0.18,0.08
SCHU,2015-12-02 23:55:00 EST,43.11700,-73.57829,103,42.5,42.8,42.5,99.4,42.3,0.000,0.392,0.00,0.000,1.5,2.0,0.3,191,15,1.7,2.9,0.4,182,19,1.5,2.0,0.3,191,15,0,29.51,,0,0,0,40.4,40.2,41.7,0.17,0.17,0.08
SPRA,2015-12-02 00:00:00 EST,42.87427,-74.50859,656,37.4,37.4,31.5,97.9,36.9,0.000,0.086,0.00,0.002,8.0,11.5,1.7,71,9,9.2,13.9,2.0,75,7,8.0,11.5,1.7,71,9,0,29.25,,0,0,0,38.2,39.9,43.5,0.39,0.41,0.41
SPRA,2015-12-02 00:05:00 EST,42.87427,-74.50859,656,37.4,37.4,31.6,98.0,36.9,0.000,0.000,0.00,0.002,7.7,10.4,1.2,74,10,9.0,12.3,1.7,77,8,7.7,10.4,1.2,74,10,0,29.25,,0,0,0,38.3,39.9,43.5,0.39,0.41,0.41
SPRA,2015-12-02 00:10:00 EST,42.87427,-74.50859,656,37.4,37.4,31.4,98.0,36.9,0.000,0.000,0.00,0.002,8.1,11.1,1.5,72,12,9.4,12.8,1.8,74,10,8.1,11.1,1.5,72,12,0,29.25,,0,0,0,38.3,39.9,43.5,0.39,0.41,0.41
SPRA,2015-12-02 00:15:00 EST,42.87427,-74.50859,656,37.4,37.4,32.4,98.0,36.9,0.000,0.000,0.00,0.002,6.5,8.6,1.0,67,10,7.5,10.7,1.3,70,9,6.5,8.6,1.0,67,10,0,29.25,,0,0,0,38.3,39.9,43.5,0.39,0.41,0.41
SPRA,2015-12-02 00:20:00 EST,42.87427,-74.50859,656,37.4,37.4,33.2,98.0,36.9,0.000,0.000,0.00,0.002,5.3,7.5,0.9,67,14,6.1,9.4,1.3,70,14,5.3,7.5,0.9,67,14,0,29.25,,0,0,0,38.3,39.9,43.5,0.39,0.41,0.41
SPRA,2015-12-02 00:25:00 EST,42.87427,-74.50859,656,37.4,37.4,32.7,98.0,36.9,0.000,0.000,0.00,0.002,6.0,9.6,1.3,70,10,7.0,11.2,1.8,73,10,6.0,9.6,1.3,70,10,0,29.24,,0,0,0,38.3,39.9,43.5,0.39,0.41,0.41
SPRA,2015-12-02 00:30:00 EST,42.87427,-74.50859,656,37.5,37.4,32.7,98.0,36.9,0.000,0.000,0.00,0.002,6.1,8.4,1.3,69,10,6.9,10.3,1.5,71,10,6.1,8.4,1.3,69,10,0,29.24,,0,0,0,38.3,39.9,43.5,0.39,0.41,0.41
SPRA,2015-12-02 00:35:00 EST,42.87427,-74.50859,656,37.5,37.4,32.6,98.0,36.9,0.000,0.000,0.00,0.002,6.3,8.7,1.2,70,11,7.1,9.8,1.5,73,10,6.3,8.7,1.2,70,11,0,29.24,,0,0,0,38.3,39.9,43.5,0.39,0.41,0.41
SPRA,2015-12-02 00:40:00 EST,42.87427,-74.50859,656,37.5,37.4,32.5,97.9,36.9,0.000,0.000,0.00,0.000,6.4,9.3,1.2,73,9,7.3,11.4,1.5,76,8,6.4,9.3,1.2,73,9,0,29.24,,0,0,0,38.3,39.9,43.5,0.39,0.41,0.41
SPRA,2015-12-02 00:45:00 EST,42.87427,-74.50859,656,37.5,37.4,32.3,98.0,36.9,0.000,0.000,0.00,0.000,6.6,8.5,1.0,77,10,7.6,10.5,1.4,79,9,6.6,8.5,1.0,77,10,0,29.24,,0,0,0,38.3,39.9,43.5,0.39,0.41,0.41
SPRA,2015-12-02 00:50:00 EST,42.87427,-74.50859,656,37.5,37.4,32.9,98.0,36.9,0.000,0.000,0.00,0.000,5.8,8.7,1.2,78,9,6.6,10.3,1.5,80,8,5.8,8.7,1.2,78,9,0,29.24,,0,0,0,38.3,39.9,43.5,0.39,0.41,0.41
SPRA,2015-12-02 00:55:00 EST,42.87427,-74.50859,656,37.4,37.4,32.3,98.0,36.9,0.000,0.000,0.00,0.000,6.6,8.5,1.2,79,8,7.7,10.5,1.5,82,6,6.6,8.5,1.2,79,8,0,29.23,,0,0,0,38.3,39.9,43.5,0.39,0.41,0.41
SPRA,2015-12-02 01:00:00 EST,42.87427,-74.50859,656,37.4,37.4,32.5,98.0,36.9,0.000,0.000,0.00,0.000,6.3,8.8,1.0,74,11,7.2,10.7,1.3,77,9,6.3,8.8,1.0,74,11,0,29.23,,0,0,0,38.3,39.9,43.5,0.39,0.41,0.41
SPRA,2015-12-02 01:05:00 EST,42.87427,-74.50859,656,37.4,37.4,32.2,98.0,36.9,0.000,0.000,0.00,0.000,6.8,10.2,1.0,82,9,7.9,12.3,1.3,84,8,6.8,10.2,1.0,82,9,0,29.23,,0,0,0,38.3,39.9,43.5,0.39,0.41,0.41
SPRA,2015-12-02 01:10:00 EST,42.87427,-74.50859,656,37.4,37.4,31.8,98.0,36.9,0.000,0.000,0.00,0.000,7.3,10.1,1.4,80,11,8.6,11.9,1.8,82,9,7.3,10.1,1.4,80,11,0,29.22,,0,0,0,38.3,39.9,43.5,0.39,0.41,0.41
SPRA,2015-12-02 01:15:00 EST,42.87427,-74.50859,656,37.4,37.3,31.8,98.0,36.8,0.000,0.000,0.00,0.000,7.3,11.6,2.2,82,10,8.4,13.4,2.7,84,9,7.3,11.6,2.2,82,10,0,29.21,,0,0,0,38.3,39.9,43.5,0.39,0.41,0.41
SPRA,2015-12-02 01:20:00 EST,42.87427,-74.50859,656,37.4,37.3,32.7,98.0,36.8,0.000,0.000,0.00,0.000,5.9,8.5,1.5,76,13,6.7,11.2,1.8,79,11,5.9,8.5,1.5,76,13,0,29.21,,0,0,0,38.3,39.9,43.5,0.39,0.41,0.41
SPRA,2015-12-02 01:25:00 EST,42.87427,-74.50859,656,37.3,37.3,32.9,98.0,36.8,0.000,0.000,0.00,0.000,5.6,10.4,1.5,81,12,6.4,12.1,1.8,82,12,5.6,10.4,1.5,81,12,0,29.21,,0,0,0,38.3,39.9,43.5,0.39,0.41,0.41
SPRA,2015-12-02 01:30:00 EST,42.87427,-74.50859,656,37.3,37.3,33.2,98.0,36.8,0.000,0.000,0.00,0.000,5.2,8.0,1.2,76,12,6.2,9.2,1.5,79,11,5.2,8.0,1.2,76,12,0,29.21,,0,0,0,38.3,39.9,43.5,0.39,0.41,0.41
SPRA,2015-12-02 01:35:00 EST,42.87427,-74.50859,656,37.4,37.3,32.5,98.0,36.8,0.000,0.000,0.00,0.000,6.2,9.1,1.2,81,10,7.2,11.2,1.5,83,8,6.2,9.1,1.2,81,10,0,29.21,,0,0,0,38.3,40.0,43.5,0.39,0.41,0.41
SPRA,2015-12-02 01:40:00 EST,42.87427,-74.50859,656,37.4,37.3,33.9,98.1,36.9,0.000,0.000,0.00,0.000,4.3,6.2,0.9,77,13,5.0,7.2,1.1,79,11,4.3,6.2,0.9,77,13,0,29.21,,0,0,0,38.3,40.0,43.5,0.39,0.41,0.41
SPRA,2015-12-02 01:45:00 EST,42.87427,-74.50859,656,37.4,37.3,33.8,98.0,36.9,0.000,0.000,0.00,0.000,4.5,7.2,1.2,83,12,5.2,8.7,1.4,84,11,4.5,7.2,1.2,83,12,0,29.22,,0,0,0,38.3,40.0,43.5,0.39,0.41,0.41
SPRA,2015-12-02 01:50:00 EST,42.87427,-74.50859,656,37.4,37.3,33.7,98.0,36.9,0.000,0.000,0.00,0.000,4.6,6.9,1.0,76,13,5.4,8.7,1.3,79,11,4.6,6.9,1.0,76,13,0,29.22,,0,0,0,38.3,40.0,43.5,0.39,0.41,0.41
SPRA,2015-12-02 01:55:00 EST,42.87427,-74.50859,656,37.4,37.3,35.0,98.1,36.9,0.000,0.000,0.00,0.000,3.3,5.9,1.3,82,14,3.9,7.2,1.5,83,13,3.3,5.9,1.3,82,14,0,29.22,,0,0,0,38.3,40.0,43.5,0.39,0.41,0.41
SPRA,2015-12-02 02:00:00 EST,42.87427,-74.50859,656,37.4,37.3,33.5,98.1,36.9,0.000,0.000,0.00,0.000,4.9,7.6,1.3,67,9,5.4,8.9,1.6,70,9,4.9,7.6,1.3,67,9,0,29.21,,0,0,0,38.3,40.0,43.5,0.39,0.41,0.41
SPRA,2015-12-02 02:05:00 EST,42.87427,-74.50859,656,37.4,37.3,37.4,98.1,36.9,0.000,0.000,0.00,0.000,2.8,4.7,0.8,77,20,3.2,6.0,1.0,78,19,2.8,4.7,0.8,77,20,0,29.21,,0,0,0,38.4,40.0,43.5,0.39,0.41,0.41
SPRA,2015-12-02 02:10:00 EST,42.87427,-74.50859,656,37.4,37.3,34.3,98.1,36.9,0.000,0.000,0.00,0.000,4.0,6.3,1.0,83,13,4.6,7.8,1.3,85,12,4.0,6.3,1.0,83,13,0,29.21,,0,0,0,38.4,40.0,43.5,0.39,0.41,0.41
SPRA,2015-12-02 02:15:00 EST,42.87427,-74.50859,656,37.4,37.3,34.9,98.1,36.9,0.000,0.000,0.00,0.000,3.4,5.4,1.0,91,13,3.9,6.7,1.2,92,12,3.4,5.4,1.0,91,13,0,29.21,,0,0,0,38.4,40.1,43.5,0.39,0.41,0.41
SPRA,2015-12-02 02:20:00 EST,42.87427,-74.50859,656,37.4,37.4,34.7,98.1,36.9,0.002,0.002,0.00,0.002,3.6,5.6,1.0,82,13,4.3,6.5,1.1,84,12,3.6,5.6,1.0,82,13,0,29.21,,0,0,0,38.4,40.1,43.5,0.39,0.41,0.41
SPRA,2015-12-02 02:25:00 EST,42.87427,-74.50859,656,37.4,37.4,37.4,98.1,36.9,0.002,0.004,0.00,0.004,2.7,3.7,0.5,74,12,3.1,4.5,0.7,74,13,2.7,3.7,0.5,74,12,0,29.21,,0,0,0,38.4,40.1,43.5,0.39,0.41,0.41
SPRA,2015-12-02 02:30:00 EST,42.87427,-74.50859,656,37.4,37.4,34.1,98.1,36.9,0.000,0.004,0.00,0.004,4.2,7.2,1.3,76,10,5.0,8.9,1.6,78,10,4.2,7.2,1.3,76,10,0,29.21,,0,0,0,38.4,40.1,43.5,0.39,0.41,0.40
SPRA,2015-12-02 02:35:00 EST,42.87427,-74.50859,656,37.4,37.4,34.2,98.1,36.9,0.003,0.007,0.00,0.007,4.1,6.6,1.0,79,14,4.8,7.2,1.1,81,12,4.1,6.6,1.0,79,14,0,29.20,,0,0,0,38.5,40.1,43.5,0.39,0.41,0.40
SPRA,2015-12-02 02:40:00 EST,42.87427,-74.50859,656,37.4,37.4,33.2,98.2,36.9,0.004,0.011,0.00,0.011,5.3,7.7,1.4,73,10,6.2,9.4,1.6,76,8,5.3,7.7,1.4,73,10,0,29.20,,0,0,0,38.5,40.1,43.5,0.39,0.41,0.40
SPRA,2015-12-02 02:45:00 EST,42.87427,-74.50859,656,37.4,37.4,33.2,98.2,37.0,0.000,0.011,0.00,0.011,5.3,7.4,1.2,75,10,6.2,9.2,1.5,78,9,5.3,7.4,1.2,75,10,0,29.20,,0,0,0,38.5,40.1,43.5,0.39,0.41,0.40
SPRA,2015-12-02 02:50:00 EST,42.87427,-74.50859,656,37.5,37.4,34.1,98.2,37.0,0.000,0.011,0.00,0.011,4.3,8.3,1.1,77,13,5.1,9.4,1.5,79,11,4.3,8.3,1.1,77,13,0,29.20,,0,0,0,38.5,40.1,43.5,0.39,0.41,0.40
SPRA,2015-12-02 02:55:00 EST,42.87427,-74.50859,656,37.5,37.5,33.9,98.2,37.0,0.002,0.013,0.00,0.013,4.5,7.7,1.3,84,13,5.4,9.8,1.6,86,12,4.5,7.7,1.3,84,13,0,29.20,,0,0,0,38.5,40.1,43.5,0.39,0.41,0.40
SPRA,2015-12-02 03:00:00 EST,42.87427,-74.50859,656,37.5,37.5,35.1,98.1,37.0,0.001,0.014,0.00,0.014,3.4,5.8,1.0,85,17,3.9,6.5,1.2,86,17,3.4,5.8,1.0,85,17,0,29.20,,0,0,0,38.5,40.1,43.5,0.39,0.41,0.40
SPRA,2015-12-02 03:05:00 EST,42.87427,-74.50859,656,37.5,37.5,34.6,98.2,37.0,0.000,0.014,0.00,0.014,3.9,5.8,0.8,91,13,4.6,7.4,1.0,91,12,3.9,5.8,0.8,91,13,0,29.20,,0,0,0,38.5,40.1,43.5,0.39,0.41,0.40
SPRA,2015-12-02 03:10:00 EST,42.87427,-74.50859,656,37.5,37.5,35.5,98.2,37.0,0.000,0.014,0.00,0.014,3.0,4.7,0.9,93,14,3.6,5.8,1.0,93,13,3.0,4.7,0.9,93,14,0,29.20,,0,0,0,38.5,40.1,43.5,0.39,0.41,0.40
SPRA,2015-12-02 03:15:00 EST,42.87427,-74.50859,656,37.5,37.5,37.5,98.2,37.0,0.000,0.014,0.00,0.014,2.9,3.8,0.6,90,8,3.5,4.9,0.8,91,9,2.9,3.8,0.6,90,8,0,29.20,,0,0,0,38.5,40.1,43.5,0.39,0.41,0.40
SPRA,2015-12-02 03:20:00 EST,42.87427,-74.50859,656,37.5,37.5,34.3,98.2,37.0,0.000,0.014,0.00,0.011,4.1,5.6,0.6,80,8,5.0,7.4,0.8,81,8,4.1,5.6,0.6,80,8,0,29.19,,0,0,0,38.5,40.1,43.5,0.39,0.41,0.40
SPRA,2015-12-02 03:25:00 EST,42.87427,-74.50859,656,37.5,37.5,35.1,98.1,37.0,0.000,0.014,0.00,0.010,3.3,5.3,0.6,89,12,4.0,6.9,0.8,90,11,3.3,5.3,0.6,89,12,0,29.19,,0,0,0,38.5,40.1,43.5,0.39,0.41,0.40
SPRA,2015-12-02 03:30:00 EST,42.87427,-74.50859,656,37.5,37.5,37.5,98.2,37.0,0.000,0.014,0.00,0.010,2.7,3.7,0.5,84,17,3.1,4.5,0.7,85,16,2.7,3.7,0.5,84,17,0,29.19,,0,0,0,38.5,40.1,43.5,0.39,0.41,0.40
SPRA,2015-12-02 03:35:00 EST,42.87427,-74.50859,656,37.5,37.5,37.5,98.2,37.0,0.000,0.014,0.00,0.007,2.9,4.6,0.9,79,12,3.5,5.6,1.1,80,13,2.9,4.6,0.9,79,12,0,29.18,,0,0,0,38.5,40.1,43.5,0.39,0.41,0.40
SPRA,2015-12-02 03:40:00 EST,42.87427,-74.50859,656,37.5,37.5,34.7,98.2,37.0,0.000,0.014,0.00,0.003,3.7,6.4,1.0,84,8,4.5,7.6,1.2,85,7,3.7,6.4,1.0,84,8,0,29.18,,0,0,0,38.5,40.1,43.5,0.39,0.41,0.40
SPRA,2015-12-02 03:45:00 EST,42.87427,-74.50859,656,37.5,37.5,37.5,98.2,37.0,0.000,0.014,0.00,0.003,2.3,3.4,0.5,72,15,2.7,4.3,0.6,73,15,2.3,3.4,0.5,72,15,0,29.18,,0,0,0,38.5,40.1,43.5,0.39,0.41,0.40
SPRA,2015-12-02 03:50:00 EST,42.87427,-74.50859,656,37.5,37.5,37.5,98.2,37.0,0.000,0.014,0.00,0.003,2.9,4.2,0.5,70,8,3.5,4.9,0.7,71,8,2.9,4.2,0.5,70,8,0,29.18,,0,0,0,38.5,40.1,43.5,0.39,0.41,0.40
SPRA,2015-12-02 03:55:00 EST,42.87427,-74.50859,656,37.5,37.5,37.5,98.2,37.0,0.003,0.016,0.00,0.004,2.2,3.9,0.9,66,14,2.5,5.1,0.9,67,14,2.2,3.9,0.9,66,14,0,29.18,,0,0,0,38.5,40.1,43.5,0.39,0.41,0.40
SPRA,2015-12-02 04:00:00 EST,42.87427,-74.50859,656,37.5,37.5,37.5,98.2,37.1,0.001,0.017,0.00,0.004,2.6,3.4,0.4,40,9,2.5,3.8,0.5,41,8,2.6,3.4,0.4,40,9,0,29.18,,0,0,0,38.6,40.1,43.5,0.39,0.41,0.40
SPRA,2015-12-02 04:05:00 EST,42.87427,-74.50859,656,37.6,37.6,37.6,98.3,37.1,0.000,0.017,0.00,0.004,1.5,2.8,0.8,343,25,1.8,2.9,0.7,343,28,1.5,2.8,0.8,343,25,0,29.19,,0,0,0,38.6,40.1,43.5,0.39,0.41,0.40
SPRA,2015-12-02 04:10:00 EST,42.87427,-74.50859,656,37.6,37.6,37.6,98.3,37.2,0.003,0.020,0.00,0.007,1.3,2.4,0.7,322,12,1.7,3.1,0.6,329,23,1.3,2.4,0.7,322,12,0,29.19,,0,0,0,38.6,40.1,43.5,0.39,0.41,0.40
SPRA,2015-12-02 04:15:00 EST,42.87427,-74.50859,656,37.6,37.6,37.6,98.3,37.2,0.002,0.022,0.00,0.008,0.6,2.0,0.7,84,6,1.4,2.7,0.5,75,25,0.6,2.0,0.7,84,6,0,29.19,,0,0,0,38.6,40.1,43.5,0.39,0.41,0.40
SPRA,2015-12-02 04:20:00 EST,42.87427,-74.50859,656,37.6,37.5,37.6,98.2,37.1,0.000,0.022,0.00,0.008,2.2,2.6,0.3,91,5,2.7,3.1,0.4,91,7,2.2,2.6,0.3,91,5,0,29.18,,0,0,0,38.6,40.1,43.5,0.39,0.41,0.40
SPRA,2015-12-02 04:25:00 EST,42.87427,-74.50859,656,37.6,37.5,37.6,98.3,37.1,0.000,0.022,0.00,0.008,2.1,3.2,0.5,77,9,2.6,4.0,0.5,77,10,2.1,3.2,0.5,77,9,0,29.18,,0,0,0,38.6,40.1,43.5,0.39,0.41,0.40
SPRA,2015-12-02 04:30:00 EST,42.87427,-74.50859,656,37.6,37.6,35.0,98.3,37.1,0.002,0.024,0.00,0.010,3.6,5.2,0.8,65,8,4.1,6.5,1.1,67,8,3.6,5.2,0.8,65,8,0,29.18,,0,0,0,38.6,40.1,43.5,0.40,0.41,0.40
SPRA,2015-12-02 04:35:00 EST,42.87427,-74.50859,656,37.6,37.6,37.6,98.2,37.1,0.000,0.024,0.00,0.010,2.7,4.1,0.6,71,13,3.2,5.4,0.9,72,13,2.7,4.1,0.6,71,13,0,29.18,,0,0,0,38.6,40.1,43.5,0.40,0.41,0.40
SPRA,2015-12-02 04:40:00 EST,42.87427,-74.50859,656,37.6,37.5,37.6,98.3,37.1,0.000,0.024,0.00,0.010,2.7,3.7,0.5,81,11,3.2,4.7,0.7,82,11,2.7,3.7,0.5,81,11,0,29.18,,0,0,0,38.6,40.2,43.5,0.40,0.41,0.40
SPRA,2015-12-02 04:45:00 EST,42.87427,-74.50859,656,37.5,37.5,35.2,98.3,37.1,0.000,0.024,0.00,0.010,3.4,4.5,0.5,78,7,4.1,5.8,0.7,79,7,3.4,4.5,0.5,78,7,0,29.17,,0,0,0,38.6,40.2,43.5,0.40,0.41,0.40
SPRA,2015-12-02 04:50:00 EST,42.87427,-74.50859,656,37.6,37.5,37.6,98.2,37.1,0.000,0.024,0.00,0.010,2.8,4.4,0.9,81,13,3.3,5.4,1.0,82,12,2.8,4.4,0.9,81,13,0,29.17,,0,0,0,38.6,40.2,43.5,0.40,0.41,0.40
SPRA,2015-12-02 04:55:00 EST,42.87427,-74.50859,656,37.6,37.5,37.6,98.3,37.1,0.000,0.024,0.00,0.007,2.5,3.5,0.4,69,12,3.0,4.7,0.6,69,12,2.5,3.5,0.4,69,12,0,29.17,,0,0,0,38.7,40.2,43.5,0.40,0.41,0.40
SPRA,2015-12-02 05:00:00 EST,42.87427,-74.50859,656,37.6,37.6,37.6,98.3,37.1,0.000,0.024,0.00,0.007,1.9,3.0,0.4,77,12,2.4,3.8,0.5,76,11,1.9,3.0,0.4,77,12,0,29.17,,0,0,0,38.7,40.2,43.5,0.40,0.41,0.40
SPRA,2015-12-02 05:05:00 EST,42.87427,-74.50859,656,37.6,37.6,37.6,98.2,37.1,0.000,0.024,0.00,0.007,1.9,2.8,0.4,83,16,2.2,3.8,0.5,80,15,1.9,2.8,0.4,83,16,0,29.17,,0,0,0,38.6,40.2,43.5,0.40,0.41,0.40
SPRA,2015-12-02 05:10:00 EST,42.87427,-74.50859,656,37.6,37.6,37.6,98.3,37.2,0.000,0.024,0.00,0.004,2.8,3.9,0.6,57,12,3.0,4.5,0.7,59,12,2.8,3.9,0.6,57,12,0,29.17,,0,0,0,38.7,40.3,43.5,0.40,0.41,0.40
SPRA,2015-12-02 05:15:00 EST,42.87427,-74.50859,656,37.6,37.6,35.5,98.3,37.2,0.000,0.024,0.00,0.002,3.2,4.2,0.4,72,10,3.7,5.4,0.7,74,10,3.2,4.2,0.4,72,10,0,29.17,,0,0,0,38.7,40.2,43.5,0.40,0.41,0.40
SPRA,2015-12-02 05:20:00 EST,42.87427,-74.50859,656,37.6,37.6,35.0,98.3,37.2,0.000,0.024,0.00,0.002,3.6,5.1,0.5,76,11,4.3,6.3,0.7,77,11,3.6,5.1,0.5,76,11,0,29.17,,0,0,0,38.7,40.3,43.5,0.40,0.41,0.40
SPRA,2015-12-02 05:25:00 EST,42.87427,-74.50859,656,37.6,37.6,35.5,98.3,37.2,0.000,0.024,0.00,0.002,3.1,4.2,0.4,84,13,3.7,5.4,0.6,84,14,3.1,4.2,0.4,84,13,0,29.17,,0,0,0,38.7,40.3,43.5,0.40,0.41,0.40
SPRA,2015-12-02 05:30:00 EST,42.87427,-74.50859,656,37.6,37.6,37.6,98.3,37.2,0.000,0.024,0.00,0.000,2.8,4.7,0.6,79,8,3.4,5.8,0.9,80,9,2.8,4.7,0.6,79,8,0,29.17,,0,0,0,38.7,40.3,43.5,0.40,0.41,0.40
SPRA,2015-12-02 05:35:00 EST,42.87427,-74.50859,656,37.6,37.6,37.6,98.3,37.2,0.000,0.024,0.00,0.000,2.8,4.3,0.7,86,13,3.4,5.4,0.9,87,13,2.8,4.3,0.7,86,13,0,29.16,,0,0,0,38.7,40.2,43.5,0.40,0.41,0.40
SPRA,2015-12-02 05:40:00 EST,42.87427,-74.50859,656,37.6,37.6,35.4,98.4,37.2,0.000,0.024,0.00,0.000,3.2,4.8,0.6,84,10,3.9,6.5,0.8,85,9,3.2,4.8,0.6,84,10,0,29.16,,0,0,0,38.7,40.3,43.5,0.40,0.41,0.40
SPRA,2015-12-02 05:45:00 EST,42.87427,-74.50859,656,37.6,37.6,35.6,98.3,37.2,0.000,0.024,0.00,0.000,3.1,4.5,0.5,71,13,3.5,5.6,0.7,73,13,3.1,4.5,0.5,71,13,0,29.16,,0,0,0,38.7,40.3,43.5,0.40,0.41,0.40
SPRA,2015-12-02 05:50:00 EST,42.87427,-74.50859,656,37.6,37.6,37.6,98.3,37.2,0.000,0.024,0.00,0.000,2.7,3.6,0.5,77,8,3.3,4.7,0.7,77,9,2.7,3.6,0.5,77,8,0,29.16,,0,0,0,38.7,40.3,43.5,0.40,0.41,0.40
SPRA,2015-12-02 05:55:00 EST,42.87427,-74.50859,656,37.6,37.6,37.6,98.4,37.2,0.000,0.024,0.00,0.000,2.8,4.7,1.0,76,14,3.3,5.8,1.1,78,14,2.8,4.7,1.0,76,14,0,29.16,,0,0,0,38.7,40.3,43.5,0.40,0.41,0.40
SPRA,2015-12-02 06:00:00 EST,42.87427,-74.50859,656,37.7,37.6,37.7,98.3,37.2,0.004,0.028,0.00,0.004,1.1,1.8,0.3,84,8,3.6,23.0,4.5,89,8,1.1,1.8,0.3,84,8,0,29.16,,0,0,0,38.7,40.3,43.5,0.40,0.41,0.40
SPRA,2015-12-02 06:05:00 EST,42.87427,-74.50859,656,37.7,37.6,37.7,98.4,37.2,0.005,0.032,0.00,0.009,1.5,2.3,0.5,82,19,2.3,3.6,0.5,84,17,1.5,2.3,0.5,82,19,0,29.16,,0,0,0,38.7,40.3,43.5,0.40,0.41,0.40
SPRA,2015-12-02 06:10:00 EST,42.87427,-74.50859,656,37.7,37.7,37.7,98.4,37.3,0.006,0.038,0.00,0.015,0.8,2.7,0.8,345,26,1.4,2.9,0.6,13,36,0.8,2.7,0.8,345,26,0,29.17,,0,0,0,38.7,40.3,43.5,0.40,0.41,0.40
SPRA,2015-12-02 06:15:00 EST,42.87427,-74.50859,656,37.8,37.8,37.8,98.4,37.4,0.004,0.042,0.00,0.018,0.8,2.6,0.8,308,8,1.1,2.2,0.5,356,47,0.8,2.6,0.8,308,8,0,29.17,,0,0,0,38.8,40.3,43.5,0.40,0.41,0.40
SPRA,2015-12-02 06:20:00 EST,42.87427,-74.50859,656,37.7,37.8,37.7,98.3,37.3,0.002,0.044,0.00,0.020,0.9,2.0,0.9,13,3,1.6,2.2,0.5,31,6,0.9,2.0,0.9,13,3,0,29.17,,0,0,0,38.8,40.3,43.5,0.40,0.41,0.40
SPRA,2015-12-02 06:25:00 EST,42.87427,-74.50859,656,37.7,37.8,37.7,98.4,37.3,0.002,0.046,0.00,0.022,1.7,2.6,0.6,11,9,2.0,3.4,0.6,25,11,1.7,2.6,0.6,11,9,0,29.17,,0,0,0,38.8,40.3,43.5,0.40,0.41,0.40
SPRA,2015-12-02 06:30:00 EST,42.87427,-74.50859,656,37.8,37.8,37.8,98.3,37.4,0.001,0.047,0.00,0.023,2.1,2.7,0.4,347,10,2.5,3.4,0.5,358,9,2.1,2.7,0.4,347,10,0,29.17,,0,0,0,38.8,40.3,43.5,0.40,0.41,0.40
SPRA,2015-12-02 06:35:00 EST,42.87427,-74.50859,656,37.9,37.9,37.9,98.4,37.5,0.000,0.047,0.00,0.023,1.4,2.3,0.5,325,19,1.4,2.5,0.6,337,20,1.4,2.3,0.5,325,19,0,29.18,,0,0,0,38.8,40.3,43.5,0.40,0.41,0.40
SPRA,2015-12-02 06:40:00 EST,42.87427,-74.50859,656,37.9,37.9,37.9,98.4,37.5,0.000,0.047,0.00,0.023,0.0,0.5,0.1,307,0,0.6,2.9,0.5,83,58,0.0,0.5,0.1,307,0,0,29.17,,0,0,0,38.8,40.3,43.5,0.40,0.41,0.40
SPRA,2015-12-02 06:45:00 EST,42.87427,-74.50859,656,37.9,37.8,37.9,98.4,37.5,0.000,0.047,0.00,0.023,0.0,0.0,0.0,0,0,0.6,1.6,0.4,139,38,0.0,0.0,0.0,0,0,0,29.18,,0,0,0,38.8,40.3,43.5,0.40,0.41,0.40
SPRA,2015-12-02 06:50:00 EST,42.87427,-74.50859,656,37.8,37.9,37.8,98.4,37.4,0.000,0.047,0.00,0.023,0.7,1.4,0.6,247,9,0.9,1.3,0.3,224,14,0.7,1.4,0.6,247,9,0,29.18,,0,0,0,38.8,40.3,43.5,0.40,0.41,0.40
SPRA,2015-12-02 06:55:00 EST,42.87427,-74.50859,656,37.8,37.8,37.8,98.4,37.4,0.003,0.049,0.00,0.026,1.3,1.7,0.2,210,13,1.4,2.0,0.2,186,16,1.3,1.7,0.2,210,13,0,29.18,,0,0,0,38.8,40.3,43.5,0.41,0.41,0.40
SPRA,2015-12-02 07:00:00 EST,42.87427,-74.50859,656,37.8,37.9,37.8,98.4,37.4,0.003,0.052,0.00,0.025,1.6,2.3,0.4,179,8,2.1,3.1,0.5,163,10,1.6,2.3,0.4,179,8,0,29.18,,0,0,0,38.8,40.3,43.5,0.40,0.41,0.40
SPRA,2015-12-02 07:05:00 EST,42.87427,-74.50859,656,37.9,37.9,37.9,98.4,37.5,0.003,0.055,0.00,0.022,2.8,3.4,0.4,164,4,3.4,4.3,0.6,160,6,2.8,3.4,0.4,164,4,0,29.18,,0,0,0,38.8,40.3,43.5,0.41,0.41,0.40
SPRA,2015-12-02 07:10:00 EST,42.87427,-74.50859,656,37.9,37.9,35.7,98.4,37.5,0.000,0.055,0.00,0.016,3.3,4.1,0.4,162,3,3.9,5.1,0.6,165,5,3.3,4.1,0.4,162,3,0,29.18,,0,0,0,38.8,40.3,43.5,0.41,0.41,0.40
SPRA,2015-12-02 07:15:00 EST,42.87427,-74.50859,656,38.0,37.9,38.0,98.5,37.6,0.003,0.058,0.00,0.016,2.7,3.9,0.6,156,10,3.0,4.9,0.9,157,11,2.7,3.9,0.6,156,10,1,29.17,,0,0,0,38.8,40.3,43.5,0.41,0.41,0.40
SPRA,2015-12-02 07:20:00 EST,42.87427,-74.50859,656,38.0,37.9,38.0,98.4,37.6,0.000,0.058,0.00,0.014,2.1,2.7,0.3,158,8,2.3,3.4,0.4,158,10,2.1,2.7,0.3,158,8,1,29.17,,0,0,0,38.8,40.3,43.5,0.41,0.41,0.40
SPRA,2015-12-02 07:25:00 EST,42.87427,-74.50859,656,38.1,38.0,36.2,98.4,37.7,0.000,0.058,0.00,0.012,3.0,4.0,0.5,159,5,3.4,4.9,0.6,160,7,3.0,4.0,0.5,159,5,1,29.17,,0,0,0,38.8,40.3,43.5,0.41,0.41,0.40
SPRA,2015-12-02 07:30:00 EST,42.87427,-74.50859,656,38.2,38.1,36.1,98.4,37.8,0.000,0.058,0.00,0.011,3.2,4.3,0.5,170,8,3.8,5.1,0.6,172,8,3.2,4.3,0.5,170,8,2,29.18,,0,0,0,38.8,40.3,43.5,0.41,0.41,0.40
SPRA,2015-12-02 07:35:00 EST,42.87427,-74.50859,656,38.3,38.1,36.1,98.4,37.8,0.000,0.058,0.00,0.011,3.2,4.5,0.5,183,6,3.7,5.4,0.6,183,6,3.2,4.5,0.5,183,6,3,29.18,,0,0,0,38.9,40.3,43.5,0.41,0.41,0.40
SPRA,2015-12-02 07:40:00 EST,42.87427,-74.50859,656,38.3,38.2,36.4,98.4,37.9,0.000,0.058,0.00,0.011,3.1,4.5,0.5,205,9,3.4,5.4,0.7,206,9,3.1,4.5,0.5,205,9,3,29.18,,0,0,0,38.9,40.3,43.5,0.41,0.41,0.40
SPRA,2015-12-02 07:45:00 EST,42.87427,-74.50859,656,38.3,38.2,38.3,98.3,37.9,0.000,0.058,0.00,0.011,3.0,4.1,0.6,212,8,3.2,4.5,0.6,213,8,3.0,4.1,0.6,212,8,3,29.18,,0,0,0,39.0,40.3,43.5,0.41,0.41,0.40
SPRA,2015-12-02 07:50:00 EST,42.87427,-74.50859,656,38.2,38.1,38.2,98.4,37.8,0.000,0.058,0.00,0.011,2.9,4.3,0.4,216,7,3.0,4.5,0.5,216,7,2.9,4.3,0.4,216,7,3,29.18,,0,0,0,39.0,40.3,43.5,0.41,0.41,0.40
SPRA,2015-12-02 07:55:00 EST,42.87427,-74.50859,656,38.2,38.1,38.2,98.3,37.8,0.000,0.058,0.00,0.008,2.1,2.7,0.2,208,11,2.5,3.4,0.4,210,11,2.1,2.7,0.2,208,11,4,29.17,,0,0,0,39.0,40.3,43.5,0.41,0.41,0.40
SPRA,2015-12-02 08:00:00 EST,42.87427,-74.50859,656,38.3,38.2,38.3,98.3,37.8,0.002,0.060,0.00,0.007,2.3,3.1,0.3,214,6,2.4,3.4,0.4,215,6,2.3,3.1,0.3,214,6,5,29.18,,0,0,0,39.0,40.3,43.5,0.41,0.41,0.40
SPRA,2015-12-02 08:05:00 EST,42.87427,-74.50859,656,38.3,38.2,38.3,98.3,37.9,0.002,0.061,0.00,0.007,1.9,2.6,0.4,216,11,2.0,3.1,0.5,214,12,1.9,2.6,0.4,216,11,6,29.18,,0,0,0,39.0,40.3,43.5,0.41,0.41,0.40
SPRA,2015-12-02 08:10:00 EST,42.87427,-74.50859,656,38.3,38.2,38.3,98.2,37.8,0.002,0.063,0.00,0.008,1.5,2.4,0.3,191,6,1.8,2.7,0.3,187,14,1.5,2.4,0.3,191,6,7,29.17,,0,0,0,39.0,40.3,43.5,0.41,0.41,0.40
SPRA,2015-12-02 08:15:00 EST,42.87427,-74.50859,656,38.3,38.2,38.3,98.3,37.9,0.002,0.065,0.00,0.008,1.1,1.8,0.4,171,10,1.5,2.2,0.3,170,15,1.1,1.8,0.4,171,10,8,29.17,,0,0,0,39.0,40.4,43.5,0.41,0.41,0.40
SPRA,2015-12-02 08:20:00 EST,42.87427,-74.50859,656,38.4,38.3,38.4,98.2,37.9,0.001,0.066,0.00,0.008,1.3,1.8,0.3,168,7,1.7,2.2,0.3,161,11,1.3,1.8,0.3,168,7,7,29.18,,0,0,0,39.0,40.4,43.5,0.41,0.41,0.40
SPRA,2015-12-02 08:25:00 EST,42.87427,-74.50859,656,38.5,38.4,38.5,98.2,38.0,0.001,0.067,0.00,0.009,1.2,1.9,0.3,171,9,1.5,2.2,0.3,175,17,1.2,1.9,0.3,171,9,6,29.18,,0,0,0,39.1,40.4,43.5,0.41,0.41,0.40
SPRA,2015-12-02 08:30:00 EST,42.87427,-74.50859,656,38.5,38.4,38.5,98.2,38.0,0.000,0.067,0.00,0.009,1.3,2.0,0.3,185,5,1.6,2.5,0.3,181,12,1.3,2.0,0.3,185,5,6,29.17,,0,0,0,39.1,40.4,43.5,0.41,0.41,0.40
SPRA,2015-12-02 08:35:00 EST,42.87427,-74.50859,656,38.7,38.5,38.7,98.2,38.2,0.000,0.067,0.00,0.009,0.3,1.3,0.4,222,2,0.9,1.6,0.3,215,24,0.3,1.3,0.4,222,2,6,29.18,,0,0,0,39.2,40.4,43.5,0.41,0.41,0.40
SPRA,2015-12-02 08:40:00 EST,42.87427,-74.50859,656,38.6,38.5,38.6,98.1,38.1,0.000,0.067,0.00,0.009,1.0,1.5,0.3,205,5,1.4,2.0,0.3,197,12,1.0,1.5,0.3,205,5,5,29.18,,0,0,0,39.2,40.4,43.5,0.41,0.41,0.40
SPRA,2015-12-02 08:45:00 EST,42.87427,-74.50859,656,38.7,38.6,38.7,98.1,38.2,0.004,0.071,0.00,0.014,0.4,1.6,0.6,106,4,1.2,2.2,0.5,108,19,0.4,1.6,0.6,106,4,6,29.18,,0,0,0,39.2,40.4,43.5,0.41,0.41,0.40
SPRA,2015-12-02 08:50:00 EST,42.87427,-74.50859,656,38.7,38.6,38.7,98.2,38.2,0.010,0.081,0.00,0.023,0.6,1.1,0.3,127,5,1.0,1.3,0.2,129,15,0.6,1.1,0.3,127,5,5,29.18,,0,0,0,39.2,40.4,43.5,0.41,0.41,0.40
SPRA,2015-12-02 08:55:00 EST,42.87427,-74.50859,656,38.7,38.6,38.7,98.1,38.2,0.010,0.091,0.00,0.033,0.5,1.5,0.5,120,9,1.1,2.0,0.3,91,27,0.5,1.5,0.5,120,9,7,29.18,,0,0,0,39.2,40.4,43.5,0.41,0.41,0.40
SPRA,2015-12-02 09:00:00 EST,42.87427,-74.50859,656,38.8,38.7,38.8,98.1,38.3,0.010,0.101,0.00,0.041,1.2,2.5,0.9,31,10,1.6,2.7,0.6,36,13,1.2,2.5,0.9,31,10,10,29.17,,0,0,0,39.2,40.4,43.5,0.41,0.41,0.40
SPRA,2015-12-02 09:05:00 EST,42.87427,-74.50859,656,38.8,38.7,38.8,98.1,38.3,0.007,0.108,0.00,0.046,1.7,2.3,0.3,37,13,1.8,2.5,0.3,35,14,1.7,2.3,0.3,37,13,17,29.17,,0,0,0,39.2,40.4,43.5,0.41,0.41,0.40
SPRA,2015-12-02 09:10:00 EST,42.87427,-74.50859,656,38.8,38.7,38.8,98.0,38.3,0.003,0.111,0.00,0.048,1.9,3.0,0.4,342,21,2.1,3.8,0.4,341,22,1.9,3.0,0.4,342,21,22,29.18,,0,0,0,39.2,40.4,43.5,0.41,0.41,0.40
SPRA,2015-12-02 09:15:00 EST,42.87427,-74.50859,656,38.8,38.7,38.8,98.1,38.4,0.000,0.111,0.00,0.046,1.9,3.2,0.7,327,8,2.1,3.6,0.6,332,13,1.9,3.2,0.7,327,8,19,29.18,,0,0,0,39.2,40.5,43.5,0.41,0.41,0.40
SPRA,2015-12-02 09:20:00 EST,42.87427,-74.50859,656,38.8,38.7,38.8,98.0,38.3,0.000,0.111,0.00,0.045,1.6,2.4,0.3,350,2,2.1,3.1,0.4,351,7,1.6,2.4,0.3,350,2,19,29.18,,0,0,0,39.2,40.5,43.5,0.41,0.41,0.40
SPRA,2015-12-02 09:25:00 EST,42.87427,-74.50859,656,38.9,38.7,38.9,98.0,38.4,0.000,0.111,0.00,0.044,1.8,2.6,0.5,344,7,2.3,3.8,0.6,347,8,1.8,2.6,0.5,344,7,20,29.18,,0,0,0,39.2,40.5,43.5,0.41,0.42,0.40
SPRA,2015-12-02 09:30:00 EST,42.87427,-74.50859,656,38.8,38.6,38.8,98.0,38.3,0.000,0.111,0.00,0.044,1.9,2.6,0.3,356,7,2.3,3.4,0.5,2,10,1.9,2.6,0.3,356,7,19,29.18,,0,0,0,39.2,40.4,43.5,0.41,0.42,0.40
SPRA,2015-12-02 09:35:00 EST,42.87427,-74.50859,656,38.8,38.7,38.8,98.0,38.3,0.000,0.111,0.00,0.044,2.0,2.4,0.2,13,8,2.2,2.9,0.2,17,9,2.0,2.4,0.2,13,8,21,29.18,,0,0,0,39.2,40.5,43.5,0.41,0.42,0.40
SPRA,2015-12-02 09:40:00 EST,42.87427,-74.50859,656,38.9,38.7,38.9,98.0,38.4,0.000,0.111,0.00,0.044,2.1,2.7,0.3,22,7,2.3,3.1,0.5,22,10,2.1,2.7,0.3,22,7,21,29.17,,0,0,0,39.3,40.5,43.5,0.41,0.42,0.40
SPRA,2015-12-02 09:45:00 EST,42.87427,-74.50859,656,39.0,38.8,39.0,98.1,38.5,0.000,0.111,0.00,0.039,2.6,3.1,0.3,38,11,2.5,3.4,0.3,39,9,2.6,3.1,0.3,38,11,26,29.17,,0,0,0,39.4,40.4,43.5,0.41,0.42,0.40
SPRA,2015-12-02 09:50:00 EST,42.87427,-74.50859,656,39.1,38.9,39.1,98.1,38.6,0.000,0.111,0.00,0.030,2.3,3.0,0.5,48,9,2.3,3.1,0.4,48,7,2.3,3.0,0.5,48,9,26,29.16,,0,0,0,39.4,40.5,43.5,0.41,0.42,0.40
SPRA,2015-12-02 09:55:00 EST,42.87427,-74.50859,656,39.2,39.0,39.2,98.1,38.7,0.000,0.111,0.00,0.020,2.8,4.5,0.5,75,11,3.3,5.4,0.7,75,12,2.8,4.5,0.5,75,11,25,29.16,,0,0,0,39.4,40.5,43.5,0.41,0.42,0.40
SPRA,2015-12-02 10:00:00 EST,42.87427,-74.50859,656,39.4,39.1,37.1,98.0,38.9,0.000,0.111,0.00,0.010,3.5,4.5,0.5,80,5,4.2,5.8,0.6,82,5,3.5,4.5,0.5,80,5,31,29.16,,0,0,0,39.4,40.5,43.5,0.41,0.42,0.40
SPRA,2015-12-02 10:05:00 EST,42.87427,-74.50859,656,39.6,39.3,39.6,98.0,39.1,0.000,0.111,0.00,0.003,2.7,3.6,0.4,82,8,3.2,4.5,0.6,82,8,2.7,3.6,0.4,82,8,40,29.16,,0,0,0,39.5,40.4,43.5,0.41,0.42,0.40
SPRA,2015-12-02 10:10:00 EST,42.87427,-74.50859,656,39.6,39.3,39.6,97.9,39.1,0.000,0.111,0.00,0.000,2.9,4.1,0.6,83,10,3.4,4.9,0.7,84,10,2.9,4.1,0.6,83,10,51,29.15,,0,0,0,39.6,40.5,43.5,0.41,0.42,0.40
SPRA,2015-12-02 10:15:00 EST,42.87427,-74.50859,656,39.6,39.3,39.6,97.8,39.1,0.000,0.111,0.00,0.000,2.7,4.5,0.9,71,11,3.2,5.6,1.2,72,13,2.7,4.5,0.9,71,11,48,29.15,,0,0,0,39.6,40.4,43.5,0.41,0.42,0.40
SPRA,2015-12-02 10:20:00 EST,42.87427,-74.50859,656,39.6,39.5,39.6,97.7,39.0,0.000,0.111,0.00,0.000,1.5,3.1,0.5,59,10,1.8,3.4,0.5,62,13,1.5,3.1,0.5,59,10,43,29.16,,0,0,0,39.6,40.5,43.5,0.41,0.42,0.40
SPRA,2015-12-02 10:25:00 EST,42.87427,-74.50859,656,39.8,39.6,39.8,97.6,39.2,0.000,0.111,0.00,0.000,2.0,3.1,0.6,57,15,2.1,2.9,0.4,57,15,2.0,3.1,0.6,57,15,53,29.16,,0,0,0,39.6,40.5,43.5,0.41,0.42,0.40
SPRA,2015-12-02 10:30:00 EST,42.87427,-74.50859,656,39.9,39.7,39.9,97.5,39.2,0.000,0.111,0.00,0.000,1.8,2.6,0.4,40,19,2.0,3.1,0.4,42,18,1.8,2.6,0.4,40,19,52,29.16,,0,0,0,39.7,40.5,43.5,0.41,0.42,0.40
SPRA,2015-12-02 10:35:00 EST,42.87427,-74.50859,656,39.9,39.8,39.9,97.3,39.2,0.000,0.111,0.00,0.000,1.9,2.8,0.5,22,9,1.9,3.4,0.5,25,14,1.9,2.8,0.5,22,9,48,29.16,,0,0,0,39.7,40.4,43.5,0.41,0.42,0.40
SPRA,2015-12-02 10:40:00 EST,42.87427,-74.50859,656,39.9,39.7,39.9,96.9,39.1,0.000,0.111,0.00,0.000,2.0,2.9,0.5,343,8,2.6,3.8,0.6,347,8,2.0,2.9,0.5,343,8,49,29.16,,0,0,0,39.8,40.5,43.5,0.41,0.42,0.40
SPRA,2015-12-02 10:45:00 EST,42.87427,-74.50859,656,39.9,39.7,39.9,96.4,38.9,0.000,0.111,0.00,0.000,2.8,3.5,0.3,2,5,3.2,4.3,0.4,1,6,2.8,3.5,0.3,2,5,47,29.16,,0,0,0,39.9,40.5,43.5,0.41,0.42,0.40
SPRA,2015-12-02 10:50:00 EST,42.87427,-74.50859,656,40.1,39.9,40.1,96.6,39.2,0.000,0.111,0.00,0.000,2.3,3.1,0.3,20,10,2.5,3.4,0.4,22,12,2.3,3.1,0.3,20,10,52,29.15,,0,0,0,39.9,40.5,43.5,0.41,0.42,0.40
SPRA,2015-12-02 10:55:00 EST,42.87427,-74.50859,656,40.1,39.9,40.1,96.5,39.2,0.000,0.111,0.00,0.000,2.1,2.5,0.3,40,6,1.9,2.7,0.3,43,7,2.1,2.5,0.3,40,6,60,29.14,,0,0,0,39.9,40.5,43.5,0.41,0.42,0.40
SPRA,2015-12-02 11:00:00 EST,42.87427,-74.50859,656,40.2,40.0,40.2,96.5,39.2,0.000,0.111,0.00,0.000,2.0,2.7,0.3,27,7,2.0,3.1,0.4,30,10,2.0,2.7,0.3,27,7,73,29.14,,0,0,0,40.1,40.5,43.5,0.41,0.42,0.40
SPRA,2015-12-02 11:05:00 EST,42.87427,-74.50859,656,40.4,40.2,40.4,96.7,39.6,0.000,0.111,0.00,0.000,2.2,3.3,0.4,37,14,2.3,4.5,0.6,39,13,2.2,3.3,0.4,37,14,68,29.13,,0,0,0,40.1,40.5,43.5,0.41,0.42,0.40
SPRA,2015-12-02 11:10:00 EST,42.87427,-74.50859,656,40.7,40.3,38.6,96.6,39.8,0.000,0.111,0.00,0.000,3.4,5.0,0.6,79,10,4.0,5.8,0.8,80,10,3.4,5.0,0.6,79,10,70,29.12,,0,0,0,40.1,40.5,43.5,0.41,0.42,0.40
SPRA,2015-12-02 11:15:00 EST,42.87427,-74.50859,656,40.6,40.2,37.6,96.4,39.7,0.000,0.111,0.00,0.000,4.4,5.6,0.7,75,6,5.3,6.7,0.9,78,6,4.4,5.6,0.7,75,6,69,29.12,,0,0,0,40.3,40.6,43.5,0.41,0.42,0.40
SPRA,2015-12-02 11:20:00 EST,42.87427,-74.50859,656,40.8,40.4,38.5,96.7,39.9,0.000,0.111,0.00,0.000,3.7,5.0,0.6,64,13,4.1,6.0,0.8,65,14,3.7,5.0,0.6,64,13,68,29.11,,0,0,0,40.3,40.5,43.5,0.41,0.42,0.40
SPRA,2015-12-02 11:25:00 EST,42.87427,-74.50859,656,40.5,40.3,38.7,96.6,39.6,0.000,0.111,0.00,0.000,3.2,5.2,0.6,44,15,3.2,4.9,0.6,46,16,3.2,5.2,0.6,44,15,64,29.12,,0,0,0,40.3,40.5,43.5,0.41,0.42,0.40
SPRA,2015-12-02 11:30:00 EST,42.87427,-74.50859,656,40.6,40.3,39.0,96.7,39.7,0.000,0.111,0.00,0.000,3.1,4.6,0.6,45,12,3.2,5.4,0.8,46,13,3.1,4.6,0.6,45,12,60,29.11,,0,0,0,40.4,40.6,43.5,0.41,0.42,0.40
SPRA,2015-12-02 11:35:00 EST,42.87427,-74.50859,656,40.5,40.2,37.7,96.6,39.6,0.000,0.111,0.00,0.000,4.2,5.4,0.5,37,6,4.2,5.4,0.6,39,5,4.2,5.4,0.5,37,6,57,29.10,,0,0,0,40.5,40.6,43.5,0.41,0.42,0.40
SPRA,2015-12-02 11:40:00 EST,42.87427,-74.50859,656,40.5,40.3,37.6,96.6,39.6,0.000,0.111,0.00,0.000,4.3,5.4,0.6,40,11,4.3,6.3,0.6,41,11,4.3,5.4,0.6,40,11,61,29.10,,0,0,0,40.6,40.6,43.5,0.41,0.42,0.40
SPRA,2015-12-02 11:45:00 EST,42.87427,-74.50859,656,40.7,40.4,38.6,96.7,39.8,0.000,0.111,0.00,0.000,3.6,5.0,0.6,68,9,4.0,5.8,0.9,71,10,3.6,5.0,0.6,68,9,63,29.10,,0,0,0,40.6,40.6,43.5,0.41,0.42,0.40
SPRA,2015-12-02 11:50:00 EST,42.87427,-74.50859,656,40.6,40.3,38.1,96.5,39.7,0.000,0.111,0.00,0.000,4.0,5.3,0.8,74,9,4.7,6.7,1.0,76,8,4.0,5.3,0.8,74,9,58,29.10,,0,0,0,40.6,40.6,43.5,0.41,0.42,0.40
SPRA,2015-12-02 11:55:00 EST,42.87427,-74.50859,656,40.6,40.3,38.7,96.6,39.7,0.000,0.111,0.00,0.000,3.3,4.5,0.7,76,12,3.8,5.4,0.8,78,12,3.3,4.5,0.7,76,12,51,29.10,,0,0,0,40.7,40.6,43.5,0.41,0.42,0.40
SPRA,2015-12-02 12:00:00 EST,42.87427,-74.50859,656,40.6,40.3,40.6,96.5,39.6,0.000,0.111,0.00,0.000,2.8,4.3,0.8,85,11,3.3,5.1,0.9,85,11,2.8,4.3,0.8,85,11,48,29.09,,0,0,0,40.8,40.6,43.5,0.41,0.42,0.40
SPRA,2015-12-02 12:05:00 EST,42.87427,-74.50859,656,40.7,40.5,39.1,96.7,39.9,0.000,0.111,0.00,0.000,3.1,4.9,0.9,69,13,3.5,5.6,0.9,70,13,3.1,4.9,0.9,69,13,48,29.09,,0,0,0,40.8,40.6,43.5,0.41,0.42,0.40
SPRA,2015-12-02 12:10:00 EST,42.87427,-74.50859,656,40.8,40.5,39.1,96.5,39.9,0.000,0.111,0.00,0.000,3.2,4.3,0.6,69,10,3.6,5.4,0.8,70,11,3.2,4.3,0.6,69,10,48,29.09,,0,0,0,40.9,40.6,43.5,0.41,0.42,0.40
SPRA,2015-12-02 12:15:00 EST,42.87427,-74.50859,656,40.9,40.6,38.5,96.5,39.9,0.000,0.111,0.00,0.000,3.8,4.9,0.5,48,10,3.9,5.4,0.7,50,10,3.8,4.9,0.5,48,10,47,29.09,,0,0,0,40.9,40.6,43.5,0.41,0.42,0.40
SPRA,2015-12-02 12:20:00 EST,42.87427,-74.50859,656,40.7,40.6,40.7,96.2,39.7,0.000,0.111,0.00,0.000,2.6,3.6,0.4,55,17,2.9,4.3,0.5,57,15,2.6,3.6,0.4,55,17,44,29.09,,0,0,0,41.0,40.6,43.5,0.41,0.42,0.40
SPRA,2015-12-02 12:25:00 EST,42.87427,-74.50859,656,40.9,40.6,40.9,96.0,39.8,0.000,0.111,0.00,0.000,2.9,4.0,0.9,65,4,3.4,4.5,0.9,66,6,2.9,4.0,0.9,65,4,36,29.10,,0,0,0,41.0,40.6,43.5,0.41,0.42,0.40
SPRA,2015-12-02 12:30:00 EST,42.87427,-74.50859,656,41.0,40.7,39.3,95.9,39.9,0.000,0.111,0.00,0.000,3.2,4.3,0.6,71,8,3.7,5.4,0.8,72,8,3.2,4.3,0.6,71,8,42,29.09,,0,0,0,41.0,40.6,43.5,0.41,0.42,0.40
SPRA,2015-12-02 12:35:00 EST,42.87427,-74.50859,656,41.0,40.8,39.4,95.8,40.0,0.000,0.111,0.00,0.000,3.1,4.4,0.8,69,6,3.6,5.1,0.9,70,7,3.1,4.4,0.8,69,6,36,29.10,,0,0,0,41.0,40.6,43.5,0.41,0.42,0.40
SPRA,2015-12-02 12:40:00 EST,42.87427,-74.50859,656,41.0,40.7,38.9,95.7,39.8,0.000,0.111,0.00,0.000,3.5,4.4,0.4,59,10,3.8,4.7,0.6,60,11,3.5,4.4,0.4,59,10,43,29.09,,0,0,0,41.0,40.6,43.5,0.41,0.42,0.40
SPRA,2015-12-02 12:45:00 EST,42.87427,-74.50859,656,41.0,40.7,38.9,96.0,39.9,0.003,0.114,0.00,0.003,3.5,4.5,0.5,49,8,3.4,4.9,0.6,49,7,3.5,4.5,0.5,49,8,50,29.09,,0,0,0,41.1,40.6,43.5,0.41,0.42,0.40
SPRA,2015-12-02 12:50:00 EST,42.87427,-74.50859,656,41.0,40.8,39.5,96.2,40.0,0.002,0.115,0.00,0.005,3.0,4.4,0.7,52,10,3.1,4.5,0.7,52,9,3.0,4.4,0.7,52,10,52,29.09,,0,0,0,41.2,40.6,43.5,0.41,0.42,0.40
SPRA,2015-12-02 12:55:00 EST,42.87427,-74.50859,656,41.0,40.8,39.4,96.3,40.0,0.000,0.115,0.00,0.005,3.1,4.1,0.4,41,11,3.0,4.7,0.6,42,10,3.1,4.1,0.4,41,11,44,29.08,,0,0,0,41.2,40.7,43.5,0.41,0.42,0.40
SPRA,2015-12-02 13:00:00 EST,42.87427,-74.50859,656,41.1,40.8,41.1,96.5,40.1,0.000,0.115,0.00,0.005,2.5,3.7,0.6,49,7,2.5,3.6,0.5,49,8,2.5,3.7,0.6,49,7,37,29.09,,0,0,0,41.2,40.6,43.5,0.41,0.42,0.40
SPRA,2015-12-02 13:05:00 EST,42.87427,-74.50859,656,41.0,40.8,41.0,96.4,40.1,0.002,0.117,0.00,0.007,2.9,3.7,0.4,51,8,2.8,4.3,0.6,51,9,2.9,3.7,0.4,51,8,37,29.08,,0,0,0,41.2,40.7,43.5,0.41,0.42,0.40
SPRA,2015-12-02 13:10:00 EST,42.87427,-74.50859,656,41.2,41.0,39.5,96.6,40.3,0.000,0.117,0.00,0.007,3.2,4.3,0.5,64,8,3.6,5.4,0.6,64,10,3.2,4.3,0.5,64,8,48,29.08,,0,0,0,41.3,40.6,43.5,0.41,0.42,0.40
SPRA,2015-12-02 13:15:00 EST,42.87427,-74.50859,656,41.2,40.9,38.5,96.5,40.3,0.000,0.117,0.00,0.007,4.2,5.2,0.6,72,7,4.9,6.7,0.8,73,7,4.2,5.2,0.6,72,7,50,29.07,,0,0,0,41.3,40.7,43.5,0.41,0.42,0.40
SPRA,2015-12-02 13:20:00 EST,42.87427,-74.50859,656,41.1,40.8,37.7,96.5,40.2,0.000,0.117,0.00,0.007,5.1,6.6,0.7,73,6,6.1,7.6,0.9,76,6,5.1,6.6,0.7,73,6,47,29.07,,0,0,0,41.3,40.7,43.5,0.41,0.42,0.40
SPRA,2015-12-02 13:25:00 EST,42.87427,-74.50859,656,41.0,40.8,37.5,96.8,40.2,0.000,0.117,0.00,0.007,5.2,6.9,0.7,65,9,5.8,8.1,1.0,67,9,5.2,6.9,0.7,65,9,42,29.06,,0,0,0,41.4,40.8,43.5,0.41,0.42,0.40
SPRA,2015-12-02 13:30:00 EST,42.87427,-74.50859,656,40.9,40.7,37.3,96.9,40.1,0.000,0.117,0.00,0.007,5.3,7.3,0.9,58,10,5.7,8.7,1.2,59,11,5.3,7.3,0.9,58,10,39,29.06,,0,0,0,41.4,40.7,43.5,0.41,0.42,0.40
SPRA,2015-12-02 13:35:00 EST,42.87427,-74.50859,656,40.9,40.7,38.4,97.1,40.2,0.000,0.117,0.00,0.007,4.0,5.8,0.9,46,11,4.2,6.3,0.9,47,11,4.0,5.8,0.9,46,11,32,29.06,,0,0,0,41.4,40.8,43.5,0.41,0.42,0.40
SPRA,2015-12-02 13:40:00 EST,42.87427,-74.50859,656,40.8,40.7,38.2,97.2,40.1,0.000,0.117,0.00,0.007,4.2,6.0,0.8,39,8,4.2,6.0,0.8,40,6,4.2,6.0,0.8,39,8,27,29.05,,0,0,0,41.4,40.8,43.5,0.41,0.42,0.40
SPRA,2015-12-02 13:45:00 EST,42.87427,-74.50859,656,40.8,40.7,37.9,97.2,40.1,0.000,0.117,0.00,0.004,4.4,5.8,0.6,39,8,4.5,6.3,0.6,41,6,4.4,5.8,0.6,39,8,27,29.05,,0,0,0,41.4,40.8,43.5,0.41,0.42,0.40
SPRA,2015-12-02 13:50:00 EST,42.87427,-74.50859,656,41.0,40.9,39.1,97.3,40.3,0.003,0.120,0.00,0.005,3.3,4.7,0.7,56,10,3.5,5.4,0.8,57,10,3.3,4.7,0.7,56,10,24,29.05,,0,0,0,41.5,40.8,43.5,0.41,0.42,0.40
SPRA,2015-12-02 13:55:00 EST,42.87427,-74.50859,656,40.8,40.7,38.0,97.2,40.1,0.001,0.121,0.00,0.005,4.3,6.2,0.8,61,8,4.7,6.3,0.8,63,9,4.3,6.2,0.8,61,8,21,29.04,,0,0,0,41.5,40.8,43.5,0.41,0.42,0.40
SPRA,2015-12-02 14:00:00 EST,42.87427,-74.50859,656,40.8,40.7,38.2,97.3,40.1,0.001,0.122,0.00,0.006,4.1,5.3,0.7,47,9,4.3,6.0,0.9,48,9,4.1,5.3,0.7,47,9,22,29.04,,0,0,0,41.5,40.8,43.5,0.41,0.42,0.40
SPRA,2015-12-02 14:05:00 EST,42.87427,-74.50859,656,40.8,40.7,37.7,97.4,40.1,0.000,0.122,0.00,0.004,4.7,6.0,0.7,52,8,4.6,6.3,0.9,53,8,4.7,6.0,0.7,52,8,23,29.04,,0,0,0,41.5,40.8,43.5,0.41,0.42,0.40
SPRA,2015-12-02 14:10:00 EST,42.87427,-74.50859,656,40.9,40.8,40.9,97.5,40.2,0.004,0.125,0.00,0.008,2.9,4.7,0.8,49,17,3.0,5.4,0.8,50,17,2.9,4.7,0.8,49,17,20,29.04,,0,0,0,41.5,40.8,43.5,0.41,0.42,0.40
SPRA,2015-12-02 14:15:00 EST,42.87427,-74.50859,656,40.8,40.8,40.8,97.6,40.2,0.002,0.127,0.00,0.010,2.3,6.1,0.9,52,21,2.6,5.8,1.0,54,20,2.3,6.1,0.9,52,21,21,29.03,,0,0,0,41.5,40.8,43.5,0.41,0.42,0.40
SPRA,2015-12-02 14:20:00 EST,42.87427,-74.50859,656,40.9,40.8,40.9,97.5,40.2,0.003,0.130,0.00,0.013,1.6,3.2,0.9,36,12,1.7,3.4,0.7,34,17,1.6,3.2,0.9,36,12,19,29.03,,0,0,0,41.5,40.8,43.5,0.41,0.42,0.40
SPRA,2015-12-02 14:25:00 EST,42.87427,-74.50859,656,40.9,40.8,40.9,97.5,40.2,0.003,0.133,0.00,0.015,2.9,4.0,0.5,39,10,2.8,4.0,0.6,41,10,2.9,4.0,0.5,39,10,18,29.02,,0,0,0,41.5,40.8,43.5,0.41,0.42,0.40
SPRA,2015-12-02 14:30:00 EST,42.87427,-74.50859,656,40.8,40.8,38.8,97.5,40.2,0.004,0.136,0.00,0.019,3.4,4.2,0.4,55,13,3.6,5.1,0.6,57,13,3.4,4.2,0.4,55,13,16,29.02,,0,0,0,41.5,40.9,43.5,0.41,0.42,0.40
SPRA,2015-12-02 14:35:00 EST,42.87427,-74.50859,656,41.0,40.9,41.0,97.5,40.3,0.002,0.138,0.00,0.021,2.8,4.0,0.4,71,18,3.2,4.9,0.6,72,17,2.8,4.0,0.4,71,18,14,29.02,,0,0,0,41.5,40.9,43.5,0.41,0.42,0.40
SPRA,2015-12-02 14:40:00 EST,42.87427,-74.50859,656,40.9,40.9,40.9,97.4,40.2,0.005,0.143,0.00,0.026,2.6,4.4,0.8,98,18,3.1,5.4,0.9,98,18,2.6,4.4,0.8,98,18,15,29.02,,0,0,0,41.5,40.9,43.5,0.41,0.42,0.40
SPRA,2015-12-02 14:45:00 EST,42.87427,-74.50859,656,40.9,40.9,38.7,97.3,40.2,0.004,0.147,0.00,0.030,3.6,6.1,0.9,96,13,4.3,7.4,1.2,97,12,3.6,6.1,0.9,96,13,15,29.02,,0,0,0,41.5,40.9,43.5,0.41,0.42,0.40
SPRA,2015-12-02 14:50:00 EST,42.87427,-74.50859,656,40.9,41.0,37.4,97.2,40.2,0.005,0.151,0.00,0.032,5.2,7.8,1.3,83,15,6.2,9.6,1.6,86,12,5.2,7.8,1.3,83,15,15,29.01,,0,0,0,41.5,41.0,43.5,0.41,0.42,0.40
SPRA,2015-12-02 14:55:00 EST,42.87427,-74.50859,656,41.0,41.0,37.8,97.2,40.2,0.003,0.154,0.00,0.033,4.7,7.2,0.8,82,10,5.5,8.7,1.0,83,9,4.7,7.2,0.8,82,10,17,29.00,,0,0,0,41.5,41.0,43.5,0.41,0.42,0.40
SPRA,2015-12-02 15:00:00 EST,42.87427,-74.50859,656,41.0,41.0,38.0,97.2,40.3,0.000,0.154,0.00,0.033,4.6,6.4,0.9,85,10,5.4,7.8,1.1,87,8,4.6,6.4,0.9,85,10,17,29.00,,0,0,0,41.5,41.0,43.5,0.41,0.42,0.40
SPRA,2015-12-02 15:05:00 EST,42.87427,-74.50859,656,41.0,41.1,36.3,97.2,40.3,0.004,0.158,0.00,0.036,7.1,10.1,1.3,88,9,8.4,12.3,1.7,89,7,7.1,10.1,1.3,88,9,17,28.99,,0,0,0,41.5,41.0,43.5,0.41,0.42,0.40
SPRA,2015-12-02 15:10:00 EST,42.87427,-74.50859,656,41.1,41.2,36.5,97.2,40.4,0.002,0.160,0.00,0.034,6.9,12.1,2.1,91,12,7.9,14.8,2.6,93,12,6.9,12.1,2.1,91,12,17,28.99,,0,0,0,41.5,41.0,43.5,0.41,0.42,0.40
SPRA,2015-12-02 15:15:00 EST,42.87427,-74.50859,656,41.2,41.2,37.8,97.2,40.4,0.000,0.160,0.00,0.033,5.1,8.0,1.4,99,15,5.8,10.1,1.8,99,13,5.1,8.0,1.4,99,15,13,28.99,,0,0,0,41.5,41.0,43.5,0.41,0.43,0.40
SPRA,2015-12-02 15:20:00 EST,42.87427,-74.50859,656,41.3,41.3,39.0,97.2,40.5,0.000,0.160,0.00,0.030,3.8,7.0,1.4,99,17,4.3,8.3,1.7,99,17,3.8,7.0,1.4,99,17,13,28.99,,0,0,0,41.5,41.0,43.5,0.41,0.43,0.40
SPRA,2015-12-02 15:25:00 EST,42.87427,-74.50859,656,41.3,41.4,38.9,97.2,40.6,0.003,0.162,0.00,0.030,4.0,6.1,0.9,101,14,4.4,6.7,1.2,101,13,4.0,6.1,0.9,101,14,13,28.98,,0,0,0,41.5,41.0,43.5,0.41,0.43,0.40
SPRA,2015-12-02 15:30:00 EST,42.87427,-74.50859,656,41.4,41.5,39.1,97.2,40.7,0.000,0.162,0.00,0.026,3.8,6.3,1.3,101,14,4.4,7.4,1.5,102,14,3.8,6.3,1.3,101,14,11,28.97,,0,0,0,41.4,41.0,43.5,0.41,0.43,0.40
SPRA,2015-12-02 15:35:00 EST,42.87427,-74.50859,656,41.5,41.6,41.5,97.2,40.7,0.000,0.162,0.00,0.024,3.0,4.7,1.0,107,17,3.3,5.1,1.1,106,17,3.0,4.7,1.0,107,17,8,28.97,,0,0,0,41.5,41.0,43.5,0.41,0.43,0.40
SPRA,2015-12-02 15:40:00 EST,42.87427,-74.50859,656,41.5,41.6,39.6,97.2,40.8,0.000,0.162,0.00,0.019,3.4,5.3,0.9,88,17,4.0,6.5,1.1,88,16,3.4,5.3,0.9,88,17,7,28.97,,0,0,0,41.5,41.0,43.5,0.41,0.43,0.40
SPRA,2015-12-02 15:45:00 EST,42.87427,-74.50859,656,41.5,41.6,39.7,97.1,40.8,0.002,0.164,0.00,0.018,3.4,6.3,1.1,74,12,3.9,7.6,1.4,76,13,3.4,6.3,1.1,74,12,6,28.96,,0,0,0,41.4,41.0,43.5,0.41,0.43,0.40
SPRA,2015-12-02 15:50:00 EST,42.87427,-74.50859,656,41.6,41.7,38.0,97.2,40.9,0.001,0.165,0.00,0.014,5.5,6.8,0.8,74,8,6.5,8.5,1.1,76,7,5.5,6.8,0.8,74,8,6,28.96,,0,0,0,41.5,41.0,43.5,0.41,0.43,0.40
SPRA,2015-12-02 15:55:00 EST,42.87427,-74.50859,656,41.6,41.7,38.8,97.3,40.9,0.001,0.166,0.00,0.012,4.5,8.8,1.5,69,11,5.1,11.0,1.8,71,10,4.5,8.8,1.5,69,11,5,28.96,,0,0,0,41.4,41.0,43.5,0.41,0.43,0.40
SPRA,2015-12-02 16:00:00 EST,42.87427,-74.50859,656,41.7,41.7,38.0,97.4,41.0,0.000,0.166,0.00,0.012,5.6,8.4,1.5,78,15,6.4,10.1,1.9,81,12,5.6,8.4,1.5,78,15,3,28.95,,0,0,0,41.5,41.0,43.5,0.41,0.43,0.40
SPRA,2015-12-02 16:05:00 EST,42.87427,-74.50859,656,41.7,41.8,38.9,97.5,41.0,0.000,0.166,0.00,0.008,4.5,7.9,1.3,81,13,5.3,9.4,1.5,81,12,4.5,7.9,1.3,81,13,2,28.95,,0,0,0,41.4,41.1,43.5,0.41,0.43,0.40
SPRA,2015-12-02 16:10:00 EST,42.87427,-74.50859,656,41.8,41.8,39.5,97.6,41.1,0.000,0.166,0.00,0.006,3.9,8.3,1.6,83,15,4.6,9.8,1.9,84,13,3.9,8.3,1.6,83,15,1,28.96,,0,0,0,41.4,41.1,43.5,0.41,0.43,0.40
SPRA,2015-12-02 16:15:00 EST,42.87427,-74.50859,656,41.8,41.9,40.3,97.6,41.2,0.000,0.166,0.00,0.006,3.1,6.3,1.1,68,15,3.5,7.4,1.4,70,15,3.1,6.3,1.1,68,15,1,28.96,,0,0,0,41.4,41.1,43.5,0.41,0.43,0.40
SPRA,2015-12-02 16:20:00 EST,42.87427,-74.50859,656,41.8,41.8,41.8,97.6,41.2,0.000,0.166,0.00,0.006,2.0,3.6,0.8,20,25,2.2,4.3,0.8,17,24,2.0,3.6,0.8,20,25,0,28.96,,0,0,0,41.4,41.1,43.5,0.41,0.43,0.40
SPRA,2015-12-02 16:25:00 EST,42.87427,-74.50859,656,41.8,41.8,40.3,97.7,41.2,0.000,0.166,0.00,0.004,3.1,5.8,1.0,62,13,3.3,6.5,1.1,64,12,3.1,5.8,1.0,62,13,0,28.96,,0,0,0,41.4,41.2,43.5,0.41,0.43,0.40
SPRA,2015-12-02 16:30:00 EST,42.87427,-74.50859,656,41.8,41.9,39.7,97.7,41.2,0.000,0.166,0.00,0.004,3.7,5.9,0.9,73,10,4.3,7.2,1.1,75,10,3.7,5.9,0.9,73,10,0,28.96,,0,0,0,41.4,41.1,43.5,0.41,0.43,0.40
SPRA,2015-12-02 16:35:00 EST,42.87427,-74.50859,656,41.8,41.8,39.8,97.8,41.2,0.000,0.166,0.00,0.004,3.6,5.2,0.6,74,11,4.2,6.5,0.8,76,11,3.6,5.2,0.6,74,11,0,28.95,,0,0,0,41.4,41.2,43.5,0.41,0.43,0.40
SPRA,2015-12-02 16:40:00 EST,42.87427,-74.50859,656,41.8,41.9,41.8,97.9,41.3,0.000,0.166,0.00,0.004,2.8,5.7,1.2,93,16,3.3,6.9,1.5,93,16,2.8,5.7,1.2,93,16,0,28.96,,0,0,0,41.4,41.2,43.5,0.41,0.43,0.40
SPRA,2015-12-02 16:45:00 EST,42.87427,-74.50859,656,41.8,41.9,39.8,97.9,41.3,0.000,0.166,0.00,0.002,3.6,4.7,0.6,89,8,4.2,5.8,0.7,89,9,3.6,4.7,0.6,89,8,0,28.95,,0,0,0,41.4,41.2,43.5,0.41,0.43,0.40
SPRA,2015-12-02 16:50:00 EST,42.87427,-74.50859,656,41.8,41.8,41.8,98.0,41.3,0.000,0.166,0.00,0.001,1.1,2.7,0.8,82,19,1.5,3.4,0.8,78,27,1.1,2.7,0.8,82,19,0,28.95,,0,0,0,41.4,41.2,43.5,0.41,0.43,0.40
SPRA,2015-12-02 16:55:00 EST,42.87427,-74.50859,656,41.8,41.8,41.8,98.0,41.3,0.000,0.166,0.00,0.000,1.4,3.7,1.4,25,11,1.9,4.0,1.1,25,18,1.4,3.7,1.4,25,11,0,28.94,,0,0,0,41.4,41.2,43.5,0.41,0.43,0.40
SPRA,2015-12-02 17:00:00 EST,42.87427,-74.50859,656,41.8,41.9,40.3,98.0,41.3,0.003,0.169,0.00,0.003,3.1,3.9,0.5,54,10,3.2,4.5,0.5,55,10,3.1,3.9,0.5,54,10,0,28.94,,0,0,0,41.4,41.2,43.5,0.41,0.43,0.40
SPRA,2015-12-02 17:05:00 EST,42.87427,-74.50859,656,41.9,41.9,41.9,98.1,41.4,0.001,0.170,0.00,0.004,2.3,4.0,0.8,87,17,2.8,5.1,0.9,87,17,2.3,4.0,0.8,87,17,0,28.95,,0,0,0,41.4,41.2,43.5,0.41,0.43,0.40
SPRA,2015-12-02 17:10:00 EST,42.87427,-74.50859,656,41.9,42.0,41.9,98.1,41.4,0.001,0.171,0.00,0.005,2.7,5.8,1.5,78,8,3.3,7.4,1.7,79,11,2.7,5.8,1.5,78,8,0,28.94,,0,0,0,41.4,41.2,43.5,0.41,0.43,0.40
SPRA,2015-12-02 17:15:00 EST,42.87427,-74.50859,656,42.0,42.0,42.0,98.2,41.5,0.002,0.173,0.00,0.007,2.4,3.9,0.8,84,16,2.8,4.7,0.9,83,16,2.4,3.9,0.8,84,16,0,28.94,,0,0,0,41.4,41.2,43.5,0.41,0.43,0.40
SPRA,2015-12-02 17:20:00 EST,42.87427,-74.50859,656,42.0,42.1,40.2,98.2,41.5,0.001,0.174,0.00,0.007,3.4,5.8,0.9,93,19,4.0,6.3,1.2,91,17,3.4,5.8,0.9,93,19,0,28.94,,0,0,0,41.4,41.2,43.5,0.41,0.43,0.40
SPRA,2015-12-02 17:25:00 EST,42.87427,-74.50859,656,42.0,42.1,39.7,98.2,41.6,0.000,0.174,0.00,0.007,3.9,5.7,1.5,84,17,4.8,7.2,1.7,83,16,3.9,5.7,1.5,84,17,0,28.94,,0,0,0,41.4,41.2,43.5,0.41,0.43,0.40
SPRA,2015-12-02 17:30:00 EST,42.87427,-74.50859,656,42.1,42.1,38.5,98.2,41.6,0.000,0.174,0.00,0.007,5.5,7.6,1.0,84,6,6.5,9.2,1.4,85,5,5.5,7.6,1.0,84,6,0,28.93,,0,0,0,41.4,41.2,43.5,0.41,0.43,0.40
SPRA,2015-12-02 17:35:00 EST,42.87427,-74.50859,656,42.1,42.1,42.1,98.2,41.6,0.000,0.174,0.00,0.007,2.1,4.9,1.4,77,19,2.6,6.5,1.5,77,21,2.1,4.9,1.4,77,19,0,28.93,,0,0,0,41.4,41.3,43.5,0.41,0.43,0.40
SPRA,2015-12-02 17:40:00 EST,42.87427,-74.50859,656,42.0,42.1,42.0,98.2,41.6,0.000,0.174,0.00,0.007,1.3,3.2,0.7,24,15,1.7,3.8,0.6,32,22,1.3,3.2,0.7,24,15,0,28.92,,0,0,0,41.4,41.3,43.5,0.41,0.43,0.40
SPRA,2015-12-02 17:45:00 EST,42.87427,-74.50859,656,42.1,42.1,42.1,98.2,41.6,0.000,0.174,0.00,0.007,2.5,5.2,0.8,15,23,2.8,5.4,0.8,14,22,2.5,5.2,0.8,15,23,0,28.92,,0,0,0,41.4,41.3,43.5,0.41,0.43,0.40
SPRA,2015-12-02 17:50:00 EST,42.87427,-74.50859,656,42.2,42.2,40.6,98.3,41.8,0.000,0.174,0.00,0.007,3.3,5.3,0.9,50,13,3.3,5.1,0.8,52,13,3.3,5.3,0.9,50,13,0,28.91,,0,0,0,41.4,41.3,43.5,0.41,0.43,0.40
SPRA,2015-12-02 17:55:00 EST,42.87427,-74.50859,656,42.3,42.3,40.6,98.3,41.8,0.000,0.174,0.00,0.007,3.3,5.5,1.0,69,15,3.6,6.7,1.2,70,14,3.3,5.5,1.0,69,15,0,28.92,,0,0,0,41.4,41.3,43.5,0.41,0.43,0.40
SPRA,2015-12-02 18:00:00 EST,42.87427,-74.50859,656,42.3,42.3,42.3,98.3,41.9,0.000,0.174,0.00,0.004,2.6,3.9,0.8,77,16,2.9,5.1,0.9,78,16,2.6,3.9,0.8,77,16,0,28.92,,0,0,0,41.4,41.3,43.5,0.41,0.43,0.40
SPRA,2015-12-02 18:05:00 EST,42.87427,-74.50859,656,42.3,42.4,40.9,98.3,41.9,0.000,0.174,0.00,0.004,3.1,5.1,0.9,82,14,3.6,6.3,1.1,84,13,3.1,5.1,0.9,82,14,0,28.92,,0,0,0,41.4,41.3,43.5,0.41,0.43,0.40
SPRA,2015-12-02 18:10:00 EST,42.87427,-74.50859,656,42.4,42.4,40.4,98.3,41.9,0.000,0.174,0.00,0.003,3.6,5.5,0.8,81,13,4.1,6.9,1.1,82,13,3.6,5.5,0.8,81,13,0,28.91,,0,0,0,41.4,41.3,43.5,0.41,0.43,0.40
SPRA,2015-12-02 18:15:00 EST,42.87427,-74.50859,656,42.3,42.4,42.3,98.3,41.9,0.000,0.174,0.00,0.001,2.1,4.1,0.9,105,18,2.4,4.7,0.8,104,17,2.1,4.1,0.9,105,18,0,28.91,,0,0,0,41.4,41.4,43.5,0.41,0.43,0.40
SPRA,2015-12-02 18:20:00 EST,42.87427,-74.50859,656,42.3,42.4,42.3,98.3,41.9,0.000,0.174,0.00,0.000,1.8,3.3,1.0,107,22,2.2,4.0,0.9,105,24,1.8,3.3,1.0,107,22,0,28.91,,0,0,0,41.4,41.4,43.5,0.41,0.43,0.40
SPRA,2015-12-02 18:25:00 EST,42.87427,-74.50859,656,42.4,42.4,42.4,98.4,41.9,0.002,0.176,0.00,0.002,1.2,4.5,1.4,83,10,1.7,5.4,1.4,84,33,1.2,4.5,1.4,83,10,0,28.91,,0,0,0,41.4,41.4,43.5,0.41,0.43,0.41
SPRA,2015-12-02 18:30:00 EST,42.87427,-74.50859,656,42.4,42.4,42.4,98.4,41.9,0.000,0.176,0.00,0.002,1.0,2.0,0.7,262,16,1.4,2.7,0.6,269,27,1.0,2.0,0.7,262,16,0,28.92,,0,0,0,41.4,41.4,43.5,0.41,0.43,0.41
SPRA,2015-12-02 18:35:00 EST,42.87427,-74.50859,656,42.4,42.4,42.4,98.3,41.9,0.000,0.176,0.00,0.002,0.0,0.8,0.1,238,0,0.7,1.6,0.4,336,49,0.0,0.8,0.1,238,0,0,28.92,,0,0,0,41.4,41.4,43.5,0.41,0.43,0.41
SPRA,2015-12-02 18:40:00 EST,42.87427,-74.50859,656,42.4,42.4,42.4,98.4,41.9,0.000,0.176,0.00,0.002,2.2,3.8,1.2,273,18,2.6,4.5,1.2,276,19,2.2,3.8,1.2,273,18,0,28.93,,0,0,0,41.4,41.4,43.5,0.41,0.43,0.41
SPRA,2015-12-02 18:45:00 EST,42.87427,-74.50859,656,42.3,42.4,42.3,98.4,41.9,0.000,0.176,0.00,0.002,2.0,3.4,0.7,303,34,2.3,3.8,0.8,304,34,2.0,3.4,0.7,303,34,0,28.92,,0,0,0,41.4,41.4,43.5,0.41,0.43,0.41
SPRA,2015-12-02 18:50:00 EST,42.87427,-74.50859,656,42.4,42.5,42.4,98.4,42.0,0.000,0.176,0.00,0.002,0.8,2.8,0.8,300,6,1.1,3.4,0.5,318,21,0.8,2.8,0.8,300,6,0,28.92,,0,0,0,41.4,41.4,43.5,0.41,0.43,0.41
SPRA,2015-12-02 18:55:00 EST,42.87427,-74.50859,656,42.4,42.5,42.4,98.4,42.0,0.002,0.178,0.00,0.004,0.2,0.9,0.3,302,0,0.5,0.9,0.2,276,44,0.2,0.9,0.3,302,0,0,28.93,,0,0,0,41.4,41.4,43.5,0.41,0.43,0.41
SPRA,2015-12-02 19:00:00 EST,42.87427,-74.50859,656,42.4,42.5,42.4,98.4,42.0,0.001,0.178,0.00,0.005,0.8,2.1,0.8,278,9,1.2,2.5,0.8,277,22,0.8,2.1,0.8,278,9,0,28.93,,0,0,0,41.4,41.4,43.5,0.41,0.43,0.41
SPRA,2015-12-02 19:05:00 EST,42.87427,-74.50859,656,42.4,42.5,42.4,98.4,42.0,0.000,0.178,0.00,0.005,1.5,2.2,0.3,301,9,1.6,2.5,0.3,307,14,1.5,2.2,0.3,301,9,0,28.93,,0,0,0,41.4,41.4,43.5,0.41,0.43,0.41
SPRA,2015-12-02 19:10:00 EST,42.87427,-74.50859,656,42.4,42.4,42.4,98.4,42.0,0.000,0.178,0.00,0.005,1.9,2.6,0.4,308,4,1.9,2.9,0.4,308,7,1.9,2.6,0.4,308,4,0,28.93,,0,0,0,41.4,41.4,43.5,0.41,0.43,0.41
SPRA,2015-12-02 19:15:00 EST,42.87427,-74.50859,656,42.3,42.4,42.3,98.4,41.9,0.002,0.180,0.00,0.007,2.2,3.1,0.3,306,8,2.2,3.1,0.4,309,10,2.2,3.1,0.3,306,8,0,28.93,,0,0,0,41.4,41.4,43.5,0.41,0.43,0.41
SPRA,2015-12-02 19:20:00 EST,42.87427,-74.50859,656,42.4,42.4,42.4,98.4,42.0,0.001,0.181,0.00,0.008,1.9,2.8,0.5,296,9,2.0,3.6,0.5,301,14,1.9,2.8,0.5,296,9,0,28.93,,0,0,0,41.5,41.4,43.5,0.41,0.43,0.41
SPRA,2015-12-02 19:25:00 EST,42.87427,-74.50859,656,42.4,42.4,42.4,98.4,42.0,0.000,0.181,0.00,0.006,2.1,3.7,0.7,312,11,2.2,3.6,0.6,318,13,2.1,3.7,0.7,312,11,0,28.93,,0,0,0,41.4,41.4,43.5,0.41,0.43,0.41
SPRA,2015-12-02 19:30:00 EST,42.87427,-74.50859,656,42.3,42.3,40.7,98.4,41.8,0.000,0.181,0.00,0.006,3.2,5.5,0.7,332,10,3.6,5.8,0.8,336,11,3.2,5.5,0.7,332,10,0,28.92,,0,0,0,41.5,41.4,43.5,0.41,0.43,0.41
SPRA,2015-12-02 19:35:00 EST,42.87427,-74.50859,656,42.2,42.2,42.2,98.4,41.7,0.000,0.181,0.00,0.006,2.1,3.5,0.8,1,20,2.4,4.3,1.1,4,24,2.1,3.5,0.8,1,20,0,28.92,,0,0,0,41.5,41.4,43.5,0.41,0.43,0.41
SPRA,2015-12-02 19:40:00 EST,42.87427,-74.50859,656,42.1,42.2,42.1,98.4,41.7,0.004,0.185,0.00,0.010,1.8,3.2,0.6,63,19,2.0,3.4,0.6,65,19,1.8,3.2,0.6,63,19,0,28.92,,0,0,0,41.5,41.5,43.5,0.41,0.43,0.41
SPRA,2015-12-02 19:45:00 EST,42.87427,-74.50859,656,42.1,42.2,40.3,98.4,41.7,0.001,0.186,0.00,0.011,3.5,5.1,0.7,85,9,4.0,5.8,0.8,85,9,3.5,5.1,0.7,85,9,0,28.90,,0,0,0,41.5,41.5,43.5,0.41,0.43,0.41
SPRA,2015-12-02 19:50:00 EST,42.87427,-74.50859,656,42.1,42.2,40.6,98.4,41.7,0.000,0.186,0.00,0.011,3.2,4.9,1.2,235,36,3.4,5.6,1.1,234,36,3.2,4.9,1.2,235,36,0,28.92,,0,0,0,41.5,41.5,43.5,0.41,0.43,0.42
SPRA,2015-12-02 19:55:00 EST,42.87427,-74.50859,656,42.2,42.2,42.2,98.5,41.8,0.000,0.186,0.00,0.009,2.3,3.1,0.4,243,7,2.3,3.1,0.4,243,8,2.3,3.1,0.4,243,7,0,28.92,,0,0,0,41.5,41.5,43.5,0.41,0.43,0.42
SPRA,2015-12-02 20:00:00 EST,42.87427,-74.50859,656,42.2,42.2,42.2,98.5,41.8,0.000,0.186,0.00,0.008,2.3,3.4,0.4,223,6,2.3,3.4,0.5,220,5,2.3,3.4,0.4,223,6,0,28.92,,0,0,0,41.5,41.5,43.5,0.41,0.43,0.42
SPRA,2015-12-02 20:05:00 EST,42.87427,-74.50859,656,42.2,42.2,40.8,98.5,41.8,0.000,0.186,0.00,0.008,3.0,3.9,0.4,243,5,3.2,4.3,0.6,244,6,3.0,3.9,0.4,243,5,0,28.92,,0,0,0,41.5,41.5,43.5,0.41,0.43,0.42
SPRA,2015-12-02 20:10:00 EST,42.87427,-74.50859,656,42.2,42.2,40.7,98.5,41.8,0.000,0.186,0.00,0.008,3.1,4.5,0.5,235,12,3.2,4.9,0.6,234,13,3.1,4.5,0.5,235,12,0,28.93,,0,0,0,41.5,41.5,43.5,0.41,0.43,0.42
SPRA,2015-12-02 20:15:00 EST,42.87427,-74.50859,656,42.1,42.1,40.2,98.5,41.7,0.000,0.186,0.00,0.006,3.5,4.7,0.6,198,8,3.8,5.6,0.7,199,8,3.5,4.7,0.6,198,8,0,28.93,,0,0,0,41.5,41.5,43.5,0.41,0.43,0.42
SPRA,2015-12-02 20:20:00 EST,42.87427,-74.50859,656,41.9,41.9,39.3,98.4,41.5,0.000,0.186,0.00,0.005,4.3,5.6,0.7,199,5,4.7,6.7,0.9,199,5,4.3,5.6,0.7,199,5,0,28.93,,0,0,0,41.5,41.5,43.5,0.41,0.43,0.42
SPRA,2015-12-02 20:25:00 EST,42.87427,-74.50859,656,41.8,41.8,39.0,98.4,41.4,0.000,0.186,0.00,0.005,4.4,5.4,0.5,195,5,4.9,6.3,0.6,195,4,4.4,5.4,0.5,195,5,0,28.93,,0,0,0,41.5,41.5,43.5,0.41,0.43,0.42
SPRA,2015-12-02 20:30:00 EST,42.87427,-74.50859,656,41.8,41.8,39.1,98.5,41.4,0.000,0.186,0.00,0.005,4.4,5.7,0.7,185,7,5.0,6.7,1.0,186,7,4.4,5.7,0.7,185,7,0,28.93,,0,0,0,41.5,41.5,43.5,0.41,0.43,0.42
SPRA,2015-12-02 20:35:00 EST,42.87427,-74.50859,656,41.8,41.8,39.7,98.5,41.4,0.000,0.186,0.00,0.005,3.7,5.5,0.9,190,14,4.1,6.5,1.1,190,12,3.7,5.5,0.9,190,14,0,28.92,,0,0,0,41.5,41.5,43.5,0.41,0.43,0.42
SPRA,2015-12-02 20:40:00 EST,42.87427,-74.50859,656,41.8,41.8,41.8,98.5,41.4,0.000,0.186,0.00,0.001,2.7,3.8,0.5,188,11,3.0,4.3,0.6,188,11,2.7,3.8,0.5,188,11,0,28.92,,0,0,0,41.5,41.5,43.5,0.41,0.43,0.42
SPRA,2015-12-02 20:45:00 EST,42.87427,-74.50859,656,41.8,41.8,41.8,98.5,41.4,0.000,0.186,0.00,0.000,2.1,2.8,0.3,227,30,2.4,3.4,0.5,229,32,2.1,2.8,0.3,227,30,0,28.92,,0,0,0,41.5,41.5,43.5,0.41,0.43,0.42
SPRA,2015-12-02 20:50:00 EST,42.87427,-74.50859,656,41.8,41.8,41.8,98.5,41.4,0.000,0.186,0.00,0.000,2.5,3.1,0.2,230,13,2.5,3.6,0.4,230,13,2.5,3.1,0.2,230,13,0,28.92,,0,0,0,41.5,41.5,43.5,0.41,0.43,0.42
SPRA,2015-12-02 20:55:00 EST,42.87427,-74.50859,656,41.8,41.8,41.8,98.5,41.4,0.000,0.186,0.00,0.000,2.4,3.1,0.3,238,5,2.3,3.1,0.3,237,8,2.4,3.1,0.3,238,5,0,28.92,,0,0,0,41.5,41.5,43.5,0.41,0.43,0.42
SPRA,2015-12-02 21:00:00 EST,42.87427,-74.50859,656,41.8,41.8,41.8,98.5,41.4,0.000,0.186,0.00,0.000,2.4,4.0,0.5,207,11,2.6,4.5,0.6,206,11,2.4,4.0,0.5,207,11,0,28.92,,0,0,0,41.5,41.6,43.5,0.41,0.43,0.42
SPRA,2015-12-02 21:05:00 EST,42.87427,-74.50859,656,41.9,41.9,40.4,98.5,41.5,0.000,0.186,0.00,0.000,3.1,3.8,0.4,187,8,3.4,4.9,0.5,188,9,3.1,3.8,0.4,187,8,0,28.91,,0,0,0,41.5,41.5,43.5,0.41,0.43,0.42
SPRA,2015-12-02 21:10:00 EST,42.87427,-74.50859,656,41.9,41.9,41.9,98.5,41.5,0.000,0.186,0.00,0.000,2.5,6.1,1.3,285,48,2.7,6.5,1.4,285,48,2.5,6.1,1.3,285,48,0,28.92,,0,0,0,41.5,41.5,43.5,0.41,0.43,0.42
SPRA,2015-12-02 21:15:00 EST,42.87427,-74.50859,656,41.8,41.9,39.9,98.5,41.4,0.000,0.186,0.00,0.000,3.5,6.3,1.9,321,9,3.7,6.5,2.0,324,17,3.5,6.3,1.9,321,9,0,28.91,,0,0,0,41.5,41.6,43.5,0.41,0.43,0.42
SPRA,2015-12-02 21:20:00 EST,42.87427,-74.50859,656,41.8,41.8,41.8,98.5,41.4,0.000,0.186,0.00,0.000,2.0,3.6,1.1,311,8,2.2,4.0,1.0,311,17,2.0,3.6,1.1,311,8,0,28.91,,0,0,0,41.5,41.6,43.6,0.41,0.43,0.42
SPRA,2015-12-02 21:25:00 EST,42.87427,-74.50859,656,41.8,41.8,39.8,98.5,41.4,0.000,0.186,0.00,0.000,3.6,4.5,0.4,323,6,3.8,5.1,0.5,325,7,3.6,4.5,0.4,323,6,0,28.91,,0,0,0,41.5,41.6,43.6,0.41,0.43,0.42
SPRA,2015-12-02 21:30:00 EST,42.87427,-74.50859,656,41.8,41.8,39.9,98.5,41.4,0.000,0.186,0.00,0.000,3.4,5.0,0.8,323,11,3.8,6.0,1.0,325,12,3.4,5.0,0.8,323,11,0,28.92,,0,0,0,41.5,41.6,43.6,0.41,0.43,0.42
SPRA,2015-12-02 21:35:00 EST,42.87427,-74.50859,656,41.8,41.8,39.6,98.5,41.4,0.000,0.186,0.00,0.000,3.8,5.3,0.7,313,14,4.0,5.8,0.8,314,15,3.8,5.3,0.7,313,14,0,28.92,,0,0,0,41.5,41.6,43.5,0.41,0.43,0.42
SPRA,2015-12-02 21:40:00 EST,42.87427,-74.50859,656,41.8,41.8,39.4,98.5,41.4,0.000,0.186,0.00,0.000,4.0,5.9,1.0,326,12,4.4,6.9,1.0,329,13,4.0,5.9,1.0,326,12,0,28.93,,0,0,0,41.5,41.6,43.5,0.41,0.43,0.42
SPRA,2015-12-02 21:45:00 EST,42.87427,-74.50859,656,41.9,41.9,39.5,98.5,41.5,0.000,0.186,0.00,0.000,4.0,7.2,1.5,307,15,4.3,8.3,1.7,309,15,4.0,7.2,1.5,307,15,0,28.93,,0,0,0,41.5,41.6,43.5,0.41,0.43,0.42
SPRA,2015-12-02 21:50:00 EST,42.87427,-74.50859,656,42.1,42.1,40.3,98.5,41.7,0.004,0.190,0.00,0.004,3.4,9.1,1.8,287,26,4.0,11.0,2.2,290,25,3.4,9.1,1.8,287,26,0,28.94,,0,0,0,41.5,41.7,43.6,0.41,0.43,0.42
SPRA,2015-12-02 21:55:00 EST,42.87427,-74.50859,656,42.7,42.7,38.5,98.7,42.4,0.002,0.192,0.00,0.006,6.9,11.3,1.6,293,18,7.8,15.0,2.0,295,16,6.9,11.3,1.6,293,18,0,28.94,,0,0,0,41.5,41.7,43.6,0.41,0.43,0.42
SPRA,2015-12-02 22:00:00 EST,42.87427,-74.50859,656,42.7,42.7,38.4,98.6,42.4,0.000,0.192,0.00,0.006,7.0,11.3,1.7,308,17,7.6,12.5,1.9,308,19,7.0,11.3,1.7,308,17,0,28.93,,0,0,0,41.5,41.7,43.5,0.41,0.43,0.42
SPRA,2015-12-02 22:05:00 EST,42.87427,-74.50859,656,42.7,42.7,39.6,98.5,42.3,0.000,0.192,0.00,0.006,5.1,8.9,1.8,296,19,5.6,10.5,2.2,296,20,5.1,8.9,1.8,296,19,0,28.93,,0,0,0,41.5,41.7,43.6,0.41,0.43,0.42
SPRA,2015-12-02 22:10:00 EST,42.87427,-74.50859,656,42.7,42.7,39.5,98.4,42.3,0.000,0.192,0.00,0.006,5.2,8.1,1.4,289,16,5.9,10.7,1.8,290,15,5.2,8.1,1.4,289,16,0,28.93,,0,0,0,41.5,41.7,43.6,0.41,0.43,0.42
SPRA,2015-12-02 22:15:00 EST,42.87427,-74.50859,656,42.7,42.7,39.4,98.2,42.2,0.000,0.192,0.00,0.006,5.4,9.0,1.5,309,16,5.9,9.2,1.6,310,17,5.4,9.0,1.5,309,16,0,28.93,,0,0,0,41.5,41.7,43.5,0.41,0.43,0.42
SPRA,2015-12-02 22:20:00 EST,42.87427,-74.50859,656,42.6,42.6,39.7,98.0,42.0,0.000,0.192,0.00,0.006,4.8,9.5,1.7,310,19,5.2,10.1,1.7,310,20,4.8,9.5,1.7,310,19,0,28.93,,0,0,0,41.5,41.7,43.6,0.41,0.43,0.42
SPRA,2015-12-02 22:25:00 EST,42.87427,-74.50859,656,42.6,42.6,39.2,97.8,42.0,0.000,0.192,0.00,0.006,5.5,10.2,1.6,303,15,6.0,10.5,1.7,304,14,5.5,10.2,1.6,303,15,0,28.93,,0,0,0,41.5,41.7,43.6,0.41,0.43,0.42
SPRA,2015-12-02 22:30:00 EST,42.87427,-74.50859,656,42.6,42.7,38.9,97.5,42.0,0.000,0.192,0.00,0.006,5.9,9.1,1.4,295,14,6.6,10.1,1.6,295,12,5.9,9.1,1.4,295,14,0,28.94,,0,0,0,41.5,41.7,43.6,0.41,0.43,0.42
SPRA,2015-12-02 22:35:00 EST,42.87427,-74.50859,656,42.6,42.7,39.6,97.1,41.9,0.000,0.192,0.00,0.006,5.0,10.2,1.7,295,14,5.6,11.4,2.0,295,13,5.0,10.2,1.7,295,14,0,28.94,,0,0,0,41.5,41.7,43.6,0.41,0.43,0.42
SPRA,2015-12-02 22:40:00 EST,42.87427,-74.50859,656,42.7,42.7,38.4,96.7,41.8,0.000,0.192,0.00,0.006,6.9,11.6,1.4,280,15,8.0,14.3,1.9,281,13,6.9,11.6,1.4,280,15,0,28.94,,0,0,0,41.5,41.7,43.6,0.41,0.43,0.42
SPRA,2015-12-02 22:45:00 EST,42.87427,-74.50859,656,42.7,42.8,37.7,95.8,41.6,0.000,0.192,0.00,0.006,8.4,12.5,2.2,281,12,9.8,14.8,2.7,281,10,8.4,12.5,2.2,281,12,0,28.95,,0,0,0,41.5,41.7,43.6,0.41,0.43,0.42
SPRA,2015-12-02 22:50:00 EST,42.87427,-74.50859,656,42.7,42.8,37.3,94.4,41.2,0.000,0.192,0.00,0.002,9.4,16.4,2.5,282,11,11.0,19.2,3.0,280,9,9.4,16.4,2.5,282,11,0,28.95,,0,0,0,41.5,41.7,43.6,0.41,0.43,0.42
SPRA,2015-12-02 22:55:00 EST,42.87427,-74.50859,656,42.6,42.8,36.8,92.7,40.7,0.000,0.192,0.00,0.000,10.3,16.2,2.3,282,14,12.0,17.4,2.6,283,10,10.3,16.2,2.3,282,14,0,28.96,,0,0,0,41.5,41.7,43.6,0.41,0.43,0.42
SPRA,2015-12-02 23:00:00 EST,42.87427,-74.50859,656,42.5,42.6,36.5,91.2,40.1,0.000,0.192,0.00,0.000,10.6,17.0,2.4,279,13,12.3,19.0,2.8,279,11,10.6,17.0,2.4,279,13,0,28.96,,0,0,0,41.5,41.7,43.6,0.41,0.43,0.42
SPRA,2015-12-02 23:05:00 EST,42.87427,-74.50859,656,42.4,42.5,37.4,91.4,40.1,0.000,0.192,0.00,0.000,8.3,11.6,1.9,269,11,9.8,14.8,2.3,272,8,8.3,11.6,1.9,269,11,0,28.96,,0,0,0,41.5,41.7,43.6,0.41,0.43,0.42
SPRA,2015-12-02 23:10:00 EST,42.87427,-74.50859,656,42.3,42.4,36.9,91.4,40.0,0.000,0.192,0.00,0.000,9.1,13.4,2.4,266,12,10.7,17.2,2.8,269,9,9.1,13.4,2.4,266,12,0,28.95,,0,0,0,41.6,41.7,43.6,0.41,0.43,0.42
SPRA,2015-12-02 23:15:00 EST,42.87427,-74.50859,656,42.0,42.2,37.2,91.1,39.6,0.000,0.192,0.00,0.000,7.7,12.0,1.5,270,12,9.0,14.5,2.0,272,9,7.7,12.0,1.5,270,12,0,28.95,,0,0,0,41.6,41.7,43.6,0.41,0.43,0.42
SPRA,2015-12-02 23:20:00 EST,42.87427,-74.50859,656,41.8,41.9,36.8,91.6,39.6,0.000,0.192,0.00,0.000,8.1,11.5,1.5,269,14,9.5,14.5,1.8,270,12,8.1,11.5,1.5,269,14,0,28.95,,0,0,0,41.6,41.7,43.6,0.41,0.43,0.42
SPRA,2015-12-02 23:25:00 EST,42.87427,-74.50859,656,41.7,41.8,38.1,92.2,39.6,0.000,0.192,0.00,0.000,5.6,9.1,1.7,267,14,6.7,11.9,2.1,269,11,5.6,9.1,1.7,267,14,0,28.95,,0,0,0,41.6,41.7,43.6,0.41,0.43,0.42
SPRA,2015-12-02 23:30:00 EST,42.87427,-74.50859,656,41.7,41.8,38.0,92.4,39.6,0.000,0.192,0.00,0.000,5.6,9.2,1.4,266,12,6.3,10.7,1.7,269,11,5.6,9.2,1.4,266,12,0,28.95,,0,0,0,41.6,41.7,43.6,0.41,0.43,0.42
SPRA,2015-12-02 23:35:00 EST,42.87427,-74.50859,656,42.0,41.9,37.0,92.3,39.9,0.000,0.192,0.00,0.000,7.9,12.4,1.6,259,11,9.3,14.5,1.8,261,9,7.9,12.4,1.6,259,11,0,28.95,,0,0,0,41.6,41.7,43.7,0.41,0.43,0.42
SPRA,2015-12-02 23:40:00 EST,42.87427,-74.50859,656,42.0,42.2,37.0,92.1,39.9,0.000,0.192,0.00,0.000,8.0,10.9,1.4,253,11,9.3,12.8,1.6,256,11,8.0,10.9,1.4,253,11,0,28.95,,0,0,0,41.6,41.7,43.7,0.41,0.43,0.42
SPRA,2015-12-02 23:45:00 EST,42.87427,-74.50859,656,42.0,42.3,36.8,92.0,39.9,0.000,0.192,0.00,0.000,8.5,13.2,2.1,262,11,10.1,16.6,2.6,264,8,8.5,13.2,2.1,262,11,0,28.95,,0,0,0,41.6,41.7,43.7,0.41,0.43,0.42
SPRA,2015-12-02 23:50:00 EST,42.87427,-74.50859,656,42.1,42.3,35.8,91.2,39.7,0.000,0.192,0.00,0.000,11.0,16.9,2.5,268,12,12.9,20.8,3.0,269,10,11.0,16.9,2.5,268,12,0,28.95,,0,0,0,41.6,41.7,43.7,0.41,0.43,0.42
SPRA,2015-12-02 23:55:00 EST,42.87427,-74.50859,656,42.1,42.3,35.5,90.9,39.6,0.000,0.192,0.00,0.000,11.9,16.8,2.4,260,11,13.8,19.7,2.8,262,9,11.9,16.8,2.4,260,11,0,28.95,,0,0,0,41.6,41.7,43.7,0.41,0.43,0.42
WATE,2015-12-02 00:00:00 EST,42.87966,-76.81255,478,48.0,48.1,43.3,92.0,45.8,0.007,0.089,0.00,0.020,10.9,15.9,2.0,178,10,12.7,19.2,2.4,180,9,10.9,15.9,2.0,178,10,0,29.34,,0,0,0,45.3,43.6,45.2,0.35,0.42,0.44
WATE,2015-12-02 00:05:00 EST,42.87966,-76.81255,478,48.0,48.1,43.2,92.2,45.9,0.016,0.016,0.28,0.035,11.4,14.9,1.5,180,11,13.0,18.6,1.7,183,9,11.4,14.9,1.5,180,11,0,29.34,,0,0,0,45.3,43.6,45.2,0.35,0.42,0.44
WATE,2015-12-02 00:10:00 EST,42.87966,-76.81255,478,48.0,48.0,43.9,92.6,46.0,0.014,0.030,0.38,0.049,9.0,12.6,1.6,176,11,10.4,13.9,1.6,179,10,9.0,12.6,1.6,176,11,0,29.34,,0,0,0,45.3,43.6,45.1,0.35,0.42,0.44
WATE,2015-12-02 00:15:00 EST,42.87966,-76.81255,478,48.1,48.1,44.1,92.6,46.0,0.000,0.030,0.00,0.049,8.8,14.5,1.7,180,10,10.5,17.0,2.0,183,9,8.8,14.5,1.7,180,10,0,29.34,,0,0,0,45.3,43.7,45.2,0.35,0.42,0.44
WATE,2015-12-02 00:20:00 EST,42.87966,-76.81255,478,48.1,48.3,43.7,92.4,46.0,0.002,0.032,0.00,0.051,10.1,14.0,1.4,175,10,12.0,17.0,1.6,178,8,10.1,14.0,1.4,175,10,0,29.34,,0,0,0,45.3,43.7,45.2,0.35,0.42,0.44
WATE,2015-12-02 00:25:00 EST,42.87966,-76.81255,478,48.2,48.3,43.5,91.8,45.9,0.002,0.033,0.00,0.053,10.8,18.8,2.7,174,8,12.8,21.3,2.9,177,6,10.8,18.8,2.7,174,8,0,29.34,,0,0,0,45.3,43.7,45.2,0.35,0.42,0.44
WATE,2015-12-02 00:30:00 EST,42.87966,-76.81255,478,48.1,48.2,43.9,92.2,45.9,0.008,0.042,0.00,0.061,9.4,12.3,1.5,174,10,11.3,14.8,1.9,176,8,9.4,12.3,1.5,174,10,0,29.34,,0,0,0,45.3,43.7,45.1,0.35,0.42,0.44
WATE,2015-12-02 00:35:00 EST,42.87966,-76.81255,478,48.0,48.0,44.5,92.9,46.0,0.015,0.057,0.24,0.074,7.5,10.8,1.3,182,9,8.9,13.4,1.7,185,7,7.5,10.8,1.3,182,9,0,29.34,,0,0,0,45.3,43.7,45.1,0.35,0.42,0.44
WATE,2015-12-02 00:40:00 EST,42.87966,-76.81255,478,47.8,47.9,44.8,93.6,46.1,0.015,0.072,0.28,0.088,6.6,9.1,1.3,178,11,8.0,11.0,1.6,181,10,6.6,9.1,1.3,178,11,0,29.34,,0,0,0,45.4,43.7,45.2,0.36,0.42,0.44
WATE,2015-12-02 00:45:00 EST,42.87966,-76.81255,478,47.9,47.9,44.3,93.8,46.1,0.016,0.088,0.00,0.103,7.8,13.4,1.7,174,13,9.5,16.1,2.0,176,11,7.8,13.4,1.7,174,13,0,29.34,,0,0,0,45.4,43.7,45.2,0.36,0.42,0.44
WATE,2015-12-02 00:50:00 EST,42.87966,-76.81255,478,47.9,48.0,43.8,93.6,46.2,0.014,0.102,0.26,0.115,8.9,12.6,1.5,170,8,10.7,15.0,1.8,173,7,8.9,12.6,1.5,170,8,0,29.34,,0,0,0,45.5,43.7,45.2,0.36,0.42,0.44
WATE,2015-12-02 00:55:00 EST,42.87966,-76.81255,478,48.0,48.0,44.1,93.5,46.2,0.005,0.107,0.00,0.115,8.7,11.5,1.4,171,11,10.6,15.2,1.8,174,10,8.7,11.5,1.4,171,11,0,29.34,,0,0,0,45.5,43.7,45.2,0.43,0.42,0.44
WATE,2015-12-02 01:00:00 EST,42.87966,-76.81255,478,48.0,48.0,44.4,93.4,46.1,0.004,0.111,0.00,0.111,7.7,11.3,1.6,179,8,9.2,13.6,1.9,181,8,7.7,11.3,1.6,179,8,0,29.34,,0,0,0,45.5,43.7,45.2,0.44,0.42,0.44
WATE,2015-12-02 01:05:00 EST,42.87966,-76.81255,478,48.0,48.1,44.7,93.1,46.1,0.001,0.112,0.00,0.096,7.2,11.1,1.5,183,12,8.5,13.4,1.9,184,12,7.2,11.1,1.5,183,12,0,29.34,,0,0,0,45.5,43.7,45.2,0.44,0.42,0.44
WATE,2015-12-02 01:10:00 EST,42.87966,-76.81255,478,48.0,48.0,44.2,93.4,46.1,0.000,0.112,0.00,0.082,8.1,11.8,1.4,170,9,9.8,14.3,1.8,173,7,8.1,11.8,1.4,170,9,0,29.34,,0,0,0,45.5,43.8,45.2,0.43,0.43,0.44
WATE,2015-12-02 01:15:00 EST,42.87966,-76.81255,478,47.9,48.0,44.0,93.6,46.1,0.003,0.115,0.00,0.085,8.4,10.9,1.0,168,10,10.1,12.3,1.3,172,8,8.4,10.9,1.0,168,10,0,29.34,,0,0,0,45.5,43.8,45.2,0.44,0.43,0.44
WATE,2015-12-02 01:20:00 EST,42.87966,-76.81255,478,47.9,47.9,43.8,94.1,46.2,0.001,0.116,0.00,0.084,8.8,12.7,1.6,170,10,10.6,15.0,1.9,173,8,8.8,12.7,1.6,170,10,0,29.34,,0,0,0,45.5,43.9,45.2,0.44,0.43,0.44
WATE,2015-12-02 01:25:00 EST,42.87966,-76.81255,478,47.8,47.8,44.7,94.4,46.2,0.003,0.119,0.00,0.085,6.5,8.8,1.1,167,9,7.9,11.2,1.4,170,8,6.5,8.8,1.1,167,9,0,29.34,,0,0,0,45.5,43.8,45.2,0.44,0.42,0.44
WATE,2015-12-02 01:30:00 EST,42.87966,-76.81255,478,47.8,47.9,44.2,94.7,46.4,0.002,0.120,0.00,0.079,7.8,11.8,1.5,170,11,9.4,13.9,1.7,174,10,7.8,11.8,1.5,170,11,0,29.34,,0,0,0,45.5,43.9,45.2,0.44,0.43,0.44
WATE,2015-12-02 01:35:00 EST,42.87966,-76.81255,478,47.8,47.8,44.7,94.5,46.3,0.009,0.129,0.00,0.072,6.8,8.9,1.0,177,10,8.4,11.0,1.3,180,8,6.8,8.9,1.0,177,10,0,29.34,,0,0,0,45.5,43.9,45.2,0.44,0.43,0.44
WATE,2015-12-02 01:40:00 EST,42.87966,-76.81255,478,47.8,47.9,44.5,94.6,46.3,0.002,0.131,0.00,0.059,7.0,9.6,0.9,178,9,8.7,12.5,1.2,180,7,7.0,9.6,0.9,178,9,0,29.34,,0,0,0,45.5,43.9,45.2,0.44,0.43,0.44
WATE,2015-12-02 01:45:00 EST,42.87966,-76.81255,478,47.8,47.9,44.3,94.5,46.3,0.001,0.132,0.00,0.044,7.7,9.9,1.0,175,8,9.4,12.8,1.4,178,7,7.7,9.9,1.0,175,8,0,29.34,,0,0,0,45.5,43.9,45.2,0.44,0.43,0.44
WATE,2015-12-02 01:50:00 EST,42.87966,-76.81255,478,47.9,48.0,44.8,94.1,46.3,0.003,0.135,0.00,0.033,6.7,10.4,1.5,174,9,8.3,13.0,1.9,177,8,6.7,10.4,1.5,174,9,0,29.34,,0,0,0,45.5,43.9,45.2,0.44,0.43,0.44
WATE,2015-12-02 01:55:00 EST,42.87966,-76.81255,478,47.9,48.0,45.2,94.2,46.3,0.003,0.138,0.00,0.031,5.9,7.9,0.8,171,10,7.1,10.3,1.0,174,9,5.9,7.9,0.8,171,10,0,29.33,,0,0,0,45.5,43.9,45.2,0.44,0.43,0.44
WATE,2015-12-02 02:00:00 EST,42.87966,-76.81255,478,47.9,47.9,45.2,94.1,46.3,0.001,0.139,0.00,0.028,5.9,7.6,0.8,161,9,6.9,9.8,1.1,165,8,5.9,7.6,0.8,161,9,0,29.33,,0,0,0,45.5,43.9,45.2,0.44,0.43,0.44
WATE,2015-12-02 02:05:00 EST,42.87966,-76.81255,478,47.9,47.9,44.9,94.3,46.3,0.000,0.139,0.00,0.027,6.4,8.8,1.2,158,10,7.3,10.5,1.5,161,10,6.4,8.8,1.2,158,10,0,29.33,,0,0,0,45.5,43.9,45.2,0.44,0.43,0.44
WATE,2015-12-02 02:10:00 EST,42.87966,-76.81255,478,47.9,48.0,45.6,94.1,46.3,0.000,0.139,0.00,0.027,5.2,7.7,1.0,150,8,6.0,9.4,1.2,154,8,5.2,7.7,1.0,150,8,0,29.33,,0,0,0,45.5,43.9,45.2,0.44,0.43,0.44
WATE,2015-12-02 02:15:00 EST,42.87966,-76.81255,478,48.0,48.1,44.8,94.0,46.3,0.000,0.139,0.00,0.024,6.9,9.1,1.1,173,13,7.9,10.5,1.3,176,13,6.9,9.1,1.1,173,13,0,29.33,,0,0,0,45.5,43.9,45.2,0.44,0.43,0.44
WATE,2015-12-02 02:20:00 EST,42.87966,-76.81255,478,47.9,48.1,45.2,93.8,46.2,0.000,0.139,0.00,0.023,6.0,10.2,1.7,180,8,7.0,12.1,1.9,183,7,6.0,10.2,1.7,180,8,0,29.34,,0,0,0,45.6,43.9,45.2,0.44,0.43,0.44
WATE,2015-12-02 02:25:00 EST,42.87966,-76.81255,478,48.1,48.3,45.2,93.9,46.4,0.000,0.139,0.00,0.020,6.4,8.6,1.0,171,10,7.4,9.8,1.2,174,10,6.4,8.6,1.0,171,10,0,29.34,,0,0,0,45.6,43.9,45.2,0.44,0.43,0.44
WATE,2015-12-02 02:30:00 EST,42.87966,-76.81255,478,48.2,48.3,45.4,93.7,46.5,0.000,0.139,0.00,0.019,6.3,9.7,1.1,177,8,7.3,11.2,1.4,179,7,6.3,9.7,1.1,177,8,0,29.34,,0,0,0,45.6,43.9,45.2,0.44,0.43,0.44
WATE,2015-12-02 02:35:00 EST,42.87966,-76.81255,478,48.3,48.4,46.1,93.6,46.5,0.000,0.139,0.00,0.010,5.1,7.9,0.9,168,8,6.0,9.4,1.2,171,9,5.1,7.9,0.9,168,8,0,29.34,,0,0,0,45.6,43.9,45.2,0.44,0.43,0.44
WATE,2015-12-02 02:40:00 EST,42.87966,-76.81255,478,48.5,48.7,45.5,93.5,46.7,0.000,0.139,0.00,0.008,6.6,10.3,1.1,171,10,7.8,12.8,1.3,175,9,6.6,10.3,1.1,171,10,0,29.34,,0,0,0,45.6,43.9,45.2,0.44,0.43,0.44
WATE,2015-12-02 02:45:00 EST,42.87966,-76.81255,478,48.4,48.5,45.5,93.1,46.5,0.000,0.139,0.00,0.007,6.4,8.6,0.8,164,9,7.6,10.5,0.9,168,8,6.4,8.6,0.8,164,9,0,29.34,,0,0,0,45.6,43.9,45.2,0.44,0.43,0.45
WATE,2015-12-02 02:50:00 EST,42.87966,-76.81255,478,48.4,48.6,45.1,93.2,46.5,0.000,0.139,0.00,0.004,7.5,10.7,1.0,162,9,8.5,12.3,1.3,166,8,7.5,10.7,1.0,162,9,0,29.34,,0,0,0,45.6,43.9,45.2,0.44,0.43,0.44
WATE,2015-12-02 02:55:00 EST,42.87966,-76.81255,478,48.4,48.6,44.8,93.0,46.5,0.005,0.144,0.00,0.006,8.0,11.5,1.3,162,9,9.2,13.0,1.4,166,6,8.0,11.5,1.3,162,9,0,29.34,,0,0,0,45.7,44.0,45.2,0.44,0.43,0.44
WATE,2015-12-02 03:00:00 EST,42.87966,-76.81255,478,48.5,48.6,45.2,93.0,46.6,0.008,0.152,0.00,0.013,7.5,10.0,0.9,165,9,8.7,12.1,1.1,168,7,7.5,10.0,0.9,165,9,0,29.34,,0,0,0,45.7,44.0,45.2,0.44,0.43,0.44
WATE,2015-12-02 03:05:00 EST,42.87966,-76.81255,478,48.4,48.6,45.1,93.6,46.7,0.014,0.166,0.33,0.027,7.4,9.6,0.8,166,8,8.6,11.9,1.1,169,7,7.4,9.6,0.8,166,8,0,29.33,,0,0,0,45.7,44.0,45.2,0.44,0.43,0.44
WATE,2015-12-02 03:10:00 EST,42.87966,-76.81255,478,48.6,48.7,45.0,94.1,46.9,0.006,0.172,0.00,0.033,8.0,10.4,1.1,168,9,9.1,11.9,1.3,171,8,8.0,10.4,1.1,168,9,0,29.33,,0,0,0,45.7,44.0,45.2,0.44,0.43,0.44
WATE,2015-12-02 03:15:00 EST,42.87966,-76.81255,478,48.7,48.8,44.7,94.1,47.1,0.019,0.191,0.26,0.052,9.1,11.7,1.3,173,7,10.3,13.6,1.3,175,7,9.1,11.7,1.3,173,7,0,29.33,,0,0,0,45.7,44.1,45.2,0.44,0.43,0.44
WATE,2015-12-02 03:20:00 EST,42.87966,-76.81255,478,48.7,48.8,44.9,94.5,47.2,0.009,0.199,0.00,0.060,8.7,11.8,0.9,171,7,9.8,13.0,1.1,173,5,8.7,11.8,0.9,171,7,0,29.33,,0,0,0,45.7,44.1,45.2,0.44,0.43,0.45
WATE,2015-12-02 03:25:00 EST,42.87966,-76.81255,478,48.8,48.9,45.4,94.7,47.3,0.010,0.209,0.00,0.070,7.9,10.7,1.3,168,9,8.9,12.5,1.4,171,7,7.9,10.7,1.3,168,9,0,29.33,,0,0,0,45.7,44.1,45.2,0.44,0.43,0.44
WATE,2015-12-02 03:30:00 EST,42.87966,-76.81255,478,48.9,48.9,45.3,94.7,47.4,0.017,0.226,0.35,0.087,8.2,11.1,1.3,174,8,9.1,13.2,1.5,175,6,8.2,11.1,1.3,174,8,0,29.33,,0,0,0,45.7,44.1,45.2,0.44,0.43,0.45
WATE,2015-12-02 03:35:00 EST,42.87966,-76.81255,478,48.8,48.9,45.6,94.7,47.3,0.024,0.250,0.47,0.111,7.2,9.5,0.9,178,8,7.9,11.2,1.2,178,6,7.2,9.5,0.9,178,8,0,29.33,,0,0,0,45.7,44.2,45.2,0.45,0.43,0.45
WATE,2015-12-02 03:40:00 EST,42.87966,-76.81255,478,48.7,48.8,46.1,95.0,47.4,0.019,0.270,0.35,0.131,6.2,8.5,1.0,177,6,6.9,9.6,1.1,181,6,6.2,8.5,1.0,177,6,0,29.33,,0,0,0,45.8,44.4,45.3,0.45,0.43,0.44
WATE,2015-12-02 03:45:00 EST,42.87966,-76.81255,478,48.7,48.8,46.4,95.2,47.4,0.018,0.288,0.26,0.149,5.6,7.7,0.7,177,7,6.4,9.2,0.9,180,7,5.6,7.7,0.7,177,7,0,29.32,,0,0,0,45.8,44.4,45.2,0.45,0.44,0.44
WATE,2015-12-02 03:50:00 EST,42.87966,-76.81255,478,48.7,48.8,45.9,95.5,47.5,0.009,0.296,0.00,0.157,6.5,9.2,1.1,174,6,7.4,10.7,1.1,178,6,6.5,9.2,1.1,174,6,0,29.32,,0,0,0,45.9,44.4,45.3,0.45,0.44,0.44
WATE,2015-12-02 03:55:00 EST,42.87966,-76.81255,478,48.7,48.8,45.7,95.5,47.5,0.012,0.308,0.24,0.165,6.8,8.3,0.8,182,6,7.8,9.6,1.0,184,5,6.8,8.3,0.8,182,6,0,29.33,,0,0,0,45.9,44.4,45.2,0.45,0.44,0.44
WATE,2015-12-02 04:00:00 EST,42.87966,-76.81255,478,48.7,48.8,45.6,95.6,47.5,0.009,0.317,0.00,0.166,7.0,8.9,0.7,180,6,8.0,10.3,0.8,182,6,7.0,8.9,0.7,180,6,0,29.32,,0,0,0,46.0,44.4,45.2,0.45,0.44,0.44
WATE,2015-12-02 04:05:00 EST,42.87966,-76.81255,478,48.7,48.8,45.8,95.7,47.5,0.007,0.324,0.00,0.159,6.5,10.0,1.0,179,8,7.6,11.0,1.2,181,7,6.5,10.0,1.0,179,8,0,29.32,,0,0,0,46.0,44.4,45.3,0.45,0.44,0.44
WATE,2015-12-02 04:10:00 EST,42.87966,-76.81255,478,48.7,48.8,45.7,95.9,47.6,0.020,0.344,0.33,0.172,6.9,9.1,0.9,172,6,8.2,10.3,1.0,175,5,6.9,9.1,0.9,172,6,0,29.32,,0,0,0,46.1,44.4,45.3,0.45,0.44,0.44
WATE,2015-12-02 04:15:00 EST,42.87966,-76.81255,478,48.6,48.8,45.5,96.0,47.5,0.019,0.363,0.45,0.172,7.1,8.8,0.7,181,7,8.4,10.3,0.9,183,6,7.1,8.8,0.7,181,7,0,29.32,,0,0,0,46.2,44.4,45.3,0.45,0.44,0.44
WATE,2015-12-02 04:20:00 EST,42.87966,-76.81255,478,48.7,48.8,45.8,96.1,47.6,0.000,0.363,0.00,0.164,6.5,8.3,0.7,182,6,7.7,9.4,0.9,185,5,6.5,8.3,0.7,182,6,0,29.32,,0,0,0,46.1,44.4,45.3,0.45,0.44,0.45
WATE,2015-12-02 04:25:00 EST,42.87966,-76.81255,478,48.6,48.7,46.1,96.0,47.5,0.000,0.363,0.00,0.154,5.9,7.5,0.6,183,7,6.8,8.7,0.8,186,5,5.9,7.5,0.6,183,7,0,29.32,,0,0,0,46.1,44.4,45.2,0.45,0.44,0.45
WATE,2015-12-02 04:30:00 EST,42.87966,-76.81255,478,48.6,48.7,46.3,96.1,47.5,0.000,0.363,0.00,0.137,5.5,7.6,1.0,178,6,6.3,9.6,1.3,181,5,5.5,7.6,1.0,178,6,0,29.31,,0,0,0,46.1,44.4,45.3,0.45,0.44,0.45
WATE,2015-12-02 04:35:00 EST,42.87966,-76.81255,478,48.5,48.7,46.5,96.1,47.5,0.000,0.363,0.00,0.113,5.0,6.1,0.4,175,5,6.0,7.6,0.5,179,5,5.0,6.1,0.4,175,5,0,29.31,,0,0,0,46.1,44.4,45.2,0.45,0.44,0.45
WATE,2015-12-02 04:40:00 EST,42.87966,-76.81255,478,48.6,48.7,46.3,96.2,47.5,0.000,0.363,0.00,0.093,5.3,6.8,0.7,167,8,6.3,8.5,0.9,171,7,5.3,6.8,0.7,167,8,0,29.31,,0,0,0,46.2,44.4,45.3,0.45,0.44,0.45
WATE,2015-12-02 04:45:00 EST,42.87966,-76.81255,478,48.4,48.5,47.1,96.2,47.4,0.002,0.365,0.00,0.077,4.0,5.8,0.7,162,10,4.6,6.9,0.9,166,10,4.0,5.8,0.7,162,10,0,29.31,,0,0,0,46.1,44.4,45.3,0.45,0.44,0.45
WATE,2015-12-02 04:50:00 EST,42.87966,-76.81255,478,48.4,48.5,46.8,96.2,47.4,0.003,0.368,0.00,0.071,4.2,5.5,0.5,191,11,4.8,8.1,0.9,192,10,4.2,5.5,0.5,191,11,0,29.31,,0,0,0,46.1,44.4,45.3,0.45,0.44,0.45
WATE,2015-12-02 04:55:00 EST,42.87966,-76.81255,478,48.4,48.5,46.3,96.2,47.4,0.001,0.369,0.00,0.060,5.1,6.8,0.8,208,16,5.4,8.1,1.1,209,18,5.1,6.8,0.8,208,16,0,29.32,,0,0,0,46.1,44.4,45.3,0.45,0.44,0.45
WATE,2015-12-02 05:00:00 EST,42.87966,-76.81255,478,48.6,48.6,48.1,96.2,47.6,0.000,0.369,0.00,0.051,3.0,4.7,0.6,229,22,3.1,5.1,0.9,233,24,3.0,4.7,0.6,229,22,0,29.32,,0,0,0,46.2,44.5,45.3,0.45,0.44,0.45
WATE,2015-12-02 05:05:00 EST,42.87966,-76.81255,478,48.6,48.6,48.6,96.0,47.5,0.002,0.370,0.00,0.046,2.9,5.6,0.8,238,29,3.0,6.3,1.1,244,31,2.9,5.6,0.8,238,29,0,29.33,,0,0,0,46.1,44.5,45.3,0.45,0.44,0.45
WATE,2015-12-02 05:10:00 EST,42.87966,-76.81255,478,48.5,48.5,47.4,96.2,47.5,0.002,0.372,0.00,0.028,3.6,6.1,1.4,286,16,3.8,6.7,1.6,290,15,3.6,6.1,1.4,286,16,0,29.33,,0,0,0,46.1,44.5,45.3,0.45,0.44,0.45
WATE,2015-12-02 05:15:00 EST,42.87966,-76.81255,478,48.6,48.7,48.6,96.4,47.6,0.000,0.372,0.00,0.009,1.6,2.7,0.6,236,11,1.8,3.1,0.6,240,17,1.6,2.7,0.6,236,11,0,29.33,,0,0,0,46.1,44.5,45.3,0.45,0.44,0.45
WATE,2015-12-02 05:20:00 EST,42.87966,-76.81255,478,48.7,48.8,48.7,96.3,47.7,0.000,0.372,0.00,0.009,1.8,2.8,0.4,213,10,1.8,2.7,0.4,215,13,1.8,2.8,0.4,213,10,0,29.33,,0,0,0,46.1,44.5,45.3,0.45,0.44,0.45
WATE,2015-12-02 05:25:00 EST,42.87966,-76.81255,478,48.6,48.9,48.6,96.3,47.6,0.000,0.372,0.00,0.009,1.3,1.8,0.3,173,12,1.6,2.5,0.4,173,16,1.3,1.8,0.3,173,12,0,29.32,,0,0,0,46.1,44.5,45.3,0.45,0.44,0.45
WATE,2015-12-02 05:30:00 EST,42.87966,-76.81255,478,48.4,48.9,48.4,96.1,47.3,0.000,0.372,0.00,0.009,1.3,1.7,0.2,164,12,1.6,2.5,0.3,167,22,1.3,1.7,0.2,164,12,0,29.32,,0,0,0,46.1,44.5,45.3,0.45,0.44,0.45
WATE,2015-12-02 05:35:00 EST,42.87966,-76.81255,478,48.3,48.9,48.3,96.1,47.3,0.000,0.372,0.00,0.009,2.3,2.8,0.3,202,7,2.4,3.4,0.3,203,10,2.3,2.8,0.3,202,7,0,29.32,,0,0,0,46.1,44.5,45.3,0.45,0.44,0.45
WATE,2015-12-02 05:40:00 EST,42.87966,-76.81255,478,48.2,49.0,48.2,96.2,47.2,0.000,0.372,0.00,0.009,1.6,2.6,0.4,199,4,1.7,2.9,0.4,200,9,1.6,2.6,0.4,199,4,0,29.32,,0,0,0,46.1,44.5,45.3,0.45,0.44,0.45
WATE,2015-12-02 05:45:00 EST,42.87966,-76.81255,478,48.0,48.4,48.0,96.2,47.0,0.000,0.372,0.00,0.007,0.8,1.2,0.2,194,0,1.1,1.6,0.2,198,12,0.8,1.2,0.2,194,0,0,29.33,,0,0,0,46.1,44.5,45.3,0.45,0.44,0.45
WATE,2015-12-02 05:50:00 EST,42.87966,-76.81255,478,48.1,48.5,48.1,96.5,47.1,0.000,0.372,0.00,0.004,1.4,2.0,0.3,189,19,1.7,2.5,0.3,192,21,1.4,2.0,0.3,189,19,0,29.32,,0,0,0,46.0,44.6,45.3,0.45,0.44,0.45
WATE,2015-12-02 05:55:00 EST,42.87966,-76.81255,478,48.2,48.6,48.2,96.7,47.3,0.000,0.372,0.00,0.004,0.9,1.8,0.4,251,28,1.3,2.0,0.3,272,28,0.9,1.8,0.4,251,28,0,29.33,,0,0,0,46.0,44.6,45.3,0.45,0.44,0.45
WATE,2015-12-02 06:00:00 EST,42.87966,-76.81255,478,48.1,48.8,48.1,96.6,47.2,0.000,0.372,0.00,0.004,0.7,2.5,0.7,280,10,1.2,3.1,0.6,291,15,0.7,2.5,0.7,280,10,0,29.33,,0,0,0,46.0,44.6,45.3,0.45,0.44,0.45
WATE,2015-12-02 06:05:00 EST,42.87966,-76.81255,478,48.3,49.0,48.3,96.7,47.4,0.000,0.372,0.00,0.002,2.6,4.7,0.8,268,8,2.9,5.8,0.9,274,9,2.6,4.7,0.8,268,8,0,29.33,,0,0,0,46.0,44.6,45.3,0.45,0.44,0.45
WATE,2015-12-02 06:10:00 EST,42.87966,-76.81255,478,48.5,49.0,47.8,96.3,47.5,0.000,0.372,0.00,0.000,3.2,4.6,0.6,264,11,3.7,5.8,0.8,270,11,3.2,4.6,0.6,264,11,0,29.33,,0,0,0,46.0,44.6,45.3,0.45,0.44,0.45
WATE,2015-12-02 06:15:00 EST,42.87966,-76.81255,478,48.6,48.9,48.6,95.3,47.4,0.000,0.372,0.00,0.000,2.7,5.8,0.8,266,15,3.1,7.6,1.0,273,16,2.7,5.8,0.8,266,15,0,29.33,,0,0,0,46.0,44.6,45.3,0.45,0.44,0.45
WATE,2015-12-02 06:20:00 EST,42.87966,-76.81255,478,48.9,49.1,48.0,93.7,47.1,0.000,0.372,0.00,0.000,3.4,5.7,0.8,255,13,3.9,6.9,1.0,262,12,3.4,5.7,0.8,255,13,0,29.33,,0,0,0,46.0,44.6,45.3,0.45,0.44,0.45
WATE,2015-12-02 06:25:00 EST,42.87966,-76.81255,478,49.2,49.3,47.6,91.1,46.7,0.000,0.372,0.00,0.000,4.5,7.4,1.1,270,14,5.3,8.9,1.4,275,12,4.5,7.4,1.1,270,14,0,29.33,,0,0,0,46.0,44.6,45.3,0.45,0.44,0.45
WATE,2015-12-02 06:30:00 EST,42.87966,-76.81255,478,49.0,49.1,48.1,90.9,46.5,0.000,0.372,0.00,0.000,3.5,5.6,0.6,291,14,3.8,6.0,0.8,297,14,3.5,5.6,0.6,291,14,0,29.32,,0,0,0,46.0,44.6,45.3,0.45,0.44,0.45
WATE,2015-12-02 06:35:00 EST,42.87966,-76.81255,478,48.8,48.9,47.6,91.5,46.5,0.000,0.372,0.00,0.000,3.9,5.4,0.7,287,10,4.4,6.3,1.0,291,10,3.9,5.4,0.7,287,10,0,29.33,,0,0,0,46.0,44.6,45.3,0.45,0.44,0.45
WATE,2015-12-02 06:40:00 EST,42.87966,-76.81255,478,48.6,48.8,47.0,92.2,46.5,0.000,0.372,0.00,0.000,4.5,8.0,1.5,301,12,4.8,9.4,1.7,305,12,4.5,8.0,1.5,301,12,0,29.33,,0,0,0,46.0,44.6,45.3,0.45,0.44,0.45
WATE,2015-12-02 06:45:00 EST,42.87966,-76.81255,478,48.8,48.9,46.4,90.1,46.0,0.000,0.372,0.00,0.000,5.7,9.0,1.2,298,12,6.4,10.1,1.3,299,12,5.7,9.0,1.2,298,12,0,29.33,,0,0,0,46.0,44.6,45.3,0.45,0.44,0.45
WATE,2015-12-02 06:50:00 EST,42.87966,-76.81255,478,48.6,48.7,46.2,89.7,45.7,0.000,0.372,0.00,0.000,5.6,8.3,1.2,304,12,6.1,8.7,1.2,308,11,5.6,8.3,1.2,304,12,0,29.34,,0,0,0,46.0,44.6,45.3,0.45,0.44,0.45
WATE,2015-12-02 06:55:00 EST,42.87966,-76.81255,478,48.5,48.5,46.1,89.4,45.5,0.000,0.372,0.00,0.000,5.6,9.5,1.6,304,16,6.1,10.3,1.7,308,15,5.6,9.5,1.6,304,16,0,29.34,,0,0,0,46.0,44.6,45.3,0.46,0.44,0.45
WATE,2015-12-02 07:00:00 EST,42.87966,-76.81255,478,48.3,48.3,45.8,89.4,45.3,0.000,0.372,0.00,0.000,5.8,8.8,1.3,297,12,6.4,9.8,1.4,301,13,5.8,8.8,1.3,297,12,0,29.35,,0,0,0,46.0,44.6,45.3,0.46,0.44,0.45
WATE,2015-12-02 07:05:00 EST,42.87966,-76.81255,478,48.1,48.2,45.9,90.1,45.3,0.000,0.372,0.00,0.000,5.2,8.3,1.2,291,10,6.0,9.2,1.4,294,9,5.2,8.3,1.2,291,10,0,29.35,,0,0,0,46.0,44.6,45.3,0.46,0.44,0.45
WATE,2015-12-02 07:10:00 EST,42.87966,-76.81255,478,48.0,48.1,45.3,90.1,45.3,0.000,0.372,0.00,0.000,6.1,9.0,1.3,302,11,6.6,10.3,1.5,306,11,6.1,9.0,1.3,302,11,0,29.34,,0,0,0,46.0,44.6,45.3,0.45,0.44,0.45
WATE,2015-12-02 07:15:00 EST,42.87966,-76.81255,478,47.9,47.9,45.5,90.1,45.2,0.000,0.372,0.00,0.000,5.5,8.0,1.2,301,14,6.0,8.9,1.3,305,15,5.5,8.0,1.2,301,14,0,29.34,,0,0,0,46.0,44.6,45.3,0.46,0.44,0.45
WATE,2015-12-02 07:20:00 EST,42.87966,-76.81255,478,47.7,47.8,45.5,90.9,45.2,0.000,0.372,0.00,0.000,5.2,7.1,0.8,302,10,5.6,8.1,0.9,306,10,5.2,7.1,0.8,302,10,0,29.34,,0,0,0,46.0,44.7,45.3,0.46,0.44,0.45
WATE,2015-12-02 07:25:00 EST,42.87966,-76.81255,478,47.7,47.7,46.0,91.0,45.2,0.000,0.372,0.00,0.000,4.3,7.4,1.1,298,13,4.7,8.3,1.3,301,13,4.3,7.4,1.1,298,13,0,29.34,,0,0,0,46.0,44.7,45.3,0.46,0.44,0.45
WATE,2015-12-02 07:30:00 EST,42.87966,-76.81255,478,47.5,47.6,46.7,91.4,45.2,0.000,0.372,0.00,0.000,3.2,5.4,0.8,312,9,3.3,5.1,0.8,316,10,3.2,5.4,0.8,312,9,1,29.34,,0,0,0,46.0,44.7,45.3,0.46,0.44,0.45
WATE,2015-12-02 07:35:00 EST,42.87966,-76.81255,478,47.4,47.5,47.4,91.9,45.2,0.000,0.372,0.00,0.000,2.0,4.5,0.7,311,14,2.2,4.7,0.7,317,16,2.0,4.5,0.7,311,14,2,29.33,,0,0,0,46.0,44.7,45.3,0.46,0.44,0.45
WATE,2015-12-02 07:40:00 EST,42.87966,-76.81255,478,47.5,47.5,47.5,91.9,45.3,0.000,0.372,0.00,0.000,1.9,2.5,0.4,302,7,2.0,2.9,0.4,306,9,1.9,2.5,0.4,302,7,3,29.34,,0,0,0,46.0,44.7,45.3,0.46,0.44,0.45
WATE,2015-12-02 07:45:00 EST,42.87966,-76.81255,478,47.3,47.4,47.3,92.3,45.2,0.000,0.372,0.00,0.000,1.7,2.5,0.4,287,8,2.0,2.9,0.4,292,10,1.7,2.5,0.4,287,8,3,29.34,,0,0,0,46.0,44.8,45.3,0.46,0.44,0.45
WATE,2015-12-02 07:50:00 EST,42.87966,-76.81255,478,47.3,47.4,47.3,92.7,45.3,0.000,0.372,0.00,0.000,1.1,2.0,0.4,272,12,1.5,2.5,0.5,276,16,1.1,2.0,0.4,272,12,4,29.34,,0,0,0,46.0,44.7,45.3,0.46,0.44,0.45
WATE,2015-12-02 07:55:00 EST,42.87966,-76.81255,478,47.0,47.3,47.0,93.2,45.1,0.000,0.372,0.00,0.000,2.3,2.8,0.3,249,4,2.7,3.6,0.4,254,8,2.3,2.8,0.3,249,4,5,29.35,,0,0,0,46.0,44.7,45.3,0.46,0.44,0.45
WATE,2015-12-02 08:00:00 EST,42.87966,-76.81255,478,46.8,47.3,46.8,94.4,45.3,0.000,0.372,0.00,0.000,2.1,2.6,0.3,228,10,2.2,3.1,0.4,230,10,2.1,2.6,0.3,228,10,6,29.36,,0,0,0,46.0,44.8,45.3,0.46,0.44,0.45
WATE,2015-12-02 08:05:00 EST,42.87966,-76.81255,478,47.0,47.3,47.0,94.4,45.5,0.000,0.372,0.00,0.000,2.1,2.9,0.4,216,7,2.1,3.1,0.4,220,9,2.1,2.9,0.4,216,7,7,29.36,,0,0,0,46.0,44.8,45.3,0.46,0.44,0.45
WATE,2015-12-02 08:10:00 EST,42.87966,-76.81255,478,47.0,47.3,47.0,94.0,45.4,0.000,0.372,0.00,0.000,2.1,3.1,0.4,230,12,2.2,3.4,0.5,232,15,2.1,3.1,0.4,230,12,6,29.36,,0,0,0,46.0,44.8,45.3,0.46,0.44,0.45
WATE,2015-12-02 08:15:00 EST,42.87966,-76.81255,478,47.1,47.2,47.1,93.7,45.4,0.000,0.372,0.00,0.000,1.3,2.9,0.5,249,13,1.7,3.4,0.5,259,16,1.3,2.9,0.5,249,13,8,29.36,,0,0,0,46.0,44.8,45.3,0.46,0.44,0.45
WATE,2015-12-02 08:20:00 EST,42.87966,-76.81255,478,47.1,47.2,47.1,93.7,45.4,0.000,0.372,0.00,0.000,1.9,3.1,0.7,258,9,2.3,4.0,0.7,265,11,1.9,3.1,0.7,258,9,8,29.36,,0,0,0,46.0,44.8,45.3,0.46,0.44,0.45
WATE,2015-12-02 08:25:00 EST,42.87966,-76.81255,478,47.2,47.2,47.2,93.4,45.4,0.000,0.372,0.00,0.000,0.5,1.8,0.5,263,5,1.0,2.2,0.4,278,15,0.5,1.8,0.5,263,5,10,29.36,,0,0,0,45.9,44.8,45.3,0.46,0.44,0.45
WATE,2015-12-02 08:30:00 EST,42.87966,-76.81255,478,47.2,47.2,47.2,93.4,45.4,0.000,0.372,0.00,0.000,1.3,2.7,0.6,244,8,1.7,3.4,0.6,252,16,1.3,2.7,0.6,244,8,11,29.36,,0,0,0,46.0,44.8,45.3,0.46,0.44,0.45
WATE,2015-12-02 08:35:00 EST,42.87966,-76.81255,478,47.1,47.2,47.1,93.1,45.2,0.000,0.372,0.00,0.000,1.7,2.6,0.3,248,11,2.1,3.1,0.5,254,14,1.7,2.6,0.3,248,11,12,29.36,,0,0,0,46.0,44.8,45.4,0.46,0.44,0.45
WATE,2015-12-02 08:40:00 EST,42.87966,-76.81255,478,47.2,47.2,47.2,92.8,45.2,0.000,0.372,0.00,0.000,1.2,3.4,0.8,270,11,1.7,4.0,0.8,281,17,1.2,3.4,0.8,270,11,15,29.36,,0,0,0,46.0,44.8,45.3,0.46,0.44,0.45
WATE,2015-12-02 08:45:00 EST,42.87966,-76.81255,478,47.1,47.2,47.1,92.5,45.1,0.000,0.372,0.00,0.000,0.0,0.0,0.0,0,0,0.4,0.9,0.2,88,56,0.0,0.0,0.0,0,0,24,29.35,,0,0,0,45.9,44.8,45.3,0.46,0.44,0.45
WATE,2015-12-02 08:50:00 EST,42.87966,-76.81255,478,47.3,47.3,47.3,91.9,45.1,0.000,0.372,0.00,0.000,1.5,2.9,0.8,309,19,1.8,3.6,0.7,312,21,1.5,2.9,0.8,309,19,17,29.35,,0,0,0,45.9,44.8,45.4,0.46,0.44,0.45
WATE,2015-12-02 08:55:00 EST,42.87966,-76.81255,478,47.2,47.2,47.2,92.7,45.2,0.000,0.372,0.00,0.000,2.3,3.7,0.5,285,10,2.7,4.5,0.6,289,11,2.3,3.7,0.5,285,10,13,29.36,,0,0,0,45.9,44.8,45.4,0.46,0.44,0.45
WATE,2015-12-02 09:00:00 EST,42.87966,-76.81255,478,47.1,47.2,47.1,93.2,45.2,0.000,0.372,0.00,0.000,2.6,4.9,0.7,272,10,3.1,5.8,0.9,277,10,2.6,4.9,0.7,272,10,14,29.36,,0,0,0,45.9,44.8,45.4,0.46,0.44,0.45
WATE,2015-12-02 09:05:00 EST,42.87966,-76.81255,478,47.3,47.3,47.3,92.1,45.1,0.000,0.372,0.00,0.000,2.0,3.3,0.5,273,14,2.4,4.5,0.6,279,15,2.0,3.3,0.5,273,14,19,29.35,,0,0,0,45.9,44.8,45.4,0.46,0.44,0.45
WATE,2015-12-02 09:10:00 EST,42.87966,-76.81255,478,47.4,47.4,45.6,88.6,44.2,0.000,0.372,0.00,0.000,4.4,10.7,2.4,291,20,5.0,11.4,2.7,293,19,4.4,10.7,2.4,291,20,22,29.35,,0,0,0,45.9,44.8,45.4,0.46,0.44,0.45
WATE,2015-12-02 09:15:00 EST,42.87966,-76.81255,478,47.4,47.4,47.4,88.4,44.2,0.000,0.372,0.00,0.000,0.9,3.3,1.1,290,6,1.3,4.0,1.0,296,18,0.9,3.3,1.1,290,6,24,29.35,,0,0,0,45.9,44.8,45.4,0.46,0.44,0.45
WATE,2015-12-02 09:20:00 EST,42.87966,-76.81255,478,47.5,47.4,47.5,88.8,44.3,0.000,0.372,0.00,0.000,0.5,1.3,0.4,274,28,1.2,2.2,0.4,276,58,0.5,1.3,0.4,274,28,32,29.35,,0,0,0,45.9,44.8,45.4,0.46,0.44,0.45
WATE,2015-12-02 09:25:00 EST,42.87966,-76.81255,478,47.4,47.4,47.4,89.2,44.4,0.000,0.372,0.00,0.000,0.4,1.4,0.5,157,29,1.1,2.7,0.5,138,45,0.4,1.4,0.5,157,29,37,29.34,,0,0,0,46.0,44.8,45.4,0.46,0.44,0.45
WATE,2015-12-02 09:30:00 EST,42.87966,-76.81255,478,47.4,47.4,47.4,89.1,44.4,0.000,0.372,0.00,0.000,1.7,2.1,0.2,97,7,2.1,3.1,0.3,98,7,1.7,2.1,0.2,97,7,43,29.34,,0,0,0,45.9,44.8,45.4,0.46,0.44,0.45
WATE,2015-12-02 09:35:00 EST,42.87966,-76.81255,478,47.5,47.4,47.5,89.3,44.5,0.000,0.372,0.00,0.000,0.6,1.4,0.5,113,4,0.9,1.8,0.5,120,15,0.6,1.4,0.5,113,4,38,29.34,,0,0,0,46.0,44.8,45.4,0.46,0.44,0.45
WATE,2015-12-02 09:40:00 EST,42.87966,-76.81255,478,47.5,47.4,47.5,90.1,44.8,0.000,0.372,0.00,0.000,0.0,0.1,0.0,187,0,0.8,1.3,0.2,206,25,0.0,0.1,0.0,187,0,34,29.34,,0,0,0,46.0,44.8,45.4,0.46,0.44,0.45
WATE,2015-12-02 09:45:00 EST,42.87966,-76.81255,478,47.6,47.4,47.6,90.9,45.0,0.000,0.372,0.00,0.000,1.2,2.0,0.6,238,8,1.7,2.5,0.4,248,8,1.2,2.0,0.6,238,8,27,29.35,,0,0,0,46.0,44.8,45.4,0.46,0.44,0.45
WATE,2015-12-02 09:50:00 EST,42.87966,-76.81255,478,47.5,47.4,47.5,90.8,44.9,0.000,0.372,0.00,0.000,0.5,1.2,0.3,209,17,1.0,1.8,0.3,200,14,0.5,1.2,0.3,209,17,29,29.35,,0,0,0,46.0,44.8,45.4,0.46,0.44,0.45
WATE,2015-12-02 09:55:00 EST,42.87966,-76.81255,478,47.5,47.3,47.5,90.3,44.8,0.000,0.372,0.00,0.000,0.5,1.1,0.4,132,4,1.1,1.6,0.3,121,14,0.5,1.1,0.4,132,4,33,29.34,,0,0,0,46.0,44.8,45.5,0.46,0.44,0.45
WATE,2015-12-02 10:00:00 EST,42.87966,-76.81255,478,47.4,47.3,47.4,91.0,44.9,0.000,0.372,0.00,0.000,0.4,1.0,0.3,125,2,0.9,1.6,0.3,125,18,0.4,1.0,0.3,125,2,35,29.34,,0,0,0,46.0,44.8,45.4,0.46,0.44,0.45
WATE,2015-12-02 10:05:00 EST,42.87966,-76.81255,478,47.4,47.3,47.4,90.9,44.9,0.000,0.372,0.00,0.000,2.3,3.2,0.6,92,4,2.8,4.0,0.6,94,4,2.3,3.2,0.6,92,4,43,29.33,,0,0,0,46.0,44.9,45.5,0.46,0.44,0.45
WATE,2015-12-02 10:10:00 EST,42.87966,-76.81255,478,47.4,47.3,47.4,90.9,44.9,0.000,0.372,0.00,0.000,1.4,2.3,0.4,79,13,1.8,2.9,0.5,75,16,1.4,2.3,0.4,79,13,40,29.33,,0,0,0,46.0,44.9,45.5,0.46,0.44,0.45
WATE,2015-12-02 10:15:00 EST,42.87966,-76.81255,478,47.5,47.4,47.5,91.1,45.1,0.000,0.372,0.00,0.000,0.8,1.2,0.2,47,2,1.1,1.8,0.2,40,13,0.8,1.2,0.2,47,2,44,29.33,,0,0,0,46.0,44.9,45.5,0.46,0.44,0.45
WATE,2015-12-02 10:20:00 EST,42.87966,-76.81255,478,47.5,47.4,47.5,90.8,45.0,0.000,0.372,0.00,0.000,1.2,1.8,0.4,22,11,1.8,2.5,0.4,11,9,1.2,1.8,0.4,22,11,39,29.33,,0,0,0,46.0,44.9,45.5,0.46,0.44,0.45
WATE,2015-12-02 10:25:00 EST,42.87966,-76.81255,478,47.6,47.4,47.6,90.8,45.0,0.000,0.372,0.00,0.000,1.7,2.7,0.4,322,16,1.9,2.9,0.3,323,14,1.7,2.7,0.4,322,16,31,29.33,,0,0,0,46.1,44.9,45.5,0.46,0.44,0.45
WATE,2015-12-02 10:30:00 EST,42.87966,-76.81255,478,47.5,47.4,47.5,91.6,45.2,0.000,0.372,0.00,0.000,1.7,2.4,0.3,320,10,1.9,3.1,0.3,329,13,1.7,2.4,0.3,320,10,35,29.33,,0,0,0,46.0,44.9,45.4,0.46,0.44,0.45
WATE,2015-12-02 10:35:00 EST,42.87966,-76.81255,478,47.5,47.4,47.5,91.0,45.0,0.000,0.372,0.00,0.000,2.6,4.2,0.7,346,17,3.3,5.6,0.8,353,17,2.6,4.2,0.7,346,17,35,29.33,,0,0,0,46.1,44.9,45.5,0.46,0.44,0.45
WATE,2015-12-02 10:40:00 EST,42.87966,-76.81255,478,47.5,47.3,47.5,91.6,45.1,0.002,0.374,0.00,0.002,2.2,3.2,0.4,354,9,2.9,4.3,0.6,359,9,2.2,3.2,0.4,354,9,33,29.33,,0,0,0,46.2,44.9,45.5,0.46,0.44,0.45
WATE,2015-12-02 10:45:00 EST,42.87966,-76.81255,478,47.4,47.3,47.4,91.5,45.0,0.001,0.375,0.00,0.003,2.4,3.8,0.6,345,8,3.1,4.5,0.7,351,10,2.4,3.8,0.6,345,8,34,29.33,,0,0,0,46.3,44.9,45.5,0.46,0.44,0.45
WATE,2015-12-02 10:50:00 EST,42.87966,-76.81255,478,47.3,47.2,46.4,91.3,44.9,0.000,0.375,0.00,0.003,3.3,4.2,0.4,359,6,4.1,5.6,0.6,4,5,3.3,4.2,0.4,359,6,34,29.32,,0,0,0,46.3,44.9,45.5,0.46,0.44,0.45
WATE,2015-12-02 10:55:00 EST,42.87966,-76.81255,478,47.2,47.1,47.2,91.7,44.9,0.000,0.375,0.00,0.003,2.4,3.0,0.3,15,7,2.8,4.0,0.4,19,9,2.4,3.0,0.3,15,7,32,29.32,,0,0,0,46.4,45.0,45.5,0.46,0.44,0.45
WATE,2015-12-02 11:00:00 EST,42.87966,-76.81255,478,47.2,47.1,47.2,92.5,45.2,0.002,0.377,0.00,0.005,2.3,3.1,0.3,358,6,3.0,4.7,0.5,4,7,2.3,3.1,0.3,358,6,24,29.32,,0,0,0,46.4,45.0,45.5,0.46,0.44,0.45
WATE,2015-12-02 11:05:00 EST,42.87966,-76.81255,478,47.2,47.0,47.2,93.2,45.3,0.001,0.378,0.00,0.006,1.7,2.9,0.5,20,10,2.0,3.4,0.5,23,12,1.7,2.9,0.5,20,10,19,29.31,,0,0,0,46.4,45.0,45.5,0.46,0.44,0.45
WATE,2015-12-02 11:10:00 EST,42.87966,-76.81255,478,46.7,46.5,44.1,91.6,44.4,0.004,0.381,0.00,0.009,5.4,10.0,2.0,36,12,6.0,10.3,1.9,39,13,5.4,10.0,2.0,36,12,13,29.31,,0,0,0,46.4,44.9,45.5,0.46,0.44,0.45
WATE,2015-12-02 11:15:00 EST,42.87966,-76.81255,478,46.0,45.9,42.8,90.0,43.2,0.006,0.387,0.00,0.015,6.2,9.1,1.1,52,9,6.8,9.8,1.3,54,9,6.2,9.1,1.1,52,9,22,29.30,,0,0,0,46.4,45.0,45.5,0.46,0.44,0.45
WATE,2015-12-02 11:20:00 EST,42.87966,-76.81255,478,45.8,45.7,42.2,91.1,43.4,0.007,0.394,0.00,0.022,7.0,9.1,0.9,60,8,8.1,10.5,1.1,58,7,7.0,9.1,0.9,60,8,27,29.29,,0,0,0,46.4,44.9,45.5,0.46,0.44,0.45
WATE,2015-12-02 11:25:00 EST,42.87966,-76.81255,478,45.7,45.5,42.7,92.9,43.7,0.006,0.400,0.00,0.028,5.7,8.8,1.1,56,10,6.5,9.8,1.2,58,10,5.7,8.8,1.1,56,10,22,29.29,,0,0,0,46.4,44.9,45.5,0.46,0.44,0.45
WATE,2015-12-02 11:30:00 EST,42.87966,-76.81255,478,45.6,45.5,42.1,93.7,43.9,0.008,0.408,0.00,0.036,6.6,10.0,1.5,54,9,7.5,11.0,1.5,55,9,6.6,10.0,1.5,54,9,28,29.28,,0,0,0,46.4,45.0,45.5,0.46,0.44,0.45
WATE,2015-12-02 11:35:00 EST,42.87966,-76.81255,478,45.5,45.4,42.3,94.2,44.0,0.007,0.416,0.00,0.044,6.2,9.1,1.0,49,10,6.8,9.6,1.1,51,8,6.2,9.1,1.0,49,10,28,29.27,,0,0,0,46.4,45.0,45.5,0.46,0.44,0.45
WATE,2015-12-02 11:40:00 EST,42.87966,-76.81255,478,45.5,45.4,42.6,94.5,44.0,0.007,0.423,0.00,0.049,5.5,7.3,0.8,52,11,6.2,9.2,0.9,56,11,5.5,7.3,0.8,52,11,27,29.27,,0,0,0,46.4,45.0,45.5,0.46,0.44,0.45
WATE,2015-12-02 11:45:00 EST,42.87966,-76.81255,478,45.5,45.3,42.4,94.7,44.1,0.005,0.428,0.00,0.053,5.9,7.7,1.0,52,10,6.5,9.6,1.1,56,10,5.9,7.7,1.0,52,10,26,29.27,,0,0,0,46.4,45.0,45.5,0.46,0.44,0.45
WATE,2015-12-02 11:50:00 EST,42.87966,-76.81255,478,45.4,45.3,42.1,94.7,44.0,0.005,0.433,0.00,0.058,6.3,8.9,1.0,63,11,7.2,10.5,1.3,68,10,6.3,8.9,1.0,63,11,29,29.26,,0,0,0,46.4,45.0,45.5,0.46,0.44,0.45
WATE,2015-12-02 11:55:00 EST,42.87966,-76.81255,478,45.3,45.1,41.8,94.3,43.8,0.004,0.437,0.00,0.063,6.5,9.8,1.4,66,11,7.5,11.6,1.6,70,10,6.5,9.8,1.4,66,11,32,29.26,,0,0,0,46.4,45.0,45.5,0.46,0.44,0.45
WATE,2015-12-02 12:00:00 EST,42.87966,-76.81255,478,45.1,44.9,41.0,92.8,43.1,0.004,0.441,0.00,0.065,7.5,12.2,1.5,60,13,8.5,14.1,1.7,65,12,7.5,12.2,1.5,60,13,43,29.25,,0,0,0,46.4,45.0,45.5,0.46,0.44,0.45
WATE,2015-12-02 12:05:00 EST,42.87966,-76.81255,478,44.9,44.7,41.2,92.2,42.8,0.004,0.445,0.00,0.067,6.7,9.4,1.5,44,8,7.2,10.5,1.7,47,8,6.7,9.4,1.5,44,8,39,29.25,,0,0,0,46.4,45.0,45.5,0.46,0.44,0.45
WATE,2015-12-02 12:10:00 EST,42.87966,-76.81255,478,44.9,44.7,42.6,92.9,42.9,0.001,0.446,0.00,0.064,4.4,6.9,1.0,25,12,5.1,9.4,1.4,27,11,4.4,6.9,1.0,25,12,37,29.25,,0,0,0,46.4,45.0,45.5,0.46,0.44,0.45
WATE,2015-12-02 12:15:00 EST,42.87966,-76.81255,478,44.8,44.6,41.9,92.9,42.9,0.004,0.449,0.00,0.062,5.4,7.8,1.0,23,10,6.2,9.6,1.3,24,9,5.4,7.8,1.0,23,10,34,29.24,,0,0,0,46.4,45.0,45.5,0.46,0.44,0.45
WATE,2015-12-02 12:20:00 EST,42.87966,-76.81255,478,44.7,44.6,42.3,93.3,42.9,0.002,0.451,0.00,0.057,4.6,7.0,0.9,25,13,5.6,8.7,1.1,26,12,4.6,7.0,0.9,25,13,33,29.24,,0,0,0,46.4,45.0,45.5,0.46,0.44,0.45
WATE,2015-12-02 12:25:00 EST,42.87966,-76.81255,478,44.7,44.5,41.9,93.4,42.9,0.003,0.454,0.00,0.054,5.1,7.8,1.1,24,13,6.0,8.9,1.4,26,13,5.1,7.8,1.1,24,13,31,29.23,,0,0,0,46.4,45.0,45.5,0.46,0.44,0.45
WATE,2015-12-02 12:30:00 EST,42.87966,-76.81255,478,44.7,44.5,42.6,93.8,43.0,0.005,0.459,0.00,0.050,4.2,5.9,0.9,36,12,4.8,7.2,1.0,37,11,4.2,5.9,0.9,36,12,30,29.23,,0,0,0,46.4,45.0,45.5,0.46,0.44,0.45
WATE,2015-12-02 12:35:00 EST,42.87966,-76.81255,478,44.7,44.5,42.1,94.2,43.2,0.003,0.461,0.00,0.046,4.9,7.1,1.0,46,11,5.5,7.6,1.1,48,9,4.9,7.1,1.0,46,11,26,29.22,,0,0,0,46.4,45.0,45.5,0.46,0.44,0.45
WATE,2015-12-02 12:40:00 EST,42.87966,-76.81255,478,44.7,44.5,41.4,94.0,43.0,0.005,0.466,0.00,0.043,5.8,8.0,1.1,47,13,6.2,8.3,1.1,52,13,5.8,8.0,1.1,47,13,22,29.22,,0,0,0,46.4,45.0,45.5,0.46,0.44,0.45
WATE,2015-12-02 12:45:00 EST,42.87966,-76.81255,478,44.7,44.5,42.3,94.0,43.0,0.004,0.470,0.00,0.042,4.6,7.0,0.9,43,13,5.1,7.6,0.9,45,13,4.6,7.0,0.9,43,13,17,29.22,,0,0,0,46.4,45.0,45.5,0.46,0.44,0.45
WATE,2015-12-02 12:50:00 EST,42.87966,-76.81255,478,44.7,44.5,42.7,94.6,43.2,0.006,0.476,0.00,0.043,4.1,7.5,0.8,37,13,4.5,8.9,1.1,40,12,4.1,7.5,0.8,37,13,19,29.21,,0,0,0,46.4,45.0,45.5,0.46,0.44,0.45
WATE,2015-12-02 12:55:00 EST,42.87966,-76.81255,478,44.6,44.5,41.8,94.8,43.2,0.007,0.483,0.00,0.046,5.1,8.3,1.4,34,9,5.4,8.1,1.3,36,9,5.1,8.3,1.4,34,9,20,29.20,,0,0,0,46.4,45.1,45.5,0.46,0.44,0.45
WATE,2015-12-02 13:00:00 EST,42.87966,-76.81255,478,44.6,44.4,41.1,94.9,43.2,0.004,0.487,0.00,0.046,6.3,9.0,1.3,30,11,6.9,10.5,1.3,31,11,6.3,9.0,1.3,30,11,26,29.20,,0,0,0,46.4,45.1,45.5,0.46,0.44,0.45
WATE,2015-12-02 13:05:00 EST,42.87966,-76.81255,478,44.5,44.4,40.3,93.8,42.8,0.007,0.494,0.00,0.050,7.6,11.5,1.8,28,13,8.5,14.5,2.2,29,11,7.6,11.5,1.8,28,13,38,29.20,,0,0,0,46.4,45.1,45.5,0.46,0.44,0.45
WATE,2015-12-02 13:10:00 EST,42.87966,-76.81255,478,44.4,44.3,40.4,91.8,42.2,0.004,0.498,0.00,0.053,7.3,10.9,1.7,15,10,8.7,13.4,2.0,16,8,7.3,10.9,1.7,15,10,29,29.20,,0,0,0,46.4,45.1,45.5,0.46,0.44,0.45
WATE,2015-12-02 13:15:00 EST,42.87966,-76.81255,478,44.3,44.2,41.4,92.2,42.2,0.005,0.503,0.00,0.054,5.2,7.2,1.0,23,13,6.2,8.9,1.2,24,13,5.2,7.2,1.0,23,13,27,29.20,,0,0,0,46.4,45.1,45.5,0.46,0.44,0.45
WATE,2015-12-02 13:20:00 EST,42.87966,-76.81255,478,44.3,44.1,41.6,92.4,42.2,0.004,0.507,0.00,0.056,4.9,6.5,1.0,20,11,5.7,8.5,1.2,21,10,4.9,6.5,1.0,20,11,37,29.20,,0,0,0,46.4,45.1,45.5,0.46,0.44,0.45
WATE,2015-12-02 13:25:00 EST,42.87966,-76.81255,478,44.2,44.0,41.9,92.9,42.3,0.004,0.511,0.00,0.057,4.3,7.2,1.0,26,16,4.9,7.6,1.1,28,16,4.3,7.2,1.0,26,16,30,29.20,,0,0,0,46.4,45.1,45.5,0.46,0.44,0.45
WATE,2015-12-02 13:30:00 EST,42.87966,-76.81255,478,44.1,43.9,41.0,92.9,42.2,0.002,0.513,0.00,0.054,5.5,9.1,1.4,19,11,6.3,10.3,1.5,20,11,5.5,9.1,1.4,19,11,30,29.20,,0,0,0,46.4,45.1,45.6,0.46,0.44,0.45
WATE,2015-12-02 13:35:00 EST,42.87966,-76.81255,478,44.1,43.9,41.6,93.1,42.2,0.002,0.515,0.00,0.053,4.6,7.5,1.3,28,15,5.4,8.1,1.3,29,15,4.6,7.5,1.3,28,15,25,29.20,,0,0,0,46.4,45.1,45.6,0.46,0.44,0.45
WATE,2015-12-02 13:40:00 EST,42.87966,-76.81255,478,44.0,43.9,40.4,92.4,42.0,0.005,0.520,0.00,0.054,6.3,11.3,2.1,32,9,6.8,12.3,2.3,35,10,6.3,11.3,2.1,32,9,33,29.20,,0,0,0,46.4,45.1,45.6,0.46,0.45,0.45
WATE,2015-12-02 13:45:00 EST,42.87966,-76.81255,478,44.0,43.8,39.4,92.1,41.9,0.006,0.526,0.00,0.056,8.2,11.9,1.6,41,11,8.9,12.1,1.6,43,10,8.2,11.9,1.6,41,11,45,29.19,,0,0,0,46.4,45.1,45.5,0.46,0.44,0.45
WATE,2015-12-02 13:50:00 EST,42.87966,-76.81255,478,44.0,43.8,39.8,91.9,41.8,0.003,0.528,0.00,0.052,7.3,10.4,1.5,41,11,8.1,12.8,1.7,43,10,7.3,10.4,1.5,41,11,41,29.19,,0,0,0,46.4,45.1,45.6,0.46,0.44,0.45
WATE,2015-12-02 13:55:00 EST,42.87966,-76.81255,478,43.9,43.7,40.0,91.3,41.5,0.002,0.530,0.00,0.047,6.6,10.0,1.4,36,12,7.4,11.4,1.6,39,12,6.6,10.0,1.4,36,12,40,29.19,,0,0,0,46.3,45.1,45.6,0.46,0.44,0.45
WATE,2015-12-02 14:00:00 EST,42.87966,-76.81255,478,43.9,43.7,40.5,91.6,41.6,0.001,0.531,0.00,0.044,5.7,9.2,1.3,29,13,6.6,11.0,1.5,30,13,5.7,9.2,1.3,29,13,34,29.19,,0,0,0,46.2,45.1,45.6,0.46,0.44,0.45
WATE,2015-12-02 14:05:00 EST,42.87966,-76.81255,478,43.8,43.6,40.9,92.0,41.6,0.000,0.531,0.00,0.037,5.1,8.5,1.3,26,11,5.9,10.3,1.5,27,10,5.1,8.5,1.3,26,11,28,29.18,,0,0,0,46.2,45.1,45.6,0.46,0.45,0.45
WATE,2015-12-02 14:10:00 EST,42.87966,-76.81255,478,43.9,43.7,40.8,92.4,41.8,0.000,0.531,0.00,0.033,5.3,8.6,1.4,22,14,,,,0,0,5.3,8.6,1.4,22,14,27,29.18,,0,0,0,46.1,45.1,45.5,0.46,0.44,0.45
WATE,2015-12-02 14:15:00 EST,42.87966,-76.81255,478,,,,92.5,,0.004,0.535,0.00,0.032,5.5,7.2,0.8,18,10,,,,0,0,5.5,7.2,0.8,18,10,29,29.18,,0,0,0,46.0,45.1,45.5,0.46,0.45,0.45
WATE,2015-12-02 14:20:00 EST,42.87966,-76.81255,478,,,,93.4,,0.002,0.537,0.00,0.031,5.7,7.3,0.9,17,11,,,,0,0,5.7,7.3,0.9,17,11,30,29.18,,0,0,0,46.0,45.1,45.5,0.46,0.44,0.45
WATE,2015-12-02 14:25:00 EST,42.87966,-76.81255,478,,,,93.9,,0.004,0.541,0.00,0.030,6.2,8.7,1.3,12,9,,,,0,0,6.2,8.7,1.3,12,9,29,29.17,,0,0,0,46.0,45.1,45.5,0.46,0.44,0.45
WATE,2015-12-02 14:30:00 EST,42.87966,-76.81255,478,,,,94.3,,0.004,0.545,0.00,0.032,5.7,8.0,1.3,18,8,,,,0,0,5.7,8.0,1.3,18,8,28,29.17,,0,0,0,46.0,45.1,45.5,0.46,0.44,0.45
WATE,2015-12-02 14:35:00 EST,42.87966,-76.81255,478,,,,94.6,,0.003,0.548,0.00,0.033,5.7,8.5,1.5,21,11,,,,0,0,5.7,8.5,1.5,21,11,24,29.17,,0,0,0,46.0,45.1,45.5,0.46,0.44,0.45
WATE,2015-12-02 14:40:00 EST,42.87966,-76.81255,478,,,,94.5,,0.006,0.554,0.00,0.034,5.6,8.4,1.2,18,9,,,,0,0,5.6,8.4,1.2,18,9,24,29.17,,0,0,0,46.0,45.1,45.5,0.46,0.44,0.45
WATE,2015-12-02 14:45:00 EST,42.87966,-76.81255,478,,,,94.9,,0.002,0.555,0.00,0.030,6.3,8.6,1.0,15,11,,,,0,0,6.3,8.6,1.0,15,11,22,29.17,,0,0,0,46.0,45.1,45.5,0.46,0.44,0.45
WATE,2015-12-02 14:50:00 EST,42.87966,-76.81255,478,,,,95.1,,0.000,0.555,0.00,0.027,7.6,9.9,1.3,14,9,,,,0,0,7.6,9.9,1.3,14,9,20,29.16,,0,0,0,46.0,45.1,45.5,0.46,0.44,0.45
WATE,2015-12-02 14:55:00 EST,42.87966,-76.81255,478,,,,95.3,,0.000,0.555,0.00,0.025,7.2,9.5,1.0,11,11,,,,0,0,7.2,9.5,1.0,11,11,21,29.16,,0,0,0,46.0,45.1,45.5,0.46,0.45,0.45
WATE,2015-12-02 15:00:00 EST,42.87966,-76.81255,478,,,,95.4,,0.002,0.557,0.00,0.026,8.0,12.9,1.8,9,9,,,,0,0,8.0,12.9,1.8,9,9,12,29.16,,0,0,0,46.0,45.1,45.5,0.46,0.44,0.45
WATE,2015-12-02 15:05:00 EST,42.87966,-76.81255,478,,,,95.0,,0.001,0.558,0.00,0.027,8.8,11.5,1.6,11,10,,,,0,0,8.8,11.5,1.6,11,10,8,29.16,,0,0,0,46.0,45.1,45.5,0.46,0.45,0.45
WATE,2015-12-02 15:10:00 EST,42.87966,-76.81255,478,,,,95.1,,0.000,0.558,0.00,0.027,8.9,13.7,1.5,2,10,,,,0,0,8.9,13.7,1.5,2,10,8,29.16,,0,0,0,46.0,45.1,45.6,0.46,0.44,0.45
WATE,2015-12-02 15:15:00 EST,42.87966,-76.81255,478,,,,94.8,,0.002,0.560,0.00,0.025,9.6,13.7,2.1,357,11,,,,0,0,9.6,13.7,2.1,357,11,9,29.16,,0,0,0,46.0,45.1,45.6,0.46,0.44,0.45
WATE,2015-12-02 15:20:00 EST,42.87966,-76.81255,478,,,,94.5,,0.001,0.561,0.00,0.023,9.9,13.3,2.3,354,20,,,,0,0,9.9,13.3,2.3,354,20,8,29.16,,0,0,0,45.9,45.1,45.6,0.46,0.45,0.45
WATE,2015-12-02 15:25:00 EST,42.87966,-76.81255,478,,,,94.4,,0.003,0.564,0.00,0.022,8.0,12.5,2.2,351,11,,,,0,0,8.0,12.5,2.2,351,11,6,29.17,,0,0,0,45.9,45.1,45.6,0.46,0.44,0.45
WATE,2015-12-02 15:30:00 EST,42.87966,-76.81255,478,,,,94.4,,0.010,0.574,0.00,0.029,8.3,10.7,1.5,353,18,,,,0,0,8.3,10.7,1.5,353,18,8,29.17,,0,0,0,45.9,45.1,45.7,0.46,0.44,0.45
WATE,2015-12-02 15:35:00 EST,42.87966,-76.81255,478,,,,95.1,,0.010,0.584,0.00,0.036,8.2,11.7,1.2,358,9,,,,0,0,8.2,11.7,1.2,358,9,10,29.17,,0,0,0,45.9,45.1,45.7,0.46,0.45,0.45
WATE,2015-12-02 15:40:00 EST,42.87966,-76.81255,478,,,,95.2,,0.011,0.595,0.00,0.041,8.7,11.4,1.6,356,10,,,,0,0,8.7,11.4,1.6,356,10,8,29.17,,0,0,0,45.9,45.1,45.7,0.46,0.44,0.45
WATE,2015-12-02 15:45:00 EST,42.87966,-76.81255,478,,,,95.3,,0.006,0.601,0.00,0.046,8.9,13.2,1.4,352,9,,,,0,0,8.9,13.2,1.4,352,9,6,29.17,,0,0,0,45.9,45.1,45.7,0.46,0.45,0.45
WATE,2015-12-02 15:50:00 EST,42.87966,-76.81255,478,,,,95.3,,0.005,0.606,0.00,0.050,8.2,11.7,1.4,353,16,,,,0,0,8.2,11.7,1.4,353,16,5,29.17,,0,0,0,45.9,45.1,45.7,0.46,0.44,0.45
WATE,2015-12-02 15:55:00 EST,42.87966,-76.81255,478,,,,95.3,,0.004,0.610,0.00,0.055,8.5,12.9,1.8,350,12,,,,0,0,8.5,12.9,1.8,350,12,4,29.17,,0,0,0,45.9,45.1,45.7,0.46,0.44,0.45
WATE,2015-12-02 16:00:00 EST,42.87966,-76.81255,478,,,,95.2,,0.006,0.616,0.00,0.059,7.5,10.1,1.1,352,9,,,,0,0,7.5,10.1,1.1,352,9,4,29.17,,0,0,0,45.9,45.1,45.7,0.46,0.45,0.45
WATE,2015-12-02 16:05:00 EST,42.87966,-76.81255,478,,,,95.3,,0.006,0.622,0.00,0.065,8.5,13.1,1.5,348,24,,,,0,0,8.5,13.1,1.5,348,24,4,29.18,,0,0,0,45.8,45.1,45.7,0.46,0.45,0.45
WATE,2015-12-02 16:10:00 EST,42.87966,-76.81255,478,,,,95.3,,0.010,0.633,0.00,0.075,7.1,10.2,1.5,335,10,,,,0,0,7.1,10.2,1.5,335,10,3,29.18,,0,0,0,45.7,45.1,45.7,0.46,0.45,0.45
WATE,2015-12-02 16:15:00 EST,42.87966,-76.81255,478,,,,95.6,,0.015,0.648,0.00,0.088,7.2,9.8,1.4,345,12,,,,0,0,7.2,9.8,1.4,345,12,3,29.18,,0,0,0,45.7,45.1,45.7,0.46,0.45,0.45
WATE,2015-12-02 16:20:00 EST,42.87966,-76.81255,478,,,,95.4,,0.007,0.655,0.00,0.094,7.9,10.6,1.1,338,15,,,,0,0,7.9,10.6,1.1,338,15,3,29.19,,0,0,0,45.7,45.1,45.7,0.46,0.44,0.45
WATE,2015-12-02 16:25:00 EST,42.87966,-76.81255,478,,,,95.3,,0.007,0.663,0.00,0.099,7.6,10.3,1.1,330,10,,,,0,0,7.6,10.3,1.1,330,10,1,29.19,,0,0,0,45.7,45.1,45.7,0.46,0.45,0.45
WATE,2015-12-02 16:30:00 EST,42.87966,-76.81255,478,,,,95.3,,0.009,0.671,0.00,0.098,8.0,10.7,1.2,11,13,,,,0,0,8.0,10.7,1.2,11,13,2,29.17,,0,0,0,45.7,45.1,45.7,0.46,0.45,0.45
WATE,2015-12-02 16:35:00 EST,42.87966,-76.81255,478,,,,95.4,,0.011,0.682,0.00,0.098,7.9,12.1,1.6,30,11,,,,0,0,7.9,12.1,1.6,30,11,4,29.16,,0,0,0,45.7,45.1,45.7,0.46,0.45,0.45
WATE,2015-12-02 16:40:00 EST,42.87966,-76.81255,478,,,,95.6,,0.005,0.687,0.00,0.092,7.7,11.5,1.6,33,12,,,,0,0,7.7,11.5,1.6,33,12,7,29.15,,0,0,0,45.5,45.1,45.7,0.46,0.44,0.45
WATE,2015-12-02 16:45:00 EST,42.87966,-76.81255,478,,,,95.5,,0.001,0.687,0.00,0.087,6.1,11.5,2.3,27,16,,,,0,0,6.1,11.5,2.3,27,16,3,29.16,,0,0,0,45.5,45.1,45.7,0.46,0.44,0.45
WATE,2015-12-02 16:50:00 EST,42.87966,-76.81255,478,,,,95.0,,0.000,0.687,0.00,0.082,6.7,10.2,1.7,45,11,,,,0,0,6.7,10.2,1.7,45,11,0,29.16,,0,0,0,45.5,45.1,45.7,0.46,0.45,0.45
WATE,2015-12-02 16:55:00 EST,42.87966,-76.81255,478,,,,94.2,,0.000,0.687,0.00,0.078,7.2,10.8,1.6,49,13,,,,0,0,7.2,10.8,1.6,49,13,0,29.16,,0,0,0,45.5,45.2,45.7,0.46,0.45,0.45
WATE,2015-12-02 17:00:00 EST,42.87966,-76.81255,478,,,,92.5,,0.000,0.687,0.00,0.071,7.9,10.9,1.2,58,12,,,,0,0,7.9,10.9,1.2,58,12,0,29.15,,0,0,0,45.5,45.2,45.7,0.46,0.45,0.45
WATE,2015-12-02 17:05:00 EST,42.87966,-76.81255,478,,,,91.9,,0.000,0.687,0.00,0.065,8.5,13.5,1.7,63,9,,,,0,0,8.5,13.5,1.7,63,9,0,29.14,,0,0,0,45.5,45.1,45.7,0.46,0.44,0.45
WATE,2015-12-02 17:10:00 EST,42.87966,-76.81255,478,,,,91.7,,0.000,0.687,0.00,0.055,6.0,8.2,1.1,49,11,,,,0,0,6.0,8.2,1.1,49,11,0,29.14,,0,0,0,45.4,45.1,45.7,0.46,0.44,0.45
WATE,2015-12-02 17:15:00 EST,42.87966,-76.81255,478,,,,92.2,,0.000,0.687,0.00,0.040,3.6,5.7,0.9,26,25,,,,0,0,3.6,5.7,0.9,26,25,0,29.15,,0,0,0,45.3,45.2,45.7,0.46,0.45,0.45
WATE,2015-12-02 17:20:00 EST,42.87966,-76.81255,478,,,,92.4,,0.000,0.687,0.00,0.032,4.8,7.5,1.3,35,14,,,,0,0,4.8,7.5,1.3,35,14,0,29.15,,0,0,0,45.3,45.2,45.7,0.46,0.45,0.45
WATE,2015-12-02 17:25:00 EST,42.87966,-76.81255,478,,,,92.6,,0.000,0.687,0.00,0.025,4.6,7.4,1.1,6,22,,,,0,0,4.6,7.4,1.1,6,22,0,29.15,,0,0,0,45.3,45.2,45.7,0.46,0.45,0.45
WATE,2015-12-02 17:30:00 EST,42.87966,-76.81255,478,,,,93.1,,0.000,0.687,0.00,0.016,5.1,6.6,0.9,347,11,,,,0,0,5.1,6.6,0.9,347,11,0,29.15,,0,0,0,45.3,45.2,45.7,0.46,0.45,0.45
WATE,2015-12-02 17:35:00 EST,42.87966,-76.81255,478,,,,93.1,,0.000,0.687,0.00,0.006,4.5,6.8,0.9,336,9,,,,0,0,4.5,6.8,0.9,336,9,0,29.16,,0,0,0,45.3,45.2,45.7,0.46,0.44,0.45
WATE,2015-12-02 17:40:00 EST,42.87966,-76.81255,478,,,,93.5,,0.000,0.687,0.00,0.001,4.1,6.6,0.7,326,10,,,,0,0,4.1,6.6,0.7,326,10,0,29.16,,0,0,0,45.2,45.2,45.7,0.46,0.45,0.45
WATE,2015-12-02 17:45:00 EST,42.87966,-76.81255,478,,,,94.2,,0.000,0.687,0.00,0.000,4.7,6.9,1.0,318,10,,,,0,0,4.7,6.9,1.0,318,10,0,29.16,,0,0,0,45.1,45.2,45.7,0.46,0.45,0.45
WATE,2015-12-02 17:50:00 EST,42.87966,-76.81255,478,,,,94.6,,0.000,0.687,0.00,0.000,5.0,7.7,1.2,310,9,,,,0,0,5.0,7.7,1.2,310,9,0,29.16,,0,0,0,45.1,45.2,45.7,0.46,0.45,0.45
WATE,2015-12-02 17:55:00 EST,42.87966,-76.81255,478,,,,94.2,,0.000,0.687,0.00,0.000,5.6,7.4,0.9,335,10,,,,0,0,5.6,7.4,0.9,335,10,0,29.16,,0,0,0,45.1,45.2,45.7,0.46,0.45,0.45
WATE,2015-12-02 18:00:00 EST,42.87966,-76.81255,478,,,,93.8,,0.000,0.687,0.00,0.000,5.6,7.6,1.0,339,10,,,,0,0,5.6,7.6,1.0,339,10,0,29.16,,0,0,0,45.1,45.2,45.7,0.46,0.44,0.45
WATE,2015-12-02 18:05:00 EST,42.87966,-76.81255,478,,,,94.0,,0.000,0.687,0.00,0.000,5.0,6.9,0.7,326,9,,,,0,0,5.0,6.9,0.7,326,9,0,29.17,,0,0,0,45.1,45.2,45.7,0.46,0.45,0.45
WATE,2015-12-02 18:10:00 EST,42.87966,-76.81255,478,,,,94.4,,0.000,0.687,0.00,0.000,4.6,7.7,1.1,305,12,,,,0,0,4.6,7.7,1.1,305,12,0,29.17,,0,0,0,45.1,45.2,45.7,0.46,0.45,0.45
WATE,2015-12-02 18:15:00 EST,42.87966,-76.81255,478,,,,,,,,,,,,,,,,,,,,,,,,,,,,,,,,,,,,
WATE,2015-12-02 18:20:00 EST,42.87966,-76.81255,478,,,,,,,,,,,,,,,,,,,,,,,,,,,,,,,,,,,,
WATE,2015-12-02 18:25:00 EST,42.87966,-76.81255,478,,,,,,,,,,,,,,,,,,,,,,,,,,,,,,,,,,,,
WATE,2015-12-02 18:30:00 EST,42.87966,-76.81255,478,,,,,,,,,,,,,,,,,,,,,,,,,,,,,,,,,,,,
WATE,2015-12-02 18:35:00 EST,42.87966,-76.81255,478,42.4,42.3,38.6,95.1,41.1,,0.691,0.00,0.004,6.1,8.0,1.0,337,12,7.3,9.8,1.4,345,11,6.1,8.0,1.0,337,12,0,29.18,,0,0,0,45.1,45.3,45.7,0.46,0.45,0.45
WATE,2015-12-02 18:40:00 EST,42.87966,-76.81255,478,,,,,,,,,,,,,,,,,,,,,,,,,,,,,,,,,,,,
WATE,2015-12-02 18:45:00 EST,42.87966,-76.81255,478,42.4,42.3,38.6,95.6,41.2,,0.691,0.00,0.004,6.0,9.1,1.3,296,11,6.5,9.6,1.3,300,12,6.0,9.1,1.3,296,11,0,29.19,,0,0,0,45.0,45.3,45.8,0.46,0.45,0.45
WATE,2015-12-02 18:50:00 EST,42.87966,-76.81255,478,42.4,42.3,37.8,95.5,41.2,0.003,0.694,0.00,0.007,7.4,13.0,1.6,303,15,7.9,13.2,1.8,306,17,7.4,13.0,1.6,303,15,0,29.20,,0,0,0,45.0,45.3,45.7,0.46,0.45,0.45
WATE,2015-12-02 18:55:00 EST,42.87966,-76.81255,478,42.4,42.2,37.2,95.1,41.0,0.004,0.698,0.00,0.011,8.6,12.5,1.6,309,12,8.8,12.3,1.5,315,12,8.6,12.5,1.6,309,12,0,29.20,,0,0,0,45.0,45.3,45.8,0.46,0.45,0.45
WATE,2015-12-02 19:00:00 EST,42.87966,-76.81255,478,42.3,42.2,37.2,94.7,40.9,0.005,0.703,0.00,0.015,8.6,12.8,1.8,319,14,9.4,13.4,1.9,326,14,8.6,12.8,1.8,319,14,0,29.20,,0,0,0,45.0,45.3,45.8,0.46,0.45,0.45
WATE,2015-12-02 19:05:00 EST,42.87966,-76.81255,478,42.3,42.2,37.9,94.1,40.7,0.006,0.709,0.00,0.021,7.0,11.3,1.5,322,14,7.7,12.1,1.5,328,14,7.0,11.3,1.5,322,14,0,29.20,,0,0,0,45.0,45.3,45.8,0.46,0.45,0.45
WATE,2015-12-02 19:10:00 EST,42.87966,-76.81255,478,42.2,42.1,37.3,93.7,40.5,0.004,0.713,0.00,0.025,7.8,12.2,1.9,321,12,8.5,13.6,2.0,328,13,7.8,12.2,1.9,321,12,0,29.20,,0,0,0,45.0,45.3,45.8,0.46,0.45,0.45
WATE,2015-12-02 19:15:00 EST,42.87966,-76.81255,478,42.1,42.0,37.4,93.8,40.4,0.000,0.713,0.00,,7.4,11.9,1.7,323,12,8.1,13.2,1.9,329,13,7.4,11.9,1.7,323,12,0,29.21,,0,0,0,44.9,45.3,45.8,0.46,0.45,0.45
WATE,2015-12-02 19:20:00 EST,42.87966,-76.81255,478,42.1,42.0,37.2,93.4,40.3,0.000,0.713,0.00,,7.8,11.5,1.6,325,15,8.8,13.0,1.8,331,15,7.8,11.5,1.6,325,15,0,29.21,,0,0,0,45.0,45.2,45.8,0.46,0.45,0.45
WATE,2015-12-02 19:25:00 EST,42.87966,-76.81255,478,42.0,41.9,37.4,93.4,40.3,0.002,0.715,0.00,,7.4,11.3,1.5,349,12,9.1,13.6,2.1,354,9,7.4,11.3,1.5,349,12,0,29.21,,0,0,0,45.0,45.2,45.8,0.46,0.45,0.45
WATE,2015-12-02 19:30:00 EST,42.87966,-76.81255,478,41.9,41.8,35.9,91.7,39.6,0.000,0.715,0.00,,10.2,17.0,2.1,339,12,11.8,17.9,2.3,346,10,10.2,17.0,2.1,339,12,0,29.21,,0,0,0,44.9,45.3,45.8,0.46,0.44,0.45
WATE,2015-12-02 19:35:00 EST,42.87966,-76.81255,478,41.7,41.6,36.3,90.5,39.2,0.000,0.715,0.00,0.023,8.8,14.2,1.9,341,12,10.7,16.3,2.2,348,10,8.8,14.2,1.9,341,12,0,29.21,,0,0,0,44.9,45.2,45.8,0.46,0.44,0.45
WATE,2015-12-02 19:40:00 EST,42.87966,-76.81255,478,41.6,41.5,36.2,90.5,39.0,0.000,0.715,0.00,,8.7,14.9,2.8,345,14,10.4,19.9,3.3,351,12,8.7,14.9,2.8,345,14,0,29.21,,0,0,0,44.8,45.2,45.8,0.46,0.44,0.45
WATE,2015-12-02 19:45:00 EST,42.87966,-76.81255,478,41.5,41.4,36.4,91.0,39.0,0.000,0.715,0.00,0.023,8.0,12.7,1.7,352,10,9.9,15.4,2.0,358,7,8.0,12.7,1.7,352,10,0,29.20,,0,0,0,44.8,45.2,45.9,0.46,0.45,0.45
WATE,2015-12-02 19:50:00 EST,42.87966,-76.81255,478,41.4,41.3,36.7,90.5,38.8,0.000,0.715,0.00,0.020,7.2,12.6,1.6,344,16,8.8,14.3,1.9,352,10,7.2,12.6,1.6,344,16,0,29.20,,0,0,0,44.8,45.2,45.8,0.46,0.45,0.45
WATE,2015-12-02 19:55:00 EST,42.87966,-76.81255,478,41.3,41.3,36.4,90.2,38.7,0.000,0.715,0.00,0.017,7.6,11.8,1.6,338,10,9.2,14.3,2.0,346,8,7.6,11.8,1.6,338,10,0,29.20,,0,0,0,44.8,45.2,45.9,0.46,0.44,0.45
WATE,2015-12-02 20:00:00 EST,42.87966,-76.81255,478,41.3,41.2,37.7,90.8,38.8,0.000,0.715,0.00,0.012,5.4,8.4,1.0,345,14,6.5,8.9,1.3,351,12,5.4,8.4,1.0,345,14,0,29.20,,0,0,0,44.8,45.2,45.8,0.46,0.45,0.45
WATE,2015-12-02 20:05:00 EST,42.87966,-76.81255,478,41.2,41.1,38.3,91.2,38.8,0.000,0.715,0.00,0.006,4.5,7.8,1.2,346,13,5.5,9.4,1.6,354,10,4.5,7.8,1.2,346,13,0,29.21,,0,0,0,44.8,45.2,45.9,0.46,0.44,0.45
WATE,2015-12-02 20:10:00 EST,42.87966,-76.81255,478,41.2,41.1,37.6,90.5,38.6,0.000,0.715,0.00,0.002,5.5,10.2,1.7,347,16,6.6,12.5,2.2,353,12,5.5,10.2,1.7,347,16,0,29.21,,0,0,0,44.8,45.2,45.9,0.46,0.44,0.45
WATE,2015-12-02 20:15:00 EST,42.87966,-76.81255,478,41.1,41.0,37.8,90.7,38.6,0.000,0.715,0.00,0.002,5.0,6.4,0.7,330,11,5.7,8.1,1.0,338,10,5.0,6.4,0.7,330,11,0,29.21,,0,0,0,44.7,45.2,45.9,0.46,0.45,0.45
WATE,2015-12-02 20:20:00 EST,42.87966,-76.81255,478,41.0,41.0,37.6,90.7,38.5,0.000,0.715,0.00,0.002,5.1,8.8,1.3,337,16,5.8,10.1,1.4,345,12,5.1,8.8,1.3,337,16,0,29.21,,0,0,0,44.7,45.2,45.9,0.46,0.45,0.45
WATE,2015-12-02 20:25:00 EST,42.87966,-76.81255,478,41.0,41.0,37.1,90.2,38.4,0.000,0.715,0.00,0.000,5.8,8.5,1.1,333,9,6.6,9.4,1.3,340,9,5.8,8.5,1.1,333,9,0,29.21,,0,0,0,44.6,45.2,45.9,0.46,0.45,0.45
WATE,2015-12-02 20:30:00 EST,42.87966,-76.81255,478,40.9,40.9,37.6,90.9,38.5,0.000,0.715,0.00,0.000,5.0,7.7,1.0,322,11,5.6,8.3,1.1,327,13,5.0,7.7,1.0,322,11,0,29.21,,0,0,0,44.6,45.2,45.9,0.46,0.44,0.45
WATE,2015-12-02 20:35:00 EST,42.87966,-76.81255,478,40.9,40.8,37.7,90.4,38.3,0.000,0.715,0.00,0.000,4.7,7.3,0.9,304,12,5.0,7.8,1.1,309,12,4.7,7.3,0.9,304,12,0,29.22,,0,0,0,44.6,45.2,45.9,0.46,0.45,0.45
WATE,2015-12-02 20:40:00 EST,42.87966,-76.81255,478,40.9,40.8,37.5,90.7,38.4,0.000,0.715,0.00,0.000,5.0,8.7,1.2,299,10,5.2,9.4,1.3,303,10,5.0,8.7,1.2,299,10,0,29.22,,0,0,0,44.6,45.2,45.9,0.46,0.44,0.45
WATE,2015-12-02 20:45:00 EST,42.87966,-76.81255,478,40.8,40.8,37.8,91.0,38.4,0.000,0.715,0.00,0.000,4.6,6.6,0.8,290,8,5.0,7.4,1.0,293,8,4.6,6.6,0.8,290,8,0,29.22,,0,0,0,44.6,45.2,45.8,0.46,0.45,0.45
WATE,2015-12-02 20:50:00 EST,42.87966,-76.81255,478,40.8,40.8,37.9,92.0,38.7,0.000,0.715,0.00,0.000,4.4,6.4,0.9,287,10,4.9,7.8,1.1,290,10,4.4,6.4,0.9,287,10,0,29.23,,0,0,0,44.6,45.2,45.9,0.46,0.45,0.45
WATE,2015-12-02 20:55:00 EST,42.87966,-76.81255,478,40.8,40.8,38.2,92.6,38.8,0.000,0.715,0.00,0.000,4.1,5.7,0.7,287,11,4.4,6.7,1.0,290,11,4.1,5.7,0.7,287,11,0,29.23,,0,0,0,44.5,45.2,45.8,0.46,0.45,0.45
WATE,2015-12-02 21:00:00 EST,42.87966,-76.81255,478,40.8,40.7,38.1,92.9,38.9,0.000,0.715,0.00,0.000,4.1,6.2,0.8,285,10,4.7,7.4,1.0,289,8,4.1,6.2,0.8,285,10,0,29.23,,0,0,0,44.4,45.2,45.8,0.46,0.44,0.45
WATE,2015-12-02 21:05:00 EST,42.87966,-76.81255,478,40.8,40.7,38.1,93.1,38.9,0.000,0.715,0.00,0.000,4.1,5.8,0.8,284,9,4.6,6.5,1.0,288,9,4.1,5.8,0.8,284,9,0,29.23,,0,0,0,44.4,45.1,45.9,0.46,0.45,0.45
WATE,2015-12-02 21:10:00 EST,42.87966,-76.81255,478,40.8,40.7,38.4,93.0,38.9,0.000,0.715,0.00,0.000,3.8,5.5,0.6,290,8,4.1,6.7,0.9,295,9,3.8,5.5,0.6,290,8,0,29.23,,0,0,0,44.4,45.2,45.8,0.46,0.44,0.45
WATE,2015-12-02 21:15:00 EST,42.87966,-76.81255,478,40.8,40.7,38.5,92.8,38.8,0.000,0.715,0.00,0.000,3.7,5.0,0.7,294,9,3.9,5.4,0.8,299,10,3.7,5.0,0.7,294,9,0,29.23,,0,0,0,44.4,45.1,45.9,0.46,0.45,0.45
WATE,2015-12-02 21:20:00 EST,42.87966,-76.81255,478,40.7,40.7,38.2,92.7,38.8,0.000,0.715,0.00,0.000,3.9,6.0,0.7,283,12,4.4,6.5,0.9,287,10,3.9,6.0,0.7,283,12,0,29.23,,0,0,0,44.3,45.1,45.9,0.46,0.44,0.45
WATE,2015-12-02 21:25:00 EST,42.87966,-76.81255,478,40.7,40.7,38.4,92.4,38.7,0.000,0.715,0.00,0.000,3.7,5.7,1.0,289,9,4.0,6.9,1.3,293,10,3.7,5.7,1.0,289,9,0,29.23,,0,0,0,44.4,45.1,45.9,0.46,0.45,0.45
WATE,2015-12-02 21:30:00 EST,42.87966,-76.81255,478,40.7,40.6,40.7,92.3,38.6,0.000,0.715,0.00,0.000,2.3,3.4,0.6,303,16,2.5,4.7,0.7,310,17,2.3,3.4,0.6,303,16,0,29.22,,0,0,0,44.4,45.1,45.9,0.46,0.45,0.45
WATE,2015-12-02 21:35:00 EST,42.87966,-76.81255,478,40.7,40.6,40.7,92.4,38.6,0.000,0.715,0.00,0.000,2.0,3.1,0.5,303,15,2.1,3.4,0.5,308,18,2.0,3.1,0.5,303,15,0,29.22,,0,0,0,44.3,45.1,45.9,0.46,0.45,0.45
WATE,2015-12-02 21:40:00 EST,42.87966,-76.81255,478,40.5,40.6,40.5,92.7,38.6,0.000,0.715,0.00,0.000,2.8,4.2,0.8,278,7,3.1,4.9,0.8,282,8,2.8,4.2,0.8,278,7,0,29.23,,0,0,0,44.2,45.1,45.9,0.46,0.45,0.45
WATE,2015-12-02 21:45:00 EST,42.87966,-76.81255,478,40.5,40.6,38.1,92.7,38.6,0.000,0.715,0.00,0.000,3.8,4.9,0.6,279,7,4.2,6.0,0.8,283,7,3.8,4.9,0.6,279,7,0,29.23,,0,0,0,44.1,45.1,45.9,0.46,0.45,0.45
WATE,2015-12-02 21:50:00 EST,42.87966,-76.81255,478,40.5,40.5,38.4,92.6,38.5,0.000,0.715,0.00,0.000,3.5,4.7,0.7,277,8,3.8,5.6,0.8,282,8,3.5,4.7,0.7,277,8,0,29.23,,0,0,0,44.1,45.1,45.9,0.46,0.44,0.45
WATE,2015-12-02 21:55:00 EST,42.87966,-76.81255,478,40.4,40.5,38.5,92.9,38.5,0.000,0.715,0.00,0.000,3.3,5.1,0.6,280,9,3.7,6.0,0.8,284,9,3.3,5.1,0.6,280,9,0,29.24,,0,0,0,44.1,45.1,45.9,0.46,0.44,0.45
WATE,2015-12-02 22:00:00 EST,42.87966,-76.81255,478,40.3,40.3,40.3,93.2,38.5,0.000,0.715,0.00,0.000,2.9,4.0,0.6,285,11,3.1,4.7,0.7,290,10,2.9,4.0,0.6,285,11,0,29.24,,0,0,0,44.1,45.1,45.9,0.46,0.45,0.45
WATE,2015-12-02 22:05:00 EST,42.87966,-76.81255,478,40.1,40.2,40.1,93.6,38.4,0.000,0.715,0.00,0.000,2.9,4.4,0.6,285,9,3.2,4.9,0.7,289,9,2.9,4.4,0.6,285,9,0,29.24,,0,0,0,44.0,45.1,45.8,0.46,0.45,0.45
WATE,2015-12-02 22:10:00 EST,42.87966,-76.81255,478,39.9,40.2,38.3,93.9,38.3,0.000,0.715,0.00,0.000,3.0,4.3,0.6,273,9,3.4,5.4,0.7,278,9,3.0,4.3,0.6,273,9,0,29.24,,0,0,0,44.0,45.1,45.9,0.46,0.45,0.45
WATE,2015-12-02 22:15:00 EST,42.87966,-76.81255,478,40.0,40.2,38.3,93.8,38.4,0.000,0.715,0.00,0.000,3.1,4.7,0.6,272,11,3.5,5.6,0.8,278,10,3.1,4.7,0.6,272,11,0,29.24,,0,0,0,44.0,45.1,45.9,0.46,0.45,0.45
WATE,2015-12-02 22:20:00 EST,42.87966,-76.81255,478,39.9,40.1,39.9,93.6,38.2,0.000,0.715,0.00,0.000,3.0,5.1,0.7,267,11,3.4,6.5,0.9,272,11,3.0,5.1,0.7,267,11,0,29.24,,0,0,0,43.9,45.1,45.9,0.46,0.45,0.45
WATE,2015-12-02 22:25:00 EST,42.87966,-76.81255,478,39.8,40.0,37.9,93.5,38.0,0.000,0.715,0.00,0.000,3.2,5.1,0.7,262,10,3.7,6.3,0.9,268,11,3.2,5.1,0.7,262,10,0,29.23,,0,0,0,43.9,45.1,45.9,0.46,0.45,0.45
WATE,2015-12-02 22:30:00 EST,42.87966,-76.81255,478,39.8,40.0,39.8,93.7,38.1,0.000,0.715,0.00,0.000,2.9,4.5,0.6,259,11,3.3,5.6,0.8,265,12,2.9,4.5,0.6,259,11,0,29.23,,0,0,0,43.9,45.1,45.9,0.46,0.45,0.45
WATE,2015-12-02 22:35:00 EST,42.87966,-76.81255,478,39.8,39.9,39.8,93.9,38.1,0.000,0.715,0.00,0.000,2.5,3.9,0.6,262,12,2.8,4.7,0.7,268,13,2.5,3.9,0.6,262,12,0,29.23,,0,0,0,43.9,45.1,45.9,0.46,0.45,0.45
WATE,2015-12-02 22:40:00 EST,42.87966,-76.81255,478,39.9,40.0,39.9,93.8,38.3,0.000,0.715,0.00,0.000,2.6,4.2,0.6,270,11,3.0,5.8,0.8,276,12,2.6,4.2,0.6,270,11,0,29.23,,0,0,0,43.9,45.1,45.9,0.46,0.45,0.45
WATE,2015-12-02 22:45:00 EST,42.87966,-76.81255,478,40.0,40.0,40.0,93.6,38.3,0.000,0.715,0.00,0.000,2.0,3.4,0.6,267,14,2.3,4.3,0.7,272,16,2.0,3.4,0.6,267,14,0,29.23,,0,0,0,43.9,45.1,45.9,0.46,0.45,0.45
WATE,2015-12-02 22:50:00 EST,42.87966,-76.81255,478,40.0,40.0,40.0,93.6,38.3,0.000,0.715,0.00,0.000,2.1,3.4,0.5,260,12,2.5,4.3,0.7,264,14,2.1,3.4,0.5,260,12,0,29.23,,0,0,0,43.8,45.1,45.9,0.46,0.45,0.45
WATE,2015-12-02 22:55:00 EST,42.87966,-76.81255,478,40.0,40.0,40.0,93.7,38.3,0.000,0.715,0.00,0.000,2.6,4.6,0.7,262,12,3.0,6.0,0.9,269,13,2.6,4.6,0.7,262,12,0,29.23,,0,0,0,43.7,45.1,45.9,0.46,0.45,0.45
WATE,2015-12-02 23:00:00 EST,42.87966,-76.81255,478,40.1,40.1,38.2,93.8,38.4,0.000,0.715,0.00,0.000,3.2,5.0,0.8,265,11,3.7,6.0,1.0,270,11,3.2,5.0,0.8,265,11,0,29.23,,0,0,0,43.7,45.1,45.9,0.46,0.45,0.45
WATE,2015-12-02 23:05:00 EST,42.87966,-76.81255,478,40.1,40.1,38.2,93.7,38.5,0.000,0.715,0.00,0.000,3.2,4.7,0.6,267,12,3.7,6.3,0.8,273,11,3.2,4.7,0.6,267,12,0,29.23,,0,0,0,43.7,45.1,45.9,0.46,0.45,0.45
WATE,2015-12-02 23:10:00 EST,42.87966,-76.81255,478,40.2,40.2,37.5,93.7,38.5,0.000,0.715,0.00,0.000,4.0,5.7,0.6,263,10,4.6,6.5,0.7,269,9,4.0,5.7,0.6,263,10,0,29.23,,0,0,0,43.7,45.1,45.9,0.46,0.45,0.45
WATE,2015-12-02 23:15:00 EST,42.87966,-76.81255,478,40.3,40.3,40.3,93.4,38.5,0.000,0.715,0.00,0.000,3.0,4.6,0.7,257,9,3.5,5.4,0.8,263,10,3.0,4.6,0.7,257,9,0,29.23,,0,0,0,43.7,45.1,45.9,0.46,0.45,0.45
WATE,2015-12-02 23:20:00 EST,42.87966,-76.81255,478,40.2,40.3,40.2,93.5,38.5,0.000,0.715,0.00,0.000,2.7,3.7,0.5,263,11,3.1,4.7,0.7,269,11,2.7,3.7,0.5,263,11,0,29.23,,0,0,0,43.6,45.1,45.9,0.46,0.45,0.45
WATE,2015-12-02 23:25:00 EST,42.87966,-76.81255,478,40.2,40.2,40.2,93.7,38.5,0.000,0.715,0.00,0.000,1.9,3.1,0.6,255,8,2.2,3.8,0.6,260,12,1.9,3.1,0.6,255,8,0,29.24,,0,0,0,43.6,45.1,45.9,0.46,0.45,0.45
WATE,2015-12-02 23:30:00 EST,42.87966,-76.81255,478,40.2,40.2,40.2,94.0,38.6,0.000,0.715,0.00,0.000,1.5,3.1,0.4,243,7,1.9,4.3,0.5,248,15,1.5,3.1,0.4,243,7,0,29.24,,0,0,0,43.5,45.1,45.9,0.46,0.45,0.45
WATE,2015-12-02 23:35:00 EST,42.87966,-76.81255,478,40.3,40.2,40.3,93.9,38.7,0.000,0.715,0.00,0.000,1.6,2.5,0.4,236,10,1.9,3.1,0.4,238,15,1.6,2.5,0.4,236,10,0,29.24,,0,0,0,43.5,45.1,45.9,0.46,0.45,0.45
WATE,2015-12-02 23:40:00 EST,42.87966,-76.81255,478,40.3,40.3,40.3,93.7,38.6,0.000,0.715,0.00,0.000,1.8,2.8,0.5,222,5,1.8,2.7,0.4,225,10,1.8,2.8,0.5,222,5,0,29.24,,0,0,0,43.5,45.1,45.9,0.46,0.45,0.45
WATE,2015-12-02 23:45:00 EST,42.87966,-76.81255,478,40.3,40.3,40.3,93.7,38.7,0.000,0.715,0.00,0.000,2.2,3.2,0.4,226,13,2.3,3.8,0.5,229,15,2.2,3.2,0.4,226,13,0,29.24,,0,0,0,43.5,45.1,45.9,0.46,0.45,0.45
WATE,2015-12-02 23:50:00 EST,42.87966,-76.81255,478,40.3,40.4,40.3,94.0,38.7,0.000,0.715,0.00,0.000,2.6,3.7,0.4,242,8,2.9,4.7,0.6,246,10,2.6,3.7,0.4,242,8,0,29.24,,0,0,0,43.5,45.1,45.9,0.46,0.45,0.45
WATE,2015-12-02 23:55:00 EST,42.87966,-76.81255,478,40.4,40.5,40.4,94.1,38.8,0.000,0.715,0.00,0.000,2.7,4.5,0.7,247,12,3.1,5.6,0.8,252,13,2.7,4.5,0.7,247,12,0,29.24,,0,0,0,43.5,45.0,45.9,0.46,0.45,0.45
WEST,2015-12-02 00:00:00 EST,43.10647,-75.46146,655,39.0,39.2,34.5,97.1,38.3,0.013,0.244,0.00,0.080,6.2,8.9,1.1,96,13,7.3,10.7,1.5,92,11,6.2,8.9,1.1,96,13,0,29.20,,0,0,0,40.0,42.1,43.8,0.37,0.31,0.29
WEST,2015-12-02 00:05:00 EST,43.10647,-75.46146,655,39.0,39.1,33.6,97.1,38.3,0.008,0.008,0.00,0.084,7.6,11.2,1.4,93,10,9.1,13.9,1.8,90,8,7.6,11.2,1.4,93,10,0,29.20,,0,0,0,40.1,42.1,43.8,0.38,0.31,0.29
WEST,2015-12-02 00:10:00 EST,43.10647,-75.46146,655,39.1,39.2,35.1,97.2,38.3,0.003,0.011,0.00,0.080,5.4,8.5,1.2,95,13,6.5,10.3,1.5,94,11,5.4,8.5,1.2,95,13,0,29.20,,0,0,0,40.1,42.1,43.8,0.37,0.31,0.29
WEST,2015-12-02 00:15:00 EST,43.10647,-75.46146,655,39.1,39.2,34.0,97.2,38.4,0.001,0.012,0.00,0.072,7.2,11.6,2.0,89,12,8.4,13.4,2.4,89,11,7.2,11.6,2.0,89,12,0,29.20,,0,0,0,40.1,42.1,43.9,0.38,0.31,0.29
WEST,2015-12-02 00:20:00 EST,43.10647,-75.46146,655,39.2,39.3,34.7,97.2,38.5,0.001,0.013,0.00,0.065,6.1,9.9,1.7,90,13,7.3,11.4,1.9,88,11,6.1,9.9,1.7,90,13,0,29.20,,0,0,0,40.1,42.1,43.8,0.38,0.31,0.29
WEST,2015-12-02 00:25:00 EST,43.10647,-75.46146,655,39.3,39.4,34.5,97.1,38.5,0.000,0.013,0.00,0.053,6.6,10.2,1.3,81,10,7.8,12.3,1.7,81,8,6.6,10.2,1.3,81,10,0,29.20,,0,0,0,40.1,42.1,43.8,0.38,0.32,0.29
WEST,2015-12-02 00:30:00 EST,43.10647,-75.46146,655,39.3,39.4,35.3,97.0,38.5,0.004,0.017,0.00,0.042,5.5,8.5,1.2,83,11,6.7,10.3,1.5,83,9,5.5,8.5,1.2,83,11,0,29.20,,0,0,0,40.2,42.1,43.8,0.38,0.32,0.29
WEST,2015-12-02 00:35:00 EST,43.10647,-75.46146,655,39.3,39.4,35.8,97.0,38.5,0.005,0.022,0.00,0.036,4.8,7.2,1.2,100,17,5.6,8.7,1.6,98,15,4.8,7.2,1.2,100,17,0,29.19,,0,0,0,40.1,42.1,43.8,0.38,0.32,0.29
WEST,2015-12-02 00:40:00 EST,43.10647,-75.46146,655,39.3,39.4,34.7,97.0,38.5,0.007,0.029,0.00,0.043,6.4,10.9,1.5,90,11,7.6,12.5,1.8,90,9,6.4,10.9,1.5,90,11,0,29.19,,0,0,0,40.2,42.1,43.8,0.37,0.33,0.29
WEST,2015-12-02 00:45:00 EST,43.10647,-75.46146,655,39.3,39.4,34.0,97.0,38.5,0.002,0.031,0.00,0.045,7.6,10.2,1.2,89,10,8.9,12.3,1.4,88,9,7.6,10.2,1.2,89,10,0,29.18,,0,0,0,40.2,42.1,43.8,0.38,0.33,0.29
WEST,2015-12-02 00:50:00 EST,43.10647,-75.46146,655,39.3,39.4,35.3,97.0,38.5,0.016,0.048,0.24,0.061,5.5,8.7,1.6,93,23,6.4,10.3,2.1,91,20,5.5,8.7,1.6,93,23,0,29.19,,0,0,0,40.2,42.1,43.8,0.38,0.34,0.29
WEST,2015-12-02 00:55:00 EST,43.10647,-75.46146,655,39.3,39.4,33.7,97.0,38.5,0.002,0.049,0.00,0.063,7.9,10.6,1.3,72,11,8.9,12.3,1.4,78,10,7.9,10.6,1.3,72,11,0,29.18,,0,0,0,40.2,42.1,43.8,0.38,0.34,0.29
WEST,2015-12-02 01:00:00 EST,43.10647,-75.46146,655,39.3,39.4,36.7,97.0,38.5,0.000,0.049,0.00,0.049,3.8,7.7,1.3,112,24,4.6,8.9,1.6,111,22,3.8,7.7,1.3,112,24,0,29.18,,0,0,0,40.2,42.1,43.8,0.38,0.34,0.29
WEST,2015-12-02 01:05:00 EST,43.10647,-75.46146,655,39.3,39.4,35.7,97.0,38.5,0.000,0.049,0.00,0.041,4.9,7.2,1.0,86,14,5.8,9.2,1.3,88,12,4.9,7.2,1.0,86,14,0,29.18,,0,0,0,40.2,42.1,43.8,0.38,0.35,0.29
WEST,2015-12-02 01:10:00 EST,43.10647,-75.46146,655,39.3,39.4,36.0,97.1,38.6,0.000,0.049,0.00,0.038,4.5,7.4,1.2,105,17,5.3,8.9,1.6,104,16,4.5,7.4,1.2,105,17,0,29.18,,0,0,0,40.2,42.1,43.9,0.38,0.35,0.29
WEST,2015-12-02 01:15:00 EST,43.10647,-75.46146,655,39.3,39.4,34.4,97.1,38.6,0.000,0.049,0.00,0.037,6.9,9.5,1.4,80,11,8.2,11.9,1.7,81,9,6.9,9.5,1.4,80,11,0,29.18,,0,0,0,40.2,42.1,43.8,0.38,0.35,0.29
WEST,2015-12-02 01:20:00 EST,43.10647,-75.46146,655,39.4,39.5,35.7,97.1,38.6,0.000,0.049,0.00,0.036,5.0,8.7,1.7,91,20,5.9,10.1,2.0,89,19,5.0,8.7,1.7,91,20,0,29.18,,0,0,0,40.3,42.1,43.8,0.38,0.35,0.29
WEST,2015-12-02 01:25:00 EST,43.10647,-75.46146,655,39.5,39.6,34.0,97.2,38.7,0.000,0.049,0.00,0.036,7.9,11.1,1.4,83,9,9.3,13.4,1.6,83,9,7.9,11.1,1.4,83,9,0,29.18,,0,0,0,40.2,42.1,43.8,0.38,0.35,0.29
WEST,2015-12-02 01:30:00 EST,43.10647,-75.46146,655,39.6,39.7,35.0,97.1,38.8,0.000,0.049,0.00,0.032,6.4,14.5,2.8,77,14,7.3,16.1,3.2,79,12,6.4,14.5,2.8,77,14,0,29.18,,0,0,0,40.3,42.1,43.8,0.37,0.36,0.29
WEST,2015-12-02 01:35:00 EST,43.10647,-75.46146,655,39.7,39.8,36.5,96.9,38.8,0.000,0.049,0.00,0.027,4.4,6.9,1.4,76,21,5.2,8.7,1.6,76,19,4.4,6.9,1.4,76,21,0,29.18,,0,0,0,40.3,42.1,43.8,0.38,0.35,0.29
WEST,2015-12-02 01:40:00 EST,43.10647,-75.46146,655,39.7,39.8,35.4,96.8,38.8,0.000,0.049,0.00,0.020,5.9,8.5,1.2,84,10,7.1,10.7,1.6,83,8,5.9,8.5,1.2,84,10,0,29.18,,0,0,0,40.3,42.1,43.8,0.38,0.36,0.29
WEST,2015-12-02 01:45:00 EST,43.10647,-75.46146,655,39.7,39.8,35.7,96.7,38.9,0.000,0.049,0.00,0.018,5.6,7.5,0.8,82,13,6.7,9.2,1.1,80,11,5.6,7.5,0.8,82,13,0,29.18,,0,0,0,40.3,42.1,43.8,0.37,0.36,0.29
WEST,2015-12-02 01:50:00 EST,43.10647,-75.46146,655,39.8,39.9,35.2,96.7,38.9,0.002,0.051,0.00,0.004,6.5,9.9,1.3,85,11,7.6,11.9,1.5,84,10,6.5,9.9,1.3,85,11,0,29.17,,0,0,0,40.3,42.1,43.8,0.37,0.36,0.29
WEST,2015-12-02 01:55:00 EST,43.10647,-75.46146,655,39.8,39.9,34.4,96.6,38.9,0.021,0.073,0.31,0.023,7.8,9.7,0.9,78,8,9.1,11.9,1.2,77,7,7.8,9.7,0.9,78,8,0,29.17,,0,0,0,40.3,42.1,43.8,0.37,0.36,0.29
WEST,2015-12-02 02:00:00 EST,43.10647,-75.46146,655,39.7,39.8,35.5,96.7,38.8,0.010,0.083,0.00,0.034,5.8,7.8,1.1,80,10,7.0,9.6,1.4,81,9,5.8,7.8,1.1,80,10,0,29.17,,0,0,0,40.3,42.1,43.8,0.38,0.36,0.29
WEST,2015-12-02 02:05:00 EST,43.10647,-75.46146,655,39.7,39.8,35.0,96.8,38.9,0.002,0.085,0.00,0.036,6.7,8.5,0.9,80,7,8.0,10.3,1.1,79,6,6.7,8.5,0.9,80,7,0,29.17,,0,0,0,40.3,42.1,43.8,0.38,0.36,0.29
WEST,2015-12-02 02:10:00 EST,43.10647,-75.46146,655,39.7,39.8,35.3,96.9,38.9,0.014,0.099,0.36,0.050,6.3,8.5,1.1,83,10,7.4,10.3,1.3,83,10,6.3,8.5,1.1,83,10,0,29.18,,0,0,0,40.4,42.1,43.8,0.38,0.36,0.29
WEST,2015-12-02 02:15:00 EST,43.10647,-75.46146,655,39.7,39.8,35.5,96.9,38.9,0.010,0.109,0.00,0.060,5.9,8.8,0.9,82,10,7.0,11.2,1.3,81,8,5.9,8.8,0.9,82,10,0,29.18,,0,0,0,40.4,42.1,43.8,0.38,0.36,0.29
WEST,2015-12-02 02:20:00 EST,43.10647,-75.46146,655,39.6,39.7,34.6,96.9,38.9,0.006,0.115,0.00,0.065,7.2,9.7,1.3,82,7,8.5,12.1,1.7,82,5,7.2,9.7,1.3,82,7,0,29.18,,0,0,0,40.4,42.1,43.8,0.38,0.36,0.29
WEST,2015-12-02 02:25:00 EST,43.10647,-75.46146,655,39.6,39.7,35.5,97.0,38.9,0.013,0.127,0.00,0.078,5.7,9.3,1.2,75,9,6.7,11.0,1.6,76,9,5.7,9.3,1.2,75,9,0,29.18,,0,0,0,40.4,42.1,43.8,0.39,0.36,0.29
WEST,2015-12-02 02:30:00 EST,43.10647,-75.46146,655,39.6,39.7,35.7,97.1,38.8,0.004,0.132,0.00,0.082,5.4,7.3,0.8,65,13,6.2,8.5,1.1,67,13,5.4,7.3,0.8,65,13,0,29.18,,0,0,0,40.4,42.1,43.8,0.39,0.36,0.29
WEST,2015-12-02 02:35:00 EST,43.10647,-75.46146,655,39.6,39.7,36.0,97.1,38.8,0.018,0.149,0.33,0.100,4.9,7.5,1.2,70,11,5.5,8.3,1.4,70,10,4.9,7.5,1.2,70,11,0,29.18,,0,0,0,40.5,42.1,43.8,0.39,0.36,0.29
WEST,2015-12-02 02:40:00 EST,43.10647,-75.46146,655,39.5,39.6,35.0,97.1,38.8,0.020,0.169,0.27,0.120,6.3,8.3,1.0,69,8,7.0,9.2,1.2,69,7,6.3,8.3,1.0,69,8,0,29.18,,0,0,0,40.4,42.1,43.8,0.40,0.36,0.29
WEST,2015-12-02 02:45:00 EST,43.10647,-75.46146,655,39.5,39.6,35.7,97.1,38.8,0.008,0.177,0.00,0.127,5.3,8.0,1.1,80,13,6.1,9.2,1.2,80,12,5.3,8.0,1.1,80,13,0,29.19,,0,0,0,40.5,42.1,43.8,0.41,0.36,0.29
WEST,2015-12-02 02:50:00 EST,43.10647,-75.46146,655,39.5,39.6,36.1,97.2,38.8,0.006,0.182,0.00,0.131,4.7,8.0,1.3,83,16,5.4,9.4,1.5,84,15,4.7,8.0,1.3,83,16,0,29.18,,0,0,0,40.5,42.1,43.8,0.40,0.36,0.29
WEST,2015-12-02 02:55:00 EST,43.10647,-75.46146,655,39.6,39.7,35.6,97.3,38.9,0.001,0.183,0.00,0.111,5.4,8.5,1.0,69,10,6.1,9.4,1.1,69,9,5.4,8.5,1.0,69,10,0,29.18,,0,0,0,40.5,42.1,43.8,0.40,0.37,0.29
WEST,2015-12-02 03:00:00 EST,43.10647,-75.46146,655,39.6,39.7,34.8,97.3,38.9,0.003,0.186,0.00,0.103,6.8,9.8,1.4,85,9,7.7,11.2,1.6,86,8,6.8,9.8,1.4,85,9,0,29.18,,0,0,0,40.5,42.1,43.8,0.40,0.37,0.29
WEST,2015-12-02 03:05:00 EST,43.10647,-75.46146,655,39.5,39.6,34.5,97.3,38.8,0.000,0.186,0.00,0.101,7.0,9.9,1.5,86,11,7.9,11.2,1.6,87,9,7.0,9.9,1.5,86,11,0,29.18,,0,0,0,40.5,42.1,43.8,0.40,0.37,0.29
WEST,2015-12-02 03:10:00 EST,43.10647,-75.46146,655,39.4,39.5,34.7,97.3,38.7,0.001,0.187,0.00,0.088,6.6,9.1,1.3,87,11,7.5,10.5,1.4,85,8,6.6,9.1,1.3,87,11,0,29.18,,0,0,0,40.5,42.1,43.8,0.39,0.37,0.29
WEST,2015-12-02 03:15:00 EST,43.10647,-75.46146,655,39.4,39.4,36.0,97.3,38.7,0.006,0.193,0.00,0.084,4.6,7.9,1.5,103,17,5.4,9.2,1.7,99,13,4.6,7.9,1.5,103,17,0,29.17,,0,0,0,40.6,42.1,43.8,0.39,0.37,0.30
WEST,2015-12-02 03:20:00 EST,43.10647,-75.46146,655,39.3,39.4,33.8,97.4,38.6,0.004,0.197,0.00,0.082,7.9,11.2,1.5,96,10,9.1,13.4,1.8,96,8,7.9,11.2,1.5,96,10,0,29.17,,0,0,0,40.5,42.1,43.8,0.39,0.37,0.31
WEST,2015-12-02 03:25:00 EST,43.10647,-75.46146,655,39.3,39.3,34.5,97.5,38.6,0.007,0.204,0.00,0.076,6.6,9.1,1.3,102,10,7.7,10.7,1.6,100,8,6.6,9.1,1.3,102,10,0,29.17,,0,0,0,40.6,42.0,43.8,0.39,0.37,0.31
WEST,2015-12-02 03:30:00 EST,43.10647,-75.46146,655,39.3,39.3,33.9,97.5,38.6,0.016,0.220,0.29,0.089,7.6,11.4,1.8,97,11,8.7,13.4,2.1,95,8,7.6,11.4,1.8,97,11,0,29.16,,0,0,0,40.6,42.1,43.8,0.39,0.37,0.31
WEST,2015-12-02 03:35:00 EST,43.10647,-75.46146,655,39.3,39.3,34.3,97.6,38.6,0.005,0.225,0.00,0.076,6.9,10.9,1.7,102,11,8.2,13.4,2.1,100,8,6.9,10.9,1.7,102,11,0,29.16,,0,0,0,40.6,42.1,43.7,0.40,0.37,0.32
WEST,2015-12-02 03:40:00 EST,43.10647,-75.46146,655,39.3,39.3,34.7,97.6,38.6,0.004,0.229,0.00,0.059,6.3,10.0,1.6,96,13,7.3,11.9,1.9,94,9,6.3,10.0,1.6,96,13,0,29.16,,0,0,0,40.6,42.1,43.7,0.40,0.37,0.32
WEST,2015-12-02 03:45:00 EST,43.10647,-75.46146,655,39.3,39.3,34.7,97.6,38.6,0.004,0.233,0.00,0.056,6.2,9.4,1.1,104,13,7.2,11.4,1.4,101,11,6.2,9.4,1.1,104,13,0,29.16,,0,0,0,40.6,42.1,43.7,0.40,0.37,0.32
WEST,2015-12-02 03:50:00 EST,43.10647,-75.46146,655,39.3,39.4,35.0,97.6,38.7,0.004,0.236,0.00,0.054,5.8,9.6,1.7,112,16,6.6,11.4,2.1,109,12,5.8,9.6,1.7,112,16,0,29.16,,0,0,0,40.6,42.0,43.7,0.40,0.37,0.32
WEST,2015-12-02 03:55:00 EST,43.10647,-75.46146,655,39.3,39.4,35.4,97.7,38.7,0.001,0.237,0.00,0.054,5.4,8.2,1.3,104,12,6.2,9.6,1.6,102,10,5.4,8.2,1.3,104,12,0,29.16,,0,0,0,40.6,42.1,43.7,0.40,0.37,0.32
WEST,2015-12-02 04:00:00 EST,43.10647,-75.46146,655,39.3,39.4,35.3,97.7,38.7,0.000,0.237,0.00,0.051,5.5,9.1,1.4,102,13,6.3,11.0,1.6,100,11,5.5,9.1,1.4,102,13,0,29.16,,0,0,0,40.6,42.1,43.7,0.39,0.37,0.33
WEST,2015-12-02 04:05:00 EST,43.10647,-75.46146,655,39.3,39.4,36.9,97.7,38.7,0.000,0.237,0.00,0.051,3.6,7.4,2.0,106,23,4.3,8.9,2.3,103,21,3.6,7.4,2.0,106,23,0,29.16,,0,0,0,40.6,42.1,43.7,0.39,0.37,0.33
WEST,2015-12-02 04:10:00 EST,43.10647,-75.46146,655,39.3,39.4,37.0,97.7,38.7,0.000,0.237,0.00,0.050,3.5,7.4,1.6,100,17,4.0,8.3,1.8,96,18,3.5,7.4,1.6,100,17,0,29.16,,0,0,0,40.6,42.1,43.7,0.39,0.37,0.33
WEST,2015-12-02 04:15:00 EST,43.10647,-75.46146,655,39.3,39.4,36.3,97.7,38.7,0.000,0.237,0.00,0.044,4.3,7.2,1.5,97,14,5.0,8.3,1.7,96,12,4.3,7.2,1.5,97,14,0,29.16,,0,0,0,40.6,42.1,43.7,0.38,0.37,0.33
WEST,2015-12-02 04:20:00 EST,43.10647,-75.46146,655,39.3,39.4,39.3,97.7,38.7,0.000,0.237,0.00,0.040,2.7,5.3,1.3,107,21,3.4,6.7,1.4,104,19,2.7,5.3,1.3,107,21,0,29.16,,0,0,0,40.6,42.1,43.7,0.39,0.37,0.33
WEST,2015-12-02 04:25:00 EST,43.10647,-75.46146,655,39.3,39.3,36.9,97.7,38.7,0.000,0.237,0.00,0.034,3.6,5.7,1.0,99,14,4.2,6.9,1.3,98,13,3.6,5.7,1.0,99,14,0,29.16,,0,0,0,40.6,42.0,43.6,0.39,0.37,0.34
WEST,2015-12-02 04:30:00 EST,43.10647,-75.46146,655,39.3,39.3,37.5,97.7,38.7,0.005,0.242,0.00,0.022,3.0,5.9,1.4,111,19,3.6,6.9,1.6,108,16,3.0,5.9,1.4,111,19,0,29.15,,0,0,0,40.7,42.1,43.6,0.39,0.37,0.34
WEST,2015-12-02 04:35:00 EST,43.10647,-75.46146,655,39.3,39.3,37.2,97.7,38.7,0.005,0.247,0.00,0.022,3.3,7.4,1.5,103,18,3.9,8.9,1.7,105,18,3.3,7.4,1.5,103,18,0,29.15,,0,0,0,40.6,42.1,43.6,0.39,0.37,0.34
WEST,2015-12-02 04:40:00 EST,43.10647,-75.46146,655,39.3,39.4,36.0,97.7,38.7,0.005,0.252,0.00,0.023,4.6,7.0,1.2,100,12,5.3,8.7,1.5,100,10,4.6,7.0,1.2,100,12,0,29.15,,0,0,0,40.7,42.1,43.6,0.39,0.37,0.34
WEST,2015-12-02 04:45:00 EST,43.10647,-75.46146,655,39.3,39.4,35.5,97.8,38.8,0.004,0.255,0.00,0.023,5.3,8.5,1.6,98,14,6.1,9.8,1.8,96,13,5.3,8.5,1.6,98,14,0,29.15,,0,0,0,40.7,42.1,43.6,0.39,0.37,0.34
WEST,2015-12-02 04:50:00 EST,43.10647,-75.46146,655,39.4,39.5,35.6,97.8,38.8,0.003,0.258,0.00,0.022,5.2,8.3,1.3,102,12,6.1,9.4,1.5,98,11,5.2,8.3,1.3,102,12,0,29.15,,0,0,0,40.7,42.1,43.6,0.39,0.37,0.34
WEST,2015-12-02 04:55:00 EST,43.10647,-75.46146,655,39.4,39.5,37.0,97.8,38.8,0.004,0.262,0.00,0.025,3.7,5.9,1.1,106,15,4.3,7.2,1.4,102,14,3.7,5.9,1.1,106,15,0,29.15,,0,0,0,40.7,42.1,43.7,0.39,0.37,0.34
WEST,2015-12-02 05:00:00 EST,43.10647,-75.46146,655,39.4,39.5,39.4,97.8,38.9,0.010,0.272,0.00,0.035,2.8,4.3,0.7,118,18,3.5,5.6,0.8,117,18,2.8,4.3,0.7,118,18,0,29.15,,0,0,0,40.7,42.1,43.6,0.39,0.37,0.34
WEST,2015-12-02 05:05:00 EST,43.10647,-75.46146,655,39.5,39.6,36.8,97.8,38.9,0.005,0.277,0.00,0.040,3.9,6.1,0.9,115,14,4.5,7.4,1.1,112,14,3.9,6.1,0.9,115,14,0,29.15,,0,0,0,40.7,42.1,43.6,0.39,0.37,0.34
WEST,2015-12-02 05:10:00 EST,43.10647,-75.46146,655,39.5,39.6,37.3,97.9,39.0,0.006,0.283,0.00,0.046,3.4,5.0,0.8,116,14,3.8,6.3,1.0,112,13,3.4,5.0,0.8,116,14,0,29.15,,0,0,0,40.7,42.1,43.7,0.39,0.37,0.34
WEST,2015-12-02 05:15:00 EST,43.10647,-75.46146,655,39.5,39.6,37.0,97.9,39.0,0.010,0.293,0.00,0.055,3.7,6.4,0.8,113,16,4.3,7.6,1.1,109,14,3.7,6.4,0.8,113,16,0,29.15,,0,0,0,40.7,42.1,43.7,0.39,0.37,0.34
WEST,2015-12-02 05:20:00 EST,43.10647,-75.46146,655,39.6,39.6,37.3,97.9,39.0,0.007,0.300,0.00,0.063,3.5,6.1,0.9,105,17,4.1,7.4,1.1,102,15,3.5,6.1,0.9,105,17,0,29.15,,0,0,0,40.7,42.1,43.6,0.39,0.37,0.34
WEST,2015-12-02 05:25:00 EST,43.10647,-75.46146,655,39.6,39.7,36.8,97.9,39.1,0.002,0.302,0.00,0.064,4.1,7.2,1.2,103,14,4.8,8.7,1.4,100,12,4.1,7.2,1.2,103,14,0,29.15,,0,0,0,40.7,42.1,43.6,0.39,0.37,0.34
WEST,2015-12-02 05:30:00 EST,43.10647,-75.46146,655,39.6,39.7,37.8,97.9,39.1,0.000,0.302,0.00,0.060,3.1,5.8,1.3,108,17,3.6,6.9,1.5,105,16,3.1,5.8,1.3,108,17,0,29.15,,0,0,0,40.7,42.1,43.6,0.40,0.37,0.34
WEST,2015-12-02 05:35:00 EST,43.10647,-75.46146,655,39.6,39.7,36.9,97.9,39.0,0.000,0.302,0.00,0.055,3.9,6.2,1.2,106,15,4.6,7.4,1.5,102,15,3.9,6.2,1.2,106,15,0,29.15,,0,0,0,40.7,42.1,43.6,0.39,0.37,0.34
WEST,2015-12-02 05:40:00 EST,43.10647,-75.46146,655,39.6,39.7,36.3,97.9,39.0,0.000,0.302,0.00,0.050,4.6,7.2,1.0,102,12,5.5,8.7,1.2,100,11,4.6,7.2,1.0,102,12,0,29.15,,0,0,0,40.7,42.1,43.6,0.39,0.37,0.34
WEST,2015-12-02 05:45:00 EST,43.10647,-75.46146,655,39.6,39.7,36.4,97.9,39.1,0.004,0.305,0.00,0.050,4.6,6.5,1.1,107,15,5.2,7.8,1.4,104,13,4.6,6.5,1.1,107,15,0,29.15,,0,0,0,40.7,42.1,43.6,0.39,0.37,0.34
WEST,2015-12-02 05:50:00 EST,43.10647,-75.46146,655,39.6,39.7,37.7,97.9,39.1,0.002,0.307,0.00,0.049,3.2,5.6,0.8,114,15,3.7,6.5,1.1,112,14,3.2,5.6,0.8,114,15,0,29.15,,0,0,0,40.8,42.1,43.6,0.39,0.37,0.34
WEST,2015-12-02 05:55:00 EST,43.10647,-75.46146,655,39.6,39.7,37.6,97.9,39.1,0.001,0.308,0.00,0.046,3.3,5.5,0.8,109,15,3.9,5.8,0.9,107,15,3.3,5.5,0.8,109,15,0,29.16,,0,0,0,40.8,42.1,43.6,0.39,0.37,0.34
WEST,2015-12-02 06:00:00 EST,43.10647,-75.46146,655,39.6,39.7,36.8,97.9,39.1,0.000,0.308,0.00,0.036,4.1,5.7,0.8,98,11,4.8,7.4,1.1,95,9,4.1,5.7,0.8,98,11,0,29.15,,0,0,0,40.8,42.1,43.6,0.39,0.37,0.34
WEST,2015-12-02 06:05:00 EST,43.10647,-75.46146,655,39.7,39.7,37.3,97.9,39.1,0.000,0.308,0.00,0.031,3.6,6.2,1.0,112,14,4.2,7.8,1.2,109,14,3.6,6.2,1.0,112,14,0,29.15,,0,0,0,40.8,42.1,43.6,0.39,0.37,0.34
WEST,2015-12-02 06:10:00 EST,43.10647,-75.46146,655,39.7,39.8,37.2,97.9,39.1,0.000,0.308,0.00,0.025,3.8,6.5,1.0,105,14,4.3,7.8,1.3,103,13,3.8,6.5,1.0,105,14,0,29.15,,0,0,0,40.8,42.2,43.6,0.39,0.37,0.34
WEST,2015-12-02 06:15:00 EST,43.10647,-75.46146,655,39.7,39.7,36.9,98.0,39.2,0.002,0.310,0.00,0.017,4.1,6.4,0.7,97,15,4.7,7.4,1.0,94,14,4.1,6.4,0.7,97,15,0,29.15,,0,0,0,40.8,42.2,43.6,0.39,0.37,0.34
WEST,2015-12-02 06:20:00 EST,43.10647,-75.46146,655,39.7,39.7,37.8,97.9,39.1,0.007,0.317,0.00,0.017,3.1,5.2,0.8,110,14,3.7,6.7,1.0,107,14,3.1,5.2,0.8,110,14,0,29.15,,0,0,0,40.8,42.1,43.6,0.39,0.37,0.34
WEST,2015-12-02 06:25:00 EST,43.10647,-75.46146,655,39.7,39.7,36.5,98.0,39.1,0.002,0.319,0.00,0.018,4.5,8.4,1.2,105,13,5.2,9.8,1.5,102,11,4.5,8.4,1.2,105,13,0,29.15,,0,0,0,40.8,42.1,43.6,0.39,0.37,0.34
WEST,2015-12-02 06:30:00 EST,43.10647,-75.46146,655,39.6,39.7,36.7,98.0,39.1,0.002,0.321,0.00,0.019,4.3,8.2,1.2,103,11,5.0,9.4,1.4,100,10,4.3,8.2,1.2,103,11,0,29.14,,0,0,0,40.9,42.1,43.6,0.39,0.37,0.34
WEST,2015-12-02 06:35:00 EST,43.10647,-75.46146,655,39.6,39.7,36.8,98.0,39.1,0.001,0.322,0.00,0.020,4.1,7.5,1.2,104,15,4.7,9.2,1.4,101,13,4.1,7.5,1.2,104,15,0,29.14,,0,0,0,40.8,42.2,43.6,0.39,0.37,0.34
WEST,2015-12-02 06:40:00 EST,43.10647,-75.46146,655,39.6,39.7,39.6,98.0,39.1,0.000,0.322,0.00,0.020,2.9,5.6,1.0,142,22,3.1,6.7,1.1,135,21,2.9,5.6,1.0,142,22,0,29.15,,0,0,0,40.9,42.2,43.6,0.39,0.37,0.34
WEST,2015-12-02 06:45:00 EST,43.10647,-75.46146,655,39.6,39.7,36.6,98.0,39.1,0.000,0.322,0.00,0.017,4.3,6.7,1.0,108,13,4.9,8.1,1.3,104,11,4.3,6.7,1.0,108,13,0,29.15,,0,0,0,40.9,42.2,43.6,0.39,0.37,0.34
WEST,2015-12-02 06:50:00 EST,43.10647,-75.46146,655,39.6,39.7,37.3,98.0,39.1,0.000,0.322,0.00,0.015,3.6,6.0,1.1,110,15,4.2,7.2,1.3,107,13,3.6,6.0,1.1,110,15,0,29.15,,0,0,0,40.9,42.2,43.6,0.39,0.37,0.34
WEST,2015-12-02 06:55:00 EST,43.10647,-75.46146,655,39.7,39.7,39.7,98.0,39.2,0.000,0.322,0.00,0.014,2.8,5.0,1.2,109,14,3.4,6.7,1.3,106,15,2.8,5.0,1.2,109,14,0,29.15,,0,0,0,40.9,42.2,43.6,0.39,0.37,0.34
WEST,2015-12-02 07:00:00 EST,43.10647,-75.46146,655,39.8,39.8,39.8,98.0,39.2,0.000,0.322,0.00,0.014,2.9,5.0,1.1,109,13,3.5,6.3,1.3,106,12,2.9,5.0,1.1,109,13,0,29.15,,0,0,0,40.9,42.2,43.6,0.39,0.37,0.34
WEST,2015-12-02 07:05:00 EST,43.10647,-75.46146,655,39.8,39.8,37.3,98.1,39.3,0.000,0.322,0.00,0.014,3.7,6.3,1.0,112,11,4.3,7.4,1.2,108,10,3.7,6.3,1.0,112,11,0,29.15,,0,0,0,40.9,42.2,43.6,0.39,0.37,0.34
WEST,2015-12-02 07:10:00 EST,43.10647,-75.46146,655,39.8,39.9,37.7,98.1,39.3,0.000,0.322,0.00,0.014,3.4,5.1,0.7,106,12,4.1,6.7,1.0,103,11,3.4,5.1,0.7,106,12,0,29.15,,0,0,0,40.9,42.2,43.6,0.39,0.37,0.34
WEST,2015-12-02 07:15:00 EST,43.10647,-75.46146,655,39.9,39.9,38.2,98.0,39.3,0.000,0.322,0.00,0.012,3.0,4.8,0.8,118,12,3.5,5.6,1.0,114,12,3.0,4.8,0.8,118,12,0,29.16,,0,0,0,40.9,42.2,43.6,0.39,0.37,0.34
WEST,2015-12-02 07:20:00 EST,43.10647,-75.46146,655,39.9,40.0,39.9,98.0,39.4,0.000,0.322,0.00,0.005,2.4,3.9,0.5,110,15,2.8,4.7,0.7,107,14,2.4,3.9,0.5,110,15,0,29.16,,0,0,0,41.0,42.2,43.6,0.39,0.37,0.34
WEST,2015-12-02 07:25:00 EST,43.10647,-75.46146,655,39.9,40.0,37.5,98.0,39.4,0.000,0.322,0.00,0.003,3.7,5.9,1.0,105,15,4.3,7.4,1.2,103,14,3.7,5.9,1.0,105,15,1,29.16,,0,0,0,40.9,42.2,43.6,0.39,0.37,0.34
WEST,2015-12-02 07:30:00 EST,43.10647,-75.46146,655,40.0,40.0,37.8,98.0,39.4,0.000,0.322,0.00,0.001,3.5,6.5,0.9,104,13,4.2,8.1,1.2,102,12,3.5,6.5,0.9,104,13,1,29.15,,0,0,0,41.0,42.2,43.6,0.38,0.37,0.34
WEST,2015-12-02 07:35:00 EST,43.10647,-75.46146,655,40.0,40.0,37.3,97.9,39.4,0.000,0.322,0.00,0.000,4.0,6.4,1.2,104,12,4.7,7.8,1.4,102,10,4.0,6.4,1.2,104,12,2,29.15,,0,0,0,41.0,42.2,43.6,0.38,0.37,0.34
WEST,2015-12-02 07:40:00 EST,43.10647,-75.46146,655,40.0,40.0,40.0,97.9,39.4,0.000,0.322,0.00,0.000,2.4,4.2,1.0,101,17,2.9,5.1,1.1,100,17,2.4,4.2,1.0,101,17,2,29.15,,0,0,0,41.0,42.2,43.6,0.38,0.37,0.34
WEST,2015-12-02 07:45:00 EST,43.10647,-75.46146,655,40.0,40.1,40.0,97.9,39.5,0.000,0.322,0.00,0.000,3.0,4.8,0.8,89,13,3.7,6.0,1.1,89,13,3.0,4.8,0.8,89,13,3,29.15,,0,0,0,41.0,42.2,43.6,0.38,0.37,0.34
WEST,2015-12-02 07:50:00 EST,43.10647,-75.46146,655,40.1,40.1,38.1,97.9,39.5,0.000,0.322,0.00,0.000,3.3,4.7,0.8,101,11,3.9,5.6,1.0,99,11,3.3,4.7,0.8,101,11,4,29.15,,0,0,0,41.0,42.2,43.6,0.38,0.37,0.34
WEST,2015-12-02 07:55:00 EST,43.10647,-75.46146,655,40.1,40.1,37.8,97.8,39.5,0.000,0.322,0.00,0.000,3.6,5.3,0.8,100,13,4.2,6.5,1.1,98,12,3.6,5.3,0.8,100,13,5,29.14,,0,0,0,41.0,42.2,43.6,0.38,0.37,0.34
WEST,2015-12-02 08:00:00 EST,43.10647,-75.46146,655,40.1,40.2,40.1,97.8,39.5,0.000,0.322,0.00,0.000,2.5,4.3,0.7,98,17,3.0,5.4,0.9,96,17,2.5,4.3,0.7,98,17,5,29.15,,0,0,0,41.0,42.3,43.6,0.38,0.37,0.34
WEST,2015-12-02 08:05:00 EST,43.10647,-75.46146,655,40.1,40.2,40.1,97.8,39.6,0.000,0.322,0.00,0.000,2.8,5.9,1.0,91,21,3.3,6.0,1.1,90,18,2.8,5.9,1.0,91,21,4,29.15,,0,0,0,41.0,42.3,43.6,0.38,0.37,0.34
WEST,2015-12-02 08:10:00 EST,43.10647,-75.46146,655,40.1,40.2,40.1,97.8,39.6,0.000,0.322,0.00,0.000,2.1,4.8,1.2,99,14,2.8,6.7,1.3,96,15,2.1,4.8,1.2,99,14,5,29.16,,0,0,0,41.0,42.3,43.6,0.38,0.37,0.34
WEST,2015-12-02 08:15:00 EST,43.10647,-75.46146,655,40.2,40.2,40.2,97.8,39.6,0.003,0.325,0.00,0.003,2.8,4.0,0.5,101,13,3.3,5.1,0.7,98,13,2.8,4.0,0.5,101,13,6,29.16,,0,0,0,41.0,42.3,43.6,0.38,0.37,0.34
WEST,2015-12-02 08:20:00 EST,43.10647,-75.46146,655,40.3,40.3,40.3,97.8,39.7,0.001,0.326,0.00,0.004,2.0,3.4,0.6,102,15,2.5,4.5,0.7,100,15,2.0,3.4,0.6,102,15,7,29.16,,0,0,0,41.1,42.3,43.6,0.38,0.37,0.34
WEST,2015-12-02 08:25:00 EST,43.10647,-75.46146,655,40.3,40.4,40.3,97.8,39.7,0.001,0.327,0.00,0.005,2.0,2.9,0.5,90,11,2.5,3.8,0.6,87,13,2.0,2.9,0.5,90,11,8,29.17,,0,0,0,41.1,42.3,43.6,0.38,0.37,0.34
WEST,2015-12-02 08:30:00 EST,43.10647,-75.46146,655,40.4,40.5,40.4,97.7,39.8,0.000,0.327,0.00,0.005,1.2,2.3,0.5,85,1,1.8,2.7,0.5,79,13,1.2,2.3,0.5,85,1,8,29.17,,0,0,0,41.1,42.3,43.6,0.38,0.37,0.34
WEST,2015-12-02 08:35:00 EST,43.10647,-75.46146,655,40.5,40.5,40.5,97.7,40.0,0.000,0.327,0.00,0.005,1.9,2.7,0.4,94,9,2.3,3.1,0.4,92,9,1.9,2.7,0.4,94,9,7,29.17,,0,0,0,41.1,42.3,43.6,0.38,0.37,0.34
WEST,2015-12-02 08:40:00 EST,43.10647,-75.46146,655,40.6,40.6,40.6,97.7,40.0,0.000,0.327,0.00,0.005,1.9,4.7,1.4,65,10,2.5,5.8,1.3,65,11,1.9,4.7,1.4,65,10,6,29.17,,0,0,0,41.1,42.3,43.6,0.38,0.37,0.34
WEST,2015-12-02 08:45:00 EST,43.10647,-75.46146,655,40.6,40.5,38.5,97.7,39.9,0.004,0.331,0.00,0.009,3.4,5.3,1.1,83,12,4.0,6.7,1.3,83,12,3.4,5.3,1.1,83,12,9,29.16,,0,0,0,41.1,42.3,43.6,0.38,0.36,0.34
WEST,2015-12-02 08:50:00 EST,43.10647,-75.46146,655,40.6,40.6,40.6,97.7,40.0,0.003,0.333,0.00,0.011,1.1,2.5,0.8,120,10,1.6,3.1,0.7,116,18,1.1,2.5,0.8,120,10,10,29.16,,0,0,0,41.1,42.3,43.6,0.38,0.36,0.34
WEST,2015-12-02 08:55:00 EST,43.10647,-75.46146,655,40.6,40.7,40.6,97.7,40.0,0.000,0.333,0.00,0.011,2.6,4.0,0.5,114,9,3.1,4.9,0.6,112,10,2.6,4.0,0.5,114,9,11,29.16,,0,0,0,41.2,42.3,43.6,0.38,0.36,0.34
WEST,2015-12-02 09:00:00 EST,43.10647,-75.46146,655,40.7,40.7,40.7,97.6,40.1,0.000,0.333,0.00,0.011,2.3,3.5,0.7,120,16,2.6,4.7,0.9,117,15,2.3,3.5,0.7,120,16,10,29.16,,0,0,0,41.2,42.3,43.6,0.38,0.37,0.34
WEST,2015-12-02 09:05:00 EST,43.10647,-75.46146,655,40.8,40.7,40.8,97.7,40.2,0.000,0.333,0.00,0.011,2.4,3.5,0.4,116,9,2.9,4.3,0.6,114,10,2.4,3.5,0.4,116,9,12,29.16,,0,0,0,41.2,42.3,43.6,0.38,0.36,0.34
WEST,2015-12-02 09:10:00 EST,43.10647,-75.46146,655,40.8,40.8,40.8,97.7,40.2,0.000,0.333,0.00,0.011,1.9,3.3,0.6,135,23,2.2,4.3,0.7,131,25,1.9,3.3,0.6,135,23,12,29.16,,0,0,0,41.3,42.3,43.6,0.38,0.36,0.34
WEST,2015-12-02 09:15:00 EST,43.10647,-75.46146,655,40.7,40.7,40.7,97.7,40.1,0.000,0.333,0.00,0.008,1.6,2.6,0.5,157,13,1.8,2.9,0.4,151,15,1.6,2.6,0.5,157,13,12,29.17,,0,0,0,41.2,42.4,43.7,0.38,0.36,0.34
WEST,2015-12-02 09:20:00 EST,43.10647,-75.46146,655,40.7,40.7,40.7,97.7,40.1,0.000,0.333,0.00,0.008,2.2,2.9,0.6,110,11,2.6,3.8,0.7,108,11,2.2,2.9,0.6,110,11,14,29.16,,0,0,0,41.3,42.3,43.6,0.38,0.36,0.34
WEST,2015-12-02 09:25:00 EST,43.10647,-75.46146,655,40.8,40.8,40.8,97.7,40.2,0.003,0.336,0.00,0.010,0.6,2.2,0.8,122,6,1.1,2.5,0.6,142,39,0.6,2.2,0.8,122,6,14,29.17,,0,0,0,41.3,42.3,43.6,0.38,0.36,0.34
WEST,2015-12-02 09:30:00 EST,43.10647,-75.46146,655,40.9,40.9,40.9,97.7,40.3,0.002,0.338,0.00,0.011,0.4,1.4,0.5,292,50,0.8,2.0,0.4,296,47,0.4,1.4,0.5,292,50,13,29.17,,0,0,0,41.3,42.4,43.6,0.38,0.36,0.34
WEST,2015-12-02 09:35:00 EST,43.10647,-75.46146,655,41.0,41.0,41.0,97.7,40.4,0.001,0.339,0.00,0.012,0.4,1.5,0.4,271,62,1.0,1.8,0.4,147,27,0.4,1.5,0.4,271,62,17,29.17,,0,0,0,41.3,42.4,43.6,0.38,0.36,0.34
WEST,2015-12-02 09:40:00 EST,43.10647,-75.46146,655,41.0,41.0,41.0,97.8,40.4,0.002,0.341,0.00,0.014,1.5,2.4,0.3,125,11,1.8,2.2,0.2,121,10,1.5,2.4,0.3,125,11,20,29.16,,0,0,0,41.3,42.4,43.7,0.38,0.36,0.34
WEST,2015-12-02 09:45:00 EST,43.10647,-75.46146,655,41.2,41.1,41.2,97.9,40.6,0.002,0.343,0.00,0.012,1.8,2.4,0.2,154,5,2.1,2.9,0.3,145,6,1.8,2.4,0.2,154,5,20,29.16,,0,0,0,41.4,42.4,43.6,0.38,0.36,0.34
WEST,2015-12-02 09:50:00 EST,43.10647,-75.46146,655,41.2,41.2,41.2,97.8,40.6,0.001,0.343,0.00,0.010,1.2,1.6,0.3,157,0,1.4,2.0,0.3,143,8,1.2,1.6,0.3,157,0,23,29.16,,0,0,0,41.3,42.4,43.7,0.38,0.36,0.34
WEST,2015-12-02 09:55:00 EST,43.10647,-75.46146,655,41.4,41.3,41.4,97.9,40.8,0.000,0.343,0.00,0.010,1.4,1.7,0.2,157,0,1.7,2.2,0.2,152,8,1.4,1.7,0.2,157,0,28,29.16,,0,0,0,41.4,42.4,43.7,0.38,0.36,0.34
WEST,2015-12-02 10:00:00 EST,43.10647,-75.46146,655,41.4,41.3,41.4,97.9,40.8,0.002,0.345,0.00,0.012,0.5,1.5,0.6,157,0,0.9,1.8,0.5,135,26,0.5,1.5,0.6,157,0,32,29.16,,0,0,0,41.4,42.4,43.6,0.38,0.36,0.34
WEST,2015-12-02 10:05:00 EST,43.10647,-75.46146,655,41.5,41.5,41.5,97.9,40.9,0.001,0.346,0.00,0.013,0.0,0.0,0.0,0,0,0.4,1.6,0.2,171,51,0.0,0.0,0.0,0,0,36,29.16,,0,0,0,41.4,42.4,43.6,0.38,0.36,0.34
WEST,2015-12-02 10:10:00 EST,43.10647,-75.46146,655,41.8,41.8,41.8,98.0,41.2,0.000,0.346,0.00,0.013,0.0,0.0,0.0,0,0,0.4,1.1,0.3,135,74,0.0,0.0,0.0,0,0,35,29.16,,0,0,0,41.5,42.4,43.7,0.38,0.36,0.34
WEST,2015-12-02 10:15:00 EST,43.10647,-75.46146,655,41.9,42.0,41.9,98.0,41.4,0.000,0.346,0.00,0.013,0.0,0.0,0.0,0,0,0.5,1.1,0.2,110,42,0.0,0.0,0.0,0,0,37,29.16,,0,0,0,41.5,42.4,43.7,0.38,0.36,0.34
WEST,2015-12-02 10:20:00 EST,43.10647,-75.46146,655,42.2,42.2,42.2,98.0,41.7,0.000,0.346,0.00,0.013,0.1,1.7,0.4,255,0,0.9,2.0,0.5,244,30,0.1,1.7,0.4,255,0,26,29.16,,0,0,0,41.5,42.4,43.7,0.38,0.36,0.34
WEST,2015-12-02 10:25:00 EST,43.10647,-75.46146,655,42.5,42.5,42.5,98.1,42.0,0.000,0.346,0.00,0.010,1.0,1.7,0.5,220,16,1.2,2.2,0.4,211,18,1.0,1.7,0.5,220,16,25,29.16,,0,0,0,41.6,42.4,43.7,0.38,0.36,0.34
WEST,2015-12-02 10:30:00 EST,43.10647,-75.46146,655,42.7,42.9,42.7,98.1,42.2,0.000,0.346,0.00,0.008,0.7,1.8,0.5,227,1,0.9,1.6,0.4,217,28,0.7,1.8,0.5,227,1,24,29.16,,0,0,0,41.6,42.4,43.7,0.38,0.36,0.34
WEST,2015-12-02 10:35:00 EST,43.10647,-75.46146,655,42.8,42.9,42.8,98.1,42.3,0.002,0.348,0.00,0.009,0.0,0.0,0.0,0,0,1.1,1.8,0.3,148,19,0.0,0.0,0.0,0,0,25,29.16,,0,0,0,41.6,42.4,43.7,0.38,0.36,0.34
WEST,2015-12-02 10:40:00 EST,43.10647,-75.46146,655,43.0,43.2,43.0,98.1,42.5,0.000,0.348,0.00,0.007,0.6,1.5,0.3,164,11,1.1,2.0,0.2,146,17,0.6,1.5,0.3,164,11,25,29.15,,0,0,0,41.7,42.4,43.7,0.38,0.36,0.34
WEST,2015-12-02 10:45:00 EST,43.10647,-75.46146,655,43.2,43.3,43.2,98.2,42.7,0.000,0.348,0.00,0.006,0.8,2.1,0.5,131,16,1.4,2.5,0.4,121,13,0.8,2.1,0.5,131,16,26,29.14,,0,0,0,41.7,42.4,43.7,0.38,0.36,0.34
WEST,2015-12-02 10:50:00 EST,43.10647,-75.46146,655,43.4,43.4,43.4,98.2,42.9,0.000,0.348,0.00,0.005,1.7,2.3,0.3,131,6,1.9,2.5,0.3,127,7,1.7,2.3,0.3,131,6,25,29.14,,0,0,0,41.8,42.4,43.7,0.38,0.36,0.34
WEST,2015-12-02 10:55:00 EST,43.10647,-75.46146,655,43.2,43.2,43.2,98.2,42.8,0.000,0.348,0.00,0.005,1.8,2.3,0.4,128,3,2.0,2.9,0.3,122,6,1.8,2.3,0.4,128,3,27,29.14,,0,0,0,41.8,42.4,43.7,0.38,0.36,0.34
WEST,2015-12-02 11:00:00 EST,43.10647,-75.46146,655,43.4,43.4,43.4,98.2,42.9,0.000,0.348,0.00,0.003,1.3,1.8,0.2,133,5,1.5,2.2,0.2,134,9,1.3,1.8,0.2,133,5,30,29.13,,0,0,0,41.8,42.4,43.7,0.38,0.36,0.34
WEST,2015-12-02 11:05:00 EST,43.10647,-75.46146,655,43.6,43.6,43.6,98.2,43.2,0.002,0.351,0.00,0.004,1.9,2.3,0.3,155,6,2.2,2.7,0.3,150,8,1.9,2.3,0.3,155,6,32,29.13,,0,0,0,41.8,42.4,43.7,0.38,0.36,0.34
WEST,2015-12-02 11:10:00 EST,43.10647,-75.46146,655,43.7,43.7,43.7,98.3,43.3,0.001,0.351,0.00,0.005,2.0,2.3,0.2,174,4,2.4,2.9,0.3,173,6,2.0,2.3,0.2,174,4,35,29.13,,0,0,0,41.9,42.4,43.7,0.38,0.36,0.34
WEST,2015-12-02 11:15:00 EST,43.10647,-75.46146,655,43.9,43.9,43.9,98.3,43.4,0.000,0.351,0.00,0.005,2.1,2.7,0.3,186,1,2.5,3.1,0.3,181,6,2.1,2.7,0.3,186,1,39,29.13,,0,0,0,41.9,42.4,43.7,0.38,0.36,0.34
WEST,2015-12-02 11:20:00 EST,43.10647,-75.46146,655,44.2,44.1,44.2,98.3,43.7,0.000,0.351,0.00,0.005,1.4,2.6,0.6,185,8,1.8,3.1,0.7,174,14,1.4,2.6,0.6,185,8,40,29.12,,0,0,0,42.0,42.4,43.7,0.38,0.36,0.34
WEST,2015-12-02 11:25:00 EST,43.10647,-75.46146,655,44.3,44.2,44.3,98.3,43.8,0.000,0.351,0.00,0.005,0.5,1.7,0.5,195,4,1.0,2.0,0.4,187,19,0.5,1.7,0.5,195,4,38,29.11,,0,0,0,42.0,42.4,43.7,0.38,0.36,0.34
WEST,2015-12-02 11:30:00 EST,43.10647,-75.46146,655,44.3,44.4,44.3,98.3,43.9,0.000,0.351,0.00,0.005,0.7,2.1,0.6,229,18,1.2,2.5,0.5,217,22,0.7,2.1,0.6,229,18,41,29.11,,0,0,0,42.0,42.4,43.7,0.38,0.36,0.34
WEST,2015-12-02 11:35:00 EST,43.10647,-75.46146,655,44.5,44.4,44.5,98.3,44.1,0.000,0.351,0.00,0.003,1.0,2.4,0.7,217,11,1.6,2.7,0.5,198,16,1.0,2.4,0.7,217,11,39,29.11,,0,0,0,42.1,42.4,43.7,0.38,0.36,0.34
WEST,2015-12-02 11:40:00 EST,43.10647,-75.46146,655,44.6,44.5,44.6,98.3,44.1,0.000,0.351,0.00,0.003,2.3,3.5,0.7,241,11,2.4,3.8,0.8,237,13,2.3,3.5,0.7,241,11,34,29.11,,0,0,0,42.1,42.4,43.7,0.38,0.36,0.34
WEST,2015-12-02 11:45:00 EST,43.10647,-75.46146,655,44.6,44.6,44.6,98.2,44.2,0.003,0.355,0.00,0.006,2.8,3.7,0.5,266,9,3.1,4.9,0.6,264,9,2.8,3.7,0.5,266,9,34,29.11,,0,0,0,42.1,42.4,43.8,0.38,0.36,0.34
WEST,2015-12-02 11:50:00 EST,43.10647,-75.46146,655,44.7,44.6,44.7,98.2,44.3,0.001,0.355,0.00,0.007,2.8,4.0,0.5,279,14,3.1,4.9,0.6,276,15,2.8,4.0,0.5,279,14,36,29.10,,0,0,0,42.2,42.5,43.7,0.38,0.36,0.34
WEST,2015-12-02 11:55:00 EST,43.10647,-75.46146,655,44.8,44.7,44.8,98.2,44.3,0.000,0.355,0.00,0.007,2.9,4.5,0.7,285,9,3.3,5.6,0.9,282,10,2.9,4.5,0.7,285,9,43,29.10,,0,0,0,42.3,42.4,43.7,0.38,0.36,0.34
WEST,2015-12-02 12:00:00 EST,43.10647,-75.46146,655,44.7,44.7,43.1,98.2,44.3,0.000,0.355,0.00,0.007,3.7,4.4,0.4,273,4,4.2,5.4,0.6,271,5,3.7,4.4,0.4,273,4,38,29.10,,0,0,0,42.3,42.5,43.7,0.38,0.36,0.34
WEST,2015-12-02 12:05:00 EST,43.10647,-75.46146,655,44.7,44.7,43.4,98.1,44.2,0.000,0.355,0.00,0.005,3.3,4.9,0.6,277,8,3.7,5.8,0.8,276,9,3.3,4.9,0.6,277,8,43,29.09,,0,0,0,42.4,42.5,43.8,0.38,0.36,0.34
WEST,2015-12-02 12:10:00 EST,43.10647,-75.46146,655,44.8,44.7,43.2,98.1,44.2,0.000,0.355,0.00,0.004,3.6,4.6,0.5,284,4,4.1,5.8,0.7,282,5,3.6,4.6,0.5,284,4,40,29.09,,0,0,0,42.4,42.5,43.7,0.38,0.36,0.34
WEST,2015-12-02 12:15:00 EST,43.10647,-75.46146,655,44.7,44.7,42.9,98.0,44.2,0.000,0.355,0.00,0.004,3.8,5.3,0.7,293,6,4.4,6.7,1.0,290,7,3.8,5.3,0.7,293,6,33,29.09,,0,0,0,42.4,42.5,43.8,0.38,0.36,0.34
WEST,2015-12-02 12:20:00 EST,43.10647,-75.46146,655,44.8,44.7,43.4,98.0,44.2,0.003,0.358,0.00,0.007,3.4,5.0,0.7,285,9,3.8,6.3,1.0,284,9,3.4,5.0,0.7,285,9,33,29.09,,0,0,0,42.5,42.5,43.7,0.38,0.36,0.34
WEST,2015-12-02 12:25:00 EST,43.10647,-75.46146,655,44.8,44.7,44.8,98.0,44.3,0.001,0.359,0.00,0.007,2.7,3.4,0.3,273,11,3.1,4.7,0.5,270,11,2.7,3.4,0.3,273,11,29,29.09,,0,0,0,42.5,42.5,43.7,0.38,0.36,0.34
WEST,2015-12-02 12:30:00 EST,43.10647,-75.46146,655,44.7,44.7,44.7,97.9,44.1,0.000,0.359,0.00,0.007,2.7,3.9,0.6,271,5,3.1,4.9,0.8,269,8,2.7,3.9,0.6,271,5,24,29.09,,0,0,0,42.5,42.5,43.8,0.38,0.36,0.34
WEST,2015-12-02 12:35:00 EST,43.10647,-75.46146,655,44.7,44.7,44.7,97.8,44.1,0.000,0.359,0.00,0.007,1.1,2.0,0.5,280,6,1.4,2.5,0.4,275,12,1.1,2.0,0.5,280,6,21,29.09,,0,0,0,42.6,42.5,43.7,0.38,0.36,0.34
WEST,2015-12-02 12:40:00 EST,43.10647,-75.46146,655,44.8,44.8,44.8,97.9,44.2,0.006,0.365,0.00,0.013,1.0,1.9,0.4,279,4,1.4,2.2,0.3,263,13,1.0,1.9,0.4,279,4,20,29.08,,0,0,0,42.7,42.5,43.8,0.38,0.36,0.34
WEST,2015-12-02 12:45:00 EST,43.10647,-75.46146,655,44.6,44.6,44.6,97.8,44.0,0.005,0.369,0.00,0.015,1.0,2.2,0.6,280,2,1.3,2.7,0.5,271,12,1.0,2.2,0.6,280,2,24,29.08,,0,0,0,42.7,42.5,43.7,0.38,0.36,0.34
WEST,2015-12-02 12:50:00 EST,43.10647,-75.46146,655,44.6,44.6,44.6,97.8,44.1,0.005,0.374,0.00,0.019,0.4,1.2,0.4,281,0,1.0,1.8,0.3,239,25,0.4,1.2,0.4,281,0,29,29.08,,0,0,0,42.7,42.6,43.7,0.38,0.36,0.34
WEST,2015-12-02 12:55:00 EST,43.10647,-75.46146,655,44.6,44.7,44.6,97.7,44.0,0.009,0.383,0.00,0.028,0.0,0.1,0.0,281,0,0.8,1.3,0.2,142,20,0.0,0.1,0.0,281,0,35,29.07,,0,0,0,42.8,42.6,43.7,0.38,0.36,0.34
WEST,2015-12-02 13:00:00 EST,43.10647,-75.46146,655,44.7,44.7,44.7,97.7,44.1,0.009,0.393,0.00,0.037,1.3,2.1,0.6,109,46,2.0,2.7,0.4,106,6,1.3,2.1,0.6,109,46,40,29.06,,0,0,0,42.8,42.6,43.8,0.38,0.36,0.34
WEST,2015-12-02 13:05:00 EST,43.10647,-75.46146,655,44.7,44.6,44.7,97.7,44.1,0.006,0.399,0.00,0.043,2.4,3.0,0.2,104,3,3.0,3.8,0.3,102,5,2.4,3.0,0.2,104,3,49,29.05,,0,0,0,42.8,42.6,43.8,0.38,0.36,0.34
WEST,2015-12-02 13:10:00 EST,43.10647,-75.46146,655,44.8,44.8,44.8,97.7,44.2,0.004,0.402,0.00,0.047,2.1,3.3,0.5,106,7,2.6,4.3,0.5,104,8,2.1,3.3,0.5,106,7,42,29.05,,0,0,0,42.9,42.6,43.8,0.38,0.36,0.34
WEST,2015-12-02 13:15:00 EST,43.10647,-75.46146,655,44.7,44.7,43.2,97.7,44.1,0.003,0.405,0.00,0.050,3.5,5.6,1.1,109,9,4.3,6.9,1.3,106,9,3.5,5.6,1.1,109,9,26,29.05,,0,0,0,42.9,42.6,43.8,0.38,0.36,0.34
WEST,2015-12-02 13:20:00 EST,43.10647,-75.46146,655,44.2,44.2,41.5,97.6,43.6,0.004,0.409,0.00,0.051,4.9,7.2,1.0,107,10,5.8,8.5,1.3,104,9,4.9,7.2,1.0,107,10,23,29.04,,0,0,0,42.9,42.6,43.8,0.38,0.36,0.34
WEST,2015-12-02 13:25:00 EST,43.10647,-75.46146,655,44.0,44.0,42.0,97.7,43.4,0.003,0.412,0.00,0.053,3.9,5.0,0.7,106,10,4.6,6.3,0.9,104,9,3.9,5.0,0.7,106,10,25,29.04,,0,0,0,43.0,42.6,43.7,0.38,0.36,0.34
WEST,2015-12-02 13:30:00 EST,43.10647,-75.46146,655,44.0,44.0,42.4,97.8,43.4,0.004,0.415,0.00,0.057,3.5,4.7,0.5,107,10,4.1,5.8,0.8,104,10,3.5,4.7,0.5,107,10,27,29.04,,0,0,0,43.0,42.6,43.8,0.38,0.36,0.34
WEST,2015-12-02 13:35:00 EST,43.10647,-75.46146,655,44.0,44.0,42.4,97.9,43.5,0.003,0.418,0.00,0.059,3.5,5.3,0.7,108,10,4.1,6.7,0.9,105,9,3.5,5.3,0.7,108,10,27,29.04,,0,0,0,43.0,42.6,43.7,0.38,0.36,0.34
WEST,2015-12-02 13:40:00 EST,43.10647,-75.46146,655,44.0,44.0,42.5,98.0,43.5,0.004,0.423,0.00,0.058,3.4,6.1,0.7,110,12,4.0,7.4,1.0,107,12,3.4,6.1,0.7,110,12,26,29.03,,0,0,0,43.1,42.6,43.7,0.38,0.36,0.34
WEST,2015-12-02 13:45:00 EST,43.10647,-75.46146,655,44.0,44.0,41.8,98.0,43.4,0.005,0.427,0.00,0.058,4.1,6.0,0.7,107,10,4.8,6.9,0.9,103,9,4.1,6.0,0.7,107,10,27,29.03,,0,0,0,43.1,42.6,43.8,0.38,0.36,0.34
WEST,2015-12-02 13:50:00 EST,43.10647,-75.46146,655,44.0,44.0,41.8,98.0,43.5,0.004,0.431,0.00,0.057,4.1,5.7,0.9,105,11,4.9,7.2,1.0,103,10,4.1,5.7,0.9,105,11,28,29.02,,0,0,0,43.1,42.6,43.7,0.39,0.36,0.34
WEST,2015-12-02 13:55:00 EST,43.10647,-75.46146,655,44.0,44.1,41.6,98.0,43.5,0.006,0.437,0.00,0.054,4.5,6.1,0.9,100,9,5.4,7.6,1.1,98,8,4.5,6.1,0.9,100,9,30,29.02,,0,0,0,43.1,42.6,43.8,0.39,0.36,0.34
WEST,2015-12-02 14:00:00 EST,43.10647,-75.46146,655,44.1,44.1,41.2,98.1,43.6,0.005,0.442,0.00,0.050,5.2,7.5,1.1,106,11,6.1,9.2,1.3,103,9,5.2,7.5,1.1,106,11,30,29.02,,0,0,0,43.1,42.7,43.8,0.40,0.36,0.34
WEST,2015-12-02 14:05:00 EST,43.10647,-75.46146,655,44.1,44.2,41.0,98.1,43.6,0.005,0.447,0.00,0.048,5.5,8.3,1.1,96,9,6.5,9.6,1.3,94,7,5.5,8.3,1.1,96,9,28,29.01,,0,0,0,43.2,42.7,43.8,0.39,0.36,0.34
WEST,2015-12-02 14:10:00 EST,43.10647,-75.46146,655,44.1,44.1,40.5,98.1,43.6,0.003,0.450,0.00,0.048,6.3,8.3,0.7,91,9,7.4,9.6,0.9,89,7,6.3,8.3,0.7,91,9,24,29.00,,0,0,0,43.2,42.7,43.8,0.39,0.37,0.34
WEST,2015-12-02 14:15:00 EST,43.10647,-75.46146,655,44.0,44.0,39.7,98.1,43.5,0.002,0.452,0.00,0.047,7.4,11.3,1.6,92,12,8.7,13.4,1.8,91,10,7.4,11.3,1.6,92,12,23,28.99,,0,0,0,43.2,42.7,43.8,0.39,0.36,0.34
WEST,2015-12-02 14:20:00 EST,43.10647,-75.46146,655,43.9,43.9,39.6,98.1,43.4,0.003,0.455,0.00,0.046,7.3,9.6,1.2,88,11,8.6,12.3,1.7,87,9,7.3,9.6,1.2,88,11,21,28.99,,0,0,0,43.2,42.7,43.8,0.39,0.37,0.34
WEST,2015-12-02 14:25:00 EST,43.10647,-75.46146,655,43.7,43.7,40.0,98.1,43.2,0.002,0.457,0.00,0.045,6.1,10.4,1.5,93,14,7.3,12.8,1.9,91,11,6.1,10.4,1.5,93,14,21,28.99,,0,0,0,43.3,42.7,43.8,0.39,0.37,0.34
WEST,2015-12-02 14:30:00 EST,43.10647,-75.46146,655,43.6,43.6,40.8,98.1,43.1,0.001,0.458,0.00,0.042,4.8,7.0,1.1,93,11,5.7,8.7,1.3,93,10,4.8,7.0,1.1,93,11,24,28.99,,0,0,0,43.2,42.7,43.8,0.39,0.37,0.34
WEST,2015-12-02 14:35:00 EST,43.10647,-75.46146,655,43.5,43.5,40.3,98.1,43.0,0.005,0.463,0.00,0.044,5.4,7.9,1.1,93,9,6.3,9.6,1.5,92,8,5.4,7.9,1.1,93,9,28,28.98,,0,0,0,43.3,42.7,43.8,0.39,0.37,0.34
WEST,2015-12-02 14:40:00 EST,43.10647,-75.46146,655,43.4,43.4,40.3,98.1,42.9,0.003,0.465,0.00,0.043,5.1,8.2,1.1,93,10,6.1,10.1,1.3,91,8,5.1,8.2,1.1,93,10,25,28.98,,0,0,0,43.3,42.7,43.8,0.39,0.37,0.34
WEST,2015-12-02 14:45:00 EST,43.10647,-75.46146,655,43.3,43.3,40.3,98.1,42.8,0.000,0.465,0.00,0.038,5.0,6.9,1.1,80,12,5.9,8.3,1.4,80,11,5.0,6.9,1.1,80,12,21,28.97,,0,0,0,43.3,42.8,43.8,0.39,0.37,0.34
WEST,2015-12-02 14:50:00 EST,43.10647,-75.46146,655,43.2,43.2,40.1,98.1,42.7,0.003,0.468,0.00,0.037,5.2,7.5,1.0,74,11,6.2,9.2,1.2,75,10,5.2,7.5,1.0,74,11,22,28.96,,0,0,0,43.3,42.8,43.9,0.39,0.37,0.34
WEST,2015-12-02 14:55:00 EST,43.10647,-75.46146,655,43.0,43.1,39.5,98.1,42.6,0.002,0.470,0.00,0.033,5.8,7.5,0.9,85,9,7.0,9.2,1.3,83,7,5.8,7.5,0.9,85,9,26,28.96,,0,0,0,43.3,42.8,43.8,0.39,0.37,0.34
WEST,2015-12-02 15:00:00 EST,43.10647,-75.46146,655,43.1,43.1,40.2,98.2,42.6,0.002,0.472,0.00,0.030,4.8,7.2,1.3,91,12,5.7,8.3,1.5,90,11,4.8,7.2,1.3,91,12,23,28.96,,0,0,0,43.3,42.8,43.8,0.39,0.37,0.34
WEST,2015-12-02 15:05:00 EST,43.10647,-75.46146,655,43.0,43.1,40.2,98.2,42.5,0.000,0.472,0.00,0.025,4.7,7.1,1.2,97,12,5.6,8.9,1.5,96,10,4.7,7.1,1.2,97,12,18,28.96,,0,0,0,43.4,42.8,43.8,0.39,0.37,0.34
WEST,2015-12-02 15:10:00 EST,43.10647,-75.46146,655,43.0,43.1,41.2,98.2,42.5,0.001,0.473,0.00,0.022,3.6,5.8,0.8,100,17,4.3,7.2,1.0,99,16,3.6,5.8,0.8,100,17,13,28.97,,0,0,0,43.3,42.8,43.8,0.38,0.37,0.34
WEST,2015-12-02 15:15:00 EST,43.10647,-75.46146,655,43.0,43.1,43.0,98.2,42.5,0.000,0.473,0.00,0.020,2.9,5.8,1.3,112,21,3.7,7.6,1.5,108,21,2.9,5.8,1.3,112,21,15,28.97,,0,0,0,43.4,42.8,43.8,0.38,0.37,0.34
WEST,2015-12-02 15:20:00 EST,43.10647,-75.46146,655,42.9,42.9,42.9,98.1,42.4,0.000,0.473,0.00,0.017,2.0,4.0,0.8,98,13,2.5,4.7,0.9,97,14,2.0,4.0,0.8,98,13,17,28.97,,0,0,0,43.4,42.8,43.8,0.40,0.37,0.34
WEST,2015-12-02 15:25:00 EST,43.10647,-75.46146,655,42.8,42.9,41.4,98.1,42.3,0.000,0.473,0.00,0.016,3.2,5.0,0.6,85,9,3.8,6.3,0.9,85,8,3.2,5.0,0.6,85,9,13,28.97,,0,0,0,43.4,42.8,43.8,0.39,0.37,0.34
WEST,2015-12-02 15:30:00 EST,43.10647,-75.46146,655,42.8,42.9,42.8,98.0,42.3,0.004,0.476,0.00,0.019,2.7,4.4,1.2,75,13,3.3,5.8,1.3,76,12,2.7,4.4,1.2,75,13,15,28.97,,0,0,0,43.4,42.8,43.8,0.39,0.37,0.34
WEST,2015-12-02 15:35:00 EST,43.10647,-75.46146,655,42.8,42.9,42.8,98.0,42.3,0.002,0.478,0.00,0.015,1.1,2.6,0.9,92,18,1.7,3.6,0.8,91,19,1.1,2.6,0.9,92,18,12,28.97,,0,0,0,43.4,42.8,43.8,0.39,0.37,0.34
WEST,2015-12-02 15:40:00 EST,43.10647,-75.46146,655,42.8,42.9,42.8,98.0,42.3,0.001,0.479,0.00,0.014,1.3,2.6,0.8,88,7,1.9,3.6,0.8,87,11,1.3,2.6,0.8,88,7,11,28.97,,0,0,0,43.4,42.8,43.8,0.39,0.37,0.34
WEST,2015-12-02 15:45:00 EST,43.10647,-75.46146,655,42.8,42.8,41.0,98.0,42.3,0.004,0.482,0.00,0.017,3.5,4.8,0.7,79,8,4.3,6.0,1.0,78,7,3.5,4.8,0.7,79,8,9,28.96,,0,0,0,43.4,42.8,43.8,0.39,0.37,0.34
WEST,2015-12-02 15:50:00 EST,43.10647,-75.46146,655,42.8,42.9,40.8,97.9,42.2,0.003,0.485,0.00,0.017,3.7,5.3,0.8,96,11,4.5,6.7,1.0,95,10,3.7,5.3,0.8,96,11,5,28.96,,0,0,0,43.4,42.8,43.8,0.39,0.37,0.34
WEST,2015-12-02 15:55:00 EST,43.10647,-75.46146,655,42.8,42.9,42.8,97.9,42.2,0.005,0.490,0.00,0.020,3.0,4.1,0.6,77,19,3.5,5.1,0.8,77,18,3.0,4.1,0.6,77,19,4,28.96,,0,0,0,43.3,42.9,43.8,0.39,0.37,0.34
WEST,2015-12-02 16:00:00 EST,43.10647,-75.46146,655,42.8,42.9,41.4,97.9,42.2,0.008,0.498,0.00,0.027,3.1,4.7,0.5,48,11,3.4,5.4,0.7,48,11,3.1,4.7,0.5,48,11,3,28.96,,0,0,0,43.4,42.9,43.8,0.39,0.37,0.34
WEST,2015-12-02 16:05:00 EST,43.10647,-75.46146,655,42.8,42.9,42.8,97.9,42.3,0.006,0.504,0.00,0.033,1.5,3.9,1.0,63,17,1.9,4.5,0.9,65,19,1.5,3.9,1.0,63,17,2,28.96,,0,0,0,43.4,42.9,43.8,0.39,0.37,0.34
WEST,2015-12-02 16:10:00 EST,43.10647,-75.46146,655,42.8,42.9,42.8,97.9,42.3,0.009,0.513,0.00,0.041,2.5,4.2,1.2,80,8,3.0,5.1,1.3,78,9,2.5,4.2,1.2,80,8,2,28.96,,0,0,0,43.4,42.9,43.8,0.39,0.37,0.34
WEST,2015-12-02 16:15:00 EST,43.10647,-75.46146,655,42.8,42.9,42.8,97.9,42.3,0.005,0.518,0.00,0.045,0.4,1.2,0.5,81,1,1.0,2.2,0.6,71,27,0.4,1.2,0.5,81,1,1,28.96,,0,0,0,43.4,42.9,43.8,0.39,0.37,0.34
WEST,2015-12-02 16:20:00 EST,43.10647,-75.46146,655,42.8,42.9,42.8,97.9,42.3,0.005,0.523,0.00,0.050,0.7,1.8,0.5,71,2,1.3,2.5,0.4,83,13,0.7,1.8,0.5,71,2,1,28.96,,0,0,0,43.4,42.9,43.8,0.39,0.37,0.34
WEST,2015-12-02 16:25:00 EST,43.10647,-75.46146,655,42.8,42.9,42.8,97.9,42.3,0.011,0.534,0.00,0.062,2.1,2.9,0.5,88,10,2.6,3.8,0.6,89,11,2.1,2.9,0.5,88,10,0,28.96,,0,0,0,43.5,43.0,43.8,0.39,0.37,0.34
WEST,2015-12-02 16:30:00 EST,43.10647,-75.46146,655,42.8,42.9,42.8,97.9,42.2,0.006,0.540,0.00,0.064,3.0,4.1,0.5,98,6,3.6,4.9,0.5,96,7,3.0,4.1,0.5,98,6,0,28.96,,0,0,0,43.4,43.0,43.8,0.39,0.37,0.34
WEST,2015-12-02 16:35:00 EST,43.10647,-75.46146,655,42.8,42.9,42.8,97.9,42.2,0.008,0.548,0.00,0.070,2.8,3.9,0.5,96,9,3.5,4.9,0.6,94,10,2.8,3.9,0.5,96,9,0,28.95,,0,0,0,43.4,42.9,43.8,0.39,0.37,0.34
WEST,2015-12-02 16:40:00 EST,43.10647,-75.46146,655,42.8,42.9,42.8,97.9,42.2,0.007,0.556,0.00,0.077,2.6,4.0,0.9,104,11,3.2,5.1,1.0,101,11,2.6,4.0,0.9,104,11,0,28.95,,0,0,0,43.4,43.0,43.8,0.40,0.37,0.34
WEST,2015-12-02 16:45:00 EST,43.10647,-75.46146,655,42.7,42.9,41.5,97.9,42.2,0.011,0.567,0.00,0.084,3.0,4.1,0.6,85,10,3.6,4.9,0.7,86,10,3.0,4.1,0.6,85,10,0,28.94,,0,0,0,43.4,43.0,43.8,0.40,0.37,0.34
WEST,2015-12-02 16:50:00 EST,43.10647,-75.46146,655,42.8,42.9,42.8,97.9,42.2,0.006,0.573,0.00,0.088,2.2,4.2,0.7,93,15,2.7,5.4,0.9,96,14,2.2,4.2,0.7,93,15,0,28.94,,0,0,0,43.4,43.0,43.9,0.40,0.37,0.34
WEST,2015-12-02 16:55:00 EST,43.10647,-75.46146,655,42.8,42.9,42.8,97.9,42.2,0.014,0.587,0.00,0.097,0.4,1.8,0.5,64,14,1.1,2.0,0.5,79,45,0.4,1.8,0.5,64,14,0,28.95,,0,0,0,43.4,43.0,43.8,0.40,0.37,0.34
WEST,2015-12-02 17:00:00 EST,43.10647,-75.46146,655,42.8,42.9,42.8,97.9,42.2,0.010,0.597,0.00,0.099,1.2,2.2,0.6,55,6,1.8,2.9,0.5,52,13,1.2,2.2,0.6,55,6,0,28.94,,0,0,0,43.4,43.0,43.9,0.40,0.37,0.34
WEST,2015-12-02 17:05:00 EST,43.10647,-75.46146,655,42.7,42.9,42.7,98.0,42.2,0.004,0.601,0.00,0.096,1.7,3.1,0.5,35,11,2.2,3.6,0.5,29,14,1.7,3.1,0.5,35,11,0,28.94,,0,0,0,43.3,43.0,43.9,0.40,0.37,0.34
WEST,2015-12-02 17:10:00 EST,43.10647,-75.46146,655,42.7,42.8,42.7,98.0,42.2,0.003,0.603,0.00,0.090,1.8,2.7,0.4,334,15,2.1,3.4,0.5,337,19,1.8,2.7,0.4,334,15,0,28.94,,0,0,0,43.3,43.0,43.8,0.40,0.37,0.34
WEST,2015-12-02 17:15:00 EST,43.10647,-75.46146,655,42.8,42.9,42.8,98.0,42.2,0.012,0.616,0.25,0.098,2.5,3.2,0.4,315,8,2.3,3.1,0.3,317,9,2.5,3.2,0.4,315,8,0,28.95,,0,0,0,43.4,43.0,43.9,0.40,0.37,0.34
WEST,2015-12-02 17:20:00 EST,43.10647,-75.46146,655,42.8,42.9,42.8,98.0,42.2,0.016,0.632,0.25,0.109,2.5,3.9,0.6,337,9,2.8,5.1,0.8,340,11,2.5,3.9,0.6,337,9,0,28.95,,0,0,0,43.4,43.0,43.8,0.40,0.37,0.34
WEST,2015-12-02 17:25:00 EST,43.10647,-75.46146,655,42.8,42.9,42.8,98.0,42.2,0.008,0.640,0.00,0.105,1.4,2.8,0.7,329,7,1.7,2.7,0.5,333,16,1.4,2.8,0.7,329,7,0,28.95,,0,0,0,43.3,43.0,43.8,0.41,0.37,0.34
WEST,2015-12-02 17:30:00 EST,43.10647,-75.46146,655,42.7,42.9,42.7,98.0,42.2,0.010,0.650,0.00,0.110,2.0,3.4,0.7,9,10,2.5,3.8,0.6,12,10,2.0,3.4,0.7,9,10,0,28.94,,0,0,0,43.3,43.0,43.9,0.40,0.37,0.34
WEST,2015-12-02 17:35:00 EST,43.10647,-75.46146,655,42.7,42.8,42.7,98.0,42.2,0.000,0.650,0.00,0.101,2.3,3.4,0.5,26,8,2.6,4.7,0.7,27,12,2.3,3.4,0.5,26,8,0,28.94,,0,0,0,43.4,43.0,43.9,0.41,0.37,0.34
WEST,2015-12-02 17:40:00 EST,43.10647,-75.46146,655,42.7,42.8,42.7,98.0,42.1,0.002,0.652,0.00,0.096,2.5,3.9,0.5,30,14,2.8,4.7,0.7,31,15,2.5,3.9,0.5,30,14,0,28.94,,0,0,0,43.3,43.0,43.8,0.41,0.37,0.34
WEST,2015-12-02 17:45:00 EST,43.10647,-75.46146,655,42.7,42.8,42.7,98.0,42.1,0.000,0.652,0.00,0.085,2.9,3.9,0.6,27,13,3.2,4.7,0.6,27,14,2.9,3.9,0.6,27,13,0,28.94,,0,0,0,43.3,43.1,43.8,0.41,0.37,0.34
WEST,2015-12-02 17:50:00 EST,43.10647,-75.46146,655,42.7,42.8,42.7,98.0,42.2,0.006,0.658,0.00,0.085,3.0,4.3,0.7,4,14,3.7,5.1,0.6,6,8,3.0,4.3,0.7,4,14,0,28.94,,0,0,0,43.3,43.0,43.9,0.40,0.37,0.34
WEST,2015-12-02 17:55:00 EST,43.10647,-75.46146,655,42.7,42.8,42.7,98.0,42.2,0.006,0.664,0.00,0.077,2.5,4.4,0.8,349,15,2.9,5.6,1.0,353,16,2.5,4.4,0.8,349,15,0,28.94,,0,0,0,43.3,43.1,43.8,0.40,0.37,0.34
WEST,2015-12-02 18:00:00 EST,43.10647,-75.46146,655,42.7,42.8,42.7,98.0,42.2,0.007,0.671,0.00,0.074,1.5,3.2,0.6,352,13,1.9,3.8,0.7,357,18,1.5,3.2,0.6,352,13,0,28.94,,0,0,0,43.3,43.1,43.8,0.40,0.37,0.34
WEST,2015-12-02 18:05:00 EST,43.10647,-75.46146,655,42.6,42.8,42.6,98.0,42.1,0.007,0.678,0.00,0.078,2.1,3.3,0.6,4,10,2.8,4.5,0.8,8,10,2.1,3.3,0.6,4,10,0,28.94,,0,0,0,43.3,43.1,43.8,0.40,0.37,0.34
WEST,2015-12-02 18:10:00 EST,43.10647,-75.46146,655,42.6,42.7,42.6,98.0,42.1,0.007,0.685,0.00,0.082,2.0,3.1,0.6,8,14,2.4,3.8,0.6,11,14,2.0,3.1,0.6,8,14,0,28.94,,0,0,0,43.3,43.1,43.9,0.40,0.37,0.34
WEST,2015-12-02 18:15:00 EST,43.10647,-75.46146,655,42.6,42.7,42.6,98.0,42.1,0.005,0.690,0.00,0.075,1.6,2.9,0.7,343,27,1.9,3.8,0.8,344,27,1.6,2.9,0.7,343,27,0,28.95,,0,0,0,43.3,43.1,43.8,0.40,0.37,0.34
WEST,2015-12-02 18:20:00 EST,43.10647,-75.46146,655,42.6,42.7,42.6,98.0,42.1,0.005,0.695,0.00,0.064,1.1,2.5,0.8,332,9,1.4,3.4,0.7,344,18,1.1,2.5,0.8,332,9,0,28.95,,0,0,0,43.3,43.1,43.9,0.40,0.37,0.34
WEST,2015-12-02 18:25:00 EST,43.10647,-75.46146,655,42.6,42.7,42.6,98.0,42.1,0.003,0.698,0.00,0.058,0.1,0.7,0.1,339,0,0.8,1.6,0.3,299,31,0.1,0.7,0.1,339,0,0,28.95,,0,0,0,43.3,43.1,43.9,0.40,0.37,0.34
WEST,2015-12-02 18:30:00 EST,43.10647,-75.46146,655,42.6,42.7,42.6,98.0,42.1,0.004,0.702,0.00,0.052,0.1,0.1,0.0,339,0,0.6,1.1,0.2,34,23,0.1,0.1,0.0,339,0,0,28.95,,0,0,0,43.3,43.1,43.8,0.40,0.37,0.34
WEST,2015-12-02 18:35:00 EST,43.10647,-75.46146,655,42.5,42.7,42.5,98.0,42.0,0.003,0.704,0.00,0.055,0.1,0.7,0.1,339,0,0.7,1.6,0.4,157,27,0.1,0.7,0.1,339,0,0,28.95,,0,0,0,43.3,43.1,43.8,0.40,0.37,0.34
WEST,2015-12-02 18:40:00 EST,43.10647,-75.46146,655,42.5,42.6,42.5,98.0,41.9,0.000,0.704,0.00,0.052,0.8,1.6,0.6,339,0,1.4,1.8,0.3,121,20,0.8,1.6,0.6,339,0,0,28.94,,0,0,0,43.3,43.2,43.8,0.40,0.37,0.34
WEST,2015-12-02 18:45:00 EST,43.10647,-75.46146,655,42.4,42.6,42.4,98.0,41.9,0.002,0.706,0.00,0.054,0.4,2.3,0.7,21,24,1.0,2.2,0.7,46,21,0.4,2.3,0.7,21,24,0,28.94,,0,0,0,43.3,43.1,43.9,0.40,0.37,0.34
WEST,2015-12-02 18:50:00 EST,43.10647,-75.46146,655,42.4,42.6,42.4,98.0,41.9,0.000,0.706,0.00,0.048,1.2,2.3,0.7,355,41,1.7,2.9,0.5,332,48,1.2,2.3,0.7,355,41,0,28.94,,0,0,0,43.3,43.1,43.9,0.40,0.37,0.34
WEST,2015-12-02 18:55:00 EST,43.10647,-75.46146,655,42.4,42.6,42.4,98.0,41.9,0.000,0.706,0.00,0.042,1.9,2.3,0.2,273,6,2.2,2.7,0.3,275,8,1.9,2.3,0.2,273,6,0,28.94,,0,0,0,43.3,43.2,43.9,0.39,0.37,0.34
WEST,2015-12-02 19:00:00 EST,43.10647,-75.46146,655,42.4,42.5,42.4,98.1,41.9,0.000,0.706,0.00,0.035,1.9,2.6,0.4,293,5,2.0,2.9,0.4,291,9,1.9,2.6,0.4,293,5,0,28.94,,0,0,0,43.3,43.2,43.9,0.40,0.37,0.34
WEST,2015-12-02 19:05:00 EST,43.10647,-75.46146,655,42.4,42.5,42.4,98.1,41.9,0.000,0.706,0.00,0.028,1.7,2.4,0.3,272,7,2.0,3.1,0.4,264,13,1.7,2.4,0.3,272,7,0,28.94,,0,0,0,43.3,43.1,43.8,0.39,0.37,0.34
WEST,2015-12-02 19:10:00 EST,43.10647,-75.46146,655,42.4,42.6,42.4,98.1,41.9,0.000,0.706,0.00,0.021,2.1,2.6,0.2,267,10,2.4,3.1,0.3,269,12,2.1,2.6,0.2,267,10,0,28.94,,0,0,0,43.3,43.2,43.8,0.39,0.37,0.34
WEST,2015-12-02 19:15:00 EST,43.10647,-75.46146,655,42.4,42.5,42.4,98.1,41.9,0.000,0.706,0.00,0.016,2.0,2.8,0.3,321,10,2.0,2.9,0.3,324,14,2.0,2.8,0.3,321,10,0,28.94,,0,0,0,43.3,43.2,43.8,0.39,0.37,0.34
WEST,2015-12-02 19:20:00 EST,43.10647,-75.46146,655,42.4,42.5,42.4,98.1,41.9,0.000,0.706,0.00,0.011,1.5,2.3,0.5,319,6,1.6,2.2,0.3,325,13,1.5,2.3,0.5,319,6,0,28.94,,0,0,0,43.2,43.2,43.9,0.39,0.37,0.34
WEST,2015-12-02 19:25:00 EST,43.10647,-75.46146,655,42.4,42.6,42.4,98.1,41.9,0.000,0.706,0.00,0.008,0.7,1.5,0.5,317,0,1.0,1.8,0.3,307,25,0.7,1.5,0.5,317,0,0,28.94,,0,0,0,43.2,43.2,43.8,0.39,0.37,0.34
WEST,2015-12-02 19:30:00 EST,43.10647,-75.46146,655,42.4,42.5,42.4,98.1,41.9,0.000,0.706,0.00,0.005,1.8,3.4,1.1,252,11,2.2,3.8,0.7,246,12,1.8,3.4,1.1,252,11,0,28.94,,0,0,0,43.2,43.2,43.9,0.39,0.37,0.34
WEST,2015-12-02 19:35:00 EST,43.10647,-75.46146,655,42.4,42.6,40.6,98.1,41.9,0.000,0.706,0.00,0.002,3.4,3.7,0.2,240,2,3.3,4.0,0.3,234,4,3.4,3.7,0.2,240,2,0,28.94,,0,0,0,43.3,43.2,43.9,0.40,0.37,0.34
WEST,2015-12-02 19:40:00 EST,43.10647,-75.46146,655,42.4,42.6,40.7,98.1,41.9,0.000,0.706,0.00,0.002,3.4,4.2,0.4,241,3,3.3,4.3,0.4,235,5,3.4,4.2,0.4,241,3,0,28.94,,0,0,0,43.3,43.2,43.9,0.39,0.37,0.34
WEST,2015-12-02 19:45:00 EST,43.10647,-75.46146,655,42.4,42.6,40.3,98.2,41.9,0.000,0.706,0.00,0.000,3.8,5.0,0.4,236,4,3.7,4.7,0.4,230,6,3.8,5.0,0.4,236,4,0,28.95,,0,0,0,43.2,43.2,43.9,0.39,0.37,0.34
WEST,2015-12-02 19:50:00 EST,43.10647,-75.46146,655,42.4,42.6,40.0,98.2,42.0,0.000,0.706,0.00,0.000,4.2,5.7,0.7,242,7,4.3,6.3,0.8,239,9,4.2,5.7,0.7,242,7,0,28.95,,0,0,0,43.2,43.2,43.9,0.39,0.37,0.34
WEST,2015-12-02 19:55:00 EST,43.10647,-75.46146,655,42.5,42.6,39.5,98.2,42.0,0.000,0.706,0.00,0.000,4.8,6.5,0.8,248,7,5.3,8.1,1.1,248,9,4.8,6.5,0.8,248,7,0,28.95,,0,0,0,43.2,43.2,43.9,0.39,0.37,0.34
WEST,2015-12-02 20:00:00 EST,43.10647,-75.46146,655,42.5,42.7,38.6,98.3,42.1,0.000,0.706,0.00,0.000,6.2,8.0,0.7,256,6,7.2,9.4,1.0,256,5,6.2,8.0,0.7,256,6,0,28.95,,0,0,0,43.2,43.2,43.9,0.38,0.37,0.34
WEST,2015-12-02 20:05:00 EST,43.10647,-75.46146,655,42.6,42.8,38.9,98.3,42.2,0.000,0.706,0.00,0.000,6.1,8.7,1.1,257,9,6.9,9.8,1.3,257,7,6.1,8.7,1.1,257,9,0,28.96,,0,0,0,43.2,43.2,43.9,0.38,0.37,0.34
WEST,2015-12-02 20:10:00 EST,43.10647,-75.46146,655,42.8,42.9,38.1,98.3,42.3,0.004,0.710,0.00,0.004,7.8,11.4,1.8,263,11,9.1,14.1,2.4,262,9,7.8,11.4,1.8,263,11,0,28.96,,0,0,0,43.2,43.2,43.8,0.39,0.37,0.34
WEST,2015-12-02 20:15:00 EST,43.10647,-75.46146,655,42.5,42.7,36.5,98.1,42.1,0.002,0.712,0.00,0.006,10.8,16.4,2.8,265,8,13.3,20.1,3.4,264,6,10.8,16.4,2.8,265,8,0,28.96,,0,0,0,43.3,43.3,43.9,0.38,0.37,0.34
WEST,2015-12-02 20:20:00 EST,43.10647,-75.46146,655,42.3,42.4,36.1,97.9,41.8,0.000,0.712,0.00,0.006,11.0,16.6,2.3,268,12,13.5,20.4,2.7,267,9,11.0,16.6,2.3,268,12,0,28.96,,0,0,0,43.2,43.3,43.9,0.39,0.37,0.34
WEST,2015-12-02 20:25:00 EST,43.10647,-75.46146,655,42.2,42.3,36.2,97.5,41.6,0.004,0.716,0.00,0.009,10.4,14.8,1.5,270,11,13.2,19.2,1.9,268,9,10.4,14.8,1.5,270,11,0,28.97,,0,0,0,43.2,43.3,43.9,0.39,0.37,0.34
WEST,2015-12-02 20:30:00 EST,43.10647,-75.46146,655,42.0,42.2,34.8,97.2,41.3,0.004,0.720,0.00,0.013,13.9,20.2,2.9,265,10,16.3,23.5,3.3,265,8,13.9,20.2,2.9,265,10,0,28.97,,0,0,0,43.2,43.3,43.9,0.38,0.37,0.34
WEST,2015-12-02 20:35:00 EST,43.10647,-75.46146,655,41.8,41.9,35.0,96.7,41.0,0.001,0.721,0.00,0.014,12.4,19.2,2.6,263,11,15.2,22.1,2.9,263,8,12.4,19.2,2.6,263,11,0,28.97,,0,0,0,43.2,43.3,43.9,0.39,0.37,0.34
WEST,2015-12-02 20:40:00 EST,43.10647,-75.46146,655,41.6,41.7,34.6,96.4,40.6,0.002,0.723,0.00,0.016,12.8,21.5,3.2,270,11,15.0,23.0,3.2,268,8,12.8,21.5,3.2,270,11,0,28.97,,0,0,0,43.2,43.3,43.9,0.38,0.37,0.34
WEST,2015-12-02 20:45:00 EST,43.10647,-75.46146,655,41.3,41.4,34.7,95.9,40.3,0.001,0.723,0.00,0.017,11.6,17.7,2.8,269,9,13.6,20.1,2.9,269,8,11.6,17.7,2.8,269,9,0,28.97,,0,0,0,43.2,43.3,43.9,0.38,0.37,0.34
WEST,2015-12-02 20:50:00 EST,43.10647,-75.46146,655,41.2,41.3,34.5,96.2,40.2,0.001,0.724,0.00,0.018,11.3,16.6,2.3,271,11,13.6,18.8,2.6,269,9,11.3,16.6,2.3,271,11,0,28.97,,0,0,0,43.2,43.3,43.9,0.39,0.37,0.34
WEST,2015-12-02 20:55:00 EST,43.10647,-75.46146,655,41.0,41.1,34.4,96.2,40.0,0.002,0.726,0.00,0.020,11.3,16.2,2.2,268,9,14.3,21.3,2.7,266,7,11.3,16.2,2.2,268,9,0,28.97,,0,0,0,43.3,43.3,43.9,0.38,0.37,0.34
WEST,2015-12-02 21:00:00 EST,43.10647,-75.46146,655,40.9,41.0,34.4,96.1,39.9,0.001,0.727,0.00,0.020,11.0,17.2,2.0,269,10,12.9,19.9,2.4,265,9,11.0,17.2,2.0,269,10,0,28.97,,0,0,0,43.2,43.3,43.9,0.38,0.37,0.34
WEST,2015-12-02 21:05:00 EST,43.10647,-75.46146,655,40.9,40.9,34.9,96.3,39.9,0.000,0.727,0.00,0.020,9.5,14.9,2.1,276,8,11.7,17.4,2.2,272,7,9.5,14.9,2.1,276,8,0,28.97,,0,0,0,43.2,43.3,43.9,0.38,0.37,0.34
WEST,2015-12-02 21:10:00 EST,43.10647,-75.46146,655,40.8,40.9,34.7,96.4,39.8,0.000,0.727,0.00,0.017,9.7,13.9,1.5,270,9,11.8,16.1,1.7,266,8,9.7,13.9,1.5,270,9,0,28.97,,0,0,0,43.2,43.3,43.9,0.38,0.37,0.34
WEST,2015-12-02 21:15:00 EST,43.10647,-75.46146,655,40.8,40.8,35.0,96.5,39.8,0.000,0.727,0.00,0.015,9.1,12.3,1.6,267,9,11.2,15.4,1.9,262,8,9.1,12.3,1.6,267,9,0,28.97,,0,0,0,43.2,43.3,43.9,0.39,0.37,0.34
WEST,2015-12-02 21:20:00 EST,43.10647,-75.46146,655,40.7,40.8,35.4,96.5,39.8,0.000,0.727,0.00,0.015,8.1,12.6,2.0,275,10,10.0,15.2,2.4,271,9,8.1,12.6,2.0,275,10,0,28.97,,0,0,0,43.2,43.3,43.9,0.39,0.37,0.34
WEST,2015-12-02 21:25:00 EST,43.10647,-75.46146,655,40.7,40.7,35.9,96.7,39.8,0.000,0.727,0.00,0.011,7.1,11.2,1.5,276,9,8.8,13.4,1.8,271,8,7.1,11.2,1.5,276,9,0,28.97,,0,0,0,43.2,43.3,43.9,0.38,0.37,0.34
WEST,2015-12-02 21:30:00 EST,43.10647,-75.46146,655,40.6,40.7,35.0,96.8,39.8,0.000,0.727,0.00,0.007,8.7,12.1,1.4,272,9,11.0,15.0,1.7,267,7,8.7,12.1,1.4,272,9,0,28.98,,0,0,0,43.1,43.3,43.9,0.38,0.37,0.34
WEST,2015-12-02 21:35:00 EST,43.10647,-75.46146,655,40.6,40.7,34.2,96.8,39.7,0.000,0.727,0.00,0.006,10.5,14.5,1.6,270,10,13.0,17.9,2.0,266,8,10.5,14.5,1.6,270,10,0,28.98,,0,0,0,43.1,43.3,43.9,0.38,0.37,0.34
WEST,2015-12-02 21:40:00 EST,43.10647,-75.46146,655,40.5,40.6,34.4,96.8,39.6,0.000,0.727,0.00,0.004,9.7,13.8,1.9,271,9,12.3,16.8,2.2,265,8,9.7,13.8,1.9,271,9,0,28.99,,0,0,0,43.1,43.3,44.0,0.39,0.37,0.34
WEST,2015-12-02 21:45:00 EST,43.10647,-75.46146,655,40.4,40.4,33.8,96.6,39.5,0.000,0.727,0.00,0.004,10.7,14.8,1.9,267,10,13.5,18.3,2.2,262,8,10.7,14.8,1.9,267,10,0,28.99,,0,0,0,43.1,43.4,43.9,0.38,0.37,0.34
WEST,2015-12-02 21:50:00 EST,43.10647,-75.46146,655,40.2,40.3,33.6,96.3,39.2,0.000,0.727,0.00,0.003,10.7,14.8,1.6,276,11,13.5,17.4,2.0,272,10,10.7,14.8,1.6,276,11,0,28.99,,0,0,0,43.1,43.3,44.0,0.38,0.37,0.34
WEST,2015-12-02 21:55:00 EST,43.10647,-75.46146,655,40.0,40.1,33.7,96.0,38.9,0.000,0.727,0.00,0.001,9.7,13.3,1.9,271,11,12.4,17.2,2.5,268,9,9.7,13.3,1.9,271,11,0,28.99,,0,0,0,43.1,43.4,44.0,0.38,0.37,0.34
WEST,2015-12-02 22:00:00 EST,43.10647,-75.46146,655,39.8,39.9,33.3,95.7,38.7,0.000,0.727,0.00,0.000,10.2,16.0,1.8,278,9,13.1,19.9,2.3,274,8,10.2,16.0,1.8,278,9,0,28.99,,0,0,0,43.0,43.4,43.9,0.38,0.37,0.34
WEST,2015-12-02 22:05:00 EST,43.10647,-75.46146,655,39.7,39.8,33.0,95.5,38.5,0.000,0.727,0.00,0.000,10.7,14.8,1.6,276,8,13.7,18.1,2.0,272,7,10.7,14.8,1.6,276,8,0,28.99,,0,0,0,43.1,43.4,43.9,0.38,0.37,0.34
WEST,2015-12-02 22:10:00 EST,43.10647,-75.46146,655,39.5,39.6,32.5,95.4,38.4,0.000,0.727,0.00,0.000,11.4,16.8,2.0,270,10,14.6,21.0,2.5,268,9,11.4,16.8,2.0,270,10,0,29.00,,0,0,0,43.1,43.4,43.9,0.38,0.37,0.34
WEST,2015-12-02 22:15:00 EST,43.10647,-75.46146,655,39.4,39.5,32.3,95.3,38.2,0.000,0.727,0.00,0.000,11.4,15.4,1.7,270,10,14.7,19.9,2.3,267,8,11.4,15.4,1.7,270,10,0,29.00,,0,0,0,43.0,43.4,43.9,0.38,0.37,0.34
WEST,2015-12-02 22:20:00 EST,43.10647,-75.46146,655,39.3,39.4,32.5,95.2,38.0,0.000,0.727,0.00,0.000,10.6,17.2,2.2,270,10,13.7,21.5,2.8,267,8,10.6,17.2,2.2,270,10,0,29.00,,0,0,0,43.0,43.4,44.0,0.38,0.37,0.34
WEST,2015-12-02 22:25:00 EST,43.10647,-75.46146,655,39.2,39.3,32.8,95.2,37.9,0.000,0.727,0.00,0.000,9.5,13.6,1.9,275,11,12.1,18.8,2.4,273,10,9.5,13.6,1.9,275,11,0,29.00,,0,0,0,43.0,43.4,44.0,0.38,0.37,0.34
WEST,2015-12-02 22:30:00 EST,43.10647,-75.46146,655,39.1,39.2,31.9,95.3,37.8,0.000,0.727,0.00,0.000,11.4,17.8,1.9,271,11,14.5,22.1,2.3,269,9,11.4,17.8,1.9,271,11,0,29.00,,0,0,0,43.0,43.4,44.0,0.38,0.37,0.34
WEST,2015-12-02 22:35:00 EST,43.10647,-75.46146,655,39.0,39.1,32.2,95.2,37.8,0.000,0.727,0.00,0.000,10.5,16.4,2.2,277,11,13.3,21.5,2.7,273,9,10.5,16.4,2.2,277,11,0,29.00,,0,0,0,43.0,43.4,44.0,0.38,0.37,0.34
WEST,2015-12-02 22:40:00 EST,43.10647,-75.46146,655,38.9,39.0,31.7,95.2,37.7,0.000,0.727,0.00,0.000,11.3,20.2,2.6,276,11,14.4,23.7,3.0,274,9,11.3,20.2,2.6,276,11,0,29.00,,0,0,0,43.0,43.4,44.0,0.38,0.37,0.34
WEST,2015-12-02 22:45:00 EST,43.10647,-75.46146,655,38.8,38.9,31.1,95.0,37.5,0.000,0.727,0.00,0.000,12.6,18.3,2.6,277,12,15.7,24.6,3.3,275,10,12.6,18.3,2.6,277,12,0,29.00,,0,0,0,42.9,43.4,44.0,0.38,0.37,0.34
WEST,2015-12-02 22:50:00 EST,43.10647,-75.46146,655,38.7,38.8,31.7,95.3,37.5,0.003,0.730,0.00,0.003,10.7,15.6,2.1,278,11,13.7,20.6,2.7,277,8,10.7,15.6,2.1,278,11,0,29.00,,0,0,0,42.9,43.4,44.0,0.38,0.37,0.34
WEST,2015-12-02 22:55:00 EST,43.10647,-75.46146,655,38.6,38.7,31.3,95.4,37.4,0.004,0.734,0.00,0.007,11.6,18.8,2.3,284,12,14.6,22.6,2.9,280,8,11.6,18.8,2.3,284,12,0,29.00,,0,0,0,42.9,43.5,44.0,0.38,0.37,0.34
WEST,2015-12-02 23:00:00 EST,43.10647,-75.46146,655,38.6,38.6,31.8,95.6,37.4,0.001,0.735,0.00,0.008,10.2,15.1,2.0,282,13,12.5,19.0,2.8,279,10,10.2,15.1,2.0,282,13,0,29.00,,0,0,0,42.9,43.4,44.0,0.38,0.37,0.34
WEST,2015-12-02 23:05:00 EST,43.10647,-75.46146,655,38.5,38.6,31.3,95.5,37.4,0.000,0.735,0.00,0.008,11.2,16.1,2.2,281,14,13.3,19.2,2.7,279,12,11.2,16.1,2.2,281,14,0,29.01,,0,0,0,42.8,43.5,44.0,0.38,0.37,0.34
WEST,2015-12-02 23:10:00 EST,43.10647,-75.46146,655,38.5,38.6,31.1,95.1,37.2,0.000,0.735,0.00,0.008,11.7,16.3,2.2,285,10,13.5,19.2,2.7,283,9,11.7,16.3,2.2,285,10,0,29.00,,0,0,0,42.8,43.5,44.0,0.38,0.37,0.34
WEST,2015-12-02 23:15:00 EST,43.10647,-75.46146,655,38.5,38.6,31.6,94.8,37.1,0.000,0.735,0.00,0.008,10.3,17.9,2.6,284,9,11.9,18.8,2.9,281,7,10.3,17.9,2.6,284,9,0,29.01,,0,0,0,42.8,43.5,44.0,0.38,0.37,0.34
WEST,2015-12-02 23:20:00 EST,43.10647,-75.46146,655,38.5,38.6,31.8,94.7,37.1,0.000,0.735,0.00,0.008,9.9,15.1,1.6,283,12,11.6,17.2,2.1,280,12,9.9,15.1,1.6,283,12,0,29.01,,0,0,0,42.8,43.5,44.0,0.38,0.37,0.34
WEST,2015-12-02 23:25:00 EST,43.10647,-75.46146,655,38.4,38.5,31.0,94.6,37.0,0.000,0.735,0.00,0.008,11.6,17.0,2.5,280,8,13.5,20.4,2.9,278,7,11.6,17.0,2.5,280,8,0,29.01,,0,0,0,42.7,43.5,44.0,0.38,0.37,0.34
WEST,2015-12-02 23:30:00 EST,43.10647,-75.46146,655,38.4,38.5,30.7,94.5,37.0,0.000,0.735,0.00,0.008,12.2,16.7,2.0,281,9,14.4,19.2,2.3,278,7,12.2,16.7,2.0,281,9,0,29.01,,0,0,0,42.7,43.5,44.0,0.38,0.37,0.34
WEST,2015-12-02 23:35:00 EST,43.10647,-75.46146,655,38.3,38.4,31.2,94.4,36.9,0.000,0.735,0.00,0.008,10.8,14.2,2.1,281,11,12.7,16.8,2.5,278,9,10.8,14.2,2.1,281,11,0,29.01,,0,0,0,42.7,43.5,44.0,0.38,0.37,0.34
WEST,2015-12-02 23:40:00 EST,43.10647,-75.46146,655,38.3,38.4,31.5,94.6,36.9,0.000,0.735,0.00,0.008,10.1,14.0,1.8,283,10,11.8,16.8,2.2,280,8,10.1,14.0,1.8,283,10,0,29.01,,0,0,0,42.7,43.5,44.0,0.38,0.37,0.34
WEST,2015-12-02 23:45:00 EST,43.10647,-75.46146,655,38.3,38.4,30.6,94.6,36.8,0.000,0.735,0.00,0.008,12.0,18.8,2.1,281,9,14.1,21.7,2.5,278,7,12.0,18.8,2.1,281,9,0,29.01,,0,0,0,42.7,43.5,44.0,0.38,0.37,0.34
WEST,2015-12-02 23:50:00 EST,43.10647,-75.46146,655,38.2,38.3,31.0,94.3,36.7,0.000,0.735,0.00,0.005,10.9,14.6,1.7,279,9,12.9,17.0,2.2,276,8,10.9,14.6,1.7,279,9,0,29.01,,0,0,0,42.6,43.5,44.0,0.38,0.37,0.34
WEST,2015-12-02 23:55:00 EST,43.10647,-75.46146,655,38.1,38.3,31.3,94.5,36.7,0.000,0.735,0.00,0.001,10.1,15.6,2.2,283,9,11.8,18.3,2.7,280,8,10.1,15.6,2.2,283,9,0,29.01,,0,0,0,42.6,43.5,44.0,0.38,0.37,0.34
WHIT,2015-12-02 00:00:00 EST,43.48507,-73.42307,120,34.1,33.9,34.1,98.3,33.6,0.002,0.395,0.00,0.026,0.3,0.7,0.3,125,0,0.8,1.3,0.2,122,13,0.3,0.7,0.3,125,0,0,29.88,,0,0,0,36.9,41.4,45.1,0.51,0.70,0.76
WHIT,2015-12-02 00:05:00 EST,43.48507,-73.42307,120,34.1,33.9,34.1,98.3,33.6,0.001,0.001,0.00,0.023,0.0,0.0,0.0,0,0,0.6,1.1,0.2,170,34,0.0,0.0,0.0,0,0,0,29.88,,0,0,0,36.9,41.4,45.1,0.51,0.70,0.76
WHIT,2015-12-02 00:10:00 EST,43.48507,-73.42307,120,34.2,34.0,34.2,98.3,33.7,0.005,0.006,0.00,0.025,0.0,0.0,0.0,0,0,0.7,1.3,0.3,187,29,0.0,0.0,0.0,0,0,0,29.88,,0,0,0,36.9,41.4,45.1,0.50,0.70,0.76
WHIT,2015-12-02 00:15:00 EST,43.48507,-73.42307,120,34.3,34.1,34.3,98.3,33.8,0.005,0.010,0.00,0.027,0.4,1.5,0.4,178,7,1.0,2.0,0.3,180,17,0.4,1.5,0.4,178,7,0,29.88,,0,0,0,36.9,41.4,45.1,0.51,0.70,0.76
WHIT,2015-12-02 00:20:00 EST,43.48507,-73.42307,120,34.4,34.2,34.4,98.3,33.9,0.005,0.016,0.00,0.029,0.6,1.1,0.3,178,8,1.2,2.0,0.3,182,15,0.6,1.1,0.3,178,8,0,29.87,,0,0,0,36.9,41.4,45.1,0.51,0.70,0.76
WHIT,2015-12-02 00:25:00 EST,43.48507,-73.42307,120,34.4,34.3,34.4,98.3,34.0,0.003,0.018,0.00,0.030,0.4,1.0,0.3,169,9,1.0,2.0,0.3,168,26,0.4,1.0,0.3,169,9,0,29.87,,0,0,0,36.9,41.4,45.1,0.51,0.71,0.76
WHIT,2015-12-02 00:30:00 EST,43.48507,-73.42307,120,34.3,34.2,34.3,98.3,33.9,0.001,0.019,0.00,0.029,0.1,0.7,0.2,183,5,0.8,1.3,0.3,180,26,0.1,0.7,0.2,183,5,0,29.86,,0,0,0,36.9,41.4,45.1,0.51,0.70,0.76
WHIT,2015-12-02 00:35:00 EST,43.48507,-73.42307,120,34.5,34.3,34.5,98.3,34.0,0.002,0.021,0.00,0.031,0.8,2.1,0.5,212,9,1.2,2.5,0.5,220,14,0.8,2.1,0.5,212,9,0,29.86,,0,0,0,36.9,41.4,45.1,0.51,0.70,0.76
WHIT,2015-12-02 00:40:00 EST,43.48507,-73.42307,120,34.6,34.4,34.6,98.4,34.2,0.001,0.022,0.00,0.029,0.6,1.6,0.5,229,9,1.1,1.8,0.3,237,20,0.6,1.6,0.5,229,9,0,29.86,,0,0,0,36.9,41.4,45.1,0.51,0.70,0.76
WHIT,2015-12-02 00:45:00 EST,43.48507,-73.42307,120,34.6,34.5,34.6,98.3,34.2,0.002,0.024,0.00,0.029,0.3,1.0,0.3,224,12,0.8,1.6,0.2,259,46,0.3,1.0,0.3,224,12,0,29.85,,0,0,0,36.9,41.4,45.1,0.51,0.70,0.76
WHIT,2015-12-02 00:50:00 EST,43.48507,-73.42307,120,34.3,34.2,34.3,98.3,33.9,0.000,0.024,0.00,0.028,1.0,1.4,0.3,1,4,1.4,1.8,0.3,9,8,1.0,1.4,0.3,1,4,0,29.85,,0,0,0,36.9,41.4,45.1,0.51,0.70,0.76
WHIT,2015-12-02 00:55:00 EST,43.48507,-73.42307,120,34.2,34.4,34.2,98.3,33.8,0.002,0.026,0.00,0.027,0.0,0.5,0.1,6,0,0.6,1.1,0.2,67,47,0.0,0.5,0.1,6,0,0,29.85,,0,0,0,36.9,41.4,45.1,0.51,0.70,0.76
WHIT,2015-12-02 01:00:00 EST,43.48507,-73.42307,120,34.4,34.3,34.4,98.3,33.9,0.001,0.027,0.00,0.027,0.6,1.2,0.5,82,7,1.2,1.8,0.4,84,16,0.6,1.2,0.5,82,7,0,29.85,,0,0,0,36.9,41.4,45.1,0.51,0.70,0.76
WHIT,2015-12-02 01:05:00 EST,43.48507,-73.42307,120,34.3,34.2,34.3,98.3,33.8,0.000,0.027,0.00,0.026,0.8,1.1,0.1,46,10,1.2,1.6,0.2,43,9,0.8,1.1,0.1,46,10,0,29.85,,0,0,0,36.9,41.4,45.1,0.51,0.70,0.76
WHIT,2015-12-02 01:10:00 EST,43.48507,-73.42307,120,34.3,34.2,34.3,98.3,33.8,0.000,0.027,0.00,0.021,0.2,1.1,0.3,34,0,0.9,1.3,0.2,12,15,0.2,1.1,0.3,34,0,0,29.85,,0,0,0,36.9,41.4,45.1,0.51,0.70,0.76
WHIT,2015-12-02 01:15:00 EST,43.48507,-73.42307,120,34.3,34.3,34.3,98.3,33.8,0.000,0.027,0.00,0.016,0.0,0.0,0.0,0,0,0.8,1.1,0.2,13,17,0.0,0.0,0.0,0,0,0,29.84,,0,0,0,36.9,41.4,45.1,0.51,0.70,0.76
WHIT,2015-12-02 01:20:00 EST,43.48507,-73.42307,120,34.3,34.3,34.3,98.3,33.8,0.003,0.029,0.00,0.014,0.2,0.8,0.3,332,3,1.0,1.3,0.2,355,20,0.2,0.8,0.3,332,3,0,29.84,,0,0,0,36.9,41.3,45.1,0.51,0.70,0.76
WHIT,2015-12-02 01:25:00 EST,43.48507,-73.42307,120,34.2,34.1,34.2,98.3,33.8,0.001,0.030,0.00,0.012,0.8,1.1,0.1,320,6,1.1,1.6,0.2,327,7,0.8,1.1,0.1,320,6,0,29.84,,0,0,0,36.9,41.3,45.1,0.51,0.70,0.76
WHIT,2015-12-02 01:30:00 EST,43.48507,-73.42307,120,34.2,34.1,34.2,98.3,33.8,0.000,0.030,0.00,0.011,0.6,0.9,0.2,298,7,0.9,1.3,0.2,303,12,0.6,0.9,0.2,298,7,0,29.83,,0,0,0,36.9,41.4,45.1,0.51,0.70,0.76
WHIT,2015-12-02 01:35:00 EST,43.48507,-73.42307,120,34.2,34.0,34.2,98.3,33.8,0.000,0.030,0.00,0.009,0.3,1.2,0.4,271,2,1.1,1.6,0.2,291,9,0.3,1.2,0.4,271,2,0,29.83,,0,0,0,36.9,41.4,45.1,0.51,0.70,0.76
WHIT,2015-12-02 01:40:00 EST,43.48507,-73.42307,120,34.2,34.0,34.2,98.3,33.8,0.002,0.032,0.00,0.010,0.8,1.5,0.3,308,8,1.1,1.6,0.3,323,12,0.8,1.5,0.3,308,8,0,29.83,,0,0,0,36.9,41.3,45.1,0.51,0.70,0.76
WHIT,2015-12-02 01:45:00 EST,43.48507,-73.42307,120,34.2,34.0,34.2,98.4,33.8,0.000,0.032,0.00,0.009,0.1,0.2,0.0,348,3,0.6,1.6,0.3,10,29,0.1,0.2,0.0,348,3,0,29.82,,0,0,0,36.9,41.4,45.1,0.51,0.70,0.76
WHIT,2015-12-02 01:50:00 EST,43.48507,-73.42307,120,34.2,34.1,34.2,98.3,33.8,0.000,0.032,0.00,0.009,0.1,0.1,0.0,349,0,0.4,1.3,0.3,165,69,0.1,0.1,0.0,349,0,0,29.82,,0,0,0,36.9,41.3,45.1,0.51,0.70,0.76
WHIT,2015-12-02 01:55:00 EST,43.48507,-73.42307,120,34.3,34.1,34.3,98.4,33.8,0.000,0.032,0.00,0.006,0.1,0.1,0.0,349,0,0.5,1.3,0.2,161,28,0.1,0.1,0.0,349,0,0,29.82,,0,0,0,37.0,41.4,45.0,0.51,0.70,0.76
WHIT,2015-12-02 02:00:00 EST,43.48507,-73.42307,120,34.3,34.2,34.3,98.4,33.9,0.000,0.032,0.00,0.006,0.3,0.9,0.3,139,31,1.0,1.6,0.2,153,20,0.3,0.9,0.3,139,31,0,29.82,,0,0,0,37.0,41.4,45.1,0.51,0.70,0.76
WHIT,2015-12-02 02:05:00 EST,43.48507,-73.42307,120,34.4,34.2,34.4,98.4,34.0,0.000,0.032,0.00,0.006,0.1,0.7,0.2,143,0,0.6,1.1,0.2,111,20,0.1,0.7,0.2,143,0,0,29.82,,0,0,0,37.0,41.3,45.0,0.51,0.70,0.76
WHIT,2015-12-02 02:10:00 EST,43.48507,-73.42307,120,34.4,34.3,34.4,98.4,34.0,0.000,0.032,0.00,0.006,0.1,0.9,0.3,63,0,0.9,1.6,0.3,59,14,0.1,0.9,0.3,63,0,0,29.82,,0,0,0,37.0,41.4,45.0,0.51,0.70,0.76
WHIT,2015-12-02 02:15:00 EST,43.48507,-73.42307,120,34.5,34.3,34.5,98.4,34.1,0.000,0.032,0.00,0.006,0.2,0.8,0.3,46,4,0.9,1.3,0.2,42,15,0.2,0.8,0.3,46,4,0,29.82,,0,0,0,37.0,41.4,45.0,0.51,0.71,0.76
WHIT,2015-12-02 02:20:00 EST,43.48507,-73.42307,120,34.5,34.3,34.5,98.4,34.1,0.000,0.032,0.00,0.003,0.0,0.0,0.0,0,0,0.6,1.1,0.2,3,47,0.0,0.0,0.0,0,0,0,29.82,,0,0,0,37.0,41.3,45.0,0.51,0.70,0.76
WHIT,2015-12-02 02:25:00 EST,43.48507,-73.42307,120,34.5,34.3,34.5,98.4,34.1,0.000,0.032,0.00,0.002,0.0,0.0,0.0,0,0,0.4,1.8,0.3,235,68,0.0,0.0,0.0,0,0,0,29.82,,0,0,0,37.0,41.4,45.0,0.51,0.70,0.76
WHIT,2015-12-02 02:30:00 EST,43.48507,-73.42307,120,34.5,34.4,34.5,98.4,34.1,0.000,0.032,0.00,0.002,0.0,0.0,0.0,0,0,0.6,1.1,0.2,289,14,0.0,0.0,0.0,0,0,0,29.82,,0,0,0,37.0,41.3,45.0,0.51,0.70,0.76
WHIT,2015-12-02 02:35:00 EST,43.48507,-73.42307,120,34.5,34.4,34.5,98.4,34.1,0.000,0.032,0.00,0.002,0.0,0.1,0.0,302,2,0.8,1.1,0.2,305,12,0.0,0.1,0.0,302,2,0,29.82,,0,0,0,37.0,41.3,45.0,0.51,0.70,0.76
WHIT,2015-12-02 02:40:00 EST,43.48507,-73.42307,120,34.5,34.4,34.5,98.4,34.1,0.000,0.032,0.00,0.000,0.1,0.1,0.0,308,0,0.5,0.9,0.2,319,17,0.1,0.1,0.0,308,0,0,29.82,,0,0,0,37.0,41.3,45.0,0.51,0.70,0.76
WHIT,2015-12-02 02:45:00 EST,43.48507,-73.42307,120,34.5,34.4,34.5,98.4,34.1,0.000,0.032,0.00,0.000,0.2,0.8,0.3,292,5,0.9,1.3,0.2,292,10,0.2,0.8,0.3,292,5,0,29.82,,0,0,0,37.0,41.3,45.0,0.51,0.70,0.76
WHIT,2015-12-02 02:50:00 EST,43.48507,-73.42307,120,34.5,34.3,34.5,98.4,34.1,0.000,0.032,0.00,0.000,0.1,0.7,0.1,290,0,0.5,1.3,0.3,261,60,0.1,0.7,0.1,290,0,0,29.82,,0,0,0,37.0,41.3,45.0,0.51,0.70,0.76
WHIT,2015-12-02 02:55:00 EST,43.48507,-73.42307,120,34.5,34.4,34.5,98.4,34.1,0.003,0.035,0.00,0.003,0.1,0.1,0.0,290,0,0.9,1.3,0.2,106,10,0.1,0.1,0.0,290,0,0,29.81,,0,0,0,37.0,41.2,45.0,0.51,0.70,0.76
WHIT,2015-12-02 03:00:00 EST,43.48507,-73.42307,120,34.5,34.4,34.5,98.4,34.1,0.000,0.035,0.00,0.003,0.1,0.1,0.0,290,0,0.9,1.1,0.1,122,6,0.1,0.1,0.0,290,0,0,29.81,,0,0,0,37.1,41.2,45.0,0.51,0.71,0.76
WHIT,2015-12-02 03:05:00 EST,43.48507,-73.42307,120,34.6,34.4,34.6,98.4,34.2,0.001,0.036,0.00,0.004,0.1,0.1,0.0,290,0,0.6,1.3,0.3,114,35,0.1,0.1,0.0,290,0,0,29.81,,0,0,0,37.1,41.2,45.0,0.51,0.70,0.76
WHIT,2015-12-02 03:10:00 EST,43.48507,-73.42307,120,34.6,34.4,34.6,98.4,34.2,0.000,0.036,0.00,0.004,0.1,0.1,0.0,290,0,0.4,1.8,0.3,354,73,0.1,0.1,0.0,290,0,0,29.81,,0,0,0,37.1,41.2,45.0,0.51,0.70,0.76
WHIT,2015-12-02 03:15:00 EST,43.48507,-73.42307,120,34.6,34.4,34.6,98.4,34.2,0.000,0.036,0.00,0.004,0.1,0.1,0.0,290,0,0.5,1.1,0.2,329,31,0.1,0.1,0.0,290,0,0,29.81,,0,0,0,37.2,41.2,45.0,0.51,0.70,0.76
WHIT,2015-12-02 03:20:00 EST,43.48507,-73.42307,120,34.5,34.4,34.5,98.4,34.1,0.000,0.036,0.00,0.004,0.1,0.1,0.0,290,0,1.0,1.6,0.2,339,15,0.1,0.1,0.0,290,0,0,29.80,,0,0,0,37.2,41.2,45.0,0.51,0.71,0.76
WHIT,2015-12-02 03:25:00 EST,43.48507,-73.42307,120,34.5,34.4,34.5,98.4,34.1,0.000,0.036,0.00,0.004,0.2,1.2,0.3,305,9,1.3,1.6,0.1,315,8,0.2,1.2,0.3,305,9,0,29.80,,0,0,0,37.2,41.2,45.0,0.51,0.71,0.76
WHIT,2015-12-02 03:30:00 EST,43.48507,-73.42307,120,34.5,34.4,34.5,98.5,34.2,0.000,0.036,0.00,0.004,0.9,1.3,0.2,313,2,1.2,1.6,0.2,324,9,0.9,1.3,0.2,313,2,0,29.80,,0,0,0,37.2,41.2,45.0,0.51,0.70,0.76
WHIT,2015-12-02 03:35:00 EST,43.48507,-73.42307,120,34.6,34.4,34.6,98.4,34.2,0.000,0.036,0.00,0.004,0.2,0.7,0.2,316,2,0.7,1.1,0.2,355,20,0.2,0.7,0.2,316,2,0,29.80,,0,0,0,37.2,41.2,45.0,0.51,0.70,0.76
WHIT,2015-12-02 03:40:00 EST,43.48507,-73.42307,120,34.5,34.4,34.5,98.4,34.1,0.000,0.036,0.00,0.004,0.0,0.1,0.0,325,6,1.0,1.6,0.3,21,15,0.0,0.1,0.0,325,6,0,29.80,,0,0,0,37.2,41.2,45.0,0.51,0.70,0.76
WHIT,2015-12-02 03:45:00 EST,43.48507,-73.42307,120,34.5,34.5,34.5,98.4,34.1,0.000,0.036,0.00,0.004,0.0,0.0,0.0,0,0,1.4,1.8,0.1,15,9,0.0,0.0,0.0,0,0,0,29.79,,0,0,0,37.2,41.2,45.0,0.51,0.70,0.76
WHIT,2015-12-02 03:50:00 EST,43.48507,-73.42307,120,34.5,34.5,34.5,98.5,34.1,0.002,0.038,0.00,0.006,0.0,0.0,0.0,0,0,1.1,1.6,0.2,26,7,0.0,0.0,0.0,0,0,0,29.79,,0,0,0,37.2,41.2,45.0,0.51,0.71,0.76
WHIT,2015-12-02 03:55:00 EST,43.48507,-73.42307,120,34.5,34.6,34.5,98.4,34.1,0.000,0.038,0.00,0.003,0.0,0.0,0.0,0,0,0.6,1.1,0.2,68,30,0.0,0.0,0.0,0,0,0,29.79,,0,0,0,37.2,41.2,45.0,0.51,0.70,0.76
WHIT,2015-12-02 04:00:00 EST,43.48507,-73.42307,120,34.6,34.6,34.6,98.4,34.2,0.000,0.038,0.00,0.003,0.0,0.0,0.0,0,0,0.8,1.6,0.3,135,16,0.0,0.0,0.0,0,0,0,29.79,,0,0,0,37.2,41.2,45.0,0.51,0.70,0.76
WHIT,2015-12-02 04:05:00 EST,43.48507,-73.42307,120,34.6,34.7,34.6,98.5,34.3,0.000,0.038,0.00,0.002,0.0,0.0,0.0,0,0,1.3,1.8,0.2,151,9,0.0,0.0,0.0,0,0,0,29.78,,0,0,0,37.2,41.2,45.0,0.51,0.70,0.76
WHIT,2015-12-02 04:10:00 EST,43.48507,-73.42307,120,34.7,34.5,34.7,98.5,34.3,0.000,0.038,0.00,0.002,0.0,0.0,0.0,0,0,1.2,1.6,0.2,141,8,0.0,0.0,0.0,0,0,0,29.79,,0,0,0,37.2,41.2,45.0,0.51,0.70,0.76
WHIT,2015-12-02 04:15:00 EST,43.48507,-73.42307,120,34.7,34.6,34.7,98.5,34.3,0.000,0.038,0.00,0.002,0.0,0.0,0.0,0,0,0.7,1.3,0.3,128,18,0.0,0.0,0.0,0,0,0,29.78,,0,0,0,37.2,41.2,45.0,0.51,0.70,0.76
WHIT,2015-12-02 04:20:00 EST,43.48507,-73.42307,120,34.7,34.6,34.7,98.5,34.3,0.002,0.041,0.00,0.004,0.0,0.0,0.0,0,0,0.5,1.6,0.3,117,69,0.0,0.0,0.0,0,0,0,29.78,,0,0,0,37.2,41.2,45.0,0.51,0.71,0.76
WHIT,2015-12-02 04:25:00 EST,43.48507,-73.42307,120,34.7,34.6,34.7,98.5,34.4,0.000,0.041,0.00,0.004,0.0,0.0,0.0,0,0,0.4,1.6,0.3,103,51,0.0,0.0,0.0,0,0,0,29.78,,0,0,0,37.2,41.2,45.0,0.51,0.70,0.76
WHIT,2015-12-02 04:30:00 EST,43.48507,-73.42307,120,34.8,34.6,34.8,98.5,34.4,0.001,0.041,0.00,0.005,0.5,1.9,0.7,84,3,1.4,2.2,0.6,83,14,0.5,1.9,0.7,84,3,0,29.78,,0,0,0,37.2,41.2,45.0,0.51,0.71,0.76
WHIT,2015-12-02 04:35:00 EST,43.48507,-73.42307,120,34.8,34.7,34.8,98.5,34.5,0.000,0.041,0.00,0.005,0.8,1.9,0.6,90,2,1.3,2.2,0.4,89,9,0.8,1.9,0.6,90,2,0,29.78,,0,0,0,37.2,41.2,45.0,0.51,0.70,0.76
WHIT,2015-12-02 04:40:00 EST,43.48507,-73.42307,120,34.9,34.8,34.9,98.5,34.5,0.000,0.041,0.00,0.005,0.0,0.0,0.0,0,0,0.8,1.3,0.2,87,19,0.0,0.0,0.0,0,0,0,29.78,,0,0,0,37.2,41.2,45.0,0.51,0.70,0.76
WHIT,2015-12-02 04:45:00 EST,43.48507,-73.42307,120,34.9,34.8,34.9,98.5,34.5,0.000,0.041,0.00,0.005,0.0,0.0,0.0,0,0,0.8,1.6,0.3,110,18,0.0,0.0,0.0,0,0,0,29.78,,0,0,0,37.2,41.2,45.0,0.51,0.70,0.76
WHIT,2015-12-02 04:50:00 EST,43.48507,-73.42307,120,34.9,34.9,34.9,98.5,34.6,0.000,0.041,0.00,0.003,0.0,0.0,0.0,0,0,0.8,1.6,0.3,106,51,0.0,0.0,0.0,0,0,0,29.77,,0,0,0,37.2,41.2,45.0,0.51,0.71,0.76
WHIT,2015-12-02 04:55:00 EST,43.48507,-73.42307,120,35.0,34.9,35.0,98.5,34.6,0.000,0.041,0.00,0.003,0.0,0.0,0.0,0,0,0.6,0.9,0.2,225,28,0.0,0.0,0.0,0,0,0,29.78,,0,0,0,37.2,41.2,45.0,0.51,0.70,0.76
WHIT,2015-12-02 05:00:00 EST,43.48507,-73.42307,120,35.0,34.9,35.0,98.5,34.7,0.002,0.043,0.00,0.005,0.0,0.0,0.0,0,0,0.8,1.3,0.2,213,20,0.0,0.0,0.0,0,0,0,29.78,,0,0,0,37.2,41.2,45.0,0.51,0.70,0.76
WHIT,2015-12-02 05:05:00 EST,43.48507,-73.42307,120,35.0,34.9,35.0,98.5,34.6,0.004,0.047,0.00,0.009,0.0,0.0,0.0,0,0,0.6,2.5,0.4,288,65,0.0,0.0,0.0,0,0,0,29.77,,0,0,0,37.2,41.2,45.0,0.51,0.71,0.76
WHIT,2015-12-02 05:10:00 EST,43.48507,-73.42307,120,35.0,34.9,35.0,98.5,34.7,0.001,0.048,0.00,0.010,0.0,0.0,0.0,0,0,0.5,1.6,0.3,127,63,0.0,0.0,0.0,0,0,0,29.77,,0,0,0,37.2,41.2,45.0,0.51,0.71,0.76
WHIT,2015-12-02 05:15:00 EST,43.48507,-73.42307,120,35.0,34.9,35.0,98.5,34.7,0.002,0.050,0.00,0.012,0.0,0.0,0.0,0,0,0.6,1.6,0.3,171,43,0.0,0.0,0.0,0,0,0,29.77,,0,0,0,37.2,41.2,45.0,0.51,0.71,0.76
WHIT,2015-12-02 05:20:00 EST,43.48507,-73.42307,120,35.1,35.0,35.1,98.5,34.7,0.008,0.058,0.00,0.018,0.0,0.0,0.0,0,0,0.7,1.3,0.3,192,30,0.0,0.0,0.0,0,0,0,29.77,,0,0,0,37.2,41.2,45.0,0.51,0.71,0.76
WHIT,2015-12-02 05:25:00 EST,43.48507,-73.42307,120,35.2,35.0,35.2,98.5,34.8,0.003,0.061,0.00,0.021,0.0,0.0,0.0,0,0,0.6,1.1,0.2,149,31,0.0,0.0,0.0,0,0,0,29.77,,0,0,0,37.2,41.2,45.0,0.51,0.71,0.76
WHIT,2015-12-02 05:30:00 EST,43.48507,-73.42307,120,35.2,35.0,35.2,98.5,34.8,0.004,0.066,0.00,0.024,0.0,0.0,0.0,0,0,0.7,1.3,0.4,125,40,0.0,0.0,0.0,0,0,0,29.78,,0,0,0,37.2,41.2,45.0,0.51,0.71,0.76
WHIT,2015-12-02 05:35:00 EST,43.48507,-73.42307,120,35.2,35.2,35.2,98.5,34.9,0.004,0.069,0.00,0.028,1.4,3.1,0.6,131,13,1.8,3.4,0.5,129,14,1.4,3.1,0.6,131,13,0,29.78,,0,0,0,37.2,41.2,45.0,0.51,0.71,0.76
WHIT,2015-12-02 05:40:00 EST,43.48507,-73.42307,120,35.3,35.4,35.3,98.5,34.9,0.005,0.074,0.00,0.033,1.8,2.8,0.3,116,16,2.0,3.6,0.4,119,16,1.8,2.8,0.3,116,16,0,29.77,,0,0,0,37.2,41.2,45.0,0.51,0.71,0.76
WHIT,2015-12-02 05:45:00 EST,43.48507,-73.42307,120,35.3,35.3,35.3,98.6,35.0,0.003,0.077,0.00,0.036,1.2,1.8,0.3,106,12,1.6,2.2,0.4,107,14,1.2,1.8,0.3,106,12,0,29.77,,0,0,0,37.2,41.2,45.0,0.51,0.71,0.76
WHIT,2015-12-02 05:50:00 EST,43.48507,-73.42307,120,35.4,35.5,35.4,98.6,35.1,0.001,0.078,0.00,0.036,0.6,1.2,0.4,145,8,1.1,1.8,0.3,145,14,0.6,1.2,0.4,145,8,0,29.77,,0,0,0,37.2,41.2,45.0,0.51,0.71,0.76
WHIT,2015-12-02 05:55:00 EST,43.48507,-73.42307,120,35.6,35.6,35.6,98.6,35.2,0.005,0.083,0.00,0.041,0.5,1.4,0.5,198,10,0.9,1.8,0.4,202,24,0.5,1.4,0.5,198,10,0,29.77,,0,0,0,37.2,41.2,45.0,0.51,0.70,0.76
WHIT,2015-12-02 06:00:00 EST,43.48507,-73.42307,120,35.8,36.1,35.8,98.6,35.4,0.003,0.086,0.00,0.042,1.4,2.1,0.3,218,10,1.6,2.5,0.3,223,13,1.4,2.1,0.3,218,10,0,29.77,,0,0,0,37.2,41.2,45.0,0.51,0.71,0.76
WHIT,2015-12-02 06:05:00 EST,43.48507,-73.42307,120,36.2,36.4,36.2,98.7,35.9,0.005,0.091,0.00,0.044,2.6,4.2,0.7,213,11,2.7,5.1,0.8,217,10,2.6,4.2,0.7,213,11,0,29.77,,0,0,0,37.2,41.2,45.0,0.51,0.71,0.76
WHIT,2015-12-02 06:10:00 EST,43.48507,-73.42307,120,36.5,36.4,36.5,98.7,36.1,0.020,0.111,0.43,0.063,2.9,4.4,0.6,211,9,2.9,4.5,0.7,215,9,2.9,4.4,0.6,211,9,0,29.77,,0,0,0,37.3,41.2,45.0,0.51,0.71,0.76
WHIT,2015-12-02 06:15:00 EST,43.48507,-73.42307,120,36.6,36.5,36.6,98.7,36.3,0.005,0.116,0.00,0.066,2.6,4.1,0.6,211,11,2.9,4.7,0.7,216,10,2.6,4.1,0.6,211,11,0,29.77,,0,0,0,37.3,41.2,45.0,0.51,0.71,0.76
WHIT,2015-12-02 06:20:00 EST,43.48507,-73.42307,120,36.7,36.6,34.5,98.7,36.4,0.006,0.122,0.00,0.064,3.2,4.2,0.7,205,12,3.4,5.6,0.8,208,12,3.2,4.2,0.7,205,12,0,29.77,,0,0,0,37.2,41.2,45.0,0.51,0.71,0.76
WHIT,2015-12-02 06:25:00 EST,43.48507,-73.42307,120,36.9,36.7,36.9,98.7,36.5,0.003,0.125,0.00,0.064,2.8,4.0,0.4,197,10,3.0,4.9,0.6,203,10,2.8,4.0,0.4,197,10,0,29.77,,0,0,0,37.3,41.2,44.9,0.51,0.71,0.76
WHIT,2015-12-02 06:30:00 EST,43.48507,-73.42307,120,36.9,36.7,34.5,98.7,36.5,0.000,0.125,0.00,0.059,3.3,5.1,0.7,167,20,3.8,6.5,0.9,172,19,3.3,5.1,0.7,167,20,0,29.77,,0,0,0,37.3,41.2,45.0,0.51,0.71,0.76
WHIT,2015-12-02 06:35:00 EST,43.48507,-73.42307,120,36.7,36.5,36.7,98.6,36.4,0.000,0.125,0.00,0.056,1.7,2.8,0.4,113,14,2.0,3.1,0.4,114,16,1.7,2.8,0.4,113,14,0,29.77,,0,0,0,37.3,41.2,45.0,0.51,0.71,0.76
WHIT,2015-12-02 06:40:00 EST,43.48507,-73.42307,120,36.7,36.5,36.7,98.6,36.3,0.008,0.133,0.00,0.059,0.6,1.5,0.5,59,17,1.1,2.0,0.4,56,21,0.6,1.5,0.5,59,17,0,29.77,,0,0,0,37.3,41.2,45.0,0.51,0.71,0.76
WHIT,2015-12-02 06:45:00 EST,43.48507,-73.42307,120,36.7,36.6,36.7,98.6,36.3,0.016,0.149,0.00,0.072,0.1,0.4,0.2,30,0,0.8,2.0,0.3,42,38,0.1,0.4,0.2,30,0,0,29.76,,0,0,0,37.3,41.2,45.0,0.51,0.71,0.76
WHIT,2015-12-02 06:50:00 EST,43.48507,-73.42307,120,36.8,36.7,36.8,98.6,36.4,0.013,0.162,0.00,0.084,0.5,1.8,0.6,228,7,1.0,2.0,0.5,238,40,0.5,1.8,0.6,228,7,0,29.76,,0,0,0,37.3,41.2,44.9,0.51,0.71,0.76
WHIT,2015-12-02 06:55:00 EST,43.48507,-73.42307,120,36.9,36.8,36.9,98.6,36.5,0.005,0.167,0.00,0.084,1.0,1.6,0.3,212,15,1.3,2.0,0.3,218,18,1.0,1.6,0.3,212,15,0,29.76,,0,0,0,37.4,41.2,44.9,0.51,0.71,0.76
WHIT,2015-12-02 07:00:00 EST,43.48507,-73.42307,120,37.0,37.0,37.0,98.6,36.7,0.005,0.172,0.00,0.086,1.9,2.5,0.4,222,5,2.0,2.7,0.4,226,7,1.9,2.5,0.4,222,5,0,29.76,,0,0,0,37.3,41.2,45.0,0.51,0.71,0.76
WHIT,2015-12-02 07:05:00 EST,43.48507,-73.42307,120,37.1,37.0,37.1,98.6,36.8,0.001,0.173,0.00,0.082,1.8,2.7,0.6,225,11,1.9,3.1,0.5,233,18,1.8,2.7,0.6,225,11,0,29.77,,0,0,0,37.4,41.1,44.9,0.51,0.71,0.76
WHIT,2015-12-02 07:10:00 EST,43.48507,-73.42307,120,36.9,36.8,36.9,98.6,36.5,0.001,0.174,0.00,0.063,0.4,1.2,0.4,260,9,0.9,1.6,0.3,289,30,0.4,1.2,0.4,260,9,0,29.76,,0,0,0,37.4,41.2,45.0,0.51,0.71,0.76
WHIT,2015-12-02 07:15:00 EST,43.48507,-73.42307,120,36.8,36.7,36.8,98.5,36.4,0.000,0.174,0.00,0.057,0.3,0.9,0.3,352,4,1.1,1.6,0.2,359,14,0.3,0.9,0.3,352,4,0,29.76,,0,0,0,37.4,41.1,45.0,0.51,0.71,0.76
WHIT,2015-12-02 07:20:00 EST,43.48507,-73.42307,120,36.6,36.6,36.6,98.5,36.2,0.000,0.174,0.00,0.052,0.3,1.2,0.4,358,11,1.0,1.8,0.3,348,20,0.3,1.2,0.4,358,11,0,29.76,,0,0,0,37.4,41.1,45.0,0.51,0.71,0.76
WHIT,2015-12-02 07:25:00 EST,43.48507,-73.42307,120,36.5,36.5,36.5,98.5,36.1,0.003,0.177,0.00,0.052,0.1,0.1,0.0,303,0,0.6,1.1,0.2,348,36,0.1,0.1,0.0,303,0,1,29.76,,0,0,0,37.4,41.1,44.9,0.51,0.71,0.76
WHIT,2015-12-02 07:30:00 EST,43.48507,-73.42307,120,36.3,36.3,36.3,98.5,35.9,0.003,0.179,0.00,0.055,0.5,1.2,0.5,342,7,1.3,2.0,0.3,353,11,0.5,1.2,0.5,342,7,1,29.76,,0,0,0,37.4,41.1,44.9,0.51,0.71,0.76
WHIT,2015-12-02 07:35:00 EST,43.48507,-73.42307,120,36.2,36.2,36.2,98.5,35.9,0.002,0.181,0.00,0.056,0.5,1.2,0.4,351,9,1.1,2.0,0.3,12,19,0.5,1.2,0.4,351,9,2,29.76,,0,0,0,37.4,41.1,44.9,0.51,0.71,0.76
WHIT,2015-12-02 07:40:00 EST,43.48507,-73.42307,120,36.2,36.1,36.2,98.5,35.8,0.003,0.184,0.00,0.051,0.0,0.0,0.0,0,0,0.7,1.3,0.3,21,35,0.0,0.0,0.0,0,0,2,29.76,,0,0,0,37.4,41.1,44.9,0.51,0.71,0.76
WHIT,2015-12-02 07:45:00 EST,43.48507,-73.42307,120,36.4,36.2,36.4,98.5,36.0,0.003,0.187,0.00,0.038,0.2,1.2,0.4,211,1,0.8,1.6,0.4,233,43,0.2,1.2,0.4,211,1,2,29.76,,0,0,0,37.4,41.1,44.9,0.51,0.71,0.76
WHIT,2015-12-02 07:50:00 EST,43.48507,-73.42307,120,36.5,36.3,36.5,98.5,36.1,0.002,0.189,0.00,0.027,1.2,1.5,0.1,207,4,1.4,1.8,0.2,211,5,1.2,1.5,0.1,207,4,3,29.76,,0,0,0,37.4,41.1,44.9,0.51,0.71,0.76
WHIT,2015-12-02 07:55:00 EST,43.48507,-73.42307,120,36.7,36.5,36.7,98.5,36.3,0.003,0.192,0.00,0.025,0.7,1.2,0.2,191,12,1.2,1.6,0.2,190,18,0.7,1.2,0.2,191,12,4,29.77,,0,0,0,37.4,41.1,44.9,0.51,0.71,0.76
WHIT,2015-12-02 08:00:00 EST,43.48507,-73.42307,120,36.8,36.7,36.8,98.6,36.4,0.003,0.194,0.00,0.022,1.2,1.8,0.2,162,10,1.7,2.5,0.3,165,13,1.2,1.8,0.2,162,10,4,29.77,,0,0,0,37.4,41.1,44.9,0.51,0.71,0.76
WHIT,2015-12-02 08:05:00 EST,43.48507,-73.42307,120,36.9,36.7,36.9,98.6,36.5,0.001,0.195,0.00,0.022,1.8,2.8,0.4,145,9,2.1,3.4,0.4,146,9,1.8,2.8,0.4,145,9,5,29.77,,0,0,0,37.4,41.1,44.9,0.51,0.71,0.76
WHIT,2015-12-02 08:10:00 EST,43.48507,-73.42307,120,37.0,36.9,37.0,98.6,36.6,0.005,0.200,0.00,0.027,2.3,3.1,0.4,155,11,2.6,4.0,0.5,160,13,2.3,3.1,0.4,155,11,7,29.77,,0,0,0,37.4,41.1,44.9,0.51,0.71,0.76
WHIT,2015-12-02 08:15:00 EST,43.48507,-73.42307,120,37.2,37.1,37.2,98.6,36.9,0.004,0.205,0.00,0.031,2.4,3.2,0.4,156,13,2.8,4.7,0.6,160,13,2.4,3.2,0.4,156,13,8,29.77,,0,0,0,37.4,41.1,44.9,0.51,0.71,0.76
WHIT,2015-12-02 08:20:00 EST,43.48507,-73.42307,120,37.4,37.2,37.4,98.6,37.0,0.003,0.208,0.00,0.034,2.2,3.3,0.4,137,13,2.4,4.3,0.5,140,14,2.2,3.3,0.4,137,13,11,29.76,,0,0,0,37.5,41.0,44.8,0.51,0.71,0.76
WHIT,2015-12-02 08:25:00 EST,43.48507,-73.42307,120,37.6,37.3,37.6,98.6,37.2,0.001,0.209,0.00,0.032,1.2,2.2,0.5,178,28,1.5,2.9,0.5,181,31,1.2,2.2,0.5,178,28,12,29.76,,0,0,0,37.5,41.0,44.8,0.51,0.71,0.76
WHIT,2015-12-02 08:30:00 EST,43.48507,-73.42307,120,37.9,37.6,37.9,98.6,37.5,0.000,0.209,0.00,0.029,2.8,4.3,0.5,186,12,3.3,5.8,0.8,191,12,2.8,4.3,0.5,186,12,12,29.76,,0,0,0,37.6,41.0,44.9,0.51,0.71,0.76
WHIT,2015-12-02 08:35:00 EST,43.48507,-73.42307,120,38.0,37.8,35.7,98.7,37.7,0.000,0.209,0.00,0.028,3.4,5.1,0.7,180,8,4.1,6.3,0.8,184,6,3.4,5.1,0.7,180,8,15,29.76,,0,0,0,37.6,41.1,44.8,0.51,0.71,0.76
WHIT,2015-12-02 08:40:00 EST,43.48507,-73.42307,120,38.1,37.8,38.1,98.6,37.7,0.000,0.209,0.00,0.024,2.3,3.7,0.5,191,21,2.6,3.6,0.4,196,20,2.3,3.7,0.5,191,21,21,29.76,,0,0,0,37.6,41.0,44.8,0.51,0.71,0.76
WHIT,2015-12-02 08:45:00 EST,43.48507,-73.42307,120,38.2,37.9,35.8,98.6,37.8,0.000,0.209,0.00,0.022,3.4,5.0,0.7,209,10,3.5,5.6,0.8,213,10,3.4,5.0,0.7,209,10,20,29.76,,0,0,0,37.6,41.0,44.8,0.51,0.71,0.76
WHIT,2015-12-02 08:50:00 EST,43.48507,-73.42307,120,38.3,38.0,34.8,98.5,37.9,0.000,0.209,0.00,0.020,4.5,6.0,0.9,191,9,5.3,7.8,1.1,194,8,4.5,6.0,0.9,191,9,28,29.76,,0,0,0,37.6,41.0,44.8,0.51,0.71,0.76
WHIT,2015-12-02 08:55:00 EST,43.48507,-73.42307,120,38.5,38.2,34.7,98.5,38.1,0.000,0.209,0.00,0.017,4.9,6.1,0.7,185,8,,,,0,0,4.9,6.1,0.7,185,8,29,29.75,,0,0,0,37.6,41.0,44.8,0.51,0.71,0.76
WHIT,2015-12-02 09:00:00 EST,43.48507,-73.42307,120,38.6,38.3,35.9,98.4,38.2,0.000,0.209,0.00,0.014,3.7,5.1,0.6,180,8,4.5,6.5,0.7,185,6,3.7,5.1,0.6,180,8,28,29.75,,0,0,0,37.6,41.0,44.8,0.51,0.71,0.76
WHIT,2015-12-02 09:05:00 EST,43.48507,-73.42307,120,38.7,38.4,36.2,98.4,38.3,0.000,0.209,0.00,0.013,3.6,5.3,0.8,192,9,4.1,6.0,1.0,196,9,3.6,5.3,0.8,192,9,27,29.76,,0,0,0,37.6,41.0,44.8,0.51,0.71,0.76
WHIT,2015-12-02 09:10:00 EST,43.48507,-73.42307,120,38.8,38.5,35.7,98.2,38.3,0.000,0.209,0.00,0.008,4.3,5.6,0.7,185,9,5.0,6.5,0.8,188,7,4.3,5.6,0.7,185,9,24,29.76,,0,0,0,37.6,41.0,44.8,0.51,0.71,0.76
WHIT,2015-12-02 09:15:00 EST,43.48507,-73.42307,120,39.0,38.8,35.9,98.2,38.5,0.000,0.209,0.00,0.004,4.3,5.6,0.7,165,11,5.0,6.7,0.8,170,9,4.3,5.6,0.7,165,11,23,29.76,,0,0,0,37.6,41.0,44.8,0.51,0.71,0.76
WHIT,2015-12-02 09:20:00 EST,43.48507,-73.42307,120,39.3,39.0,36.0,98.1,38.8,0.000,0.209,0.00,0.001,4.5,6.4,0.9,162,12,5.3,7.6,1.1,167,12,4.5,6.4,0.9,162,12,23,29.76,,0,0,0,37.6,41.0,44.8,0.51,0.71,0.76
WHIT,2015-12-02 09:25:00 EST,43.48507,-73.42307,120,39.5,39.2,35.9,97.9,38.9,0.000,0.209,0.00,0.000,5.0,7.7,1.1,157,12,5.6,8.7,1.3,162,11,5.0,7.7,1.1,157,12,23,29.76,,0,0,0,37.6,41.0,44.8,0.51,0.71,0.76
WHIT,2015-12-02 09:30:00 EST,43.48507,-73.42307,120,39.6,39.3,36.1,97.4,38.9,0.000,0.209,0.00,0.000,4.8,8.1,1.2,154,14,,,,0,0,4.8,8.1,1.2,154,14,23,29.76,,0,0,0,37.7,41.0,44.8,0.51,0.71,0.76
WHIT,2015-12-02 09:35:00 EST,43.48507,-73.42307,120,39.6,39.4,35.9,97.0,38.8,0.000,0.209,0.00,0.000,5.1,7.2,0.9,152,13,,,,0,0,5.1,7.2,0.9,152,13,24,29.76,,0,0,0,37.7,41.0,44.8,0.51,0.71,0.76
WHIT,2015-12-02 09:40:00 EST,43.48507,-73.42307,120,39.6,39.4,35.8,96.7,38.8,0.000,0.209,0.00,0.000,5.3,8.4,1.4,153,11,,,,0,0,5.3,8.4,1.4,153,11,25,29.76,,0,0,0,37.7,41.0,44.8,0.51,0.71,0.76
WHIT,2015-12-02 09:45:00 EST,43.48507,-73.42307,120,39.8,39.5,37.4,96.6,38.9,0.006,0.215,0.00,0.006,3.7,6.0,0.9,161,15,,,,0,0,3.7,6.0,0.9,161,15,24,29.76,,0,0,0,37.7,41.0,44.8,0.51,0.71,0.76
WHIT,2015-12-02 09:50:00 EST,43.48507,-73.42307,120,39.8,39.5,35.8,96.6,38.9,0.006,0.221,0.00,0.012,5.6,7.9,1.0,163,13,,,,0,0,5.6,7.9,1.0,163,13,28,29.76,,0,0,0,37.8,41.0,44.8,0.51,0.71,0.76
WHIT,2015-12-02 09:55:00 EST,43.48507,-73.42307,120,39.7,39.5,35.4,96.4,38.8,0.001,0.222,0.00,0.013,6.1,9.0,1.1,162,12,,,,0,0,6.1,9.0,1.1,162,12,29,29.76,,0,0,0,37.8,41.0,44.8,0.51,0.71,0.76
WHIT,2015-12-02 10:00:00 EST,43.48507,-73.42307,120,39.8,39.6,36.5,96.4,38.9,0.003,0.224,0.00,0.016,4.8,8.0,1.1,162,11,,,,0,0,4.8,8.0,1.1,162,11,29,29.76,,0,0,0,37.8,41.0,44.8,0.51,0.71,0.76
WHIT,2015-12-02 10:05:00 EST,43.48507,-73.42307,120,39.9,39.6,37.1,96.4,39.0,0.004,0.228,0.00,0.020,4.2,6.9,1.0,163,12,,,,0,0,4.2,6.9,1.0,163,12,37,29.76,,0,0,0,37.8,41.0,44.8,0.51,0.71,0.76
WHIT,2015-12-02 10:10:00 EST,43.48507,-73.42307,120,40.0,39.7,36.9,96.5,39.1,0.001,0.229,0.00,0.020,4.5,7.6,1.1,178,11,,,,0,0,4.5,7.6,1.1,178,11,29,29.76,,0,0,0,37.8,41.0,44.8,0.51,0.71,0.76
WHIT,2015-12-02 10:15:00 EST,43.48507,-73.42307,120,40.0,39.7,36.0,96.2,39.0,0.013,0.242,0.37,0.034,5.6,9.3,1.6,173,11,,,,0,0,5.6,9.3,1.6,173,11,24,29.76,,0,0,0,37.8,41.0,44.8,0.51,0.71,0.76
WHIT,2015-12-02 10:20:00 EST,43.48507,-73.42307,120,39.9,39.7,36.4,96.2,39.0,0.026,0.269,0.45,0.060,5.0,8.8,1.0,168,15,,,,0,0,5.0,8.8,1.0,168,15,25,29.76,,0,0,0,37.8,41.0,44.8,0.51,0.71,0.76
WHIT,2015-12-02 10:25:00 EST,43.48507,-73.42307,120,39.9,39.7,36.6,96.4,39.0,0.030,0.299,0.65,0.090,4.7,7.0,0.9,160,14,,,,0,0,4.7,7.0,0.9,160,14,24,29.76,,0,0,0,37.8,41.0,44.8,0.51,0.71,0.76
WHIT,2015-12-02 10:30:00 EST,43.48507,-73.42307,120,40.0,39.7,36.8,96.5,39.1,0.016,0.315,0.26,0.106,4.5,6.4,0.8,158,15,,,,0,0,4.5,6.4,0.8,158,15,21,29.75,,0,0,0,37.9,41.0,44.8,0.51,0.71,0.76
WHIT,2015-12-02 10:35:00 EST,43.48507,-73.42307,120,39.9,39.7,36.4,96.6,39.0,0.009,0.323,0.00,0.115,5.0,7.6,1.0,156,11,,,,0,0,5.0,7.6,1.0,156,11,27,29.74,,0,0,0,37.9,41.0,44.8,0.51,0.71,0.76
WHIT,2015-12-02 10:40:00 EST,43.48507,-73.42307,120,40.0,39.7,36.7,96.5,39.1,0.008,0.331,0.00,0.123,4.7,6.6,0.8,147,13,,,,0,0,4.7,6.6,0.8,147,13,44,29.74,,0,0,0,37.9,41.0,44.8,0.51,0.71,0.76
WHIT,2015-12-02 10:45:00 EST,43.48507,-73.42307,120,40.0,39.8,38.3,96.7,39.2,0.010,0.341,0.00,0.126,3.1,5.5,0.7,146,13,,,,0,0,3.1,5.5,0.7,146,13,46,29.73,,0,0,0,37.9,41.0,44.8,0.51,0.71,0.76
WHIT,2015-12-02 10:50:00 EST,43.48507,-73.42307,120,40.1,39.8,40.1,96.8,39.3,0.006,0.347,0.00,0.127,2.8,4.4,0.6,175,15,,,,0,0,2.8,4.4,0.6,175,15,45,29.73,,0,0,0,38.0,41.0,44.8,0.51,0.71,0.76
WHIT,2015-12-02 10:55:00 EST,43.48507,-73.42307,120,40.2,39.8,36.6,96.6,39.3,0.006,0.353,0.00,0.132,5.1,7.3,1.0,185,9,,,,0,0,5.1,7.3,1.0,185,9,57,29.73,,0,0,0,38.1,40.9,44.8,0.51,0.71,0.76
WHIT,2015-12-02 11:00:00 EST,43.48507,-73.42307,120,40.2,39.8,36.9,96.4,39.2,0.003,0.356,0.00,0.132,4.8,6.6,0.7,181,9,,,,0,0,4.8,6.6,0.7,181,9,74,29.73,,0,0,0,38.1,40.8,44.8,0.51,0.71,0.76
WHIT,2015-12-02 11:05:00 EST,43.48507,-73.42307,120,40.4,40.0,37.7,96.3,39.4,0.003,0.359,0.00,0.130,4.1,5.8,0.8,184,12,,,,0,0,4.1,5.8,0.8,184,12,80,29.72,,0,0,0,38.3,40.8,44.8,0.51,0.70,0.76
WHIT,2015-12-02 11:10:00 EST,43.48507,-73.42307,120,40.5,40.0,37.8,96.3,39.5,0.002,0.360,0.00,0.131,4.0,6.2,1.1,184,12,,,,0,0,4.0,6.2,1.1,184,12,73,29.72,,0,0,0,38.4,40.8,44.8,0.51,0.70,0.76
WHIT,2015-12-02 11:15:00 EST,43.48507,-73.42307,120,40.4,40.1,37.5,96.1,39.4,0.001,0.361,0.00,0.119,4.3,6.9,0.8,169,12,,,,0,0,4.3,6.9,0.8,169,12,90,29.72,,0,0,0,38.5,40.7,44.8,0.51,0.70,0.76
WHIT,2015-12-02 11:20:00 EST,43.48507,-73.42307,120,40.7,40.2,38.0,96.2,39.7,0.000,0.361,0.00,0.092,4.2,5.8,0.8,192,13,,,,0,0,4.2,5.8,0.8,192,13,79,29.72,,0,0,0,38.6,40.7,44.8,0.51,0.70,0.76
WHIT,2015-12-02 11:25:00 EST,43.48507,-73.42307,120,40.6,40.3,37.9,96.0,39.5,0.000,0.361,0.00,0.062,4.1,6.1,1.1,197,15,,,,0,0,4.1,6.1,1.1,197,15,43,29.72,,0,0,0,38.7,40.6,44.8,0.51,0.70,0.76
WHIT,2015-12-02 11:30:00 EST,43.48507,-73.42307,120,40.6,40.3,37.4,95.9,39.5,0.002,0.363,0.00,0.049,4.7,6.2,0.9,169,12,,,,0,0,4.7,6.2,0.9,169,12,40,29.72,,0,0,0,38.8,40.6,44.8,0.51,0.70,0.76
WHIT,2015-12-02 11:35:00 EST,43.48507,-73.42307,120,40.6,40.4,38.3,96.0,39.6,0.001,0.364,0.00,0.041,3.8,6.0,0.9,163,18,,,,0,0,3.8,6.0,0.9,163,18,40,29.71,,0,0,0,39.0,40.6,44.8,0.51,0.71,0.76
WHIT,2015-12-02 11:40:00 EST,43.48507,-73.42307,120,40.8,40.5,37.7,96.1,39.7,0.006,0.370,0.00,0.039,4.6,7.2,1.0,145,16,,,,0,0,4.6,7.2,1.0,145,16,62,29.71,,0,0,0,39.1,40.6,44.8,0.51,0.71,0.76
WHIT,2015-12-02 11:45:00 EST,43.48507,-73.42307,120,41.0,40.6,38.1,96.3,40.0,0.003,0.373,0.00,0.032,4.4,6.1,0.8,155,15,,,,0,0,4.4,6.1,0.8,155,15,72,29.70,,0,0,0,39.2,40.6,44.8,0.51,0.71,0.76
WHIT,2015-12-02 11:50:00 EST,43.48507,-73.42307,120,41.2,40.9,38.5,96.4,40.3,0.004,0.377,0.00,0.029,4.2,6.8,0.9,161,15,,,,0,0,4.2,6.8,0.9,161,15,77,29.70,,0,0,0,39.2,40.6,44.8,0.51,0.71,0.76
WHIT,2015-12-02 11:55:00 EST,43.48507,-73.42307,120,41.3,41.0,38.2,96.1,40.3,0.000,0.377,0.00,0.023,4.8,7.4,1.0,158,12,,,,0,0,4.8,7.4,1.0,158,12,82,29.70,,0,0,0,39.2,40.6,44.8,0.51,0.71,0.76
WHIT,2015-12-02 12:00:00 EST,43.48507,-73.42307,120,41.4,41.1,38.4,95.9,40.4,0.000,0.377,0.00,0.021,4.7,7.1,1.1,147,13,,,,0,0,4.7,7.1,1.1,147,13,92,29.69,,0,0,0,39.2,40.6,44.8,0.51,0.71,0.76
WHIT,2015-12-02 12:05:00 EST,43.48507,-73.42307,120,41.6,41.3,38.8,95.9,40.5,0.000,0.377,0.00,0.018,4.4,5.9,0.8,153,14,,,,0,0,4.4,5.9,0.8,153,14,88,29.68,,0,0,0,39.2,40.6,44.8,0.51,0.70,0.76
WHIT,2015-12-02 12:10:00 EST,43.48507,-73.42307,120,41.8,41.4,40.0,95.8,40.7,0.000,0.377,0.00,0.016,3.3,5.6,1.1,168,17,,,,0,0,3.3,5.6,1.1,168,17,76,29.68,,0,0,0,39.3,40.6,44.8,0.51,0.70,0.76
WHIT,2015-12-02 12:15:00 EST,43.48507,-73.42307,120,41.9,41.5,40.0,95.8,40.8,0.000,0.377,0.00,0.015,3.5,5.3,0.9,180,15,4.1,6.7,1.0,184,13,3.5,5.3,0.9,180,15,83,29.68,,0,0,0,39.4,40.6,44.8,0.51,0.70,0.76
WHIT,2015-12-02 12:20:00 EST,43.48507,-73.42307,120,41.8,41.5,39.5,95.6,40.7,0.000,0.377,0.00,0.015,3.9,7.1,1.0,186,14,,,,0,0,3.9,7.1,1.0,186,14,82,29.67,,0,0,0,39.4,40.6,44.8,0.51,0.70,0.76
WHIT,2015-12-02 12:25:00 EST,43.48507,-73.42307,120,41.9,41.5,39.5,95.5,40.7,0.000,0.377,0.00,0.015,4.0,6.6,0.9,188,15,,,,0,0,4.0,6.6,0.9,188,15,72,29.67,,0,0,0,39.5,40.6,44.8,0.51,0.70,0.76
WHIT,2015-12-02 12:30:00 EST,43.48507,-73.42307,120,41.8,41.4,38.0,95.2,40.5,0.000,0.377,0.00,0.013,5.9,8.3,1.1,173,11,,,,0,0,5.9,8.3,1.1,173,11,78,29.67,,0,0,0,39.6,40.6,44.8,0.51,0.70,0.76
WHIT,2015-12-02 12:35:00 EST,43.48507,-73.42307,120,41.8,41.5,39.9,95.0,40.5,0.000,0.377,0.00,0.012,3.5,6.6,1.1,171,16,,,,0,0,3.5,6.6,1.1,171,16,79,29.66,,0,0,0,39.6,40.6,44.8,0.51,0.70,0.76
WHIT,2015-12-02 12:40:00 EST,43.48507,-73.42307,120,41.9,41.5,39.8,95.0,40.5,0.000,0.377,0.00,0.006,3.7,5.8,0.8,183,14,,,,0,0,3.7,5.8,0.8,183,14,69,29.66,,0,0,0,39.7,40.6,44.8,0.51,0.70,0.76
WHIT,2015-12-02 12:45:00 EST,43.48507,-73.42307,120,42.0,41.6,40.2,95.0,40.7,0.002,0.379,0.00,0.006,3.4,5.3,1.0,183,14,,,,0,0,3.4,5.3,1.0,183,14,59,29.66,,0,0,0,39.7,40.6,44.8,0.51,0.70,0.76
WHIT,2015-12-02 12:50:00 EST,43.48507,-73.42307,120,42.3,41.7,40.2,95.4,41.0,0.000,0.379,0.00,0.002,3.7,6.1,1.0,188,17,,,,0,0,3.7,6.1,1.0,188,17,52,29.67,,0,0,0,39.8,40.6,44.8,0.51,0.70,0.76
WHIT,2015-12-02 12:55:00 EST,43.48507,-73.42307,120,42.3,41.6,39.1,95.4,41.0,0.000,0.379,0.00,0.002,5.0,8.0,1.1,187,13,5.8,9.2,1.3,190,11,5.0,8.0,1.1,187,13,47,29.67,,0,0,0,39.9,40.6,44.8,0.51,0.70,0.76
WHIT,2015-12-02 13:00:00 EST,43.48507,-73.42307,120,42.3,41.7,39.1,95.5,41.1,0.000,0.379,0.00,0.002,5.2,7.8,1.4,185,14,6.0,9.6,1.6,188,12,5.2,7.8,1.4,185,14,46,29.67,,0,0,0,39.9,40.6,44.8,0.51,0.70,0.76
WHIT,2015-12-02 13:05:00 EST,43.48507,-73.42307,120,42.4,41.8,38.9,95.4,41.1,0.000,0.379,0.00,0.002,5.5,8.0,1.1,182,9,6.4,9.8,1.4,186,7,5.5,8.0,1.1,182,9,39,29.67,,0,0,0,40.0,40.6,44.8,0.51,0.70,0.76
WHIT,2015-12-02 13:10:00 EST,43.48507,-73.42307,120,42.4,41.8,39.2,95.4,41.2,0.000,0.379,0.00,0.002,5.2,7.7,1.0,179,11,5.9,8.7,1.3,182,9,5.2,7.7,1.0,179,11,38,29.67,,0,0,0,40.0,40.6,44.8,0.51,0.70,0.76
WHIT,2015-12-02 13:15:00 EST,43.48507,-73.42307,120,42.5,41.9,38.8,95.4,41.3,0.000,0.379,0.00,0.002,5.8,9.4,1.4,174,15,6.9,11.6,1.8,179,12,5.8,9.4,1.4,174,15,41,29.67,,0,0,0,40.1,40.6,44.8,0.51,0.70,0.76
WHIT,2015-12-02 13:20:00 EST,43.48507,-73.42307,120,42.5,41.9,38.8,95.3,41.3,0.004,0.383,0.00,0.006,6.0,9.0,1.3,170,12,6.9,9.8,1.5,175,9,6.0,9.0,1.3,170,12,50,29.67,,0,0,0,40.1,40.6,44.8,0.51,0.70,0.76
WHIT,2015-12-02 13:25:00 EST,43.48507,-73.42307,120,42.6,41.9,38.3,95.3,41.3,0.002,0.385,0.00,0.008,6.9,10.9,1.5,175,10,8.0,12.5,1.8,180,8,6.9,10.9,1.5,175,10,56,29.67,,0,0,0,40.1,40.6,44.8,0.51,0.70,0.76
WHIT,2015-12-02 13:30:00 EST,43.48507,-73.42307,120,42.6,42.0,38.4,95.1,41.3,0.001,0.385,0.00,0.009,6.7,9.7,1.4,176,12,7.8,11.2,1.8,181,9,6.7,9.7,1.4,176,12,54,29.67,,0,0,0,40.1,40.7,44.8,0.51,0.70,0.76
WHIT,2015-12-02 13:35:00 EST,43.48507,-73.42307,120,42.5,41.9,38.2,95.1,41.2,0.005,0.390,0.00,0.014,6.9,10.6,1.5,171,10,8.0,12.1,1.7,176,8,6.9,10.6,1.5,171,10,58,29.66,,0,0,0,40.2,40.7,44.8,0.51,0.70,0.76
WHIT,2015-12-02 13:40:00 EST,43.48507,-73.42307,120,42.4,41.8,38.6,95.3,41.2,0.003,0.393,0.00,0.016,6.1,8.6,1.0,168,13,7.0,9.8,1.4,172,11,6.1,8.6,1.0,168,13,55,29.66,,0,0,0,40.3,40.7,44.7,0.51,0.70,0.76
WHIT,2015-12-02 13:45:00 EST,43.48507,-73.42307,120,42.4,41.8,38.7,95.4,41.1,0.000,0.393,0.00,0.014,5.9,9.8,1.2,168,11,6.8,11.6,1.5,174,9,5.9,9.8,1.2,168,11,53,29.65,,0,0,0,40.3,40.8,44.8,0.51,0.70,0.76
WHIT,2015-12-02 13:50:00 EST,43.48507,-73.42307,120,42.4,41.8,38.9,95.5,41.2,0.003,0.396,0.00,0.017,5.4,7.4,0.9,167,9,6.4,8.9,1.3,172,8,5.4,7.4,0.9,167,9,50,29.65,,0,0,0,40.3,40.8,44.8,0.51,0.70,0.76
WHIT,2015-12-02 13:55:00 EST,43.48507,-73.42307,120,42.4,41.9,39.5,95.7,41.3,0.002,0.397,0.00,0.018,4.8,6.2,0.8,173,10,5.7,8.1,1.1,178,8,4.8,6.2,0.8,173,10,50,29.64,,0,0,0,40.3,40.8,44.8,0.51,0.70,0.76
WHIT,2015-12-02 14:00:00 EST,43.48507,-73.42307,120,42.5,41.9,38.9,95.7,41.3,0.000,0.397,0.00,0.018,5.6,7.6,1.0,177,9,6.6,9.2,1.2,182,6,5.6,7.6,1.0,177,9,46,29.64,,0,0,0,40.4,40.8,44.7,0.51,0.70,0.76
WHIT,2015-12-02 14:05:00 EST,43.48507,-73.42307,120,42.4,42.1,39.3,95.6,41.3,0.000,0.397,0.00,0.018,5.1,7.5,1.2,185,11,5.8,8.7,1.2,189,8,5.1,7.5,1.2,185,11,48,29.65,,0,0,0,40.4,40.8,44.7,0.51,0.70,0.76
WHIT,2015-12-02 14:10:00 EST,43.48507,-73.42307,120,42.5,42.2,39.8,95.8,41.3,0.002,0.399,0.00,0.020,4.4,6.2,1.0,180,10,5.0,7.4,1.3,184,9,4.4,6.2,1.0,180,10,48,29.64,,0,0,0,40.5,40.8,44.7,0.51,0.70,0.76
WHIT,2015-12-02 14:15:00 EST,43.48507,-73.42307,120,42.5,42.2,39.4,95.8,41.3,0.001,0.400,0.00,0.021,5.0,6.9,0.9,182,11,5.8,8.3,1.0,185,9,5.0,6.9,0.9,182,11,45,29.64,,0,0,0,40.5,40.8,44.7,0.51,0.70,0.76
WHIT,2015-12-02 14:20:00 EST,43.48507,-73.42307,120,42.5,42.2,39.8,95.9,41.4,0.000,0.400,0.00,0.017,4.5,5.6,0.6,183,9,5.2,7.2,0.8,187,9,4.5,5.6,0.6,183,9,47,29.64,,0,0,0,40.5,40.8,44.8,0.51,0.70,0.76
WHIT,2015-12-02 14:25:00 EST,43.48507,-73.42307,120,42.5,42.3,39.9,96.0,41.5,0.000,0.400,0.00,0.016,4.4,5.9,0.7,191,11,5.0,7.2,0.9,194,10,4.4,5.9,0.7,191,11,40,29.64,,0,0,0,40.5,40.8,44.7,0.51,0.70,0.76
WHIT,2015-12-02 14:30:00 EST,43.48507,-73.42307,120,42.5,42.3,39.7,96.0,41.4,0.000,0.400,0.00,0.015,4.6,6.1,0.8,182,10,5.4,7.4,1.0,186,8,4.6,6.1,0.8,182,10,33,29.63,,0,0,0,40.6,40.8,44.7,0.51,0.70,0.76
WHIT,2015-12-02 14:35:00 EST,43.48507,-73.42307,120,42.6,42.3,40.2,96.1,41.5,0.000,0.400,0.00,0.010,4.1,5.9,0.5,171,12,4.8,6.9,0.7,176,11,4.1,5.9,0.5,171,12,36,29.63,,0,0,0,40.6,40.8,44.7,0.51,0.70,0.76
WHIT,2015-12-02 14:40:00 EST,43.48507,-73.42307,120,42.6,42.4,40.2,96.1,41.6,0.000,0.400,0.00,0.007,4.2,6.6,0.7,159,10,4.8,7.6,1.0,165,11,4.2,6.6,0.7,159,10,37,29.63,,0,0,0,40.6,40.9,44.7,0.51,0.70,0.76
WHIT,2015-12-02 14:45:00 EST,43.48507,-73.42307,120,42.6,42.4,40.3,96.1,41.6,0.000,0.400,0.00,0.007,4.1,6.2,0.8,154,10,4.7,7.2,1.0,158,11,4.1,6.2,0.8,154,10,30,29.62,,0,0,0,40.6,40.9,44.7,0.51,0.71,0.76
WHIT,2015-12-02 14:50:00 EST,43.48507,-73.42307,120,42.7,42.5,40.8,96.2,41.7,0.000,0.400,0.00,0.004,3.6,4.7,0.5,166,9,4.2,6.3,0.7,172,8,3.6,4.7,0.5,166,9,25,29.62,,0,0,0,40.6,41.0,44.6,0.51,0.70,0.76
WHIT,2015-12-02 14:55:00 EST,43.48507,-73.42307,120,42.7,42.5,42.7,96.4,41.7,0.000,0.400,0.00,0.003,3.0,4.1,0.6,167,6,3.5,4.9,0.6,173,6,3.0,4.1,0.6,167,6,26,29.62,,0,0,0,40.6,41.0,44.6,0.51,0.70,0.76
WHIT,2015-12-02 15:00:00 EST,43.48507,-73.42307,120,42.8,42.6,41.2,96.7,41.9,0.000,0.400,0.00,0.003,3.3,4.4,0.4,172,7,3.8,5.1,0.5,177,6,3.3,4.4,0.4,172,7,25,29.62,,0,0,0,40.6,41.0,44.6,0.51,0.70,0.76
WHIT,2015-12-02 15:05:00 EST,43.48507,-73.42307,120,42.9,42.7,42.9,96.7,42.0,0.003,0.403,0.00,0.006,3.0,4.2,0.4,178,7,3.4,5.6,0.5,183,6,3.0,4.2,0.4,178,7,21,29.62,,0,0,0,40.6,41.0,44.6,0.52,0.70,0.76
WHIT,2015-12-02 15:10:00 EST,43.48507,-73.42307,120,42.9,42.7,41.4,96.7,42.0,0.002,0.405,0.00,0.005,3.2,3.9,0.3,174,6,3.6,4.5,0.4,179,5,3.2,3.9,0.3,174,6,18,29.62,,0,0,0,40.6,41.0,44.6,0.51,0.70,0.76
WHIT,2015-12-02 15:15:00 EST,43.48507,-73.42307,120,42.8,42.6,42.8,96.6,41.9,0.000,0.405,0.00,0.004,2.8,3.7,0.3,171,6,3.3,4.5,0.4,176,5,2.8,3.7,0.3,171,6,15,29.61,,0,0,0,40.6,41.0,44.6,0.51,0.70,0.76
WHIT,2015-12-02 15:20:00 EST,43.48507,-73.42307,120,42.7,42.6,41.3,96.7,41.9,0.003,0.407,0.00,0.007,3.1,4.1,0.5,172,7,3.6,5.1,0.7,177,7,3.1,4.1,0.5,172,7,12,29.61,,0,0,0,40.7,41.0,44.6,0.51,0.70,0.76
WHIT,2015-12-02 15:25:00 EST,43.48507,-73.42307,120,42.7,42.6,40.8,96.8,41.9,0.001,0.408,0.00,0.008,3.6,4.2,0.4,181,6,4.2,5.4,0.5,185,5,3.6,4.2,0.4,181,6,11,29.61,,0,0,0,40.6,41.0,44.6,0.51,0.70,0.76
WHIT,2015-12-02 15:30:00 EST,43.48507,-73.42307,120,42.7,42.6,40.9,96.8,41.9,0.001,0.409,0.00,0.009,3.5,4.7,0.6,188,8,4.0,5.6,0.8,192,8,3.5,4.7,0.6,188,8,9,29.61,,0,0,0,40.6,41.0,44.6,0.52,0.70,0.76
WHIT,2015-12-02 15:35:00 EST,43.48507,-73.42307,120,42.7,42.5,42.7,96.8,41.8,0.004,0.413,0.00,0.013,2.9,4.1,0.5,178,8,3.4,5.4,0.7,183,6,2.9,4.1,0.5,178,8,8,29.61,,0,0,0,40.6,41.0,44.6,0.52,0.70,0.76
WHIT,2015-12-02 15:40:00 EST,43.48507,-73.42307,120,42.6,42.5,42.6,96.9,41.8,0.004,0.417,0.00,0.017,2.9,3.9,0.5,168,9,3.5,4.5,0.6,174,8,2.9,3.9,0.5,168,9,6,29.61,,0,0,0,40.7,41.0,44.6,0.51,0.70,0.76
WHIT,2015-12-02 15:45:00 EST,43.48507,-73.42307,120,42.6,42.5,42.6,97.0,41.8,0.004,0.421,0.00,0.021,2.4,3.1,0.5,166,9,2.9,3.8,0.5,172,9,2.4,3.1,0.5,166,9,6,29.60,,0,0,0,40.6,41.0,44.6,0.52,0.70,0.76
WHIT,2015-12-02 15:50:00 EST,43.48507,-73.42307,120,42.6,42.5,42.6,97.0,41.8,0.004,0.425,0.00,0.025,2.2,2.9,0.3,166,6,2.6,3.4,0.3,172,6,2.2,2.9,0.3,166,6,7,29.60,,0,0,0,40.6,41.0,44.6,0.52,0.71,0.76
WHIT,2015-12-02 15:55:00 EST,43.48507,-73.42307,120,42.4,42.5,42.4,97.1,41.7,0.002,0.427,0.00,0.027,1.9,2.6,0.4,170,3,2.4,3.4,0.4,175,4,1.9,2.6,0.4,170,3,5,29.60,,0,0,0,40.6,41.0,44.6,0.52,0.70,0.76
WHIT,2015-12-02 16:00:00 EST,43.48507,-73.42307,120,42.4,42.4,42.4,97.2,41.6,0.003,0.430,0.00,0.030,0.3,1.1,0.4,160,5,1.0,1.6,0.3,120,48,0.3,1.1,0.4,160,5,5,29.59,,0,0,0,40.6,41.0,44.6,0.51,0.71,0.76
WHIT,2015-12-02 16:05:00 EST,43.48507,-73.42307,120,42.3,42.2,42.3,97.3,41.6,0.002,0.431,0.00,0.028,0.0,0.0,0.0,0,0,1.0,1.3,0.2,32,15,0.0,0.0,0.0,0,0,3,29.59,,0,0,0,40.6,41.0,44.6,0.51,0.71,0.76
WHIT,2015-12-02 16:10:00 EST,43.48507,-73.42307,120,42.2,42.3,42.2,97.4,41.6,0.004,0.435,0.00,0.031,0.4,1.2,0.4,312,3,1.0,1.6,0.2,330,17,0.4,1.2,0.4,312,3,1,29.58,,0,0,0,40.6,41.1,44.6,0.52,0.71,0.76
WHIT,2015-12-02 16:15:00 EST,43.48507,-73.42307,120,42.2,42.2,42.2,97.6,41.5,0.002,0.437,0.00,0.032,1.3,1.6,0.2,349,18,1.7,2.2,0.2,354,14,1.3,1.6,0.2,349,18,1,29.58,,0,0,0,40.6,41.1,44.6,0.51,0.71,0.76
WHIT,2015-12-02 16:20:00 EST,43.48507,-73.42307,120,41.9,42.1,41.9,97.6,41.3,0.002,0.439,0.00,0.031,1.6,2.1,0.2,359,5,2.1,2.7,0.3,5,7,1.6,2.1,0.2,359,5,0,29.57,,0,0,0,40.6,41.1,44.6,0.52,0.71,0.76
WHIT,2015-12-02 16:25:00 EST,43.48507,-73.42307,120,41.8,42.0,41.8,97.6,41.2,0.000,0.439,0.00,0.030,2.1,2.7,0.3,359,9,2.6,3.4,0.3,5,9,2.1,2.7,0.3,359,9,0,29.57,,0,0,0,40.6,41.1,44.6,0.52,0.71,0.76
WHIT,2015-12-02 16:30:00 EST,43.48507,-73.42307,120,41.9,42.0,41.9,97.8,41.3,0.002,0.441,0.00,0.031,1.4,2.0,0.4,335,4,1.8,2.9,0.5,344,6,1.4,2.0,0.4,335,4,0,29.56,,0,0,0,40.6,41.2,44.6,0.52,0.71,0.76
WHIT,2015-12-02 16:35:00 EST,43.48507,-73.42307,120,41.7,42.0,41.7,97.8,41.2,0.001,0.441,0.00,0.028,1.2,1.7,0.3,13,11,1.6,2.2,0.2,20,12,1.2,1.7,0.3,13,11,0,29.56,,0,0,0,40.6,41.2,44.6,0.52,0.71,0.76
WHIT,2015-12-02 16:40:00 EST,43.48507,-73.42307,120,41.7,42.0,41.7,97.9,41.1,0.001,0.442,0.00,0.025,0.4,1.5,0.5,18,7,0.9,2.0,0.4,24,16,0.4,1.5,0.5,18,7,0,29.55,,0,0,0,40.6,41.2,44.6,0.52,0.71,0.76
WHIT,2015-12-02 16:45:00 EST,43.48507,-73.42307,120,41.6,41.9,41.6,98.0,41.0,0.000,0.442,0.00,0.021,2.1,2.9,0.3,7,6,2.5,3.6,0.4,12,8,2.1,2.9,0.3,7,6,0,29.54,,0,0,0,40.6,41.2,44.6,0.52,0.71,0.76
WHIT,2015-12-02 16:50:00 EST,43.48507,-73.42307,120,41.6,41.9,41.6,98.0,41.1,0.000,0.442,0.00,0.017,1.3,2.6,0.6,5,12,1.7,3.4,0.7,11,14,1.3,2.6,0.6,5,12,0,29.54,,0,0,0,40.5,41.2,44.6,0.52,0.71,0.76
WHIT,2015-12-02 16:55:00 EST,43.48507,-73.42307,120,41.6,41.7,41.6,98.1,41.1,0.000,0.442,0.00,0.015,1.9,4.2,1.2,275,13,2.4,5.1,1.3,281,15,1.9,4.2,1.2,275,13,0,29.55,,0,0,0,40.5,41.2,44.6,0.52,0.71,0.76
WHIT,2015-12-02 17:00:00 EST,43.48507,-73.42307,120,41.5,41.6,39.9,98.1,41.0,0.003,0.445,0.00,0.015,3.2,4.2,0.7,291,6,3.2,4.7,0.8,296,7,3.2,4.2,0.7,291,6,0,29.55,,0,0,0,40.5,41.2,44.6,0.52,0.71,0.76
WHIT,2015-12-02 17:05:00 EST,43.48507,-73.42307,120,41.6,41.6,41.6,98.1,41.1,0.000,0.445,0.00,0.014,1.4,2.0,0.3,338,26,1.8,2.5,0.3,349,25,1.4,2.0,0.3,338,26,0,29.54,,0,0,0,40.5,41.2,44.6,0.52,0.71,0.76
WHIT,2015-12-02 17:10:00 EST,43.48507,-73.42307,120,41.6,41.6,41.6,98.2,41.1,0.000,0.445,0.00,0.010,1.8,2.3,0.3,4,4,2.2,2.9,0.3,10,6,1.8,2.3,0.3,4,4,0,29.54,,0,0,0,40.5,41.2,44.6,0.52,0.71,0.76
WHIT,2015-12-02 17:15:00 EST,43.48507,-73.42307,120,41.5,41.6,41.5,98.2,41.0,0.000,0.445,0.00,0.008,0.7,1.4,0.3,30,22,1.2,1.8,0.3,34,23,0.7,1.4,0.3,30,22,0,29.54,,0,0,0,40.5,41.2,44.6,0.52,0.71,0.76
WHIT,2015-12-02 17:20:00 EST,43.48507,-73.42307,120,41.4,41.7,41.4,98.2,40.9,0.000,0.445,0.00,0.006,0.8,1.3,0.2,47,10,1.2,1.6,0.2,48,11,0.8,1.3,0.2,47,10,0,29.53,,0,0,0,40.5,41.2,44.6,0.52,0.71,0.76
WHIT,2015-12-02 17:25:00 EST,43.48507,-73.42307,120,41.3,41.6,41.3,98.2,40.8,0.000,0.445,0.00,0.006,1.0,1.7,0.6,40,20,1.4,2.0,0.4,54,28,1.0,1.7,0.6,40,20,0,29.53,,0,0,0,40.4,41.2,44.6,0.52,0.71,0.76
WHIT,2015-12-02 17:30:00 EST,43.48507,-73.42307,120,41.1,41.6,41.1,98.2,40.6,0.000,0.445,0.00,0.004,0.7,2.0,0.6,150,9,1.2,2.7,0.5,145,21,0.7,2.0,0.6,150,9,0,29.53,,0,0,0,40.4,41.2,44.6,0.52,0.71,0.76
WHIT,2015-12-02 17:35:00 EST,43.48507,-73.42307,120,41.0,41.3,41.0,98.1,40.5,0.002,0.447,0.00,0.006,0.7,2.0,0.8,328,5,1.3,3.1,0.6,349,29,0.7,2.0,0.8,328,5,0,29.52,,0,0,0,40.3,41.2,44.6,0.52,0.71,0.76
WHIT,2015-12-02 17:40:00 EST,43.48507,-73.42307,120,41.2,41.2,41.2,98.3,40.7,0.001,0.448,0.00,0.006,2.1,2.8,0.3,302,11,2.1,2.9,0.3,308,12,2.1,2.8,0.3,302,11,0,29.52,,0,0,0,40.3,41.2,44.6,0.52,0.71,0.76
WHIT,2015-12-02 17:45:00 EST,43.48507,-73.42307,120,41.2,41.1,41.2,98.3,40.7,0.000,0.448,0.00,0.006,1.8,2.3,0.2,286,8,,,,0,0,1.8,2.3,0.2,286,8,0,29.52,,0,0,0,40.3,41.2,44.6,0.52,0.71,0.76
WHIT,2015-12-02 17:50:00 EST,43.48507,-73.42307,120,41.2,41.4,41.2,98.3,40.8,0.000,0.448,0.00,0.006,1.0,1.9,0.5,293,21,1.3,2.0,0.4,299,24,1.0,1.9,0.5,293,21,0,29.52,,0,0,0,40.3,41.2,44.6,0.52,0.71,0.76
WHIT,2015-12-02 17:55:00 EST,43.48507,-73.42307,120,41.4,41.6,41.4,98.4,40.9,0.000,0.448,0.00,0.006,1.1,2.6,0.8,233,6,1.3,3.1,0.7,236,15,1.1,2.6,0.8,233,6,0,29.52,,0,0,0,40.3,41.2,44.6,0.52,0.71,0.76
WHIT,2015-12-02 18:00:00 EST,43.48507,-73.42307,120,41.4,41.6,41.4,98.4,41.0,0.005,0.453,0.00,0.008,0.0,0.6,0.1,238,4,0.7,1.1,0.2,220,38,0.0,0.6,0.1,238,4,0,29.52,,0,0,0,40.3,41.2,44.6,0.52,0.71,0.76
WHIT,2015-12-02 18:05:00 EST,43.48507,-73.42307,120,41.5,41.6,41.5,98.4,41.1,0.004,0.456,0.00,0.011,0.5,1.2,0.5,356,10,1.1,1.8,0.4,357,23,0.5,1.2,0.5,356,10,0,29.51,,0,0,0,40.3,41.2,44.6,0.52,0.71,0.76
WHIT,2015-12-02 18:10:00 EST,43.48507,-73.42307,120,41.3,41.4,41.3,98.4,40.9,0.009,0.466,0.00,0.021,1.0,1.5,0.4,21,15,1.4,1.8,0.3,34,21,1.0,1.5,0.4,21,15,0,29.50,,0,0,0,40.3,41.2,44.6,0.52,0.71,0.76
WHIT,2015-12-02 18:15:00 EST,43.48507,-73.42307,120,41.2,41.2,41.2,98.4,40.8,0.006,0.472,0.00,0.027,1.1,1.5,0.3,131,23,1.4,2.0,0.3,133,26,1.1,1.5,0.3,131,23,0,29.51,,0,0,0,40.3,41.2,44.6,0.52,0.70,0.76
WHIT,2015-12-02 18:20:00 EST,43.48507,-73.42307,120,41.2,41.2,41.2,98.4,40.8,0.015,0.487,0.00,0.042,1.3,1.9,0.3,178,21,1.6,2.0,0.3,180,24,1.3,1.9,0.3,178,21,0,29.51,,0,0,0,40.3,41.2,44.6,0.52,0.71,0.76
WHIT,2015-12-02 18:25:00 EST,43.48507,-73.42307,120,41.3,41.3,41.3,98.4,40.9,0.005,0.492,0.00,0.047,2.0,2.3,0.1,158,8,2.3,2.9,0.2,163,10,2.0,2.3,0.1,158,8,0,29.51,,0,0,0,40.3,41.2,44.6,0.52,0.71,0.76
WHIT,2015-12-02 18:30:00 EST,43.48507,-73.42307,120,41.2,41.4,41.2,98.4,40.8,0.005,0.496,0.00,0.051,2.7,3.4,0.4,172,12,3.1,4.0,0.5,178,12,2.7,3.4,0.4,172,12,0,29.52,,0,0,0,40.3,41.2,44.6,0.52,0.71,0.76
WHIT,2015-12-02 18:35:00 EST,43.48507,-73.42307,120,41.4,41.4,41.4,98.5,41.0,0.004,0.500,0.00,0.053,2.3,3.7,0.9,227,13,2.3,3.6,0.8,233,17,2.3,3.7,0.9,227,13,0,29.52,,0,0,0,40.3,41.2,44.6,0.52,0.70,0.76
WHIT,2015-12-02 18:40:00 EST,43.48507,-73.42307,120,41.5,41.4,41.5,98.5,41.1,0.004,0.504,0.00,0.056,0.0,0.1,0.0,287,9,0.6,1.1,0.2,325,60,0.0,0.1,0.0,287,9,0,29.52,,0,0,0,40.3,41.2,44.6,0.52,0.71,0.76
WHIT,2015-12-02 18:45:00 EST,43.48507,-73.42307,120,41.4,41.4,41.4,98.5,41.0,0.006,0.510,0.00,0.062,0.2,0.8,0.3,66,1,0.9,1.6,0.3,22,44,0.2,0.8,0.3,66,1,0,29.51,,0,0,0,40.3,41.2,44.5,0.52,0.71,0.76
WHIT,2015-12-02 18:50:00 EST,43.48507,-73.42307,120,41.4,41.5,41.4,98.5,41.0,0.012,0.521,0.00,0.074,0.0,0.0,0.0,0,0,0.2,0.4,0.1,305,68,0.0,0.0,0.0,0,0,0,29.51,,0,0,0,40.3,41.2,44.5,0.52,0.71,0.76
WHIT,2015-12-02 18:55:00 EST,43.48507,-73.42307,120,41.5,41.5,41.5,98.5,41.1,0.006,0.527,0.00,0.079,0.5,1.4,0.6,115,8,1.0,1.8,0.6,112,32,0.5,1.4,0.6,115,8,0,29.51,,0,0,0,40.3,41.2,44.6,0.52,0.71,0.76
WHIT,2015-12-02 19:00:00 EST,43.48507,-73.42307,120,41.4,41.6,41.4,98.5,41.0,0.003,0.530,0.00,0.077,0.7,1.2,0.4,179,12,1.1,1.8,0.3,174,27,0.7,1.2,0.4,179,12,0,29.52,,0,0,0,40.3,41.2,44.5,0.52,0.71,0.76
WHIT,2015-12-02 19:05:00 EST,43.48507,-73.42307,120,41.5,41.6,41.5,98.5,41.1,0.004,0.534,0.00,0.078,0.6,1.5,0.5,215,6,1.0,1.8,0.3,204,27,0.6,1.5,0.5,215,6,0,29.52,,0,0,0,40.3,41.2,44.5,0.52,0.70,0.76
WHIT,2015-12-02 19:10:00 EST,43.48507,-73.42307,120,41.4,41.5,41.4,98.5,41.0,0.001,0.535,0.00,0.070,0.5,1.8,0.7,85,2,1.3,2.5,0.6,101,25,0.5,1.8,0.7,85,2,0,29.52,,0,0,0,40.3,41.2,44.5,0.52,0.70,0.76
WHIT,2015-12-02 19:15:00 EST,43.48507,-73.42307,120,41.3,41.4,41.3,98.5,41.0,0.000,0.535,0.00,0.064,2.0,2.3,0.2,88,8,2.4,2.9,0.3,92,9,2.0,2.3,0.2,88,8,0,29.51,,0,0,0,40.3,41.2,44.5,0.52,0.71,0.76
WHIT,2015-12-02 19:20:00 EST,43.48507,-73.42307,120,41.3,41.5,41.3,98.5,41.0,0.000,0.535,0.00,0.049,1.7,2.6,0.6,54,18,2.0,3.1,0.7,56,20,1.7,2.6,0.6,54,18,0,29.51,,0,0,0,40.3,41.2,44.5,0.52,0.71,0.76
WHIT,2015-12-02 19:25:00 EST,43.48507,-73.42307,120,41.3,41.7,41.3,98.6,40.9,0.000,0.535,0.00,0.044,0.5,1.2,0.5,11,8,1.0,1.8,0.5,19,14,0.5,1.2,0.5,11,8,0,29.51,,0,0,0,40.3,41.2,44.5,0.52,0.71,0.76
WHIT,2015-12-02 19:30:00 EST,43.48507,-73.42307,120,41.3,41.8,41.3,98.5,41.0,0.007,0.542,0.00,0.046,0.4,2.1,0.7,336,2,1.1,2.7,0.8,336,18,0.4,2.1,0.7,336,2,0,29.51,,0,0,0,40.3,41.2,44.4,0.52,0.70,0.76
WHIT,2015-12-02 19:35:00 EST,43.48507,-73.42307,120,41.2,41.4,41.2,98.6,40.9,0.010,0.552,0.00,0.052,2.4,2.8,0.2,325,4,2.5,3.1,0.2,332,4,2.4,2.8,0.2,325,4,0,29.51,,0,0,0,40.3,41.2,44.5,0.52,0.70,0.76
WHIT,2015-12-02 19:40:00 EST,43.48507,-73.42307,120,41.2,41.3,41.2,98.6,40.9,0.006,0.558,0.00,0.054,2.7,4.0,0.7,309,7,,,,0,0,2.7,4.0,0.7,309,7,0,29.51,,0,0,0,40.3,41.2,44.5,0.52,0.70,0.76
WHIT,2015-12-02 19:45:00 EST,43.48507,-73.42307,120,41.3,41.3,41.3,98.6,40.9,0.013,0.571,0.28,0.061,0.7,2.0,0.4,327,23,1.2,2.2,0.3,333,29,0.7,2.0,0.4,327,23,0,29.51,,0,0,0,40.4,41.2,44.5,0.52,0.70,0.76
WHIT,2015-12-02 19:50:00 EST,43.48507,-73.42307,120,41.4,41.4,41.4,98.6,41.1,0.012,0.583,0.00,0.061,0.6,1.5,0.4,263,7,0.9,1.8,0.4,275,12,0.6,1.5,0.4,263,7,0,29.52,,0,0,0,40.3,41.2,44.5,0.52,0.71,0.76
WHIT,2015-12-02 19:55:00 EST,43.48507,-73.42307,120,41.4,41.4,41.4,98.6,41.0,0.007,0.590,0.00,0.063,0.9,2.0,0.8,94,25,1.3,2.5,0.8,91,23,0.9,2.0,0.8,94,25,0,29.52,,0,0,0,40.4,41.2,44.5,0.52,0.70,0.76
WHIT,2015-12-02 20:00:00 EST,43.48507,-73.42307,120,41.4,41.4,41.4,98.6,41.0,0.003,0.592,0.00,0.063,1.7,2.4,0.3,130,10,1.8,2.5,0.3,132,9,1.7,2.4,0.3,130,10,0,29.51,,0,0,0,40.4,41.2,44.5,0.52,0.70,0.76
WHIT,2015-12-02 20:05:00 EST,43.48507,-73.42307,120,41.4,41.3,41.4,98.6,41.0,0.004,0.596,0.00,0.062,1.9,2.6,0.4,155,12,2.1,2.7,0.3,160,15,1.9,2.6,0.4,155,12,0,29.52,,0,0,0,40.4,41.2,44.4,0.52,0.70,0.76
WHIT,2015-12-02 20:10:00 EST,43.48507,-73.42307,120,41.4,41.4,41.4,98.6,41.1,0.003,0.599,0.00,0.064,0.6,1.5,0.6,200,7,1.0,2.0,0.5,196,36,0.6,1.5,0.6,200,7,0,29.51,,0,0,0,40.4,41.2,44.5,0.52,0.70,0.76
WHIT,2015-12-02 20:15:00 EST,43.48507,-73.42307,120,41.4,41.4,41.4,98.6,41.1,0.004,0.603,0.00,0.068,0.4,1.1,0.4,147,5,0.7,1.6,0.4,144,20,0.4,1.1,0.4,147,5,0,29.51,,0,0,0,40.4,41.2,44.4,0.52,0.70,0.76
WHIT,2015-12-02 20:20:00 EST,43.48507,-73.42307,120,41.4,41.3,41.4,98.6,41.0,0.003,0.606,0.00,0.070,0.1,0.9,0.3,325,3,0.7,1.8,0.4,342,36,0.1,0.9,0.3,325,3,0,29.50,,0,0,0,40.4,41.2,44.4,0.52,0.70,0.76
WHIT,2015-12-02 20:25:00 EST,43.48507,-73.42307,120,41.3,41.3,41.3,98.6,40.9,0.001,0.606,0.00,0.071,1.6,2.4,0.5,338,11,2.0,3.1,0.5,347,12,1.6,2.4,0.5,338,11,0,29.50,,0,0,0,40.5,41.2,44.4,0.52,0.70,0.76
WHIT,2015-12-02 20:30:00 EST,43.48507,-73.42307,120,41.3,41.3,41.3,98.6,40.9,0.000,0.606,0.00,0.064,1.2,2.0,0.4,340,12,1.7,2.5,0.3,347,13,1.2,2.0,0.4,340,12,0,29.50,,0,0,0,40.4,41.2,44.4,0.52,0.70,0.76
WHIT,2015-12-02 20:35:00 EST,43.48507,-73.42307,120,41.2,41.3,41.2,98.6,40.9,0.002,0.608,0.00,0.057,1.6,2.7,0.4,333,8,2.0,3.1,0.4,340,8,1.6,2.7,0.4,333,8,0,29.50,,0,0,0,40.4,41.2,44.4,0.52,0.70,0.76
WHIT,2015-12-02 20:40:00 EST,43.48507,-73.42307,120,41.2,41.4,41.2,98.6,40.9,0.000,0.608,0.00,0.051,1.4,2.4,0.5,9,11,1.7,2.9,0.4,14,11,1.4,2.4,0.5,9,11,0,29.50,,0,0,0,40.5,41.2,44.4,0.52,0.70,0.76
WHIT,2015-12-02 20:45:00 EST,43.48507,-73.42307,120,41.4,41.5,41.4,98.7,41.1,0.001,0.609,0.00,0.038,1.5,2.2,0.4,358,15,1.8,2.9,0.5,5,18,1.5,2.2,0.4,358,15,0,29.50,,0,0,0,40.5,41.2,44.4,0.52,0.70,0.76
WHIT,2015-12-02 20:50:00 EST,43.48507,-73.42307,120,41.5,41.5,41.5,98.7,41.1,0.000,0.609,0.00,0.026,0.5,1.3,0.4,9,21,0.9,1.6,0.3,18,33,0.5,1.3,0.4,9,21,0,29.50,,0,0,0,40.5,41.3,44.4,0.52,0.70,0.76
WHIT,2015-12-02 20:55:00 EST,43.48507,-73.42307,120,41.4,41.5,41.4,98.7,41.0,0.000,0.609,0.00,0.020,0.8,2.5,0.7,14,18,1.3,2.5,0.5,12,24,0.8,2.5,0.7,14,18,0,29.50,,0,0,0,40.4,41.3,44.4,0.52,0.70,0.76
WHIT,2015-12-02 21:00:00 EST,43.48507,-73.42307,120,41.4,41.5,41.4,98.7,41.0,0.002,0.611,0.00,0.019,0.8,2.2,0.5,39,10,1.2,2.5,0.4,47,14,0.8,2.2,0.5,39,10,0,29.50,,0,0,0,40.5,41.3,44.4,0.52,0.70,0.76
WHIT,2015-12-02 21:05:00 EST,43.48507,-73.42307,120,41.5,41.7,41.5,98.7,41.2,0.000,0.611,0.00,0.015,0.4,1.4,0.4,34,18,0.9,1.8,0.3,36,29,0.4,1.4,0.4,34,18,0,29.51,,0,0,0,40.5,41.3,44.4,0.52,0.70,0.76
WHIT,2015-12-02 21:10:00 EST,43.48507,-73.42307,120,41.5,41.6,41.5,98.7,41.1,0.001,0.612,0.00,0.013,0.6,2.2,0.9,263,7,1.0,2.7,0.8,275,35,0.6,2.2,0.9,263,7,0,29.51,,0,0,0,40.5,41.3,44.4,0.52,0.70,0.76
WHIT,2015-12-02 21:15:00 EST,43.48507,-73.42307,120,41.4,41.5,41.4,98.7,41.0,0.000,0.612,0.00,0.009,1.8,2.1,0.2,293,22,2.0,2.7,0.2,301,21,1.8,2.1,0.2,293,22,0,29.51,,0,0,0,40.5,41.3,44.4,0.52,0.70,0.76
WHIT,2015-12-02 21:20:00 EST,43.48507,-73.42307,120,41.5,41.5,41.5,98.7,41.1,0.000,0.612,0.00,0.006,1.7,2.2,0.2,272,27,2.0,2.5,0.3,278,26,1.7,2.2,0.2,272,27,0,29.51,,0,0,0,40.5,41.3,44.4,0.52,0.70,0.76
WHIT,2015-12-02 21:25:00 EST,43.48507,-73.42307,120,41.5,41.8,41.5,98.7,41.1,0.003,0.615,0.00,0.008,1.2,2.3,0.9,35,23,1.6,2.5,0.6,35,30,1.2,2.3,0.9,35,23,0,29.51,,0,0,0,40.5,41.3,44.4,0.52,0.70,0.76
WHIT,2015-12-02 21:30:00 EST,43.48507,-73.42307,120,41.5,41.6,41.5,98.7,41.2,0.002,0.617,0.00,0.010,1.4,2.6,0.5,67,24,1.7,3.1,0.5,72,22,1.4,2.6,0.5,67,24,0,29.51,,0,0,0,40.5,41.3,44.4,0.52,0.70,0.76
WHIT,2015-12-02 21:35:00 EST,43.48507,-73.42307,120,41.4,41.4,41.4,98.7,41.1,0.002,0.618,0.00,0.010,1.0,2.6,0.9,93,10,1.4,3.1,0.9,92,20,1.0,2.6,0.9,93,10,0,29.50,,0,0,0,40.5,41.3,44.4,0.52,0.70,0.76
WHIT,2015-12-02 21:40:00 EST,43.48507,-73.42307,120,41.3,41.4,41.3,98.7,41.0,0.003,0.621,0.00,0.013,0.7,1.5,0.5,64,13,1.3,2.0,0.4,46,30,0.7,1.5,0.5,64,13,0,29.50,,0,0,0,40.5,41.3,44.4,0.52,0.70,0.76
WHIT,2015-12-02 21:45:00 EST,43.48507,-73.42307,120,41.4,41.4,41.4,98.7,41.0,0.001,0.622,0.00,0.013,0.9,2.1,0.6,295,12,1.3,2.7,0.4,303,15,0.9,2.1,0.6,295,12,0,29.50,,0,0,0,40.4,41.3,44.4,0.52,0.70,0.76
WHIT,2015-12-02 21:50:00 EST,43.48507,-73.42307,120,41.5,41.4,41.5,98.7,41.1,0.001,0.623,0.00,0.014,1.0,1.9,0.5,317,14,1.2,2.0,0.5,324,19,1.0,1.9,0.5,317,14,0,29.50,,0,0,0,40.5,41.3,44.4,0.52,0.70,0.76
WHIT,2015-12-02 21:55:00 EST,43.48507,-73.42307,120,41.5,41.6,41.5,98.7,41.2,0.004,0.627,0.00,0.018,1.7,2.0,0.2,341,10,2.1,2.9,0.3,348,10,1.7,2.0,0.2,341,10,0,29.50,,0,0,0,40.5,41.4,44.4,0.52,0.70,0.76
WHIT,2015-12-02 22:00:00 EST,43.48507,-73.42307,120,41.5,41.7,41.5,98.7,41.2,0.003,0.630,0.00,0.019,1.4,2.1,0.3,329,15,1.8,3.1,0.5,337,14,1.4,2.1,0.3,329,15,0,29.51,,0,0,0,40.5,41.3,44.4,0.52,0.70,0.76
WHIT,2015-12-02 22:05:00 EST,43.48507,-73.42307,120,41.6,41.7,41.6,98.7,41.3,0.003,0.633,0.00,0.022,1.1,1.9,0.3,5,18,1.4,2.2,0.3,10,18,1.1,1.9,0.3,5,18,0,29.51,,0,0,0,40.5,41.3,44.4,0.52,0.70,0.76
WHIT,2015-12-02 22:10:00 EST,43.48507,-73.42307,120,41.6,41.8,41.6,98.7,41.2,0.002,0.635,0.00,0.023,0.0,0.4,0.1,1,20,0.6,1.1,0.3,20,42,0.0,0.4,0.1,1,20,0,29.50,,0,0,0,40.5,41.3,44.4,0.52,0.70,0.76
WHIT,2015-12-02 22:15:00 EST,43.48507,-73.42307,120,41.7,41.8,41.7,98.7,41.4,0.002,0.636,0.00,0.024,1.3,2.4,0.7,12,30,1.8,2.9,0.5,17,29,1.3,2.4,0.7,12,30,0,29.50,,0,0,0,40.5,41.3,44.4,0.52,0.70,0.76
WHIT,2015-12-02 22:20:00 EST,43.48507,-73.42307,120,41.7,41.7,41.7,98.7,41.3,0.000,0.636,0.00,0.024,1.9,3.1,0.4,313,27,2.1,3.6,0.5,322,26,1.9,3.1,0.4,313,27,0,29.50,,0,0,0,40.5,41.4,44.4,0.52,0.70,0.76
WHIT,2015-12-02 22:25:00 EST,43.48507,-73.42307,120,41.7,41.8,41.7,98.7,41.3,0.000,0.636,0.00,0.021,2.2,3.4,0.5,333,34,2.7,4.9,0.7,339,31,2.2,3.4,0.5,333,34,0,29.50,,0,0,0,40.5,41.4,44.4,0.52,0.70,0.76
WHIT,2015-12-02 22:30:00 EST,43.48507,-73.42307,120,41.8,41.8,41.8,98.7,41.5,0.000,0.636,0.00,0.020,1.5,2.7,0.5,288,19,1.7,3.1,0.6,300,20,1.5,2.7,0.5,288,19,0,29.50,,0,0,0,40.5,41.4,44.4,0.52,0.70,0.76
WHIT,2015-12-02 22:35:00 EST,43.48507,-73.42307,120,42.0,41.9,42.0,98.8,41.6,0.002,0.638,0.00,0.020,0.7,1.8,0.5,263,20,1.2,2.5,0.4,282,28,0.7,1.8,0.5,263,20,0,29.50,,0,0,0,40.5,41.4,44.4,0.52,0.70,0.76
WHIT,2015-12-02 22:40:00 EST,43.48507,-73.42307,120,42.0,41.9,42.0,98.7,41.7,0.000,0.638,0.00,0.017,0.0,0.1,0.0,282,0,0.6,0.9,0.2,338,33,0.0,0.1,0.0,282,0,0,29.49,,0,0,0,40.5,41.4,44.4,0.52,0.70,0.76
WHIT,2015-12-02 22:45:00 EST,43.48507,-73.42307,120,41.9,42.0,41.9,98.8,41.6,0.001,0.639,0.00,0.017,1.1,2.3,0.6,39,17,1.3,2.0,0.5,43,14,1.1,2.3,0.6,39,17,0,29.49,,0,0,0,40.5,41.4,44.4,0.52,0.70,0.76
WHIT,2015-12-02 22:50:00 EST,43.48507,-73.42307,120,41.9,42.0,41.9,98.8,41.6,0.000,0.639,0.00,0.016,0.8,2.2,0.6,27,12,1.3,2.5,0.4,31,15,0.8,2.2,0.6,27,12,0,29.49,,0,0,0,40.5,41.4,44.4,0.52,0.70,0.76
WHIT,2015-12-02 22:55:00 EST,43.48507,-73.42307,120,41.8,42.0,41.8,98.7,41.5,0.000,0.639,0.00,0.012,0.3,1.1,0.3,302,16,0.8,1.3,0.3,331,32,0.3,1.1,0.3,302,16,0,29.49,,0,0,0,40.5,41.4,44.4,0.52,0.70,0.76
WHIT,2015-12-02 23:00:00 EST,43.48507,-73.42307,120,42.0,42.2,42.0,98.8,41.6,0.000,0.639,0.00,0.009,1.2,1.7,0.3,322,14,1.5,2.5,0.4,331,13,1.2,1.7,0.3,322,14,0,29.50,,0,0,0,40.5,41.4,44.4,0.52,0.70,0.76
WHIT,2015-12-02 23:05:00 EST,43.48507,-73.42307,120,41.8,42.0,41.8,98.7,41.5,0.000,0.639,0.00,0.006,0.8,1.8,0.5,37,48,1.3,2.7,0.5,48,49,0.8,1.8,0.5,37,48,0,29.50,,0,0,0,40.5,41.4,44.4,0.52,0.70,0.76
WHIT,2015-12-02 23:10:00 EST,43.48507,-73.42307,120,41.5,41.9,41.5,98.7,41.1,0.002,0.641,0.00,0.006,0.1,0.8,0.2,137,3,0.7,1.3,0.2,124,20,0.1,0.8,0.2,137,3,0,29.50,,0,0,0,40.5,41.4,44.4,0.52,0.70,0.76
WHIT,2015-12-02 23:15:00 EST,43.48507,-73.42307,120,41.6,42.0,41.6,98.7,41.2,0.002,0.643,0.00,0.006,0.0,0.0,0.0,0,0,0.7,0.9,0.1,84,8,0.0,0.0,0.0,0,0,0,29.50,,0,0,0,40.5,41.4,44.4,0.52,0.70,0.76
WHIT,2015-12-02 23:20:00 EST,43.48507,-73.42307,120,41.5,41.9,41.5,98.7,41.1,0.001,0.644,0.00,0.007,0.2,0.6,0.2,118,1,0.8,1.3,0.2,88,19,0.2,0.6,0.2,118,1,0,29.50,,0,0,0,40.5,41.4,44.4,0.52,0.70,0.76
WHIT,2015-12-02 23:25:00 EST,43.48507,-73.42307,120,41.5,41.5,41.5,98.7,41.1,0.003,0.646,0.00,0.010,0.0,0.0,0.0,0,0,0.4,0.9,0.3,35,44,0.0,0.0,0.0,0,0,0,29.50,,0,0,0,40.5,41.4,44.4,0.52,0.70,0.76
WHIT,2015-12-02 23:30:00 EST,43.48507,-73.42307,120,41.5,41.7,41.5,98.7,41.2,0.001,0.647,0.00,0.011,0.6,1.2,0.3,337,6,1.2,2.0,0.3,341,12,0.6,1.2,0.3,337,6,0,29.50,,0,0,0,40.5,41.4,44.4,0.52,0.70,0.76
WHIT,2015-12-02 23:35:00 EST,43.48507,-73.42307,120,41.6,41.8,41.6,98.7,41.3,0.001,0.648,0.00,0.010,1.1,1.8,0.3,296,17,1.4,2.7,0.4,304,17,1.1,1.8,0.3,296,17,0,29.50,,0,0,0,40.5,41.4,44.4,0.52,0.70,0.76
WHIT,2015-12-02 23:40:00 EST,43.48507,-73.42307,120,41.8,42.0,41.8,98.7,41.5,0.000,0.648,0.00,0.010,1.0,1.8,0.4,302,21,1.3,2.9,0.4,313,21,1.0,1.8,0.4,302,21,0,29.49,,0,0,0,40.5,41.4,44.4,0.52,0.70,0.76
WHIT,2015-12-02 23:45:00 EST,43.48507,-73.42307,120,42.0,42.3,42.0,98.8,41.6,0.002,0.650,0.00,0.011,0.1,1.1,0.3,5,22,0.6,2.0,0.4,25,44,0.1,1.1,0.3,5,22,0,29.49,,0,0,0,40.5,41.4,44.4,0.52,0.70,0.76
WHIT,2015-12-02 23:50:00 EST,43.48507,-73.42307,120,42.2,42.5,42.2,98.8,41.9,0.001,0.651,0.00,0.012,1.1,2.9,0.9,21,12,1.6,3.8,0.9,26,20,1.1,2.9,0.9,21,12,0,29.49,,0,0,0,40.5,41.4,44.4,0.52,0.70,0.76
WHIT,2015-12-02 23:55:00 EST,43.48507,-73.42307,120,42.4,42.6,42.4,98.8,42.1,0.001,0.652,0.00,0.013,2.4,5.3,1.1,24,18,2.8,6.5,1.2,28,17,2.4,5.3,1.1,24,18,0,29.49,,0,0,0,40.5,41.4,44.4,0.52,0.70,0.76
