station,time,latitude [degrees_north],longitude [degrees_east],elevation [feet],temp_2m [degF],temp_9m [degF],apparent_temperature [degF],relative_humidity [percent],dewpoint [degF],precip_incremental [inch],precip_local [inch],precip_max_intensity [inch/hour],precip_1hr [inch],avg_wind_speed_prop [mile/hr],max_wind_speed_prop [mile/hr],wind_speed_stddev_prop [mile/hr],wind_direction_prop [degrees],wind_direction_stddev_prop [degrees],avg_wind_speed_sonic [mile/hr],max_wind_speed_sonic [mile/hr],wind_speed_stddev_sonic [mile/hr],wind_direction_sonic [degrees],wind_direction_stddev_sonic [degrees],avg_wind_speed_merge [mile/hr],max_wind_speed_merge [mile/hr],wind_speed_stddev_merge [mile/hr],wind_direction_merge [degrees],wind_direction_stddev_merge [degrees],solar_insolation [W/m^2],station_pressure [inHg],snow_depth,frozen_soil_05cm [bit],frozen_soil_25cm [bit],frozen_soil_50cm [bit],soil_temp_05cm [degF],soil_temp_25cm [degF],soil_temp_50cm [degF],soil_moisture_05cm [m^3/m^3],soil_moisture_25cm [m^3/m^3],soil_moisture_50cm [m^3/m^3]
BELD,2015-11-29 00:00:00 EST,42.22322,-75.66852,1543,,,,,,,,,,,,,,,,,,,,,,,,,,,,,,,,,,,,
BELD,2015-11-29 00:05:00 EST,42.22322,-75.66852,1543,,,,,,,,,,,,,,,,,,,,,,,,,,,,,,,,,,,,
BELD,2015-11-29 00:10:00 EST,42.22322,-75.66852,1543,,,,,,,,,,,,,,,,,,,,,,,,,,,,,,,,,,,,
BELD,2015-11-29 00:15:00 EST,42.22322,-75.66852,1543,,,,,,,,,,,,,,,,,,,,,,,,,,,,,,,,,,,,
BELD,2015-11-29 00:20:00 EST,42.22322,-75.66852,1543,,,,,,,,,,,,,,,,,,,,,,,,,,,,,,,,,,,,
BELD,2015-11-29 00:25:00 EST,42.22322,-75.66852,1543,,,,,,,,,,,,,,,,,,,,,,,,,,,,,,,,,,,,
BELD,2015-11-29 00:30:00 EST,42.22322,-75.66852,1543,,,,,,,,,,,,,,,,,,,,,,,,,,,,,,,,,,,,
BELD,2015-11-29 00:35:00 EST,42.22322,-75.66852,1543,,,,,,,,,,,,,,,,,,,,,,,,,,,,,,,,,,,,
BELD,2015-11-29 00:40:00 EST,42.22322,-75.66852,1543,,,,,,,,,,,,,,,,,,,,,,,,,,,,,,,,,,,,
BELD,2015-11-29 00:45:00 EST,42.22322,-75.66852,1543,,,,,,,,,,,,,,,,,,,,,,,,,,,,,,,,,,,,
BELD,2015-11-29 00:50:00 EST,42.22322,-75.66852,1543,,,,,,,,,,,,,,,,,,,,,,,,,,,,,,,,,,,,
BELD,2015-11-29 00:55:00 EST,42.22322,-75.66852,1543,,,,,,,,,,,,,,,,,,,,,,,,,,,,,,,,,,,,
BELD,2015-11-29 01:00:00 EST,42.22322,-75.66852,1543,,,,,,,,,,,,,,,,,,,,,,,,,,,,,,,,,,,,
BELD,2015-11-29 01:05:00 EST,42.22322,-75.66852,1543,,,,,,,,,,,,,,,,,,,,,,,,,,,,,,,,,,,,
BELD,2015-11-29 01:10:00 EST,42.22322,-75.66852,1543,,,,,,,,,,,,,,,,,,,,,,,,,,,,,,,,,,,,
BELD,2015-11-29 01:15:00 EST,42.22322,-75.66852,1543,,,,,,,,,,,,,,,,,,,,,,,,,,,,,,,,,,,,
BELD,2015-11-29 01:20:00 EST,42.22322,-75.66852,1543,,,,,,,,,,,,,,,,,,,,,,,,,,,,,,,,,,,,
BELD,2015-11-29 01:25:00 EST,42.22322,-75.66852,1543,,,,,,,,,,,,,,,,,,,,,,,,,,,,,,,,,,,,
BELD,2015-11-29 01:30:00 EST,42.22322,-75.66852,1543,,,,,,,,,,,,,,,,,,,,,,,,,,,,,,,,,,,,
BELD,2015-11-29 01:35:00 EST,42.22322,-75.66852,1543,,,,,,,,,,,,,,,,,,,,,,,,,,,,,,,,,,,,
BELD,2015-11-29 01:40:00 EST,42.22322,-75.66852,1543,,,,,,,,,,,,,,,,,,,,,,,,,,,,,,,,,,,,
BELD,2015-11-29 01:45:00 EST,42.22322,-75.66852,1543,,,,,,,,,,,,,,,,,,,,,,,,,,,,,,,,,,,,
BELD,2015-11-29 01:50:00 EST,42.22322,-75.66852,1543,,,,,,,,,,,,,,,,,,,,,,,,,,,,,,,,,,,,
BELD,2015-11-29 01:55:00 EST,42.22322,-75.66852,1543,,,,,,,,,,,,,,,,,,,,,,,,,,,,,,,,,,,,
BELD,2015-11-29 02:00:00 EST,42.22322,-75.66852,1543,,,,,,,,,,,,,,,,,,,,,,,,,,,,,,,,,,,,
BELD,2015-11-29 02:05:00 EST,42.22322,-75.66852,1543,,,,,,,,,,,,,,,,,,,,,,,,,,,,,,,,,,,,
BELD,2015-11-29 02:10:00 EST,42.22322,-75.66852,1543,,,,,,,,,,,,,,,,,,,,,,,,,,,,,,,,,,,,
BELD,2015-11-29 02:15:00 EST,42.22322,-75.66852,1543,,,,,,,,,,,,,,,,,,,,,,,,,,,,,,,,,,,,
BELD,2015-11-29 02:20:00 EST,42.22322,-75.66852,1543,,,,,,,,,,,,,,,,,,,,,,,,,,,,,,,,,,,,
BELD,2015-11-29 02:25:00 EST,42.22322,-75.66852,1543,,,,,,,,,,,,,,,,,,,,,,,,,,,,,,,,,,,,
BELD,2015-11-29 02:30:00 EST,42.22322,-75.66852,1543,,,,,,,,,,,,,,,,,,,,,,,,,,,,,,,,,,,,
BELD,2015-11-29 02:35:00 EST,42.22322,-75.66852,1543,,,,,,,,,,,,,,,,,,,,,,,,,,,,,,,,,,,,
BELD,2015-11-29 02:40:00 EST,42.22322,-75.66852,1543,,,,,,,,,,,,,,,,,,,,,,,,,,,,,,,,,,,,
BELD,2015-11-29 02:45:00 EST,42.22322,-75.66852,1543,,,,,,,,,,,,,,,,,,,,,,,,,,,,,,,,,,,,
BELD,2015-11-29 02:50:00 EST,42.22322,-75.66852,1543,,,,,,,,,,,,,,,,,,,,,,,,,,,,,,,,,,,,
BELD,2015-11-29 02:55:00 EST,42.22322,-75.66852,1543,,,,,,,,,,,,,,,,,,,,,,,,,,,,,,,,,,,,
BELD,2015-11-29 03:00:00 EST,42.22322,-75.66852,1543,,,,,,,,,,,,,,,,,,,,,,,,,,,,,,,,,,,,
BELD,2015-11-29 03:05:00 EST,42.22322,-75.66852,1543,,,,,,,,,,,,,,,,,,,,,,,,,,,,,,,,,,,,
BELD,2015-11-29 03:10:00 EST,42.22322,-75.66852,1543,,,,,,,,,,,,,,,,,,,,,,,,,,,,,,,,,,,,
BELD,2015-11-29 03:15:00 EST,42.22322,-75.66852,1543,,,,,,,,,,,,,,,,,,,,,,,,,,,,,,,,,,,,
BELD,2015-11-29 03:20:00 EST,42.22322,-75.66852,1543,,,,,,,,,,,,,,,,,,,,,,,,,,,,,,,,,,,,
BELD,2015-11-29 03:25:00 EST,42.22322,-75.66852,1543,,,,,,,,,,,,,,,,,,,,,,,,,,,,,,,,,,,,
BELD,2015-11-29 03:30:00 EST,42.22322,-75.66852,1543,,,,,,,,,,,,,,,,,,,,,,,,,,,,,,,,,,,,
BELD,2015-11-29 03:35:00 EST,42.22322,-75.66852,1543,,,,,,,,,,,,,,,,,,,,,,,,,,,,,,,,,,,,
BELD,2015-11-29 03:40:00 EST,42.22322,-75.66852,1543,,,,,,,,,,,,,,,,,,,,,,,,,,,,,,,,,,,,
BELD,2015-11-29 03:45:00 EST,42.22322,-75.66852,1543,,,,,,,,,,,,,,,,,,,,,,,,,,,,,,,,,,,,
BELD,2015-11-29 03:50:00 EST,42.22322,-75.66852,1543,,,,,,,,,,,,,,,,,,,,,,,,,,,,,,,,,,,,
BELD,2015-11-29 03:55:00 EST,42.22322,-75.66852,1543,,,,,,,,,,,,,,,,,,,,,,,,,,,,,,,,,,,,
BELD,2015-11-29 04:00:00 EST,42.22322,-75.66852,1543,,,,,,,,,,,,,,,,,,,,,,,,,,,,,,,,,,,,
BELD,2015-11-29 04:05:00 EST,42.22322,-75.66852,1543,,,,,,,,,,,,,,,,,,,,,,,,,,,,,,,,,,,,
BELD,2015-11-29 04:10:00 EST,42.22322,-75.66852,1543,,,,,,,,,,,,,,,,,,,,,,,,,,,,,,,,,,,,
BELD,2015-11-29 04:15:00 EST,42.22322,-75.66852,1543,,,,,,,,,,,,,,,,,,,,,,,,,,,,,,,,,,,,
BELD,2015-11-29 04:20:00 EST,42.22322,-75.66852,1543,,,,,,,,,,,,,,,,,,,,,,,,,,,,,,,,,,,,
BELD,2015-11-29 04:25:00 EST,42.22322,-75.66852,1543,,,,,,,,,,,,,,,,,,,,,,,,,,,,,,,,,,,,
BELD,2015-11-29 04:30:00 EST,42.22322,-75.66852,1543,,,,,,,,,,,,,,,,,,,,,,,,,,,,,,,,,,,,
BELD,2015-11-29 04:35:00 EST,42.22322,-75.66852,1543,,,,,,,,,,,,,,,,,,,,,,,,,,,,,,,,,,,,
BELD,2015-11-29 04:40:00 EST,42.22322,-75.66852,1543,,,,,,,,,,,,,,,,,,,,,,,,,,,,,,,,,,,,
BELD,2015-11-29 04:45:00 EST,42.22322,-75.66852,1543,,,,,,,,,,,,,,,,,,,,,,,,,,,,,,,,,,,,
BELD,2015-11-29 04:50:00 EST,42.22322,-75.66852,1543,,,,,,,,,,,,,,,,,,,,,,,,,,,,,,,,,,,,
BELD,2015-11-29 04:55:00 EST,42.22322,-75.66852,1543,,,,,,,,,,,,,,,,,,,,,,,,,,,,,,,,,,,,
BELD,2015-11-29 05:00:00 EST,42.22322,-75.66852,1543,,,,,,,,,,,,,,,,,,,,,,,,,,,,,,,,,,,,
BELD,2015-11-29 05:05:00 EST,42.22322,-75.66852,1543,,,,,,,,,,,,,,,,,,,,,,,,,,,,,,,,,,,,
BELD,2015-11-29 05:10:00 EST,42.22322,-75.66852,1543,,,,,,,,,,,,,,,,,,,,,,,,,,,,,,,,,,,,
BELD,2015-11-29 05:15:00 EST,42.22322,-75.66852,1543,,,,,,,,,,,,,,,,,,,,,,,,,,,,,,,,,,,,
BELD,2015-11-29 05:20:00 EST,42.22322,-75.66852,1543,,,,,,,,,,,,,,,,,,,,,,,,,,,,,,,,,,,,
BELD,2015-11-29 05:25:00 EST,42.22322,-75.66852,1543,,,,,,,,,,,,,,,,,,,,,,,,,,,,,,,,,,,,
BELD,2015-11-29 05:30:00 EST,42.22322,-75.66852,1543,,,,,,,,,,,,,,,,,,,,,,,,,,,,,,,,,,,,
BELD,2015-11-29 05:35:00 EST,42.22322,-75.66852,1543,,,,,,,,,,,,,,,,,,,,,,,,,,,,,,,,,,,,
BELD,2015-11-29 05:40:00 EST,42.22322,-75.66852,1543,,,,,,,,,,,,,,,,,,,,,,,,,,,,,,,,,,,,
BELD,2015-11-29 05:45:00 EST,42.22322,-75.66852,1543,,,,,,,,,,,,,,,,,,,,,,,,,,,,,,,,,,,,
BELD,2015-11-29 05:50:00 EST,42.22322,-75.66852,1543,,,,,,,,,,,,,,,,,,,,,,,,,,,,,,,,,,,,
BELD,2015-11-29 05:55:00 EST,42.22322,-75.66852,1543,,,,,,,,,,,,,,,,,,,,,,,,,,,,,,,,,,,,
BELD,2015-11-29 06:00:00 EST,42.22322,-75.66852,1543,,,,,,,,,,,,,,,,,,,,,,,,,,,,,,,,,,,,
BELD,2015-11-29 06:05:00 EST,42.22322,-75.66852,1543,,,,,,,,,,,,,,,,,,,,,,,,,,,,,,,,,,,,
BELD,2015-11-29 06:10:00 EST,42.22322,-75.66852,1543,,,,,,,,,,,,,,,,,,,,,,,,,,,,,,,,,,,,
BELD,2015-11-29 06:15:00 EST,42.22322,-75.66852,1543,,,,,,,,,,,,,,,,,,,,,,,,,,,,,,,,,,,,
BELD,2015-11-29 06:20:00 EST,42.22322,-75.66852,1543,,,,,,,,,,,,,,,,,,,,,,,,,,,,,,,,,,,,
BELD,2015-11-29 06:25:00 EST,42.22322,-75.66852,1543,,,,,,,,,,,,,,,,,,,,,,,,,,,,,,,,,,,,
BELD,2015-11-29 06:30:00 EST,42.22322,-75.66852,1543,,,,,,,,,,,,,,,,,,,,,,,,,,,,,,,,,,,,
BELD,2015-11-29 06:35:00 EST,42.22322,-75.66852,1543,,,,,,,,,,,,,,,,,,,,,,,,,,,,,,,,,,,,
BELD,2015-11-29 06:40:00 EST,42.22322,-75.66852,1543,,,,,,,,,,,,,,,,,,,,,,,,,,,,,,,,,,,,
BELD,2015-11-29 06:45:00 EST,42.22322,-75.66852,1543,,,,,,,,,,,,,,,,,,,,,,,,,,,,,,,,,,,,
BELD,2015-11-29 06:50:00 EST,42.22322,-75.66852,1543,,,,,,,,,,,,,,,,,,,,,,,,,,,,,,,,,,,,
BELD,2015-11-29 06:55:00 EST,42.22322,-75.66852,1543,,,,,,,,,,,,,,,,,,,,,,,,,,,,,,,,,,,,
BELD,2015-11-29 07:00:00 EST,42.22322,-75.66852,1543,,,,,,,,,,,,,,,,,,,,,,,,,,,,,,,,,,,,
BELD,2015-11-29 07:05:00 EST,42.22322,-75.66852,1543,,,,,,,,,,,,,,,,,,,,,,,,,,,,,,,,,,,,
BELD,2015-11-29 07:10:00 EST,42.22322,-75.66852,1543,,,,,,,,,,,,,,,,,,,,,,,,,,,,,,,,,,,,
BELD,2015-11-29 07:15:00 EST,42.22322,-75.66852,1543,,,,,,,,,,,,,,,,,,,,,,,,,,,,,,,,,,,,
BELD,2015-11-29 07:20:00 EST,42.22322,-75.66852,1543,,,,,,,,,,,,,,,,,,,,,,,,,,,,,,,,,,,,
BELD,2015-11-29 07:25:00 EST,42.22322,-75.66852,1543,,,,,,,,,,,,,,,,,,,,,,,,,,,,,,,,,,,,
BELD,2015-11-29 07:30:00 EST,42.22322,-75.66852,1543,,,,,,,,,,,,,,,,,,,,,,,,,,,,,,,,,,,,
BELD,2015-11-29 07:35:00 EST,42.22322,-75.66852,1543,,,,,,,,,,,,,,,,,,,,,,,,,,,,,,,,,,,,
BELD,2015-11-29 07:40:00 EST,42.22322,-75.66852,1543,,,,,,,,,,,,,,,,,,,,,,,,,,,,,,,,,,,,
BELD,2015-11-29 07:45:00 EST,42.22322,-75.66852,1543,,,,,,,,,,,,,,,,,,,,,,,,,,,,,,,,,,,,
BELD,2015-11-29 07:50:00 EST,42.22322,-75.66852,1543,,,,,,,,,,,,,,,,,,,,,,,,,,,,,,,,,,,,
BELD,2015-11-29 07:55:00 EST,42.22322,-75.66852,1543,,,,,,,,,,,,,,,,,,,,,,,,,,,,,,,,,,,,
BELD,2015-11-29 08:00:00 EST,42.22322,-75.66852,1543,,,,,,,,,,,,,,,,,,,,,,,,,,,,,,,,,,,,
BELD,2015-11-29 08:05:00 EST,42.22322,-75.66852,1543,,,,,,,,,,,,,,,,,,,,,,,,,,,,,,,,,,,,
BELD,2015-11-29 08:10:00 EST,42.22322,-75.66852,1543,,,,,,,,,,,,,,,,,,,,,,,,,,,,,,,,,,,,
BELD,2015-11-29 08:15:00 EST,42.22322,-75.66852,1543,,,,,,,,,,,,,,,,,,,,,,,,,,,,,,,,,,,,
BELD,2015-11-29 08:20:00 EST,42.22322,-75.66852,1543,,,,,,,,,,,,,,,,,,,,,,,,,,,,,,,,,,,,
BELD,2015-11-29 08:25:00 EST,42.22322,-75.66852,1543,,,,,,,,,,,,,,,,,,,,,,,,,,,,,,,,,,,,
BELD,2015-11-29 08:30:00 EST,42.22322,-75.66852,1543,,,,,,,,,,,,,,,,,,,,,,,,,,,,,,,,,,,,
BELD,2015-11-29 08:35:00 EST,42.22322,-75.66852,1543,,,,,,,,,,,,,,,,,,,,,,,,,,,,,,,,,,,,
BELD,2015-11-29 08:40:00 EST,42.22322,-75.66852,1543,,,,,,,,,,,,,,,,,,,,,,,,,,,,,,,,,,,,
BELD,2015-11-29 08:45:00 EST,42.22322,-75.66852,1543,,,,,,,,,,,,,,,,,,,,,,,,,,,,,,,,,,,,
BELD,2015-11-29 08:50:00 EST,42.22322,-75.66852,1543,,,,,,,,,,,,,,,,,,,,,,,,,,,,,,,,,,,,
BELD,2015-11-29 08:55:00 EST,42.22322,-75.66852,1543,,,,,,,,,,,,,,,,,,,,,,,,,,,,,,,,,,,,
BELD,2015-11-29 09:00:00 EST,42.22322,-75.66852,1543,,,,,,,,,,,,,,,,,,,,,,,,,,,,,,,,,,,,
BELD,2015-11-29 09:05:00 EST,42.22322,-75.66852,1543,,,,,,,,,,,,,,,,,,,,,,,,,,,,,,,,,,,,
BELD,2015-11-29 09:10:00 EST,42.22322,-75.66852,1543,,,,,,,,,,,,,,,,,,,,,,,,,,,,,,,,,,,,
BELD,2015-11-29 09:15:00 EST,42.22322,-75.66852,1543,,,,,,,,,,,,,,,,,,,,,,,,,,,,,,,,,,,,
BELD,2015-11-29 09:20:00 EST,42.22322,-75.66852,1543,,,,,,,,,,,,,,,,,,,,,,,,,,,,,,,,,,,,
BELD,2015-11-29 09:25:00 EST,42.22322,-75.66852,1543,,,,,,,,,,,,,,,,,,,,,,,,,,,,,,,,,,,,
BELD,2015-11-29 09:30:00 EST,42.22322,-75.66852,1543,,,,,,,,,,,,,,,,,,,,,,,,,,,,,,,,,,,,
BELD,2015-11-29 09:35:00 EST,42.22322,-75.66852,1543,,,,,,,,,,,,,,,,,,,,,,,,,,,,,,,,,,,,
BELD,2015-11-29 09:40:00 EST,42.22322,-75.66852,1543,,,,,,,,,,,,,,,,,,,,,,,,,,,,,,,,,,,,
BELD,2015-11-29 09:45:00 EST,42.22322,-75.66852,1543,,,,,,,,,,,,,,,,,,,,,,,,,,,,,,,,,,,,
BELD,2015-11-29 09:50:00 EST,42.22322,-75.66852,1543,,,,,,,,,,,,,,,,,,,,,,,,,,,,,,,,,,,,
BELD,2015-11-29 09:55:00 EST,42.22322,-75.66852,1543,,,,,,,,,,,,,,,,,,,,,,,,,,,,,,,,,,,,
BELD,2015-11-29 10:00:00 EST,42.22322,-75.66852,1543,,,,,,,,,,,,,,,,,,,,,,,,,,,,,,,,,,,,
BELD,2015-11-29 10:05:00 EST,42.22322,-75.66852,1543,,,,,,,,,,,,,,,,,,,,,,,,,,,,,,,,,,,,
BELD,2015-11-29 10:10:00 EST,42.22322,-75.66852,1543,,,,,,,,,,,,,,,,,,,,,,,,,,,,,,,,,,,,
BELD,2015-11-29 10:15:00 EST,42.22322,-75.66852,1543,,,,,,,,,,,,,,,,,,,,,,,,,,,,,,,,,,,,
BELD,2015-11-29 10:20:00 EST,42.22322,-75.66852,1543,,,,,,,,,,,,,,,,,,,,,,,,,,,,,,,,,,,,
BELD,2015-11-29 10:25:00 EST,42.22322,-75.66852,1543,,,,,,,,,,,,,,,,,,,,,,,,,,,,,,,,,,,,
BELD,2015-11-29 10:30:00 EST,42.22322,-75.66852,1543,,,,,,,,,,,,,,,,,,,,,,,,,,,,,,,,,,,,
BELD,2015-11-29 10:35:00 EST,42.22322,-75.66852,1543,,,,,,,,,,,,,,,,,,,,,,,,,,,,,,,,,,,,
BELD,2015-11-29 10:40:00 EST,42.22322,-75.66852,1543,,,,,,,,,,,,,,,,,,,,,,,,,,,,,,,,,,,,
BELD,2015-11-29 10:45:00 EST,42.22322,-75.66852,1543,,,,,,,,,,,,,,,,,,,,,,,,,,,,,,,,,,,,
BELD,2015-11-29 10:50:00 EST,42.22322,-75.66852,1543,,,,,,,,,,,,,,,,,,,,,,,,,,,,,,,,,,,,
BELD,2015-11-29 10:55:00 EST,42.22322,-75.66852,1543,,,,,,,,,,,,,,,,,,,,,,,,,,,,,,,,,,,,
BELD,2015-11-29 11:00:00 EST,42.22322,-75.66852,1543,,,,,,,,,,,,,,,,,,,,,,,,,,,,,,,,,,,,
BELD,2015-11-29 11:05:00 EST,42.22322,-75.66852,1543,,,,,,,,,,,,,,,,,,,,,,,,,,,,,,,,,,,,
BELD,2015-11-29 11:10:00 EST,42.22322,-75.66852,1543,,,,,,,,,,,,,,,,,,,,,,,,,,,,,,,,,,,,
BELD,2015-11-29 11:15:00 EST,42.22322,-75.66852,1543,,,,,,,,,,,,,,,,,,,,,,,,,,,,,,,,,,,,
BELD,2015-11-29 11:20:00 EST,42.22322,-75.66852,1543,,,,,,,,,,,,,,,,,,,,,,,,,,,,,,,,,,,,
BELD,2015-11-29 11:25:00 EST,42.22322,-75.66852,1543,,,,,,,,,,,,,,,,,,,,,,,,,,,,,,,,,,,,
BELD,2015-11-29 11:30:00 EST,42.22322,-75.66852,1543,,,,,,,,,,,,,,,,,,,,,,,,,,,,,,,,,,,,
BELD,2015-11-29 11:35:00 EST,42.22322,-75.66852,1543,,,,,,,,,,,,,,,,,,,,,,,,,,,,,,,,,,,,
BELD,2015-11-29 11:40:00 EST,42.22322,-75.66852,1543,,,,,,,,,,,,,,,,,,,,,,,,,,,,,,,,,,,,
BELD,2015-11-29 11:45:00 EST,42.22322,-75.66852,1543,,,,,,,,,,,,,,,,,,,,,,,,,,,,,,,,,,,,
BELD,2015-11-29 11:50:00 EST,42.22322,-75.66852,1543,,,,,,,,,,,,,,,,,,,,,,,,,,,,,,,,,,,,
BELD,2015-11-29 11:55:00 EST,42.22322,-75.66852,1543,,,,,,,,,,,,,,,,,,,,,,,,,,,,,,,,,,,,
BELD,2015-11-29 12:00:00 EST,42.22322,-75.66852,1543,,,,,,,,,,,,,,,,,,,,,,,,,,,,,,,,,,,,
BELD,2015-11-29 12:05:00 EST,42.22322,-75.66852,1543,,,,,,,,,,,,,,,,,,,,,,,,,,,,,,,,,,,,
BELD,2015-11-29 12:10:00 EST,42.22322,-75.66852,1543,,,,,,,,,,,,,,,,,,,,,,,,,,,,,,,,,,,,
BELD,2015-11-29 12:15:00 EST,42.22322,-75.66852,1543,,,,,,,,,,,,,,,,,,,,,,,,,,,,,,,,,,,,
BELD,2015-11-29 12:20:00 EST,42.22322,-75.66852,1543,,,,,,,,,,,,,,,,,,,,,,,,,,,,,,,,,,,,
BELD,2015-11-29 12:25:00 EST,42.22322,-75.66852,1543,,,,,,,,,,,,,,,,,,,,,,,,,,,,,,,,,,,,
BELD,2015-11-29 12:30:00 EST,42.22322,-75.66852,1543,,,,,,,,,,,,,,,,,,,,,,,,,,,,,,,,,,,,
BELD,2015-11-29 12:35:00 EST,42.22322,-75.66852,1543,,,,,,,,,,,,,,,,,,,,,,,,,,,,,,,,,,,,
BELD,2015-11-29 12:40:00 EST,42.22322,-75.66852,1543,,,,,,,,,,,,,,,,,,,,,,,,,,,,,,,,,,,,
BELD,2015-11-29 12:45:00 EST,42.22322,-75.66852,1543,,,,,,,,,,,,,,,,,,,,,,,,,,,,,,,,,,,,
BELD,2015-11-29 12:50:00 EST,42.22322,-75.66852,1543,,,,,,,,,,,,,,,,,,,,,,,,,,,,,,,,,,,,
BELD,2015-11-29 12:55:00 EST,42.22322,-75.66852,1543,,,,,,,,,,,,,,,,,,,,,,,,,,,,,,,,,,,,
BELD,2015-11-29 13:00:00 EST,42.22322,-75.66852,1543,,,,,,,,,,,,,,,,,,,,,,,,,,,,,,,,,,,,
BELD,2015-11-29 13:05:00 EST,42.22322,-75.66852,1543,,,,,,,,,,,,,,,,,,,,,,,,,,,,,,,,,,,,
BELD,2015-11-29 13:10:00 EST,42.22322,-75.66852,1543,,,,,,,,,,,,,,,,,,,,,,,,,,,,,,,,,,,,
BELD,2015-11-29 13:15:00 EST,42.22322,-75.66852,1543,,,,,,,,,,,,,,,,,,,,,,,,,,,,,,,,,,,,
BELD,2015-11-29 13:20:00 EST,42.22322,-75.66852,1543,,,,,,,,,,,,,,,,,,,,,,,,,,,,,,,,,,,,
BELD,2015-11-29 13:25:00 EST,42.22322,-75.66852,1543,,,,,,,,,,,,,,,,,,,,,,,,,,,,,,,,,,,,
BELD,2015-11-29 13:30:00 EST,42.22322,-75.66852,1543,,,,,,,,,,,,,,,,,,,,,,,,,,,,,,,,,,,,
BELD,2015-11-29 13:35:00 EST,42.22322,-75.66852,1543,,,,,,,,,,,,,,,,,,,,,,,,,,,,,,,,,,,,
BELD,2015-11-29 13:40:00 EST,42.22322,-75.66852,1543,,,,,,,,,,,,,,,,,,,,,,,,,,,,,,,,,,,,
BELD,2015-11-29 13:45:00 EST,42.22322,-75.66852,1543,,,,,,,,,,,,,,,,,,,,,,,,,,,,,,,,,,,,
BELD,2015-11-29 13:50:00 EST,42.22322,-75.66852,1543,,,,,,,,,,,,,,,,,,,,,,,,,,,,,,,,,,,,
BELD,2015-11-29 13:55:00 EST,42.22322,-75.66852,1543,,,,,,,,,,,,,,,,,,,,,,,,,,,,,,,,,,,,
BELD,2015-11-29 14:00:00 EST,42.22322,-75.66852,1543,,,,,,,,,,,,,,,,,,,,,,,,,,,,,,,,,,,,
BELD,2015-11-29 14:05:00 EST,42.22322,-75.66852,1543,,,,,,,,,,,,,,,,,,,,,,,,,,,,,,,,,,,,
BELD,2015-11-29 14:10:00 EST,42.22322,-75.66852,1543,,,,,,,,,,,,,,,,,,,,,,,,,,,,,,,,,,,,
BELD,2015-11-29 14:15:00 EST,42.22322,-75.66852,1543,,,,,,,,,,,,,,,,,,,,,,,,,,,,,,,,,,,,
BELD,2015-11-29 14:20:00 EST,42.22322,-75.66852,1543,,,,,,,,,,,,,,,,,,,,,,,,,,,,,,,,,,,,
BELD,2015-11-29 14:25:00 EST,42.22322,-75.66852,1543,,,,,,,,,,,,,,,,,,,,,,,,,,,,,,,,,,,,
BELD,2015-11-29 14:30:00 EST,42.22322,-75.66852,1543,,,,,,,,,,,,,,,,,,,,,,,,,,,,,,,,,,,,
BELD,2015-11-29 14:35:00 EST,42.22322,-75.66852,1543,,,,,,,,,,,,,,,,,,,,,,,,,,,,,,,,,,,,
BELD,2015-11-29 14:40:00 EST,42.22322,-75.66852,1543,,,,,,,,,,,,,,,,,,,,,,,,,,,,,,,,,,,,
BELD,2015-11-29 14:45:00 EST,42.22322,-75.66852,1543,,,,,,,,,,,,,,,,,,,,,,,,,,,,,,,,,,,,
BELD,2015-11-29 14:50:00 EST,42.22322,-75.66852,1543,,,,,,,,,,,,,,,,,,,,,,,,,,,,,,,,,,,,
BELD,2015-11-29 14:55:00 EST,42.22322,-75.66852,1543,,,,,,,,,,,,,,,,,,,,,,,,,,,,,,,,,,,,
BELD,2015-11-29 15:00:00 EST,42.22322,-75.66852,1543,,,,,,,,,,,,,,,,,,,,,,,,,,,,,,,,,,,,
BELD,2015-11-29 15:05:00 EST,42.22322,-75.66852,1543,,,,,,,,,,,,,,,,,,,,,,,,,,,,,,,,,,,,
BELD,2015-11-29 15:10:00 EST,42.22322,-75.66852,1543,,,,,,,,,,,,,,,,,,,,,,,,,,,,,,,,,,,,
BELD,2015-11-29 15:15:00 EST,42.22322,-75.66852,1543,,,,,,,,,,,,,,,,,,,,,,,,,,,,,,,,,,,,
BELD,2015-11-29 15:20:00 EST,42.22322,-75.66852,1543,,,,,,,,,,,,,,,,,,,,,,,,,,,,,,,,,,,,
BELD,2015-11-29 15:25:00 EST,42.22322,-75.66852,1543,,,,,,,,,,,,,,,,,,,,,,,,,,,,,,,,,,,,
BELD,2015-11-29 15:30:00 EST,42.22322,-75.66852,1543,,,,,,,,,,,,,,,,,,,,,,,,,,,,,,,,,,,,
BELD,2015-11-29 15:35:00 EST,42.22322,-75.66852,1543,,,,,,,,,,,,,,,,,,,,,,,,,,,,,,,,,,,,
BELD,2015-11-29 15:40:00 EST,42.22322,-75.66852,1543,,,,,,,,,,,,,,,,,,,,,,,,,,,,,,,,,,,,
BELD,2015-11-29 15:45:00 EST,42.22322,-75.66852,1543,,,,,,,,,,,,,,,,,,,,,,,,,,,,,,,,,,,,
BELD,2015-11-29 15:50:00 EST,42.22322,-75.66852,1543,,,,,,,,,,,,,,,,,,,,,,,,,,,,,,,,,,,,
BELD,2015-11-29 15:55:00 EST,42.22322,-75.66852,1543,,,,,,,,,,,,,,,,,,,,,,,,,,,,,,,,,,,,
BELD,2015-11-29 16:00:00 EST,42.22322,-75.66852,1543,,,,,,,,,,,,,,,,,,,,,,,,,,,,,,,,,,,,
BELD,2015-11-29 16:05:00 EST,42.22322,-75.66852,1543,,,,,,,,,,,,,,,,,,,,,,,,,,,,,,,,,,,,
BELD,2015-11-29 16:10:00 EST,42.22322,-75.66852,1543,,,,,,,,,,,,,,,,,,,,,,,,,,,,,,,,,,,,
BELD,2015-11-29 16:15:00 EST,42.22322,-75.66852,1543,,,,,,,,,,,,,,,,,,,,,,,,,,,,,,,,,,,,
BELD,2015-11-29 16:20:00 EST,42.22322,-75.66852,1543,,,,,,,,,,,,,,,,,,,,,,,,,,,,,,,,,,,,
BELD,2015-11-29 16:25:00 EST,42.22322,-75.66852,1543,,,,,,,,,,,,,,,,,,,,,,,,,,,,,,,,,,,,
BELD,2015-11-29 16:30:00 EST,42.22322,-75.66852,1543,,,,,,,,,,,,,,,,,,,,,,,,,,,,,,,,,,,,
BELD,2015-11-29 16:35:00 EST,42.22322,-75.66852,1543,,,,,,,,,,,,,,,,,,,,,,,,,,,,,,,,,,,,
BELD,2015-11-29 16:40:00 EST,42.22322,-75.66852,1543,,,,,,,,,,,,,,,,,,,,,,,,,,,,,,,,,,,,
BELD,2015-11-29 16:45:00 EST,42.22322,-75.66852,1543,,,,,,,,,,,,,,,,,,,,,,,,,,,,,,,,,,,,
BELD,2015-11-29 16:50:00 EST,42.22322,-75.66852,1543,,,,,,,,,,,,,,,,,,,,,,,,,,,,,,,,,,,,
BELD,2015-11-29 16:55:00 EST,42.22322,-75.66852,1543,,,,,,,,,,,,,,,,,,,,,,,,,,,,,,,,,,,,
BELD,2015-11-29 17:00:00 EST,42.22322,-75.66852,1543,,,,,,,,,,,,,,,,,,,,,,,,,,,,,,,,,,,,
BELD,2015-11-29 17:05:00 EST,42.22322,-75.66852,1543,,,,,,,,,,,,,,,,,,,,,,,,,,,,,,,,,,,,
BELD,2015-11-29 17:10:00 EST,42.22322,-75.66852,1543,,,,,,,,,,,,,,,,,,,,,,,,,,,,,,,,,,,,
BELD,2015-11-29 17:15:00 EST,42.22322,-75.66852,1543,,,,,,,,,,,,,,,,,,,,,,,,,,,,,,,,,,,,
BELD,2015-11-29 17:20:00 EST,42.22322,-75.66852,1543,,,,,,,,,,,,,,,,,,,,,,,,,,,,,,,,,,,,
BELD,2015-11-29 17:25:00 EST,42.22322,-75.66852,1543,,,,,,,,,,,,,,,,,,,,,,,,,,,,,,,,,,,,
BELD,2015-11-29 17:30:00 EST,42.22322,-75.66852,1543,,,,,,,,,,,,,,,,,,,,,,,,,,,,,,,,,,,,
BELD,2015-11-29 17:35:00 EST,42.22322,-75.66852,1543,,,,,,,,,,,,,,,,,,,,,,,,,,,,,,,,,,,,
BELD,2015-11-29 17:40:00 EST,42.22322,-75.66852,1543,,,,,,,,,,,,,,,,,,,,,,,,,,,,,,,,,,,,
BELD,2015-11-29 17:45:00 EST,42.22322,-75.66852,1543,,,,,,,,,,,,,,,,,,,,,,,,,,,,,,,,,,,,
BELD,2015-11-29 17:50:00 EST,42.22322,-75.66852,1543,,,,,,,,,,,,,,,,,,,,,,,,,,,,,,,,,,,,
BELD,2015-11-29 17:55:00 EST,42.22322,-75.66852,1543,,,,,,,,,,,,,,,,,,,,,,,,,,,,,,,,,,,,
BELD,2015-11-29 18:00:00 EST,42.22322,-75.66852,1543,,,,,,,,,,,,,,,,,,,,,,,,,,,,,,,,,,,,
BELD,2015-11-29 18:05:00 EST,42.22322,-75.66852,1543,,,,,,,,,,,,,,,,,,,,,,,,,,,,,,,,,,,,
BELD,2015-11-29 18:10:00 EST,42.22322,-75.66852,1543,,,,,,,,,,,,,,,,,,,,,,,,,,,,,,,,,,,,
BELD,2015-11-29 18:15:00 EST,42.22322,-75.66852,1543,,,,,,,,,,,,,,,,,,,,,,,,,,,,,,,,,,,,
BELD,2015-11-29 18:20:00 EST,42.22322,-75.66852,1543,,,,,,,,,,,,,,,,,,,,,,,,,,,,,,,,,,,,
BELD,2015-11-29 18:25:00 EST,42.22322,-75.66852,1543,,,,,,,,,,,,,,,,,,,,,,,,,,,,,,,,,,,,
BELD,2015-11-29 18:30:00 EST,42.22322,-75.66852,1543,,,,,,,,,,,,,,,,,,,,,,,,,,,,,,,,,,,,
BELD,2015-11-29 18:35:00 EST,42.22322,-75.66852,1543,,,,,,,,,,,,,,,,,,,,,,,,,,,,,,,,,,,,
BELD,2015-11-29 18:40:00 EST,42.22322,-75.66852,1543,,,,,,,,,,,,,,,,,,,,,,,,,,,,,,,,,,,,
BELD,2015-11-29 18:45:00 EST,42.22322,-75.66852,1543,,,,,,,,,,,,,,,,,,,,,,,,,,,,,,,,,,,,
BELD,2015-11-29 18:50:00 EST,42.22322,-75.66852,1543,,,,,,,,,,,,,,,,,,,,,,,,,,,,,,,,,,,,
BELD,2015-11-29 18:55:00 EST,42.22322,-75.66852,1543,,,,,,,,,,,,,,,,,,,,,,,,,,,,,,,,,,,,
BELD,2015-11-29 19:00:00 EST,42.22322,-75.66852,1543,,,,,,,,,,,,,,,,,,,,,,,,,,,,,,,,,,,,
BELD,2015-11-29 19:05:00 EST,42.22322,-75.66852,1543,,,,,,,,,,,,,,,,,,,,,,,,,,,,,,,,,,,,
BELD,2015-11-29 19:10:00 EST,42.22322,-75.66852,1543,,,,,,,,,,,,,,,,,,,,,,,,,,,,,,,,,,,,
BELD,2015-11-29 19:15:00 EST,42.22322,-75.66852,1543,,,,,,,,,,,,,,,,,,,,,,,,,,,,,,,,,,,,
BELD,2015-11-29 19:20:00 EST,42.22322,-75.66852,1543,,,,,,,,,,,,,,,,,,,,,,,,,,,,,,,,,,,,
BELD,2015-11-29 19:25:00 EST,42.22322,-75.66852,1543,,,,,,,,,,,,,,,,,,,,,,,,,,,,,,,,,,,,
BELD,2015-11-29 19:30:00 EST,42.22322,-75.66852,1543,,,,,,,,,,,,,,,,,,,,,,,,,,,,,,,,,,,,
BELD,2015-11-29 19:35:00 EST,42.22322,-75.66852,1543,,,,,,,,,,,,,,,,,,,,,,,,,,,,,,,,,,,,
BELD,2015-11-29 19:40:00 EST,42.22322,-75.66852,1543,,,,,,,,,,,,,,,,,,,,,,,,,,,,,,,,,,,,
BELD,2015-11-29 19:45:00 EST,42.22322,-75.66852,1543,,,,,,,,,,,,,,,,,,,,,,,,,,,,,,,,,,,,
BELD,2015-11-29 19:50:00 EST,42.22322,-75.66852,1543,,,,,,,,,,,,,,,,,,,,,,,,,,,,,,,,,,,,
BELD,2015-11-29 19:55:00 EST,42.22322,-75.66852,1543,,,,,,,,,,,,,,,,,,,,,,,,,,,,,,,,,,,,
BELD,2015-11-29 20:00:00 EST,42.22322,-75.66852,1543,,,,,,,,,,,,,,,,,,,,,,,,,,,,,,,,,,,,
BELD,2015-11-29 20:05:00 EST,42.22322,-75.66852,1543,,,,,,,,,,,,,,,,,,,,,,,,,,,,,,,,,,,,
BELD,2015-11-29 20:10:00 EST,42.22322,-75.66852,1543,,,,,,,,,,,,,,,,,,,,,,,,,,,,,,,,,,,,
BELD,2015-11-29 20:15:00 EST,42.22322,-75.66852,1543,,,,,,,,,,,,,,,,,,,,,,,,,,,,,,,,,,,,
BELD,2015-11-29 20:20:00 EST,42.22322,-75.66852,1543,,,,,,,,,,,,,,,,,,,,,,,,,,,,,,,,,,,,
BELD,2015-11-29 20:25:00 EST,42.22322,-75.66852,1543,,,,,,,,,,,,,,,,,,,,,,,,,,,,,,,,,,,,
BELD,2015-11-29 20:30:00 EST,42.22322,-75.66852,1543,,,,,,,,,,,,,,,,,,,,,,,,,,,,,,,,,,,,
BELD,2015-11-29 20:35:00 EST,42.22322,-75.66852,1543,,,,,,,,,,,,,,,,,,,,,,,,,,,,,,,,,,,,
BELD,2015-11-29 20:40:00 EST,42.22322,-75.66852,1543,,,,,,,,,,,,,,,,,,,,,,,,,,,,,,,,,,,,
BELD,2015-11-29 20:45:00 EST,42.22322,-75.66852,1543,,,,,,,,,,,,,,,,,,,,,,,,,,,,,,,,,,,,
BELD,2015-11-29 20:50:00 EST,42.22322,-75.66852,1543,,,,,,,,,,,,,,,,,,,,,,,,,,,,,,,,,,,,
BELD,2015-11-29 20:55:00 EST,42.22322,-75.66852,1543,,,,,,,,,,,,,,,,,,,,,,,,,,,,,,,,,,,,
BELD,2015-11-29 21:00:00 EST,42.22322,-75.66852,1543,,,,,,,,,,,,,,,,,,,,,,,,,,,,,,,,,,,,
BELD,2015-11-29 21:05:00 EST,42.22322,-75.66852,1543,,,,,,,,,,,,,,,,,,,,,,,,,,,,,,,,,,,,
BELD,2015-11-29 21:10:00 EST,42.22322,-75.66852,1543,,,,,,,,,,,,,,,,,,,,,,,,,,,,,,,,,,,,
BELD,2015-11-29 21:15:00 EST,42.22322,-75.66852,1543,,,,,,,,,,,,,,,,,,,,,,,,,,,,,,,,,,,,
BELD,2015-11-29 21:20:00 EST,42.22322,-75.66852,1543,,,,,,,,,,,,,,,,,,,,,,,,,,,,,,,,,,,,
BELD,2015-11-29 21:25:00 EST,42.22322,-75.66852,1543,,,,,,,,,,,,,,,,,,,,,,,,,,,,,,,,,,,,
BELD,2015-11-29 21:30:00 EST,42.22322,-75.66852,1543,,,,,,,,,,,,,,,,,,,,,,,,,,,,,,,,,,,,
BELD,2015-11-29 21:35:00 EST,42.22322,-75.66852,1543,,,,,,,,,,,,,,,,,,,,,,,,,,,,,,,,,,,,
BELD,2015-11-29 21:40:00 EST,42.22322,-75.66852,1543,,,,,,,,,,,,,,,,,,,,,,,,,,,,,,,,,,,,
BELD,2015-11-29 21:45:00 EST,42.22322,-75.66852,1543,,,,,,,,,,,,,,,,,,,,,,,,,,,,,,,,,,,,
BELD,2015-11-29 21:50:00 EST,42.22322,-75.66852,1543,,,,,,,,,,,,,,,,,,,,,,,,,,,,,,,,,,,,
BELD,2015-11-29 21:55:00 EST,42.22322,-75.66852,1543,,,,,,,,,,,,,,,,,,,,,,,,,,,,,,,,,,,,
BELD,2015-11-29 22:00:00 EST,42.22322,-75.66852,1543,,,,,,,,,,,,,,,,,,,,,,,,,,,,,,,,,,,,
BELD,2015-11-29 22:05:00 EST,42.22322,-75.66852,1543,,,,,,,,,,,,,,,,,,,,,,,,,,,,,,,,,,,,
BELD,2015-11-29 22:10:00 EST,42.22322,-75.66852,1543,,,,,,,,,,,,,,,,,,,,,,,,,,,,,,,,,,,,
BELD,2015-11-29 22:15:00 EST,42.22322,-75.66852,1543,,,,,,,,,,,,,,,,,,,,,,,,,,,,,,,,,,,,
BELD,2015-11-29 22:20:00 EST,42.22322,-75.66852,1543,,,,,,,,,,,,,,,,,,,,,,,,,,,,,,,,,,,,
BELD,2015-11-29 22:25:00 EST,42.22322,-75.66852,1543,,,,,,,,,,,,,,,,,,,,,,,,,,,,,,,,,,,,
BELD,2015-11-29 22:30:00 EST,42.22322,-75.66852,1543,,,,,,,,,,,,,,,,,,,,,,,,,,,,,,,,,,,,
BELD,2015-11-29 22:35:00 EST,42.22322,-75.66852,1543,,,,,,,,,,,,,,,,,,,,,,,,,,,,,,,,,,,,
BELD,2015-11-29 22:40:00 EST,42.22322,-75.66852,1543,,,,,,,,,,,,,,,,,,,,,,,,,,,,,,,,,,,,
BELD,2015-11-29 22:45:00 EST,42.22322,-75.66852,1543,,,,,,,,,,,,,,,,,,,,,,,,,,,,,,,,,,,,
BELD,2015-11-29 22:50:00 EST,42.22322,-75.66852,1543,,,,,,,,,,,,,,,,,,,,,,,,,,,,,,,,,,,,
BELD,2015-11-29 22:55:00 EST,42.22322,-75.66852,1543,,,,,,,,,,,,,,,,,,,,,,,,,,,,,,,,,,,,
BELD,2015-11-29 23:00:00 EST,42.22322,-75.66852,1543,,,,,,,,,,,,,,,,,,,,,,,,,,,,,,,,,,,,
BELD,2015-11-29 23:05:00 EST,42.22322,-75.66852,1543,,,,,,,,,,,,,,,,,,,,,,,,,,,,,,,,,,,,
BELD,2015-11-29 23:10:00 EST,42.22322,-75.66852,1543,,,,,,,,,,,,,,,,,,,,,,,,,,,,,,,,,,,,
BELD,2015-11-29 23:15:00 EST,42.22322,-75.66852,1543,,,,,,,,,,,,,,,,,,,,,,,,,,,,,,,,,,,,
BELD,2015-11-29 23:20:00 EST,42.22322,-75.66852,1543,,,,,,,,,,,,,,,,,,,,,,,,,,,,,,,,,,,,
BELD,2015-11-29 23:25:00 EST,42.22322,-75.66852,1543,,,,,,,,,,,,,,,,,,,,,,,,,,,,,,,,,,,,
BELD,2015-11-29 23:30:00 EST,42.22322,-75.66852,1543,,,,,,,,,,,,,,,,,,,,,,,,,,,,,,,,,,,,
BELD,2015-11-29 23:35:00 EST,42.22322,-75.66852,1543,,,,,,,,,,,,,,,,,,,,,,,,,,,,,,,,,,,,
BELD,2015-11-29 23:40:00 EST,42.22322,-75.66852,1543,,,,,,,,,,,,,,,,,,,,,,,,,,,,,,,,,,,,
BELD,2015-11-29 23:45:00 EST,42.22322,-75.66852,1543,,,,,,,,,,,,,,,,,,,,,,,,,,,,,,,,,,,,
BELD,2015-11-29 23:50:00 EST,42.22322,-75.66852,1543,,,,,,,,,,,,,,,,,,,,,,,,,,,,,,,,,,,,
BELD,2015-11-29 23:55:00 EST,42.22322,-75.66852,1543,,,,,,,,,,,,,,,,,,,,,,,,,,,,,,,,,,,,
BERK,2015-11-29 00:00:00 EST,42.32030,-76.20319,1291,28.8,28.8,21.2,82.5,24.2,0.000,0.098,0.00,0.000,7.7,11.2,1.2,321,13,8.2,11.0,1.2,322,12,7.7,11.2,1.2,321,13,0,28.87,,,,,41.2,43.5,44.5,,,
BERK,2015-11-29 00:05:00 EST,42.32030,-76.20319,1291,28.7,28.6,21.0,81.9,23.8,0.000,0.000,0.00,0.000,7.7,10.6,1.4,323,12,8.3,11.4,1.5,325,12,7.7,10.6,1.4,323,12,0,28.87,,,,,41.2,43.5,44.5,,,
BERK,2015-11-29 00:10:00 EST,42.32030,-76.20319,1291,28.5,28.5,20.5,81.5,23.6,0.000,0.000,0.00,0.000,8.3,11.5,1.4,326,10,8.6,11.9,1.4,326,10,8.3,11.5,1.4,326,10,0,28.87,,,,,41.2,43.5,44.4,,,
BERK,2015-11-29 00:15:00 EST,42.32030,-76.20319,1291,28.6,28.5,21.7,81.8,23.7,0.000,0.000,0.00,0.000,6.5,9.6,1.7,320,8,6.9,10.7,1.6,320,7,6.5,9.6,1.7,320,8,0,28.87,,,,,41.2,43.5,44.5,,,
BERK,2015-11-29 00:20:00 EST,42.32030,-76.20319,1291,28.6,28.5,23.4,82.5,23.9,0.000,0.000,0.00,0.000,4.7,7.5,1.0,327,9,5.1,7.4,1.0,326,9,4.7,7.5,1.0,327,9,0,28.86,,,,,41.2,43.5,44.4,,,
BERK,2015-11-29 00:25:00 EST,42.32030,-76.20319,1291,28.6,28.5,22.4,82.3,23.9,0.000,0.000,0.00,0.000,5.7,7.6,1.1,327,13,6.2,8.1,1.0,327,12,5.7,7.6,1.1,327,13,0,28.87,,,,,41.1,43.5,44.4,,,
BERK,2015-11-29 00:30:00 EST,42.32030,-76.20319,1291,28.6,28.5,21.5,82.1,23.8,0.000,0.000,0.00,0.000,6.8,10.4,1.6,329,14,7.5,10.5,1.6,330,14,6.8,10.4,1.6,329,14,0,28.87,,,,,41.1,43.5,44.5,,,
BERK,2015-11-29 00:35:00 EST,42.32030,-76.20319,1291,28.5,28.4,23.6,81.6,23.5,0.000,0.000,0.00,0.000,4.3,7.1,1.3,334,15,4.8,7.4,1.4,334,12,4.3,7.1,1.3,334,15,0,28.87,,,,,41.0,43.5,44.4,,,
BERK,2015-11-29 00:40:00 EST,42.32030,-76.20319,1291,28.4,28.4,22.4,82.1,23.7,0.000,0.000,0.00,0.000,5.5,7.2,0.9,341,18,6.1,8.1,1.1,342,15,5.5,7.2,0.9,341,18,0,28.87,,,,,41.0,43.5,44.5,,,
BERK,2015-11-29 00:45:00 EST,42.32030,-76.20319,1291,28.5,28.4,22.8,82.2,23.7,0.000,0.000,0.00,0.000,5.1,10.4,2.1,352,21,5.8,12.5,2.4,352,20,5.1,10.4,2.1,352,21,0,28.87,,,,,41.0,43.5,44.5,,,
BERK,2015-11-29 00:50:00 EST,42.32030,-76.20319,1291,28.5,28.4,21.8,82.1,23.7,0.000,0.000,0.00,0.000,6.3,9.2,1.3,335,21,6.8,9.4,1.4,336,14,6.3,9.2,1.3,335,21,0,28.87,,,,,41.0,43.5,44.5,,,
BERK,2015-11-29 00:55:00 EST,42.32030,-76.20319,1291,28.4,28.3,21.3,81.9,23.6,0.000,0.000,0.00,0.000,6.8,9.5,1.4,3,13,7.6,11.0,1.7,3,11,6.8,9.5,1.4,3,13,0,28.87,,,,,41.0,43.5,44.4,,,
BERK,2015-11-29 01:00:00 EST,42.32030,-76.20319,1291,28.4,28.3,21.8,82.1,23.6,0.000,0.000,0.00,0.000,6.2,10.2,1.7,3,17,7.3,11.6,1.8,2,15,6.2,10.2,1.7,3,17,0,28.86,,,,,41.0,43.5,44.5,,,
BERK,2015-11-29 01:05:00 EST,42.32030,-76.20319,1291,28.4,28.3,21.0,82.0,23.6,0.000,0.000,0.00,0.000,7.2,10.7,1.7,350,13,8.0,12.3,2.1,351,11,7.2,10.7,1.7,350,13,0,28.87,,,,,41.0,43.5,44.4,,,
BERK,2015-11-29 01:10:00 EST,42.32030,-76.20319,1291,28.4,28.3,21.7,81.6,23.5,0.000,0.000,0.00,0.000,6.3,9.9,1.9,340,12,7.1,11.4,2.1,342,12,6.3,9.9,1.9,340,12,0,28.87,,,,,41.0,43.5,44.4,,,
BERK,2015-11-29 01:15:00 EST,42.32030,-76.20319,1291,28.4,28.3,20.6,81.5,23.4,0.000,0.000,0.00,0.000,7.7,11.2,1.5,339,11,8.3,12.1,1.5,340,10,7.7,11.2,1.5,339,11,0,28.86,,,,,40.9,43.5,44.4,,,
BERK,2015-11-29 01:20:00 EST,42.32030,-76.20319,1291,28.4,28.3,22.7,81.9,23.6,0.000,0.000,0.00,0.000,5.1,7.2,0.9,327,17,5.6,8.1,1.1,327,17,5.1,7.2,0.9,327,17,0,28.87,,,,,40.9,43.5,44.4,,,
BERK,2015-11-29 01:25:00 EST,42.32030,-76.20319,1291,28.4,28.3,21.6,81.5,23.4,0.000,0.000,0.00,0.000,6.3,9.4,1.3,346,19,6.8,11.2,1.3,347,17,6.3,9.4,1.3,346,19,0,28.88,,,,,40.9,43.4,44.5,,,
BERK,2015-11-29 01:30:00 EST,42.32030,-76.20319,1291,28.3,28.3,21.8,81.8,23.5,0.000,0.000,0.00,0.000,6.1,10.0,1.2,346,14,6.8,10.5,1.3,347,11,6.1,10.0,1.2,346,14,0,28.87,,,,,40.9,43.4,44.5,,,
BERK,2015-11-29 01:35:00 EST,42.32030,-76.20319,1291,28.3,28.2,20.7,81.6,23.4,0.000,0.000,0.00,0.000,7.4,10.2,1.4,354,10,8.3,12.5,1.7,355,8,7.4,10.2,1.4,354,10,0,28.87,,,,,40.8,43.4,44.4,,,
BERK,2015-11-29 01:40:00 EST,42.32030,-76.20319,1291,28.2,28.2,22.0,82.2,23.5,0.000,0.000,0.00,0.000,5.7,7.5,0.9,360,13,6.5,9.2,1.0,360,10,5.7,7.5,0.9,360,13,0,28.87,,,,,40.8,43.4,44.4,,,
BERK,2015-11-29 01:45:00 EST,42.32030,-76.20319,1291,28.2,28.2,23.0,82.1,23.5,0.000,0.000,0.00,0.000,4.6,7.2,0.9,340,12,5.2,8.1,1.1,342,13,4.6,7.2,0.9,340,12,0,28.87,,,,,40.8,43.4,44.4,,,
BERK,2015-11-29 01:50:00 EST,42.32030,-76.20319,1291,28.3,28.2,22.6,81.9,23.4,0.000,0.000,0.00,0.000,5.0,7.7,1.3,346,14,5.8,8.9,1.5,348,11,5.0,7.7,1.3,346,14,0,28.87,,,,,40.8,43.4,44.4,,,
BERK,2015-11-29 01:55:00 EST,42.32030,-76.20319,1291,28.3,28.2,24.1,82.5,23.6,0.000,0.000,0.00,0.000,3.7,5.8,0.7,340,13,4.2,7.4,0.9,342,12,3.7,5.8,0.7,340,13,0,28.87,,,,,40.7,43.3,44.4,,,
BERK,2015-11-29 02:00:00 EST,42.32030,-76.20319,1291,28.3,28.3,23.1,82.9,23.8,0.000,0.000,0.00,0.000,4.7,7.7,1.6,331,19,5.2,8.9,1.7,332,19,4.7,7.7,1.6,331,19,0,28.87,,,,,40.7,43.3,44.4,,,
BERK,2015-11-29 02:05:00 EST,42.32030,-76.20319,1291,28.4,28.3,21.4,82.1,23.6,0.000,0.000,0.00,0.000,6.7,11.5,1.8,330,13,7.4,12.1,1.9,331,14,6.7,11.5,1.8,330,13,0,28.87,,,,,40.7,43.3,44.4,,,
BERK,2015-11-29 02:10:00 EST,42.32030,-76.20319,1291,28.4,28.3,22.0,82.2,23.7,0.000,0.000,0.00,0.000,5.9,8.8,1.4,339,11,6.5,9.8,1.5,341,10,5.9,8.8,1.4,339,11,0,28.87,,,,,40.6,43.3,44.4,,,
BERK,2015-11-29 02:15:00 EST,42.32030,-76.20319,1291,28.4,28.3,23.4,82.4,23.7,0.000,0.000,0.00,0.000,4.5,6.9,1.2,348,16,5.2,7.8,1.2,349,10,4.5,6.9,1.2,348,16,0,28.87,,,,,40.6,43.3,44.4,,,
BERK,2015-11-29 02:20:00 EST,42.32030,-76.20319,1291,28.4,28.3,21.6,81.9,23.5,0.000,0.000,0.00,0.000,6.4,9.1,1.2,349,10,7.3,9.8,1.3,351,7,6.4,9.1,1.2,349,10,0,28.87,,,,,40.6,43.3,44.4,,,
BERK,2015-11-29 02:25:00 EST,42.32030,-76.20319,1291,28.3,28.3,23.4,82.1,23.6,0.000,0.000,0.00,0.000,4.4,8.3,1.4,358,13,5.0,8.7,1.5,357,12,4.4,8.3,1.4,358,13,0,28.87,,,,,40.6,43.3,44.4,,,
BERK,2015-11-29 02:30:00 EST,42.32030,-76.20319,1291,28.4,28.3,23.8,82.7,23.8,0.000,0.000,0.00,0.000,4.1,5.6,0.8,341,11,4.7,7.2,0.9,343,11,4.1,5.6,0.8,341,11,0,28.87,,,,,40.6,43.3,44.4,,,
BERK,2015-11-29 02:35:00 EST,42.32030,-76.20319,1291,28.4,28.3,22.4,82.7,23.8,0.000,0.000,0.00,0.000,5.5,7.2,1.1,349,16,6.3,8.9,1.2,349,11,5.5,7.2,1.1,349,16,0,28.87,,,,,40.6,43.3,44.4,,,
BERK,2015-11-29 02:40:00 EST,42.32030,-76.20319,1291,28.4,28.3,22.7,82.9,23.8,0.000,0.000,0.00,0.000,5.1,8.0,1.3,346,12,5.8,8.5,1.3,347,11,5.1,8.0,1.3,346,12,0,28.87,,,,,40.6,43.3,44.4,,,
BERK,2015-11-29 02:45:00 EST,42.32030,-76.20319,1291,28.4,28.3,21.8,82.8,23.8,0.000,0.000,0.00,0.000,6.1,9.1,1.1,355,10,6.9,10.3,1.1,355,8,6.1,9.1,1.1,355,10,0,28.87,,,,,40.5,43.3,44.4,,,
BERK,2015-11-29 02:50:00 EST,42.32030,-76.20319,1291,28.4,28.3,21.4,82.9,23.8,0.000,0.000,0.00,0.000,6.7,11.3,2.0,341,17,7.5,13.4,2.3,342,16,6.7,11.3,2.0,341,17,0,28.87,,,,,40.5,43.3,44.4,,,
BERK,2015-11-29 02:55:00 EST,42.32030,-76.20319,1291,28.5,28.4,20.6,82.4,23.8,0.000,0.000,0.00,0.000,7.9,10.4,1.4,335,10,8.3,11.4,1.2,336,11,7.9,10.4,1.4,335,10,0,28.87,,,,,40.5,43.3,44.4,,,
BERK,2015-11-29 03:00:00 EST,42.32030,-76.20319,1291,28.5,28.4,22.1,82.2,23.8,0.000,0.000,0.00,0.000,5.9,10.8,1.5,325,13,6.2,12.3,1.7,326,13,5.9,10.8,1.5,325,13,0,28.87,,,,,40.5,43.3,44.4,,,
BERK,2015-11-29 03:05:00 EST,42.32030,-76.20319,1291,28.5,28.5,22.7,82.5,23.9,0.000,0.000,0.00,0.000,5.3,8.6,1.3,335,15,5.9,9.4,1.4,336,16,5.3,8.6,1.3,335,15,0,28.87,,,,,40.5,43.3,44.4,,,
BERK,2015-11-29 03:10:00 EST,42.32030,-76.20319,1291,28.6,28.5,22.4,82.3,23.9,0.000,0.000,0.00,0.000,5.7,8.5,1.2,353,16,6.5,9.4,1.3,353,13,5.7,8.5,1.2,353,16,0,28.87,,,,,40.5,43.3,44.4,,,
BERK,2015-11-29 03:15:00 EST,42.32030,-76.20319,1291,28.6,28.6,20.9,81.9,23.8,0.000,0.000,0.00,0.000,7.8,10.7,1.4,342,10,8.5,13.0,1.6,344,9,7.8,10.7,1.4,342,10,0,28.86,,,,,40.4,43.3,44.4,,,
BERK,2015-11-29 03:20:00 EST,42.32030,-76.20319,1291,28.7,28.6,23.3,82.2,23.9,0.000,0.000,0.00,0.000,4.8,8.4,1.1,349,18,5.4,9.4,1.2,349,17,4.8,8.4,1.1,349,18,0,28.86,,,,,40.4,43.3,44.4,,,
BERK,2015-11-29 03:25:00 EST,42.32030,-76.20319,1291,28.6,28.5,24.1,82.8,24.0,0.000,0.000,0.00,0.000,4.0,8.5,1.5,353,12,4.7,8.5,1.5,355,10,4.0,8.5,1.5,353,12,0,28.86,,,,,40.4,43.2,44.4,,,
BERK,2015-11-29 03:30:00 EST,42.32030,-76.20319,1291,28.6,28.5,21.5,82.2,23.8,0.000,0.000,0.00,0.000,6.9,9.8,1.2,336,14,7.6,11.6,1.3,338,11,6.9,9.8,1.2,336,14,0,28.86,,,,,40.4,43.2,44.4,,,
BERK,2015-11-29 03:35:00 EST,42.32030,-76.20319,1291,28.6,28.5,22.2,82.0,23.8,0.000,0.000,0.00,0.000,6.0,9.2,1.6,327,14,6.4,9.8,1.7,327,14,6.0,9.2,1.6,327,14,0,28.86,,,,,40.3,43.2,44.4,,,
BERK,2015-11-29 03:40:00 EST,42.32030,-76.20319,1291,28.6,28.5,23.5,82.0,23.8,0.000,0.000,0.00,0.000,4.6,6.9,1.2,355,19,5.4,8.5,1.3,355,14,4.6,6.9,1.2,355,19,0,28.86,,,,,40.3,43.2,44.4,,,
BERK,2015-11-29 03:45:00 EST,42.32030,-76.20319,1291,28.6,28.5,22.3,82.5,23.9,0.000,0.000,0.00,0.000,5.8,10.1,2.4,351,17,6.7,12.3,2.7,351,16,5.8,10.1,2.4,351,17,0,28.87,,,,,40.3,43.2,44.4,,,
BERK,2015-11-29 03:50:00 EST,42.32030,-76.20319,1291,28.5,28.4,20.6,81.3,23.5,0.000,0.000,0.00,0.000,7.9,11.0,1.3,349,16,8.9,12.1,1.7,350,9,7.9,11.0,1.3,349,16,0,28.87,,,,,40.3,43.2,44.4,,,
BERK,2015-11-29 03:55:00 EST,42.32030,-76.20319,1291,28.5,28.4,22.0,80.9,23.4,0.000,0.000,0.00,0.000,6.1,8.4,1.0,347,9,6.9,10.1,1.1,348,7,6.1,8.4,1.0,347,9,0,28.87,,,,,40.3,43.2,44.4,,,
BERK,2015-11-29 04:00:00 EST,42.32030,-76.20319,1291,28.5,28.5,21.8,81.0,23.4,0.000,0.000,0.00,0.000,6.4,10.2,1.5,348,14,7.3,12.1,1.6,349,9,6.4,10.2,1.5,348,14,0,28.87,,,,,40.3,43.2,44.4,,,
BERK,2015-11-29 04:05:00 EST,42.32030,-76.20319,1291,28.5,28.4,23.7,81.8,23.7,0.000,0.000,0.00,0.000,4.3,7.2,1.2,333,14,4.8,8.1,1.3,333,15,4.3,7.2,1.2,333,14,0,28.87,,,,,40.3,43.2,44.4,,,
BERK,2015-11-29 04:10:00 EST,42.32030,-76.20319,1291,28.4,28.4,22.3,80.9,23.3,0.000,0.000,0.00,0.000,5.7,8.2,1.0,322,12,6.0,8.5,1.0,323,12,5.7,8.2,1.0,322,12,0,28.87,,,,,40.3,43.2,44.4,,,
BERK,2015-11-29 04:15:00 EST,42.32030,-76.20319,1291,28.3,28.3,20.9,80.8,23.2,0.000,0.000,0.00,0.000,7.2,9.8,1.2,324,10,7.7,10.5,1.2,324,9,7.2,9.8,1.2,324,10,0,28.87,,,,,40.2,43.2,44.4,,,
BERK,2015-11-29 04:20:00 EST,42.32030,-76.20319,1291,28.3,28.3,22.0,80.9,23.2,0.000,0.000,0.00,0.000,5.8,8.5,1.4,334,14,6.4,9.8,1.4,334,14,5.8,8.5,1.4,334,14,0,28.87,,,,,40.2,43.2,44.4,,,
BERK,2015-11-29 04:25:00 EST,42.32030,-76.20319,1291,28.3,28.3,23.2,80.9,23.2,0.000,0.000,0.00,0.000,4.6,6.1,0.7,336,12,5.2,6.9,0.8,338,12,4.6,6.1,0.7,336,12,0,28.87,,,,,40.2,43.2,44.4,,,
BERK,2015-11-29 04:30:00 EST,42.32030,-76.20319,1291,28.3,28.3,23.6,81.1,23.3,0.000,0.000,0.00,0.000,4.2,7.8,1.3,342,13,4.8,8.7,1.6,343,13,4.2,7.8,1.3,342,13,0,28.87,,,,,40.2,43.2,44.4,,,
BERK,2015-11-29 04:35:00 EST,42.32030,-76.20319,1291,28.2,28.2,23.0,82.1,23.4,0.000,0.000,0.00,0.000,4.7,6.1,0.8,314,9,5.0,6.5,0.8,314,9,4.7,6.1,0.8,314,9,0,28.87,,,,,40.2,43.2,44.4,,,
BERK,2015-11-29 04:40:00 EST,42.32030,-76.20319,1291,28.1,28.1,22.0,81.9,23.3,0.000,0.000,0.00,0.000,5.5,7.4,0.8,324,12,6.1,8.5,0.8,325,11,5.5,7.4,0.8,324,12,0,28.87,,,,,40.1,43.2,44.4,,,
BERK,2015-11-29 04:45:00 EST,42.32030,-76.20319,1291,27.9,27.8,20.2,80.7,22.7,0.000,0.000,0.00,0.000,7.5,10.5,1.4,316,10,7.7,11.0,1.4,315,9,7.5,10.5,1.4,316,10,0,28.88,,,,,40.1,43.1,44.4,,,
BERK,2015-11-29 04:50:00 EST,42.32030,-76.20319,1291,27.7,27.6,20.0,80.3,22.4,0.000,0.000,0.00,0.000,7.4,10.4,1.4,308,9,7.7,10.7,1.3,309,8,7.4,10.4,1.4,308,9,0,28.88,,,,,40.1,43.2,44.4,,,
BERK,2015-11-29 04:55:00 EST,42.32030,-76.20319,1291,27.4,27.4,18.7,80.5,22.2,0.000,0.000,0.00,0.000,8.9,11.3,1.1,305,8,9.2,11.6,1.2,304,7,8.9,11.3,1.1,305,8,0,28.88,,,,,40.1,43.1,44.4,,,
BERK,2015-11-29 05:00:00 EST,42.32030,-76.20319,1291,27.3,27.3,19.5,80.2,22.0,0.000,0.000,0.00,0.000,7.5,9.6,1.1,312,8,7.7,10.1,1.0,313,8,7.5,9.6,1.1,312,8,0,28.88,,,,,40.1,43.2,44.4,,,
BERK,2015-11-29 05:05:00 EST,42.32030,-76.20319,1291,27.3,27.2,20.0,80.2,22.0,0.000,0.000,0.00,0.000,6.7,9.4,1.2,314,11,7.0,10.5,1.2,315,10,6.7,9.4,1.2,314,11,0,28.88,,,,,40.1,43.1,44.4,,,
BERK,2015-11-29 05:10:00 EST,42.32030,-76.20319,1291,27.3,27.2,20.2,80.8,22.1,0.000,0.000,0.00,0.000,6.5,8.6,0.9,319,12,6.9,9.8,1.1,319,12,6.5,8.6,0.9,319,12,0,28.88,,,,,40.0,43.1,44.4,,,
BERK,2015-11-29 05:15:00 EST,42.32030,-76.20319,1291,27.2,27.2,21.8,80.3,22.0,0.000,0.000,0.00,0.000,4.7,6.7,0.9,330,15,5.2,8.7,1.1,331,13,4.7,6.7,0.9,330,15,0,28.88,,,,,40.0,43.1,44.4,,,
BERK,2015-11-29 05:20:00 EST,42.32030,-76.20319,1291,27.2,27.1,20.7,80.5,21.9,0.000,0.000,0.00,0.000,5.7,8.1,1.2,329,15,6.2,8.9,1.2,331,14,5.7,8.1,1.2,329,15,0,28.88,,,,,40.0,43.1,44.4,,,
BERK,2015-11-29 05:25:00 EST,42.32030,-76.20319,1291,27.1,27.1,19.9,80.0,21.8,0.000,0.000,0.00,0.000,6.7,8.7,1.0,319,14,7.0,9.4,1.0,320,14,6.7,8.7,1.0,319,14,0,28.88,,,,,40.0,43.1,44.4,,,
BERK,2015-11-29 05:30:00 EST,42.32030,-76.20319,1291,27.1,27.1,21.2,79.7,21.7,0.000,0.000,0.00,0.000,5.1,6.6,0.9,348,19,5.8,8.3,1.2,348,14,5.1,6.6,0.9,348,19,0,28.88,,,,,40.0,43.1,44.4,,,
BERK,2015-11-29 05:35:00 EST,42.32030,-76.20319,1291,27.1,27.1,20.0,79.9,21.7,0.000,0.000,0.00,0.000,6.5,9.9,1.3,319,11,6.9,10.3,1.3,320,9,6.5,9.9,1.3,319,11,0,28.88,,,,,40.0,43.0,44.4,,,
BERK,2015-11-29 05:40:00 EST,42.32030,-76.20319,1291,27.1,27.1,20.9,80.4,21.9,0.000,0.000,0.00,0.000,5.5,9.2,1.5,323,11,6.0,9.2,1.6,323,11,5.5,9.2,1.5,323,11,0,28.88,,,,,39.9,43.0,44.4,,,
BERK,2015-11-29 05:45:00 EST,42.32030,-76.20319,1291,27.2,27.1,20.9,80.4,21.9,0.000,0.000,0.00,0.000,5.5,8.1,1.3,323,13,6.0,9.4,1.4,324,13,5.5,8.1,1.3,323,13,0,28.88,,,,,39.9,43.0,44.4,,,
BERK,2015-11-29 05:50:00 EST,42.32030,-76.20319,1291,27.2,27.1,20.6,79.9,21.8,0.000,0.000,0.00,0.000,5.8,8.3,1.0,334,10,6.3,9.2,1.3,335,10,5.8,8.3,1.0,334,10,0,28.88,,,,,39.9,43.0,44.4,,,
BERK,2015-11-29 05:55:00 EST,42.32030,-76.20319,1291,27.1,27.1,20.5,79.5,21.6,0.000,0.000,0.00,0.000,5.9,9.7,1.9,352,13,6.6,12.1,2.1,354,10,5.9,9.7,1.9,352,13,0,28.87,,,,,39.9,43.0,44.4,,,
BERK,2015-11-29 06:00:00 EST,42.32030,-76.20319,1291,27.1,27.1,21.2,80.3,21.9,0.000,0.000,0.00,0.000,5.1,8.0,1.3,331,17,5.8,10.7,1.5,332,16,5.1,8.0,1.3,331,17,0,28.87,,,,,39.9,43.0,44.3,,,
BERK,2015-11-29 06:05:00 EST,42.32030,-76.20319,1291,27.1,27.1,21.1,80.4,21.9,0.000,0.000,0.00,0.000,5.3,8.5,1.3,339,14,5.9,9.6,1.3,341,12,5.3,8.5,1.3,339,14,0,28.88,,,,,39.9,43.0,44.4,,,
BERK,2015-11-29 06:10:00 EST,42.32030,-76.20319,1291,27.2,27.2,20.4,80.4,22.0,0.000,0.000,0.00,0.000,6.2,9.6,1.3,355,10,7.0,11.0,1.6,355,7,6.2,9.6,1.3,355,10,0,28.88,,,,,39.9,43.0,44.4,,,
BERK,2015-11-29 06:15:00 EST,42.32030,-76.20319,1291,27.3,27.2,19.6,80.1,21.9,0.000,0.000,0.00,0.000,7.2,10.2,1.7,339,12,7.9,12.1,1.7,341,11,7.2,10.2,1.7,339,12,0,28.88,,,,,39.9,43.0,44.4,,,
BERK,2015-11-29 06:20:00 EST,42.32030,-76.20319,1291,27.3,27.3,21.9,80.2,22.0,0.000,0.000,0.00,0.000,4.7,7.0,1.0,336,12,5.2,8.3,1.1,338,12,4.7,7.0,1.0,336,12,0,28.88,,,,,39.9,43.0,44.3,,,
BERK,2015-11-29 06:25:00 EST,42.32030,-76.20319,1291,27.3,27.3,22.0,80.9,22.2,0.000,0.000,0.00,0.000,4.6,7.0,1.2,329,10,5.1,8.1,1.3,330,11,4.6,7.0,1.2,329,10,0,28.89,,,,,39.8,43.0,44.4,,,
BERK,2015-11-29 06:30:00 EST,42.32030,-76.20319,1291,27.4,27.3,21.8,80.6,22.2,0.000,0.000,0.00,0.000,4.9,6.6,0.8,330,15,5.4,7.6,0.8,331,16,4.9,6.6,0.8,330,15,0,28.89,,,,,39.8,43.0,44.4,,,
BERK,2015-11-29 06:35:00 EST,42.32030,-76.20319,1291,27.4,27.3,21.9,80.3,22.1,0.000,0.000,0.00,0.000,4.7,6.7,1.0,333,18,5.3,8.1,1.2,334,14,4.7,6.7,1.0,333,18,0,28.89,,,,,39.7,43.0,44.4,,,
BERK,2015-11-29 06:40:00 EST,42.32030,-76.20319,1291,27.3,27.3,20.3,79.7,21.9,0.000,0.000,0.00,0.000,6.4,11.0,1.9,340,22,7.1,11.2,2.0,341,20,6.4,11.0,1.9,340,22,0,28.89,,,,,39.7,43.0,44.4,,,
BERK,2015-11-29 06:45:00 EST,42.32030,-76.20319,1291,27.3,27.3,20.5,79.4,21.8,0.000,0.000,0.00,0.000,6.2,8.6,1.3,348,13,7.1,9.6,1.5,349,12,6.2,8.6,1.3,348,13,0,28.90,,,,,39.7,43.0,44.4,,,
BERK,2015-11-29 06:50:00 EST,42.32030,-76.20319,1291,27.4,27.3,21.3,79.6,21.9,0.000,0.000,0.00,0.000,5.4,7.6,1.1,0,17,5.9,8.7,1.2,360,14,5.4,7.6,1.1,0,17,0,28.90,,,,,39.7,43.0,44.3,,,
BERK,2015-11-29 06:55:00 EST,42.32030,-76.20319,1291,27.4,27.3,22.0,79.6,21.9,0.000,0.000,0.00,0.000,4.6,7.5,1.1,354,15,5.4,8.5,1.3,356,13,4.6,7.5,1.1,354,15,0,28.90,,,,,39.7,42.9,44.3,,,
BERK,2015-11-29 07:00:00 EST,42.32030,-76.20319,1291,27.4,27.4,21.9,79.5,21.9,0.000,0.000,0.00,0.000,4.8,7.4,1.0,340,8,5.5,7.8,1.0,342,8,4.8,7.4,1.0,340,8,0,28.90,,,,,39.7,42.9,44.4,,,
BERK,2015-11-29 07:05:00 EST,42.32030,-76.20319,1291,27.4,27.4,24.1,80.1,22.1,0.000,0.000,0.00,0.000,3.0,5.7,1.2,339,27,3.4,6.9,1.3,339,27,3.0,5.7,1.2,339,27,1,28.90,,,,,39.7,42.9,44.3,,,
BERK,2015-11-29 07:10:00 EST,42.32030,-76.20319,1291,27.5,27.4,23.8,80.6,22.3,0.000,0.000,0.00,0.000,3.3,5.6,1.0,317,16,3.6,6.5,1.2,317,17,3.3,5.6,1.0,317,16,1,28.90,,,,,39.7,42.9,44.3,,,
BERK,2015-11-29 07:15:00 EST,42.32030,-76.20319,1291,27.5,27.5,20.3,80.0,22.1,0.000,0.000,0.00,0.000,6.7,12.0,2.5,327,14,7.1,12.8,2.4,328,13,6.7,12.0,2.5,327,14,2,28.90,,,,,39.6,42.9,44.3,,,
BERK,2015-11-29 07:20:00 EST,42.32030,-76.20319,1291,27.5,27.5,21.0,79.8,22.1,0.000,0.000,0.00,0.000,5.9,9.9,1.4,347,18,6.7,11.4,1.6,348,11,5.9,9.9,1.4,347,18,2,28.90,,,,,39.6,42.8,44.3,,,
BERK,2015-11-29 07:25:00 EST,42.32030,-76.20319,1291,27.6,27.5,21.1,79.7,22.1,0.000,0.000,0.00,0.000,5.9,9.1,1.5,335,15,6.3,9.8,1.5,336,14,5.9,9.1,1.5,335,15,4,28.91,,,,,39.6,42.8,44.3,,,
BERK,2015-11-29 07:30:00 EST,42.32030,-76.20319,1291,27.6,27.6,22.8,80.3,22.4,0.000,0.000,0.00,0.000,4.2,6.9,1.0,344,20,4.8,9.2,1.2,345,16,4.2,6.9,1.0,344,20,7,28.91,,,,,39.6,42.8,44.3,,,
BERK,2015-11-29 07:35:00 EST,42.32030,-76.20319,1291,27.6,27.5,20.1,79.6,22.1,0.000,0.000,0.00,0.000,7.1,10.6,1.8,344,13,7.9,11.6,1.8,345,11,7.1,10.6,1.8,344,13,9,28.91,,,,,39.6,42.8,44.3,,,
BERK,2015-11-29 07:40:00 EST,42.32030,-76.20319,1291,27.6,27.6,20.5,79.4,22.1,0.000,0.000,0.00,0.000,6.7,9.6,1.3,333,10,7.1,10.3,1.4,333,11,6.7,9.6,1.3,333,10,12,28.91,,,,,39.6,42.8,44.3,,,
BERK,2015-11-29 07:45:00 EST,42.32030,-76.20319,1291,27.7,27.6,21.5,79.7,22.2,0.000,0.000,0.00,0.000,5.5,9.0,1.7,337,14,6.2,9.6,1.8,338,12,5.5,9.0,1.7,337,14,15,28.90,,,,,39.6,42.8,44.3,,,
BERK,2015-11-29 07:50:00 EST,42.32030,-76.20319,1291,27.7,27.6,20.5,79.5,22.2,0.000,0.000,0.00,0.000,6.7,10.2,1.2,325,13,7.2,10.3,1.3,326,13,6.7,10.2,1.2,325,13,17,28.90,,,,,39.6,42.8,44.3,,,
BERK,2015-11-29 07:55:00 EST,42.32030,-76.20319,1291,27.7,27.6,21.4,79.3,22.1,0.000,0.000,0.00,0.000,5.7,10.2,1.5,340,16,6.5,11.2,1.7,342,14,5.7,10.2,1.5,340,16,23,28.90,,,,,39.5,42.8,44.3,,,
BERK,2015-11-29 08:00:00 EST,42.32030,-76.20319,1291,27.7,27.6,21.2,79.0,22.1,0.000,0.000,0.00,0.000,5.9,9.9,2.0,0,19,6.8,11.6,2.1,360,20,5.9,9.9,2.0,0,19,29,28.90,,,,,39.5,42.8,44.3,,,
BERK,2015-11-29 08:05:00 EST,42.32030,-76.20319,1291,27.8,27.7,21.1,79.4,22.3,0.000,0.000,0.00,0.000,6.2,9.3,1.5,327,11,6.7,9.8,1.6,328,12,6.2,9.3,1.5,327,11,34,28.90,,,,,39.6,42.8,44.2,,,
BERK,2015-11-29 08:10:00 EST,42.32030,-76.20319,1291,27.9,27.8,22.3,79.5,22.4,0.000,0.000,0.00,0.000,4.9,8.2,1.3,324,13,5.3,8.1,1.3,325,12,4.9,8.2,1.3,324,13,38,28.90,,,,,39.5,42.8,44.3,,,
BERK,2015-11-29 08:15:00 EST,42.32030,-76.20319,1291,27.9,27.8,21.1,79.9,22.5,0.000,0.000,0.00,0.000,6.4,8.8,1.3,310,10,6.7,9.6,1.3,309,10,6.4,8.8,1.3,310,10,45,28.90,,,,,39.5,42.8,44.2,,,
BERK,2015-11-29 08:20:00 EST,42.32030,-76.20319,1291,28.0,27.8,21.0,79.7,22.5,0.000,0.000,0.00,0.000,6.5,10.1,1.9,310,12,6.9,11.0,2.0,310,13,6.5,10.1,1.9,310,12,49,28.90,,,,,39.5,42.8,44.3,,,
BERK,2015-11-29 08:25:00 EST,42.32030,-76.20319,1291,28.0,27.8,22.1,78.9,22.3,0.000,0.000,0.00,0.000,5.3,7.7,1.1,312,12,5.4,8.3,1.3,312,11,5.3,7.7,1.1,312,12,61,28.90,,,,,39.5,42.8,44.3,,,
BERK,2015-11-29 08:30:00 EST,42.32030,-76.20319,1291,28.2,28.1,23.3,79.5,22.7,0.000,0.000,0.00,0.000,4.4,7.0,1.1,349,17,5.0,8.5,1.4,350,16,4.4,7.0,1.1,349,17,63,28.90,,,,,39.5,42.8,44.2,,,
BERK,2015-11-29 08:35:00 EST,42.32030,-76.20319,1291,28.3,28.1,23.1,78.8,22.5,0.000,0.000,0.00,0.000,4.5,8.1,1.3,351,23,5.3,8.5,1.4,351,19,4.5,8.1,1.3,351,23,66,28.90,,,,,39.4,42.8,44.3,,,
BERK,2015-11-29 08:40:00 EST,42.32030,-76.20319,1291,28.4,28.2,23.8,78.8,22.6,0.000,0.000,0.00,0.000,4.1,6.1,0.7,329,16,4.6,7.2,0.9,332,16,4.1,6.1,0.7,329,16,72,28.90,,,,,39.4,42.8,44.3,,,
BERK,2015-11-29 08:45:00 EST,42.32030,-76.20319,1291,28.5,28.3,21.2,78.8,22.7,0.000,0.000,0.00,0.000,7.0,10.8,1.9,312,16,7.4,11.4,1.8,313,17,7.0,10.8,1.9,312,16,73,28.90,,,,,39.4,42.8,44.2,,,
BERK,2015-11-29 08:50:00 EST,42.32030,-76.20319,1291,28.4,28.2,21.4,78.3,22.5,0.000,0.000,0.00,0.000,6.7,9.6,1.2,326,14,7.1,9.8,1.3,327,15,6.7,9.6,1.2,326,14,75,28.90,,,,,39.4,42.8,44.3,,,
BERK,2015-11-29 08:55:00 EST,42.32030,-76.20319,1291,28.5,28.4,22.1,78.1,22.6,0.000,0.000,0.00,0.000,6.1,8.8,1.0,346,16,6.7,10.1,1.1,346,14,6.1,8.8,1.0,346,16,81,28.91,,,,,39.4,42.8,44.2,,,
BERK,2015-11-29 09:00:00 EST,42.32030,-76.20319,1291,28.8,28.5,23.2,78.7,23.0,0.000,0.000,0.00,0.000,5.1,10.2,2.2,312,16,5.6,11.2,2.3,313,16,5.1,10.2,2.2,312,16,78,28.91,,,,,39.4,42.8,44.2,,,
BERK,2015-11-29 09:05:00 EST,42.32030,-76.20319,1291,28.7,28.4,20.8,78.6,22.9,0.000,0.000,0.00,0.000,8.0,10.9,1.3,305,12,8.3,11.2,1.4,305,12,8.0,10.9,1.3,305,12,79,28.91,,,,,39.4,42.8,44.2,,,
BERK,2015-11-29 09:10:00 EST,42.32030,-76.20319,1291,28.8,28.5,22.2,78.7,23.0,0.000,0.000,0.00,0.000,6.2,8.2,0.8,307,12,6.4,8.7,0.9,307,11,6.2,8.2,0.8,307,12,86,28.91,,,,,39.4,42.7,44.2,,,
BERK,2015-11-29 09:15:00 EST,42.32030,-76.20319,1291,28.8,28.5,22.0,78.7,23.0,0.000,0.000,0.00,0.000,6.5,11.3,1.3,300,9,6.9,12.1,1.5,300,9,6.5,11.3,1.3,300,9,86,28.91,,,,,39.4,42.7,44.2,,,
BERK,2015-11-29 09:20:00 EST,42.32030,-76.20319,1291,29.0,28.6,21.1,78.7,23.2,0.000,0.000,0.00,0.000,8.1,12.5,1.7,305,11,8.4,13.0,1.7,304,11,8.1,12.5,1.7,305,11,91,28.91,,,,,39.4,42.7,44.2,,,
BERK,2015-11-29 09:25:00 EST,42.32030,-76.20319,1291,28.9,28.6,21.7,77.6,22.7,0.000,0.000,0.00,0.000,7.0,9.6,1.4,339,13,7.7,13.0,1.7,340,14,7.0,9.6,1.4,339,13,120,28.91,,,,,39.4,42.7,44.2,,,
BERK,2015-11-29 09:30:00 EST,42.32030,-76.20319,1291,29.0,28.8,22.4,77.4,22.9,0.000,0.000,0.00,0.000,6.4,8.8,1.2,350,15,7.1,10.1,1.3,351,13,6.4,8.8,1.2,350,15,125,28.91,,,,,39.4,42.7,44.1,,,
BERK,2015-11-29 09:35:00 EST,42.32030,-76.20319,1291,29.1,28.9,23.0,77.1,22.9,0.000,0.000,0.00,0.000,5.8,8.5,1.1,353,17,6.7,9.6,1.3,351,10,5.8,8.5,1.1,353,17,122,28.91,,,,,39.4,42.7,44.1,,,
BERK,2015-11-29 09:40:00 EST,42.32030,-76.20319,1291,29.2,28.9,23.2,76.9,22.8,0.000,0.000,0.00,0.000,5.6,9.1,1.5,346,24,6.2,10.5,1.7,349,15,5.6,9.1,1.5,346,24,119,28.92,,,,,39.4,42.6,44.2,,,
BERK,2015-11-29 09:45:00 EST,42.32030,-76.20319,1291,29.2,29.0,23.9,76.2,22.6,0.000,0.000,0.00,0.000,4.8,7.2,0.9,341,19,5.4,7.6,1.0,342,15,4.8,7.2,0.9,341,19,132,28.92,,,,,39.4,42.6,44.1,,,
BERK,2015-11-29 09:50:00 EST,42.32030,-76.20319,1291,29.4,29.1,23.5,76.8,23.0,0.000,0.000,0.00,0.000,5.5,8.6,1.1,343,14,6.1,9.4,1.2,343,13,5.5,8.6,1.1,343,14,140,28.92,,,,,39.4,42.6,44.1,,,
BERK,2015-11-29 09:55:00 EST,42.32030,-76.20319,1291,29.3,29.0,22.5,75.7,22.6,0.000,0.000,0.00,0.000,6.7,9.1,1.1,347,14,7.5,11.4,1.4,349,11,6.7,9.1,1.1,347,14,146,28.92,,,,,39.4,42.6,44.1,,,
BERK,2015-11-29 10:00:00 EST,42.32030,-76.20319,1291,29.7,29.3,24.2,76.7,23.3,0.000,0.000,0.00,0.000,5.2,8.0,1.2,313,16,5.7,8.7,1.3,313,16,5.2,8.0,1.2,313,16,148,28.92,,,,,39.4,42.6,44.1,,,
BERK,2015-11-29 10:05:00 EST,42.32030,-76.20319,1291,29.8,29.4,23.6,76.5,23.3,0.000,0.000,0.00,0.000,6.0,8.8,1.2,299,14,6.3,9.2,1.3,300,14,6.0,8.8,1.2,299,14,139,28.92,,,,,39.4,42.6,44.1,,,
BERK,2015-11-29 10:10:00 EST,42.32030,-76.20319,1291,29.9,29.5,24.6,76.3,23.4,0.000,0.000,0.00,0.000,5.1,8.2,1.3,317,15,5.5,8.9,1.4,318,14,5.1,8.2,1.3,317,15,145,28.92,,,,,39.4,42.6,44.1,,,
BERK,2015-11-29 10:15:00 EST,42.32030,-76.20319,1291,30.0,29.6,26.2,76.1,23.4,0.000,0.000,0.00,0.000,3.7,7.0,1.4,337,24,4.0,7.4,1.5,338,26,3.7,7.0,1.4,337,24,153,28.92,,,,,39.4,42.6,44.0,,,
BERK,2015-11-29 10:20:00 EST,42.32030,-76.20319,1291,29.8,29.4,23.4,76.2,23.3,0.000,0.000,0.00,0.000,6.3,8.9,1.4,296,9,6.6,8.9,1.3,296,9,6.3,8.9,1.4,296,9,132,28.92,,,,,39.4,42.6,44.1,,,
BERK,2015-11-29 10:25:00 EST,42.32030,-76.20319,1291,29.8,29.4,23.5,76.9,23.5,0.000,0.000,0.00,0.000,6.2,9.4,1.5,309,10,6.4,9.4,1.5,310,10,6.2,9.4,1.5,309,10,131,28.92,,,,,39.4,42.6,44.1,,,
BERK,2015-11-29 10:30:00 EST,42.32030,-76.20319,1291,30.2,29.6,23.3,77.3,23.9,0.000,0.000,0.00,0.000,6.9,9.9,1.3,293,10,7.3,10.1,1.4,293,8,6.9,9.9,1.3,293,10,138,28.92,,,,,39.4,42.6,44.1,,,
BERK,2015-11-29 10:35:00 EST,42.32030,-76.20319,1291,30.1,29.5,22.2,77.0,23.7,0.000,0.000,0.00,0.000,8.4,10.5,0.9,297,8,8.7,11.2,0.9,297,8,8.4,10.5,0.9,297,8,139,28.92,,,,,39.5,42.6,44.1,,,
BERK,2015-11-29 10:40:00 EST,42.32030,-76.20319,1291,30.1,29.6,22.5,76.9,23.7,0.000,0.000,0.00,0.000,8.1,10.0,1.1,302,10,8.4,11.0,1.2,303,11,8.1,10.0,1.1,302,10,145,28.92,,,,,39.5,42.6,44.1,,,
BERK,2015-11-29 10:45:00 EST,42.32030,-76.20319,1291,30.1,29.6,22.1,77.2,23.8,0.000,0.000,0.00,0.000,8.7,10.2,0.9,291,9,9.2,12.1,1.0,291,9,8.7,10.2,0.9,291,9,140,28.92,,,,,39.5,42.6,44.1,,,
BERK,2015-11-29 10:50:00 EST,42.32030,-76.20319,1291,30.1,29.6,22.3,76.2,23.5,0.000,0.000,0.00,0.000,8.3,14.0,2.1,304,13,8.6,15.0,2.0,304,13,8.3,14.0,2.1,304,13,151,28.91,,,,,39.5,42.5,44.1,,,
BERK,2015-11-29 10:55:00 EST,42.32030,-76.20319,1291,30.3,29.6,22.1,76.1,23.7,0.000,0.000,0.00,0.000,9.1,12.3,1.4,299,9,9.6,13.0,1.4,298,9,9.1,12.3,1.4,299,9,177,28.91,,,,,39.5,42.5,44.1,,,
BERK,2015-11-29 11:00:00 EST,42.32030,-76.20319,1291,30.0,29.6,21.1,74.2,22.8,0.000,0.000,0.00,0.000,10.3,15.1,2.2,321,8,10.7,15.4,2.3,322,7,10.3,15.1,2.2,321,8,161,28.91,,,,,39.5,42.5,44.1,,,
BERK,2015-11-29 11:05:00 EST,42.32030,-76.20319,1291,29.7,29.4,21.7,74.0,22.4,0.000,0.000,0.00,0.000,8.5,13.0,1.9,326,12,9.0,13.6,1.9,328,12,8.5,13.0,1.9,326,12,200,28.91,,,,,39.6,42.5,44.0,,,
BERK,2015-11-29 11:10:00 EST,42.32030,-76.20319,1291,30.1,29.5,22.5,74.4,22.9,0.000,0.000,0.00,0.000,8.0,11.3,1.7,303,11,8.3,12.3,1.7,303,11,8.0,11.3,1.7,303,11,313,28.91,,,,,39.5,42.5,44.1,,,
BERK,2015-11-29 11:15:00 EST,42.32030,-76.20319,1291,30.4,29.8,22.9,73.9,23.0,0.000,0.000,0.00,0.000,7.9,14.3,2.7,320,11,8.4,15.0,2.7,321,13,7.9,14.3,2.7,320,11,228,28.91,,,,,39.6,42.5,44.1,,,
BERK,2015-11-29 11:20:00 EST,42.32030,-76.20319,1291,30.5,30.0,25.8,74.4,23.3,0.000,0.000,0.00,0.000,4.5,8.4,1.4,328,19,5.1,9.6,1.8,329,19,4.5,8.4,1.4,328,19,281,28.91,,,,,39.5,42.5,44.0,,,
BERK,2015-11-29 11:25:00 EST,42.32030,-76.20319,1291,31.1,30.5,23.9,73.2,23.6,0.000,0.000,0.00,0.000,7.8,11.1,1.5,323,17,8.4,11.4,1.5,323,17,7.8,11.1,1.5,323,17,355,28.90,,0,0,0,39.6,42.5,44.0,0.37,0.34,0.52
BERK,2015-11-29 11:30:00 EST,42.32030,-76.20319,1291,30.6,30.1,23.0,71.5,22.5,0.000,0.000,0.00,0.000,8.3,14.7,1.7,324,9,8.6,15.9,1.8,324,9,8.3,14.7,1.7,324,9,257,28.91,,0,0,0,39.6,42.4,44.0,0.37,0.34,0.52
BERK,2015-11-29 11:35:00 EST,42.32030,-76.20319,1291,30.4,29.9,23.8,72.4,22.6,0.000,0.000,0.00,0.000,6.7,11.0,1.5,311,10,7.1,12.8,1.7,310,10,6.7,11.0,1.5,311,10,392,28.91,,0,0,0,39.6,42.5,44.0,0.37,0.34,0.52
BERK,2015-11-29 11:40:00 EST,42.32030,-76.20319,1291,30.9,30.4,23.7,72.3,23.0,0.000,0.000,0.00,0.000,7.6,14.0,2.0,330,13,8.2,13.9,1.9,332,13,7.6,14.0,2.0,330,13,287,28.91,,0,0,0,39.7,42.4,44.0,0.37,0.34,0.52
BERK,2015-11-29 11:45:00 EST,42.32030,-76.20319,1291,31.0,30.6,23.0,71.8,22.9,0.000,0.000,0.00,0.000,9.0,12.9,1.6,356,15,10.1,15.0,1.8,355,12,9.0,12.9,1.6,356,15,200,28.91,,0,0,0,39.7,42.4,44.1,0.37,0.34,0.52
BERK,2015-11-29 11:50:00 EST,42.32030,-76.20319,1291,30.6,30.3,23.8,71.3,22.5,0.000,0.000,0.00,0.000,7.1,10.4,1.7,352,16,7.9,11.9,1.7,353,14,7.1,10.4,1.7,352,16,183,28.91,,0,0,0,39.7,42.4,44.0,0.37,0.34,0.52
BERK,2015-11-29 11:55:00 EST,42.32030,-76.20319,1291,30.9,30.4,22.8,72.1,23.0,0.000,0.000,0.00,0.000,9.3,12.6,1.8,303,11,9.8,13.9,1.7,303,11,9.3,12.6,1.8,303,11,268,28.90,,0,0,0,39.7,42.4,44.0,0.37,0.34,0.52
BERK,2015-11-29 12:00:00 EST,42.32030,-76.20319,1291,32.0,31.0,25.5,71.8,23.9,0.000,0.000,0.00,0.000,7.0,12.1,1.6,285,11,7.6,13.4,1.6,285,10,7.0,12.1,1.6,285,11,558,28.90,,0,0,0,39.8,42.4,44.0,0.37,0.34,0.52
BERK,2015-11-29 12:05:00 EST,42.32030,-76.20319,1291,31.9,31.1,23.7,70.4,23.4,0.000,0.000,0.00,0.000,9.7,13.1,1.7,333,20,10.5,13.4,1.9,334,20,9.7,13.1,1.7,333,20,316,28.90,,0,0,0,39.9,42.4,44.0,0.37,0.34,0.52
BERK,2015-11-29 12:10:00 EST,42.32030,-76.20319,1291,30.9,30.6,23.3,70.5,22.5,0.000,0.000,0.00,0.000,8.5,11.8,1.7,341,12,9.3,13.0,1.7,343,11,8.5,11.8,1.7,341,12,195,28.90,,0,0,0,39.9,42.4,44.0,0.37,0.34,0.52
BERK,2015-11-29 12:15:00 EST,42.32030,-76.20319,1291,30.8,30.5,22.8,71.6,22.7,0.000,0.000,0.00,0.000,9.0,12.6,1.9,328,18,9.7,12.8,1.8,329,13,9.0,12.6,1.9,328,18,162,28.90,,0,0,0,39.9,42.4,44.0,0.37,0.34,0.52
BERK,2015-11-29 12:20:00 EST,42.32030,-76.20319,1291,30.8,30.6,23.7,72.4,23.0,0.000,0.000,0.00,0.000,7.6,11.2,1.6,317,10,8.1,11.9,1.5,318,8,7.6,11.2,1.6,317,10,175,28.90,,0,0,0,39.9,42.4,44.0,0.37,0.34,0.52
BERK,2015-11-29 12:25:00 EST,42.32030,-76.20319,1291,30.9,30.5,23.1,72.3,23.1,0.000,0.000,0.00,0.000,8.7,12.7,1.7,321,11,9.1,12.5,1.6,321,10,8.7,12.7,1.7,321,11,196,28.90,,0,0,0,39.9,42.4,44.0,0.37,0.34,0.52
BERK,2015-11-29 12:30:00 EST,42.32030,-76.20319,1291,30.7,30.4,22.3,71.7,22.7,0.000,0.000,0.00,0.000,9.7,13.4,1.8,319,10,10.1,14.8,1.8,320,11,9.7,13.4,1.8,319,10,216,28.90,,0,0,0,40.0,42.4,44.0,0.37,0.34,0.52
BERK,2015-11-29 12:35:00 EST,42.32030,-76.20319,1291,30.8,30.2,22.9,72.1,22.8,0.000,0.000,0.00,0.000,8.7,12.3,1.6,305,10,8.9,13.0,1.6,306,11,8.7,12.3,1.6,305,10,401,28.90,,0,0,0,40.0,42.4,44.0,0.37,0.34,0.52
BERK,2015-11-29 12:40:00 EST,42.32030,-76.20319,1291,32.0,31.0,23.1,71.9,24.0,0.000,0.000,0.00,0.000,11.2,15.2,2.2,302,15,11.7,15.7,2.2,302,15,11.2,15.2,2.2,302,15,430,28.90,,0,0,0,40.1,42.4,44.0,0.37,0.34,0.52
BERK,2015-11-29 12:45:00 EST,42.32030,-76.20319,1291,31.0,30.6,22.4,71.3,22.8,0.000,0.000,0.00,0.000,10.3,14.7,1.7,335,17,10.9,15.4,1.8,337,13,10.3,14.7,1.7,335,17,359,28.90,,0,0,0,40.1,42.4,44.0,0.37,0.34,0.52
BERK,2015-11-29 12:50:00 EST,42.32030,-76.20319,1291,30.7,30.4,22.9,72.0,22.8,0.000,0.000,0.00,0.000,8.7,13.7,2.0,330,13,9.4,13.9,1.9,332,12,8.7,13.7,2.0,330,13,151,28.90,,0,0,0,40.1,42.4,44.0,0.37,0.34,0.52
BERK,2015-11-29 12:55:00 EST,42.32030,-76.20319,1291,30.5,30.2,22.3,73.1,22.9,0.000,0.000,0.00,0.000,9.2,14.4,2.1,327,12,9.7,14.8,2.1,328,13,9.2,14.4,2.1,327,12,159,28.90,,0,0,0,40.1,42.4,44.0,0.37,0.34,0.52
BERK,2015-11-29 13:00:00 EST,42.32030,-76.20319,1291,31.0,30.6,23.3,73.2,23.5,0.000,0.000,0.00,0.000,8.7,12.3,2.0,317,17,9.2,12.5,1.8,318,17,8.7,12.3,2.0,317,17,491,28.89,,0,0,0,40.2,42.4,44.0,0.37,0.34,0.52
BERK,2015-11-29 13:05:00 EST,42.32030,-76.20319,1291,31.8,31.0,23.7,71.7,23.7,0.000,0.000,0.00,0.000,9.6,13.6,1.8,309,13,9.9,14.8,1.8,309,12,9.6,13.6,1.8,309,13,433,28.89,,0,0,0,40.2,42.4,43.9,0.37,0.34,0.52
BERK,2015-11-29 13:10:00 EST,42.32030,-76.20319,1291,31.3,30.7,23.1,72.2,23.4,0.000,0.000,0.00,0.000,9.5,13.3,1.7,312,16,9.8,13.6,1.8,313,15,9.5,13.3,1.7,312,16,259,28.89,,0,0,0,40.2,42.4,43.9,0.37,0.34,0.52
BERK,2015-11-29 13:15:00 EST,42.32030,-76.20319,1291,31.4,30.6,23.9,72.7,23.7,0.000,0.000,0.00,0.000,8.4,11.3,1.4,308,10,8.7,11.9,1.5,309,10,8.4,11.3,1.4,308,10,388,28.89,,0,0,0,40.3,42.4,43.9,0.37,0.34,0.52
BERK,2015-11-29 13:20:00 EST,42.32030,-76.20319,1291,31.6,30.9,24.0,73.0,24.0,0.000,0.000,0.00,0.000,8.6,13.5,2.3,301,13,9.0,13.0,2.1,302,12,8.6,13.5,2.3,301,13,242,28.89,,0,0,0,40.2,42.4,43.9,0.37,0.34,0.52
BERK,2015-11-29 13:25:00 EST,42.32030,-76.20319,1291,31.6,31.3,25.0,72.6,23.8,0.000,0.000,0.00,0.000,7.1,13.2,2.3,325,15,7.9,14.1,2.5,324,16,7.1,13.2,2.3,325,15,188,28.89,,0,0,0,40.3,42.4,43.9,0.37,0.34,0.52
BERK,2015-11-29 13:30:00 EST,42.32030,-76.20319,1291,31.0,30.7,24.1,72.3,23.1,0.000,0.000,0.00,0.000,7.2,10.3,1.4,312,12,7.4,11.6,1.5,312,12,7.2,10.3,1.4,312,12,188,28.90,,0,0,0,40.3,42.4,43.9,0.37,0.34,0.52
BERK,2015-11-29 13:35:00 EST,42.32030,-76.20319,1291,31.3,31.1,26.0,72.6,23.5,0.000,0.000,0.00,0.000,5.3,10.9,2.0,338,14,6.0,12.8,2.3,340,15,5.3,10.9,2.0,338,14,191,28.90,,0,0,0,40.3,42.4,43.9,0.37,0.34,0.52
BERK,2015-11-29 13:40:00 EST,42.32030,-76.20319,1291,31.4,31.0,24.9,71.8,23.3,0.000,0.000,0.00,0.000,6.7,10.2,1.4,345,14,7.3,9.8,1.5,347,12,6.7,10.2,1.4,345,14,335,28.90,,0,0,0,40.3,42.4,43.9,0.37,0.34,0.52
BERK,2015-11-29 13:45:00 EST,42.32030,-76.20319,1291,32.1,31.7,24.4,70.0,23.4,0.000,0.000,0.00,0.000,9.0,12.7,1.5,328,19,9.5,13.4,1.6,329,18,9.0,12.7,1.5,328,19,408,28.90,,0,0,0,40.3,42.4,43.9,0.37,0.34,0.52
BERK,2015-11-29 13:50:00 EST,42.32030,-76.20319,1291,32.5,31.8,24.5,70.5,24.0,0.000,0.000,0.00,0.000,9.8,12.9,1.6,298,11,10.2,13.2,1.7,297,10,9.8,12.9,1.6,298,11,407,28.89,,0,0,0,40.4,42.4,43.9,0.37,0.34,0.52
BERK,2015-11-29 13:55:00 EST,42.32030,-76.20319,1291,32.1,31.5,24.1,70.5,23.6,0.000,0.000,0.00,0.000,9.6,13.0,1.7,289,7,10.1,14.5,1.9,289,7,9.6,13.0,1.7,289,7,285,28.89,,0,0,0,40.4,42.4,43.9,0.37,0.34,0.52
BERK,2015-11-29 14:00:00 EST,42.32030,-76.20319,1291,32.2,31.8,24.0,69.7,23.3,0.000,0.000,0.00,0.000,9.8,13.4,1.5,309,9,10.1,14.3,1.6,309,9,9.8,13.4,1.5,309,9,277,28.89,,0,0,0,40.5,42.4,43.9,0.37,0.34,0.52
BERK,2015-11-29 14:05:00 EST,42.32030,-76.20319,1291,32.5,32.1,24.8,69.1,23.5,0.000,0.000,0.00,0.000,9.2,12.0,1.5,304,11,9.5,12.1,1.4,303,11,9.2,12.0,1.5,304,11,251,28.88,,0,0,0,40.5,42.4,43.9,0.37,0.34,0.52
BERK,2015-11-29 14:10:00 EST,42.32030,-76.20319,1291,32.1,31.9,24.6,70.1,23.5,0.000,0.000,0.00,0.000,8.7,13.3,1.9,301,8,9.0,14.1,2.0,302,8,8.7,13.3,1.9,301,8,149,28.88,,0,0,0,40.5,42.4,43.9,0.37,0.34,0.52
BERK,2015-11-29 14:15:00 EST,42.32030,-76.20319,1291,32.4,32.1,23.9,69.5,23.5,0.000,0.000,0.00,0.000,10.6,14.0,1.4,304,9,10.8,14.3,1.5,305,9,10.6,14.0,1.4,304,9,260,28.88,,0,0,0,40.5,42.4,43.9,0.37,0.34,0.52
BERK,2015-11-29 14:20:00 EST,42.32030,-76.20319,1291,32.5,32.3,23.8,68.7,23.3,0.000,0.000,0.00,0.000,11.0,13.4,1.3,303,9,11.2,13.9,1.3,304,9,11.0,13.4,1.3,303,9,182,28.88,,0,0,0,40.5,42.4,43.9,0.37,0.34,0.52
BERK,2015-11-29 14:25:00 EST,42.32030,-76.20319,1291,32.7,32.5,25.2,68.7,23.5,0.000,0.000,0.00,0.000,8.8,13.1,2.4,304,12,9.1,13.6,2.3,304,11,8.8,13.1,2.4,304,12,213,28.88,,0,0,0,40.5,42.4,43.9,0.37,0.34,0.52
BERK,2015-11-29 14:30:00 EST,42.32030,-76.20319,1291,33.5,33.3,26.7,67.0,23.7,0.000,0.000,0.00,0.000,8.0,12.4,2.2,354,19,9.0,14.8,2.4,353,18,8.0,12.4,2.2,354,19,272,28.88,,0,0,0,40.5,42.4,43.9,0.37,0.34,0.52
BERK,2015-11-29 14:35:00 EST,42.32030,-76.20319,1291,33.7,33.6,27.6,66.2,23.6,0.000,0.000,0.00,0.000,7.0,11.0,1.7,354,18,7.8,13.4,1.8,354,13,7.0,11.0,1.7,354,18,222,28.88,,0,0,0,40.6,42.4,43.9,0.37,0.34,0.52
BERK,2015-11-29 14:40:00 EST,42.32030,-76.20319,1291,34.0,33.7,27.5,65.9,23.7,0.000,0.000,0.00,0.000,7.5,12.6,2.2,336,19,8.4,12.8,2.4,338,19,7.5,12.6,2.2,336,19,302,28.88,,0,0,0,40.6,42.4,43.9,0.37,0.34,0.52
BERK,2015-11-29 14:45:00 EST,42.32030,-76.20319,1291,33.9,33.7,26.9,64.8,23.3,0.000,0.000,0.00,0.000,8.5,13.0,1.8,328,12,9.1,14.3,2.0,329,12,8.5,13.0,1.8,328,12,280,28.88,,0,0,0,40.6,42.4,43.9,0.37,0.34,0.52
BERK,2015-11-29 14:50:00 EST,42.32030,-76.20319,1291,34.0,33.8,26.6,64.9,23.4,0.000,0.000,0.00,0.000,9.1,12.7,1.6,316,14,9.5,12.8,1.6,316,14,9.1,12.7,1.6,316,14,260,28.88,,0,0,0,40.6,42.4,43.9,0.37,0.34,0.52
BERK,2015-11-29 14:55:00 EST,42.32030,-76.20319,1291,33.8,33.6,25.4,65.1,23.3,0.000,0.000,0.00,0.000,11.2,15.1,1.9,315,9,11.4,15.4,1.8,316,8,11.2,15.1,1.9,315,9,227,28.88,,0,0,0,40.6,42.4,43.9,0.37,0.34,0.52
BERK,2015-11-29 15:00:00 EST,42.32030,-76.20319,1291,33.6,33.5,26.5,65.6,23.3,0.000,0.000,0.00,0.000,8.6,13.2,2.0,314,16,9.0,14.5,2.0,315,16,8.6,13.2,2.0,314,16,209,28.88,,0,0,0,40.6,42.4,43.9,0.37,0.34,0.52
BERK,2015-11-29 15:05:00 EST,42.32030,-76.20319,1291,33.4,33.3,25.5,66.2,23.3,0.000,0.000,0.00,0.000,9.8,14.0,2.1,315,11,10.1,14.3,1.9,316,10,9.8,14.0,2.1,315,11,181,28.89,,0,0,0,40.6,42.4,43.9,0.37,0.34,0.52
BERK,2015-11-29 15:10:00 EST,42.32030,-76.20319,1291,33.3,33.3,27.3,66.5,23.3,0.000,0.000,0.00,0.000,6.7,9.2,1.0,320,14,7.0,9.8,1.1,319,12,6.7,9.2,1.0,320,14,146,28.89,,0,0,0,40.5,42.4,43.9,0.37,0.34,0.52
BERK,2015-11-29 15:15:00 EST,42.32030,-76.20319,1291,32.8,33.0,25.3,67.7,23.3,0.000,0.000,0.00,0.000,9.0,13.4,2.2,315,15,9.5,13.4,2.1,315,13,9.0,13.4,2.2,315,15,97,28.89,,0,0,0,40.6,42.4,43.9,0.37,0.34,0.52
BERK,2015-11-29 15:20:00 EST,42.32030,-76.20319,1291,33.1,33.2,25.8,67.0,23.3,0.000,0.000,0.00,0.000,8.7,14.8,2.2,324,13,9.2,15.7,2.3,325,12,8.7,14.8,2.2,324,13,104,28.89,,0,0,0,40.5,42.4,43.9,0.37,0.34,0.52
BERK,2015-11-29 15:25:00 EST,42.32030,-76.20319,1291,33.3,33.4,25.1,66.0,23.2,0.000,0.000,0.00,0.000,10.6,15.9,2.4,325,14,11.2,17.9,2.4,326,14,10.6,15.9,2.4,325,14,130,28.89,,0,0,0,40.5,42.4,43.9,0.37,0.34,0.52
BERK,2015-11-29 15:30:00 EST,42.32030,-76.20319,1291,33.4,33.5,25.7,65.4,23.0,0.000,0.000,0.00,0.000,9.4,13.8,2.0,326,15,9.8,14.5,2.1,326,15,9.4,13.8,2.0,326,15,121,28.89,,0,0,0,40.5,42.4,43.9,0.37,0.34,0.52
BERK,2015-11-29 15:35:00 EST,42.32030,-76.20319,1291,33.3,33.4,26.4,65.2,22.9,0.000,0.000,0.00,0.000,8.0,13.3,2.5,320,12,8.5,13.6,2.5,322,12,8.0,13.3,2.5,320,12,128,28.89,,0,0,0,40.5,42.4,43.9,0.37,0.34,0.52
BERK,2015-11-29 15:40:00 EST,42.32030,-76.20319,1291,33.0,33.3,24.9,66.3,23.0,0.000,0.000,0.00,0.000,10.2,15.9,2.7,330,15,11.0,16.8,2.8,331,14,10.2,15.9,2.7,330,15,50,28.89,,0,0,0,40.5,42.4,43.9,0.37,0.34,0.52
BERK,2015-11-29 15:45:00 EST,42.32030,-76.20319,1291,33.1,33.2,25.7,66.3,23.0,0.000,0.000,0.00,0.000,8.6,12.5,1.8,344,16,9.7,15.7,2.1,344,12,8.6,12.5,1.8,344,16,42,28.89,,0,0,0,40.4,42.4,43.9,0.37,0.34,0.52
BERK,2015-11-29 15:50:00 EST,42.32030,-76.20319,1291,33.1,33.1,25.5,65.9,22.9,0.000,0.000,0.00,0.000,9.2,13.4,2.0,343,12,10.1,15.2,2.1,345,11,9.2,13.4,2.0,343,12,31,28.89,,0,0,0,40.5,42.4,43.9,0.37,0.34,0.52
BERK,2015-11-29 15:55:00 EST,42.32030,-76.20319,1291,32.9,33.0,27.0,65.7,22.7,0.000,0.000,0.00,0.000,6.4,10.6,1.9,341,21,7.1,11.9,2.1,345,14,6.4,10.6,1.9,341,21,22,28.89,,0,0,0,40.5,42.4,43.9,0.37,0.34,0.52
BERK,2015-11-29 16:00:00 EST,42.32030,-76.20319,1291,32.3,32.6,26.3,66.8,22.5,0.000,0.000,0.00,0.000,6.4,9.9,1.2,328,13,6.9,10.5,1.3,328,13,6.4,9.9,1.2,328,13,17,28.90,,0,0,0,40.4,42.4,43.9,0.37,0.34,0.52
BERK,2015-11-29 16:05:00 EST,42.32030,-76.20319,1291,32.1,32.4,24.9,67.2,22.5,0.000,0.000,0.00,0.000,8.2,10.6,1.2,319,13,8.6,11.4,1.3,320,12,8.2,10.6,1.2,319,13,15,28.90,,0,0,0,40.3,42.4,43.9,0.37,0.34,0.52
BERK,2015-11-29 16:10:00 EST,42.32030,-76.20319,1291,32.0,32.2,24.4,67.1,22.3,0.000,0.000,0.00,0.000,8.7,13.6,2.2,321,10,9.1,14.8,2.1,320,9,8.7,13.6,2.2,321,10,13,28.90,,0,0,0,40.3,42.4,43.9,0.37,0.34,0.52
BERK,2015-11-29 16:15:00 EST,42.32030,-76.20319,1291,31.6,31.9,24.4,68.1,22.2,0.000,0.000,0.00,0.000,7.8,13.2,2.0,319,9,8.1,13.4,2.0,319,8,7.8,13.2,2.0,319,9,10,28.90,,0,0,0,40.3,42.4,43.9,0.37,0.34,0.52
BERK,2015-11-29 16:20:00 EST,42.32030,-76.20319,1291,31.4,31.7,24.3,68.8,22.3,0.000,0.000,0.00,0.000,7.7,11.7,1.7,321,12,8.0,12.3,1.8,320,11,7.7,11.7,1.7,321,12,7,28.90,,0,0,0,40.3,42.4,43.9,0.37,0.34,0.52
BERK,2015-11-29 16:25:00 EST,42.32030,-76.20319,1291,31.2,31.6,24.0,69.5,22.3,0.000,0.000,0.00,0.000,7.7,10.9,1.0,310,7,8.0,10.7,1.0,311,7,7.7,10.9,1.0,310,7,5,28.91,,0,0,0,40.2,42.4,43.9,0.37,0.34,0.52
BERK,2015-11-29 16:30:00 EST,42.32030,-76.20319,1291,30.5,31.1,24.0,71.5,22.4,0.000,0.000,0.00,0.000,6.6,9.4,1.3,318,12,7.3,10.3,1.4,318,10,6.6,9.4,1.3,318,12,4,28.91,,0,0,0,40.3,42.4,43.8,0.37,0.34,0.52
BERK,2015-11-29 16:35:00 EST,42.32030,-76.20319,1291,30.8,31.2,24.4,71.3,22.6,0.000,0.000,0.00,0.000,6.6,9.0,1.0,319,7,7.0,9.2,1.0,319,6,6.6,9.0,1.0,319,7,2,28.91,,0,0,0,40.2,42.4,43.9,0.37,0.34,0.52
BERK,2015-11-29 16:40:00 EST,42.32030,-76.20319,1291,30.7,31.2,22.9,71.6,22.6,0.000,0.000,0.00,0.000,8.5,12.9,1.4,314,9,8.8,13.2,1.4,314,8,8.5,12.9,1.4,314,9,1,28.91,,0,0,0,40.2,42.4,43.9,0.37,0.34,0.52
BERK,2015-11-29 16:45:00 EST,42.32030,-76.20319,1291,31.0,31.4,23.3,70.9,22.7,0.000,0.000,0.00,0.000,8.6,14.1,2.0,316,9,9.1,14.3,2.0,315,8,8.6,14.1,2.0,316,9,1,28.91,,0,0,0,40.1,42.4,43.8,0.37,0.34,0.52
BERK,2015-11-29 16:50:00 EST,42.32030,-76.20319,1291,31.1,31.3,23.9,70.7,22.7,0.000,0.000,0.00,0.000,7.8,12.1,1.7,319,9,8.2,12.5,1.7,319,9,7.8,12.1,1.7,319,9,0,28.91,,0,0,0,40.1,42.4,43.9,0.37,0.34,0.52
BERK,2015-11-29 16:55:00 EST,42.32030,-76.20319,1291,31.2,31.3,23.8,70.3,22.6,0.000,0.000,0.00,0.000,8.1,15.0,2.4,318,12,8.3,15.2,2.4,319,12,8.1,15.0,2.4,318,12,0,28.91,,0,0,0,40.1,42.4,43.9,0.37,0.34,0.52
BERK,2015-11-29 17:00:00 EST,42.32030,-76.20319,1291,31.1,31.2,23.0,69.8,22.4,0.000,0.000,0.00,0.000,9.3,13.7,1.5,315,9,9.6,13.9,1.6,315,8,9.3,13.7,1.5,315,9,0,28.91,,0,0,0,40.1,42.4,43.9,0.37,0.34,0.52
BERK,2015-11-29 17:05:00 EST,42.32030,-76.20319,1291,30.9,31.1,21.9,68.8,21.9,0.000,0.000,0.00,0.000,11.0,15.3,1.8,316,9,11.4,16.3,1.9,317,8,11.0,15.3,1.8,316,9,0,28.92,,0,0,0,40.0,42.4,43.9,0.37,0.34,0.52
BERK,2015-11-29 17:10:00 EST,42.32030,-76.20319,1291,30.7,30.8,23.4,68.9,21.7,0.000,0.000,0.00,0.000,7.7,12.6,2.2,329,14,8.1,12.8,2.2,330,14,7.7,12.6,2.2,329,14,0,28.92,,0,0,0,40.0,42.4,43.9,0.37,0.34,0.52
BERK,2015-11-29 17:15:00 EST,42.32030,-76.20319,1291,30.3,30.6,23.8,70.2,21.8,0.000,0.000,0.00,0.000,6.5,10.8,1.7,326,10,6.9,11.4,1.8,327,10,6.5,10.8,1.7,326,10,0,28.92,,0,0,0,39.9,42.4,43.9,0.37,0.34,0.52
BERK,2015-11-29 17:20:00 EST,42.32030,-76.20319,1291,30.1,30.4,23.9,70.9,21.8,0.000,0.000,0.00,0.000,6.1,8.4,1.1,326,11,6.5,10.1,1.2,326,11,6.1,8.4,1.1,326,11,0,28.92,,0,0,0,39.9,42.4,43.8,0.37,0.34,0.52
BERK,2015-11-29 17:25:00 EST,42.32030,-76.20319,1291,30.1,30.3,23.8,71.3,22.0,0.000,0.000,0.00,0.000,6.3,10.0,1.4,329,11,6.7,11.9,1.6,330,11,6.3,10.0,1.4,329,11,0,28.92,,0,0,0,39.9,42.4,43.9,0.37,0.34,0.52
BERK,2015-11-29 17:30:00 EST,42.32030,-76.20319,1291,30.0,30.3,24.0,71.4,21.9,0.000,0.000,0.00,0.000,5.8,8.3,1.1,320,12,6.3,9.8,1.1,320,11,5.8,8.3,1.1,320,12,0,28.92,,0,0,0,39.8,42.4,43.8,0.37,0.34,0.52
BERK,2015-11-29 17:35:00 EST,42.32030,-76.20319,1291,29.9,30.2,24.4,71.4,21.8,0.000,0.000,0.00,0.000,5.3,8.3,1.2,332,13,5.8,10.7,1.6,334,12,5.3,8.3,1.2,332,13,0,28.92,,0,0,0,39.9,42.4,43.8,0.37,0.34,0.52
BERK,2015-11-29 17:40:00 EST,42.32030,-76.20319,1291,29.9,30.1,23.6,70.9,21.6,0.000,0.000,0.00,0.000,6.1,8.8,1.3,335,13,6.6,10.1,1.6,335,13,6.1,8.8,1.3,335,13,0,28.93,,0,0,0,39.8,42.4,43.9,0.37,0.34,0.52
BERK,2015-11-29 17:45:00 EST,42.32030,-76.20319,1291,29.5,29.9,23.9,71.9,21.6,0.000,0.000,0.00,0.000,5.3,9.5,1.4,330,13,5.8,10.1,1.6,330,12,5.3,9.5,1.4,330,13,0,28.93,,0,0,0,39.7,42.4,43.9,0.37,0.34,0.52
BERK,2015-11-29 17:50:00 EST,42.32030,-76.20319,1291,29.6,29.9,23.1,71.6,21.6,0.000,0.000,0.00,0.000,6.3,9.2,1.3,337,12,6.9,10.1,1.5,338,12,6.3,9.2,1.3,337,12,0,28.93,,0,0,0,39.7,42.4,43.8,0.37,0.34,0.52
BERK,2015-11-29 17:55:00 EST,42.32030,-76.20319,1291,29.4,29.7,23.5,71.5,21.3,0.000,0.000,0.00,0.000,5.6,9.4,1.3,336,12,6.2,10.3,1.5,338,11,5.6,9.4,1.3,336,12,0,28.93,,0,0,0,39.7,42.4,43.8,0.37,0.34,0.52
BERK,2015-11-29 18:00:00 EST,42.32030,-76.20319,1291,29.2,29.6,24.1,71.9,21.3,0.000,0.000,0.00,0.000,4.7,8.3,1.3,337,13,5.1,9.2,1.5,339,13,4.7,8.3,1.3,337,13,0,28.93,,0,0,0,39.7,42.4,43.8,0.37,0.34,0.52
BERK,2015-11-29 18:05:00 EST,42.32030,-76.20319,1291,29.0,29.4,29.0,72.4,21.2,0.000,0.000,0.00,0.000,2.9,4.7,0.7,317,12,3.2,5.1,0.8,317,11,2.9,4.7,0.7,317,12,0,28.93,,0,0,0,39.6,42.3,43.9,0.37,0.34,0.52
BERK,2015-11-29 18:10:00 EST,42.32030,-76.20319,1291,28.9,29.2,28.9,73.2,21.4,0.000,0.000,0.00,0.000,1.7,3.5,0.8,326,13,2.1,4.5,0.7,328,16,1.7,3.5,0.8,326,13,0,28.93,,0,0,0,39.6,42.4,43.8,0.37,0.34,0.52
BERK,2015-11-29 18:15:00 EST,42.32030,-76.20319,1291,28.6,29.0,28.6,74.0,21.3,0.000,0.000,0.00,0.000,1.6,2.6,0.6,323,11,1.8,3.1,0.5,326,15,1.6,2.6,0.6,323,11,0,28.93,,0,0,0,39.6,42.4,43.8,0.37,0.34,0.52
BERK,2015-11-29 18:20:00 EST,42.32030,-76.20319,1291,28.0,28.9,24.2,75.6,21.3,0.000,0.000,0.00,0.000,3.4,6.6,1.1,327,9,3.7,7.6,1.2,326,10,3.4,6.6,1.1,327,9,0,28.94,,0,0,0,39.5,42.3,43.8,0.37,0.34,0.52
BERK,2015-11-29 18:25:00 EST,42.32030,-76.20319,1291,28.1,28.9,23.0,75.0,21.2,0.000,0.000,0.00,0.000,4.5,6.5,0.6,312,7,4.8,7.6,0.7,312,6,4.5,6.5,0.6,312,7,0,28.94,,0,0,0,39.5,42.3,43.8,0.37,0.34,0.52
BERK,2015-11-29 18:30:00 EST,42.32030,-76.20319,1291,27.8,28.6,22.5,75.1,21.0,0.000,0.000,0.00,0.000,4.7,6.1,0.5,318,7,5.0,6.7,0.6,318,6,4.7,6.1,0.5,318,7,0,28.94,,0,0,0,39.6,42.3,43.8,0.37,0.34,0.52
BERK,2015-11-29 18:35:00 EST,42.32030,-76.20319,1291,27.7,28.5,22.0,76.7,21.3,0.000,0.000,0.00,0.000,5.0,7.7,1.0,327,10,5.5,8.7,1.1,327,9,5.0,7.7,1.0,327,10,0,28.94,,0,0,0,39.5,42.4,43.8,0.37,0.34,0.52
BERK,2015-11-29 18:40:00 EST,42.32030,-76.20319,1291,27.5,28.4,22.4,75.8,20.9,0.000,0.000,0.00,0.000,4.4,6.6,0.7,332,11,4.8,7.2,1.0,333,11,4.4,6.6,0.7,332,11,0,28.94,,0,0,0,39.5,42.4,43.8,0.37,0.34,0.52
BERK,2015-11-29 18:45:00 EST,42.32030,-76.20319,1291,27.4,28.4,22.7,76.4,21.0,0.000,0.000,0.00,0.000,4.1,5.8,0.7,328,9,4.5,7.2,1.0,329,10,4.1,5.8,0.7,328,9,0,28.94,,0,0,0,39.5,42.3,43.8,0.37,0.34,0.52
BERK,2015-11-29 18:50:00 EST,42.32030,-76.20319,1291,27.1,28.3,22.7,76.8,20.8,0.000,0.000,0.00,0.000,3.7,6.0,0.7,333,10,4.2,6.3,0.8,333,10,3.7,6.0,0.7,333,10,0,28.94,,0,0,0,39.4,42.3,43.8,0.37,0.34,0.52
BERK,2015-11-29 18:55:00 EST,42.32030,-76.20319,1291,27.1,28.1,23.1,77.4,21.0,0.000,0.000,0.00,0.000,3.5,5.4,0.7,328,8,3.7,5.6,0.9,326,9,3.5,5.4,0.7,328,8,0,28.94,,0,0,0,39.4,42.3,43.8,0.37,0.34,0.52
BERK,2015-11-29 19:00:00 EST,42.32030,-76.20319,1291,26.8,28.0,21.7,78.2,20.9,0.000,0.000,0.00,0.000,4.3,5.7,0.5,323,8,4.5,6.0,0.6,323,8,4.3,5.7,0.5,323,8,0,28.94,,0,0,0,39.4,42.3,43.8,0.37,0.34,0.52
BERK,2015-11-29 19:05:00 EST,42.32030,-76.20319,1291,26.6,27.8,22.2,78.8,20.9,0.000,0.000,0.00,0.000,3.7,5.3,0.5,335,7,4.0,6.0,0.6,335,8,3.7,5.3,0.5,335,7,0,28.94,,0,0,0,39.4,42.3,43.8,0.37,0.34,0.52
BERK,2015-11-29 19:10:00 EST,42.32030,-76.20319,1291,26.4,27.7,26.4,77.8,20.4,0.000,0.000,0.00,0.000,2.9,4.5,0.6,331,9,3.2,5.6,0.8,331,10,2.9,4.5,0.6,331,9,0,28.94,,0,0,0,39.4,42.3,43.8,0.37,0.34,0.52
BERK,2015-11-29 19:15:00 EST,42.32030,-76.20319,1291,26.2,27.5,21.3,78.9,20.5,0.000,0.000,0.00,0.000,4.1,4.7,0.4,314,7,4.3,5.1,0.5,314,7,4.1,4.7,0.4,314,7,0,28.94,,0,0,0,39.3,42.3,43.8,0.37,0.34,0.52
BERK,2015-11-29 19:20:00 EST,42.32030,-76.20319,1291,25.4,27.3,18.7,80.2,20.1,0.000,0.000,0.00,0.000,5.6,6.5,0.5,306,5,5.7,7.2,0.5,307,5,5.6,6.5,0.5,306,5,0,28.94,,0,0,0,39.3,42.3,43.7,0.37,0.34,0.52
BERK,2015-11-29 19:25:00 EST,42.32030,-76.20319,1291,25.2,27.3,18.8,80.4,20.0,0.000,0.000,0.00,0.000,5.3,6.1,0.4,307,5,5.5,6.5,0.4,307,6,5.3,6.1,0.4,307,5,0,28.94,,0,0,0,39.2,42.3,43.7,0.37,0.34,0.52
BERK,2015-11-29 19:30:00 EST,42.32030,-76.20319,1291,25.3,27.0,19.9,81.7,20.5,0.000,0.000,0.00,0.000,4.3,5.5,0.7,315,7,4.7,5.8,0.6,315,6,4.3,5.5,0.7,315,7,0,28.94,,0,0,0,39.2,42.3,43.8,0.37,0.34,0.52
BERK,2015-11-29 19:35:00 EST,42.32030,-76.20319,1291,25.6,26.7,21.9,80.0,20.3,0.000,0.000,0.00,0.000,3.1,4.6,0.8,320,10,3.3,4.7,0.8,320,10,3.1,4.6,0.8,320,10,0,28.94,,0,0,0,39.2,42.3,43.8,0.37,0.34,0.52
BERK,2015-11-29 19:40:00 EST,42.32030,-76.20319,1291,25.3,26.3,25.3,80.7,20.2,0.000,0.000,0.00,0.000,1.9,3.7,1.1,325,14,2.2,4.5,0.9,326,20,1.9,3.7,1.1,325,14,0,28.94,,0,0,0,39.2,42.3,43.8,0.37,0.34,0.52
BERK,2015-11-29 19:45:00 EST,42.32030,-76.20319,1291,25.2,26.1,25.2,83.0,20.8,0.000,0.000,0.00,0.000,1.5,2.2,0.2,333,10,1.8,2.7,0.3,335,12,1.5,2.2,0.2,333,10,0,28.94,,0,0,0,39.2,42.3,43.7,0.37,0.34,0.52
BERK,2015-11-29 19:50:00 EST,42.32030,-76.20319,1291,25.3,26.2,25.3,82.6,20.7,0.000,0.000,0.00,0.000,2.5,3.3,0.5,318,6,2.6,3.8,0.5,317,7,2.5,3.3,0.5,318,6,0,28.95,,0,0,0,39.2,42.3,43.8,0.37,0.34,0.52
BERK,2015-11-29 19:55:00 EST,42.32030,-76.20319,1291,25.0,26.2,25.0,82.2,20.3,0.000,0.000,0.00,0.000,2.3,3.6,0.3,323,8,2.5,4.0,0.5,323,9,2.3,3.6,0.3,323,8,0,28.95,,0,0,0,39.2,42.2,43.8,0.37,0.34,0.52
BERK,2015-11-29 20:00:00 EST,42.32030,-76.20319,1291,24.3,26.0,24.3,83.1,19.9,0.000,0.000,0.00,0.000,2.9,3.9,0.5,327,6,3.1,4.5,0.5,325,6,2.9,3.9,0.5,327,6,0,28.95,,0,0,0,39.2,42.3,43.7,0.37,0.34,0.52
BERK,2015-11-29 20:05:00 EST,42.32030,-76.20319,1291,24.8,26.6,21.1,81.7,20.0,0.000,0.000,0.00,0.000,3.1,4.8,0.5,325,9,3.2,5.6,0.6,325,10,3.1,4.8,0.5,325,9,0,28.95,,0,0,0,39.2,42.2,43.7,0.37,0.34,0.52
BERK,2015-11-29 20:10:00 EST,42.32030,-76.20319,1291,24.6,26.2,20.1,82.3,20.0,0.000,0.000,0.00,0.000,3.6,4.5,0.3,311,6,3.7,4.9,0.4,312,6,3.6,4.5,0.3,311,6,0,28.95,,0,0,0,39.2,42.2,43.7,0.37,0.34,0.52
BERK,2015-11-29 20:15:00 EST,42.32030,-76.20319,1291,23.9,25.5,23.9,83.9,19.8,0.000,0.000,0.00,0.000,2.7,4.2,0.5,323,8,2.7,4.3,0.5,323,9,2.7,4.2,0.5,323,8,0,28.95,,0,0,0,39.2,42.2,43.7,0.37,0.34,0.52
BERK,2015-11-29 20:20:00 EST,42.32030,-76.20319,1291,24.6,25.7,24.6,82.9,20.1,0.000,0.000,0.00,0.000,2.3,3.4,0.5,323,10,2.4,3.8,0.5,322,14,2.3,3.4,0.5,323,10,0,28.95,,0,0,0,39.2,42.2,43.7,0.37,0.34,0.52
BERK,2015-11-29 20:25:00 EST,42.32030,-76.20319,1291,25.0,26.0,25.0,81.7,20.2,0.000,0.000,0.00,0.000,1.6,2.6,0.3,305,15,1.9,2.7,0.3,304,15,1.6,2.6,0.3,305,15,0,28.95,,0,0,0,39.2,42.2,43.7,0.37,0.34,0.52
BERK,2015-11-29 20:30:00 EST,42.32030,-76.20319,1291,24.4,25.3,24.4,82.2,19.8,0.000,0.000,0.00,0.000,0.9,1.6,0.4,340,23,1.4,2.0,0.4,337,28,0.9,1.6,0.4,340,23,0,28.96,,0,0,0,39.1,42.3,43.7,0.37,0.34,0.52
BERK,2015-11-29 20:35:00 EST,42.32030,-76.20319,1291,25.0,26.0,25.0,82.6,20.4,0.000,0.000,0.00,0.000,0.9,1.5,0.4,322,2,1.2,1.8,0.3,325,11,0.9,1.5,0.4,322,2,0,28.96,,0,0,0,39.1,42.3,43.7,0.37,0.34,0.52
BERK,2015-11-29 20:40:00 EST,42.32030,-76.20319,1291,24.3,25.8,24.3,82.9,19.9,0.000,0.000,0.00,0.000,1.4,2.0,0.3,318,7,1.5,2.2,0.3,318,9,1.4,2.0,0.3,318,7,0,28.96,,0,0,0,39.0,42.2,43.8,0.37,0.34,0.52
BERK,2015-11-29 20:45:00 EST,42.32030,-76.20319,1291,23.3,25.4,23.3,84.5,19.3,0.000,0.000,0.00,0.000,1.7,2.2,0.3,324,4,1.7,2.2,0.3,323,9,1.7,2.2,0.3,324,4,0,28.96,,0,0,0,39.0,42.2,43.7,0.37,0.34,0.52
BERK,2015-11-29 20:50:00 EST,42.32030,-76.20319,1291,24.1,25.5,24.1,84.5,20.1,0.000,0.000,0.00,0.000,2.3,3.8,0.5,302,5,2.3,4.0,0.6,305,7,2.3,3.8,0.5,302,5,0,28.97,,0,0,0,39.0,42.2,43.7,0.37,0.34,0.52
BERK,2015-11-29 20:55:00 EST,42.32030,-76.20319,1291,23.4,25.0,23.4,84.6,19.4,0.000,0.000,0.00,0.000,1.8,2.3,0.3,330,11,2.1,2.9,0.3,333,13,1.8,2.3,0.3,330,11,0,28.97,,0,0,0,39.0,42.2,43.7,0.37,0.34,0.52
BERK,2015-11-29 21:00:00 EST,42.32030,-76.20319,1291,23.6,25.3,23.6,85.5,19.9,0.000,0.000,0.00,0.000,2.0,3.0,0.4,330,7,2.2,3.4,0.4,332,10,2.0,3.0,0.4,330,7,0,28.97,,0,0,0,39.0,42.2,43.7,0.37,0.34,0.52
BERK,2015-11-29 21:05:00 EST,42.32030,-76.20319,1291,23.5,25.3,23.5,86.6,20.0,0.000,0.000,0.00,0.000,1.8,2.3,0.2,340,5,2.2,2.9,0.3,337,6,1.8,2.3,0.2,340,5,0,28.97,,0,0,0,39.0,42.2,43.7,0.37,0.34,0.52
BERK,2015-11-29 21:10:00 EST,42.32030,-76.20319,1291,22.8,25.0,22.8,86.3,19.3,0.000,0.000,0.00,0.000,1.9,2.4,0.3,331,7,2.3,3.1,0.4,336,9,1.9,2.4,0.3,331,7,0,28.97,,0,0,0,38.9,42.1,43.7,0.37,0.34,0.52
BERK,2015-11-29 21:15:00 EST,42.32030,-76.20319,1291,22.6,25.1,22.6,88.2,19.6,0.000,0.000,0.00,0.000,2.6,3.1,0.2,327,7,2.6,3.4,0.3,324,7,2.6,3.1,0.2,327,7,0,28.97,,0,0,0,38.9,42.1,43.7,0.37,0.34,0.52
BERK,2015-11-29 21:20:00 EST,42.32030,-76.20319,1291,22.6,24.9,22.6,88.0,19.5,0.000,0.000,0.00,0.000,2.8,3.4,0.2,317,2,2.8,3.4,0.3,314,3,2.8,3.4,0.2,317,2,0,28.97,,0,0,0,38.9,42.1,43.7,0.37,0.34,0.52
BERK,2015-11-29 21:25:00 EST,42.32030,-76.20319,1291,22.6,25.3,18.5,88.6,19.7,0.000,0.000,0.00,0.000,3.1,3.3,0.1,310,6,3.1,3.4,0.2,310,4,3.1,3.3,0.1,310,6,0,28.97,,0,0,0,38.8,42.1,43.7,0.37,0.34,0.52
BERK,2015-11-29 21:30:00 EST,42.32030,-76.20319,1291,22.5,25.0,22.5,88.8,19.7,0.000,0.000,0.00,0.000,2.7,3.1,0.3,311,7,2.8,3.1,0.2,313,9,2.7,3.1,0.3,311,7,0,28.97,,0,0,0,38.8,42.1,43.7,0.37,0.34,0.52
BERK,2015-11-29 21:35:00 EST,42.32030,-76.20319,1291,22.0,24.1,22.0,88.7,19.2,0.000,0.000,0.00,0.000,2.0,2.6,0.3,316,8,2.1,2.7,0.3,317,10,2.0,2.6,0.3,316,8,0,28.98,,0,0,0,38.8,42.1,43.8,0.37,0.34,0.52
BERK,2015-11-29 21:40:00 EST,42.32030,-76.20319,1291,22.6,24.0,22.6,88.6,19.7,0.000,0.000,0.00,0.000,0.9,1.7,0.4,323,7,1.3,1.8,0.3,325,18,0.9,1.7,0.4,323,7,0,28.98,,0,0,0,38.8,42.1,43.7,0.37,0.34,0.52
BERK,2015-11-29 21:45:00 EST,42.32030,-76.20319,1291,22.4,24.0,22.4,88.9,19.6,0.000,0.000,0.00,0.000,0.0,0.4,0.1,319,0,0.7,1.3,0.3,7,31,0.0,0.4,0.1,319,0,0,28.98,,0,0,0,38.8,42.1,43.7,0.37,0.34,0.52
BERK,2015-11-29 21:50:00 EST,42.32030,-76.20319,1291,22.4,24.1,22.4,90.1,19.9,0.000,0.000,0.00,0.000,0.0,0.0,0.0,0,0,0.7,1.1,0.2,44,28,0.0,0.0,0.0,0,0,0,28.98,,0,0,0,38.8,42.1,43.7,0.37,0.34,0.52
BERK,2015-11-29 21:55:00 EST,42.32030,-76.20319,1291,22.7,24.4,22.7,90.8,20.4,0.000,0.000,0.00,0.000,0.0,0.0,0.0,0,0,0.6,2.2,0.3,105,49,0.0,0.0,0.0,0,0,0,28.98,,0,0,0,38.7,42.1,43.7,0.37,0.34,0.52
BERK,2015-11-29 22:00:00 EST,42.32030,-76.20319,1291,22.2,24.0,22.2,90.7,19.9,0.000,0.000,0.00,0.000,0.7,1.7,0.5,82,40,1.5,2.5,0.4,91,15,0.7,1.7,0.5,82,40,0,28.98,,0,0,0,38.7,42.1,43.7,0.37,0.34,0.52
BERK,2015-11-29 22:05:00 EST,42.32030,-76.20319,1291,22.7,24.1,22.7,91.6,20.6,0.000,0.000,0.00,0.000,0.5,0.9,0.3,101,0,1.0,1.3,0.2,98,10,0.5,0.9,0.3,101,0,0,28.98,,0,0,0,38.7,42.1,43.7,0.37,0.34,0.52
BERK,2015-11-29 22:10:00 EST,42.32030,-76.20319,1291,22.6,24.0,22.6,91.3,20.5,0.000,0.000,0.00,0.000,0.0,0.0,0.0,0,0,0.6,1.1,0.2,62,24,0.0,0.0,0.0,0,0,0,28.98,,0,0,0,38.7,42.1,43.7,0.37,0.34,0.52
BERK,2015-11-29 22:15:00 EST,42.32030,-76.20319,1291,22.4,24.1,22.4,91.2,20.2,0.000,0.000,0.00,0.000,0.1,0.5,0.1,101,0,0.9,1.3,0.3,78,17,0.1,0.5,0.1,101,0,0,28.97,,0,0,0,38.7,42.1,43.7,0.37,0.34,0.52
BERK,2015-11-29 22:20:00 EST,42.32030,-76.20319,1291,22.6,23.5,22.6,90.8,20.3,0.000,0.000,0.00,0.000,0.0,0.0,0.0,0,0,0.6,2.5,0.4,268,62,0.0,0.0,0.0,0,0,0,28.98,,0,0,0,38.6,42.1,43.7,0.37,0.34,0.52
BERK,2015-11-29 22:25:00 EST,42.32030,-76.20319,1291,21.2,23.4,21.2,89.8,18.7,0.000,0.000,0.00,0.000,0.3,1.0,0.3,64,48,1.0,1.6,0.3,256,29,0.3,1.0,0.3,64,48,0,28.98,,0,0,0,38.6,42.1,43.7,0.37,0.34,0.52
BERK,2015-11-29 22:30:00 EST,42.32030,-76.20319,1291,21.2,23.5,21.2,91.7,19.2,0.000,0.000,0.00,0.000,1.1,2.5,0.8,292,17,1.6,2.5,0.4,279,25,1.1,2.5,0.8,292,17,0,28.98,,0,0,0,38.6,42.1,43.7,0.37,0.34,0.52
BERK,2015-11-29 22:35:00 EST,42.32030,-76.20319,1291,21.2,23.2,21.2,91.7,19.1,0.000,0.000,0.00,0.000,1.6,2.4,0.3,307,6,1.7,2.5,0.3,305,5,1.6,2.4,0.3,307,6,0,28.98,,0,0,0,38.6,42.1,43.7,0.37,0.34,0.52
BERK,2015-11-29 22:40:00 EST,42.32030,-76.20319,1291,21.3,23.2,21.3,92.1,19.4,0.000,0.000,0.00,0.000,2.3,3.3,0.5,314,0,2.3,3.6,0.5,311,3,2.3,3.3,0.5,314,0,0,28.98,,0,0,0,38.5,42.1,43.7,0.37,0.34,0.52
BERK,2015-11-29 22:45:00 EST,42.32030,-76.20319,1291,21.0,22.7,21.0,90.9,18.7,0.000,0.000,0.00,0.000,2.6,3.3,0.4,326,10,2.8,3.4,0.2,330,13,2.6,3.3,0.4,326,10,0,28.98,,0,0,0,38.5,42.1,43.7,0.37,0.34,0.52
BERK,2015-11-29 22:50:00 EST,42.32030,-76.20319,1291,21.4,23.5,21.4,91.9,19.5,0.000,0.000,0.00,0.000,1.4,2.2,0.4,346,0,2.0,3.1,0.5,355,7,1.4,2.2,0.4,346,0,0,28.98,,0,0,0,38.5,42.1,43.7,0.37,0.34,0.52
BERK,2015-11-29 22:55:00 EST,42.32030,-76.20319,1291,21.8,23.7,21.8,90.6,19.5,0.000,0.000,0.00,0.000,1.1,1.6,0.2,339,8,1.5,2.0,0.2,337,14,1.1,1.6,0.2,339,8,0,28.99,,0,0,0,38.5,42.1,43.7,0.37,0.34,0.52
BERK,2015-11-29 23:00:00 EST,42.32030,-76.20319,1291,21.7,23.4,21.7,90.4,19.3,0.000,0.000,0.00,0.000,0.4,1.2,0.4,332,1,1.0,1.8,0.4,353,24,0.4,1.2,0.4,332,1,0,28.99,,0,0,0,38.5,42.1,43.7,0.37,0.34,0.52
BERK,2015-11-29 23:05:00 EST,42.32030,-76.20319,1291,21.6,23.6,21.6,90.7,19.3,0.000,0.000,0.00,0.000,0.1,0.5,0.2,333,0,0.7,1.1,0.2,344,35,0.1,0.5,0.2,333,0,0,28.99,,0,0,0,38.5,42.1,43.7,0.37,0.34,0.52
BERK,2015-11-29 23:10:00 EST,42.32030,-76.20319,1291,22.1,24.1,22.1,90.2,19.7,0.000,0.000,0.00,0.000,1.3,2.0,0.5,320,7,1.5,2.0,0.3,322,16,1.3,2.0,0.5,320,7,0,28.99,,0,0,0,38.4,42.1,43.7,0.37,0.34,0.52
BERK,2015-11-29 23:15:00 EST,42.32030,-76.20319,1291,22.4,24.0,22.4,89.2,19.7,0.000,0.000,0.00,0.000,2.1,3.1,0.4,310,5,2.1,3.1,0.5,309,4,2.1,3.1,0.4,310,5,0,28.99,,0,0,0,38.4,42.1,43.7,0.37,0.34,0.52
BERK,2015-11-29 23:20:00 EST,42.32030,-76.20319,1291,22.0,23.4,22.0,89.8,19.5,0.000,0.000,0.00,0.000,1.4,2.0,0.5,305,0,1.6,2.2,0.3,323,13,1.4,2.0,0.5,305,0,0,28.99,,0,0,0,38.3,42.0,43.7,0.37,0.34,0.52
BERK,2015-11-29 23:25:00 EST,42.32030,-76.20319,1291,22.9,24.5,22.9,90.1,20.5,0.000,0.000,0.00,0.000,0.5,1.1,0.3,305,0,1.3,2.2,0.3,337,8,0.5,1.1,0.3,305,0,0,28.99,,0,0,0,38.3,42.0,43.7,0.37,0.34,0.52
BERK,2015-11-29 23:30:00 EST,42.32030,-76.20319,1291,23.1,25.1,23.1,87.9,20.1,0.000,0.000,0.00,0.000,0.6,0.9,0.2,305,0,1.1,1.8,0.3,334,9,0.6,0.9,0.2,305,0,0,28.98,,0,0,0,38.3,42.0,43.6,0.37,0.34,0.52
BERK,2015-11-29 23:35:00 EST,42.32030,-76.20319,1291,23.8,25.1,23.8,88.2,20.8,0.000,0.000,0.00,0.000,1.4,2.0,0.3,300,8,1.7,2.5,0.3,296,8,1.4,2.0,0.3,300,8,0,28.99,,0,0,0,38.3,42.0,43.7,0.37,0.34,0.52
BERK,2015-11-29 23:40:00 EST,42.32030,-76.20319,1291,23.7,25.2,23.7,88.7,20.8,0.000,0.000,0.00,0.000,1.4,1.8,0.2,302,11,1.6,2.2,0.4,302,13,1.4,1.8,0.2,302,11,0,28.99,,0,0,0,38.3,42.0,43.7,0.37,0.34,0.52
BERK,2015-11-29 23:45:00 EST,42.32030,-76.20319,1291,23.3,25.6,23.3,89.2,20.6,0.000,0.000,0.00,0.000,1.0,1.5,0.3,308,22,1.4,1.8,0.2,296,18,1.0,1.5,0.3,308,22,0,28.99,,0,0,0,38.3,42.0,43.6,0.37,0.34,0.52
BERK,2015-11-29 23:50:00 EST,42.32030,-76.20319,1291,23.2,25.4,23.2,90.9,21.0,0.000,0.000,0.00,0.000,1.9,2.7,0.6,318,17,2.0,3.1,0.5,318,15,1.9,2.7,0.6,318,17,0,28.99,,0,0,0,38.3,41.9,43.6,0.37,0.34,0.52
BERK,2015-11-29 23:55:00 EST,42.32030,-76.20319,1291,23.8,25.4,23.8,90.2,21.3,0.000,0.000,0.00,0.000,2.0,3.1,0.6,335,7,2.3,3.8,0.7,332,10,2.0,3.1,0.6,335,7,0,28.99,,0,0,0,38.3,41.9,43.6,0.37,0.34,0.52
COLD,2015-11-29 00:00:00 EST,43.26127,-74.97878,1422,25.5,25.2,20.6,89.4,22.8,0.000,0.048,0.00,0.000,4.0,5.8,0.8,347,15,4.7,6.9,0.9,353,9,4.0,5.8,0.8,347,15,0,28.72,,0,0,0,38.2,41.5,42.8,0.20,0.15,0.14
COLD,2015-11-29 00:05:00 EST,43.26127,-74.97878,1422,25.4,25.1,21.1,89.2,22.6,0.000,0.000,0.00,0.000,3.5,5.5,0.7,346,12,4.1,6.0,0.7,353,12,3.5,5.5,0.7,346,12,0,28.71,,0,0,0,38.2,41.6,42.8,0.20,0.15,0.14
COLD,2015-11-29 00:10:00 EST,43.26127,-74.97878,1422,25.4,25.1,21.3,89.0,22.6,0.000,0.000,0.00,0.000,3.4,5.0,0.7,348,23,4.0,6.3,0.9,356,18,3.4,5.0,0.7,348,23,0,28.71,,0,0,0,38.1,41.5,42.8,0.20,0.15,0.14
COLD,2015-11-29 00:15:00 EST,43.26127,-74.97878,1422,25.4,25.2,20.0,88.7,22.6,0.000,0.000,0.00,0.000,4.4,6.4,0.8,349,16,5.0,7.6,1.0,355,15,4.4,6.4,0.8,349,16,0,28.72,,0,0,0,38.1,41.5,42.8,0.20,0.15,0.14
COLD,2015-11-29 00:20:00 EST,43.26127,-74.97878,1422,25.3,25.1,20.7,89.3,22.6,0.000,0.000,0.00,0.000,3.8,5.1,0.6,358,8,4.5,6.3,0.7,3,7,3.8,5.1,0.6,358,8,0,28.72,,0,0,0,38.1,41.5,42.7,0.20,0.15,0.14
COLD,2015-11-29 00:25:00 EST,43.26127,-74.97878,1422,25.4,25.2,21.6,89.5,22.7,0.000,0.000,0.00,0.000,3.1,4.6,0.6,345,11,3.8,5.8,0.6,352,11,3.1,4.6,0.6,345,11,0,28.72,,0,0,0,38.1,41.5,42.8,0.20,0.15,0.14
COLD,2015-11-29 00:30:00 EST,43.26127,-74.97878,1422,25.4,25.1,20.6,88.6,22.5,0.000,0.000,0.00,0.000,3.8,5.5,0.7,339,11,4.3,6.5,1.0,345,10,3.8,5.5,0.7,339,11,0,28.72,,0,0,0,38.1,41.5,42.8,0.20,0.15,0.14
COLD,2015-11-29 00:35:00 EST,43.26127,-74.97878,1422,25.3,25.1,21.4,88.4,22.4,0.000,0.000,0.00,0.000,3.2,4.3,0.6,316,10,3.2,4.5,0.6,321,11,3.2,4.3,0.6,316,10,0,28.71,,0,0,0,38.1,41.5,42.8,0.20,0.15,0.14
COLD,2015-11-29 00:40:00 EST,43.26127,-74.97878,1422,25.3,25.1,20.4,87.8,22.2,0.000,0.000,0.00,0.000,3.9,6.4,1.0,320,9,4.0,6.3,1.0,325,10,3.9,6.4,1.0,320,9,0,28.71,,0,0,0,38.0,41.5,42.8,0.20,0.15,0.14
COLD,2015-11-29 00:45:00 EST,43.26127,-74.97878,1422,25.3,25.1,19.6,87.5,22.1,0.000,0.000,0.00,0.000,4.6,6.6,1.1,338,11,5.2,7.6,1.2,343,11,4.6,6.6,1.1,338,11,0,28.71,,0,0,0,38.0,41.5,42.8,0.20,0.15,0.14
COLD,2015-11-29 00:50:00 EST,43.26127,-74.97878,1422,25.2,25.0,19.4,88.1,22.2,0.000,0.000,0.00,0.000,4.7,6.2,0.8,341,8,5.4,7.4,0.9,347,7,4.7,6.2,0.8,341,8,0,28.71,,0,0,0,38.0,41.5,42.7,0.20,0.15,0.14
COLD,2015-11-29 00:55:00 EST,43.26127,-74.97878,1422,25.2,24.9,19.2,88.4,22.2,0.000,0.000,0.00,0.000,4.9,6.8,0.8,338,13,5.5,7.4,0.9,344,9,4.9,6.8,0.8,338,13,0,28.72,,0,0,0,38.0,41.5,42.8,0.20,0.15,0.14
COLD,2015-11-29 01:00:00 EST,43.26127,-74.97878,1422,25.1,24.9,19.9,88.4,22.2,0.000,0.000,0.00,0.000,4.2,6.1,0.7,335,9,4.6,6.3,0.8,341,10,4.2,6.1,0.7,335,9,0,28.72,,0,0,0,37.9,41.4,42.8,0.20,0.15,0.14
COLD,2015-11-29 01:05:00 EST,43.26127,-74.97878,1422,25.2,24.9,20.3,89.1,22.4,0.000,0.000,0.00,0.000,4.0,6.4,1.2,347,9,4.6,8.1,1.4,352,8,4.0,6.4,1.2,347,9,0,28.72,,0,0,0,37.9,41.4,42.7,0.20,0.15,0.14
COLD,2015-11-29 01:10:00 EST,43.26127,-74.97878,1422,25.1,24.9,20.8,89.0,22.3,0.000,0.000,0.00,0.000,3.5,5.6,0.9,344,15,4.1,6.5,1.1,350,10,3.5,5.6,0.9,344,15,0,28.72,,0,0,0,37.9,41.4,42.8,0.20,0.15,0.14
COLD,2015-11-29 01:15:00 EST,43.26127,-74.97878,1422,25.1,24.9,19.0,88.8,22.3,0.000,0.000,0.00,0.000,5.0,7.2,1.7,342,10,5.8,8.7,1.9,347,9,5.0,7.2,1.7,342,10,0,28.71,,0,0,0,37.9,41.4,42.7,0.20,0.15,0.14
COLD,2015-11-29 01:20:00 EST,43.26127,-74.97878,1422,25.1,24.8,19.1,88.8,22.3,0.000,0.000,0.00,0.000,4.9,6.9,1.1,333,12,5.4,7.6,1.2,337,12,4.9,6.9,1.1,333,12,0,28.71,,0,0,0,37.9,41.4,42.8,0.20,0.15,0.14
COLD,2015-11-29 01:25:00 EST,43.26127,-74.97878,1422,24.9,24.6,17.2,87.2,21.6,0.000,0.000,0.00,0.000,6.6,8.5,1.2,314,14,6.7,8.9,1.3,316,14,6.6,8.5,1.2,314,14,0,28.72,,0,0,0,37.9,41.4,42.7,0.20,0.15,0.14
COLD,2015-11-29 01:30:00 EST,43.26127,-74.97878,1422,24.8,24.6,17.0,86.6,21.4,0.000,0.000,0.00,0.000,6.8,8.8,0.9,306,15,6.9,9.2,1.0,308,15,6.8,8.8,0.9,306,15,0,28.72,,0,0,0,37.9,41.4,42.7,0.20,0.15,0.14
COLD,2015-11-29 01:35:00 EST,43.26127,-74.97878,1422,24.8,24.6,17.6,87.2,21.6,0.000,0.000,0.00,0.000,6.1,9.6,1.5,318,16,6.4,9.6,1.5,322,17,6.1,9.6,1.5,318,16,0,28.72,,0,0,0,37.8,41.4,42.7,0.20,0.15,0.14
COLD,2015-11-29 01:40:00 EST,43.26127,-74.97878,1422,24.7,24.5,18.4,86.8,21.4,0.000,0.000,0.00,0.000,5.1,7.6,1.6,310,15,5.2,8.5,1.5,313,15,5.1,7.6,1.6,310,15,0,28.72,,0,0,0,37.8,41.4,42.7,0.20,0.15,0.14
COLD,2015-11-29 01:45:00 EST,43.26127,-74.97878,1422,24.6,24.4,17.8,86.8,21.3,0.000,0.000,0.00,0.000,5.7,7.7,1.2,328,15,6.0,9.4,1.5,334,15,5.7,7.7,1.2,328,15,0,28.71,,0,0,0,37.8,41.4,42.7,0.20,0.15,0.14
COLD,2015-11-29 01:50:00 EST,43.26127,-74.97878,1422,24.7,24.4,18.7,87.8,21.6,0.000,0.000,0.00,0.000,4.8,6.8,1.0,351,14,5.6,8.3,1.1,355,13,4.8,6.8,1.0,351,14,0,28.71,,0,0,0,37.8,41.4,42.7,0.20,0.15,0.14
COLD,2015-11-29 01:55:00 EST,43.26127,-74.97878,1422,24.5,24.3,18.1,87.8,21.4,0.000,0.000,0.00,0.000,5.2,7.7,0.9,344,9,6.0,9.4,1.0,349,8,5.2,7.7,0.9,344,9,0,28.71,,0,0,0,37.8,41.4,42.7,0.20,0.15,0.14
COLD,2015-11-29 02:00:00 EST,43.26127,-74.97878,1422,24.6,24.3,17.5,88.4,21.7,0.000,0.000,0.00,0.000,5.9,8.1,0.9,334,15,6.5,9.4,1.3,339,16,5.9,8.1,0.9,334,15,0,28.71,,0,0,0,37.7,41.3,42.7,0.20,0.15,0.14
COLD,2015-11-29 02:05:00 EST,43.26127,-74.97878,1422,24.4,24.1,17.8,88.0,21.4,0.000,0.000,0.00,0.000,5.4,8.5,1.0,337,9,5.9,10.1,1.2,342,8,5.4,8.5,1.0,337,9,0,28.72,,0,0,0,37.7,41.4,42.7,0.20,0.15,0.14
COLD,2015-11-29 02:10:00 EST,43.26127,-74.97878,1422,24.3,24.0,17.4,88.2,21.4,0.000,0.000,0.00,0.000,5.6,8.1,1.3,337,8,6.2,9.2,1.3,343,9,5.6,8.1,1.3,337,8,0,28.72,,0,0,0,37.7,41.3,42.7,0.20,0.15,0.14
COLD,2015-11-29 02:15:00 EST,43.26127,-74.97878,1422,24.2,23.9,16.8,87.9,21.2,0.000,0.000,0.00,0.000,6.2,8.9,1.1,343,13,7.0,11.2,1.3,348,12,6.2,8.9,1.1,343,13,0,28.72,,0,0,0,37.7,41.3,42.7,0.20,0.15,0.14
COLD,2015-11-29 02:20:00 EST,43.26127,-74.97878,1422,24.1,23.8,15.7,87.9,21.0,0.000,0.000,0.00,0.000,7.3,11.5,1.4,339,11,8.0,13.9,1.7,344,11,7.3,11.5,1.4,339,11,0,28.72,,0,0,0,37.6,41.3,42.7,0.20,0.15,0.14
COLD,2015-11-29 02:25:00 EST,43.26127,-74.97878,1422,24.0,23.7,18.0,87.8,20.9,0.000,0.000,0.00,0.000,4.7,7.4,1.2,341,17,5.3,8.7,1.6,347,10,4.7,7.4,1.2,341,17,0,28.72,,0,0,0,37.6,41.3,42.7,0.20,0.15,0.14
COLD,2015-11-29 02:30:00 EST,43.26127,-74.97878,1422,23.9,23.6,16.2,88.0,20.9,0.000,0.000,0.00,0.000,6.5,10.0,1.7,342,15,7.2,11.9,2.0,346,14,6.5,10.0,1.7,342,15,0,28.72,,0,0,0,37.6,41.2,42.6,0.20,0.15,0.14
COLD,2015-11-29 02:35:00 EST,43.26127,-74.97878,1422,23.7,23.4,15.8,87.1,20.4,0.000,0.000,0.00,0.000,6.6,9.4,1.0,334,14,7.2,11.4,1.2,340,14,6.6,9.4,1.0,334,14,0,28.72,,0,0,0,37.6,41.3,42.7,0.20,0.15,0.14
COLD,2015-11-29 02:40:00 EST,43.26127,-74.97878,1422,23.6,23.3,15.5,86.7,20.2,0.000,0.000,0.00,0.000,6.8,11.3,1.8,314,7,6.8,11.9,1.8,317,6,6.8,11.3,1.8,314,7,0,28.72,,0,0,0,37.6,41.2,42.7,0.20,0.15,0.14
COLD,2015-11-29 02:45:00 EST,43.26127,-74.97878,1422,23.7,23.4,15.5,87.5,20.5,0.000,0.000,0.00,0.000,7.0,9.9,1.3,298,13,7.2,10.5,1.4,299,14,7.0,9.9,1.3,298,13,0,28.72,,0,0,0,37.6,41.2,42.7,0.20,0.15,0.14
COLD,2015-11-29 02:50:00 EST,43.26127,-74.97878,1422,23.7,23.4,16.4,86.8,20.4,0.000,0.000,0.00,0.000,6.0,10.1,1.6,316,13,6.1,10.7,1.8,320,13,6.0,10.1,1.6,316,13,0,28.72,,0,0,0,37.6,41.2,42.7,0.20,0.15,0.14
COLD,2015-11-29 02:55:00 EST,43.26127,-74.97878,1422,23.8,23.5,16.6,87.3,20.6,0.000,0.000,0.00,0.000,5.8,8.9,1.9,301,9,5.9,9.8,1.9,303,12,5.8,8.9,1.9,301,9,0,28.72,,0,0,0,37.5,41.2,42.7,0.20,0.15,0.14
COLD,2015-11-29 03:00:00 EST,43.26127,-74.97878,1422,23.9,23.5,17.6,87.3,20.6,0.000,0.000,0.00,0.000,4.9,7.2,0.9,310,11,4.9,7.6,0.9,313,12,4.9,7.2,0.9,310,11,0,28.72,,0,0,0,37.5,41.2,42.7,0.20,0.15,0.14
COLD,2015-11-29 03:05:00 EST,43.26127,-74.97878,1422,23.9,23.6,18.2,87.4,20.7,0.000,0.000,0.00,0.000,4.4,6.0,0.7,304,12,4.4,6.7,0.8,306,12,4.4,6.0,0.7,304,12,0,28.72,,0,0,0,37.5,41.2,42.7,0.20,0.15,0.14
COLD,2015-11-29 03:10:00 EST,43.26127,-74.97878,1422,23.9,23.6,17.4,87.7,20.8,0.000,0.000,0.00,0.000,5.1,9.6,1.8,329,11,5.5,10.3,1.7,334,12,5.1,9.6,1.8,329,11,0,28.71,,0,0,0,37.4,41.2,42.7,0.20,0.15,0.14
COLD,2015-11-29 03:15:00 EST,43.26127,-74.97878,1422,23.7,23.5,17.5,86.7,20.4,0.000,0.000,0.00,0.000,4.9,7.3,1.0,335,17,5.5,8.7,1.2,340,18,4.9,7.3,1.0,335,17,0,28.71,,0,0,0,37.4,41.2,42.6,0.20,0.15,0.14
COLD,2015-11-29 03:20:00 EST,43.26127,-74.97878,1422,23.7,23.4,15.6,87.2,20.5,0.000,0.000,0.00,0.000,6.8,10.4,1.7,314,12,7.0,11.0,1.5,318,13,6.8,10.4,1.7,314,12,0,28.71,,0,0,0,37.4,41.2,42.6,0.20,0.15,0.14
COLD,2015-11-29 03:25:00 EST,43.26127,-74.97878,1422,23.6,23.3,15.2,87.2,20.3,0.000,0.000,0.00,0.000,7.2,10.8,1.3,328,18,7.7,12.3,1.7,331,16,7.2,10.8,1.3,328,18,0,28.71,,0,0,0,37.4,41.2,42.7,0.20,0.15,0.14
COLD,2015-11-29 03:30:00 EST,43.26127,-74.97878,1422,23.4,23.2,15.3,86.3,19.9,0.000,0.000,0.00,0.000,6.8,10.2,1.4,337,12,7.5,11.2,1.5,343,12,6.8,10.2,1.4,337,12,0,28.71,,0,0,0,37.4,41.2,42.7,0.20,0.15,0.14
COLD,2015-11-29 03:35:00 EST,43.26127,-74.97878,1422,23.4,23.2,16.3,86.3,19.9,0.000,0.000,0.00,0.000,5.7,8.3,1.2,340,12,6.3,10.3,1.5,344,11,5.7,8.3,1.2,340,12,0,28.71,,0,0,0,37.4,41.1,42.7,0.20,0.15,0.14
COLD,2015-11-29 03:40:00 EST,43.26127,-74.97878,1422,23.3,23.2,18.0,87.3,20.1,0.000,0.000,0.00,0.000,4.1,7.1,0.9,331,12,4.4,7.8,1.2,335,13,4.1,7.1,0.9,331,12,0,28.71,,0,0,0,37.3,41.1,42.7,0.20,0.15,0.14
COLD,2015-11-29 03:45:00 EST,43.26127,-74.97878,1422,23.3,23.1,18.0,87.7,20.2,0.000,0.000,0.00,0.000,4.0,7.5,1.4,322,15,4.2,8.1,1.4,328,15,4.0,7.5,1.4,322,15,0,28.71,,0,0,0,37.3,41.1,42.7,0.20,0.15,0.14
COLD,2015-11-29 03:50:00 EST,43.26127,-74.97878,1422,23.3,23.1,16.6,87.4,20.1,0.000,0.000,0.00,0.000,5.2,7.2,1.1,315,12,5.5,7.6,1.1,320,13,5.2,7.2,1.1,315,12,0,28.71,,0,0,0,37.3,41.1,42.6,0.20,0.15,0.14
COLD,2015-11-29 03:55:00 EST,43.26127,-74.97878,1422,23.4,23.1,16.6,87.2,20.1,0.000,0.000,0.00,0.000,5.3,8.5,1.6,337,11,5.8,9.6,1.8,342,10,5.3,8.5,1.6,337,11,0,28.71,,0,0,0,37.3,41.0,42.6,0.20,0.15,0.14
COLD,2015-11-29 04:00:00 EST,43.26127,-74.97878,1422,23.4,23.1,17.8,87.5,20.2,0.000,0.000,0.00,0.000,4.3,6.1,1.0,346,17,4.9,6.9,1.0,351,15,4.3,6.1,1.0,346,17,0,28.71,,0,0,0,37.3,41.0,42.6,0.20,0.15,0.14
COLD,2015-11-29 04:05:00 EST,43.26127,-74.97878,1422,23.3,23.1,18.3,88.0,20.3,0.000,0.000,0.00,0.000,3.8,6.1,1.1,335,17,4.1,7.4,1.6,341,16,3.8,6.1,1.1,335,17,0,28.71,,0,0,0,37.3,41.0,42.6,0.20,0.15,0.14
COLD,2015-11-29 04:10:00 EST,43.26127,-74.97878,1422,23.4,23.2,23.4,88.1,20.4,0.000,0.000,0.00,0.000,2.4,3.7,0.5,324,15,2.4,3.8,0.6,332,17,2.4,3.7,0.5,324,15,0,28.71,,0,0,0,37.2,41.0,42.6,0.20,0.15,0.14
COLD,2015-11-29 04:15:00 EST,43.26127,-74.97878,1422,23.4,23.1,23.4,88.4,20.5,0.000,0.000,0.00,0.000,2.8,3.7,0.5,334,11,3.1,4.5,0.7,343,13,2.8,3.7,0.5,334,11,0,28.70,,0,0,0,37.2,41.0,42.6,0.20,0.15,0.14
COLD,2015-11-29 04:20:00 EST,43.26127,-74.97878,1422,23.4,23.1,19.3,88.3,20.5,0.000,0.000,0.00,0.000,3.2,4.9,0.8,336,11,3.5,5.6,0.9,343,12,3.2,4.9,0.8,336,11,0,28.71,,0,0,0,37.2,41.0,42.6,0.20,0.15,0.14
COLD,2015-11-29 04:25:00 EST,43.26127,-74.97878,1422,23.5,23.2,23.5,88.9,20.7,0.000,0.000,0.00,0.000,2.9,4.0,0.6,326,8,2.9,4.5,0.5,332,10,2.9,4.0,0.6,326,8,0,28.71,,0,0,0,37.2,41.0,42.6,0.20,0.15,0.14
COLD,2015-11-29 04:30:00 EST,43.26127,-74.97878,1422,23.6,23.3,17.5,89.0,20.8,0.000,0.000,0.00,0.000,4.7,7.0,1.0,328,10,5.0,7.4,1.1,332,11,4.7,7.0,1.0,328,10,0,28.70,,0,0,0,37.2,41.0,42.6,0.20,0.15,0.14
COLD,2015-11-29 04:35:00 EST,43.26127,-74.97878,1422,23.4,23.1,15.1,87.6,20.2,0.000,0.000,0.00,0.000,7.0,9.9,1.8,316,9,7.1,10.3,1.7,318,9,7.0,9.9,1.8,316,9,0,28.70,,0,0,0,37.2,41.0,42.6,0.20,0.15,0.14
COLD,2015-11-29 04:40:00 EST,43.26127,-74.97878,1422,23.2,22.9,16.8,87.9,20.1,0.000,0.000,0.00,0.000,4.9,7.4,1.0,329,15,5.3,7.2,1.1,333,15,4.9,7.4,1.0,329,15,0,28.71,,0,0,0,37.2,41.0,42.6,0.20,0.15,0.14
COLD,2015-11-29 04:45:00 EST,43.26127,-74.97878,1422,23.0,22.8,14.9,87.5,19.9,0.000,0.000,0.00,0.000,6.7,9.5,1.1,336,14,7.4,11.0,1.5,340,13,6.7,9.5,1.1,336,14,0,28.71,,0,0,0,37.2,41.0,42.6,0.20,0.15,0.14
COLD,2015-11-29 04:50:00 EST,43.26127,-74.97878,1422,22.8,22.6,13.6,87.3,19.6,0.000,0.000,0.00,0.000,8.1,11.2,1.4,328,12,8.5,12.8,1.6,331,13,8.1,11.2,1.4,328,12,0,28.71,,0,0,0,37.2,41.0,42.6,0.20,0.15,0.14
COLD,2015-11-29 04:55:00 EST,43.26127,-74.97878,1422,22.8,22.6,15.6,88.0,19.8,0.000,0.000,0.00,0.000,5.7,9.1,1.3,327,11,6.0,9.4,1.4,330,13,5.7,9.1,1.3,327,11,0,28.71,,0,0,0,37.2,41.0,42.6,0.20,0.15,0.14
COLD,2015-11-29 05:00:00 EST,43.26127,-74.97878,1422,22.6,22.4,15.3,87.9,19.5,0.000,0.000,0.00,0.000,5.7,8.9,1.4,339,12,6.3,10.5,1.5,343,13,5.7,8.9,1.4,339,12,0,28.71,,0,0,0,37.2,41.0,42.6,0.20,0.15,0.14
COLD,2015-11-29 05:05:00 EST,43.26127,-74.97878,1422,22.4,22.2,16.4,88.2,19.5,0.000,0.000,0.00,0.000,4.5,8.5,1.6,324,14,5.0,9.2,1.5,327,14,4.5,8.5,1.6,324,14,0,28.72,,0,0,0,37.2,41.0,42.6,0.20,0.15,0.14
COLD,2015-11-29 05:10:00 EST,43.26127,-74.97878,1422,22.5,22.3,16.7,88.6,19.6,0.000,0.000,0.00,0.000,4.3,6.2,1.1,324,13,4.6,6.5,1.2,327,14,4.3,6.2,1.1,324,13,0,28.72,,0,0,0,37.2,41.0,42.6,0.20,0.15,0.14
COLD,2015-11-29 05:15:00 EST,43.26127,-74.97878,1422,22.5,22.3,14.6,88.5,19.6,0.000,0.000,0.00,0.000,6.4,10.2,1.8,306,16,6.6,11.0,1.8,309,18,6.4,10.2,1.8,306,16,0,28.72,,0,0,0,37.1,41.0,42.6,0.20,0.15,0.14
COLD,2015-11-29 05:20:00 EST,43.26127,-74.97878,1422,22.4,22.2,14.8,87.8,19.4,0.000,0.000,0.00,0.000,6.1,7.6,0.8,304,10,6.0,7.8,0.9,306,11,6.1,7.6,0.8,304,10,0,28.72,,0,0,0,37.1,40.9,42.6,0.20,0.15,0.14
COLD,2015-11-29 05:25:00 EST,43.26127,-74.97878,1422,22.4,22.1,15.5,88.2,19.4,0.000,0.000,0.00,0.000,5.3,8.3,1.5,306,9,5.3,8.5,1.4,309,10,5.3,8.3,1.5,306,9,0,28.72,,0,0,0,37.1,40.9,42.6,0.20,0.15,0.14
COLD,2015-11-29 05:30:00 EST,43.26127,-74.97878,1422,22.3,22.1,15.7,88.1,19.4,0.000,0.000,0.00,0.000,5.1,8.5,1.2,292,11,5.3,9.2,1.3,293,12,5.1,8.5,1.2,292,11,0,28.72,,0,0,0,37.0,40.9,42.6,0.20,0.15,0.14
COLD,2015-11-29 05:35:00 EST,43.26127,-74.97878,1422,22.3,22.0,15.1,88.2,19.3,0.000,0.000,0.00,0.000,5.5,7.9,0.9,294,12,5.7,7.8,0.9,296,12,5.5,7.9,0.9,294,12,0,28.72,,0,0,0,37.0,40.9,42.6,0.20,0.15,0.14
COLD,2015-11-29 05:40:00 EST,43.26127,-74.97878,1422,22.2,22.0,14.2,88.0,19.2,0.000,0.000,0.00,0.000,6.5,9.4,1.1,299,13,6.6,9.2,1.2,300,13,6.5,9.4,1.1,299,13,0,28.72,,0,0,0,37.0,40.8,42.6,0.20,0.15,0.14
COLD,2015-11-29 05:45:00 EST,43.26127,-74.97878,1422,22.2,21.9,13.8,88.0,19.2,0.000,0.000,0.00,0.000,6.8,9.4,1.0,307,10,6.9,9.6,1.1,310,10,6.8,9.4,1.0,307,10,0,28.72,,0,0,0,37.0,40.8,42.6,0.20,0.15,0.14
COLD,2015-11-29 05:50:00 EST,43.26127,-74.97878,1422,22.2,21.9,14.8,87.7,19.1,0.000,0.000,0.00,0.000,5.7,7.6,1.0,331,15,6.4,9.6,1.2,335,14,5.7,7.6,1.0,331,15,0,28.72,,0,0,0,37.0,40.8,42.6,0.20,0.15,0.14
COLD,2015-11-29 05:55:00 EST,43.26127,-74.97878,1422,22.2,22.0,16.0,88.6,19.4,0.000,0.000,0.00,0.000,4.7,6.9,0.9,316,12,4.8,6.7,1.0,319,12,4.7,6.9,0.9,316,12,0,28.72,,0,0,0,37.0,40.8,42.6,0.20,0.15,0.14
COLD,2015-11-29 06:00:00 EST,43.26127,-74.97878,1422,22.2,21.9,14.8,88.5,19.3,0.000,0.000,0.00,0.000,5.7,8.7,1.8,296,14,5.8,9.2,2.0,296,15,5.7,8.7,1.8,296,14,0,28.72,,0,0,0,37.0,40.8,42.6,0.20,0.15,0.14
COLD,2015-11-29 06:05:00 EST,43.26127,-74.97878,1422,22.1,21.8,14.9,88.4,19.2,0.000,0.000,0.00,0.000,5.4,7.9,1.2,318,14,5.7,8.5,1.3,321,16,5.4,7.9,1.2,318,14,0,28.72,,0,0,0,36.9,40.8,42.6,0.20,0.15,0.14
COLD,2015-11-29 06:10:00 EST,43.26127,-74.97878,1422,22.0,21.7,16.1,88.4,19.1,0.000,0.000,0.00,0.000,4.4,7.2,0.8,332,12,4.8,6.5,0.9,337,12,4.4,7.2,0.8,332,12,0,28.72,,0,0,0,36.9,40.8,42.6,0.20,0.15,0.14
COLD,2015-11-29 06:15:00 EST,43.26127,-74.97878,1422,22.0,21.7,16.2,88.7,19.1,0.000,0.000,0.00,0.000,4.2,6.4,1.1,319,12,4.4,7.2,1.2,324,12,4.2,6.4,1.1,319,12,0,28.72,,0,0,0,36.9,40.8,42.6,0.20,0.15,0.14
COLD,2015-11-29 06:20:00 EST,43.26127,-74.97878,1422,22.0,21.7,15.6,88.9,19.2,0.000,0.000,0.00,0.000,4.7,7.7,0.9,309,9,4.6,8.3,0.9,314,10,4.7,7.7,0.9,309,9,0,28.72,,0,0,0,36.9,40.8,42.6,0.20,0.15,0.14
COLD,2015-11-29 06:25:00 EST,43.26127,-74.97878,1422,22.1,21.8,17.6,89.8,19.6,0.000,0.000,0.00,0.000,3.4,5.3,0.9,324,18,3.6,5.8,1.0,330,19,3.4,5.3,0.9,324,18,0,28.72,,0,0,0,36.8,40.8,42.6,0.20,0.15,0.14
COLD,2015-11-29 06:30:00 EST,43.26127,-74.97878,1422,22.1,21.9,16.1,89.3,19.5,0.000,0.000,0.00,0.000,4.5,6.6,1.0,322,10,4.7,7.6,1.1,328,11,4.5,6.6,1.0,322,10,0,28.72,,0,0,0,36.8,40.7,42.5,0.20,0.15,0.14
COLD,2015-11-29 06:35:00 EST,43.26127,-74.97878,1422,22.3,22.0,16.4,89.1,19.6,0.000,0.000,0.00,0.000,4.3,5.8,0.8,335,16,4.8,6.9,1.0,341,16,4.3,5.8,0.8,335,16,0,28.73,,0,0,0,36.8,40.7,42.6,0.20,0.15,0.14
COLD,2015-11-29 06:40:00 EST,43.26127,-74.97878,1422,22.4,22.1,17.0,89.6,19.8,0.000,0.000,0.00,0.000,3.9,6.4,1.2,324,14,4.2,6.3,1.1,330,16,3.9,6.4,1.2,324,14,0,28.73,,0,0,0,36.8,40.7,42.6,0.20,0.15,0.14
COLD,2015-11-29 06:45:00 EST,43.26127,-74.97878,1422,22.4,22.1,15.9,89.4,19.8,0.000,0.000,0.00,0.000,4.9,7.7,0.8,325,13,5.2,8.3,0.8,329,13,4.9,7.7,0.8,325,13,0,28.73,,0,0,0,36.7,40.7,42.6,0.20,0.15,0.14
COLD,2015-11-29 06:50:00 EST,43.26127,-74.97878,1422,22.5,22.2,16.0,89.3,19.8,0.000,0.000,0.00,0.000,4.9,6.6,0.9,320,13,5.2,7.2,0.9,324,14,4.9,6.6,0.9,320,13,0,28.73,,0,0,0,36.7,40.7,42.5,0.20,0.15,0.14
COLD,2015-11-29 06:55:00 EST,43.26127,-74.97878,1422,22.5,22.2,17.1,89.6,19.9,0.000,0.000,0.00,0.000,4.1,5.8,0.9,319,10,4.2,6.5,1.0,323,10,4.1,5.8,0.9,319,10,0,28.73,,0,0,0,36.7,40.6,42.5,0.20,0.15,0.14
COLD,2015-11-29 07:00:00 EST,43.26127,-74.97878,1422,22.6,22.3,16.3,89.4,20.0,0.000,0.000,0.00,0.000,4.8,6.3,0.8,334,12,5.3,6.9,0.8,338,14,4.8,6.3,0.8,334,12,0,28.73,,0,0,0,36.7,40.7,42.5,0.20,0.15,0.14
COLD,2015-11-29 07:05:00 EST,43.26127,-74.97878,1422,22.6,22.3,17.3,88.7,19.8,0.000,0.000,0.00,0.000,3.9,5.1,0.5,334,14,4.3,6.0,0.7,341,15,3.9,5.1,0.5,334,14,1,28.74,,0,0,0,36.7,40.7,42.5,0.20,0.15,0.14
COLD,2015-11-29 07:10:00 EST,43.26127,-74.97878,1422,22.7,22.3,17.3,89.3,20.0,0.000,0.000,0.00,0.000,4.0,6.4,0.9,331,16,4.5,6.9,1.1,336,16,4.0,6.4,0.9,331,16,1,28.74,,0,0,0,36.7,40.7,42.5,0.20,0.15,0.14
COLD,2015-11-29 07:15:00 EST,43.26127,-74.97878,1422,22.7,22.4,15.6,88.9,19.9,0.000,0.000,0.00,0.000,5.5,8.1,1.4,308,11,5.4,8.9,1.6,311,12,5.5,8.1,1.4,308,11,3,28.74,,0,0,0,36.7,40.6,42.5,0.20,0.15,0.14
COLD,2015-11-29 07:20:00 EST,43.26127,-74.97878,1422,22.7,22.4,13.5,87.4,19.5,0.000,0.000,0.00,0.000,8.0,11.3,1.4,304,13,8.1,12.3,1.4,307,14,8.0,11.3,1.4,304,13,5,28.74,,0,0,0,36.6,40.6,42.5,0.20,0.15,0.14
COLD,2015-11-29 07:25:00 EST,43.26127,-74.97878,1422,23.0,22.6,14.3,87.9,19.9,0.000,0.000,0.00,0.000,7.4,11.0,1.7,295,11,7.7,11.6,1.8,296,11,7.4,11.0,1.7,295,11,7,28.74,,0,0,0,36.6,40.6,42.5,0.20,0.15,0.14
COLD,2015-11-29 07:30:00 EST,43.26127,-74.97878,1422,23.0,22.6,13.0,87.0,19.7,0.000,0.000,0.00,0.000,9.2,12.3,1.2,312,13,9.3,12.1,1.2,314,14,9.2,12.3,1.2,312,13,8,28.74,,0,0,0,36.6,40.6,42.5,0.20,0.15,0.14
COLD,2015-11-29 07:35:00 EST,43.26127,-74.97878,1422,23.0,22.7,13.8,87.0,19.7,0.000,0.000,0.00,0.000,8.1,11.5,1.5,319,9,8.3,11.2,1.4,322,8,8.1,11.5,1.5,319,9,10,28.74,,0,0,0,36.5,40.6,42.5,0.20,0.15,0.14
COLD,2015-11-29 07:40:00 EST,43.26127,-74.97878,1422,23.1,22.7,16.2,87.5,19.9,0.000,0.000,0.00,0.000,5.4,9.4,1.9,340,14,6.0,11.2,2.0,345,14,5.4,9.4,1.9,340,14,14,28.74,,0,0,0,36.5,40.6,42.5,0.20,0.15,0.14
COLD,2015-11-29 07:45:00 EST,43.26127,-74.97878,1422,23.2,22.8,16.0,88.4,20.3,0.000,0.000,0.00,0.000,5.7,8.0,1.0,355,13,6.6,9.2,1.1,358,12,5.7,8.0,1.0,355,13,16,28.74,,0,0,0,36.5,40.6,42.5,0.20,0.15,0.14
COLD,2015-11-29 07:50:00 EST,43.26127,-74.97878,1422,23.3,22.8,16.2,88.8,20.5,0.000,0.000,0.00,0.000,5.6,8.1,1.1,360,20,6.4,9.6,1.3,4,9,5.6,8.1,1.1,360,20,21,28.74,,0,0,0,36.5,40.6,42.5,0.20,0.15,0.14
COLD,2015-11-29 07:55:00 EST,43.26127,-74.97878,1422,23.2,22.8,16.0,88.1,20.2,0.000,0.000,0.00,0.000,5.7,8.0,0.9,9,10,6.6,9.2,1.1,12,8,5.7,8.0,0.9,9,10,27,28.74,,0,0,0,36.5,40.6,42.5,0.20,0.15,0.14
COLD,2015-11-29 08:00:00 EST,43.26127,-74.97878,1422,23.3,22.9,16.9,88.0,20.2,0.000,0.000,0.00,0.000,4.9,7.7,0.9,13,11,5.6,8.7,1.0,14,9,4.9,7.7,0.9,13,11,34,28.74,,0,0,0,36.5,40.5,42.5,0.20,0.15,0.14
COLD,2015-11-29 08:05:00 EST,43.26127,-74.97878,1422,23.4,22.9,16.1,88.3,20.5,0.000,0.000,0.00,0.000,5.9,7.7,0.9,16,10,6.6,9.2,1.1,17,9,5.9,7.7,0.9,16,10,39,28.75,,0,0,0,36.5,40.5,42.5,0.20,0.15,0.14
COLD,2015-11-29 08:10:00 EST,43.26127,-74.97878,1422,23.3,22.8,16.6,88.1,20.3,0.000,0.000,0.00,0.000,5.2,7.7,1.2,21,12,5.9,8.5,1.2,23,10,5.2,7.7,1.2,21,12,43,28.75,,0,0,0,36.4,40.5,42.4,0.20,0.15,0.14
COLD,2015-11-29 08:15:00 EST,43.26127,-74.97878,1422,23.2,22.7,16.5,87.9,20.1,0.000,0.000,0.00,0.000,5.2,6.7,0.8,12,10,5.9,7.8,0.9,12,7,5.2,6.7,0.8,12,10,47,28.75,,0,0,0,36.4,40.5,42.5,0.20,0.15,0.14
COLD,2015-11-29 08:20:00 EST,43.26127,-74.97878,1422,23.4,22.9,18.6,88.7,20.6,0.000,0.000,0.00,0.000,3.7,6.4,1.1,14,13,4.5,7.4,1.1,16,13,3.7,6.4,1.1,14,13,50,28.75,,0,0,0,36.4,40.5,42.5,0.20,0.15,0.14
COLD,2015-11-29 08:25:00 EST,43.26127,-74.97878,1422,23.4,22.8,18.7,88.0,20.3,0.000,0.000,0.00,0.000,3.6,6.2,1.0,28,15,4.2,7.6,1.0,32,16,3.6,6.2,1.0,28,15,65,28.75,,0,0,0,36.3,40.5,42.4,0.20,0.15,0.14
COLD,2015-11-29 08:30:00 EST,43.26127,-74.97878,1422,23.3,22.8,18.5,87.7,20.2,0.000,0.000,0.00,0.000,3.7,5.4,0.7,17,10,4.3,6.5,0.8,21,10,3.7,5.4,0.7,17,10,69,28.75,,0,0,0,36.3,40.5,42.5,0.20,0.15,0.14
COLD,2015-11-29 08:35:00 EST,43.26127,-74.97878,1422,23.5,23.0,23.5,87.8,20.4,0.000,0.000,0.00,0.000,2.9,4.4,0.8,28,11,3.4,4.9,0.9,31,12,2.9,4.4,0.8,28,11,78,28.75,,0,0,0,36.3,40.5,42.5,0.20,0.15,0.14
COLD,2015-11-29 08:40:00 EST,43.26127,-74.97878,1422,23.4,23.0,23.4,86.9,20.1,0.000,0.000,0.00,0.000,2.8,4.3,0.8,15,7,3.3,4.9,0.9,21,8,2.8,4.3,0.8,15,7,81,28.75,,0,0,0,36.3,40.5,42.5,0.20,0.15,0.14
COLD,2015-11-29 08:45:00 EST,43.26127,-74.97878,1422,23.6,23.3,23.6,87.0,20.3,0.000,0.000,0.00,0.000,2.3,3.1,0.5,10,18,2.7,4.0,0.6,17,19,2.3,3.1,0.5,10,18,82,28.75,,0,0,0,36.3,40.5,42.4,0.20,0.15,0.14
COLD,2015-11-29 08:50:00 EST,43.26127,-74.97878,1422,23.9,23.5,23.9,86.8,20.5,0.000,0.000,0.00,0.000,1.4,2.3,0.4,0,17,2.0,3.6,0.5,12,18,1.4,2.3,0.4,0,17,87,28.75,,0,0,0,36.3,40.5,42.4,0.20,0.15,0.14
COLD,2015-11-29 08:55:00 EST,43.26127,-74.97878,1422,24.0,23.6,24.0,86.2,20.5,0.000,0.000,0.00,0.000,1.7,4.5,1.1,350,26,2.3,4.9,1.0,2,28,1.7,4.5,1.1,350,26,100,28.74,,0,0,0,36.3,40.4,42.4,0.20,0.15,0.14
COLD,2015-11-29 09:00:00 EST,43.26127,-74.97878,1422,24.4,24.1,24.4,86.9,21.1,0.000,0.000,0.00,0.000,0.6,1.5,0.4,10,28,1.3,2.7,0.5,28,33,0.6,1.5,0.4,10,28,118,28.74,,0,0,0,36.3,40.4,42.4,0.20,0.15,0.14
COLD,2015-11-29 09:05:00 EST,43.26127,-74.97878,1422,24.9,24.5,24.9,86.2,21.3,0.000,0.000,0.00,0.000,1.1,4.2,1.1,324,26,1.7,4.3,1.0,333,47,1.1,4.2,1.1,324,26,126,28.74,,0,0,0,36.3,40.4,42.4,0.20,0.15,0.14
COLD,2015-11-29 09:10:00 EST,43.26127,-74.97878,1422,25.4,25.0,20.8,85.1,21.6,0.000,0.000,0.00,0.000,3.8,5.8,1.0,334,19,4.1,6.9,1.3,343,19,3.8,5.8,1.0,334,19,124,28.74,,0,0,0,36.3,40.4,42.4,0.20,0.15,0.14
COLD,2015-11-29 09:15:00 EST,43.26127,-74.97878,1422,25.8,25.2,20.4,84.6,21.8,0.000,0.000,0.00,0.000,4.4,6.1,0.8,354,10,5.1,6.9,0.9,360,9,4.4,6.1,0.8,354,10,119,28.74,,0,0,0,36.3,40.4,42.4,0.20,0.15,0.14
COLD,2015-11-29 09:20:00 EST,43.26127,-74.97878,1422,25.8,25.1,20.3,84.9,21.9,0.000,0.000,0.00,0.000,4.5,6.7,1.0,351,10,5.2,8.3,1.2,357,9,4.5,6.7,1.0,351,10,124,28.74,,0,0,0,36.2,40.4,42.4,0.20,0.15,0.14
COLD,2015-11-29 09:25:00 EST,43.26127,-74.97878,1422,25.9,25.3,19.4,84.9,22.0,0.000,0.000,0.00,0.000,5.5,8.5,1.1,355,13,6.3,9.4,1.1,359,11,5.5,8.5,1.1,355,13,125,28.74,,0,0,0,36.2,40.3,42.5,0.20,0.15,0.14
COLD,2015-11-29 09:30:00 EST,43.26127,-74.97878,1422,26.0,25.3,20.4,84.9,22.0,0.000,0.000,0.00,0.000,4.6,6.9,1.2,349,10,5.3,8.3,1.3,355,10,4.6,6.9,1.2,349,10,126,28.74,,0,0,0,36.2,40.3,42.4,0.20,0.15,0.14
COLD,2015-11-29 09:35:00 EST,43.26127,-74.97878,1422,26.3,25.6,20.7,85.3,22.5,0.000,0.000,0.00,0.000,4.6,8.1,1.0,350,14,5.3,9.2,1.1,355,13,4.6,8.1,1.0,350,14,136,28.75,,0,0,0,36.2,40.3,42.4,0.20,0.15,0.14
COLD,2015-11-29 09:40:00 EST,43.26127,-74.97878,1422,26.3,25.8,20.6,84.1,22.2,0.000,0.000,0.00,0.000,4.9,7.1,0.9,334,9,5.3,7.4,1.1,340,11,4.9,7.1,0.9,334,9,135,28.75,,0,0,0,36.2,40.3,42.4,0.20,0.15,0.14
COLD,2015-11-29 09:45:00 EST,43.26127,-74.97878,1422,26.6,26.0,20.7,84.3,22.5,0.000,0.000,0.00,0.000,5.0,7.2,1.0,348,16,5.8,8.7,1.1,352,10,5.0,7.2,1.0,348,16,144,28.75,,0,0,0,36.2,40.3,42.4,0.20,0.15,0.14
COLD,2015-11-29 09:50:00 EST,43.26127,-74.97878,1422,26.8,26.3,21.7,83.8,22.6,0.000,0.000,0.00,0.000,4.4,7.6,1.1,336,13,4.9,7.2,1.1,343,13,4.4,7.6,1.1,336,13,144,28.75,,0,0,0,36.1,40.3,42.4,0.20,0.15,0.14
COLD,2015-11-29 09:55:00 EST,43.26127,-74.97878,1422,27.1,26.6,21.3,83.0,22.6,0.000,0.000,0.00,0.000,5.0,6.7,0.9,333,12,5.4,8.3,1.0,339,11,5.0,6.7,0.9,333,12,155,28.75,,0,0,0,36.2,40.3,42.4,0.20,0.15,0.14
COLD,2015-11-29 10:00:00 EST,43.26127,-74.97878,1422,27.3,26.7,21.5,82.8,22.7,0.000,0.000,0.00,0.000,5.0,6.9,0.9,340,16,5.6,7.6,0.9,346,15,5.0,6.9,0.9,340,16,170,28.75,,0,0,0,36.2,40.3,42.4,0.20,0.15,0.14
COLD,2015-11-29 10:05:00 EST,43.26127,-74.97878,1422,27.5,27.0,22.6,82.7,22.9,0.000,0.000,0.00,0.000,4.2,5.6,0.7,328,17,4.6,6.7,1.0,333,17,4.2,5.6,0.7,328,17,176,28.75,,0,0,0,36.2,40.3,42.4,0.20,0.15,0.14
COLD,2015-11-29 10:10:00 EST,43.26127,-74.97878,1422,27.9,27.3,22.3,82.5,23.2,0.000,0.000,0.00,0.000,4.9,8.8,1.4,335,17,5.3,9.6,1.6,340,17,4.9,8.8,1.4,335,17,177,28.75,,0,0,0,36.2,40.3,42.4,0.20,0.15,0.14
COLD,2015-11-29 10:15:00 EST,43.26127,-74.97878,1422,28.1,27.5,23.0,81.8,23.3,0.000,0.000,0.00,0.000,4.6,7.2,1.1,337,20,5.0,8.1,1.3,345,13,4.6,7.2,1.1,337,20,199,28.75,,0,0,0,36.1,40.3,42.4,0.20,0.15,0.14
COLD,2015-11-29 10:20:00 EST,43.26127,-74.97878,1422,28.3,27.7,21.7,80.3,23.0,0.000,0.000,0.00,0.000,6.1,9.3,1.3,322,10,6.2,9.2,1.4,326,10,6.1,9.3,1.3,322,10,190,28.74,,0,0,0,36.1,40.3,42.4,0.20,0.15,0.14
COLD,2015-11-29 10:25:00 EST,43.26127,-74.97878,1422,28.5,27.8,20.2,80.1,23.1,0.000,0.000,0.00,0.000,8.6,11.3,1.3,297,19,8.9,11.6,1.3,297,20,8.6,11.3,1.3,297,19,218,28.74,,0,0,0,36.1,40.2,42.4,0.19,0.15,0.14
COLD,2015-11-29 10:30:00 EST,43.26127,-74.97878,1422,28.6,27.9,21.2,79.1,22.9,0.000,0.000,0.00,0.000,7.2,11.0,1.7,289,11,7.3,11.9,1.8,290,12,7.2,11.0,1.7,289,11,279,28.74,,0,0,0,36.1,40.2,42.4,0.20,0.15,0.14
COLD,2015-11-29 10:35:00 EST,43.26127,-74.97878,1422,28.9,28.2,21.2,79.0,23.2,0.000,0.000,0.00,0.000,7.8,12.1,1.9,312,14,8.0,12.8,1.8,315,14,7.8,12.1,1.9,312,14,234,28.74,,0,0,0,36.1,40.2,42.4,0.20,0.15,0.14
COLD,2015-11-29 10:40:00 EST,43.26127,-74.97878,1422,29.3,28.5,21.0,77.8,23.2,0.000,0.000,0.00,0.000,9.0,11.6,1.5,317,8,9.0,12.3,1.5,320,7,9.0,11.6,1.5,317,8,474,28.75,,0,0,0,36.1,40.2,42.4,0.20,0.15,0.14
COLD,2015-11-29 10:45:00 EST,43.26127,-74.97878,1422,29.5,28.7,21.6,77.3,23.3,0.000,0.000,0.00,0.000,8.4,11.8,1.6,312,10,8.3,12.1,1.7,316,10,8.4,11.8,1.6,312,10,444,28.75,,0,0,0,36.1,40.2,42.4,0.20,0.15,0.14
COLD,2015-11-29 10:50:00 EST,43.26127,-74.97878,1422,29.8,28.8,22.5,77.7,23.7,0.000,0.000,0.00,0.000,7.5,11.8,1.7,313,9,7.5,11.9,1.6,316,9,7.5,11.8,1.7,313,9,303,28.74,,0,0,0,36.1,40.2,42.4,0.20,0.15,0.14
COLD,2015-11-29 10:55:00 EST,43.26127,-74.97878,1422,29.6,28.9,22.8,76.7,23.2,0.000,0.000,0.00,0.000,6.8,10.2,1.2,297,13,6.8,10.7,1.3,298,13,6.8,10.2,1.2,297,13,313,28.74,,0,0,0,36.0,40.1,42.3,0.19,0.15,0.14
COLD,2015-11-29 11:00:00 EST,43.26127,-74.97878,1422,29.3,28.7,22.3,76.1,22.7,0.000,0.000,0.00,0.000,7.0,10.7,1.6,317,13,7.1,11.2,1.8,320,13,7.0,10.7,1.6,317,13,227,28.74,,0,0,0,36.1,40.1,42.4,0.20,0.15,0.14
COLD,2015-11-29 11:05:00 EST,43.26127,-74.97878,1422,29.5,28.8,22.8,76.4,23.0,0.000,0.000,0.00,0.000,6.5,8.9,1.2,319,14,6.7,10.1,1.3,323,15,6.5,8.9,1.2,319,14,197,28.74,,0,0,0,36.0,40.1,42.4,0.20,0.15,0.14
COLD,2015-11-29 11:10:00 EST,43.26127,-74.97878,1422,29.2,28.7,22.7,76.6,22.8,0.000,0.000,0.00,0.000,6.3,9.3,1.5,312,12,6.3,10.5,1.6,315,11,6.3,9.3,1.5,312,12,142,28.73,,0,0,0,36.1,40.1,42.3,0.20,0.15,0.14
COLD,2015-11-29 11:15:00 EST,43.26127,-74.97878,1422,29.4,28.9,22.5,76.6,23.0,0.000,0.000,0.00,0.000,6.9,8.9,1.3,297,12,6.9,9.4,1.3,299,13,6.9,8.9,1.3,297,12,162,28.73,,0,0,0,36.1,40.1,42.3,0.19,0.15,0.14
COLD,2015-11-29 11:20:00 EST,43.26127,-74.97878,1422,29.7,29.2,23.9,76.7,23.3,0.000,0.000,0.00,0.000,5.6,8.5,1.1,297,11,5.5,8.9,1.3,299,13,5.6,8.5,1.1,297,11,155,28.73,,0,0,0,36.0,40.1,42.3,0.20,0.15,0.14
COLD,2015-11-29 11:25:00 EST,43.26127,-74.97878,1422,29.7,29.1,23.0,76.0,23.0,0.000,0.000,0.00,0.000,6.6,9.6,1.4,282,11,6.8,10.3,1.4,282,10,6.6,9.6,1.4,282,11,149,28.73,,0,0,0,36.1,40.1,42.3,0.20,0.15,0.14
COLD,2015-11-29 11:30:00 EST,43.26127,-74.97878,1422,29.8,29.2,23.1,75.8,23.1,0.000,0.000,0.00,0.000,6.6,9.3,1.5,281,11,6.8,9.6,1.6,280,10,6.6,9.3,1.5,281,11,171,28.73,,0,0,0,36.1,40.1,42.3,0.20,0.15,0.14
COLD,2015-11-29 11:35:00 EST,43.26127,-74.97878,1422,30.0,29.4,24.3,75.8,23.3,0.000,0.000,0.00,0.000,5.5,7.9,1.1,289,13,5.6,8.3,1.1,291,13,5.5,7.9,1.1,289,13,169,28.73,,0,0,0,36.1,40.1,42.3,0.20,0.15,0.14
COLD,2015-11-29 11:40:00 EST,43.26127,-74.97878,1422,30.3,29.7,23.8,76.1,23.7,0.000,0.000,0.00,0.000,6.5,12.1,1.9,285,25,7.0,12.5,2.0,284,25,6.5,12.1,1.9,285,25,210,28.73,,0,0,0,36.1,40.1,42.3,0.19,0.15,0.14
COLD,2015-11-29 11:45:00 EST,43.26127,-74.97878,1422,30.5,29.9,26.0,76.6,24.1,0.000,0.000,0.00,0.000,4.3,7.5,1.0,325,21,4.6,7.8,1.3,330,21,4.3,7.5,1.0,325,21,278,28.73,,0,0,0,36.0,40.1,42.3,0.20,0.15,0.14
COLD,2015-11-29 11:50:00 EST,43.26127,-74.97878,1422,30.4,29.6,25.2,76.5,23.9,0.000,0.000,0.00,0.000,5.0,7.1,1.0,331,13,5.2,7.8,1.3,337,13,5.0,7.1,1.0,331,13,201,28.72,,0,0,0,36.1,40.1,42.3,0.20,0.15,0.14
COLD,2015-11-29 11:55:00 EST,43.26127,-74.97878,1422,30.7,30.0,26.5,76.3,24.1,0.000,0.000,0.00,0.000,4.1,9.0,2.0,304,31,4.3,9.6,2.2,309,34,4.1,9.0,2.0,304,31,409,28.72,,0,0,0,36.1,40.0,42.3,0.20,0.15,0.14
COLD,2015-11-29 12:00:00 EST,43.26127,-74.97878,1422,31.0,30.2,25.5,74.1,23.7,0.000,0.000,0.00,0.000,5.5,7.3,0.9,287,16,5.6,8.1,1.0,289,17,5.5,7.3,0.9,287,16,223,28.72,,0,0,0,36.1,40.0,42.3,0.20,0.15,0.14
COLD,2015-11-29 12:05:00 EST,43.26127,-74.97878,1422,31.1,30.4,26.6,74.1,23.8,0.000,0.000,0.00,0.000,4.4,8.8,1.8,304,30,4.6,9.4,1.9,308,33,4.4,8.8,1.8,304,30,208,28.72,,0,0,0,36.1,40.0,42.3,0.20,0.15,0.14
COLD,2015-11-29 12:10:00 EST,43.26127,-74.97878,1422,30.5,30.1,25.4,74.4,23.4,0.000,0.000,0.00,0.000,4.9,7.6,1.6,322,13,5.1,8.5,1.7,328,14,4.9,7.6,1.6,322,13,164,28.72,,0,0,0,36.1,40.0,42.3,0.20,0.15,0.14
COLD,2015-11-29 12:15:00 EST,43.26127,-74.97878,1422,30.9,30.3,30.9,75.9,24.2,0.000,0.000,0.00,0.000,2.2,5.7,1.3,298,41,2.6,6.5,1.4,305,46,2.2,5.7,1.3,298,41,465,28.72,,0,0,0,36.1,40.0,42.3,0.20,0.15,0.14
COLD,2015-11-29 12:20:00 EST,43.26127,-74.97878,1422,32.0,31.1,27.2,72.7,24.2,0.000,0.000,0.00,0.000,4.9,10.9,2.1,275,33,5.2,11.4,2.3,274,33,4.9,10.9,2.1,275,33,250,28.72,,0,0,0,36.2,39.9,42.3,0.20,0.15,0.14
COLD,2015-11-29 12:25:00 EST,43.26127,-74.97878,1422,31.4,30.8,27.2,73.1,23.8,0.000,0.000,0.00,0.000,4.2,7.2,1.4,294,21,4.1,7.4,1.5,296,23,4.2,7.2,1.4,294,21,175,28.72,,0,0,0,36.2,39.9,42.3,0.20,0.15,0.14
COLD,2015-11-29 12:30:00 EST,43.26127,-74.97878,1422,31.6,31.0,27.5,73.2,24.0,0.000,0.000,0.00,0.000,4.1,7.4,1.6,281,27,4.2,7.8,1.6,282,30,4.1,7.4,1.6,281,27,180,28.72,,0,0,0,36.3,39.9,42.3,0.20,0.15,0.14
COLD,2015-11-29 12:35:00 EST,43.26127,-74.97878,1422,31.4,30.8,25.4,73.6,23.9,0.000,0.000,0.00,0.000,6.0,9.6,1.8,308,19,6.1,9.6,1.9,312,21,6.0,9.6,1.8,308,19,144,28.72,,0,0,0,36.3,39.9,42.3,0.20,0.15,0.14
COLD,2015-11-29 12:40:00 EST,43.26127,-74.97878,1422,31.4,30.7,26.6,73.9,24.0,0.000,0.000,0.00,0.000,4.7,6.8,1.0,308,14,4.7,6.9,1.1,312,13,4.7,6.8,1.0,308,14,186,28.72,,0,0,0,36.4,39.9,42.2,0.20,0.15,0.14
COLD,2015-11-29 12:45:00 EST,43.26127,-74.97878,1422,31.8,31.2,25.4,72.9,24.1,0.000,0.000,0.00,0.000,6.7,10.4,1.8,273,19,7.0,11.0,2.1,272,20,6.7,10.4,1.8,273,19,259,28.72,,0,0,0,36.5,39.9,42.2,0.20,0.15,0.14
COLD,2015-11-29 12:50:00 EST,43.26127,-74.97878,1422,31.8,31.1,25.3,72.2,23.8,0.000,0.000,0.00,0.000,7.0,10.7,1.3,262,12,7.2,11.2,1.4,262,12,7.0,10.7,1.3,262,12,229,28.72,,0,0,0,36.5,39.9,42.3,0.20,0.15,0.14
COLD,2015-11-29 12:55:00 EST,43.26127,-74.97878,1422,32.4,31.6,27.1,71.4,24.2,0.000,0.000,0.00,0.000,5.6,9.0,1.1,253,17,5.8,9.8,1.3,251,19,5.6,9.0,1.1,253,17,435,28.72,,0,0,0,36.6,39.9,42.3,0.20,0.15,0.14
COLD,2015-11-29 13:00:00 EST,43.26127,-74.97878,1422,32.3,31.6,25.2,71.5,24.1,0.000,0.000,0.00,0.000,8.0,12.3,2.0,287,11,8.2,12.3,2.0,287,11,8.0,12.3,2.0,287,11,214,28.72,,0,0,0,36.6,39.9,42.3,0.20,0.15,0.14
COLD,2015-11-29 13:05:00 EST,43.26127,-74.97878,1422,32.5,31.6,26.4,70.8,24.1,0.000,0.000,0.00,0.000,6.6,9.0,1.3,300,12,6.6,9.6,1.4,303,13,6.6,9.0,1.3,300,12,338,28.73,,0,0,0,36.7,39.9,42.2,0.20,0.15,0.14
COLD,2015-11-29 13:10:00 EST,43.26127,-74.97878,1422,32.4,31.5,25.8,71.2,24.1,0.000,0.000,0.00,0.000,7.4,12.4,2.0,280,14,7.6,13.2,2.0,280,14,7.4,12.4,2.0,280,14,182,28.73,,0,0,0,36.8,39.9,42.3,0.20,0.15,0.14
COLD,2015-11-29 13:15:00 EST,43.26127,-74.97878,1422,32.2,31.5,25.4,71.1,23.9,0.000,0.000,0.00,0.000,7.5,11.3,1.4,284,14,7.8,12.8,1.7,285,13,7.5,11.3,1.4,284,14,168,28.73,,0,0,0,36.8,39.9,42.2,0.20,0.15,0.14
COLD,2015-11-29 13:20:00 EST,43.26127,-74.97878,1422,32.0,31.4,25.8,71.0,23.6,0.000,0.000,0.00,0.000,6.6,11.1,2.1,273,14,6.8,11.9,2.2,274,14,6.6,11.1,2.1,273,14,150,28.73,,0,0,0,36.9,39.9,42.2,0.20,0.15,0.14
COLD,2015-11-29 13:25:00 EST,43.26127,-74.97878,1422,32.1,31.5,26.9,71.2,23.8,0.000,0.000,0.00,0.000,5.3,9.3,1.4,272,16,5.6,9.4,1.5,273,16,5.3,9.3,1.4,272,16,128,28.73,,0,0,0,37.1,39.9,42.2,0.20,0.15,0.14
COLD,2015-11-29 13:30:00 EST,43.26127,-74.97878,1422,32.0,31.5,26.1,70.8,23.6,0.000,0.000,0.00,0.000,6.2,8.0,0.8,293,10,6.1,8.3,0.9,294,11,6.2,8.0,0.8,293,10,149,28.73,,0,0,0,37.1,39.9,42.2,0.20,0.15,0.14
COLD,2015-11-29 13:35:00 EST,43.26127,-74.97878,1422,32.7,31.9,27.1,70.9,24.3,0.000,0.000,0.00,0.000,6.0,8.0,0.9,301,10,6.0,8.5,1.1,304,12,6.0,8.0,0.9,301,10,278,28.73,,0,0,0,37.1,39.9,42.2,0.20,0.15,0.14
COLD,2015-11-29 13:40:00 EST,43.26127,-74.97878,1422,33.0,32.2,26.5,69.6,24.1,0.000,0.000,0.00,0.000,7.2,9.7,1.3,292,17,7.4,10.3,1.5,292,18,7.2,9.7,1.3,292,17,222,28.73,,0,0,0,37.2,39.8,42.2,0.20,0.15,0.14
COLD,2015-11-29 13:45:00 EST,43.26127,-74.97878,1422,33.0,32.2,26.5,69.0,23.9,0.000,0.000,0.00,0.000,7.2,9.7,1.2,308,13,7.3,10.5,1.3,312,14,7.2,9.7,1.2,308,13,182,28.73,,0,0,0,37.2,39.8,42.2,0.20,0.15,0.14
COLD,2015-11-29 13:50:00 EST,43.26127,-74.97878,1422,33.0,32.3,25.6,68.4,23.7,0.000,0.000,0.00,0.000,8.7,13.9,1.8,297,11,8.8,14.1,1.9,298,11,8.7,13.9,1.8,297,11,182,28.73,,0,0,0,37.2,39.8,42.2,0.20,0.15,0.14
COLD,2015-11-29 13:55:00 EST,43.26127,-74.97878,1422,32.7,32.2,24.8,68.1,23.4,0.000,0.000,0.00,0.000,9.6,13.0,1.4,290,11,9.9,14.3,1.7,289,11,9.6,13.0,1.4,290,11,127,28.73,,0,0,0,37.2,39.8,42.2,0.20,0.15,0.14
COLD,2015-11-29 14:00:00 EST,43.26127,-74.97878,1422,32.8,32.4,26.8,69.1,23.8,0.000,0.000,0.00,0.000,6.6,12.3,1.7,322,21,6.9,12.3,1.6,327,21,6.6,12.3,1.7,322,21,93,28.73,,0,0,0,37.2,39.8,42.2,0.20,0.15,0.14
COLD,2015-11-29 14:05:00 EST,43.26127,-74.97878,1422,32.4,32.1,26.4,68.1,23.1,0.000,0.000,0.00,0.000,6.4,9.9,1.4,329,13,6.7,10.1,1.3,333,13,6.4,9.9,1.4,329,13,75,28.73,,0,0,0,37.3,39.8,42.2,0.20,0.15,0.14
COLD,2015-11-29 14:10:00 EST,43.26127,-74.97878,1422,32.3,31.9,26.6,68.6,23.1,0.000,0.000,0.00,0.000,5.9,8.5,1.2,327,11,6.1,9.8,1.2,331,11,5.9,8.5,1.2,327,11,87,28.73,,0,0,0,37.3,39.8,42.2,0.20,0.15,0.14
COLD,2015-11-29 14:15:00 EST,43.26127,-74.97878,1422,32.1,31.8,25.6,68.2,22.8,0.000,0.000,0.00,0.000,7.1,9.1,0.9,319,11,7.4,10.3,1.0,323,11,7.1,9.1,0.9,319,11,89,28.73,,0,0,0,37.4,39.7,42.2,0.20,0.15,0.14
COLD,2015-11-29 14:20:00 EST,43.26127,-74.97878,1422,32.0,31.7,25.9,67.6,22.5,0.000,0.000,0.00,0.000,6.5,9.1,1.3,322,11,6.7,9.2,1.3,326,11,6.5,9.1,1.3,322,11,85,28.73,,0,0,0,37.4,39.8,42.2,0.20,0.15,0.14
COLD,2015-11-29 14:25:00 EST,43.26127,-74.97878,1422,31.8,31.6,24.6,67.9,22.4,0.000,0.000,0.00,0.000,8.1,13.1,1.9,321,12,8.3,13.0,1.8,325,12,8.1,13.1,1.9,321,12,81,28.74,,0,0,0,37.4,39.8,42.1,0.20,0.15,0.14
COLD,2015-11-29 14:30:00 EST,43.26127,-74.97878,1422,31.5,31.3,24.5,68.7,22.4,0.000,0.000,0.00,0.000,7.6,10.7,1.3,329,18,8.3,13.6,1.6,334,16,7.6,10.7,1.3,329,18,62,28.74,,0,0,0,37.4,39.8,42.1,0.20,0.15,0.14
COLD,2015-11-29 14:35:00 EST,43.26127,-74.97878,1422,31.3,31.2,24.9,69.6,22.5,0.000,0.000,0.00,0.000,6.7,9.6,1.4,328,13,7.0,10.5,1.5,332,14,6.7,9.6,1.4,328,13,53,28.74,,0,0,0,37.5,39.7,42.1,0.20,0.15,0.14
COLD,2015-11-29 14:40:00 EST,43.26127,-74.97878,1422,31.0,31.0,24.6,70.4,22.5,0.000,0.000,0.00,0.000,6.6,11.8,1.3,325,11,6.8,11.2,1.2,328,12,6.6,11.8,1.3,325,11,33,28.74,,0,0,0,37.5,39.7,42.1,0.20,0.15,0.14
COLD,2015-11-29 14:45:00 EST,43.26127,-74.97878,1422,30.8,30.7,25.1,71.3,22.6,0.000,0.000,0.00,0.000,5.6,9.6,1.3,329,13,5.8,10.5,1.5,333,12,5.6,9.6,1.3,329,13,44,28.74,,0,0,0,37.5,39.7,42.1,0.20,0.15,0.14
COLD,2015-11-29 14:50:00 EST,43.26127,-74.97878,1422,30.8,30.7,24.1,71.9,22.8,0.000,0.000,0.00,0.000,6.9,9.6,1.4,330,12,7.2,10.7,1.6,334,11,6.9,9.6,1.4,330,12,131,28.73,,0,0,0,37.5,39.8,42.1,0.20,0.15,0.14
COLD,2015-11-29 14:55:00 EST,43.26127,-74.97878,1422,31.5,31.2,24.5,70.9,23.2,0.000,0.000,0.00,0.000,7.6,10.9,1.6,327,16,8.1,12.3,1.6,330,15,7.6,10.9,1.6,327,16,237,28.73,,0,0,0,37.4,39.7,42.1,0.20,0.15,0.14
COLD,2015-11-29 15:00:00 EST,43.26127,-74.97878,1422,32.0,31.6,25.2,69.3,23.1,0.000,0.000,0.00,0.000,7.4,10.1,1.2,319,10,7.7,10.5,1.3,323,10,7.4,10.1,1.2,319,10,246,28.73,,0,0,0,37.4,39.7,42.1,0.20,0.15,0.14
COLD,2015-11-29 15:05:00 EST,43.26127,-74.97878,1422,32.0,31.6,25.1,67.3,22.4,0.000,0.000,0.00,0.000,7.6,10.8,1.5,317,11,7.8,11.2,1.3,318,11,7.6,10.8,1.5,317,11,233,28.73,,0,0,0,37.4,39.7,42.1,0.20,0.15,0.14
COLD,2015-11-29 15:10:00 EST,43.26127,-74.97878,1422,31.9,31.5,24.4,65.7,21.7,0.000,0.000,0.00,0.000,8.4,13.7,1.7,316,15,8.5,14.1,1.7,319,15,8.4,13.7,1.7,316,15,223,28.73,,0,0,0,37.4,39.7,42.1,0.20,0.15,0.14
COLD,2015-11-29 15:15:00 EST,43.26127,-74.97878,1422,31.7,31.4,23.0,62.4,20.4,0.000,0.000,0.00,0.000,10.7,14.9,1.8,304,7,10.6,14.8,1.8,306,9,10.7,14.9,1.8,304,7,211,28.73,,0,0,0,37.4,39.7,42.1,0.20,0.15,0.14
COLD,2015-11-29 15:20:00 EST,43.26127,-74.97878,1422,31.7,31.4,23.8,62.5,20.3,0.000,0.000,0.00,0.000,9.1,12.5,1.3,306,10,9.1,13.0,1.5,308,11,9.1,12.5,1.3,306,10,196,28.73,,0,0,0,37.3,39.7,42.1,0.20,0.15,0.14
COLD,2015-11-29 15:25:00 EST,43.26127,-74.97878,1422,31.7,31.4,24.3,62.0,20.2,0.000,0.000,0.00,0.000,8.3,11.6,1.4,306,11,8.4,12.5,1.5,309,11,8.3,11.6,1.4,306,11,183,28.73,,0,0,0,37.3,39.7,42.1,0.20,0.15,0.14
COLD,2015-11-29 15:30:00 EST,43.26127,-74.97878,1422,31.6,31.4,23.9,60.1,19.4,0.000,0.000,0.00,0.000,8.8,11.3,1.3,318,12,8.8,12.3,1.3,321,11,8.8,11.3,1.3,318,12,169,28.73,,0,0,0,37.3,39.7,42.1,0.20,0.15,0.14
COLD,2015-11-29 15:35:00 EST,43.26127,-74.97878,1422,31.5,31.3,24.2,59.5,19.0,0.000,0.000,0.00,0.000,8.1,12.1,1.6,325,13,8.3,13.0,1.5,329,12,8.1,12.1,1.6,325,13,155,28.74,,0,0,0,37.3,39.7,42.1,0.20,0.15,0.14
COLD,2015-11-29 15:40:00 EST,43.26127,-74.97878,1422,31.5,31.3,24.7,59.0,18.8,0.000,0.000,0.00,0.000,7.2,11.0,1.4,326,13,7.6,11.9,1.6,330,13,7.2,11.0,1.4,326,13,141,28.74,,0,0,0,37.2,39.7,42.1,0.20,0.15,0.14
COLD,2015-11-29 15:45:00 EST,43.26127,-74.97878,1422,31.3,31.2,24.9,60.0,19.0,0.000,0.000,0.00,0.000,6.7,10.0,1.3,338,10,7.2,10.5,1.5,343,11,6.7,10.0,1.3,338,10,127,28.74,,0,0,0,37.2,39.7,42.1,0.20,0.15,0.14
COLD,2015-11-29 15:50:00 EST,43.26127,-74.97878,1422,31.2,31.1,24.9,60.9,19.3,0.000,0.000,0.00,0.000,6.5,11.2,1.8,332,11,6.8,11.4,1.7,336,12,6.5,11.2,1.8,332,11,112,28.74,,0,0,0,37.2,39.7,42.1,0.20,0.15,0.14
COLD,2015-11-29 15:55:00 EST,43.26127,-74.97878,1422,31.1,31.0,24.2,60.7,19.1,0.000,0.000,0.00,0.000,7.2,9.9,1.2,333,12,7.7,11.4,1.3,338,11,7.2,9.9,1.2,333,12,96,28.74,,0,0,0,37.2,39.7,42.1,0.20,0.15,0.14
COLD,2015-11-29 16:00:00 EST,43.26127,-74.97878,1422,30.9,30.9,24.4,61.4,19.2,0.000,0.000,0.00,0.000,6.6,10.9,1.9,327,10,7.0,11.4,1.9,330,10,6.6,10.9,1.9,327,10,79,28.75,,0,0,0,37.2,39.7,42.1,0.20,0.15,0.14
COLD,2015-11-29 16:05:00 EST,43.26127,-74.97878,1422,30.8,30.9,24.1,61.4,19.1,0.000,0.000,0.00,0.000,6.9,10.2,1.3,330,10,7.2,11.0,1.2,335,11,6.9,10.2,1.3,330,10,41,28.75,,0,0,0,37.2,39.7,42.1,0.20,0.15,0.14
COLD,2015-11-29 16:10:00 EST,43.26127,-74.97878,1422,30.6,30.7,24.4,62.2,19.2,0.000,0.000,0.00,0.000,6.2,8.7,1.2,326,12,6.4,10.1,1.3,331,12,6.2,8.7,1.2,326,12,14,28.75,,0,0,0,37.2,39.7,42.1,0.20,0.15,0.14
COLD,2015-11-29 16:15:00 EST,43.26127,-74.97878,1422,30.2,30.5,24.6,64.3,19.6,0.000,0.000,0.00,0.000,5.4,7.7,1.1,318,10,5.5,8.1,1.0,321,11,5.4,7.7,1.1,318,10,11,28.75,,0,0,0,37.2,39.7,42.1,0.20,0.15,0.14
COLD,2015-11-29 16:20:00 EST,43.26127,-74.97878,1422,30.0,30.3,24.7,64.8,19.6,0.000,0.000,0.00,0.000,5.0,7.4,1.2,324,15,5.1,8.5,1.3,328,13,5.0,7.4,1.2,324,15,7,28.75,,0,0,0,37.2,39.7,42.1,0.20,0.15,0.14
COLD,2015-11-29 16:25:00 EST,43.26127,-74.97878,1422,30.0,30.3,23.8,64.1,19.3,0.000,0.000,0.00,0.000,6.1,8.5,1.0,323,11,6.2,8.9,1.1,327,11,6.1,8.5,1.0,323,11,5,28.75,,0,0,0,37.2,39.7,42.0,0.20,0.15,0.14
COLD,2015-11-29 16:30:00 EST,43.26127,-74.97878,1422,29.9,30.1,24.6,64.1,19.2,0.000,0.000,0.00,0.000,5.0,7.4,1.0,328,12,5.3,8.3,1.1,332,12,5.0,7.4,1.0,328,12,3,28.75,,0,0,0,37.2,39.7,42.0,0.20,0.15,0.14
COLD,2015-11-29 16:35:00 EST,43.26127,-74.97878,1422,30.0,30.2,24.2,63.2,19.0,0.000,0.000,0.00,0.000,5.7,8.5,1.3,327,12,5.9,10.7,1.5,331,11,5.7,8.5,1.3,327,12,2,28.75,,0,0,0,37.1,39.7,42.1,0.20,0.15,0.14
COLD,2015-11-29 16:40:00 EST,43.26127,-74.97878,1422,29.7,29.9,25.2,64.1,19.0,0.000,0.000,0.00,0.000,4.1,7.8,1.2,328,13,4.2,8.3,1.3,334,14,4.1,7.8,1.2,328,13,1,28.75,,0,0,0,37.1,39.7,42.1,0.20,0.15,0.14
COLD,2015-11-29 16:45:00 EST,43.26127,-74.97878,1422,29.5,29.8,24.7,64.6,19.0,0.000,0.000,0.00,0.000,4.4,6.9,0.8,330,13,4.8,7.6,0.8,334,14,4.4,6.9,0.8,330,13,0,28.75,,0,0,0,37.1,39.7,42.0,0.20,0.15,0.14
COLD,2015-11-29 16:50:00 EST,43.26127,-74.97878,1422,29.4,29.7,25.0,64.9,19.1,0.000,0.000,0.00,0.000,4.1,6.1,0.9,331,10,4.4,6.9,0.9,337,10,4.1,6.1,0.9,331,10,0,28.75,,0,0,0,37.1,39.7,42.0,0.20,0.15,0.14
COLD,2015-11-29 16:55:00 EST,43.26127,-74.97878,1422,29.6,29.7,25.0,64.6,19.1,0.000,0.000,0.00,0.000,4.2,6.3,0.8,328,11,4.5,6.7,1.2,334,11,4.2,6.3,0.8,328,11,0,28.75,,0,0,0,37.1,39.7,42.0,0.20,0.15,0.14
COLD,2015-11-29 17:00:00 EST,43.26127,-74.97878,1422,29.5,29.6,25.7,65.2,19.3,0.000,0.000,0.00,0.000,3.6,5.1,0.7,329,14,3.9,6.5,0.8,334,13,3.6,5.1,0.7,329,14,0,28.75,,0,0,0,37.0,39.7,42.0,0.20,0.15,0.14
COLD,2015-11-29 17:05:00 EST,43.26127,-74.97878,1422,29.4,29.5,25.3,65.9,19.4,0.000,0.000,0.00,0.000,3.8,5.4,0.7,326,14,4.0,6.7,1.0,331,14,3.8,5.4,0.7,326,14,0,28.76,,0,0,0,37.0,39.7,42.1,0.20,0.15,0.14
COLD,2015-11-29 17:10:00 EST,43.26127,-74.97878,1422,29.7,29.7,23.7,64.8,19.3,0.000,0.000,0.00,0.000,5.7,8.0,1.0,311,10,5.6,7.6,1.0,314,9,5.7,8.0,1.0,311,10,0,28.76,,0,0,0,37.0,39.7,42.0,0.20,0.15,0.14
COLD,2015-11-29 17:15:00 EST,43.26127,-74.97878,1422,29.8,29.8,24.2,65.1,19.5,0.000,0.000,0.00,0.000,5.3,8.3,0.9,302,12,5.3,7.8,1.0,305,13,5.3,8.3,0.9,302,12,0,28.77,,0,0,0,37.0,39.7,42.0,0.20,0.15,0.14
COLD,2015-11-29 17:20:00 EST,43.26127,-74.97878,1422,29.8,29.8,24.4,65.1,19.5,0.000,0.000,0.00,0.000,5.1,6.9,0.8,313,13,5.3,7.8,0.9,316,13,5.1,6.9,0.8,313,13,0,28.77,,0,0,0,36.9,39.7,42.1,0.20,0.15,0.14
COLD,2015-11-29 17:25:00 EST,43.26127,-74.97878,1422,29.8,29.8,24.3,64.6,19.3,0.000,0.000,0.00,0.000,5.2,7.2,0.9,334,14,5.6,8.1,0.9,339,13,5.2,7.2,0.9,334,14,0,28.76,,0,0,0,36.9,39.7,42.0,0.20,0.15,0.14
COLD,2015-11-29 17:30:00 EST,43.26127,-74.97878,1422,29.6,29.6,24.5,65.5,19.5,0.000,0.000,0.00,0.000,4.8,5.8,0.5,343,8,5.4,6.9,0.7,348,8,4.8,5.8,0.5,343,8,0,28.76,,0,0,0,36.9,39.7,42.0,0.20,0.15,0.14
COLD,2015-11-29 17:35:00 EST,43.26127,-74.97878,1422,29.5,29.5,25.7,66.3,19.7,0.000,0.000,0.00,0.000,3.6,5.9,1.0,349,17,4.2,6.9,1.2,355,10,3.6,5.9,1.0,349,17,0,28.76,,0,0,0,36.9,39.7,42.0,0.20,0.15,0.14
COLD,2015-11-29 17:40:00 EST,43.26127,-74.97878,1422,29.5,29.5,25.5,66.0,19.5,0.000,0.000,0.00,0.000,3.7,5.6,0.6,357,12,4.5,6.5,0.8,1,10,3.7,5.6,0.6,357,12,0,28.76,,0,0,0,36.9,39.7,42.0,0.20,0.15,0.14
COLD,2015-11-29 17:45:00 EST,43.26127,-74.97878,1422,29.5,29.6,25.0,66.3,19.7,0.000,0.000,0.00,0.000,4.2,5.6,0.5,347,9,4.8,6.5,0.6,352,8,4.2,5.6,0.5,347,9,0,28.77,,0,0,0,36.8,39.7,41.9,0.20,0.15,0.14
COLD,2015-11-29 17:50:00 EST,43.26127,-74.97878,1422,29.6,29.6,25.9,66.5,19.8,0.000,0.000,0.00,0.000,3.6,5.9,1.1,340,10,4.1,7.2,1.2,346,10,3.6,5.9,1.1,340,10,0,28.77,,0,0,0,36.8,39.6,42.0,0.20,0.15,0.14
COLD,2015-11-29 17:55:00 EST,43.26127,-74.97878,1422,29.7,29.6,26.4,66.6,19.9,0.000,0.000,0.00,0.000,3.2,5.6,1.1,336,13,3.6,6.5,1.3,343,13,3.2,5.6,1.1,336,13,0,28.77,,0,0,0,36.8,39.7,41.9,0.20,0.15,0.14
COLD,2015-11-29 18:00:00 EST,43.26127,-74.97878,1422,29.8,29.7,26.5,65.9,19.8,0.000,0.000,0.00,0.000,3.3,5.0,1.0,338,18,3.8,5.8,1.0,346,13,3.3,5.0,1.0,338,18,0,28.78,,0,0,0,36.8,39.6,41.9,0.20,0.15,0.14
COLD,2015-11-29 18:05:00 EST,43.26127,-74.97878,1422,29.9,29.8,25.3,65.8,19.8,0.000,0.000,0.00,0.000,4.3,7.2,1.1,327,13,4.6,8.9,1.3,332,13,4.3,7.2,1.1,327,13,0,28.78,,0,0,0,36.7,39.7,41.9,0.20,0.15,0.14
COLD,2015-11-29 18:10:00 EST,43.26127,-74.97878,1422,30.0,29.9,24.7,65.1,19.7,0.000,0.000,0.00,0.000,5.0,7.8,1.1,336,13,5.5,8.3,1.2,341,11,5.0,7.8,1.1,336,13,0,28.78,,0,0,0,36.7,39.6,41.9,0.20,0.15,0.14
COLD,2015-11-29 18:15:00 EST,43.26127,-74.97878,1422,30.0,29.9,24.5,65.1,19.7,0.000,0.000,0.00,0.000,5.3,7.1,1.1,337,9,5.9,8.3,1.3,342,9,5.3,7.1,1.1,337,9,0,28.78,,0,0,0,36.7,39.6,41.9,0.20,0.15,0.14
COLD,2015-11-29 18:20:00 EST,43.26127,-74.97878,1422,30.0,29.9,24.6,65.5,19.8,0.000,0.000,0.00,0.000,5.1,6.9,0.8,339,10,5.7,8.3,1.0,344,10,5.1,6.9,0.8,339,10,0,28.77,,0,0,0,36.7,39.6,41.9,0.20,0.15,0.14
COLD,2015-11-29 18:25:00 EST,43.26127,-74.97878,1422,29.9,29.8,24.9,66.4,20.0,0.000,0.000,0.00,0.000,4.7,6.6,0.7,347,10,5.4,7.6,0.7,352,9,4.7,6.6,0.7,347,10,0,28.77,,0,0,0,36.7,39.6,41.9,0.20,0.15,0.14
COLD,2015-11-29 18:30:00 EST,43.26127,-74.97878,1422,29.7,29.7,25.0,67.7,20.3,0.000,0.000,0.00,0.000,4.3,5.9,0.8,351,8,5.0,6.7,0.9,357,8,4.3,5.9,0.8,351,8,0,28.77,,0,0,0,36.7,39.6,41.9,0.20,0.15,0.14
COLD,2015-11-29 18:35:00 EST,43.26127,-74.97878,1422,29.7,29.6,26.5,68.0,20.4,0.000,0.000,0.00,0.000,3.2,5.6,0.9,337,13,3.6,6.3,0.9,343,13,3.2,5.6,0.9,337,13,0,28.77,,0,0,0,36.7,39.7,41.9,0.20,0.15,0.14
COLD,2015-11-29 18:40:00 EST,43.26127,-74.97878,1422,29.7,29.6,25.7,68.1,20.4,0.000,0.000,0.00,0.000,3.8,5.5,0.8,339,16,4.2,6.9,0.9,346,16,3.8,5.5,0.8,339,16,0,28.77,,0,0,0,36.7,39.6,41.9,0.20,0.15,0.14
COLD,2015-11-29 18:45:00 EST,43.26127,-74.97878,1422,29.7,29.6,25.2,67.8,20.4,0.000,0.000,0.00,0.000,4.3,6.7,1.0,337,13,4.7,7.4,1.2,343,13,4.3,6.7,1.0,337,13,0,28.78,,0,0,0,36.7,39.6,41.9,0.20,0.15,0.14
COLD,2015-11-29 18:50:00 EST,43.26127,-74.97878,1422,29.7,29.6,25.0,68.0,20.4,0.000,0.000,0.00,0.000,4.4,6.4,0.9,341,10,5.1,7.6,1.0,347,10,4.4,6.4,0.9,341,10,0,28.78,,0,0,0,36.7,39.6,41.9,0.20,0.15,0.14
COLD,2015-11-29 18:55:00 EST,43.26127,-74.97878,1422,29.7,29.6,24.1,67.8,20.4,0.000,0.000,0.00,0.000,5.3,8.8,1.2,346,13,6.0,8.9,1.1,350,10,5.3,8.8,1.2,346,13,0,28.78,,0,0,0,36.6,39.6,41.9,0.20,0.15,0.14
COLD,2015-11-29 19:00:00 EST,43.26127,-74.97878,1422,29.7,29.6,24.0,68.0,20.4,0.000,0.000,0.00,0.000,5.3,8.4,1.3,343,13,6.0,9.6,1.4,348,12,5.3,8.4,1.3,343,13,0,28.78,,0,0,0,36.6,39.6,41.9,0.19,0.15,0.14
COLD,2015-11-29 19:05:00 EST,43.26127,-74.97878,1422,29.6,29.5,24.4,68.3,20.4,0.000,0.000,0.00,0.000,4.8,6.4,0.7,345,13,5.4,7.4,0.8,350,9,4.8,6.4,0.7,345,13,0,28.78,,0,0,0,36.6,39.6,41.9,0.19,0.15,0.14
COLD,2015-11-29 19:10:00 EST,43.26127,-74.97878,1422,29.6,29.4,24.3,68.2,20.4,0.000,0.000,0.00,0.000,5.0,7.9,1.2,338,12,5.5,9.2,1.4,343,12,5.0,7.9,1.2,338,12,0,28.78,,0,0,0,36.6,39.6,41.9,0.19,0.15,0.14
COLD,2015-11-29 19:15:00 EST,43.26127,-74.97878,1422,29.5,29.4,23.8,68.8,20.5,0.000,0.000,0.00,0.000,5.4,8.8,1.1,344,8,6.1,9.8,1.2,349,7,5.4,8.8,1.1,344,8,0,28.78,,0,0,0,36.6,39.6,41.9,0.20,0.15,0.14
COLD,2015-11-29 19:20:00 EST,43.26127,-74.97878,1422,29.5,29.4,24.8,68.9,20.5,0.000,0.000,0.00,0.000,4.3,6.2,0.8,345,10,5.0,7.4,0.8,351,9,4.3,6.2,0.8,345,10,0,28.79,,0,0,0,36.5,39.6,41.9,0.19,0.15,0.14
COLD,2015-11-29 19:25:00 EST,43.26127,-74.97878,1422,29.4,29.3,24.6,69.1,20.5,0.000,0.000,0.00,0.000,4.5,6.0,0.7,1,11,5.3,6.9,0.8,4,6,4.5,6.0,0.7,1,11,0,28.79,,0,0,0,36.5,39.6,41.9,0.19,0.15,0.14
COLD,2015-11-29 19:30:00 EST,43.26127,-74.97878,1422,29.4,29.3,23.2,68.6,20.3,0.000,0.000,0.00,0.000,6.0,9.6,1.0,4,11,6.7,12.5,1.3,6,8,6.0,9.6,1.0,4,11,0,28.79,,0,0,0,36.5,39.6,41.9,0.19,0.15,0.14
COLD,2015-11-29 19:35:00 EST,43.26127,-74.97878,1422,29.4,29.4,22.6,67.9,20.1,0.000,0.000,0.00,0.000,6.8,8.7,1.0,0,7,7.8,10.3,1.1,2,5,6.8,8.7,1.0,0,7,0,28.79,,0,0,0,36.5,39.6,41.9,0.19,0.15,0.14
COLD,2015-11-29 19:40:00 EST,43.26127,-74.97878,1422,29.5,29.4,23.4,68.0,20.2,0.000,0.000,0.00,0.000,5.7,7.6,0.8,359,11,6.6,9.2,1.1,2,9,5.7,7.6,0.8,359,11,0,28.80,,0,0,0,36.5,39.6,41.9,0.19,0.15,0.14
COLD,2015-11-29 19:45:00 EST,43.26127,-74.97878,1422,29.5,29.4,23.6,66.7,19.8,0.000,0.000,0.00,0.000,5.6,8.8,1.1,13,10,6.5,11.4,1.5,14,8,5.6,8.8,1.1,13,10,0,28.80,,0,0,0,36.5,39.6,41.9,0.19,0.15,0.14
COLD,2015-11-29 19:50:00 EST,43.26127,-74.97878,1422,29.5,29.4,22.5,66.0,19.5,0.000,0.000,0.00,0.000,7.0,9.5,1.5,17,7,7.7,10.5,1.6,18,6,7.0,9.5,1.5,17,7,0,28.80,,0,0,0,36.5,39.6,41.9,0.19,0.15,0.14
COLD,2015-11-29 19:55:00 EST,43.26127,-74.97878,1422,29.4,29.3,23.4,66.5,19.6,0.000,0.000,0.00,0.000,5.7,9.3,1.2,22,10,6.3,10.5,1.4,23,10,5.7,9.3,1.2,22,10,0,28.81,,0,0,0,36.5,39.6,41.9,0.19,0.15,0.14
COLD,2015-11-29 20:00:00 EST,43.26127,-74.97878,1422,29.3,29.3,22.6,65.4,19.2,0.000,0.000,0.00,0.000,6.6,8.8,1.2,11,9,7.4,10.3,1.3,13,9,6.6,8.8,1.2,11,9,0,28.81,,0,0,0,36.5,39.6,41.9,0.19,0.15,0.14
COLD,2015-11-29 20:05:00 EST,43.26127,-74.97878,1422,29.2,29.2,22.1,64.4,18.7,0.000,0.000,0.00,0.000,7.1,9.2,0.9,7,11,8.0,10.5,1.1,9,7,7.1,9.2,0.9,7,11,0,28.80,,0,0,0,36.4,39.6,41.9,0.19,0.15,0.14
COLD,2015-11-29 20:10:00 EST,43.26127,-74.97878,1422,29.2,29.1,23.0,64.2,18.6,0.000,0.000,0.00,0.000,5.8,8.4,1.2,11,14,6.7,9.2,1.4,13,8,5.8,8.4,1.2,11,14,0,28.80,,0,0,0,36.5,39.6,41.9,0.19,0.15,0.14
COLD,2015-11-29 20:15:00 EST,43.26127,-74.97878,1422,29.1,29.0,23.7,64.9,18.7,0.000,0.000,0.00,0.000,4.9,6.9,1.1,16,8,5.5,8.3,1.2,17,7,4.9,6.9,1.1,16,8,0,28.81,,0,0,0,36.4,39.6,41.9,0.19,0.15,0.14
COLD,2015-11-29 20:20:00 EST,43.26127,-74.97878,1422,28.9,28.9,23.9,65.8,18.9,0.000,0.000,0.00,0.000,4.6,5.9,0.6,18,10,5.2,7.6,0.8,21,11,4.6,5.9,0.6,18,10,0,28.81,,0,0,0,36.4,39.5,41.9,0.19,0.15,0.14
COLD,2015-11-29 20:25:00 EST,43.26127,-74.97878,1422,29.0,28.9,22.7,65.3,18.8,0.000,0.000,0.00,0.000,5.9,8.4,1.1,10,8,6.7,10.1,1.2,12,7,5.9,8.4,1.1,10,8,0,28.81,,0,0,0,36.4,39.6,41.9,0.19,0.15,0.14
COLD,2015-11-29 20:30:00 EST,43.26127,-74.97878,1422,29.0,28.9,22.1,65.1,18.7,0.000,0.000,0.00,0.000,6.7,9.3,1.0,24,11,7.3,10.7,1.2,24,10,6.7,9.3,1.0,24,11,0,28.81,,0,0,0,36.4,39.6,41.9,0.19,0.15,0.14
COLD,2015-11-29 20:35:00 EST,43.26127,-74.97878,1422,28.9,28.9,22.1,65.2,18.7,0.000,0.000,0.00,0.000,6.6,8.5,0.8,19,10,7.3,9.4,0.9,19,9,6.6,8.5,0.8,19,10,0,28.81,,0,0,0,36.4,39.6,41.9,0.19,0.15,0.14
COLD,2015-11-29 20:40:00 EST,43.26127,-74.97878,1422,28.9,28.9,22.8,64.8,18.6,0.000,0.000,0.00,0.000,5.8,7.4,1.0,16,11,6.5,8.9,1.1,17,11,5.8,7.4,1.0,16,11,0,28.81,,0,0,0,36.4,39.6,41.9,0.19,0.15,0.14
COLD,2015-11-29 20:45:00 EST,43.26127,-74.97878,1422,28.8,28.8,22.6,65.1,18.6,0.000,0.000,0.00,0.000,5.8,8.3,0.8,13,9,6.5,9.6,1.0,15,9,5.8,8.3,0.8,13,9,0,28.81,,0,0,0,36.3,39.5,41.9,0.19,0.15,0.14
COLD,2015-11-29 20:50:00 EST,43.26127,-74.97878,1422,28.8,28.7,22.3,65.2,18.5,0.000,0.000,0.00,0.000,6.0,7.8,0.8,13,11,6.7,9.4,1.0,15,11,6.0,7.8,0.8,13,11,0,28.81,,0,0,0,36.3,39.6,41.9,0.19,0.15,0.14
COLD,2015-11-29 20:55:00 EST,43.26127,-74.97878,1422,28.6,28.6,22.5,65.6,18.6,0.000,0.000,0.00,0.000,5.7,10.2,1.6,17,11,6.4,11.0,1.7,18,12,5.7,10.2,1.6,17,11,0,28.82,,0,0,0,36.3,39.6,41.9,0.19,0.15,0.14
COLD,2015-11-29 21:00:00 EST,43.26127,-74.97878,1422,28.7,28.7,20.3,64.9,18.4,0.000,0.000,0.00,0.000,8.8,11.5,1.3,29,11,9.5,12.8,1.5,30,10,8.8,11.5,1.3,29,11,0,28.81,,0,0,0,36.3,39.6,41.9,0.19,0.15,0.14
COLD,2015-11-29 21:05:00 EST,43.26127,-74.97878,1422,28.6,28.6,20.3,64.8,18.3,0.000,0.000,0.00,0.000,8.7,12.3,1.4,33,13,9.4,12.3,1.5,34,13,8.7,12.3,1.4,33,13,0,28.82,,0,0,0,36.3,39.5,41.9,0.19,0.15,0.14
COLD,2015-11-29 21:10:00 EST,43.26127,-74.97878,1422,28.4,28.4,19.5,64.6,18.0,0.000,0.000,0.00,0.000,9.6,14.2,1.8,30,10,10.4,14.5,1.8,31,9,9.6,14.2,1.8,30,10,0,28.82,,0,0,0,36.3,39.6,41.8,0.19,0.15,0.14
COLD,2015-11-29 21:15:00 EST,43.26127,-74.97878,1422,28.2,28.2,20.6,64.5,17.7,0.000,0.000,0.00,0.000,7.4,10.2,1.2,34,12,8.2,11.6,1.3,36,12,7.4,10.2,1.2,34,12,0,28.82,,0,0,0,36.3,39.6,41.8,0.19,0.15,0.14
COLD,2015-11-29 21:20:00 EST,43.26127,-74.97878,1422,28.0,28.2,20.2,64.7,17.7,0.000,0.000,0.00,0.000,7.8,11.5,1.9,39,8,8.5,12.3,1.9,41,7,7.8,11.5,1.9,39,8,0,28.82,,0,0,0,36.3,39.6,41.8,0.19,0.15,0.14
COLD,2015-11-29 21:25:00 EST,43.26127,-74.97878,1422,28.0,28.1,20.9,64.9,17.7,0.000,0.000,0.00,0.000,6.6,8.9,1.1,26,10,7.2,9.6,1.2,27,11,6.6,8.9,1.1,26,10,0,28.82,,0,0,0,36.3,39.5,41.8,0.19,0.15,0.14
COLD,2015-11-29 21:30:00 EST,43.26127,-74.97878,1422,27.8,28.0,21.2,66.2,18.0,0.000,0.000,0.00,0.000,6.0,8.7,1.2,33,12,6.8,9.6,1.2,35,11,6.0,8.7,1.2,33,12,0,28.82,,0,0,0,36.3,39.5,41.8,0.19,0.15,0.14
COLD,2015-11-29 21:35:00 EST,43.26127,-74.97878,1422,27.9,28.0,22.6,66.5,18.2,0.000,0.000,0.00,0.000,4.6,7.4,0.9,20,11,5.4,8.3,1.1,22,10,4.6,7.4,0.9,20,11,0,28.82,,0,0,0,36.3,39.5,41.8,0.19,0.15,0.14
COLD,2015-11-29 21:40:00 EST,43.26127,-74.97878,1422,27.9,28.0,22.2,66.2,18.1,0.000,0.000,0.00,0.000,5.1,7.7,1.0,32,10,5.8,8.1,0.9,36,10,5.1,7.7,1.0,32,10,0,28.82,,0,0,0,36.2,39.5,41.8,0.19,0.15,0.14
COLD,2015-11-29 21:45:00 EST,43.26127,-74.97878,1422,27.9,28.0,23.6,66.3,18.1,0.000,0.000,0.00,0.000,3.8,5.1,0.6,42,8,4.4,6.0,0.8,46,6,3.8,5.1,0.6,42,8,0,28.82,,0,0,0,36.2,39.5,41.8,0.19,0.15,0.14
COLD,2015-11-29 21:50:00 EST,43.26127,-74.97878,1422,27.8,27.9,22.7,66.3,18.0,0.000,0.000,0.00,0.000,4.5,6.4,0.9,44,10,5.1,7.8,1.0,46,8,4.5,6.4,0.9,44,10,0,28.82,,0,0,0,36.2,39.5,41.8,0.19,0.15,0.14
COLD,2015-11-29 21:55:00 EST,43.26127,-74.97878,1422,27.9,27.9,21.8,66.3,18.1,0.000,0.000,0.00,0.000,5.4,7.2,0.7,38,10,6.1,7.6,0.7,41,10,5.4,7.2,0.7,38,10,0,28.83,,0,0,0,36.2,39.5,41.7,0.19,0.15,0.14
COLD,2015-11-29 22:00:00 EST,43.26127,-74.97878,1422,27.7,27.8,22.3,67.1,18.2,0.000,0.000,0.00,0.000,4.7,6.6,0.8,32,8,5.3,7.6,0.8,36,9,4.7,6.6,0.8,32,8,0,28.83,,0,0,0,36.2,39.5,41.7,0.19,0.15,0.14
COLD,2015-11-29 22:05:00 EST,43.26127,-74.97878,1422,27.8,27.8,22.6,66.8,18.2,0.000,0.000,0.00,0.000,4.5,5.9,0.6,31,7,5.1,6.5,0.7,34,8,4.5,5.9,0.6,31,7,0,28.83,,0,0,0,36.2,39.5,41.8,0.19,0.15,0.14
COLD,2015-11-29 22:10:00 EST,43.26127,-74.97878,1422,27.7,27.8,21.9,67.0,18.1,0.000,0.000,0.00,0.000,5.1,8.8,1.7,42,15,5.8,9.6,1.8,44,14,5.1,8.8,1.7,42,15,0,28.83,,0,0,0,36.2,39.5,41.7,0.19,0.15,0.14
COLD,2015-11-29 22:15:00 EST,43.26127,-74.97878,1422,27.8,27.9,22.1,65.8,17.9,0.000,0.000,0.00,0.000,5.1,8.3,1.1,67,11,6.1,10.1,1.2,68,9,5.1,8.3,1.1,67,11,0,28.83,,0,0,0,36.1,39.5,41.8,0.19,0.15,0.14
COLD,2015-11-29 22:20:00 EST,43.26127,-74.97878,1422,27.6,27.7,23.7,66.3,17.8,0.000,0.000,0.00,0.000,3.4,5.1,0.7,60,12,4.0,6.3,0.9,60,11,3.4,5.1,0.7,60,12,0,28.83,,0,0,0,36.2,39.5,41.8,0.19,0.15,0.14
COLD,2015-11-29 22:25:00 EST,43.26127,-74.97878,1422,27.4,27.7,23.2,67.3,18.0,0.000,0.000,0.00,0.000,3.6,6.6,0.9,73,10,4.5,8.1,1.1,72,9,3.6,6.6,0.9,73,10,0,28.83,,0,0,0,36.1,39.5,41.8,0.19,0.15,0.14
COLD,2015-11-29 22:30:00 EST,43.26127,-74.97878,1422,27.4,27.6,21.2,66.4,17.7,0.000,0.000,0.00,0.000,5.5,8.8,1.0,76,12,6.5,10.1,1.1,75,11,5.5,8.8,1.0,76,12,0,28.83,,0,0,0,36.1,39.5,41.7,0.19,0.15,0.14
COLD,2015-11-29 22:35:00 EST,43.26127,-74.97878,1422,27.6,27.7,21.0,65.3,17.5,0.000,0.000,0.00,0.000,6.0,9.3,1.4,57,10,6.7,11.2,1.5,57,9,6.0,9.3,1.4,57,10,0,28.83,,0,0,0,36.1,39.5,41.7,0.19,0.15,0.14
COLD,2015-11-29 22:40:00 EST,43.26127,-74.97878,1422,27.6,27.7,21.5,65.3,17.5,0.000,0.000,0.00,0.000,5.4,7.5,0.8,67,11,6.3,8.3,0.9,66,10,5.4,7.5,0.8,67,11,0,28.83,,0,0,0,36.1,39.4,41.7,0.19,0.15,0.14
COLD,2015-11-29 22:45:00 EST,43.26127,-74.97878,1422,27.4,27.5,21.4,66.0,17.6,0.000,0.000,0.00,0.000,5.3,8.5,1.4,76,16,6.3,9.6,1.5,75,14,5.3,8.5,1.4,76,16,0,28.83,,0,0,0,36.1,39.4,41.7,0.19,0.15,0.14
COLD,2015-11-29 22:50:00 EST,43.26127,-74.97878,1422,27.5,27.6,21.9,65.9,17.6,0.000,0.000,0.00,0.000,4.9,7.0,1.3,48,12,5.7,8.3,1.4,49,10,4.9,7.0,1.3,48,12,0,28.83,,0,0,0,36.1,39.4,41.7,0.19,0.15,0.14
COLD,2015-11-29 22:55:00 EST,43.26127,-74.97878,1422,27.6,27.7,21.6,65.7,17.6,0.000,0.000,0.00,0.000,5.3,7.4,0.7,46,13,6.0,8.1,0.8,48,11,5.3,7.4,0.7,46,13,0,28.83,,0,0,0,36.0,39.4,41.8,0.19,0.15,0.14
COLD,2015-11-29 23:00:00 EST,43.26127,-74.97878,1422,27.5,27.6,21.5,66.4,17.7,0.000,0.000,0.00,0.000,5.3,6.5,0.5,35,8,5.8,7.4,0.5,37,9,5.3,6.5,0.5,35,8,0,28.84,,0,0,0,36.0,39.4,41.8,0.19,0.15,0.14
COLD,2015-11-29 23:05:00 EST,43.26127,-74.97878,1422,27.3,27.6,21.7,66.7,17.7,0.000,0.000,0.00,0.000,4.9,6.8,0.9,28,8,5.4,7.4,1.0,31,9,4.9,6.8,0.9,28,8,0,28.84,,0,0,0,36.0,39.4,41.7,0.19,0.15,0.14
COLD,2015-11-29 23:10:00 EST,43.26127,-74.97878,1422,27.2,27.6,20.3,66.4,17.4,0.000,0.000,0.00,0.000,6.2,8.8,0.9,33,9,6.7,9.4,0.9,36,9,6.2,8.8,0.9,33,9,0,28.84,,0,0,0,36.0,39.4,41.7,0.19,0.15,0.14
COLD,2015-11-29 23:15:00 EST,43.26127,-74.97878,1422,26.7,27.4,20.4,66.7,17.1,0.000,0.000,0.00,0.000,5.5,6.9,0.7,34,8,6.1,8.5,0.9,36,8,5.5,6.9,0.7,34,8,0,28.84,,0,0,0,36.0,39.4,41.7,0.19,0.15,0.14
COLD,2015-11-29 23:20:00 EST,43.26127,-74.97878,1422,26.3,27.1,21.2,67.6,17.0,0.000,0.000,0.00,0.000,4.3,5.8,0.6,37,7,4.9,7.2,0.7,41,7,4.3,5.8,0.6,37,7,0,28.84,,0,0,0,36.0,39.4,41.7,0.19,0.15,0.14
COLD,2015-11-29 23:25:00 EST,43.26127,-74.97878,1422,26.2,27.3,20.3,68.4,17.2,0.000,0.000,0.00,0.000,5.0,6.9,0.7,40,8,5.6,8.3,0.9,44,7,5.0,6.9,0.7,40,8,0,28.84,,0,0,0,36.0,39.4,41.7,0.19,0.15,0.14
COLD,2015-11-29 23:30:00 EST,43.26127,-74.97878,1422,25.8,27.1,20.0,68.9,16.9,0.000,0.000,0.00,0.000,4.8,7.0,0.7,39,5,5.4,7.8,0.7,43,5,4.8,7.0,0.7,39,5,0,28.84,,0,0,0,36.0,39.4,41.7,0.19,0.15,0.14
COLD,2015-11-29 23:35:00 EST,43.26127,-74.97878,1422,25.7,27.0,19.4,69.8,17.2,0.000,0.000,0.00,0.000,5.3,7.7,0.9,38,10,5.8,8.1,1.0,41,9,5.3,7.7,0.9,38,10,0,28.83,,0,0,0,36.0,39.4,41.7,0.19,0.15,0.14
COLD,2015-11-29 23:40:00 EST,43.26127,-74.97878,1422,25.5,26.8,21.3,69.6,17.0,0.000,0.000,0.00,0.000,3.5,4.5,0.5,57,6,3.9,5.8,0.7,56,5,3.5,4.5,0.5,57,6,0,28.83,,0,0,0,36.0,39.4,41.7,0.19,0.15,0.14
COLD,2015-11-29 23:45:00 EST,43.26127,-74.97878,1422,25.6,26.7,25.6,68.9,16.8,0.000,0.000,0.00,0.000,2.8,4.8,0.8,46,12,3.3,6.3,0.9,48,8,2.8,4.8,0.8,46,12,0,28.83,,0,0,0,36.0,39.4,41.7,0.19,0.15,0.14
COLD,2015-11-29 23:50:00 EST,43.26127,-74.97878,1422,25.5,26.6,21.4,68.8,16.7,0.000,0.000,0.00,0.000,3.4,6.1,1.1,55,11,3.8,7.4,1.2,55,8,3.4,6.1,1.1,55,11,0,28.84,,0,0,0,36.0,39.4,41.7,0.19,0.15,0.14
COLD,2015-11-29 23:55:00 EST,43.26127,-74.97878,1422,25.3,26.7,25.3,69.0,16.6,0.000,0.000,0.00,0.000,2.8,4.7,0.6,52,11,3.2,6.0,0.8,53,8,2.8,4.7,0.6,52,11,0,28.84,,0,0,0,36.0,39.4,41.7,0.19,0.15,0.14
CSQR,2015-11-29 00:00:00 EST,43.32613,-76.10445,453,31.9,31.8,31.9,88.9,29.0,0.000,0.022,0.00,0.000,2.3,4.2,0.9,254,9,2.6,4.5,1.0,251,13,2.3,4.2,0.9,254,9,0,29.81,,0,0,0,40.5,45.5,46.7,0.44,0.19,0.40
CSQR,2015-11-29 00:05:00 EST,43.32613,-76.10445,453,31.9,31.8,31.9,87.0,28.5,0.000,0.000,0.00,0.000,2.2,4.4,1.1,283,18,2.4,4.9,1.2,282,22,2.2,4.4,1.1,283,18,0,29.81,,0,0,0,40.5,45.5,46.7,0.44,0.19,0.40
CSQR,2015-11-29 00:10:00 EST,43.32613,-76.10445,453,31.9,31.8,31.9,85.6,28.1,0.000,0.000,0.00,0.000,2.0,3.4,0.5,298,11,2.0,4.0,0.6,297,12,2.0,3.4,0.5,298,11,0,29.81,,0,0,0,40.5,45.5,46.7,0.44,0.19,0.40
CSQR,2015-11-29 00:15:00 EST,43.32613,-76.10445,453,32.0,31.9,32.0,82.5,27.3,0.000,0.000,0.00,0.000,0.6,1.8,0.5,296,9,1.0,2.2,0.4,293,25,0.6,1.8,0.5,296,9,0,29.81,,0,0,0,40.5,45.5,46.7,0.44,0.19,0.40
CSQR,2015-11-29 00:20:00 EST,43.32613,-76.10445,453,32.1,32.0,32.1,81.6,27.1,0.000,0.000,0.00,0.000,1.5,2.2,0.4,323,11,1.7,2.9,0.4,328,9,1.5,2.2,0.4,323,11,0,29.81,,0,0,0,40.4,45.5,46.7,0.44,0.19,0.40
CSQR,2015-11-29 00:25:00 EST,43.32613,-76.10445,453,32.1,31.9,32.1,80.7,26.8,0.000,0.000,0.00,0.000,1.5,2.0,0.3,280,20,1.7,2.5,0.3,274,21,1.5,2.0,0.3,280,20,0,29.81,,0,0,0,40.4,45.5,46.7,0.44,0.19,0.40
CSQR,2015-11-29 00:30:00 EST,43.32613,-76.10445,453,31.9,31.8,31.9,81.7,26.9,0.000,0.000,0.00,0.000,1.3,1.8,0.4,232,12,1.4,2.0,0.2,232,14,1.3,1.8,0.4,232,12,0,29.81,,0,0,0,40.4,45.5,46.7,0.44,0.19,0.40
CSQR,2015-11-29 00:35:00 EST,43.32613,-76.10445,453,31.9,31.9,31.9,82.1,27.1,0.000,0.000,0.00,0.000,1.4,3.4,1.1,293,30,1.8,4.7,0.9,290,33,1.4,3.4,1.1,293,30,0,29.81,,0,0,0,40.4,45.5,46.7,0.44,0.19,0.40
CSQR,2015-11-29 00:40:00 EST,43.32613,-76.10445,453,32.2,32.1,32.2,78.3,26.2,0.000,0.000,0.00,0.000,2.4,4.2,0.7,312,18,2.5,4.3,0.8,311,19,2.4,4.2,0.7,312,18,0,29.81,,0,0,0,40.4,45.5,46.7,0.44,0.19,0.40
CSQR,2015-11-29 00:45:00 EST,43.32613,-76.10445,453,32.0,31.9,32.0,80.3,26.6,0.000,0.000,0.00,0.000,1.4,2.3,0.5,305,10,1.5,2.5,0.5,310,13,1.4,2.3,0.5,305,10,0,29.82,,0,0,0,40.3,45.5,46.7,0.44,0.19,0.40
CSQR,2015-11-29 00:50:00 EST,43.32613,-76.10445,453,32.0,31.9,32.0,80.1,26.6,0.000,0.000,0.00,0.000,1.6,2.8,0.4,325,11,1.8,2.7,0.4,326,12,1.6,2.8,0.4,325,11,0,29.82,,0,0,0,40.3,45.5,46.7,0.44,0.19,0.40
CSQR,2015-11-29 00:55:00 EST,43.32613,-76.10445,453,32.0,31.9,32.0,80.1,26.6,0.000,0.000,0.00,0.000,1.7,2.8,0.4,302,21,1.8,3.1,0.5,299,19,1.7,2.8,0.4,302,21,0,29.81,,0,0,0,40.3,45.5,46.7,0.44,0.19,0.40
CSQR,2015-11-29 01:00:00 EST,43.32613,-76.10445,453,31.9,31.8,31.9,81.0,26.8,0.000,0.000,0.00,0.000,1.6,2.8,0.4,306,13,1.7,3.1,0.4,308,12,1.6,2.8,0.4,306,13,0,29.81,,0,0,0,40.3,45.5,46.7,0.44,0.19,0.40
CSQR,2015-11-29 01:05:00 EST,43.32613,-76.10445,453,32.0,31.9,32.0,79.7,26.4,0.000,0.000,0.00,0.000,1.1,2.5,0.9,319,5,1.3,2.7,0.8,322,22,1.1,2.5,0.9,319,5,0,29.81,,0,0,0,40.3,45.5,46.7,0.44,0.19,0.40
CSQR,2015-11-29 01:10:00 EST,43.32613,-76.10445,453,32.0,31.9,32.0,80.2,26.6,0.000,0.000,0.00,0.000,0.1,0.6,0.1,315,1,0.9,1.3,0.3,262,25,0.1,0.6,0.1,315,1,0,29.81,,0,0,0,40.3,45.5,46.7,0.44,0.19,0.40
CSQR,2015-11-29 01:15:00 EST,43.32613,-76.10445,453,32.0,31.9,32.0,80.8,26.7,0.000,0.000,0.00,0.000,0.4,1.3,0.4,281,2,0.9,2.2,0.4,288,29,0.4,1.3,0.4,281,2,0,29.81,,0,0,0,40.3,45.5,46.7,0.44,0.19,0.40
CSQR,2015-11-29 01:20:00 EST,43.32613,-76.10445,453,32.1,32.0,32.1,78.4,26.1,0.000,0.000,0.00,0.000,2.8,4.7,0.9,300,16,2.9,5.1,1.0,298,16,2.8,4.7,0.9,300,16,0,29.81,,0,0,0,40.3,45.4,46.7,0.44,0.19,0.40
CSQR,2015-11-29 01:25:00 EST,43.32613,-76.10445,453,32.2,32.1,29.1,75.7,25.4,0.000,0.000,0.00,0.000,3.3,4.6,0.6,296,7,3.5,5.1,0.8,295,8,3.3,4.6,0.6,296,7,0,29.81,,0,0,0,40.3,45.5,46.7,0.44,0.19,0.40
CSQR,2015-11-29 01:30:00 EST,43.32613,-76.10445,453,31.9,31.9,29.0,78.4,26.0,0.000,0.000,0.00,0.000,3.2,5.0,0.7,299,15,3.4,6.3,0.9,298,16,3.2,5.0,0.7,299,15,0,29.81,,0,0,0,40.3,45.5,46.7,0.44,0.19,0.40
CSQR,2015-11-29 01:35:00 EST,43.32613,-76.10445,453,31.8,31.8,31.8,79.4,26.1,0.000,0.000,0.00,0.000,2.5,3.7,0.4,279,14,2.8,4.5,0.5,277,13,2.5,3.7,0.4,279,14,0,29.82,,0,0,0,40.2,45.4,46.7,0.44,0.19,0.40
CSQR,2015-11-29 01:40:00 EST,43.32613,-76.10445,453,31.6,31.7,31.6,81.5,26.6,0.000,0.000,0.00,0.000,2.0,3.4,0.7,277,13,2.3,3.6,0.8,275,15,2.0,3.4,0.7,277,13,0,29.81,,0,0,0,40.2,45.4,46.6,0.44,0.19,0.40
CSQR,2015-11-29 01:45:00 EST,43.32613,-76.10445,453,31.8,31.8,31.8,79.4,26.1,0.000,0.000,0.00,0.000,1.5,2.4,0.4,294,21,1.7,3.1,0.5,289,25,1.5,2.4,0.4,294,21,0,29.81,,0,0,0,40.1,45.4,46.6,0.44,0.19,0.40
CSQR,2015-11-29 01:50:00 EST,43.32613,-76.10445,453,31.8,31.8,31.8,78.3,25.8,0.000,0.000,0.00,0.000,1.0,1.8,0.4,330,4,1.2,2.5,0.4,324,11,1.0,1.8,0.4,330,4,0,29.81,,0,0,0,40.1,45.4,46.6,0.44,0.19,0.40
CSQR,2015-11-29 01:55:00 EST,43.32613,-76.10445,453,31.7,31.8,31.7,79.0,26.0,0.000,0.000,0.00,0.000,0.4,1.0,0.3,331,0,1.0,1.6,0.3,302,18,0.4,1.0,0.3,331,0,0,29.81,,0,0,0,40.1,45.4,46.6,0.44,0.19,0.40
CSQR,2015-11-29 02:00:00 EST,43.32613,-76.10445,453,31.8,31.8,31.8,77.5,25.6,0.000,0.000,0.00,0.000,0.8,2.5,0.7,304,17,1.3,3.4,0.6,298,24,0.8,2.5,0.7,304,17,0,29.81,,0,0,0,40.1,45.4,46.6,0.44,0.19,0.40
CSQR,2015-11-29 02:05:00 EST,43.32613,-76.10445,453,31.6,31.7,31.6,78.2,25.6,0.000,0.000,0.00,0.000,0.5,1.4,0.4,325,15,1.0,1.8,0.3,326,30,0.5,1.4,0.4,325,15,0,29.81,,0,0,0,40.0,45.4,46.6,0.44,0.19,0.40
CSQR,2015-11-29 02:10:00 EST,43.32613,-76.10445,453,31.6,31.6,31.6,78.4,25.7,0.000,0.000,0.00,0.000,0.5,0.9,0.3,1,0,1.0,1.6,0.3,7,18,0.5,0.9,0.3,1,0,0,29.81,,0,0,0,40.0,45.3,46.6,0.44,0.19,0.40
CSQR,2015-11-29 02:15:00 EST,43.32613,-76.10445,453,31.5,31.7,31.5,79.9,26.0,0.000,0.000,0.00,0.000,0.0,0.0,0.0,0,0,0.8,1.3,0.3,31,21,0.0,0.0,0.0,0,0,0,29.81,,0,0,0,39.9,45.3,46.6,0.44,0.19,0.40
CSQR,2015-11-29 02:20:00 EST,43.32613,-76.10445,453,31.5,31.5,31.5,81.4,26.4,0.000,0.000,0.00,0.000,0.3,0.9,0.3,1,0,0.8,1.6,0.3,7,26,0.3,0.9,0.3,1,0,0,29.81,,0,0,0,39.9,45.3,46.6,0.44,0.19,0.40
CSQR,2015-11-29 02:25:00 EST,43.32613,-76.10445,453,30.6,30.7,30.6,86.9,27.2,0.000,0.000,0.00,0.000,1.5,2.9,1.1,176,44,2.1,3.6,0.9,173,18,1.5,2.9,1.1,176,44,0,29.81,,0,0,0,39.9,45.3,46.6,0.44,0.19,0.40
CSQR,2015-11-29 02:30:00 EST,43.32613,-76.10445,453,30.4,30.6,30.4,88.7,27.4,0.000,0.000,0.00,0.000,1.5,2.6,0.5,161,5,1.7,3.1,0.6,152,8,1.5,2.6,0.5,161,5,0,29.81,,0,0,0,39.9,45.3,46.6,0.44,0.19,0.40
CSQR,2015-11-29 02:35:00 EST,43.32613,-76.10445,453,30.5,30.7,30.5,88.3,27.4,0.000,0.000,0.00,0.000,0.8,1.2,0.1,156,0,1.1,1.3,0.1,150,7,0.8,1.2,0.1,156,0,0,29.81,,0,0,0,39.9,45.4,46.6,0.44,0.19,0.40
CSQR,2015-11-29 02:40:00 EST,43.32613,-76.10445,453,30.5,30.7,30.5,88.5,27.5,0.000,0.000,0.00,0.000,1.7,2.6,0.5,156,1,1.9,2.9,0.5,149,8,1.7,2.6,0.5,156,1,0,29.81,,0,0,0,39.9,45.3,46.6,0.44,0.19,0.40
CSQR,2015-11-29 02:45:00 EST,43.32613,-76.10445,453,30.4,30.4,30.4,89.9,27.8,0.000,0.000,0.00,0.000,2.1,2.5,0.2,150,11,2.3,2.7,0.3,146,12,2.1,2.5,0.2,150,11,0,29.81,,0,0,0,39.8,45.4,46.6,0.44,0.19,0.40
CSQR,2015-11-29 02:50:00 EST,43.32613,-76.10445,453,30.6,30.9,30.6,87.9,27.4,0.000,0.000,0.00,0.000,0.4,1.4,0.4,136,2,1.0,2.0,0.3,149,22,0.4,1.4,0.4,136,2,0,29.81,,0,0,0,39.8,45.3,46.6,0.44,0.19,0.40
CSQR,2015-11-29 02:55:00 EST,43.32613,-76.10445,453,31.1,31.1,31.1,82.8,26.5,0.000,0.000,0.00,0.000,0.6,1.2,0.3,152,8,1.0,1.8,0.3,145,27,0.6,1.2,0.3,152,8,0,29.81,,0,0,0,39.8,45.3,46.6,0.44,0.19,0.40
CSQR,2015-11-29 03:00:00 EST,43.32613,-76.10445,453,31.2,31.0,31.2,81.7,26.3,0.000,0.000,0.00,0.000,0.3,1.0,0.3,155,0,1.0,2.0,0.4,171,30,0.3,1.0,0.3,155,0,0,29.80,,0,0,0,39.8,45.3,46.6,0.44,0.19,0.40
CSQR,2015-11-29 03:05:00 EST,43.32613,-76.10445,453,30.9,30.9,30.9,84.0,26.7,0.000,0.000,0.00,0.000,0.8,2.2,0.5,209,14,1.3,2.5,0.4,198,23,0.8,2.2,0.5,209,14,0,29.81,,0,0,0,39.7,45.3,46.6,0.44,0.19,0.40
CSQR,2015-11-29 03:10:00 EST,43.32613,-76.10445,453,30.9,30.9,30.9,86.5,27.3,0.000,0.000,0.00,0.000,0.1,0.9,0.3,210,0,0.5,1.6,0.3,292,62,0.1,0.9,0.3,210,0,0,29.81,,0,0,0,39.7,45.3,46.6,0.44,0.19,0.40
CSQR,2015-11-29 03:15:00 EST,43.32613,-76.10445,453,31.0,31.0,31.0,86.1,27.3,0.000,0.000,0.00,0.000,0.0,0.0,0.0,0,0,0.7,1.6,0.4,121,47,0.0,0.0,0.0,0,0,0,29.80,,0,0,0,39.7,45.3,46.6,0.44,0.19,0.40
CSQR,2015-11-29 03:20:00 EST,43.32613,-76.10445,453,31.0,31.0,31.0,85.8,27.2,0.000,0.000,0.00,0.000,0.5,1.2,0.4,210,0,0.8,1.6,0.4,215,24,0.5,1.2,0.4,210,0,0,29.80,,0,0,0,39.7,45.3,46.6,0.44,0.19,0.40
CSQR,2015-11-29 03:25:00 EST,43.32613,-76.10445,453,31.0,31.0,31.0,86.4,27.4,0.000,0.000,0.00,0.000,0.0,0.0,0.0,0,0,0.5,1.8,0.3,75,42,0.0,0.0,0.0,0,0,0,29.80,,0,0,0,39.7,45.3,46.6,0.44,0.19,0.40
CSQR,2015-11-29 03:30:00 EST,43.32613,-76.10445,453,30.8,30.9,30.8,87.0,27.4,0.000,0.000,0.00,0.000,0.0,0.0,0.0,0,0,1.2,1.8,0.3,103,9,0.0,0.0,0.0,0,0,0,29.80,,0,0,0,39.7,45.3,46.6,0.44,0.19,0.40
CSQR,2015-11-29 03:35:00 EST,43.32613,-76.10445,453,30.8,31.0,30.8,86.1,27.2,0.000,0.000,0.00,0.000,1.4,2.7,1.2,144,1,2.1,2.9,0.5,138,7,1.4,2.7,1.2,144,1,0,29.80,,0,0,0,39.7,45.3,46.6,0.44,0.19,0.40
CSQR,2015-11-29 03:40:00 EST,43.32613,-76.10445,453,30.8,31.1,30.8,84.8,26.8,0.000,0.000,0.00,0.000,2.1,2.6,0.5,138,6,2.1,2.7,0.5,135,5,2.1,2.6,0.5,138,6,0,29.80,,0,0,0,39.7,45.3,46.6,0.44,0.19,0.40
CSQR,2015-11-29 03:45:00 EST,43.32613,-76.10445,453,30.8,31.0,30.8,86.2,27.1,0.000,0.000,0.00,0.000,0.3,1.0,0.3,142,0,0.9,1.6,0.3,118,24,0.3,1.0,0.3,142,0,0,29.80,,0,0,0,39.7,45.3,46.6,0.44,0.19,0.40
CSQR,2015-11-29 03:50:00 EST,43.32613,-76.10445,453,30.9,30.9,30.9,84.2,26.7,0.000,0.000,0.00,0.000,1.5,2.6,0.8,115,14,1.9,3.4,0.8,111,11,1.5,2.6,0.8,115,14,0,29.80,,0,0,0,39.7,45.2,46.6,0.44,0.19,0.40
CSQR,2015-11-29 03:55:00 EST,43.32613,-76.10445,453,31.1,31.1,31.1,82.6,26.4,0.000,0.000,0.00,0.000,1.4,2.4,0.6,85,11,1.9,3.1,0.5,85,15,1.4,2.4,0.6,85,11,0,29.79,,0,0,0,39.6,45.2,46.6,0.44,0.19,0.40
CSQR,2015-11-29 04:00:00 EST,43.32613,-76.10445,453,31.2,31.1,31.2,81.4,26.2,0.000,0.000,0.00,0.000,0.7,1.2,0.2,81,12,1.4,2.0,0.3,99,13,0.7,1.2,0.2,81,12,0,29.79,,0,0,0,39.6,45.2,46.5,0.44,0.19,0.40
CSQR,2015-11-29 04:05:00 EST,43.32613,-76.10445,453,31.1,31.1,31.1,81.5,26.1,0.000,0.000,0.00,0.000,1.4,1.8,0.2,108,2,1.8,2.2,0.2,113,8,1.4,1.8,0.2,108,2,0,29.79,,0,0,0,39.6,45.2,46.5,0.44,0.19,0.40
CSQR,2015-11-29 04:10:00 EST,43.32613,-76.10445,453,31.1,31.1,31.1,84.5,26.9,0.000,0.000,0.00,0.000,1.1,1.5,0.2,97,3,1.5,2.0,0.2,92,10,1.1,1.5,0.2,97,3,0,29.79,,0,0,0,39.6,45.2,46.5,0.44,0.19,0.40
CSQR,2015-11-29 04:15:00 EST,43.32613,-76.10445,453,31.1,31.1,31.1,83.0,26.6,0.000,0.000,0.00,0.000,1.4,2.0,0.4,93,6,1.8,2.7,0.4,90,8,1.4,2.0,0.4,93,6,0,29.80,,0,0,0,39.6,45.2,46.5,0.44,0.19,0.40
CSQR,2015-11-29 04:20:00 EST,43.32613,-76.10445,453,31.1,31.1,31.1,85.0,27.1,0.000,0.000,0.00,0.000,0.5,1.2,0.3,99,0,1.2,2.0,0.3,72,17,0.5,1.2,0.3,99,0,0,29.80,,0,0,0,39.6,45.2,46.5,0.44,0.19,0.40
CSQR,2015-11-29 04:25:00 EST,43.32613,-76.10445,453,31.1,31.0,31.1,84.7,27.0,0.000,0.000,0.00,0.000,1.0,1.5,0.2,99,0,1.5,2.2,0.3,97,14,1.0,1.5,0.2,99,0,0,29.80,,0,0,0,39.6,45.2,46.6,0.44,0.19,0.40
CSQR,2015-11-29 04:30:00 EST,43.32613,-76.10445,453,31.0,31.0,31.0,85.1,27.1,0.000,0.000,0.00,0.000,0.7,1.2,0.2,99,0,1.2,1.8,0.2,116,10,0.7,1.2,0.2,99,0,0,29.80,,0,0,0,39.6,45.2,46.6,0.44,0.19,0.40
CSQR,2015-11-29 04:35:00 EST,43.32613,-76.10445,453,30.6,30.8,30.6,88.2,27.5,0.000,0.000,0.00,0.000,0.7,1.0,0.2,99,0,1.3,1.6,0.2,120,14,0.7,1.0,0.2,99,0,0,29.80,,0,0,0,39.5,45.2,46.5,0.44,0.19,0.40
CSQR,2015-11-29 04:40:00 EST,43.32613,-76.10445,453,30.4,30.7,30.4,90.1,27.8,0.000,0.000,0.00,0.000,0.9,1.2,0.1,99,0,1.4,1.8,0.1,110,16,0.9,1.2,0.1,99,0,0,29.81,,0,0,0,39.6,45.2,46.5,0.44,0.19,0.40
CSQR,2015-11-29 04:45:00 EST,43.32613,-76.10445,453,30.6,30.8,30.6,90.6,28.1,0.000,0.000,0.00,0.000,1.8,2.4,0.3,100,2,2.2,2.9,0.3,100,5,1.8,2.4,0.3,100,2,0,29.81,,0,0,0,39.6,45.2,46.5,0.44,0.19,0.40
CSQR,2015-11-29 04:50:00 EST,43.32613,-76.10445,453,30.9,31.1,30.9,88.1,27.7,0.000,0.000,0.00,0.000,2.0,3.2,0.4,92,12,2.4,4.3,0.5,88,13,2.0,3.2,0.4,92,12,0,29.81,,0,0,0,39.6,45.1,46.6,0.44,0.19,0.40
CSQR,2015-11-29 04:55:00 EST,43.32613,-76.10445,453,30.9,30.9,30.9,89.3,28.1,0.000,0.000,0.00,0.000,1.3,1.8,0.3,75,17,1.7,2.5,0.4,73,19,1.3,1.8,0.3,75,17,0,29.80,,0,0,0,39.5,45.2,46.6,0.44,0.19,0.40
CSQR,2015-11-29 05:00:00 EST,43.32613,-76.10445,453,31.0,31.0,31.0,88.0,27.9,0.000,0.000,0.00,0.000,1.0,2.0,0.6,95,5,1.5,2.7,0.5,89,12,1.0,2.0,0.6,95,5,0,29.80,,0,0,0,39.5,45.1,46.5,0.44,0.19,0.40
CSQR,2015-11-29 05:05:00 EST,43.32613,-76.10445,453,31.1,31.0,31.1,88.2,28.0,0.000,0.000,0.00,0.000,0.3,1.5,0.4,100,0,1.0,2.2,0.4,84,16,0.3,1.5,0.4,100,0,0,29.80,,0,0,0,39.5,45.1,46.5,0.44,0.19,0.40
CSQR,2015-11-29 05:10:00 EST,43.32613,-76.10445,453,30.5,30.8,30.5,91.1,28.2,0.000,0.000,0.00,0.000,0.2,0.9,0.3,100,0,0.9,1.6,0.4,223,35,0.2,0.9,0.3,100,0,0,29.80,,0,0,0,39.5,45.2,46.5,0.44,0.19,0.40
CSQR,2015-11-29 05:15:00 EST,43.32613,-76.10445,453,30.7,30.8,30.7,89.8,28.0,0.000,0.000,0.00,0.000,0.2,0.9,0.3,100,0,0.8,1.3,0.3,212,31,0.2,0.9,0.3,100,0,0,29.80,,0,0,0,39.5,45.1,46.5,0.44,0.19,0.40
CSQR,2015-11-29 05:20:00 EST,43.32613,-76.10445,453,30.8,30.7,30.8,90.1,28.2,0.000,0.000,0.00,0.000,0.1,0.6,0.2,99,0,0.9,1.3,0.3,326,16,0.1,0.6,0.2,99,0,0,29.80,,0,0,0,39.5,45.1,46.5,0.44,0.19,0.40
CSQR,2015-11-29 05:25:00 EST,43.32613,-76.10445,453,30.9,30.8,30.9,89.9,28.3,0.000,0.000,0.00,0.000,0.0,0.0,0.0,0,0,0.5,1.1,0.3,114,68,0.0,0.0,0.0,0,0,0,29.80,,0,0,0,39.4,45.1,46.5,0.44,0.19,0.40
CSQR,2015-11-29 05:30:00 EST,43.32613,-76.10445,453,31.0,30.9,31.0,89.0,28.1,0.000,0.000,0.00,0.000,1.3,2.0,0.4,117,10,1.7,2.5,0.3,116,9,1.3,2.0,0.4,117,10,0,29.80,,0,0,0,39.4,45.1,46.5,0.44,0.19,0.40
CSQR,2015-11-29 05:35:00 EST,43.32613,-76.10445,453,31.1,30.9,31.1,86.9,27.6,0.000,0.000,0.00,0.000,0.9,1.2,0.1,124,0,1.1,1.3,0.1,123,11,0.9,1.2,0.1,124,0,0,29.80,,0,0,0,39.5,45.1,46.5,0.44,0.19,0.40
CSQR,2015-11-29 05:40:00 EST,43.32613,-76.10445,453,31.0,31.1,31.0,87.0,27.6,0.000,0.000,0.00,0.000,1.6,1.9,0.2,132,8,1.7,2.2,0.3,138,7,1.6,1.9,0.2,132,8,0,29.80,,0,0,0,39.4,45.1,46.5,0.44,0.19,0.40
CSQR,2015-11-29 05:45:00 EST,43.32613,-76.10445,453,30.9,31.0,30.9,88.4,27.9,0.000,0.000,0.00,0.000,0.9,1.8,0.6,148,1,1.6,2.2,0.2,116,21,0.9,1.8,0.6,148,1,0,29.80,,0,0,0,39.4,45.1,46.5,0.44,0.19,0.40
CSQR,2015-11-29 05:50:00 EST,43.32613,-76.10445,453,31.1,31.1,31.1,87.2,27.8,0.000,0.000,0.00,0.000,0.1,1.2,0.3,60,17,1.4,2.0,0.2,65,27,0.1,1.2,0.3,60,17,0,29.80,,0,0,0,39.5,45.1,46.5,0.44,0.19,0.40
CSQR,2015-11-29 05:55:00 EST,43.32613,-76.10445,453,31.1,31.1,31.1,88.2,28.0,0.000,0.000,0.00,0.000,0.4,1.3,0.4,41,0,0.8,1.6,0.4,57,31,0.4,1.3,0.4,41,0,0,29.80,,0,0,0,39.5,45.1,46.4,0.44,0.19,0.40
CSQR,2015-11-29 06:00:00 EST,43.32613,-76.10445,453,31.2,31.0,31.2,87.9,28.0,0.000,0.000,0.00,0.000,0.0,0.0,0.0,0,0,0.6,1.1,0.2,185,32,0.0,0.0,0.0,0,0,0,29.80,,0,0,0,39.4,45.1,46.5,0.44,0.19,0.40
CSQR,2015-11-29 06:05:00 EST,43.32613,-76.10445,453,31.2,31.0,31.2,88.6,28.2,0.000,0.000,0.00,0.000,0.0,0.0,0.0,0,0,0.4,1.3,0.2,9,55,0.0,0.0,0.0,0,0,0,29.80,,0,0,0,39.4,45.1,46.5,0.44,0.19,0.40
CSQR,2015-11-29 06:10:00 EST,43.32613,-76.10445,453,31.0,30.9,31.0,90.6,28.6,0.000,0.000,0.00,0.000,0.0,0.0,0.0,0,0,0.3,0.7,0.1,249,40,0.0,0.0,0.0,0,0,0,29.81,,0,0,0,39.4,45.1,46.4,0.44,0.19,0.40
CSQR,2015-11-29 06:15:00 EST,43.32613,-76.10445,453,31.0,30.9,31.0,91.1,28.6,0.000,0.000,0.00,0.000,0.0,0.0,0.0,0,0,0.5,0.9,0.3,5,37,0.0,0.0,0.0,0,0,0,29.81,,0,0,0,39.4,45.1,46.4,0.44,0.19,0.40
CSQR,2015-11-29 06:20:00 EST,43.32613,-76.10445,453,31.0,30.9,31.0,91.1,28.7,0.000,0.000,0.00,0.000,0.0,0.0,0.0,0,0,0.5,1.3,0.2,253,48,0.0,0.0,0.0,0,0,0,29.81,,0,0,0,39.4,45.1,46.5,0.44,0.19,0.40
CSQR,2015-11-29 06:25:00 EST,43.32613,-76.10445,453,31.1,31.0,31.1,91.2,28.8,0.000,0.000,0.00,0.000,0.1,0.9,0.2,41,0,0.7,1.3,0.3,276,35,0.1,0.9,0.2,41,0,0,29.81,,0,0,0,39.4,45.1,46.5,0.44,0.19,0.40
CSQR,2015-11-29 06:30:00 EST,43.32613,-76.10445,453,31.1,31.1,31.1,90.7,28.7,0.000,0.000,0.00,0.000,0.8,1.5,0.5,330,4,1.3,2.0,0.4,333,12,0.8,1.5,0.5,330,4,0,29.81,,0,0,0,39.4,45.0,46.4,0.44,0.19,0.40
CSQR,2015-11-29 06:35:00 EST,43.32613,-76.10445,453,31.3,31.3,31.3,89.0,28.4,0.000,0.000,0.00,0.000,0.6,1.3,0.4,305,21,1.1,1.6,0.2,292,17,0.6,1.3,0.4,305,21,0,29.81,,0,0,0,39.4,45.1,46.5,0.44,0.19,0.40
CSQR,2015-11-29 06:40:00 EST,43.32613,-76.10445,453,31.1,31.2,31.1,89.5,28.4,0.000,0.000,0.00,0.000,0.8,1.3,0.2,289,0,1.1,1.6,0.2,291,15,0.8,1.3,0.2,289,0,0,29.82,,0,0,0,39.4,45.0,46.4,0.44,0.19,0.40
CSQR,2015-11-29 06:45:00 EST,43.32613,-76.10445,453,31.2,31.2,31.2,87.9,28.0,0.000,0.000,0.00,0.000,1.1,2.0,0.3,281,14,1.3,2.5,0.4,272,22,1.1,2.0,0.3,281,14,0,29.82,,0,0,0,39.4,45.0,46.4,0.44,0.19,0.40
CSQR,2015-11-29 06:50:00 EST,43.32613,-76.10445,453,31.0,31.1,31.0,88.9,28.1,0.000,0.000,0.00,0.000,0.6,1.2,0.3,245,0,0.8,1.3,0.2,230,15,0.6,1.2,0.3,245,0,0,29.82,,0,0,0,39.4,45.0,46.4,0.44,0.19,0.40
CSQR,2015-11-29 06:55:00 EST,43.32613,-76.10445,453,30.5,30.8,30.5,92.3,28.5,0.000,0.000,0.00,0.000,0.0,0.2,0.0,245,0,0.5,1.1,0.2,218,38,0.0,0.2,0.0,245,0,0,29.82,,0,0,0,39.4,45.0,46.4,0.44,0.19,0.40
CSQR,2015-11-29 07:00:00 EST,43.32613,-76.10445,453,30.4,30.8,30.4,93.6,28.8,0.000,0.000,0.00,0.000,0.2,0.8,0.3,246,0,0.6,1.1,0.3,252,29,0.2,0.8,0.3,246,0,0,29.82,,0,0,0,39.4,45.0,46.4,0.44,0.19,0.40
CSQR,2015-11-29 07:05:00 EST,43.32613,-76.10445,453,30.5,30.7,30.5,94.4,29.1,0.000,0.000,0.00,0.000,0.1,0.5,0.1,246,0,1.0,1.6,0.2,290,13,0.1,0.5,0.1,246,0,0,29.82,,0,0,0,39.3,45.0,46.4,0.44,0.19,0.40
CSQR,2015-11-29 07:10:00 EST,43.32613,-76.10445,453,30.7,30.7,30.7,92.9,28.9,0.000,0.000,0.00,0.000,1.3,2.6,0.6,289,12,1.6,3.1,0.4,289,15,1.3,2.6,0.6,289,12,1,29.82,,0,0,0,39.3,45.0,46.4,0.44,0.19,0.40
CSQR,2015-11-29 07:15:00 EST,43.32613,-76.10445,453,30.8,30.8,30.8,90.3,28.3,0.000,0.000,0.00,0.000,2.3,3.9,0.8,284,10,2.5,4.5,0.8,282,11,2.3,3.9,0.8,284,10,1,29.82,,0,0,0,39.3,45.0,46.4,0.44,0.19,0.40
CSQR,2015-11-29 07:20:00 EST,43.32613,-76.10445,453,30.9,30.9,30.9,89.7,28.2,0.000,0.000,0.00,0.000,2.7,4.2,0.5,279,8,3.1,5.4,0.6,277,9,2.7,4.2,0.5,279,8,3,29.83,,0,0,0,39.2,45.0,46.4,0.44,0.19,0.40
CSQR,2015-11-29 07:25:00 EST,43.32613,-76.10445,453,30.9,30.9,30.9,90.0,28.3,0.000,0.000,0.00,0.000,2.5,3.9,0.4,277,8,2.9,4.7,0.5,275,9,2.5,3.9,0.4,277,8,4,29.83,,0,0,0,39.2,45.0,46.4,0.44,0.19,0.40
CSQR,2015-11-29 07:30:00 EST,43.32613,-76.10445,453,31.0,31.0,31.0,89.8,28.4,0.000,0.000,0.00,0.000,2.7,4.0,0.5,277,8,3.1,4.5,0.5,275,8,2.7,4.0,0.5,277,8,6,29.83,,0,0,0,39.2,45.0,46.4,0.44,0.19,0.40
CSQR,2015-11-29 07:35:00 EST,43.32613,-76.10445,453,31.1,31.2,28.0,89.2,28.3,0.000,0.000,0.00,0.000,3.3,5.0,0.7,280,6,3.7,5.6,0.8,277,8,3.3,5.0,0.7,280,6,8,29.83,,0,0,0,39.2,45.0,46.4,0.44,0.19,0.40
CSQR,2015-11-29 07:40:00 EST,43.32613,-76.10445,453,31.3,31.2,31.3,88.7,28.3,0.000,0.000,0.00,0.000,2.8,4.5,0.6,292,9,2.9,4.7,0.7,290,10,2.8,4.5,0.6,292,9,10,29.83,,0,0,0,39.2,45.0,46.4,0.44,0.19,0.40
CSQR,2015-11-29 07:45:00 EST,43.32613,-76.10445,453,31.3,31.2,31.3,88.2,28.3,0.000,0.000,0.00,0.000,2.8,4.2,0.6,285,11,3.1,4.7,0.7,283,12,2.8,4.2,0.6,285,11,14,29.83,,0,0,0,39.2,45.0,46.4,0.44,0.19,0.40
CSQR,2015-11-29 07:50:00 EST,43.32613,-76.10445,453,31.4,31.3,31.4,88.2,28.3,0.000,0.000,0.00,0.000,2.7,3.5,0.4,296,8,2.8,3.8,0.5,295,10,2.7,3.5,0.4,296,8,14,29.84,,0,0,0,39.2,44.9,46.4,0.44,0.19,0.40
CSQR,2015-11-29 07:55:00 EST,43.32613,-76.10445,453,31.4,31.3,31.4,88.2,28.3,0.000,0.000,0.00,0.000,1.5,2.3,0.4,309,11,1.7,2.7,0.4,308,13,1.5,2.3,0.4,309,11,18,29.84,,0,0,0,39.2,45.0,46.4,0.44,0.19,0.40
CSQR,2015-11-29 08:00:00 EST,43.32613,-76.10445,453,31.5,31.3,31.5,88.1,28.3,0.000,0.000,0.00,0.000,2.0,3.1,0.4,286,18,2.2,3.4,0.5,283,18,2.0,3.1,0.4,286,18,20,29.84,,0,0,0,39.2,45.0,46.3,0.44,0.19,0.40
CSQR,2015-11-29 08:05:00 EST,43.32613,-76.10445,453,31.4,31.4,31.4,88.2,28.4,0.000,0.000,0.00,0.000,2.7,4.2,0.6,281,13,3.0,4.5,0.6,279,14,2.7,4.2,0.6,281,13,28,29.83,,0,0,0,39.2,44.9,46.4,0.44,0.19,0.40
CSQR,2015-11-29 08:10:00 EST,43.32613,-76.10445,453,31.5,31.4,31.5,87.6,28.3,0.000,0.000,0.00,0.000,2.2,3.4,0.6,284,13,2.4,4.0,0.7,284,14,2.2,3.4,0.6,284,13,36,29.84,,0,0,0,39.2,44.9,46.4,0.44,0.19,0.40
CSQR,2015-11-29 08:15:00 EST,43.32613,-76.10445,453,31.7,31.6,31.7,85.9,28.0,0.000,0.000,0.00,0.000,2.9,5.0,0.8,294,16,3.2,5.8,0.9,290,17,2.9,5.0,0.8,294,16,39,29.84,,0,0,0,39.2,44.9,46.3,0.44,0.19,0.40
CSQR,2015-11-29 08:20:00 EST,43.32613,-76.10445,453,31.8,31.6,31.8,85.2,27.9,0.000,0.000,0.00,0.000,2.8,4.3,0.9,284,12,3.2,5.4,1.0,280,12,2.8,4.3,0.9,284,12,44,29.84,,0,0,0,39.2,44.9,46.4,0.44,0.19,0.40
CSQR,2015-11-29 08:25:00 EST,43.32613,-76.10445,453,31.8,31.7,29.0,85.3,27.9,0.000,0.000,0.00,0.000,3.1,5.0,0.7,276,12,3.5,5.6,0.9,274,11,3.1,5.0,0.7,276,12,46,29.84,,0,0,0,39.2,44.9,46.4,0.44,0.19,0.40
CSQR,2015-11-29 08:30:00 EST,43.32613,-76.10445,453,31.9,31.7,28.8,84.0,27.6,0.000,0.000,0.00,0.000,3.3,4.7,0.5,280,11,3.7,5.6,0.6,278,11,3.3,4.7,0.5,280,11,55,29.84,,0,0,0,39.2,44.9,46.3,0.44,0.19,0.40
CSQR,2015-11-29 08:35:00 EST,43.32613,-76.10445,453,32.0,31.7,28.9,83.9,27.6,0.000,0.000,0.00,0.000,3.3,5.2,0.7,273,14,3.7,6.3,0.8,271,14,3.3,5.2,0.7,273,14,55,29.84,,0,0,0,39.2,44.9,46.3,0.44,0.19,0.40
CSQR,2015-11-29 08:40:00 EST,43.32613,-76.10445,453,32.1,31.8,28.1,83.5,27.6,0.000,0.000,0.00,0.000,4.0,6.6,1.0,285,16,4.4,6.9,1.0,282,17,4.0,6.6,1.0,285,16,101,29.84,,0,0,0,39.2,44.9,46.4,0.44,0.19,0.40
CSQR,2015-11-29 08:45:00 EST,43.32613,-76.10445,453,32.2,31.9,26.0,80.4,26.8,0.000,0.000,0.00,0.000,6.6,10.8,1.7,286,15,7.0,11.0,1.7,284,15,6.6,10.8,1.7,286,15,134,29.84,,0,0,0,39.2,44.9,46.3,0.44,0.19,0.40
CSQR,2015-11-29 08:50:00 EST,43.32613,-76.10445,453,32.5,32.1,25.8,78.1,26.5,0.000,0.000,0.00,0.000,7.6,11.3,1.7,288,13,8.2,13.2,1.8,285,12,7.6,11.3,1.7,288,13,177,29.84,,0,0,0,39.2,44.9,46.3,0.44,0.19,0.40
CSQR,2015-11-29 08:55:00 EST,43.32613,-76.10445,453,32.5,32.1,27.2,77.7,26.3,0.000,0.000,0.00,0.000,5.5,10.7,1.8,289,17,6.1,11.2,1.8,286,16,5.5,10.7,1.8,289,17,115,29.84,,0,0,0,39.2,44.8,46.3,0.44,0.19,0.40
CSQR,2015-11-29 09:00:00 EST,43.32613,-76.10445,453,32.4,32.0,26.1,78.0,26.3,0.000,0.000,0.00,0.000,6.8,10.4,1.7,295,16,7.3,11.6,1.7,292,16,6.8,10.4,1.7,295,16,84,29.84,,0,0,0,39.3,44.8,46.3,0.44,0.19,0.40
CSQR,2015-11-29 09:05:00 EST,43.32613,-76.10445,453,32.2,31.9,25.6,78.5,26.3,0.000,0.000,0.00,0.000,7.2,9.3,1.0,295,16,7.7,10.7,1.1,292,14,7.2,9.3,1.0,295,16,74,29.84,,0,0,0,39.3,44.8,46.3,0.44,0.19,0.40
CSQR,2015-11-29 09:10:00 EST,43.32613,-76.10445,453,31.9,31.7,26.0,77.9,25.8,0.000,0.000,0.00,0.000,6.1,9.3,1.3,298,13,6.5,9.2,1.3,295,12,6.1,9.3,1.3,298,13,71,29.84,,0,0,0,39.3,44.8,46.3,0.44,0.19,0.40
CSQR,2015-11-29 09:15:00 EST,43.32613,-76.10445,453,31.8,31.6,25.5,78.2,25.8,0.000,0.000,0.00,0.000,6.6,9.2,1.3,293,12,7.0,9.4,1.3,291,11,6.6,9.2,1.3,293,12,55,29.84,,0,0,0,39.3,44.8,46.2,0.44,0.19,0.40
CSQR,2015-11-29 09:20:00 EST,43.32613,-76.10445,453,31.7,31.5,26.0,78.2,25.7,0.000,0.000,0.00,0.000,5.8,9.1,1.5,284,10,6.3,10.1,1.6,281,9,5.8,9.1,1.5,284,10,67,29.84,,0,0,0,39.3,44.8,46.3,0.44,0.19,0.40
CSQR,2015-11-29 09:25:00 EST,43.32613,-76.10445,453,32.1,31.8,25.7,76.7,25.6,0.000,0.000,0.00,0.000,6.9,9.0,0.9,278,10,7.6,10.3,1.0,275,9,6.9,9.0,0.9,278,10,152,29.84,,0,0,0,39.3,44.9,46.2,0.44,0.19,0.40
CSQR,2015-11-29 09:30:00 EST,43.32613,-76.10445,453,32.5,32.1,25.2,74.5,25.3,0.000,0.000,0.00,0.000,8.6,12.3,1.7,285,11,9.3,13.2,1.8,282,11,8.6,12.3,1.7,285,11,183,29.84,,0,0,0,39.3,44.8,46.2,0.44,0.19,0.40
CSQR,2015-11-29 09:35:00 EST,43.32613,-76.10445,453,33.1,32.5,27.1,72.4,25.2,0.000,0.000,0.00,0.000,6.5,8.9,1.2,286,12,7.1,10.5,1.3,284,11,6.5,8.9,1.2,286,12,257,29.84,,0,0,0,39.3,44.8,46.2,0.44,0.19,0.40
CSQR,2015-11-29 09:40:00 EST,43.32613,-76.10445,453,33.6,32.8,27.5,72.3,25.6,0.000,0.000,0.00,0.000,6.8,10.9,1.9,282,14,7.4,11.6,1.9,280,14,6.8,10.9,1.9,282,14,264,29.84,,0,0,0,39.3,44.8,46.2,0.44,0.19,0.40
CSQR,2015-11-29 09:45:00 EST,43.32613,-76.10445,453,33.3,32.7,26.5,71.8,25.2,0.000,0.000,0.00,0.000,7.9,11.3,1.6,291,14,8.6,12.1,1.7,289,13,7.9,11.3,1.6,291,14,226,29.84,,0,0,0,39.4,44.8,46.2,0.44,0.19,0.40
CSQR,2015-11-29 09:50:00 EST,43.32613,-76.10445,453,33.4,33.0,27.6,71.9,25.3,0.000,0.000,0.00,0.000,6.4,12.8,2.0,303,21,7.3,15.9,2.4,299,21,6.4,12.8,2.0,303,21,73,29.85,,0,0,0,39.4,44.8,46.2,0.44,0.19,0.40
CSQR,2015-11-29 09:55:00 EST,43.32613,-76.10445,453,32.7,32.4,26.2,72.1,24.7,0.000,0.000,0.00,0.000,7.2,10.9,1.8,297,19,8.1,12.8,2.1,293,19,7.2,10.9,1.8,297,19,75,29.85,,0,0,0,39.5,44.8,46.1,0.44,0.19,0.40
CSQR,2015-11-29 10:00:00 EST,43.32613,-76.10445,453,32.6,32.3,25.5,71.8,24.5,0.000,0.000,0.00,0.000,8.1,11.0,1.6,301,12,8.5,13.0,1.8,299,12,8.1,11.0,1.6,301,12,93,29.85,,0,0,0,39.6,44.8,46.1,0.44,0.19,0.40
CSQR,2015-11-29 10:05:00 EST,43.32613,-76.10445,453,32.9,32.4,27.2,72.9,25.1,0.000,0.000,0.00,0.000,6.1,9.0,1.3,282,11,6.8,10.3,1.4,279,10,6.1,9.0,1.3,282,11,142,29.85,,0,0,0,39.7,44.8,46.2,0.44,0.19,0.40
CSQR,2015-11-29 10:10:00 EST,43.32613,-76.10445,453,33.2,32.6,27.3,72.6,25.3,0.000,0.000,0.00,0.000,6.4,9.1,1.1,279,10,7.1,10.1,1.3,277,10,6.4,9.1,1.1,279,10,138,29.85,,0,0,0,39.7,44.8,46.1,0.44,0.19,0.40
CSQR,2015-11-29 10:15:00 EST,43.32613,-76.10445,453,33.1,32.6,27.0,72.5,25.2,0.000,0.000,0.00,0.000,6.8,12.2,2.2,276,10,7.4,13.2,2.5,274,10,6.8,12.2,2.2,276,10,107,29.85,,0,0,0,39.7,44.8,46.2,0.44,0.19,0.40
CSQR,2015-11-29 10:20:00 EST,43.32613,-76.10445,453,33.3,32.7,27.2,74.0,25.9,0.000,0.000,0.00,0.000,6.7,9.5,1.5,267,13,7.4,10.3,1.6,265,13,6.7,9.5,1.5,267,13,80,29.85,,0,0,0,39.8,44.8,46.1,0.44,0.19,0.40
CSQR,2015-11-29 10:25:00 EST,43.32613,-76.10445,453,33.2,32.8,27.0,73.4,25.6,0.000,0.000,0.00,0.000,6.9,9.1,1.0,284,12,7.4,9.4,1.1,283,12,6.9,9.1,1.0,284,12,73,29.85,,0,0,0,39.9,44.8,46.1,0.44,0.19,0.40
CSQR,2015-11-29 10:30:00 EST,43.32613,-76.10445,453,33.2,32.7,26.8,73.9,25.7,0.000,0.000,0.00,0.000,7.2,10.6,1.9,278,10,7.9,11.6,2.1,275,8,7.2,10.6,1.9,278,10,66,29.85,,0,0,0,40.0,44.7,46.2,0.44,0.19,0.40
CSQR,2015-11-29 10:35:00 EST,43.32613,-76.10445,453,33.1,32.7,28.7,74.2,25.7,0.000,0.000,0.00,0.000,4.6,8.5,1.5,300,16,4.9,9.2,1.6,298,15,4.6,8.5,1.5,300,16,62,29.85,,0,0,0,39.9,44.8,46.2,0.44,0.19,0.40
CSQR,2015-11-29 10:40:00 EST,43.32613,-76.10445,453,33.2,32.9,29.3,73.7,25.7,0.000,0.000,0.00,0.000,4.2,7.5,1.1,323,19,4.6,8.1,1.3,323,18,4.2,7.5,1.1,323,19,76,29.85,,0,0,0,40.0,44.8,46.2,0.44,0.19,0.40
CSQR,2015-11-29 10:45:00 EST,43.32613,-76.10445,453,32.9,32.5,26.1,71.7,24.8,0.000,0.000,0.00,0.000,7.7,12.6,1.8,318,13,7.9,12.8,1.8,317,12,7.7,12.6,1.8,318,13,98,29.85,,0,0,0,40.1,44.8,46.1,0.44,0.19,0.40
CSQR,2015-11-29 10:50:00 EST,43.32613,-76.10445,453,33.1,32.6,27.6,71.9,25.0,0.000,0.000,0.00,0.000,5.8,9.5,1.4,324,18,6.3,9.8,1.4,323,19,5.8,9.5,1.4,324,18,133,29.85,,0,0,0,40.1,44.7,46.1,0.44,0.19,0.40
CSQR,2015-11-29 10:55:00 EST,43.32613,-76.10445,453,33.0,32.5,26.2,71.1,24.6,0.000,0.000,0.00,0.000,7.7,10.4,1.3,296,12,8.1,10.7,1.3,294,13,7.7,10.4,1.3,296,12,152,29.84,,0,0,0,40.2,44.7,46.1,0.44,0.19,0.40
CSQR,2015-11-29 11:00:00 EST,43.32613,-76.10445,453,33.2,32.5,28.8,71.2,24.9,0.000,0.000,0.00,0.000,4.6,7.6,1.7,299,20,5.0,8.1,1.7,296,20,4.6,7.6,1.7,299,20,252,29.84,,0,0,0,40.2,44.7,46.1,0.44,0.19,0.40
CSQR,2015-11-29 11:05:00 EST,43.32613,-76.10445,453,33.3,32.6,28.0,70.2,24.6,0.000,0.000,0.00,0.000,5.7,8.5,1.5,264,11,6.2,9.6,1.6,262,11,5.7,8.5,1.5,264,11,145,29.84,,0,0,0,40.3,44.7,46.1,0.44,0.19,0.40
CSQR,2015-11-29 11:10:00 EST,43.32613,-76.10445,453,33.6,32.9,28.2,70.9,25.1,0.000,0.000,0.00,0.000,5.8,9.1,1.5,256,13,6.6,9.6,1.5,255,13,5.8,9.1,1.5,256,13,180,29.84,,0,0,0,40.3,44.7,46.1,0.44,0.19,0.40
CSQR,2015-11-29 11:15:00 EST,43.32613,-76.10445,453,33.6,33.0,27.3,70.2,24.9,0.000,0.000,0.00,0.000,7.3,9.4,1.4,279,12,7.9,10.5,1.4,276,11,7.3,9.4,1.4,279,12,213,29.84,,0,0,0,40.4,44.7,46.1,0.44,0.19,0.40
CSQR,2015-11-29 11:20:00 EST,43.32613,-76.10445,453,33.7,32.9,28.1,71.2,25.4,0.000,0.000,0.00,0.000,6.2,11.0,1.7,285,9,6.8,12.3,1.9,283,9,6.2,11.0,1.7,285,9,158,29.84,,0,0,0,40.5,44.7,46.1,0.44,0.19,0.40
CSQR,2015-11-29 11:25:00 EST,43.32613,-76.10445,453,33.6,32.9,28.7,72.6,25.7,0.000,0.000,0.00,0.000,5.3,8.8,1.6,301,28,5.8,10.1,1.7,300,30,5.3,8.8,1.6,301,28,157,29.84,,0,0,0,40.6,44.7,46.1,0.44,0.19,0.40
CSQR,2015-11-29 11:30:00 EST,43.32613,-76.10445,453,33.4,33.0,29.1,74.5,26.1,0.000,0.000,0.00,0.000,4.6,9.4,1.4,322,20,5.1,8.9,1.4,319,19,4.6,9.4,1.4,322,20,117,29.84,,0,0,0,40.7,44.7,46.0,0.44,0.19,0.40
CSQR,2015-11-29 11:35:00 EST,43.32613,-76.10445,453,33.0,32.5,27.6,75.3,26.0,0.000,0.000,0.00,0.000,5.7,9.3,1.7,320,15,5.9,9.2,1.7,319,16,5.7,9.3,1.7,320,15,192,29.84,,0,0,0,40.8,44.7,46.1,0.44,0.19,0.40
CSQR,2015-11-29 11:40:00 EST,43.32613,-76.10445,453,34.0,33.4,34.0,72.3,26.0,0.000,0.000,0.00,0.000,2.8,7.6,1.9,343,28,3.5,8.9,2.0,341,30,2.8,7.6,1.9,343,28,384,29.83,,0,0,0,40.9,44.6,46.1,0.44,0.19,0.40
CSQR,2015-11-29 11:45:00 EST,43.32613,-76.10445,453,33.6,33.2,28.4,70.9,25.2,0.000,0.000,0.00,0.000,5.7,12.1,3.2,320,21,6.1,11.2,3.0,318,23,5.7,12.1,3.2,320,21,84,29.83,,0,0,0,41.0,44.7,46.0,0.44,0.19,0.40
CSQR,2015-11-29 11:50:00 EST,43.32613,-76.10445,453,32.7,32.5,26.3,72.0,24.7,0.000,0.000,0.00,0.000,7.1,10.6,1.3,325,13,7.6,12.1,1.5,325,13,7.1,10.6,1.3,325,13,52,29.84,,0,0,0,41.0,44.6,46.1,0.44,0.19,0.40
CSQR,2015-11-29 11:55:00 EST,43.32613,-76.10445,453,33.0,32.7,28.8,72.1,25.0,0.000,0.000,0.00,0.000,4.5,7.1,1.2,308,25,4.9,8.3,1.4,305,24,4.5,7.1,1.2,308,25,299,29.84,,0,0,0,41.1,44.7,46.0,0.44,0.19,0.40
CSQR,2015-11-29 12:00:00 EST,43.32613,-76.10445,453,34.5,33.5,28.9,70.5,25.9,0.000,0.000,0.00,0.000,6.4,10.4,1.9,283,17,7.0,11.9,2.1,280,16,6.4,10.4,1.9,283,17,423,29.84,,0,0,0,41.1,44.6,46.0,0.44,0.19,0.40
CSQR,2015-11-29 12:05:00 EST,43.32613,-76.10445,453,34.9,34.0,29.5,67.7,25.3,0.000,0.000,0.00,0.000,6.1,10.1,1.9,282,16,6.9,11.2,2.0,281,14,6.1,10.1,1.9,282,16,465,29.84,,0,0,0,41.2,44.7,46.0,0.43,0.19,0.40
CSQR,2015-11-29 12:10:00 EST,43.32613,-76.10445,453,35.4,34.7,30.9,67.8,25.8,0.000,0.000,0.00,0.000,5.2,10.2,2.5,316,20,5.6,12.5,2.5,314,24,5.2,10.2,2.5,316,20,363,29.84,,0,0,0,41.3,44.7,46.0,0.44,0.19,0.40
CSQR,2015-11-29 12:15:00 EST,43.32613,-76.10445,453,33.4,33.0,26.4,65.9,23.3,0.000,0.000,0.00,0.000,8.3,11.8,1.7,329,10,8.6,12.5,1.8,328,11,8.3,11.8,1.7,329,10,73,29.84,,0,0,0,41.4,44.6,46.0,0.44,0.19,0.40
CSQR,2015-11-29 12:20:00 EST,43.32613,-76.10445,453,34.1,33.5,29.3,68.8,24.9,0.000,0.000,0.00,0.000,5.3,8.7,1.4,300,21,5.9,10.1,1.6,299,20,5.3,8.7,1.4,300,21,298,29.84,,0,0,0,41.6,44.7,46.0,0.44,0.19,0.40
CSQR,2015-11-29 12:25:00 EST,43.32613,-76.10445,453,34.8,33.8,30.2,65.8,24.5,0.000,0.000,0.00,0.000,5.2,8.6,1.8,311,17,5.6,9.2,1.7,310,17,5.2,8.6,1.8,311,17,471,29.84,,0,0,0,41.7,44.6,46.0,0.44,0.19,0.40
CSQR,2015-11-29 12:30:00 EST,43.32613,-76.10445,453,35.2,34.4,30.0,66.0,25.0,0.000,0.000,0.00,0.000,6.0,11.4,3.3,330,25,6.8,12.3,3.2,329,29,6.0,11.4,3.3,330,25,298,29.84,,0,0,0,41.7,44.6,46.0,0.44,0.19,0.40
CSQR,2015-11-29 12:35:00 EST,43.32613,-76.10445,453,34.3,33.7,28.3,64.6,23.6,0.000,0.000,0.00,0.000,6.9,11.8,2.4,326,27,7.2,12.5,2.3,326,26,6.9,11.8,2.4,326,27,170,29.84,,0,0,0,41.9,44.6,46.0,0.44,0.19,0.40
CSQR,2015-11-29 12:40:00 EST,43.32613,-76.10445,453,34.3,33.7,27.8,63.8,23.3,0.000,0.000,0.00,0.000,7.7,11.8,1.4,306,14,8.0,11.9,1.5,304,14,7.7,11.8,1.4,306,14,289,29.84,,0,0,0,42.0,44.6,46.0,0.43,0.19,0.40
CSQR,2015-11-29 12:45:00 EST,43.32613,-76.10445,453,34.0,33.6,27.6,63.8,23.0,0.000,0.000,0.00,0.000,7.5,11.9,2.2,309,14,7.8,12.3,2.3,309,13,7.5,11.9,2.2,309,14,98,29.84,,0,0,0,42.1,44.6,46.0,0.43,0.19,0.40
CSQR,2015-11-29 12:50:00 EST,43.32613,-76.10445,453,33.5,33.2,27.5,66.0,23.4,0.000,0.000,0.00,0.000,6.7,10.8,1.6,298,13,7.1,11.6,1.6,297,13,6.7,10.8,1.6,298,13,196,29.84,,0,0,0,42.1,44.6,46.0,0.43,0.19,0.40
CSQR,2015-11-29 12:55:00 EST,43.32613,-76.10445,453,35.1,34.0,29.7,66.8,25.1,0.000,0.000,0.00,0.000,6.2,9.8,1.7,275,15,7.0,11.9,1.8,273,13,6.2,9.8,1.7,275,15,459,29.84,,0,0,0,42.2,44.6,46.0,0.43,0.19,0.40
CSQR,2015-11-29 13:00:00 EST,43.32613,-76.10445,453,35.5,34.6,29.8,64.5,24.7,0.000,0.000,0.00,0.000,7.0,10.1,1.3,284,12,7.8,11.0,1.3,281,10,7.0,10.1,1.3,284,12,361,29.84,,0,0,0,42.3,44.6,45.9,0.43,0.19,0.40
CSQR,2015-11-29 13:05:00 EST,43.32613,-76.10445,453,35.3,34.5,27.2,59.8,22.7,0.000,0.000,0.00,0.000,11.3,15.9,2.2,310,17,11.7,16.8,2.4,307,17,11.3,15.9,2.2,310,17,341,29.84,,0,0,0,42.3,44.7,46.0,0.43,0.19,0.40
CSQR,2015-11-29 13:10:00 EST,43.32613,-76.10445,453,34.0,33.7,26.9,60.2,21.6,0.000,0.000,0.00,0.000,8.8,12.2,1.9,327,18,9.3,13.0,2.0,328,15,8.8,12.2,1.9,327,18,109,29.85,,0,0,0,42.4,44.6,46.0,0.43,0.19,0.40
CSQR,2015-11-29 13:15:00 EST,43.32613,-76.10445,453,34.3,33.7,28.1,63.2,23.0,0.000,0.000,0.00,0.000,7.1,12.4,2.6,331,14,7.6,13.0,2.6,331,14,7.1,12.4,2.6,331,14,366,29.85,,0,0,0,42.4,44.6,46.0,0.43,0.19,0.40
CSQR,2015-11-29 13:20:00 EST,43.32613,-76.10445,453,35.4,34.5,28.2,61.9,23.6,0.000,0.000,0.00,0.000,9.5,14.5,2.1,298,20,10.2,17.2,2.5,297,19,9.5,14.5,2.1,298,20,367,29.85,,0,0,0,42.4,44.6,46.0,0.43,0.19,0.40
CSQR,2015-11-29 13:25:00 EST,43.32613,-76.10445,453,35.3,34.5,29.0,62.0,23.5,0.000,0.000,0.00,0.000,7.7,10.7,1.8,301,22,8.3,11.9,1.8,299,23,7.7,10.7,1.8,301,22,313,29.85,,0,0,0,42.4,44.6,45.9,0.44,0.19,0.40
CSQR,2015-11-29 13:30:00 EST,43.32613,-76.10445,453,35.1,34.5,28.9,59.1,22.2,0.000,0.000,0.00,0.000,7.5,11.7,2.1,336,21,8.4,14.1,2.4,337,19,7.5,11.7,2.1,336,21,311,29.85,,0,0,0,42.4,44.6,46.0,0.44,0.19,0.40
CSQR,2015-11-29 13:35:00 EST,43.32613,-76.10445,453,34.1,33.7,27.0,59.7,21.5,0.000,0.000,0.00,0.000,8.7,12.6,2.2,326,13,9.1,13.4,2.1,325,14,8.7,12.6,2.2,326,13,171,29.85,,0,0,0,42.5,44.6,45.9,0.43,0.19,0.40
CSQR,2015-11-29 13:40:00 EST,43.32613,-76.10445,453,34.5,34.0,28.8,61.3,22.6,0.000,0.000,0.00,0.000,6.6,10.2,1.6,315,13,6.9,10.7,1.7,314,12,6.6,10.2,1.6,315,13,325,29.85,,0,0,0,42.5,44.6,46.0,0.43,0.19,0.40
CSQR,2015-11-29 13:45:00 EST,43.32613,-76.10445,453,34.9,34.4,29.4,60.6,22.7,0.000,0.000,0.00,0.000,6.4,11.4,2.5,332,24,7.0,11.4,2.5,332,23,6.4,11.4,2.5,332,24,318,29.85,,0,0,0,42.5,44.6,45.9,0.43,0.19,0.40
CSQR,2015-11-29 13:50:00 EST,43.32613,-76.10445,453,35.0,34.3,28.8,60.7,22.8,0.000,0.000,0.00,0.000,7.4,13.1,2.4,338,24,8.1,14.5,2.5,338,24,7.4,13.1,2.4,338,24,318,29.85,,0,0,0,42.5,44.6,45.9,0.43,0.19,0.40
CSQR,2015-11-29 13:55:00 EST,43.32613,-76.10445,453,34.8,34.2,29.6,62.5,23.3,0.000,0.000,0.00,0.000,6.0,11.3,2.6,311,21,6.7,12.8,2.5,310,21,6.0,11.3,2.6,311,21,238,29.85,,0,0,0,42.5,44.6,45.9,0.43,0.19,0.40
CSQR,2015-11-29 14:00:00 EST,43.32613,-76.10445,453,34.6,34.1,27.3,61.8,22.8,0.000,0.000,0.00,0.000,9.3,16.5,2.4,314,15,9.7,15.2,2.5,314,15,9.3,16.5,2.4,314,15,302,29.85,,0,0,0,42.5,44.6,45.9,0.43,0.19,0.40
CSQR,2015-11-29 14:05:00 EST,43.32613,-76.10445,453,34.8,34.2,28.5,62.0,23.1,0.000,0.000,0.00,0.000,7.5,14.1,2.9,317,15,8.0,16.1,2.7,316,14,7.5,14.1,2.9,317,15,291,29.85,,0,0,0,42.5,44.6,45.9,0.43,0.19,0.40
CSQR,2015-11-29 14:10:00 EST,43.32613,-76.10445,453,34.6,34.0,27.8,61.9,22.8,0.000,0.000,0.00,0.000,8.3,13.7,1.8,322,21,8.9,15.7,2.2,322,21,8.3,13.7,1.8,322,21,286,29.85,,0,0,0,42.4,44.6,45.9,0.44,0.19,0.40
CSQR,2015-11-29 14:15:00 EST,43.32613,-76.10445,453,34.6,34.1,29.5,62.0,22.9,0.000,0.000,0.00,0.000,5.8,11.0,2.1,330,18,6.4,11.4,2.1,328,16,5.8,11.0,2.1,330,18,275,29.85,,0,0,0,42.4,44.6,45.9,0.43,0.19,0.40
CSQR,2015-11-29 14:20:00 EST,43.32613,-76.10445,453,34.8,34.4,31.3,60.4,22.5,0.000,0.000,0.00,0.000,4.0,7.2,1.4,328,23,4.7,7.8,1.5,327,24,4.0,7.2,1.4,328,23,266,29.85,,0,0,0,42.4,44.6,45.9,0.43,0.19,0.40
CSQR,2015-11-29 14:25:00 EST,43.32613,-76.10445,453,35.0,34.5,29.9,61.7,23.2,0.000,0.000,0.00,0.000,5.8,11.0,2.2,324,21,6.6,13.0,2.2,323,21,5.8,11.0,2.2,324,21,258,29.85,,0,0,0,42.4,44.6,45.9,0.43,0.19,0.40
CSQR,2015-11-29 14:30:00 EST,43.32613,-76.10445,453,34.6,34.0,29.6,61.5,22.7,0.000,0.000,0.00,0.000,5.6,11.2,2.0,317,16,6.1,11.4,2.0,316,16,5.6,11.2,2.0,317,16,249,29.85,,0,0,0,42.3,44.6,45.9,0.44,0.19,0.40
CSQR,2015-11-29 14:35:00 EST,43.32613,-76.10445,453,35.0,34.4,29.3,61.9,23.2,0.000,0.000,0.00,0.000,6.6,13.4,2.4,316,15,7.0,13.4,2.3,314,15,6.6,13.4,2.4,316,15,238,29.84,,0,0,0,42.3,44.6,45.9,0.44,0.19,0.40
CSQR,2015-11-29 14:40:00 EST,43.32613,-76.10445,453,34.5,34.1,29.5,60.9,22.4,0.000,0.000,0.00,0.000,5.6,11.3,2.7,334,23,6.4,12.3,2.6,337,20,5.6,11.3,2.7,334,23,229,29.84,,0,0,0,42.2,44.6,45.9,0.43,0.19,0.40
CSQR,2015-11-29 14:45:00 EST,43.32613,-76.10445,453,34.7,34.3,28.7,60.9,22.6,0.000,0.000,0.00,0.000,7.1,12.1,2.1,334,21,8.0,13.9,2.4,335,23,7.1,12.1,2.1,334,21,220,29.84,,0,0,0,42.2,44.7,45.9,0.44,0.19,0.40
CSQR,2015-11-29 14:50:00 EST,43.32613,-76.10445,453,34.5,34.1,29.7,61.0,22.5,0.000,0.000,0.00,0.000,5.4,10.9,1.8,327,19,6.0,11.2,1.9,326,19,5.4,10.9,1.8,327,19,210,29.84,,0,0,0,42.1,44.6,45.9,0.44,0.19,0.40
CSQR,2015-11-29 14:55:00 EST,43.32613,-76.10445,453,34.8,34.4,31.1,60.9,22.7,0.000,0.000,0.00,0.000,4.2,8.3,1.9,338,23,4.8,10.7,2.1,336,22,4.2,8.3,1.9,338,23,201,29.84,,0,0,0,42.1,44.6,45.9,0.43,0.19,0.40
CSQR,2015-11-29 15:00:00 EST,43.32613,-76.10445,453,35.0,34.6,30.4,60.2,22.6,0.000,0.000,0.00,0.000,5.1,10.6,2.1,324,16,5.6,11.4,2.3,323,12,5.1,10.6,2.1,324,16,190,29.84,,0,0,0,42.0,44.6,45.9,0.44,0.19,0.40
CSQR,2015-11-29 15:05:00 EST,43.32613,-76.10445,453,34.9,34.5,30.4,59.6,22.3,0.000,0.000,0.00,0.000,5.1,7.8,1.4,342,25,5.8,9.6,1.4,342,23,5.1,7.8,1.4,342,25,181,29.84,,0,0,0,41.9,44.6,45.9,0.44,0.19,0.40
CSQR,2015-11-29 15:10:00 EST,43.32613,-76.10445,453,34.9,34.6,30.9,60.1,22.4,0.000,0.000,0.00,0.000,4.5,7.7,1.2,311,18,5.0,8.3,1.2,310,16,4.5,7.7,1.2,311,18,171,29.84,,0,0,0,41.9,44.6,45.9,0.44,0.19,0.40
CSQR,2015-11-29 15:15:00 EST,43.32613,-76.10445,453,35.0,34.7,30.4,60.6,22.8,0.000,0.000,0.00,0.000,5.2,12.1,2.2,335,21,5.9,12.8,2.3,333,21,5.2,12.1,2.2,335,21,161,29.84,,0,0,0,41.9,44.6,45.9,0.44,0.19,0.40
CSQR,2015-11-29 15:20:00 EST,43.32613,-76.10445,453,35.0,34.6,31.3,60.8,22.8,0.000,0.000,0.00,0.000,4.2,7.2,1.2,319,20,4.7,7.8,1.3,318,18,4.2,7.2,1.2,319,20,150,29.84,,0,0,0,41.8,44.6,45.9,0.44,0.19,0.40
CSQR,2015-11-29 15:25:00 EST,43.32613,-76.10445,453,34.8,34.5,28.5,60.3,22.4,0.000,0.000,0.00,0.000,7.5,11.3,1.9,327,16,8.2,13.4,2.1,326,16,7.5,11.3,1.9,327,16,140,29.84,,0,0,0,41.7,44.6,45.9,0.44,0.19,0.40
CSQR,2015-11-29 15:30:00 EST,43.32613,-76.10445,453,34.6,34.4,29.5,60.5,22.3,0.000,0.000,0.00,0.000,5.8,11.0,2.2,332,17,6.6,12.8,2.4,331,16,5.8,11.0,2.2,332,17,130,29.85,,0,0,0,41.7,44.7,45.9,0.44,0.19,0.40
CSQR,2015-11-29 15:35:00 EST,43.32613,-76.10445,453,34.6,34.4,29.3,59.8,22.1,0.000,0.000,0.00,0.000,6.1,10.8,1.8,331,14,6.5,12.3,1.9,331,14,6.1,10.8,1.8,331,14,120,29.85,,0,0,0,41.6,44.6,45.9,0.43,0.19,0.40
CSQR,2015-11-29 15:40:00 EST,43.32613,-76.10445,453,34.6,34.4,29.1,60.8,22.4,0.000,0.000,0.00,0.000,6.3,10.4,1.9,317,17,6.7,12.3,2.0,316,16,6.3,10.4,1.9,317,17,110,29.85,,0,0,0,41.6,44.7,45.9,0.43,0.19,0.40
CSQR,2015-11-29 15:45:00 EST,43.32613,-76.10445,453,34.4,34.3,29.3,61.2,22.4,0.000,0.000,0.00,0.000,5.7,11.3,1.9,317,13,6.0,12.1,2.0,316,13,5.7,11.3,1.9,317,13,98,29.85,,0,0,0,41.5,44.7,45.9,0.43,0.19,0.40
CSQR,2015-11-29 15:50:00 EST,43.32613,-76.10445,453,34.4,34.3,28.7,60.7,22.2,0.000,0.000,0.00,0.000,6.6,10.4,1.3,320,16,6.9,11.4,1.3,319,15,6.6,10.4,1.3,320,16,85,29.86,,0,0,0,41.4,44.7,45.9,0.43,0.19,0.40
CSQR,2015-11-29 15:55:00 EST,43.32613,-76.10445,453,34.3,34.3,29.2,61.1,22.3,0.000,0.000,0.00,0.000,5.7,8.3,1.1,322,15,6.0,8.5,1.1,322,16,5.7,8.3,1.1,322,15,71,29.85,,0,0,0,41.3,44.7,45.8,0.43,0.19,0.40
CSQR,2015-11-29 16:00:00 EST,43.32613,-76.10445,453,34.2,34.1,30.0,61.4,22.3,0.000,0.000,0.00,0.000,4.6,8.4,1.3,323,16,5.0,8.7,1.5,321,15,4.6,8.4,1.3,323,16,58,29.85,,0,0,0,41.2,44.7,45.9,0.44,0.19,0.40
CSQR,2015-11-29 16:05:00 EST,43.32613,-76.10445,453,34.1,34.1,29.6,61.6,22.2,0.000,0.000,0.00,0.000,4.9,8.4,1.5,324,15,5.2,8.7,1.6,323,15,4.9,8.4,1.5,324,15,46,29.85,,0,0,0,41.1,44.7,45.9,0.44,0.19,0.40
CSQR,2015-11-29 16:10:00 EST,43.32613,-76.10445,453,33.9,34.0,28.9,61.9,22.2,0.000,0.000,0.00,0.000,5.4,9.3,1.6,326,12,5.7,12.3,1.8,325,12,5.4,9.3,1.6,326,12,32,29.85,,0,0,0,41.0,44.7,45.9,0.44,0.19,0.40
CSQR,2015-11-29 16:15:00 EST,43.32613,-76.10445,453,33.6,33.6,29.0,63.0,22.3,0.000,0.000,0.00,0.000,4.9,9.5,1.4,322,14,4.9,11.4,1.6,321,13,4.9,9.5,1.4,322,14,16,29.85,,0,0,0,41.0,44.7,45.9,0.44,0.19,0.40
CSQR,2015-11-29 16:20:00 EST,43.32613,-76.10445,453,33.3,33.4,28.6,63.8,22.4,0.000,0.000,0.00,0.000,5.0,9.0,1.5,320,14,5.4,9.2,1.5,317,14,5.0,9.0,1.5,320,14,9,29.86,,0,0,0,40.9,44.7,45.9,0.44,0.19,0.40
CSQR,2015-11-29 16:25:00 EST,43.32613,-76.10445,453,33.0,33.2,28.2,64.8,22.5,0.000,0.000,0.00,0.000,5.1,8.3,1.3,317,15,5.4,9.2,1.4,316,15,5.1,8.3,1.3,317,15,6,29.86,,0,0,0,40.8,44.7,45.8,0.44,0.19,0.40
CSQR,2015-11-29 16:30:00 EST,43.32613,-76.10445,453,32.8,33.0,29.1,65.8,22.6,0.000,0.000,0.00,0.000,3.9,5.6,0.6,309,12,4.0,6.3,0.8,309,10,3.9,5.6,0.6,309,12,4,29.86,,0,0,0,40.7,44.7,45.8,0.44,0.19,0.40
CSQR,2015-11-29 16:35:00 EST,43.32613,-76.10445,453,32.7,32.8,28.9,66.7,22.8,0.000,0.000,0.00,0.000,4.0,7.3,1.0,312,14,4.2,7.4,1.2,311,13,4.0,7.3,1.0,312,14,2,29.86,,0,0,0,40.6,44.8,45.9,0.44,0.19,0.40
CSQR,2015-11-29 16:40:00 EST,43.32613,-76.10445,453,32.6,32.7,29.1,67.3,22.9,0.000,0.000,0.00,0.000,3.7,5.7,0.9,318,12,3.9,6.5,1.0,316,13,3.7,5.7,0.9,318,12,1,29.86,,0,0,0,40.5,44.7,45.9,0.44,0.19,0.40
CSQR,2015-11-29 16:45:00 EST,43.32613,-76.10445,453,32.4,32.6,27.9,68.2,23.1,0.000,0.000,0.00,0.000,4.6,8.4,1.2,314,13,4.8,8.3,1.4,314,13,4.6,8.4,1.2,314,13,1,29.87,,0,0,0,40.4,44.7,45.9,0.44,0.19,0.40
CSQR,2015-11-29 16:50:00 EST,43.32613,-76.10445,453,32.3,32.5,28.4,69.3,23.4,0.000,0.000,0.00,0.000,4.0,6.1,0.8,309,13,4.3,6.5,1.0,308,14,4.0,6.1,0.8,309,13,0,29.87,,0,0,0,40.3,44.7,45.9,0.44,0.19,0.40
CSQR,2015-11-29 16:55:00 EST,43.32613,-76.10445,453,32.6,32.6,28.4,69.8,23.8,0.000,0.000,0.00,0.000,4.3,8.2,1.3,310,11,4.5,8.7,1.4,309,11,4.3,8.2,1.3,310,11,0,29.87,,0,0,0,40.3,44.7,45.9,0.44,0.19,0.40
CSQR,2015-11-29 17:00:00 EST,43.32613,-76.10445,453,32.7,32.7,32.7,69.5,23.8,0.000,0.000,0.00,0.000,3.0,5.0,0.7,323,16,3.2,6.5,0.9,322,15,3.0,5.0,0.7,323,16,0,29.87,,0,0,0,40.2,44.8,45.9,0.44,0.19,0.39
CSQR,2015-11-29 17:05:00 EST,43.32613,-76.10445,453,32.8,32.8,28.3,69.3,23.9,0.000,0.000,0.00,0.000,4.7,6.6,0.9,328,10,4.9,6.7,0.9,328,10,4.7,6.6,0.9,328,10,0,29.87,,0,0,0,40.1,44.8,45.9,0.44,0.19,0.40
CSQR,2015-11-29 17:10:00 EST,43.32613,-76.10445,453,32.7,32.7,29.2,69.9,23.9,0.000,0.000,0.00,0.000,3.7,6.6,1.1,330,10,4.0,6.9,1.3,329,10,3.7,6.6,1.1,330,10,0,29.87,,0,0,0,40.0,44.7,45.9,0.44,0.19,0.39
CSQR,2015-11-29 17:15:00 EST,43.32613,-76.10445,453,32.6,32.7,29.5,70.6,24.1,0.000,0.000,0.00,0.000,3.4,5.3,0.6,328,14,3.7,6.0,0.9,327,15,3.4,5.3,0.6,328,14,0,29.87,,0,0,0,40.0,44.7,45.8,0.44,0.19,0.40
CSQR,2015-11-29 17:20:00 EST,43.32613,-76.10445,453,32.7,32.7,29.7,70.6,24.2,0.000,0.000,0.00,0.000,3.3,5.0,0.6,320,16,3.5,5.6,0.8,318,16,3.3,5.0,0.6,320,16,0,29.87,,0,0,0,39.9,44.8,45.9,0.44,0.19,0.40
CSQR,2015-11-29 17:25:00 EST,43.32613,-76.10445,453,32.8,32.8,28.6,70.0,24.1,0.000,0.000,0.00,0.000,4.4,6.9,1.1,320,12,4.7,7.4,1.2,318,12,4.4,6.9,1.1,320,12,0,29.88,,0,0,0,39.9,44.7,45.8,0.44,0.19,0.40
CSQR,2015-11-29 17:30:00 EST,43.32613,-76.10445,453,33.0,32.9,28.3,68.9,23.9,0.000,0.000,0.00,0.000,4.9,6.6,0.7,326,16,5.4,8.1,1.0,326,15,4.9,6.6,0.7,326,16,0,29.88,,0,0,0,39.9,44.8,45.9,0.44,0.19,0.40
CSQR,2015-11-29 17:35:00 EST,43.32613,-76.10445,453,33.0,32.9,29.2,68.6,23.8,0.000,0.000,0.00,0.000,4.0,6.5,0.9,326,11,4.5,7.2,1.1,325,12,4.0,6.5,0.9,326,11,0,29.88,,0,0,0,39.8,44.8,45.8,0.44,0.19,0.40
CSQR,2015-11-29 17:40:00 EST,43.32613,-76.10445,453,33.0,32.9,29.1,68.6,23.8,0.000,0.000,0.00,0.000,4.2,6.0,0.9,329,18,4.8,7.6,1.3,328,18,4.2,6.0,0.9,329,18,0,29.88,,0,0,0,39.8,44.8,45.8,0.44,0.19,0.40
CSQR,2015-11-29 17:45:00 EST,43.32613,-76.10445,453,33.0,32.9,28.5,68.1,23.7,0.000,0.000,0.00,0.000,4.7,9.1,1.5,331,15,5.1,9.2,1.7,329,15,4.7,9.1,1.5,331,15,0,29.88,,0,0,0,39.8,44.8,45.8,0.44,0.19,0.40
CSQR,2015-11-29 17:50:00 EST,43.32613,-76.10445,453,33.0,32.9,33.0,68.3,23.7,0.000,0.000,0.00,0.000,2.7,5.1,1.2,337,18,3.4,6.7,1.2,335,19,2.7,5.1,1.2,337,18,0,29.88,,0,0,0,39.8,44.8,45.8,0.44,0.19,0.40
CSQR,2015-11-29 17:55:00 EST,43.32613,-76.10445,453,33.0,32.9,33.0,68.3,23.7,0.000,0.000,0.00,0.000,2.9,6.4,1.3,347,24,3.7,8.3,1.7,348,22,2.9,6.4,1.3,347,24,0,29.88,,0,0,0,39.7,44.8,45.9,0.44,0.19,0.40
CSQR,2015-11-29 18:00:00 EST,43.32613,-76.10445,453,32.9,32.8,32.9,68.8,23.8,0.000,0.000,0.00,0.000,1.7,3.6,0.8,351,31,2.2,4.7,1.0,350,35,1.7,3.6,0.8,351,31,0,29.88,,0,0,0,39.7,44.8,45.8,0.44,0.19,0.40
CSQR,2015-11-29 18:05:00 EST,43.32613,-76.10445,453,32.9,32.8,32.9,68.9,23.8,0.000,0.000,0.00,0.000,1.1,4.0,0.8,0,34,1.9,5.4,1.0,354,35,1.1,4.0,0.8,0,34,0,29.88,,0,0,0,39.7,44.8,45.8,0.44,0.19,0.40
CSQR,2015-11-29 18:10:00 EST,43.32613,-76.10445,453,32.9,32.8,32.9,69.1,23.9,0.000,0.000,0.00,0.000,2.3,5.3,1.0,333,28,2.8,6.3,1.0,335,26,2.3,5.3,1.0,333,28,0,29.88,,0,0,0,39.7,44.8,45.8,0.44,0.19,0.40
CSQR,2015-11-29 18:15:00 EST,43.32613,-76.10445,453,32.9,32.7,32.9,69.7,24.1,0.000,0.000,0.00,0.000,2.2,4.6,1.2,353,28,2.7,5.8,1.1,350,28,2.2,4.6,1.2,353,28,0,29.88,,0,0,0,39.6,44.8,45.8,0.44,0.19,0.40
CSQR,2015-11-29 18:20:00 EST,43.32613,-76.10445,453,32.8,32.7,32.8,70.2,24.2,0.000,0.000,0.00,0.000,1.5,4.0,1.0,336,25,2.0,4.5,1.0,334,26,1.5,4.0,1.0,336,25,0,29.88,,0,0,0,39.6,44.8,45.8,0.44,0.19,0.40
CSQR,2015-11-29 18:25:00 EST,43.32613,-76.10445,453,32.8,32.7,32.8,69.9,24.1,0.000,0.000,0.00,0.000,2.1,3.5,0.9,334,18,2.5,4.5,0.9,336,19,2.1,3.5,0.9,334,18,0,29.88,,0,0,0,39.6,44.8,45.8,0.44,0.19,0.40
CSQR,2015-11-29 18:30:00 EST,43.32613,-76.10445,453,32.8,32.7,32.8,70.9,24.4,0.000,0.000,0.00,0.000,1.6,3.6,0.9,351,26,2.1,4.3,0.9,351,30,1.6,3.6,0.9,351,26,0,29.89,,0,0,0,39.6,44.8,45.9,0.44,0.19,0.39
CSQR,2015-11-29 18:35:00 EST,43.32613,-76.10445,453,32.8,32.6,32.8,70.2,24.2,0.000,0.000,0.00,0.000,1.0,2.7,0.7,351,32,1.4,2.9,0.6,349,31,1.0,2.7,0.7,351,32,0,29.89,,0,0,0,39.6,44.8,45.9,0.44,0.19,0.39
CSQR,2015-11-29 18:40:00 EST,43.32613,-76.10445,453,32.8,32.6,32.8,71.0,24.4,0.000,0.000,0.00,0.000,0.5,1.8,0.6,336,30,1.1,1.8,0.4,338,42,0.5,1.8,0.6,336,30,0,29.89,,0,0,0,39.6,44.8,45.8,0.44,0.19,0.40
CSQR,2015-11-29 18:45:00 EST,43.32613,-76.10445,453,32.7,32.5,32.7,71.6,24.5,0.000,0.000,0.00,0.000,1.0,2.1,0.5,341,25,1.5,3.1,0.5,343,27,1.0,2.1,0.5,341,25,0,29.89,,0,0,0,39.5,44.8,45.9,0.44,0.19,0.39
CSQR,2015-11-29 18:50:00 EST,43.32613,-76.10445,453,32.7,32.5,32.7,71.0,24.3,0.000,0.000,0.00,0.000,0.8,3.1,0.7,331,24,1.4,4.0,0.8,340,38,0.8,3.1,0.7,331,24,0,29.89,,0,0,0,39.6,44.8,45.8,0.44,0.19,0.39
CSQR,2015-11-29 18:55:00 EST,43.32613,-76.10445,453,32.6,32.5,32.6,70.9,24.2,0.000,0.000,0.00,0.000,2.4,5.0,1.6,350,22,3.3,6.9,1.8,348,31,2.4,5.0,1.6,350,22,0,29.89,,0,0,0,39.6,44.8,45.8,0.44,0.19,0.40
CSQR,2015-11-29 19:00:00 EST,43.32613,-76.10445,453,32.5,32.4,32.5,71.9,24.4,0.000,0.000,0.00,0.000,0.8,3.7,0.9,345,36,1.5,3.4,0.8,341,36,0.8,3.7,0.9,345,36,0,29.89,,0,0,0,39.5,44.8,45.9,0.44,0.19,0.39
CSQR,2015-11-29 19:05:00 EST,43.32613,-76.10445,453,32.5,32.4,32.5,72.1,24.5,0.000,0.000,0.00,0.000,1.0,3.4,0.8,6,41,1.6,4.3,0.8,3,43,1.0,3.4,0.8,6,41,0,29.89,,0,0,0,39.6,44.8,45.8,0.44,0.19,0.39
CSQR,2015-11-29 19:10:00 EST,43.32613,-76.10445,453,32.5,32.3,32.5,71.1,24.2,0.000,0.000,0.00,0.000,2.1,5.2,1.3,12,26,2.6,6.5,1.4,13,30,2.1,5.2,1.3,12,26,0,29.89,,0,0,0,39.5,44.8,45.9,0.44,0.19,0.39
CSQR,2015-11-29 19:15:00 EST,43.32613,-76.10445,453,32.5,32.3,32.5,71.3,24.2,0.000,0.000,0.00,0.000,1.2,3.9,1.0,2,34,1.7,4.3,1.0,5,41,1.2,3.9,1.0,2,34,0,29.90,,0,0,0,39.5,44.8,45.8,0.44,0.19,0.39
CSQR,2015-11-29 19:20:00 EST,43.32613,-76.10445,453,32.4,32.2,32.4,71.6,24.2,0.000,0.000,0.00,0.000,1.8,4.5,1.1,348,31,2.5,6.0,1.2,347,28,1.8,4.5,1.1,348,31,0,29.90,,0,0,0,39.5,44.8,45.9,0.44,0.19,0.40
CSQR,2015-11-29 19:25:00 EST,43.32613,-76.10445,453,32.3,32.2,32.3,72.6,24.5,0.000,0.000,0.00,0.000,2.6,4.1,0.9,328,20,3.0,5.6,1.0,327,19,2.6,4.1,0.9,328,20,0,29.90,,0,0,0,39.5,44.8,45.8,0.44,0.19,0.39
CSQR,2015-11-29 19:30:00 EST,43.32613,-76.10445,453,32.2,32.1,28.9,72.7,24.4,0.000,0.000,0.00,0.000,3.5,5.9,0.9,320,13,3.9,6.7,1.0,319,13,3.5,5.9,0.9,320,13,0,29.91,,0,0,0,39.5,44.8,45.8,0.44,0.19,0.39
CSQR,2015-11-29 19:35:00 EST,43.32613,-76.10445,453,32.2,32.0,29.5,73.1,24.5,0.000,0.000,0.00,0.000,3.0,5.1,0.8,336,20,3.7,6.5,0.9,335,19,3.0,5.1,0.8,336,20,0,29.91,,0,0,0,39.5,44.8,45.9,0.44,0.19,0.39
CSQR,2015-11-29 19:40:00 EST,43.32613,-76.10445,453,32.1,32.0,32.1,73.6,24.6,0.000,0.000,0.00,0.000,1.9,3.6,0.7,346,25,2.3,4.9,0.8,343,27,1.9,3.6,0.7,346,25,0,29.90,,0,0,0,39.4,44.8,45.9,0.44,0.19,0.40
CSQR,2015-11-29 19:45:00 EST,43.32613,-76.10445,453,32.1,31.9,32.1,74.5,24.9,0.000,0.000,0.00,0.000,0.7,3.1,0.8,1,26,1.3,4.5,0.9,11,43,0.7,3.1,0.8,1,26,0,29.90,,0,0,0,39.4,44.8,45.8,0.44,0.19,0.39
CSQR,2015-11-29 19:50:00 EST,43.32613,-76.10445,453,32.1,31.9,32.1,74.7,24.9,0.000,0.000,0.00,0.000,1.0,3.7,1.2,359,31,1.5,4.0,1.0,2,51,1.0,3.7,1.2,359,31,0,29.91,,0,0,0,39.4,44.8,45.8,0.44,0.19,0.39
CSQR,2015-11-29 19:55:00 EST,43.32613,-76.10445,453,32.1,31.9,32.1,74.6,24.9,0.000,0.000,0.00,0.000,1.4,3.7,1.0,350,22,1.9,6.5,1.2,354,31,1.4,3.7,1.0,350,22,0,29.91,,0,0,0,39.4,44.8,45.9,0.44,0.19,0.39
CSQR,2015-11-29 20:00:00 EST,43.32613,-76.10445,453,32.0,31.8,32.0,74.9,24.9,0.000,0.000,0.00,0.000,1.4,3.2,0.7,346,25,1.9,3.8,0.8,343,26,1.4,3.2,0.7,346,25,0,29.91,,0,0,0,39.4,44.8,45.8,0.44,0.19,0.39
CSQR,2015-11-29 20:05:00 EST,43.32613,-76.10445,453,31.9,31.8,31.9,75.2,24.9,0.000,0.000,0.00,0.000,1.4,3.4,0.9,347,22,1.9,4.5,0.9,344,23,1.4,3.4,0.9,347,22,0,29.91,,0,0,0,39.4,44.8,45.9,0.44,0.19,0.39
CSQR,2015-11-29 20:10:00 EST,43.32613,-76.10445,453,31.8,31.7,31.8,76.3,25.2,0.000,0.000,0.00,0.000,0.8,3.3,0.9,18,26,1.3,3.8,0.9,27,41,0.8,3.3,0.9,18,26,0,29.91,,0,0,0,39.4,44.8,45.8,0.44,0.19,0.40
CSQR,2015-11-29 20:15:00 EST,43.32613,-76.10445,453,31.8,31.7,31.8,76.3,25.2,0.000,0.000,0.00,0.000,0.4,1.6,0.5,24,31,1.1,3.1,0.6,18,54,0.4,1.6,0.5,24,31,0,29.91,,0,0,0,39.3,44.8,45.9,0.44,0.19,0.39
CSQR,2015-11-29 20:20:00 EST,43.32613,-76.10445,453,31.8,31.7,31.8,76.1,25.1,0.000,0.000,0.00,0.000,2.0,5.0,1.3,19,28,2.5,6.5,1.4,17,25,2.0,5.0,1.3,19,28,0,29.91,,0,0,0,39.3,44.8,45.8,0.44,0.19,0.40
CSQR,2015-11-29 20:25:00 EST,43.32613,-76.10445,453,31.6,31.5,31.6,76.2,25.0,0.000,0.000,0.00,0.000,1.0,3.6,0.8,12,23,1.5,5.1,0.9,4,31,1.0,3.6,0.8,12,23,0,29.91,,0,0,0,39.3,44.7,45.8,0.44,0.19,0.39
CSQR,2015-11-29 20:30:00 EST,43.32613,-76.10445,453,31.5,31.4,31.5,76.6,25.0,0.000,0.000,0.00,0.000,1.0,2.7,0.7,14,41,1.4,3.6,0.8,12,47,1.0,2.7,0.7,14,41,0,29.91,,0,0,0,39.3,44.8,45.9,0.44,0.19,0.39
CSQR,2015-11-29 20:35:00 EST,43.32613,-76.10445,453,31.3,31.2,31.3,77.2,25.0,0.000,0.000,0.00,0.000,0.8,2.3,0.7,32,32,1.5,4.3,0.7,25,45,0.8,2.3,0.7,32,32,0,29.92,,0,0,0,39.2,44.7,45.8,0.44,0.19,0.40
CSQR,2015-11-29 20:40:00 EST,43.32613,-76.10445,453,30.9,30.9,30.9,77.9,24.8,0.000,0.000,0.00,0.000,1.1,3.8,1.1,18,34,1.8,5.1,1.1,17,50,1.1,3.8,1.1,18,34,0,29.92,,0,0,0,39.2,44.7,45.9,0.44,0.19,0.40
CSQR,2015-11-29 20:45:00 EST,43.32613,-76.10445,453,30.7,30.8,30.7,78.0,24.7,0.000,0.000,0.00,0.000,1.4,4.1,0.9,8,34,2.1,5.1,0.9,6,38,1.4,4.1,0.9,8,34,0,29.92,,0,0,0,39.2,44.7,45.8,0.44,0.19,0.40
CSQR,2015-11-29 20:50:00 EST,43.32613,-76.10445,453,30.3,30.5,30.3,77.8,24.2,0.000,0.000,0.00,0.000,2.5,5.3,0.8,330,18,3.0,6.7,1.1,332,21,2.5,5.3,0.8,330,18,0,29.93,,0,0,0,39.2,44.8,45.8,0.44,0.19,0.40
CSQR,2015-11-29 20:55:00 EST,43.32613,-76.10445,453,30.0,30.2,26.6,78.6,24.1,0.000,0.000,0.00,0.000,3.3,5.8,1.0,320,14,3.5,6.0,1.0,319,13,3.3,5.8,1.0,320,14,0,29.92,,0,0,0,39.2,44.7,45.9,0.44,0.19,0.39
CSQR,2015-11-29 21:00:00 EST,43.32613,-76.10445,453,29.5,29.9,25.4,79.8,24.0,0.000,0.000,0.00,0.000,3.8,5.2,0.6,316,12,4.1,5.6,0.8,313,11,3.8,5.2,0.6,316,12,0,29.92,,0,0,0,39.2,44.7,45.8,0.44,0.19,0.40
CSQR,2015-11-29 21:05:00 EST,43.32613,-76.10445,453,29.6,29.8,25.5,80.2,24.2,0.000,0.000,0.00,0.000,3.8,8.2,1.2,331,14,4.0,8.7,1.4,328,11,3.8,8.2,1.2,331,14,0,29.93,,0,0,0,39.1,44.7,45.9,0.43,0.19,0.40
CSQR,2015-11-29 21:10:00 EST,43.32613,-76.10445,453,29.5,29.6,25.2,79.4,23.9,0.000,0.000,0.00,0.000,4.0,6.3,1.0,323,11,4.1,6.5,1.1,320,11,4.0,6.3,1.0,323,11,0,29.93,,0,0,0,39.0,44.8,45.9,0.44,0.19,0.39
CSQR,2015-11-29 21:15:00 EST,43.32613,-76.10445,453,29.3,29.4,25.8,79.8,23.8,0.000,0.000,0.00,0.000,3.3,4.8,0.6,329,11,3.6,5.8,0.7,328,12,3.3,4.8,0.6,329,11,0,29.93,,0,0,0,39.0,44.7,45.8,0.44,0.19,0.40
CSQR,2015-11-29 21:20:00 EST,43.32613,-76.10445,453,29.1,29.2,29.1,80.5,23.8,0.000,0.000,0.00,0.000,0.7,1.9,0.6,357,19,1.5,2.9,0.5,355,26,0.7,1.9,0.6,357,19,0,29.93,,0,0,0,38.9,44.7,45.8,0.44,0.19,0.39
CSQR,2015-11-29 21:25:00 EST,43.32613,-76.10445,453,28.8,29.1,28.8,81.0,23.7,0.000,0.000,0.00,0.000,0.9,2.6,0.9,9,20,1.5,3.4,0.8,4,29,0.9,2.6,0.9,9,20,0,29.93,,0,0,0,38.8,44.7,45.8,0.44,0.19,0.40
CSQR,2015-11-29 21:30:00 EST,43.32613,-76.10445,453,29.0,29.1,29.0,81.4,24.0,0.000,0.000,0.00,0.000,1.2,3.0,0.6,355,26,1.6,4.5,0.7,355,25,1.2,3.0,0.6,355,26,0,29.93,,0,0,0,38.8,44.7,45.9,0.44,0.19,0.39
CSQR,2015-11-29 21:35:00 EST,43.32613,-76.10445,453,28.8,29.0,28.8,80.4,23.5,0.000,0.000,0.00,0.000,1.5,3.7,0.9,4,19,2.0,5.4,1.0,358,24,1.5,3.7,0.9,4,19,0,29.93,,0,0,0,38.7,44.7,45.8,0.44,0.19,0.39
CSQR,2015-11-29 21:40:00 EST,43.32613,-76.10445,453,28.4,28.8,28.4,81.2,23.3,0.000,0.000,0.00,0.000,0.5,1.7,0.5,333,31,1.0,2.5,0.5,346,43,0.5,1.7,0.5,333,31,0,29.93,,0,0,0,38.6,44.7,45.8,0.44,0.19,0.39
CSQR,2015-11-29 21:45:00 EST,43.32613,-76.10445,453,28.1,28.7,28.1,82.1,23.3,0.000,0.000,0.00,0.000,1.4,2.7,0.6,330,16,1.8,3.6,0.6,329,19,1.4,2.7,0.6,330,16,0,29.93,,0,0,0,38.5,44.7,45.9,0.44,0.19,0.39
CSQR,2015-11-29 21:50:00 EST,43.32613,-76.10445,453,28.0,28.5,28.0,82.7,23.4,0.000,0.000,0.00,0.000,1.1,2.6,0.7,335,15,1.6,3.8,0.7,329,17,1.1,2.6,0.7,335,15,0,29.93,,0,0,0,38.5,44.6,45.8,0.44,0.19,0.39
CSQR,2015-11-29 21:55:00 EST,43.32613,-76.10445,453,27.9,28.5,27.9,82.1,23.2,0.000,0.000,0.00,0.000,1.3,3.2,0.6,330,21,1.7,3.6,0.5,333,28,1.3,3.2,0.6,330,21,0,29.93,,0,0,0,38.4,44.6,45.8,0.44,0.19,0.39
CSQR,2015-11-29 22:00:00 EST,43.32613,-76.10445,453,27.6,28.3,27.6,82.0,22.8,0.000,0.000,0.00,0.000,0.4,2.3,0.6,345,27,1.1,2.9,0.6,341,47,0.4,2.3,0.6,345,27,0,29.93,,0,0,0,38.3,44.7,45.9,0.44,0.19,0.39
CSQR,2015-11-29 22:05:00 EST,43.32613,-76.10445,453,27.6,28.3,27.6,82.3,22.9,0.000,0.000,0.00,0.000,0.4,2.2,0.7,353,22,1.0,3.1,0.7,346,56,0.4,2.2,0.7,353,22,0,29.93,,0,0,0,38.3,44.7,45.8,0.44,0.19,0.39
CSQR,2015-11-29 22:10:00 EST,43.32613,-76.10445,453,27.7,28.2,27.7,81.7,22.8,0.000,0.000,0.00,0.000,0.9,2.9,0.8,0,19,1.4,4.5,1.0,0,40,0.9,2.9,0.8,0,19,0,29.93,,0,0,0,38.3,44.7,45.8,0.44,0.19,0.39
CSQR,2015-11-29 22:15:00 EST,43.32613,-76.10445,453,27.8,28.3,27.8,81.1,22.7,0.000,0.000,0.00,0.000,0.8,2.3,0.8,15,21,1.3,3.8,0.8,18,28,0.8,2.3,0.8,15,21,0,29.93,,0,0,0,38.2,44.7,45.8,0.44,0.19,0.39
CSQR,2015-11-29 22:20:00 EST,43.32613,-76.10445,453,27.6,28.2,27.6,80.4,22.3,0.000,0.000,0.00,0.000,0.9,2.7,0.8,4,21,1.5,3.4,0.9,6,38,0.9,2.7,0.8,4,21,0,29.93,,0,0,0,38.1,44.6,45.8,0.44,0.19,0.39
CSQR,2015-11-29 22:25:00 EST,43.32613,-76.10445,453,27.9,28.2,27.9,79.4,22.3,0.000,0.000,0.00,0.000,1.7,3.1,0.6,1,24,2.1,4.3,0.8,0,24,1.7,3.1,0.6,1,24,0,29.93,,0,0,0,38.1,44.6,45.8,0.44,0.19,0.39
CSQR,2015-11-29 22:30:00 EST,43.32613,-76.10445,453,27.7,28.1,27.7,78.0,21.7,0.000,0.000,0.00,0.000,1.0,2.9,0.7,3,29,1.4,4.7,0.8,1,39,1.0,2.9,0.7,3,29,0,29.93,,0,0,0,38.0,44.6,45.8,0.44,0.19,0.39
CSQR,2015-11-29 22:35:00 EST,43.32613,-76.10445,453,27.4,28.0,27.4,78.1,21.5,0.000,0.000,0.00,0.000,0.9,3.0,0.7,351,25,1.5,5.6,0.9,352,33,0.9,3.0,0.7,351,25,0,29.94,,0,0,0,38.0,44.6,45.8,0.44,0.19,0.39
CSQR,2015-11-29 22:40:00 EST,43.32613,-76.10445,453,27.2,27.9,27.2,79.4,21.6,0.000,0.000,0.00,0.000,1.1,3.5,0.7,355,29,1.6,4.0,0.7,356,32,1.1,3.5,0.7,355,29,0,29.94,,0,0,0,37.9,44.6,45.8,0.44,0.19,0.39
CSQR,2015-11-29 22:45:00 EST,43.32613,-76.10445,453,27.1,27.8,27.1,79.3,21.5,0.000,0.000,0.00,0.000,0.5,2.2,0.8,3,8,1.0,3.1,0.7,1,35,0.5,2.2,0.8,3,8,0,29.94,,0,0,0,37.9,44.6,45.8,0.44,0.19,0.39
CSQR,2015-11-29 22:50:00 EST,43.32613,-76.10445,453,27.1,27.8,27.1,79.9,21.7,0.000,0.000,0.00,0.000,1.0,2.3,0.7,4,20,1.4,3.1,0.7,4,26,1.0,2.3,0.7,4,20,0,29.95,,0,0,0,37.9,44.6,45.8,0.44,0.19,0.39
CSQR,2015-11-29 22:55:00 EST,43.32613,-76.10445,453,27.0,27.7,27.0,80.0,21.7,0.000,0.000,0.00,0.000,1.1,2.7,0.6,1,17,1.6,3.6,0.5,357,16,1.1,2.7,0.6,1,17,0,29.95,,0,0,0,37.8,44.6,45.8,0.44,0.19,0.39
CSQR,2015-11-29 23:00:00 EST,43.32613,-76.10445,453,26.8,27.5,26.8,80.7,21.6,0.000,0.000,0.00,0.000,0.9,2.7,0.8,9,18,1.5,3.6,0.8,12,27,0.9,2.7,0.8,9,18,0,29.95,,0,0,0,37.8,44.6,45.8,0.44,0.19,0.39
CSQR,2015-11-29 23:05:00 EST,43.32613,-76.10445,453,26.8,27.4,26.8,81.4,21.8,0.000,0.000,0.00,0.000,1.0,2.7,0.7,8,25,1.5,3.4,0.7,10,30,1.0,2.7,0.7,8,25,0,29.94,,0,0,0,37.7,44.6,45.8,0.44,0.19,0.39
CSQR,2015-11-29 23:10:00 EST,43.32613,-76.10445,453,26.5,27.3,26.5,81.8,21.7,0.000,0.000,0.00,0.000,0.9,2.6,0.7,26,22,1.5,3.8,0.7,24,28,0.9,2.6,0.7,26,22,0,29.94,,0,0,0,37.7,44.6,45.8,0.44,0.19,0.39
CSQR,2015-11-29 23:15:00 EST,43.32613,-76.10445,453,26.6,27.2,26.6,81.9,21.8,0.000,0.000,0.00,0.000,1.5,3.9,0.8,11,18,1.9,4.7,0.8,11,22,1.5,3.9,0.8,11,18,0,29.94,,0,0,0,37.6,44.6,45.8,0.44,0.19,0.39
CSQR,2015-11-29 23:20:00 EST,43.32613,-76.10445,453,26.8,27.2,26.8,80.6,21.6,0.000,0.000,0.00,0.000,2.0,3.9,0.8,8,19,2.4,5.4,0.9,6,20,2.0,3.9,0.8,8,19,0,29.94,,0,0,0,37.6,44.6,45.8,0.44,0.19,0.39
CSQR,2015-11-29 23:25:00 EST,43.32613,-76.10445,453,26.4,27.1,26.4,80.0,21.1,0.000,0.000,0.00,0.000,1.0,2.8,0.7,14,18,1.5,3.6,0.7,15,25,1.0,2.8,0.7,14,18,0,29.94,,0,0,0,37.6,44.6,45.8,0.44,0.19,0.39
CSQR,2015-11-29 23:30:00 EST,43.32613,-76.10445,453,26.1,27.0,26.1,80.4,20.9,0.000,0.000,0.00,0.000,0.6,2.5,0.7,347,30,1.2,3.6,0.8,357,51,0.6,2.5,0.7,347,30,0,29.94,,0,0,0,37.6,44.5,45.8,0.44,0.19,0.39
CSQR,2015-11-29 23:35:00 EST,43.32613,-76.10445,453,25.9,27.0,25.9,81.6,21.0,0.000,0.000,0.00,0.000,0.6,1.9,0.5,24,27,1.0,2.2,0.5,35,41,0.6,1.9,0.5,24,27,0,29.94,,0,0,0,37.5,44.6,45.8,0.44,0.19,0.39
CSQR,2015-11-29 23:40:00 EST,43.32613,-76.10445,453,25.9,26.9,25.9,82.5,21.3,0.000,0.000,0.00,0.000,0.4,2.7,0.7,16,31,1.1,4.0,0.7,20,52,0.4,2.7,0.7,16,31,0,29.94,,0,0,0,37.4,44.6,45.8,0.44,0.19,0.39
CSQR,2015-11-29 23:45:00 EST,43.32613,-76.10445,453,25.9,26.9,25.9,83.3,21.5,0.000,0.000,0.00,0.000,1.2,3.8,1.0,39,26,1.7,4.5,0.8,42,38,1.2,3.8,1.0,39,26,0,29.94,,0,0,0,37.4,44.5,45.7,0.44,0.19,0.39
CSQR,2015-11-29 23:50:00 EST,43.32613,-76.10445,453,26.4,26.9,26.4,81.4,21.4,0.000,0.000,0.00,0.000,1.6,3.3,0.7,47,14,1.7,3.1,0.6,44,19,1.6,3.3,0.7,47,14,0,29.94,,0,0,0,37.4,44.5,45.8,0.44,0.19,0.39
CSQR,2015-11-29 23:55:00 EST,43.32613,-76.10445,453,26.2,26.9,26.2,81.0,21.2,0.000,0.000,0.00,0.000,1.0,2.2,0.5,28,21,1.4,2.5,0.4,28,26,1.0,2.2,0.5,28,21,0,29.94,,0,0,0,37.4,44.5,45.8,0.44,0.19,0.39
JORD,2015-11-29 00:00:00 EST,43.06980,-76.47006,402,33.4,33.3,33.4,73.2,25.7,0.000,0.052,0.00,0.000,1.9,3.7,0.7,288,26,2.2,4.3,0.8,287,28,1.9,3.7,0.7,288,26,0,29.87,,0,0,0,43.7,46.4,47.5,0.34,0.29,0.29
JORD,2015-11-29 00:05:00 EST,43.06980,-76.47006,402,33.4,33.4,30.9,71.9,25.3,0.000,0.000,0.00,0.000,3.0,6.0,1.5,286,14,3.3,6.9,1.5,288,16,3.0,6.0,1.5,286,14,0,29.87,,0,0,0,43.7,46.4,47.5,0.34,0.30,0.29
JORD,2015-11-29 00:10:00 EST,43.06980,-76.47006,402,33.3,33.3,33.3,72.2,25.3,0.000,0.000,0.00,0.000,1.3,2.6,0.5,321,19,1.4,2.2,0.4,321,18,1.3,2.6,0.5,321,19,0,29.87,,0,0,0,43.7,46.4,47.5,0.34,0.30,0.29
JORD,2015-11-29 00:15:00 EST,43.06980,-76.47006,402,33.0,33.1,33.0,75.2,26.0,0.000,0.000,0.00,0.000,1.9,3.6,1.0,306,25,2.1,4.7,0.9,308,28,1.9,3.6,1.0,306,25,0,29.87,,0,0,0,43.7,46.4,47.5,0.34,0.29,0.29
JORD,2015-11-29 00:20:00 EST,43.06980,-76.47006,402,33.1,33.2,29.7,73.9,25.6,0.000,0.000,0.00,0.000,3.6,6.7,1.0,272,14,3.9,7.6,1.2,273,15,3.6,6.7,1.0,272,14,0,29.87,,0,0,0,43.7,46.4,47.5,0.34,0.30,0.29
JORD,2015-11-29 00:25:00 EST,43.06980,-76.47006,402,33.3,33.3,30.7,71.6,25.1,0.000,0.000,0.00,0.000,3.1,4.8,0.9,275,11,3.4,5.6,1.0,277,12,3.1,4.8,0.9,275,11,0,29.87,,0,0,0,43.7,46.4,47.5,0.34,0.29,0.29
JORD,2015-11-29 00:30:00 EST,43.06980,-76.47006,402,33.2,33.2,33.2,72.2,25.2,0.000,0.000,0.00,0.000,2.2,4.2,0.8,283,20,2.5,4.3,0.7,284,22,2.2,4.2,0.8,283,20,0,29.87,,0,0,0,43.6,46.4,47.5,0.34,0.29,0.29
JORD,2015-11-29 00:35:00 EST,43.06980,-76.47006,402,33.0,33.1,33.0,73.8,25.6,0.000,0.000,0.00,0.000,3.0,5.8,1.1,313,15,3.1,6.0,1.1,315,15,3.0,5.8,1.1,313,15,0,29.87,,0,0,0,43.6,46.4,47.5,0.34,0.29,0.29
JORD,2015-11-29 00:40:00 EST,43.06980,-76.47006,402,33.4,33.3,30.5,71.5,25.1,0.000,0.000,0.00,0.000,3.3,6.4,1.4,321,18,3.4,6.9,1.6,324,17,3.3,6.4,1.4,321,18,0,29.87,,0,0,0,43.5,46.4,47.5,0.34,0.30,0.29
JORD,2015-11-29 00:45:00 EST,43.06980,-76.47006,402,33.2,33.2,33.2,72.5,25.3,0.000,0.000,0.00,0.000,1.8,3.7,0.7,282,20,2.0,4.0,0.7,283,21,1.8,3.7,0.7,282,20,0,29.87,,0,0,0,43.5,46.4,47.5,0.34,0.29,0.29
JORD,2015-11-29 00:50:00 EST,43.06980,-76.47006,402,33.2,33.2,33.2,72.8,25.4,0.000,0.000,0.00,0.000,2.8,5.3,1.2,293,24,3.2,6.3,1.3,294,24,2.8,5.3,1.2,293,24,0,29.88,,0,0,0,43.5,46.4,47.4,0.34,0.29,0.29
JORD,2015-11-29 00:55:00 EST,43.06980,-76.47006,402,33.2,33.2,33.2,73.6,25.7,0.000,0.000,0.00,0.000,1.3,2.8,0.9,301,19,1.6,2.9,0.7,300,23,1.3,2.8,0.9,301,19,0,29.88,,0,0,0,43.5,46.4,47.5,0.34,0.30,0.29
JORD,2015-11-29 01:00:00 EST,43.06980,-76.47006,402,33.2,33.1,33.2,75.2,26.2,0.000,0.000,0.00,0.000,0.6,1.6,0.5,278,8,1.1,2.0,0.4,274,22,0.6,1.6,0.5,278,8,0,29.87,,0,0,0,43.5,46.4,47.5,0.34,0.29,0.29
JORD,2015-11-29 01:05:00 EST,43.06980,-76.47006,402,33.1,33.1,33.1,75.1,26.1,0.000,0.000,0.00,0.000,0.0,0.0,0.0,0,0,0.7,1.1,0.2,9,29,0.0,0.0,0.0,0,0,0,29.87,,0,0,0,43.5,46.4,47.5,0.34,0.30,0.29
JORD,2015-11-29 01:10:00 EST,43.06980,-76.47006,402,33.0,33.1,33.0,76.8,26.5,0.000,0.000,0.00,0.000,0.3,1.3,0.5,3,2,1.1,1.8,0.4,16,9,0.3,1.3,0.5,3,2,0,29.87,,0,0,0,43.5,46.4,47.5,0.34,0.29,0.29
JORD,2015-11-29 01:15:00 EST,43.06980,-76.47006,402,33.0,33.1,33.0,77.2,26.6,0.000,0.000,0.00,0.000,0.1,0.9,0.2,216,21,0.6,1.3,0.4,199,48,0.1,0.9,0.2,216,21,0,29.87,,0,0,0,43.5,46.3,47.5,0.34,0.29,0.29
JORD,2015-11-29 01:20:00 EST,43.06980,-76.47006,402,33.2,33.1,33.2,75.2,26.2,0.000,0.000,0.00,0.000,0.9,2.0,0.6,230,18,1.2,2.2,0.5,223,27,0.9,2.0,0.6,230,18,0,29.87,,0,0,0,43.5,46.3,47.5,0.34,0.30,0.29
JORD,2015-11-29 01:25:00 EST,43.06980,-76.47006,402,33.3,33.4,33.3,73.7,25.8,0.000,0.000,0.00,0.000,2.5,4.9,1.0,262,24,2.8,6.0,1.1,262,26,2.5,4.9,1.0,262,24,0,29.87,,0,0,0,43.5,46.3,47.5,0.34,0.29,0.29
JORD,2015-11-29 01:30:00 EST,43.06980,-76.47006,402,33.3,33.4,30.2,73.3,25.7,0.000,0.000,0.00,0.000,3.5,6.6,1.5,308,21,3.8,6.9,1.5,310,22,3.5,6.6,1.5,308,21,0,29.87,,0,0,0,43.4,46.3,47.5,0.34,0.29,0.29
JORD,2015-11-29 01:35:00 EST,43.06980,-76.47006,402,33.3,33.4,33.3,73.3,25.7,0.000,0.000,0.00,0.000,2.6,4.5,0.8,286,31,3.0,5.6,0.9,286,30,2.6,4.5,0.8,286,31,0,29.87,,0,0,0,43.4,46.2,47.5,0.34,0.29,0.29
JORD,2015-11-29 01:40:00 EST,43.06980,-76.47006,402,33.1,33.2,33.1,75.5,26.2,0.000,0.000,0.00,0.000,2.2,2.8,0.3,232,9,2.2,3.1,0.3,229,9,2.2,2.8,0.3,232,9,0,29.87,,0,0,0,43.4,46.2,47.5,0.34,0.29,0.29
JORD,2015-11-29 01:45:00 EST,43.06980,-76.47006,402,33.2,33.2,33.2,75.8,26.4,0.000,0.000,0.00,0.000,0.6,1.8,0.6,215,4,0.9,2.0,0.5,208,19,0.6,1.8,0.6,215,4,0,29.87,,0,0,0,43.3,46.2,47.5,0.34,0.29,0.29
JORD,2015-11-29 01:50:00 EST,43.06980,-76.47006,402,33.2,33.2,33.2,76.1,26.5,0.000,0.000,0.00,0.000,1.0,2.8,1.0,248,11,1.4,3.1,0.8,250,12,1.0,2.8,1.0,248,11,0,29.87,,0,0,0,43.3,46.1,47.5,0.34,0.29,0.29
JORD,2015-11-29 01:55:00 EST,43.06980,-76.47006,402,33.2,33.2,33.2,74.8,26.1,0.000,0.000,0.00,0.000,2.2,2.8,0.4,228,9,2.3,3.1,0.4,227,9,2.2,2.8,0.4,228,9,0,29.86,,0,0,0,43.3,46.1,47.5,0.34,0.30,0.29
JORD,2015-11-29 02:00:00 EST,43.06980,-76.47006,402,33.2,33.3,33.2,75.3,26.2,0.000,0.000,0.00,0.000,1.6,2.7,0.4,225,17,1.9,3.4,0.4,222,18,1.6,2.7,0.4,225,17,0,29.87,,0,0,0,43.3,46.1,47.5,0.34,0.30,0.29
JORD,2015-11-29 02:05:00 EST,43.06980,-76.47006,402,32.7,33.0,32.7,78.3,26.7,0.000,0.000,0.00,0.000,0.6,1.8,0.6,265,14,1.2,2.0,0.4,261,27,0.6,1.8,0.6,265,14,0,29.87,,0,0,0,43.3,46.1,47.5,0.34,0.29,0.29
JORD,2015-11-29 02:10:00 EST,43.06980,-76.47006,402,32.8,33.0,32.8,78.1,26.7,0.000,0.000,0.00,0.000,0.8,1.8,0.5,285,9,1.2,2.2,0.5,279,18,0.8,1.8,0.5,285,9,0,29.87,,0,0,0,43.3,46.1,47.4,0.34,0.29,0.29
JORD,2015-11-29 02:15:00 EST,43.06980,-76.47006,402,32.5,32.9,32.5,81.0,27.3,0.000,0.000,0.00,0.000,0.2,1.0,0.3,279,0,0.7,1.6,0.3,299,30,0.2,1.0,0.3,279,0,0,29.87,,0,0,0,43.3,46.1,47.5,0.34,0.29,0.29
JORD,2015-11-29 02:20:00 EST,43.06980,-76.47006,402,32.5,32.9,32.5,80.4,27.1,0.000,0.000,0.00,0.000,0.2,1.0,0.4,21,0,0.8,1.3,0.3,37,27,0.2,1.0,0.4,21,0,0,29.87,,0,0,0,43.2,46.0,47.5,0.34,0.29,0.29
JORD,2015-11-29 02:25:00 EST,43.06980,-76.47006,402,32.3,33.0,32.3,81.5,27.2,0.000,0.000,0.00,0.000,0.0,0.0,0.0,0,0,0.4,1.1,0.2,270,51,0.0,0.0,0.0,0,0,0,29.87,,0,0,0,43.2,46.0,47.5,0.34,0.30,0.29
JORD,2015-11-29 02:30:00 EST,43.06980,-76.47006,402,32.6,33.1,32.6,80.8,27.4,0.000,0.000,0.00,0.000,0.7,1.8,0.5,196,29,1.2,2.5,0.6,190,26,0.7,1.8,0.5,196,29,0,29.87,,0,0,0,43.2,46.0,47.5,0.34,0.29,0.29
JORD,2015-11-29 02:35:00 EST,43.06980,-76.47006,402,32.9,33.2,32.9,78.9,27.0,0.000,0.000,0.00,0.000,0.2,1.1,0.3,183,0,0.9,1.6,0.4,231,33,0.2,1.1,0.3,183,0,0,29.87,,0,0,0,43.2,46.0,47.4,0.34,0.30,0.29
JORD,2015-11-29 02:40:00 EST,43.06980,-76.47006,402,33.2,33.3,33.2,76.8,26.7,0.000,0.000,0.00,0.000,1.5,2.8,0.7,215,17,1.9,2.9,0.5,211,18,1.5,2.8,0.7,215,17,0,29.87,,0,0,0,43.2,46.0,47.5,0.34,0.30,0.29
JORD,2015-11-29 02:45:00 EST,43.06980,-76.47006,402,33.3,33.5,33.3,74.7,26.2,0.000,0.000,0.00,0.000,1.5,2.9,0.8,228,8,1.6,3.1,0.5,218,16,1.5,2.9,0.8,228,8,0,29.87,,0,0,0,43.2,46.0,47.5,0.34,0.29,0.29
JORD,2015-11-29 02:50:00 EST,43.06980,-76.47006,402,32.9,33.4,32.9,77.4,26.6,0.000,0.000,0.00,0.000,0.9,2.0,0.6,198,9,1.4,2.2,0.4,193,14,0.9,2.0,0.6,198,9,0,29.87,,0,0,0,43.2,46.0,47.5,0.34,0.30,0.29
JORD,2015-11-29 02:55:00 EST,43.06980,-76.47006,402,32.7,33.1,32.7,80.5,27.4,0.000,0.000,0.00,0.000,0.2,1.1,0.3,203,0,0.7,1.8,0.3,221,34,0.2,1.1,0.3,203,0,0,29.87,,0,0,0,43.2,46.0,47.5,0.34,0.29,0.29
JORD,2015-11-29 03:00:00 EST,43.06980,-76.47006,402,32.8,33.2,32.8,78.6,26.9,0.000,0.000,0.00,0.000,0.2,1.2,0.3,264,0,0.9,1.8,0.4,269,15,0.2,1.2,0.3,264,0,0,29.87,,0,0,0,43.1,46.0,47.4,0.34,0.29,0.29
JORD,2015-11-29 03:05:00 EST,43.06980,-76.47006,402,32.6,33.3,32.6,80.2,27.2,0.000,0.000,0.00,0.000,0.1,0.7,0.2,264,0,0.7,1.1,0.2,247,16,0.1,0.7,0.2,264,0,0,29.87,,0,0,0,43.1,46.0,47.4,0.34,0.30,0.29
JORD,2015-11-29 03:10:00 EST,43.06980,-76.47006,402,32.5,33.1,32.5,82.3,27.7,0.000,0.000,0.00,0.000,0.5,2.0,0.6,234,13,0.8,2.2,0.6,227,29,0.5,2.0,0.6,234,13,0,29.86,,0,0,0,43.1,46.0,47.5,0.34,0.29,0.29
JORD,2015-11-29 03:15:00 EST,43.06980,-76.47006,402,32.6,33.3,32.6,82.2,27.8,0.000,0.000,0.00,0.000,0.9,2.0,0.5,237,6,1.2,2.0,0.3,240,13,0.9,2.0,0.5,237,6,0,29.86,,0,0,0,43.1,46.0,47.4,0.34,0.29,0.29
JORD,2015-11-29 03:20:00 EST,43.06980,-76.47006,402,32.5,33.2,32.5,84.1,28.2,0.000,0.000,0.00,0.000,0.3,1.4,0.5,235,14,0.8,1.8,0.4,201,57,0.3,1.4,0.5,235,14,0,29.86,,0,0,0,43.0,45.9,47.4,0.34,0.30,0.29
JORD,2015-11-29 03:25:00 EST,43.06980,-76.47006,402,32.2,32.8,32.2,86.3,28.5,0.000,0.000,0.00,0.000,0.4,0.9,0.3,99,48,1.0,1.6,0.3,100,20,0.4,0.9,0.3,99,48,0,29.86,,0,0,0,43.0,46.0,47.4,0.34,0.29,0.29
JORD,2015-11-29 03:30:00 EST,43.06980,-76.47006,402,32.0,32.7,32.0,86.3,28.4,0.000,0.000,0.00,0.000,0.2,0.9,0.3,105,0,0.9,1.3,0.2,126,26,0.2,0.9,0.3,105,0,0,29.86,,0,0,0,43.0,46.0,47.4,0.34,0.29,0.29
JORD,2015-11-29 03:35:00 EST,43.06980,-76.47006,402,32.3,32.9,32.3,85.3,28.4,0.000,0.000,0.00,0.000,0.9,2.0,0.8,198,6,1.6,2.7,0.5,194,12,0.9,2.0,0.8,198,6,0,29.86,,0,0,0,43.0,46.0,47.4,0.34,0.29,0.29
JORD,2015-11-29 03:40:00 EST,43.06980,-76.47006,402,32.3,32.7,32.3,86.0,28.6,0.000,0.000,0.00,0.000,1.1,2.6,0.9,24,40,1.6,2.9,0.8,30,52,1.1,2.6,0.9,24,40,0,29.85,,0,0,0,43.0,46.0,47.4,0.34,0.30,0.29
JORD,2015-11-29 03:45:00 EST,43.06980,-76.47006,402,32.1,32.6,32.1,86.9,28.6,0.000,0.000,0.00,0.000,1.5,2.6,0.5,27,1,1.6,2.7,0.4,31,8,1.5,2.6,0.5,27,1,0,29.85,,0,0,0,43.0,45.9,47.4,0.34,0.29,0.29
JORD,2015-11-29 03:50:00 EST,43.06980,-76.47006,402,32.2,32.7,32.2,86.7,28.7,0.000,0.000,0.00,0.000,0.1,0.7,0.2,27,0,0.6,1.1,0.3,290,56,0.1,0.7,0.2,27,0,0,29.85,,0,0,0,43.0,45.9,47.4,0.34,0.29,0.29
JORD,2015-11-29 03:55:00 EST,43.06980,-76.47006,402,32.2,32.5,32.2,89.4,29.5,0.000,0.000,0.00,0.000,0.0,0.0,0.0,0,0,0.7,1.1,0.2,255,23,0.0,0.0,0.0,0,0,0,29.85,,0,0,0,43.0,45.9,47.4,0.34,0.29,0.29
JORD,2015-11-29 04:00:00 EST,43.06980,-76.47006,402,32.3,32.5,32.3,88.5,29.3,0.000,0.000,0.00,0.000,0.0,0.0,0.0,0,0,0.7,1.1,0.2,321,26,0.0,0.0,0.0,0,0,0,29.85,,0,0,0,43.0,45.9,47.4,0.34,0.30,0.29
JORD,2015-11-29 04:05:00 EST,43.06980,-76.47006,402,32.4,32.9,32.4,87.9,29.2,0.000,0.000,0.00,0.000,0.5,1.3,0.4,340,12,1.0,1.8,0.4,338,17,0.5,1.3,0.4,340,12,0,29.85,,0,0,0,43.0,45.9,47.4,0.34,0.29,0.29
JORD,2015-11-29 04:10:00 EST,43.06980,-76.47006,402,32.6,33.0,32.6,85.6,28.8,0.000,0.000,0.00,0.000,1.4,3.2,0.7,251,20,1.7,3.6,0.6,246,21,1.4,3.2,0.7,251,20,0,29.86,,0,0,0,42.9,45.9,47.4,0.34,0.29,0.29
JORD,2015-11-29 04:15:00 EST,43.06980,-76.47006,402,33.0,33.2,33.0,82.4,28.2,0.000,0.000,0.00,0.000,2.1,2.9,0.3,246,13,2.2,3.1,0.4,245,14,2.1,2.9,0.3,246,13,0,29.86,,0,0,0,42.9,45.9,47.4,0.34,0.29,0.29
JORD,2015-11-29 04:20:00 EST,43.06980,-76.47006,402,33.2,33.3,33.2,79.0,27.4,0.000,0.000,0.00,0.000,2.2,3.6,0.6,243,11,2.3,4.5,0.7,240,12,2.2,3.6,0.6,243,11,0,29.86,,0,0,0,42.9,45.9,47.4,0.34,0.29,0.29
JORD,2015-11-29 04:25:00 EST,43.06980,-76.47006,402,33.3,33.2,33.3,79.7,27.7,0.000,0.000,0.00,0.000,1.6,4.1,1.0,254,13,2.0,4.9,1.1,256,14,1.6,4.1,1.0,254,13,0,29.86,,0,0,0,42.9,45.9,47.4,0.34,0.29,0.29
JORD,2015-11-29 04:30:00 EST,43.06980,-76.47006,402,33.3,33.3,33.3,78.7,27.4,0.000,0.000,0.00,0.000,2.6,4.2,0.6,257,14,2.9,4.7,0.7,256,14,2.6,4.2,0.6,257,14,0,29.86,,0,0,0,42.9,45.9,47.4,0.34,0.30,0.29
JORD,2015-11-29 04:35:00 EST,43.06980,-76.47006,402,33.4,33.3,33.4,77.7,27.2,0.000,0.000,0.00,0.000,2.5,4.7,0.8,262,15,2.7,5.4,0.9,263,17,2.5,4.7,0.8,262,15,0,29.87,,0,0,0,42.8,45.9,47.4,0.34,0.29,0.29
JORD,2015-11-29 04:40:00 EST,43.06980,-76.47006,402,33.4,33.4,33.4,77.4,27.1,0.000,0.000,0.00,0.000,2.1,3.3,0.4,286,9,2.3,3.8,0.5,287,12,2.1,3.3,0.4,286,9,0,29.87,,0,0,0,42.8,45.9,47.4,0.34,0.29,0.29
JORD,2015-11-29 04:45:00 EST,43.06980,-76.47006,402,33.3,33.2,33.3,78.4,27.3,0.000,0.000,0.00,0.000,2.2,3.4,0.5,284,14,2.5,3.8,0.5,287,16,2.2,3.4,0.5,284,14,0,29.87,,0,0,0,42.8,45.9,47.4,0.34,0.29,0.29
JORD,2015-11-29 04:50:00 EST,43.06980,-76.47006,402,33.3,33.2,33.3,78.6,27.4,0.000,0.000,0.00,0.000,2.3,4.0,0.7,263,14,2.6,4.7,0.7,264,15,2.3,4.0,0.7,263,14,0,29.87,,0,0,0,42.8,45.8,47.4,0.34,0.30,0.29
JORD,2015-11-29 04:55:00 EST,43.06980,-76.47006,402,33.3,33.2,30.6,78.9,27.5,0.000,0.000,0.00,0.000,3.2,5.2,0.9,260,21,3.5,5.8,0.9,262,21,3.2,5.2,0.9,260,21,0,29.87,,0,0,0,42.8,45.9,47.4,0.34,0.30,0.29
JORD,2015-11-29 05:00:00 EST,43.06980,-76.47006,402,33.3,33.2,33.3,78.9,27.5,0.000,0.000,0.00,0.000,1.8,3.5,0.7,291,27,2.0,4.5,0.7,294,30,1.8,3.5,0.7,291,27,0,29.87,,0,0,0,42.8,45.8,47.4,0.34,0.29,0.29
JORD,2015-11-29 05:05:00 EST,43.06980,-76.47006,402,33.3,33.2,33.3,79.4,27.6,0.000,0.000,0.00,0.000,2.3,3.4,0.4,304,20,2.4,4.3,0.5,306,21,2.3,3.4,0.4,304,20,0,29.87,,0,0,0,42.8,45.9,47.4,0.34,0.30,0.29
JORD,2015-11-29 05:10:00 EST,43.06980,-76.47006,402,33.2,33.2,30.5,80.3,27.8,0.000,0.000,0.00,0.000,3.1,4.4,0.7,274,12,3.4,5.1,0.8,276,13,3.1,4.4,0.7,274,12,0,29.87,,0,0,0,42.8,45.8,47.4,0.34,0.29,0.29
JORD,2015-11-29 05:15:00 EST,43.06980,-76.47006,402,33.2,33.1,33.2,79.8,27.7,0.000,0.000,0.00,0.000,2.6,3.7,0.5,266,17,2.8,4.3,0.6,266,19,2.6,3.7,0.5,266,17,0,29.87,,0,0,0,42.8,45.8,47.4,0.34,0.29,0.29
JORD,2015-11-29 05:20:00 EST,43.06980,-76.47006,402,33.2,33.1,33.2,80.7,27.9,0.000,0.000,0.00,0.000,2.8,4.8,0.8,259,13,3.2,5.8,0.9,260,14,2.8,4.8,0.8,259,13,0,29.87,,0,0,0,42.8,45.8,47.4,0.34,0.30,0.29
JORD,2015-11-29 05:25:00 EST,43.06980,-76.47006,402,33.2,33.1,33.2,81.4,28.1,0.000,0.000,0.00,0.000,2.2,4.1,0.6,261,17,2.5,4.5,0.7,262,17,2.2,4.1,0.6,261,17,0,29.87,,0,0,0,42.8,45.8,47.4,0.34,0.30,0.29
JORD,2015-11-29 05:30:00 EST,43.06980,-76.47006,402,33.2,33.1,33.2,81.1,28.1,0.000,0.000,0.00,0.000,2.8,6.4,1.3,262,20,3.1,7.4,1.4,261,21,2.8,6.4,1.3,262,20,0,29.87,,0,0,0,42.8,45.8,47.4,0.34,0.30,0.29
JORD,2015-11-29 05:35:00 EST,43.06980,-76.47006,402,33.2,33.1,33.2,80.7,27.9,0.000,0.000,0.00,0.000,1.8,3.1,0.6,262,18,2.0,3.6,0.7,263,19,1.8,3.1,0.6,262,18,0,29.87,,0,0,0,42.8,45.8,47.4,0.34,0.30,0.29
JORD,2015-11-29 05:40:00 EST,43.06980,-76.47006,402,33.2,33.1,33.2,80.7,27.9,0.000,0.000,0.00,0.000,2.6,4.5,0.9,260,14,2.9,5.4,1.0,260,15,2.6,4.5,0.9,260,14,0,29.87,,0,0,0,42.8,45.8,47.4,0.34,0.29,0.29
JORD,2015-11-29 05:45:00 EST,43.06980,-76.47006,402,33.2,33.1,33.2,80.5,27.9,0.000,0.000,0.00,0.000,2.2,4.9,1.1,260,19,2.5,5.4,1.1,263,21,2.2,4.9,1.1,260,19,0,29.87,,0,0,0,42.8,45.7,47.4,0.34,0.29,0.29
JORD,2015-11-29 05:50:00 EST,43.06980,-76.47006,402,33.2,33.1,33.2,80.2,27.8,0.000,0.000,0.00,0.000,2.2,5.0,0.9,256,16,2.6,6.5,1.0,255,18,2.2,5.0,0.9,256,16,0,29.87,,0,0,0,42.8,45.7,47.4,0.34,0.30,0.29
JORD,2015-11-29 05:55:00 EST,43.06980,-76.47006,402,33.2,33.0,33.2,80.2,27.7,0.000,0.000,0.00,0.000,2.9,4.7,0.9,262,20,3.2,5.6,1.1,262,21,2.9,4.7,0.9,262,20,0,29.87,,0,0,0,42.8,45.7,47.4,0.34,0.30,0.29
JORD,2015-11-29 06:00:00 EST,43.06980,-76.47006,402,33.1,33.0,30.4,80.4,27.7,0.000,0.000,0.00,0.000,3.2,5.5,1.1,251,17,3.5,7.2,1.3,251,18,3.2,5.5,1.1,251,17,0,29.87,,0,0,0,42.7,45.7,47.4,0.34,0.30,0.29
JORD,2015-11-29 06:05:00 EST,43.06980,-76.47006,402,33.1,33.0,30.2,79.2,27.4,0.000,0.000,0.00,0.000,3.3,5.6,1.0,255,20,3.6,6.9,1.2,256,20,3.3,5.6,1.0,255,20,0,29.87,,0,0,0,42.7,45.7,47.3,0.34,0.30,0.29
JORD,2015-11-29 06:10:00 EST,43.06980,-76.47006,402,33.0,32.9,33.0,79.7,27.4,0.000,0.000,0.00,0.000,1.5,2.8,0.7,240,20,1.8,3.4,0.5,236,22,1.5,2.8,0.7,240,20,0,29.87,,0,0,0,42.7,45.7,47.3,0.34,0.30,0.29
JORD,2015-11-29 06:15:00 EST,43.06980,-76.47006,402,32.9,32.9,30.2,80.0,27.4,0.000,0.000,0.00,0.000,3.1,5.0,0.8,237,19,3.3,5.1,1.0,237,19,3.1,5.0,0.8,237,19,0,29.87,,0,0,0,42.7,45.7,47.3,0.34,0.30,0.29
JORD,2015-11-29 06:20:00 EST,43.06980,-76.47006,402,32.8,32.8,32.8,80.0,27.3,0.000,0.000,0.00,0.000,2.8,5.0,1.1,251,12,3.1,5.4,1.2,251,13,2.8,5.0,1.1,251,12,0,29.87,,0,0,0,42.7,45.7,47.3,0.34,0.30,0.29
JORD,2015-11-29 06:25:00 EST,43.06980,-76.47006,402,32.7,32.7,32.7,80.1,27.2,0.000,0.000,0.00,0.000,2.1,4.4,0.7,263,15,2.5,4.9,0.8,263,17,2.1,4.4,0.7,263,15,0,29.88,,0,0,0,42.6,45.7,47.3,0.34,0.29,0.29
JORD,2015-11-29 06:30:00 EST,43.06980,-76.47006,402,32.6,32.6,32.6,80.6,27.3,0.000,0.000,0.00,0.000,2.5,5.2,0.6,246,13,2.7,5.6,0.8,245,14,2.5,5.2,0.6,246,13,0,29.88,,0,0,0,42.6,45.7,47.3,0.34,0.30,0.29
JORD,2015-11-29 06:35:00 EST,43.06980,-76.47006,402,32.5,32.5,32.5,80.6,27.2,0.000,0.000,0.00,0.000,2.6,4.7,0.9,252,14,2.8,5.4,0.9,251,14,2.6,4.7,0.9,252,14,0,29.88,,0,0,0,42.6,45.7,47.3,0.34,0.30,0.29
JORD,2015-11-29 06:40:00 EST,43.06980,-76.47006,402,32.5,32.5,29.7,80.3,27.2,0.000,0.000,0.00,0.000,3.2,5.8,1.1,254,22,3.5,6.3,1.2,256,23,3.2,5.8,1.1,254,22,0,29.88,,0,0,0,42.6,45.7,47.3,0.34,0.29,0.29
JORD,2015-11-29 06:45:00 EST,43.06980,-76.47006,402,32.4,32.4,32.4,80.3,27.1,0.000,0.000,0.00,0.000,2.6,4.0,0.7,240,15,2.9,4.9,0.8,239,15,2.6,4.0,0.7,240,15,0,29.88,,0,0,0,42.6,45.7,47.3,0.34,0.30,0.29
JORD,2015-11-29 06:50:00 EST,43.06980,-76.47006,402,32.4,32.4,32.4,80.2,27.0,0.000,0.000,0.00,0.000,2.7,5.6,1.2,237,11,2.9,6.5,1.3,236,13,2.7,5.6,1.2,237,11,0,29.88,,0,0,0,42.6,45.7,47.3,0.34,0.30,0.29
JORD,2015-11-29 06:55:00 EST,43.06980,-76.47006,402,32.4,32.3,29.2,80.5,27.0,0.000,0.000,0.00,0.000,3.4,5.6,1.0,251,12,3.7,6.0,1.1,251,12,3.4,5.6,1.0,251,12,0,29.88,,0,0,0,42.6,45.7,47.3,0.34,0.30,0.29
JORD,2015-11-29 07:00:00 EST,43.06980,-76.47006,402,32.3,32.3,32.3,80.7,27.1,0.000,0.000,0.00,0.000,2.7,4.5,0.7,255,14,2.9,5.1,0.8,255,15,2.7,4.5,0.7,255,14,0,29.89,,0,0,0,42.6,45.7,47.3,0.34,0.30,0.29
JORD,2015-11-29 07:05:00 EST,43.06980,-76.47006,402,32.3,32.2,32.3,80.9,27.1,0.000,0.000,0.00,0.000,2.4,4.2,0.7,249,18,2.6,4.7,0.8,250,19,2.4,4.2,0.7,249,18,0,29.89,,0,0,0,42.6,45.7,47.3,0.34,0.29,0.29
JORD,2015-11-29 07:10:00 EST,43.06980,-76.47006,402,32.3,32.2,32.3,81.4,27.2,0.000,0.000,0.00,0.000,2.3,4.6,0.7,251,18,2.6,5.1,0.8,250,19,2.3,4.6,0.7,251,18,1,29.89,,0,0,0,42.6,45.7,47.3,0.34,0.30,0.29
JORD,2015-11-29 07:15:00 EST,43.06980,-76.47006,402,32.3,32.3,32.3,81.2,27.2,0.000,0.000,0.00,0.000,2.4,4.2,0.7,250,14,2.8,5.4,0.8,249,16,2.4,4.2,0.7,250,14,1,29.89,,0,0,0,42.5,45.6,47.3,0.34,0.30,0.29
JORD,2015-11-29 07:20:00 EST,43.06980,-76.47006,402,32.4,32.3,29.7,80.7,27.1,0.000,0.000,0.00,0.000,3.0,5.0,0.6,254,15,3.4,5.6,0.7,253,16,3.0,5.0,0.6,254,15,2,29.89,,0,0,0,42.5,45.6,47.3,0.34,0.30,0.29
JORD,2015-11-29 07:25:00 EST,43.06980,-76.47006,402,32.4,32.3,32.4,80.3,27.0,0.000,0.000,0.00,0.000,2.8,4.5,0.8,274,14,3.1,6.0,0.9,276,14,2.8,4.5,0.8,274,14,3,29.90,,0,0,0,42.4,45.6,47.3,0.34,0.30,0.29
JORD,2015-11-29 07:30:00 EST,43.06980,-76.47006,402,32.4,32.3,29.4,80.4,27.1,0.000,0.000,0.00,0.000,3.3,6.1,1.0,262,15,3.7,7.2,1.2,262,16,3.3,6.1,1.0,262,15,3,29.90,,0,0,0,42.4,45.6,47.3,0.34,0.30,0.29
JORD,2015-11-29 07:35:00 EST,43.06980,-76.47006,402,32.4,32.3,29.6,80.3,27.0,0.000,0.000,0.00,0.000,3.1,4.5,0.8,259,17,3.5,5.6,1.0,260,17,3.1,4.5,0.8,259,17,5,29.90,,0,0,0,42.4,45.6,47.3,0.34,0.30,0.29
JORD,2015-11-29 07:40:00 EST,43.06980,-76.47006,402,32.4,32.3,32.4,80.7,27.2,0.000,0.000,0.00,0.000,2.9,4.9,0.9,258,21,3.2,5.6,1.0,258,22,2.9,4.9,0.9,258,21,8,29.90,,0,0,0,42.4,45.5,47.3,0.34,0.29,0.29
JORD,2015-11-29 07:45:00 EST,43.06980,-76.47006,402,32.5,32.3,29.0,80.0,27.0,0.000,0.000,0.00,0.000,3.7,6.8,1.3,269,15,4.1,7.8,1.5,270,13,3.7,6.8,1.3,269,15,9,29.90,,0,0,0,42.4,45.5,47.3,0.34,0.30,0.29
JORD,2015-11-29 07:50:00 EST,43.06980,-76.47006,402,32.5,32.3,28.5,79.3,26.8,0.000,0.000,0.00,0.000,4.1,6.8,1.0,269,15,4.5,7.6,1.2,271,14,4.1,6.8,1.0,269,15,11,29.90,,0,0,0,42.4,45.5,47.3,0.34,0.30,0.29
JORD,2015-11-29 07:55:00 EST,43.06980,-76.47006,402,32.5,32.3,28.0,79.2,26.7,0.000,0.000,0.00,0.000,4.6,6.4,0.9,265,16,5.0,7.4,1.0,266,16,4.6,6.4,0.9,265,16,13,29.90,,0,0,0,42.4,45.5,47.3,0.34,0.30,0.29
JORD,2015-11-29 08:00:00 EST,43.06980,-76.47006,402,32.5,32.3,29.4,79.7,26.9,0.000,0.000,0.00,0.000,3.4,6.6,1.2,264,17,3.8,6.5,1.1,266,15,3.4,6.6,1.2,264,17,14,29.90,,0,0,0,42.4,45.5,47.3,0.34,0.30,0.29
JORD,2015-11-29 08:05:00 EST,43.06980,-76.47006,402,32.5,32.3,28.7,78.8,26.7,0.000,0.000,0.00,0.000,4.0,7.4,1.4,265,16,4.4,7.8,1.5,267,16,4.0,7.4,1.4,265,16,18,29.90,,0,0,0,42.4,45.5,47.3,0.34,0.30,0.29
JORD,2015-11-29 08:10:00 EST,43.06980,-76.47006,402,32.5,32.4,28.0,78.9,26.7,0.000,0.000,0.00,0.000,4.6,8.3,1.4,256,16,5.0,8.9,1.6,257,15,4.6,8.3,1.4,256,16,24,29.90,,0,0,0,42.4,45.5,47.3,0.34,0.30,0.29
JORD,2015-11-29 08:15:00 EST,43.06980,-76.47006,402,32.6,32.4,28.9,78.2,26.5,0.000,0.000,0.00,0.000,3.8,5.9,0.9,274,17,4.2,6.7,1.0,275,16,3.8,5.9,0.9,274,17,25,29.90,,0,0,0,42.4,45.5,47.3,0.34,0.30,0.29
JORD,2015-11-29 08:20:00 EST,43.06980,-76.47006,402,32.6,32.5,29.1,77.9,26.5,0.000,0.000,0.00,0.000,3.7,5.8,1.0,260,15,4.1,6.7,1.0,262,13,3.7,5.8,1.0,260,15,26,29.90,,0,0,0,42.4,45.5,47.3,0.34,0.30,0.29
JORD,2015-11-29 08:25:00 EST,43.06980,-76.47006,402,32.7,32.6,32.7,77.9,26.6,0.000,0.000,0.00,0.000,2.8,5.0,0.9,273,16,3.2,5.8,0.9,273,16,2.8,5.0,0.9,273,16,25,29.91,,0,0,0,42.4,45.5,47.3,0.34,0.30,0.29
JORD,2015-11-29 08:30:00 EST,43.06980,-76.47006,402,32.8,32.6,29.5,77.7,26.6,0.000,0.000,0.00,0.000,3.5,6.1,1.0,276,12,3.9,7.4,1.2,279,13,3.5,6.1,1.0,276,12,25,29.91,,0,0,0,42.4,45.5,47.3,0.34,0.30,0.29
JORD,2015-11-29 08:35:00 EST,43.06980,-76.47006,402,32.9,32.7,28.4,77.3,26.6,0.000,0.000,0.00,0.000,4.6,7.7,0.9,280,19,5.0,8.5,1.2,281,18,4.6,7.7,0.9,280,19,29,29.91,,0,0,0,42.3,45.5,47.3,0.34,0.30,0.29
JORD,2015-11-29 08:40:00 EST,43.06980,-76.47006,402,33.0,32.8,29.2,77.2,26.6,0.000,0.000,0.00,0.000,4.0,7.0,1.4,299,18,4.4,8.3,1.6,301,18,4.0,7.0,1.4,299,18,32,29.91,,0,0,0,42.3,45.5,47.3,0.34,0.30,0.29
JORD,2015-11-29 08:45:00 EST,43.06980,-76.47006,402,33.0,32.7,27.6,76.5,26.4,0.000,0.000,0.00,0.000,5.7,10.4,2.6,274,17,6.5,13.0,3.0,277,17,5.7,10.4,2.6,274,17,37,29.91,,0,0,0,42.3,45.5,47.3,0.34,0.30,0.29
JORD,2015-11-29 08:50:00 EST,43.06980,-76.47006,402,32.9,32.7,27.5,73.2,25.3,0.000,0.000,0.00,0.000,5.7,11.1,2.2,296,17,6.1,11.0,2.5,298,16,5.7,11.1,2.2,296,17,38,29.91,,0,0,0,42.3,45.5,47.3,0.34,0.30,0.29
JORD,2015-11-29 08:55:00 EST,43.06980,-76.47006,402,32.9,32.7,28.1,72.5,25.0,0.000,0.000,0.00,0.000,5.0,7.9,1.5,302,14,5.3,8.3,1.5,304,14,5.0,7.9,1.5,302,14,43,29.91,,0,0,0,42.3,45.5,47.3,0.34,0.30,0.29
JORD,2015-11-29 09:00:00 EST,43.06980,-76.47006,402,32.9,32.7,27.9,73.1,25.2,0.000,0.000,0.00,0.000,5.3,9.2,1.9,312,13,5.4,10.1,1.9,314,12,5.3,9.2,1.9,312,13,43,29.91,,0,0,0,42.3,45.5,47.3,0.34,0.29,0.29
JORD,2015-11-29 09:05:00 EST,43.06980,-76.47006,402,32.9,32.7,28.7,72.8,25.2,0.000,0.000,0.00,0.000,4.4,8.5,1.3,287,23,5.0,9.2,1.6,288,22,4.4,8.5,1.3,287,23,46,29.91,,0,0,0,42.3,45.5,47.3,0.34,0.30,0.29
JORD,2015-11-29 09:10:00 EST,43.06980,-76.47006,402,32.9,32.7,28.4,73.0,25.3,0.000,0.000,0.00,0.000,4.8,9.1,1.8,302,21,5.1,10.7,1.9,302,19,4.8,9.1,1.8,302,21,47,29.91,,0,0,0,42.3,45.5,47.3,0.34,0.30,0.29
JORD,2015-11-29 09:15:00 EST,43.06980,-76.47006,402,32.9,32.6,26.9,72.7,25.1,0.000,0.000,0.00,0.000,6.5,11.7,2.5,307,16,6.9,11.6,2.5,308,16,6.5,11.7,2.5,307,16,52,29.91,,0,0,0,42.3,45.5,47.3,0.34,0.30,0.29
JORD,2015-11-29 09:20:00 EST,43.06980,-76.47006,402,32.8,32.6,27.8,72.0,24.8,0.000,0.000,0.00,0.000,5.3,9.9,1.8,303,25,6.0,13.2,2.1,306,23,5.3,9.9,1.8,303,25,54,29.91,,0,0,0,42.3,45.4,47.3,0.34,0.30,0.29
JORD,2015-11-29 09:25:00 EST,43.06980,-76.47006,402,32.9,32.6,26.9,71.6,24.7,0.000,0.000,0.00,0.000,6.4,10.3,1.9,293,18,6.7,11.4,1.9,295,18,6.4,10.3,1.9,293,18,68,29.91,,0,0,0,42.3,45.4,47.3,0.34,0.29,0.29
JORD,2015-11-29 09:30:00 EST,43.06980,-76.47006,402,32.9,32.7,27.4,70.9,24.5,0.000,0.000,0.00,0.000,6.0,11.7,2.6,304,19,6.6,11.6,2.6,305,19,6.0,11.7,2.6,304,19,67,29.91,,0,0,0,42.3,45.4,47.3,0.34,0.30,0.29
JORD,2015-11-29 09:35:00 EST,43.06980,-76.47006,402,33.0,32.7,27.6,70.3,24.3,0.000,0.000,0.00,0.000,5.7,10.4,1.9,299,18,6.2,11.2,2.0,300,17,5.7,10.4,1.9,299,18,83,29.91,,0,0,0,42.3,45.4,47.3,0.34,0.30,0.29
JORD,2015-11-29 09:40:00 EST,43.06980,-76.47006,402,33.2,32.9,29.5,71.2,24.9,0.000,0.000,0.00,0.000,3.9,7.2,1.5,276,18,4.3,8.1,1.7,278,17,3.9,7.2,1.5,276,18,124,29.91,,0,0,0,42.3,45.4,47.3,0.34,0.29,0.29
JORD,2015-11-29 09:45:00 EST,43.06980,-76.47006,402,33.4,33.0,28.0,70.5,24.8,0.000,0.000,0.00,0.000,5.9,9.3,1.3,283,17,6.3,9.8,1.3,285,17,5.9,9.3,1.3,283,17,131,29.91,,0,0,0,42.3,45.4,47.2,0.34,0.30,0.29
JORD,2015-11-29 09:50:00 EST,43.06980,-76.47006,402,33.4,33.0,28.1,69.0,24.3,0.000,0.000,0.00,0.000,5.7,9.6,1.2,272,18,6.3,10.3,1.3,273,17,5.7,9.6,1.2,272,18,180,29.91,,0,0,0,42.3,45.3,47.3,0.34,0.30,0.29
JORD,2015-11-29 09:55:00 EST,43.06980,-76.47006,402,34.0,33.6,30.2,69.4,25.0,0.000,0.000,0.00,0.000,4.2,9.2,1.5,278,14,4.8,9.6,1.6,279,13,4.2,9.2,1.5,278,14,166,29.91,,0,0,0,42.3,45.4,47.3,0.34,0.30,0.29
JORD,2015-11-29 10:00:00 EST,43.06980,-76.47006,402,33.8,33.5,30.7,68.4,24.5,0.000,0.000,0.00,0.000,3.5,7.7,1.3,268,23,4.2,8.3,1.4,267,23,3.5,7.7,1.3,268,23,199,29.91,,0,0,0,42.3,45.3,47.2,0.34,0.30,0.29
JORD,2015-11-29 10:05:00 EST,43.06980,-76.47006,402,34.4,33.9,29.6,68.7,25.2,0.000,0.000,0.00,0.000,5.4,10.1,2.6,258,24,5.9,10.7,2.6,260,26,5.4,10.1,2.6,258,24,265,29.91,,0,0,0,42.3,45.3,47.2,0.34,0.30,0.29
JORD,2015-11-29 10:10:00 EST,43.06980,-76.47006,402,34.2,33.8,30.0,68.5,24.9,0.000,0.000,0.00,0.000,4.7,10.8,1.9,267,20,5.2,11.4,2.2,269,20,4.7,10.8,1.9,267,20,162,29.91,,0,0,0,42.3,45.3,47.2,0.34,0.30,0.29
JORD,2015-11-29 10:15:00 EST,43.06980,-76.47006,402,34.3,33.8,28.2,68.2,24.9,0.000,0.000,0.00,0.000,7.0,12.4,2.7,286,17,7.6,13.6,2.9,286,16,7.0,12.4,2.7,286,17,191,29.91,,0,0,0,42.3,45.3,47.2,0.34,0.29,0.29
JORD,2015-11-29 10:20:00 EST,43.06980,-76.47006,402,34.1,33.8,27.9,68.1,24.7,0.000,0.000,0.00,0.000,7.3,12.1,2.2,279,16,8.0,13.6,2.3,280,14,7.3,12.1,2.2,279,16,137,29.92,,0,0,0,42.4,45.3,47.2,0.34,0.30,0.29
JORD,2015-11-29 10:25:00 EST,43.06980,-76.47006,402,34.1,33.8,27.5,68.0,24.7,0.000,0.000,0.00,0.000,7.9,12.2,1.8,278,13,8.6,13.6,2.1,280,12,7.9,12.2,1.8,278,13,138,29.91,,0,0,0,42.4,45.3,47.2,0.34,0.30,0.29
JORD,2015-11-29 10:30:00 EST,43.06980,-76.47006,402,34.2,33.9,28.0,68.8,25.0,0.000,0.000,0.00,0.000,7.2,11.8,1.9,273,14,7.9,13.2,2.2,275,12,7.2,11.8,1.9,273,14,125,29.91,,0,0,0,42.4,45.3,47.2,0.34,0.30,0.29
JORD,2015-11-29 10:35:00 EST,43.06980,-76.47006,402,34.2,33.9,27.5,68.1,24.8,0.000,0.000,0.00,0.000,8.2,12.3,1.7,263,17,9.0,14.3,2.0,264,16,8.2,12.3,1.7,263,17,118,29.91,,0,0,0,42.4,45.3,47.2,0.34,0.30,0.29
JORD,2015-11-29 10:40:00 EST,43.06980,-76.47006,402,34.3,34.0,29.3,68.9,25.1,0.000,0.000,0.00,0.000,5.6,9.6,1.9,267,22,6.1,11.2,2.1,269,22,5.6,9.6,1.9,267,22,128,29.91,,0,0,0,42.4,45.3,47.2,0.34,0.30,0.29
JORD,2015-11-29 10:45:00 EST,43.06980,-76.47006,402,34.5,34.2,30.5,69.9,25.7,0.000,0.000,0.00,0.000,4.5,7.0,1.3,276,19,5.1,8.5,1.4,278,20,4.5,7.0,1.3,276,19,107,29.91,,0,0,0,42.4,45.3,47.2,0.34,0.30,0.29
JORD,2015-11-29 10:50:00 EST,43.06980,-76.47006,402,34.5,34.1,29.5,67.9,24.9,0.000,0.000,0.00,0.000,5.5,9.5,1.4,310,20,5.9,9.8,1.3,314,20,5.5,9.5,1.4,310,20,282,29.91,,0,0,0,42.4,45.3,47.2,0.34,0.30,0.29
JORD,2015-11-29 10:55:00 EST,43.06980,-76.47006,402,34.8,34.4,30.4,68.3,25.5,0.000,0.000,0.00,0.000,5.0,9.6,2.3,311,18,5.4,10.1,2.2,315,19,5.0,9.6,2.3,311,18,240,29.91,,0,0,0,42.4,45.3,47.2,0.34,0.30,0.29
JORD,2015-11-29 11:00:00 EST,43.06980,-76.47006,402,34.5,34.1,29.3,69.3,25.5,0.000,0.000,0.00,0.000,5.9,8.8,1.5,322,15,6.2,9.2,1.5,326,15,5.9,8.8,1.5,322,15,283,29.90,,0,0,0,42.5,45.3,47.2,0.34,0.30,0.29
JORD,2015-11-29 11:05:00 EST,43.06980,-76.47006,402,34.9,34.4,30.4,67.2,25.2,0.000,0.000,0.00,0.000,5.1,8.9,1.5,324,13,5.4,9.2,1.5,328,11,5.1,8.9,1.5,324,13,291,29.90,,0,0,0,42.5,45.3,47.2,0.34,0.30,0.29
JORD,2015-11-29 11:10:00 EST,43.06980,-76.47006,402,35.5,35.1,31.6,65.5,25.1,0.000,0.000,0.00,0.000,4.5,10.2,1.9,301,24,5.0,12.3,2.2,301,23,4.5,10.2,1.9,301,24,353,29.90,,0,0,0,42.5,45.3,47.2,0.34,0.30,0.29
JORD,2015-11-29 11:15:00 EST,43.06980,-76.47006,402,35.7,35.2,30.9,61.0,23.6,0.000,0.000,0.00,0.000,5.7,10.4,1.9,293,24,6.2,11.6,1.9,295,24,5.7,10.4,1.9,293,24,364,29.90,,0,0,0,42.6,45.3,47.2,0.34,0.30,0.29
JORD,2015-11-29 11:20:00 EST,43.06980,-76.47006,402,35.8,35.2,31.4,60.3,23.4,0.000,0.000,0.00,0.000,5.2,11.1,2.5,297,19,5.7,12.5,2.5,298,20,5.2,11.1,2.5,297,19,369,29.90,,0,0,0,42.6,45.3,47.2,0.34,0.30,0.29
JORD,2015-11-29 11:25:00 EST,43.06980,-76.47006,402,35.8,35.3,30.1,60.0,23.3,0.000,0.000,0.00,0.000,7.0,10.6,1.7,305,21,7.1,10.7,1.6,308,21,7.0,10.6,1.7,305,21,387,29.90,,0,0,0,42.6,45.3,47.2,0.34,0.29,0.29
JORD,2015-11-29 11:30:00 EST,43.06980,-76.47006,402,35.8,35.2,29.9,59.6,23.1,0.000,0.000,0.00,0.000,7.3,11.1,1.7,312,21,7.7,11.9,1.9,315,21,7.3,11.1,1.7,312,21,356,29.90,,0,0,0,42.6,45.3,47.2,0.34,0.30,0.29
JORD,2015-11-29 11:35:00 EST,43.06980,-76.47006,402,35.5,35.0,30.9,59.2,22.6,0.000,0.000,0.00,0.000,5.3,10.4,2.1,311,20,5.8,11.0,2.0,314,19,5.3,10.4,2.1,311,20,352,29.90,,0,0,0,42.7,45.3,47.2,0.34,0.30,0.29
JORD,2015-11-29 11:40:00 EST,43.06980,-76.47006,402,35.8,35.2,30.0,59.8,23.2,0.000,0.000,0.00,0.000,7.1,12.6,1.9,304,19,7.5,13.4,1.9,305,19,7.1,12.6,1.9,304,19,415,29.90,,0,0,0,42.7,45.2,47.2,0.34,0.30,0.29
JORD,2015-11-29 11:45:00 EST,43.06980,-76.47006,402,35.4,34.9,31.2,60.2,22.9,0.000,0.000,0.00,0.000,4.8,8.3,1.5,316,19,5.1,9.2,1.5,320,18,4.8,8.3,1.5,316,19,287,29.90,,0,0,0,42.7,45.2,47.2,0.34,0.30,0.29
JORD,2015-11-29 11:50:00 EST,43.06980,-76.47006,402,35.5,35.1,32.4,60.7,23.3,0.000,0.000,0.00,0.000,3.8,8.1,1.4,310,26,4.2,8.7,1.3,315,23,3.8,8.1,1.4,310,26,374,29.90,,0,0,0,42.8,45.3,47.2,0.34,0.30,0.29
JORD,2015-11-29 11:55:00 EST,43.06980,-76.47006,402,35.5,35.0,31.2,61.2,23.4,0.000,0.000,0.00,0.000,4.9,9.9,2.3,309,25,5.3,10.5,2.4,310,27,4.9,9.9,2.3,309,25,124,29.90,,0,0,0,42.8,45.2,47.1,0.34,0.30,0.29
JORD,2015-11-29 12:00:00 EST,43.06980,-76.47006,402,35.0,34.7,31.1,62.0,23.3,0.000,0.000,0.00,0.000,4.5,8.3,1.6,281,17,5.0,9.2,1.8,282,15,4.5,8.3,1.6,281,17,269,29.90,,0,0,0,42.8,45.2,47.2,0.34,0.30,0.29
JORD,2015-11-29 12:05:00 EST,43.06980,-76.47006,402,36.3,35.7,33.1,62.1,24.6,0.000,0.000,0.00,0.000,4.0,7.7,1.7,268,24,4.6,8.5,1.8,270,25,4.0,7.7,1.7,268,24,483,29.90,,0,0,0,42.9,45.2,47.1,0.34,0.30,0.29
JORD,2015-11-29 12:10:00 EST,43.06980,-76.47006,402,36.3,35.9,33.1,60.7,24.0,0.000,0.000,0.00,0.000,3.9,10.2,2.6,263,27,4.5,12.3,2.8,264,30,3.9,10.2,2.6,263,27,540,29.90,,0,0,0,43.0,45.2,47.1,0.34,0.30,0.29
JORD,2015-11-29 12:15:00 EST,43.06980,-76.47006,402,36.5,36.0,32.4,60.1,24.0,0.000,0.000,0.00,0.000,5.0,8.2,1.7,286,20,5.6,10.5,1.9,288,18,5.0,8.2,1.7,286,20,352,29.90,,0,0,0,43.0,45.2,47.2,0.34,0.30,0.29
JORD,2015-11-29 12:20:00 EST,43.06980,-76.47006,402,35.7,35.2,30.4,61.4,23.7,0.000,0.000,0.00,0.000,6.3,10.9,1.7,331,24,6.9,11.2,1.8,333,20,6.3,10.9,1.7,331,24,131,29.90,,0,0,0,43.0,45.2,47.1,0.34,0.29,0.29
JORD,2015-11-29 12:25:00 EST,43.06980,-76.47006,402,35.3,35.0,30.1,62.2,23.6,0.000,0.000,0.00,0.000,6.1,10.5,1.8,322,20,6.4,10.3,1.7,324,20,6.1,10.5,1.8,322,20,144,29.90,,0,0,0,43.1,45.1,47.1,0.34,0.30,0.29
JORD,2015-11-29 12:30:00 EST,43.06980,-76.47006,402,35.6,35.2,31.1,62.0,23.9,0.000,0.000,0.00,0.000,5.2,10.0,1.7,326,19,5.4,9.6,1.7,330,15,5.2,10.0,1.7,326,19,200,29.90,,0,0,0,43.1,45.2,47.1,0.34,0.30,0.29
JORD,2015-11-29 12:35:00 EST,43.06980,-76.47006,402,35.4,35.1,31.4,62.1,23.7,0.000,0.000,0.00,0.000,4.7,8.7,1.7,290,22,5.2,9.6,1.8,292,25,4.7,8.7,1.7,290,22,164,29.90,,0,0,0,43.2,45.2,47.1,0.34,0.30,0.29
JORD,2015-11-29 12:40:00 EST,43.06980,-76.47006,402,36.1,35.6,31.9,61.3,24.0,0.000,0.000,0.00,0.000,5.0,9.1,1.6,279,19,5.4,10.1,1.8,280,19,5.0,9.1,1.6,279,19,418,29.90,,0,0,0,43.2,45.1,47.1,0.34,0.29,0.29
JORD,2015-11-29 12:45:00 EST,43.06980,-76.47006,402,36.0,35.7,31.4,60.8,23.8,0.000,0.000,0.00,0.000,5.5,9.6,1.5,298,28,6.0,10.5,1.4,301,28,5.5,9.6,1.5,298,28,171,29.90,,0,0,0,43.3,45.2,47.2,0.34,0.29,0.29
JORD,2015-11-29 12:50:00 EST,43.06980,-76.47006,402,35.8,35.5,30.3,61.4,23.9,0.000,0.000,0.00,0.000,6.7,11.8,2.0,330,21,7.1,11.4,1.9,334,20,6.7,11.8,2.0,330,21,172,29.90,,0,0,0,43.3,45.2,47.1,0.34,0.29,0.29
JORD,2015-11-29 12:55:00 EST,43.06980,-76.47006,402,36.4,35.9,31.4,61.2,24.3,0.000,0.000,0.00,0.000,6.1,10.2,2.0,340,18,6.8,11.2,2.0,342,15,6.1,10.2,2.0,340,18,395,29.90,,0,0,0,43.4,45.2,47.1,0.34,0.30,0.29
JORD,2015-11-29 13:00:00 EST,43.06980,-76.47006,402,36.2,35.8,31.6,61.1,24.1,0.000,0.000,0.00,0.000,5.5,9.6,2.1,332,22,6.1,10.7,2.2,334,19,5.5,9.6,2.1,332,22,188,29.90,,0,0,0,43.4,45.2,47.1,0.34,0.30,0.29
JORD,2015-11-29 13:05:00 EST,43.06980,-76.47006,402,36.0,35.7,30.7,62.0,24.3,0.000,0.000,0.00,0.000,6.4,10.1,2.1,337,18,7.1,11.4,2.1,340,16,6.4,10.1,2.1,337,18,151,29.90,,0,0,0,43.5,45.2,47.1,0.34,0.30,0.29
JORD,2015-11-29 13:10:00 EST,43.06980,-76.47006,402,35.7,35.4,31.0,61.0,23.6,0.000,0.000,0.00,0.000,5.6,11.3,2.1,320,20,5.9,12.1,2.0,323,18,5.6,11.3,2.1,320,20,150,29.91,,0,0,0,43.5,45.2,47.1,0.34,0.29,0.29
JORD,2015-11-29 13:15:00 EST,43.06980,-76.47006,402,35.7,35.4,30.7,62.0,24.0,0.000,0.000,0.00,0.000,6.0,10.3,2.0,336,19,6.5,11.6,2.3,339,18,6.0,10.3,2.0,336,19,95,29.90,,0,0,0,43.5,45.1,47.1,0.34,0.30,0.29
JORD,2015-11-29 13:20:00 EST,43.06980,-76.47006,402,35.5,35.3,31.7,62.6,24.0,0.000,0.000,0.00,0.000,4.4,9.6,1.8,319,22,4.7,10.1,1.8,323,21,4.4,9.6,1.8,319,22,93,29.91,,0,0,0,43.5,45.1,47.1,0.34,0.30,0.29
JORD,2015-11-29 13:25:00 EST,43.06980,-76.47006,402,35.4,35.1,30.4,61.9,23.6,0.000,0.000,0.00,0.000,5.8,8.8,1.2,315,15,6.1,9.2,1.2,320,14,5.8,8.8,1.2,315,15,116,29.91,,0,0,0,43.6,45.1,47.1,0.34,0.30,0.29
JORD,2015-11-29 13:30:00 EST,43.06980,-76.47006,402,35.5,35.2,30.3,62.9,24.1,0.000,0.000,0.00,0.000,6.2,11.8,2.1,336,17,7.0,13.4,2.3,338,16,6.2,11.8,2.1,336,17,120,29.91,,0,0,0,43.7,45.1,47.1,0.34,0.30,0.29
JORD,2015-11-29 13:35:00 EST,43.06980,-76.47006,402,35.4,35.2,30.4,62.9,24.0,0.000,0.000,0.00,0.000,5.9,10.1,2.0,345,22,6.5,12.1,2.1,346,16,5.9,10.1,2.0,345,22,140,29.91,,0,0,0,43.7,45.1,47.1,0.34,0.30,0.29
JORD,2015-11-29 13:40:00 EST,43.06980,-76.47006,402,35.7,35.4,30.0,62.1,24.0,0.000,0.000,0.00,0.000,6.8,13.2,2.2,343,17,7.5,14.5,2.5,346,14,6.8,13.2,2.2,343,17,190,29.91,,0,0,0,43.7,45.2,47.1,0.34,0.30,0.29
JORD,2015-11-29 13:45:00 EST,43.06980,-76.47006,402,35.4,35.1,29.1,60.6,23.1,0.000,0.000,0.00,0.000,7.8,12.5,2.4,343,14,8.5,13.9,2.5,346,11,7.8,12.5,2.4,343,14,94,29.91,,0,0,0,43.7,45.2,47.1,0.34,0.30,0.29
JORD,2015-11-29 13:50:00 EST,43.06980,-76.47006,402,35.1,34.9,29.0,62.1,23.4,0.000,0.000,0.00,0.000,7.3,12.1,2.1,328,16,7.9,13.0,2.3,333,15,7.3,12.1,2.1,328,16,74,29.91,,0,0,0,43.7,45.2,47.1,0.34,0.30,0.29
JORD,2015-11-29 13:55:00 EST,43.06980,-76.47006,402,34.8,34.7,29.3,63.3,23.6,0.000,0.000,0.00,0.000,6.4,10.1,1.6,338,14,7.0,11.4,1.7,340,13,6.4,10.1,1.6,338,14,68,29.91,,0,0,0,43.7,45.1,47.1,0.34,0.30,0.29
JORD,2015-11-29 14:00:00 EST,43.06980,-76.47006,402,34.8,34.6,29.6,63.1,23.5,0.000,0.000,0.00,0.000,5.9,9.1,1.4,331,16,6.4,9.6,1.4,334,14,5.9,9.1,1.4,331,16,91,29.91,,0,0,0,43.7,45.2,47.1,0.34,0.30,0.29
JORD,2015-11-29 14:05:00 EST,43.06980,-76.47006,402,35.2,35.0,31.2,63.6,24.1,0.000,0.000,0.00,0.000,4.6,9.8,2.0,325,21,5.1,10.5,2.1,328,21,4.6,9.8,2.0,325,21,114,29.91,,0,0,0,43.7,45.2,47.1,0.34,0.30,0.29
JORD,2015-11-29 14:10:00 EST,43.06980,-76.47006,402,35.3,35.0,30.2,62.3,23.7,0.000,0.000,0.00,0.000,5.8,10.1,1.9,310,23,6.4,11.2,2.1,311,22,5.8,10.1,1.9,310,23,113,29.91,,0,0,0,43.7,45.1,47.1,0.34,0.30,0.29
JORD,2015-11-29 14:15:00 EST,43.06980,-76.47006,402,35.9,35.5,32.5,62.3,24.2,0.000,0.000,0.00,0.000,4.1,7.5,1.6,306,22,4.5,8.1,1.5,305,22,4.1,7.5,1.6,306,22,374,29.90,,0,0,0,43.8,45.1,47.1,0.34,0.30,0.29
JORD,2015-11-29 14:20:00 EST,43.06980,-76.47006,402,36.4,36.0,31.8,59.5,23.6,0.000,0.000,0.00,0.000,5.6,7.5,1.1,311,26,6.0,9.4,1.1,314,24,5.6,7.5,1.1,311,26,270,29.90,,0,0,0,43.8,45.1,47.1,0.34,0.30,0.29
JORD,2015-11-29 14:25:00 EST,43.06980,-76.47006,402,35.7,35.4,29.1,60.6,23.4,0.000,0.000,0.00,0.000,8.4,12.3,1.7,339,23,9.0,13.4,1.9,344,21,8.4,12.3,1.7,339,23,91,29.90,,0,0,0,43.8,45.2,47.1,0.34,0.30,0.29
JORD,2015-11-29 14:30:00 EST,43.06980,-76.47006,402,35.6,35.4,31.4,61.6,23.7,0.000,0.000,0.00,0.000,4.9,9.5,2.0,339,23,5.6,11.6,2.2,341,22,4.9,9.5,2.0,339,23,84,29.90,,0,0,0,43.7,45.2,47.1,0.34,0.30,0.29
JORD,2015-11-29 14:35:00 EST,43.06980,-76.47006,402,35.7,35.4,31.4,60.9,23.5,0.000,0.000,0.00,0.000,5.0,9.3,1.5,325,22,5.6,9.6,1.7,328,20,5.0,9.3,1.5,325,22,227,29.90,,0,0,0,43.7,45.2,47.1,0.34,0.30,0.29
JORD,2015-11-29 14:40:00 EST,43.06980,-76.47006,402,36.5,36.0,31.6,59.7,23.8,0.000,0.000,0.00,0.000,6.0,11.2,2.1,324,20,6.4,11.4,2.0,328,19,6.0,11.2,2.1,324,20,285,29.90,,0,0,0,43.7,45.2,47.1,0.34,0.30,0.29
JORD,2015-11-29 14:45:00 EST,43.06980,-76.47006,402,35.8,35.6,29.3,61.2,23.8,0.000,0.000,0.00,0.000,8.4,13.9,2.7,15,17,9.2,15.0,2.8,16,16,8.4,13.9,2.7,15,17,57,29.90,,0,0,0,43.7,45.2,47.1,0.34,0.30,0.29
JORD,2015-11-29 14:50:00 EST,43.06980,-76.47006,402,34.8,34.6,28.1,61.7,22.9,0.000,0.000,0.00,0.000,8.2,12.1,1.8,14,16,8.9,13.6,2.1,14,12,8.2,12.1,1.8,14,16,36,29.91,,0,0,0,43.7,45.2,47.1,0.34,0.30,0.29
JORD,2015-11-29 14:55:00 EST,43.06980,-76.47006,402,34.5,34.5,29.4,62.6,23.1,0.000,0.000,0.00,0.000,5.8,8.8,1.4,350,25,6.3,9.8,1.4,355,21,5.8,8.8,1.4,350,25,33,29.91,,0,0,0,43.7,45.2,47.1,0.34,0.29,0.29
JORD,2015-11-29 15:00:00 EST,43.06980,-76.47006,402,34.6,34.5,31.2,63.3,23.4,0.000,0.000,0.00,0.000,3.9,5.9,1.3,336,17,4.5,7.8,1.4,338,15,3.9,5.9,1.3,336,17,157,29.90,,0,0,0,43.7,45.2,47.1,0.34,0.30,0.29
JORD,2015-11-29 15:05:00 EST,43.06980,-76.47006,402,35.6,35.2,35.6,62.4,24.0,0.000,0.000,0.00,0.000,1.7,3.1,0.8,338,24,2.0,4.0,0.9,341,21,1.7,3.1,0.8,338,24,244,29.90,,0,0,0,43.7,45.2,47.1,0.34,0.30,0.29
JORD,2015-11-29 15:10:00 EST,43.06980,-76.47006,402,36.2,35.7,31.8,60.0,23.7,0.000,0.000,0.00,0.000,5.3,10.8,2.2,348,24,6.3,11.6,2.2,350,25,5.3,10.8,2.2,348,24,267,29.91,,0,0,0,43.7,45.2,47.1,0.34,0.30,0.29
JORD,2015-11-29 15:15:00 EST,43.06980,-76.47006,402,36.4,35.9,30.6,59.4,23.5,0.000,0.000,0.00,0.000,7.3,11.8,2.0,16,16,8.0,11.4,1.9,15,16,7.3,11.8,2.0,16,16,250,29.91,,0,0,0,43.7,45.2,47.1,0.34,0.30,0.29
JORD,2015-11-29 15:20:00 EST,43.06980,-76.47006,402,36.3,35.9,30.1,59.3,23.4,0.000,0.000,0.00,0.000,7.9,11.3,1.5,333,18,8.7,12.5,1.5,337,17,7.9,11.3,1.5,333,18,147,29.91,,0,0,0,43.7,45.2,47.1,0.34,0.30,0.29
JORD,2015-11-29 15:25:00 EST,43.06980,-76.47006,402,35.5,35.3,29.5,58.1,22.2,0.000,0.000,0.00,0.000,7.4,12.6,2.3,353,28,8.3,15.4,2.7,356,16,7.4,12.6,2.3,353,28,58,29.91,,0,0,0,43.7,45.2,47.1,0.34,0.30,0.29
JORD,2015-11-29 15:30:00 EST,43.06980,-76.47006,402,35.1,35.0,30.9,57.8,21.7,0.000,0.000,0.00,0.000,4.8,8.6,2.1,358,20,5.4,9.6,2.2,359,19,4.8,8.6,2.1,358,20,32,29.92,,0,0,0,43.7,45.2,47.1,0.34,0.30,0.29
JORD,2015-11-29 15:35:00 EST,43.06980,-76.47006,402,34.6,34.6,30.0,58.6,21.6,0.000,0.000,0.00,0.000,5.2,7.5,1.1,358,18,6.0,9.4,1.2,358,13,5.2,7.5,1.1,358,18,30,29.92,,0,0,0,43.7,45.2,47.1,0.34,0.30,0.29
JORD,2015-11-29 15:40:00 EST,43.06980,-76.47006,402,34.4,34.4,30.7,59.8,21.9,0.000,0.000,0.00,0.000,4.2,7.2,1.3,2,22,4.8,9.4,1.5,3,19,4.2,7.2,1.3,2,22,29,29.92,,0,0,0,43.7,45.2,47.1,0.34,0.30,0.29
JORD,2015-11-29 15:45:00 EST,43.06980,-76.47006,402,34.3,34.3,29.2,60.3,21.9,0.000,0.000,0.00,0.000,5.7,8.5,1.4,355,24,6.3,9.8,1.7,357,17,5.7,8.5,1.4,355,24,19,29.92,,0,0,0,43.7,45.2,47.1,0.34,0.30,0.29
JORD,2015-11-29 15:50:00 EST,43.06980,-76.47006,402,34.1,34.2,31.1,61.2,22.1,0.000,0.000,0.00,0.000,3.4,8.3,1.8,1,19,3.7,9.2,2.0,3,19,3.4,8.3,1.8,1,19,18,29.92,,0,0,0,43.7,45.2,47.1,0.34,0.30,0.29
JORD,2015-11-29 15:55:00 EST,43.06980,-76.47006,402,33.9,34.0,30.8,62.2,22.3,0.000,0.000,0.00,0.000,3.5,6.1,1.3,7,23,3.9,7.6,1.4,7,18,3.5,6.1,1.3,7,23,18,29.92,,0,0,0,43.7,45.2,47.1,0.34,0.30,0.29
JORD,2015-11-29 16:00:00 EST,43.06980,-76.47006,402,33.9,34.0,30.3,62.0,22.3,0.000,0.000,0.00,0.000,4.0,7.4,1.0,349,17,4.6,8.5,1.3,351,15,4.0,7.4,1.0,349,17,18,29.92,,0,0,0,43.6,45.3,47.1,0.34,0.30,0.29
JORD,2015-11-29 16:05:00 EST,43.06980,-76.47006,402,33.8,33.8,30.6,62.3,22.3,0.000,0.000,0.00,0.000,3.6,6.1,1.0,351,18,4.1,8.1,1.3,353,15,3.6,6.1,1.0,351,18,17,29.92,,0,0,0,43.7,45.2,47.1,0.34,0.30,0.29
JORD,2015-11-29 16:10:00 EST,43.06980,-76.47006,402,33.6,33.8,33.6,62.4,22.1,0.000,0.000,0.00,0.000,3.0,6.0,1.1,13,14,3.3,6.0,1.1,14,15,3.0,6.0,1.1,13,14,15,29.92,,0,0,0,43.7,45.3,47.1,0.34,0.30,0.29
JORD,2015-11-29 16:15:00 EST,43.06980,-76.47006,402,33.5,33.8,33.5,62.3,22.0,0.000,0.000,0.00,0.000,2.5,4.7,1.1,20,21,3.0,5.8,1.1,21,21,2.5,4.7,1.1,20,21,11,29.92,,0,0,0,43.6,45.3,47.0,0.34,0.30,0.29
JORD,2015-11-29 16:20:00 EST,43.06980,-76.47006,402,33.6,33.8,33.6,61.7,21.8,0.000,0.000,0.00,0.000,3.0,6.5,1.2,7,19,3.6,7.4,1.4,8,16,3.0,6.5,1.2,7,19,7,29.92,,0,0,0,43.6,45.3,47.1,0.34,0.30,0.29
JORD,2015-11-29 16:25:00 EST,43.06980,-76.47006,402,33.5,33.8,33.5,60.2,21.2,0.000,0.000,0.00,0.000,2.8,4.8,1.1,8,18,3.1,6.3,1.3,10,18,2.8,4.8,1.1,8,18,6,29.92,,0,0,0,43.5,45.3,47.1,0.34,0.30,0.29
JORD,2015-11-29 16:30:00 EST,43.06980,-76.47006,402,33.3,33.7,33.3,60.0,21.0,0.000,0.000,0.00,0.000,2.5,5.3,0.9,11,17,2.8,5.6,0.9,12,17,2.5,5.3,0.9,11,17,4,29.92,,0,0,0,43.5,45.3,47.1,0.34,0.30,0.29
JORD,2015-11-29 16:35:00 EST,43.06980,-76.47006,402,33.4,33.6,33.4,59.9,20.9,0.000,0.000,0.00,0.000,2.5,4.4,0.7,357,20,2.9,4.9,0.9,359,17,2.5,4.4,0.7,357,20,3,29.93,,0,0,0,43.5,45.3,47.0,0.34,0.30,0.29
JORD,2015-11-29 16:40:00 EST,43.06980,-76.47006,402,33.1,33.6,33.1,59.5,20.5,0.000,0.000,0.00,0.000,2.3,5.0,0.7,359,15,2.7,5.1,0.7,0,14,2.3,5.0,0.7,359,15,2,29.93,,0,0,0,43.5,45.3,47.0,0.34,0.30,0.29
JORD,2015-11-29 16:45:00 EST,43.06980,-76.47006,402,32.9,33.4,32.9,60.5,20.8,0.000,0.000,0.00,0.000,1.8,3.1,0.5,9,10,2.0,3.6,0.6,10,13,1.8,3.1,0.5,9,10,1,29.93,,0,0,0,43.5,45.3,47.1,0.34,0.30,0.29
JORD,2015-11-29 16:50:00 EST,43.06980,-76.47006,402,32.3,33.3,32.3,62.6,21.0,0.000,0.000,0.00,0.000,1.5,2.4,0.4,10,9,1.8,2.9,0.4,15,12,1.5,2.4,0.4,10,9,1,29.93,,0,0,0,43.4,45.3,47.1,0.34,0.30,0.29
JORD,2015-11-29 16:55:00 EST,43.06980,-76.47006,402,31.1,33.2,31.1,65.7,20.9,0.000,0.000,0.00,0.000,1.2,2.0,0.4,13,10,1.4,2.5,0.4,18,15,1.2,2.0,0.4,13,10,0,29.93,,0,0,0,43.4,45.3,47.1,0.34,0.30,0.29
JORD,2015-11-29 17:00:00 EST,43.06980,-76.47006,402,29.9,32.2,29.9,69.1,21.0,0.000,0.000,0.00,0.000,1.7,2.6,0.7,280,40,2.1,3.1,0.6,280,39,1.7,2.6,0.7,280,40,0,29.93,,0,0,0,43.3,45.3,47.0,0.34,0.30,0.29
JORD,2015-11-29 17:05:00 EST,43.06980,-76.47006,402,30.3,32.5,30.3,74.8,23.3,0.000,0.000,0.00,0.000,1.5,2.0,0.2,282,15,1.7,2.5,0.3,282,21,1.5,2.0,0.2,282,15,0,29.93,,0,0,0,43.3,45.3,47.0,0.34,0.30,0.29
JORD,2015-11-29 17:10:00 EST,43.06980,-76.47006,402,30.0,32.9,30.0,72.0,22.1,0.000,0.000,0.00,0.000,1.9,3.0,0.5,345,11,2.2,3.6,0.6,347,11,1.9,3.0,0.5,345,11,0,29.93,,0,0,0,43.3,45.3,47.0,0.34,0.30,0.29
JORD,2015-11-29 17:15:00 EST,43.06980,-76.47006,402,29.6,31.8,29.6,71.8,21.6,0.000,0.000,0.00,0.000,1.2,1.8,0.3,303,15,1.4,2.0,0.2,301,13,1.2,1.8,0.3,303,15,0,29.94,,0,0,0,43.3,45.3,47.0,0.34,0.30,0.29
JORD,2015-11-29 17:20:00 EST,43.06980,-76.47006,402,28.8,31.5,28.8,72.8,21.2,0.000,0.000,0.00,0.000,1.1,1.5,0.2,308,7,1.3,1.8,0.2,312,16,1.1,1.5,0.2,308,7,0,29.94,,0,0,0,43.2,45.3,47.0,0.34,0.30,0.29
JORD,2015-11-29 17:25:00 EST,43.06980,-76.47006,402,28.5,31.2,28.5,80.4,23.2,0.000,0.000,0.00,0.000,0.7,1.3,0.4,350,0,1.2,1.8,0.2,321,18,0.7,1.3,0.4,350,0,0,29.94,,0,0,0,43.2,45.3,47.0,0.34,0.30,0.29
JORD,2015-11-29 17:30:00 EST,43.06980,-76.47006,402,28.3,30.9,28.3,79.8,22.9,0.000,0.000,0.00,0.000,0.0,0.1,0.0,350,0,1.0,1.6,0.3,291,19,0.0,0.1,0.0,350,0,0,29.94,,0,0,0,43.2,45.3,47.0,0.34,0.30,0.29
JORD,2015-11-29 17:35:00 EST,43.06980,-76.47006,402,28.5,29.9,28.5,78.7,22.7,0.000,0.000,0.00,0.000,0.7,1.5,0.5,243,2,1.1,1.8,0.4,239,8,0.7,1.5,0.5,243,2,0,29.94,,0,0,0,43.1,45.3,47.0,0.34,0.30,0.29
JORD,2015-11-29 17:40:00 EST,43.06980,-76.47006,402,28.6,29.7,28.6,78.7,22.8,0.000,0.000,0.00,0.000,0.2,1.2,0.3,241,0,0.9,1.8,0.3,230,18,0.2,1.2,0.3,241,0,0,29.94,,0,0,0,43.1,45.3,47.0,0.34,0.30,0.29
JORD,2015-11-29 17:45:00 EST,43.06980,-76.47006,402,28.1,29.9,28.1,78.7,22.4,0.000,0.000,0.00,0.000,0.2,1.2,0.3,199,11,1.0,1.6,0.3,170,35,0.2,1.2,0.3,199,11,0,29.94,,0,0,0,43.0,45.3,47.0,0.34,0.30,0.29
JORD,2015-11-29 17:50:00 EST,43.06980,-76.47006,402,27.6,30.0,27.6,78.7,21.9,0.000,0.000,0.00,0.000,0.5,1.6,0.4,202,9,1.1,1.8,0.3,205,22,0.5,1.6,0.4,202,9,0,29.94,,0,0,0,43.0,45.3,47.0,0.34,0.30,0.29
JORD,2015-11-29 17:55:00 EST,43.06980,-76.47006,402,28.4,30.2,28.4,79.6,22.9,0.000,0.000,0.00,0.000,1.6,2.3,0.4,228,3,1.8,2.5,0.3,225,5,1.6,2.3,0.4,228,3,0,29.94,,0,0,0,43.0,45.3,47.0,0.34,0.30,0.29
JORD,2015-11-29 18:00:00 EST,43.06980,-76.47006,402,28.0,30.2,28.0,79.6,22.5,0.000,0.000,0.00,0.000,0.5,1.5,0.4,221,0,1.0,1.8,0.3,209,11,0.5,1.5,0.4,221,0,0,29.94,,0,0,0,43.0,45.3,47.0,0.34,0.30,0.29
JORD,2015-11-29 18:05:00 EST,43.06980,-76.47006,402,27.7,29.7,27.7,81.0,22.6,0.000,0.000,0.00,0.000,0.8,1.5,0.5,221,0,1.2,1.8,0.3,213,11,0.8,1.5,0.5,221,0,0,29.94,,0,0,0,42.9,45.3,47.0,0.34,0.30,0.29
JORD,2015-11-29 18:10:00 EST,43.06980,-76.47006,402,28.2,30.0,28.2,81.8,23.4,0.000,0.000,0.00,0.000,1.5,1.9,0.3,237,6,1.6,2.2,0.3,245,12,1.5,1.9,0.3,237,6,0,29.94,,0,0,0,42.8,45.3,47.0,0.34,0.30,0.29
JORD,2015-11-29 18:15:00 EST,43.06980,-76.47006,402,28.3,29.6,28.3,81.7,23.4,0.000,0.000,0.00,0.000,1.1,1.4,0.1,247,0,1.4,1.8,0.2,252,6,1.1,1.4,0.1,247,0,0,29.94,,0,0,0,42.8,45.3,47.0,0.34,0.30,0.29
JORD,2015-11-29 18:20:00 EST,43.06980,-76.47006,402,28.4,29.6,28.4,82.9,23.9,0.000,0.000,0.00,0.000,1.0,1.3,0.1,246,0,1.3,1.8,0.2,225,9,1.0,1.3,0.1,246,0,0,29.95,,0,0,0,42.8,45.3,47.0,0.34,0.30,0.29
JORD,2015-11-29 18:25:00 EST,43.06980,-76.47006,402,28.7,29.9,28.7,84.0,24.4,0.000,0.000,0.00,0.000,0.1,0.9,0.3,246,0,0.7,1.3,0.3,200,26,0.1,0.9,0.3,246,0,0,29.95,,0,0,0,42.8,45.3,47.0,0.34,0.30,0.29
JORD,2015-11-29 18:30:00 EST,43.06980,-76.47006,402,29.1,29.8,29.1,83.2,24.7,0.000,0.000,0.00,0.000,0.0,0.0,0.0,0,0,0.8,1.1,0.2,163,22,0.0,0.0,0.0,0,0,0,29.95,,0,0,0,42.7,45.3,47.0,0.34,0.30,0.29
JORD,2015-11-29 18:35:00 EST,43.06980,-76.47006,402,29.2,30.2,29.2,79.8,23.7,0.000,0.000,0.00,0.000,0.0,0.0,0.0,0,0,0.8,1.3,0.2,165,24,0.0,0.0,0.0,0,0,0,29.95,,0,0,0,42.7,45.3,47.0,0.34,0.30,0.29
JORD,2015-11-29 18:40:00 EST,43.06980,-76.47006,402,29.4,30.4,29.4,79.1,23.7,0.000,0.000,0.00,0.000,0.0,0.0,0.0,0,0,0.3,0.9,0.2,213,39,0.0,0.0,0.0,0,0,0,29.95,,0,0,0,42.6,45.3,47.0,0.34,0.30,0.29
JORD,2015-11-29 18:45:00 EST,43.06980,-76.47006,402,29.7,30.5,29.7,79.5,24.1,0.000,0.000,0.00,0.000,0.7,1.0,0.4,246,0,1.0,1.3,0.1,237,4,0.7,1.0,0.4,246,0,0,29.95,,0,0,0,42.6,45.3,47.0,0.34,0.30,0.29
JORD,2015-11-29 18:50:00 EST,43.06980,-76.47006,402,29.7,30.3,29.7,80.8,24.5,0.000,0.000,0.00,0.000,0.1,0.7,0.2,246,0,0.5,1.1,0.3,226,28,0.1,0.7,0.2,246,0,0,29.94,,0,0,0,42.6,45.3,47.0,0.34,0.30,0.29
JORD,2015-11-29 18:55:00 EST,43.06980,-76.47006,402,29.8,30.3,29.8,78.7,24.0,0.000,0.000,0.00,0.000,0.0,0.0,0.0,0,0,1.0,1.3,0.2,176,12,0.0,0.0,0.0,0,0,0,29.94,,0,0,0,42.5,45.3,47.0,0.34,0.30,0.29
JORD,2015-11-29 19:00:00 EST,43.06980,-76.47006,402,30.1,30.7,30.1,78.7,24.2,0.000,0.000,0.00,0.000,0.0,0.0,0.0,0,0,0.8,1.3,0.2,183,22,0.0,0.0,0.0,0,0,0,29.94,,0,0,0,42.5,45.3,47.0,0.34,0.30,0.29
JORD,2015-11-29 19:05:00 EST,43.06980,-76.47006,402,30.2,31.2,30.2,79.0,24.4,0.000,0.000,0.00,0.000,0.0,0.0,0.0,0,0,1.1,1.3,0.2,154,9,0.0,0.0,0.0,0,0,0,29.94,,0,0,0,42.4,45.3,47.0,0.34,0.30,0.29
JORD,2015-11-29 19:10:00 EST,43.06980,-76.47006,402,30.3,31.4,30.3,80.1,24.9,0.000,0.000,0.00,0.000,0.0,0.0,0.0,0,0,0.7,1.1,0.3,165,33,0.0,0.0,0.0,0,0,0,29.95,,0,0,0,42.4,45.3,47.0,0.34,0.30,0.29
JORD,2015-11-29 19:15:00 EST,43.06980,-76.47006,402,30.6,31.2,30.6,81.6,25.6,0.000,0.000,0.00,0.000,0.6,1.6,0.6,244,4,1.1,1.8,0.4,234,14,0.6,1.6,0.6,244,4,0,29.95,,0,0,0,42.4,45.3,47.0,0.34,0.30,0.29
JORD,2015-11-29 19:20:00 EST,43.06980,-76.47006,402,30.8,31.2,30.8,81.0,25.6,0.000,0.000,0.00,0.000,0.4,1.5,0.5,222,0,0.7,1.8,0.5,234,36,0.4,1.5,0.5,222,0,0,29.95,,0,0,0,42.4,45.3,46.9,0.34,0.30,0.29
JORD,2015-11-29 19:25:00 EST,43.06980,-76.47006,402,30.8,31.3,30.8,80.6,25.6,0.000,0.000,0.00,0.000,0.0,0.0,0.0,0,0,0.6,0.9,0.2,322,24,0.0,0.0,0.0,0,0,0,29.95,,0,0,0,42.4,45.3,46.9,0.34,0.30,0.29
JORD,2015-11-29 19:30:00 EST,43.06980,-76.47006,402,30.9,31.3,30.9,80.9,25.8,0.000,0.000,0.00,0.000,0.0,0.0,0.0,0,0,0.2,0.4,0.1,228,29,0.0,0.0,0.0,0,0,0,29.95,,0,0,0,42.4,45.2,47.0,0.34,0.30,0.29
JORD,2015-11-29 19:35:00 EST,43.06980,-76.47006,402,30.9,31.3,30.9,82.1,26.1,0.000,0.000,0.00,0.000,0.0,0.0,0.0,0,0,0.4,0.9,0.3,21,24,0.0,0.0,0.0,0,0,0,29.96,,0,0,0,42.3,45.2,46.9,0.34,0.30,0.29
JORD,2015-11-29 19:40:00 EST,43.06980,-76.47006,402,31.0,31.4,31.0,83.2,26.5,0.000,0.000,0.00,0.000,0.0,0.0,0.0,0,0,0.3,0.9,0.1,321,72,0.0,0.0,0.0,0,0,0,29.96,,0,0,0,42.3,45.3,46.9,0.34,0.30,0.29
JORD,2015-11-29 19:45:00 EST,43.06980,-76.47006,402,31.2,31.6,31.2,83.0,26.6,0.000,0.000,0.00,0.000,0.0,0.0,0.0,0,0,0.7,1.1,0.2,222,38,0.0,0.0,0.0,0,0,0,29.96,,0,0,0,42.3,45.3,46.9,0.34,0.30,0.29
JORD,2015-11-29 19:50:00 EST,43.06980,-76.47006,402,31.2,31.9,31.2,79.7,25.7,0.000,0.000,0.00,0.000,0.3,1.3,0.5,52,7,0.9,2.0,0.3,81,25,0.3,1.3,0.5,52,7,0,29.96,,0,0,0,42.2,45.3,47.0,0.34,0.30,0.29
JORD,2015-11-29 19:55:00 EST,43.06980,-76.47006,402,31.5,32.3,31.5,80.8,26.3,0.000,0.000,0.00,0.000,2.4,4.7,1.0,37,14,2.7,5.4,1.1,40,13,2.4,4.7,1.0,37,14,0,29.96,,0,0,0,42.2,45.2,46.9,0.34,0.30,0.29
JORD,2015-11-29 20:00:00 EST,43.06980,-76.47006,402,32.6,32.7,28.7,75.1,25.5,0.000,0.000,0.00,0.000,4.0,8.8,1.7,37,15,4.4,9.4,1.8,37,16,4.0,8.8,1.7,37,15,0,29.96,,0,0,0,42.2,45.3,46.9,0.34,0.30,0.29
JORD,2015-11-29 20:05:00 EST,43.06980,-76.47006,402,33.0,33.0,27.8,71.3,24.7,0.000,0.000,0.00,0.000,5.5,9.8,1.8,33,13,5.9,10.1,1.8,34,11,5.5,9.8,1.8,33,13,0,29.96,,0,0,0,42.2,45.2,46.9,0.34,0.30,0.29
JORD,2015-11-29 20:10:00 EST,43.06980,-76.47006,402,33.0,33.0,27.6,70.8,24.6,0.000,0.000,0.00,0.000,5.9,10.0,1.6,38,16,6.6,11.0,1.7,39,15,5.9,10.0,1.6,38,16,0,29.96,,0,0,0,42.1,45.2,46.9,0.34,0.30,0.29
JORD,2015-11-29 20:15:00 EST,43.06980,-76.47006,402,33.0,33.0,29.2,71.3,24.7,0.000,0.000,0.00,0.000,4.0,7.7,1.4,20,16,4.5,8.5,1.5,19,15,4.0,7.7,1.4,20,16,0,29.96,,0,0,0,42.1,45.2,46.9,0.34,0.30,0.29
JORD,2015-11-29 20:20:00 EST,43.06980,-76.47006,402,33.0,32.9,29.3,71.7,24.8,0.000,0.000,0.00,0.000,3.9,6.2,0.9,16,17,4.4,6.9,1.1,17,16,3.9,6.2,0.9,16,17,0,29.96,,0,0,0,42.1,45.2,46.9,0.34,0.30,0.29
JORD,2015-11-29 20:25:00 EST,43.06980,-76.47006,402,33.0,32.9,29.7,72.1,25.0,0.000,0.000,0.00,0.000,3.5,5.7,1.0,16,16,3.9,7.4,1.2,17,17,3.5,5.7,1.0,16,16,0,29.96,,0,0,0,42.1,45.1,46.9,0.34,0.30,0.29
JORD,2015-11-29 20:30:00 EST,43.06980,-76.47006,402,33.0,32.9,29.2,72.0,24.9,0.000,0.000,0.00,0.000,4.1,7.5,1.0,27,15,4.8,7.4,1.2,27,17,4.1,7.5,1.0,27,15,0,29.97,,0,0,0,42.1,45.2,46.9,0.34,0.30,0.29
JORD,2015-11-29 20:35:00 EST,43.06980,-76.47006,402,33.0,32.9,29.9,72.0,25.0,0.000,0.000,0.00,0.000,3.4,8.5,1.6,30,16,3.9,9.4,1.6,30,16,3.4,8.5,1.6,30,16,0,29.97,,0,0,0,42.1,45.1,46.9,0.34,0.30,0.29
JORD,2015-11-29 20:40:00 EST,43.06980,-76.47006,402,33.0,32.9,28.5,71.6,24.8,0.000,0.000,0.00,0.000,4.8,7.5,1.5,23,23,5.4,9.6,1.7,22,21,4.8,7.5,1.5,23,23,0,29.97,,0,0,0,42.1,45.2,46.9,0.34,0.30,0.29
JORD,2015-11-29 20:45:00 EST,43.06980,-76.47006,402,33.0,32.9,28.7,71.7,24.8,0.000,0.000,0.00,0.000,4.5,8.5,1.5,36,17,5.0,8.1,1.6,36,16,4.5,8.5,1.5,36,17,0,29.98,,0,0,0,42.1,45.2,46.9,0.34,0.30,0.29
JORD,2015-11-29 20:50:00 EST,43.06980,-76.47006,402,32.9,32.9,28.0,72.3,25.0,0.000,0.000,0.00,0.000,5.2,8.5,1.8,24,19,5.9,8.9,1.7,25,16,5.2,8.5,1.8,24,19,0,29.98,,0,0,0,42.1,45.1,46.9,0.34,0.30,0.29
JORD,2015-11-29 20:55:00 EST,43.06980,-76.47006,402,32.9,32.8,28.3,72.2,24.9,0.000,0.000,0.00,0.000,4.8,7.8,1.4,16,21,5.4,9.4,1.6,16,16,4.8,7.8,1.4,16,21,0,29.98,,0,0,0,42.0,45.1,46.9,0.34,0.30,0.29
JORD,2015-11-29 21:00:00 EST,43.06980,-76.47006,402,32.9,32.8,28.6,72.3,24.9,0.000,0.000,0.00,0.000,4.5,6.7,1.0,13,18,5.1,8.1,1.3,15,17,4.5,6.7,1.0,13,18,0,29.98,,0,0,0,42.0,45.1,46.9,0.34,0.30,0.29
JORD,2015-11-29 21:05:00 EST,43.06980,-76.47006,402,32.8,32.7,32.8,72.7,25.0,0.000,0.000,0.00,0.000,2.9,5.6,0.8,12,12,3.3,6.5,1.1,13,14,2.9,5.6,0.8,12,12,0,29.98,,0,0,0,42.0,45.1,46.9,0.34,0.30,0.29
JORD,2015-11-29 21:10:00 EST,43.06980,-76.47006,402,32.7,32.6,27.3,73.4,25.2,0.000,0.000,0.00,0.000,5.8,10.9,1.6,9,18,6.6,12.3,1.8,7,15,5.8,10.9,1.6,9,18,0,29.98,,0,0,0,42.0,45.1,46.9,0.34,0.30,0.29
JORD,2015-11-29 21:15:00 EST,43.06980,-76.47006,402,32.6,32.5,27.2,74.2,25.3,0.000,0.000,0.00,0.000,5.7,9.3,1.5,15,15,6.4,10.1,1.5,16,13,5.7,9.3,1.5,15,15,0,29.98,,0,0,0,41.9,45.1,46.9,0.34,0.30,0.29
JORD,2015-11-29 21:20:00 EST,43.06980,-76.47006,402,32.5,32.4,28.1,74.5,25.3,0.000,0.000,0.00,0.000,4.5,8.0,1.7,12,17,5.3,10.7,1.9,10,15,4.5,8.0,1.7,12,17,0,29.98,,0,0,0,41.9,45.1,46.9,0.34,0.30,0.29
JORD,2015-11-29 21:25:00 EST,43.06980,-76.47006,402,32.4,32.3,28.4,75.1,25.4,0.000,0.000,0.00,0.000,4.2,7.3,1.3,19,19,4.9,8.5,1.4,19,18,4.2,7.3,1.3,19,19,0,29.99,,0,0,0,41.9,45.1,46.9,0.34,0.30,0.29
JORD,2015-11-29 21:30:00 EST,43.06980,-76.47006,402,32.4,32.3,27.3,75.5,25.5,0.000,0.000,0.00,0.000,5.3,9.5,1.5,14,20,5.9,9.4,1.6,13,18,5.3,9.5,1.5,14,20,0,29.98,,0,0,0,41.9,45.1,46.9,0.34,0.30,0.29
JORD,2015-11-29 21:35:00 EST,43.06980,-76.47006,402,32.3,32.2,27.3,75.5,25.4,0.000,0.000,0.00,0.000,5.1,9.3,1.6,5,18,5.7,10.7,1.7,5,17,5.1,9.3,1.6,5,18,0,29.98,,0,0,0,41.9,45.1,46.9,0.34,0.30,0.29
JORD,2015-11-29 21:40:00 EST,43.06980,-76.47006,402,32.2,32.0,27.5,75.7,25.3,0.000,0.000,0.00,0.000,4.7,7.8,1.5,10,20,5.6,10.1,1.6,9,19,4.7,7.8,1.5,10,20,0,29.99,,0,0,0,41.9,45.1,46.9,0.34,0.30,0.29
JORD,2015-11-29 21:45:00 EST,43.06980,-76.47006,402,32.0,31.9,26.6,75.7,25.2,0.000,0.000,0.00,0.000,5.5,8.9,1.4,8,17,6.1,11.0,1.5,7,14,5.5,8.9,1.4,8,17,0,29.99,,0,0,0,41.9,45.1,46.9,0.34,0.30,0.29
JORD,2015-11-29 21:50:00 EST,43.06980,-76.47006,402,31.9,31.8,27.9,75.9,25.2,0.000,0.000,0.00,0.000,4.0,8.8,2.0,6,21,4.7,9.4,2.2,5,18,4.0,8.8,2.0,6,21,0,29.99,,0,0,0,41.9,45.1,46.9,0.34,0.30,0.29
JORD,2015-11-29 21:55:00 EST,43.06980,-76.47006,402,31.8,31.7,27.3,75.6,25.0,0.000,0.000,0.00,0.000,4.5,8.8,2.1,15,16,5.2,9.8,2.1,17,15,4.5,8.8,2.1,15,16,0,29.98,,0,0,0,41.9,45.1,46.9,0.34,0.30,0.29
JORD,2015-11-29 22:00:00 EST,43.06980,-76.47006,402,31.7,31.5,27.0,75.2,24.7,0.000,0.000,0.00,0.000,4.7,9.4,1.6,11,18,5.2,11.0,1.8,12,16,4.7,9.4,1.6,11,18,0,29.98,,0,0,0,41.9,45.1,46.9,0.34,0.30,0.29
JORD,2015-11-29 22:05:00 EST,43.06980,-76.47006,402,31.5,31.4,25.7,73.9,24.2,0.000,0.000,0.00,0.000,6.0,10.1,1.4,13,19,6.8,11.0,1.4,14,16,6.0,10.1,1.4,13,19,0,29.98,,0,0,0,41.8,45.1,46.9,0.34,0.30,0.29
JORD,2015-11-29 22:10:00 EST,43.06980,-76.47006,402,31.4,31.2,27.8,74.4,24.2,0.000,0.000,0.00,0.000,3.6,7.7,1.6,6,20,4.3,9.2,1.8,5,20,3.6,7.7,1.6,6,20,0,29.98,,0,0,0,41.8,45.1,46.9,0.34,0.30,0.29
JORD,2015-11-29 22:15:00 EST,43.06980,-76.47006,402,31.3,31.2,31.3,75.2,24.4,0.000,0.000,0.00,0.000,2.5,4.5,0.8,17,29,2.9,4.9,0.8,18,29,2.5,4.5,0.8,17,29,0,29.99,,0,0,0,41.8,45.0,46.9,0.34,0.30,0.29
JORD,2015-11-29 22:20:00 EST,43.06980,-76.47006,402,31.3,31.2,31.3,74.9,24.3,0.000,0.000,0.00,0.000,2.5,5.4,1.1,4,28,3.0,6.9,1.3,4,29,2.5,5.4,1.1,4,28,0,29.99,,0,0,0,41.8,45.0,46.9,0.34,0.30,0.29
JORD,2015-11-29 22:25:00 EST,43.06980,-76.47006,402,31.3,31.1,27.2,74.6,24.1,0.000,0.000,0.00,0.000,4.0,7.8,2.3,18,23,4.6,9.6,2.6,20,23,4.0,7.8,2.3,18,23,0,29.99,,0,0,0,41.8,45.0,46.9,0.34,0.30,0.29
JORD,2015-11-29 22:30:00 EST,43.06980,-76.47006,402,31.1,31.0,25.6,72.4,23.3,0.000,0.000,0.00,0.000,5.6,10.2,1.4,17,21,6.3,11.9,1.6,16,18,5.6,10.2,1.4,17,21,0,29.99,,0,0,0,41.7,45.0,46.9,0.34,0.30,0.29
JORD,2015-11-29 22:35:00 EST,43.06980,-76.47006,402,31.1,31.0,31.1,72.7,23.3,0.000,0.000,0.00,0.000,2.9,5.0,0.8,34,23,3.3,6.0,0.9,36,23,2.9,5.0,0.8,34,23,0,30.00,,0,0,0,41.7,45.0,46.9,0.34,0.30,0.29
JORD,2015-11-29 22:40:00 EST,43.06980,-76.47006,402,31.0,30.9,27.8,72.4,23.2,0.000,0.000,0.00,0.000,3.3,6.6,1.4,34,21,3.8,7.8,1.5,35,20,3.3,6.6,1.4,34,21,0,30.00,,0,0,0,41.7,45.0,46.9,0.34,0.30,0.29
JORD,2015-11-29 22:45:00 EST,43.06980,-76.47006,402,31.0,30.9,31.0,72.3,23.1,0.000,0.000,0.00,0.000,2.3,4.3,1.0,15,24,2.8,5.1,1.0,17,25,2.3,4.3,1.0,15,24,0,29.99,,0,0,0,41.7,45.0,46.9,0.34,0.30,0.29
JORD,2015-11-29 22:50:00 EST,43.06980,-76.47006,402,30.9,30.8,30.9,72.1,23.0,0.000,0.000,0.00,0.000,2.7,4.2,0.6,25,17,3.1,5.1,0.8,27,18,2.7,4.2,0.6,25,17,0,29.99,,0,0,0,41.7,45.0,46.9,0.34,0.30,0.29
JORD,2015-11-29 22:55:00 EST,43.06980,-76.47006,402,30.8,30.7,27.9,72.1,22.9,0.000,0.000,0.00,0.000,3.1,5.7,1.0,14,12,3.4,6.9,1.2,15,13,3.1,5.7,1.0,14,12,0,29.99,,0,0,0,41.7,45.0,46.9,0.34,0.30,0.29
JORD,2015-11-29 23:00:00 EST,43.06980,-76.47006,402,30.7,30.6,30.7,72.9,23.0,0.000,0.000,0.00,0.000,1.6,3.1,0.6,13,21,1.9,3.8,0.6,15,25,1.6,3.1,0.6,13,21,0,29.99,,0,0,0,41.7,45.0,46.9,0.34,0.30,0.29
JORD,2015-11-29 23:05:00 EST,43.06980,-76.47006,402,30.7,30.6,30.7,72.8,23.0,0.000,0.000,0.00,0.000,2.3,4.3,0.7,8,13,2.6,5.1,1.0,10,14,2.3,4.3,0.7,8,13,0,29.99,,0,0,0,41.7,45.0,46.9,0.34,0.30,0.29
JORD,2015-11-29 23:10:00 EST,43.06980,-76.47006,402,30.5,30.4,30.5,73.2,23.0,0.000,0.000,0.00,0.000,1.2,2.8,0.5,0,18,1.7,3.6,0.6,5,22,1.2,2.8,0.5,0,18,0,29.99,,0,0,0,41.7,45.0,46.9,0.34,0.30,0.29
JORD,2015-11-29 23:15:00 EST,43.06980,-76.47006,402,30.4,30.3,30.4,72.9,22.8,0.000,0.000,0.00,0.000,2.9,5.6,1.1,17,28,3.4,6.3,1.1,17,28,2.9,5.6,1.1,17,28,0,29.99,,0,0,0,41.7,45.0,46.9,0.34,0.30,0.29
JORD,2015-11-29 23:20:00 EST,43.06980,-76.47006,402,30.3,30.3,25.3,72.0,22.4,0.000,0.000,0.00,0.000,4.8,8.3,1.5,14,12,5.4,9.2,1.6,14,13,4.8,8.3,1.5,14,12,0,29.99,,0,0,0,41.7,45.0,46.9,0.34,0.30,0.29
JORD,2015-11-29 23:25:00 EST,43.06980,-76.47006,402,30.2,30.1,24.4,70.7,21.8,0.000,0.000,0.00,0.000,5.6,8.6,1.4,13,18,6.2,9.4,1.3,14,17,5.6,8.6,1.4,13,18,0,29.99,,0,0,0,41.7,44.9,46.9,0.34,0.30,0.29
JORD,2015-11-29 23:30:00 EST,43.06980,-76.47006,402,30.1,30.0,30.1,71.0,21.8,0.000,0.000,0.00,0.000,2.6,5.0,1.2,4,21,3.0,6.3,1.3,4,16,2.6,5.0,1.2,4,21,0,29.99,,0,0,0,41.6,44.9,46.9,0.34,0.30,0.29
JORD,2015-11-29 23:35:00 EST,43.06980,-76.47006,402,29.9,29.9,29.9,71.8,21.9,0.000,0.000,0.00,0.000,1.8,3.6,0.8,30,15,2.1,4.7,1.0,33,15,1.8,3.6,0.8,30,15,0,29.99,,0,0,0,41.6,45.0,46.9,0.34,0.30,0.29
JORD,2015-11-29 23:40:00 EST,43.06980,-76.47006,402,29.7,29.7,29.7,71.2,21.6,0.000,0.000,0.00,0.000,2.6,4.2,0.6,33,18,3.0,4.9,0.8,35,18,2.6,4.2,0.6,33,18,0,29.99,,0,0,0,41.6,44.9,46.9,0.34,0.30,0.29
JORD,2015-11-29 23:45:00 EST,43.06980,-76.47006,402,29.5,29.6,26.1,71.2,21.3,0.000,0.000,0.00,0.000,3.2,5.8,1.3,33,21,3.7,6.3,1.4,35,21,3.2,5.8,1.3,33,21,0,29.99,,0,0,0,41.6,44.9,46.9,0.34,0.30,0.29
JORD,2015-11-29 23:50:00 EST,43.06980,-76.47006,402,29.2,29.3,29.2,72.1,21.3,0.000,0.000,0.00,0.000,1.8,3.4,0.8,25,16,2.3,4.7,0.8,28,18,1.8,3.4,0.8,25,16,0,29.99,,0,0,0,41.6,44.9,46.9,0.34,0.30,0.29
JORD,2015-11-29 23:55:00 EST,43.06980,-76.47006,402,29.1,29.2,29.1,71.8,21.1,0.000,0.000,0.00,0.000,1.9,3.6,0.6,23,22,2.2,4.3,0.6,28,23,1.9,3.6,0.6,23,22,0,29.99,,0,0,0,41.6,44.9,46.9,0.34,0.30,0.29
SCHU,2015-11-29 00:00:00 EST,43.11700,-73.57829,103,32.8,32.9,32.8,84.1,28.5,0.000,0.070,0.00,0.000,1.8,2.5,0.4,55,19,2.3,3.1,0.5,56,17,1.8,2.5,0.4,55,19,0,30.17,,0,0,0,39.2,42.1,43.7,0.14,0.14,0.08
SCHU,2015-11-29 00:05:00 EST,43.11700,-73.57829,103,32.7,32.8,32.7,84.0,28.4,0.000,0.000,0.00,0.000,0.4,2.1,0.6,107,27,1.1,2.9,0.5,112,42,0.4,2.1,0.6,107,27,0,30.17,,0,0,0,39.2,42.1,43.7,0.14,0.14,0.08
SCHU,2015-11-29 00:10:00 EST,43.11700,-73.57829,103,32.7,32.8,32.7,84.5,28.5,0.000,0.000,0.00,0.000,0.6,1.3,0.3,272,23,1.0,1.8,0.3,276,39,0.6,1.3,0.3,272,23,0,30.17,,0,0,0,39.2,42.1,43.7,0.14,0.13,0.09
SCHU,2015-11-29 00:15:00 EST,43.11700,-73.57829,103,32.7,32.9,32.7,83.8,28.4,0.000,0.000,0.00,0.000,0.4,1.6,0.5,350,34,1.0,2.5,0.5,22,57,0.4,1.6,0.5,350,34,0,30.17,,0,0,0,39.2,42.1,43.7,0.14,0.14,0.08
SCHU,2015-11-29 00:20:00 EST,43.11700,-73.57829,103,32.5,32.7,32.5,84.9,28.4,0.000,0.000,0.00,0.000,0.9,2.0,0.3,123,20,1.4,2.5,0.4,113,22,0.9,2.0,0.3,123,20,0,30.17,,0,0,0,39.2,42.0,43.7,0.14,0.14,0.08
SCHU,2015-11-29 00:25:00 EST,43.11700,-73.57829,103,32.4,32.8,32.4,85.5,28.6,0.000,0.000,0.00,0.000,0.2,0.9,0.3,152,3,0.7,1.3,0.3,143,34,0.2,0.9,0.3,152,3,0,30.17,,0,0,0,39.2,42.0,43.7,0.14,0.14,0.08
SCHU,2015-11-29 00:30:00 EST,43.11700,-73.57829,103,32.7,32.8,32.7,84.7,28.6,0.000,0.000,0.00,0.000,0.0,0.4,0.0,339,0,0.5,1.3,0.3,327,53,0.0,0.4,0.0,339,0,0,30.17,,0,0,0,39.2,42.0,43.7,0.14,0.14,0.08
SCHU,2015-11-29 00:35:00 EST,43.11700,-73.57829,103,32.8,32.9,32.8,83.6,28.4,0.000,0.000,0.00,0.000,0.8,1.3,0.2,329,7,1.2,2.2,0.3,337,9,0.8,1.3,0.2,329,7,0,30.17,,0,0,0,39.2,42.0,43.7,0.14,0.14,0.08
SCHU,2015-11-29 00:40:00 EST,43.11700,-73.57829,103,32.8,33.0,32.8,83.7,28.4,0.000,0.000,0.00,0.000,0.3,1.5,0.4,2,4,0.9,2.0,0.5,20,40,0.3,1.5,0.4,2,4,0,30.17,,0,0,0,39.1,42.0,43.7,0.14,0.14,0.08
SCHU,2015-11-29 00:45:00 EST,43.11700,-73.57829,103,32.4,32.9,32.4,84.8,28.3,0.000,0.000,0.00,0.000,0.0,0.0,0.0,0,0,0.5,1.1,0.3,119,31,0.0,0.0,0.0,0,0,0,30.17,,0,0,0,39.1,42.0,43.7,0.14,0.14,0.08
SCHU,2015-11-29 00:50:00 EST,43.11700,-73.57829,103,32.4,32.8,32.4,85.2,28.5,0.000,0.000,0.00,0.000,0.3,1.3,0.4,244,5,0.6,1.8,0.4,229,43,0.3,1.3,0.4,244,5,0,30.17,,0,0,0,39.1,42.0,43.7,0.14,0.14,0.08
SCHU,2015-11-29 00:55:00 EST,43.11700,-73.57829,103,32.6,32.8,32.6,85.0,28.6,0.000,0.000,0.00,0.000,1.4,2.0,0.2,269,6,1.5,2.5,0.3,271,10,1.4,2.0,0.2,269,6,0,30.17,,0,0,0,39.1,42.0,43.7,0.14,0.13,0.08
SCHU,2015-11-29 01:00:00 EST,43.11700,-73.57829,103,32.6,32.8,32.6,85.8,28.8,0.000,0.000,0.00,0.000,1.1,1.7,0.2,291,20,1.2,1.8,0.3,302,23,1.1,1.7,0.2,291,20,0,30.17,,0,0,0,39.0,42.0,43.7,0.14,0.13,0.08
SCHU,2015-11-29 01:05:00 EST,43.11700,-73.57829,103,32.7,32.8,32.7,84.4,28.5,0.000,0.000,0.00,0.000,0.6,1.3,0.5,314,16,0.8,2.0,0.3,306,33,0.6,1.3,0.5,314,16,0,30.17,,0,0,0,39.1,41.9,43.7,0.14,0.13,0.08
SCHU,2015-11-29 01:10:00 EST,43.11700,-73.57829,103,32.6,32.8,32.6,84.8,28.5,0.000,0.000,0.00,0.000,1.1,1.9,0.3,273,9,1.3,2.0,0.3,275,12,1.1,1.9,0.3,273,9,0,30.17,,0,0,0,39.0,41.9,43.7,0.14,0.14,0.08
SCHU,2015-11-29 01:15:00 EST,43.11700,-73.57829,103,32.6,32.8,32.6,84.9,28.6,0.000,0.000,0.00,0.000,0.2,1.0,0.3,269,4,0.5,1.3,0.3,266,49,0.2,1.0,0.3,269,4,0,30.17,,0,0,0,39.0,41.9,43.7,0.14,0.14,0.08
SCHU,2015-11-29 01:20:00 EST,43.11700,-73.57829,103,32.3,32.7,32.3,85.6,28.5,0.000,0.000,0.00,0.000,0.4,1.2,0.5,243,4,0.7,2.0,0.4,218,34,0.4,1.2,0.5,243,4,0,30.17,,0,0,0,39.0,41.9,43.7,0.14,0.14,0.08
SCHU,2015-11-29 01:25:00 EST,43.11700,-73.57829,103,32.4,32.7,32.4,86.8,28.9,0.000,0.000,0.00,0.000,0.8,1.4,0.3,280,14,1.0,1.6,0.3,294,28,0.8,1.4,0.3,280,14,0,30.17,,0,0,0,39.0,41.9,43.7,0.14,0.14,0.08
SCHU,2015-11-29 01:30:00 EST,43.11700,-73.57829,103,32.6,32.8,32.6,85.8,28.8,0.000,0.000,0.00,0.000,0.8,1.5,0.4,359,23,1.2,2.2,0.4,5,25,0.8,1.5,0.4,359,23,0,30.17,,0,0,0,39.0,41.9,43.7,0.14,0.14,0.08
SCHU,2015-11-29 01:35:00 EST,43.11700,-73.57829,103,32.5,32.8,32.5,85.5,28.6,0.000,0.000,0.00,0.000,1.0,1.3,0.1,47,11,1.4,2.9,0.3,49,10,1.0,1.3,0.1,47,11,0,30.17,,0,0,0,38.9,41.8,43.7,0.14,0.14,0.08
SCHU,2015-11-29 01:40:00 EST,43.11700,-73.57829,103,32.5,32.8,32.5,85.8,28.8,0.000,0.000,0.00,0.000,0.8,1.4,0.3,34,21,1.3,2.2,0.3,32,22,0.8,1.4,0.3,34,21,0,30.17,,0,0,0,38.9,41.9,43.7,0.14,0.14,0.07
SCHU,2015-11-29 01:45:00 EST,43.11700,-73.57829,103,32.1,32.5,32.1,87.7,28.9,0.000,0.000,0.00,0.000,0.8,1.8,0.5,324,19,1.2,2.9,0.6,325,30,0.8,1.8,0.5,324,19,0,30.17,,0,0,0,38.9,41.9,43.7,0.14,0.13,0.08
SCHU,2015-11-29 01:50:00 EST,43.11700,-73.57829,103,32.3,32.5,32.3,87.4,29.0,0.000,0.000,0.00,0.000,0.0,0.7,0.2,292,4,0.4,1.6,0.3,301,42,0.0,0.7,0.2,292,4,0,30.17,,0,0,0,38.9,41.8,43.7,0.14,0.14,0.08
SCHU,2015-11-29 01:55:00 EST,43.11700,-73.57829,103,31.8,32.4,31.8,87.8,28.6,0.000,0.000,0.00,0.000,0.5,1.4,0.3,284,22,0.8,1.8,0.3,287,32,0.5,1.4,0.3,284,22,0,30.17,,0,0,0,38.9,41.8,43.7,0.14,0.13,0.08
SCHU,2015-11-29 02:00:00 EST,43.11700,-73.57829,103,32.2,32.5,32.2,88.5,29.1,0.000,0.000,0.00,0.000,0.6,1.3,0.3,5,26,1.2,2.0,0.3,14,26,0.6,1.3,0.3,5,26,0,30.17,,0,0,0,38.9,41.8,43.7,0.14,0.14,0.07
SCHU,2015-11-29 02:05:00 EST,43.11700,-73.57829,103,32.0,32.4,32.0,88.4,29.0,0.000,0.000,0.00,0.000,1.1,1.9,0.4,27,13,1.6,2.5,0.5,33,15,1.1,1.9,0.4,27,13,0,30.16,,0,0,0,38.8,41.8,43.7,0.14,0.13,0.08
SCHU,2015-11-29 02:10:00 EST,43.11700,-73.57829,103,32.1,32.4,32.1,88.4,29.1,0.000,0.000,0.00,0.000,0.2,1.0,0.3,308,8,0.7,1.6,0.3,349,49,0.2,1.0,0.3,308,8,0,30.16,,0,0,0,38.8,41.7,43.7,0.14,0.14,0.08
SCHU,2015-11-29 02:15:00 EST,43.11700,-73.57829,103,31.8,32.3,31.8,89.1,29.0,0.000,0.000,0.00,0.000,0.2,1.0,0.3,302,8,0.7,1.8,0.4,343,50,0.2,1.0,0.3,302,8,0,30.16,,0,0,0,38.8,41.8,43.7,0.14,0.13,0.08
SCHU,2015-11-29 02:20:00 EST,43.11700,-73.57829,103,32.0,32.3,32.0,89.4,29.3,0.000,0.000,0.00,0.000,0.6,1.8,0.6,16,11,1.3,2.9,0.6,36,27,0.6,1.8,0.6,16,11,0,30.17,,0,0,0,38.7,41.8,43.7,0.14,0.14,0.08
SCHU,2015-11-29 02:25:00 EST,43.11700,-73.57829,103,31.3,32.2,31.3,89.0,28.5,0.000,0.000,0.00,0.000,0.2,1.1,0.3,283,31,0.7,2.7,0.4,271,56,0.2,1.1,0.3,283,31,0,30.17,,0,0,0,38.7,41.7,43.7,0.14,0.14,0.08
SCHU,2015-11-29 02:30:00 EST,43.11700,-73.57829,103,31.9,32.3,31.9,89.8,29.3,0.000,0.000,0.00,0.000,0.5,1.3,0.5,248,5,0.7,1.6,0.4,237,23,0.5,1.3,0.5,248,5,0,30.17,,0,0,0,38.7,41.7,43.8,0.14,0.13,0.08
SCHU,2015-11-29 02:35:00 EST,43.11700,-73.57829,103,31.6,32.3,31.6,89.4,28.8,0.000,0.000,0.00,0.000,0.0,0.0,0.0,0,0,0.7,4.0,0.4,58,34,0.0,0.0,0.0,0,0,0,30.16,,0,0,0,38.7,41.7,43.7,0.14,0.14,0.07
SCHU,2015-11-29 02:40:00 EST,43.11700,-73.57829,103,31.4,32.2,31.4,90.1,28.8,0.000,0.000,0.00,0.000,0.0,0.0,0.0,0,0,0.6,1.1,0.2,13,27,0.0,0.0,0.0,0,0,0,30.16,,0,0,0,38.6,41.7,43.7,0.14,0.14,0.08
SCHU,2015-11-29 02:45:00 EST,43.11700,-73.57829,103,31.8,32.2,31.8,90.1,29.3,0.000,0.000,0.00,0.000,0.2,0.8,0.3,39,2,0.9,1.3,0.4,36,22,0.2,0.8,0.3,39,2,0,30.16,,0,0,0,38.6,41.7,43.8,0.14,0.14,0.08
SCHU,2015-11-29 02:50:00 EST,43.11700,-73.57829,103,31.7,32.2,31.7,90.2,29.1,0.000,0.000,0.00,0.000,0.1,1.2,0.3,293,14,0.7,1.3,0.3,343,42,0.1,1.2,0.3,293,14,0,30.17,,0,0,0,38.6,41.7,43.7,0.14,0.14,0.08
SCHU,2015-11-29 02:55:00 EST,43.11700,-73.57829,103,31.9,32.1,31.9,90.0,29.3,0.000,0.000,0.00,0.000,0.3,1.0,0.4,264,4,0.6,1.3,0.3,276,39,0.3,1.0,0.4,264,4,0,30.17,,0,0,0,38.6,41.7,43.7,0.14,0.14,0.08
SCHU,2015-11-29 03:00:00 EST,43.11700,-73.57829,103,31.6,32.2,31.6,89.9,29.0,0.000,0.000,0.00,0.000,0.0,0.0,0.0,0,0,0.5,4.5,0.5,5,58,0.0,0.0,0.0,0,0,0,30.17,,0,0,0,38.5,41.7,43.7,0.14,0.14,0.08
SCHU,2015-11-29 03:05:00 EST,43.11700,-73.57829,103,31.5,32.2,31.5,90.2,29.0,0.000,0.000,0.00,0.000,0.0,0.0,0.0,0,0,0.6,1.6,0.3,17,40,0.0,0.0,0.0,0,0,0,30.17,,0,0,0,38.5,41.7,43.7,0.14,0.14,0.08
SCHU,2015-11-29 03:10:00 EST,43.11700,-73.57829,103,31.5,32.2,31.5,89.9,28.8,0.000,0.000,0.00,0.000,0.0,0.0,0.0,0,0,0.5,4.5,0.5,111,39,0.0,0.0,0.0,0,0,0,30.17,,0,0,0,38.5,41.6,43.7,0.14,0.14,0.08
SCHU,2015-11-29 03:15:00 EST,43.11700,-73.57829,103,31.4,32.2,31.4,90.3,28.9,0.000,0.000,0.00,0.000,0.0,0.0,0.0,0,0,0.4,0.9,0.2,129,40,0.0,0.0,0.0,0,0,0,30.17,,0,0,0,38.5,41.6,43.7,0.14,0.14,0.08
SCHU,2015-11-29 03:20:00 EST,43.11700,-73.57829,103,31.6,32.3,31.6,90.0,29.0,0.000,0.000,0.00,0.000,0.5,1.3,0.4,57,10,1.2,2.2,0.3,64,15,0.5,1.3,0.4,57,10,0,30.17,,0,0,0,38.4,41.7,43.8,0.14,0.14,0.08
SCHU,2015-11-29 03:25:00 EST,43.11700,-73.57829,103,31.7,32.2,31.7,90.2,29.2,0.000,0.000,0.00,0.000,0.4,0.9,0.3,13,22,1.0,1.6,0.3,15,21,0.4,0.9,0.3,13,22,0,30.17,,0,0,0,38.4,41.7,43.7,0.14,0.14,0.08
SCHU,2015-11-29 03:30:00 EST,43.11700,-73.57829,103,31.9,32.2,31.9,90.1,29.3,0.000,0.000,0.00,0.000,0.3,0.9,0.3,49,13,1.0,1.6,0.3,42,25,0.3,0.9,0.3,49,13,0,30.17,,0,0,0,38.4,41.6,43.7,0.14,0.14,0.08
SCHU,2015-11-29 03:35:00 EST,43.11700,-73.57829,103,31.8,32.2,31.8,90.0,29.2,0.000,0.000,0.00,0.000,0.1,1.2,0.3,331,6,0.8,1.6,0.3,348,28,0.1,1.2,0.3,331,6,0,30.17,,0,0,0,38.3,41.6,43.7,0.14,0.14,0.08
SCHU,2015-11-29 03:40:00 EST,43.11700,-73.57829,103,31.2,32.1,31.2,90.4,28.8,0.000,0.000,0.00,0.000,0.2,0.8,0.3,260,7,0.7,1.3,0.3,267,41,0.2,0.8,0.3,260,7,0,30.17,,0,0,0,38.3,41.6,43.7,0.14,0.14,0.08
SCHU,2015-11-29 03:45:00 EST,43.11700,-73.57829,103,31.2,32.1,31.2,90.8,28.9,0.000,0.000,0.00,0.000,0.6,1.5,0.5,280,7,0.9,2.9,0.4,289,25,0.6,1.5,0.5,280,7,0,30.17,,0,0,0,38.3,41.6,43.7,0.14,0.14,0.08
SCHU,2015-11-29 03:50:00 EST,43.11700,-73.57829,103,31.6,32.1,31.6,91.7,29.5,0.000,0.000,0.00,0.000,0.3,1.8,0.6,356,11,0.9,2.7,0.6,20,44,0.3,1.8,0.6,356,11,0,30.16,,0,0,0,38.2,41.6,43.7,0.14,0.14,0.08
SCHU,2015-11-29 03:55:00 EST,43.11700,-73.57829,103,31.5,32.1,31.5,91.4,29.3,0.000,0.000,0.00,0.000,0.9,2.2,0.6,10,23,1.4,2.7,0.6,16,30,0.9,2.2,0.6,10,23,0,30.17,,0,0,0,38.2,41.6,43.7,0.14,0.13,0.08
SCHU,2015-11-29 04:00:00 EST,43.11700,-73.57829,103,31.6,32.1,31.6,91.0,29.2,0.000,0.000,0.00,0.000,0.9,2.0,0.6,359,19,1.5,3.1,0.6,8,23,0.9,2.0,0.6,359,19,0,30.17,,0,0,0,38.3,41.6,43.7,0.14,0.14,0.08
SCHU,2015-11-29 04:05:00 EST,43.11700,-73.57829,103,31.5,31.9,31.5,90.6,29.1,0.000,0.000,0.00,0.000,0.0,0.1,0.0,60,0,0.6,2.0,0.2,105,34,0.0,0.1,0.0,60,0,0,30.17,,0,0,0,38.2,41.6,43.7,0.14,0.13,0.08
SCHU,2015-11-29 04:10:00 EST,43.11700,-73.57829,103,31.7,31.9,31.7,90.3,29.2,0.000,0.000,0.00,0.000,0.0,0.0,0.0,0,0,0.5,0.9,0.2,121,28,0.0,0.0,0.0,0,0,0,30.17,,0,0,0,38.2,41.5,43.7,0.14,0.14,0.08
SCHU,2015-11-29 04:15:00 EST,43.11700,-73.57829,103,31.6,32.0,31.6,89.9,28.9,0.000,0.000,0.00,0.000,0.0,0.4,0.1,122,0,0.7,1.6,0.3,66,56,0.0,0.4,0.1,122,0,0,30.17,,0,0,0,38.2,41.6,43.7,0.14,0.14,0.08
SCHU,2015-11-29 04:20:00 EST,43.11700,-73.57829,103,31.0,32.0,31.0,91.0,28.7,0.000,0.000,0.00,0.000,0.2,1.2,0.3,21,7,1.0,2.9,0.3,25,24,0.2,1.2,0.3,21,7,0,30.16,,0,0,0,38.2,41.6,43.7,0.14,0.14,0.08
SCHU,2015-11-29 04:25:00 EST,43.11700,-73.57829,103,31.6,31.9,31.6,91.9,29.5,0.000,0.000,0.00,0.000,0.2,0.9,0.3,16,8,1.0,1.8,0.4,15,26,0.2,0.9,0.3,16,8,0,30.16,,0,0,0,38.2,41.5,43.8,0.14,0.14,0.08
SCHU,2015-11-29 04:30:00 EST,43.11700,-73.57829,103,31.2,31.9,31.2,91.7,29.1,0.000,0.000,0.00,0.000,0.1,0.8,0.2,2,0,0.7,4.5,0.6,21,50,0.1,0.8,0.2,2,0,0,30.16,,0,0,0,38.1,41.5,43.7,0.14,0.14,0.08
SCHU,2015-11-29 04:35:00 EST,43.11700,-73.57829,103,31.3,31.8,31.3,91.8,29.2,0.000,0.000,0.00,0.000,0.0,0.0,0.0,0,0,0.6,2.2,0.4,82,39,0.0,0.0,0.0,0,0,0,30.16,,0,0,0,38.2,41.5,43.7,0.14,0.14,0.08
SCHU,2015-11-29 04:40:00 EST,43.11700,-73.57829,103,30.8,31.7,30.8,91.6,28.7,0.000,0.000,0.00,0.000,0.0,0.0,0.0,0,0,0.7,2.7,0.4,105,44,0.0,0.0,0.0,0,0,0,30.16,,0,0,0,38.1,41.5,43.7,0.14,0.14,0.08
SCHU,2015-11-29 04:45:00 EST,43.11700,-73.57829,103,30.9,31.6,30.9,92.1,28.9,0.000,0.000,0.00,0.000,0.2,0.8,0.3,134,1,0.8,1.3,0.2,142,17,0.2,0.8,0.3,134,1,0,30.16,,0,0,0,38.1,41.5,43.7,0.14,0.13,0.08
SCHU,2015-11-29 04:50:00 EST,43.11700,-73.57829,103,30.7,31.7,30.7,92.2,28.7,0.000,0.000,0.00,0.000,0.2,0.9,0.3,138,0,0.7,1.3,0.4,140,42,0.2,0.9,0.3,138,0,0,30.16,,0,0,0,38.1,41.4,43.7,0.14,0.14,0.08
SCHU,2015-11-29 04:55:00 EST,43.11700,-73.57829,103,30.7,31.7,30.7,92.5,28.8,0.000,0.000,0.00,0.000,0.0,0.0,0.0,0,0,0.5,3.1,0.4,313,69,0.0,0.0,0.0,0,0,0,30.16,,0,0,0,38.1,41.5,43.7,0.14,0.14,0.08
SCHU,2015-11-29 05:00:00 EST,43.11700,-73.57829,103,31.2,31.7,31.2,92.6,29.2,0.000,0.000,0.00,0.000,0.0,0.0,0.0,0,0,0.5,0.9,0.2,291,22,0.0,0.0,0.0,0,0,0,30.16,,0,0,0,38.1,41.4,43.7,0.14,0.14,0.08
SCHU,2015-11-29 05:05:00 EST,43.11700,-73.57829,103,31.0,31.7,31.0,92.0,29.0,0.000,0.000,0.00,0.000,0.6,0.9,0.4,301,2,0.9,1.3,0.2,309,11,0.6,0.9,0.4,301,2,0,30.16,,0,0,0,38.1,41.4,43.7,0.14,0.14,0.08
SCHU,2015-11-29 05:10:00 EST,43.11700,-73.57829,103,30.9,31.7,30.9,92.2,28.9,0.000,0.000,0.00,0.000,0.5,1.0,0.4,302,0,0.7,1.3,0.3,313,21,0.5,1.0,0.4,302,0,0,30.17,,0,0,0,38.0,41.4,43.7,0.14,0.14,0.09
SCHU,2015-11-29 05:15:00 EST,43.11700,-73.57829,103,31.1,31.7,31.1,92.2,29.1,0.000,0.000,0.00,0.000,0.1,0.8,0.2,351,1,0.8,1.6,0.3,13,21,0.1,0.8,0.2,351,1,0,30.17,,0,0,0,38.0,41.4,43.7,0.14,0.14,0.08
SCHU,2015-11-29 05:20:00 EST,43.11700,-73.57829,103,31.3,31.8,31.3,92.2,29.3,0.000,0.000,0.00,0.000,0.1,0.6,0.2,358,4,0.8,1.6,0.3,24,26,0.1,0.6,0.2,358,4,0,30.17,,0,0,0,38.0,41.4,43.8,0.14,0.14,0.08
SCHU,2015-11-29 05:25:00 EST,43.11700,-73.57829,103,31.2,31.9,31.2,92.2,29.2,0.000,0.000,0.00,0.000,0.0,0.0,0.0,0,0,0.7,1.3,0.3,28,32,0.0,0.0,0.0,0,0,0,30.17,,0,0,0,38.0,41.4,43.7,0.14,0.14,0.08
SCHU,2015-11-29 05:30:00 EST,43.11700,-73.57829,103,31.1,31.8,31.1,92.7,29.2,0.000,0.000,0.00,0.000,0.8,1.4,0.5,335,6,1.3,2.7,0.4,341,10,0.8,1.4,0.5,335,6,0,30.18,,0,0,0,38.0,41.4,43.8,0.14,0.14,0.08
SCHU,2015-11-29 05:35:00 EST,43.11700,-73.57829,103,31.4,31.7,31.4,92.1,29.4,0.000,0.000,0.00,0.000,1.1,2.0,0.4,310,7,1.2,2.0,0.3,315,13,1.1,2.0,0.4,310,7,0,30.18,,0,0,0,38.0,41.4,43.7,0.14,0.14,0.08
SCHU,2015-11-29 05:40:00 EST,43.11700,-73.57829,103,31.4,31.7,31.4,91.2,29.1,0.000,0.000,0.00,0.000,1.2,1.8,0.3,336,18,1.5,2.2,0.4,344,21,1.2,1.8,0.3,336,18,0,30.18,,0,0,0,37.9,41.3,43.7,0.14,0.14,0.08
SCHU,2015-11-29 05:45:00 EST,43.11700,-73.57829,103,31.6,31.8,31.6,91.6,29.4,0.000,0.000,0.00,0.000,1.6,2.5,0.5,13,11,2.1,3.4,0.5,19,15,1.6,2.5,0.5,13,11,0,30.18,,0,0,0,37.9,41.4,43.7,0.14,0.14,0.07
SCHU,2015-11-29 05:50:00 EST,43.11700,-73.57829,103,31.6,31.8,31.6,91.3,29.4,0.000,0.000,0.00,0.000,1.9,2.4,0.3,17,15,2.4,3.1,0.4,23,14,1.9,2.4,0.3,17,15,0,30.18,,0,0,0,37.9,41.4,43.7,0.14,0.14,0.08
SCHU,2015-11-29 05:55:00 EST,43.11700,-73.57829,103,31.2,31.8,31.2,91.4,29.0,0.000,0.000,0.00,0.000,1.4,2.7,0.6,351,12,2.0,3.8,0.7,0,17,1.4,2.7,0.6,351,12,0,30.18,,0,0,0,37.9,41.3,43.7,0.14,0.14,0.07
SCHU,2015-11-29 06:00:00 EST,43.11700,-73.57829,103,31.2,31.8,31.2,91.4,29.0,0.000,0.000,0.00,0.000,1.2,2.9,0.9,11,10,1.9,3.6,0.9,16,14,1.2,2.9,0.9,11,10,0,30.18,,0,0,0,37.9,41.4,43.7,0.14,0.14,0.08
SCHU,2015-11-29 06:05:00 EST,43.11700,-73.57829,103,31.5,31.7,31.5,91.1,29.2,0.000,0.000,0.00,0.000,1.4,2.3,0.5,21,16,2.0,3.4,0.5,27,16,1.4,2.3,0.5,21,16,0,30.18,,0,0,0,37.8,41.3,43.7,0.14,0.14,0.08
SCHU,2015-11-29 06:10:00 EST,43.11700,-73.57829,103,31.0,31.6,31.0,90.4,28.5,0.000,0.000,0.00,0.000,0.5,1.1,0.4,331,21,0.9,1.6,0.3,336,29,0.5,1.1,0.4,331,21,0,30.18,,0,0,0,37.9,41.3,43.7,0.14,0.14,0.08
SCHU,2015-11-29 06:15:00 EST,43.11700,-73.57829,103,30.9,31.5,30.9,92.0,28.8,0.000,0.000,0.00,0.000,0.6,1.2,0.3,312,21,0.9,3.6,0.4,316,28,0.6,1.2,0.3,312,21,0,30.18,,0,0,0,37.8,41.3,43.7,0.14,0.14,0.08
SCHU,2015-11-29 06:20:00 EST,43.11700,-73.57829,103,30.7,31.5,30.7,92.4,28.7,0.000,0.000,0.00,0.000,0.0,0.0,0.0,0,0,0.5,1.3,0.2,167,52,0.0,0.0,0.0,0,0,0,30.18,,0,0,0,37.8,41.3,43.7,0.14,0.13,0.08
SCHU,2015-11-29 06:25:00 EST,43.11700,-73.57829,103,30.8,31.6,30.8,91.7,28.7,0.000,0.000,0.00,0.000,0.4,1.2,0.5,112,5,1.1,3.1,0.5,103,19,0.4,1.2,0.5,112,5,0,30.18,,0,0,0,37.8,41.2,43.8,0.14,0.14,0.08
SCHU,2015-11-29 06:30:00 EST,43.11700,-73.57829,103,29.7,31.3,29.7,90.9,27.4,0.000,0.000,0.00,0.000,1.0,1.5,0.2,145,33,1.4,2.2,0.3,139,32,1.0,1.5,0.2,145,33,0,30.19,,0,0,0,37.8,41.3,43.7,0.14,0.14,0.08
SCHU,2015-11-29 06:35:00 EST,43.11700,-73.57829,103,30.2,31.0,30.2,92.6,28.3,0.000,0.000,0.00,0.000,1.7,2.9,0.5,267,14,1.8,3.1,0.5,267,18,1.7,2.9,0.5,267,14,0,30.19,,0,0,0,37.8,41.3,43.8,0.14,0.14,0.08
SCHU,2015-11-29 06:40:00 EST,43.11700,-73.57829,103,30.4,31.1,30.4,92.4,28.4,0.000,0.000,0.00,0.000,1.0,1.8,0.5,278,6,1.2,2.0,0.5,283,12,1.0,1.8,0.5,278,6,0,30.19,,0,0,0,37.7,41.2,43.8,0.14,0.14,0.08
SCHU,2015-11-29 06:45:00 EST,43.11700,-73.57829,103,30.3,31.1,30.3,92.1,28.3,0.000,0.000,0.00,0.000,0.7,1.5,0.6,46,12,1.3,2.2,0.5,41,31,0.7,1.5,0.6,46,12,0,30.19,,0,0,0,37.7,41.3,43.7,0.14,0.14,0.08
SCHU,2015-11-29 06:50:00 EST,43.11700,-73.57829,103,30.3,31.3,30.3,91.7,28.2,0.000,0.000,0.00,0.000,0.7,1.3,0.4,81,12,1.5,2.2,0.4,81,16,0.7,1.3,0.4,81,12,0,30.19,,0,0,0,37.8,41.2,43.7,0.14,0.13,0.08
SCHU,2015-11-29 06:55:00 EST,43.11700,-73.57829,103,29.3,30.6,29.3,90.2,26.8,0.000,0.000,0.00,0.000,0.1,0.7,0.2,84,7,0.8,3.8,0.5,73,43,0.1,0.7,0.2,84,7,0,30.20,,0,0,0,37.7,41.2,43.7,0.14,0.14,0.08
SCHU,2015-11-29 07:00:00 EST,43.11700,-73.57829,103,30.0,30.5,30.0,93.2,28.3,0.000,0.000,0.00,0.000,0.6,1.2,0.5,289,2,0.9,2.9,0.4,287,22,0.6,1.2,0.5,289,2,1,30.20,,0,0,0,37.7,41.2,43.7,0.14,0.13,0.08
SCHU,2015-11-29 07:05:00 EST,43.11700,-73.57829,103,29.9,30.5,29.9,93.6,28.3,0.000,0.000,0.00,0.000,0.3,0.9,0.3,284,1,0.6,1.1,0.3,285,22,0.3,0.9,0.3,284,1,2,30.20,,0,0,0,37.7,41.2,43.7,0.14,0.14,0.08
SCHU,2015-11-29 07:10:00 EST,43.11700,-73.57829,103,30.0,30.5,30.0,93.9,28.4,0.000,0.000,0.00,0.000,0.0,0.0,0.0,0,0,0.3,0.9,0.2,139,39,0.0,0.0,0.0,0,0,3,30.20,,0,0,0,37.7,41.2,43.7,0.14,0.14,0.08
SCHU,2015-11-29 07:15:00 EST,43.11700,-73.57829,103,29.9,30.5,29.9,93.6,28.3,0.000,0.000,0.00,0.000,0.0,0.0,0.0,0,0,0.6,1.3,0.2,56,24,0.0,0.0,0.0,0,0,4,30.20,,0,0,0,37.6,41.2,43.7,0.14,0.14,0.08
SCHU,2015-11-29 07:20:00 EST,43.11700,-73.57829,103,29.9,30.5,29.9,93.2,28.2,0.000,0.000,0.00,0.000,0.2,0.9,0.3,52,7,0.8,2.0,0.4,61,23,0.2,0.9,0.3,52,7,10,30.20,,0,0,0,37.6,41.2,43.7,0.14,0.14,0.08
SCHU,2015-11-29 07:25:00 EST,43.11700,-73.57829,103,29.4,30.5,29.4,92.7,27.6,0.000,0.000,0.00,0.000,0.0,0.0,0.0,0,0,0.5,3.8,0.4,36,30,0.0,0.0,0.0,0,0,17,30.20,,0,0,0,37.6,41.2,43.7,0.14,0.14,0.08
SCHU,2015-11-29 07:30:00 EST,43.11700,-73.57829,103,29.8,30.5,29.8,93.7,28.2,0.000,0.000,0.00,0.000,0.3,0.9,0.4,275,1,0.6,1.3,0.3,286,26,0.3,0.9,0.4,275,1,21,30.20,,0,0,0,37.6,41.1,43.8,0.14,0.14,0.07
SCHU,2015-11-29 07:35:00 EST,43.11700,-73.57829,103,29.9,30.6,29.9,94.2,28.5,0.000,0.000,0.00,0.000,0.1,0.7,0.2,318,9,0.6,1.6,0.3,352,24,0.1,0.7,0.2,318,9,26,30.20,,0,0,0,37.6,41.1,43.7,0.14,0.14,0.07
SCHU,2015-11-29 07:40:00 EST,43.11700,-73.57829,103,30.0,30.8,30.0,93.9,28.5,0.000,0.000,0.00,0.000,0.0,0.0,0.0,0,0,0.6,1.6,0.3,3,35,0.0,0.0,0.0,0,0,31,30.21,,0,0,0,37.6,41.1,43.7,0.13,0.13,0.08
SCHU,2015-11-29 07:45:00 EST,43.11700,-73.57829,103,30.1,30.8,30.1,93.6,28.5,0.000,0.000,0.00,0.000,0.4,1.6,0.5,24,31,1.0,2.5,0.5,24,37,0.4,1.6,0.5,24,31,36,30.20,,0,0,0,37.6,41.1,43.7,0.14,0.14,0.08
SCHU,2015-11-29 07:50:00 EST,43.11700,-73.57829,103,30.6,31.0,30.6,92.8,28.7,0.000,0.000,0.00,0.000,1.9,3.7,0.7,348,23,2.4,5.4,0.9,354,23,1.9,3.7,0.7,348,23,45,30.20,,0,0,0,37.5,41.0,43.7,0.14,0.14,0.08
SCHU,2015-11-29 07:55:00 EST,43.11700,-73.57829,103,30.9,31.0,30.9,89.0,28.0,0.000,0.000,0.00,0.000,2.6,4.2,0.7,356,16,3.1,5.1,0.8,2,17,2.6,4.2,0.7,356,16,56,30.20,,0,0,0,37.5,41.0,43.7,0.14,0.13,0.08
SCHU,2015-11-29 08:00:00 EST,43.11700,-73.57829,103,30.9,30.9,30.9,86.8,27.4,0.000,0.000,0.00,0.000,2.3,4.5,0.7,360,21,2.8,5.1,0.9,6,22,2.3,4.5,0.7,360,21,61,30.20,,0,0,0,37.5,41.0,43.7,0.14,0.14,0.08
SCHU,2015-11-29 08:05:00 EST,43.11700,-73.57829,103,31.0,31.0,31.0,86.1,27.3,0.000,0.000,0.00,0.000,2.0,3.7,1.1,7,14,2.6,4.5,1.1,12,15,2.0,3.7,1.1,7,14,67,30.20,,0,0,0,37.5,41.0,43.7,0.14,0.14,0.08
SCHU,2015-11-29 08:10:00 EST,43.11700,-73.57829,103,31.1,31.2,31.1,85.3,27.2,0.000,0.000,0.00,0.000,0.8,2.3,0.6,11,18,1.5,2.9,0.5,14,21,0.8,2.3,0.6,11,18,69,30.21,,0,0,0,37.5,41.0,43.7,0.14,0.14,0.07
SCHU,2015-11-29 08:15:00 EST,43.11700,-73.57829,103,31.2,31.2,31.2,83.3,26.7,0.000,0.000,0.00,0.000,1.4,3.6,1.0,347,22,2.0,4.7,1.0,353,24,1.4,3.6,1.0,347,22,74,30.21,,0,0,0,37.5,41.0,43.7,0.14,0.14,0.07
SCHU,2015-11-29 08:20:00 EST,43.11700,-73.57829,103,31.3,31.2,31.3,81.3,26.2,0.000,0.000,0.00,0.000,1.2,3.6,1.1,342,30,1.6,4.3,1.0,346,41,1.2,3.6,1.1,342,30,91,30.21,,0,0,0,37.5,41.0,43.7,0.14,0.14,0.08
SCHU,2015-11-29 08:25:00 EST,43.11700,-73.57829,103,31.3,31.3,31.3,81.2,26.2,0.000,0.000,0.00,0.000,1.3,2.8,0.6,323,28,1.7,4.0,0.8,335,34,1.3,2.8,0.6,323,28,93,30.21,,0,0,0,37.5,41.0,43.7,0.14,0.14,0.08
SCHU,2015-11-29 08:30:00 EST,43.11700,-73.57829,103,31.4,31.3,28.2,79.3,25.7,0.000,0.000,0.00,0.000,3.3,5.0,0.7,330,10,3.6,5.6,0.8,335,10,3.3,5.0,0.7,330,10,95,30.21,,0,0,0,37.4,40.9,43.7,0.14,0.14,0.08
SCHU,2015-11-29 08:35:00 EST,43.11700,-73.57829,103,31.5,31.4,28.7,78.4,25.5,0.000,0.000,0.00,0.000,3.0,5.7,1.5,11,20,3.8,7.2,1.6,15,19,3.0,5.7,1.5,11,20,94,30.21,,0,0,0,37.4,40.9,43.7,0.14,0.14,0.07
SCHU,2015-11-29 08:40:00 EST,43.11700,-73.57829,103,31.5,31.4,28.4,75.3,24.6,0.000,0.000,0.00,0.000,3.3,6.6,1.5,17,20,3.9,8.1,1.7,19,19,3.3,6.6,1.5,17,20,100,30.21,,0,0,0,37.4,41.0,43.7,0.14,0.14,0.08
SCHU,2015-11-29 08:45:00 EST,43.11700,-73.57829,103,31.8,31.7,31.8,77.6,25.6,0.000,0.000,0.00,0.000,1.1,3.1,0.9,1,33,1.8,3.8,0.9,6,35,1.1,3.1,0.9,1,33,103,30.22,,0,0,0,37.4,40.9,43.7,0.14,0.14,0.08
SCHU,2015-11-29 08:50:00 EST,43.11700,-73.57829,103,31.5,31.4,31.5,75.3,24.6,0.000,0.000,0.00,0.000,2.2,4.7,1.1,334,17,2.7,5.6,1.4,341,18,2.2,4.7,1.1,334,17,114,30.22,,0,0,0,37.4,40.9,43.7,0.14,0.14,0.08
SCHU,2015-11-29 08:55:00 EST,43.11700,-73.57829,103,31.6,31.4,31.6,74.3,24.3,0.000,0.000,0.00,0.000,2.6,4.9,1.0,328,17,3.0,5.4,1.0,334,17,2.6,4.9,1.0,328,17,126,30.21,,0,0,0,37.3,40.9,43.7,0.14,0.13,0.08
SCHU,2015-11-29 09:00:00 EST,43.11700,-73.57829,103,31.6,31.4,31.6,72.9,23.9,0.000,0.000,0.00,0.000,2.4,4.5,1.1,320,15,2.7,4.9,1.2,329,17,2.4,4.5,1.1,320,15,126,30.21,,0,0,0,37.4,40.9,43.7,0.14,0.14,0.08
SCHU,2015-11-29 09:05:00 EST,43.11700,-73.57829,103,31.8,31.6,31.8,73.5,24.3,0.000,0.000,0.00,0.000,2.9,4.5,1.1,324,16,3.3,5.4,0.9,332,20,2.9,4.5,1.1,324,16,134,30.22,,0,0,0,37.3,40.9,43.7,0.14,0.13,0.08
SCHU,2015-11-29 09:10:00 EST,43.11700,-73.57829,103,31.8,31.6,31.8,73.0,24.1,0.000,0.000,0.00,0.000,2.2,3.9,0.7,344,23,2.7,4.7,0.8,352,20,2.2,3.9,0.7,344,23,135,30.22,,0,0,0,37.4,40.9,43.7,0.14,0.14,0.08
SCHU,2015-11-29 09:15:00 EST,43.11700,-73.57829,103,32.0,31.7,32.0,72.2,24.0,0.000,0.000,0.00,0.000,2.0,4.0,0.8,329,18,2.3,5.1,1.0,340,21,2.0,4.0,0.8,329,18,141,30.21,,0,0,0,37.3,40.9,43.7,0.14,0.14,0.08
SCHU,2015-11-29 09:20:00 EST,43.11700,-73.57829,103,32.1,31.8,29.3,72.0,24.2,0.000,0.000,0.00,0.000,3.2,4.2,0.5,14,12,3.7,4.9,0.6,18,13,3.2,4.2,0.5,14,12,151,30.22,,0,0,0,37.3,40.9,43.7,0.14,0.14,0.08
SCHU,2015-11-29 09:25:00 EST,43.11700,-73.57829,103,32.2,31.9,32.2,71.4,24.0,0.000,0.000,0.00,0.000,1.3,3.1,0.7,12,39,1.9,4.3,0.8,26,37,1.3,3.1,0.7,12,39,157,30.21,,0,0,0,37.3,40.8,43.6,0.14,0.14,0.08
SCHU,2015-11-29 09:30:00 EST,43.11700,-73.57829,103,32.2,31.9,32.2,70.0,23.5,0.000,0.000,0.00,0.000,2.6,3.9,0.6,7,17,3.3,5.1,0.8,12,12,2.6,3.9,0.6,7,17,163,30.21,,0,0,0,37.3,40.9,43.7,0.14,0.14,0.08
SCHU,2015-11-29 09:35:00 EST,43.11700,-73.57829,103,32.2,31.9,32.2,70.3,23.6,0.000,0.000,0.00,0.000,1.7,3.3,0.7,346,22,2.2,3.8,0.7,354,20,1.7,3.3,0.7,346,22,175,30.21,,0,0,0,37.3,40.8,43.7,0.14,0.13,0.08
SCHU,2015-11-29 09:40:00 EST,43.11700,-73.57829,103,32.5,32.1,32.5,70.7,24.0,0.000,0.000,0.00,0.000,1.3,2.3,0.4,357,34,1.9,3.4,0.5,9,33,1.3,2.3,0.4,357,34,175,30.21,,0,0,0,37.3,40.9,43.7,0.14,0.14,0.08
SCHU,2015-11-29 09:45:00 EST,43.11700,-73.57829,103,32.9,32.4,32.9,70.9,24.5,0.000,0.000,0.00,0.000,1.5,3.5,0.9,23,18,2.1,4.9,1.0,33,22,1.5,3.5,0.9,23,18,197,30.21,,0,0,0,37.4,40.8,43.7,0.14,0.13,0.08
SCHU,2015-11-29 09:50:00 EST,43.11700,-73.57829,103,33.3,32.6,33.3,69.5,24.4,0.000,0.000,0.00,0.000,2.7,4.4,0.7,12,12,3.4,5.1,0.7,17,14,2.7,4.4,0.7,12,12,279,30.21,,0,0,0,37.3,40.8,43.7,0.14,0.14,0.08
SCHU,2015-11-29 09:55:00 EST,43.11700,-73.57829,103,33.1,32.7,33.1,67.8,23.6,0.000,0.000,0.00,0.000,2.1,3.9,0.9,356,22,2.7,4.7,1.0,4,23,2.1,3.9,0.9,356,22,174,30.21,,0,0,0,37.4,40.8,43.7,0.14,0.14,0.08
SCHU,2015-11-29 10:00:00 EST,43.11700,-73.57829,103,33.1,32.8,33.1,68.3,23.8,0.000,0.000,0.00,0.000,1.8,3.9,0.9,308,34,2.2,4.7,0.8,315,40,1.8,3.9,0.9,308,34,200,30.21,,0,0,0,37.4,40.8,43.7,0.14,0.14,0.08
SCHU,2015-11-29 10:05:00 EST,43.11700,-73.57829,103,33.3,32.9,33.3,67.1,23.5,0.000,0.000,0.00,0.000,2.5,4.8,1.2,344,21,3.3,6.0,1.2,351,20,2.5,4.8,1.2,344,21,219,30.21,,0,0,0,37.4,40.8,43.7,0.14,0.14,0.08
SCHU,2015-11-29 10:10:00 EST,43.11700,-73.57829,103,33.0,32.8,33.0,64.8,22.5,0.000,0.000,0.00,0.000,2.0,4.5,1.3,330,21,2.5,5.4,1.3,341,24,2.0,4.5,1.3,330,21,227,30.21,,0,0,0,37.5,40.8,43.6,0.14,0.13,0.08
SCHU,2015-11-29 10:15:00 EST,43.11700,-73.57829,103,33.7,33.3,33.7,65.7,23.5,0.000,0.000,0.00,0.000,2.1,4.7,1.0,320,37,2.6,5.1,1.1,332,32,2.1,4.7,1.0,320,37,388,30.21,,0,0,0,37.5,40.8,43.6,0.14,0.14,0.08
SCHU,2015-11-29 10:20:00 EST,43.11700,-73.57829,103,33.7,33.2,33.7,63.5,22.6,0.000,0.000,0.00,0.000,2.0,4.2,0.8,297,28,2.3,4.5,0.8,305,32,2.0,4.2,0.8,297,28,224,30.21,,0,0,0,37.5,40.7,43.7,0.14,0.14,0.07
SCHU,2015-11-29 10:25:00 EST,43.11700,-73.57829,103,33.5,33.0,33.5,63.9,22.6,0.000,0.000,0.00,0.000,0.9,3.3,1.3,242,21,1.4,4.3,1.0,228,67,0.9,3.3,1.3,242,21,286,30.21,,0,0,0,37.6,40.8,43.7,0.14,0.14,0.08
SCHU,2015-11-29 10:30:00 EST,43.11700,-73.57829,103,33.8,33.3,33.8,63.3,22.6,0.000,0.000,0.00,0.000,2.1,3.4,0.7,263,30,2.4,4.0,0.8,265,34,2.1,3.4,0.7,263,30,486,30.21,,0,0,0,37.7,40.8,43.6,0.14,0.14,0.08
SCHU,2015-11-29 10:35:00 EST,43.11700,-73.57829,103,34.2,33.5,31.4,61.8,22.4,0.000,0.000,0.00,0.000,3.2,5.6,1.2,270,12,3.4,6.0,1.3,274,14,3.2,5.6,1.2,270,12,487,30.21,,0,0,0,37.7,40.7,43.6,0.14,0.13,0.08
SCHU,2015-11-29 10:40:00 EST,43.11700,-73.57829,103,34.2,33.5,34.2,60.5,21.9,0.000,0.000,0.00,0.000,1.2,2.5,0.6,197,48,1.5,3.1,0.6,177,50,1.2,2.5,0.6,197,48,492,30.21,,0,0,0,37.7,40.7,43.6,0.14,0.14,0.08
SCHU,2015-11-29 10:45:00 EST,43.11700,-73.57829,103,34.8,33.9,34.8,60.5,22.5,0.000,0.000,0.00,0.000,1.6,3.9,0.8,6,56,2.6,5.6,1.0,13,52,1.6,3.9,0.8,6,56,520,30.21,,0,0,0,37.8,40.7,43.7,0.14,0.14,0.08
SCHU,2015-11-29 10:50:00 EST,43.11700,-73.57829,103,35.0,34.1,32.7,61.0,22.9,0.000,0.000,0.00,0.000,3.0,4.9,1.0,329,23,3.5,6.3,1.1,341,24,3.0,4.9,1.0,329,23,547,30.21,,0,0,0,37.9,40.8,43.6,0.14,0.14,0.08
SCHU,2015-11-29 10:55:00 EST,43.11700,-73.57829,103,35.4,34.0,35.4,61.9,23.6,0.000,0.000,0.00,0.000,1.5,4.2,1.3,5,36,2.4,5.1,1.3,21,40,1.5,4.2,1.3,5,36,414,30.21,,0,0,0,38.0,40.7,43.7,0.14,0.14,0.07
SCHU,2015-11-29 11:00:00 EST,43.11700,-73.57829,103,34.6,33.9,34.6,61.8,22.8,0.000,0.000,0.00,0.000,1.5,4.5,1.0,326,65,2.0,4.9,1.0,360,69,1.5,4.5,1.0,326,65,199,30.21,,0,0,0,38.0,40.7,43.7,0.14,0.14,0.08
SCHU,2015-11-29 11:05:00 EST,43.11700,-73.57829,103,34.1,33.6,34.1,63.3,22.9,0.000,0.000,0.00,0.000,1.0,3.7,1.0,314,38,1.6,4.9,1.0,339,54,1.0,3.7,1.0,314,38,154,30.21,,0,0,0,38.1,40.7,43.6,0.14,0.14,0.08
SCHU,2015-11-29 11:10:00 EST,43.11700,-73.57829,103,34.0,33.7,34.0,63.5,22.9,0.000,0.000,0.00,0.000,2.7,5.1,1.1,336,20,3.3,6.3,1.3,343,20,2.7,5.1,1.1,336,20,139,30.21,,0,0,0,38.3,40.7,43.6,0.14,0.14,0.08
SCHU,2015-11-29 11:15:00 EST,43.11700,-73.57829,103,34.0,33.7,31.3,63.1,22.7,0.000,0.000,0.00,0.000,3.2,5.0,0.8,312,16,3.1,5.8,0.9,319,14,3.2,5.0,0.8,312,16,187,30.21,,0,0,0,38.3,40.7,43.7,0.14,0.13,0.08
SCHU,2015-11-29 11:20:00 EST,43.11700,-73.57829,103,34.8,34.4,34.8,62.6,23.3,0.000,0.000,0.00,0.000,2.1,4.1,1.0,321,36,2.7,5.8,1.2,330,37,2.1,4.1,1.0,321,36,430,30.20,,0,0,0,38.5,40.7,43.6,0.14,0.14,0.08
SCHU,2015-11-29 11:25:00 EST,43.11700,-73.57829,103,34.8,34.4,34.8,58.0,21.5,0.000,0.000,0.00,0.000,0.6,3.1,0.7,276,42,1.3,3.8,0.8,309,78,0.6,3.1,0.7,276,42,499,30.20,,0,0,0,38.7,40.7,43.7,0.14,0.14,0.08
SCHU,2015-11-29 11:30:00 EST,43.11700,-73.57829,103,35.4,35.0,35.4,58.7,22.4,0.000,0.000,0.00,0.000,1.5,3.4,0.7,234,44,1.9,4.3,0.8,223,51,1.5,3.4,0.7,234,44,510,30.20,,0,0,0,38.7,40.7,43.6,0.14,0.14,0.08
SCHU,2015-11-29 11:35:00 EST,43.11700,-73.57829,103,36.0,34.8,36.0,56.4,22.0,0.000,0.000,0.00,0.000,2.6,5.4,1.5,12,21,3.7,7.2,1.7,16,26,2.6,5.4,1.5,12,21,528,30.20,,0,0,0,38.8,40.7,43.7,0.14,0.14,0.08
SCHU,2015-11-29 11:40:00 EST,43.11700,-73.57829,103,35.7,34.7,35.7,56.1,21.6,0.000,0.000,0.00,0.000,2.1,4.6,0.9,47,31,3.1,6.0,1.0,50,27,2.1,4.6,0.9,47,31,537,30.20,,0,0,0,38.9,40.7,43.6,0.14,0.13,0.08
SCHU,2015-11-29 11:45:00 EST,43.11700,-73.57829,103,36.4,35.2,36.4,58.0,23.0,0.000,0.000,0.00,0.000,1.6,3.1,0.7,120,41,2.4,4.3,0.9,104,38,1.6,3.1,0.7,120,41,487,30.19,,0,0,0,39.0,40.7,43.6,0.14,0.14,0.08
SCHU,2015-11-29 11:50:00 EST,43.11700,-73.57829,103,37.1,36.1,37.1,58.3,23.8,0.000,0.000,0.00,0.000,2.0,4.9,1.4,342,43,3.2,6.9,1.4,355,53,2.0,4.9,1.4,342,43,541,30.19,,0,0,0,39.1,40.6,43.6,0.14,0.14,0.08
SCHU,2015-11-29 11:55:00 EST,43.11700,-73.57829,103,36.0,35.2,36.0,57.6,22.5,0.000,0.000,0.00,0.000,2.9,4.7,0.8,314,32,3.3,6.3,1.2,324,37,2.9,4.7,0.8,314,32,559,30.19,,0,0,0,39.2,40.7,43.6,0.14,0.13,0.08
SCHU,2015-11-29 12:00:00 EST,43.11700,-73.57829,103,36.4,35.6,36.4,58.7,23.3,0.000,0.000,0.00,0.000,2.5,5.7,1.2,344,27,3.2,7.2,1.5,352,26,2.5,5.7,1.2,344,27,545,30.19,,0,0,0,39.2,40.6,43.6,0.14,0.14,0.07
SCHU,2015-11-29 12:05:00 EST,43.11700,-73.57829,103,36.7,35.9,36.7,58.2,23.4,0.000,0.000,0.00,0.000,2.5,5.1,1.0,354,32,3.2,5.8,1.1,3,31,2.5,5.1,1.0,354,32,483,30.19,,0,0,0,39.3,40.6,43.6,0.14,0.13,0.08
SCHU,2015-11-29 12:10:00 EST,43.11700,-73.57829,103,36.1,35.5,36.1,58.3,22.9,0.000,0.000,0.00,0.000,2.8,4.7,1.0,357,18,3.7,6.0,1.1,4,17,2.8,4.7,1.0,357,18,418,30.19,,0,0,0,39.4,40.7,43.6,0.14,0.14,0.08
SCHU,2015-11-29 12:15:00 EST,43.11700,-73.57829,103,36.4,35.7,33.4,58.7,23.3,0.000,0.000,0.00,0.000,3.8,5.8,0.9,344,23,4.4,6.3,0.9,351,22,3.8,5.8,0.9,344,23,466,30.19,,0,0,0,39.6,40.7,43.7,0.14,0.14,0.08
SCHU,2015-11-29 12:20:00 EST,43.11700,-73.57829,103,36.3,35.8,33.4,57.8,22.9,0.000,0.000,0.00,0.000,3.6,5.5,0.9,292,16,3.8,6.5,1.0,295,16,3.6,5.5,0.9,292,16,450,30.19,,0,0,0,39.6,40.7,43.5,0.14,0.13,0.08
SCHU,2015-11-29 12:25:00 EST,43.11700,-73.57829,103,36.1,35.3,36.1,58.4,22.9,0.000,0.000,0.00,0.000,2.4,3.9,0.6,11,20,3.1,4.7,0.8,18,20,2.4,3.9,0.6,11,20,302,30.18,,0,0,0,39.8,40.7,43.6,0.14,0.13,0.07
SCHU,2015-11-29 12:30:00 EST,43.11700,-73.57829,103,36.2,35.2,36.2,58.6,23.1,0.000,0.000,0.00,0.000,2.7,4.4,1.0,32,16,3.5,5.4,1.1,37,16,2.7,4.4,1.0,32,16,146,30.18,,0,0,0,39.9,40.6,43.6,0.14,0.14,0.07
SCHU,2015-11-29 12:35:00 EST,43.11700,-73.57829,103,36.6,35.8,36.6,59.7,23.9,0.000,0.000,0.00,0.000,0.8,2.0,0.6,20,38,1.5,2.7,0.7,36,46,0.8,2.0,0.6,20,38,419,30.18,,0,0,0,40.1,40.7,43.6,0.14,0.14,0.08
SCHU,2015-11-29 12:40:00 EST,43.11700,-73.57829,103,36.7,36.1,36.7,57.3,23.0,0.000,0.000,0.00,0.000,1.6,4.6,1.4,290,20,2.0,5.4,1.3,296,32,1.6,4.6,1.4,290,20,415,30.18,,0,0,0,40.3,40.7,43.6,0.14,0.13,0.08
SCHU,2015-11-29 12:45:00 EST,43.11700,-73.57829,103,36.8,36.0,36.8,57.2,23.1,0.000,0.000,0.00,0.000,2.0,3.7,0.9,224,36,2.1,4.0,0.9,215,43,2.0,3.7,0.9,224,36,451,30.18,,0,0,0,40.4,40.7,43.6,0.14,0.14,0.08
SCHU,2015-11-29 12:50:00 EST,43.11700,-73.57829,103,36.9,36.5,34.7,56.4,22.8,0.000,0.000,0.00,0.000,3.2,4.9,0.9,254,27,,,,0,0,3.2,4.9,0.9,254,27,448,30.18,,0,0,0,40.5,40.6,43.6,0.14,0.13,0.08
SCHU,2015-11-29 12:55:00 EST,43.11700,-73.57829,103,37.9,37.0,37.9,57.0,24.0,0.000,0.000,0.00,0.000,3.0,5.9,1.3,4,27,3.6,6.3,1.4,10,30,3.0,5.9,1.3,4,27,432,30.18,,0,0,0,40.6,40.7,43.6,0.14,0.14,0.07
SCHU,2015-11-29 13:00:00 EST,43.11700,-73.57829,103,37.4,36.4,34.2,55.4,22.9,0.000,0.000,0.00,0.000,4.2,7.9,1.8,0,26,5.0,8.3,1.9,4,24,4.2,7.9,1.8,0,26,416,30.18,,0,0,0,40.7,40.7,43.6,0.14,0.14,0.08
SCHU,2015-11-29 13:05:00 EST,43.11700,-73.57829,103,37.1,36.5,37.1,54.3,22.1,0.000,0.000,0.00,0.000,2.0,4.4,0.8,333,31,2.3,5.1,0.9,349,33,2.0,4.4,0.8,333,31,410,30.18,,0,0,0,40.8,40.7,43.7,0.14,0.14,0.07
SCHU,2015-11-29 13:10:00 EST,43.11700,-73.57829,103,37.4,36.8,35.2,53.3,22.0,0.000,0.000,0.00,0.000,3.2,5.3,1.0,334,17,3.8,6.0,1.2,343,16,3.2,5.3,1.0,334,17,403,30.19,,0,0,0,40.9,40.7,43.6,0.15,0.14,0.07
SCHU,2015-11-29 13:15:00 EST,43.11700,-73.57829,103,37.3,36.7,37.3,54.0,22.1,0.000,0.000,0.00,0.000,1.6,3.7,0.9,176,72,2.1,3.6,0.7,104,72,1.6,3.7,0.9,176,72,347,30.19,,0,0,0,41.0,40.7,43.6,0.14,0.13,0.08
SCHU,2015-11-29 13:20:00 EST,43.11700,-73.57829,103,37.3,36.8,37.3,53.1,21.8,0.000,0.000,0.00,0.000,2.2,3.6,0.8,266,18,2.3,4.9,0.9,268,24,2.2,3.6,0.8,266,18,402,30.19,,0,0,0,41.1,40.7,43.6,0.14,0.13,0.08
SCHU,2015-11-29 13:25:00 EST,43.11700,-73.57829,103,37.5,37.1,34.5,53.0,21.9,0.000,0.000,0.00,0.000,4.0,7.1,1.0,296,15,4.0,7.2,1.2,303,17,4.0,7.1,1.0,296,15,402,30.19,,0,0,0,41.3,40.8,43.6,0.14,0.14,0.08
SCHU,2015-11-29 13:30:00 EST,43.11700,-73.57829,103,37.8,37.3,37.8,54.0,22.6,0.000,0.000,0.00,0.000,3.0,4.7,0.8,317,54,3.4,5.4,0.9,327,56,3.0,4.7,0.8,317,54,398,30.19,,0,0,0,41.4,40.7,43.6,0.14,0.13,0.08
SCHU,2015-11-29 13:35:00 EST,43.11700,-73.57829,103,38.6,37.5,38.6,54.2,23.5,0.000,0.000,0.00,0.000,2.7,5.2,1.1,28,21,3.3,6.5,1.3,31,20,2.7,5.2,1.1,28,21,391,30.18,,0,0,0,41.4,40.8,43.6,0.15,0.13,0.07
SCHU,2015-11-29 13:40:00 EST,43.11700,-73.57829,103,38.7,37.5,38.7,53.0,23.0,0.000,0.000,0.00,0.000,2.6,6.0,1.2,18,29,3.4,6.7,1.3,22,27,2.6,6.0,1.2,18,29,378,30.18,,0,0,0,41.5,40.8,43.6,0.14,0.14,0.08
SCHU,2015-11-29 13:45:00 EST,43.11700,-73.57829,103,38.6,37.2,33.7,52.9,22.9,0.000,0.000,0.00,0.000,6.6,9.6,1.6,18,13,7.6,10.5,1.7,19,12,6.6,9.6,1.6,18,13,391,30.18,,0,0,0,41.5,40.8,43.6,0.14,0.14,0.08
SCHU,2015-11-29 13:50:00 EST,43.11700,-73.57829,103,38.3,37.2,34.5,53.0,22.6,0.000,0.000,0.00,0.000,4.9,9.0,2.0,10,16,5.7,10.3,2.3,12,14,4.9,9.0,2.0,10,16,376,30.18,,0,0,0,41.6,40.8,43.5,0.14,0.13,0.08
SCHU,2015-11-29 13:55:00 EST,43.11700,-73.57829,103,38.8,37.7,36.5,53.2,23.2,0.000,0.000,0.00,0.000,3.5,6.9,1.5,357,33,4.1,7.2,1.5,5,32,3.5,6.9,1.5,357,33,347,30.18,,0,0,0,41.7,40.8,43.5,0.15,0.14,0.08
SCHU,2015-11-29 14:00:00 EST,43.11700,-73.57829,103,38.5,37.6,34.3,52.5,22.6,0.000,0.000,0.00,0.000,5.5,9.9,2.1,5,20,6.5,12.8,2.4,9,18,5.5,9.9,2.1,5,20,333,30.19,,0,0,0,41.8,40.9,43.5,0.14,0.14,0.08
SCHU,2015-11-29 14:05:00 EST,43.11700,-73.57829,103,38.0,37.3,33.4,52.8,22.3,0.000,0.000,0.00,0.000,6.0,8.6,1.7,8,24,7.2,10.5,1.9,10,12,6.0,8.6,1.7,8,24,333,30.19,,0,0,0,41.8,40.9,43.6,0.15,0.14,0.08
SCHU,2015-11-29 14:10:00 EST,43.11700,-73.57829,103,37.7,37.2,34.1,53.6,22.3,0.000,0.000,0.00,0.000,4.6,6.9,1.0,358,18,5.4,9.4,1.2,3,17,4.6,6.9,1.0,358,18,122,30.19,,0,0,0,41.9,40.8,43.6,0.14,0.14,0.07
SCHU,2015-11-29 14:15:00 EST,43.11700,-73.57829,103,37.5,37.2,37.5,55.2,22.8,0.000,0.000,0.00,0.000,2.5,4.7,0.9,345,27,3.0,5.1,1.1,352,27,2.5,4.7,0.9,345,27,208,30.19,,0,0,0,42.0,40.9,43.6,0.14,0.14,0.07
SCHU,2015-11-29 14:20:00 EST,43.11700,-73.57829,103,38.5,37.9,38.5,53.7,23.2,0.000,0.000,0.00,0.000,2.7,6.0,1.4,2,33,3.3,8.3,1.5,7,32,2.7,6.0,1.4,2,33,283,30.19,,0,0,0,42.0,40.9,43.6,0.14,0.14,0.08
SCHU,2015-11-29 14:25:00 EST,43.11700,-73.57829,103,38.9,38.2,35.9,51.9,22.7,0.000,0.000,0.00,0.000,4.2,8.0,1.4,346,24,4.9,9.6,1.8,354,21,4.2,8.0,1.4,346,24,272,30.19,,0,0,0,42.0,40.9,43.6,0.15,0.14,0.07
SCHU,2015-11-29 14:30:00 EST,43.11700,-73.57829,103,39.1,38.2,35.8,51.9,22.9,0.000,0.000,0.00,0.000,4.5,7.7,1.3,42,30,5.4,9.2,1.5,44,27,4.5,7.7,1.3,42,30,267,30.19,,0,0,0,42.0,41.0,43.5,0.14,0.14,0.08
SCHU,2015-11-29 14:35:00 EST,43.11700,-73.57829,103,38.9,38.2,34.6,51.7,22.6,0.000,0.000,0.00,0.000,5.8,12.1,1.8,3,41,6.6,12.1,1.9,8,38,5.8,12.1,1.8,3,41,261,30.19,,0,0,0,42.1,41.0,43.5,0.14,0.13,0.07
SCHU,2015-11-29 14:40:00 EST,43.11700,-73.57829,103,39.0,38.5,35.9,52.0,22.9,0.000,0.000,0.00,0.000,4.3,8.8,1.5,6,25,5.2,10.3,1.7,8,22,4.3,8.8,1.5,6,25,248,30.19,,0,0,0,42.1,41.0,43.6,0.15,0.14,0.08
SCHU,2015-11-29 14:45:00 EST,43.11700,-73.57829,103,39.6,38.7,37.0,51.6,23.2,0.000,0.000,0.00,0.000,3.8,7.1,1.7,6,30,4.7,8.3,1.8,13,28,3.8,7.1,1.7,6,30,257,30.19,,0,0,0,42.1,41.0,43.6,0.14,0.14,0.07
SCHU,2015-11-29 14:50:00 EST,43.11700,-73.57829,103,38.8,38.2,34.5,49.9,21.7,0.000,0.000,0.00,0.000,5.7,10.4,2.0,7,32,6.5,13.0,2.3,7,26,5.7,10.4,2.0,7,32,243,30.19,,0,0,0,42.1,41.0,43.6,0.15,0.14,0.08
SCHU,2015-11-29 14:55:00 EST,43.11700,-73.57829,103,38.2,37.8,32.7,50.2,21.3,0.000,0.000,0.00,0.000,7.5,11.5,1.9,17,13,8.6,13.6,2.3,17,12,7.5,11.5,1.9,17,13,179,30.19,,0,0,0,42.2,41.1,43.6,0.14,0.14,0.08
SCHU,2015-11-29 15:00:00 EST,43.11700,-73.57829,103,38.0,37.7,33.6,50.8,21.3,0.000,0.000,0.00,0.000,5.6,10.1,2.0,10,16,6.5,11.9,2.2,13,13,5.6,10.1,2.0,10,16,142,30.19,,0,0,0,42.2,41.1,43.6,0.14,0.13,0.08
SCHU,2015-11-29 15:05:00 EST,43.11700,-73.57829,103,37.9,37.6,32.9,51.1,21.4,0.000,0.000,0.00,0.000,6.4,11.4,1.8,22,15,7.3,12.1,2.2,23,13,6.4,11.4,1.8,22,15,113,30.19,,0,0,0,42.2,41.1,43.6,0.14,0.14,0.07
SCHU,2015-11-29 15:10:00 EST,43.11700,-73.57829,103,37.9,37.7,32.8,51.5,21.6,0.000,0.000,0.00,0.000,6.7,9.9,1.5,15,10,7.6,11.4,1.7,17,11,6.7,9.9,1.5,15,10,102,30.20,,0,0,0,42.2,41.1,43.6,0.15,0.14,0.08
SCHU,2015-11-29 15:15:00 EST,43.11700,-73.57829,103,37.8,37.6,33.0,51.3,21.4,0.000,0.000,0.00,0.000,6.1,11.5,2.1,16,21,7.1,13.0,2.4,19,16,6.1,11.5,2.1,16,21,96,30.20,,0,0,0,42.2,41.2,43.5,0.14,0.14,0.08
SCHU,2015-11-29 15:20:00 EST,43.11700,-73.57829,103,37.9,37.8,34.1,51.5,21.6,0.000,0.000,0.00,0.000,4.9,8.4,1.4,16,18,5.9,9.2,1.4,17,17,4.9,8.4,1.4,16,18,80,30.20,,0,0,0,42.2,41.3,43.5,0.15,0.13,0.08
SCHU,2015-11-29 15:25:00 EST,43.11700,-73.57829,103,38.0,38.0,35.3,51.3,21.6,0.000,0.000,0.00,0.000,3.7,6.9,1.6,357,31,4.6,8.1,1.7,4,26,3.7,6.9,1.6,357,31,73,30.20,,0,0,0,42.2,41.3,43.5,0.15,0.14,0.08
SCHU,2015-11-29 15:30:00 EST,43.11700,-73.57829,103,38.1,38.1,35.1,52.1,22.1,0.000,0.000,0.00,0.000,4.0,7.7,1.6,6,22,4.8,9.4,1.7,10,22,4.0,7.7,1.6,6,22,63,30.19,,0,0,0,42.2,41.3,43.5,0.14,0.14,0.07
SCHU,2015-11-29 15:35:00 EST,43.11700,-73.57829,103,38.0,38.1,35.2,52.2,22.0,0.000,0.000,0.00,0.000,3.7,6.9,1.2,352,23,4.6,7.4,1.2,356,22,3.7,6.9,1.2,352,23,49,30.19,,0,0,0,42.2,41.3,43.5,0.14,0.14,0.08
SCHU,2015-11-29 15:40:00 EST,43.11700,-73.57829,103,38.0,38.1,33.9,52.6,22.2,0.000,0.000,0.00,0.000,5.3,9.4,1.5,19,16,6.0,11.2,1.6,21,15,5.3,9.4,1.5,19,16,47,30.19,,0,0,0,42.1,41.3,43.5,0.14,0.13,0.08
SCHU,2015-11-29 15:45:00 EST,43.11700,-73.57829,103,37.9,37.9,33.4,51.1,21.4,0.000,0.000,0.00,0.000,5.7,9.1,1.7,15,17,6.4,11.6,1.9,17,15,5.7,9.1,1.7,15,17,67,30.19,,0,0,0,42.1,41.3,43.5,0.15,0.13,0.07
SCHU,2015-11-29 15:50:00 EST,43.11700,-73.57829,103,37.9,38.0,34.3,51.2,21.5,0.000,0.000,0.00,0.000,4.8,9.5,1.8,30,15,5.6,11.4,2.1,32,15,4.8,9.5,1.8,30,15,53,30.19,,0,0,0,42.1,41.4,43.5,0.14,0.13,0.07
SCHU,2015-11-29 15:55:00 EST,43.11700,-73.57829,103,37.9,38.0,33.4,50.8,21.3,0.000,0.000,0.00,0.000,5.9,10.9,1.7,15,17,6.9,12.3,1.9,17,15,5.9,10.9,1.7,15,17,41,30.20,,0,0,0,42.1,41.4,43.5,0.15,0.14,0.07
SCHU,2015-11-29 16:00:00 EST,43.11700,-73.57829,103,37.8,37.9,33.4,50.9,21.2,0.000,0.000,0.00,0.000,5.6,12.1,2.1,28,15,6.6,14.5,2.3,29,13,5.6,12.1,2.1,28,15,26,30.20,,0,0,0,42.0,41.4,43.5,0.15,0.14,0.07
SCHU,2015-11-29 16:05:00 EST,43.11700,-73.57829,103,37.5,37.6,33.3,50.3,20.7,0.000,0.000,0.00,0.000,5.3,8.3,1.2,22,16,6.2,10.5,1.3,23,15,5.3,8.3,1.2,22,16,19,30.20,,0,0,0,41.9,41.4,43.5,0.15,0.13,0.08
SCHU,2015-11-29 16:10:00 EST,43.11700,-73.57829,103,37.3,37.5,34.1,50.9,20.8,0.000,0.000,0.00,0.000,4.1,7.6,1.3,9,18,5.0,9.4,1.5,12,15,4.1,7.6,1.3,9,18,14,30.20,,0,0,0,41.9,41.5,43.5,0.14,0.13,0.08
SCHU,2015-11-29 16:15:00 EST,43.11700,-73.57829,103,37.1,37.4,33.9,51.7,21.0,0.000,0.000,0.00,0.000,4.2,6.7,1.2,21,14,4.8,7.6,1.2,23,13,4.2,6.7,1.2,21,14,10,30.20,,0,0,0,41.9,41.4,43.6,0.14,0.13,0.08
SCHU,2015-11-29 16:20:00 EST,43.11700,-73.57829,103,36.9,37.1,34.2,53.9,21.7,0.000,0.000,0.00,0.000,3.5,6.1,1.3,27,21,4.4,7.4,1.3,30,19,3.5,6.1,1.3,27,21,5,30.21,,0,0,0,41.8,41.5,43.5,0.14,0.13,0.07
SCHU,2015-11-29 16:25:00 EST,43.11700,-73.57829,103,36.6,36.9,33.3,54.9,21.9,0.000,0.000,0.00,0.000,4.1,6.0,0.9,31,16,4.8,7.6,1.0,32,15,4.1,6.0,0.9,31,16,3,30.21,,0,0,0,41.7,41.5,43.5,0.14,0.14,0.07
SCHU,2015-11-29 16:30:00 EST,43.11700,-73.57829,103,36.4,36.7,32.9,55.9,22.2,0.000,0.000,0.00,0.000,4.3,6.1,0.9,23,11,5.0,7.2,1.1,26,10,4.3,6.1,0.9,23,11,2,30.21,,0,0,0,41.7,41.5,43.5,0.15,0.14,0.07
SCHU,2015-11-29 16:35:00 EST,43.11700,-73.57829,103,36.2,36.5,33.6,56.0,22.0,0.000,0.000,0.00,0.000,3.4,5.7,1.0,17,13,4.2,7.2,1.1,20,12,3.4,5.7,1.0,17,13,1,30.21,,0,0,0,41.6,41.5,43.5,0.15,0.14,0.08
SCHU,2015-11-29 16:40:00 EST,43.11700,-73.57829,103,35.9,36.4,35.9,57.1,22.1,0.000,0.000,0.00,0.000,2.8,5.6,1.2,6,9,3.6,7.4,1.2,9,8,2.8,5.6,1.2,6,9,0,30.21,,0,0,0,41.7,41.5,43.5,0.15,0.14,0.08
SCHU,2015-11-29 16:45:00 EST,43.11700,-73.57829,103,35.5,36.2,35.5,58.0,22.2,0.000,0.000,0.00,0.000,1.9,3.4,0.6,4,17,2.5,4.0,0.7,9,13,1.9,3.4,0.6,4,17,0,30.21,,0,0,0,41.6,41.6,43.5,0.14,0.14,0.08
SCHU,2015-11-29 16:50:00 EST,43.11700,-73.57829,103,35.3,36.0,35.3,59.6,22.6,0.000,0.000,0.00,0.000,2.1,3.0,0.4,13,12,2.7,4.0,0.6,20,13,2.1,3.0,0.4,13,12,0,30.21,,0,0,0,41.5,41.6,43.5,0.15,0.13,0.07
SCHU,2015-11-29 16:55:00 EST,43.11700,-73.57829,103,34.6,35.9,34.6,61.4,22.7,0.000,0.000,0.00,0.000,1.2,1.9,0.3,28,14,1.8,2.7,0.3,35,13,1.2,1.9,0.3,28,14,0,30.22,,0,0,0,41.4,41.6,43.5,0.14,0.14,0.08
SCHU,2015-11-29 17:00:00 EST,43.11700,-73.57829,103,33.5,35.3,33.5,63.3,22.4,0.000,0.000,0.00,0.000,0.7,1.2,0.2,7,10,1.3,4.0,0.4,16,15,0.7,1.2,0.2,7,10,0,30.22,,0,0,0,41.4,41.6,43.5,0.14,0.13,0.08
SCHU,2015-11-29 17:05:00 EST,43.11700,-73.57829,103,33.6,34.9,33.6,66.0,23.4,0.000,0.000,0.00,0.000,0.8,1.6,0.3,348,17,1.2,2.5,0.3,354,18,0.8,1.6,0.3,348,17,0,30.22,,0,0,0,41.3,41.7,43.5,0.15,0.14,0.08
SCHU,2015-11-29 17:10:00 EST,43.11700,-73.57829,103,32.6,34.4,32.6,68.5,23.4,0.000,0.000,0.00,0.000,1.3,1.9,0.2,317,4,1.5,2.2,0.3,323,7,1.3,1.9,0.2,317,4,0,30.22,,0,0,0,41.3,41.6,43.5,0.14,0.13,0.08
SCHU,2015-11-29 17:15:00 EST,43.11700,-73.57829,103,31.3,33.9,31.3,72.1,23.3,0.000,0.000,0.00,0.000,0.8,3.2,0.7,337,11,1.3,4.0,0.7,350,14,0.8,3.2,0.7,337,11,0,30.22,,0,0,0,41.2,41.7,43.5,0.14,0.14,0.08
SCHU,2015-11-29 17:20:00 EST,43.11700,-73.57829,103,32.0,33.3,32.0,72.5,24.2,0.000,0.000,0.00,0.000,0.2,1.0,0.4,313,4,0.7,1.1,0.3,341,26,0.2,1.0,0.4,313,4,0,30.22,,0,0,0,41.1,41.7,43.5,0.14,0.13,0.08
SCHU,2015-11-29 17:25:00 EST,43.11700,-73.57829,103,31.5,32.8,31.5,72.8,23.8,0.000,0.000,0.00,0.000,0.2,0.9,0.3,317,4,0.8,1.3,0.3,24,37,0.2,0.9,0.3,317,4,0,30.22,,0,0,0,41.0,41.7,43.5,0.14,0.14,0.08
SCHU,2015-11-29 17:30:00 EST,43.11700,-73.57829,103,31.1,32.7,31.1,74.4,23.9,0.000,0.000,0.00,0.000,0.0,0.0,0.0,0,0,0.3,0.9,0.2,60,52,0.0,0.0,0.0,0,0,0,30.23,,0,0,0,41.0,41.7,43.5,0.14,0.13,0.08
SCHU,2015-11-29 17:35:00 EST,43.11700,-73.57829,103,31.0,32.7,31.0,76.1,24.3,0.000,0.000,0.00,0.000,0.5,0.9,0.4,245,1,0.7,1.1,0.2,231,8,0.5,0.9,0.4,245,1,0,30.23,,0,0,0,40.9,41.7,43.5,0.14,0.13,0.07
SCHU,2015-11-29 17:40:00 EST,43.11700,-73.57829,103,30.8,32.6,30.8,76.3,24.2,0.000,0.000,0.00,0.000,0.5,1.2,0.4,244,0,0.7,1.3,0.3,239,53,0.5,1.2,0.4,244,0,0,30.24,,0,0,0,40.8,41.7,43.5,0.14,0.14,0.08
SCHU,2015-11-29 17:45:00 EST,43.11700,-73.57829,103,31.1,32.5,31.1,77.6,24.9,0.000,0.000,0.00,0.000,0.8,2.1,0.7,345,14,1.2,2.9,0.8,353,26,0.8,2.1,0.7,345,14,0,30.24,,0,0,0,40.8,41.7,43.5,0.14,0.13,0.08
SCHU,2015-11-29 17:50:00 EST,43.11700,-73.57829,103,30.9,32.0,30.9,79.3,25.2,0.000,0.000,0.00,0.000,1.1,2.5,0.6,347,11,1.7,3.1,0.7,357,10,1.1,2.5,0.6,347,11,0,30.24,,0,0,0,40.7,41.7,43.5,0.14,0.14,0.08
SCHU,2015-11-29 17:55:00 EST,43.11700,-73.57829,103,30.2,31.5,30.2,77.2,23.9,0.000,0.000,0.00,0.000,0.0,0.6,0.1,333,0,0.6,1.1,0.2,17,19,0.0,0.6,0.1,333,0,0,30.24,,0,0,0,40.6,41.7,43.5,0.14,0.13,0.07
SCHU,2015-11-29 18:00:00 EST,43.11700,-73.57829,103,29.4,31.4,29.4,76.5,22.9,0.000,0.000,0.00,0.000,0.0,0.0,0.0,0,0,0.5,1.1,0.2,76,38,0.0,0.0,0.0,0,0,0,30.24,,0,0,0,40.5,41.8,43.5,0.14,0.14,0.08
SCHU,2015-11-29 18:05:00 EST,43.11700,-73.57829,103,29.8,31.2,29.8,79.4,24.2,0.000,0.000,0.00,0.000,1.1,1.9,0.5,104,4,1.9,2.9,0.4,100,6,1.1,1.9,0.5,104,4,0,30.24,,0,0,0,40.4,41.7,43.5,0.14,0.13,0.08
SCHU,2015-11-29 18:10:00 EST,43.11700,-73.57829,103,28.5,31.2,28.5,77.9,22.5,0.000,0.000,0.00,0.000,1.0,1.5,0.2,114,9,1.6,2.0,0.2,110,11,1.0,1.5,0.2,114,9,0,30.24,,0,0,0,40.4,41.8,43.5,0.14,0.14,0.08
SCHU,2015-11-29 18:15:00 EST,43.11700,-73.57829,103,29.6,30.7,29.6,80.6,24.3,0.000,0.000,0.00,0.000,1.0,1.7,0.5,250,32,1.2,1.8,0.3,237,46,1.0,1.7,0.5,250,32,0,30.25,,0,0,0,40.3,41.8,43.5,0.14,0.13,0.08
SCHU,2015-11-29 18:20:00 EST,43.11700,-73.57829,103,29.6,30.6,29.6,81.1,24.5,0.000,0.000,0.00,0.000,0.8,1.5,0.6,269,4,1.0,1.6,0.4,286,27,0.8,1.5,0.6,269,4,0,30.25,,0,0,0,40.2,41.8,43.5,0.14,0.14,0.08
SCHU,2015-11-29 18:25:00 EST,43.11700,-73.57829,103,29.7,30.7,29.7,79.4,24.1,0.000,0.000,0.00,0.000,0.0,0.0,0.0,0,0,0.6,1.1,0.2,16,16,0.0,0.0,0.0,0,0,0,30.25,,0,0,0,40.2,41.8,43.5,0.14,0.13,0.08
SCHU,2015-11-29 18:30:00 EST,43.11700,-73.57829,103,29.4,30.8,29.4,80.8,24.3,0.000,0.000,0.00,0.000,0.8,1.3,0.3,17,8,1.4,2.0,0.2,26,10,0.8,1.3,0.3,17,8,0,30.25,,0,0,0,40.1,41.8,43.5,0.14,0.14,0.08
SCHU,2015-11-29 18:35:00 EST,43.11700,-73.57829,103,28.4,30.6,28.4,82.8,23.9,0.000,0.000,0.00,0.000,1.1,1.5,0.2,49,17,1.7,2.5,0.3,50,14,1.1,1.5,0.2,49,17,0,30.25,,0,0,0,40.1,41.8,43.5,0.14,0.13,0.08
SCHU,2015-11-29 18:40:00 EST,43.11700,-73.57829,103,29.3,30.4,29.3,80.5,24.0,0.000,0.000,0.00,0.000,0.7,1.2,0.3,53,25,1.4,2.0,0.3,45,23,0.7,1.2,0.3,53,25,0,30.25,,0,0,0,40.0,41.8,43.5,0.14,0.13,0.08
SCHU,2015-11-29 18:45:00 EST,43.11700,-73.57829,103,28.6,30.6,28.6,80.2,23.3,0.000,0.000,0.00,0.000,0.6,0.9,0.2,30,8,1.2,1.6,0.2,41,11,0.6,0.9,0.2,30,8,0,30.25,,0,0,0,39.9,41.8,43.5,0.14,0.14,0.08
SCHU,2015-11-29 18:50:00 EST,43.11700,-73.57829,103,29.0,30.3,29.0,82.0,24.2,0.000,0.000,0.00,0.000,1.1,1.8,0.3,350,25,1.6,2.5,0.3,357,20,1.1,1.8,0.3,350,25,0,30.25,,0,0,0,39.8,41.8,43.5,0.14,0.13,0.08
SCHU,2015-11-29 18:55:00 EST,43.11700,-73.57829,103,29.5,30.0,29.5,80.5,24.2,0.000,0.000,0.00,0.000,1.2,1.6,0.1,305,14,1.3,2.0,0.2,311,15,1.2,1.6,0.1,305,14,0,30.25,,0,0,0,39.7,41.9,43.5,0.14,0.14,0.08
SCHU,2015-11-29 19:00:00 EST,43.11700,-73.57829,103,29.1,29.8,29.1,82.2,24.3,0.000,0.000,0.00,0.000,0.9,2.3,0.3,298,3,1.1,2.5,0.3,307,7,0.9,2.3,0.3,298,3,0,30.26,,0,0,0,39.7,41.8,43.5,0.14,0.14,0.08
SCHU,2015-11-29 19:05:00 EST,43.11700,-73.57829,103,28.6,29.9,28.6,83.3,24.2,0.000,0.000,0.00,0.000,0.7,2.3,0.6,306,19,0.9,2.7,0.5,304,28,0.7,2.3,0.6,306,19,0,30.26,,0,0,0,39.6,41.8,43.5,0.14,0.14,0.08
SCHU,2015-11-29 19:10:00 EST,43.11700,-73.57829,103,28.4,29.8,28.4,83.0,23.9,0.000,0.000,0.00,0.000,0.5,0.9,0.3,312,23,0.8,1.6,0.4,333,30,0.5,0.9,0.3,312,23,0,30.26,,0,0,0,39.5,41.8,43.5,0.14,0.14,0.08
SCHU,2015-11-29 19:15:00 EST,43.11700,-73.57829,103,29.3,30.0,29.3,84.3,25.2,0.000,0.000,0.00,0.000,0.8,1.2,0.2,342,9,1.3,2.2,0.3,350,12,0.8,1.2,0.2,342,9,0,30.26,,0,0,0,39.5,41.8,43.5,0.14,0.13,0.08
SCHU,2015-11-29 19:20:00 EST,43.11700,-73.57829,103,29.4,30.1,29.4,83.7,25.1,0.000,0.000,0.00,0.000,0.9,1.8,0.4,350,13,1.6,2.5,0.4,357,14,0.9,1.8,0.4,350,13,0,30.26,,0,0,0,39.4,41.8,43.5,0.14,0.13,0.08
SCHU,2015-11-29 19:25:00 EST,43.11700,-73.57829,103,29.5,30.6,29.5,83.6,25.1,0.000,0.000,0.00,0.000,1.5,2.1,0.3,332,6,1.9,2.5,0.3,339,9,1.5,2.1,0.3,332,6,0,30.26,,0,0,0,39.4,41.8,43.5,0.14,0.14,0.08
SCHU,2015-11-29 19:30:00 EST,43.11700,-73.57829,103,29.8,30.9,29.8,81.8,24.9,0.000,0.000,0.00,0.000,1.7,2.8,0.4,333,9,2.2,3.4,0.5,339,11,1.7,2.8,0.4,333,9,0,30.27,,0,0,0,39.4,41.8,43.5,0.14,0.14,0.08
SCHU,2015-11-29 19:35:00 EST,43.11700,-73.57829,103,30.2,31.3,30.2,79.4,24.6,0.000,0.000,0.00,0.000,2.5,4.9,0.8,336,16,3.0,6.0,0.9,341,15,2.5,4.9,0.8,336,16,0,30.27,,0,0,0,39.3,41.8,43.5,0.14,0.14,0.08
SCHU,2015-11-29 19:40:00 EST,43.11700,-73.57829,103,30.7,31.6,30.7,77.2,24.4,0.000,0.000,0.00,0.000,2.5,4.4,0.6,358,17,3.1,5.6,0.9,2,15,2.5,4.4,0.6,358,17,0,30.27,,0,0,0,39.2,41.8,43.5,0.14,0.13,0.08
SCHU,2015-11-29 19:45:00 EST,43.11700,-73.57829,103,31.5,32.1,28.2,73.5,24.0,0.000,0.000,0.00,0.000,3.4,6.4,1.1,5,16,4.2,7.4,1.3,10,15,3.4,6.4,1.1,5,16,0,30.27,,0,0,0,39.2,41.8,43.5,0.14,0.14,0.08
SCHU,2015-11-29 19:50:00 EST,43.11700,-73.57829,103,32.1,32.5,29.4,71.8,24.0,0.000,0.000,0.00,0.000,3.0,5.7,1.1,358,16,3.7,6.7,1.3,4,13,3.0,5.7,1.1,358,16,0,30.27,,0,0,0,39.2,41.8,43.5,0.14,0.14,0.08
SCHU,2015-11-29 19:55:00 EST,43.11700,-73.57829,103,32.5,32.9,28.9,71.1,24.2,0.000,0.000,0.00,0.000,3.9,5.9,1.0,11,15,4.8,7.6,1.1,13,10,3.9,5.9,1.0,11,15,0,30.27,,0,0,0,39.2,41.8,43.5,0.14,0.13,0.07
SCHU,2015-11-29 20:00:00 EST,43.11700,-73.57829,103,33.0,33.3,28.4,70.6,24.5,0.000,0.000,0.00,0.000,4.9,8.6,1.4,19,17,5.6,9.8,1.6,21,15,4.9,8.6,1.4,19,17,0,30.27,,0,0,0,39.1,41.8,43.5,0.14,0.14,0.08
SCHU,2015-11-29 20:05:00 EST,43.11700,-73.57829,103,33.4,33.6,29.4,69.8,24.6,0.000,0.000,0.00,0.000,4.3,7.2,1.2,16,17,4.9,9.4,1.4,20,16,4.3,7.2,1.2,16,17,0,30.28,,0,0,0,39.1,41.7,43.5,0.14,0.14,0.08
SCHU,2015-11-29 20:10:00 EST,43.11700,-73.57829,103,33.5,33.7,30.4,69.9,24.7,0.000,0.000,0.00,0.000,3.5,6.3,0.9,19,16,4.2,7.6,1.1,22,15,3.5,6.3,0.9,19,16,0,30.28,,0,0,0,39.1,41.7,43.5,0.14,0.13,0.08
SCHU,2015-11-29 20:15:00 EST,43.11700,-73.57829,103,33.6,33.8,29.1,70.1,24.9,0.000,0.000,0.00,0.000,4.9,8.5,2.0,11,16,6.0,10.7,2.1,14,15,4.9,8.5,2.0,11,16,0,30.29,,0,0,0,39.0,41.7,43.5,0.14,0.14,0.08
SCHU,2015-11-29 20:20:00 EST,43.11700,-73.57829,103,33.7,33.9,30.0,70.5,25.1,0.000,0.000,0.00,0.000,4.0,7.7,1.4,10,17,4.8,8.5,1.5,14,15,4.0,7.7,1.4,10,17,0,30.29,,0,0,0,39.0,41.7,43.5,0.14,0.14,0.08
SCHU,2015-11-29 20:25:00 EST,43.11700,-73.57829,103,33.7,33.9,29.4,70.2,25.0,0.000,0.000,0.00,0.000,4.7,8.3,1.8,3,27,5.5,10.5,2.2,5,14,4.7,8.3,1.8,3,27,0,30.29,,0,0,0,38.9,41.7,43.5,0.14,0.14,0.08
SCHU,2015-11-29 20:30:00 EST,43.11700,-73.57829,103,33.7,33.8,29.1,70.4,25.1,0.000,0.000,0.00,0.000,5.0,8.3,1.6,0,20,5.8,11.4,2.0,4,17,5.0,8.3,1.6,0,20,0,30.29,,0,0,0,38.9,41.7,43.5,0.14,0.14,0.08
SCHU,2015-11-29 20:35:00 EST,43.11700,-73.57829,103,33.6,33.8,28.5,71.0,25.2,0.000,0.000,0.00,0.000,5.6,11.6,2.5,15,17,6.5,14.1,2.6,17,16,5.6,11.6,2.5,15,17,0,30.29,,0,0,0,38.8,41.7,43.5,0.14,0.14,0.08
SCHU,2015-11-29 20:40:00 EST,43.11700,-73.57829,103,33.6,33.7,27.5,71.5,25.3,0.000,0.000,0.00,0.000,6.9,12.3,1.9,6,20,7.8,14.8,2.5,7,18,6.9,12.3,1.9,6,20,0,30.29,,0,0,0,38.8,41.7,43.5,0.14,0.14,0.08
SCHU,2015-11-29 20:45:00 EST,43.11700,-73.57829,103,33.5,33.6,28.6,71.9,25.4,0.000,0.000,0.00,0.000,5.3,10.6,1.9,7,19,6.2,12.3,2.3,10,17,5.3,10.6,1.9,7,19,0,30.29,,0,0,0,38.8,41.7,43.5,0.14,0.14,0.08
SCHU,2015-11-29 20:50:00 EST,43.11700,-73.57829,103,33.4,33.5,28.9,72.8,25.6,0.000,0.000,0.00,0.000,4.8,9.9,1.9,7,23,5.6,11.4,2.2,8,19,4.8,9.9,1.9,7,23,0,30.30,,0,0,0,38.7,41.7,43.5,0.14,0.14,0.08
SCHU,2015-11-29 20:55:00 EST,43.11700,-73.57829,103,33.1,33.3,28.4,73.1,25.5,0.000,0.000,0.00,0.000,5.0,9.4,1.6,359,20,5.9,11.2,1.9,4,16,5.0,9.4,1.6,359,20,0,30.30,,0,0,0,38.7,41.7,43.5,0.14,0.14,0.08
SCHU,2015-11-29 21:00:00 EST,43.11700,-73.57829,103,33.2,33.3,29.2,74.2,25.8,0.000,0.000,0.00,0.000,4.3,7.3,1.2,12,18,5.1,9.2,1.6,15,17,4.3,7.3,1.2,12,18,0,30.30,,0,0,0,38.7,41.7,43.5,0.14,0.14,0.08
SCHU,2015-11-29 21:05:00 EST,43.11700,-73.57829,103,33.1,33.2,27.9,73.9,25.7,0.000,0.000,0.00,0.000,5.5,8.0,1.5,11,18,6.4,10.5,1.7,11,16,5.5,8.0,1.5,11,18,0,30.30,,0,0,0,38.6,41.7,43.5,0.14,0.14,0.08
SCHU,2015-11-29 21:10:00 EST,43.11700,-73.57829,103,33.0,33.0,27.2,73.4,25.4,0.000,0.000,0.00,0.000,6.2,10.9,2.1,358,18,7.4,13.4,2.4,1,14,6.2,10.9,2.1,358,18,0,30.31,,0,0,0,38.6,41.7,43.5,0.14,0.13,0.08
SCHU,2015-11-29 21:15:00 EST,43.11700,-73.57829,103,32.9,33.0,26.7,73.4,25.3,0.000,0.000,0.00,0.000,6.8,10.8,1.8,7,26,7.8,13.9,2.3,8,22,6.8,10.8,1.8,7,26,0,30.31,,0,0,0,38.6,41.6,43.6,0.14,0.14,0.08
SCHU,2015-11-29 21:20:00 EST,43.11700,-73.57829,103,32.9,33.0,26.2,73.0,25.2,0.000,0.000,0.00,0.000,7.6,14.2,2.3,12,19,8.6,17.4,2.7,15,15,7.6,14.2,2.3,12,19,0,30.31,,0,0,0,38.5,41.6,43.5,0.14,0.14,0.08
SCHU,2015-11-29 21:25:00 EST,43.11700,-73.57829,103,32.9,32.9,27.3,72.5,25.0,0.000,0.000,0.00,0.000,6.0,10.2,1.6,24,23,6.9,12.5,1.8,25,18,6.0,10.2,1.6,24,23,0,30.32,,0,0,0,38.5,41.6,43.5,0.14,0.14,0.08
SCHU,2015-11-29 21:30:00 EST,43.11700,-73.57829,103,32.8,32.8,26.0,71.2,24.5,0.000,0.000,0.00,0.000,7.6,13.4,2.3,10,18,8.5,15.2,2.9,14,13,7.6,13.4,2.3,10,18,0,30.32,,0,0,0,38.5,41.6,43.5,0.14,0.13,0.08
SCHU,2015-11-29 21:35:00 EST,43.11700,-73.57829,103,32.7,32.8,25.5,69.3,23.7,0.000,0.000,0.00,0.000,8.3,17.0,3.5,29,18,9.3,18.8,3.7,29,16,8.3,17.0,3.5,29,18,0,30.32,,0,0,0,38.4,41.6,43.5,0.14,0.13,0.08
SCHU,2015-11-29 21:40:00 EST,43.11700,-73.57829,103,32.5,32.6,24.5,66.0,22.4,0.000,0.000,0.00,0.000,9.7,18.9,3.2,14,18,11.0,21.7,3.6,15,16,9.7,18.9,3.2,14,18,0,30.32,,0,0,0,38.4,41.6,43.5,0.14,0.14,0.08
SCHU,2015-11-29 21:45:00 EST,43.11700,-73.57829,103,32.4,32.5,25.8,66.3,22.5,0.000,0.000,0.00,0.000,7.3,13.9,2.7,16,21,8.4,15.9,2.8,17,19,7.3,13.9,2.7,16,21,0,30.32,,0,0,0,38.3,41.6,43.5,0.14,0.13,0.07
SCHU,2015-11-29 21:50:00 EST,43.11700,-73.57829,103,32.3,32.4,25.3,65.6,22.1,0.000,0.000,0.00,0.000,7.8,17.5,2.8,21,18,8.9,19.7,3.2,22,14,7.8,17.5,2.8,21,18,0,30.32,,0,0,0,38.3,41.5,43.5,0.14,0.14,0.09
SCHU,2015-11-29 21:55:00 EST,43.11700,-73.57829,103,32.3,32.4,27.5,66.0,22.2,0.000,0.000,0.00,0.000,4.9,9.4,1.8,20,21,5.7,11.9,2.0,22,19,4.9,9.4,1.8,20,21,0,30.33,,0,0,0,38.3,41.6,43.5,0.14,0.14,0.07
SCHU,2015-11-29 22:00:00 EST,43.11700,-73.57829,103,32.2,32.3,26.8,65.5,22.0,0.000,0.000,0.00,0.000,5.6,12.1,2.1,20,24,6.7,15.0,2.4,22,18,5.6,12.1,2.1,20,24,0,30.33,,0,0,0,38.2,41.5,43.5,0.14,0.14,0.08
SCHU,2015-11-29 22:05:00 EST,43.11700,-73.57829,103,32.3,32.3,26.3,65.3,21.9,0.000,0.000,0.00,0.000,6.3,11.4,2.0,22,17,7.4,13.2,2.3,23,15,6.3,11.4,2.0,22,17,0,30.34,,0,0,0,38.2,41.5,43.5,0.14,0.14,0.08
SCHU,2015-11-29 22:10:00 EST,43.11700,-73.57829,103,32.2,32.3,27.9,65.4,21.9,0.000,0.000,0.00,0.000,4.4,7.7,1.5,11,16,5.2,9.6,1.7,14,14,4.4,7.7,1.5,11,16,0,30.34,,0,0,0,38.3,41.5,43.5,0.14,0.14,0.08
SCHU,2015-11-29 22:15:00 EST,43.11700,-73.57829,103,32.1,32.2,27.3,65.8,22.0,0.000,0.000,0.00,0.000,4.9,8.0,1.2,17,19,6.0,9.2,1.5,19,17,4.9,8.0,1.2,17,19,0,30.34,,0,0,0,38.1,41.5,43.5,0.14,0.14,0.08
SCHU,2015-11-29 22:20:00 EST,43.11700,-73.57829,103,32.2,32.2,26.9,66.4,22.2,0.000,0.000,0.00,0.000,5.4,9.9,1.9,15,13,6.3,12.1,2.4,17,12,5.4,9.9,1.9,15,13,0,30.34,,0,0,0,38.2,41.5,43.6,0.14,0.14,0.07
SCHU,2015-11-29 22:25:00 EST,43.11700,-73.57829,103,32.1,32.2,26.5,66.1,22.1,0.000,0.000,0.00,0.000,5.9,11.0,1.4,20,18,6.7,12.5,1.6,22,14,5.9,11.0,1.4,20,18,0,30.34,,0,0,0,38.2,41.5,43.5,0.14,0.13,0.08
SCHU,2015-11-29 22:30:00 EST,43.11700,-73.57829,103,32.1,32.1,26.7,65.5,21.8,0.000,0.000,0.00,0.000,5.5,8.5,1.5,12,17,6.4,10.7,1.9,13,15,5.5,8.5,1.5,12,17,0,30.34,,0,0,0,38.2,41.4,43.5,0.14,0.14,0.08
SCHU,2015-11-29 22:35:00 EST,43.11700,-73.57829,103,32.1,32.1,27.7,66.2,22.0,0.000,0.000,0.00,0.000,4.4,7.4,1.2,15,20,5.2,8.5,1.3,17,13,4.4,7.4,1.2,15,20,0,30.33,,0,0,0,38.1,41.4,43.5,0.14,0.13,0.08
SCHU,2015-11-29 22:40:00 EST,43.11700,-73.57829,103,32.0,32.1,27.0,66.5,22.1,0.000,0.000,0.00,0.000,5.0,11.9,2.6,8,16,5.9,14.3,2.9,10,13,5.0,11.9,2.6,8,16,0,30.34,,0,0,0,38.1,41.4,43.5,0.14,0.13,0.07
SCHU,2015-11-29 22:45:00 EST,43.11700,-73.57829,103,31.9,32.0,28.5,65.3,21.6,0.000,0.000,0.00,0.000,3.6,7.7,1.4,9,18,4.3,9.2,1.7,13,16,3.6,7.7,1.4,9,18,0,30.34,,0,0,0,38.1,41.4,43.5,0.14,0.14,0.08
SCHU,2015-11-29 22:50:00 EST,43.11700,-73.57829,103,32.0,32.0,26.6,65.1,21.6,0.000,0.000,0.00,0.000,5.5,8.1,1.4,7,18,6.3,9.6,1.6,9,16,5.5,8.1,1.4,7,18,0,30.34,,0,0,0,38.0,41.4,43.5,0.14,0.13,0.07
SCHU,2015-11-29 22:55:00 EST,43.11700,-73.57829,103,31.9,32.0,27.8,65.5,21.7,0.000,0.000,0.00,0.000,4.2,10.1,1.9,354,18,5.2,11.6,2.1,358,16,4.2,10.1,1.9,354,18,0,30.34,,0,0,0,38.0,41.4,43.5,0.14,0.13,0.08
SCHU,2015-11-29 23:00:00 EST,43.11700,-73.57829,103,31.8,32.0,27.6,65.1,21.4,0.000,0.000,0.00,0.000,4.3,8.8,1.8,8,16,5.0,10.7,1.9,10,15,4.3,8.8,1.8,8,16,0,30.34,,0,0,0,38.0,41.4,43.5,0.14,0.14,0.08
SCHU,2015-11-29 23:05:00 EST,43.11700,-73.57829,103,31.7,31.9,27.3,64.7,21.2,0.000,0.000,0.00,0.000,4.4,7.8,1.6,356,19,5.5,9.6,1.8,358,17,4.4,7.8,1.6,356,19,0,30.34,,0,0,0,38.0,41.4,43.5,0.14,0.14,0.09
SCHU,2015-11-29 23:10:00 EST,43.11700,-73.57829,103,31.5,31.7,28.0,65.1,21.1,0.000,0.000,0.00,0.000,3.6,7.2,1.2,346,25,4.4,8.5,1.3,352,22,3.6,7.2,1.2,346,25,0,30.34,,0,0,0,38.0,41.4,43.5,0.14,0.13,0.08
SCHU,2015-11-29 23:15:00 EST,43.11700,-73.57829,103,31.4,31.6,27.2,65.3,21.1,0.000,0.000,0.00,0.000,4.1,8.5,1.4,1,20,5.0,9.2,1.7,5,17,4.1,8.5,1.4,1,20,0,30.34,,0,0,0,37.9,41.4,43.6,0.14,0.14,0.08
SCHU,2015-11-29 23:20:00 EST,43.11700,-73.57829,103,31.3,31.5,27.9,66.3,21.3,0.000,0.000,0.00,0.000,3.4,6.4,1.3,356,16,4.3,7.8,1.5,0,14,3.4,6.4,1.3,356,16,0,30.34,,0,0,0,37.9,41.4,43.5,0.14,0.14,0.07
SCHU,2015-11-29 23:25:00 EST,43.11700,-73.57829,103,31.1,31.4,26.9,67.5,21.6,0.000,0.000,0.00,0.000,4.1,8.2,1.6,5,18,5.0,9.2,1.5,8,13,4.1,8.2,1.6,5,18,0,30.35,,0,0,0,37.9,41.3,43.5,0.14,0.14,0.08
SCHU,2015-11-29 23:30:00 EST,43.11700,-73.57829,103,30.9,31.3,26.0,66.7,21.2,0.000,0.000,0.00,0.000,4.8,8.2,1.3,2,19,5.8,9.4,1.5,5,16,4.8,8.2,1.3,2,19,0,30.35,,0,0,0,37.9,41.3,43.5,0.14,0.13,0.08
SCHU,2015-11-29 23:35:00 EST,43.11700,-73.57829,103,31.0,31.2,26.0,65.6,20.8,0.000,0.000,0.00,0.000,4.8,7.6,1.0,0,20,5.8,8.5,1.2,1,16,4.8,7.6,1.0,0,20,0,30.35,,0,0,0,37.9,41.3,43.5,0.14,0.13,0.08
SCHU,2015-11-29 23:40:00 EST,43.11700,-73.57829,103,30.6,31.0,26.6,66.5,20.8,0.000,0.000,0.00,0.000,3.9,6.8,1.2,353,25,4.9,9.8,1.5,356,16,3.9,6.8,1.2,353,25,0,30.34,,0,0,0,37.9,41.3,43.5,0.14,0.13,0.08
SCHU,2015-11-29 23:45:00 EST,43.11700,-73.57829,103,30.5,30.8,27.6,66.8,20.7,0.000,0.000,0.00,0.000,3.0,5.6,1.0,355,23,3.7,6.5,1.1,358,21,3.0,5.6,1.0,355,23,0,30.34,,0,0,0,37.8,41.2,43.5,0.14,0.14,0.08
SCHU,2015-11-29 23:50:00 EST,43.11700,-73.57829,103,30.3,30.7,26.8,67.4,20.8,0.000,0.000,0.00,0.000,3.4,6.2,1.1,357,19,4.1,6.7,1.3,359,18,3.4,6.2,1.1,357,19,0,30.34,,0,0,0,37.8,41.2,43.6,0.14,0.14,0.07
SCHU,2015-11-29 23:55:00 EST,43.11700,-73.57829,103,30.3,30.6,27.0,67.4,20.8,0.000,0.000,0.00,0.000,3.3,6.1,1.4,1,21,4.2,7.8,1.5,4,17,3.3,6.1,1.4,1,21,0,30.34,,0,0,0,37.7,41.3,43.6,0.14,0.14,0.08
SPRA,2015-11-29 00:00:00 EST,42.87427,-74.50859,656,31.9,31.9,24.7,78.2,25.9,0.000,0.069,0.00,0.000,8.1,12.9,1.9,270,13,9.1,16.3,2.2,271,12,8.1,12.9,1.9,270,13,0,29.55,,0,0,0,39.2,43.9,45.7,0.40,0.41,0.42
SPRA,2015-11-29 00:05:00 EST,42.87427,-74.50859,656,31.8,31.8,26.0,77.6,25.6,0.000,0.000,0.00,0.000,6.1,9.2,1.1,266,15,6.9,10.5,1.3,269,13,6.1,9.2,1.1,266,15,0,29.55,,0,0,0,39.2,43.9,45.7,0.40,0.41,0.42
SPRA,2015-11-29 00:10:00 EST,42.87427,-74.50859,656,31.8,31.7,24.2,77.5,25.5,0.000,0.000,0.00,0.000,8.5,12.6,2.0,268,14,9.5,14.1,2.2,269,13,8.5,12.6,2.0,268,14,0,29.55,,0,0,0,39.2,43.9,45.7,0.40,0.41,0.42
SPRA,2015-11-29 00:15:00 EST,42.87427,-74.50859,656,31.7,31.7,24.4,77.4,25.4,0.000,0.000,0.00,0.000,8.1,12.2,1.7,265,13,9.1,13.4,2.0,267,12,8.1,12.2,1.7,265,13,0,29.55,,0,0,0,39.2,43.9,45.7,0.40,0.41,0.42
SPRA,2015-11-29 00:20:00 EST,42.87427,-74.50859,656,31.6,31.5,24.3,77.7,25.4,0.000,0.000,0.00,0.000,8.0,12.1,2.3,263,13,9.0,13.9,2.6,265,12,8.0,12.1,2.3,263,13,0,29.55,,0,0,0,39.2,43.9,45.7,0.40,0.41,0.42
SPRA,2015-11-29 00:25:00 EST,42.87427,-74.50859,656,31.5,31.5,24.7,77.3,25.2,0.000,0.000,0.00,0.000,7.3,10.8,1.7,277,14,8.1,13.6,1.9,278,13,7.3,10.8,1.7,277,14,0,29.55,,0,0,0,39.2,43.9,45.7,0.40,0.41,0.42
SPRA,2015-11-29 00:30:00 EST,42.87427,-74.50859,656,31.4,31.4,25.0,77.8,25.3,0.000,0.000,0.00,0.000,6.7,11.0,1.9,274,15,7.7,13.0,2.1,276,14,6.7,11.0,1.9,274,15,0,29.56,,0,0,0,39.1,43.9,45.7,0.40,0.41,0.42
SPRA,2015-11-29 00:35:00 EST,42.87427,-74.50859,656,31.4,31.4,25.0,77.8,25.3,0.000,0.000,0.00,0.000,6.6,11.3,1.9,278,15,7.4,13.9,2.2,279,13,6.6,11.3,1.9,278,15,0,29.56,,0,0,0,39.0,43.9,45.7,0.40,0.41,0.42
SPRA,2015-11-29 00:40:00 EST,42.87427,-74.50859,656,31.3,31.3,25.4,77.8,25.2,0.000,0.000,0.00,0.000,6.1,9.4,1.3,272,15,6.9,11.0,1.6,273,13,6.1,9.4,1.3,272,15,0,29.56,,0,0,0,39.0,43.9,45.7,0.40,0.41,0.42
SPRA,2015-11-29 00:45:00 EST,42.87427,-74.50859,656,31.2,31.2,24.1,77.4,25.0,0.000,0.000,0.00,0.000,7.7,11.5,2.0,270,17,8.8,14.3,2.2,272,16,7.7,11.5,2.0,270,17,0,29.56,,0,0,0,39.0,43.9,45.7,0.40,0.41,0.42
SPRA,2015-11-29 00:50:00 EST,42.87427,-74.50859,656,31.1,31.1,24.3,77.5,24.9,0.000,0.000,0.00,0.000,7.2,12.3,2.0,273,18,8.2,13.2,2.3,274,15,7.2,12.3,2.0,273,18,0,29.56,,0,0,0,39.0,43.9,45.7,0.40,0.41,0.42
SPRA,2015-11-29 00:55:00 EST,42.87427,-74.50859,656,31.0,31.0,24.2,77.7,24.9,0.000,0.000,0.00,0.000,7.2,11.5,1.8,278,16,8.1,13.9,2.1,280,15,7.2,11.5,1.8,278,16,0,29.56,,0,0,0,39.0,43.9,45.7,0.40,0.41,0.42
SPRA,2015-11-29 01:00:00 EST,42.87427,-74.50859,656,30.9,30.9,23.1,77.0,24.5,0.000,0.000,0.00,0.000,8.7,14.2,1.9,276,14,9.6,16.3,2.1,276,12,8.7,14.2,1.9,276,14,0,29.56,,0,0,0,38.9,43.9,45.7,0.40,0.41,0.42
SPRA,2015-11-29 01:05:00 EST,42.87427,-74.50859,656,30.8,30.7,23.4,77.5,24.6,0.000,0.000,0.00,0.000,7.9,11.3,1.7,279,10,8.8,13.4,1.9,280,9,7.9,11.3,1.7,279,10,0,29.56,,0,0,0,38.9,43.8,45.7,0.40,0.41,0.42
SPRA,2015-11-29 01:10:00 EST,42.87427,-74.50859,656,30.6,30.6,23.8,77.7,24.5,0.000,0.000,0.00,0.000,7.1,11.5,1.6,269,13,8.0,13.0,1.8,270,11,7.1,11.5,1.6,269,13,0,29.56,,0,0,0,38.8,43.8,45.7,0.40,0.41,0.42
SPRA,2015-11-29 01:15:00 EST,42.87427,-74.50859,656,30.5,30.4,23.6,77.9,24.4,0.000,0.000,0.00,0.000,7.1,12.1,1.7,273,14,8.0,13.2,2.0,274,13,7.1,12.1,1.7,273,14,0,29.56,,0,0,0,38.8,43.7,45.7,0.40,0.41,0.42
SPRA,2015-11-29 01:20:00 EST,42.87427,-74.50859,656,30.3,30.3,22.1,77.6,24.1,0.000,0.000,0.00,0.000,9.1,13.2,1.8,274,11,10.1,14.8,2.1,275,9,9.1,13.2,1.8,274,11,0,29.55,,0,0,0,38.8,43.7,45.7,0.40,0.41,0.42
SPRA,2015-11-29 01:25:00 EST,42.87427,-74.50859,656,30.2,30.1,22.5,78.1,24.2,0.000,0.000,0.00,0.000,8.2,10.7,1.2,270,11,9.2,12.1,1.4,271,9,8.2,10.7,1.2,270,11,0,29.56,,0,0,0,38.7,43.7,45.7,0.40,0.41,0.42
SPRA,2015-11-29 01:30:00 EST,42.87427,-74.50859,656,30.0,30.0,21.9,78.0,24.0,0.000,0.000,0.00,0.000,8.9,13.9,2.2,277,13,10.0,16.1,2.4,278,11,8.9,13.9,2.2,277,13,0,29.56,,0,0,0,38.7,43.7,45.7,0.40,0.41,0.42
SPRA,2015-11-29 01:35:00 EST,42.87427,-74.50859,656,29.9,29.9,22.2,78.1,23.9,0.000,0.000,0.00,0.000,8.1,12.1,1.6,267,12,9.2,15.2,1.9,268,9,8.1,12.1,1.6,267,12,0,29.56,,0,0,0,38.7,43.7,45.7,0.40,0.41,0.42
SPRA,2015-11-29 01:40:00 EST,42.87427,-74.50859,656,29.8,29.8,22.2,78.1,23.8,0.000,0.000,0.00,0.000,8.0,11.5,1.5,272,13,9.1,13.4,1.6,273,11,8.0,11.5,1.5,272,13,0,29.56,,0,0,0,38.6,43.7,45.7,0.40,0.41,0.42
SPRA,2015-11-29 01:45:00 EST,42.87427,-74.50859,656,29.7,29.7,22.0,77.7,23.6,0.000,0.000,0.00,0.000,8.1,12.6,1.8,276,11,9.3,14.5,2.2,277,9,8.1,12.6,1.8,276,11,0,29.56,,0,0,0,38.6,43.7,45.7,0.40,0.41,0.42
SPRA,2015-11-29 01:50:00 EST,42.87427,-74.50859,656,29.7,29.6,22.1,77.6,23.5,0.000,0.000,0.00,0.000,7.8,11.8,1.4,274,12,8.7,13.9,1.7,275,10,7.8,11.8,1.4,274,12,0,29.56,,0,0,0,38.5,43.7,45.7,0.40,0.41,0.42
SPRA,2015-11-29 01:55:00 EST,42.87427,-74.50859,656,29.6,29.6,23.4,78.0,23.6,0.000,0.000,0.00,0.000,6.0,8.8,1.1,274,14,6.7,10.1,1.3,276,11,6.0,8.8,1.1,274,14,0,29.56,,0,0,0,38.5,43.7,45.7,0.40,0.41,0.42
SPRA,2015-11-29 02:00:00 EST,42.87427,-74.50859,656,29.6,29.6,21.8,78.4,23.7,0.000,0.000,0.00,0.000,8.2,15.5,2.4,281,12,9.1,17.4,2.6,281,11,8.2,15.5,2.4,281,12,0,29.56,,0,0,0,38.5,43.6,45.7,0.40,0.41,0.42
SPRA,2015-11-29 02:05:00 EST,42.87427,-74.50859,656,29.6,29.5,23.8,78.7,23.8,0.000,0.000,0.00,0.000,5.5,7.7,1.0,280,14,6.2,8.9,1.1,281,13,5.5,7.7,1.0,280,14,0,29.55,,0,0,0,38.4,43.6,45.7,0.40,0.41,0.42
SPRA,2015-11-29 02:10:00 EST,42.87427,-74.50859,656,29.5,29.5,23.5,79.1,23.8,0.000,0.000,0.00,0.000,5.8,9.1,1.2,272,14,6.5,9.8,1.2,274,11,5.8,9.1,1.2,272,14,0,29.55,,0,0,0,38.3,43.6,45.7,0.40,0.41,0.42
SPRA,2015-11-29 02:15:00 EST,42.87427,-74.50859,656,29.5,29.4,21.4,78.2,23.5,0.000,0.000,0.00,0.000,8.5,13.8,2.2,278,14,9.5,16.6,2.5,280,12,8.5,13.8,2.2,278,14,0,29.55,,0,0,0,38.3,43.5,45.7,0.40,0.41,0.42
SPRA,2015-11-29 02:20:00 EST,42.87427,-74.50859,656,29.4,29.4,21.7,77.9,23.4,0.000,0.000,0.00,0.000,8.0,12.2,1.7,281,17,8.9,14.3,1.9,281,15,8.0,12.2,1.7,281,17,0,29.56,,0,0,0,38.3,43.5,45.7,0.40,0.41,0.42
SPRA,2015-11-29 02:25:00 EST,42.87427,-74.50859,656,29.4,29.3,21.6,77.5,23.2,0.000,0.000,0.00,0.000,8.0,11.6,1.7,277,16,8.8,14.3,1.9,279,13,8.0,11.6,1.7,277,16,0,29.56,,0,0,0,38.3,43.5,45.7,0.40,0.41,0.42
SPRA,2015-11-29 02:30:00 EST,42.87427,-74.50859,656,29.3,29.3,21.1,77.6,23.2,0.000,0.000,0.00,0.000,8.8,14.1,2.3,277,17,9.8,15.7,2.6,278,15,8.8,14.1,2.3,277,17,0,29.56,,0,0,0,38.2,43.5,45.7,0.40,0.41,0.42
SPRA,2015-11-29 02:35:00 EST,42.87427,-74.50859,656,29.2,29.2,22.0,77.8,23.2,0.000,0.000,0.00,0.000,7.2,11.5,1.8,273,14,8.1,13.0,2.0,274,12,7.2,11.5,1.8,273,14,0,29.56,,0,0,0,38.1,43.5,45.7,0.40,0.41,0.42
SPRA,2015-11-29 02:40:00 EST,42.87427,-74.50859,656,29.2,29.1,21.1,77.4,23.0,0.000,0.000,0.00,0.000,8.5,15.4,2.4,272,13,9.5,17.4,2.7,273,12,8.5,15.4,2.4,272,13,0,29.56,,0,0,0,38.1,43.5,45.7,0.40,0.41,0.42
SPRA,2015-11-29 02:45:00 EST,42.87427,-74.50859,656,29.1,29.1,22.2,77.7,23.0,0.000,0.000,0.00,0.000,6.7,10.4,1.5,278,15,7.5,11.4,1.6,279,12,6.7,10.4,1.5,278,15,0,29.56,,0,0,0,38.0,43.5,45.7,0.40,0.41,0.42
SPRA,2015-11-29 02:50:00 EST,42.87427,-74.50859,656,29.0,29.0,21.4,77.6,22.9,0.000,0.000,0.00,0.000,7.7,11.2,1.5,265,10,8.7,13.2,1.7,266,9,7.7,11.2,1.5,265,10,0,29.56,,0,0,0,37.9,43.5,45.7,0.40,0.41,0.42
SPRA,2015-11-29 02:55:00 EST,42.87427,-74.50859,656,29.0,28.9,22.3,77.7,22.9,0.000,0.000,0.00,0.000,6.4,9.6,1.6,283,16,7.2,10.5,1.6,283,14,6.4,9.6,1.6,283,16,0,29.56,,0,0,0,37.9,43.5,45.7,0.40,0.41,0.42
SPRA,2015-11-29 03:00:00 EST,42.87427,-74.50859,656,28.9,28.9,21.1,77.6,22.8,0.000,0.000,0.00,0.000,8.1,13.0,1.6,275,12,9.2,14.3,1.8,276,10,8.1,13.0,1.6,275,12,0,29.56,,0,0,0,37.9,43.5,45.7,0.40,0.41,0.42
SPRA,2015-11-29 03:05:00 EST,42.87427,-74.50859,656,28.9,28.9,21.0,77.2,22.7,0.000,0.000,0.00,0.000,8.2,15.1,2.3,280,15,9.1,17.2,2.7,280,13,8.2,15.1,2.3,280,15,0,29.55,,0,0,0,37.9,43.5,45.7,0.40,0.41,0.42
SPRA,2015-11-29 03:10:00 EST,42.87427,-74.50859,656,28.9,28.9,21.4,77.5,22.7,0.000,0.000,0.00,0.000,7.6,12.1,2.2,277,15,8.5,14.5,2.3,277,13,7.6,12.1,2.2,277,15,0,29.55,,0,0,0,37.8,43.5,45.7,0.40,0.41,0.42
SPRA,2015-11-29 03:15:00 EST,42.87427,-74.50859,656,28.9,28.8,22.0,77.3,22.7,0.000,0.000,0.00,0.000,6.6,11.5,1.7,276,13,7.5,14.1,1.8,277,12,6.6,11.5,1.7,276,13,0,29.56,,0,0,0,37.8,43.5,45.7,0.40,0.41,0.42
SPRA,2015-11-29 03:20:00 EST,42.87427,-74.50859,656,28.8,28.8,21.0,77.3,22.6,0.000,0.000,0.00,0.000,8.0,11.5,1.3,270,9,8.9,13.2,1.6,271,8,8.0,11.5,1.3,270,9,0,29.56,,0,0,0,37.7,43.4,45.7,0.40,0.41,0.42
SPRA,2015-11-29 03:25:00 EST,42.87427,-74.50859,656,28.8,28.8,21.7,77.5,22.7,0.000,0.000,0.00,0.000,6.9,12.4,1.9,271,14,7.8,14.3,2.1,272,13,6.9,12.4,1.9,271,14,0,29.56,,0,0,0,37.7,43.4,45.7,0.40,0.41,0.42
SPRA,2015-11-29 03:30:00 EST,42.87427,-74.50859,656,28.8,28.8,21.3,77.9,22.8,0.000,0.000,0.00,0.000,7.4,10.8,1.5,271,12,8.4,12.8,1.7,272,10,7.4,10.8,1.5,271,12,0,29.56,,0,0,0,37.6,43.4,45.7,0.40,0.41,0.42
SPRA,2015-11-29 03:35:00 EST,42.87427,-74.50859,656,28.8,28.8,20.6,77.6,22.7,0.000,0.000,0.00,0.000,8.4,12.3,1.6,276,12,9.5,13.6,1.9,277,10,8.4,12.3,1.6,276,12,0,29.56,,0,0,0,37.6,43.4,45.7,0.40,0.41,0.42
SPRA,2015-11-29 03:40:00 EST,42.87427,-74.50859,656,28.7,28.7,20.8,77.0,22.4,0.000,0.000,0.00,0.000,8.0,12.9,1.7,272,16,8.9,14.3,1.8,273,13,8.0,12.9,1.7,272,16,0,29.56,,0,0,0,37.6,43.3,45.7,0.40,0.41,0.41
SPRA,2015-11-29 03:45:00 EST,42.87427,-74.50859,656,28.6,28.6,20.6,77.3,22.4,0.000,0.000,0.00,0.000,8.1,12.6,1.8,265,14,9.0,13.4,1.9,267,13,8.1,12.6,1.8,265,14,0,29.55,,0,0,0,37.6,43.3,45.7,0.40,0.41,0.42
SPRA,2015-11-29 03:50:00 EST,42.87427,-74.50859,656,28.5,28.5,20.4,77.4,22.4,0.000,0.000,0.00,0.000,8.3,13.0,1.9,272,12,9.5,15.4,2.2,274,10,8.3,13.0,1.9,272,12,0,29.56,,0,0,0,37.6,43.3,45.7,0.40,0.41,0.42
SPRA,2015-11-29 03:55:00 EST,42.87427,-74.50859,656,28.5,28.5,20.1,77.2,22.3,0.000,0.000,0.00,0.000,8.7,13.8,2.2,269,10,9.9,15.2,2.5,271,8,8.7,13.8,2.2,269,10,0,29.56,,0,0,0,37.5,43.3,45.7,0.40,0.41,0.42
SPRA,2015-11-29 04:00:00 EST,42.87427,-74.50859,656,28.5,28.4,20.2,77.2,22.2,0.000,0.000,0.00,0.000,8.5,13.4,1.8,270,11,9.4,14.3,1.9,271,10,8.5,13.4,1.8,270,11,0,29.56,,0,0,0,37.5,43.3,45.7,0.40,0.41,0.41
SPRA,2015-11-29 04:05:00 EST,42.87427,-74.50859,656,28.4,28.4,20.1,77.5,22.3,0.000,0.000,0.00,0.000,8.5,12.3,1.9,268,12,9.6,14.1,2.2,269,10,8.5,12.3,1.9,268,12,0,29.56,,0,0,0,37.4,43.3,45.7,0.40,0.41,0.42
SPRA,2015-11-29 04:10:00 EST,42.87427,-74.50859,656,28.4,28.3,20.5,77.7,22.3,0.000,0.000,0.00,0.000,7.8,12.1,1.9,267,12,8.7,14.3,2.1,268,10,7.8,12.1,1.9,267,12,0,29.56,,0,0,0,37.4,43.3,45.7,0.40,0.41,0.42
SPRA,2015-11-29 04:15:00 EST,42.87427,-74.50859,656,28.3,28.3,20.4,77.5,22.2,0.000,0.000,0.00,0.000,7.9,10.7,1.4,264,10,8.8,12.1,1.6,265,9,7.9,10.7,1.4,264,10,0,29.55,,0,0,0,37.4,43.3,45.7,0.40,0.41,0.42
SPRA,2015-11-29 04:20:00 EST,42.87427,-74.50859,656,28.2,28.2,20.6,77.9,22.2,0.000,0.000,0.00,0.000,7.5,12.8,2.0,260,12,8.3,13.6,2.1,262,10,7.5,12.8,2.0,260,12,0,29.55,,0,0,0,37.4,43.3,45.7,0.40,0.41,0.42
SPRA,2015-11-29 04:25:00 EST,42.87427,-74.50859,656,28.2,28.2,21.3,77.6,22.1,0.000,0.000,0.00,0.000,6.5,9.1,1.2,270,12,7.3,11.6,1.4,271,11,6.5,9.1,1.2,270,12,0,29.55,,0,0,0,37.4,43.2,45.7,0.40,0.41,0.42
SPRA,2015-11-29 04:30:00 EST,42.87427,-74.50859,656,28.2,28.1,20.5,77.8,22.1,0.000,0.000,0.00,0.000,7.5,10.8,1.6,268,13,8.5,12.5,1.8,270,12,7.5,10.8,1.6,268,13,0,29.55,,0,0,0,37.3,43.2,45.7,0.40,0.41,0.42
SPRA,2015-11-29 04:35:00 EST,42.87427,-74.50859,656,28.1,28.1,19.8,77.8,22.1,0.000,0.000,0.00,0.000,8.6,12.6,1.7,264,10,9.7,14.5,1.9,266,8,8.6,12.6,1.7,264,10,0,29.55,,0,0,0,37.2,43.2,45.7,0.40,0.41,0.41
SPRA,2015-11-29 04:40:00 EST,42.87427,-74.50859,656,28.1,28.1,20.2,77.6,22.0,0.000,0.000,0.00,0.000,7.9,12.9,1.6,266,9,8.8,14.1,1.7,267,8,7.9,12.9,1.6,266,9,0,29.55,,0,0,0,37.2,43.2,45.7,0.40,0.41,0.42
SPRA,2015-11-29 04:45:00 EST,42.87427,-74.50859,656,28.1,28.1,20.3,77.6,22.0,0.000,0.000,0.00,0.000,7.6,12.6,1.6,266,12,8.5,14.1,1.8,268,10,7.6,12.6,1.6,266,12,0,29.56,,0,0,0,37.2,43.2,45.7,0.40,0.41,0.42
SPRA,2015-11-29 04:50:00 EST,42.87427,-74.50859,656,28.1,28.1,18.9,76.8,21.7,0.000,0.000,0.00,0.000,9.9,13.4,1.6,266,10,11.1,15.2,1.9,268,8,9.9,13.4,1.6,266,10,0,29.56,,0,0,0,37.2,43.2,45.7,0.40,0.41,0.41
SPRA,2015-11-29 04:55:00 EST,42.87427,-74.50859,656,28.0,28.0,19.6,77.2,21.8,0.000,0.000,0.00,0.000,8.7,14.0,1.9,259,10,9.7,15.2,2.1,261,8,8.7,14.0,1.9,259,10,0,29.56,,0,0,0,37.2,43.2,45.7,0.40,0.41,0.42
SPRA,2015-11-29 05:00:00 EST,42.87427,-74.50859,656,28.0,28.0,20.0,76.8,21.7,0.000,0.000,0.00,0.000,8.0,11.4,1.6,269,14,9.0,14.1,1.8,269,11,8.0,11.4,1.6,269,14,0,29.56,,0,0,0,37.2,43.2,45.7,0.40,0.41,0.41
SPRA,2015-11-29 05:05:00 EST,42.87427,-74.50859,656,27.9,28.0,19.4,76.9,21.6,0.000,0.000,0.00,0.000,8.7,13.0,2.1,271,12,9.9,14.3,2.4,272,11,8.7,13.0,2.1,271,12,0,29.56,,0,0,0,37.2,43.2,45.7,0.40,0.41,0.42
SPRA,2015-11-29 05:10:00 EST,42.87427,-74.50859,656,27.9,27.9,19.2,77.0,21.6,0.000,0.000,0.00,0.000,8.9,12.6,1.7,267,13,10.0,13.9,1.8,268,12,8.9,12.6,1.7,267,13,0,29.56,,0,0,0,37.2,43.1,45.7,0.40,0.41,0.41
SPRA,2015-11-29 05:15:00 EST,42.87427,-74.50859,656,27.8,27.9,18.8,76.9,21.5,0.000,0.000,0.00,0.000,9.5,13.2,1.4,277,11,10.6,14.8,1.7,278,10,9.5,13.2,1.4,277,11,0,29.56,,0,0,0,37.2,43.1,45.7,0.40,0.41,0.42
SPRA,2015-11-29 05:20:00 EST,42.87427,-74.50859,656,27.7,27.8,19.4,76.8,21.4,0.000,0.000,0.00,0.000,8.4,12.1,1.7,280,14,9.4,13.6,1.9,280,12,8.4,12.1,1.7,280,14,0,29.56,,0,0,0,37.2,43.1,45.7,0.40,0.41,0.41
SPRA,2015-11-29 05:25:00 EST,42.87427,-74.50859,656,27.7,27.7,20.2,77.0,21.4,0.000,0.000,0.00,0.000,7.1,11.3,1.5,280,13,8.0,13.9,1.7,281,12,7.1,11.3,1.5,280,13,0,29.56,,0,0,0,37.2,43.1,45.7,0.40,0.41,0.41
SPRA,2015-11-29 05:30:00 EST,42.87427,-74.50859,656,27.5,27.6,20.5,77.9,21.5,0.000,0.000,0.00,0.000,6.5,10.8,1.6,274,12,7.3,13.2,1.8,275,11,6.5,10.8,1.6,274,12,0,29.56,,0,0,0,37.1,43.0,45.7,0.40,0.41,0.41
SPRA,2015-11-29 05:35:00 EST,42.87427,-74.50859,656,27.5,27.6,19.9,77.9,21.5,0.000,0.000,0.00,0.000,7.3,11.2,1.5,272,14,8.3,13.4,1.7,274,12,7.3,11.2,1.5,272,14,0,29.57,,0,0,0,37.1,43.0,45.7,0.40,0.41,0.41
SPRA,2015-11-29 05:40:00 EST,42.87427,-74.50859,656,27.5,27.5,20.5,77.8,21.5,0.000,0.000,0.00,0.000,6.4,11.0,1.4,273,14,7.2,12.5,1.6,275,11,6.4,11.0,1.4,273,14,0,29.57,,0,0,0,37.0,43.0,45.7,0.40,0.41,0.42
SPRA,2015-11-29 05:45:00 EST,42.87427,-74.50859,656,27.5,27.5,19.6,77.8,21.5,0.000,0.000,0.00,0.000,7.6,12.7,2.0,274,10,8.6,14.8,2.4,276,10,7.6,12.7,2.0,274,10,0,29.57,,0,0,0,37.0,43.0,45.7,0.40,0.41,0.41
SPRA,2015-11-29 05:50:00 EST,42.87427,-74.50859,656,27.5,27.6,19.0,76.9,21.2,0.000,0.000,0.00,0.000,8.6,12.0,1.7,277,15,9.8,15.0,2.1,277,12,8.6,12.0,1.7,277,15,0,29.57,,0,0,0,37.0,43.0,45.7,0.40,0.41,0.41
SPRA,2015-11-29 05:55:00 EST,42.87427,-74.50859,656,27.5,27.5,18.8,77.0,21.2,0.000,0.000,0.00,0.000,8.8,13.8,2.1,278,19,9.9,16.6,2.2,279,16,8.8,13.8,2.1,278,19,0,29.57,,0,0,0,37.0,43.0,45.7,0.40,0.41,0.41
SPRA,2015-11-29 06:00:00 EST,42.87427,-74.50859,656,27.4,27.4,18.6,77.2,21.2,0.000,0.000,0.00,0.000,9.1,14.2,2.1,279,17,10.1,15.7,2.3,280,15,9.1,14.2,2.1,279,17,0,29.57,,0,0,0,37.0,43.0,45.7,0.40,0.41,0.41
SPRA,2015-11-29 06:05:00 EST,42.87427,-74.50859,656,27.4,27.4,20.0,77.1,21.2,0.000,0.000,0.00,0.000,7.0,13.2,2.4,286,13,7.6,13.6,2.4,286,12,7.0,13.2,2.4,286,13,0,29.57,,0,0,0,37.0,43.0,45.7,0.40,0.41,0.42
SPRA,2015-11-29 06:10:00 EST,42.87427,-74.50859,656,27.4,27.4,20.1,77.6,21.3,0.000,0.000,0.00,0.000,6.7,11.6,1.7,282,17,7.5,12.1,1.8,283,14,6.7,11.6,1.7,282,17,0,29.58,,0,0,0,36.9,43.0,45.7,0.40,0.41,0.42
SPRA,2015-11-29 06:15:00 EST,42.87427,-74.50859,656,27.3,27.3,20.3,77.9,21.3,0.000,0.000,0.00,0.000,6.3,9.6,1.5,285,14,7.1,11.0,1.6,286,13,6.3,9.6,1.5,285,14,0,29.58,,0,0,0,36.9,42.9,45.7,0.40,0.41,0.41
SPRA,2015-11-29 06:20:00 EST,42.87427,-74.50859,656,27.2,27.2,19.4,78.1,21.3,0.000,0.000,0.00,0.000,7.4,10.7,1.2,293,12,8.0,12.1,1.4,293,11,7.4,10.7,1.2,293,12,0,29.58,,0,0,0,36.9,42.9,45.7,0.40,0.41,0.42
SPRA,2015-11-29 06:25:00 EST,42.87427,-74.50859,656,27.0,27.0,20.2,78.7,21.3,0.000,0.000,0.00,0.000,6.1,9.9,1.7,290,14,6.8,11.2,1.8,290,12,6.1,9.9,1.7,290,14,0,29.58,,0,0,0,36.9,42.9,45.7,0.40,0.41,0.41
SPRA,2015-11-29 06:30:00 EST,42.87427,-74.50859,656,26.7,26.8,20.5,79.7,21.3,0.000,0.000,0.00,0.000,5.3,8.4,1.3,295,14,5.8,9.4,1.4,294,13,5.3,8.4,1.3,295,14,0,29.59,,0,0,0,36.8,42.8,45.7,0.40,0.41,0.41
SPRA,2015-11-29 06:35:00 EST,42.87427,-74.50859,656,26.6,26.6,21.8,79.8,21.2,0.000,0.000,0.00,0.000,4.1,6.9,1.1,292,11,4.4,7.8,1.1,294,11,4.1,6.9,1.1,292,11,0,29.59,,0,0,0,36.7,42.8,45.7,0.40,0.41,0.41
SPRA,2015-11-29 06:40:00 EST,42.87427,-74.50859,656,26.3,26.4,20.8,80.2,21.0,0.000,0.000,0.00,0.000,4.6,8.3,1.4,293,16,5.2,8.9,1.5,294,15,4.6,8.3,1.4,293,16,0,29.58,,0,0,0,36.7,42.8,45.7,0.40,0.41,0.42
SPRA,2015-11-29 06:45:00 EST,42.87427,-74.50859,656,26.0,26.2,21.7,81.2,21.0,0.000,0.000,0.00,0.000,3.5,6.6,1.1,286,14,4.0,7.4,1.2,287,13,3.5,6.6,1.1,286,14,0,29.58,,0,0,0,36.7,42.8,45.7,0.40,0.41,0.41
SPRA,2015-11-29 06:50:00 EST,42.87427,-74.50859,656,25.8,26.1,21.4,81.3,20.9,0.000,0.000,0.00,0.000,3.7,5.9,1.0,293,14,4.1,6.5,1.0,294,14,3.7,5.9,1.0,293,14,0,29.58,,0,0,0,36.7,42.8,45.7,0.40,0.41,0.41
SPRA,2015-11-29 06:55:00 EST,42.87427,-74.50859,656,25.9,26.1,21.2,81.5,21.0,0.000,0.000,0.00,0.000,3.8,6.1,1.1,283,15,4.3,6.9,1.1,283,13,3.8,6.1,1.1,283,15,1,29.59,,0,0,0,36.7,42.8,45.7,0.40,0.41,0.42
SPRA,2015-11-29 07:00:00 EST,42.87427,-74.50859,656,25.7,26.0,20.5,81.8,20.9,0.000,0.000,0.00,0.000,4.2,6.6,0.9,289,19,4.7,7.8,1.1,289,18,4.2,6.6,0.9,289,19,1,29.59,,0,0,0,36.7,42.8,45.7,0.40,0.41,0.42
SPRA,2015-11-29 07:05:00 EST,42.87427,-74.50859,656,25.7,25.9,21.1,81.9,20.9,0.000,0.000,0.00,0.000,3.8,6.4,0.8,289,17,4.3,7.6,1.0,290,15,3.8,6.4,0.8,289,17,2,29.58,,0,0,0,36.6,42.8,45.7,0.40,0.41,0.42
SPRA,2015-11-29 07:10:00 EST,42.87427,-74.50859,656,25.5,25.7,20.8,82.2,20.8,0.000,0.000,0.00,0.000,3.8,6.1,1.0,281,13,4.3,6.9,1.1,282,12,3.8,6.1,1.0,281,13,4,29.58,,0,0,0,36.5,42.8,45.7,0.40,0.41,0.41
SPRA,2015-11-29 07:15:00 EST,42.87427,-74.50859,656,25.5,25.7,20.7,82.3,20.9,0.000,0.000,0.00,0.000,3.9,5.3,0.7,277,15,4.4,5.8,0.8,278,14,3.9,5.3,0.7,277,15,5,29.59,,0,0,0,36.5,42.8,45.7,0.40,0.41,0.41
SPRA,2015-11-29 07:20:00 EST,42.87427,-74.50859,656,25.3,25.6,20.4,82.5,20.8,0.000,0.000,0.00,0.000,4.0,6.3,0.8,281,11,4.6,7.2,0.9,281,9,4.0,6.3,0.8,281,11,8,29.59,,0,0,0,36.5,42.8,45.7,0.40,0.41,0.41
SPRA,2015-11-29 07:25:00 EST,42.87427,-74.50859,656,25.5,25.7,19.6,82.6,20.9,0.000,0.000,0.00,0.000,4.8,7.3,1.2,287,11,5.3,8.3,1.3,288,11,4.8,7.3,1.2,287,11,12,29.59,,0,0,0,36.4,42.7,45.7,0.40,0.41,0.42
SPRA,2015-11-29 07:30:00 EST,42.87427,-74.50859,656,25.4,25.7,19.4,82.2,20.8,0.000,0.000,0.00,0.000,4.9,6.9,0.8,281,11,5.6,7.8,1.0,282,9,4.9,6.9,0.8,281,11,15,29.59,,0,0,0,36.4,42.7,45.7,0.40,0.41,0.42
SPRA,2015-11-29 07:35:00 EST,42.87427,-74.50859,656,25.5,25.8,19.5,82.0,20.8,0.000,0.000,0.00,0.000,5.0,7.8,1.1,288,10,5.6,8.5,1.2,287,9,5.0,7.8,1.1,288,10,22,29.59,,0,0,0,36.3,42.7,45.7,0.40,0.41,0.42
SPRA,2015-11-29 07:40:00 EST,42.87427,-74.50859,656,25.6,25.8,20.2,81.8,20.8,0.000,0.000,0.00,0.000,4.4,6.2,0.9,286,14,5.1,7.6,1.1,287,12,4.4,6.2,0.9,286,14,23,29.59,,0,0,0,36.3,42.7,45.7,0.40,0.41,0.42
SPRA,2015-11-29 07:45:00 EST,42.87427,-74.50859,656,25.8,25.9,20.1,81.4,20.9,0.000,0.000,0.00,0.000,4.7,7.6,0.9,273,12,5.4,8.9,1.1,276,10,4.7,7.6,0.9,273,12,21,29.59,,0,0,0,36.3,42.6,45.7,0.40,0.41,0.41
SPRA,2015-11-29 07:50:00 EST,42.87427,-74.50859,656,26.0,26.1,19.4,80.2,20.7,0.000,0.000,0.00,0.000,5.6,8.0,1.0,276,13,6.3,8.9,1.0,277,11,5.6,8.0,1.0,276,13,41,29.59,,0,0,0,36.3,42.6,45.7,0.40,0.41,0.42
SPRA,2015-11-29 07:55:00 EST,42.87427,-74.50859,656,26.1,26.2,20.0,79.3,20.6,0.000,0.000,0.00,0.000,5.2,8.4,1.1,272,12,5.9,9.2,1.3,273,11,5.2,8.4,1.1,272,12,96,29.59,,0,0,0,36.3,42.6,45.7,0.40,0.41,0.42
SPRA,2015-11-29 08:00:00 EST,42.87427,-74.50859,656,26.3,26.3,20.2,78.7,20.6,0.000,0.000,0.00,0.000,5.2,8.8,1.3,276,11,5.9,9.8,1.4,278,11,5.2,8.8,1.3,276,11,114,29.59,,0,0,0,36.2,42.6,45.7,0.40,0.41,0.41
SPRA,2015-11-29 08:05:00 EST,42.87427,-74.50859,656,26.4,26.4,20.8,78.8,20.8,0.000,0.000,0.00,0.000,4.8,8.3,1.6,283,13,5.3,9.6,1.7,284,12,4.8,8.3,1.6,283,13,70,29.60,,0,0,0,36.2,42.6,45.7,0.39,0.41,0.41
SPRA,2015-11-29 08:10:00 EST,42.87427,-74.50859,656,26.5,26.5,19.6,79.4,21.0,0.000,0.000,0.00,0.000,6.1,9.2,1.5,288,14,6.9,10.1,1.6,288,12,6.1,9.2,1.5,288,14,77,29.60,,0,0,0,36.1,42.6,45.7,0.40,0.41,0.41
SPRA,2015-11-29 08:15:00 EST,42.87427,-74.50859,656,26.6,26.5,19.8,79.0,20.9,0.000,0.000,0.00,0.000,5.9,10.9,1.7,287,16,6.6,12.3,1.8,287,16,5.9,10.9,1.7,287,16,84,29.60,,0,0,0,36.1,42.6,45.7,0.40,0.41,0.41
SPRA,2015-11-29 08:20:00 EST,42.87427,-74.50859,656,26.6,26.6,19.5,79.0,21.0,0.000,0.000,0.00,0.000,6.4,9.3,1.4,288,14,7.0,10.5,1.5,289,13,6.4,9.3,1.4,288,14,86,29.60,,0,0,0,36.1,42.6,45.7,0.40,0.41,0.41
SPRA,2015-11-29 08:25:00 EST,42.87427,-74.50859,656,26.7,26.6,19.9,78.9,21.0,0.000,0.000,0.00,0.000,6.0,11.2,1.8,293,15,6.7,11.2,1.8,294,14,6.0,11.2,1.8,293,15,85,29.60,,0,0,0,36.1,42.6,45.7,0.40,0.41,0.41
SPRA,2015-11-29 08:30:00 EST,42.87427,-74.50859,656,26.7,26.6,20.4,79.0,21.1,0.000,0.000,0.00,0.000,5.5,10.5,1.7,292,19,6.1,12.8,1.9,293,19,5.5,10.5,1.7,292,19,83,29.60,,0,0,0,36.1,42.5,45.7,0.40,0.41,0.41
SPRA,2015-11-29 08:35:00 EST,42.87427,-74.50859,656,26.8,26.6,20.2,78.6,21.0,0.000,0.000,0.00,0.000,5.8,8.8,1.3,283,12,6.6,10.7,1.4,283,10,5.8,8.8,1.3,283,12,95,29.60,,0,0,0,36.1,42.5,45.7,0.40,0.41,0.42
SPRA,2015-11-29 08:40:00 EST,42.87427,-74.50859,656,26.9,26.7,19.7,78.2,21.0,0.000,0.000,0.00,0.000,6.5,10.4,1.3,285,16,7.4,12.8,1.5,286,14,6.5,10.4,1.3,285,16,96,29.60,,0,0,0,36.1,42.4,45.7,0.40,0.41,0.42
SPRA,2015-11-29 08:45:00 EST,42.87427,-74.50859,656,27.2,27.0,21.6,79.2,21.6,0.000,0.000,0.00,0.000,4.9,8.6,1.4,297,26,5.4,8.9,1.5,300,21,4.9,8.6,1.4,297,26,102,29.61,,0,0,0,36.1,42.4,45.7,0.40,0.41,0.41
SPRA,2015-11-29 08:50:00 EST,42.87427,-74.50859,656,27.2,27.0,20.8,78.4,21.4,0.000,0.000,0.00,0.000,5.6,9.1,1.3,303,22,6.3,9.6,1.4,302,22,5.6,9.1,1.3,303,22,103,29.61,,0,0,0,36.1,42.4,45.7,0.40,0.41,0.42
SPRA,2015-11-29 08:55:00 EST,42.87427,-74.50859,656,27.3,27.1,22.1,78.5,21.5,0.000,0.000,0.00,0.000,4.4,9.2,1.1,297,20,5.0,10.3,1.4,297,19,4.4,9.2,1.1,297,20,101,29.61,,0,0,0,36.1,42.4,45.7,0.40,0.41,0.42
SPRA,2015-11-29 09:00:00 EST,42.87427,-74.50859,656,27.2,26.9,19.9,77.9,21.2,0.000,0.000,0.00,0.000,6.7,11.3,1.8,305,13,7.2,11.9,2.0,306,12,6.7,11.3,1.8,305,13,124,29.61,,0,0,0,36.1,42.4,45.7,0.40,0.41,0.42
SPRA,2015-11-29 09:05:00 EST,42.87427,-74.50859,656,27.3,27.0,21.4,78.4,21.5,0.000,0.000,0.00,0.000,5.1,9.1,2.1,311,17,5.7,10.3,2.2,313,17,5.1,9.1,2.1,311,17,128,29.61,,0,0,0,36.2,42.4,45.7,0.40,0.41,0.42
SPRA,2015-11-29 09:10:00 EST,42.87427,-74.50859,656,27.5,27.3,23.4,77.5,21.4,0.000,0.000,0.00,0.000,3.5,6.1,1.1,285,24,4.1,7.6,1.4,286,24,3.5,6.1,1.1,285,24,146,29.60,,0,0,0,36.2,42.4,45.7,0.40,0.41,0.41
SPRA,2015-11-29 09:15:00 EST,42.87427,-74.50859,656,27.7,27.5,21.1,77.0,21.5,0.000,0.000,0.00,0.000,6.1,8.7,1.4,298,14,6.7,10.1,1.5,298,13,6.1,8.7,1.4,298,14,161,29.60,,0,0,0,36.2,42.4,45.7,0.40,0.41,0.42
SPRA,2015-11-29 09:20:00 EST,42.87427,-74.50859,656,27.8,27.5,21.8,76.7,21.4,0.000,0.000,0.00,0.000,5.4,7.7,1.1,293,18,6.0,8.7,1.3,294,17,5.4,7.7,1.1,293,18,168,29.60,,0,0,0,36.3,42.4,45.7,0.40,0.41,0.42
SPRA,2015-11-29 09:25:00 EST,42.87427,-74.50859,656,28.2,27.8,22.0,77.1,21.9,0.000,0.000,0.00,0.000,5.6,9.6,1.7,310,16,6.1,9.8,1.8,310,15,5.6,9.6,1.7,310,16,176,29.60,,0,0,0,36.3,42.4,45.7,0.39,0.41,0.42
SPRA,2015-11-29 09:30:00 EST,42.87427,-74.50859,656,28.2,27.8,22.1,76.7,21.8,0.000,0.000,0.00,0.000,5.5,9.0,1.5,296,18,6.0,11.4,1.7,296,17,5.5,9.0,1.5,296,18,184,29.60,,0,0,0,36.3,42.4,45.7,0.39,0.41,0.41
SPRA,2015-11-29 09:35:00 EST,42.87427,-74.50859,656,28.4,28.0,22.0,76.4,21.9,0.000,0.000,0.00,0.000,5.9,9.1,1.4,318,11,6.5,10.3,1.5,318,11,5.9,9.1,1.4,318,11,190,29.60,,0,0,0,36.3,42.4,45.7,0.39,0.41,0.42
SPRA,2015-11-29 09:40:00 EST,42.87427,-74.50859,656,28.5,28.2,22.7,76.2,22.0,0.000,0.000,0.00,0.000,5.4,8.9,1.5,298,21,6.1,9.8,1.6,298,21,5.4,8.9,1.5,298,21,194,29.60,,0,0,0,36.3,42.4,45.7,0.39,0.41,0.42
SPRA,2015-11-29 09:45:00 EST,42.87427,-74.50859,656,28.9,28.4,23.6,76.0,22.3,0.000,0.000,0.00,0.000,4.9,7.3,1.0,302,21,5.6,8.1,1.1,303,20,4.9,7.3,1.0,302,21,196,29.60,,0,0,0,36.3,42.4,45.7,0.39,0.41,0.42
SPRA,2015-11-29 09:50:00 EST,42.87427,-74.50859,656,29.0,28.5,22.7,75.4,22.2,0.000,0.000,0.00,0.000,5.9,11.1,1.7,311,20,6.5,11.2,1.8,311,20,5.9,11.1,1.7,311,20,192,29.60,,0,0,0,36.5,42.3,45.7,0.39,0.41,0.42
SPRA,2015-11-29 09:55:00 EST,42.87427,-74.50859,656,28.8,28.3,21.1,75.4,22.0,0.000,0.000,0.00,0.000,7.7,11.8,1.7,319,9,8.2,11.9,1.8,321,8,7.7,11.8,1.7,319,9,188,29.60,,0,0,0,36.5,42.3,45.7,0.39,0.41,0.42
SPRA,2015-11-29 10:00:00 EST,42.87427,-74.50859,656,28.8,28.4,22.6,75.1,21.9,0.000,0.000,0.00,0.000,5.8,9.1,1.6,322,9,6.2,9.6,1.6,323,9,5.8,9.1,1.6,322,9,192,29.60,,0,0,0,36.5,42.3,45.7,0.39,0.41,0.41
SPRA,2015-11-29 10:05:00 EST,42.87427,-74.50859,656,29.2,28.6,23.0,75.6,22.4,0.000,0.000,0.00,0.000,5.9,10.6,1.7,312,18,6.5,11.4,1.7,315,18,5.9,10.6,1.7,312,18,205,29.60,,0,0,0,36.5,42.2,45.7,0.39,0.41,0.41
SPRA,2015-11-29 10:10:00 EST,42.87427,-74.50859,656,29.4,28.9,23.0,74.6,22.3,0.000,0.000,0.00,0.000,6.1,9.6,1.5,283,18,6.9,10.7,1.8,283,15,6.1,9.6,1.5,283,18,215,29.61,,0,0,0,36.6,42.3,45.7,0.39,0.41,0.42
SPRA,2015-11-29 10:15:00 EST,42.87427,-74.50859,656,29.3,28.9,23.1,73.6,21.9,0.000,0.000,0.00,0.000,5.9,9.5,1.5,283,10,6.6,10.5,1.6,283,9,5.9,9.5,1.5,283,10,224,29.60,,0,0,0,36.7,42.2,45.6,0.39,0.41,0.41
SPRA,2015-11-29 10:20:00 EST,42.87427,-74.50859,656,29.5,29.0,24.3,74.0,22.2,0.000,0.000,0.00,0.000,4.9,6.8,0.9,290,16,5.4,7.2,0.8,291,16,4.9,6.8,0.9,290,16,230,29.60,,0,0,0,36.7,42.2,45.6,0.39,0.41,0.41
SPRA,2015-11-29 10:25:00 EST,42.87427,-74.50859,656,29.8,29.4,23.9,73.2,22.2,0.000,0.000,0.00,0.000,5.6,10.0,1.6,274,13,6.4,11.4,1.8,275,11,5.6,10.0,1.6,274,13,231,29.60,,0,0,0,36.8,42.2,45.7,0.39,0.41,0.42
SPRA,2015-11-29 10:30:00 EST,42.87427,-74.50859,656,29.9,29.7,24.0,72.4,22.1,0.000,0.000,0.00,0.000,5.7,8.8,1.2,271,11,6.4,9.6,1.5,272,10,5.7,8.8,1.2,271,11,256,29.60,,0,0,0,36.9,42.2,45.6,0.39,0.41,0.41
SPRA,2015-11-29 10:35:00 EST,42.87427,-74.50859,656,30.7,30.2,26.4,73.5,23.2,0.000,0.000,0.00,0.000,4.1,8.2,1.6,296,20,4.7,9.4,1.6,297,19,4.1,8.2,1.6,296,20,257,29.60,,0,0,0,37.0,42.2,45.6,0.39,0.41,0.42
SPRA,2015-11-29 10:40:00 EST,42.87427,-74.50859,656,30.6,30.2,25.0,72.3,22.8,0.000,0.000,0.00,0.000,5.4,7.6,0.8,311,16,5.9,8.7,0.9,313,14,5.4,7.6,0.8,311,16,247,29.60,,0,0,0,37.0,42.2,45.6,0.39,0.41,0.42
SPRA,2015-11-29 10:45:00 EST,42.87427,-74.50859,656,31.0,30.5,25.8,72.7,23.2,0.000,0.000,0.00,0.000,5.1,9.5,2.0,317,17,5.6,10.5,2.2,319,17,5.1,9.5,2.0,317,17,238,29.60,,0,0,0,37.1,42.2,45.7,0.39,0.41,0.42
SPRA,2015-11-29 10:50:00 EST,42.87427,-74.50859,656,31.3,30.8,25.6,72.4,23.5,0.000,0.000,0.00,0.000,5.7,9.7,1.6,309,14,6.3,9.8,1.6,310,14,5.7,9.7,1.6,309,14,229,29.60,,0,0,0,37.2,42.1,45.6,0.39,0.41,0.42
SPRA,2015-11-29 10:55:00 EST,42.87427,-74.50859,656,31.5,31.0,26.3,71.8,23.5,0.000,0.000,0.00,0.000,5.2,9.7,1.7,294,21,5.8,11.0,2.0,295,21,5.2,9.7,1.7,294,21,230,29.60,,0,0,0,37.2,42.1,45.6,0.39,0.41,0.41
SPRA,2015-11-29 11:00:00 EST,42.87427,-74.50859,656,31.6,31.2,26.1,71.6,23.5,0.000,0.000,0.00,0.000,5.6,9.7,1.5,312,15,6.1,10.7,1.5,314,15,5.6,9.7,1.5,312,15,239,29.59,,0,0,0,37.2,42.1,45.6,0.39,0.41,0.41
SPRA,2015-11-29 11:05:00 EST,42.87427,-74.50859,656,31.7,31.3,25.7,71.4,23.5,0.000,0.000,0.00,0.000,6.3,13.0,2.2,294,22,7.0,13.9,2.3,296,22,6.3,13.0,2.2,294,22,233,29.59,,0,0,0,37.3,42.1,45.6,0.39,0.41,0.42
SPRA,2015-11-29 11:10:00 EST,42.87427,-74.50859,656,32.0,31.6,27.2,70.7,23.6,0.000,0.000,0.00,0.000,4.9,10.7,2.0,291,19,5.5,10.7,1.9,292,19,4.9,10.7,2.0,291,19,245,29.59,,0,0,0,37.5,42.1,45.6,0.39,0.41,0.42
SPRA,2015-11-29 11:15:00 EST,42.87427,-74.50859,656,32.1,31.7,25.0,70.0,23.4,0.000,0.000,0.00,0.000,7.9,11.3,1.6,278,14,8.7,11.9,1.8,279,12,7.9,11.3,1.6,278,14,237,29.59,,0,0,0,37.6,42.1,45.6,0.39,0.41,0.42
SPRA,2015-11-29 11:20:00 EST,42.87427,-74.50859,656,32.8,32.3,27.8,71.2,24.5,0.000,0.000,0.00,0.000,5.2,11.0,2.2,313,17,5.8,12.3,2.4,315,18,5.2,11.0,2.2,313,17,258,29.59,,0,0,0,37.7,42.1,45.6,0.39,0.41,0.42
SPRA,2015-11-29 11:25:00 EST,42.87427,-74.50859,656,32.7,32.2,25.0,69.8,23.9,0.000,0.000,0.00,0.000,9.1,17.8,2.5,315,12,9.7,18.3,2.5,317,12,9.1,17.8,2.5,315,12,268,29.59,,0,0,0,37.9,42.1,45.6,0.39,0.41,0.41
SPRA,2015-11-29 11:30:00 EST,42.87427,-74.50859,656,32.9,32.2,25.1,69.4,24.0,0.000,0.000,0.00,0.000,9.3,13.0,1.8,316,13,10.0,14.1,2.0,320,14,9.3,13.0,1.8,316,13,264,29.58,,0,0,0,38.0,42.1,45.6,0.39,0.41,0.42
SPRA,2015-11-29 11:35:00 EST,42.87427,-74.50859,656,33.0,32.5,25.5,68.6,23.8,0.000,0.000,0.00,0.000,9.0,15.9,2.3,312,11,9.4,15.9,2.3,316,10,9.0,15.9,2.3,312,11,378,29.58,,0,0,0,38.2,42.1,45.6,0.39,0.41,0.41
SPRA,2015-11-29 11:40:00 EST,42.87427,-74.50859,656,33.3,32.9,26.1,67.8,23.8,0.000,0.000,0.00,0.000,8.6,12.6,1.4,291,14,9.2,12.8,1.5,291,15,8.6,12.6,1.4,291,14,359,29.58,,0,0,0,38.3,42.1,45.6,0.39,0.41,0.41
SPRA,2015-11-29 11:45:00 EST,42.87427,-74.50859,656,34.1,33.5,27.3,66.8,24.3,0.000,0.000,0.00,0.000,8.2,13.0,2.0,289,19,9.1,14.3,2.1,289,19,8.2,13.0,2.0,289,19,478,29.58,,0,0,0,38.5,42.1,45.5,0.39,0.41,0.42
SPRA,2015-11-29 11:50:00 EST,42.87427,-74.50859,656,34.4,33.6,26.8,65.3,23.9,0.000,0.000,0.00,0.000,9.7,13.4,2.1,304,15,10.5,14.5,2.1,307,16,9.7,13.4,2.1,304,15,486,29.58,,0,0,0,38.7,42.1,45.6,0.39,0.41,0.42
SPRA,2015-11-29 11:55:00 EST,42.87427,-74.50859,656,34.4,33.8,26.8,64.6,23.7,0.000,0.000,0.00,0.000,9.7,14.4,2.1,297,20,10.5,16.6,2.3,297,18,9.7,14.4,2.1,297,20,407,29.57,,0,0,0,38.9,42.1,45.6,0.39,0.41,0.42
SPRA,2015-11-29 12:00:00 EST,42.87427,-74.50859,656,34.1,33.5,25.7,64.6,23.4,0.000,0.000,0.00,0.000,11.2,14.8,2.0,304,15,12.0,17.4,2.2,304,15,11.2,14.8,2.0,304,15,360,29.57,,0,0,0,39.2,42.0,45.6,0.39,0.41,0.41
SPRA,2015-11-29 12:05:00 EST,42.87427,-74.50859,656,34.5,33.8,26.5,64.8,23.9,0.000,0.000,0.00,0.000,10.7,17.5,2.7,294,13,11.6,17.2,2.5,295,13,10.7,17.5,2.7,294,13,430,29.57,,0,0,0,39.3,42.0,45.6,0.39,0.41,0.42
SPRA,2015-11-29 12:10:00 EST,42.87427,-74.50859,656,34.3,33.8,26.9,64.3,23.5,0.000,0.000,0.00,0.000,9.3,14.5,2.7,313,15,9.9,15.4,2.6,314,16,9.3,14.5,2.7,313,15,344,29.57,,0,0,0,39.5,42.0,45.5,0.39,0.41,0.42
SPRA,2015-11-29 12:15:00 EST,42.87427,-74.50859,656,34.7,34.2,28.4,64.6,24.0,0.000,0.000,0.00,0.000,7.6,14.8,2.6,305,18,8.2,15.4,2.5,308,19,7.6,14.8,2.6,305,18,453,29.57,,0,0,0,39.7,42.0,45.5,0.39,0.41,0.42
SPRA,2015-11-29 12:20:00 EST,42.87427,-74.50859,656,35.1,34.5,27.9,62.8,23.7,0.000,0.000,0.00,0.000,9.4,17.7,3.1,305,15,10.1,17.7,3.0,305,15,9.4,17.7,3.1,305,15,454,29.57,,0,0,0,39.9,42.0,45.5,0.39,0.41,0.42
SPRA,2015-11-29 12:25:00 EST,42.87427,-74.50859,656,35.1,34.5,28.5,63.5,23.9,0.000,0.000,0.00,0.000,8.2,12.6,1.7,308,16,8.9,13.0,1.8,311,16,8.2,12.6,1.7,308,16,439,29.57,,0,0,0,40.0,42.0,45.5,0.39,0.41,0.42
SPRA,2015-11-29 12:30:00 EST,42.87427,-74.50859,656,35.1,34.6,27.5,62.3,23.5,0.000,0.000,0.00,0.000,10.2,15.1,2.2,288,13,10.9,16.1,2.5,290,13,10.2,15.1,2.2,288,13,436,29.57,,0,0,0,40.2,42.0,45.6,0.39,0.41,0.41
SPRA,2015-11-29 12:35:00 EST,42.87427,-74.50859,656,35.3,34.7,27.5,60.4,22.9,0.000,0.000,0.00,0.000,10.6,16.0,1.9,293,14,11.4,16.1,2.0,295,15,10.6,16.0,1.9,293,14,430,29.57,,0,0,0,40.4,42.0,45.5,0.39,0.41,0.42
SPRA,2015-11-29 12:40:00 EST,42.87427,-74.50859,656,35.4,34.8,28.5,61.4,23.5,0.000,0.000,0.00,0.000,8.9,14.2,2.1,298,15,9.6,14.8,2.1,298,15,8.9,14.2,2.1,298,15,427,29.57,,0,0,0,40.6,41.9,45.5,0.39,0.41,0.42
SPRA,2015-11-29 12:45:00 EST,42.87427,-74.50859,656,35.5,34.9,28.9,60.5,23.2,0.000,0.000,0.00,0.000,8.4,13.4,2.7,302,13,9.0,14.8,2.6,302,12,8.4,13.4,2.7,302,13,421,29.57,,0,0,0,40.7,41.9,45.5,0.39,0.41,0.42
SPRA,2015-11-29 12:50:00 EST,42.87427,-74.50859,656,35.7,35.1,28.2,60.1,23.2,0.000,0.000,0.00,0.000,10.2,15.6,2.3,308,15,11.0,16.1,2.3,310,16,10.2,15.6,2.3,308,15,416,29.57,,0,0,0,40.9,41.9,45.5,0.39,0.41,0.42
SPRA,2015-11-29 12:55:00 EST,42.87427,-74.50859,656,35.6,35.1,29.1,60.2,23.2,0.000,0.000,0.00,0.000,8.3,13.2,2.2,290,18,9.2,14.5,2.4,289,17,8.3,13.2,2.2,290,18,413,29.56,,0,0,0,41.0,41.9,45.5,0.39,0.41,0.42
SPRA,2015-11-29 13:00:00 EST,42.87427,-74.50859,656,36.3,35.8,30.3,59.1,23.4,0.000,0.000,0.00,0.000,7.7,12.6,2.5,291,20,8.5,13.9,2.6,290,19,7.7,12.6,2.5,291,20,404,29.56,,0,0,0,41.0,41.9,45.5,0.39,0.41,0.42
SPRA,2015-11-29 13:05:00 EST,42.87427,-74.50859,656,36.0,35.5,28.9,58.5,22.9,0.000,0.000,0.00,0.000,9.6,13.2,1.7,318,12,10.1,13.9,1.7,321,12,9.6,13.2,1.7,318,12,399,29.56,,0,0,0,41.1,41.9,45.5,0.39,0.41,0.42
SPRA,2015-11-29 13:10:00 EST,42.87427,-74.50859,656,36.0,35.4,28.9,59.9,23.4,0.000,0.000,0.00,0.000,9.4,15.3,1.8,310,22,10.2,16.3,2.0,312,22,9.4,15.3,1.8,310,22,393,29.56,,0,0,0,41.2,41.9,45.5,0.39,0.41,0.41
SPRA,2015-11-29 13:15:00 EST,42.87427,-74.50859,656,36.2,35.6,29.0,59.9,23.6,0.000,0.000,0.00,0.000,9.9,14.8,2.1,312,14,10.5,15.7,2.3,315,13,9.9,14.8,2.1,312,14,387,29.56,,0,0,0,41.3,41.9,45.5,0.39,0.41,0.42
SPRA,2015-11-29 13:20:00 EST,42.87427,-74.50859,656,36.1,35.6,29.6,59.6,23.4,0.000,0.000,0.00,0.000,8.4,13.5,2.4,307,17,9.1,14.3,2.2,308,17,8.4,13.5,2.4,307,17,379,29.57,,0,0,0,41.3,41.9,45.5,0.39,0.41,0.42
SPRA,2015-11-29 13:25:00 EST,42.87427,-74.50859,656,36.6,36.0,31.3,58.8,23.5,0.000,0.000,0.00,0.000,6.5,14.5,2.4,294,17,7.3,14.5,2.5,294,16,6.5,14.5,2.4,294,17,371,29.57,,0,0,0,41.3,41.9,45.5,0.39,0.41,0.42
SPRA,2015-11-29 13:30:00 EST,42.87427,-74.50859,656,36.3,35.9,29.3,57.7,22.8,0.000,0.000,0.00,0.000,9.6,14.5,2.2,309,16,10.3,15.7,2.2,309,16,9.6,14.5,2.2,309,16,363,29.56,,0,0,0,41.4,41.9,45.5,0.39,0.41,0.42
SPRA,2015-11-29 13:35:00 EST,42.87427,-74.50859,656,36.4,35.9,30.0,58.1,23.0,0.000,0.000,0.00,0.000,8.3,14.0,2.1,294,17,9.1,15.2,2.3,295,17,8.3,14.0,2.1,294,17,355,29.56,,0,0,0,41.4,41.9,45.5,0.39,0.41,0.42
SPRA,2015-11-29 13:40:00 EST,42.87427,-74.50859,656,36.6,36.2,29.6,57.8,23.1,0.000,0.000,0.00,0.000,9.7,14.8,2.8,315,12,10.3,14.8,2.8,318,12,9.7,14.8,2.8,315,12,348,29.56,,0,0,0,41.4,41.9,45.5,0.39,0.41,0.41
SPRA,2015-11-29 13:45:00 EST,42.87427,-74.50859,656,36.7,36.3,29.5,58.1,23.4,0.000,0.000,0.00,0.000,10.2,15.8,2.3,317,11,10.8,17.2,2.4,321,11,10.2,15.8,2.3,317,11,340,29.56,,0,0,0,41.4,41.9,45.5,0.39,0.41,0.41
SPRA,2015-11-29 13:50:00 EST,42.87427,-74.50859,656,36.9,36.4,31.2,58.3,23.6,0.000,0.000,0.00,0.000,7.4,14.8,2.6,298,20,8.4,15.9,2.7,298,19,7.4,14.8,2.6,298,20,333,29.57,,0,0,0,41.4,41.9,45.5,0.39,0.41,0.41
SPRA,2015-11-29 13:55:00 EST,42.87427,-74.50859,656,36.7,36.4,29.8,56.9,22.9,0.000,0.000,0.00,0.000,9.6,15.3,2.3,300,15,10.4,16.6,2.2,300,16,9.6,15.3,2.3,300,15,325,29.57,,0,0,0,41.4,41.9,45.5,0.39,0.41,0.41
SPRA,2015-11-29 14:00:00 EST,42.87427,-74.50859,656,36.6,36.3,30.0,57.2,22.9,0.000,0.000,0.00,0.000,8.9,14.2,2.3,296,20,9.7,15.9,2.4,297,19,8.9,14.2,2.3,296,20,317,29.57,,0,0,0,41.4,41.9,45.5,0.39,0.41,0.41
SPRA,2015-11-29 14:05:00 EST,42.87427,-74.50859,656,36.8,36.5,29.9,57.5,23.2,0.000,0.000,0.00,0.000,9.6,14.0,1.7,291,18,10.6,15.9,1.8,293,16,9.6,14.0,1.7,291,18,319,29.57,,0,0,0,41.4,42.0,45.5,0.39,0.41,0.41
SPRA,2015-11-29 14:10:00 EST,42.87427,-74.50859,656,37.0,36.7,30.6,56.8,23.1,0.000,0.000,0.00,0.000,8.6,14.5,2.3,287,17,9.7,15.9,2.5,287,15,8.6,14.5,2.3,287,17,301,29.57,,0,0,0,41.3,41.9,45.5,0.39,0.41,0.41
SPRA,2015-11-29 14:15:00 EST,42.87427,-74.50859,656,36.9,36.6,30.3,57.7,23.3,0.000,0.000,0.00,0.000,8.8,16.4,2.8,296,18,9.7,17.2,3.2,296,16,8.8,16.4,2.8,296,18,290,29.57,,0,0,0,41.3,41.9,45.5,0.39,0.41,0.41
SPRA,2015-11-29 14:20:00 EST,42.87427,-74.50859,656,37.2,36.9,30.7,57.3,23.5,0.000,0.000,0.00,0.000,9.0,13.2,2.1,282,15,10.1,14.5,2.1,283,12,9.0,13.2,2.1,282,15,296,29.57,,0,0,0,41.2,41.9,45.5,0.39,0.41,0.41
SPRA,2015-11-29 14:25:00 EST,42.87427,-74.50859,656,37.4,37.0,31.0,57.0,23.5,0.000,0.000,0.00,0.000,8.8,13.5,2.3,285,16,9.9,16.8,2.4,285,13,8.8,13.5,2.3,285,16,282,29.57,,0,0,0,41.2,42.0,45.5,0.39,0.41,0.41
SPRA,2015-11-29 14:30:00 EST,42.87427,-74.50859,656,37.3,37.0,30.9,56.8,23.3,0.000,0.000,0.00,0.000,8.7,14.5,2.4,291,17,9.7,17.2,2.6,290,14,8.7,14.5,2.4,291,17,282,29.57,,0,0,0,41.1,42.0,45.5,0.39,0.41,0.41
SPRA,2015-11-29 14:35:00 EST,42.87427,-74.50859,656,37.2,36.9,29.8,56.8,23.3,0.000,0.000,0.00,0.000,11.0,16.1,2.5,309,16,11.7,16.1,2.3,310,17,11.0,16.1,2.5,309,16,265,29.57,,0,0,0,41.0,42.0,45.5,0.39,0.41,0.41
SPRA,2015-11-29 14:40:00 EST,42.87427,-74.50859,656,37.0,36.7,30.7,57.4,23.3,0.000,0.000,0.00,0.000,8.3,14.1,2.1,302,16,9.2,14.8,2.2,303,16,8.3,14.1,2.1,302,16,247,29.57,,0,0,0,40.9,42.0,45.5,0.39,0.41,0.41
SPRA,2015-11-29 14:45:00 EST,42.87427,-74.50859,656,37.3,36.9,31.7,57.0,23.4,0.000,0.000,0.00,0.000,7.3,11.9,1.6,284,19,8.2,13.2,1.7,285,17,7.3,11.9,1.6,284,19,247,29.57,,0,0,0,40.8,42.1,45.5,0.39,0.41,0.41
SPRA,2015-11-29 14:50:00 EST,42.87427,-74.50859,656,37.0,36.7,30.8,56.6,23.0,0.000,0.000,0.00,0.000,8.3,13.2,2.2,288,12,9.1,13.9,2.4,288,10,8.3,13.2,2.2,288,12,266,29.56,,0,0,0,40.8,42.1,45.5,0.39,0.41,0.41
SPRA,2015-11-29 14:55:00 EST,42.87427,-74.50859,656,37.1,36.8,30.9,56.7,23.2,0.000,0.000,0.00,0.000,8.4,12.8,2.3,279,14,9.4,15.7,2.6,280,12,8.4,12.8,2.3,279,14,264,29.56,,0,0,0,40.6,42.1,45.5,0.39,0.41,0.41
SPRA,2015-11-29 15:00:00 EST,42.87427,-74.50859,656,36.9,36.8,29.7,57.7,23.4,0.000,0.000,0.00,0.000,10.2,13.8,1.9,328,20,10.9,15.7,2.2,333,21,10.2,13.8,1.9,328,20,124,29.56,,0,0,0,40.6,42.1,45.5,0.39,0.41,0.41
SPRA,2015-11-29 15:05:00 EST,42.87427,-74.50859,656,36.0,36.1,28.4,59.9,23.4,0.000,0.000,0.00,0.000,10.6,15.4,1.9,328,13,11.2,17.7,2.1,331,11,10.6,15.4,1.9,328,13,89,29.57,,0,0,0,40.5,42.1,45.5,0.39,0.41,0.41
SPRA,2015-11-29 15:10:00 EST,42.87427,-74.50859,656,35.5,35.8,28.9,60.6,23.2,0.000,0.000,0.00,0.000,8.3,14.6,1.8,324,13,9.0,15.2,1.8,326,13,8.3,14.6,1.8,324,13,31,29.57,,0,0,0,40.4,42.1,45.5,0.39,0.41,0.41
SPRA,2015-11-29 15:15:00 EST,42.87427,-74.50859,656,35.3,35.6,29.7,61.2,23.3,0.000,0.000,0.00,0.000,6.7,9.4,1.3,312,13,7.2,10.3,1.3,313,13,6.7,9.4,1.3,312,13,50,29.57,,0,0,0,40.4,42.1,45.5,0.39,0.41,0.41
SPRA,2015-11-29 15:20:00 EST,42.87427,-74.50859,656,35.3,35.5,30.1,60.7,23.1,0.000,0.000,0.00,0.000,6.0,9.1,1.3,304,12,6.5,9.2,1.3,305,11,6.0,9.1,1.3,304,12,33,29.57,,0,0,0,40.3,42.1,45.5,0.39,0.41,0.41
SPRA,2015-11-29 15:25:00 EST,42.87427,-74.50859,656,35.3,35.5,29.7,60.6,23.0,0.000,0.000,0.00,0.000,6.7,11.2,1.9,301,11,7.3,12.1,2.0,301,12,6.7,11.2,1.9,301,11,33,29.57,,0,0,0,40.2,42.1,45.5,0.39,0.41,0.41
SPRA,2015-11-29 15:30:00 EST,42.87427,-74.50859,656,35.2,35.4,29.6,60.8,23.0,0.000,0.000,0.00,0.000,6.7,9.9,1.4,289,18,7.4,11.2,1.7,289,17,6.7,9.9,1.4,289,18,26,29.57,,0,0,0,40.1,42.1,45.5,0.39,0.41,0.41
SPRA,2015-11-29 15:35:00 EST,42.87427,-74.50859,656,35.1,35.3,30.6,61.0,23.0,0.000,0.000,0.00,0.000,5.1,7.7,0.9,290,16,5.6,7.8,1.1,291,15,5.1,7.7,0.9,290,16,25,29.57,,0,0,0,39.9,42.1,45.5,0.39,0.41,0.41
SPRA,2015-11-29 15:40:00 EST,42.87427,-74.50859,656,34.9,35.3,29.7,61.4,23.0,0.000,0.000,0.00,0.000,6.0,8.8,1.2,292,13,6.5,9.4,1.2,291,13,6.0,8.8,1.2,292,13,24,29.57,,0,0,0,39.9,42.1,45.5,0.39,0.41,0.41
SPRA,2015-11-29 15:45:00 EST,42.87427,-74.50859,656,34.9,35.2,30.0,61.2,22.9,0.000,0.000,0.00,0.000,5.7,8.4,1.3,284,11,6.3,10.7,1.6,284,9,5.7,8.4,1.3,284,11,42,29.58,,0,0,0,39.7,42.1,45.5,0.39,0.41,0.41
SPRA,2015-11-29 15:50:00 EST,42.87427,-74.50859,656,35.1,35.3,30.6,60.2,22.7,0.000,0.000,0.00,0.000,5.1,8.2,1.5,286,14,5.7,8.9,1.7,286,12,5.1,8.2,1.5,286,14,56,29.58,,0,0,0,39.6,42.1,45.5,0.39,0.41,0.41
SPRA,2015-11-29 15:55:00 EST,42.87427,-74.50859,656,35.1,35.3,30.4,59.8,22.5,0.000,0.000,0.00,0.000,5.4,9.0,1.6,284,14,6.0,9.4,1.6,285,11,5.4,9.0,1.6,284,14,33,29.58,,0,0,0,39.5,42.1,45.5,0.39,0.41,0.41
SPRA,2015-11-29 16:00:00 EST,42.87427,-74.50859,656,34.9,35.2,30.2,60.9,22.8,0.000,0.000,0.00,0.000,5.4,7.9,1.0,277,18,6.0,9.4,1.2,278,16,5.4,7.9,1.0,277,18,23,29.58,,0,0,0,39.4,42.2,45.5,0.39,0.41,0.41
SPRA,2015-11-29 16:05:00 EST,42.87427,-74.50859,656,34.6,35.0,28.6,61.2,22.6,0.000,0.000,0.00,0.000,7.0,10.4,1.9,269,9,7.9,11.9,2.0,271,8,7.0,10.4,1.9,269,9,23,29.58,,0,0,0,39.2,42.2,45.5,0.38,0.41,0.41
SPRA,2015-11-29 16:10:00 EST,42.87427,-74.50859,656,34.6,34.9,29.2,61.0,22.6,0.000,0.000,0.00,0.000,6.2,8.9,1.0,267,12,6.8,9.8,1.2,269,11,6.2,8.9,1.0,267,12,17,29.59,,0,0,0,39.2,42.2,45.5,0.38,0.41,0.41
SPRA,2015-11-29 16:15:00 EST,42.87427,-74.50859,656,34.1,34.6,29.0,62.5,22.6,0.000,0.000,0.00,0.000,5.7,9.3,1.7,260,12,6.5,10.1,1.8,263,11,5.7,9.3,1.7,260,12,11,29.59,,0,0,0,39.2,42.3,45.5,0.39,0.41,0.41
SPRA,2015-11-29 16:20:00 EST,42.87427,-74.50859,656,33.9,34.3,28.5,63.6,22.9,0.000,0.000,0.00,0.000,6.0,11.0,1.5,260,13,6.7,13.0,1.6,262,10,6.0,11.0,1.5,260,13,7,29.59,,0,0,0,39.0,42.2,45.5,0.39,0.41,0.41
SPRA,2015-11-29 16:25:00 EST,42.87427,-74.50859,656,33.7,34.1,29.0,64.1,22.8,0.000,0.000,0.00,0.000,5.0,7.2,1.1,264,11,5.7,8.5,1.3,265,9,5.0,7.2,1.1,264,11,4,29.59,,0,0,0,38.9,42.2,45.5,0.39,0.41,0.41
SPRA,2015-11-29 16:30:00 EST,42.87427,-74.50859,656,33.1,33.8,28.6,65.8,22.9,0.000,0.000,0.00,0.000,4.7,6.6,0.8,261,11,5.3,7.6,1.0,263,10,4.7,6.6,0.8,261,11,3,29.59,,0,0,0,38.8,42.2,45.5,0.39,0.41,0.41
SPRA,2015-11-29 16:35:00 EST,42.87427,-74.50859,656,33.1,33.7,28.6,66.5,23.1,0.000,0.000,0.00,0.000,4.7,8.3,1.3,260,12,5.3,10.5,1.5,263,10,4.7,8.3,1.3,260,12,2,29.59,,0,0,0,38.7,42.3,45.4,0.39,0.41,0.41
SPRA,2015-11-29 16:40:00 EST,42.87427,-74.50859,656,33.4,33.8,28.1,65.4,23.1,0.000,0.000,0.00,0.000,5.7,8.8,1.3,265,12,6.4,9.6,1.4,267,9,5.7,8.8,1.3,265,12,1,29.59,,0,0,0,38.6,42.2,45.4,0.38,0.41,0.41
SPRA,2015-11-29 16:45:00 EST,42.87427,-74.50859,656,32.9,33.7,28.1,66.2,22.9,0.000,0.000,0.00,0.000,5.1,7.8,1.1,260,10,5.8,8.9,1.2,262,8,5.1,7.8,1.1,260,10,0,29.59,,0,0,0,38.5,42.3,45.4,0.38,0.41,0.41
SPRA,2015-11-29 16:50:00 EST,42.87427,-74.50859,656,32.8,33.6,27.2,66.9,23.0,0.000,0.000,0.00,0.000,5.9,8.0,1.0,258,9,6.6,9.2,1.2,260,9,5.9,8.0,1.0,258,9,0,29.59,,0,0,0,38.4,42.3,45.4,0.39,0.41,0.41
SPRA,2015-11-29 16:55:00 EST,42.87427,-74.50859,656,32.6,33.4,26.8,67.5,23.0,0.000,0.000,0.00,0.000,6.2,8.3,1.1,259,11,7.0,9.6,1.2,261,9,6.2,8.3,1.1,259,11,0,29.59,,0,0,0,38.3,42.3,45.4,0.39,0.41,0.41
SPRA,2015-11-29 17:00:00 EST,42.87427,-74.50859,656,32.4,33.1,27.3,68.0,23.0,0.000,0.000,0.00,0.000,5.3,7.5,0.8,259,10,6.0,8.5,1.0,261,7,5.3,7.5,0.8,259,10,0,29.59,,0,0,0,38.2,42.3,45.4,0.39,0.41,0.41
SPRA,2015-11-29 17:05:00 EST,42.87427,-74.50859,656,32.3,33.0,26.2,68.5,23.1,0.000,0.000,0.00,0.000,6.5,9.4,1.3,254,10,7.2,11.4,1.4,257,9,6.5,9.4,1.3,254,10,0,29.60,,0,0,0,38.1,42.3,45.4,0.39,0.41,0.41
SPRA,2015-11-29 17:10:00 EST,42.87427,-74.50859,656,32.1,32.9,26.0,68.4,22.9,0.000,0.000,0.00,0.000,6.5,10.1,1.3,253,9,7.2,11.0,1.4,256,8,6.5,10.1,1.3,253,9,0,29.60,,0,0,0,38.0,42.3,45.4,0.39,0.41,0.41
SPRA,2015-11-29 17:15:00 EST,42.87427,-74.50859,656,32.0,32.7,26.3,68.9,22.9,0.000,0.000,0.00,0.000,5.9,7.5,0.8,251,10,6.4,9.2,1.0,253,9,5.9,7.5,0.8,251,10,0,29.60,,0,0,0,37.9,42.3,45.4,0.39,0.41,0.41
SPRA,2015-11-29 17:20:00 EST,42.87427,-74.50859,656,32.0,32.5,26.9,68.9,23.0,0.000,0.000,0.00,0.000,5.3,7.9,1.2,252,10,5.9,9.4,1.3,255,8,5.3,7.9,1.2,252,10,0,29.60,,0,0,0,37.9,42.3,45.4,0.38,0.41,0.41
SPRA,2015-11-29 17:25:00 EST,42.87427,-74.50859,656,31.8,32.5,26.9,68.9,22.8,0.000,0.000,0.00,0.000,5.0,7.8,0.9,257,10,5.6,8.5,1.1,259,9,5.0,7.8,0.9,257,10,0,29.60,,0,0,0,37.8,42.3,45.4,0.38,0.41,0.41
SPRA,2015-11-29 17:30:00 EST,42.87427,-74.50859,656,31.8,32.5,26.9,69.0,22.8,0.000,0.000,0.00,0.000,4.9,8.0,1.0,257,11,5.6,9.6,1.2,260,9,4.9,8.0,1.0,257,11,0,29.60,,0,0,0,37.7,42.3,45.4,0.38,0.41,0.41
SPRA,2015-11-29 17:35:00 EST,42.87427,-74.50859,656,31.5,32.2,27.5,69.5,22.6,0.000,0.000,0.00,0.000,4.0,6.6,0.9,263,13,4.5,7.2,1.0,264,12,4.0,6.6,0.9,263,13,0,29.60,,0,0,0,37.7,42.3,45.4,0.38,0.41,0.41
SPRA,2015-11-29 17:40:00 EST,42.87427,-74.50859,656,31.4,32.2,28.0,70.2,22.8,0.000,0.000,0.00,0.000,3.5,5.6,0.8,261,11,4.0,6.3,0.9,264,9,3.5,5.6,0.8,261,11,0,29.60,,0,0,0,37.6,42.3,45.4,0.38,0.41,0.41
SPRA,2015-11-29 17:45:00 EST,42.87427,-74.50859,656,31.2,32.1,28.3,70.0,22.6,0.000,0.000,0.00,0.000,3.1,4.7,0.6,261,13,3.5,5.6,0.7,263,12,3.1,4.7,0.6,261,13,0,29.60,,0,0,0,37.6,42.3,45.4,0.38,0.41,0.41
SPRA,2015-11-29 17:50:00 EST,42.87427,-74.50859,656,30.9,32.0,30.9,70.6,22.5,0.000,0.000,0.00,0.000,2.8,3.6,0.4,254,11,3.1,4.5,0.6,256,12,2.8,3.6,0.4,254,11,0,29.61,,0,0,0,37.5,42.3,45.4,0.38,0.41,0.41
SPRA,2015-11-29 17:55:00 EST,42.87427,-74.50859,656,31.0,31.9,31.0,71.7,22.9,0.000,0.000,0.00,0.000,2.5,4.6,0.8,271,14,2.9,5.4,0.9,273,13,2.5,4.6,0.8,271,14,0,29.61,,0,0,0,37.4,42.3,45.4,0.38,0.41,0.41
SPRA,2015-11-29 18:00:00 EST,42.87427,-74.50859,656,31.1,31.9,31.1,71.4,22.9,0.000,0.000,0.00,0.000,2.5,5.1,0.9,280,15,2.8,5.6,1.0,282,15,2.5,5.1,0.9,280,15,0,29.61,,0,0,0,37.4,42.3,45.4,0.38,0.41,0.41
SPRA,2015-11-29 18:05:00 EST,42.87427,-74.50859,656,30.7,31.9,27.1,70.8,22.4,0.000,0.000,0.00,0.000,3.6,5.0,0.7,267,13,4.0,5.6,0.8,269,12,3.6,5.0,0.7,267,13,0,29.62,,0,0,0,37.3,42.3,45.3,0.38,0.41,0.41
SPRA,2015-11-29 18:10:00 EST,42.87427,-74.50859,656,30.4,31.8,26.3,71.1,22.2,0.000,0.000,0.00,0.000,4.0,5.5,0.6,257,11,4.4,5.8,0.6,259,9,4.0,5.5,0.6,257,11,0,29.62,,0,0,0,37.2,42.3,45.3,0.38,0.41,0.41
SPRA,2015-11-29 18:15:00 EST,42.87427,-74.50859,656,30.2,31.6,30.2,71.3,22.0,0.000,0.000,0.00,0.000,2.9,5.8,0.8,270,18,3.3,6.5,1.0,272,17,2.9,5.8,0.8,270,18,0,29.61,,0,0,0,37.2,42.3,45.3,0.38,0.41,0.41
SPRA,2015-11-29 18:20:00 EST,42.87427,-74.50859,656,30.6,31.6,30.6,70.9,22.3,0.000,0.000,0.00,0.000,2.8,5.0,0.7,261,17,3.1,5.8,0.9,263,16,2.8,5.0,0.7,261,17,0,29.61,,0,0,0,37.2,42.3,45.3,0.38,0.41,0.41
SPRA,2015-11-29 18:25:00 EST,42.87427,-74.50859,656,30.6,31.6,30.6,70.3,22.1,0.000,0.000,0.00,0.000,2.3,4.8,0.8,274,16,2.7,5.6,1.0,277,16,2.3,4.8,0.8,274,16,0,29.62,,0,0,0,37.2,42.3,45.3,0.38,0.41,0.41
SPRA,2015-11-29 18:30:00 EST,42.87427,-74.50859,656,30.4,31.6,30.4,70.9,22.1,0.000,0.000,0.00,0.000,2.0,3.0,0.4,278,16,2.3,3.6,0.5,280,17,2.0,3.0,0.4,278,16,0,29.62,,0,0,0,37.2,42.3,45.3,0.38,0.41,0.41
SPRA,2015-11-29 18:35:00 EST,42.87427,-74.50859,656,30.9,31.6,30.9,71.4,22.7,0.000,0.000,0.00,0.000,3.0,5.0,0.8,282,16,3.4,5.6,0.9,283,16,3.0,5.0,0.8,282,16,0,29.62,,0,0,0,37.2,42.3,45.3,0.38,0.41,0.41
SPRA,2015-11-29 18:40:00 EST,42.87427,-74.50859,656,31.3,31.6,31.3,69.3,22.4,0.000,0.000,0.00,0.000,2.6,4.9,0.7,294,17,2.8,4.7,0.7,295,17,2.6,4.9,0.7,294,17,0,29.62,,0,0,0,37.2,42.3,45.3,0.38,0.41,0.41
SPRA,2015-11-29 18:45:00 EST,42.87427,-74.50859,656,31.4,31.6,28.1,68.5,22.2,0.000,0.000,0.00,0.000,3.3,5.1,0.9,283,16,3.9,5.8,0.9,283,14,3.3,5.1,0.9,283,16,0,29.63,,0,0,0,37.1,42.3,45.3,0.38,0.41,0.41
SPRA,2015-11-29 18:50:00 EST,42.87427,-74.50859,656,31.3,31.5,28.1,68.6,22.2,0.000,0.000,0.00,0.000,3.3,5.1,0.8,286,13,3.7,6.0,1.0,287,13,3.3,5.1,0.8,286,13,0,29.63,,0,0,0,37.1,42.3,45.3,0.38,0.41,0.41
SPRA,2015-11-29 18:55:00 EST,42.87427,-74.50859,656,31.2,31.4,31.2,69.0,22.2,0.000,0.000,0.00,0.000,2.4,5.0,1.1,291,18,2.8,5.8,1.2,291,19,2.4,5.0,1.1,291,18,0,29.63,,0,0,0,37.0,42.3,45.3,0.38,0.41,0.41
SPRA,2015-11-29 19:00:00 EST,42.87427,-74.50859,656,31.1,31.3,31.1,68.9,22.1,0.000,0.000,0.00,0.000,2.7,4.8,0.8,323,23,3.1,6.0,1.0,327,22,2.7,4.8,0.8,323,23,0,29.63,,0,0,0,37.0,42.2,45.3,0.38,0.41,0.41
SPRA,2015-11-29 19:05:00 EST,42.87427,-74.50859,656,30.9,31.2,30.9,69.1,21.9,0.000,0.000,0.00,0.000,2.4,3.8,0.5,325,12,2.6,4.3,0.6,326,12,2.4,3.8,0.5,325,12,0,29.63,,0,0,0,37.0,42.3,45.3,0.38,0.41,0.41
SPRA,2015-11-29 19:10:00 EST,42.87427,-74.50859,656,30.6,31.1,27.5,70.2,22.0,0.000,0.000,0.00,0.000,3.1,4.2,0.5,322,9,3.4,4.7,0.5,323,9,3.1,4.2,0.5,322,9,0,29.63,,0,0,0,37.0,42.2,45.3,0.38,0.41,0.41
SPRA,2015-11-29 19:15:00 EST,42.87427,-74.50859,656,30.4,31.0,30.4,70.9,22.1,0.000,0.000,0.00,0.000,2.7,4.0,0.5,317,15,2.9,4.3,0.5,318,14,2.7,4.0,0.5,317,15,0,29.63,,0,0,0,37.0,42.3,45.3,0.38,0.41,0.41
SPRA,2015-11-29 19:20:00 EST,42.87427,-74.50859,656,30.7,30.9,27.6,69.7,22.0,0.000,0.000,0.00,0.000,3.1,4.2,0.5,302,11,3.4,4.7,0.6,303,12,3.1,4.2,0.5,302,11,0,29.63,,0,0,0,37.0,42.3,45.3,0.38,0.41,0.41
SPRA,2015-11-29 19:25:00 EST,42.87427,-74.50859,656,30.6,30.9,30.6,69.7,21.9,0.000,0.000,0.00,0.000,2.4,4.0,0.7,310,12,2.5,4.5,0.7,312,11,2.4,4.0,0.7,310,12,0,29.64,,0,0,0,37.0,42.3,45.3,0.38,0.41,0.41
SPRA,2015-11-29 19:30:00 EST,42.87427,-74.50859,656,30.3,30.8,30.3,70.6,21.9,0.000,0.000,0.00,0.000,1.4,2.1,0.3,325,21,1.6,2.5,0.4,328,23,1.4,2.1,0.3,325,21,0,29.64,,0,0,0,37.0,42.2,45.3,0.38,0.41,0.41
SPRA,2015-11-29 19:35:00 EST,42.87427,-74.50859,656,30.3,30.7,30.3,70.8,22.0,0.000,0.000,0.00,0.000,2.0,3.0,0.4,288,13,2.2,3.6,0.5,289,14,2.0,3.0,0.4,288,13,0,29.64,,0,0,0,36.9,42.2,45.3,0.38,0.41,0.41
SPRA,2015-11-29 19:40:00 EST,42.87427,-74.50859,656,30.3,30.8,30.3,70.6,21.9,0.000,0.000,0.00,0.000,2.0,3.0,0.6,277,11,2.4,3.6,0.6,278,12,2.0,3.0,0.6,277,11,0,29.64,,0,0,0,36.9,42.2,45.3,0.38,0.41,0.41
SPRA,2015-11-29 19:45:00 EST,42.87427,-74.50859,656,29.4,30.6,29.4,72.2,21.5,0.000,0.000,0.00,0.000,2.1,3.3,0.4,254,16,2.5,3.8,0.5,256,17,2.1,3.3,0.4,254,16,0,29.64,,0,0,0,36.8,42.2,45.3,0.38,0.41,0.41
SPRA,2015-11-29 19:50:00 EST,42.87427,-74.50859,656,28.8,30.3,28.8,75.3,21.9,0.000,0.000,0.00,0.000,1.4,2.3,0.3,241,10,1.6,3.1,0.3,242,14,1.4,2.3,0.3,241,10,0,29.65,,0,0,0,36.8,42.2,45.3,0.38,0.41,0.41
SPRA,2015-11-29 19:55:00 EST,42.87427,-74.50859,656,29.5,30.4,29.5,74.9,22.5,0.000,0.000,0.00,0.000,1.6,2.3,0.4,242,14,1.7,2.9,0.5,242,16,1.6,2.3,0.4,242,14,0,29.65,,0,0,0,36.8,42.2,45.3,0.38,0.41,0.41
SPRA,2015-11-29 20:00:00 EST,42.87427,-74.50859,656,29.5,30.2,29.5,73.1,21.9,0.000,0.000,0.00,0.000,1.2,2.0,0.3,272,11,1.6,2.5,0.4,272,12,1.2,2.0,0.3,272,11,0,29.65,,0,0,0,36.7,42.2,45.3,0.38,0.41,0.41
SPRA,2015-11-29 20:05:00 EST,42.87427,-74.50859,656,29.6,30.3,29.6,72.6,21.9,0.000,0.000,0.00,0.000,1.4,1.8,0.2,258,10,1.7,2.2,0.3,258,14,1.4,1.8,0.2,258,10,0,29.66,,0,0,0,36.7,42.2,45.3,0.38,0.41,0.41
SPRA,2015-11-29 20:10:00 EST,42.87427,-74.50859,656,29.5,30.3,29.5,73.0,21.9,0.000,0.000,0.00,0.000,1.4,2.1,0.3,264,9,1.7,2.7,0.4,266,12,1.4,2.1,0.3,264,9,0,29.66,,0,0,0,36.7,42.1,45.3,0.38,0.41,0.41
SPRA,2015-11-29 20:15:00 EST,42.87427,-74.50859,656,29.4,30.3,29.4,72.4,21.6,0.000,0.000,0.00,0.000,0.9,1.4,0.3,266,7,1.2,2.0,0.3,254,13,0.9,1.4,0.3,266,7,0,29.65,,0,0,0,36.7,42.2,45.3,0.38,0.41,0.41
SPRA,2015-11-29 20:20:00 EST,42.87427,-74.50859,656,28.6,30.1,28.6,75.4,21.8,0.000,0.000,0.00,0.000,0.8,1.2,0.2,238,17,1.1,1.6,0.2,223,10,0.8,1.2,0.2,238,17,0,29.65,,0,0,0,36.7,42.1,45.3,0.38,0.41,0.41
SPRA,2015-11-29 20:25:00 EST,42.87427,-74.50859,656,28.6,30.0,28.6,76.7,22.2,0.000,0.000,0.00,0.000,1.8,2.3,0.3,211,3,2.0,2.7,0.3,214,4,1.8,2.3,0.3,211,3,0,29.66,,0,0,0,36.6,42.1,45.3,0.38,0.41,0.41
SPRA,2015-11-29 20:30:00 EST,42.87427,-74.50859,656,28.5,30.0,28.5,76.2,22.0,0.000,0.000,0.00,0.000,2.1,2.4,0.2,219,5,2.1,2.7,0.3,221,4,2.1,2.4,0.2,219,5,0,29.66,,0,0,0,36.6,42.1,45.3,0.38,0.41,0.41
SPRA,2015-11-29 20:35:00 EST,42.87427,-74.50859,656,28.7,30.0,28.7,74.1,21.5,0.000,0.000,0.00,0.000,2.1,2.3,0.1,227,2,2.0,2.5,0.2,227,4,2.1,2.3,0.1,227,2,0,29.66,,0,0,0,36.5,42.1,45.3,0.38,0.41,0.41
SPRA,2015-11-29 20:40:00 EST,42.87427,-74.50859,656,28.9,29.9,28.9,73.0,21.3,0.000,0.000,0.00,0.000,1.8,2.4,0.2,224,0,1.8,2.5,0.3,224,4,1.8,2.4,0.2,224,0,0,29.66,,0,0,0,36.5,42.1,45.3,0.38,0.41,0.41
SPRA,2015-11-29 20:45:00 EST,42.87427,-74.50859,656,29.0,29.8,29.0,72.8,21.3,0.000,0.000,0.00,0.000,1.0,1.6,0.3,224,0,1.2,1.6,0.2,231,8,1.0,1.6,0.3,224,0,0,29.66,,0,0,0,36.5,42.1,45.3,0.38,0.41,0.41
SPRA,2015-11-29 20:50:00 EST,42.87427,-74.50859,656,28.5,29.6,28.5,74.8,21.5,0.000,0.000,0.00,0.000,0.2,0.7,0.2,224,0,0.5,1.3,0.3,246,49,0.2,0.7,0.2,224,0,0,29.66,,0,0,0,36.5,42.1,45.3,0.38,0.41,0.41
SPRA,2015-11-29 20:55:00 EST,42.87427,-74.50859,656,27.9,29.4,27.9,77.4,21.8,0.000,0.000,0.00,0.000,0.0,0.0,0.0,0,0,0.7,1.3,0.3,170,14,0.0,0.0,0.0,0,0,0,29.66,,0,0,0,36.5,42.1,45.3,0.38,0.41,0.41
SPRA,2015-11-29 21:00:00 EST,42.87427,-74.50859,656,28.1,29.4,28.1,79.5,22.6,0.000,0.000,0.00,0.000,0.5,0.9,0.2,224,0,0.8,1.1,0.2,219,12,0.5,0.9,0.2,224,0,0,29.66,,0,0,0,36.4,42.1,45.3,0.38,0.41,0.41
SPRA,2015-11-29 21:05:00 EST,42.87427,-74.50859,656,28.2,29.4,28.2,77.3,22.0,0.000,0.000,0.00,0.000,0.4,0.9,0.3,224,0,0.7,1.1,0.3,217,29,0.4,0.9,0.3,224,0,0,29.66,,0,0,0,36.3,42.1,45.3,0.38,0.41,0.41
SPRA,2015-11-29 21:10:00 EST,42.87427,-74.50859,656,28.5,29.4,28.5,74.5,21.5,0.000,0.000,0.00,0.000,0.0,0.0,0.0,0,0,0.6,0.9,0.2,117,19,0.0,0.0,0.0,0,0,0,29.66,,0,0,0,36.3,42.1,45.3,0.38,0.41,0.41
SPRA,2015-11-29 21:15:00 EST,42.87427,-74.50859,656,28.8,29.7,28.8,73.2,21.3,0.000,0.000,0.00,0.000,0.0,0.0,0.0,0,0,0.4,1.1,0.2,73,47,0.0,0.0,0.0,0,0,0,29.66,,0,0,0,36.3,42.1,45.3,0.38,0.41,0.41
SPRA,2015-11-29 21:20:00 EST,42.87427,-74.50859,656,28.7,29.6,28.7,74.6,21.7,0.000,0.000,0.00,0.000,0.0,0.7,0.1,224,0,0.6,2.0,0.4,244,52,0.0,0.7,0.1,224,0,0,29.66,,0,0,0,36.3,42.1,45.3,0.38,0.41,0.41
SPRA,2015-11-29 21:25:00 EST,42.87427,-74.50859,656,28.9,29.7,28.9,75.6,22.2,0.000,0.000,0.00,0.000,0.5,1.2,0.4,231,13,1.0,1.8,0.3,253,20,0.5,1.2,0.4,231,13,0,29.67,,0,0,0,36.3,42.1,45.3,0.38,0.41,0.41
SPRA,2015-11-29 21:30:00 EST,42.87427,-74.50859,656,29.1,29.8,29.1,73.7,21.8,0.000,0.000,0.00,0.000,1.5,2.6,0.6,271,12,1.9,3.1,0.7,271,16,1.5,2.6,0.6,271,12,0,29.67,,0,0,0,36.3,42.1,45.3,0.38,0.41,0.41
SPRA,2015-11-29 21:35:00 EST,42.87427,-74.50859,656,29.0,29.7,29.0,74.5,21.9,0.000,0.000,0.00,0.000,0.8,2.0,0.6,242,19,1.2,2.7,0.6,234,27,0.8,2.0,0.6,242,19,0,29.67,,0,0,0,36.3,42.1,45.3,0.38,0.41,0.41
SPRA,2015-11-29 21:40:00 EST,42.87427,-74.50859,656,29.1,29.7,29.1,75.8,22.4,0.000,0.000,0.00,0.000,1.0,1.5,0.2,206,8,1.3,1.8,0.3,207,13,1.0,1.5,0.2,206,8,0,29.68,,0,0,0,36.3,42.1,45.3,0.39,0.41,0.41
SPRA,2015-11-29 21:45:00 EST,42.87427,-74.50859,656,29.4,29.7,29.4,73.3,21.9,0.000,0.000,0.00,0.000,0.9,1.4,0.2,234,14,1.1,1.6,0.3,230,17,0.9,1.4,0.2,234,14,0,29.68,,0,0,0,36.3,42.0,45.3,0.38,0.41,0.41
SPRA,2015-11-29 21:50:00 EST,42.87427,-74.50859,656,29.2,29.8,29.2,73.4,21.8,0.000,0.000,0.00,0.000,0.9,1.6,0.3,240,16,1.2,2.0,0.3,239,18,0.9,1.6,0.3,240,16,0,29.68,,0,0,0,36.3,42.0,45.3,0.38,0.41,0.41
SPRA,2015-11-29 21:55:00 EST,42.87427,-74.50859,656,29.1,29.7,29.1,74.5,22.0,0.000,0.000,0.00,0.000,1.7,2.8,0.4,227,15,1.9,3.1,0.5,226,13,1.7,2.8,0.4,227,15,0,29.68,,0,0,0,36.2,41.9,45.3,0.38,0.41,0.41
SPRA,2015-11-29 22:00:00 EST,42.87427,-74.50859,656,29.4,29.8,29.4,73.5,21.9,0.000,0.000,0.00,0.000,1.0,1.8,0.4,237,13,1.3,2.0,0.4,235,18,1.0,1.8,0.4,237,13,0,29.68,,0,0,0,36.2,41.9,45.3,0.38,0.41,0.41
SPRA,2015-11-29 22:05:00 EST,42.87427,-74.50859,656,28.9,29.7,28.9,74.3,21.8,0.000,0.000,0.00,0.000,0.9,1.5,0.3,226,20,1.2,2.0,0.3,219,18,0.9,1.5,0.3,226,20,0,29.68,,0,0,0,36.1,41.9,45.3,0.38,0.41,0.41
SPRA,2015-11-29 22:10:00 EST,42.87427,-74.50859,656,28.9,29.7,28.9,76.8,22.5,0.000,0.000,0.00,0.000,0.8,1.6,0.6,232,12,1.1,1.8,0.5,229,17,0.8,1.6,0.6,232,12,0,29.68,,0,0,0,36.1,41.9,45.3,0.39,0.41,0.41
SPRA,2015-11-29 22:15:00 EST,42.87427,-74.50859,656,28.9,29.8,28.9,76.5,22.4,0.000,0.000,0.00,0.000,1.4,2.0,0.4,256,9,1.6,2.5,0.4,255,13,1.4,2.0,0.4,256,9,0,29.68,,0,0,0,36.1,41.9,45.3,0.39,0.41,0.41
SPRA,2015-11-29 22:20:00 EST,42.87427,-74.50859,656,28.9,29.7,28.9,77.2,22.7,0.000,0.000,0.00,0.000,1.0,1.4,0.2,200,12,1.3,1.8,0.2,198,13,1.0,1.4,0.2,200,12,0,29.69,,0,0,0,36.1,41.9,45.3,0.38,0.41,0.41
SPRA,2015-11-29 22:25:00 EST,42.87427,-74.50859,656,29.2,29.8,29.2,76.5,22.7,0.000,0.000,0.00,0.000,1.2,1.5,0.1,228,10,1.4,1.8,0.2,227,10,1.2,1.5,0.1,228,10,0,29.69,,0,0,0,36.1,41.9,45.3,0.38,0.41,0.41
SPRA,2015-11-29 22:30:00 EST,42.87427,-74.50859,656,29.1,29.7,29.1,74.7,22.1,0.000,0.000,0.00,0.000,1.1,2.7,0.8,167,42,1.4,3.4,0.6,169,46,1.1,2.7,0.8,167,42,0,29.68,,0,0,0,36.1,41.9,45.3,0.38,0.41,0.41
SPRA,2015-11-29 22:35:00 EST,42.87427,-74.50859,656,28.9,29.7,28.9,79.0,23.2,0.000,0.000,0.00,0.000,1.5,2.8,0.4,168,16,1.8,3.1,0.4,168,16,1.5,2.8,0.4,168,16,0,29.68,,0,0,0,36.1,41.9,45.3,0.38,0.41,0.41
SPRA,2015-11-29 22:40:00 EST,42.87427,-74.50859,656,29.0,29.7,29.0,76.0,22.4,0.000,0.000,0.00,0.000,1.6,2.2,0.3,144,12,1.8,2.2,0.3,146,13,1.6,2.2,0.3,144,12,0,29.68,,0,0,0,36.1,41.9,45.3,0.38,0.41,0.41
SPRA,2015-11-29 22:45:00 EST,42.87427,-74.50859,656,28.8,29.8,28.8,78.8,23.1,0.000,0.000,0.00,0.000,1.6,2.0,0.1,174,13,2.0,2.5,0.2,175,13,1.6,2.0,0.1,174,13,0,29.68,,0,0,0,36.1,41.9,45.3,0.38,0.41,0.41
SPRA,2015-11-29 22:50:00 EST,42.87427,-74.50859,656,28.6,29.8,28.6,79.9,23.2,0.000,0.000,0.00,0.000,2.5,3.4,0.4,151,16,2.7,3.6,0.4,150,17,2.5,3.4,0.4,151,16,0,29.68,,0,0,0,36.1,41.9,45.3,0.38,0.41,0.41
SPRA,2015-11-29 22:55:00 EST,42.87427,-74.50859,656,29.0,29.7,29.0,77.4,22.8,0.000,0.000,0.00,0.000,2.3,3.4,0.6,145,7,2.4,3.6,0.5,144,9,2.3,3.4,0.6,145,7,0,29.68,,0,0,0,36.1,41.8,45.3,0.38,0.41,0.41
SPRA,2015-11-29 23:00:00 EST,42.87427,-74.50859,656,28.9,29.7,28.9,77.6,22.8,0.000,0.000,0.00,0.000,1.4,2.3,0.6,138,2,1.5,2.5,0.5,141,9,1.4,2.3,0.6,138,2,0,29.69,,0,0,0,36.1,41.8,45.3,0.38,0.41,0.41
SPRA,2015-11-29 23:05:00 EST,42.87427,-74.50859,656,28.5,29.6,28.5,78.8,22.8,0.000,0.000,0.00,0.000,0.0,0.4,0.1,136,0,0.8,1.1,0.2,103,16,0.0,0.4,0.1,136,0,0,29.69,,0,0,0,36.1,41.8,45.3,0.39,0.41,0.41
SPRA,2015-11-29 23:10:00 EST,42.87427,-74.50859,656,28.3,29.5,28.3,80.6,23.1,0.000,0.000,0.00,0.000,0.0,0.0,0.0,0,0,0.7,1.1,0.2,57,21,0.0,0.0,0.0,0,0,0,29.69,,0,0,0,36.1,41.8,45.3,0.39,0.41,0.41
SPRA,2015-11-29 23:15:00 EST,42.87427,-74.50859,656,28.3,29.3,28.3,80.6,23.1,0.000,0.000,0.00,0.000,0.4,1.0,0.3,77,16,1.1,1.8,0.2,76,13,0.4,1.0,0.3,77,16,0,29.69,,0,0,0,36.1,41.8,45.3,0.38,0.41,0.41
SPRA,2015-11-29 23:20:00 EST,42.87427,-74.50859,656,28.0,29.4,28.0,82.4,23.4,0.000,0.000,0.00,0.000,0.2,0.9,0.3,71,0,0.9,1.3,0.2,76,8,0.2,0.9,0.3,71,0,0,29.69,,0,0,0,36.0,41.7,45.3,0.38,0.41,0.41
SPRA,2015-11-29 23:25:00 EST,42.87427,-74.50859,656,28.0,29.3,28.0,85.6,24.2,0.000,0.000,0.00,0.000,0.1,0.7,0.2,59,3,0.6,1.8,0.4,65,25,0.1,0.7,0.2,59,3,0,29.69,,0,0,0,36.0,41.7,45.3,0.38,0.41,0.41
SPRA,2015-11-29 23:30:00 EST,42.87427,-74.50859,656,27.6,28.7,27.6,86.3,24.0,0.000,0.000,0.00,0.000,0.0,0.3,0.0,60,1,0.7,1.3,0.2,91,32,0.0,0.3,0.0,60,1,0,29.69,,0,0,0,36.0,41.7,45.3,0.38,0.41,0.41
SPRA,2015-11-29 23:35:00 EST,42.87427,-74.50859,656,28.4,29.2,28.4,84.3,24.3,0.000,0.000,0.00,0.000,1.4,3.4,0.7,80,16,2.0,4.3,0.8,81,19,1.4,3.4,0.7,80,16,0,29.69,,0,0,0,36.0,41.7,45.2,0.38,0.41,0.41
SPRA,2015-11-29 23:40:00 EST,42.87427,-74.50859,656,28.6,29.5,25.3,82.7,24.0,0.000,0.000,0.00,0.000,3.1,4.8,0.9,76,10,3.7,5.4,1.0,77,10,3.1,4.8,0.9,76,10,0,29.69,,0,0,0,36.0,41.7,45.2,0.38,0.41,0.41
SPRA,2015-11-29 23:45:00 EST,42.87427,-74.50859,656,29.1,29.9,24.4,81.0,24.0,0.000,0.000,0.00,0.000,4.3,6.0,0.7,81,7,4.9,7.2,0.8,83,8,4.3,6.0,0.7,81,7,0,29.70,,0,0,0,36.0,41.7,45.3,0.38,0.41,0.41
SPRA,2015-11-29 23:50:00 EST,42.87427,-74.50859,656,29.2,30.0,24.3,80.1,23.8,0.000,0.000,0.00,0.000,4.5,5.8,0.8,81,8,5.0,7.2,0.9,82,8,4.5,5.8,0.8,81,8,0,29.70,,0,0,0,36.0,41.7,45.3,0.38,0.41,0.41
SPRA,2015-11-29 23:55:00 EST,42.87427,-74.50859,656,29.3,30.0,24.3,79.8,23.8,0.000,0.000,0.00,0.000,4.6,7.0,0.7,82,9,5.3,7.8,0.9,83,8,4.6,7.0,0.7,82,9,0,29.70,,0,0,0,36.0,41.7,45.3,0.38,0.41,0.41
WATE,2015-11-29 00:00:00 EST,42.87966,-76.81255,478,33.5,33.5,33.5,74.6,26.3,0.000,0.062,0.00,0.000,0.4,1.9,0.6,232,13,1.0,2.2,0.4,268,35,0.4,1.9,0.6,232,13,0,29.78,,0,0,0,40.5,44.6,47.1,0.35,0.42,0.44
WATE,2015-11-29 00:05:00 EST,42.87966,-76.81255,478,33.5,33.4,33.5,75.5,26.6,0.000,0.000,0.00,0.000,1.6,7.3,1.8,284,8,2.1,8.1,2.0,288,12,1.6,7.3,1.8,284,8,0,29.79,,0,0,0,40.5,44.6,47.1,0.35,0.42,0.44
WATE,2015-11-29 00:10:00 EST,42.87966,-76.81255,478,33.6,33.6,29.2,72.2,25.6,0.000,0.000,0.00,0.000,4.8,7.0,1.3,295,13,5.2,7.8,1.5,299,13,4.8,7.0,1.3,295,13,0,29.78,,0,0,0,40.4,44.5,47.1,0.35,0.42,0.44
WATE,2015-11-29 00:15:00 EST,42.87966,-76.81255,478,33.5,33.5,29.8,74.1,26.2,0.000,0.000,0.00,0.000,4.0,7.0,1.4,326,16,4.7,7.6,1.5,330,14,4.0,7.0,1.4,326,16,0,29.78,,0,0,0,40.5,44.5,47.1,0.35,0.42,0.44
WATE,2015-11-29 00:20:00 EST,42.87966,-76.81255,478,33.6,33.6,29.8,71.7,25.5,0.000,0.000,0.00,0.000,4.2,6.1,0.9,326,19,4.8,7.6,0.9,332,20,4.2,6.1,0.9,326,19,0,29.78,,0,0,0,40.4,44.5,47.1,0.35,0.42,0.44
WATE,2015-11-29 00:25:00 EST,42.87966,-76.81255,478,33.5,33.5,30.5,71.8,25.4,0.000,0.000,0.00,0.000,3.4,6.2,1.4,293,16,3.7,7.2,1.6,297,15,3.4,6.2,1.4,293,16,0,29.78,,0,0,0,40.4,44.5,47.1,0.35,0.42,0.44
WATE,2015-11-29 00:30:00 EST,42.87966,-76.81255,478,33.3,33.4,33.3,73.4,25.7,0.000,0.000,0.00,0.000,1.8,2.6,0.3,302,18,2.1,2.9,0.3,307,19,1.8,2.6,0.3,302,18,0,29.78,,0,0,0,40.3,44.4,47.1,0.35,0.42,0.44
WATE,2015-11-29 00:35:00 EST,42.87966,-76.81255,478,33.4,33.4,33.4,72.4,25.5,0.000,0.000,0.00,0.000,2.5,4.4,0.5,319,12,2.6,4.9,0.6,324,12,2.5,4.4,0.5,319,12,0,29.78,,0,0,0,40.3,44.4,47.1,0.35,0.42,0.44
WATE,2015-11-29 00:40:00 EST,42.87966,-76.81255,478,33.3,33.4,30.4,73.1,25.6,0.000,0.000,0.00,0.000,3.3,5.0,0.7,321,9,3.5,5.1,0.7,325,9,3.3,5.0,0.7,321,9,0,29.79,,0,0,0,40.3,44.4,47.1,0.35,0.42,0.44
WATE,2015-11-29 00:45:00 EST,42.87966,-76.81255,478,33.4,33.4,28.9,72.7,25.6,0.000,0.000,0.00,0.000,4.7,7.6,1.4,325,19,5.3,8.3,1.4,331,20,4.7,7.6,1.4,325,19,0,29.79,,0,0,0,40.3,44.4,47.1,0.35,0.42,0.44
WATE,2015-11-29 00:50:00 EST,42.87966,-76.81255,478,33.4,33.4,30.2,71.1,25.1,0.000,0.000,0.00,0.000,3.6,5.8,0.9,326,19,4.1,6.9,1.1,332,19,3.6,5.8,0.9,326,19,0,29.79,,0,0,0,40.3,44.4,47.1,0.35,0.42,0.45
WATE,2015-11-29 00:55:00 EST,42.87966,-76.81255,478,33.3,33.3,30.6,71.8,25.2,0.000,0.000,0.00,0.000,3.1,5.2,0.8,311,15,3.5,5.8,0.9,317,16,3.1,5.2,0.8,311,15,0,29.79,,0,0,0,40.3,44.4,47.1,0.35,0.42,0.45
WATE,2015-11-29 01:00:00 EST,42.87966,-76.81255,478,33.2,33.3,33.2,73.4,25.6,0.000,0.000,0.00,0.000,1.5,2.9,0.6,345,18,1.9,3.4,0.7,348,17,1.5,2.9,0.6,345,18,0,29.79,,0,0,0,40.2,44.4,47.1,0.35,0.42,0.45
WATE,2015-11-29 01:05:00 EST,42.87966,-76.81255,478,33.3,33.3,33.3,72.3,25.4,0.000,0.000,0.00,0.000,1.7,2.9,0.5,334,16,2.0,3.1,0.5,338,19,1.7,2.9,0.5,334,16,0,29.79,,0,0,0,40.2,44.4,47.1,0.35,0.42,0.45
WATE,2015-11-29 01:10:00 EST,42.87966,-76.81255,478,33.1,33.3,33.1,73.8,25.7,0.000,0.000,0.00,0.000,1.6,2.3,0.5,309,5,1.7,2.5,0.4,311,9,1.6,2.3,0.5,309,5,0,29.79,,0,0,0,40.1,44.4,47.1,0.35,0.42,0.45
WATE,2015-11-29 01:15:00 EST,42.87966,-76.81255,478,33.1,33.2,33.1,74.0,25.7,0.000,0.000,0.00,0.000,0.8,1.7,0.4,29,30,1.3,2.2,0.4,20,33,0.8,1.7,0.4,29,30,0,29.79,,0,0,0,40.1,44.4,47.1,0.35,0.42,0.44
WATE,2015-11-29 01:20:00 EST,42.87966,-76.81255,478,33.2,33.3,33.2,75.6,26.3,0.000,0.000,0.00,0.000,0.7,2.6,0.6,358,10,1.3,3.4,0.6,357,13,0.7,2.6,0.6,358,10,0,29.79,,0,0,0,40.1,44.4,47.1,0.35,0.42,0.45
WATE,2015-11-29 01:25:00 EST,42.87966,-76.81255,478,33.3,33.3,30.2,74.0,25.9,0.000,0.000,0.00,0.000,3.4,5.9,1.1,336,11,3.9,6.5,1.3,342,12,3.4,5.9,1.1,336,11,0,29.78,,0,0,0,40.1,44.4,47.1,0.35,0.42,0.45
WATE,2015-11-29 01:30:00 EST,42.87966,-76.81255,478,33.4,33.4,30.2,71.5,25.2,0.000,0.000,0.00,0.000,3.5,5.6,0.6,331,22,4.2,6.7,0.9,337,23,3.5,5.6,0.6,331,22,0,29.78,,0,0,0,40.0,44.4,47.1,0.35,0.42,0.45
WATE,2015-11-29 01:35:00 EST,42.87966,-76.81255,478,33.4,33.4,30.3,71.8,25.2,0.000,0.000,0.00,0.000,3.5,5.6,0.9,300,14,3.8,5.8,0.9,304,14,3.5,5.6,0.9,300,14,0,29.78,,0,0,0,40.0,44.3,47.1,0.35,0.42,0.45
WATE,2015-11-29 01:40:00 EST,42.87966,-76.81255,478,33.4,33.4,30.4,72.5,25.5,0.000,0.000,0.00,0.000,3.3,5.1,0.6,321,11,3.7,5.4,0.7,323,12,3.3,5.1,0.6,321,11,0,29.78,,0,0,0,39.9,44.3,47.1,0.35,0.42,0.45
WATE,2015-11-29 01:45:00 EST,42.87966,-76.81255,478,33.3,33.3,33.3,73.7,25.8,0.000,0.000,0.00,0.000,2.6,4.5,0.9,325,14,3.1,5.6,0.9,330,16,2.6,4.5,0.9,325,14,0,29.78,,0,0,0,39.9,44.2,47.1,0.35,0.42,0.44
WATE,2015-11-29 01:50:00 EST,42.87966,-76.81255,478,33.2,33.3,33.2,75.0,26.2,0.000,0.000,0.00,0.000,1.8,3.2,0.7,322,10,2.0,3.8,0.6,326,12,1.8,3.2,0.7,322,10,0,29.78,,0,0,0,39.9,44.1,47.1,0.35,0.42,0.45
WATE,2015-11-29 01:55:00 EST,42.87966,-76.81255,478,33.4,33.3,33.4,73.4,25.8,0.000,0.000,0.00,0.000,2.3,3.4,0.5,313,11,2.4,3.8,0.5,316,11,2.3,3.4,0.5,313,11,0,29.78,,0,0,0,39.9,44.1,47.1,0.35,0.42,0.45
WATE,2015-11-29 02:00:00 EST,42.87966,-76.81255,478,33.4,33.4,30.7,72.7,25.6,0.000,0.000,0.00,0.000,3.1,5.6,1.0,310,18,3.5,6.3,1.2,315,16,3.1,5.6,1.0,310,18,0,29.78,,0,0,0,39.9,44.1,47.1,0.35,0.42,0.45
WATE,2015-11-29 02:05:00 EST,42.87966,-76.81255,478,33.5,33.4,29.9,72.7,25.6,0.000,0.000,0.00,0.000,3.9,6.0,1.1,317,13,4.2,6.9,1.3,321,14,3.9,6.0,1.1,317,13,0,29.78,,0,0,0,39.9,44.1,47.1,0.35,0.42,0.45
WATE,2015-11-29 02:10:00 EST,42.87966,-76.81255,478,33.5,33.4,30.8,73.2,25.8,0.000,0.000,0.00,0.000,3.1,4.2,0.7,321,13,3.3,5.1,0.9,328,14,3.1,4.2,0.7,321,13,0,29.79,,0,0,0,39.9,44.1,47.1,0.35,0.42,0.44
WATE,2015-11-29 02:15:00 EST,42.87966,-76.81255,478,33.5,33.5,29.8,72.8,25.7,0.000,0.000,0.00,0.000,4.0,7.2,1.4,306,17,4.4,7.6,1.6,310,18,4.0,7.2,1.4,306,17,0,29.79,,0,0,0,39.8,44.1,47.1,0.35,0.42,0.45
WATE,2015-11-29 02:20:00 EST,42.87966,-76.81255,478,33.6,33.5,28.9,73.1,25.8,0.000,0.000,0.00,0.000,5.0,7.3,1.4,346,12,5.9,9.6,1.7,352,11,5.0,7.3,1.4,346,12,0,29.79,,0,0,0,39.8,44.1,47.1,0.35,0.42,0.44
WATE,2015-11-29 02:25:00 EST,42.87966,-76.81255,478,33.6,33.5,28.7,72.0,25.6,0.000,0.000,0.00,0.000,5.4,8.6,1.7,327,9,5.9,9.4,1.8,332,10,5.4,8.6,1.7,327,9,0,29.79,,0,0,0,39.7,44.0,47.1,0.35,0.42,0.45
WATE,2015-11-29 02:30:00 EST,42.87966,-76.81255,478,33.6,33.6,30.7,71.4,25.3,0.000,0.000,0.00,0.000,3.4,5.6,1.0,332,15,3.8,6.3,1.1,339,16,3.4,5.6,1.0,332,15,0,29.79,,0,0,0,39.7,44.1,47.1,0.35,0.42,0.45
WATE,2015-11-29 02:35:00 EST,42.87966,-76.81255,478,33.6,33.5,33.6,71.9,25.5,0.000,0.000,0.00,0.000,1.8,3.4,0.7,299,13,1.9,3.8,0.6,304,12,1.8,3.4,0.7,299,13,0,29.79,,0,0,0,39.7,44.1,47.1,0.35,0.42,0.45
WATE,2015-11-29 02:40:00 EST,42.87966,-76.81255,478,33.5,33.4,33.5,72.9,25.7,0.000,0.000,0.00,0.000,2.6,4.9,0.8,297,10,2.8,5.1,0.8,303,10,2.6,4.9,0.8,297,10,0,29.79,,0,0,0,39.7,44.0,47.1,0.35,0.42,0.45
WATE,2015-11-29 02:45:00 EST,42.87966,-76.81255,478,33.5,33.5,30.9,71.3,25.2,0.000,0.000,0.00,0.000,3.1,4.9,0.6,307,12,3.4,5.4,0.8,310,11,3.1,4.9,0.6,307,12,0,29.79,,0,0,0,39.7,44.0,47.1,0.35,0.42,0.45
WATE,2015-11-29 02:50:00 EST,42.87966,-76.81255,478,33.6,33.6,33.6,70.4,25.0,0.000,0.000,0.00,0.000,2.6,5.8,1.0,336,29,3.0,7.2,1.3,342,23,2.6,5.8,1.0,336,29,0,29.79,,0,0,0,39.7,44.0,47.1,0.35,0.42,0.44
WATE,2015-11-29 02:55:00 EST,42.87966,-76.81255,478,33.5,33.5,33.5,71.4,25.3,0.000,0.000,0.00,0.000,2.1,4.0,0.6,299,26,2.5,4.7,0.7,302,27,2.1,4.0,0.6,299,26,0,29.79,,0,0,0,39.7,43.9,47.1,0.35,0.42,0.45
WATE,2015-11-29 03:00:00 EST,42.87966,-76.81255,478,33.6,33.6,33.6,71.3,25.3,0.000,0.000,0.00,0.000,2.1,3.4,0.6,327,27,2.4,4.3,0.8,335,27,2.1,3.4,0.6,327,27,0,29.79,,0,0,0,39.6,43.9,47.1,0.35,0.42,0.45
WATE,2015-11-29 03:05:00 EST,42.87966,-76.81255,478,33.5,33.5,33.5,71.5,25.3,0.000,0.000,0.00,0.000,1.6,2.3,0.4,308,11,1.6,2.5,0.4,314,10,1.6,2.3,0.4,308,11,0,29.78,,0,0,0,39.6,43.9,47.1,0.35,0.42,0.45
WATE,2015-11-29 03:10:00 EST,42.87966,-76.81255,478,33.5,33.5,33.5,72.3,25.5,0.000,0.000,0.00,0.000,1.1,2.2,0.6,346,31,1.6,3.4,0.6,352,35,1.1,2.2,0.6,346,31,0,29.78,,0,0,0,39.6,43.9,47.1,0.35,0.42,0.45
WATE,2015-11-29 03:15:00 EST,42.87966,-76.81255,478,33.5,33.6,30.6,72.8,25.8,0.000,0.000,0.00,0.000,3.4,5.6,1.1,321,19,3.8,6.0,1.1,327,21,3.4,5.6,1.1,321,19,0,29.78,,0,0,0,39.6,43.9,47.1,0.35,0.42,0.45
WATE,2015-11-29 03:20:00 EST,42.87966,-76.81255,478,33.5,33.5,30.6,73.1,25.9,0.000,0.000,0.00,0.000,3.4,5.8,1.1,324,11,3.7,6.7,1.4,328,12,3.4,5.8,1.1,324,11,0,29.78,,0,0,0,39.6,43.9,47.1,0.35,0.42,0.44
WATE,2015-11-29 03:25:00 EST,42.87966,-76.81255,478,33.6,33.5,33.6,72.5,25.7,0.000,0.000,0.00,0.000,2.9,4.9,0.8,322,14,3.2,5.4,0.9,325,15,2.9,4.9,0.8,322,14,0,29.78,,0,0,0,39.6,43.9,47.1,0.35,0.42,0.44
WATE,2015-11-29 03:30:00 EST,42.87966,-76.81255,478,33.6,33.5,33.6,72.1,25.5,0.000,0.000,0.00,0.000,2.6,3.9,0.6,311,10,2.7,4.5,0.6,316,10,2.6,3.9,0.6,311,10,0,29.78,,0,0,0,39.6,43.9,47.1,0.35,0.42,0.44
WATE,2015-11-29 03:35:00 EST,42.87966,-76.81255,478,33.6,33.5,30.8,72.1,25.5,0.000,0.000,0.00,0.000,3.2,5.3,0.8,309,14,3.5,6.3,0.9,314,13,3.2,5.3,0.8,309,14,0,29.78,,0,0,0,39.5,43.9,47.1,0.35,0.42,0.44
WATE,2015-11-29 03:40:00 EST,42.87966,-76.81255,478,33.4,33.5,30.5,73.1,25.7,0.000,0.000,0.00,0.000,3.3,5.0,0.5,281,11,3.7,5.8,0.6,286,11,3.3,5.0,0.5,281,11,0,29.78,,0,0,0,39.5,43.9,47.1,0.35,0.42,0.44
WATE,2015-11-29 03:45:00 EST,42.87966,-76.81255,478,33.4,33.4,29.9,74.0,26.0,0.000,0.000,0.00,0.000,3.8,4.8,0.5,271,14,4.3,5.8,0.6,275,14,3.8,4.8,0.5,271,14,0,29.78,,0,0,0,39.6,43.9,47.1,0.35,0.42,0.45
WATE,2015-11-29 03:50:00 EST,42.87966,-76.81255,478,33.3,33.3,29.9,75.0,26.2,0.000,0.000,0.00,0.000,3.7,5.2,0.7,261,12,4.1,6.3,0.8,266,11,3.7,5.2,0.7,261,12,0,29.78,,0,0,0,39.5,43.9,47.1,0.35,0.42,0.44
WATE,2015-11-29 03:55:00 EST,42.87966,-76.81255,478,33.2,33.2,29.9,75.3,26.3,0.000,0.000,0.00,0.000,3.6,5.6,0.8,268,14,4.1,6.5,0.9,272,14,3.6,5.6,0.8,268,14,0,29.78,,0,0,0,39.5,43.9,47.1,0.35,0.42,0.45
WATE,2015-11-29 04:00:00 EST,42.87966,-76.81255,478,33.2,33.2,30.1,75.5,26.3,0.000,0.000,0.00,0.000,3.5,5.3,0.9,286,13,3.8,6.0,1.0,291,13,3.5,5.3,0.9,286,13,0,29.78,,0,0,0,39.5,43.9,47.1,0.35,0.42,0.44
WATE,2015-11-29 04:05:00 EST,42.87966,-76.81255,478,33.2,33.1,33.2,76.0,26.4,0.000,0.000,0.00,0.000,2.5,4.5,0.9,279,14,2.9,4.9,0.9,284,14,2.5,4.5,0.9,279,14,0,29.78,,0,0,0,39.5,43.9,47.1,0.35,0.42,0.44
WATE,2015-11-29 04:10:00 EST,42.87966,-76.81255,478,33.1,33.1,33.1,76.1,26.4,0.000,0.000,0.00,0.000,2.7,4.3,0.8,278,12,3.1,5.1,0.9,282,13,2.7,4.3,0.8,278,12,0,29.78,,0,0,0,39.5,43.8,47.1,0.35,0.42,0.45
WATE,2015-11-29 04:15:00 EST,42.87966,-76.81255,478,33.2,33.2,29.6,74.0,25.9,0.000,0.000,0.00,0.000,3.9,6.6,1.1,298,14,4.2,7.4,1.2,303,14,3.9,6.6,1.1,298,14,0,29.78,,0,0,0,39.4,43.8,47.1,0.35,0.42,0.44
WATE,2015-11-29 04:20:00 EST,42.87966,-76.81255,478,33.1,33.1,29.7,74.8,26.0,0.000,0.000,0.00,0.000,3.7,6.3,0.9,284,16,4.1,7.4,1.1,287,15,3.7,6.3,0.9,284,16,0,29.78,,0,0,0,39.4,43.8,47.1,0.35,0.42,0.44
WATE,2015-11-29 04:25:00 EST,42.87966,-76.81255,478,33.0,33.0,28.8,75.5,26.1,0.000,0.000,0.00,0.000,4.4,6.6,0.8,268,8,5.0,7.2,0.9,272,9,4.4,6.6,0.8,268,8,0,29.78,,0,0,0,39.4,43.8,47.1,0.35,0.42,0.44
WATE,2015-11-29 04:30:00 EST,42.87966,-76.81255,478,33.0,32.9,29.5,75.8,26.2,0.000,0.000,0.00,0.000,3.7,5.0,0.7,281,11,4.1,5.8,0.8,285,10,3.7,5.0,0.7,281,11,0,29.78,,0,0,0,39.4,43.7,47.1,0.35,0.42,0.44
WATE,2015-11-29 04:35:00 EST,42.87966,-76.81255,478,32.9,32.8,28.8,77.0,26.5,0.000,0.000,0.00,0.000,4.2,6.1,0.8,272,10,4.8,6.9,1.0,277,8,4.2,6.1,0.8,272,10,0,29.78,,0,0,0,39.4,43.7,47.1,0.35,0.42,0.45
WATE,2015-11-29 04:40:00 EST,42.87966,-76.81255,478,32.9,32.8,29.5,76.8,26.4,0.000,0.000,0.00,0.000,3.6,5.6,0.8,275,11,4.0,6.3,0.9,280,11,3.6,5.6,0.8,275,11,0,29.79,,0,0,0,39.4,43.7,47.1,0.35,0.42,0.45
WATE,2015-11-29 04:45:00 EST,42.87966,-76.81255,478,32.8,32.8,28.9,77.5,26.6,0.000,0.000,0.00,0.000,4.1,7.2,1.3,279,13,4.5,8.1,1.5,283,13,4.1,7.2,1.3,279,13,0,29.79,,0,0,0,39.4,43.7,47.1,0.35,0.42,0.45
WATE,2015-11-29 04:50:00 EST,42.87966,-76.81255,478,32.8,32.8,28.9,76.7,26.3,0.000,0.000,0.00,0.000,4.1,6.7,1.1,279,12,4.6,7.2,1.2,283,11,4.1,6.7,1.1,279,12,0,29.79,,0,0,0,39.4,43.7,47.1,0.35,0.42,0.45
WATE,2015-11-29 04:55:00 EST,42.87966,-76.81255,478,32.9,32.8,29.5,75.4,25.9,0.000,0.000,0.00,0.000,3.7,5.1,0.6,265,9,4.1,5.6,0.7,269,9,3.7,5.1,0.6,265,9,0,29.79,,0,0,0,39.4,43.7,47.1,0.35,0.42,0.44
WATE,2015-11-29 05:00:00 EST,42.87966,-76.81255,478,32.8,32.7,32.8,76.0,26.1,0.000,0.000,0.00,0.000,2.6,4.7,0.8,275,14,3.1,5.8,0.9,281,13,2.6,4.7,0.8,275,14,0,29.79,,0,0,0,39.4,43.7,47.1,0.35,0.42,0.45
WATE,2015-11-29 05:05:00 EST,42.87966,-76.81255,478,32.8,32.7,30.2,77.2,26.4,0.000,0.000,0.00,0.000,3.0,4.2,0.6,293,10,3.3,4.9,0.8,297,9,3.0,4.2,0.6,293,10,0,29.79,,0,0,0,39.3,43.7,47.1,0.35,0.42,0.44
WATE,2015-11-29 05:10:00 EST,42.87966,-76.81255,478,32.7,32.6,28.4,77.7,26.5,0.000,0.000,0.00,0.000,4.4,6.9,0.9,281,10,4.9,7.2,1.0,284,9,4.4,6.9,0.9,281,10,0,29.79,,0,0,0,39.3,43.7,47.1,0.35,0.42,0.45
WATE,2015-11-29 05:15:00 EST,42.87966,-76.81255,478,32.7,32.6,28.0,77.4,26.4,0.000,0.000,0.00,0.000,4.9,6.8,0.8,284,11,5.4,8.3,1.0,288,10,4.9,6.8,0.8,284,11,0,29.79,,0,0,0,39.3,43.6,47.1,0.35,0.42,0.44
WATE,2015-11-29 05:20:00 EST,42.87966,-76.81255,478,32.6,32.6,28.6,77.6,26.4,0.000,0.000,0.00,0.000,4.2,5.6,0.7,289,11,4.6,6.0,0.8,293,12,4.2,5.6,0.7,289,11,0,29.79,,0,0,0,39.2,43.6,47.1,0.35,0.42,0.44
WATE,2015-11-29 05:25:00 EST,42.87966,-76.81255,478,32.6,32.5,27.9,76.7,26.1,0.000,0.000,0.00,0.000,4.9,6.6,0.8,286,11,5.4,8.1,1.1,290,9,4.9,6.6,0.8,286,11,0,29.79,,0,0,0,39.2,43.6,47.1,0.35,0.42,0.44
WATE,2015-11-29 05:30:00 EST,42.87966,-76.81255,478,32.5,32.5,29.0,77.5,26.3,0.000,0.000,0.00,0.000,3.7,5.7,0.7,287,17,4.1,6.5,0.9,291,17,3.7,5.7,0.7,287,17,0,29.79,,0,0,0,39.2,43.5,47.1,0.35,0.42,0.45
WATE,2015-11-29 05:35:00 EST,42.87966,-76.81255,478,32.5,32.4,28.5,77.0,26.1,0.000,0.000,0.00,0.000,4.1,6.1,0.9,285,12,4.5,6.9,1.0,289,12,4.1,6.1,0.9,285,12,0,29.79,,0,0,0,39.2,43.5,47.1,0.35,0.42,0.44
WATE,2015-11-29 05:40:00 EST,42.87966,-76.81255,478,32.5,32.4,29.1,76.7,26.0,0.000,0.000,0.00,0.000,3.6,5.6,0.8,284,12,4.1,6.5,0.9,288,11,3.6,5.6,0.8,284,12,0,29.79,,0,0,0,39.2,43.5,47.1,0.35,0.42,0.44
WATE,2015-11-29 05:45:00 EST,42.87966,-76.81255,478,32.5,32.4,29.0,76.6,26.0,0.000,0.000,0.00,0.000,3.7,6.4,0.8,287,13,4.1,6.7,0.9,291,11,3.7,6.4,0.8,287,13,0,29.79,,0,0,0,39.2,43.5,47.1,0.35,0.42,0.45
WATE,2015-11-29 05:50:00 EST,42.87966,-76.81255,478,32.4,32.4,28.7,76.3,25.8,0.000,0.000,0.00,0.000,3.9,5.3,0.7,282,11,4.3,6.0,0.8,286,11,3.9,5.3,0.7,282,11,0,29.79,,0,0,0,39.2,43.5,47.1,0.35,0.42,0.45
WATE,2015-11-29 05:55:00 EST,42.87966,-76.81255,478,32.5,32.5,28.2,75.1,25.5,0.000,0.000,0.00,0.000,4.4,6.4,0.7,293,8,4.8,6.9,0.8,297,9,4.4,6.4,0.7,293,8,0,29.79,,0,0,0,39.2,43.5,47.1,0.35,0.42,0.44
WATE,2015-11-29 06:00:00 EST,42.87966,-76.81255,478,32.5,32.4,29.2,75.3,25.5,0.000,0.000,0.00,0.000,3.4,6.1,0.9,291,9,3.8,6.7,1.1,296,8,3.4,6.1,0.9,291,9,0,29.79,,0,0,0,39.2,43.5,47.1,0.35,0.42,0.45
WATE,2015-11-29 06:05:00 EST,42.87966,-76.81255,478,32.4,32.4,29.7,75.4,25.5,0.000,0.000,0.00,0.000,3.0,4.7,0.8,296,12,3.3,5.4,0.9,301,12,3.0,4.7,0.8,296,12,0,29.80,,0,0,0,39.2,43.5,47.1,0.35,0.42,0.44
WATE,2015-11-29 06:10:00 EST,42.87966,-76.81255,478,32.4,32.4,29.3,75.0,25.4,0.000,0.000,0.00,0.000,3.4,4.7,0.6,300,12,3.6,5.1,0.8,305,12,3.4,4.7,0.6,300,12,0,29.80,,0,0,0,39.2,43.5,47.1,0.35,0.42,0.45
WATE,2015-11-29 06:15:00 EST,42.87966,-76.81255,478,32.4,32.4,28.6,74.4,25.2,0.000,0.000,0.00,0.000,4.0,6.3,1.1,280,14,4.4,7.2,1.2,284,13,4.0,6.3,1.1,280,14,0,29.80,,0,0,0,39.2,43.5,47.1,0.35,0.42,0.45
WATE,2015-11-29 06:20:00 EST,42.87966,-76.81255,478,32.4,32.4,28.3,74.4,25.2,0.000,0.000,0.00,0.000,4.2,6.1,0.7,264,13,4.7,7.2,0.9,268,12,4.2,6.1,0.7,264,13,0,29.80,,0,0,0,39.2,43.5,47.1,0.35,0.42,0.45
WATE,2015-11-29 06:25:00 EST,42.87966,-76.81255,478,32.3,32.4,28.5,74.9,25.3,0.000,0.000,0.00,0.000,3.9,5.8,0.8,260,11,4.4,6.7,0.9,265,10,3.9,5.8,0.8,260,11,0,29.80,,0,0,0,39.2,43.5,47.1,0.35,0.42,0.44
WATE,2015-11-29 06:30:00 EST,42.87966,-76.81255,478,32.2,32.3,28.7,75.5,25.3,0.000,0.000,0.00,0.000,3.6,5.6,0.6,264,11,4.1,6.3,0.7,268,10,3.6,5.6,0.6,264,11,0,29.80,,0,0,0,39.2,43.5,47.1,0.35,0.42,0.44
WATE,2015-11-29 06:35:00 EST,42.87966,-76.81255,478,32.0,32.2,28.7,75.8,25.3,0.000,0.000,0.00,0.000,3.5,5.4,1.0,265,10,4.0,6.3,1.1,270,9,3.5,5.4,1.0,265,10,0,29.80,,0,0,0,39.2,43.5,47.1,0.35,0.42,0.45
WATE,2015-11-29 06:40:00 EST,42.87966,-76.81255,478,31.9,32.1,31.9,75.8,25.1,0.000,0.000,0.00,0.000,2.9,5.6,1.2,250,13,3.4,6.3,1.3,254,14,2.9,5.6,1.2,250,13,0,29.80,,0,0,0,39.2,43.5,47.1,0.35,0.42,0.45
WATE,2015-11-29 06:45:00 EST,42.87966,-76.81255,478,31.6,32.0,28.5,77.2,25.3,0.000,0.000,0.00,0.000,3.3,5.2,0.7,249,13,3.7,5.8,0.8,253,14,3.3,5.2,0.7,249,13,0,29.81,,0,0,0,39.1,43.5,47.1,0.35,0.42,0.45
WATE,2015-11-29 06:50:00 EST,42.87966,-76.81255,478,31.7,31.9,27.8,76.4,25.1,0.000,0.000,0.00,0.000,4.0,6.4,1.0,246,7,4.5,7.2,1.2,251,9,4.0,6.4,1.0,246,7,0,29.81,,0,0,0,39.0,43.4,47.1,0.35,0.42,0.45
WATE,2015-11-29 06:55:00 EST,42.87966,-76.81255,478,31.6,31.9,28.2,76.6,25.0,0.000,0.000,0.00,0.000,3.4,5.0,0.7,250,10,3.9,6.0,0.8,254,10,3.4,5.0,0.7,250,10,0,29.81,,0,0,0,39.0,43.4,47.1,0.35,0.42,0.44
WATE,2015-11-29 07:00:00 EST,42.87966,-76.81255,478,31.5,31.8,28.2,77.2,25.1,0.000,0.000,0.00,0.000,3.3,5.5,0.7,251,8,3.8,6.9,0.9,255,9,3.3,5.5,0.7,251,8,0,29.81,,0,0,0,39.0,43.4,47.1,0.35,0.42,0.44
WATE,2015-11-29 07:05:00 EST,42.87966,-76.81255,478,31.4,31.7,28.4,77.7,25.2,0.000,0.000,0.00,0.000,3.2,4.7,0.7,242,11,3.5,5.4,0.8,244,11,3.2,4.7,0.7,242,11,1,29.81,,0,0,0,39.0,43.4,47.1,0.35,0.42,0.44
WATE,2015-11-29 07:10:00 EST,42.87966,-76.81255,478,31.0,31.6,31.0,77.1,24.7,0.000,0.000,0.00,0.000,2.5,3.9,0.5,243,11,2.8,4.5,0.6,246,12,2.5,3.9,0.5,243,11,1,29.81,,0,0,0,38.9,43.4,47.1,0.35,0.42,0.44
WATE,2015-11-29 07:15:00 EST,42.87966,-76.81255,478,31.0,31.5,31.0,77.8,24.9,0.000,0.000,0.00,0.000,2.9,4.1,0.5,253,9,3.3,4.9,0.6,257,11,2.9,4.1,0.5,253,9,3,29.82,,0,0,0,38.8,43.3,47.1,0.35,0.42,0.44
WATE,2015-11-29 07:20:00 EST,42.87966,-76.81255,478,30.8,31.4,30.8,77.9,24.7,0.000,0.000,0.00,0.000,2.9,4.2,0.5,246,10,3.2,4.7,0.6,249,11,2.9,4.2,0.5,246,10,5,29.82,,0,0,0,38.8,43.3,47.1,0.35,0.42,0.44
WATE,2015-11-29 07:25:00 EST,42.87966,-76.81255,478,30.6,31.2,30.6,78.5,24.7,0.000,0.000,0.00,0.000,2.5,3.7,0.4,247,10,2.9,4.5,0.5,250,12,2.5,3.7,0.4,247,10,7,29.82,,0,0,0,38.8,43.3,47.1,0.35,0.42,0.45
WATE,2015-11-29 07:30:00 EST,42.87966,-76.81255,478,30.5,31.1,30.5,78.3,24.5,0.000,0.000,0.00,0.000,2.8,4.2,0.6,249,8,3.1,5.1,0.7,252,10,2.8,4.2,0.6,249,8,8,29.82,,0,0,0,38.7,43.3,47.1,0.35,0.42,0.44
WATE,2015-11-29 07:35:00 EST,42.87966,-76.81255,478,30.5,31.0,30.5,78.1,24.5,0.000,0.000,0.00,0.000,2.9,5.6,0.9,251,10,3.4,6.7,1.1,255,11,2.9,5.6,0.9,251,10,10,29.82,,0,0,0,38.7,43.3,47.1,0.35,0.42,0.44
WATE,2015-11-29 07:40:00 EST,42.87966,-76.81255,478,30.2,30.9,30.2,78.2,24.3,0.000,0.000,0.00,0.000,2.5,4.2,0.5,252,12,2.9,4.7,0.7,258,14,2.5,4.2,0.5,252,12,12,29.82,,0,0,0,38.7,43.3,47.1,0.35,0.42,0.45
WATE,2015-11-29 07:45:00 EST,42.87966,-76.81255,478,30.2,30.9,30.2,78.8,24.5,0.000,0.000,0.00,0.000,2.6,3.6,0.5,255,11,2.9,4.3,0.6,260,13,2.6,3.6,0.5,255,11,14,29.82,,0,0,0,38.7,43.3,47.1,0.35,0.42,0.44
WATE,2015-11-29 07:50:00 EST,42.87966,-76.81255,478,29.9,30.7,29.9,79.7,24.4,0.000,0.000,0.00,0.000,1.9,3.1,0.4,258,9,2.3,3.6,0.5,263,11,1.9,3.1,0.4,258,9,17,29.82,,0,0,0,38.6,43.3,47.1,0.35,0.42,0.44
WATE,2015-11-29 07:55:00 EST,42.87966,-76.81255,478,29.8,30.5,29.8,80.4,24.5,0.000,0.000,0.00,0.000,1.9,3.1,0.4,263,9,2.3,3.8,0.5,268,10,1.9,3.1,0.4,263,9,30,29.82,,0,0,0,38.5,43.3,47.1,0.35,0.42,0.45
WATE,2015-11-29 08:00:00 EST,42.87966,-76.81255,478,29.8,30.7,29.8,79.9,24.4,0.000,0.000,0.00,0.000,2.4,3.4,0.5,273,7,2.7,4.0,0.6,277,7,2.4,3.4,0.5,273,7,54,29.82,,0,0,0,38.5,43.2,47.1,0.35,0.42,0.45
WATE,2015-11-29 08:05:00 EST,42.87966,-76.81255,478,30.6,30.9,30.6,79.6,25.0,0.000,0.000,0.00,0.000,2.3,3.3,0.5,272,6,2.6,3.8,0.6,277,8,2.3,3.3,0.5,272,6,74,29.82,,0,0,0,38.5,43.2,47.1,0.35,0.42,0.44
WATE,2015-11-29 08:10:00 EST,42.87966,-76.81255,478,31.1,31.0,31.1,78.7,25.3,0.000,0.000,0.00,0.000,2.6,4.4,0.8,263,9,3.0,5.4,0.9,268,9,2.6,4.4,0.8,263,9,102,29.82,,0,0,0,38.5,43.2,47.1,0.35,0.42,0.44
WATE,2015-11-29 08:15:00 EST,42.87966,-76.81255,478,31.7,31.5,28.5,76.6,25.2,0.000,0.000,0.00,0.000,3.3,5.9,1.1,281,9,3.7,6.5,1.2,285,9,3.3,5.9,1.1,281,9,139,29.82,,0,0,0,38.4,43.2,47.1,0.35,0.42,0.45
WATE,2015-11-29 08:20:00 EST,42.87966,-76.81255,478,32.2,32.0,28.2,73.5,24.7,0.000,0.000,0.00,0.000,4.1,6.1,0.9,281,13,4.6,7.4,1.0,286,11,4.1,6.1,0.9,281,13,154,29.82,,0,0,0,38.3,43.2,47.1,0.35,0.42,0.44
WATE,2015-11-29 08:25:00 EST,42.87966,-76.81255,478,32.4,32.2,27.3,73.5,24.9,0.000,0.000,0.00,0.000,5.2,7.4,0.7,290,11,5.7,8.7,0.8,294,11,5.2,7.4,0.7,290,11,69,29.82,,0,0,0,38.3,43.2,47.1,0.35,0.42,0.45
WATE,2015-11-29 08:30:00 EST,42.87966,-76.81255,478,32.4,32.3,27.6,73.0,24.7,0.000,0.000,0.00,0.000,5.0,7.5,1.1,292,10,5.6,8.1,1.3,297,11,5.0,7.5,1.1,292,10,56,29.82,,0,0,0,38.3,43.2,47.1,0.35,0.42,0.44
WATE,2015-11-29 08:35:00 EST,42.87966,-76.81255,478,32.4,32.2,28.0,73.0,24.7,0.000,0.000,0.00,0.000,4.5,7.2,1.2,296,11,4.9,8.3,1.3,301,11,4.5,7.2,1.2,296,11,50,29.83,,0,0,0,38.3,43.2,47.0,0.35,0.42,0.45
WATE,2015-11-29 08:40:00 EST,42.87966,-76.81255,478,32.4,32.2,28.8,73.4,24.8,0.000,0.000,0.00,0.000,3.8,5.5,0.6,298,12,4.1,5.8,0.8,304,12,3.8,5.5,0.6,298,12,49,29.83,,0,0,0,38.3,43.2,47.0,0.35,0.42,0.45
WATE,2015-11-29 08:45:00 EST,42.87966,-76.81255,478,32.5,32.3,29.2,73.6,25.0,0.000,0.000,0.00,0.000,3.5,5.2,0.7,303,12,3.8,5.6,0.9,307,13,3.5,5.2,0.7,303,12,51,29.83,,0,0,0,38.3,43.1,47.0,0.35,0.42,0.44
WATE,2015-11-29 08:50:00 EST,42.87966,-76.81255,478,32.6,32.4,28.7,73.4,25.0,0.000,0.000,0.00,0.000,4.0,5.4,0.8,317,15,4.3,6.3,1.0,322,16,4.0,5.4,0.8,317,15,57,29.83,,0,0,0,38.3,43.2,47.0,0.35,0.42,0.45
WATE,2015-11-29 08:55:00 EST,42.87966,-76.81255,478,32.7,32.5,29.5,72.8,24.9,0.000,0.000,0.00,0.000,3.5,5.4,1.2,296,13,3.8,5.8,1.2,301,14,3.5,5.4,1.2,296,13,68,29.83,,0,0,0,38.3,43.1,47.0,0.35,0.42,0.44
WATE,2015-11-29 09:00:00 EST,42.87966,-76.81255,478,32.8,32.6,29.1,73.6,25.3,0.000,0.000,0.00,0.000,3.9,5.1,0.8,283,15,4.4,6.3,0.9,287,14,3.9,5.1,0.8,283,15,72,29.83,,0,0,0,38.3,43.1,47.0,0.35,0.42,0.45
WATE,2015-11-29 09:05:00 EST,42.87966,-76.81255,478,32.8,32.6,32.8,72.4,24.9,0.000,0.000,0.00,0.000,2.8,4.6,0.9,277,14,3.1,5.4,1.0,280,14,2.8,4.6,0.9,277,14,73,29.83,,0,0,0,38.3,43.1,47.0,0.35,0.42,0.45
WATE,2015-11-29 09:10:00 EST,42.87966,-76.81255,478,33.1,32.8,33.1,73.4,25.5,0.000,0.000,0.00,0.000,2.3,4.2,0.9,298,24,2.7,5.4,1.0,301,24,2.3,4.2,0.9,298,24,76,29.83,,0,0,0,38.4,43.1,47.0,0.35,0.42,0.44
WATE,2015-11-29 09:15:00 EST,42.87966,-76.81255,478,33.2,32.9,30.3,71.9,25.1,0.000,0.000,0.00,0.000,3.3,5.0,0.8,300,19,3.6,5.8,0.9,303,19,3.3,5.0,0.8,300,19,80,29.83,,0,0,0,38.5,43.1,47.0,0.35,0.42,0.45
WATE,2015-11-29 09:20:00 EST,42.87966,-76.81255,478,33.3,33.0,29.2,71.8,25.2,0.000,0.000,0.00,0.000,4.3,6.1,0.9,306,18,4.6,6.5,1.0,311,18,4.3,6.1,0.9,306,18,82,29.83,,0,0,0,38.5,43.0,47.0,0.35,0.42,0.44
WATE,2015-11-29 09:25:00 EST,42.87966,-76.81255,478,33.5,33.2,29.8,73.5,25.9,0.000,0.000,0.00,0.000,4.0,7.1,1.1,289,15,4.5,8.1,1.3,294,14,4.0,7.1,1.1,289,15,86,29.83,,0,0,0,38.5,43.0,47.0,0.35,0.42,0.45
WATE,2015-11-29 09:30:00 EST,42.87966,-76.81255,478,33.5,33.2,29.7,71.9,25.4,0.000,0.000,0.00,0.000,4.0,6.1,1.0,300,14,4.3,6.7,1.2,305,13,4.0,6.1,1.0,300,14,81,29.83,,0,0,0,38.6,43.0,47.0,0.35,0.42,0.44
WATE,2015-11-29 09:35:00 EST,42.87966,-76.81255,478,33.6,33.3,29.5,72.7,25.7,0.000,0.000,0.00,0.000,4.4,6.3,1.1,310,17,4.9,7.4,1.2,315,17,4.4,6.3,1.1,310,17,83,29.83,,0,0,0,38.6,43.0,46.9,0.35,0.42,0.45
WATE,2015-11-29 09:40:00 EST,42.87966,-76.81255,478,33.6,33.3,30.4,72.2,25.6,0.000,0.000,0.00,0.000,3.6,6.5,1.2,307,34,4.0,7.4,1.5,313,33,3.6,6.5,1.2,307,34,84,29.83,,0,0,0,38.7,43.0,47.0,0.35,0.42,0.45
WATE,2015-11-29 09:45:00 EST,42.87966,-76.81255,478,33.8,33.4,29.5,72.9,26.0,0.000,0.000,0.00,0.000,4.7,8.8,1.4,332,20,5.4,9.6,1.6,337,21,4.7,8.8,1.4,332,20,82,29.84,,0,0,0,38.7,43.0,46.9,0.35,0.42,0.45
WATE,2015-11-29 09:50:00 EST,42.87966,-76.81255,478,33.8,33.4,28.6,73.0,26.1,0.000,0.000,0.00,0.000,5.7,8.8,1.2,335,17,6.3,9.2,1.3,340,18,5.7,8.8,1.2,335,17,83,29.84,,0,0,0,38.8,43.0,47.0,0.35,0.42,0.44
WATE,2015-11-29 09:55:00 EST,42.87966,-76.81255,478,33.7,33.4,27.9,71.9,25.6,0.000,0.000,0.00,0.000,6.5,10.7,1.3,330,12,7.2,12.3,1.5,335,12,6.5,10.7,1.3,330,12,83,29.84,,0,0,0,38.8,43.0,47.0,0.35,0.42,0.44
WATE,2015-11-29 10:00:00 EST,42.87966,-76.81255,478,33.7,33.4,27.2,71.4,25.4,0.000,0.000,0.00,0.000,7.5,12.0,2.1,328,13,8.2,12.5,2.0,333,12,7.5,12.0,2.1,328,13,84,29.84,,0,0,0,38.8,43.0,47.0,0.35,0.42,0.44
WATE,2015-11-29 10:05:00 EST,42.87966,-76.81255,478,33.7,33.4,27.4,70.7,25.2,0.000,0.000,0.00,0.000,7.2,11.5,2.1,316,13,7.8,12.1,2.0,320,14,7.2,11.5,2.1,316,13,88,29.84,,0,0,0,38.9,43.0,47.0,0.35,0.42,0.45
WATE,2015-11-29 10:10:00 EST,42.87966,-76.81255,478,33.8,33.6,29.7,71.5,25.6,0.000,0.000,0.00,0.000,4.5,6.7,1.4,328,21,5.0,7.8,1.7,333,21,4.5,6.7,1.4,328,21,88,29.84,,0,0,0,39.0,43.0,47.0,0.35,0.42,0.45
WATE,2015-11-29 10:15:00 EST,42.87966,-76.81255,478,33.8,33.5,27.7,70.7,25.3,0.000,0.000,0.00,0.000,6.8,10.9,1.8,309,12,7.2,11.4,1.8,315,12,6.8,10.9,1.8,309,12,103,29.84,,0,0,0,39.0,42.9,46.9,0.35,0.42,0.44
WATE,2015-11-29 10:20:00 EST,42.87966,-76.81255,478,33.9,33.6,28.0,70.8,25.4,0.000,0.000,0.00,0.000,6.7,12.1,2.2,313,15,7.2,13.2,2.1,320,15,6.7,12.1,2.2,313,15,126,29.84,,0,0,0,39.0,42.9,47.0,0.35,0.42,0.45
WATE,2015-11-29 10:25:00 EST,42.87966,-76.81255,478,34.0,33.6,28.9,71.0,25.6,0.000,0.000,0.00,0.000,5.7,9.1,1.3,313,17,6.2,10.1,1.4,317,17,5.7,9.1,1.3,313,17,119,29.84,,0,0,0,39.0,42.9,46.9,0.35,0.42,0.45
WATE,2015-11-29 10:30:00 EST,42.87966,-76.81255,478,34.1,33.7,27.8,69.8,25.3,0.000,0.000,0.00,0.000,7.3,11.1,1.5,304,12,7.7,11.9,1.5,309,11,7.3,11.1,1.5,304,12,157,29.84,,0,0,0,39.1,42.8,46.9,0.35,0.42,0.44
WATE,2015-11-29 10:35:00 EST,42.87966,-76.81255,478,34.0,33.7,27.2,68.8,24.8,0.000,0.000,0.00,0.000,8.1,11.8,2.1,305,12,8.4,12.8,2.2,311,11,8.1,11.8,2.1,305,12,108,29.84,,0,0,0,39.2,42.8,46.9,0.35,0.42,0.44
WATE,2015-11-29 10:40:00 EST,42.87966,-76.81255,478,33.9,33.7,27.3,69.0,24.8,0.000,0.000,0.00,0.000,7.8,10.7,1.1,307,12,8.2,11.4,1.1,313,11,7.8,10.7,1.1,307,12,207,29.83,,0,0,0,39.2,42.8,46.9,0.35,0.42,0.45
WATE,2015-11-29 10:45:00 EST,42.87966,-76.81255,478,34.7,34.1,29.8,68.4,25.4,0.000,0.000,0.00,0.000,5.6,9.9,1.6,332,11,6.3,10.3,1.5,338,13,5.6,9.9,1.6,332,11,360,29.83,,0,0,0,39.2,42.8,46.9,0.35,0.42,0.44
WATE,2015-11-29 10:50:00 EST,42.87966,-76.81255,478,35.2,34.6,30.5,68.5,25.9,0.000,0.000,0.00,0.000,5.4,8.4,1.5,325,15,6.1,9.4,1.4,330,14,5.4,8.4,1.5,325,15,423,29.83,,0,0,0,39.2,42.8,46.9,0.35,0.42,0.45
WATE,2015-11-29 10:55:00 EST,42.87966,-76.81255,478,35.2,34.7,29.1,66.3,25.1,0.000,0.000,0.00,0.000,7.4,10.7,1.2,294,17,8.0,10.5,1.4,298,17,7.4,10.7,1.2,294,17,472,29.83,,0,0,0,39.2,42.8,46.9,0.35,0.42,0.44
WATE,2015-11-29 11:00:00 EST,42.87966,-76.81255,478,35.8,34.9,30.6,65.5,25.3,0.000,0.000,0.00,0.000,6.2,10.2,1.7,292,16,6.7,11.4,1.7,296,16,6.2,10.2,1.7,292,16,485,29.83,,0,0,0,39.3,42.8,46.9,0.35,0.42,0.44
WATE,2015-11-29 11:05:00 EST,42.87966,-76.81255,478,35.4,34.7,30.5,65.9,25.2,0.000,0.000,0.00,0.000,5.8,10.5,2.1,356,19,6.5,12.5,2.6,0,18,5.8,10.5,2.1,356,19,351,29.83,,0,0,0,39.4,42.8,46.9,0.35,0.42,0.44
WATE,2015-11-29 11:10:00 EST,42.87966,-76.81255,478,35.7,35.1,31.5,67.3,26.0,0.000,0.000,0.00,0.000,5.0,7.8,1.1,320,23,5.4,8.5,1.3,327,24,5.0,7.8,1.1,320,23,233,29.82,,0,0,0,39.5,42.8,46.9,0.35,0.42,0.44
WATE,2015-11-29 11:15:00 EST,42.87966,-76.81255,478,35.4,34.9,30.4,66.5,25.4,0.000,0.000,0.00,0.000,6.0,8.8,1.3,324,14,6.4,10.5,1.4,330,15,6.0,8.8,1.3,324,14,259,29.82,,0,0,0,39.7,42.8,46.9,0.35,0.42,0.44
WATE,2015-11-29 11:20:00 EST,42.87966,-76.81255,478,35.6,35.2,30.6,65.4,25.1,0.000,0.000,0.00,0.000,5.8,10.9,2.0,323,17,6.3,12.1,2.2,328,17,5.8,10.9,2.0,323,17,276,29.82,,0,0,0,39.9,42.8,46.9,0.35,0.42,0.44
WATE,2015-11-29 11:25:00 EST,42.87966,-76.81255,478,36.4,35.4,32.2,66.0,26.1,0.000,0.000,0.00,0.000,5.1,7.7,1.3,339,25,5.8,9.6,1.4,344,24,5.1,7.7,1.3,339,25,467,29.82,,0,0,0,40.0,42.8,46.9,0.35,0.42,0.45
WATE,2015-11-29 11:30:00 EST,42.87966,-76.81255,478,36.1,35.4,31.5,65.6,25.7,0.000,0.000,0.00,0.000,5.5,9.0,1.2,324,25,6.2,10.3,1.5,330,24,5.5,9.0,1.2,324,25,230,29.82,,0,0,0,40.2,42.8,46.9,0.35,0.42,0.44
WATE,2015-11-29 11:35:00 EST,42.87966,-76.81255,478,35.9,35.3,31.0,65.4,25.4,0.000,0.000,0.00,0.000,5.8,8.7,1.4,316,26,6.3,9.8,1.5,321,25,5.8,8.7,1.4,316,26,194,29.82,,0,0,0,40.3,42.8,46.9,0.35,0.42,0.44
WATE,2015-11-29 11:40:00 EST,42.87966,-76.81255,478,35.8,35.3,29.7,65.3,25.3,0.000,0.000,0.00,0.000,7.7,11.1,1.7,313,12,8.0,12.8,1.8,319,11,7.7,11.1,1.7,313,12,196,29.82,,0,0,0,40.4,42.8,46.9,0.35,0.42,0.44
WATE,2015-11-29 11:45:00 EST,42.87966,-76.81255,478,35.9,35.2,31.8,65.5,25.5,0.000,0.000,0.00,0.000,4.8,9.3,1.1,309,9,5.1,9.6,1.1,314,10,4.8,9.3,1.1,309,9,210,29.82,,0,0,0,40.6,42.8,46.9,0.35,0.42,0.44
WATE,2015-11-29 11:50:00 EST,42.87966,-76.81255,478,36.0,35.5,32.9,65.6,25.6,0.000,0.000,0.00,0.000,3.9,7.8,1.2,328,16,4.4,7.8,1.4,335,17,3.9,7.8,1.2,328,16,179,29.82,,0,0,0,40.7,42.8,46.9,0.35,0.42,0.44
WATE,2015-11-29 11:55:00 EST,42.87966,-76.81255,478,35.9,35.4,30.6,65.0,25.2,0.000,0.000,0.00,0.000,6.3,8.6,1.2,322,12,6.8,10.1,1.4,329,12,6.3,8.6,1.2,322,12,158,29.82,,0,0,0,40.8,42.8,46.9,0.35,0.42,0.44
WATE,2015-11-29 12:00:00 EST,42.87966,-76.81255,478,35.9,35.4,30.3,64.9,25.2,0.000,0.000,0.00,0.000,6.8,10.2,1.5,331,19,7.5,11.4,1.7,337,17,6.8,10.2,1.5,331,19,148,29.82,,0,0,0,41.0,42.8,46.9,0.35,0.42,0.44
WATE,2015-11-29 12:05:00 EST,42.87966,-76.81255,478,36.1,35.4,30.7,64.8,25.4,0.000,0.000,0.00,0.000,6.4,9.5,1.3,347,9,7.3,11.4,1.5,354,8,6.4,9.5,1.3,347,9,152,29.82,,0,0,0,41.0,42.8,46.9,0.35,0.42,0.45
WATE,2015-11-29 12:10:00 EST,42.87966,-76.81255,478,36.2,35.7,32.8,65.7,25.8,0.000,0.000,0.00,0.000,4.1,5.9,0.7,334,24,4.6,7.2,1.0,340,19,4.1,5.9,0.7,334,24,133,29.82,,0,0,0,41.1,42.8,46.9,0.35,0.42,0.44
WATE,2015-11-29 12:15:00 EST,42.87966,-76.81255,478,36.2,35.6,31.5,65.9,25.9,0.000,0.000,0.00,0.000,5.6,8.3,1.3,331,12,6.1,9.2,1.4,337,12,5.6,8.3,1.3,331,12,137,29.82,,0,0,0,41.2,42.8,46.9,0.35,0.42,0.44
WATE,2015-11-29 12:20:00 EST,42.87966,-76.81255,478,36.4,35.9,30.4,65.2,25.8,0.000,0.000,0.00,0.000,7.7,11.7,1.9,336,13,8.5,13.9,1.9,342,13,7.7,11.7,1.9,336,13,139,29.82,,0,0,0,41.2,42.8,46.9,0.35,0.42,0.44
WATE,2015-11-29 12:25:00 EST,42.87966,-76.81255,478,36.1,35.7,29.1,63.2,24.7,0.000,0.000,0.00,0.000,9.3,14.1,2.1,325,14,9.9,15.4,2.1,330,13,9.3,14.1,2.1,325,14,117,29.82,,0,0,0,41.3,42.8,46.9,0.35,0.42,0.44
WATE,2015-11-29 12:30:00 EST,42.87966,-76.81255,478,35.9,35.6,29.8,62.9,24.5,0.000,0.000,0.00,0.000,7.5,11.9,1.5,323,13,8.1,12.3,1.5,330,12,7.5,11.9,1.5,323,13,121,29.82,,0,0,0,41.4,42.7,46.9,0.35,0.42,0.44
WATE,2015-11-29 12:35:00 EST,42.87966,-76.81255,478,36.0,35.6,30.3,63.3,24.7,0.000,0.000,0.00,0.000,7.0,9.6,1.2,318,13,7.5,10.5,1.3,323,12,7.0,9.6,1.2,318,13,172,29.82,,0,0,0,41.4,42.7,46.9,0.35,0.42,0.44
WATE,2015-11-29 12:40:00 EST,42.87966,-76.81255,478,36.2,35.8,31.4,63.3,25.0,0.000,0.000,0.00,0.000,5.8,9.5,1.4,321,12,6.2,10.5,1.3,327,12,5.8,9.5,1.4,321,12,187,29.82,,0,0,0,41.4,42.8,46.9,0.35,0.42,0.44
WATE,2015-11-29 12:45:00 EST,42.87966,-76.81255,478,36.4,36.0,30.0,64.8,25.7,0.000,0.000,0.00,0.000,8.4,12.5,1.7,341,12,9.3,16.3,2.0,347,10,8.4,12.5,1.7,341,12,141,29.82,,0,0,0,41.4,42.8,46.9,0.35,0.42,0.44
WATE,2015-11-29 12:50:00 EST,42.87966,-76.81255,478,36.2,35.8,30.3,65.3,25.7,0.000,0.000,0.00,0.000,7.5,11.3,1.8,339,12,8.5,13.0,1.9,345,11,7.5,11.3,1.8,339,12,143,29.82,,0,0,0,41.4,42.8,46.9,0.35,0.42,0.44
WATE,2015-11-29 12:55:00 EST,42.87966,-76.81255,478,36.4,35.9,30.7,63.9,25.3,0.000,0.000,0.00,0.000,7.2,10.4,1.6,328,14,7.8,11.4,1.5,334,14,7.2,10.4,1.6,328,14,176,29.82,,0,0,0,41.4,42.8,46.9,0.35,0.42,0.44
WATE,2015-11-29 13:00:00 EST,42.87966,-76.81255,478,36.4,36.0,29.7,63.4,25.2,0.000,0.000,0.00,0.000,9.0,12.4,1.5,325,12,9.4,13.9,1.7,331,12,9.0,12.4,1.5,325,12,168,29.82,,0,0,0,41.4,42.8,46.9,0.35,0.42,0.44
WATE,2015-11-29 13:05:00 EST,42.87966,-76.81255,478,36.7,36.2,30.0,64.3,25.8,0.000,0.000,0.00,0.000,9.1,13.4,2.0,339,15,10.1,15.0,2.3,346,11,9.1,13.4,2.0,339,15,155,29.82,,0,0,0,41.4,42.8,46.9,0.35,0.42,0.44
WATE,2015-11-29 13:10:00 EST,42.87966,-76.81255,478,36.4,35.9,29.4,63.5,25.2,0.000,0.000,0.00,0.000,9.4,13.9,1.8,335,12,10.4,15.4,2.0,341,10,9.4,13.9,1.8,335,12,128,29.82,,0,0,0,41.4,42.8,46.9,0.35,0.42,0.44
WATE,2015-11-29 13:15:00 EST,42.87966,-76.81255,478,36.0,35.6,29.4,64.1,25.0,0.000,0.000,0.00,0.000,8.5,14.5,2.3,329,9,9.2,14.8,2.4,334,8,8.5,14.5,2.3,329,9,95,29.82,,0,0,0,41.4,42.8,46.9,0.35,0.42,0.44
WATE,2015-11-29 13:20:00 EST,42.87966,-76.81255,478,36.0,35.7,29.9,64.1,25.1,0.000,0.000,0.00,0.000,7.7,11.7,1.8,316,13,8.2,13.2,1.9,320,13,7.7,11.7,1.8,316,13,181,29.83,,0,0,0,41.4,42.8,46.9,0.35,0.42,0.44
WATE,2015-11-29 13:25:00 EST,42.87966,-76.81255,478,36.4,36.0,30.1,63.4,25.2,0.000,0.000,0.00,0.000,8.2,12.3,1.9,310,13,8.6,13.4,1.9,315,13,8.2,12.3,1.9,310,13,181,29.82,,0,0,0,41.4,42.8,46.9,0.35,0.42,0.44
WATE,2015-11-29 13:30:00 EST,42.87966,-76.81255,478,36.4,36.0,30.1,63.1,25.1,0.000,0.000,0.00,0.000,8.3,13.8,2.2,324,13,8.8,15.2,2.2,328,14,8.3,13.8,2.2,324,13,150,29.82,,0,0,0,41.4,42.8,46.9,0.35,0.42,0.44
WATE,2015-11-29 13:35:00 EST,42.87966,-76.81255,478,36.3,35.9,28.7,63.0,24.9,0.000,0.000,0.00,0.000,10.7,16.4,2.1,325,11,11.6,17.9,2.1,330,11,10.7,16.4,2.1,325,11,128,29.82,,0,0,0,41.4,42.8,46.9,0.35,0.42,0.44
WATE,2015-11-29 13:40:00 EST,42.87966,-76.81255,478,36.0,35.7,28.9,63.1,24.7,0.000,0.000,0.00,0.000,9.7,14.4,2.2,336,15,10.7,15.9,2.3,342,12,9.7,14.4,2.2,336,15,111,29.82,,0,0,0,41.4,42.8,46.9,0.35,0.42,0.44
WATE,2015-11-29 13:45:00 EST,42.87966,-76.81255,478,36.0,35.6,28.9,62.8,24.5,0.000,0.000,0.00,0.000,9.6,13.4,2.0,331,9,10.4,14.8,2.0,337,9,9.6,13.4,2.0,331,9,160,29.82,,0,0,0,41.5,42.8,46.9,0.35,0.42,0.44
WATE,2015-11-29 13:50:00 EST,42.87966,-76.81255,478,36.3,35.9,29.9,63.2,25.0,0.000,0.000,0.00,0.000,8.4,12.3,1.7,311,14,8.9,12.8,1.7,316,14,8.4,12.3,1.7,311,14,139,29.82,,0,0,0,41.4,42.8,46.8,0.35,0.42,0.44
WATE,2015-11-29 13:55:00 EST,42.87966,-76.81255,478,36.3,35.9,30.3,64.4,25.5,0.000,0.000,0.00,0.000,7.8,11.3,1.5,330,21,8.7,12.3,1.5,337,21,7.8,11.3,1.5,330,21,103,29.82,,0,0,0,41.4,42.8,46.8,0.35,0.42,0.44
WATE,2015-11-29 14:00:00 EST,42.87966,-76.81255,478,36.2,35.8,28.7,64.3,25.3,0.000,0.000,0.00,0.000,10.6,15.2,1.9,357,15,11.9,17.2,2.3,1,9,10.6,15.2,1.9,357,15,107,29.82,,0,0,0,41.4,42.8,46.8,0.35,0.42,0.44
WATE,2015-11-29 14:05:00 EST,42.87966,-76.81255,478,36.0,35.6,28.3,63.9,25.0,0.000,0.000,0.00,0.000,10.8,15.7,1.9,348,16,12.1,17.0,2.1,355,8,10.8,15.7,1.9,348,16,113,29.82,,0,0,0,41.4,42.8,46.8,0.35,0.42,0.44
WATE,2015-11-29 14:10:00 EST,42.87966,-76.81255,478,35.9,35.4,28.5,63.8,24.8,0.000,0.000,0.00,0.000,10.1,15.3,2.2,352,17,11.3,17.9,2.6,357,11,10.1,15.3,2.2,352,17,119,29.82,,0,0,0,41.4,42.8,46.8,0.35,0.42,0.44
WATE,2015-11-29 14:15:00 EST,42.87966,-76.81255,478,35.9,35.3,28.1,65.3,25.4,0.000,0.000,0.00,0.000,11.1,14.5,2.1,1,13,12.6,16.6,2.2,5,5,11.1,14.5,2.1,1,13,140,29.81,,0,0,0,41.4,42.8,46.8,0.35,0.42,0.44
WATE,2015-11-29 14:20:00 EST,42.87966,-76.81255,478,35.8,35.4,29.5,65.5,25.4,0.000,0.000,0.00,0.000,8.1,12.3,1.9,2,13,9.2,14.3,2.1,5,10,8.1,12.3,1.9,2,13,111,29.81,,0,0,0,41.4,42.8,46.8,0.35,0.42,0.44
WATE,2015-11-29 14:25:00 EST,42.87966,-76.81255,478,35.9,35.4,29.5,64.8,25.2,0.000,0.000,0.00,0.000,8.2,13.3,1.6,357,17,9.3,16.6,2.0,2,10,8.2,13.3,1.6,357,17,107,29.81,,0,0,0,41.4,42.8,46.8,0.35,0.42,0.44
WATE,2015-11-29 14:30:00 EST,42.87966,-76.81255,478,36.0,35.5,29.8,64.7,25.3,0.000,0.000,0.00,0.000,7.8,12.3,2.2,359,22,8.9,14.3,2.4,3,13,7.8,12.3,2.2,359,22,103,29.81,,0,0,0,41.4,42.8,46.8,0.35,0.42,0.44
WATE,2015-11-29 14:35:00 EST,42.87966,-76.81255,478,36.0,35.6,29.4,64.1,25.1,0.000,0.000,0.00,0.000,8.8,12.9,2.4,2,16,9.9,14.3,2.8,6,9,8.8,12.9,2.4,2,16,96,29.82,,0,0,0,41.4,42.8,46.8,0.35,0.42,0.44
WATE,2015-11-29 14:40:00 EST,42.87966,-76.81255,478,36.1,35.6,29.7,64.6,25.3,0.000,0.000,0.00,0.000,8.1,10.2,1.1,356,12,9.1,11.6,1.4,1,8,8.1,10.2,1.1,356,12,91,29.82,,0,0,0,41.4,42.8,46.8,0.35,0.42,0.45
WATE,2015-11-29 14:45:00 EST,42.87966,-76.81255,478,36.0,35.6,30.5,63.7,24.9,0.000,0.000,0.00,0.000,6.7,9.8,1.4,346,17,7.6,11.2,1.5,350,15,6.7,9.8,1.4,346,17,86,29.82,,0,0,0,41.3,42.8,46.8,0.35,0.42,0.45
WATE,2015-11-29 14:50:00 EST,42.87966,-76.81255,478,36.0,35.6,28.6,64.1,25.0,0.000,0.000,0.00,0.000,10.1,14.9,2.1,353,18,11.6,16.1,2.4,359,8,10.1,14.9,2.1,353,18,80,29.82,,0,0,0,41.3,42.8,46.8,0.35,0.42,0.44
WATE,2015-11-29 14:55:00 EST,42.87966,-76.81255,478,35.8,35.4,29.2,63.6,24.6,0.000,0.000,0.00,0.000,8.5,11.5,1.3,344,16,9.6,13.4,1.6,349,14,8.5,11.5,1.3,344,16,78,29.82,,0,0,0,41.3,42.9,46.8,0.35,0.42,0.44
WATE,2015-11-29 15:00:00 EST,42.87966,-76.81255,478,35.8,35.4,28.8,64.5,25.0,0.000,0.000,0.00,0.000,9.3,12.4,1.8,354,22,10.5,15.0,2.0,358,9,9.3,12.4,1.8,354,22,73,29.82,,0,0,0,41.2,42.9,46.8,0.35,0.42,0.44
WATE,2015-11-29 15:05:00 EST,42.87966,-76.81255,478,35.7,35.4,29.6,64.8,25.0,0.000,0.000,0.00,0.000,7.6,11.4,1.5,352,16,8.7,14.3,1.7,357,13,7.6,11.4,1.5,352,16,70,29.82,,0,0,0,41.2,42.9,46.8,0.35,0.42,0.44
WATE,2015-11-29 15:10:00 EST,42.87966,-76.81255,478,35.6,35.3,28.8,61.4,23.6,0.000,0.000,0.00,0.000,8.7,13.3,1.9,340,21,9.9,17.2,2.4,348,9,8.7,13.3,1.9,340,21,65,29.83,,0,0,0,41.2,42.8,46.8,0.35,0.42,0.44
WATE,2015-11-29 15:15:00 EST,42.87966,-76.81255,478,35.5,35.3,28.4,58.9,22.5,0.000,0.000,0.00,0.000,9.4,14.5,2.2,349,19,10.8,16.6,2.5,354,9,9.4,14.5,2.2,349,19,65,29.83,,0,0,0,41.2,42.9,46.8,0.35,0.42,0.44
WATE,2015-11-29 15:20:00 EST,42.87966,-76.81255,478,35.4,35.2,27.6,58.1,22.1,0.000,0.000,0.00,0.000,10.7,18.1,2.9,352,12,12.2,20.8,3.4,357,9,10.7,18.1,2.9,352,12,56,29.83,,0,0,0,41.2,42.9,46.8,0.35,0.42,0.45
WATE,2015-11-29 15:25:00 EST,42.87966,-76.81255,478,35.2,35.2,27.3,57.5,21.7,0.000,0.000,0.00,0.000,10.9,15.3,2.1,354,17,12.3,17.9,2.4,359,7,10.9,15.3,2.1,354,17,45,29.82,,0,0,0,41.1,42.9,46.8,0.35,0.42,0.44
WATE,2015-11-29 15:30:00 EST,42.87966,-76.81255,478,35.0,35.0,28.4,57.3,21.4,0.000,0.000,0.00,0.000,8.2,11.2,1.5,350,18,9.3,14.1,1.8,355,9,8.2,11.2,1.5,350,18,32,29.83,,0,0,0,41.0,43.0,46.8,0.35,0.42,0.44
WATE,2015-11-29 15:35:00 EST,42.87966,-76.81255,478,34.6,34.8,29.3,59.8,22.0,0.000,0.000,0.00,0.000,5.9,8.8,1.1,344,14,7.0,9.8,1.3,351,10,5.9,8.8,1.1,344,14,25,29.83,,0,0,0,41.0,43.0,46.8,0.35,0.42,0.44
WATE,2015-11-29 15:40:00 EST,42.87966,-76.81255,478,34.3,34.5,28.5,60.3,22.0,0.000,0.000,0.00,0.000,6.7,10.7,1.2,350,17,7.6,13.2,1.5,354,9,6.7,10.7,1.2,350,17,21,29.83,,0,0,0,41.0,43.0,46.8,0.35,0.42,0.44
WATE,2015-11-29 15:45:00 EST,42.87966,-76.81255,478,34.1,34.4,28.9,61.2,22.1,0.000,0.000,0.00,0.000,5.7,8.2,1.2,355,12,6.7,10.3,1.5,359,10,5.7,8.2,1.2,355,12,21,29.83,,0,0,0,40.9,42.9,46.8,0.35,0.42,0.45
WATE,2015-11-29 15:50:00 EST,42.87966,-76.81255,478,33.6,34.1,27.5,65.4,23.3,0.000,0.000,0.00,0.000,6.9,9.6,1.1,0,17,7.8,11.0,1.2,4,5,6.9,9.6,1.1,0,17,20,29.83,,0,0,0,40.8,43.0,46.8,0.35,0.42,0.44
WATE,2015-11-29 15:55:00 EST,42.87966,-76.81255,478,33.3,33.7,27.8,67.3,23.6,0.000,0.000,0.00,0.000,6.0,7.8,0.8,360,8,6.9,9.2,1.0,3,6,6.0,7.8,0.8,360,8,19,29.83,,0,0,0,40.7,43.0,46.8,0.35,0.42,0.44
WATE,2015-11-29 16:00:00 EST,42.87966,-76.81255,478,33.1,33.6,26.8,68.3,23.8,0.000,0.000,0.00,0.000,7.0,9.0,0.8,352,11,7.9,10.1,1.0,357,6,7.0,9.0,0.8,352,11,19,29.83,,0,0,0,40.6,43.0,46.7,0.35,0.42,0.44
WATE,2015-11-29 16:05:00 EST,42.87966,-76.81255,478,33.2,33.6,27.8,67.0,23.5,0.000,0.000,0.00,0.000,5.8,7.7,0.9,348,16,6.7,9.2,1.2,354,8,5.8,7.7,0.9,348,16,19,29.83,,0,0,0,40.6,43.0,46.8,0.35,0.42,0.44
WATE,2015-11-29 16:10:00 EST,42.87966,-76.81255,478,33.1,33.6,28.8,67.2,23.4,0.000,0.000,0.00,0.000,4.6,6.5,0.8,349,15,5.4,8.9,1.0,356,8,4.6,6.5,0.8,349,15,16,29.83,,0,0,0,40.5,43.0,46.8,0.35,0.42,0.45
WATE,2015-11-29 16:15:00 EST,42.87966,-76.81255,478,33.2,33.7,28.4,67.6,23.6,0.000,0.000,0.00,0.000,5.1,8.8,1.3,351,15,6.1,10.7,1.5,357,9,5.1,8.8,1.3,351,15,12,29.84,,0,0,0,40.4,43.0,46.8,0.35,0.42,0.45
WATE,2015-11-29 16:20:00 EST,42.87966,-76.81255,478,33.1,33.5,30.1,67.2,23.3,0.000,0.000,0.00,0.000,3.3,4.7,0.6,354,9,4.0,5.6,0.8,357,8,3.3,4.7,0.6,354,9,8,29.85,,0,0,0,40.3,43.0,46.8,0.35,0.42,0.45
WATE,2015-11-29 16:25:00 EST,42.87966,-76.81255,478,32.6,33.3,29.9,69.1,23.6,0.000,0.000,0.00,0.000,3.1,3.9,0.3,358,7,3.8,4.7,0.4,4,6,3.1,3.9,0.3,358,7,6,29.84,,0,0,0,40.2,43.0,46.8,0.35,0.42,0.44
WATE,2015-11-29 16:30:00 EST,42.87966,-76.81255,478,32.4,33.2,32.4,69.4,23.5,0.000,0.000,0.00,0.000,3.0,4.1,0.5,8,14,3.6,5.4,0.7,12,12,3.0,4.1,0.5,8,14,5,29.85,,0,0,0,40.1,43.0,46.7,0.35,0.42,0.44
WATE,2015-11-29 16:35:00 EST,42.87966,-76.81255,478,32.1,33.3,32.1,70.5,23.6,0.000,0.000,0.00,0.000,2.5,4.7,0.5,5,11,3.1,5.4,0.5,10,10,2.5,4.7,0.5,5,11,3,29.85,,0,0,0,39.9,43.0,46.7,0.35,0.42,0.44
WATE,2015-11-29 16:40:00 EST,42.87966,-76.81255,478,31.7,33.0,28.6,72.3,23.8,0.000,0.000,0.00,0.000,3.2,4.4,0.5,4,8,3.9,5.6,0.6,9,7,3.2,4.4,0.5,4,8,2,29.85,,0,0,0,39.9,43.0,46.8,0.35,0.42,0.44
WATE,2015-11-29 16:45:00 EST,42.87966,-76.81255,478,31.5,33.0,28.4,73.7,24.1,0.000,0.000,0.00,0.000,3.2,4.2,0.5,2,15,3.9,5.1,0.6,7,8,3.2,4.2,0.5,2,15,1,29.85,,0,0,0,39.8,43.0,46.7,0.35,0.42,0.44
WATE,2015-11-29 16:50:00 EST,42.87966,-76.81255,478,31.6,32.9,27.9,71.6,23.5,0.000,0.000,0.00,0.000,3.7,5.0,0.5,351,8,4.4,7.2,0.7,356,6,3.7,5.0,0.5,351,8,1,29.85,,0,0,0,39.7,43.0,46.8,0.35,0.42,0.44
WATE,2015-11-29 16:55:00 EST,42.87966,-76.81255,478,31.3,32.7,28.0,72.1,23.4,0.000,0.000,0.00,0.000,3.4,4.5,0.5,335,8,3.8,5.4,0.7,341,9,3.4,4.5,0.5,335,8,0,29.85,,0,0,0,39.6,43.0,46.8,0.35,0.42,0.44
WATE,2015-11-29 17:00:00 EST,42.87966,-76.81255,478,31.3,32.7,27.9,71.9,23.2,0.000,0.000,0.00,0.000,3.4,4.9,0.4,344,6,4.2,5.4,0.6,349,6,3.4,4.9,0.4,344,6,0,29.85,,0,0,0,39.6,43.0,46.7,0.35,0.42,0.44
WATE,2015-11-29 17:05:00 EST,42.87966,-76.81255,478,31.7,32.7,31.7,70.6,23.2,0.000,0.000,0.00,0.000,2.9,4.2,0.5,342,11,3.5,5.4,0.7,346,9,2.9,4.2,0.5,342,11,0,29.86,,0,0,0,39.5,43.0,46.8,0.35,0.42,0.44
WATE,2015-11-29 17:10:00 EST,42.87966,-76.81255,478,31.4,32.6,31.4,70.3,22.9,0.000,0.000,0.00,0.000,2.5,3.7,0.4,329,7,2.8,4.0,0.5,333,8,2.5,3.7,0.4,329,7,0,29.86,,0,0,0,39.4,43.0,46.7,0.35,0.42,0.45
WATE,2015-11-29 17:15:00 EST,42.87966,-76.81255,478,30.8,32.3,30.8,71.7,22.7,0.000,0.000,0.00,0.000,1.7,2.4,0.2,316,8,1.8,2.7,0.3,319,8,1.7,2.4,0.2,316,8,0,29.86,,0,0,0,39.3,43.0,46.8,0.35,0.42,0.45
WATE,2015-11-29 17:20:00 EST,42.87966,-76.81255,478,29.8,32.2,29.8,73.5,22.4,0.000,0.000,0.00,0.000,2.2,2.9,0.3,304,7,2.2,3.1,0.3,309,8,2.2,2.9,0.3,304,7,0,29.86,,0,0,0,39.2,43.0,46.8,0.35,0.42,0.44
WATE,2015-11-29 17:25:00 EST,42.87966,-76.81255,478,29.5,32.1,29.5,74.6,22.4,0.000,0.000,0.00,0.000,2.1,2.8,0.3,308,10,2.1,2.9,0.4,312,10,2.1,2.8,0.3,308,10,0,29.86,,0,0,0,39.2,43.0,46.8,0.35,0.42,0.44
WATE,2015-11-29 17:30:00 EST,42.87966,-76.81255,478,28.9,31.8,28.9,75.7,22.2,0.000,0.000,0.00,0.000,1.3,1.9,0.2,305,8,1.5,2.2,0.3,309,10,1.3,1.9,0.2,305,8,0,29.86,,0,0,0,39.2,43.0,46.7,0.35,0.42,0.44
WATE,2015-11-29 17:35:00 EST,42.87966,-76.81255,478,29.0,31.8,29.0,77.1,22.7,0.000,0.000,0.00,0.000,1.0,1.6,0.2,308,17,1.3,2.2,0.2,313,14,1.0,1.6,0.2,308,17,0,29.85,,0,0,0,39.2,43.0,46.8,0.35,0.42,0.44
WATE,2015-11-29 17:40:00 EST,42.87966,-76.81255,478,29.1,31.8,29.1,77.1,22.9,0.000,0.000,0.00,0.000,1.3,1.9,0.3,319,6,1.5,2.0,0.2,321,8,1.3,1.9,0.3,319,6,0,29.85,,0,0,0,39.2,43.0,46.8,0.35,0.42,0.44
WATE,2015-11-29 17:45:00 EST,42.87966,-76.81255,478,28.2,31.6,28.2,78.3,22.3,0.000,0.000,0.00,0.000,1.2,1.5,0.1,316,0,1.3,1.8,0.2,311,5,1.2,1.5,0.1,316,0,0,29.85,,0,0,0,39.1,43.0,46.8,0.35,0.42,0.44
WATE,2015-11-29 17:50:00 EST,42.87966,-76.81255,478,27.8,31.4,27.8,80.6,22.6,0.000,0.000,0.00,0.000,1.2,1.4,0.2,296,12,1.5,1.8,0.2,293,11,1.2,1.4,0.2,296,12,0,29.85,,0,0,0,39.0,43.0,46.8,0.35,0.42,0.44
WATE,2015-11-29 17:55:00 EST,42.87966,-76.81255,478,27.4,30.9,27.4,83.2,23.0,0.000,0.000,0.00,0.000,1.3,1.5,0.1,287,0,1.5,1.8,0.1,301,4,1.3,1.5,0.1,287,0,0,29.86,,0,0,0,39.0,43.0,46.7,0.35,0.42,0.44
WATE,2015-11-29 18:00:00 EST,42.87966,-76.81255,478,27.1,30.7,27.1,85.4,23.3,0.000,0.000,0.00,0.000,1.5,1.8,0.1,296,7,1.7,2.0,0.1,302,5,1.5,1.8,0.1,296,7,0,29.86,,0,0,0,38.9,43.0,46.8,0.35,0.42,0.44
WATE,2015-11-29 18:05:00 EST,42.87966,-76.81255,478,27.0,30.3,27.0,86.2,23.5,0.000,0.000,0.00,0.000,1.2,1.5,0.3,291,4,1.6,2.0,0.2,280,15,1.2,1.5,0.3,291,4,0,29.86,,0,0,0,38.8,43.0,46.7,0.35,0.42,0.44
WATE,2015-11-29 18:10:00 EST,42.87966,-76.81255,478,26.8,30.0,26.8,87.0,23.5,0.000,0.000,0.00,0.000,0.6,0.9,0.1,288,0,1.4,1.8,0.1,254,6,0.6,0.9,0.1,288,0,0,29.86,,0,0,0,38.8,43.0,46.7,0.35,0.42,0.44
WATE,2015-11-29 18:15:00 EST,42.87966,-76.81255,478,27.2,29.9,27.2,85.3,23.4,0.000,0.000,0.00,0.000,1.2,1.7,0.3,280,6,1.6,2.0,0.2,280,16,1.2,1.7,0.3,280,6,0,29.86,,0,0,0,38.7,43.0,46.7,0.35,0.42,0.44
WATE,2015-11-29 18:20:00 EST,42.87966,-76.81255,478,27.1,30.3,27.1,85.3,23.3,0.000,0.000,0.00,0.000,1.6,2.2,0.2,290,1,1.9,2.7,0.2,297,5,1.6,2.2,0.2,290,1,0,29.86,,0,0,0,38.7,43.0,46.7,0.35,0.42,0.44
WATE,2015-11-29 18:25:00 EST,42.87966,-76.81255,478,26.9,30.3,26.9,86.1,23.3,0.000,0.000,0.00,0.000,1.3,1.5,0.1,296,1,1.5,1.8,0.1,304,5,1.3,1.5,0.1,296,1,0,29.86,,0,0,0,38.6,43.0,46.7,0.35,0.42,0.44
WATE,2015-11-29 18:30:00 EST,42.87966,-76.81255,478,26.6,30.2,26.6,86.1,23.0,0.000,0.000,0.00,0.000,1.2,1.5,0.1,297,2,1.5,1.8,0.1,298,7,1.2,1.5,0.1,297,2,0,29.86,,0,0,0,38.6,43.0,46.7,0.35,0.42,0.44
WATE,2015-11-29 18:35:00 EST,42.87966,-76.81255,478,26.6,30.2,26.6,86.7,23.2,0.000,0.000,0.00,0.000,1.2,1.5,0.1,299,2,1.4,1.8,0.1,305,10,1.2,1.5,0.1,299,2,0,29.86,,0,0,0,38.5,43.0,46.7,0.35,0.42,0.44
WATE,2015-11-29 18:40:00 EST,42.87966,-76.81255,478,26.5,30.0,26.5,86.7,23.1,0.000,0.000,0.00,0.000,1.5,1.8,0.1,300,1,1.6,2.0,0.1,304,5,1.5,1.8,0.1,300,1,0,29.86,,0,0,0,38.5,42.9,46.7,0.35,0.42,0.44
WATE,2015-11-29 18:45:00 EST,42.87966,-76.81255,478,26.2,30.1,26.2,87.7,23.1,0.000,0.000,0.00,0.000,1.3,1.8,0.1,303,2,1.6,2.0,0.2,305,7,1.3,1.8,0.1,303,2,0,29.86,,0,0,0,38.4,42.9,46.7,0.35,0.42,0.44
WATE,2015-11-29 18:50:00 EST,42.87966,-76.81255,478,26.2,30.0,26.2,88.5,23.2,0.000,0.000,0.00,0.000,1.2,1.5,0.1,292,9,1.5,1.8,0.1,289,11,1.2,1.5,0.1,292,9,0,29.86,,0,0,0,38.3,42.9,46.7,0.35,0.42,0.44
WATE,2015-11-29 18:55:00 EST,42.87966,-76.81255,478,25.7,29.8,25.7,88.7,22.8,0.000,0.000,0.00,0.000,1.3,1.7,0.2,274,1,1.7,2.0,0.2,273,8,1.3,1.7,0.2,274,1,0,29.86,,0,0,0,38.3,42.9,46.7,0.35,0.42,0.44
WATE,2015-11-29 19:00:00 EST,42.87966,-76.81255,478,25.5,30.1,25.5,88.6,22.6,0.000,0.000,0.00,0.000,2.1,2.3,0.2,274,1,2.4,2.7,0.2,276,6,2.1,2.3,0.2,274,1,0,29.86,,0,0,0,38.3,42.8,46.7,0.35,0.42,0.44
WATE,2015-11-29 19:05:00 EST,42.87966,-76.81255,478,26.0,30.4,26.0,89.0,23.2,0.000,0.000,0.00,0.000,1.8,2.2,0.2,291,9,1.9,2.5,0.3,303,11,1.8,2.2,0.2,291,9,0,29.86,,0,0,0,38.2,42.8,46.7,0.35,0.42,0.44
WATE,2015-11-29 19:10:00 EST,42.87966,-76.81255,478,26.1,30.3,26.1,87.8,23.0,0.000,0.000,0.00,0.000,1.7,2.0,0.3,319,2,1.8,2.2,0.2,321,8,1.7,2.0,0.3,319,2,0,29.86,,0,0,0,38.1,42.8,46.7,0.35,0.42,0.44
WATE,2015-11-29 19:15:00 EST,42.87966,-76.81255,478,25.6,29.7,25.6,87.3,22.4,0.000,0.000,0.00,0.000,1.1,1.9,0.4,313,0,1.4,2.2,0.3,301,7,1.1,1.9,0.4,313,0,0,29.87,,0,0,0,38.1,42.8,46.7,0.35,0.42,0.44
WATE,2015-11-29 19:20:00 EST,42.87966,-76.81255,478,25.4,29.6,25.4,87.9,22.3,0.000,0.000,0.00,0.000,0.7,1.2,0.3,296,18,1.4,1.8,0.2,277,9,0.7,1.2,0.3,296,18,0,29.87,,0,0,0,38.1,42.8,46.7,0.35,0.42,0.44
WATE,2015-11-29 19:25:00 EST,42.87966,-76.81255,478,25.8,29.3,25.8,89.9,23.3,0.000,0.000,0.00,0.000,0.7,1.1,0.1,277,0,1.2,1.6,0.2,265,9,0.7,1.1,0.1,277,0,0,29.87,,0,0,0,38.0,42.8,46.7,0.35,0.42,0.44
WATE,2015-11-29 19:30:00 EST,42.87966,-76.81255,478,26.2,29.4,26.2,90.3,23.8,0.000,0.000,0.00,0.000,1.1,1.3,0.1,277,0,1.4,1.8,0.1,270,5,1.1,1.3,0.1,277,0,0,29.87,,0,0,0,37.9,42.8,46.7,0.35,0.42,0.44
WATE,2015-11-29 19:35:00 EST,42.87966,-76.81255,478,26.8,29.5,26.8,89.7,24.2,0.000,0.000,0.00,0.000,0.8,1.2,0.2,277,0,1.2,1.8,0.2,270,7,0.8,1.2,0.2,277,0,0,29.87,,0,0,0,37.9,42.8,46.7,0.35,0.42,0.44
WATE,2015-11-29 19:40:00 EST,42.87966,-76.81255,478,27.5,29.6,27.5,89.7,24.9,0.000,0.000,0.00,0.000,0.4,1.4,0.4,285,4,1.0,2.0,0.3,279,10,0.4,1.4,0.4,285,4,0,29.87,,0,0,0,37.9,42.8,46.7,0.35,0.42,0.44
WATE,2015-11-29 19:45:00 EST,42.87966,-76.81255,478,27.7,29.7,27.7,89.5,25.1,0.000,0.000,0.00,0.000,0.6,0.9,0.2,288,0,1.2,1.6,0.2,269,5,0.6,0.9,0.2,288,0,0,29.87,,0,0,0,37.8,42.8,46.6,0.35,0.42,0.44
WATE,2015-11-29 19:50:00 EST,42.87966,-76.81255,478,28.0,30.0,28.0,90.3,25.5,0.000,0.000,0.00,0.000,0.2,0.9,0.3,288,0,0.8,1.3,0.2,282,13,0.2,0.9,0.3,288,0,0,29.87,,0,0,0,37.8,42.8,46.7,0.35,0.42,0.44
WATE,2015-11-29 19:55:00 EST,42.87966,-76.81255,478,28.3,30.0,28.3,89.2,25.5,0.000,0.000,0.00,0.000,1.2,1.5,0.2,279,10,1.6,2.0,0.3,276,16,1.2,1.5,0.2,279,10,0,29.87,,0,0,0,37.8,42.8,46.7,0.35,0.42,0.44
WATE,2015-11-29 20:00:00 EST,42.87966,-76.81255,478,28.6,30.2,28.6,89.5,25.9,0.000,0.000,0.00,0.000,0.6,1.3,0.5,266,0,1.1,1.8,0.3,278,10,0.6,1.3,0.5,266,0,0,29.87,,0,0,0,37.8,42.8,46.6,0.35,0.42,0.44
WATE,2015-11-29 20:05:00 EST,42.87966,-76.81255,478,28.9,30.3,28.9,90.3,26.4,0.000,0.000,0.00,0.000,0.1,0.6,0.2,266,0,0.8,1.1,0.2,277,21,0.1,0.6,0.2,266,0,0,29.87,,0,0,0,37.8,42.7,46.6,0.35,0.42,0.44
WATE,2015-11-29 20:10:00 EST,42.87966,-76.81255,478,29.1,30.6,29.1,90.2,26.6,0.000,0.000,0.00,0.000,0.2,0.7,0.3,266,0,0.9,1.3,0.2,290,14,0.2,0.7,0.3,266,0,0,29.87,,0,0,0,37.7,42.7,46.6,0.35,0.42,0.44
WATE,2015-11-29 20:15:00 EST,42.87966,-76.81255,478,29.3,30.4,29.3,90.3,26.8,0.000,0.000,0.00,0.000,0.5,0.7,0.1,266,0,0.9,1.1,0.1,262,9,0.5,0.7,0.1,266,0,0,29.87,,0,0,0,37.7,42.7,46.6,0.35,0.42,0.44
WATE,2015-11-29 20:20:00 EST,42.87966,-76.81255,478,29.5,30.8,29.5,89.4,26.8,0.000,0.000,0.00,0.000,0.4,0.7,0.2,266,0,1.0,1.6,0.2,238,9,0.4,0.7,0.2,266,0,0,29.87,,0,0,0,37.6,42.7,46.6,0.35,0.42,0.44
WATE,2015-11-29 20:25:00 EST,42.87966,-76.81255,478,29.8,30.8,29.8,90.1,27.2,0.000,0.000,0.00,0.000,0.6,0.8,0.1,266,0,1.1,1.3,0.1,280,15,0.6,0.8,0.1,266,0,0,29.87,,0,0,0,37.6,42.6,46.6,0.35,0.42,0.45
WATE,2015-11-29 20:30:00 EST,42.87966,-76.81255,478,29.9,31.0,29.9,90.5,27.4,0.000,0.000,0.00,0.000,1.5,2.3,0.5,276,7,1.9,2.7,0.4,288,7,1.5,2.3,0.5,276,7,0,29.88,,0,0,0,37.6,42.6,46.6,0.35,0.42,0.45
WATE,2015-11-29 20:35:00 EST,42.87966,-76.81255,478,30.0,31.0,30.0,89.6,27.3,0.000,0.000,0.00,0.000,2.1,2.6,0.4,275,7,2.4,3.1,0.4,273,10,2.1,2.6,0.4,275,7,0,29.88,,0,0,0,37.6,42.6,46.6,0.35,0.42,0.44
WATE,2015-11-29 20:40:00 EST,42.87966,-76.81255,478,30.2,31.2,30.2,88.7,27.2,0.000,0.000,0.00,0.000,0.9,1.5,0.2,268,0,1.4,2.0,0.3,264,11,0.9,1.5,0.2,268,0,0,29.88,,0,0,0,37.6,42.6,46.6,0.35,0.42,0.44
WATE,2015-11-29 20:45:00 EST,42.87966,-76.81255,478,30.5,31.0,30.5,86.7,27.0,0.000,0.000,0.00,0.000,0.7,1.2,0.3,268,0,1.1,1.8,0.3,271,15,0.7,1.2,0.3,268,0,0,29.89,,0,0,0,37.6,42.6,46.6,0.35,0.42,0.44
WATE,2015-11-29 20:50:00 EST,42.87966,-76.81255,478,30.5,30.9,30.5,87.2,27.2,0.000,0.000,0.00,0.000,0.0,0.0,0.0,0,0,0.9,1.3,0.3,1,25,0.0,0.0,0.0,0,0,0,29.89,,0,0,0,37.6,42.6,46.6,0.35,0.42,0.44
WATE,2015-11-29 20:55:00 EST,42.87966,-76.81255,478,30.5,30.6,30.5,87.7,27.3,0.000,0.000,0.00,0.000,0.6,1.5,0.7,350,0,1.7,2.5,0.3,354,10,0.6,1.5,0.7,350,0,0,29.89,,0,0,0,37.6,42.6,46.6,0.35,0.42,0.45
WATE,2015-11-29 21:00:00 EST,42.87966,-76.81255,478,30.6,30.6,30.6,88.4,27.5,0.000,0.000,0.00,0.000,1.1,1.4,0.2,347,4,1.6,2.0,0.3,340,7,1.1,1.4,0.2,347,4,0,29.89,,0,0,0,37.5,42.6,46.6,0.35,0.42,0.44
WATE,2015-11-29 21:05:00 EST,42.87966,-76.81255,478,30.6,30.6,30.6,87.3,27.3,0.000,0.000,0.00,0.000,1.7,2.6,0.4,344,7,2.2,3.4,0.5,350,11,1.7,2.6,0.4,344,7,0,29.89,,0,0,0,37.5,42.5,46.6,0.35,0.42,0.44
WATE,2015-11-29 21:10:00 EST,42.87966,-76.81255,478,30.7,30.6,30.7,88.8,27.8,0.000,0.000,0.00,0.000,1.9,2.4,0.3,359,7,2.5,3.4,0.4,6,7,1.9,2.4,0.3,359,7,0,29.90,,0,0,0,37.4,42.5,46.6,0.35,0.42,0.44
WATE,2015-11-29 21:15:00 EST,42.87966,-76.81255,478,30.8,30.9,30.8,87.9,27.6,0.000,0.000,0.00,0.000,1.6,2.5,0.4,4,7,2.1,3.1,0.4,8,9,1.6,2.5,0.4,4,7,0,29.90,,0,0,0,37.4,42.4,46.6,0.35,0.42,0.45
WATE,2015-11-29 21:20:00 EST,42.87966,-76.81255,478,30.8,31.4,30.8,87.6,27.6,0.000,0.000,0.00,0.000,2.0,2.6,0.3,6,5,2.4,3.8,0.4,10,6,2.0,2.6,0.3,6,5,0,29.90,,0,0,0,37.4,42.4,46.6,0.35,0.42,0.44
WATE,2015-11-29 21:25:00 EST,42.87966,-76.81255,478,30.9,31.6,30.9,87.2,27.5,0.000,0.000,0.00,0.000,1.5,2.2,0.3,27,8,1.8,2.5,0.3,32,9,1.5,2.2,0.3,27,8,0,29.90,,0,0,0,37.4,42.4,46.6,0.35,0.42,0.44
WATE,2015-11-29 21:30:00 EST,42.87966,-76.81255,478,31.0,31.5,31.0,88.0,27.8,0.000,0.000,0.00,0.000,1.3,2.0,0.4,9,12,1.9,3.1,0.5,8,11,1.3,2.0,0.4,9,12,0,29.90,,0,0,0,37.4,42.4,46.6,0.35,0.42,0.44
WATE,2015-11-29 21:35:00 EST,42.87966,-76.81255,478,31.1,31.6,31.1,86.9,27.6,0.000,0.000,0.00,0.000,2.8,4.3,0.7,348,9,3.5,5.8,0.9,355,7,2.8,4.3,0.7,348,9,0,29.90,,0,0,0,37.4,42.4,46.6,0.35,0.42,0.44
WATE,2015-11-29 21:40:00 EST,42.87966,-76.81255,478,31.6,31.8,27.8,82.8,27.0,0.000,0.000,0.00,0.000,3.9,5.6,0.7,358,12,4.7,7.6,0.8,3,7,3.9,5.6,0.7,358,12,0,29.90,,0,0,0,37.4,42.4,46.6,0.35,0.42,0.44
WATE,2015-11-29 21:45:00 EST,42.87966,-76.81255,478,31.8,31.9,29.1,81.0,26.7,0.000,0.000,0.00,0.000,3.0,4.2,0.5,21,10,3.5,5.4,0.7,25,10,3.0,4.2,0.5,21,10,0,29.90,,0,0,0,37.4,42.4,46.6,0.35,0.42,0.44
WATE,2015-11-29 21:50:00 EST,42.87966,-76.81255,478,31.8,32.0,28.8,81.5,26.8,0.000,0.000,0.00,0.000,3.2,4.5,0.6,12,10,3.8,5.4,0.7,16,9,3.2,4.5,0.6,12,10,0,29.89,,0,0,0,37.4,42.4,46.6,0.35,0.42,0.44
WATE,2015-11-29 21:55:00 EST,42.87966,-76.81255,478,32.0,32.2,28.7,80.5,26.7,0.000,0.000,0.00,0.000,3.5,5.2,0.8,32,15,4.0,6.0,0.9,35,13,3.5,5.2,0.8,32,15,0,29.89,,0,0,0,37.4,42.4,46.6,0.35,0.42,0.44
WATE,2015-11-29 22:00:00 EST,42.87966,-76.81255,478,32.1,32.2,28.4,79.3,26.4,0.000,0.000,0.00,0.000,3.8,5.7,0.7,13,11,4.5,6.3,0.9,17,10,3.8,5.7,0.7,13,11,0,29.89,,0,0,0,37.4,42.4,46.6,0.35,0.42,0.44
WATE,2015-11-29 22:05:00 EST,42.87966,-76.81255,478,32.0,32.1,28.3,80.5,26.7,0.000,0.000,0.00,0.000,3.8,5.5,0.8,13,9,4.4,5.8,0.8,16,9,3.8,5.5,0.8,13,9,0,29.89,,0,0,0,37.4,42.4,46.6,0.35,0.42,0.44
WATE,2015-11-29 22:10:00 EST,42.87966,-76.81255,478,32.0,32.2,28.1,81.0,26.8,0.000,0.000,0.00,0.000,4.0,5.8,0.8,21,12,4.4,6.5,0.9,24,11,4.0,5.8,0.8,21,12,0,29.90,,0,0,0,37.4,42.4,46.6,0.35,0.42,0.44
WATE,2015-11-29 22:15:00 EST,42.87966,-76.81255,478,32.1,32.1,29.2,80.4,26.7,0.000,0.000,0.00,0.000,3.1,5.0,0.6,23,14,3.6,5.1,0.6,27,13,3.1,5.0,0.6,23,14,0,29.90,,0,0,0,37.3,42.4,46.6,0.35,0.42,0.44
WATE,2015-11-29 22:20:00 EST,42.87966,-76.81255,478,32.3,32.3,27.2,78.4,26.3,0.000,0.000,0.00,0.000,5.2,8.5,1.0,27,7,5.8,9.6,1.1,30,8,5.2,8.5,1.0,27,7,0,29.90,,0,0,0,37.4,42.4,46.6,0.35,0.42,0.44
WATE,2015-11-29 22:25:00 EST,42.87966,-76.81255,478,32.2,32.2,28.6,78.8,26.4,0.000,0.000,0.00,0.000,3.8,5.9,0.8,32,10,4.2,6.9,1.0,36,9,3.8,5.9,0.8,32,10,0,29.90,,0,0,0,37.3,42.4,46.6,0.35,0.42,0.44
WATE,2015-11-29 22:30:00 EST,42.87966,-76.81255,478,32.3,32.3,26.4,77.9,26.2,0.000,0.000,0.00,0.000,6.3,9.2,1.2,39,10,6.8,10.3,1.3,43,8,6.3,9.2,1.2,39,10,0,29.90,,0,0,0,37.3,42.3,46.6,0.35,0.42,0.44
WATE,2015-11-29 22:35:00 EST,42.87966,-76.81255,478,32.3,32.3,26.9,78.3,26.3,0.000,0.000,0.00,0.000,5.6,8.0,1.1,40,11,6.1,9.2,1.1,44,10,5.6,8.0,1.1,40,11,0,29.90,,0,0,0,37.2,42.3,46.6,0.35,0.42,0.44
WATE,2015-11-29 22:40:00 EST,42.87966,-76.81255,478,32.2,32.2,27.1,78.9,26.4,0.000,0.000,0.00,0.000,5.3,8.2,1.2,38,13,5.9,9.6,1.3,42,13,5.3,8.2,1.2,38,13,0,29.90,,0,0,0,37.2,42.3,46.6,0.35,0.42,0.44
WATE,2015-11-29 22:45:00 EST,42.87966,-76.81255,478,32.2,32.2,28.0,78.5,26.3,0.000,0.000,0.00,0.000,4.3,8.2,1.5,35,12,4.8,9.8,1.6,37,13,4.3,8.2,1.5,35,12,0,29.90,,0,0,0,37.2,42.3,46.6,0.35,0.42,0.44
WATE,2015-11-29 22:50:00 EST,42.87966,-76.81255,478,32.1,32.1,28.2,80.0,26.6,0.000,0.000,0.00,0.000,4.0,5.6,1.0,18,9,4.6,6.5,1.0,22,10,4.0,5.6,1.0,18,9,0,29.90,,0,0,0,37.2,42.3,46.6,0.35,0.42,0.44
WATE,2015-11-29 22:55:00 EST,42.87966,-76.81255,478,32.1,32.0,26.4,79.6,26.5,0.000,0.000,0.00,0.000,5.9,10.6,2.3,25,15,6.7,11.4,2.5,28,14,5.9,10.6,2.3,25,15,0,29.90,,0,0,0,37.2,42.2,46.6,0.35,0.42,0.44
WATE,2015-11-29 23:00:00 EST,42.87966,-76.81255,478,32.0,31.9,25.6,77.3,25.7,0.000,0.000,0.00,0.000,6.8,10.8,1.4,29,14,7.6,11.4,1.5,32,13,6.8,10.8,1.4,29,14,0,29.90,,0,0,0,37.2,42.2,46.6,0.35,0.42,0.44
WATE,2015-11-29 23:05:00 EST,42.87966,-76.81255,478,31.9,31.8,25.4,75.2,24.9,0.000,0.000,0.00,0.000,7.0,10.1,1.3,45,10,7.5,10.7,1.4,48,8,7.0,10.1,1.3,45,10,0,29.90,,0,0,0,37.2,42.2,46.6,0.35,0.42,0.44
WATE,2015-11-29 23:10:00 EST,42.87966,-76.81255,478,31.8,31.7,26.9,74.0,24.5,0.000,0.000,0.00,0.000,5.0,8.7,1.4,29,15,5.5,9.6,1.4,33,13,5.0,8.7,1.4,29,15,0,29.90,,0,0,0,37.2,42.2,46.6,0.35,0.42,0.44
WATE,2015-11-29 23:15:00 EST,42.87966,-76.81255,478,31.7,31.6,25.1,71.9,23.7,0.000,0.000,0.00,0.000,7.1,11.6,1.9,32,10,7.8,12.1,2.0,35,10,7.1,11.6,1.9,32,10,0,29.90,,0,0,0,37.2,42.1,46.6,0.35,0.42,0.44
WATE,2015-11-29 23:20:00 EST,42.87966,-76.81255,478,31.6,31.6,25.7,71.6,23.5,0.000,0.000,0.00,0.000,6.1,9.6,1.3,36,14,6.8,10.7,1.4,38,11,6.1,9.6,1.3,36,14,0,29.90,,0,0,0,37.2,42.1,46.6,0.35,0.42,0.44
WATE,2015-11-29 23:25:00 EST,42.87966,-76.81255,478,31.6,31.5,25.7,71.1,23.3,0.000,0.000,0.00,0.000,6.0,9.6,1.5,31,12,6.5,9.6,1.5,33,12,6.0,9.6,1.5,31,12,0,29.90,,0,0,0,37.2,42.1,46.6,0.35,0.42,0.44
WATE,2015-11-29 23:30:00 EST,42.87966,-76.81255,478,31.5,31.4,26.1,71.5,23.3,0.000,0.000,0.00,0.000,5.4,7.7,1.1,28,12,6.1,8.7,1.2,31,10,5.4,7.7,1.1,28,12,0,29.90,,0,0,0,37.2,42.1,46.6,0.35,0.42,0.44
WATE,2015-11-29 23:35:00 EST,42.87966,-76.81255,478,31.5,31.4,25.6,70.3,22.9,0.000,0.000,0.00,0.000,6.0,10.0,1.7,27,9,6.6,10.1,1.6,30,10,6.0,10.0,1.7,27,9,0,29.90,,0,0,0,37.2,42.1,46.6,0.35,0.42,0.44
WATE,2015-11-29 23:40:00 EST,42.87966,-76.81255,478,31.4,31.3,24.8,69.8,22.7,0.000,0.000,0.00,0.000,7.0,10.0,1.5,46,12,7.5,10.3,1.5,48,10,7.0,10.0,1.5,46,12,0,29.90,,0,0,0,37.2,42.1,46.5,0.35,0.42,0.44
WATE,2015-11-29 23:45:00 EST,42.87966,-76.81255,478,31.3,31.3,25.5,70.6,22.9,0.000,0.000,0.00,0.000,5.9,10.4,1.7,51,11,6.6,11.0,1.7,53,10,5.9,10.4,1.7,51,11,0,29.90,,0,0,0,37.2,42.1,46.6,0.35,0.42,0.44
WATE,2015-11-29 23:50:00 EST,42.87966,-76.81255,478,31.3,31.2,24.8,70.5,22.8,0.000,0.000,0.00,0.000,6.7,9.3,1.2,48,9,7.3,10.1,1.3,50,7,6.7,9.3,1.2,48,9,0,29.90,,0,0,0,37.2,42.1,46.6,0.35,0.42,0.44
WATE,2015-11-29 23:55:00 EST,42.87966,-76.81255,478,31.2,31.2,25.7,70.8,22.9,0.000,0.000,0.00,0.000,5.6,8.3,1.1,35,15,6.0,9.8,1.2,39,14,5.6,8.3,1.1,35,15,0,29.90,,0,0,0,37.2,42.1,46.6,0.35,0.42,0.44
WEST,2015-11-29 00:00:00 EST,43.10647,-75.46146,655,29.3,29.5,25.7,83.7,25.0,0.000,0.087,0.00,0.000,3.4,5.4,0.9,329,13,3.7,7.2,1.2,329,12,3.4,5.4,0.9,329,13,0,29.58,,0,0,0,40.5,45.5,46.7,0.31,0.31,0.29
WEST,2015-11-29 00:05:00 EST,43.10647,-75.46146,655,29.5,29.7,25.2,81.8,24.6,0.000,0.000,0.00,0.000,4.0,6.9,1.4,320,11,4.2,7.6,1.5,319,11,4.0,6.9,1.4,320,11,0,29.59,,0,0,0,40.5,45.4,46.7,0.31,0.31,0.29
WEST,2015-11-29 00:10:00 EST,43.10647,-75.46146,655,29.6,29.8,24.7,79.8,24.1,0.000,0.000,0.00,0.000,4.6,8.5,1.2,320,13,4.8,8.1,1.1,322,14,4.6,8.5,1.2,320,13,0,29.59,,0,0,0,40.4,45.4,46.7,0.31,0.31,0.29
WEST,2015-11-29 00:15:00 EST,43.10647,-75.46146,655,29.6,29.8,25.6,80.8,24.4,0.000,0.000,0.00,0.000,3.8,8.5,1.5,328,14,4.2,8.7,1.7,328,14,3.8,8.5,1.5,328,14,0,29.59,,0,0,0,40.4,45.4,46.7,0.31,0.31,0.29
WEST,2015-11-29 00:20:00 EST,43.10647,-75.46146,655,29.6,29.8,25.3,80.3,24.3,0.000,0.000,0.00,0.000,4.1,8.1,1.5,322,13,4.4,8.9,1.4,324,14,4.1,8.1,1.5,322,13,0,29.59,,0,0,0,40.4,45.4,46.7,0.31,0.31,0.29
WEST,2015-11-29 00:25:00 EST,43.10647,-75.46146,655,29.5,29.7,29.5,81.4,24.5,0.000,0.000,0.00,0.000,3.0,4.6,0.8,333,17,3.4,6.0,0.9,335,19,3.0,4.6,0.8,333,17,0,29.59,,0,0,0,40.4,45.4,46.7,0.31,0.31,0.29
WEST,2015-11-29 00:30:00 EST,43.10647,-75.46146,655,29.5,29.6,29.5,81.4,24.5,0.000,0.000,0.00,0.000,2.6,5.1,0.8,330,10,2.8,6.0,0.9,332,11,2.6,5.1,0.8,330,10,0,29.58,,0,0,0,40.3,45.4,46.6,0.31,0.31,0.29
WEST,2015-11-29 00:35:00 EST,43.10647,-75.46146,655,29.5,29.7,29.5,81.4,24.5,0.000,0.000,0.00,0.000,2.3,3.7,0.6,317,16,2.4,4.5,0.6,317,19,2.3,3.7,0.6,317,16,0,29.58,,0,0,0,40.3,45.3,46.6,0.31,0.31,0.29
WEST,2015-11-29 00:40:00 EST,43.10647,-75.46146,655,29.5,29.7,29.5,81.4,24.5,0.000,0.000,0.00,0.000,2.1,3.7,0.6,317,11,2.2,3.8,0.6,316,12,2.1,3.7,0.6,317,11,0,29.59,,0,0,0,40.2,45.3,46.7,0.31,0.31,0.29
WEST,2015-11-29 00:45:00 EST,43.10647,-75.46146,655,29.4,29.7,29.4,83.4,25.0,0.000,0.000,0.00,0.000,1.5,2.5,0.6,298,10,1.5,2.9,0.5,298,14,1.5,2.5,0.6,298,10,0,29.59,,0,0,0,40.2,45.3,46.7,0.31,0.31,0.29
WEST,2015-11-29 00:50:00 EST,43.10647,-75.46146,655,29.5,29.7,29.5,84.5,25.4,0.000,0.000,0.00,0.000,1.1,2.6,0.6,282,18,1.4,2.7,0.5,280,23,1.1,2.6,0.6,282,18,0,29.59,,0,0,0,40.2,45.3,46.6,0.31,0.31,0.29
WEST,2015-11-29 00:55:00 EST,43.10647,-75.46146,655,29.5,29.7,29.5,82.9,25.0,0.000,0.000,0.00,0.000,1.8,2.6,0.4,339,14,2.1,3.6,0.5,341,16,1.8,2.6,0.4,339,14,0,29.58,,0,0,0,40.2,45.3,46.6,0.31,0.31,0.29
WEST,2015-11-29 01:00:00 EST,43.10647,-75.46146,655,29.4,29.6,29.4,84.0,25.2,0.000,0.000,0.00,0.000,1.1,2.2,0.6,326,12,1.5,3.1,0.5,329,18,1.1,2.2,0.6,326,12,0,29.58,,0,0,0,40.1,45.3,46.6,0.31,0.31,0.29
WEST,2015-11-29 01:05:00 EST,43.10647,-75.46146,655,29.4,29.5,29.4,83.5,25.0,0.000,0.000,0.00,0.000,1.0,2.2,0.5,329,10,1.4,2.9,0.4,331,18,1.0,2.2,0.5,329,10,0,29.58,,0,0,0,40.1,45.3,46.6,0.31,0.31,0.29
WEST,2015-11-29 01:10:00 EST,43.10647,-75.46146,655,29.4,29.5,29.4,84.4,25.2,0.000,0.000,0.00,0.000,1.7,3.4,0.6,332,11,2.0,3.4,0.5,335,14,1.7,3.4,0.6,332,11,0,29.59,,0,0,0,40.1,45.3,46.7,0.31,0.31,0.29
WEST,2015-11-29 01:15:00 EST,43.10647,-75.46146,655,29.3,29.5,29.3,84.4,25.2,0.000,0.000,0.00,0.000,3.0,4.9,0.7,325,10,3.2,5.1,0.8,326,11,3.0,4.9,0.7,325,10,0,29.59,,0,0,0,40.1,45.3,46.6,0.31,0.31,0.29
WEST,2015-11-29 01:20:00 EST,43.10647,-75.46146,655,29.3,29.5,29.3,83.7,25.0,0.000,0.000,0.00,0.000,2.5,3.8,0.6,334,10,2.8,4.3,0.6,336,11,2.5,3.8,0.6,334,10,0,29.59,,0,0,0,40.0,45.3,46.7,0.31,0.31,0.29
WEST,2015-11-29 01:25:00 EST,43.10647,-75.46146,655,29.3,29.5,29.3,84.1,25.1,0.000,0.000,0.00,0.000,1.8,3.2,0.5,331,16,2.0,3.6,0.6,333,17,1.8,3.2,0.5,331,16,0,29.59,,0,0,0,40.0,45.3,46.6,0.31,0.31,0.29
WEST,2015-11-29 01:30:00 EST,43.10647,-75.46146,655,29.2,29.4,29.2,83.9,25.0,0.000,0.000,0.00,0.000,2.4,3.9,0.9,336,12,2.8,4.5,0.9,339,15,2.4,3.9,0.9,336,12,0,29.58,,0,0,0,40.0,45.2,46.6,0.31,0.31,0.29
WEST,2015-11-29 01:35:00 EST,43.10647,-75.46146,655,29.2,29.3,29.2,84.7,25.2,0.000,0.000,0.00,0.000,0.6,1.8,0.6,8,12,1.2,2.5,0.5,7,24,0.6,1.8,0.6,8,12,0,29.58,,0,0,0,40.0,45.2,46.6,0.31,0.31,0.29
WEST,2015-11-29 01:40:00 EST,43.10647,-75.46146,655,29.2,29.3,29.2,84.2,25.0,0.000,0.000,0.00,0.000,1.4,2.4,0.5,359,17,1.9,3.4,0.6,1,23,1.4,2.4,0.5,359,17,0,29.58,,0,0,0,40.0,45.2,46.6,0.31,0.31,0.29
WEST,2015-11-29 01:45:00 EST,43.10647,-75.46146,655,29.1,29.3,29.1,84.8,25.1,0.000,0.000,0.00,0.000,1.0,1.8,0.3,332,11,1.3,2.9,0.4,333,18,1.0,1.8,0.3,332,11,0,29.58,,0,0,0,39.9,45.2,46.6,0.31,0.31,0.29
WEST,2015-11-29 01:50:00 EST,43.10647,-75.46146,655,29.0,29.2,29.0,85.3,25.2,0.000,0.000,0.00,0.000,1.0,3.1,0.6,344,14,1.4,2.5,0.6,346,22,1.0,3.1,0.6,344,14,0,29.58,,0,0,0,39.9,45.2,46.6,0.30,0.31,0.29
WEST,2015-11-29 01:55:00 EST,43.10647,-75.46146,655,29.0,29.2,29.0,84.5,24.9,0.000,0.000,0.00,0.000,2.0,3.2,0.5,334,15,2.3,3.6,0.6,336,16,2.0,3.2,0.5,334,15,0,29.58,,0,0,0,39.9,45.2,46.6,0.30,0.31,0.29
WEST,2015-11-29 02:00:00 EST,43.10647,-75.46146,655,28.9,29.1,28.9,86.1,25.2,0.000,0.000,0.00,0.000,1.5,2.4,0.3,338,8,1.7,3.4,0.4,339,11,1.5,2.4,0.3,338,8,0,29.58,,0,0,0,39.9,45.1,46.6,0.30,0.31,0.29
WEST,2015-11-29 02:05:00 EST,43.10647,-75.46146,655,28.7,29.0,28.7,87.9,25.6,0.000,0.000,0.00,0.000,1.0,2.0,0.4,338,5,1.3,2.2,0.4,334,11,1.0,2.0,0.4,338,5,0,29.58,,0,0,0,39.9,45.1,46.6,0.30,0.31,0.29
WEST,2015-11-29 02:10:00 EST,43.10647,-75.46146,655,28.7,29.0,28.7,89.0,25.8,0.000,0.000,0.00,0.000,0.6,1.3,0.3,341,1,0.9,1.6,0.3,334,11,0.6,1.3,0.3,341,1,0,29.59,,0,0,0,39.8,45.1,46.6,0.30,0.31,0.29
WEST,2015-11-29 02:15:00 EST,43.10647,-75.46146,655,28.7,29.0,28.7,89.7,26.0,0.000,0.000,0.00,0.000,1.2,2.2,0.5,3,13,1.6,2.9,0.6,11,15,1.2,2.2,0.5,3,13,0,29.58,,0,0,0,39.8,45.1,46.6,0.30,0.30,0.29
WEST,2015-11-29 02:20:00 EST,43.10647,-75.46146,655,28.7,28.9,28.7,87.8,25.6,0.000,0.000,0.00,0.000,0.5,1.7,0.6,13,0,1.0,2.5,0.6,17,22,0.5,1.7,0.6,13,0,0,29.59,,0,0,0,39.8,45.1,46.6,0.30,0.31,0.29
WEST,2015-11-29 02:25:00 EST,43.10647,-75.46146,655,28.7,28.9,28.7,87.6,25.5,0.000,0.000,0.00,0.000,0.2,1.5,0.3,5,7,0.7,2.2,0.5,14,56,0.2,1.5,0.3,5,7,0,29.59,,0,0,0,39.8,45.1,46.6,0.30,0.31,0.29
WEST,2015-11-29 02:30:00 EST,43.10647,-75.46146,655,28.8,28.9,28.8,86.2,25.2,0.000,0.000,0.00,0.000,0.7,1.3,0.3,357,8,1.1,2.7,0.5,355,18,0.7,1.3,0.3,357,8,0,29.59,,0,0,0,39.7,45.1,46.6,0.30,0.31,0.29
WEST,2015-11-29 02:35:00 EST,43.10647,-75.46146,655,28.8,29.0,28.8,86.1,25.2,0.000,0.000,0.00,0.000,1.7,2.5,0.5,321,11,1.8,3.1,0.5,322,13,1.7,2.5,0.5,321,11,0,29.59,,0,0,0,39.7,45.1,46.6,0.30,0.31,0.29
WEST,2015-11-29 02:40:00 EST,43.10647,-75.46146,655,28.8,29.0,28.8,84.7,24.8,0.000,0.000,0.00,0.000,1.7,2.6,0.4,325,10,1.8,2.9,0.3,328,11,1.7,2.6,0.4,325,10,0,29.59,,0,0,0,39.7,45.1,46.5,0.30,0.31,0.29
WEST,2015-11-29 02:45:00 EST,43.10647,-75.46146,655,28.8,29.0,28.8,84.0,24.6,0.000,0.000,0.00,0.000,0.7,2.0,0.6,331,7,1.1,2.2,0.4,335,18,0.7,2.0,0.6,331,7,0,29.58,,0,0,0,39.6,45.1,46.6,0.30,0.31,0.29
WEST,2015-11-29 02:50:00 EST,43.10647,-75.46146,655,28.8,29.0,28.8,85.6,25.0,0.000,0.000,0.00,0.000,1.2,2.3,0.4,336,8,1.5,2.7,0.4,336,14,1.2,2.3,0.4,336,8,0,29.59,,0,0,0,39.6,45.1,46.6,0.30,0.31,0.29
WEST,2015-11-29 02:55:00 EST,43.10647,-75.46146,655,28.7,28.9,28.7,86.4,25.2,0.000,0.000,0.00,0.000,0.5,1.2,0.3,340,8,1.1,1.8,0.3,0,21,0.5,1.2,0.3,340,8,0,29.58,,0,0,0,39.6,45.1,46.5,0.30,0.31,0.29
WEST,2015-11-29 03:00:00 EST,43.10647,-75.46146,655,28.8,28.9,28.8,85.0,24.9,0.000,0.000,0.00,0.000,0.4,1.3,0.4,354,0,0.9,2.0,0.4,21,23,0.4,1.3,0.4,354,0,0,29.59,,0,0,0,39.6,45.1,46.5,0.30,0.31,0.29
WEST,2015-11-29 03:05:00 EST,43.10647,-75.46146,655,28.8,29.0,28.8,84.6,24.8,0.000,0.000,0.00,0.000,0.4,1.1,0.4,10,6,1.0,2.2,0.3,11,27,0.4,1.1,0.4,10,6,0,29.59,,0,0,0,39.6,45.0,46.5,0.30,0.31,0.29
WEST,2015-11-29 03:10:00 EST,43.10647,-75.46146,655,28.9,29.0,28.9,84.2,24.7,0.000,0.000,0.00,0.000,1.0,3.1,0.7,5,15,1.6,3.6,0.7,9,23,1.0,3.1,0.7,5,15,0,29.59,,0,0,0,39.6,45.0,46.6,0.30,0.31,0.29
WEST,2015-11-29 03:15:00 EST,43.10647,-75.46146,655,28.9,29.1,28.9,83.7,24.6,0.000,0.000,0.00,0.000,1.4,2.4,0.5,317,29,1.8,3.1,0.5,315,32,1.4,2.4,0.5,317,29,0,29.59,,0,0,0,39.5,45.0,46.5,0.30,0.31,0.29
WEST,2015-11-29 03:20:00 EST,43.10647,-75.46146,655,29.0,29.2,29.0,82.5,24.4,0.000,0.000,0.00,0.000,1.9,3.3,0.5,326,15,2.2,4.0,0.7,328,17,1.9,3.3,0.5,326,15,0,29.58,,0,0,0,39.6,45.0,46.5,0.30,0.31,0.29
WEST,2015-11-29 03:25:00 EST,43.10647,-75.46146,655,29.1,29.3,29.1,82.5,24.4,0.000,0.000,0.00,0.000,1.7,2.8,0.6,300,10,2.0,3.1,0.5,299,15,1.7,2.8,0.6,300,10,0,29.58,,0,0,0,39.5,45.0,46.5,0.30,0.31,0.29
WEST,2015-11-29 03:30:00 EST,43.10647,-75.46146,655,29.1,29.3,29.1,83.1,24.6,0.000,0.000,0.00,0.000,1.4,2.8,0.6,302,12,1.7,3.4,0.6,303,17,1.4,2.8,0.6,302,12,0,29.59,,0,0,0,39.5,45.0,46.5,0.30,0.31,0.29
WEST,2015-11-29 03:35:00 EST,43.10647,-75.46146,655,29.1,29.4,29.1,82.0,24.3,0.000,0.000,0.00,0.000,2.7,4.2,0.7,313,14,2.8,4.5,0.8,313,17,2.7,4.2,0.7,313,14,0,29.58,,0,0,0,39.5,45.0,46.5,0.30,0.31,0.29
WEST,2015-11-29 03:40:00 EST,43.10647,-75.46146,655,29.4,29.6,25.0,80.5,24.1,0.000,0.000,0.00,0.000,4.0,8.9,1.9,304,22,4.4,8.7,1.9,305,24,4.0,8.9,1.9,304,22,0,29.58,,0,0,0,39.5,45.0,46.5,0.30,0.31,0.29
WEST,2015-11-29 03:45:00 EST,43.10647,-75.46146,655,29.4,29.6,29.4,81.6,24.4,0.000,0.000,0.00,0.000,2.3,4.2,0.7,300,26,2.6,4.9,0.8,301,28,2.3,4.2,0.7,300,26,0,29.58,,0,0,0,39.4,45.0,46.5,0.30,0.31,0.29
WEST,2015-11-29 03:50:00 EST,43.10647,-75.46146,655,29.4,29.6,29.4,80.4,24.1,0.000,0.000,0.00,0.000,2.6,3.9,0.6,344,13,3.0,4.7,0.8,347,15,2.6,3.9,0.6,344,13,0,29.58,,0,0,0,39.5,45.0,46.5,0.30,0.30,0.29
WEST,2015-11-29 03:55:00 EST,43.10647,-75.46146,655,29.4,29.6,24.7,79.7,23.9,0.000,0.000,0.00,0.000,4.4,8.4,1.6,319,14,4.8,8.9,1.6,318,13,4.4,8.4,1.6,319,14,0,29.58,,0,0,0,39.4,45.0,46.5,0.30,0.30,0.29
WEST,2015-11-29 04:00:00 EST,43.10647,-75.46146,655,29.6,29.9,23.5,77.3,23.4,0.000,0.000,0.00,0.000,5.8,8.5,1.1,320,15,6.3,9.8,1.2,320,15,5.8,8.5,1.1,320,15,0,29.57,,0,0,0,39.4,44.9,46.5,0.30,0.31,0.29
WEST,2015-11-29 04:05:00 EST,43.10647,-75.46146,655,29.7,30.0,24.2,76.5,23.3,0.000,0.000,0.00,0.000,5.2,8.5,1.0,300,13,5.5,8.9,1.1,298,13,5.2,8.5,1.0,300,13,0,29.57,,0,0,0,39.4,44.9,46.5,0.30,0.30,0.29
WEST,2015-11-29 04:10:00 EST,43.10647,-75.46146,655,29.7,29.9,29.7,77.1,23.4,0.000,0.000,0.00,0.000,2.8,4.6,0.9,322,18,3.0,4.7,0.9,323,18,2.8,4.6,0.9,322,18,0,29.57,,0,0,0,39.4,44.9,46.5,0.30,0.31,0.29
WEST,2015-11-29 04:15:00 EST,43.10647,-75.46146,655,29.5,29.7,29.5,79.7,24.0,0.000,0.000,0.00,0.000,2.1,3.1,0.5,319,11,2.1,3.4,0.4,320,14,2.1,3.1,0.5,319,11,0,29.57,,0,0,0,39.4,44.9,46.4,0.30,0.31,0.29
WEST,2015-11-29 04:20:00 EST,43.10647,-75.46146,655,29.6,29.8,29.6,79.0,23.9,0.000,0.000,0.00,0.000,2.7,4.1,0.8,316,15,2.7,5.4,1.0,319,18,2.7,4.1,0.8,316,15,0,29.57,,0,0,0,39.3,44.9,46.4,0.30,0.31,0.29
WEST,2015-11-29 04:25:00 EST,43.10647,-75.46146,655,29.5,29.8,25.8,78.3,23.6,0.000,0.000,0.00,0.000,3.5,6.1,1.3,331,16,3.7,6.5,1.4,333,17,3.5,6.1,1.3,331,16,0,29.57,,0,0,0,39.3,44.9,46.5,0.30,0.31,0.29
WEST,2015-11-29 04:30:00 EST,43.10647,-75.46146,655,29.6,29.8,25.9,77.1,23.3,0.000,0.000,0.00,0.000,3.5,6.8,1.1,319,13,3.6,7.2,1.1,319,14,3.5,6.8,1.1,319,13,0,29.57,,0,0,0,39.3,44.9,46.5,0.30,0.31,0.29
WEST,2015-11-29 04:35:00 EST,43.10647,-75.46146,655,29.4,29.7,26.1,78.1,23.4,0.000,0.000,0.00,0.000,3.2,6.7,1.1,341,19,3.6,7.8,1.2,342,19,3.2,6.7,1.1,341,19,0,29.58,,0,0,0,39.3,44.8,46.5,0.30,0.30,0.29
WEST,2015-11-29 04:40:00 EST,43.10647,-75.46146,655,29.4,29.7,29.4,78.5,23.6,0.000,0.000,0.00,0.000,2.7,4.1,0.7,318,12,2.8,5.1,0.8,319,12,2.7,4.1,0.7,318,12,0,29.58,,0,0,0,39.3,44.8,46.5,0.30,0.31,0.29
WEST,2015-11-29 04:45:00 EST,43.10647,-75.46146,655,29.5,29.7,29.5,79.1,23.8,0.000,0.000,0.00,0.000,1.8,2.6,0.3,302,11,2.0,2.7,0.3,301,15,1.8,2.6,0.3,302,11,0,29.58,,0,0,0,39.3,44.8,46.4,0.30,0.31,0.29
WEST,2015-11-29 04:50:00 EST,43.10647,-75.46146,655,29.6,29.7,29.6,79.2,23.9,0.000,0.000,0.00,0.000,1.7,2.3,0.3,283,6,2.0,2.7,0.3,282,9,1.7,2.3,0.3,283,6,0,29.58,,0,0,0,39.2,44.8,46.5,0.30,0.31,0.29
WEST,2015-11-29 04:55:00 EST,43.10647,-75.46146,655,29.5,29.7,29.5,80.3,24.2,0.000,0.000,0.00,0.000,1.6,2.2,0.3,284,5,1.9,2.5,0.3,282,9,1.6,2.2,0.3,284,5,0,29.58,,0,0,0,39.2,44.8,46.5,0.30,0.31,0.29
WEST,2015-11-29 05:00:00 EST,43.10647,-75.46146,655,29.5,29.8,29.5,80.0,24.1,0.000,0.000,0.00,0.000,1.3,2.0,0.3,319,16,1.5,2.9,0.3,322,16,1.3,2.0,0.3,319,16,0,29.59,,0,0,0,39.2,44.8,46.5,0.30,0.31,0.29
WEST,2015-11-29 05:05:00 EST,43.10647,-75.46146,655,29.5,29.8,29.5,79.2,23.8,0.000,0.000,0.00,0.000,1.3,1.9,0.4,327,9,1.5,3.1,0.4,330,13,1.3,1.9,0.4,327,9,0,29.58,,0,0,0,39.2,44.8,46.5,0.30,0.31,0.29
WEST,2015-11-29 05:10:00 EST,43.10647,-75.46146,655,29.4,29.8,29.4,79.8,23.9,0.000,0.000,0.00,0.000,1.7,2.8,0.3,318,7,1.7,2.9,0.3,322,9,1.7,2.8,0.3,318,7,0,29.59,,0,0,0,39.2,44.8,46.4,0.30,0.31,0.29
WEST,2015-11-29 05:15:00 EST,43.10647,-75.46146,655,29.3,29.7,29.3,82.3,24.5,0.000,0.000,0.00,0.000,1.2,2.3,0.6,316,4,1.4,2.5,0.4,309,17,1.2,2.3,0.6,316,4,0,29.59,,0,0,0,39.2,44.8,46.5,0.30,0.31,0.29
WEST,2015-11-29 05:20:00 EST,43.10647,-75.46146,655,29.3,29.6,29.3,82.3,24.5,0.000,0.000,0.00,0.000,0.3,1.2,0.3,310,0,0.8,1.3,0.3,285,19,0.3,1.2,0.3,310,0,0,29.59,,0,0,0,39.2,44.8,46.4,0.30,0.31,0.29
WEST,2015-11-29 05:25:00 EST,43.10647,-75.46146,655,29.2,29.5,29.2,84.1,25.0,0.000,0.000,0.00,0.000,0.2,1.1,0.2,299,21,1.2,1.8,0.2,249,16,0.2,1.1,0.2,299,21,0,29.58,,0,0,0,39.2,44.8,46.4,0.30,0.31,0.29
WEST,2015-11-29 05:30:00 EST,43.10647,-75.46146,655,29.1,29.6,29.1,84.6,25.0,0.000,0.000,0.00,0.000,0.7,1.1,0.3,256,3,1.1,1.6,0.3,249,14,0.7,1.1,0.3,256,3,0,29.58,,0,0,0,39.2,44.8,46.3,0.30,0.30,0.29
WEST,2015-11-29 05:35:00 EST,43.10647,-75.46146,655,29.1,29.5,29.1,84.7,25.1,0.000,0.000,0.00,0.000,0.5,1.5,0.5,268,5,1.0,1.8,0.4,269,18,0.5,1.5,0.5,268,5,0,29.59,,0,0,0,39.2,44.8,46.4,0.30,0.31,0.29
WEST,2015-11-29 05:40:00 EST,43.10647,-75.46146,655,29.0,29.3,29.0,85.8,25.3,0.000,0.000,0.00,0.000,0.5,1.2,0.4,261,1,1.1,1.6,0.3,237,22,0.5,1.2,0.4,261,1,0,29.59,,0,0,0,39.2,44.8,46.4,0.30,0.31,0.29
WEST,2015-11-29 05:45:00 EST,43.10647,-75.46146,655,28.8,29.3,28.8,87.3,25.6,0.000,0.000,0.00,0.000,1.5,2.2,0.3,241,6,1.7,2.2,0.3,232,8,1.5,2.2,0.3,241,6,0,29.59,,0,0,0,39.2,44.7,46.4,0.30,0.31,0.29
WEST,2015-11-29 05:50:00 EST,43.10647,-75.46146,655,28.8,29.2,28.8,86.5,25.3,0.000,0.000,0.00,0.000,1.4,2.1,0.3,241,3,1.7,2.2,0.3,240,8,1.4,2.1,0.3,241,3,0,29.59,,0,0,0,39.2,44.8,46.4,0.30,0.30,0.29
WEST,2015-11-29 05:55:00 EST,43.10647,-75.46146,655,28.8,29.3,28.8,86.7,25.4,0.000,0.000,0.00,0.000,1.3,1.6,0.3,244,3,1.6,2.2,0.3,253,8,1.3,1.6,0.3,244,3,0,29.59,,0,0,0,39.2,44.7,46.3,0.30,0.31,0.29
WEST,2015-11-29 06:00:00 EST,43.10647,-75.46146,655,28.9,29.3,28.9,87.6,25.7,0.000,0.000,0.00,0.000,0.0,0.2,0.0,248,0,0.5,2.5,0.4,325,62,0.0,0.2,0.0,248,0,0,29.59,,0,0,0,39.1,44.7,46.3,0.30,0.31,0.29
WEST,2015-11-29 06:05:00 EST,43.10647,-75.46146,655,29.0,29.3,29.0,85.5,25.2,0.000,0.000,0.00,0.000,0.0,0.0,0.0,0,0,0.4,0.9,0.2,258,53,0.0,0.0,0.0,0,0,0,29.59,,0,0,0,39.1,44.7,46.4,0.30,0.31,0.29
WEST,2015-11-29 06:10:00 EST,43.10647,-75.46146,655,28.9,29.4,28.9,84.9,24.9,0.000,0.000,0.00,0.000,0.0,0.7,0.1,248,0,0.7,1.6,0.4,220,70,0.0,0.7,0.1,248,0,0,29.59,,0,0,0,39.1,44.7,46.4,0.30,0.31,0.29
WEST,2015-11-29 06:15:00 EST,43.10647,-75.46146,655,28.3,29.3,28.3,87.3,25.0,0.000,0.000,0.00,0.000,0.0,0.0,0.0,0,0,0.9,1.6,0.3,162,14,0.0,0.0,0.0,0,0,0,29.59,,0,0,0,39.1,44.6,46.4,0.30,0.31,0.29
WEST,2015-11-29 06:20:00 EST,43.10647,-75.46146,655,28.5,29.0,28.5,88.1,25.4,0.000,0.000,0.00,0.000,0.0,0.0,0.0,0,0,0.5,2.5,0.3,159,56,0.0,0.0,0.0,0,0,0,29.59,,0,0,0,39.1,44.7,46.4,0.30,0.30,0.29
WEST,2015-11-29 06:25:00 EST,43.10647,-75.46146,655,28.4,29.0,28.4,88.1,25.3,0.000,0.000,0.00,0.000,0.0,0.0,0.0,0,0,0.5,1.1,0.2,160,44,0.0,0.0,0.0,0,0,0,29.59,,0,0,0,39.1,44.6,46.4,0.30,0.31,0.29
WEST,2015-11-29 06:30:00 EST,43.10647,-75.46146,655,28.1,29.1,28.1,89.0,25.3,0.000,0.000,0.00,0.000,0.0,0.0,0.0,0,0,0.8,1.3,0.2,113,18,0.0,0.0,0.0,0,0,0,29.59,,0,0,0,39.1,44.6,46.3,0.30,0.31,0.29
WEST,2015-11-29 06:35:00 EST,43.10647,-75.46146,655,28.4,29.0,28.4,86.8,25.0,0.000,0.000,0.00,0.000,0.0,0.0,0.0,0,0,0.8,1.1,0.2,128,7,0.0,0.0,0.0,0,0,0,29.59,,0,0,0,39.0,44.6,46.4,0.30,0.30,0.29
WEST,2015-11-29 06:40:00 EST,43.10647,-75.46146,655,28.1,28.8,28.1,87.3,24.8,0.000,0.000,0.00,0.000,0.0,0.0,0.0,0,0,1.0,1.6,0.2,142,6,0.0,0.0,0.0,0,0,0,29.59,,0,0,0,39.0,44.6,46.3,0.30,0.31,0.29
WEST,2015-11-29 06:45:00 EST,43.10647,-75.46146,655,27.9,28.8,27.9,89.1,25.1,0.000,0.000,0.00,0.000,0.0,0.0,0.0,0,0,0.9,1.3,0.2,132,9,0.0,0.0,0.0,0,0,0,29.59,,0,0,0,39.0,44.6,46.3,0.30,0.31,0.29
WEST,2015-11-29 06:50:00 EST,43.10647,-75.46146,655,28.0,28.8,28.0,88.6,25.1,0.000,0.000,0.00,0.000,0.0,0.0,0.0,0,0,0.9,1.1,0.1,126,8,0.0,0.0,0.0,0,0,0,29.60,,0,0,0,39.0,44.6,46.4,0.30,0.31,0.29
WEST,2015-11-29 06:55:00 EST,43.10647,-75.46146,655,27.8,28.5,27.8,89.6,25.2,0.000,0.000,0.00,0.000,0.0,0.0,0.0,0,0,0.4,1.1,0.3,104,46,0.0,0.0,0.0,0,0,0,29.60,,0,0,0,38.9,44.6,46.3,0.30,0.31,0.29
WEST,2015-11-29 07:00:00 EST,43.10647,-75.46146,655,28.1,28.6,28.1,90.4,25.6,0.000,0.000,0.00,0.000,0.0,0.0,0.0,0,0,0.5,4.3,0.5,117,51,0.0,0.0,0.0,0,0,0,29.60,,0,0,0,39.0,44.6,46.3,0.30,0.31,0.29
WEST,2015-11-29 07:05:00 EST,43.10647,-75.46146,655,28.2,28.8,28.2,88.4,25.2,0.000,0.000,0.00,0.000,0.0,0.0,0.0,0,0,0.8,1.1,0.2,73,12,0.0,0.0,0.0,0,0,1,29.60,,0,0,0,38.9,44.6,46.3,0.30,0.31,0.29
WEST,2015-11-29 07:10:00 EST,43.10647,-75.46146,655,28.2,29.0,28.2,86.9,24.8,0.000,0.000,0.00,0.000,0.0,0.0,0.0,0,0,1.1,1.3,0.2,98,14,0.0,0.0,0.0,0,0,1,29.60,,0,0,0,38.9,44.6,46.3,0.30,0.31,0.29
WEST,2015-11-29 07:15:00 EST,43.10647,-75.46146,655,27.8,28.8,27.8,88.0,24.7,0.000,0.000,0.00,0.000,0.4,1.6,0.5,146,23,1.5,2.0,0.3,123,17,0.4,1.6,0.5,146,23,2,29.60,,0,0,0,38.9,44.5,46.2,0.30,0.30,0.29
WEST,2015-11-29 07:20:00 EST,43.10647,-75.46146,655,27.7,28.4,27.7,91.1,25.4,0.000,0.000,0.00,0.000,1.5,2.0,0.2,163,5,2.0,2.5,0.2,154,9,1.5,2.0,0.2,163,5,4,29.60,,0,0,0,38.9,44.5,46.3,0.30,0.31,0.29
WEST,2015-11-29 07:25:00 EST,43.10647,-75.46146,655,27.7,28.4,27.7,92.2,25.7,0.000,0.000,0.00,0.000,0.3,1.3,0.4,160,0,1.0,1.8,0.3,132,16,0.3,1.3,0.4,160,0,8,29.60,,0,0,0,38.9,44.5,46.3,0.30,0.30,0.29
WEST,2015-11-29 07:30:00 EST,43.10647,-75.46146,655,27.6,28.3,27.6,91.3,25.4,0.000,0.000,0.00,0.000,0.1,0.7,0.2,160,0,0.9,1.1,0.2,134,11,0.1,0.7,0.2,160,0,11,29.60,,0,0,0,38.9,44.5,46.2,0.30,0.31,0.29
WEST,2015-11-29 07:35:00 EST,43.10647,-75.46146,655,27.3,28.2,27.3,91.2,25.0,0.000,0.000,0.00,0.000,0.6,1.2,0.5,150,6,1.0,1.6,0.4,128,10,0.6,1.2,0.5,150,6,14,29.60,,0,0,0,38.8,44.5,46.3,0.31,0.31,0.29
WEST,2015-11-29 07:40:00 EST,43.10647,-75.46146,655,27.5,28.3,27.5,92.0,25.5,0.000,0.000,0.00,0.000,0.1,0.8,0.3,143,0,0.9,1.6,0.4,114,18,0.1,0.8,0.3,143,0,16,29.60,,0,0,0,38.8,44.5,46.2,0.31,0.31,0.29
WEST,2015-11-29 07:45:00 EST,43.10647,-75.46146,655,27.9,28.4,27.9,90.9,25.6,0.000,0.000,0.00,0.000,0.8,1.2,0.4,106,9,1.4,1.8,0.3,95,10,0.8,1.2,0.4,106,9,18,29.60,,0,0,0,38.8,44.5,46.2,0.31,0.31,0.29
WEST,2015-11-29 07:50:00 EST,43.10647,-75.46146,655,28.2,28.6,28.2,89.7,25.6,0.000,0.000,0.00,0.000,0.1,0.7,0.2,99,0,0.6,1.3,0.2,114,22,0.1,0.7,0.2,99,0,19,29.60,,0,0,0,38.8,44.4,46.3,0.31,0.31,0.29
WEST,2015-11-29 07:55:00 EST,43.10647,-75.46146,655,28.2,28.6,28.2,90.4,25.8,0.000,0.000,0.00,0.000,0.0,0.4,0.1,99,0,1.1,1.8,0.2,155,16,0.0,0.4,0.1,99,0,21,29.61,,0,0,0,38.8,44.4,46.2,0.31,0.31,0.29
WEST,2015-11-29 08:00:00 EST,43.10647,-75.46146,655,28.6,28.7,28.6,90.3,26.1,0.000,0.000,0.00,0.000,0.6,1.5,0.6,159,2,1.5,2.2,0.4,154,10,0.6,1.5,0.6,159,2,25,29.61,,0,0,0,38.8,44.4,46.2,0.31,0.31,0.29
WEST,2015-11-29 08:05:00 EST,43.10647,-75.46146,655,28.7,28.8,28.7,88.8,25.8,0.000,0.000,0.00,0.000,0.0,0.3,0.0,159,0,0.6,1.6,0.3,128,37,0.0,0.3,0.0,159,0,29,29.61,,0,0,0,38.7,44.4,46.2,0.31,0.31,0.29
WEST,2015-11-29 08:10:00 EST,43.10647,-75.46146,655,28.8,28.9,28.8,89.0,26.0,0.000,0.000,0.00,0.000,0.6,1.2,0.4,164,3,1.1,1.6,0.3,151,16,0.6,1.2,0.4,164,3,33,29.61,,0,0,0,38.8,44.4,46.2,0.31,0.31,0.29
WEST,2015-11-29 08:15:00 EST,43.10647,-75.46146,655,29.1,29.2,29.1,89.3,26.3,0.000,0.000,0.00,0.000,0.3,1.1,0.4,167,0,0.9,1.8,0.3,145,19,0.3,1.1,0.4,167,0,34,29.61,,0,0,0,38.7,44.4,46.1,0.31,0.31,0.29
WEST,2015-11-29 08:20:00 EST,43.10647,-75.46146,655,29.3,29.2,29.3,88.9,26.4,0.000,0.000,0.00,0.000,0.3,1.9,0.7,57,0,1.3,2.2,0.4,71,17,0.3,1.9,0.7,57,0,34,29.61,,0,0,0,38.8,44.4,46.2,0.31,0.31,0.29
WEST,2015-11-29 08:25:00 EST,43.10647,-75.46146,655,29.4,29.3,29.4,86.7,25.9,0.000,0.000,0.00,0.000,1.8,2.3,0.3,46,10,2.0,2.7,0.3,48,9,1.8,2.3,0.3,46,10,35,29.61,,0,0,0,38.7,44.4,46.1,0.31,0.31,0.29
WEST,2015-11-29 08:30:00 EST,43.10647,-75.46146,655,29.7,29.6,29.7,86.1,26.0,0.000,0.000,0.00,0.000,2.1,3.0,0.4,45,7,2.4,3.4,0.4,49,9,2.1,3.0,0.4,45,7,35,29.61,,0,0,0,38.7,44.4,46.1,0.31,0.30,0.29
WEST,2015-11-29 08:35:00 EST,43.10647,-75.46146,655,29.9,29.9,29.9,84.5,25.8,0.000,0.000,0.00,0.000,0.9,1.5,0.4,67,3,1.4,2.5,0.4,72,15,0.9,1.5,0.4,67,3,34,29.61,,0,0,0,38.7,44.4,46.1,0.31,0.30,0.29
WEST,2015-11-29 08:40:00 EST,43.10647,-75.46146,655,30.1,30.0,30.1,84.4,25.9,0.000,0.000,0.00,0.000,1.1,1.9,0.4,75,8,1.7,2.7,0.3,87,11,1.1,1.9,0.4,75,8,35,29.61,,0,0,0,38.8,44.4,46.1,0.31,0.31,0.29
WEST,2015-11-29 08:45:00 EST,43.10647,-75.46146,655,30.0,29.9,30.0,86.5,26.5,0.000,0.000,0.00,0.000,1.5,2.0,0.2,66,7,1.9,3.1,0.3,65,10,1.5,2.0,0.2,66,7,38,29.61,,0,0,0,38.7,44.4,46.1,0.31,0.30,0.29
WEST,2015-11-29 08:50:00 EST,43.10647,-75.46146,655,30.0,30.0,30.0,84.1,25.8,0.000,0.000,0.00,0.000,1.0,1.4,0.2,73,0,1.5,2.2,0.3,73,10,1.0,1.4,0.2,73,0,38,29.61,,0,0,0,38.7,44.4,46.0,0.31,0.30,0.29
WEST,2015-11-29 08:55:00 EST,43.10647,-75.46146,655,30.2,30.2,30.2,83.2,25.7,0.000,0.000,0.00,0.000,0.9,1.6,0.3,39,11,1.2,2.0,0.3,44,11,0.9,1.6,0.3,39,11,40,29.61,,0,0,0,38.8,44.4,46.1,0.31,0.31,0.29
WEST,2015-11-29 09:00:00 EST,43.10647,-75.46146,655,30.3,30.2,30.3,84.1,26.1,0.000,0.000,0.00,0.000,0.6,1.3,0.4,45,9,1.2,2.0,0.4,61,14,0.6,1.3,0.4,45,9,45,29.61,,0,0,0,38.8,44.4,46.1,0.31,0.30,0.29
WEST,2015-11-29 09:05:00 EST,43.10647,-75.46146,655,30.4,30.2,30.4,84.2,26.2,0.000,0.000,0.00,0.000,0.8,1.2,0.3,55,0,1.3,2.0,0.2,62,12,0.8,1.2,0.3,55,0,45,29.61,,0,0,0,38.8,44.2,46.1,0.31,0.30,0.29
WEST,2015-11-29 09:10:00 EST,43.10647,-75.46146,655,30.5,30.4,30.5,82.8,25.9,0.000,0.000,0.00,0.000,0.2,0.8,0.3,55,0,0.9,1.6,0.4,89,23,0.2,0.8,0.3,55,0,51,29.61,,0,0,0,38.8,44.3,46.1,0.30,0.30,0.29
WEST,2015-11-29 09:15:00 EST,43.10647,-75.46146,655,30.4,30.3,30.4,84.6,26.3,0.000,0.000,0.00,0.000,0.6,1.2,0.3,97,8,1.2,2.0,0.3,104,13,0.6,1.2,0.3,97,8,59,29.61,,0,0,0,38.9,44.3,46.1,0.30,0.30,0.29
WEST,2015-11-29 09:20:00 EST,43.10647,-75.46146,655,30.6,30.4,30.6,84.2,26.4,0.000,0.000,0.00,0.000,0.1,1.2,0.3,86,2,1.0,2.0,0.4,92,17,0.1,1.2,0.3,86,2,71,29.61,,0,0,0,38.8,44.3,46.1,0.30,0.30,0.29
WEST,2015-11-29 09:25:00 EST,43.10647,-75.46146,655,30.5,30.4,30.5,83.1,26.0,0.000,0.000,0.00,0.000,0.1,0.7,0.2,70,9,0.8,1.6,0.3,28,55,0.1,0.7,0.2,70,9,67,29.61,,0,0,0,38.9,44.2,46.1,0.30,0.30,0.29
WEST,2015-11-29 09:30:00 EST,43.10647,-75.46146,655,30.7,30.6,30.7,83.4,26.2,0.000,0.000,0.00,0.000,0.3,1.2,0.4,36,8,0.9,1.8,0.3,22,41,0.3,1.2,0.4,36,8,69,29.61,,0,0,0,38.9,44.2,46.1,0.30,0.30,0.29
WEST,2015-11-29 09:35:00 EST,43.10647,-75.46146,655,30.8,30.8,30.8,83.3,26.4,0.000,0.000,0.00,0.000,0.1,0.7,0.1,292,12,0.8,1.3,0.3,275,28,0.1,0.7,0.1,292,12,70,29.61,,0,0,0,38.9,44.1,46.0,0.30,0.30,0.29
WEST,2015-11-29 09:40:00 EST,43.10647,-75.46146,655,31.1,31.0,31.1,83.7,26.8,0.000,0.000,0.00,0.000,0.7,2.0,0.6,299,17,1.1,2.7,0.5,299,25,0.7,2.0,0.6,299,17,68,29.61,,0,0,0,39.0,44.1,46.0,0.30,0.30,0.29
WEST,2015-11-29 09:45:00 EST,43.10647,-75.46146,655,31.3,31.2,31.3,82.1,26.4,0.000,0.000,0.00,0.000,1.7,3.1,0.7,316,19,1.9,3.6,0.7,319,22,1.7,3.1,0.7,316,19,73,29.61,,0,0,0,39.0,44.1,46.0,0.30,0.30,0.29
WEST,2015-11-29 09:50:00 EST,43.10647,-75.46146,655,31.5,31.5,31.5,82.2,26.7,0.000,0.000,0.00,0.000,2.3,3.8,0.7,305,12,2.3,4.3,0.7,307,13,2.3,3.8,0.7,305,12,86,29.61,,0,0,0,39.0,44.1,46.0,0.30,0.30,0.29
WEST,2015-11-29 09:55:00 EST,43.10647,-75.46146,655,31.6,31.5,28.3,80.9,26.4,0.000,0.000,0.00,0.000,3.4,6.4,1.1,310,16,3.6,6.5,1.1,311,17,3.4,6.4,1.1,310,16,97,29.62,,0,0,0,39.0,44.1,46.0,0.30,0.30,0.29
WEST,2015-11-29 10:00:00 EST,43.10647,-75.46146,655,31.9,31.8,28.5,79.9,26.4,0.000,0.000,0.00,0.000,3.5,6.2,1.1,310,18,3.7,6.7,1.3,310,19,3.5,6.2,1.1,310,18,114,29.62,,0,0,0,39.1,44.0,46.0,0.30,0.30,0.29
WEST,2015-11-29 10:05:00 EST,43.10647,-75.46146,655,32.1,31.9,28.9,78.7,26.3,0.000,0.000,0.00,0.000,3.4,6.0,1.1,335,14,3.9,6.7,1.2,337,16,3.4,6.0,1.1,335,14,120,29.62,,0,0,0,39.2,44.0,46.0,0.30,0.30,0.29
WEST,2015-11-29 10:10:00 EST,43.10647,-75.46146,655,32.2,32.0,28.8,77.5,26.0,0.000,0.000,0.00,0.000,3.6,5.8,0.9,324,15,3.6,6.3,1.0,327,15,3.6,5.8,0.9,324,15,134,29.62,,0,0,0,39.2,44.0,46.0,0.30,0.30,0.29
WEST,2015-11-29 10:15:00 EST,43.10647,-75.46146,655,32.3,32.1,28.5,77.0,25.9,0.000,0.000,0.00,0.000,4.0,8.9,1.6,316,13,4.2,9.4,1.7,318,13,4.0,8.9,1.6,316,13,130,29.62,,0,0,0,39.2,44.0,46.0,0.30,0.30,0.29
WEST,2015-11-29 10:20:00 EST,43.10647,-75.46146,655,32.4,32.2,26.9,76.2,25.8,0.000,0.000,0.00,0.000,5.8,9.1,1.5,298,19,6.3,10.3,1.5,296,19,5.8,9.1,1.5,298,19,141,29.62,,0,0,0,39.2,44.0,46.0,0.30,0.30,0.29
WEST,2015-11-29 10:25:00 EST,43.10647,-75.46146,655,32.4,32.2,27.6,74.9,25.3,0.000,0.000,0.00,0.000,4.9,7.5,1.2,314,15,5.2,7.8,1.2,314,17,4.9,7.5,1.2,314,15,147,29.62,,0,0,0,39.2,44.0,46.0,0.30,0.30,0.29
WEST,2015-11-29 10:30:00 EST,43.10647,-75.46146,655,32.7,32.4,29.3,76.3,26.1,0.000,0.000,0.00,0.000,3.7,5.6,0.9,303,19,4.1,6.5,1.1,302,20,3.7,5.6,0.9,303,19,134,29.62,,0,0,0,39.3,44.0,46.0,0.30,0.30,0.29
WEST,2015-11-29 10:35:00 EST,43.10647,-75.46146,655,33.0,32.7,30.4,76.7,26.5,0.000,0.000,0.00,0.000,3.0,5.2,1.2,290,23,3.5,6.0,1.2,287,22,3.0,5.2,1.2,290,23,145,29.62,,0,0,0,39.4,44.0,46.0,0.30,0.30,0.29
WEST,2015-11-29 10:40:00 EST,43.10647,-75.46146,655,33.1,32.8,29.3,76.3,26.4,0.000,0.000,0.00,0.000,4.0,6.6,0.9,292,14,4.5,6.7,1.0,290,13,4.0,6.6,0.9,292,14,134,29.62,,0,0,0,39.5,44.0,45.9,0.30,0.30,0.29
WEST,2015-11-29 10:45:00 EST,43.10647,-75.46146,655,33.2,32.9,28.0,76.3,26.6,0.000,0.000,0.00,0.000,5.6,9.2,1.7,288,13,6.1,10.3,1.8,286,13,5.6,9.2,1.7,288,13,151,29.62,,0,0,0,39.6,44.0,45.9,0.30,0.30,0.29
WEST,2015-11-29 10:50:00 EST,43.10647,-75.46146,655,33.7,33.2,27.8,76.6,27.2,0.000,0.000,0.00,0.000,6.6,9.4,1.1,291,15,7.2,9.4,1.1,290,16,6.6,9.4,1.1,291,15,318,29.61,,0,0,0,39.6,43.9,46.0,0.30,0.30,0.29
WEST,2015-11-29 10:55:00 EST,43.10647,-75.46146,655,34.7,33.9,29.0,74.3,27.3,0.000,0.000,0.00,0.000,6.5,11.0,1.5,297,19,7.0,11.0,1.6,295,18,6.5,11.0,1.5,297,19,447,29.61,,0,0,0,39.7,43.9,45.9,0.30,0.30,0.29
WEST,2015-11-29 11:00:00 EST,43.10647,-75.46146,655,34.9,34.1,28.0,71.8,26.8,0.000,0.000,0.00,0.000,8.8,11.5,1.7,315,12,8.9,11.6,1.5,315,12,8.8,11.5,1.7,315,12,380,29.61,,0,0,0,39.9,43.9,45.9,0.30,0.30,0.29
WEST,2015-11-29 11:05:00 EST,43.10647,-75.46146,655,34.4,33.9,27.3,71.0,26.0,0.000,0.000,0.00,0.000,8.9,12.7,1.8,286,17,9.6,14.3,2.1,286,17,8.9,12.7,1.8,286,17,175,29.60,,0,0,0,39.9,43.9,46.0,0.30,0.30,0.29
WEST,2015-11-29 11:10:00 EST,43.10647,-75.46146,655,34.4,34.0,26.9,69.2,25.3,0.000,0.000,0.00,0.000,9.5,13.8,2.0,293,21,10.4,16.3,2.4,291,21,9.5,13.8,2.0,293,21,243,29.60,,0,0,0,40.0,43.9,45.9,0.30,0.30,0.29
WEST,2015-11-29 11:15:00 EST,43.10647,-75.46146,655,34.5,34.1,27.7,68.3,25.1,0.000,0.000,0.00,0.000,8.3,15.6,2.3,296,13,8.9,15.7,2.2,294,13,8.3,15.6,2.3,296,13,248,29.60,,0,0,0,40.2,43.9,45.9,0.30,0.30,0.29
WEST,2015-11-29 11:20:00 EST,43.10647,-75.46146,655,34.7,34.4,28.0,69.1,25.6,0.000,0.000,0.00,0.000,8.1,11.0,1.6,292,16,8.7,12.5,1.7,291,15,8.1,11.0,1.6,292,16,199,29.60,,0,0,0,40.4,43.9,46.0,0.31,0.30,0.29
WEST,2015-11-29 11:25:00 EST,43.10647,-75.46146,655,34.2,33.9,27.6,68.8,25.0,0.000,0.000,0.00,0.000,7.9,13.2,2.0,297,17,8.5,15.0,2.3,294,16,7.9,13.2,2.0,297,17,155,29.60,,0,0,0,40.6,43.9,45.9,0.33,0.30,0.29
WEST,2015-11-29 11:30:00 EST,43.10647,-75.46146,655,33.8,33.7,27.9,68.7,24.6,0.000,0.000,0.00,0.000,6.7,10.8,1.4,306,14,7.2,12.3,1.7,307,14,6.7,10.8,1.4,306,14,97,29.60,,0,0,0,40.7,43.9,45.9,0.32,0.30,0.29
WEST,2015-11-29 11:35:00 EST,43.10647,-75.46146,655,33.8,33.7,27.2,68.6,24.6,0.000,0.000,0.00,0.000,7.7,12.9,1.9,302,16,8.2,13.0,1.9,301,17,7.7,12.9,1.9,302,16,199,29.60,,0,0,0,40.9,43.9,45.9,0.31,0.30,0.29
WEST,2015-11-29 11:40:00 EST,43.10647,-75.46146,655,34.6,34.3,28.2,69.3,25.6,0.000,0.000,0.00,0.000,7.7,12.6,2.1,284,13,8.4,13.2,2.2,283,12,7.7,12.6,2.1,284,13,153,29.60,,0,0,0,41.0,43.9,45.9,0.31,0.30,0.29
WEST,2015-11-29 11:45:00 EST,43.10647,-75.46146,655,33.5,33.4,26.3,70.9,25.1,0.000,0.000,0.00,0.000,8.6,13.3,1.8,293,13,9.3,14.3,2.0,294,14,8.6,13.3,1.8,293,13,69,29.60,,0,0,0,41.2,43.9,45.9,0.31,0.30,0.29
WEST,2015-11-29 11:50:00 EST,43.10647,-75.46146,655,33.9,33.6,27.4,70.4,25.2,0.000,0.000,0.00,0.000,7.5,11.3,2.3,293,13,8.0,12.1,2.3,291,12,7.5,11.3,2.3,293,13,292,29.60,,0,0,0,41.3,43.9,45.9,0.31,0.30,0.29
WEST,2015-11-29 11:55:00 EST,43.10647,-75.46146,655,34.9,34.2,27.9,68.2,25.5,0.000,0.000,0.00,0.000,8.9,12.1,1.5,285,13,9.6,13.9,1.7,283,12,8.9,12.1,1.5,285,13,321,29.60,,0,0,0,41.3,43.9,45.9,0.31,0.30,0.29
WEST,2015-11-29 12:00:00 EST,43.10647,-75.46146,655,35.1,34.5,28.1,66.0,24.9,0.000,0.000,0.00,0.000,8.9,13.2,2.1,283,15,9.6,14.5,2.3,280,14,8.9,13.2,2.1,283,15,439,29.59,,0,0,0,41.4,43.9,45.9,0.31,0.30,0.29
WEST,2015-11-29 12:05:00 EST,43.10647,-75.46146,655,35.6,34.9,27.6,65.8,25.3,0.000,0.000,0.00,0.000,11.3,14.7,1.7,280,9,12.6,17.9,1.9,278,7,11.3,14.7,1.7,280,9,370,29.59,,0,0,0,41.5,43.9,45.9,0.31,0.30,0.29
WEST,2015-11-29 12:10:00 EST,43.10647,-75.46146,655,35.6,34.9,28.3,65.8,25.2,0.000,0.000,0.00,0.000,9.6,15.5,2.7,294,24,10.2,17.7,3.0,293,24,9.6,15.5,2.7,294,24,375,29.59,,0,0,0,41.6,43.9,45.9,0.31,0.30,0.29
WEST,2015-11-29 12:15:00 EST,43.10647,-75.46146,655,35.2,34.6,27.8,64.5,24.4,0.000,0.000,0.00,0.000,9.8,15.1,1.8,286,10,10.5,16.3,2.1,284,9,9.8,15.1,1.8,286,10,344,29.59,,0,0,0,41.7,43.9,45.9,0.31,0.30,0.29
WEST,2015-11-29 12:20:00 EST,43.10647,-75.46146,655,35.3,34.6,28.5,64.5,24.6,0.000,0.000,0.00,0.000,8.8,13.5,1.9,283,13,9.7,14.8,2.1,282,13,8.8,13.5,1.9,283,13,368,29.59,,0,0,0,41.8,43.9,45.9,0.31,0.30,0.29
WEST,2015-11-29 12:25:00 EST,43.10647,-75.46146,655,35.8,35.1,28.4,64.4,24.9,0.000,0.000,0.00,0.000,10.1,16.8,2.8,291,16,10.8,17.4,3.0,288,16,10.1,16.8,2.8,291,16,372,29.59,,0,0,0,41.8,43.9,45.9,0.31,0.30,0.29
WEST,2015-11-29 12:30:00 EST,43.10647,-75.46146,655,34.4,34.2,27.7,66.7,24.5,0.000,0.000,0.00,0.000,8.2,16.0,2.7,285,11,8.9,18.3,2.9,281,10,8.2,16.0,2.7,285,11,122,29.60,,0,0,0,42.0,43.9,45.8,0.31,0.30,0.29
WEST,2015-11-29 12:35:00 EST,43.10647,-75.46146,655,35.2,34.7,28.1,65.4,24.8,0.000,0.000,0.00,0.000,9.3,15.8,2.5,286,16,10.2,16.8,2.7,285,15,9.3,15.8,2.5,286,16,416,29.59,,0,0,0,42.2,43.8,45.8,0.31,0.30,0.29
WEST,2015-11-29 12:40:00 EST,43.10647,-75.46146,655,35.0,34.5,26.8,63.7,24.0,0.000,0.000,0.00,0.000,11.4,15.8,1.8,269,8,12.3,17.2,2.0,267,8,11.4,15.8,1.8,269,8,209,29.59,,0,0,0,42.3,43.9,45.8,0.31,0.30,0.29
WEST,2015-11-29 12:45:00 EST,43.10647,-75.46146,655,34.7,34.4,26.6,66.2,24.6,0.000,0.000,0.00,0.000,11.1,15.4,2.2,279,8,12.2,17.4,2.5,277,7,11.1,15.4,2.2,279,8,210,29.59,,0,0,0,42.4,43.9,45.8,0.31,0.30,0.29
WEST,2015-11-29 12:50:00 EST,43.10647,-75.46146,655,35.0,34.6,27.8,66.0,24.8,0.000,0.000,0.00,0.000,9.2,13.9,2.1,275,14,10.1,15.4,2.3,273,12,9.2,13.9,2.1,275,14,310,29.59,,0,0,0,42.5,43.9,45.9,0.31,0.30,0.29
WEST,2015-11-29 12:55:00 EST,43.10647,-75.46146,655,35.9,35.1,28.8,64.3,25.0,0.000,0.000,0.00,0.000,9.4,14.4,2.5,297,15,10.0,15.4,2.4,297,16,9.4,14.4,2.5,297,15,388,29.59,,0,0,0,42.6,43.9,45.8,0.31,0.30,0.29
WEST,2015-11-29 13:00:00 EST,43.10647,-75.46146,655,35.5,35.0,28.4,64.6,24.8,0.000,0.000,0.00,0.000,9.3,15.9,2.3,290,14,9.9,17.9,2.6,287,14,9.3,15.9,2.3,290,14,326,29.59,,0,0,0,42.6,43.9,45.8,0.31,0.30,0.29
WEST,2015-11-29 13:05:00 EST,43.10647,-75.46146,655,34.5,34.3,26.4,66.1,24.3,0.000,0.000,0.00,0.000,10.9,14.5,1.8,283,13,11.9,17.0,2.3,280,12,10.9,14.5,1.8,283,13,86,29.60,,0,0,0,42.7,43.8,45.8,0.31,0.30,0.29
WEST,2015-11-29 13:10:00 EST,43.10647,-75.46146,655,33.8,33.9,25.8,66.4,23.8,0.000,0.000,0.00,0.000,10.5,14.3,1.8,292,12,11.2,16.8,2.0,290,12,10.5,14.3,1.8,292,12,70,29.60,,0,0,0,42.8,43.9,45.9,0.31,0.30,0.29
WEST,2015-11-29 13:15:00 EST,43.10647,-75.46146,655,33.8,33.9,26.3,67.0,24.0,0.000,0.000,0.00,0.000,9.4,12.9,2.0,287,14,10.2,14.5,2.3,285,15,9.4,12.9,2.0,287,14,145,29.60,,0,0,0,42.8,43.8,45.8,0.31,0.30,0.29
WEST,2015-11-29 13:20:00 EST,43.10647,-75.46146,655,35.0,34.6,27.4,65.9,24.7,0.000,0.000,0.00,0.000,10.0,15.1,2.4,282,11,11.0,16.3,2.6,279,10,10.0,15.1,2.4,282,11,210,29.60,,0,0,0,42.9,43.9,45.8,0.31,0.30,0.29
WEST,2015-11-29 13:25:00 EST,43.10647,-75.46146,655,34.1,34.1,26.5,64.8,23.5,0.000,0.000,0.00,0.000,9.8,14.2,1.8,286,12,10.8,16.6,2.2,283,12,9.8,14.2,1.8,286,12,87,29.60,,0,0,0,42.9,43.8,45.8,0.31,0.30,0.29
WEST,2015-11-29 13:30:00 EST,43.10647,-75.46146,655,34.0,34.0,26.5,66.0,23.8,0.000,0.000,0.00,0.000,9.3,13.7,2.1,287,11,10.1,14.5,2.3,283,10,9.3,13.7,2.1,287,11,132,29.60,,0,0,0,42.9,43.9,45.8,0.31,0.30,0.29
WEST,2015-11-29 13:35:00 EST,43.10647,-75.46146,655,34.8,34.5,27.9,65.1,24.2,0.000,0.000,0.00,0.000,8.6,11.3,1.2,279,11,9.4,13.2,1.5,277,12,8.6,11.3,1.2,279,11,342,29.60,,0,0,0,43.0,43.8,45.8,0.31,0.30,0.29
WEST,2015-11-29 13:40:00 EST,43.10647,-75.46146,655,35.9,35.3,28.5,63.5,24.7,0.000,0.000,0.00,0.000,10.1,14.0,1.9,281,15,10.9,15.4,2.1,278,14,10.1,14.0,1.9,281,15,405,29.60,,0,0,0,43.0,43.9,45.8,0.31,0.30,0.29
WEST,2015-11-29 13:45:00 EST,43.10647,-75.46146,655,35.6,35.2,28.7,63.2,24.3,0.000,0.000,0.00,0.000,8.9,12.4,1.6,276,15,9.7,13.6,1.8,274,14,8.9,12.4,1.6,276,15,284,29.61,,0,0,0,43.0,43.9,45.8,0.31,0.30,0.29
WEST,2015-11-29 13:50:00 EST,43.10647,-75.46146,655,35.4,35.1,28.9,62.5,23.9,0.000,0.000,0.00,0.000,8.3,12.0,2.1,299,16,9.0,13.0,2.1,296,16,8.3,12.0,2.1,299,16,204,29.61,,0,0,0,42.9,43.9,45.8,0.31,0.30,0.29
WEST,2015-11-29 13:55:00 EST,43.10647,-75.46146,655,34.9,34.7,29.5,62.8,23.5,0.000,0.000,0.00,0.000,6.3,11.6,2.0,297,18,6.8,13.6,2.1,295,18,6.3,11.6,2.0,297,18,238,29.61,,0,0,0,42.9,43.9,45.8,0.31,0.30,0.29
WEST,2015-11-29 14:00:00 EST,43.10647,-75.46146,655,35.4,35.0,28.3,61.8,23.6,0.000,0.000,0.00,0.000,9.2,15.1,2.0,292,16,9.7,17.4,2.3,290,14,9.2,15.1,2.0,292,16,242,29.61,,0,0,0,42.9,43.9,45.8,0.31,0.30,0.29
WEST,2015-11-29 14:05:00 EST,43.10647,-75.46146,655,35.1,34.8,26.9,62.0,23.4,0.000,0.000,0.00,0.000,11.3,15.4,2.0,284,10,12.1,17.7,2.4,283,9,11.3,15.4,2.0,284,10,177,29.61,,0,0,0,42.9,43.9,45.8,0.31,0.30,0.29
WEST,2015-11-29 14:10:00 EST,43.10647,-75.46146,655,34.3,34.3,27.5,64.6,23.6,0.000,0.000,0.00,0.000,8.2,13.7,2.0,302,14,8.7,13.6,2.1,298,13,8.2,13.7,2.0,302,14,104,29.60,,0,0,0,42.9,43.9,45.8,0.31,0.30,0.29
WEST,2015-11-29 14:15:00 EST,43.10647,-75.46146,655,35.0,34.7,28.0,66.2,24.9,0.000,0.000,0.00,0.000,8.9,15.8,2.7,273,12,9.8,17.0,2.9,271,11,8.9,15.8,2.7,273,12,258,29.60,,0,0,0,42.9,43.8,45.8,0.31,0.30,0.29
WEST,2015-11-29 14:20:00 EST,43.10647,-75.46146,655,35.3,35.0,28.2,63.9,24.3,0.000,0.000,0.00,0.000,9.1,15.0,2.6,289,16,9.8,16.1,2.7,288,15,9.1,15.0,2.6,289,16,269,29.60,,0,0,0,42.9,43.9,45.8,0.31,0.30,0.29
WEST,2015-11-29 14:25:00 EST,43.10647,-75.46146,655,35.2,34.9,28.0,63.3,24.0,0.000,0.000,0.00,0.000,9.3,13.4,2.5,284,14,10.2,14.8,2.7,282,14,9.3,13.4,2.5,284,14,267,29.60,,0,0,0,42.9,43.9,45.7,0.31,0.30,0.29
WEST,2015-11-29 14:30:00 EST,43.10647,-75.46146,655,35.3,35.0,27.8,63.9,24.3,0.000,0.000,0.00,0.000,10.0,14.6,2.1,282,18,10.8,16.3,2.4,279,16,10.0,14.6,2.1,282,18,211,29.60,,0,0,0,42.9,43.9,45.7,0.31,0.30,0.29
WEST,2015-11-29 14:35:00 EST,43.10647,-75.46146,655,34.3,34.3,27.3,64.1,23.4,0.000,0.000,0.00,0.000,8.5,14.6,1.6,288,11,9.2,14.5,1.8,286,9,8.5,14.6,1.6,288,11,113,29.60,,0,0,0,42.9,43.9,45.8,0.31,0.30,0.29
WEST,2015-11-29 14:40:00 EST,43.10647,-75.46146,655,34.4,34.4,28.3,64.5,23.7,0.000,0.000,0.00,0.000,7.1,11.3,2.0,288,13,7.6,12.8,2.2,286,12,7.1,11.3,2.0,288,13,180,29.60,,0,0,0,42.9,43.9,45.8,0.31,0.30,0.29
WEST,2015-11-29 14:45:00 EST,43.10647,-75.46146,655,35.2,35.0,29.0,62.4,23.6,0.000,0.000,0.00,0.000,7.4,10.8,1.7,285,14,8.1,13.0,1.8,282,13,7.4,10.8,1.7,285,14,219,29.60,,0,0,0,42.8,43.9,45.8,0.31,0.30,0.29
WEST,2015-11-29 14:50:00 EST,43.10647,-75.46146,655,35.3,35.1,28.9,60.1,22.8,0.000,0.000,0.00,0.000,7.8,11.3,1.6,270,14,8.5,13.2,1.8,268,13,7.8,11.3,1.6,270,14,208,29.60,,0,0,0,42.8,43.9,45.8,0.31,0.30,0.29
WEST,2015-11-29 14:55:00 EST,43.10647,-75.46146,655,35.6,35.4,29.7,60.3,23.2,0.000,0.000,0.00,0.000,7.1,11.0,1.4,280,12,7.8,12.8,1.6,278,11,7.1,11.0,1.4,280,12,192,29.60,,0,0,0,42.8,43.9,45.8,0.31,0.30,0.29
WEST,2015-11-29 15:00:00 EST,43.10647,-75.46146,655,35.4,35.3,28.2,58.9,22.4,0.000,0.000,0.00,0.000,9.3,13.4,1.6,268,8,10.2,14.5,1.9,266,7,9.3,13.4,1.6,268,8,184,29.60,,0,0,0,42.8,43.9,45.7,0.31,0.30,0.29
WEST,2015-11-29 15:05:00 EST,43.10647,-75.46146,655,35.5,35.5,30.6,59.5,22.8,0.000,0.000,0.00,0.000,5.8,9.3,1.7,284,13,6.5,9.8,1.9,282,12,5.8,9.3,1.7,284,13,176,29.60,,0,0,0,42.7,43.9,45.8,0.31,0.30,0.29
WEST,2015-11-29 15:10:00 EST,43.10647,-75.46146,655,35.4,35.4,29.9,59.8,22.8,0.000,0.000,0.00,0.000,6.6,10.7,1.9,276,11,7.4,12.1,2.0,273,9,6.6,10.7,1.9,276,11,166,29.60,,0,0,0,42.7,43.9,45.8,0.31,0.30,0.29
WEST,2015-11-29 15:15:00 EST,43.10647,-75.46146,655,35.3,35.3,28.9,59.1,22.4,0.000,0.000,0.00,0.000,7.9,11.2,1.5,278,13,8.4,12.5,1.7,276,11,7.9,11.2,1.5,278,13,156,29.60,,0,0,0,42.6,43.9,45.7,0.31,0.30,0.29
WEST,2015-11-29 15:20:00 EST,43.10647,-75.46146,655,35.4,35.5,30.6,57.6,21.9,0.000,0.000,0.00,0.000,5.6,9.1,1.5,303,19,6.0,11.2,1.7,301,19,5.6,9.1,1.5,303,19,150,29.60,,0,0,0,42.5,43.9,45.7,0.31,0.30,0.29
WEST,2015-11-29 15:25:00 EST,43.10647,-75.46146,655,35.3,35.3,29.7,57.4,21.7,0.000,0.000,0.00,0.000,6.7,12.3,2.3,289,13,7.3,14.5,2.7,287,11,6.7,12.3,2.3,289,13,163,29.60,,0,0,0,42.5,43.9,45.7,0.31,0.30,0.29
WEST,2015-11-29 15:30:00 EST,43.10647,-75.46146,655,35.4,35.4,30.1,59.4,22.7,0.000,0.000,0.00,0.000,6.3,13.1,2.7,287,15,6.8,15.7,3.1,285,14,6.3,13.1,2.7,287,15,176,29.60,,0,0,0,42.4,43.9,45.7,0.31,0.30,0.29
WEST,2015-11-29 15:35:00 EST,43.10647,-75.46146,655,35.7,35.6,31.0,58.7,22.6,0.000,0.000,0.00,0.000,5.5,8.8,1.5,300,14,6.0,9.2,1.6,299,14,5.5,8.8,1.5,300,14,160,29.61,,0,0,0,42.4,43.9,45.7,0.31,0.30,0.29
WEST,2015-11-29 15:40:00 EST,43.10647,-75.46146,655,35.4,35.4,28.9,58.7,22.4,0.000,0.000,0.00,0.000,8.2,12.4,2.3,290,12,8.9,13.0,2.5,288,12,8.2,12.4,2.3,290,12,140,29.61,,0,0,0,42.4,43.9,45.7,0.31,0.30,0.29
WEST,2015-11-29 15:45:00 EST,43.10647,-75.46146,655,35.3,35.3,29.1,59.6,22.6,0.000,0.000,0.00,0.000,7.5,10.0,1.5,288,10,8.2,11.2,1.6,286,9,7.5,10.0,1.5,288,10,119,29.61,,0,0,0,42.2,43.9,45.7,0.31,0.30,0.29
WEST,2015-11-29 15:50:00 EST,43.10647,-75.46146,655,35.2,35.3,30.4,59.5,22.5,0.000,0.000,0.00,0.000,5.6,9.1,1.4,288,11,6.1,9.8,1.4,286,11,5.6,9.1,1.4,288,11,102,29.61,,0,0,0,42.2,43.9,45.7,0.31,0.30,0.29
WEST,2015-11-29 15:55:00 EST,43.10647,-75.46146,655,35.3,35.4,30.9,60.2,22.9,0.000,0.000,0.00,0.000,5.1,8.7,1.5,289,13,5.5,8.9,1.6,287,13,5.1,8.7,1.5,289,13,88,29.61,,0,0,0,42.2,43.9,45.7,0.32,0.30,0.29
WEST,2015-11-29 16:00:00 EST,43.10647,-75.46146,655,35.4,35.4,30.9,58.8,22.4,0.000,0.000,0.00,0.000,5.2,9.3,1.5,325,18,5.7,9.6,1.4,327,18,5.2,9.3,1.5,325,18,64,29.62,,0,0,0,42.1,43.9,45.7,0.32,0.30,0.29
WEST,2015-11-29 16:05:00 EST,43.10647,-75.46146,655,35.3,35.3,31.3,58.0,21.9,0.000,0.000,0.00,0.000,4.6,9.7,2.1,347,19,5.2,9.8,2.1,348,18,4.6,9.7,2.1,347,19,41,29.62,,0,0,0,42.1,43.9,45.7,0.31,0.30,0.29
WEST,2015-11-29 16:10:00 EST,43.10647,-75.46146,655,34.8,34.9,29.9,56.4,20.8,0.000,0.000,0.00,0.000,5.5,8.3,1.2,0,12,6.1,9.6,1.4,1,11,5.5,8.3,1.2,0,12,21,29.62,,0,0,0,42.1,43.9,45.7,0.31,0.30,0.29
WEST,2015-11-29 16:15:00 EST,43.10647,-75.46146,655,34.2,34.5,28.6,57.6,20.8,0.000,0.000,0.00,0.000,6.4,8.6,1.5,20,14,6.9,10.5,1.7,19,13,6.4,8.6,1.5,20,14,10,29.62,,0,0,0,42.0,43.9,45.7,0.31,0.30,0.29
WEST,2015-11-29 16:20:00 EST,43.10647,-75.46146,655,33.8,34.1,28.9,57.2,20.3,0.000,0.000,0.00,0.000,5.4,7.8,1.1,21,11,5.9,9.4,1.4,21,12,5.4,7.8,1.1,21,11,5,29.62,,0,0,0,42.0,43.9,45.7,0.32,0.30,0.29
WEST,2015-11-29 16:25:00 EST,43.10647,-75.46146,655,33.4,33.9,29.4,59.0,20.6,0.000,0.000,0.00,0.000,4.3,7.0,1.1,6,16,4.9,7.6,1.1,7,15,4.3,7.0,1.1,6,16,3,29.62,,0,0,0,42.0,43.9,45.7,0.31,0.30,0.29
WEST,2015-11-29 16:30:00 EST,43.10647,-75.46146,655,33.2,33.7,33.2,59.8,20.7,0.000,0.000,0.00,0.000,2.7,5.0,0.9,11,13,3.4,5.8,1.0,12,14,2.7,5.0,0.9,11,13,2,29.63,,0,0,0,41.9,43.9,45.7,0.32,0.30,0.29
WEST,2015-11-29 16:35:00 EST,43.10647,-75.46146,655,33.1,33.6,33.1,59.9,20.7,0.000,0.000,0.00,0.000,2.9,4.2,0.5,9,11,3.4,4.7,0.6,11,11,2.9,4.2,0.5,9,11,1,29.63,,0,0,0,41.9,43.9,45.7,0.32,0.30,0.29
WEST,2015-11-29 16:40:00 EST,43.10647,-75.46146,655,33.0,33.5,33.0,60.2,20.7,0.000,0.000,0.00,0.000,2.3,3.7,0.6,6,9,2.9,4.5,0.8,9,11,2.3,3.7,0.6,6,9,1,29.63,,0,0,0,41.8,43.9,45.6,0.32,0.30,0.29
WEST,2015-11-29 16:45:00 EST,43.10647,-75.46146,655,32.9,33.3,32.9,60.6,20.8,0.000,0.000,0.00,0.000,1.6,2.8,0.5,11,14,2.0,3.4,0.6,14,15,1.6,2.8,0.5,11,14,0,29.63,,0,0,0,41.8,43.9,45.7,0.32,0.30,0.29
WEST,2015-11-29 16:50:00 EST,43.10647,-75.46146,655,32.8,33.3,32.8,61.7,21.1,0.000,0.000,0.00,0.000,1.1,2.7,0.7,2,16,1.5,3.1,0.6,9,21,1.1,2.7,0.7,2,16,0,29.63,,0,0,0,41.7,43.9,45.7,0.31,0.30,0.29
WEST,2015-11-29 16:55:00 EST,43.10647,-75.46146,655,32.7,33.2,32.7,61.9,21.0,0.000,0.000,0.00,0.000,1.2,2.6,0.8,23,15,1.5,2.7,0.7,22,28,1.2,2.6,0.8,23,15,0,29.63,,0,0,0,41.6,43.9,45.7,0.32,0.30,0.29
WEST,2015-11-29 17:00:00 EST,43.10647,-75.46146,655,32.7,33.2,32.7,62.0,21.1,0.000,0.000,0.00,0.000,2.2,3.9,1.0,355,19,2.9,4.7,1.0,357,20,2.2,3.9,1.0,355,19,0,29.64,,0,0,0,41.6,43.9,45.7,0.32,0.30,0.29
WEST,2015-11-29 17:05:00 EST,43.10647,-75.46146,655,32.6,33.1,32.6,62.4,21.1,0.000,0.000,0.00,0.000,1.9,3.3,0.5,345,15,2.3,4.0,0.8,347,15,1.9,3.3,0.5,345,15,0,29.63,,0,0,0,41.5,43.9,45.7,0.31,0.30,0.29
WEST,2015-11-29 17:10:00 EST,43.10647,-75.46146,655,32.4,33.1,29.0,62.7,21.1,0.000,0.000,0.00,0.000,3.6,6.6,0.8,4,11,4.1,7.8,0.9,5,10,3.6,6.6,0.8,4,11,0,29.63,,0,0,0,41.5,43.9,45.7,0.31,0.30,0.29
WEST,2015-11-29 17:15:00 EST,43.10647,-75.46146,655,32.5,33.0,28.6,61.6,20.7,0.000,0.000,0.00,0.000,4.0,6.4,1.1,359,14,4.6,7.4,1.2,360,12,4.0,6.4,1.1,359,14,0,29.63,,0,0,0,41.4,44.0,45.7,0.31,0.30,0.29
WEST,2015-11-29 17:20:00 EST,43.10647,-75.46146,655,32.1,32.8,28.8,62.3,20.7,0.000,0.000,0.00,0.000,3.5,5.8,1.1,4,16,4.0,7.2,1.2,4,10,3.5,5.8,1.1,4,16,0,29.63,,0,0,0,41.4,43.9,45.6,0.31,0.30,0.29
WEST,2015-11-29 17:25:00 EST,43.10647,-75.46146,655,32.0,32.7,29.0,62.4,20.6,0.000,0.000,0.00,0.000,3.2,4.7,0.6,3,13,3.7,5.6,0.8,4,9,3.2,4.7,0.6,3,13,0,29.63,,0,0,0,41.4,44.0,45.7,0.31,0.30,0.29
WEST,2015-11-29 17:30:00 EST,43.10647,-75.46146,655,31.5,32.5,31.5,63.3,20.5,0.000,0.000,0.00,0.000,3.0,5.0,0.8,358,13,3.5,5.6,0.8,1,14,3.0,5.0,0.8,358,13,0,29.63,,0,0,0,41.3,43.9,45.7,0.32,0.30,0.29
WEST,2015-11-29 17:35:00 EST,43.10647,-75.46146,655,31.5,32.3,31.5,63.1,20.4,0.000,0.000,0.00,0.000,2.2,4.5,1.0,347,18,2.7,5.6,1.1,350,18,2.2,4.5,1.0,347,18,0,29.64,,0,0,0,41.2,44.0,45.7,0.30,0.30,0.29
WEST,2015-11-29 17:40:00 EST,43.10647,-75.46146,655,31.1,32.2,31.1,63.8,20.3,0.000,0.000,0.00,0.000,1.6,4.5,1.0,348,16,2.1,5.4,1.2,350,17,1.6,4.5,1.0,348,16,0,29.64,,0,0,0,41.1,44.0,45.7,0.30,0.30,0.29
WEST,2015-11-29 17:45:00 EST,43.10647,-75.46146,655,31.4,32.2,31.4,63.2,20.3,0.000,0.000,0.00,0.000,1.9,4.4,1.1,342,15,2.4,5.4,1.1,345,18,1.9,4.4,1.1,342,15,0,29.64,,0,0,0,41.1,44.0,45.6,0.30,0.30,0.29
WEST,2015-11-29 17:50:00 EST,43.10647,-75.46146,655,31.0,32.0,31.0,64.0,20.2,0.000,0.000,0.00,0.000,1.7,3.1,0.8,349,19,2.4,4.3,0.9,355,17,1.7,3.1,0.8,349,19,0,29.64,,0,0,0,41.0,44.0,45.6,0.30,0.30,0.29
WEST,2015-11-29 17:55:00 EST,43.10647,-75.46146,655,30.9,31.8,30.9,64.4,20.3,0.000,0.000,0.00,0.000,2.4,4.9,0.8,345,12,2.9,4.9,1.0,348,14,2.4,4.9,0.8,345,12,0,29.65,,0,0,0,41.0,44.0,45.6,0.30,0.30,0.29
WEST,2015-11-29 18:00:00 EST,43.10647,-75.46146,655,30.8,31.7,30.8,65.5,20.6,0.000,0.000,0.00,0.000,2.0,3.4,0.6,346,17,2.7,5.4,0.9,350,15,2.0,3.4,0.6,346,17,0,29.65,,0,0,0,40.9,44.0,45.7,0.30,0.30,0.29
WEST,2015-11-29 18:05:00 EST,43.10647,-75.46146,655,31.0,31.8,31.0,66.1,20.9,0.000,0.000,0.00,0.000,2.3,3.4,0.4,338,13,2.7,4.5,0.6,341,13,2.3,3.4,0.4,338,13,0,29.64,,0,0,0,40.8,44.0,45.6,0.30,0.30,0.29
WEST,2015-11-29 18:10:00 EST,43.10647,-75.46146,655,31.3,32.0,31.3,65.8,21.2,0.000,0.000,0.00,0.000,2.3,3.4,0.4,340,17,2.7,4.5,0.6,342,15,2.3,3.4,0.4,340,17,0,29.64,,0,0,0,40.8,44.0,45.6,0.30,0.30,0.29
WEST,2015-11-29 18:15:00 EST,43.10647,-75.46146,655,31.4,32.1,31.4,65.6,21.3,0.000,0.000,0.00,0.000,2.1,3.0,0.3,354,14,2.6,3.8,0.5,356,10,2.1,3.0,0.3,354,14,0,29.64,,0,0,0,40.7,44.0,45.6,0.30,0.30,0.29
WEST,2015-11-29 18:20:00 EST,43.10647,-75.46146,655,31.3,32.0,31.3,66.3,21.4,0.000,0.000,0.00,0.000,1.7,3.1,0.4,353,13,2.1,4.0,0.5,356,15,1.7,3.1,0.4,353,13,0,29.64,,0,0,0,40.7,44.0,45.6,0.30,0.30,0.29
WEST,2015-11-29 18:25:00 EST,43.10647,-75.46146,655,31.6,32.2,31.6,66.3,21.7,0.000,0.000,0.00,0.000,1.2,2.3,0.4,347,17,1.8,3.6,0.5,351,21,1.2,2.3,0.4,347,17,0,29.64,,0,0,0,40.6,44.0,45.6,0.30,0.30,0.29
WEST,2015-11-29 18:30:00 EST,43.10647,-75.46146,655,31.8,32.3,31.8,65.5,21.5,0.000,0.000,0.00,0.000,1.8,3.5,0.7,339,15,2.1,4.0,0.8,342,18,1.8,3.5,0.7,339,15,0,29.65,,0,0,0,40.5,44.0,45.6,0.30,0.30,0.29
WEST,2015-11-29 18:35:00 EST,43.10647,-75.46146,655,31.9,32.4,31.9,65.3,21.6,0.000,0.000,0.00,0.000,2.3,4.9,1.1,339,18,2.6,6.3,1.2,342,21,2.3,4.9,1.1,339,18,0,29.65,,0,0,0,40.5,44.0,45.6,0.30,0.30,0.29
WEST,2015-11-29 18:40:00 EST,43.10647,-75.46146,655,32.0,32.6,29.2,64.8,21.5,0.000,0.000,0.00,0.000,3.1,5.0,0.8,358,12,3.7,6.5,0.9,0,10,3.1,5.0,0.8,358,12,0,29.65,,0,0,0,40.4,44.0,45.6,0.30,0.30,0.29
WEST,2015-11-29 18:45:00 EST,43.10647,-75.46146,655,32.1,32.6,32.1,64.8,21.6,0.000,0.000,0.00,0.000,1.8,3.3,0.5,355,14,2.2,4.3,0.6,360,18,1.8,3.3,0.5,355,14,0,29.65,,0,0,0,40.4,44.0,45.6,0.30,0.30,0.29
WEST,2015-11-29 18:50:00 EST,43.10647,-75.46146,655,32.2,32.7,29.2,65.2,21.8,0.000,0.000,0.00,0.000,3.2,4.5,0.5,5,18,3.9,6.0,0.7,7,14,3.2,4.5,0.5,5,18,0,29.65,,0,0,0,40.3,44.0,45.6,0.30,0.30,0.29
WEST,2015-11-29 18:55:00 EST,43.10647,-75.46146,655,32.2,32.7,32.2,65.3,21.9,0.000,0.000,0.00,0.000,2.2,3.2,0.5,25,11,2.5,4.0,0.6,29,11,2.2,3.2,0.5,25,11,0,29.65,,0,0,0,40.3,44.0,45.6,0.30,0.30,0.29
WEST,2015-11-29 19:00:00 EST,43.10647,-75.46146,655,32.2,32.6,32.2,65.3,21.9,0.000,0.000,0.00,0.000,2.2,4.2,0.6,36,9,2.4,4.5,0.7,39,10,2.2,4.2,0.6,36,9,0,29.66,,0,0,0,40.3,44.0,45.6,0.30,0.30,0.29
WEST,2015-11-29 19:05:00 EST,43.10647,-75.46146,655,32.2,32.6,28.6,64.9,21.7,0.000,0.000,0.00,0.000,3.8,5.8,0.8,31,12,4.0,6.5,1.1,33,12,3.8,5.8,0.8,31,12,0,29.66,,0,0,0,40.2,44.0,45.6,0.30,0.31,0.29
WEST,2015-11-29 19:10:00 EST,43.10647,-75.46146,655,32.1,32.4,28.7,65.6,21.9,0.000,0.000,0.00,0.000,3.6,5.9,0.8,23,13,4.0,6.9,1.0,23,12,3.6,5.9,0.8,23,13,0,29.66,,0,0,0,40.2,44.0,45.6,0.30,0.30,0.29
WEST,2015-11-29 19:15:00 EST,43.10647,-75.46146,655,31.9,32.3,31.9,66.9,22.2,0.000,0.000,0.00,0.000,2.5,3.8,0.6,31,9,2.5,3.8,0.6,33,10,2.5,3.8,0.6,31,9,0,29.66,,0,0,0,40.1,44.0,45.6,0.30,0.30,0.29
WEST,2015-11-29 19:20:00 EST,43.10647,-75.46146,655,32.0,32.2,29.2,66.4,22.1,0.000,0.000,0.00,0.000,3.0,5.1,0.9,17,15,3.6,6.7,1.1,19,14,3.0,5.1,0.9,17,15,0,29.66,,0,0,0,40.2,44.0,45.6,0.30,0.30,0.29
WEST,2015-11-29 19:25:00 EST,43.10647,-75.46146,655,31.8,32.2,29.0,67.2,22.2,0.000,0.000,0.00,0.000,3.1,5.8,0.8,20,12,3.5,5.8,0.9,21,12,3.1,5.8,0.8,20,12,0,29.67,,0,0,0,40.1,44.0,45.6,0.30,0.30,0.29
WEST,2015-11-29 19:30:00 EST,43.10647,-75.46146,655,31.8,32.1,27.9,67.3,22.2,0.000,0.000,0.00,0.000,4.0,6.1,1.0,11,13,4.5,6.7,1.1,11,13,4.0,6.1,1.0,11,13,0,29.67,,0,0,0,40.1,44.0,45.6,0.30,0.30,0.29
WEST,2015-11-29 19:35:00 EST,43.10647,-75.46146,655,31.7,32.0,28.2,68.2,22.4,0.000,0.000,0.00,0.000,3.5,6.2,1.0,12,14,4.0,6.7,1.1,12,12,3.5,6.2,1.0,12,14,0,29.67,,0,0,0,40.0,44.0,45.6,0.30,0.30,0.29
WEST,2015-11-29 19:40:00 EST,43.10647,-75.46146,655,31.6,32.0,27.4,67.9,22.2,0.000,0.000,0.00,0.000,4.2,7.9,1.2,7,9,4.8,8.7,1.3,7,8,4.2,7.9,1.2,7,9,0,29.67,,0,0,0,40.0,43.9,45.6,0.30,0.30,0.29
WEST,2015-11-29 19:45:00 EST,43.10647,-75.46146,655,31.5,31.9,27.9,68.4,22.3,0.000,0.000,0.00,0.000,3.6,5.8,0.8,7,16,4.1,6.3,0.7,8,11,3.6,5.8,0.8,7,16,0,29.67,,0,0,0,40.0,44.0,45.6,0.30,0.30,0.29
WEST,2015-11-29 19:50:00 EST,43.10647,-75.46146,655,31.3,31.7,27.4,69.3,22.4,0.000,0.000,0.00,0.000,3.8,5.9,0.9,13,14,4.3,7.6,1.1,13,12,3.8,5.9,0.9,13,14,0,29.67,,0,0,0,39.9,44.0,45.6,0.30,0.30,0.29
WEST,2015-11-29 19:55:00 EST,43.10647,-75.46146,655,31.2,31.6,26.9,69.1,22.3,0.000,0.000,0.00,0.000,4.3,6.6,0.9,14,12,4.7,7.6,1.1,14,12,4.3,6.6,0.9,14,12,0,29.67,,0,0,0,39.9,43.9,45.6,0.30,0.30,0.29
WEST,2015-11-29 20:00:00 EST,43.10647,-75.46146,655,31.2,31.5,27.1,68.9,22.2,0.000,0.000,0.00,0.000,4.1,6.5,0.8,10,11,4.7,7.2,0.8,9,10,4.1,6.5,0.8,10,11,0,29.67,,0,0,0,39.9,43.9,45.6,0.30,0.30,0.29
WEST,2015-11-29 20:05:00 EST,43.10647,-75.46146,655,31.0,31.4,26.6,69.7,22.3,0.000,0.000,0.00,0.000,4.2,7.9,1.1,7,16,4.8,8.3,1.1,8,12,4.2,7.9,1.1,7,16,0,29.67,,0,0,0,39.9,44.0,45.6,0.30,0.30,0.29
WEST,2015-11-29 20:10:00 EST,43.10647,-75.46146,655,31.0,31.4,26.0,69.7,22.3,0.000,0.000,0.00,0.000,4.9,8.0,1.4,5,18,5.5,9.2,1.6,5,14,4.9,8.0,1.4,5,18,0,29.68,,0,0,0,39.9,43.9,45.6,0.30,0.30,0.29
WEST,2015-11-29 20:15:00 EST,43.10647,-75.46146,655,31.0,31.3,24.3,70.1,22.4,0.000,0.000,0.00,0.000,6.9,10.3,1.8,8,13,7.6,12.5,2.1,8,11,6.9,10.3,1.8,8,13,0,29.68,,0,0,0,39.8,43.9,45.6,0.30,0.30,0.29
WEST,2015-11-29 20:20:00 EST,43.10647,-75.46146,655,31.1,31.4,25.1,69.3,22.3,0.000,0.000,0.00,0.000,6.1,9.1,1.7,12,15,6.9,10.7,1.9,11,12,6.1,9.1,1.7,12,15,0,29.68,,0,0,0,39.8,43.9,45.6,0.30,0.30,0.29
WEST,2015-11-29 20:25:00 EST,43.10647,-75.46146,655,31.0,31.3,25.8,69.7,22.3,0.000,0.000,0.00,0.000,5.2,7.6,1.0,7,10,5.8,8.7,1.2,8,9,5.2,7.6,1.0,7,10,0,29.68,,0,0,0,39.7,43.9,45.6,0.30,0.30,0.29
WEST,2015-11-29 20:30:00 EST,43.10647,-75.46146,655,31.0,31.3,25.7,70.3,22.5,0.000,0.000,0.00,0.000,5.2,7.5,1.2,4,18,6.0,8.9,1.4,3,11,5.2,7.5,1.2,4,18,0,29.68,,0,0,0,39.7,43.9,45.6,0.30,0.30,0.29
WEST,2015-11-29 20:35:00 EST,43.10647,-75.46146,655,31.1,31.3,25.4,70.2,22.5,0.000,0.000,0.00,0.000,5.7,9.4,1.6,355,11,6.3,9.8,1.8,355,9,5.7,9.4,1.6,355,11,0,29.68,,0,0,0,39.7,43.9,45.6,0.30,0.30,0.29
WEST,2015-11-29 20:40:00 EST,43.10647,-75.46146,655,31.0,31.3,25.8,70.8,22.6,0.000,0.000,0.00,0.000,5.1,8.0,1.5,350,17,5.9,9.4,1.8,352,12,5.1,8.0,1.5,350,17,0,29.68,,0,0,0,39.6,43.9,45.6,0.30,0.30,0.29
WEST,2015-11-29 20:45:00 EST,43.10647,-75.46146,655,31.1,31.3,25.8,70.4,22.6,0.000,0.000,0.00,0.000,5.2,8.5,1.4,353,18,5.8,12.1,1.8,355,13,5.2,8.5,1.4,353,18,0,29.69,,0,0,0,39.6,43.9,45.6,0.30,0.30,0.29
WEST,2015-11-29 20:50:00 EST,43.10647,-75.46146,655,31.1,31.3,25.6,69.9,22.4,0.000,0.000,0.00,0.000,5.4,9.1,1.2,360,19,6.2,9.8,1.3,359,9,5.4,9.1,1.2,360,19,0,29.69,,0,0,0,39.6,43.9,45.6,0.30,0.30,0.29
WEST,2015-11-29 20:55:00 EST,43.10647,-75.46146,655,31.1,31.3,25.8,69.7,22.3,0.000,0.000,0.00,0.000,5.1,9.0,2.1,352,21,5.8,11.6,2.5,356,15,5.1,9.0,2.1,352,21,0,29.69,,0,0,0,39.6,43.9,45.6,0.30,0.30,0.29
WEST,2015-11-29 21:00:00 EST,43.10647,-75.46146,655,31.1,31.3,26.0,69.3,22.2,0.000,0.000,0.00,0.000,5.0,9.0,1.6,346,21,6.0,11.0,1.7,350,15,5.0,9.0,1.6,346,21,0,29.69,,0,0,0,39.5,43.9,45.6,0.30,0.30,0.29
WEST,2015-11-29 21:05:00 EST,43.10647,-75.46146,655,31.1,31.4,25.2,69.0,22.1,0.000,0.000,0.00,0.000,5.9,10.2,1.6,352,19,6.6,12.8,2.1,353,13,5.9,10.2,1.6,352,19,0,29.69,,0,0,0,39.5,43.9,45.6,0.30,0.30,0.29
WEST,2015-11-29 21:10:00 EST,43.10647,-75.46146,655,31.1,31.3,25.5,68.7,22.0,0.000,0.000,0.00,0.000,5.5,9.6,1.6,353,17,6.2,10.7,1.9,355,11,5.5,9.6,1.6,353,17,0,29.69,,0,0,0,39.4,43.9,45.6,0.30,0.30,0.29
WEST,2015-11-29 21:15:00 EST,43.10647,-75.46146,655,31.0,31.3,26.6,68.9,22.0,0.000,0.000,0.00,0.000,4.3,8.5,1.3,349,22,4.8,9.8,1.7,351,15,4.3,8.5,1.3,349,22,0,29.69,,0,0,0,39.5,43.9,45.6,0.30,0.30,0.29
WEST,2015-11-29 21:20:00 EST,43.10647,-75.46146,655,31.1,31.3,26.5,68.5,21.9,0.000,0.000,0.00,0.000,4.4,7.3,1.1,347,17,5.1,8.7,1.5,347,15,4.4,7.3,1.1,347,17,0,29.69,,0,0,0,39.4,43.9,45.6,0.30,0.30,0.29
WEST,2015-11-29 21:25:00 EST,43.10647,-75.46146,655,31.0,31.2,31.0,69.1,22.0,0.000,0.000,0.00,0.000,2.6,4.9,1.0,339,18,3.1,6.3,1.3,341,14,2.6,4.9,1.0,339,18,0,29.69,,0,0,0,39.4,43.9,45.6,0.30,0.30,0.29
WEST,2015-11-29 21:30:00 EST,43.10647,-75.46146,655,30.9,31.1,30.9,69.9,22.2,0.000,0.000,0.00,0.000,2.6,5.6,0.8,343,23,3.0,6.9,1.1,346,16,2.6,5.6,0.8,343,23,0,29.69,,0,0,0,39.4,43.9,45.6,0.30,0.30,0.29
WEST,2015-11-29 21:35:00 EST,43.10647,-75.46146,655,30.9,31.2,30.9,69.5,22.1,0.000,0.000,0.00,0.000,2.9,4.8,0.9,338,18,3.2,6.3,1.1,341,19,2.9,4.8,0.9,338,18,0,29.69,,0,0,0,39.3,43.9,45.6,0.30,0.30,0.29
WEST,2015-11-29 21:40:00 EST,43.10647,-75.46146,655,30.9,31.1,30.9,69.3,22.0,0.000,0.000,0.00,0.000,2.7,5.4,0.9,342,18,3.2,6.5,1.0,344,18,2.7,5.4,0.9,342,18,0,29.69,,0,0,0,39.3,43.9,45.6,0.30,0.30,0.29
WEST,2015-11-29 21:45:00 EST,43.10647,-75.46146,655,30.9,31.2,27.2,68.6,21.8,0.000,0.000,0.00,0.000,3.6,6.1,1.0,356,11,4.2,6.7,1.0,357,11,3.6,6.1,1.0,356,11,0,29.69,,0,0,0,39.3,43.9,45.6,0.30,0.30,0.29
WEST,2015-11-29 21:50:00 EST,43.10647,-75.46146,655,30.8,31.1,30.8,68.6,21.7,0.000,0.000,0.00,0.000,2.5,4.7,0.9,345,15,2.9,5.4,1.1,347,15,2.5,4.7,0.9,345,15,0,29.69,,0,0,0,39.3,43.9,45.6,0.30,0.30,0.29
WEST,2015-11-29 21:55:00 EST,43.10647,-75.46146,655,30.7,31.1,30.7,69.4,21.9,0.000,0.000,0.00,0.000,2.1,3.8,0.9,344,19,2.4,4.7,1.0,346,20,2.1,3.8,0.9,344,19,0,29.69,,0,0,0,39.2,43.9,45.6,0.30,0.30,0.29
WEST,2015-11-29 22:00:00 EST,43.10647,-75.46146,655,30.9,31.2,26.6,68.2,21.6,0.000,0.000,0.00,0.000,4.1,7.4,1.1,3,12,4.6,8.3,1.2,3,11,4.1,7.4,1.1,3,12,0,29.69,,0,0,0,39.2,43.9,45.6,0.30,0.30,0.29
WEST,2015-11-29 22:05:00 EST,43.10647,-75.46146,655,30.9,31.2,26.2,67.6,21.4,0.000,0.000,0.00,0.000,4.5,6.5,1.3,354,13,5.1,7.8,1.4,354,12,4.5,6.5,1.3,354,13,0,29.70,,0,0,0,39.2,43.9,45.6,0.30,0.30,0.29
WEST,2015-11-29 22:10:00 EST,43.10647,-75.46146,655,30.8,31.1,27.1,68.2,21.5,0.000,0.000,0.00,0.000,3.7,5.6,1.1,356,13,4.2,6.9,1.2,357,11,3.7,5.6,1.1,356,13,0,29.70,,0,0,0,39.2,43.9,45.6,0.30,0.30,0.29
WEST,2015-11-29 22:15:00 EST,43.10647,-75.46146,655,30.7,31.0,26.8,68.5,21.6,0.000,0.000,0.00,0.000,3.8,6.1,0.9,6,9,4.3,6.5,0.9,7,9,3.8,6.1,0.9,6,9,0,29.69,,0,0,0,39.2,43.9,45.6,0.30,0.30,0.29
WEST,2015-11-29 22:20:00 EST,43.10647,-75.46146,655,30.6,30.9,27.1,69.6,21.8,0.000,0.000,0.00,0.000,3.4,6.9,1.0,355,14,4.1,8.3,1.2,357,13,3.4,6.9,1.0,355,14,0,29.69,,0,0,0,39.2,43.9,45.6,0.32,0.31,0.29
WEST,2015-11-29 22:25:00 EST,43.10647,-75.46146,655,30.6,30.8,25.5,70.0,21.9,0.000,0.000,0.00,0.000,4.9,7.8,1.3,359,15,5.6,8.9,1.5,359,11,4.9,7.8,1.3,359,15,0,29.69,,0,0,0,39.2,43.9,45.5,0.33,0.31,0.29
WEST,2015-11-29 22:30:00 EST,43.10647,-75.46146,655,30.5,30.7,25.1,70.8,22.1,0.000,0.000,0.00,0.000,5.2,9.4,1.6,359,19,5.8,11.6,1.9,360,10,5.2,9.4,1.6,359,19,0,29.69,,0,0,0,39.2,43.9,45.6,0.30,0.30,0.29
WEST,2015-11-29 22:35:00 EST,43.10647,-75.46146,655,30.3,30.6,25.6,71.5,22.2,0.000,0.000,0.00,0.000,4.5,8.0,1.2,6,17,5.2,8.7,1.3,4,10,4.5,8.0,1.2,6,17,0,29.69,,0,0,0,39.2,43.8,45.6,0.30,0.30,0.29
WEST,2015-11-29 22:40:00 EST,43.10647,-75.46146,655,30.2,30.5,23.5,71.5,22.1,0.000,0.000,0.00,0.000,6.8,10.4,1.8,8,10,7.7,12.3,2.0,8,8,6.8,10.4,1.8,8,10,0,29.70,,0,0,0,39.2,43.9,45.5,0.30,0.30,0.29
WEST,2015-11-29 22:45:00 EST,43.10647,-75.46146,655,30.1,30.3,24.8,71.6,22.0,0.000,0.000,0.00,0.000,5.0,8.3,1.0,9,15,5.5,10.1,1.2,7,9,5.0,8.3,1.0,9,15,0,29.70,,0,0,0,39.2,43.8,45.6,0.30,0.30,0.29
WEST,2015-11-29 22:50:00 EST,43.10647,-75.46146,655,30.0,30.2,24.4,72.0,22.1,0.000,0.000,0.00,0.000,5.4,8.3,1.2,353,21,6.0,9.8,1.5,355,10,5.4,8.3,1.2,353,21,0,29.70,,0,0,0,39.2,43.8,45.5,0.30,0.30,0.29
WEST,2015-11-29 22:55:00 EST,43.10647,-75.46146,655,29.9,30.2,24.0,72.0,22.0,0.000,0.000,0.00,0.000,5.7,9.5,1.4,356,14,6.4,11.2,1.6,356,11,5.7,9.5,1.4,356,14,0,29.70,,0,0,0,39.2,43.8,45.5,0.30,0.30,0.29
WEST,2015-11-29 23:00:00 EST,43.10647,-75.46146,655,29.8,30.1,24.6,72.3,22.0,0.000,0.000,0.00,0.000,4.9,9.1,1.6,345,15,5.6,10.7,1.9,347,13,4.9,9.1,1.6,345,15,0,29.71,,0,0,0,39.1,43.8,45.6,0.30,0.30,0.29
WEST,2015-11-29 23:05:00 EST,43.10647,-75.46146,655,29.8,30.0,24.3,72.2,21.9,0.000,0.000,0.00,0.000,5.2,9.3,1.5,352,17,5.7,10.3,1.7,352,10,5.2,9.3,1.5,352,17,0,29.71,,0,0,0,39.1,43.8,45.6,0.30,0.30,0.29
WEST,2015-11-29 23:10:00 EST,43.10647,-75.46146,655,29.8,30.0,23.6,72.5,22.0,0.000,0.000,0.00,0.000,5.9,8.8,1.5,355,17,6.5,10.7,1.7,356,7,5.9,8.8,1.5,355,17,0,29.71,,0,0,0,39.1,43.8,45.6,0.30,0.30,0.29
WEST,2015-11-29 23:15:00 EST,43.10647,-75.46146,655,29.7,29.9,24.1,72.3,21.9,0.000,0.000,0.00,0.000,5.4,8.7,1.4,5,14,6.1,10.3,1.7,5,13,5.4,8.7,1.4,5,14,0,29.71,,0,0,0,39.0,43.8,45.5,0.30,0.30,0.29
WEST,2015-11-29 23:20:00 EST,43.10647,-75.46146,655,29.7,29.9,25.1,72.6,21.9,0.000,0.000,0.00,0.000,4.2,7.2,1.3,360,18,4.8,8.7,1.4,2,11,4.2,7.2,1.3,360,18,0,29.71,,0,0,0,39.0,43.8,45.5,0.30,0.30,0.29
WEST,2015-11-29 23:25:00 EST,43.10647,-75.46146,655,29.7,29.9,24.7,72.1,21.8,0.000,0.000,0.00,0.000,4.6,6.5,1.0,1,12,5.3,7.6,1.2,1,9,4.6,6.5,1.0,1,12,0,29.71,,0,0,0,39.0,43.7,45.5,0.30,0.30,0.29
WEST,2015-11-29 23:30:00 EST,43.10647,-75.46146,655,29.6,29.8,26.0,72.6,21.9,0.000,0.000,0.00,0.000,3.5,6.5,0.9,353,14,4.0,5.8,0.9,354,11,3.5,6.5,0.9,353,14,0,29.70,,0,0,0,39.0,43.7,45.5,0.30,0.30,0.29
WEST,2015-11-29 23:35:00 EST,43.10647,-75.46146,655,29.5,29.7,26.0,72.6,21.8,0.000,0.000,0.00,0.000,3.4,5.8,0.9,341,17,4.1,6.7,1.3,343,16,3.4,5.8,0.9,341,17,0,29.70,,0,0,0,38.9,43.7,45.6,0.30,0.30,0.29
WEST,2015-11-29 23:40:00 EST,43.10647,-75.46146,655,29.4,29.7,25.9,72.4,21.6,0.000,0.000,0.00,0.000,3.3,5.3,1.2,347,20,3.7,6.5,1.3,351,18,3.3,5.3,1.2,347,20,0,29.71,,0,0,0,38.9,43.7,45.5,0.30,0.30,0.29
WEST,2015-11-29 23:45:00 EST,43.10647,-75.46146,655,29.1,29.5,25.5,73.1,21.6,0.000,0.000,0.00,0.000,3.4,5.7,1.0,357,12,4.0,6.7,1.2,358,11,3.4,5.7,1.0,357,12,0,29.70,,0,0,0,38.9,43.7,45.5,0.30,0.30,0.29
WEST,2015-11-29 23:50:00 EST,43.10647,-75.46146,655,29.0,29.5,29.0,73.8,21.7,0.000,0.000,0.00,0.000,2.1,3.9,0.6,337,15,2.6,4.5,0.8,340,16,2.1,3.9,0.6,337,15,0,29.70,,0,0,0,38.9,43.7,45.5,0.30,0.30,0.29
WEST,2015-11-29 23:55:00 EST,43.10647,-75.46146,655,29.1,29.4,29.1,73.3,21.6,0.000,0.000,0.00,0.000,2.0,3.0,0.5,355,10,2.6,4.3,0.6,357,12,2.0,3.0,0.5,355,10,0,29.70,,0,0,0,38.9,43.7,45.5,0.30,0.30,0.29
WHIT,2015-11-29 00:00:00 EST,43.48507,-73.42307,120,31.7,31.6,31.7,85.9,28.0,0.000,0.052,0.00,0.000,1.4,2.0,0.3,352,5,1.9,2.7,0.4,356,8,1.4,2.0,0.3,352,5,0,30.15,,0,0,0,41.4,44.1,45.8,0.48,0.70,0.76
WHIT,2015-11-29 00:05:00 EST,43.48507,-73.42307,120,31.7,31.6,31.7,85.9,27.9,0.000,0.000,0.00,0.000,1.6,2.5,0.4,2,9,2.1,2.9,0.5,6,10,1.6,2.5,0.4,2,9,0,30.14,,0,0,0,41.4,44.1,45.8,0.48,0.70,0.76
WHIT,2015-11-29 00:10:00 EST,43.48507,-73.42307,120,31.5,31.5,31.5,86.9,28.0,0.000,0.000,0.00,0.000,1.5,2.0,0.2,8,5,1.8,2.5,0.3,14,9,1.5,2.0,0.2,8,5,0,30.14,,0,0,0,41.4,44.1,45.9,0.48,0.70,0.76
WHIT,2015-11-29 00:15:00 EST,43.48507,-73.42307,120,31.2,31.5,31.2,87.6,28.0,0.000,0.000,0.00,0.000,1.9,3.0,0.5,11,10,2.2,3.4,0.5,18,11,1.9,3.0,0.5,11,10,0,30.14,,0,0,0,41.4,44.1,45.8,0.48,0.70,0.76
WHIT,2015-11-29 00:20:00 EST,43.48507,-73.42307,120,31.5,31.7,31.5,87.1,28.1,0.000,0.000,0.00,0.000,2.4,3.1,0.3,359,7,2.8,3.8,0.4,3,6,2.4,3.1,0.3,359,7,0,30.14,,0,0,0,41.4,44.1,45.9,0.48,0.70,0.76
WHIT,2015-11-29 00:25:00 EST,43.48507,-73.42307,120,31.6,31.7,31.6,86.5,28.0,0.000,0.000,0.00,0.000,2.4,3.1,0.4,341,9,3.0,4.5,0.6,347,9,2.4,3.1,0.4,341,9,0,30.15,,0,0,0,41.4,44.1,45.8,0.48,0.70,0.76
WHIT,2015-11-29 00:30:00 EST,43.48507,-73.42307,120,31.4,31.5,31.4,86.5,27.9,0.000,0.000,0.00,0.000,1.8,3.1,0.5,332,9,2.2,4.5,0.7,337,10,1.8,3.1,0.5,332,9,0,30.15,,0,0,0,41.4,44.1,45.9,0.48,0.70,0.76
WHIT,2015-11-29 00:35:00 EST,43.48507,-73.42307,120,31.0,31.5,31.0,88.0,27.8,0.000,0.000,0.00,0.000,1.0,1.4,0.2,9,16,1.4,1.8,0.2,16,19,1.0,1.4,0.2,9,16,0,30.15,,0,0,0,41.4,44.1,45.8,0.48,0.70,0.76
WHIT,2015-11-29 00:40:00 EST,43.48507,-73.42307,120,30.8,31.5,30.8,88.5,27.8,0.000,0.000,0.00,0.000,0.9,1.6,0.4,18,9,1.3,2.0,0.4,24,12,0.9,1.6,0.4,18,9,0,30.15,,0,0,0,41.4,44.1,45.8,0.48,0.70,0.76
WHIT,2015-11-29 00:45:00 EST,43.48507,-73.42307,120,31.2,31.5,31.2,88.6,28.2,0.000,0.000,0.00,0.000,1.2,1.7,0.3,13,7,1.6,2.5,0.4,19,9,1.2,1.7,0.3,13,7,0,30.15,,0,0,0,41.4,44.1,45.8,0.48,0.70,0.76
WHIT,2015-11-29 00:50:00 EST,43.48507,-73.42307,120,30.7,31.4,30.7,89.1,27.9,0.000,0.000,0.00,0.000,0.9,1.2,0.2,16,6,1.2,1.8,0.2,21,9,0.9,1.2,0.2,16,6,0,30.15,,0,0,0,41.4,44.1,45.9,0.48,0.70,0.76
WHIT,2015-11-29 00:55:00 EST,43.48507,-73.42307,120,30.4,31.1,30.4,90.3,27.9,0.000,0.000,0.00,0.000,0.2,1.2,0.4,19,34,0.8,2.0,0.4,83,62,0.2,1.2,0.4,19,34,0,30.16,,0,0,0,41.3,44.1,45.9,0.48,0.70,0.76
WHIT,2015-11-29 01:00:00 EST,43.48507,-73.42307,120,30.4,30.9,30.4,91.4,28.2,0.000,0.000,0.00,0.000,1.3,3.5,1.1,204,12,1.8,4.3,1.0,212,13,1.3,3.5,1.1,204,12,0,30.16,,0,0,0,41.3,44.1,45.9,0.48,0.70,0.76
WHIT,2015-11-29 01:05:00 EST,43.48507,-73.42307,120,30.8,31.2,30.8,91.3,28.6,0.000,0.000,0.00,0.000,2.7,3.9,0.7,219,6,2.9,4.5,0.8,222,5,2.7,3.9,0.7,219,6,0,30.16,,0,0,0,41.3,44.1,45.8,0.48,0.70,0.76
WHIT,2015-11-29 01:10:00 EST,43.48507,-73.42307,120,31.0,31.2,31.0,90.6,28.5,0.000,0.000,0.00,0.000,1.6,2.3,0.4,224,5,1.9,2.9,0.5,228,7,1.6,2.3,0.4,224,5,0,30.16,,0,0,0,41.3,44.1,45.9,0.48,0.70,0.76
WHIT,2015-11-29 01:15:00 EST,43.48507,-73.42307,120,31.2,31.5,31.2,89.8,28.6,0.000,0.000,0.00,0.000,0.8,2.0,0.7,219,7,1.2,2.2,0.5,228,22,0.8,2.0,0.7,219,7,0,30.15,,0,0,0,41.3,44.1,45.9,0.48,0.70,0.76
WHIT,2015-11-29 01:20:00 EST,43.48507,-73.42307,120,30.9,31.3,30.9,89.1,28.1,0.000,0.000,0.00,0.000,0.4,1.0,0.4,1,28,1.0,1.6,0.4,6,33,0.4,1.0,0.4,1,28,0,30.15,,0,0,0,41.3,44.1,45.8,0.48,0.70,0.76
WHIT,2015-11-29 01:25:00 EST,43.48507,-73.42307,120,30.7,31.3,30.7,90.6,28.3,0.000,0.000,0.00,0.000,1.2,1.8,0.2,358,6,1.6,2.2,0.3,2,9,1.2,1.8,0.2,358,6,0,30.15,,0,0,0,41.3,44.1,45.9,0.49,0.70,0.76
WHIT,2015-11-29 01:30:00 EST,43.48507,-73.42307,120,31.0,31.3,31.0,90.1,28.4,0.000,0.000,0.00,0.000,0.6,1.5,0.3,344,6,1.1,2.0,0.3,352,14,0.6,1.5,0.3,344,6,0,30.16,,0,0,0,41.2,44.1,45.9,0.49,0.70,0.76
WHIT,2015-11-29 01:35:00 EST,43.48507,-73.42307,120,30.9,31.4,30.9,90.6,28.5,0.000,0.000,0.00,0.000,0.7,1.1,0.2,8,5,1.2,1.8,0.2,12,10,0.7,1.1,0.2,8,5,0,30.16,,0,0,0,41.2,44.0,45.8,0.49,0.70,0.76
WHIT,2015-11-29 01:40:00 EST,43.48507,-73.42307,120,30.9,31.3,30.9,90.9,28.6,0.000,0.000,0.00,0.000,1.5,2.3,0.3,18,6,1.8,2.5,0.3,25,9,1.5,2.3,0.3,18,6,0,30.16,,0,0,0,41.2,44.1,45.8,0.48,0.70,0.76
WHIT,2015-11-29 01:45:00 EST,43.48507,-73.42307,120,30.9,31.3,30.9,91.3,28.7,0.000,0.000,0.00,0.000,0.9,1.5,0.4,20,13,1.3,2.0,0.3,25,16,0.9,1.5,0.4,20,13,0,30.16,,0,0,0,41.2,44.1,45.8,0.49,0.70,0.76
WHIT,2015-11-29 01:50:00 EST,43.48507,-73.42307,120,31.0,31.5,31.0,89.8,28.3,0.000,0.000,0.00,0.000,0.6,1.2,0.3,67,13,1.1,1.8,0.3,71,15,0.6,1.2,0.3,67,13,0,30.16,,0,0,0,41.2,44.1,45.8,0.48,0.70,0.76
WHIT,2015-11-29 01:55:00 EST,43.48507,-73.42307,120,31.0,31.5,31.0,89.4,28.3,0.000,0.000,0.00,0.000,0.9,2.0,0.4,43,10,1.2,2.2,0.4,48,11,0.9,2.0,0.4,43,10,0,30.16,,0,0,0,41.2,44.1,45.9,0.49,0.70,0.76
WHIT,2015-11-29 02:00:00 EST,43.48507,-73.42307,120,31.2,31.5,31.2,88.9,28.3,0.000,0.000,0.00,0.000,1.0,1.7,0.4,27,13,1.4,2.2,0.3,32,16,1.0,1.7,0.4,27,13,0,30.16,,0,0,0,41.2,44.1,45.8,0.49,0.70,0.76
WHIT,2015-11-29 02:05:00 EST,43.48507,-73.42307,120,31.4,31.5,31.4,86.1,27.8,0.000,0.000,0.00,0.000,2.0,2.8,0.4,0,9,2.5,3.4,0.4,5,10,2.0,2.8,0.4,0,9,0,30.16,,0,0,0,41.2,44.1,45.9,0.49,0.70,0.76
WHIT,2015-11-29 02:10:00 EST,43.48507,-73.42307,120,31.4,31.4,31.4,85.5,27.6,0.000,0.000,0.00,0.000,2.4,3.9,0.7,4,13,2.7,4.5,0.8,10,13,2.4,3.9,0.7,4,13,0,30.15,,0,0,0,41.2,44.1,45.9,0.49,0.70,0.76
WHIT,2015-11-29 02:15:00 EST,43.48507,-73.42307,120,31.4,31.4,31.4,85.0,27.4,0.000,0.000,0.00,0.000,1.8,3.1,0.6,19,17,2.1,3.8,0.6,26,18,1.8,3.1,0.6,19,17,0,30.15,,0,0,0,41.2,44.1,45.9,0.48,0.70,0.76
WHIT,2015-11-29 02:20:00 EST,43.48507,-73.42307,120,31.3,31.3,31.3,85.1,27.3,0.000,0.000,0.00,0.000,2.1,4.5,0.8,19,9,2.4,4.3,0.7,26,11,2.1,4.5,0.8,19,9,0,30.15,,0,0,0,41.2,44.1,45.8,0.48,0.70,0.76
WHIT,2015-11-29 02:25:00 EST,43.48507,-73.42307,120,31.2,31.3,31.2,84.5,27.1,0.000,0.000,0.00,0.000,2.1,3.0,0.4,17,11,2.3,3.4,0.4,25,12,2.1,3.0,0.4,17,11,0,30.15,,0,0,0,41.2,44.1,45.9,0.49,0.70,0.76
WHIT,2015-11-29 02:30:00 EST,43.48507,-73.42307,120,31.2,31.3,31.2,84.0,26.9,0.000,0.000,0.00,0.000,2.2,3.0,0.4,8,12,2.6,3.8,0.5,13,13,2.2,3.0,0.4,8,12,0,30.15,,0,0,0,41.2,44.1,45.8,0.49,0.70,0.76
WHIT,2015-11-29 02:35:00 EST,43.48507,-73.42307,120,31.1,31.2,31.1,83.3,26.6,0.000,0.000,0.00,0.000,2.0,4.0,0.6,11,10,2.3,4.5,0.7,16,13,2.0,4.0,0.6,11,10,0,30.15,,0,0,0,41.2,44.1,45.9,0.49,0.70,0.76
WHIT,2015-11-29 02:40:00 EST,43.48507,-73.42307,120,31.0,31.2,31.0,83.5,26.6,0.000,0.000,0.00,0.000,2.0,4.0,1.0,8,13,2.4,5.1,1.2,16,13,2.0,4.0,1.0,8,13,0,30.15,,0,0,0,41.1,44.1,45.9,0.48,0.70,0.76
WHIT,2015-11-29 02:45:00 EST,43.48507,-73.42307,120,31.0,31.0,31.0,82.1,26.2,0.000,0.000,0.00,0.000,2.1,3.4,0.5,13,12,2.4,3.6,0.5,20,13,2.1,3.4,0.5,13,12,0,30.15,,0,0,0,41.1,44.0,45.9,0.49,0.70,0.76
WHIT,2015-11-29 02:50:00 EST,43.48507,-73.42307,120,30.8,30.9,30.8,83.2,26.3,0.000,0.000,0.00,0.000,2.1,3.2,0.6,21,12,2.4,3.8,0.6,29,13,2.1,3.2,0.6,21,12,0,30.15,,0,0,0,41.0,44.1,45.9,0.49,0.70,0.76
WHIT,2015-11-29 02:55:00 EST,43.48507,-73.42307,120,30.8,31.1,30.8,82.4,26.0,0.000,0.000,0.00,0.000,2.1,2.7,0.3,10,12,2.4,3.4,0.3,16,14,2.1,2.7,0.3,10,12,0,30.15,,0,0,0,41.0,44.1,45.9,0.48,0.70,0.76
WHIT,2015-11-29 03:00:00 EST,43.48507,-73.42307,120,30.9,31.1,30.9,81.8,26.0,0.000,0.000,0.00,0.000,1.4,2.2,0.4,357,6,1.8,2.7,0.4,2,8,1.4,2.2,0.4,357,6,0,30.16,,0,0,0,41.0,44.0,45.9,0.49,0.70,0.76
WHIT,2015-11-29 03:05:00 EST,43.48507,-73.42307,120,31.0,31.2,31.0,82.2,26.2,0.000,0.000,0.00,0.000,1.2,2.3,0.4,3,8,1.7,2.9,0.5,7,11,1.2,2.3,0.4,3,8,0,30.16,,0,0,0,41.0,44.0,45.8,0.48,0.70,0.76
WHIT,2015-11-29 03:10:00 EST,43.48507,-73.42307,120,31.0,31.1,31.0,82.1,26.2,0.000,0.000,0.00,0.000,1.3,1.8,0.3,13,11,1.6,2.2,0.3,19,14,1.3,1.8,0.3,13,11,0,30.15,,0,0,0,41.0,44.1,45.9,0.49,0.70,0.76
WHIT,2015-11-29 03:15:00 EST,43.48507,-73.42307,120,30.8,31.2,30.8,82.2,26.0,0.000,0.000,0.00,0.000,2.2,3.1,0.4,42,10,2.4,3.4,0.4,49,7,2.2,3.1,0.4,42,10,0,30.15,,0,0,0,41.0,44.0,45.9,0.48,0.70,0.76
WHIT,2015-11-29 03:20:00 EST,43.48507,-73.42307,120,30.8,31.1,30.8,80.8,25.6,0.000,0.000,0.00,0.000,1.8,2.7,0.4,50,17,2.1,3.1,0.5,53,18,1.8,2.7,0.4,50,17,0,30.15,,0,0,0,41.0,44.0,45.9,0.49,0.70,0.76
WHIT,2015-11-29 03:25:00 EST,43.48507,-73.42307,120,30.8,31.0,30.8,81.3,25.8,0.000,0.000,0.00,0.000,1.5,2.3,0.4,360,7,1.9,2.7,0.4,4,9,1.5,2.3,0.4,360,7,0,30.15,,0,0,0,41.0,44.0,45.8,0.48,0.70,0.76
WHIT,2015-11-29 03:30:00 EST,43.48507,-73.42307,120,30.8,31.2,30.8,81.4,25.8,0.000,0.000,0.00,0.000,0.9,1.5,0.3,32,21,1.2,1.8,0.2,38,21,0.9,1.5,0.3,32,21,0,30.15,,0,0,0,41.0,44.0,45.8,0.48,0.70,0.76
WHIT,2015-11-29 03:35:00 EST,43.48507,-73.42307,120,30.5,31.1,30.5,81.4,25.5,0.000,0.000,0.00,0.000,0.4,1.0,0.3,43,10,1.0,1.6,0.2,38,16,0.4,1.0,0.3,43,10,0,30.15,,0,0,0,41.0,44.0,45.9,0.48,0.70,0.76
WHIT,2015-11-29 03:40:00 EST,43.48507,-73.42307,120,29.6,30.6,29.6,84.8,25.6,0.000,0.000,0.00,0.000,0.1,0.1,0.0,282,14,0.7,1.1,0.2,259,36,0.1,0.1,0.0,282,14,0,30.15,,0,0,0,41.0,44.0,45.9,0.49,0.70,0.76
WHIT,2015-11-29 03:45:00 EST,43.48507,-73.42307,120,30.0,30.5,30.0,87.9,26.9,0.000,0.000,0.00,0.000,0.2,1.2,0.3,232,7,0.9,1.6,0.3,244,12,0.2,1.2,0.3,232,7,0,30.15,,0,0,0,41.0,44.0,45.9,0.49,0.70,0.76
WHIT,2015-11-29 03:50:00 EST,43.48507,-73.42307,120,29.9,30.5,29.9,88.1,26.8,0.000,0.000,0.00,0.000,1.2,1.6,0.2,261,14,1.5,2.0,0.2,269,16,1.2,1.6,0.2,261,14,0,30.15,,0,0,0,41.0,44.0,45.9,0.48,0.70,0.76
WHIT,2015-11-29 03:55:00 EST,43.48507,-73.42307,120,29.7,30.1,29.7,87.2,26.4,0.000,0.000,0.00,0.000,1.1,1.8,0.2,282,8,1.4,2.2,0.3,294,12,1.1,1.8,0.2,282,8,0,30.15,,0,0,0,41.0,44.0,45.9,0.48,0.70,0.76
WHIT,2015-11-29 04:00:00 EST,43.48507,-73.42307,120,29.6,29.8,29.6,87.0,26.2,0.000,0.000,0.00,0.000,0.5,0.9,0.3,311,9,0.9,1.1,0.1,333,17,0.5,0.9,0.3,311,9,0,30.15,,0,0,0,41.0,44.0,45.9,0.48,0.70,0.76
WHIT,2015-11-29 04:05:00 EST,43.48507,-73.42307,120,28.8,29.7,28.8,88.7,25.9,0.000,0.000,0.00,0.000,0.5,1.1,0.3,1,6,1.1,1.6,0.3,12,11,0.5,1.1,0.3,1,6,0,30.15,,0,0,0,41.0,44.0,45.9,0.48,0.70,0.76
WHIT,2015-11-29 04:10:00 EST,43.48507,-73.42307,120,28.4,29.4,28.4,90.4,25.9,0.000,0.000,0.00,0.000,1.3,1.7,0.2,13,5,1.7,2.0,0.2,21,9,1.3,1.7,0.2,13,5,0,30.15,,0,0,0,41.0,44.0,45.9,0.48,0.70,0.76
WHIT,2015-11-29 04:15:00 EST,43.48507,-73.42307,120,28.4,29.3,28.4,90.8,26.1,0.000,0.000,0.00,0.000,1.2,1.5,0.1,359,6,1.6,1.8,0.2,360,7,1.2,1.5,0.1,359,6,0,30.15,,0,0,0,40.9,44.0,45.9,0.48,0.70,0.76
WHIT,2015-11-29 04:20:00 EST,43.48507,-73.42307,120,28.2,29.0,28.2,92.2,26.2,0.000,0.000,0.00,0.000,0.8,1.2,0.3,345,0,1.3,1.8,0.3,352,9,0.8,1.2,0.3,345,0,0,30.15,,0,0,0,40.9,44.0,45.9,0.48,0.70,0.76
WHIT,2015-11-29 04:25:00 EST,43.48507,-73.42307,120,27.9,28.9,27.9,92.2,26.0,0.000,0.000,0.00,0.000,0.3,0.9,0.3,340,3,1.0,1.6,0.2,346,12,0.3,0.9,0.3,340,3,0,30.15,,0,0,0,40.9,44.0,45.9,0.48,0.70,0.76
WHIT,2015-11-29 04:30:00 EST,43.48507,-73.42307,120,27.6,28.7,27.6,93.1,25.9,0.000,0.000,0.00,0.000,0.6,1.4,0.5,348,3,1.1,2.2,0.5,357,12,0.6,1.4,0.5,348,3,0,30.15,,0,0,0,40.8,44.0,45.9,0.48,0.70,0.76
WHIT,2015-11-29 04:35:00 EST,43.48507,-73.42307,120,27.1,28.3,27.1,92.8,25.3,0.000,0.000,0.00,0.000,0.1,0.1,0.0,350,0,0.6,1.1,0.2,29,16,0.1,0.1,0.0,350,0,0,30.15,,0,0,0,40.8,44.0,45.9,0.48,0.70,0.76
WHIT,2015-11-29 04:40:00 EST,43.48507,-73.42307,120,26.8,28.1,26.8,92.7,25.0,0.000,0.000,0.00,0.000,0.2,0.9,0.3,357,5,0.9,1.3,0.2,25,6,0.2,0.9,0.3,357,5,0,30.15,,0,0,0,40.8,44.0,45.9,0.48,0.70,0.76
WHIT,2015-11-29 04:45:00 EST,43.48507,-73.42307,120,27.1,27.9,27.1,93.3,25.4,0.000,0.000,0.00,0.000,0.9,1.1,0.1,0,0,1.3,1.6,0.1,9,7,0.9,1.1,0.1,0,0,0,30.15,,0,0,0,40.8,44.0,45.9,0.48,0.70,0.76
WHIT,2015-11-29 04:50:00 EST,43.48507,-73.42307,120,26.9,27.6,26.9,93.9,25.4,0.000,0.000,0.00,0.000,1.1,1.5,0.2,0,6,1.5,2.0,0.2,6,14,1.1,1.5,0.2,0,6,0,30.15,,0,0,0,40.8,44.0,45.9,0.48,0.70,0.76
WHIT,2015-11-29 04:55:00 EST,43.48507,-73.42307,120,26.8,27.4,26.8,94.1,25.4,0.000,0.000,0.00,0.000,0.8,1.4,0.3,331,16,1.2,1.8,0.2,337,16,0.8,1.4,0.3,331,16,0,30.15,,0,0,0,40.8,43.9,45.9,0.49,0.70,0.76
WHIT,2015-11-29 05:00:00 EST,43.48507,-73.42307,120,26.0,27.5,26.0,93.7,24.4,0.000,0.000,0.00,0.000,1.4,2.2,0.3,330,12,1.8,2.9,0.5,337,12,1.4,2.2,0.3,330,12,0,30.15,,0,0,0,40.8,43.9,45.9,0.48,0.70,0.76
WHIT,2015-11-29 05:05:00 EST,43.48507,-73.42307,120,25.7,27.7,25.7,93.5,24.1,0.000,0.000,0.00,0.000,0.6,1.2,0.3,354,8,1.1,2.0,0.3,357,14,0.6,1.2,0.3,354,8,0,30.15,,0,0,0,40.8,43.9,45.9,0.48,0.70,0.76
WHIT,2015-11-29 05:10:00 EST,43.48507,-73.42307,120,25.6,26.7,25.6,93.5,24.0,0.000,0.000,0.00,0.000,0.1,0.1,0.0,345,1,0.5,1.1,0.2,352,31,0.1,0.1,0.0,345,1,0,30.15,,0,0,0,40.8,43.9,45.9,0.48,0.70,0.76
WHIT,2015-11-29 05:15:00 EST,43.48507,-73.42307,120,26.1,26.8,26.1,94.2,24.6,0.000,0.000,0.00,0.000,0.1,0.1,0.0,345,0,0.5,1.6,0.2,67,25,0.1,0.1,0.0,345,0,0,30.15,,0,0,0,40.8,43.9,45.9,0.48,0.70,0.76
WHIT,2015-11-29 05:20:00 EST,43.48507,-73.42307,120,26.1,26.9,26.1,94.4,24.7,0.000,0.000,0.00,0.000,0.1,0.1,0.0,345,0,0.4,1.6,0.3,81,37,0.1,0.1,0.0,345,0,0,30.15,,0,0,0,40.8,43.9,45.9,0.48,0.70,0.76
WHIT,2015-11-29 05:25:00 EST,43.48507,-73.42307,120,25.6,26.9,25.6,94.2,24.1,0.000,0.000,0.00,0.000,0.1,0.4,0.1,352,4,0.8,1.3,0.2,137,7,0.1,0.4,0.1,352,4,0,30.15,,0,0,0,40.8,43.9,45.9,0.48,0.70,0.76
WHIT,2015-11-29 05:30:00 EST,43.48507,-73.42307,120,25.3,26.7,25.3,94.0,23.8,0.000,0.000,0.00,0.000,0.1,0.5,0.1,355,0,0.7,1.3,0.2,141,24,0.1,0.5,0.1,355,0,0,30.15,,0,0,0,40.8,43.9,45.9,0.48,0.70,0.76
WHIT,2015-11-29 05:35:00 EST,43.48507,-73.42307,120,25.8,26.7,25.8,94.7,24.5,0.000,0.000,0.00,0.000,0.7,1.6,0.3,314,70,1.3,2.2,0.3,184,16,0.7,1.6,0.3,314,70,0,30.15,,0,0,0,40.8,43.9,45.9,0.48,0.70,0.76
WHIT,2015-11-29 05:40:00 EST,43.48507,-73.42307,120,26.1,27.0,26.1,95.5,25.0,0.000,0.000,0.00,0.000,1.1,1.8,0.5,199,5,1.5,2.2,0.5,207,12,1.1,1.8,0.5,199,5,0,30.16,,0,0,0,40.7,43.9,45.9,0.48,0.70,0.76
WHIT,2015-11-29 05:45:00 EST,43.48507,-73.42307,120,25.4,26.7,25.4,94.5,24.1,0.000,0.000,0.00,0.000,0.0,0.1,0.0,217,0,0.5,0.9,0.2,269,34,0.0,0.1,0.0,217,0,0,30.16,,0,0,0,40.6,43.9,45.9,0.48,0.70,0.76
WHIT,2015-11-29 05:50:00 EST,43.48507,-73.42307,120,25.1,26.7,25.1,93.7,23.6,0.000,0.000,0.00,0.000,0.0,0.1,0.0,217,0,0.4,1.1,0.2,352,42,0.0,0.1,0.0,217,0,0,30.16,,0,0,0,40.6,43.9,45.9,0.49,0.70,0.76
WHIT,2015-11-29 05:55:00 EST,43.48507,-73.42307,120,24.6,26.8,24.6,93.4,22.9,0.000,0.000,0.00,0.000,0.0,0.1,0.0,217,0,0.3,1.1,0.2,355,36,0.0,0.1,0.0,217,0,0,30.16,,0,0,0,40.6,43.9,45.9,0.48,0.70,0.76
WHIT,2015-11-29 06:00:00 EST,43.48507,-73.42307,120,24.8,26.8,24.8,94.9,23.6,0.000,0.000,0.00,0.000,0.0,0.1,0.0,217,0,0.3,1.1,0.2,356,57,0.0,0.1,0.0,217,0,0,30.16,,0,0,0,40.6,43.9,45.9,0.48,0.70,0.76
WHIT,2015-11-29 06:05:00 EST,43.48507,-73.42307,120,24.5,26.8,24.5,95.2,23.3,0.000,0.000,0.00,0.000,0.0,0.0,0.0,0,0,0.5,0.9,0.2,120,12,0.0,0.0,0.0,0,0,0,30.17,,0,0,0,40.6,43.9,45.9,0.48,0.70,0.76
WHIT,2015-11-29 06:10:00 EST,43.48507,-73.42307,120,24.5,26.4,24.5,95.7,23.5,0.000,0.000,0.00,0.000,0.0,0.1,0.0,216,0,0.7,0.9,0.1,146,16,0.0,0.1,0.0,216,0,0,30.17,,0,0,0,40.6,43.9,45.9,0.48,0.70,0.76
WHIT,2015-11-29 06:15:00 EST,43.48507,-73.42307,120,24.5,26.2,24.5,95.5,23.4,0.000,0.000,0.00,0.000,0.0,0.1,0.0,216,0,0.8,0.9,0.1,87,45,0.0,0.1,0.0,216,0,0,30.17,,0,0,0,40.6,43.9,45.9,0.48,0.70,0.76
WHIT,2015-11-29 06:20:00 EST,43.48507,-73.42307,120,24.8,25.7,24.8,95.9,23.8,0.000,0.000,0.00,0.000,0.0,0.1,0.0,217,0,0.8,1.1,0.2,352,16,0.0,0.1,0.0,217,0,0,30.17,,0,0,0,40.6,43.9,45.9,0.48,0.70,0.76
WHIT,2015-11-29 06:25:00 EST,43.48507,-73.42307,120,24.7,26.1,24.7,96.1,23.8,0.000,0.000,0.00,0.000,0.0,0.0,0.0,0,0,0.5,0.9,0.2,135,65,0.0,0.0,0.0,0,0,0,30.17,,0,0,0,40.6,43.9,45.9,0.48,0.70,0.76
WHIT,2015-11-29 06:30:00 EST,43.48507,-73.42307,120,24.4,26.5,24.4,96.5,23.5,0.000,0.000,0.00,0.000,0.0,0.0,0.0,0,0,0.6,0.9,0.2,123,61,0.0,0.0,0.0,0,0,0,30.17,,0,0,0,40.6,43.9,45.9,0.48,0.70,0.76
WHIT,2015-11-29 06:35:00 EST,43.48507,-73.42307,120,23.6,25.6,23.6,96.1,22.6,0.000,0.000,0.00,0.000,0.0,0.0,0.0,0,0,0.7,0.9,0.1,19,20,0.0,0.0,0.0,0,0,0,30.17,,0,0,0,40.6,43.9,45.9,0.48,0.70,0.76
WHIT,2015-11-29 06:40:00 EST,43.48507,-73.42307,120,23.5,26.1,23.5,96.1,22.5,0.000,0.000,0.00,0.000,0.0,0.0,0.0,0,0,0.6,0.9,0.2,67,25,0.0,0.0,0.0,0,0,0,30.17,,0,0,0,40.6,43.9,45.9,0.48,0.70,0.76
WHIT,2015-11-29 06:45:00 EST,43.48507,-73.42307,120,23.8,25.9,23.8,96.2,22.9,0.000,0.000,0.00,0.000,0.0,0.0,0.0,0,0,0.7,0.9,0.2,101,30,0.0,0.0,0.0,0,0,0,30.17,,0,0,0,40.6,43.9,45.9,0.48,0.70,0.76
WHIT,2015-11-29 06:50:00 EST,43.48507,-73.42307,120,24.2,25.3,24.2,96.4,23.3,0.000,0.000,0.00,0.000,0.0,0.0,0.0,0,0,0.3,0.9,0.2,77,56,0.0,0.0,0.0,0,0,0,30.18,,0,0,0,40.6,43.9,45.9,0.48,0.70,0.76
WHIT,2015-11-29 06:55:00 EST,43.48507,-73.42307,120,24.3,25.3,24.3,96.6,23.4,0.000,0.000,0.00,0.000,0.0,0.1,0.0,216,0,0.4,1.1,0.2,117,65,0.0,0.1,0.0,216,0,1,30.18,,0,0,0,40.5,43.9,45.9,0.48,0.70,0.76
WHIT,2015-11-29 07:00:00 EST,43.48507,-73.42307,120,24.5,25.4,24.5,96.8,23.7,0.000,0.000,0.00,0.000,0.2,0.9,0.3,216,0,0.7,3.4,0.4,229,55,0.2,0.9,0.3,216,0,1,30.18,,0,0,0,40.5,43.9,45.9,0.48,0.70,0.76
WHIT,2015-11-29 07:05:00 EST,43.48507,-73.42307,120,24.1,25.9,24.1,96.9,23.3,0.000,0.000,0.00,0.000,0.7,1.2,0.2,214,5,1.2,1.8,0.2,207,8,0.7,1.2,0.2,214,5,2,30.18,,0,0,0,40.5,43.9,45.9,0.48,0.70,0.76
WHIT,2015-11-29 07:10:00 EST,43.48507,-73.42307,120,23.6,26.2,23.6,96.7,22.8,0.000,0.000,0.00,0.000,0.7,1.5,0.6,195,2,1.2,2.0,0.6,197,11,0.7,1.5,0.6,195,2,4,30.18,,0,0,0,40.5,43.9,45.9,0.48,0.70,0.76
WHIT,2015-11-29 07:15:00 EST,43.48507,-73.42307,120,24.4,25.7,24.4,96.5,23.5,0.000,0.000,0.00,0.000,0.2,0.7,0.3,172,1,0.9,1.3,0.2,166,14,0.2,0.7,0.3,172,1,6,30.18,,0,0,0,40.5,43.9,45.9,0.48,0.70,0.76
WHIT,2015-11-29 07:20:00 EST,43.48507,-73.42307,120,24.1,25.1,24.1,96.6,23.3,0.000,0.000,0.00,0.000,0.0,0.0,0.0,0,0,1.0,1.6,0.3,81,25,0.0,0.0,0.0,0,0,10,30.18,,0,0,0,40.5,43.9,45.9,0.48,0.70,0.76
WHIT,2015-11-29 07:25:00 EST,43.48507,-73.42307,120,24.1,25.2,24.1,96.4,23.2,0.000,0.000,0.00,0.000,0.1,0.8,0.2,174,0,0.8,1.3,0.2,148,46,0.1,0.8,0.2,174,0,13,30.18,,0,0,0,40.5,43.9,45.9,0.48,0.70,0.76
WHIT,2015-11-29 07:30:00 EST,43.48507,-73.42307,120,24.1,25.6,24.1,96.4,23.2,0.000,0.000,0.00,0.000,0.6,1.1,0.4,178,2,1.1,1.6,0.3,177,15,0.6,1.1,0.4,178,2,16,30.18,,0,0,0,40.4,43.9,45.9,0.48,0.70,0.76
WHIT,2015-11-29 07:35:00 EST,43.48507,-73.42307,120,24.0,25.8,24.0,96.1,23.1,0.000,0.000,0.00,0.000,0.0,0.6,0.1,155,0,0.7,1.1,0.2,150,10,0.0,0.6,0.1,155,0,20,30.18,,0,0,0,40.5,43.9,45.9,0.48,0.70,0.76
WHIT,2015-11-29 07:40:00 EST,43.48507,-73.42307,120,24.5,26.1,24.5,96.4,23.6,0.000,0.000,0.00,0.000,1.1,2.2,0.4,168,9,1.6,2.7,0.4,171,13,1.1,2.2,0.4,168,9,23,30.18,,0,0,0,40.4,43.9,45.9,0.48,0.70,0.76
WHIT,2015-11-29 07:45:00 EST,43.48507,-73.42307,120,24.3,25.3,24.3,96.0,23.3,0.000,0.000,0.00,0.000,0.3,1.3,0.3,146,12,1.0,2.0,0.3,132,22,0.3,1.3,0.3,146,12,27,30.18,,0,0,0,40.4,43.9,45.9,0.48,0.70,0.76
WHIT,2015-11-29 07:50:00 EST,43.48507,-73.42307,120,24.9,26.0,24.9,96.1,23.9,0.000,0.000,0.00,0.000,1.1,2.0,0.6,196,7,1.6,2.2,0.5,200,15,1.1,2.0,0.6,196,7,31,30.18,,0,0,0,40.4,43.9,45.9,0.48,0.70,0.76
WHIT,2015-11-29 07:55:00 EST,43.48507,-73.42307,120,24.9,26.3,24.9,96.2,24.0,0.000,0.000,0.00,0.000,1.7,2.0,0.2,203,2,2.0,2.5,0.2,211,4,1.7,2.0,0.2,203,2,35,30.19,,0,0,0,40.4,43.9,45.9,0.48,0.70,0.76
WHIT,2015-11-29 08:00:00 EST,43.48507,-73.42307,120,25.3,25.8,25.3,96.0,24.3,0.000,0.000,0.00,0.000,0.4,1.2,0.4,206,8,0.9,1.8,0.3,213,23,0.4,1.2,0.4,206,8,40,30.19,,0,0,0,40.3,43.9,45.9,0.48,0.70,0.76
WHIT,2015-11-29 08:05:00 EST,43.48507,-73.42307,120,25.7,25.8,25.7,96.0,24.7,0.000,0.000,0.00,0.000,0.0,0.2,0.0,122,0,0.7,1.6,0.2,90,26,0.0,0.2,0.0,122,0,45,30.19,,0,0,0,40.3,43.9,45.9,0.48,0.70,0.76
WHIT,2015-11-29 08:10:00 EST,43.48507,-73.42307,120,26.0,26.0,26.0,96.0,25.0,0.000,0.000,0.00,0.000,0.0,0.0,0.0,0,0,0.4,0.9,0.2,112,42,0.0,0.0,0.0,0,0,49,30.19,,0,0,0,40.3,43.9,45.9,0.48,0.70,0.76
WHIT,2015-11-29 08:15:00 EST,43.48507,-73.42307,120,26.3,26.1,26.3,95.9,25.3,0.000,0.000,0.00,0.000,0.0,0.0,0.0,0,0,0.7,1.1,0.2,55,25,0.0,0.0,0.0,0,0,55,30.19,,0,0,0,40.3,43.9,45.9,0.48,0.70,0.76
WHIT,2015-11-29 08:20:00 EST,43.48507,-73.42307,120,26.5,26.2,26.5,95.7,25.4,0.000,0.000,0.00,0.000,0.0,0.0,0.0,0,0,0.6,2.0,0.3,60,47,0.0,0.0,0.0,0,0,62,30.19,,0,0,0,40.3,43.9,45.9,0.48,0.70,0.76
WHIT,2015-11-29 08:25:00 EST,43.48507,-73.42307,120,26.8,26.7,26.8,95.4,25.7,0.000,0.000,0.00,0.000,0.0,0.1,0.0,167,0,0.6,1.3,0.3,146,46,0.0,0.1,0.0,167,0,68,30.19,,0,0,0,40.3,43.9,45.9,0.48,0.70,0.76
WHIT,2015-11-29 08:30:00 EST,43.48507,-73.42307,120,27.1,27.0,27.1,95.2,25.9,0.000,0.000,0.00,0.000,0.0,0.0,0.0,0,0,0.6,2.7,0.4,176,50,0.0,0.0,0.0,0,0,74,30.19,,0,0,0,40.3,43.9,45.9,0.48,0.70,0.76
WHIT,2015-11-29 08:35:00 EST,43.48507,-73.42307,120,27.3,27.3,27.3,94.4,25.9,0.000,0.000,0.00,0.000,0.7,1.5,0.5,173,5,1.2,2.0,0.4,176,12,0.7,1.5,0.5,173,5,82,30.19,,0,0,0,40.3,43.9,45.9,0.48,0.70,0.76
WHIT,2015-11-29 08:40:00 EST,43.48507,-73.42307,120,27.5,27.5,27.5,93.3,25.9,0.000,0.000,0.00,0.000,0.9,1.5,0.3,168,8,1.4,2.0,0.3,173,14,0.9,1.5,0.3,168,8,92,30.19,,0,0,0,40.3,43.9,45.9,0.48,0.70,0.76
WHIT,2015-11-29 08:45:00 EST,43.48507,-73.42307,120,28.0,27.7,28.0,93.0,26.2,0.000,0.000,0.00,0.000,0.5,1.1,0.4,172,13,1.0,1.6,0.3,170,17,0.5,1.1,0.4,172,13,106,30.19,,0,0,0,40.3,43.9,45.9,0.48,0.70,0.76
WHIT,2015-11-29 08:50:00 EST,43.48507,-73.42307,120,28.4,28.1,28.4,92.8,26.6,0.000,0.000,0.00,0.000,0.2,0.9,0.2,183,5,0.8,1.3,0.2,176,26,0.2,0.9,0.2,183,5,113,30.19,,0,0,0,40.3,43.9,45.9,0.48,0.70,0.76
WHIT,2015-11-29 08:55:00 EST,43.48507,-73.42307,120,28.6,28.3,28.6,91.3,26.4,0.000,0.000,0.00,0.000,0.9,1.5,0.3,175,10,1.4,2.0,0.3,178,11,0.9,1.5,0.3,175,10,120,30.19,,0,0,0,40.3,43.9,45.9,0.48,0.70,0.76
WHIT,2015-11-29 09:00:00 EST,43.48507,-73.42307,120,28.8,28.5,28.8,90.4,26.3,0.000,0.000,0.00,0.000,0.6,1.8,0.5,189,19,1.1,2.2,0.4,190,28,0.6,1.8,0.5,189,19,135,30.19,,0,0,0,40.2,43.9,45.9,0.48,0.70,0.76
WHIT,2015-11-29 09:05:00 EST,43.48507,-73.42307,120,29.2,28.8,29.2,88.8,26.3,0.000,0.000,0.00,0.000,1.1,2.2,0.5,204,15,1.6,2.9,0.5,210,17,1.1,2.2,0.5,204,15,173,30.19,,0,0,0,40.2,43.9,45.9,0.48,0.70,0.76
WHIT,2015-11-29 09:10:00 EST,43.48507,-73.42307,120,29.6,29.1,29.6,87.3,26.3,0.000,0.000,0.00,0.000,1.3,2.0,0.5,197,18,1.6,2.5,0.5,205,23,1.3,2.0,0.5,197,18,252,30.19,,0,0,0,40.1,43.9,45.9,0.48,0.70,0.76
WHIT,2015-11-29 09:15:00 EST,43.48507,-73.42307,120,30.4,29.5,30.4,85.0,26.4,0.000,0.000,0.00,0.000,0.8,1.8,0.5,210,12,1.3,2.2,0.4,220,21,0.8,1.8,0.5,210,12,391,30.19,,0,0,0,40.1,43.9,45.9,0.48,0.70,0.76
WHIT,2015-11-29 09:20:00 EST,43.48507,-73.42307,120,30.4,30.1,30.4,80.0,25.0,0.000,0.000,0.00,0.000,0.6,1.7,0.5,185,16,1.1,2.2,0.5,176,30,0.6,1.7,0.5,185,16,397,30.19,,0,0,0,40.1,43.9,45.9,0.48,0.70,0.76
WHIT,2015-11-29 09:25:00 EST,43.48507,-73.42307,120,30.9,30.5,30.9,76.5,24.4,0.000,0.000,0.00,0.000,0.1,1.5,0.2,169,5,,,,0,0,0.1,1.5,0.2,169,5,293,30.19,,0,0,0,40.1,43.9,45.9,0.48,0.70,0.76
WHIT,2015-11-29 09:30:00 EST,43.48507,-73.42307,120,31.4,30.8,31.4,75.9,24.7,0.000,0.000,0.00,0.000,0.0,0.9,0.1,16,2,,,,0,0,0.0,0.9,0.1,16,2,261,30.19,,0,0,0,40.1,43.9,45.9,0.48,0.70,0.76
WHIT,2015-11-29 09:35:00 EST,43.48507,-73.42307,120,31.7,31.2,31.7,75.4,24.9,0.000,0.000,0.00,0.000,0.1,0.9,0.2,169,10,,,,0,0,0.1,0.9,0.2,169,10,208,30.20,,0,0,0,40.1,43.9,45.9,0.48,0.70,0.76
WHIT,2015-11-29 09:40:00 EST,43.48507,-73.42307,120,31.3,31.0,31.3,75.2,24.4,0.000,0.000,0.00,0.000,0.3,1.0,0.3,136,14,,,,0,0,0.3,1.0,0.3,136,14,100,30.20,,0,0,0,40.1,43.9,45.9,0.48,0.70,0.76
WHIT,2015-11-29 09:45:00 EST,43.48507,-73.42307,120,31.7,31.5,31.7,76.3,25.1,0.000,0.000,0.00,0.000,0.3,1.3,0.3,122,13,,,,0,0,0.3,1.3,0.3,122,13,273,30.20,,0,0,0,40.1,43.9,45.9,0.48,0.70,0.76
WHIT,2015-11-29 09:50:00 EST,43.48507,-73.42307,120,33.6,32.0,33.6,72.0,25.6,0.000,0.000,0.00,0.000,1.3,3.4,0.8,121,25,1.9,4.3,0.7,122,28,1.3,3.4,0.8,121,25,375,30.20,,0,0,0,40.1,43.9,45.9,0.48,0.70,0.76
WHIT,2015-11-29 09:55:00 EST,43.48507,-73.42307,120,33.2,32.3,33.2,61.6,21.4,0.000,0.000,0.00,0.000,1.6,3.4,1.0,130,12,,,,0,0,1.6,3.4,1.0,130,12,380,30.19,,0,0,0,40.1,43.8,45.9,0.48,0.70,0.76
WHIT,2015-11-29 10:00:00 EST,43.48507,-73.42307,120,33.2,32.4,33.2,60.4,21.0,0.000,0.000,0.00,0.000,1.1,4.4,1.3,115,12,,,,0,0,1.1,4.4,1.3,115,12,384,30.19,,0,0,0,40.0,43.8,45.9,0.48,0.70,0.76
WHIT,2015-11-29 10:05:00 EST,43.48507,-73.42307,120,33.9,32.5,33.9,62.4,22.4,0.000,0.000,0.00,0.000,2.4,4.0,0.6,111,15,,,,0,0,2.4,4.0,0.6,111,15,390,30.19,,0,0,0,40.0,43.8,45.9,0.48,0.70,0.76
WHIT,2015-11-29 10:10:00 EST,43.48507,-73.42307,120,34.1,32.4,34.1,64.0,23.2,0.000,0.000,0.00,0.000,1.7,3.5,0.9,68,18,,,,0,0,1.7,3.5,0.9,68,18,398,30.19,,0,0,0,40.0,43.8,45.9,0.48,0.70,0.76
WHIT,2015-11-29 10:15:00 EST,43.48507,-73.42307,120,33.8,32.7,33.8,61.4,21.9,0.000,0.000,0.00,0.000,1.8,3.4,0.7,111,21,,,,0,0,1.8,3.4,0.7,111,21,405,30.19,,0,0,0,40.0,43.8,45.9,0.48,0.70,0.76
WHIT,2015-11-29 10:20:00 EST,43.48507,-73.42307,120,,,,,,,,,,,,,,,,,,,,,,,,,,,,,,,,,,,,
WHIT,2015-11-29 10:25:00 EST,43.48507,-73.42307,120,34.1,33.1,34.1,60.7,21.9,,0.000,0.00,0.000,1.1,2.6,0.7,126,45,,,,0,0,1.1,2.6,0.7,126,45,426,30.19,,0,0,0,40.0,43.8,45.9,0.48,0.70,0.76
WHIT,2015-11-29 10:30:00 EST,43.48507,-73.42307,120,34.1,33.3,34.1,63.1,22.9,0.000,0.000,0.00,0.000,1.3,2.7,0.7,153,42,,,,0,0,1.3,2.7,0.7,153,42,435,30.19,,0,0,0,39.9,43.8,45.9,0.48,0.70,0.76
WHIT,2015-11-29 10:35:00 EST,43.48507,-73.42307,120,35.3,33.5,35.3,62.2,23.7,0.000,0.000,0.00,0.000,1.9,3.4,0.7,86,21,,,,0,0,1.9,3.4,0.7,86,21,437,30.19,,0,0,0,39.9,43.8,45.9,0.48,0.70,0.76
WHIT,2015-11-29 10:40:00 EST,43.48507,-73.42307,120,34.6,33.0,34.6,61.5,22.8,0.000,0.000,0.00,0.000,1.6,3.8,0.7,29,24,,,,0,0,1.6,3.8,0.7,29,24,437,30.19,,0,0,0,39.9,43.8,45.9,0.48,0.70,0.76
WHIT,2015-11-29 10:45:00 EST,43.48507,-73.42307,120,34.9,33.6,34.9,61.3,22.9,0.000,0.000,0.00,0.000,1.4,2.8,0.9,83,42,,,,0,0,1.4,2.8,0.9,83,42,448,30.19,,0,0,0,39.9,43.8,45.9,0.48,0.70,0.76
WHIT,2015-11-29 10:50:00 EST,43.48507,-73.42307,120,,,,,,,,,,,,,,,,,,,,,,,,,,,,,,,,,,,,
WHIT,2015-11-29 10:55:00 EST,43.48507,-73.42307,120,34.9,33.8,34.9,61.1,22.9,,0.000,0.00,0.000,1.0,2.6,0.6,83,57,,,,0,0,1.0,2.6,0.6,83,57,427,30.19,,0,0,0,39.9,43.8,45.9,0.48,0.70,0.76
WHIT,2015-11-29 11:00:00 EST,43.48507,-73.42307,120,,,,,,,,,,,,,,,,,,,,,,,,,,,,,,,,,,,,
WHIT,2015-11-29 11:05:00 EST,43.48507,-73.42307,120,35.7,34.1,33.1,63.0,24.4,,0.000,0.00,0.000,3.3,6.0,1.1,95,17,,,,0,0,3.3,6.0,1.1,95,17,267,30.18,,0,0,0,39.9,43.7,45.9,0.48,0.70,0.76
WHIT,2015-11-29 11:10:00 EST,43.48507,-73.42307,120,35.7,34.1,31.7,62.2,24.0,0.000,0.000,0.00,0.000,4.6,9.6,1.3,56,26,,,,0,0,4.6,9.6,1.3,56,26,437,30.18,,0,0,0,39.9,43.7,45.9,0.48,0.70,0.76
WHIT,2015-11-29 11:15:00 EST,43.48507,-73.42307,120,35.2,33.7,31.2,61.1,23.1,0.000,0.000,0.00,0.000,4.5,6.5,1.0,31,15,,,,0,0,4.5,6.5,1.0,31,15,222,30.18,,0,0,0,39.9,43.7,45.9,0.48,0.70,0.76
WHIT,2015-11-29 11:20:00 EST,43.48507,-73.42307,120,34.1,33.5,29.9,62.6,22.6,0.000,0.000,0.00,,4.5,6.2,0.7,18,11,,,,0,0,4.5,6.2,0.7,18,11,196,30.18,,0,0,0,39.9,43.7,45.9,0.48,0.70,0.76
WHIT,2015-11-29 11:25:00 EST,43.48507,-73.42307,120,35.0,34.0,32.3,61.4,23.0,0.000,0.000,0.00,0.000,3.3,5.3,1.2,23,22,3.7,6.0,1.3,30,21,3.3,5.3,1.2,23,22,457,30.18,,0,0,0,39.9,43.7,45.9,0.48,0.70,0.76
WHIT,2015-11-29 11:30:00 EST,43.48507,-73.42307,120,36.0,34.4,36.0,60.0,23.5,0.000,0.000,0.00,0.000,3.0,4.7,1.0,53,18,,,,0,0,3.0,4.7,1.0,53,18,449,30.18,,0,0,0,39.9,43.7,45.9,0.48,0.70,0.76
WHIT,2015-11-29 11:35:00 EST,43.48507,-73.42307,120,36.1,34.5,36.1,58.7,23.1,0.000,0.000,0.00,0.000,2.0,4.1,0.8,77,28,,,,0,0,2.0,4.1,0.8,77,28,489,30.17,,0,0,0,39.9,43.7,45.9,0.48,0.70,0.76
WHIT,2015-11-29 11:40:00 EST,43.48507,-73.42307,120,36.3,35.2,36.3,58.3,23.1,0.000,0.000,0.00,0.000,1.5,5.0,1.2,138,27,,,,0,0,1.5,5.0,1.2,138,27,507,30.17,,0,0,0,39.9,43.7,45.8,0.48,0.70,0.76
WHIT,2015-11-29 11:45:00 EST,43.48507,-73.42307,120,36.7,35.5,33.3,58.1,23.4,0.000,0.000,0.00,0.000,4.2,9.2,2.5,27,25,,,,0,0,4.2,9.2,2.5,27,25,537,30.17,,0,0,0,40.0,43.7,45.9,0.48,0.70,0.76
WHIT,2015-11-29 11:50:00 EST,43.48507,-73.42307,120,36.9,35.4,32.3,57.6,23.3,0.000,0.000,0.00,,5.6,8.7,1.4,20,19,,,,0,0,5.6,8.7,1.4,20,19,511,30.17,,0,0,0,40.0,43.7,45.9,0.48,0.70,0.76
WHIT,2015-11-29 11:55:00 EST,43.48507,-73.42307,120,37.1,35.3,34.1,57.8,23.6,0.000,0.000,0.00,0.000,3.9,7.7,2.2,25,21,,,,0,0,3.9,7.7,2.2,25,21,508,30.17,,0,0,0,40.1,43.7,45.8,0.48,0.70,0.76
WHIT,2015-11-29 12:00:00 EST,43.48507,-73.42307,120,,,,,,,,,,,,,,,,,,,,,,,,,,,,,,,,,,,,
WHIT,2015-11-29 12:05:00 EST,43.48507,-73.42307,120,36.7,35.9,36.7,58.6,23.6,,0.000,0.00,0.000,1.4,4.1,0.8,123,25,,,,0,0,1.4,4.1,0.8,123,25,325,30.17,,0,0,0,40.1,43.7,45.9,0.48,0.70,0.76
WHIT,2015-11-29 12:10:00 EST,43.48507,-73.42307,120,36.3,35.3,36.3,58.0,22.9,0.000,0.000,0.00,0.000,2.3,3.7,0.7,51,27,,,,0,0,2.3,3.7,0.7,51,27,145,30.17,,0,0,0,40.1,43.7,45.9,0.48,0.70,0.76
WHIT,2015-11-29 12:15:00 EST,43.48507,-73.42307,120,36.4,35.2,31.5,59.4,23.6,0.000,0.000,0.00,0.000,6.0,10.2,2.3,18,19,,,,0,0,6.0,10.2,2.3,18,19,469,30.16,,0,0,0,40.1,43.7,45.9,0.48,0.70,0.76
WHIT,2015-11-29 12:20:00 EST,43.48507,-73.42307,120,36.8,35.6,31.6,58.1,23.5,0.000,0.000,0.00,0.000,6.6,11.0,2.0,10,11,7.2,12.8,2.3,17,11,6.6,11.0,2.0,10,11,531,30.16,,0,0,0,40.1,43.7,45.9,0.48,0.70,0.76
WHIT,2015-11-29 12:25:00 EST,43.48507,-73.42307,120,37.4,36.0,32.6,58.7,24.2,0.000,0.000,0.00,0.000,6.0,10.2,2.1,15,27,,,,0,0,6.0,10.2,2.1,15,27,507,30.16,,0,0,0,40.2,43.7,45.9,0.48,0.70,0.76
WHIT,2015-11-29 12:30:00 EST,43.48507,-73.42307,120,,,,,,,,,,,,,,,,,,,,,,,,,,,,,,,,,,,,
WHIT,2015-11-29 12:35:00 EST,43.48507,-73.42307,120,36.3,35.2,31.1,58.6,23.2,,0.000,0.00,0.000,6.4,11.4,1.6,14,13,,,,0,0,6.4,11.4,1.6,14,13,247,30.17,,0,0,0,40.3,43.7,45.9,0.48,0.70,0.76
WHIT,2015-11-29 12:40:00 EST,43.48507,-73.42307,120,,,,,,,,,,,,,,,,,,,,,,,,,,,,,,,,,,,,
WHIT,2015-11-29 12:45:00 EST,43.48507,-73.42307,120,35.7,35.0,31.5,59.6,23.0,,0.000,0.00,0.000,4.8,7.8,1.1,25,16,,,,0,0,4.8,7.8,1.1,25,16,169,30.17,,0,0,0,40.3,43.7,45.9,0.48,0.70,0.76
WHIT,2015-11-29 12:50:00 EST,43.48507,-73.42307,120,35.8,35.0,31.0,60.1,23.3,0.000,0.000,0.00,0.000,5.7,9.6,1.5,28,18,6.2,10.1,1.5,35,17,5.7,9.6,1.5,28,18,210,30.17,,0,0,0,40.4,43.7,45.9,0.48,0.70,0.76
WHIT,2015-11-29 12:55:00 EST,43.48507,-73.42307,120,35.6,34.8,31.1,58.7,22.6,0.000,0.000,0.00,0.000,5.2,7.9,1.5,35,14,5.5,8.7,1.6,43,14,5.2,7.9,1.5,35,14,236,30.17,,0,0,0,40.4,43.7,45.9,0.48,0.70,0.76
WHIT,2015-11-29 13:00:00 EST,43.48507,-73.42307,120,36.3,35.2,32.6,59.1,23.4,0.000,0.000,0.00,,4.5,7.1,1.2,30,24,,,,0,0,4.5,7.1,1.2,30,24,362,30.17,,0,0,0,40.4,43.7,45.9,0.48,0.70,0.76
WHIT,2015-11-29 13:05:00 EST,43.48507,-73.42307,120,36.6,35.6,33.1,58.7,23.5,0.000,0.000,0.00,0.000,4.4,6.0,0.9,31,25,,,,0,0,4.4,6.0,0.9,31,25,473,30.17,,0,0,0,40.5,43.7,45.9,0.48,0.70,0.76
WHIT,2015-11-29 13:10:00 EST,43.48507,-73.42307,120,37.1,35.8,33.0,56.7,23.2,0.000,0.000,0.00,0.000,5.1,8.0,1.3,34,15,,,,0,0,5.1,8.0,1.3,34,15,498,30.17,,0,0,0,40.5,43.7,45.9,0.48,0.70,0.76
WHIT,2015-11-29 13:15:00 EST,43.48507,-73.42307,120,,,,,,,,,,,,,,,,,,,,,,,,,,,,,,,,,,,,
WHIT,2015-11-29 13:20:00 EST,43.48507,-73.42307,120,36.7,35.4,32.1,57.4,23.1,,0.000,0.00,0.000,5.7,8.6,1.4,44,14,,,,0,0,5.7,8.6,1.4,44,14,281,30.18,,0,0,0,40.6,43.7,45.9,0.48,0.70,0.76
WHIT,2015-11-29 13:25:00 EST,43.48507,-73.42307,120,35.9,35.0,30.8,57.8,22.4,0.000,0.000,0.00,0.000,6.1,10.4,1.5,37,27,,,,0,0,6.1,10.4,1.5,37,27,169,30.18,,0,0,0,40.6,43.7,45.9,0.48,0.70,0.76
WHIT,2015-11-29 13:30:00 EST,43.48507,-73.42307,120,36.4,35.2,32.3,59.0,23.4,0.000,0.000,0.00,,4.9,7.6,1.1,40,18,5.3,8.1,1.1,0,0,4.9,7.6,1.1,40,18,380,30.18,,0,0,0,40.6,43.6,45.9,0.48,0.70,0.76
WHIT,2015-11-29 13:35:00 EST,43.48507,-73.42307,120,36.6,35.4,32.0,56.7,22.7,0.000,0.000,0.00,0.000,5.6,9.2,1.5,26,15,6.1,9.6,1.5,34,14,5.6,9.2,1.5,26,15,364,30.18,,0,0,0,40.7,43.7,45.9,0.48,0.70,0.76
WHIT,2015-11-29 13:40:00 EST,43.48507,-73.42307,120,36.0,35.1,31.7,56.3,21.9,0.000,0.000,0.00,,5.1,7.5,1.4,7,20,5.8,8.9,1.6,13,14,5.1,7.5,1.4,7,20,342,30.18,,0,0,0,40.8,43.7,45.9,0.48,0.70,0.76
WHIT,2015-11-29 13:45:00 EST,43.48507,-73.42307,120,36.1,35.4,31.4,57.2,22.4,0.000,0.000,0.00,0.000,5.7,9.4,1.5,7,17,6.5,10.5,1.6,13,15,5.7,9.4,1.5,7,17,332,30.18,,0,0,0,40.8,43.7,45.9,0.48,0.70,0.76
WHIT,2015-11-29 13:50:00 EST,43.48507,-73.42307,120,36.7,35.8,33.3,57.1,23.0,0.000,0.000,0.00,0.000,4.2,6.6,0.9,31,25,4.8,7.4,1.2,36,26,4.2,6.6,0.9,31,25,320,30.18,,0,0,0,40.8,43.7,45.9,0.48,0.70,0.76
WHIT,2015-11-29 13:55:00 EST,43.48507,-73.42307,120,36.6,35.4,36.6,56.7,22.6,0.000,0.000,0.00,0.000,2.9,7.7,1.5,42,21,,,,0,0,2.9,7.7,1.5,42,21,311,30.18,,0,0,0,40.9,43.7,45.9,0.48,0.70,0.76
WHIT,2015-11-29 14:00:00 EST,43.48507,-73.42307,120,,,,,,,,,,,,,,,,,,,,,,,,,,,,,,,,,,,,
WHIT,2015-11-29 14:05:00 EST,43.48507,-73.42307,120,37.0,36.1,34.7,55.6,22.6,,0.000,0.00,0.000,3.2,6.9,1.5,30,24,,,,0,0,3.2,6.9,1.5,30,24,290,30.18,,0,0,0,41.0,43.6,45.9,0.48,0.70,0.76
WHIT,2015-11-29 14:10:00 EST,43.48507,-73.42307,120,37.1,36.1,33.9,55.7,22.7,0.000,0.000,0.00,0.000,4.0,7.7,1.7,22,15,,,,0,0,4.0,7.7,1.7,22,15,280,30.18,,0,0,0,41.0,43.6,45.9,0.48,0.70,0.76
WHIT,2015-11-29 14:15:00 EST,43.48507,-73.42307,120,37.0,36.0,34.4,54.5,22.1,0.000,0.000,0.00,,3.6,6.6,1.2,27,18,,,,0,0,3.6,6.6,1.2,27,18,271,30.18,,0,0,0,41.0,43.6,45.9,0.48,0.70,0.76
WHIT,2015-11-29 14:20:00 EST,43.48507,-73.42307,120,37.1,36.1,33.0,54.4,22.2,0.000,0.000,0.00,0.000,5.2,7.6,1.6,36,20,,,,0,0,5.2,7.6,1.6,36,20,262,30.18,,0,0,0,41.0,43.6,45.9,0.48,0.70,0.76
WHIT,2015-11-29 14:25:00 EST,43.48507,-73.42307,120,37.2,36.2,34.6,55.1,22.6,0.000,0.000,0.00,0.000,3.5,6.1,1.2,34,20,,,,0,0,3.5,6.1,1.2,34,20,252,30.18,,0,0,0,41.0,43.6,45.9,0.48,0.70,0.76
WHIT,2015-11-29 14:30:00 EST,43.48507,-73.42307,120,37.3,36.2,33.8,54.7,22.5,0.000,0.000,0.00,0.000,4.4,7.8,1.6,57,16,,,,0,0,4.4,7.8,1.6,57,16,247,30.18,,0,0,0,41.1,43.6,45.9,0.48,0.70,0.76
WHIT,2015-11-29 14:35:00 EST,43.48507,-73.42307,120,37.4,36.5,34.1,55.2,22.8,0.000,0.000,0.00,0.000,4.2,7.3,1.3,26,18,,,,0,0,4.2,7.3,1.3,26,18,230,30.18,,0,0,0,41.2,43.6,45.9,0.48,0.70,0.76
WHIT,2015-11-29 14:40:00 EST,43.48507,-73.42307,120,37.5,36.6,34.9,54.0,22.3,0.000,0.000,0.00,0.000,3.5,5.9,1.2,39,20,,,,0,0,3.5,5.9,1.2,39,20,222,30.18,,0,0,0,41.2,43.6,45.9,0.48,0.70,0.76
WHIT,2015-11-29 14:45:00 EST,43.48507,-73.42307,120,37.2,36.4,34.2,54.1,22.1,0.000,0.000,0.00,0.000,3.9,6.0,1.0,30,12,,,,0,0,3.9,6.0,1.0,30,12,173,30.18,,0,0,0,41.2,43.6,45.9,0.48,0.70,0.76
WHIT,2015-11-29 14:50:00 EST,43.48507,-73.42307,120,36.9,36.5,33.7,53.9,21.8,0.000,0.000,0.00,0.000,4.1,6.3,0.8,24,14,,,,0,0,4.1,6.3,0.8,24,14,155,30.18,,0,0,0,41.2,43.6,45.9,0.48,0.70,0.76
WHIT,2015-11-29 14:55:00 EST,43.48507,-73.42307,120,37.3,36.6,34.5,53.2,21.8,0.000,0.000,0.00,0.000,3.7,6.3,1.1,40,26,,,,0,0,3.7,6.3,1.1,40,26,192,30.18,,0,0,0,41.2,43.6,45.9,0.48,0.70,0.76
WHIT,2015-11-29 15:00:00 EST,43.48507,-73.42307,120,37.5,36.4,34.3,56.2,23.3,0.000,0.000,0.00,,4.1,5.8,0.6,79,7,,,,0,0,4.1,5.8,0.6,79,7,183,30.18,,0,0,0,41.3,43.6,45.9,0.48,0.70,0.76
WHIT,2015-11-29 15:05:00 EST,43.48507,-73.42307,120,37.4,36.4,33.5,56.2,23.2,0.000,0.000,0.00,0.000,4.9,6.6,1.0,84,11,,,,0,0,4.9,6.6,1.0,84,11,172,30.19,,0,0,0,41.3,43.6,45.9,0.48,0.70,0.76
WHIT,2015-11-29 15:10:00 EST,43.48507,-73.42307,120,37.3,36.4,34.7,55.3,22.7,0.000,0.000,0.00,0.000,3.5,4.7,0.6,72,8,,,,0,0,3.5,4.7,0.6,72,8,158,30.19,,0,0,0,41.3,43.5,45.9,0.48,0.70,0.76
WHIT,2015-11-29 15:15:00 EST,43.48507,-73.42307,120,37.3,36.6,37.3,54.3,22.2,0.000,0.000,0.00,0.000,1.7,3.6,0.9,37,22,,,,0,0,1.7,3.6,0.9,37,22,145,30.19,,0,0,0,41.4,43.6,45.9,0.48,0.70,0.76
WHIT,2015-11-29 15:20:00 EST,43.48507,-73.42307,120,37.1,36.7,33.6,53.0,21.5,0.000,0.000,0.00,0.000,4.4,6.6,1.0,21,18,4.7,7.6,1.0,27,13,4.4,6.6,1.0,21,18,132,30.19,,0,0,0,41.4,43.5,45.9,0.48,0.70,0.76
WHIT,2015-11-29 15:25:00 EST,43.48507,-73.42307,120,37.0,36.6,34.7,52.8,21.4,0.000,0.000,0.00,0.000,3.2,5.5,1.2,25,13,3.6,6.5,1.3,32,13,3.2,5.5,1.2,25,13,117,30.19,,0,0,0,41.4,43.6,45.9,0.48,0.70,0.76
WHIT,2015-11-29 15:30:00 EST,43.48507,-73.42307,120,36.8,36.6,36.8,52.9,21.2,0.000,0.000,0.00,0.000,2.1,4.9,1.0,19,19,,,,0,0,2.1,4.9,1.0,19,19,104,30.19,,0,0,0,41.4,43.5,45.9,0.48,0.70,0.76
WHIT,2015-11-29 15:35:00 EST,43.48507,-73.42307,120,36.7,36.6,36.7,52.7,21.0,0.000,0.000,0.00,0.000,2.9,5.0,1.1,13,9,,,,0,0,2.9,5.0,1.1,13,9,89,30.19,,0,0,0,41.4,43.6,45.9,0.48,0.70,0.76
WHIT,2015-11-29 15:40:00 EST,43.48507,-73.42307,120,36.9,36.6,36.9,51.8,20.9,0.000,0.000,0.00,0.000,1.6,2.8,0.6,24,26,,,,0,0,1.6,2.8,0.6,24,26,77,30.19,,0,0,0,41.4,43.6,45.9,0.48,0.70,0.76
WHIT,2015-11-29 15:45:00 EST,43.48507,-73.42307,120,37.0,36.7,37.0,52.6,21.2,0.000,0.000,0.00,0.000,1.5,2.3,0.4,41,19,,,,0,0,1.5,2.3,0.4,41,19,66,30.18,,0,0,0,41.4,43.6,45.9,0.48,0.70,0.76
WHIT,2015-11-29 15:50:00 EST,43.48507,-73.42307,120,36.5,36.6,36.5,53.4,21.1,0.000,0.000,0.00,0.000,1.5,3.1,1.0,44,24,,,,0,0,1.5,3.1,1.0,44,24,30,30.18,,0,0,0,41.4,43.6,45.9,0.48,0.70,0.76
WHIT,2015-11-29 15:55:00 EST,43.48507,-73.42307,120,35.5,36.1,35.5,56.5,21.6,0.000,0.000,0.00,0.000,1.1,2.9,0.8,60,47,1.6,3.6,0.8,54,53,1.1,2.9,0.8,60,47,22,30.18,,0,0,0,41.4,43.5,45.9,0.48,0.70,0.76
WHIT,2015-11-29 16:00:00 EST,43.48507,-73.42307,120,34.6,35.8,34.6,59.4,21.8,0.000,0.000,0.00,0.000,1.4,2.2,0.5,317,21,1.7,2.5,0.4,322,25,1.4,2.2,0.5,317,21,18,30.18,,0,0,0,41.5,43.5,45.9,0.48,0.70,0.76
WHIT,2015-11-29 16:05:00 EST,43.48507,-73.42307,120,33.1,35.0,33.1,64.9,22.6,0.000,0.000,0.00,0.000,1.1,3.0,0.8,325,21,1.5,3.6,0.8,331,27,1.1,3.0,0.8,325,21,14,30.18,,0,0,0,41.5,43.5,45.9,0.48,0.70,0.76
WHIT,2015-11-29 16:10:00 EST,43.48507,-73.42307,120,33.4,35.2,33.4,65.4,23.1,0.000,0.000,0.00,0.000,1.3,2.7,0.5,354,29,,,,0,0,1.3,2.7,0.5,354,29,9,30.18,,0,0,0,41.5,43.5,45.9,0.48,0.70,0.76
WHIT,2015-11-29 16:15:00 EST,43.48507,-73.42307,120,33.1,34.8,33.1,67.6,23.6,0.000,0.000,0.00,0.000,0.1,0.6,0.1,344,25,,,,0,0,0.1,0.6,0.1,344,25,6,30.19,,0,0,0,41.5,43.5,45.9,0.48,0.70,0.76
WHIT,2015-11-29 16:20:00 EST,43.48507,-73.42307,120,33.2,34.4,33.2,69.8,24.4,0.000,0.000,0.00,0.000,0.8,1.6,0.3,323,27,1.2,2.5,0.4,328,25,0.8,1.6,0.3,323,27,3,30.19,,0,0,0,41.5,43.5,45.9,0.48,0.70,0.76
WHIT,2015-11-29 16:25:00 EST,43.48507,-73.42307,120,32.9,34.0,32.9,70.3,24.3,0.000,0.000,0.00,0.000,1.2,1.8,0.2,296,11,1.4,2.0,0.2,300,14,1.2,1.8,0.2,296,11,2,30.19,,0,0,0,41.5,43.5,45.9,0.48,0.70,0.76
WHIT,2015-11-29 16:30:00 EST,43.48507,-73.42307,120,33.2,33.8,33.2,70.0,24.5,0.000,0.000,0.00,0.000,1.3,1.6,0.1,250,5,1.6,2.0,0.2,253,8,1.3,1.6,0.1,250,5,1,30.19,,0,0,0,41.5,43.5,45.9,0.48,0.70,0.76
WHIT,2015-11-29 16:35:00 EST,43.48507,-73.42307,120,32.8,33.8,32.8,74.0,25.4,0.000,0.000,0.00,0.000,1.7,2.1,0.1,254,3,2.0,2.5,0.2,259,6,1.7,2.1,0.1,254,3,0,30.19,,0,0,0,41.5,43.5,45.9,0.48,0.70,0.76
WHIT,2015-11-29 16:40:00 EST,43.48507,-73.42307,120,32.4,33.7,32.4,76.8,26.0,0.000,0.000,0.00,0.000,1.2,1.7,0.3,263,14,1.6,2.0,0.3,268,15,1.2,1.7,0.3,263,14,0,30.19,,0,0,0,41.5,43.5,45.9,0.48,0.70,0.76
WHIT,2015-11-29 16:45:00 EST,43.48507,-73.42307,120,32.8,33.7,32.8,74.7,25.6,0.000,0.000,0.00,0.000,1.1,1.5,0.2,287,8,1.4,1.8,0.2,297,10,1.1,1.5,0.2,287,8,0,30.20,,0,0,0,41.5,43.5,45.9,0.48,0.70,0.76
WHIT,2015-11-29 16:50:00 EST,43.48507,-73.42307,120,33.0,33.7,33.0,75.0,25.9,0.000,0.000,0.00,0.000,1.4,2.3,0.4,359,15,1.8,2.7,0.4,7,16,1.4,2.3,0.4,359,15,0,30.20,,0,0,0,41.5,43.5,45.9,0.48,0.70,0.76
WHIT,2015-11-29 16:55:00 EST,43.48507,-73.42307,120,33.2,33.7,33.2,74.6,26.0,0.000,0.000,0.00,0.000,2.3,3.1,0.4,14,7,2.5,3.4,0.4,23,8,2.3,3.1,0.4,14,7,0,30.20,,0,0,0,41.5,43.5,45.9,0.48,0.70,0.76
WHIT,2015-11-29 17:00:00 EST,43.48507,-73.42307,120,33.2,33.9,33.2,73.7,25.7,0.000,0.000,0.00,0.000,2.1,2.9,0.3,7,7,2.5,3.4,0.4,13,10,2.1,2.9,0.3,7,7,0,30.20,,0,0,0,41.5,43.5,45.9,0.48,0.70,0.76
WHIT,2015-11-29 17:05:00 EST,43.48507,-73.42307,120,33.4,34.2,33.4,72.9,25.7,0.000,0.000,0.00,0.000,1.9,4.0,0.7,24,12,2.0,4.5,0.7,31,13,1.9,4.0,0.7,24,12,0,30.20,,0,0,0,41.4,43.5,45.9,0.48,0.70,0.76
WHIT,2015-11-29 17:10:00 EST,43.48507,-73.42307,120,33.6,34.3,33.6,70.8,25.1,0.000,0.000,0.00,0.000,1.0,1.8,0.3,21,11,1.3,2.2,0.3,25,14,1.0,1.8,0.3,21,11,0,30.21,,0,0,0,41.4,43.5,45.9,0.48,0.70,0.76
WHIT,2015-11-29 17:15:00 EST,43.48507,-73.42307,120,33.8,34.2,33.8,70.6,25.3,0.000,0.000,0.00,0.000,1.1,1.7,0.3,323,16,1.4,2.2,0.4,331,17,1.1,1.7,0.3,323,16,0,30.21,,0,0,0,41.4,43.5,45.9,0.48,0.70,0.76
WHIT,2015-11-29 17:20:00 EST,43.48507,-73.42307,120,33.7,34.4,33.7,70.9,25.2,0.000,0.000,0.00,0.000,1.4,2.2,0.3,345,10,2.0,2.9,0.4,350,10,1.4,2.2,0.3,345,10,0,30.21,,0,0,0,41.4,43.5,45.9,0.48,0.70,0.76
WHIT,2015-11-29 17:25:00 EST,43.48507,-73.42307,120,33.6,34.5,33.6,72.8,25.8,0.000,0.000,0.00,0.000,2.0,2.8,0.4,350,10,2.4,3.4,0.5,355,10,2.0,2.8,0.4,350,10,0,30.21,,0,0,0,41.4,43.5,45.9,0.48,0.70,0.76
WHIT,2015-11-29 17:30:00 EST,43.48507,-73.42307,120,33.1,34.4,33.1,74.9,26.0,0.000,0.000,0.00,0.000,2.0,3.2,0.5,352,7,2.4,3.8,0.5,358,7,2.0,3.2,0.5,352,7,0,30.21,,0,0,0,41.4,43.5,45.9,0.48,0.70,0.76
WHIT,2015-11-29 17:35:00 EST,43.48507,-73.42307,120,33.0,34.1,33.0,76.1,26.3,0.000,0.000,0.00,0.000,1.8,2.6,0.3,15,10,2.1,3.4,0.4,22,13,1.8,2.6,0.3,15,10,0,30.21,,0,0,0,41.4,43.5,45.9,0.48,0.70,0.76
WHIT,2015-11-29 17:40:00 EST,43.48507,-73.42307,120,33.2,34.1,33.2,73.8,25.7,0.000,0.000,0.00,0.000,2.5,5.7,1.3,32,18,2.8,6.3,1.4,39,17,2.5,5.7,1.3,32,18,0,30.22,,0,0,0,41.4,43.5,45.9,0.48,0.70,0.76
WHIT,2015-11-29 17:45:00 EST,43.48507,-73.42307,120,34.0,34.4,30.6,66.5,24.0,0.000,0.000,0.00,0.000,3.8,7.1,1.1,34,17,4.4,6.7,1.3,41,15,3.8,7.1,1.1,34,17,0,30.22,,0,0,0,41.4,43.5,45.9,0.48,0.70,0.76
WHIT,2015-11-29 17:50:00 EST,43.48507,-73.42307,120,34.4,34.7,30.6,63.6,23.3,0.000,0.000,0.00,0.000,4.2,8.3,1.3,32,16,4.7,8.9,1.4,38,13,4.2,8.3,1.3,32,16,0,30.23,,0,0,0,41.4,43.5,45.9,0.48,0.70,0.76
WHIT,2015-11-29 17:55:00 EST,43.48507,-73.42307,120,34.4,34.6,31.2,62.8,23.1,0.000,0.000,0.00,0.000,3.7,6.7,1.2,21,20,4.2,8.1,1.3,29,19,3.7,6.7,1.2,21,20,0,30.23,,0,0,0,41.4,43.5,45.9,0.48,0.70,0.76
WHIT,2015-11-29 18:00:00 EST,43.48507,-73.42307,120,34.5,34.6,30.5,63.2,23.3,0.000,0.000,0.00,0.000,4.5,7.5,1.0,0,18,5.2,8.9,1.4,8,15,4.5,7.5,1.0,0,18,0,30.23,,0,0,0,41.4,43.5,45.9,0.48,0.70,0.76
WHIT,2015-11-29 18:05:00 EST,43.48507,-73.42307,120,34.6,34.7,29.3,63.4,23.4,0.000,0.000,0.00,0.000,5.9,11.8,2.0,358,19,6.8,16.1,2.5,5,15,5.9,11.8,2.0,358,19,0,30.23,,0,0,0,41.4,43.5,45.9,0.48,0.70,0.76
WHIT,2015-11-29 18:10:00 EST,43.48507,-73.42307,120,34.5,34.6,29.4,63.5,23.4,0.000,0.000,0.00,0.000,5.7,10.6,2.0,8,22,6.6,13.4,2.4,12,17,5.7,10.6,2.0,8,22,0,30.24,,0,0,0,41.4,43.5,45.9,0.48,0.70,0.76
WHIT,2015-11-29 18:15:00 EST,43.48507,-73.42307,120,34.4,34.5,29.6,64.4,23.6,0.000,0.000,0.00,0.000,5.3,11.0,2.0,2,25,6.1,15.0,2.5,7,17,5.3,11.0,2.0,2,25,0,30.24,,0,0,0,41.3,43.5,45.9,0.48,0.70,0.76
WHIT,2015-11-29 18:20:00 EST,43.48507,-73.42307,120,34.3,34.4,28.6,65.0,23.8,0.000,0.000,0.00,0.000,6.5,10.2,1.7,13,17,7.3,15.2,2.0,19,15,6.5,10.2,1.7,13,17,0,30.24,,0,0,0,41.4,43.5,45.9,0.48,0.70,0.76
WHIT,2015-11-29 18:25:00 EST,43.48507,-73.42307,120,34.2,34.3,29.3,65.9,24.0,0.000,0.000,0.00,0.000,5.4,9.3,1.7,10,16,5.8,10.1,1.9,18,15,5.4,9.3,1.7,10,16,0,30.24,,0,0,0,41.3,43.5,45.9,0.48,0.70,0.76
WHIT,2015-11-29 18:30:00 EST,43.48507,-73.42307,120,34.3,34.3,28.7,66.4,24.2,0.000,0.000,0.00,0.000,6.4,10.7,2.0,5,16,7.2,12.1,2.3,10,12,6.4,10.7,2.0,5,16,0,30.25,,0,0,0,41.3,43.5,45.9,0.48,0.70,0.76
WHIT,2015-11-29 18:35:00 EST,43.48507,-73.42307,120,34.1,34.2,29.6,67.3,24.4,0.000,0.000,0.00,0.000,5.0,9.2,2.2,358,14,5.7,12.1,2.5,5,13,5.0,9.2,2.2,358,14,0,30.25,,0,0,0,41.3,43.5,45.9,0.48,0.70,0.76
WHIT,2015-11-29 18:40:00 EST,43.48507,-73.42307,120,34.1,34.0,28.2,67.6,24.5,0.000,0.000,0.00,0.000,6.7,12.7,2.4,4,17,7.5,13.6,2.7,9,15,6.7,12.7,2.4,4,17,0,30.25,,0,0,0,41.2,43.5,45.9,0.48,0.70,0.76
WHIT,2015-11-29 18:45:00 EST,43.48507,-73.42307,120,33.7,33.6,26.0,69.4,24.8,0.000,0.000,0.00,0.000,9.8,17.2,2.6,10,17,10.9,19.2,3.0,16,10,9.8,17.2,2.6,10,17,0,30.26,,0,0,0,41.2,43.5,45.9,0.48,0.70,0.76
WHIT,2015-11-29 18:50:00 EST,43.48507,-73.42307,120,33.5,33.4,25.8,70.3,24.9,0.000,0.000,0.00,0.000,9.6,15.9,2.5,3,18,11.0,18.1,2.8,10,13,9.6,15.9,2.5,3,18,0,30.26,,0,0,0,41.2,43.5,45.9,0.48,0.70,0.76
WHIT,2015-11-29 18:55:00 EST,43.48507,-73.42307,120,33.4,33.3,26.0,71.0,25.0,0.000,0.000,0.00,0.000,8.8,14.9,2.5,7,22,10.0,19.2,3.0,13,15,8.8,14.9,2.5,7,22,0,30.26,,0,0,0,41.2,43.6,45.9,0.48,0.70,0.76
WHIT,2015-11-29 19:00:00 EST,43.48507,-73.42307,120,33.2,33.1,26.5,71.3,24.9,0.000,0.000,0.00,0.000,7.6,15.4,2.6,14,20,8.5,15.9,3.0,19,17,7.6,15.4,2.6,14,20,0,30.26,,0,0,0,41.2,43.6,45.9,0.48,0.70,0.76
WHIT,2015-11-29 19:05:00 EST,43.48507,-73.42307,120,33.1,33.0,28.0,71.7,24.9,0.000,0.000,0.00,0.000,5.4,9.1,1.6,24,18,5.9,10.3,1.8,28,16,5.4,9.1,1.6,24,18,0,30.26,,0,0,0,41.2,43.6,45.9,0.48,0.70,0.76
WHIT,2015-11-29 19:10:00 EST,43.48507,-73.42307,120,33.0,32.9,29.2,72.3,25.0,0.000,0.000,0.00,0.000,4.0,8.3,1.6,18,15,4.2,9.6,1.8,27,15,4.0,8.3,1.6,18,15,0,30.26,,0,0,0,41.2,43.5,45.9,0.48,0.70,0.76
WHIT,2015-11-29 19:15:00 EST,43.48507,-73.42307,120,32.9,32.9,28.2,72.8,25.2,0.000,0.000,0.00,0.000,5.0,10.7,1.8,7,23,5.9,12.5,2.2,15,19,5.0,10.7,1.8,7,23,0,30.26,,0,0,0,41.2,43.5,45.9,0.48,0.70,0.76
WHIT,2015-11-29 19:20:00 EST,43.48507,-73.42307,120,32.9,32.8,26.9,72.6,25.0,0.000,0.000,0.00,0.000,6.4,12.8,2.3,4,21,7.4,15.9,2.8,13,19,6.4,12.8,2.3,4,21,0,30.27,,0,0,0,41.2,43.5,45.9,0.48,0.70,0.76
WHIT,2015-11-29 19:25:00 EST,43.48507,-73.42307,120,32.7,32.6,24.8,72.4,24.8,0.000,0.000,0.00,0.000,9.7,17.1,3.3,11,17,10.7,19.2,3.8,18,15,9.7,17.1,3.3,11,17,0,30.27,,0,0,0,41.2,43.5,45.8,0.48,0.70,0.76
WHIT,2015-11-29 19:30:00 EST,43.48507,-73.42307,120,32.6,32.5,24.9,72.4,24.7,0.000,0.000,0.00,0.000,9.2,16.9,3.3,9,20,10.4,19.0,3.6,16,16,9.2,16.9,3.3,9,20,0,30.27,,0,0,0,41.2,43.5,45.9,0.48,0.70,0.76
WHIT,2015-11-29 19:35:00 EST,43.48507,-73.42307,120,32.5,32.5,25.7,73.1,24.9,0.000,0.000,0.00,0.000,7.6,14.8,2.5,1,18,8.8,16.6,2.5,7,15,7.6,14.8,2.5,1,18,0,30.27,,0,0,0,41.1,43.5,45.9,0.48,0.70,0.76
WHIT,2015-11-29 19:40:00 EST,43.48507,-73.42307,120,32.5,32.4,25.8,73.4,24.9,0.000,0.000,0.00,0.000,7.4,13.8,2.8,359,21,8.8,17.7,3.5,6,19,7.4,13.8,2.8,359,21,0,30.27,,0,0,0,41.2,43.5,45.9,0.48,0.70,0.76
WHIT,2015-11-29 19:45:00 EST,43.48507,-73.42307,120,32.4,32.3,25.0,73.4,24.8,0.000,0.000,0.00,0.000,8.4,15.6,2.8,22,18,9.1,18.1,3.0,28,16,8.4,15.6,2.8,22,18,0,30.27,,0,0,0,41.1,43.6,45.9,0.48,0.70,0.76
WHIT,2015-11-29 19:50:00 EST,43.48507,-73.42307,120,32.3,32.2,25.2,73.2,24.7,0.000,0.000,0.00,0.000,8.0,16.2,2.9,21,22,8.9,19.0,3.0,27,18,8.0,16.2,2.9,21,22,0,30.27,,0,0,0,41.1,43.5,45.9,0.48,0.70,0.76
WHIT,2015-11-29 19:55:00 EST,43.48507,-73.42307,120,32.2,32.1,24.5,73.5,24.7,0.000,0.000,0.00,0.000,9.1,16.2,3.1,19,18,10.1,17.7,3.1,25,16,9.1,16.2,3.1,19,18,0,30.27,,0,0,0,41.0,43.5,45.9,0.48,0.70,0.76
WHIT,2015-11-29 20:00:00 EST,43.48507,-73.42307,120,32.2,32.1,25.8,73.8,24.8,0.000,0.000,0.00,0.000,6.9,12.9,2.2,13,21,7.6,15.0,2.6,21,16,6.9,12.9,2.2,13,21,0,30.28,,0,0,0,41.0,43.5,45.9,0.48,0.70,0.76
WHIT,2015-11-29 20:05:00 EST,43.48507,-73.42307,120,32.2,32.1,26.1,74.2,24.9,0.000,0.000,0.00,0.000,6.5,13.4,2.0,15,17,7.4,14.3,2.2,22,17,6.5,13.4,2.0,15,17,0,30.28,,0,0,0,41.0,43.6,45.9,0.48,0.70,0.76
WHIT,2015-11-29 20:10:00 EST,43.48507,-73.42307,120,32.1,31.9,23.8,73.9,24.7,0.000,0.000,0.00,0.000,10.1,16.7,2.9,19,17,11.2,18.8,3.2,26,15,10.1,16.7,2.9,19,17,0,30.28,,0,0,0,41.0,43.5,45.9,0.48,0.70,0.76
WHIT,2015-11-29 20:15:00 EST,43.48507,-73.42307,120,32.0,31.9,24.2,73.5,24.5,0.000,0.000,0.00,0.000,9.1,15.6,2.7,20,22,10.1,18.8,2.8,26,15,9.1,15.6,2.7,20,22,0,30.28,,0,0,0,41.0,43.5,45.9,0.48,0.70,0.76
WHIT,2015-11-29 20:20:00 EST,43.48507,-73.42307,120,31.9,31.8,25.5,74.0,24.6,0.000,0.000,0.00,0.000,6.9,13.6,2.6,20,20,7.7,14.8,2.6,28,16,6.9,13.6,2.6,20,20,0,30.29,,0,0,0,41.0,43.5,45.9,0.48,0.70,0.76
WHIT,2015-11-29 20:25:00 EST,43.48507,-73.42307,120,31.9,31.8,25.1,74.2,24.6,0.000,0.000,0.00,0.000,7.4,14.2,2.4,13,20,8.4,15.0,2.7,18,17,7.4,14.2,2.4,13,20,0,30.29,,0,0,0,41.0,43.6,45.8,0.48,0.70,0.76
WHIT,2015-11-29 20:30:00 EST,43.48507,-73.42307,120,31.8,31.7,24.5,73.1,24.2,0.000,0.000,0.00,0.000,8.2,15.6,2.2,8,27,9.3,17.9,2.7,15,22,8.2,15.6,2.2,8,27,0,30.29,,0,0,0,41.0,43.6,45.9,0.48,0.70,0.76
WHIT,2015-11-29 20:35:00 EST,43.48507,-73.42307,120,31.7,31.7,25.5,72.4,23.8,0.000,0.000,0.00,0.000,6.4,14.4,2.7,358,22,7.3,15.7,3.2,6,16,6.4,14.4,2.7,358,22,0,30.29,,0,0,0,41.0,43.6,45.8,0.48,0.70,0.76
WHIT,2015-11-29 20:40:00 EST,43.48507,-73.42307,120,31.5,31.6,25.4,71.4,23.3,0.000,0.000,0.00,0.000,6.3,12.4,2.2,6,23,7.3,15.4,2.8,12,18,6.3,12.4,2.2,6,23,0,30.29,,0,0,0,41.0,43.6,45.9,0.48,0.70,0.76
WHIT,2015-11-29 20:45:00 EST,43.48507,-73.42307,120,31.4,31.5,24.1,70.9,23.1,0.000,0.000,0.00,0.000,8.1,12.3,2.1,22,21,9.1,14.3,2.4,24,18,8.1,12.3,2.1,22,21,0,30.30,,0,0,0,41.0,43.6,45.8,0.48,0.70,0.76
WHIT,2015-11-29 20:50:00 EST,43.48507,-73.42307,120,31.5,31.5,24.3,69.9,22.8,0.000,0.000,0.00,0.000,7.9,13.2,2.4,19,15,8.6,15.7,2.7,25,13,7.9,13.2,2.4,19,15,0,30.30,,0,0,0,41.0,43.5,45.9,0.48,0.70,0.76
WHIT,2015-11-29 20:55:00 EST,43.48507,-73.42307,120,31.5,31.5,24.4,69.5,22.6,0.000,0.000,0.00,0.000,7.7,13.2,2.5,15,19,8.8,16.1,2.9,22,15,7.7,13.2,2.5,15,19,0,30.30,,0,0,0,41.0,43.5,45.9,0.48,0.70,0.76
WHIT,2015-11-29 21:00:00 EST,43.48507,-73.42307,120,31.5,31.5,24.9,68.5,22.4,0.000,0.000,0.00,0.000,7.0,15.3,2.5,11,21,8.0,17.7,2.7,16,15,7.0,15.3,2.5,11,21,0,30.30,,0,0,0,41.0,43.5,45.8,0.48,0.70,0.76
WHIT,2015-11-29 21:05:00 EST,43.48507,-73.42307,120,31.5,31.4,24.8,68.1,22.2,0.000,0.000,0.00,0.000,7.1,13.1,2.0,13,17,8.1,15.9,2.4,19,17,7.1,13.1,2.0,13,17,0,30.30,,0,0,0,40.9,43.5,45.9,0.48,0.70,0.76
WHIT,2015-11-29 21:10:00 EST,43.48507,-73.42307,120,31.4,31.3,25.5,68.0,22.0,0.000,0.000,0.00,0.000,6.0,13.5,3.2,16,19,6.9,14.3,3.3,22,17,6.0,13.5,3.2,16,19,0,30.30,,0,0,0,40.9,43.5,45.9,0.48,0.70,0.76
WHIT,2015-11-29 21:15:00 EST,43.48507,-73.42307,120,31.3,31.3,25.2,67.9,21.9,0.000,0.000,0.00,0.000,6.2,10.2,1.9,19,15,6.7,11.6,2.1,25,15,6.2,10.2,1.9,19,15,0,30.30,,0,0,0,40.8,43.6,45.9,0.48,0.70,0.76
WHIT,2015-11-29 21:20:00 EST,43.48507,-73.42307,120,31.3,31.3,26.5,67.8,21.9,0.000,0.000,0.00,0.000,4.7,10.1,2.1,22,21,5.4,11.6,2.3,30,20,4.7,10.1,2.1,22,21,0,30.31,,0,0,0,40.8,43.6,45.9,0.48,0.70,0.76
WHIT,2015-11-29 21:25:00 EST,43.48507,-73.42307,120,31.1,31.1,27.8,68.4,21.9,0.000,0.000,0.00,0.000,3.4,5.8,1.0,32,25,3.9,6.9,1.1,38,23,3.4,5.8,1.0,32,25,0,30.31,,0,0,0,40.8,43.6,45.8,0.48,0.70,0.76
WHIT,2015-11-29 21:30:00 EST,43.48507,-73.42307,120,31.0,31.1,28.1,68.6,21.9,0.000,0.000,0.00,0.000,3.1,6.4,1.4,21,17,3.7,7.2,1.5,28,17,3.1,6.4,1.4,21,17,0,30.31,,0,0,0,40.8,43.6,45.8,0.48,0.70,0.76
WHIT,2015-11-29 21:35:00 EST,43.48507,-73.42307,120,30.8,31.0,30.8,69.1,21.9,0.000,0.000,0.00,0.000,2.7,6.2,0.8,18,22,3.3,7.2,1.1,27,20,2.7,6.2,0.8,18,22,0,30.31,,0,0,0,40.8,43.6,45.9,0.48,0.70,0.76
WHIT,2015-11-29 21:40:00 EST,43.48507,-73.42307,120,30.8,30.9,26.1,69.3,21.9,0.000,0.000,0.00,0.000,4.5,7.7,1.3,16,15,5.2,8.7,1.5,22,15,4.5,7.7,1.3,16,15,0,30.31,,0,0,0,40.8,43.5,45.9,0.48,0.70,0.76
WHIT,2015-11-29 21:45:00 EST,43.48507,-73.42307,120,30.9,30.9,26.2,68.5,21.8,0.000,0.000,0.00,0.000,4.5,7.3,1.2,19,21,5.0,8.5,1.5,25,21,4.5,7.3,1.2,19,21,0,30.32,,0,0,0,40.8,43.5,45.9,0.48,0.70,0.76
WHIT,2015-11-29 21:50:00 EST,43.48507,-73.42307,120,30.8,30.8,27.3,68.9,21.8,0.000,0.000,0.00,0.000,3.5,7.0,1.6,28,18,3.9,7.6,1.7,35,19,3.5,7.0,1.6,28,18,0,30.32,,0,0,0,40.8,43.6,45.9,0.48,0.70,0.76
WHIT,2015-11-29 21:55:00 EST,43.48507,-73.42307,120,30.8,30.9,30.8,68.8,21.8,0.000,0.000,0.00,0.000,2.3,4.8,1.0,20,16,2.7,5.4,1.0,28,17,2.3,4.8,1.0,20,16,0,30.32,,0,0,0,40.8,43.5,45.9,0.48,0.70,0.76
WHIT,2015-11-29 22:00:00 EST,43.48507,-73.42307,120,30.8,30.9,30.8,68.9,21.8,0.000,0.000,0.00,0.000,2.6,4.9,1.2,27,19,3.1,5.1,1.2,35,19,2.6,4.9,1.2,27,19,0,30.32,,0,0,0,40.8,43.5,45.8,0.48,0.70,0.76
WHIT,2015-11-29 22:05:00 EST,43.48507,-73.42307,120,31.0,31.0,26.0,68.0,21.6,0.000,0.000,0.00,0.000,4.9,8.1,1.4,21,16,5.4,9.8,1.6,28,17,4.9,8.1,1.4,21,16,0,30.32,,0,0,0,40.8,43.6,45.8,0.48,0.70,0.76
WHIT,2015-11-29 22:10:00 EST,43.48507,-73.42307,120,30.9,31.0,26.8,67.7,21.5,0.000,0.000,0.00,0.000,4.0,6.0,0.9,29,13,4.5,6.5,1.0,36,12,4.0,6.0,0.9,29,13,0,30.33,,0,0,0,40.8,43.6,45.9,0.48,0.70,0.76
WHIT,2015-11-29 22:15:00 EST,43.48507,-73.42307,120,31.0,31.0,27.1,66.9,21.3,0.000,0.000,0.00,0.000,3.9,7.2,1.3,24,16,4.4,8.1,1.4,33,15,3.9,7.2,1.3,24,16,0,30.33,,0,0,0,40.7,43.6,45.9,0.48,0.70,0.76
WHIT,2015-11-29 22:20:00 EST,43.48507,-73.42307,120,31.1,31.1,26.8,66.0,21.0,0.000,0.000,0.00,0.000,4.2,8.2,1.6,33,16,4.7,9.6,1.6,41,15,4.2,8.2,1.6,33,16,0,30.33,,0,0,0,40.7,43.6,45.9,0.48,0.70,0.76
WHIT,2015-11-29 22:25:00 EST,43.48507,-73.42307,120,31.1,31.0,27.6,65.7,20.9,0.000,0.000,0.00,0.000,3.5,5.8,1.1,20,15,3.9,6.7,1.2,28,15,3.5,5.8,1.1,20,15,0,30.33,,0,0,0,40.7,43.6,45.8,0.48,0.70,0.76
WHIT,2015-11-29 22:30:00 EST,43.48507,-73.42307,120,31.0,31.0,31.0,66.0,21.0,0.000,0.000,0.00,0.000,2.5,5.0,1.1,23,16,2.8,5.1,1.2,32,18,2.5,5.0,1.1,23,16,0,30.33,,0,0,0,40.7,43.6,45.8,0.48,0.70,0.76
WHIT,2015-11-29 22:35:00 EST,43.48507,-73.42307,120,30.9,31.0,30.9,66.8,21.2,0.000,0.000,0.00,0.000,2.8,5.2,0.9,4,20,3.3,7.2,1.1,10,19,2.8,5.2,0.9,4,20,0,30.33,,0,0,0,40.6,43.6,45.8,0.48,0.70,0.76
WHIT,2015-11-29 22:40:00 EST,43.48507,-73.42307,120,30.9,31.0,30.9,66.8,21.2,0.000,0.000,0.00,0.000,2.0,3.4,0.6,8,15,2.5,4.0,0.6,15,15,2.0,3.4,0.6,8,15,0,30.33,,0,0,0,40.6,43.5,45.8,0.48,0.70,0.76
WHIT,2015-11-29 22:45:00 EST,43.48507,-73.42307,120,30.9,31.0,30.9,67.5,21.4,0.000,0.000,0.00,0.000,1.7,3.6,0.7,360,21,2.2,4.9,0.8,3,21,1.7,3.6,0.7,360,21,0,30.33,,0,0,0,40.6,43.5,45.8,0.48,0.70,0.76
WHIT,2015-11-29 22:50:00 EST,43.48507,-73.42307,120,31.0,30.9,31.0,66.2,21.0,0.000,0.000,0.00,0.000,1.9,4.1,0.8,355,17,2.6,5.4,0.9,1,21,1.9,4.1,0.8,355,17,0,30.33,,0,0,0,40.6,43.6,45.8,0.48,0.70,0.76
WHIT,2015-11-29 22:55:00 EST,43.48507,-73.42307,120,31.0,31.0,28.0,65.4,20.8,0.000,0.000,0.00,0.000,3.2,5.1,0.9,3,18,3.8,6.5,1.1,9,15,3.2,5.1,0.9,3,18,0,30.33,,0,0,0,40.6,43.6,45.8,0.48,0.70,0.76
WHIT,2015-11-29 23:00:00 EST,43.48507,-73.42307,120,31.0,31.0,27.4,64.2,20.3,0.000,0.000,0.00,0.000,3.6,6.4,0.9,15,18,4.1,7.8,1.1,23,17,3.6,6.4,0.9,15,18,0,30.33,,0,0,0,40.6,43.5,45.8,0.48,0.70,0.76
WHIT,2015-11-29 23:05:00 EST,43.48507,-73.42307,120,31.0,31.0,31.0,63.9,20.2,0.000,0.000,0.00,0.000,2.9,5.8,1.1,3,18,3.5,6.5,1.1,10,17,2.9,5.8,1.1,3,18,0,30.33,,0,0,0,40.6,43.6,45.8,0.48,0.70,0.76
WHIT,2015-11-29 23:10:00 EST,43.48507,-73.42307,120,31.0,31.0,31.0,63.6,20.1,0.000,0.000,0.00,0.000,2.8,6.1,1.2,8,21,3.3,7.2,1.4,14,18,2.8,6.1,1.2,8,21,0,30.33,,0,0,0,40.6,43.6,45.8,0.48,0.70,0.76
WHIT,2015-11-29 23:15:00 EST,43.48507,-73.42307,120,31.0,31.0,27.7,63.4,20.0,0.000,0.000,0.00,0.000,3.3,5.3,0.8,6,23,3.7,6.3,1.0,14,19,3.3,5.3,0.8,6,23,0,30.33,,0,0,0,40.6,43.6,45.9,0.48,0.70,0.76
WHIT,2015-11-29 23:20:00 EST,43.48507,-73.42307,120,31.0,31.0,31.0,63.7,20.1,0.000,0.000,0.00,0.000,1.7,3.1,0.7,8,19,2.0,3.8,0.8,12,20,1.7,3.1,0.7,8,19,0,30.34,,0,0,0,40.6,43.5,45.9,0.48,0.70,0.76
WHIT,2015-11-29 23:25:00 EST,43.48507,-73.42307,120,30.9,31.0,30.9,63.9,20.1,0.000,0.000,0.00,0.000,2.0,3.3,0.6,5,25,2.3,4.0,0.7,14,23,2.0,3.3,0.6,5,25,0,30.34,,0,0,0,40.5,43.5,45.8,0.48,0.70,0.76
WHIT,2015-11-29 23:30:00 EST,43.48507,-73.42307,120,30.9,31.0,30.9,63.3,19.9,0.000,0.000,0.00,0.000,3.0,5.0,1.0,4,18,3.4,6.0,1.1,11,12,3.0,5.0,1.0,4,18,0,30.34,,0,0,0,40.5,43.5,45.9,0.48,0.70,0.76
WHIT,2015-11-29 23:35:00 EST,43.48507,-73.42307,120,30.9,30.9,30.9,63.6,20.0,0.000,0.000,0.00,0.000,2.1,4.5,0.8,17,16,2.4,4.9,0.8,24,17,2.1,4.5,0.8,17,16,0,30.34,,0,0,0,40.5,43.6,45.8,0.48,0.70,0.76
WHIT,2015-11-29 23:40:00 EST,43.48507,-73.42307,120,30.8,30.9,30.8,64.3,20.2,0.000,0.000,0.00,0.000,2.3,3.7,0.9,11,14,2.8,4.9,0.9,18,15,2.3,3.7,0.9,11,14,0,30.34,,0,0,0,40.5,43.6,45.8,0.48,0.70,0.76
WHIT,2015-11-29 23:45:00 EST,43.48507,-73.42307,120,30.8,30.9,27.1,64.2,20.1,0.000,0.000,0.00,0.000,3.7,6.6,1.5,17,13,4.1,6.9,1.4,25,13,3.7,6.6,1.5,17,13,0,30.34,,0,0,0,40.5,43.5,45.8,0.48,0.70,0.76
WHIT,2015-11-29 23:50:00 EST,43.48507,-73.42307,120,30.7,30.8,30.7,64.3,20.1,0.000,0.000,0.00,0.000,2.8,4.6,0.7,12,9,3.2,5.6,0.8,18,10,2.8,4.6,0.7,12,9,0,30.34,,0,0,0,40.5,43.5,45.8,0.48,0.70,0.76
WHIT,2015-11-29 23:55:00 EST,43.48507,-73.42307,120,30.7,30.8,27.8,64.5,20.2,0.000,0.000,0.00,0.000,3.0,4.9,0.7,6,16,3.6,6.7,0.8,11,15,3.0,4.9,0.7,6,16,0,30.34,,0,0,0,40.5,43.5,45.8,0.48,0.70,0.76
