station,time,latitude [degrees_north],longitude [degrees_east],elevation [feet],temp_2m [degF],temp_9m [degF],apparent_temperature [degF],relative_humidity [percent],dewpoint [degF],precip_incremental [inch],precip_local [inch],precip_max_intensity [inch/hour],precip_1hr [inch],avg_wind_speed_prop [mile/hr],max_wind_speed_prop [mile/hr],wind_speed_stddev_prop [mile/hr],wind_direction_prop [degrees],wind_direction_stddev_prop [degrees],avg_wind_speed_sonic [mile/hr],max_wind_speed_sonic [mile/hr],wind_speed_stddev_sonic [mile/hr],wind_direction_sonic [degrees],wind_direction_stddev_sonic [degrees],avg_wind_speed_merge [mile/hr],max_wind_speed_merge [mile/hr],wind_speed_stddev_merge [mile/hr],wind_direction_merge [degrees],wind_direction_stddev_merge [degrees],solar_insolation [W/m^2],station_pressure [inHg],snow_depth,frozen_soil_05cm [bit],frozen_soil_25cm [bit],frozen_soil_50cm [bit],soil_temp_05cm [degF],soil_temp_25cm [degF],soil_temp_50cm [degF],soil_moisture_05cm [m^3/m^3],soil_moisture_25cm [m^3/m^3],soil_moisture_50cm [m^3/m^3]
BERK,2015-11-25 00:00:00 EST,42.32030,-76.20319,1291,24.9,27.4,24.9,93.6,23.3,0.000,0.000,0.00,0.000,1.7,1.9,0.1,318,0,1.8,2.0,0.1,324,3,1.7,1.9,0.1,318,0,0,29.08,,,,,37.3,40.7,43.1,,,
BERK,2015-11-25 00:05:00 EST,42.32030,-76.20319,1291,24.8,27.2,24.8,93.5,23.2,0.000,0.000,0.00,0.000,1.7,2.0,0.1,318,0,1.8,2.2,0.1,321,4,1.7,2.0,0.1,318,0,0,29.08,,,,,37.3,40.7,43.2,,,
BERK,2015-11-25 00:10:00 EST,42.32030,-76.20319,1291,24.4,27.1,24.4,93.2,22.8,0.000,0.000,0.00,0.000,1.4,1.5,0.1,318,0,1.8,2.2,0.2,332,5,1.4,1.5,0.1,318,0,0,29.08,,,,,37.3,40.7,43.2,,,
BERK,2015-11-25 00:15:00 EST,42.32030,-76.20319,1291,24.4,26.9,24.4,94.1,22.9,0.000,0.000,0.00,0.000,1.1,1.6,0.5,318,0,1.7,2.2,0.3,339,8,1.1,1.6,0.5,318,0,0,29.08,,,,,37.3,40.7,43.1,,,
BERK,2015-11-25 00:20:00 EST,42.32030,-76.20319,1291,25.2,27.4,25.2,94.8,23.9,0.000,0.000,0.00,0.000,0.0,0.4,0.1,318,0,0.7,1.1,0.2,349,18,0.0,0.4,0.1,318,0,0,29.09,,,,,37.3,40.8,43.2,,,
BERK,2015-11-25 00:25:00 EST,42.32030,-76.20319,1291,24.9,27.0,24.9,93.6,23.3,0.000,0.000,0.00,0.000,1.6,2.6,0.6,317,0,1.9,2.7,0.5,304,3,1.6,2.6,0.6,317,0,0,29.09,,,,,37.3,40.7,43.2,,,
BERK,2015-11-25 00:30:00 EST,42.32030,-76.20319,1291,23.9,26.1,23.9,93.2,22.2,0.000,0.000,0.00,0.000,2.7,2.9,0.1,317,0,2.7,3.1,0.2,311,2,2.7,2.9,0.1,317,0,0,29.09,,,,,37.2,40.7,43.2,,,
BERK,2015-11-25 00:35:00 EST,42.32030,-76.20319,1291,23.8,25.9,23.8,94.3,22.4,0.000,0.000,0.00,0.000,2.5,2.6,0.1,318,0,2.3,2.7,0.1,321,3,2.5,2.6,0.1,318,0,0,29.09,,,,,37.2,40.7,43.2,,,
BERK,2015-11-25 00:40:00 EST,42.32030,-76.20319,1291,24.2,26.4,24.2,94.3,22.8,0.000,0.000,0.00,0.000,1.9,2.4,0.2,318,0,2.1,2.5,0.2,329,4,1.9,2.4,0.2,318,0,0,29.09,,,,,37.3,40.7,43.1,,,
BERK,2015-11-25 00:45:00 EST,42.32030,-76.20319,1291,24.2,26.5,24.2,93.9,22.7,0.000,0.000,0.00,0.000,1.7,1.8,0.1,318,0,1.8,2.0,0.1,321,5,1.7,1.8,0.1,318,0,0,29.09,,,,,37.2,40.7,43.2,,,
BERK,2015-11-25 00:50:00 EST,42.32030,-76.20319,1291,24.0,26.3,24.0,93.9,22.5,0.000,0.000,0.00,0.000,1.3,1.8,0.3,318,0,1.4,1.8,0.2,321,5,1.3,1.8,0.3,318,0,0,29.09,,,,,37.2,40.7,43.1,,,
BERK,2015-11-25 00:55:00 EST,42.32030,-76.20319,1291,23.7,26.0,23.7,94.1,22.3,0.000,0.000,0.00,0.000,0.9,1.6,0.3,318,0,1.2,2.0,0.3,328,5,0.9,1.6,0.3,318,0,0,29.09,,,,,37.2,40.7,43.2,,,
BERK,2015-11-25 01:00:00 EST,42.32030,-76.20319,1291,23.4,26.2,23.4,94.1,21.9,0.000,0.000,0.00,0.000,1.2,1.6,0.2,318,0,1.8,2.2,0.2,337,5,1.2,1.6,0.2,318,0,0,29.09,,,,,37.2,40.7,43.1,,,
BERK,2015-11-25 01:05:00 EST,42.32030,-76.20319,1291,23.3,26.3,23.3,94.5,21.9,0.000,0.000,0.00,0.000,1.8,2.2,0.3,318,0,1.8,2.2,0.2,323,5,1.8,2.2,0.3,318,0,0,29.09,,,,,37.2,40.7,43.2,,,
BERK,2015-11-25 01:10:00 EST,42.32030,-76.20319,1291,22.9,26.1,22.9,94.6,21.6,0.000,0.000,0.00,0.000,1.8,2.3,0.3,318,0,1.9,2.5,0.3,325,5,1.8,2.3,0.3,318,0,0,29.09,,,,,37.2,40.7,43.1,,,
BERK,2015-11-25 01:15:00 EST,42.32030,-76.20319,1291,23.0,25.7,23.0,94.9,21.8,0.000,0.000,0.00,0.000,1.8,2.3,0.3,317,0,1.8,2.2,0.2,309,2,1.8,2.3,0.3,317,0,0,29.09,,,,,37.2,40.7,43.1,,,
BERK,2015-11-25 01:20:00 EST,42.32030,-76.20319,1291,22.8,25.5,22.8,94.8,21.5,0.000,0.000,0.00,0.000,1.8,2.3,0.3,318,0,1.8,2.5,0.3,313,4,1.8,2.3,0.3,318,0,0,29.09,,,,,37.2,40.7,43.1,,,
BERK,2015-11-25 01:25:00 EST,42.32030,-76.20319,1291,23.0,25.2,23.0,95.4,21.9,0.000,0.000,0.00,0.000,2.4,2.6,0.1,318,0,2.4,2.9,0.2,324,5,2.4,2.6,0.1,318,0,0,29.09,,,,,37.2,40.7,43.2,,,
BERK,2015-11-25 01:30:00 EST,42.32030,-76.20319,1291,23.1,25.9,23.1,95.2,21.9,0.000,0.000,0.00,0.000,1.7,2.0,0.1,318,0,2.1,2.5,0.2,333,6,1.7,2.0,0.1,318,0,0,29.10,,,,,37.2,40.7,43.1,,,
BERK,2015-11-25 01:35:00 EST,42.32030,-76.20319,1291,23.0,25.6,23.0,95.0,21.8,0.000,0.000,0.00,0.000,1.7,2.0,0.2,318,0,1.7,2.0,0.2,318,6,1.7,2.0,0.2,318,0,0,29.10,,,,,37.2,40.7,43.1,,,
BERK,2015-11-25 01:40:00 EST,42.32030,-76.20319,1291,22.6,25.2,22.6,94.6,21.3,0.000,0.000,0.00,0.000,2.2,2.7,0.2,318,0,2.1,2.7,0.2,318,3,2.2,2.7,0.2,318,0,0,29.10,,,,,37.2,40.7,43.1,,,
BERK,2015-11-25 01:45:00 EST,42.32030,-76.20319,1291,22.6,25.0,22.6,94.9,21.3,0.000,0.000,0.00,0.000,2.2,2.6,0.2,318,0,2.1,2.7,0.2,323,3,2.2,2.6,0.2,318,0,0,29.10,,,,,37.2,40.7,43.1,,,
BERK,2015-11-25 01:50:00 EST,42.32030,-76.20319,1291,22.3,25.4,22.3,94.6,21.0,0.000,0.000,0.00,0.000,1.8,2.1,0.1,318,0,2.1,2.5,0.2,333,4,1.8,2.1,0.1,318,0,0,29.10,,,,,37.2,40.6,43.1,,,
BERK,2015-11-25 01:55:00 EST,42.32030,-76.20319,1291,22.3,25.5,22.3,95.0,21.1,0.000,0.000,0.00,0.000,1.7,2.2,0.3,318,0,2.1,2.7,0.3,332,7,1.7,2.2,0.3,318,0,0,29.11,,,,,37.2,40.7,43.1,,,
BERK,2015-11-25 02:00:00 EST,42.32030,-76.20319,1291,22.2,25.2,22.2,95.0,21.0,0.000,0.000,0.00,0.000,1.6,1.9,0.2,318,0,1.7,2.0,0.1,322,4,1.6,1.9,0.2,318,0,0,29.11,,,,,37.2,40.7,43.1,,,
BERK,2015-11-25 02:05:00 EST,42.32030,-76.20319,1291,22.5,25.2,22.5,95.5,21.4,0.000,0.000,0.00,0.000,1.2,1.6,0.3,318,0,1.4,1.8,0.2,322,5,1.2,1.6,0.3,318,0,0,29.11,,,,,37.2,40.7,43.1,,,
BERK,2015-11-25 02:10:00 EST,42.32030,-76.20319,1291,22.6,25.4,22.6,95.3,21.5,0.000,0.000,0.00,0.000,0.9,1.2,0.2,318,0,1.2,1.6,0.2,328,6,0.9,1.2,0.2,318,0,0,29.11,,,,,37.2,40.6,43.1,,,
BERK,2015-11-25 02:15:00 EST,42.32030,-76.20319,1291,22.4,25.5,22.4,95.0,21.2,0.000,0.000,0.00,0.000,0.3,0.9,0.3,318,0,0.8,1.3,0.3,322,18,0.3,0.9,0.3,318,0,0,29.11,,,,,37.2,40.6,43.1,,,
BERK,2015-11-25 02:20:00 EST,42.32030,-76.20319,1291,22.3,25.4,22.3,94.9,21.0,0.000,0.000,0.00,0.000,0.5,0.8,0.2,318,0,0.9,1.1,0.1,314,12,0.5,0.8,0.2,318,0,0,29.12,,,,,37.2,40.6,43.1,,,
BERK,2015-11-25 02:25:00 EST,42.32030,-76.20319,1291,22.3,25.4,22.3,95.3,21.2,0.000,0.000,0.00,0.000,0.4,1.2,0.3,318,0,0.9,1.3,0.2,326,12,0.4,1.2,0.3,318,0,0,29.12,,,,,37.2,40.7,43.1,,,
BERK,2015-11-25 02:30:00 EST,42.32030,-76.20319,1291,22.3,25.0,22.3,95.2,21.1,0.000,0.000,0.00,0.000,1.3,1.7,0.2,318,0,1.4,1.8,0.1,317,3,1.3,1.7,0.2,318,0,0,29.12,,,,,37.2,40.6,43.1,,,
BERK,2015-11-25 02:35:00 EST,42.32030,-76.20319,1291,22.0,25.2,22.0,94.9,20.8,0.000,0.000,0.00,0.000,1.4,2.1,0.4,318,0,1.5,2.0,0.3,321,4,1.4,2.1,0.4,318,0,0,29.12,,,,,37.2,40.6,43.1,,,
BERK,2015-11-25 02:40:00 EST,42.32030,-76.20319,1291,21.7,25.1,21.7,94.7,20.4,0.000,0.000,0.00,0.000,2.0,2.3,0.2,318,0,1.9,2.2,0.2,314,3,2.0,2.3,0.2,318,0,0,29.12,,,,,37.2,40.6,43.1,,,
BERK,2015-11-25 02:45:00 EST,42.32030,-76.20319,1291,21.5,24.7,21.5,94.7,20.2,0.000,0.000,0.00,0.000,2.0,2.3,0.1,318,0,2.0,2.2,0.1,313,5,2.0,2.3,0.1,318,0,0,29.12,,,,,37.2,40.7,43.1,,,
BERK,2015-11-25 02:50:00 EST,42.32030,-76.20319,1291,21.8,25.0,21.8,95.5,20.7,0.000,0.000,0.00,0.000,1.8,2.0,0.1,318,0,1.7,2.0,0.1,319,5,1.8,2.0,0.1,318,0,0,29.13,,,,,37.2,40.7,43.1,,,
BERK,2015-11-25 02:55:00 EST,42.32030,-76.20319,1291,21.6,24.7,21.6,94.9,20.4,0.000,0.000,0.00,0.000,2.3,2.6,0.2,318,0,2.2,2.5,0.2,315,2,2.3,2.6,0.2,318,0,0,29.13,,,,,37.2,40.6,43.0,,,
BERK,2015-11-25 03:00:00 EST,42.32030,-76.20319,1291,21.4,24.5,21.4,94.9,20.2,0.000,0.000,0.00,0.000,2.3,2.6,0.2,318,0,2.3,2.7,0.2,322,5,2.3,2.6,0.2,318,0,0,29.13,,,,,37.2,40.6,43.1,,,
BERK,2015-11-25 03:05:00 EST,42.32030,-76.20319,1291,21.9,24.3,21.9,95.6,20.9,0.000,0.000,0.00,0.000,1.3,1.8,0.2,318,0,1.7,2.2,0.3,331,8,1.3,1.8,0.2,318,0,0,29.14,,,,,37.2,40.6,43.1,,,
BERK,2015-11-25 03:10:00 EST,42.32030,-76.20319,1291,22.0,24.4,22.0,95.2,20.9,0.000,0.000,0.00,0.000,0.9,1.2,0.3,318,0,1.1,1.6,0.2,313,8,0.9,1.2,0.3,318,0,0,29.14,,,,,37.2,40.6,43.1,,,
BERK,2015-11-25 03:15:00 EST,42.32030,-76.20319,1291,21.9,25.0,21.9,95.1,20.8,0.000,0.000,0.00,0.000,0.0,0.4,0.1,318,0,0.6,1.1,0.2,318,29,0.0,0.4,0.1,318,0,0,29.14,,,,,37.1,40.6,43.1,,,
BERK,2015-11-25 03:20:00 EST,42.32030,-76.20319,1291,21.5,24.9,21.5,94.5,20.2,0.000,0.000,0.00,0.000,0.2,0.7,0.2,318,0,0.8,1.3,0.3,337,18,0.2,0.7,0.2,318,0,0,29.14,,,,,37.1,40.6,43.1,,,
BERK,2015-11-25 03:25:00 EST,42.32030,-76.20319,1291,22.0,24.9,22.0,95.4,20.8,0.000,0.000,0.00,0.000,0.1,0.9,0.2,318,0,0.7,1.8,0.3,334,30,0.1,0.9,0.2,318,0,0,29.14,,,,,37.1,40.6,43.1,,,
BERK,2015-11-25 03:30:00 EST,42.32030,-76.20319,1291,21.1,24.5,21.1,94.1,19.7,0.000,0.000,0.00,0.000,0.7,0.9,0.2,318,0,1.4,1.8,0.2,344,7,0.7,0.9,0.2,318,0,0,29.14,,,,,37.1,40.6,43.0,,,
BERK,2015-11-25 03:35:00 EST,42.32030,-76.20319,1291,21.2,24.4,21.2,95.1,20.0,0.000,0.000,0.00,0.000,0.2,0.8,0.3,318,0,1.0,2.0,0.5,347,29,0.2,0.8,0.3,318,0,0,29.14,,,,,37.0,40.6,43.1,,,
BERK,2015-11-25 03:40:00 EST,42.32030,-76.20319,1291,21.2,24.5,21.2,95.2,20.0,0.000,0.000,0.00,0.000,0.0,0.0,0.0,0,0,0.6,1.3,0.2,319,40,0.0,0.0,0.0,0,0,0,29.14,,,,,37.1,40.6,43.0,,,
BERK,2015-11-25 03:45:00 EST,42.32030,-76.20319,1291,21.2,24.4,21.2,95.1,20.0,0.000,0.000,0.00,0.000,0.8,1.3,0.3,318,0,1.1,1.6,0.3,323,7,0.8,1.3,0.3,318,0,0,29.15,,,,,37.0,40.6,43.0,,,
BERK,2015-11-25 03:50:00 EST,42.32030,-76.20319,1291,20.9,24.1,20.9,95.0,19.7,0.000,0.000,0.00,0.000,1.2,1.5,0.1,318,0,1.3,1.6,0.2,317,6,1.2,1.5,0.1,318,0,0,29.15,,,,,37.0,40.6,43.1,,,
BERK,2015-11-25 03:55:00 EST,42.32030,-76.20319,1291,20.7,24.0,20.7,95.0,19.5,0.000,0.000,0.00,0.000,1.8,2.3,0.2,318,0,1.9,2.2,0.2,308,2,1.8,2.3,0.2,318,0,0,29.15,,,,,37.1,40.6,43.0,,,
BERK,2015-11-25 04:00:00 EST,42.32030,-76.20319,1291,20.8,24.0,20.8,95.4,19.7,0.000,0.000,0.00,0.000,1.8,2.0,0.2,318,0,1.9,2.2,0.2,312,10,1.8,2.0,0.2,318,0,0,29.15,,,,,37.0,40.6,43.0,,,
BERK,2015-11-25 04:05:00 EST,42.32030,-76.20319,1291,21.0,24.3,21.0,95.3,19.8,0.000,0.000,0.00,0.000,1.4,1.9,0.3,318,0,1.7,2.2,0.2,330,5,1.4,1.9,0.3,318,0,0,29.15,,,,,37.0,40.6,43.0,,,
BERK,2015-11-25 04:10:00 EST,42.32030,-76.20319,1291,20.8,24.3,20.8,94.5,19.5,0.000,0.000,0.00,0.000,1.0,1.4,0.2,318,0,1.5,1.8,0.1,335,9,1.0,1.4,0.2,318,0,0,29.16,,,,,37.0,40.6,43.0,,,
BERK,2015-11-25 04:15:00 EST,42.32030,-76.20319,1291,20.8,24.2,20.8,94.9,19.5,0.000,0.000,0.00,0.000,0.7,1.2,0.2,318,0,1.2,1.6,0.3,333,14,0.7,1.2,0.2,318,0,0,29.16,,,,,37.0,40.6,43.0,,,
BERK,2015-11-25 04:20:00 EST,42.32030,-76.20319,1291,20.6,24.0,20.6,95.0,19.4,0.000,0.000,0.00,0.000,1.7,2.0,0.2,318,0,1.7,2.0,0.2,313,2,1.7,2.0,0.2,318,0,0,29.16,,,,,37.0,40.6,43.0,,,
BERK,2015-11-25 04:25:00 EST,42.32030,-76.20319,1291,20.5,23.7,20.5,94.8,19.2,0.000,0.000,0.00,0.000,1.6,2.0,0.2,318,0,1.7,2.0,0.1,309,3,1.6,2.0,0.2,318,0,0,29.16,,,,,37.0,40.6,43.0,,,
BERK,2015-11-25 04:30:00 EST,42.32030,-76.20319,1291,20.4,23.6,20.4,94.9,19.2,0.000,0.000,0.00,0.000,1.8,2.0,0.1,318,0,1.7,2.0,0.1,318,6,1.8,2.0,0.1,318,0,0,29.16,,,,,37.0,40.6,43.0,,,
BERK,2015-11-25 04:35:00 EST,42.32030,-76.20319,1291,20.9,23.9,20.9,95.5,19.8,0.000,0.000,0.00,0.000,1.4,1.7,0.2,318,0,1.9,2.2,0.1,336,6,1.4,1.7,0.2,318,0,0,29.16,,,,,37.0,40.6,43.0,,,
BERK,2015-11-25 04:40:00 EST,42.32030,-76.20319,1291,20.7,23.7,20.7,94.4,19.3,0.000,0.000,0.00,0.000,1.2,1.3,0.1,318,0,1.8,2.2,0.2,337,4,1.2,1.3,0.1,318,0,0,29.16,,,,,37.0,40.6,43.0,,,
BERK,2015-11-25 04:45:00 EST,42.32030,-76.20319,1291,20.7,23.8,20.7,94.6,19.4,0.000,0.000,0.00,0.000,0.8,1.3,0.3,318,0,1.5,2.0,0.4,344,7,0.8,1.3,0.3,318,0,0,29.17,,,,,37.0,40.6,43.0,,,
BERK,2015-11-25 04:50:00 EST,42.32030,-76.20319,1291,20.3,23.9,20.3,94.2,18.9,0.000,0.000,0.00,0.000,1.7,2.0,0.4,318,0,1.7,2.0,0.2,314,6,1.7,2.0,0.4,318,0,0,29.17,,,,,37.0,40.6,43.0,,,
BERK,2015-11-25 04:55:00 EST,42.32030,-76.20319,1291,20.3,23.4,20.3,94.8,19.1,0.000,0.000,0.00,0.000,1.8,2.1,0.3,318,0,1.8,2.0,0.2,319,6,1.8,2.1,0.3,318,0,0,29.17,,,,,36.9,40.6,43.0,,,
BERK,2015-11-25 05:00:00 EST,42.32030,-76.20319,1291,20.6,23.7,20.6,95.3,19.5,0.000,0.000,0.00,0.000,1.3,1.6,0.2,318,0,1.7,2.2,0.2,334,4,1.3,1.6,0.2,318,0,0,29.17,,,,,37.0,40.6,43.0,,,
BERK,2015-11-25 05:05:00 EST,42.32030,-76.20319,1291,20.4,23.9,20.4,94.4,19.1,0.000,0.000,0.00,0.000,0.7,1.5,0.6,318,0,1.4,1.8,0.4,343,14,0.7,1.5,0.6,318,0,0,29.17,,,,,36.9,40.6,43.0,,,
BERK,2015-11-25 05:10:00 EST,42.32030,-76.20319,1291,20.4,23.9,20.4,94.5,19.1,0.000,0.000,0.00,0.000,0.0,0.0,0.0,0,0,0.7,1.1,0.2,5,27,0.0,0.0,0.0,0,0,0,29.17,,,,,36.9,40.6,43.0,,,
BERK,2015-11-25 05:15:00 EST,42.32030,-76.20319,1291,20.8,23.8,20.8,95.0,19.5,0.000,0.000,0.00,0.000,0.0,0.0,0.0,0,0,0.6,2.0,0.4,348,71,0.0,0.0,0.0,0,0,0,29.17,,,,,36.9,40.6,43.0,,,
BERK,2015-11-25 05:20:00 EST,42.32030,-76.20319,1291,20.9,23.6,20.9,94.9,19.7,0.000,0.000,0.00,0.000,0.0,0.0,0.0,0,0,0.7,2.9,0.5,56,70,0.0,0.0,0.0,0,0,0,29.17,,,,,36.9,40.6,43.0,,,
BERK,2015-11-25 05:25:00 EST,42.32030,-76.20319,1291,21.0,23.3,21.0,95.1,19.8,0.000,0.000,0.00,0.000,0.0,0.0,0.0,0,0,0.6,2.0,0.4,79,64,0.0,0.0,0.0,0,0,0,29.17,,,,,36.9,40.6,43.0,,,
BERK,2015-11-25 05:30:00 EST,42.32030,-76.20319,1291,21.1,22.8,21.1,95.1,20.0,0.000,0.000,0.00,0.000,0.0,0.0,0.0,0,0,0.5,1.6,0.3,158,54,0.0,0.0,0.0,0,0,0,29.18,,,,,36.9,40.6,43.0,,,
BERK,2015-11-25 05:35:00 EST,42.32030,-76.20319,1291,20.8,22.7,20.8,94.8,19.5,0.000,0.000,0.00,0.000,0.0,0.0,0.0,0,0,0.5,2.9,0.5,173,78,0.0,0.0,0.0,0,0,0,29.18,,,,,36.8,40.6,43.0,,,
BERK,2015-11-25 05:40:00 EST,42.32030,-76.20319,1291,20.1,22.9,20.1,93.7,18.6,0.000,0.000,0.00,0.000,0.3,1.1,0.4,318,0,0.7,1.8,0.3,330,33,0.3,1.1,0.4,318,0,0,29.18,,,,,36.9,40.6,43.0,,,
BERK,2015-11-25 05:45:00 EST,42.32030,-76.20319,1291,19.8,23.0,19.8,94.2,18.4,0.000,0.000,0.00,0.000,0.8,1.3,0.3,318,0,1.0,1.6,0.2,314,10,0.8,1.3,0.3,318,0,0,29.18,,,,,36.8,40.6,43.0,,,
BERK,2015-11-25 05:50:00 EST,42.32030,-76.20319,1291,20.2,23.1,20.2,94.8,18.9,0.000,0.000,0.00,0.000,0.3,0.9,0.4,318,0,0.8,1.3,0.2,306,16,0.3,0.9,0.4,318,0,0,29.19,,,,,36.8,40.6,43.0,,,
BERK,2015-11-25 05:55:00 EST,42.32030,-76.20319,1291,20.0,23.3,20.0,94.1,18.6,0.000,0.000,0.00,0.000,0.1,0.7,0.2,318,0,0.6,1.3,0.2,313,23,0.1,0.7,0.2,318,0,0,29.19,,,,,36.8,40.6,43.0,,,
BERK,2015-11-25 06:00:00 EST,42.32030,-76.20319,1291,20.2,23.3,20.2,94.4,18.8,0.000,0.000,0.00,0.000,0.4,1.0,0.3,318,0,0.8,1.3,0.2,308,7,0.4,1.0,0.3,318,0,0,29.19,,,,,36.8,40.6,43.0,,,
BERK,2015-11-25 06:05:00 EST,42.32030,-76.20319,1291,19.7,22.7,19.7,93.6,18.2,0.000,0.000,0.00,0.000,1.6,2.0,0.3,318,0,1.6,2.2,0.2,315,3,1.6,2.0,0.3,318,0,0,29.19,,,,,36.7,40.6,43.0,,,
BERK,2015-11-25 06:10:00 EST,42.32030,-76.20319,1291,19.6,22.5,19.6,94.1,18.2,0.000,0.000,0.00,0.000,2.4,2.8,0.2,318,0,2.3,2.7,0.2,315,2,2.4,2.8,0.2,318,0,0,29.19,,,,,36.7,40.6,43.0,,,
BERK,2015-11-25 06:15:00 EST,42.32030,-76.20319,1291,19.7,22.6,19.7,94.3,18.3,0.000,0.000,0.00,0.000,2.3,2.8,0.2,318,0,2.2,2.7,0.2,311,3,2.3,2.8,0.2,318,0,0,29.19,,,,,36.7,40.6,43.0,,,
BERK,2015-11-25 06:20:00 EST,42.32030,-76.20319,1291,20.1,22.9,20.1,94.4,18.7,0.000,0.000,0.00,0.000,2.3,2.6,0.1,318,0,2.2,2.9,0.2,310,2,2.3,2.6,0.1,318,0,0,29.20,,,,,36.7,40.6,43.0,,,
BERK,2015-11-25 06:25:00 EST,42.32030,-76.20319,1291,20.0,23.0,20.0,94.0,18.5,0.000,0.000,0.00,0.000,2.7,3.1,0.2,318,0,2.7,3.1,0.2,313,3,2.7,3.1,0.2,318,0,0,29.20,,,,,36.7,40.6,43.0,,,
BERK,2015-11-25 06:30:00 EST,42.32030,-76.20319,1291,20.1,22.9,20.1,94.7,18.8,0.000,0.000,0.00,0.000,2.5,2.9,0.2,318,0,2.3,2.7,0.2,315,2,2.5,2.9,0.2,318,0,0,29.20,,,,,36.7,40.5,43.0,,,
BERK,2015-11-25 06:35:00 EST,42.32030,-76.20319,1291,19.8,22.7,19.8,94.1,18.4,0.000,0.000,0.00,0.000,2.4,2.6,0.1,318,0,2.3,2.5,0.2,314,2,2.4,2.6,0.1,318,0,0,29.20,,,,,36.7,40.6,43.0,,,
BERK,2015-11-25 06:40:00 EST,42.32030,-76.20319,1291,19.6,22.7,19.6,94.0,18.2,0.000,0.000,0.00,0.000,1.9,2.3,0.2,318,0,1.9,2.2,0.2,323,4,1.9,2.3,0.2,318,0,0,29.21,,,,,36.7,40.6,43.0,,,
BERK,2015-11-25 06:45:00 EST,42.32030,-76.20319,1291,19.9,23.0,19.9,94.6,18.6,0.000,0.000,0.00,0.000,1.4,1.7,0.1,318,0,1.8,2.2,0.2,331,5,1.4,1.7,0.1,318,0,0,29.21,,,,,36.7,40.6,43.0,,,
BERK,2015-11-25 06:50:00 EST,42.32030,-76.20319,1291,19.8,22.9,19.8,94.3,18.5,0.000,0.000,0.00,0.000,0.9,1.2,0.2,318,0,1.2,1.8,0.3,329,7,0.9,1.2,0.2,318,0,0,29.21,,,,,36.7,40.6,43.0,,,
BERK,2015-11-25 06:55:00 EST,42.32030,-76.20319,1291,19.6,22.5,19.6,93.9,18.2,0.000,0.000,0.00,0.000,0.3,1.1,0.4,318,0,1.0,1.8,0.4,358,19,0.3,1.1,0.4,318,0,1,29.21,,,,,36.7,40.5,43.0,,,
BERK,2015-11-25 07:00:00 EST,42.32030,-76.20319,1291,19.7,23.0,19.7,94.3,18.4,0.000,0.000,0.00,0.000,0.5,1.2,0.4,318,0,1.0,1.6,0.2,329,22,0.5,1.2,0.4,318,0,2,29.22,,,,,36.7,40.5,43.0,,,
BERK,2015-11-25 07:05:00 EST,42.32030,-76.20319,1291,19.5,22.6,19.5,93.5,17.9,0.000,0.000,0.00,0.000,1.1,1.3,0.1,318,0,1.3,1.6,0.1,313,5,1.1,1.3,0.1,318,0,4,29.22,,,,,36.7,40.5,43.0,,,
BERK,2015-11-25 07:10:00 EST,42.32030,-76.20319,1291,19.4,22.4,19.4,93.7,17.8,0.000,0.000,0.00,0.000,0.6,1.1,0.2,318,0,1.4,2.0,0.2,348,6,0.6,1.1,0.2,318,0,5,29.22,,,,,36.7,40.5,43.0,,,
BERK,2015-11-25 07:15:00 EST,42.32030,-76.20319,1291,19.6,22.5,19.6,94.0,18.1,0.000,0.000,0.00,0.000,0.8,1.5,0.3,318,0,1.1,1.8,0.2,324,9,0.8,1.5,0.3,318,0,8,29.22,,,,,36.7,40.5,43.0,,,
BERK,2015-11-25 07:20:00 EST,42.32030,-76.20319,1291,19.4,22.3,19.4,93.6,17.9,0.000,0.000,0.00,0.000,1.4,1.6,0.1,318,0,1.4,2.0,0.1,314,4,1.4,1.6,0.1,318,0,11,29.22,,,,,36.7,40.5,43.0,,,
BERK,2015-11-25 07:25:00 EST,42.32030,-76.20319,1291,19.6,22.6,19.6,93.6,18.0,0.000,0.000,0.00,0.000,0.3,1.2,0.4,318,0,0.8,1.8,0.3,315,26,0.3,1.2,0.4,318,0,17,29.22,,,,,36.6,40.5,43.0,,,
BERK,2015-11-25 07:30:00 EST,42.32030,-76.20319,1291,20.0,22.7,20.0,93.3,18.4,0.000,0.000,0.00,0.000,0.7,1.1,0.2,318,0,1.0,1.3,0.2,325,9,0.7,1.1,0.2,318,0,27,29.23,,,,,36.6,40.5,43.0,,,
BERK,2015-11-25 07:35:00 EST,42.32030,-76.20319,1291,20.3,22.9,20.3,93.0,18.6,0.000,0.000,0.00,0.000,0.1,0.7,0.2,318,0,0.4,1.1,0.2,341,41,0.1,0.7,0.2,318,0,36,29.23,,,,,36.6,40.5,43.0,,,
BERK,2015-11-25 07:40:00 EST,42.32030,-76.20319,1291,20.1,22.8,20.1,92.1,18.2,0.000,0.000,0.00,0.000,0.0,0.0,0.0,0,0,0.6,3.6,0.5,37,64,0.0,0.0,0.0,0,0,47,29.23,,,,,36.6,40.5,43.0,,,
BERK,2015-11-25 07:45:00 EST,42.32030,-76.20319,1291,20.3,22.7,20.3,92.2,18.5,0.000,0.000,0.00,0.000,0.1,0.5,0.2,318,0,0.6,1.1,0.2,318,25,0.1,0.5,0.2,318,0,55,29.23,,,,,36.5,40.5,43.0,,,
BERK,2015-11-25 07:50:00 EST,42.32030,-76.20319,1291,20.3,22.7,20.3,91.7,18.3,0.000,0.000,0.00,0.000,0.0,0.1,0.0,318,0,0.5,1.1,0.3,11,38,0.0,0.1,0.0,318,0,71,29.23,,,,,36.5,40.5,43.0,,,
BERK,2015-11-25 07:55:00 EST,42.32030,-76.20319,1291,21.0,23.5,21.0,92.5,19.2,0.000,0.000,0.00,0.000,0.0,0.0,0.0,0,0,0.5,2.0,0.3,283,77,0.0,0.0,0.0,0,0,89,29.24,,,,,36.5,40.5,43.0,,,
BERK,2015-11-25 08:00:00 EST,42.32030,-76.20319,1291,21.8,23.4,21.8,92.7,20.0,0.000,0.000,0.00,0.000,0.0,0.0,0.0,0,0,0.8,1.1,0.2,272,14,0.0,0.0,0.0,0,0,105,29.24,,,,,36.5,40.5,43.0,,,
BERK,2015-11-25 08:05:00 EST,42.32030,-76.20319,1291,21.2,23.4,21.2,90.0,18.7,0.000,0.000,0.00,0.000,0.0,0.0,0.0,0,0,0.6,1.1,0.3,276,52,0.0,0.0,0.0,0,0,120,29.24,,,,,36.5,40.5,43.0,,,
BERK,2015-11-25 08:10:00 EST,42.32030,-76.20319,1291,21.9,24.2,21.9,91.7,19.9,0.000,0.000,0.00,0.000,0.0,0.0,0.0,0,0,0.5,1.6,0.3,143,58,0.0,0.0,0.0,0,0,131,29.24,,,,,36.5,40.5,43.0,,,
BERK,2015-11-25 08:15:00 EST,42.32030,-76.20319,1291,22.8,24.0,22.8,92.8,21.0,0.000,0.000,0.00,0.000,0.0,0.0,0.0,0,0,0.3,1.1,0.3,244,61,0.0,0.0,0.0,0,0,140,29.24,,,,,36.5,40.5,42.9,,,
BERK,2015-11-25 08:20:00 EST,42.32030,-76.20319,1291,22.9,24.5,22.9,91.4,20.8,0.000,0.000,0.00,0.000,0.0,0.0,0.0,0,0,0.2,1.1,0.2,200,60,0.0,0.0,0.0,0,0,133,29.24,,,,,36.5,40.5,42.9,,,
BERK,2015-11-25 08:25:00 EST,42.32030,-76.20319,1291,23.3,24.6,23.3,91.0,21.0,0.000,0.000,0.00,0.000,0.0,0.0,0.0,0,0,0.7,1.1,0.2,267,13,0.0,0.0,0.0,0,0,157,29.24,,,,,36.5,40.5,42.9,,,
BERK,2015-11-25 08:30:00 EST,42.32030,-76.20319,1291,23.7,24.7,23.7,91.3,21.5,0.000,0.000,0.00,0.000,0.0,0.1,0.0,318,0,0.6,1.6,0.4,274,43,0.0,0.1,0.0,318,0,178,29.25,,,,,36.5,40.5,43.0,,,
BERK,2015-11-25 08:35:00 EST,42.32030,-76.20319,1291,24.4,24.9,24.4,91.9,22.4,0.000,0.000,0.00,0.000,0.0,0.1,0.0,318,0,0.5,5.8,0.7,327,68,0.0,0.1,0.0,318,0,183,29.25,,,,,36.5,40.5,42.9,,,
BERK,2015-11-25 08:40:00 EST,42.32030,-76.20319,1291,25.8,25.9,25.8,92.3,23.9,0.000,0.000,0.00,0.000,0.0,0.0,0.0,0,0,0.7,3.1,0.5,128,46,0.0,0.0,0.0,0,0,209,29.25,,,,,36.5,40.5,42.9,,,
BERK,2015-11-25 08:45:00 EST,42.32030,-76.20319,1291,27.1,26.4,27.1,87.2,23.8,0.000,0.000,0.00,0.000,0.2,0.9,0.3,318,0,1.1,2.2,0.4,116,9,0.2,0.9,0.3,318,0,230,29.25,,,,,36.4,40.5,42.9,,,
BERK,2015-11-25 08:50:00 EST,42.32030,-76.20319,1291,27.2,26.8,27.2,86.6,23.7,0.000,0.000,0.00,0.000,0.8,1.4,0.3,318,0,1.2,2.0,0.3,135,14,0.8,1.4,0.3,318,0,238,29.25,,,,,36.4,40.5,42.9,,,
BERK,2015-11-25 08:55:00 EST,42.32030,-76.20319,1291,27.7,27.3,27.7,85.3,23.9,0.000,0.000,0.00,0.000,0.2,1.0,0.3,117,38,1.0,2.0,0.3,123,20,0.2,1.0,0.3,117,38,245,29.25,,,,,36.5,40.4,42.9,,,
BERK,2015-11-25 09:00:00 EST,42.32030,-76.20319,1291,28.3,28.0,28.3,84.3,24.2,0.000,0.000,0.00,0.000,0.5,1.2,0.4,145,8,1.2,2.2,0.4,132,20,0.5,1.2,0.4,145,8,258,29.25,,,,,36.5,40.4,42.9,,,
BERK,2015-11-25 09:05:00 EST,42.32030,-76.20319,1291,29.1,28.3,29.1,81.8,24.3,0.000,0.000,0.00,0.000,0.6,2.0,0.5,112,14,1.2,2.7,0.5,109,28,0.6,2.0,0.5,112,14,273,29.26,,,,,36.4,40.4,42.9,,,
BERK,2015-11-25 09:10:00 EST,42.32030,-76.20319,1291,30.0,28.8,30.0,83.3,25.5,0.000,0.000,0.00,0.000,1.3,2.7,0.5,121,23,1.8,3.4,0.6,117,24,1.3,2.7,0.5,121,23,294,29.26,,,,,36.4,40.4,42.9,,,
BERK,2015-11-25 09:15:00 EST,42.32030,-76.20319,1291,30.0,29.5,30.0,83.0,25.5,0.000,0.000,0.00,0.000,1.3,2.3,0.4,145,12,1.6,3.1,0.4,137,15,1.3,2.3,0.4,145,12,296,29.26,,,,,36.4,40.4,42.9,,,
BERK,2015-11-25 09:20:00 EST,42.32030,-76.20319,1291,30.8,29.9,30.8,80.9,25.6,0.000,0.000,0.00,0.000,1.8,3.1,0.5,133,17,2.2,3.8,0.6,129,17,1.8,3.1,0.5,133,17,304,29.26,,,,,36.4,40.4,42.9,,,
BERK,2015-11-25 09:25:00 EST,42.32030,-76.20319,1291,31.1,30.0,31.1,81.1,26.0,0.000,0.000,0.00,0.000,2.4,3.1,0.3,118,9,2.6,3.6,0.5,118,10,2.4,3.1,0.3,118,9,307,29.26,,,,,36.4,40.4,42.9,,,
BERK,2015-11-25 09:30:00 EST,42.32030,-76.20319,1291,31.5,30.6,31.5,82.0,26.6,0.000,0.000,0.00,0.000,2.0,4.5,1.1,128,17,2.4,5.1,1.1,126,17,2.0,4.5,1.1,128,17,319,29.26,,,,,36.3,40.4,42.9,,,
BERK,2015-11-25 09:35:00 EST,42.32030,-76.20319,1291,31.8,30.9,31.8,80.3,26.4,0.000,0.000,0.00,0.000,2.9,4.7,0.7,125,12,3.2,5.1,0.8,124,12,2.9,4.7,0.7,125,12,335,29.26,,,,,36.3,40.4,42.9,,,
BERK,2015-11-25 09:40:00 EST,42.32030,-76.20319,1291,32.2,31.3,28.8,79.7,26.6,0.000,0.000,0.00,0.000,3.5,5.6,0.9,144,14,4.1,6.3,1.1,143,13,3.5,5.6,0.9,144,14,340,29.26,,,,,36.3,40.4,42.9,,,
BERK,2015-11-25 09:45:00 EST,42.32030,-76.20319,1291,32.6,31.6,29.4,78.2,26.5,0.000,0.000,0.00,0.000,3.4,5.7,0.8,126,17,3.8,7.2,0.9,126,17,3.4,5.7,0.8,126,17,348,29.26,,,,,36.3,40.4,42.9,,,
BERK,2015-11-25 09:50:00 EST,42.32030,-76.20319,1291,32.9,32.0,29.8,78.0,26.8,0.000,0.000,0.00,0.000,3.5,5.3,0.9,149,17,4.1,6.0,0.9,147,18,3.5,5.3,0.9,149,17,366,29.26,,,,,36.3,40.3,42.9,,,
BERK,2015-11-25 09:55:00 EST,42.32030,-76.20319,1291,33.3,32.2,28.7,74.1,25.9,0.000,0.000,0.00,0.000,4.8,7.3,1.2,144,9,5.1,8.1,1.4,143,10,4.8,7.3,1.2,144,9,369,29.26,,,,,36.4,40.4,42.9,,,
BERK,2015-11-25 10:00:00 EST,42.32030,-76.20319,1291,34.2,33.1,34.2,74.6,26.9,0.000,0.000,0.00,0.000,2.6,4.2,0.7,135,20,3.2,5.6,0.9,134,20,2.6,4.2,0.7,135,20,368,29.26,,,,,36.4,40.4,42.8,,,
BERK,2015-11-25 10:05:00 EST,42.32030,-76.20319,1291,34.5,33.5,30.8,72.5,26.6,0.000,0.000,0.00,0.000,4.2,6.2,1.0,129,14,4.6,7.2,1.2,127,11,4.2,6.2,1.0,129,14,328,29.26,,,,,36.3,40.4,42.9,,,
BERK,2015-11-25 10:10:00 EST,42.32030,-76.20319,1291,34.7,33.7,30.9,71.3,26.4,0.000,0.000,0.00,0.000,4.4,7.1,1.0,129,14,4.8,8.1,1.0,126,13,4.4,7.1,1.0,129,14,387,29.26,,,,,36.3,40.3,42.9,,,
BERK,2015-11-25 10:15:00 EST,42.32030,-76.20319,1291,35.2,34.1,31.1,70.2,26.5,0.000,0.000,0.00,0.000,4.7,7.0,1.0,131,13,5.1,8.1,1.2,129,12,4.7,7.0,1.0,131,13,398,29.26,,,,,36.3,40.3,42.8,,,
BERK,2015-11-25 10:20:00 EST,42.32030,-76.20319,1291,35.8,34.6,32.2,69.3,26.7,0.000,0.000,0.00,0.000,4.3,6.6,1.3,129,16,4.7,7.4,1.4,126,16,4.3,6.6,1.3,129,16,398,29.26,,,,,36.3,40.3,42.9,,,
BERK,2015-11-25 10:25:00 EST,42.32030,-76.20319,1291,36.4,35.3,33.3,69.1,27.3,0.000,0.000,0.00,0.000,3.9,7.1,1.2,125,17,4.8,8.5,1.4,123,17,3.9,7.1,1.2,125,17,415,29.26,,,,,36.3,40.3,42.9,,,
BERK,2015-11-25 10:30:00 EST,42.32030,-76.20319,1291,36.2,35.0,31.7,67.7,26.6,0.000,0.000,0.00,0.000,5.4,7.6,1.2,115,12,5.9,8.3,1.3,112,10,5.4,7.6,1.2,115,12,423,29.26,,,,,36.3,40.3,42.9,,,
BERK,2015-11-25 10:35:00 EST,42.32030,-76.20319,1291,36.9,35.7,34.5,68.5,27.5,0.000,0.000,0.00,0.000,3.3,7.5,1.9,119,15,3.9,8.1,2.0,118,15,3.3,7.5,1.9,119,15,421,29.27,,,,,36.3,40.3,42.9,,,
BERK,2015-11-25 10:40:00 EST,42.32030,-76.20319,1291,37.2,36.2,33.0,67.1,27.3,0.000,0.000,0.00,0.000,5.3,7.6,1.2,123,17,5.8,8.3,1.3,122,16,5.3,7.6,1.2,123,17,429,29.27,,,,,36.3,40.3,42.9,,,
BERK,2015-11-25 10:45:00 EST,42.32030,-76.20319,1291,37.9,36.9,34.0,65.2,27.3,0.000,0.000,0.00,0.000,5.1,8.7,1.7,119,17,5.6,8.3,1.6,118,17,5.1,8.7,1.7,119,17,441,29.27,,,,,36.3,40.3,42.8,,,
BERK,2015-11-25 10:50:00 EST,42.32030,-76.20319,1291,38.6,37.6,34.9,63.0,27.1,0.000,0.000,0.00,0.000,5.0,7.5,1.0,128,17,5.7,8.7,1.1,126,17,5.0,7.5,1.0,128,17,445,29.27,,,,,36.3,40.3,42.9,,,
BERK,2015-11-25 10:55:00 EST,42.32030,-76.20319,1291,39.2,38.2,35.5,61.1,26.9,0.000,0.000,0.00,0.000,5.1,7.8,1.3,129,18,5.8,8.5,1.3,126,17,5.1,7.8,1.3,129,18,449,29.26,,,,,36.3,40.3,42.8,,,
BERK,2015-11-25 11:00:00 EST,42.32030,-76.20319,1291,39.5,38.5,35.2,58.6,26.2,0.000,0.000,0.00,0.000,6.0,9.5,1.4,122,16,6.6,9.8,1.5,120,15,6.0,9.5,1.4,122,16,453,29.26,,,,,36.3,40.3,42.8,,,
BERK,2015-11-25 11:05:00 EST,42.32030,-76.20319,1291,39.9,38.7,35.3,56.5,25.7,0.000,0.000,0.00,0.000,6.4,12.6,1.9,132,15,7.1,13.9,2.1,130,15,6.4,12.6,1.9,132,15,456,29.26,,,,,36.3,40.3,42.8,,,
BERK,2015-11-25 11:10:00 EST,42.32030,-76.20319,1291,40.2,39.2,35.7,56.3,25.9,0.000,0.000,0.00,0.000,6.4,9.4,1.4,130,21,7.2,10.5,1.5,128,19,6.4,9.4,1.4,130,21,460,29.26,,,,,36.3,40.3,42.8,,,
BERK,2015-11-25 11:15:00 EST,42.32030,-76.20319,1291,40.7,39.7,36.9,54.9,25.7,0.000,0.000,0.00,0.000,5.5,8.6,1.6,129,21,6.2,10.1,1.7,126,20,5.5,8.6,1.6,129,21,463,29.26,,,,,36.3,40.3,42.8,,,
BERK,2015-11-25 11:20:00 EST,42.32030,-76.20319,1291,40.8,39.8,35.7,53.8,25.3,0.000,0.000,0.00,0.000,7.7,11.6,1.9,133,14,8.4,12.5,1.9,131,15,7.7,11.6,1.9,133,14,465,29.26,,,,,36.3,40.3,42.8,,,
BERK,2015-11-25 11:25:00 EST,42.32030,-76.20319,1291,41.0,40.0,35.7,52.4,24.9,0.000,0.000,0.00,0.000,8.1,14.0,2.4,125,18,8.9,14.3,2.4,123,17,8.1,14.0,2.4,125,18,467,29.25,,,,,36.4,40.3,42.8,,,
BERK,2015-11-25 11:30:00 EST,42.32030,-76.20319,1291,41.3,40.3,36.4,51.7,24.8,0.000,0.000,0.00,0.000,7.5,12.2,2.2,128,16,8.1,11.9,2.2,124,16,7.5,12.2,2.2,128,16,470,29.25,,,,,36.4,40.3,42.8,,,
BERK,2015-11-25 11:35:00 EST,42.32030,-76.20319,1291,41.8,40.7,36.8,50.3,24.6,0.000,0.000,0.00,0.000,7.9,13.2,2.1,148,13,8.6,14.5,2.2,146,13,7.9,13.2,2.1,148,13,472,29.25,,,,,36.4,40.3,42.8,,,
BERK,2015-11-25 11:40:00 EST,42.32030,-76.20319,1291,41.7,40.8,36.8,48.6,23.7,0.000,0.000,0.00,0.000,7.7,13.1,2.0,138,15,8.3,14.5,2.1,136,16,7.7,13.1,2.0,138,15,473,29.25,,,,,36.5,40.3,42.8,,,
BERK,2015-11-25 11:45:00 EST,42.32030,-76.20319,1291,42.0,41.2,37.6,47.2,23.3,0.000,0.000,0.00,0.000,6.8,11.8,1.8,150,17,7.6,13.2,2.0,151,16,6.8,11.8,1.8,150,17,474,29.24,,,,,36.5,40.3,42.8,,,
BERK,2015-11-25 11:50:00 EST,42.32030,-76.20319,1291,42.5,41.6,38.6,46.4,23.4,0.000,0.000,0.00,0.000,6.3,11.0,2.1,160,23,7.1,13.4,2.3,159,23,6.3,11.0,2.1,160,23,474,29.24,,,,,36.5,40.3,42.8,,,
BERK,2015-11-25 11:55:00 EST,42.32030,-76.20319,1291,42.8,42.0,39.3,45.6,23.2,0.000,0.000,0.00,0.000,5.8,10.2,1.6,153,24,6.7,12.1,1.7,151,25,5.8,10.2,1.6,153,24,473,29.24,,,,,36.5,40.2,42.8,,,
BERK,2015-11-25 12:00:00 EST,42.32030,-76.20319,1291,43.2,42.4,39.1,45.0,23.3,0.000,0.000,0.00,0.000,6.7,11.4,2.2,151,22,7.6,13.0,2.3,149,21,6.7,11.4,2.2,151,22,475,29.24,,,,,36.6,40.3,42.8,,,
BERK,2015-11-25 12:05:00 EST,42.32030,-76.20319,1291,43.1,42.2,38.4,44.8,23.1,0.000,0.000,0.00,0.000,7.8,13.5,2.6,138,15,8.6,14.1,2.5,137,15,7.8,13.5,2.6,138,15,474,29.24,,,,,36.6,40.3,42.8,,,
BERK,2015-11-25 12:10:00 EST,42.32030,-76.20319,1291,43.2,42.4,38.6,44.7,23.1,0.000,0.000,0.00,0.000,7.8,12.4,1.7,143,16,8.5,13.4,1.9,144,16,7.8,12.4,1.7,143,16,469,29.25,,,,,36.6,40.2,42.8,,,
BERK,2015-11-25 12:15:00 EST,42.32030,-76.20319,1291,43.5,42.6,38.6,44.8,23.5,0.000,0.000,0.00,0.000,8.6,14.8,2.7,136,17,9.4,15.0,2.6,134,16,8.6,14.8,2.7,136,17,465,29.24,,,,,36.6,40.2,42.8,,,
BERK,2015-11-25 12:20:00 EST,42.32030,-76.20319,1291,43.3,42.4,37.9,44.8,23.3,0.000,0.000,0.00,0.000,9.8,15.5,2.6,150,14,10.7,18.8,2.7,150,13,9.8,15.5,2.6,150,14,469,29.24,,,,,36.7,40.2,42.7,,,
BERK,2015-11-25 12:25:00 EST,42.32030,-76.20319,1291,43.6,42.9,39.2,44.3,23.3,0.000,0.000,0.00,0.000,7.5,12.9,2.6,143,16,8.4,14.5,2.6,141,17,7.5,12.9,2.6,143,16,460,29.24,,,,,36.8,40.3,42.8,,,
BERK,2015-11-25 12:30:00 EST,42.32030,-76.20319,1291,43.8,42.9,39.0,44.6,23.6,0.000,0.000,0.00,0.000,8.5,14.9,2.6,140,14,9.2,16.3,2.6,137,13,8.5,14.9,2.6,140,14,464,29.24,,,,,36.8,40.2,42.8,,,
BERK,2015-11-25 12:35:00 EST,42.32030,-76.20319,1291,43.8,42.9,39.4,44.1,23.3,0.000,0.000,0.00,0.000,7.6,12.1,1.8,144,18,8.3,13.6,2.0,143,18,7.6,12.1,1.8,144,18,459,29.24,,,,,36.8,40.2,42.8,,,
BERK,2015-11-25 12:40:00 EST,42.32030,-76.20319,1291,44.1,43.0,39.2,44.4,23.8,0.000,0.000,0.00,0.000,8.8,14.5,2.6,140,18,9.9,16.8,2.7,137,18,8.8,14.5,2.6,140,18,455,29.24,,,,,36.9,40.2,42.8,,,
BERK,2015-11-25 12:45:00 EST,42.32030,-76.20319,1291,44.2,43.3,39.6,44.1,23.7,0.000,0.000,0.00,0.000,8.2,13.2,2.0,148,22,9.0,14.8,2.2,148,21,8.2,13.2,2.0,148,22,454,29.24,,,,,36.9,40.2,42.8,,,
BERK,2015-11-25 12:50:00 EST,42.32030,-76.20319,1291,43.9,43.3,38.6,44.0,23.4,0.000,0.000,0.00,0.000,9.9,14.8,2.7,167,15,11.2,17.9,3.0,168,13,9.9,14.8,2.7,167,15,451,29.23,,,,,37.0,40.2,42.8,,,
BERK,2015-11-25 12:55:00 EST,42.32030,-76.20319,1291,44.2,43.4,39.3,44.1,23.7,0.000,0.000,0.00,0.000,8.9,14.2,2.1,160,16,9.9,15.4,2.5,161,15,8.9,14.2,2.1,160,16,439,29.23,,,,,37.1,40.2,42.8,,,
BERK,2015-11-25 13:00:00 EST,42.32030,-76.20319,1291,43.9,43.3,39.3,44.1,23.4,0.000,0.000,0.00,0.000,8.0,12.2,2.2,161,13,9.0,14.8,2.5,162,13,8.0,12.2,2.2,161,13,438,29.23,,,,,37.2,40.2,42.8,,,
BERK,2015-11-25 13:05:00 EST,42.32030,-76.20319,1291,44.2,43.5,39.2,44.0,23.6,0.000,0.000,0.00,0.000,9.1,14.0,2.6,155,13,10.0,16.1,2.7,155,12,9.1,14.0,2.6,155,13,432,29.23,,,,,37.2,40.2,42.7,,,
BERK,2015-11-25 13:10:00 EST,42.32030,-76.20319,1291,45.0,44.1,41.4,44.2,24.5,0.000,0.000,0.00,0.000,6.5,11.9,2.1,155,17,7.5,13.9,2.3,155,17,6.5,11.9,2.1,155,17,426,29.23,,,,,37.2,40.2,42.8,,,
BERK,2015-11-25 13:15:00 EST,42.32030,-76.20319,1291,44.6,43.9,39.7,43.8,23.9,0.000,0.000,0.00,0.000,9.2,15.7,2.9,157,16,9.9,16.8,3.2,157,15,9.2,15.7,2.9,157,16,419,29.22,,,,,37.2,40.2,42.8,,,
BERK,2015-11-25 13:20:00 EST,42.32030,-76.20319,1291,44.3,43.7,38.7,44.5,24.0,0.000,0.000,0.00,0.000,10.7,17.4,2.3,148,22,11.7,19.0,2.4,149,21,10.7,17.4,2.3,148,22,412,29.22,,,,,37.2,40.2,42.8,,,
BERK,2015-11-25 13:25:00 EST,42.32030,-76.20319,1291,44.6,43.9,39.7,45.0,24.5,0.000,0.000,0.00,0.000,9.0,20.3,3.0,159,19,9.9,22.6,3.1,158,17,9.0,20.3,3.0,159,19,407,29.22,,,,,37.2,40.2,42.7,,,
BERK,2015-11-25 13:30:00 EST,42.32030,-76.20319,1291,44.3,43.7,38.4,45.0,24.3,0.000,0.000,0.00,0.000,11.7,19.0,3.1,161,18,13.1,21.0,3.3,161,17,11.7,19.0,3.1,161,18,400,29.22,,,,,37.3,40.2,42.8,,,
BERK,2015-11-25 13:35:00 EST,42.32030,-76.20319,1291,44.7,44.0,40.0,45.4,24.9,0.000,0.000,0.00,0.000,8.6,14.7,2.9,163,16,9.6,16.6,3.0,162,15,8.6,14.7,2.9,163,16,393,29.22,,,,,37.3,40.2,42.8,,,
BERK,2015-11-25 13:40:00 EST,42.32030,-76.20319,1291,45.0,44.1,40.2,45.1,24.9,0.000,0.000,0.00,0.000,9.1,14.1,2.3,150,18,10.3,17.7,2.7,149,18,9.1,14.1,2.3,150,18,383,29.22,,,,,37.3,40.2,42.7,,,
BERK,2015-11-25 13:45:00 EST,42.32030,-76.20319,1291,44.7,44.1,40.5,45.1,24.7,0.000,0.000,0.00,0.000,7.7,13.5,2.0,158,18,8.6,15.9,2.1,157,16,7.7,13.5,2.0,158,18,375,29.22,,,,,37.3,40.2,42.7,,,
BERK,2015-11-25 13:50:00 EST,42.32030,-76.20319,1291,45.4,44.7,41.6,44.8,25.2,0.000,0.000,0.00,0.000,7.2,13.7,2.7,148,16,8.0,14.1,2.7,148,17,7.2,13.7,2.7,148,16,368,29.21,,,,,37.3,40.1,42.7,,,
BERK,2015-11-25 13:55:00 EST,42.32030,-76.20319,1291,45.0,44.4,39.8,44.6,24.7,0.000,0.000,0.00,0.000,10.2,14.7,2.1,149,20,11.1,16.8,2.3,148,20,10.2,14.7,2.1,149,20,358,29.21,,,,,37.4,40.1,42.7,,,
BERK,2015-11-25 14:00:00 EST,42.32030,-76.20319,1291,44.7,44.2,39.9,44.4,24.3,0.000,0.000,0.00,0.000,8.8,14.8,2.3,156,12,9.7,15.0,2.5,155,11,8.8,14.8,2.3,156,12,349,29.21,,,,,37.4,40.2,42.7,,,
BERK,2015-11-25 14:05:00 EST,42.32030,-76.20319,1291,45.2,44.7,41.4,44.5,24.8,0.000,0.000,0.00,0.000,7.0,12.8,2.0,152,19,8.0,15.2,2.2,152,17,7.0,12.8,2.0,152,19,340,29.21,,,,,37.4,40.1,42.7,,,
BERK,2015-11-25 14:10:00 EST,42.32030,-76.20319,1291,45.2,44.7,40.4,44.3,24.7,0.000,0.000,0.00,0.000,9.1,14.0,2.0,146,17,9.9,15.2,2.3,146,16,9.1,14.0,2.0,146,17,331,29.21,,,,,37.5,40.2,42.7,,,
BERK,2015-11-25 14:15:00 EST,42.32030,-76.20319,1291,45.0,44.7,40.4,44.2,24.5,0.000,0.000,0.00,0.000,8.8,15.1,2.8,149,15,9.5,17.4,2.9,149,14,8.8,15.1,2.8,149,15,321,29.21,,,,,37.5,40.1,42.7,,,
BERK,2015-11-25 14:20:00 EST,42.32030,-76.20319,1291,45.0,44.6,40.0,44.0,24.4,0.000,0.000,0.00,0.000,9.6,15.6,2.7,163,15,10.6,17.2,3.2,165,14,9.6,15.6,2.7,163,15,312,29.21,,,,,37.5,40.1,42.7,,,
BERK,2015-11-25 14:25:00 EST,42.32030,-76.20319,1291,45.3,44.9,40.9,43.7,24.5,0.000,0.000,0.00,0.000,8.2,14.6,2.4,142,16,9.0,15.0,2.4,142,14,8.2,14.6,2.4,142,16,302,29.21,,,,,37.5,40.1,42.7,,,
BERK,2015-11-25 14:30:00 EST,42.32030,-76.20319,1291,45.4,44.9,41.6,44.1,24.8,0.000,0.000,0.00,0.000,7.2,14.7,2.7,142,16,7.7,15.4,2.7,143,15,7.2,14.7,2.7,142,16,291,29.21,,,,,37.6,40.1,42.7,,,
BERK,2015-11-25 14:35:00 EST,42.32030,-76.20319,1291,45.1,44.7,39.5,43.2,24.0,0.000,0.000,0.00,0.000,11.2,17.0,2.9,154,17,12.1,19.2,3.2,154,17,11.2,17.0,2.9,154,17,279,29.21,,,,,37.6,40.1,42.7,,,
BERK,2015-11-25 14:40:00 EST,42.32030,-76.20319,1291,45.0,44.8,40.3,43.6,24.1,0.000,0.000,0.00,0.000,8.9,15.9,2.7,161,13,9.8,17.0,3.0,161,11,8.9,15.9,2.7,161,13,269,29.21,,,,,37.6,40.1,42.7,,,
BERK,2015-11-25 14:45:00 EST,42.32030,-76.20319,1291,45.2,44.9,41.1,43.4,24.3,0.000,0.000,0.00,0.000,7.7,12.1,1.7,152,19,8.5,13.9,2.0,150,19,7.7,12.1,1.7,152,19,257,29.21,,,,,37.6,40.1,42.7,,,
BERK,2015-11-25 14:50:00 EST,42.32030,-76.20319,1291,45.3,45.0,41.0,43.6,24.5,0.000,0.000,0.00,0.000,8.2,17.0,3.4,153,17,9.0,18.3,3.6,152,16,8.2,17.0,3.4,153,17,245,29.21,,,,,37.7,40.1,42.7,,,
BERK,2015-11-25 14:55:00 EST,42.32030,-76.20319,1291,45.1,44.9,40.2,43.4,24.2,0.000,0.000,0.00,0.000,9.5,13.2,1.9,147,15,10.2,14.3,2.0,147,14,9.5,13.2,1.9,147,15,234,29.21,,,,,37.7,40.1,42.7,,,
BERK,2015-11-25 15:00:00 EST,42.32030,-76.20319,1291,45.1,44.9,39.8,43.7,24.4,0.000,0.000,0.00,0.000,10.6,18.1,3.6,144,16,11.3,21.7,3.7,142,15,10.6,18.1,3.6,144,16,222,29.21,,,,,37.7,40.1,42.7,,,
BERK,2015-11-25 15:05:00 EST,42.32030,-76.20319,1291,44.9,44.7,39.7,43.9,24.3,0.000,0.000,0.00,0.000,10.1,15.0,2.4,148,14,11.0,15.7,2.4,149,14,10.1,15.0,2.4,148,14,210,29.21,,,,,37.7,40.1,42.7,,,
BERK,2015-11-25 15:10:00 EST,42.32030,-76.20319,1291,44.8,44.7,40.5,44.2,24.3,0.000,0.000,0.00,0.000,7.9,14.3,2.5,145,15,8.6,15.4,2.7,144,15,7.9,14.3,2.5,145,15,198,29.22,,,,,37.7,40.1,42.7,,,
BERK,2015-11-25 15:15:00 EST,42.32030,-76.20319,1291,44.7,44.7,39.9,44.5,24.4,0.000,0.000,0.00,0.000,9.1,15.9,2.5,148,16,9.9,17.4,2.6,148,15,9.1,15.9,2.5,148,16,186,29.22,,,,,37.7,40.1,42.7,,,
BERK,2015-11-25 15:20:00 EST,42.32030,-76.20319,1291,44.6,44.6,40.4,44.8,24.4,0.000,0.000,0.00,0.000,7.4,13.8,2.1,155,15,8.3,14.3,2.3,154,13,7.4,13.8,2.1,155,15,174,29.21,,,,,37.7,40.1,42.7,,,
BERK,2015-11-25 15:25:00 EST,42.32030,-76.20319,1291,44.6,44.6,39.9,44.7,24.4,0.000,0.000,0.00,0.000,8.6,11.3,1.4,147,11,9.2,13.2,1.7,147,11,8.6,11.3,1.4,147,11,163,29.21,,,,,37.7,40.1,42.6,,,
BERK,2015-11-25 15:30:00 EST,42.32030,-76.20319,1291,44.4,44.5,41.0,45.0,24.4,0.000,0.000,0.00,0.000,6.1,9.9,1.8,146,13,6.6,11.2,2.0,145,12,6.1,9.9,1.8,146,13,151,29.21,,,,,37.7,40.1,42.7,,,
BERK,2015-11-25 15:35:00 EST,42.32030,-76.20319,1291,44.4,44.6,40.2,45.1,24.4,0.000,0.000,0.00,0.000,7.5,11.6,2.0,147,14,8.1,12.5,2.1,145,14,7.5,11.6,2.0,147,14,139,29.22,,,,,37.7,40.1,42.7,,,
BERK,2015-11-25 15:40:00 EST,42.32030,-76.20319,1291,44.0,44.4,39.5,45.5,24.3,0.000,0.000,0.00,0.000,8.1,12.9,2.2,150,12,8.8,13.6,2.2,149,13,8.1,12.9,2.2,150,12,94,29.22,,,,,37.7,40.1,42.6,,,
BERK,2015-11-25 15:45:00 EST,42.32030,-76.20319,1291,43.7,44.3,39.2,46.2,24.4,0.000,0.000,0.00,0.000,7.9,11.3,1.7,142,12,8.7,12.8,1.9,141,12,7.9,11.3,1.7,142,12,29,29.22,,,,,37.8,40.1,42.7,,,
BERK,2015-11-25 15:50:00 EST,42.32030,-76.20319,1291,43.5,44.0,38.8,46.9,24.5,0.000,0.000,0.00,0.000,8.1,15.1,2.2,147,14,8.7,16.1,2.6,147,14,8.1,15.1,2.2,147,14,25,29.22,,,,,37.8,40.1,42.6,,,
BERK,2015-11-25 15:55:00 EST,42.32030,-76.20319,1291,43.3,43.7,39.0,47.2,24.5,0.000,0.000,0.00,0.000,7.1,10.2,1.4,142,14,7.7,12.3,1.6,140,14,7.1,10.2,1.4,142,14,23,29.22,,,,,37.8,40.1,42.7,,,
BERK,2015-11-25 16:00:00 EST,42.32030,-76.20319,1291,42.9,43.6,38.8,48.0,24.5,0.000,0.000,0.00,0.000,6.6,12.8,1.7,148,11,7.4,13.0,1.7,147,11,6.6,12.8,1.7,148,11,21,29.22,,,,,37.8,40.1,42.7,,,
BERK,2015-11-25 16:05:00 EST,42.32030,-76.20319,1291,43.0,43.6,38.3,48.0,24.6,0.000,0.000,0.00,0.000,7.8,13.2,2.0,147,12,8.5,14.5,2.0,146,11,7.8,13.2,2.0,147,12,19,29.22,,,,,37.8,40.1,42.7,,,
BERK,2015-11-25 16:10:00 EST,42.32030,-76.20319,1291,42.9,43.5,38.7,48.0,24.6,0.000,0.000,0.00,0.000,6.9,11.0,1.5,146,13,7.6,12.1,1.8,143,13,6.9,11.0,1.5,146,13,17,29.22,,,,,37.7,40.1,42.6,,,
BERK,2015-11-25 16:15:00 EST,42.32030,-76.20319,1291,42.9,43.5,38.5,48.2,24.6,0.000,0.000,0.00,0.000,7.2,11.8,1.5,146,11,7.6,11.6,1.6,146,10,7.2,11.8,1.5,146,11,15,29.22,,,,,37.8,40.1,42.6,,,
BERK,2015-11-25 16:20:00 EST,42.32030,-76.20319,1291,42.4,43.2,38.4,48.9,24.6,0.000,0.000,0.00,0.000,6.4,9.9,1.5,139,14,7.1,10.5,1.5,137,13,6.4,9.9,1.5,139,14,13,29.22,,,,,37.8,40.1,42.7,,,
BERK,2015-11-25 16:25:00 EST,42.32030,-76.20319,1291,41.8,42.7,38.2,49.8,24.4,0.000,0.000,0.00,0.000,5.5,7.7,1.0,142,9,6.0,8.9,1.1,138,8,5.5,7.7,1.0,142,9,11,29.22,,,,,37.8,40.2,42.6,,,
BERK,2015-11-25 16:30:00 EST,42.32030,-76.20319,1291,41.3,42.4,38.3,50.9,24.5,0.000,0.000,0.00,0.000,4.7,6.8,0.9,142,11,5.1,6.9,0.9,139,10,4.7,6.8,0.9,142,11,9,29.22,,,,,37.8,40.1,42.6,,,
BERK,2015-11-25 16:35:00 EST,42.32030,-76.20319,1291,41.2,42.3,37.6,51.2,24.5,0.000,0.000,0.00,0.000,5.3,8.9,1.4,139,12,5.9,10.5,1.5,136,11,5.3,8.9,1.4,139,12,6,29.22,,,,,37.8,40.1,42.6,,,
BERK,2015-11-25 16:40:00 EST,42.32030,-76.20319,1291,40.9,42.1,37.4,52.1,24.6,0.000,0.000,0.00,0.000,5.1,8.3,1.4,144,13,5.6,9.6,1.5,142,12,5.1,8.3,1.4,144,13,4,29.22,,,,,37.8,40.2,42.6,,,
BERK,2015-11-25 16:45:00 EST,42.32030,-76.20319,1291,40.8,41.7,38.1,52.1,24.5,0.000,0.000,0.00,0.000,4.1,7.4,1.2,141,13,4.5,7.8,1.3,139,13,4.1,7.4,1.2,141,13,2,29.22,,,,,37.7,40.2,42.7,,,
BERK,2015-11-25 16:50:00 EST,42.32030,-76.20319,1291,40.5,41.4,38.3,52.6,24.5,0.000,0.000,0.00,0.000,3.6,5.3,0.8,136,11,3.9,6.0,0.9,134,10,3.6,5.3,0.8,136,11,1,29.22,,,,,37.7,40.2,42.7,,,
BERK,2015-11-25 16:55:00 EST,42.32030,-76.20319,1291,40.2,41.1,38.0,53.5,24.6,0.000,0.000,0.00,0.000,3.5,6.4,1.0,133,14,3.8,6.3,1.1,130,11,3.5,6.4,1.0,133,14,1,29.23,,,,,37.7,40.2,42.6,,,
BERK,2015-11-25 17:00:00 EST,42.32030,-76.20319,1291,40.0,40.9,37.2,53.8,24.6,0.000,0.000,0.00,0.000,4.1,7.1,0.9,135,10,4.5,7.8,1.0,133,8,4.1,7.1,0.9,135,10,0,29.23,,,,,37.7,40.2,42.6,,,
BERK,2015-11-25 17:05:00 EST,42.32030,-76.20319,1291,39.5,40.8,35.8,54.5,24.4,0.000,0.000,0.00,0.000,5.1,8.8,1.4,139,13,5.5,9.2,1.4,139,11,5.1,8.8,1.4,139,13,0,29.23,,,,,37.7,40.2,42.6,,,
BERK,2015-11-25 17:10:00 EST,42.32030,-76.20319,1291,39.2,40.9,35.3,55.5,24.6,0.000,0.000,0.00,0.000,5.4,7.7,1.0,145,13,5.8,8.1,1.1,142,12,5.4,7.7,1.0,145,13,0,29.23,,,,,37.7,40.2,42.6,,,
BERK,2015-11-25 17:15:00 EST,42.32030,-76.20319,1291,39.3,40.9,35.1,55.8,24.8,0.000,0.000,0.00,0.000,5.9,11.1,1.5,144,12,6.5,11.6,1.6,143,11,5.9,11.1,1.5,144,12,0,29.23,,,,,37.7,40.2,42.6,,,
BERK,2015-11-25 17:20:00 EST,42.32030,-76.20319,1291,39.1,40.7,34.9,56.2,24.8,0.000,0.000,0.00,0.000,5.7,8.8,1.5,144,11,6.3,9.6,1.6,143,11,5.7,8.8,1.5,144,11,0,29.23,,,,,37.7,40.2,42.6,,,
BERK,2015-11-25 17:25:00 EST,42.32030,-76.20319,1291,39.4,40.8,35.2,55.8,24.9,0.000,0.000,0.00,0.000,5.7,8.8,1.2,145,12,6.4,9.6,1.3,142,11,5.7,8.8,1.2,145,12,0,29.23,,,,,37.6,40.2,42.6,,,
BERK,2015-11-25 17:30:00 EST,42.32030,-76.20319,1291,39.5,40.9,35.2,55.5,24.9,0.000,0.000,0.00,0.000,5.9,9.1,1.2,140,13,6.4,10.3,1.4,139,12,5.9,9.1,1.2,140,13,0,29.23,,,,,37.6,40.2,42.6,,,
BERK,2015-11-25 17:35:00 EST,42.32030,-76.20319,1291,39.5,40.8,35.1,55.6,24.9,0.000,0.000,0.00,0.000,6.0,8.8,1.2,140,12,6.5,9.8,1.3,137,10,6.0,8.8,1.2,140,12,0,29.23,,,,,37.6,40.2,42.6,,,
BERK,2015-11-25 17:40:00 EST,42.32030,-76.20319,1291,39.4,40.8,35.0,55.8,24.9,0.000,0.000,0.00,0.000,6.1,11.5,1.8,142,12,6.7,12.5,1.9,141,11,6.1,11.5,1.8,142,12,0,29.23,,,,,37.6,40.2,42.6,,,
BERK,2015-11-25 17:45:00 EST,42.32030,-76.20319,1291,39.0,40.6,34.0,56.6,24.9,0.000,0.000,0.00,0.000,6.9,11.1,1.5,144,11,7.5,11.6,1.6,144,9,6.9,11.1,1.5,144,11,0,29.23,,,,,37.6,40.2,42.6,,,
BERK,2015-11-25 17:50:00 EST,42.32030,-76.20319,1291,39.1,40.6,33.8,56.8,25.1,0.000,0.000,0.00,0.000,7.5,11.0,1.4,146,10,8.1,11.6,1.4,144,10,7.5,11.0,1.4,146,10,0,29.23,,,,,37.6,40.2,42.6,,,
BERK,2015-11-25 17:55:00 EST,42.32030,-76.20319,1291,39.1,40.5,33.7,57.0,25.1,0.000,0.000,0.00,0.000,7.5,12.3,2.0,147,12,8.1,13.6,2.0,146,12,7.5,12.3,2.0,147,12,0,29.23,,,,,37.5,40.2,42.6,,,
BERK,2015-11-25 18:00:00 EST,42.32030,-76.20319,1291,39.2,40.6,33.8,56.7,25.1,0.000,0.000,0.00,0.000,7.6,11.1,1.4,144,9,8.2,12.1,1.5,143,8,7.6,11.1,1.4,144,9,0,29.23,,,,,37.5,40.2,42.6,,,
BERK,2015-11-25 18:05:00 EST,42.32030,-76.20319,1291,39.3,40.5,33.9,56.5,25.1,0.000,0.000,0.00,0.000,7.7,11.6,1.6,143,9,8.3,12.1,1.6,141,9,7.7,11.6,1.6,143,9,0,29.23,,,,,37.6,40.2,42.6,,,
BERK,2015-11-25 18:10:00 EST,42.32030,-76.20319,1291,39.0,40.4,34.0,56.6,24.9,0.000,0.000,0.00,0.000,6.9,10.2,1.1,142,10,7.5,10.5,1.3,139,8,6.9,10.2,1.1,142,10,0,29.23,,,,,37.5,40.2,42.6,,,
BERK,2015-11-25 18:15:00 EST,42.32030,-76.20319,1291,39.1,40.3,33.9,56.8,25.1,0.000,0.000,0.00,0.000,7.2,10.5,1.4,141,10,7.8,12.1,1.4,139,8,7.2,10.5,1.4,141,10,0,29.23,,,,,37.5,40.2,42.6,,,
BERK,2015-11-25 18:20:00 EST,42.32030,-76.20319,1291,38.9,40.3,33.8,57.2,25.0,0.000,0.000,0.00,0.000,6.9,9.8,1.4,143,11,7.6,10.7,1.6,141,10,6.9,9.8,1.4,143,11,0,29.23,,,,,37.5,40.2,42.6,,,
BERK,2015-11-25 18:25:00 EST,42.32030,-76.20319,1291,39.1,40.3,33.8,56.7,25.0,0.000,0.000,0.00,0.000,7.3,10.7,1.5,142,9,7.8,10.7,1.4,139,10,7.3,10.7,1.5,142,9,0,29.23,,,,,37.5,40.2,42.6,,,
BERK,2015-11-25 18:30:00 EST,42.32030,-76.20319,1291,39.3,40.3,34.7,56.4,25.1,0.000,0.000,0.00,0.000,6.4,12.2,1.3,141,11,6.9,12.3,1.3,140,11,6.4,12.2,1.3,141,11,0,29.23,,,,,37.4,40.2,42.6,,,
BERK,2015-11-25 18:35:00 EST,42.32030,-76.20319,1291,39.0,40.0,35.4,56.9,25.0,0.000,0.000,0.00,0.000,4.9,7.3,1.0,145,11,5.3,8.3,1.3,143,10,4.9,7.3,1.0,145,11,0,29.24,,,,,37.4,40.2,42.6,,,
BERK,2015-11-25 18:40:00 EST,42.32030,-76.20319,1291,38.7,40.2,33.9,57.7,25.0,0.000,0.000,0.00,0.000,6.5,11.6,2.3,142,13,7.2,11.9,2.4,139,11,6.5,11.6,2.3,142,13,0,29.24,,,,,37.5,40.2,42.6,,,
BERK,2015-11-25 18:45:00 EST,42.32030,-76.20319,1291,38.4,39.9,34.0,58.4,25.0,0.000,0.000,0.00,0.000,5.7,8.8,1.4,140,14,6.3,9.4,1.5,140,13,5.7,8.8,1.4,140,14,0,29.24,,,,,37.4,40.2,42.5,,,
BERK,2015-11-25 18:50:00 EST,42.32030,-76.20319,1291,38.8,40.1,33.3,58.2,25.3,0.000,0.000,0.00,0.000,7.5,11.4,1.7,139,12,8.1,12.8,1.8,139,11,7.5,11.4,1.7,139,12,0,29.23,,,,,37.4,40.2,42.5,,,
BERK,2015-11-25 18:55:00 EST,42.32030,-76.20319,1291,38.9,39.9,34.0,58.1,25.4,0.000,0.000,0.00,0.000,6.7,9.9,1.7,139,12,7.3,11.0,1.8,136,11,6.7,9.9,1.7,139,12,0,29.23,,,,,37.4,40.3,42.6,,,
BERK,2015-11-25 19:00:00 EST,42.32030,-76.20319,1291,38.9,39.8,33.5,57.8,25.3,0.000,0.000,0.00,0.000,7.4,11.2,1.5,138,14,8.0,12.8,1.7,136,13,7.4,11.2,1.5,138,14,0,29.23,,,,,37.4,40.2,42.6,,,
BERK,2015-11-25 19:05:00 EST,42.32030,-76.20319,1291,38.5,39.6,34.2,58.4,25.2,0.000,0.000,0.00,0.000,5.7,8.5,1.3,139,12,6.2,9.4,1.2,135,12,5.7,8.5,1.3,139,12,0,29.23,,,,,37.4,40.2,42.6,,,
BERK,2015-11-25 19:10:00 EST,42.32030,-76.20319,1291,38.8,39.7,33.4,58.4,25.4,0.000,0.000,0.00,0.000,7.4,11.8,1.8,139,14,8.0,13.0,1.9,137,14,7.4,11.8,1.8,139,14,0,29.23,,,,,37.4,40.2,42.5,,,
BERK,2015-11-25 19:15:00 EST,42.32030,-76.20319,1291,38.5,39.4,33.5,58.8,25.4,0.000,0.000,0.00,0.000,6.8,12.5,1.6,133,14,7.1,13.2,1.6,130,12,6.8,12.5,1.6,133,14,0,29.23,,,,,37.4,40.2,42.5,,,
BERK,2015-11-25 19:20:00 EST,42.32030,-76.20319,1291,38.6,39.4,33.9,58.8,25.5,0.000,0.000,0.00,0.000,6.3,9.2,1.3,134,15,6.9,10.5,1.2,132,12,6.3,9.2,1.3,134,15,0,29.23,,,,,37.3,40.2,42.6,,,
BERK,2015-11-25 19:25:00 EST,42.32030,-76.20319,1291,38.3,39.2,33.8,59.5,25.5,0.000,0.000,0.00,0.000,6.0,9.6,1.4,134,16,6.8,11.0,1.6,133,14,6.0,9.6,1.4,134,16,0,29.23,,,,,37.4,40.2,42.6,,,
BERK,2015-11-25 19:30:00 EST,42.32030,-76.20319,1291,38.5,39.3,32.9,59.4,25.6,0.000,0.000,0.00,0.000,7.6,17.9,3.2,140,16,8.3,19.5,3.5,139,15,7.6,17.9,3.2,140,16,0,29.24,,,,,37.3,40.2,42.5,,,
BERK,2015-11-25 19:35:00 EST,42.32030,-76.20319,1291,38.9,39.6,33.9,58.4,25.5,0.000,0.000,0.00,0.000,6.9,13.3,2.0,140,13,7.5,12.8,2.0,135,12,6.9,13.3,2.0,140,13,0,29.24,,,,,37.4,40.3,42.6,,,
BERK,2015-11-25 19:40:00 EST,42.32030,-76.20319,1291,38.7,39.5,33.7,59.0,25.6,0.000,0.000,0.00,0.000,6.9,10.2,1.4,142,12,7.5,11.9,1.6,139,11,6.9,10.2,1.4,142,12,0,29.24,,,,,37.3,40.3,42.6,,,
BERK,2015-11-25 19:45:00 EST,42.32030,-76.20319,1291,39.0,39.6,32.9,58.6,25.7,0.000,0.000,0.00,0.000,8.9,14.2,1.8,143,12,9.5,16.1,1.9,141,11,8.9,14.2,1.8,143,12,0,29.24,,,,,37.3,40.3,42.6,,,
BERK,2015-11-25 19:50:00 EST,42.32030,-76.20319,1291,38.7,39.5,33.0,59.0,25.6,0.000,0.000,0.00,0.000,8.0,12.0,1.7,142,11,9.0,12.8,1.7,141,10,8.0,12.0,1.7,142,11,0,29.24,,,,,37.3,40.3,42.6,,,
BERK,2015-11-25 19:55:00 EST,42.32030,-76.20319,1291,38.7,39.4,33.2,59.5,25.8,0.000,0.000,0.00,0.000,7.5,12.6,2.0,137,15,8.0,12.3,2.1,137,14,7.5,12.6,2.0,137,15,0,29.24,,,,,37.3,40.2,42.6,,,
BERK,2015-11-25 20:00:00 EST,42.32030,-76.20319,1291,38.7,39.4,33.9,59.2,25.7,0.000,0.000,0.00,0.000,6.5,11.1,1.7,138,15,7.1,11.9,1.7,135,13,6.5,11.1,1.7,138,15,0,29.24,,,,,37.3,40.2,42.5,,,
BERK,2015-11-25 20:05:00 EST,42.32030,-76.20319,1291,38.5,39.2,33.4,59.7,25.6,0.000,0.000,0.00,0.000,6.8,9.6,1.7,139,13,7.4,12.5,1.7,138,12,6.8,9.6,1.7,139,13,0,29.24,,,,,37.3,40.3,42.6,,,
BERK,2015-11-25 20:10:00 EST,42.32030,-76.20319,1291,38.8,39.4,33.1,59.5,25.9,0.000,0.000,0.00,0.000,8.0,12.1,2.0,138,12,8.6,12.3,2.0,137,11,8.0,12.1,2.0,138,12,0,29.24,,,,,37.3,40.3,42.5,,,
BERK,2015-11-25 20:15:00 EST,42.32030,-76.20319,1291,38.7,39.3,33.3,59.2,25.7,0.000,0.000,0.00,0.000,7.4,12.1,1.9,142,13,8.0,12.5,1.9,139,13,7.4,12.1,1.9,142,13,0,29.24,,,,,37.3,40.3,42.5,,,
BERK,2015-11-25 20:20:00 EST,42.32030,-76.20319,1291,38.6,39.3,33.0,60.0,25.9,0.000,0.000,0.00,0.000,7.8,14.1,2.1,144,10,8.4,14.1,2.0,142,9,7.8,14.1,2.1,144,10,0,29.24,,,,,37.2,40.3,42.6,,,
BERK,2015-11-25 20:25:00 EST,42.32030,-76.20319,1291,38.3,39.1,33.6,59.8,25.6,0.000,0.000,0.00,0.000,6.2,9.9,1.5,144,13,6.8,10.5,1.6,144,13,6.2,9.9,1.5,144,13,0,29.25,,,,,37.2,40.3,42.6,,,
BERK,2015-11-25 20:30:00 EST,42.32030,-76.20319,1291,38.3,39.2,33.0,60.2,25.7,0.000,0.000,0.00,0.000,7.3,12.3,2.0,149,18,8.1,13.6,2.2,147,18,7.3,12.3,2.0,149,18,0,29.24,,,,,37.2,40.3,42.5,,,
BERK,2015-11-25 20:35:00 EST,42.32030,-76.20319,1291,38.4,39.3,32.6,59.9,25.7,0.000,0.000,0.00,0.000,8.0,14.2,2.3,145,13,8.7,14.5,2.3,144,12,8.0,14.2,2.3,145,13,0,29.24,,,,,37.2,40.2,42.5,,,
BERK,2015-11-25 20:40:00 EST,42.32030,-76.20319,1291,38.2,39.0,32.9,60.2,25.6,0.000,0.000,0.00,0.000,7.2,13.3,1.9,145,12,7.7,14.5,2.1,142,11,7.2,13.3,1.9,145,12,0,29.25,,,,,37.2,40.3,42.5,,,
BERK,2015-11-25 20:45:00 EST,42.32030,-76.20319,1291,38.1,38.9,32.8,60.1,25.5,0.000,0.000,0.00,0.000,7.2,11.5,1.7,139,13,7.7,11.9,1.7,138,12,7.2,11.5,1.7,139,13,0,29.25,,,,,37.3,40.3,42.5,,,
BERK,2015-11-25 20:50:00 EST,42.32030,-76.20319,1291,38.1,38.9,32.6,60.5,25.7,0.000,0.000,0.00,0.000,7.5,11.2,1.4,141,10,7.9,11.2,1.3,138,9,7.5,11.2,1.4,141,10,0,29.25,,,,,37.2,40.3,42.5,,,
BERK,2015-11-25 20:55:00 EST,42.32030,-76.20319,1291,38.2,38.9,32.7,60.1,25.6,0.000,0.000,0.00,0.000,7.5,14.3,1.8,140,13,8.2,15.4,1.8,140,12,7.5,14.3,1.8,140,13,0,29.24,,,,,37.2,40.3,42.5,,,
BERK,2015-11-25 21:00:00 EST,42.32030,-76.20319,1291,38.2,38.9,32.6,60.0,25.5,0.000,0.000,0.00,0.000,7.6,12.3,1.7,139,12,8.5,13.9,1.6,138,10,7.6,12.3,1.7,139,12,0,29.24,,,,,37.2,40.3,42.6,,,
BERK,2015-11-25 21:05:00 EST,42.32030,-76.20319,1291,37.9,38.6,32.5,60.3,25.4,0.000,0.000,0.00,0.000,7.2,11.5,1.7,137,14,7.8,12.8,1.8,135,14,7.2,11.5,1.7,137,14,0,29.24,,,,,37.2,40.2,42.6,,,
BERK,2015-11-25 21:10:00 EST,42.32030,-76.20319,1291,37.8,38.5,33.0,60.9,25.5,0.000,0.000,0.00,0.000,6.2,9.5,1.2,135,12,6.7,10.5,1.5,135,11,6.2,9.5,1.2,135,12,0,29.25,,,,,37.2,40.2,42.5,,,
BERK,2015-11-25 21:15:00 EST,42.32030,-76.20319,1291,37.6,38.3,32.8,61.3,25.4,0.000,0.000,0.00,0.000,6.0,8.8,1.4,136,14,6.5,9.4,1.5,134,13,6.0,8.8,1.4,136,14,0,29.25,,,,,37.2,40.3,42.5,,,
BERK,2015-11-25 21:20:00 EST,42.32030,-76.20319,1291,37.8,38.6,31.5,60.8,25.5,0.000,0.000,0.00,0.000,9.0,15.7,2.8,136,15,9.7,16.8,2.9,134,14,9.0,15.7,2.8,136,15,0,29.25,,,,,37.2,40.3,42.5,,,
BERK,2015-11-25 21:25:00 EST,42.32030,-76.20319,1291,37.7,38.3,32.1,61.3,25.5,0.000,0.000,0.00,0.000,7.3,12.1,1.9,137,13,8.0,12.8,2.1,135,12,7.3,12.1,1.9,137,13,0,29.25,,,,,37.2,40.3,42.5,,,
BERK,2015-11-25 21:30:00 EST,42.32030,-76.20319,1291,37.6,38.1,32.8,61.3,25.5,0.000,0.000,0.00,0.000,6.1,11.2,1.7,131,15,6.9,11.6,1.7,130,13,6.1,11.2,1.7,131,15,0,29.25,,,,,37.2,40.3,42.5,,,
BERK,2015-11-25 21:35:00 EST,42.32030,-76.20319,1291,37.6,38.1,32.0,61.5,25.5,0.000,0.000,0.00,0.000,7.3,10.2,1.4,133,14,7.9,11.6,1.4,132,12,7.3,10.2,1.4,133,14,0,29.25,,,,,37.2,40.3,42.5,,,
BERK,2015-11-25 21:40:00 EST,42.32030,-76.20319,1291,37.1,37.8,32.0,62.2,25.4,0.000,0.000,0.00,0.000,6.5,9.7,1.1,132,11,7.0,10.7,1.3,131,9,6.5,9.7,1.1,132,11,0,29.25,,,,,37.2,40.3,42.5,,,
BERK,2015-11-25 21:45:00 EST,42.32030,-76.20319,1291,36.9,37.7,31.1,63.1,25.5,0.000,0.000,0.00,0.000,7.4,11.4,1.8,134,14,8.0,12.8,2.0,133,11,7.4,11.4,1.8,134,14,0,29.25,,,,,37.2,40.3,42.5,,,
BERK,2015-11-25 21:50:00 EST,42.32030,-76.20319,1291,37.0,37.7,31.3,62.9,25.6,0.000,0.000,0.00,0.000,7.5,11.2,1.4,134,14,8.1,12.1,1.6,133,12,7.5,11.2,1.4,134,14,0,29.25,,,,,37.2,40.3,42.5,,,
BERK,2015-11-25 21:55:00 EST,42.32030,-76.20319,1291,37.1,37.7,31.2,62.8,25.6,0.000,0.000,0.00,0.000,7.6,11.4,1.4,137,14,8.4,12.8,1.5,136,12,7.6,11.4,1.4,137,14,0,29.25,,,,,37.2,40.3,42.5,,,
BERK,2015-11-25 22:00:00 EST,42.32030,-76.20319,1291,37.2,37.7,31.3,62.6,25.6,0.000,0.000,0.00,0.000,7.7,11.7,2.0,135,12,8.3,13.2,2.1,133,11,7.7,11.7,2.0,135,12,0,29.25,,,,,37.2,40.3,42.5,,,
BERK,2015-11-25 22:05:00 EST,42.32030,-76.20319,1291,37.4,37.8,31.3,62.0,25.6,0.000,0.000,0.00,0.000,8.2,13.6,1.9,135,15,8.9,14.3,2.2,134,14,8.2,13.6,1.9,135,15,0,29.25,,,,,37.2,40.3,42.5,,,
BERK,2015-11-25 22:10:00 EST,42.32030,-76.20319,1291,37.4,37.9,31.2,61.9,25.5,0.000,0.000,0.00,0.000,8.3,13.0,2.0,139,13,8.9,13.6,2.1,137,11,8.3,13.0,2.0,139,13,0,29.24,,,,,37.2,40.3,42.5,,,
BERK,2015-11-25 22:15:00 EST,42.32030,-76.20319,1291,37.0,37.6,31.1,62.8,25.5,0.000,0.000,0.00,0.000,7.7,13.2,1.9,138,13,8.2,12.8,2.0,136,10,7.7,13.2,1.9,138,13,0,29.24,,,,,37.2,40.3,42.5,,,
BERK,2015-11-25 22:20:00 EST,42.32030,-76.20319,1291,37.3,37.8,30.5,62.6,25.7,0.000,0.000,0.00,0.000,9.7,13.4,1.7,136,12,10.4,15.9,1.9,135,10,9.7,13.4,1.7,136,12,0,29.24,,,,,37.2,40.3,42.5,,,
BERK,2015-11-25 22:25:00 EST,42.32030,-76.20319,1291,37.2,37.7,30.9,62.6,25.6,0.000,0.000,0.00,0.000,8.6,12.9,1.9,140,12,9.4,14.5,2.1,137,11,8.6,12.9,1.9,140,12,0,29.24,,,,,37.2,40.3,42.5,,,
BERK,2015-11-25 22:30:00 EST,42.32030,-76.20319,1291,37.1,37.6,31.0,63.0,25.7,0.000,0.000,0.00,0.000,8.3,14.6,2.4,137,12,9.1,16.3,2.5,135,11,8.3,14.6,2.4,137,12,0,29.24,,,,,37.2,40.2,42.5,,,
BERK,2015-11-25 22:35:00 EST,42.32030,-76.20319,1291,37.0,37.5,31.1,63.1,25.6,0.000,0.000,0.00,0.000,7.7,12.1,2.1,136,12,8.5,12.8,2.1,134,10,7.7,12.1,2.1,136,12,0,29.25,,,,,37.2,40.3,42.5,,,
BERK,2015-11-25 22:40:00 EST,42.32030,-76.20319,1291,36.8,37.3,31.1,63.7,25.7,0.000,0.000,0.00,0.000,7.4,11.0,1.7,137,13,8.1,11.9,1.9,136,11,7.4,11.0,1.7,137,13,0,29.25,,,,,37.2,40.3,42.5,,,
BERK,2015-11-25 22:45:00 EST,42.32030,-76.20319,1291,36.8,37.3,31.1,63.7,25.6,0.000,0.000,0.00,0.000,7.3,11.8,1.7,139,10,8.0,13.0,1.8,137,10,7.3,11.8,1.7,139,10,0,29.25,,,,,37.2,40.3,42.5,,,
BERK,2015-11-25 22:50:00 EST,42.32030,-76.20319,1291,36.8,37.4,31.1,63.8,25.7,0.000,0.000,0.00,0.000,7.4,12.3,2.1,133,11,8.2,13.2,2.2,131,9,7.4,12.3,2.1,133,11,0,29.25,,,,,37.2,40.3,42.5,,,
BERK,2015-11-25 22:55:00 EST,42.32030,-76.20319,1291,36.6,37.2,30.3,64.5,25.7,0.000,0.000,0.00,0.000,8.2,10.9,1.4,136,13,8.8,12.5,1.6,134,12,8.2,10.9,1.4,136,13,0,29.25,,,,,37.2,40.3,42.5,,,
BERK,2015-11-25 23:00:00 EST,42.32030,-76.20319,1291,36.7,37.2,30.8,64.5,25.8,0.000,0.000,0.00,0.000,7.6,13.4,2.3,134,15,8.2,15.7,2.5,133,12,7.6,13.4,2.3,134,15,0,29.25,,,,,37.2,40.3,42.5,,,
BERK,2015-11-25 23:05:00 EST,42.32030,-76.20319,1291,36.8,37.3,30.8,64.5,25.9,0.000,0.000,0.00,0.000,7.7,12.1,1.6,139,12,8.3,13.6,1.9,138,12,7.7,12.1,1.6,139,12,0,29.25,,,,,37.2,40.3,42.5,,,
BERK,2015-11-25 23:10:00 EST,42.32030,-76.20319,1291,37.0,37.5,31.0,64.1,26.0,0.000,0.000,0.00,0.000,7.9,11.8,1.9,139,13,8.5,14.1,1.9,137,12,7.9,11.8,1.9,139,13,0,29.25,,,,,37.2,40.3,42.5,,,
BERK,2015-11-25 23:15:00 EST,42.32030,-76.20319,1291,37.1,37.6,31.5,64.0,26.1,0.000,0.000,0.00,0.000,7.2,11.0,1.6,138,15,7.9,13.0,1.7,136,15,7.2,11.0,1.6,138,15,0,29.25,,,,,37.2,40.3,42.5,,,
BERK,2015-11-25 23:20:00 EST,42.32030,-76.20319,1291,36.9,37.4,31.2,64.4,26.0,0.000,0.000,0.00,0.000,7.3,12.9,1.9,139,12,7.8,13.9,2.2,137,12,7.3,12.9,1.9,139,12,0,29.25,,,,,37.2,40.2,42.5,,,
BERK,2015-11-25 23:25:00 EST,42.32030,-76.20319,1291,37.1,37.5,31.3,64.0,26.0,0.000,0.000,0.00,0.000,7.5,11.1,2.0,137,14,8.0,13.0,2.2,135,13,7.5,11.1,2.0,137,14,0,29.25,,,,,37.2,40.3,42.5,,,
BERK,2015-11-25 23:30:00 EST,42.32030,-76.20319,1291,36.9,37.5,31.6,64.5,26.1,0.000,0.000,0.00,0.000,6.8,12.6,1.8,135,16,7.4,13.4,1.9,133,15,6.8,12.6,1.8,135,16,0,29.25,,,,,37.2,40.3,42.5,,,
BERK,2015-11-25 23:35:00 EST,42.32030,-76.20319,1291,36.9,37.5,31.5,64.3,26.0,0.000,0.000,0.00,0.000,6.8,12.6,2.1,136,15,7.5,14.1,2.2,134,15,6.8,12.6,2.1,136,15,0,29.25,,,,,37.2,40.3,42.5,,,
BERK,2015-11-25 23:40:00 EST,42.32030,-76.20319,1291,36.6,37.3,31.3,64.8,25.9,0.000,0.000,0.00,0.000,6.7,10.8,1.5,137,14,7.3,11.4,1.6,135,13,6.7,10.8,1.5,137,14,0,29.25,,,,,37.2,40.3,42.5,,,
BERK,2015-11-25 23:45:00 EST,42.32030,-76.20319,1291,36.7,37.3,31.3,64.7,26.0,0.000,0.000,0.00,0.000,6.8,11.9,1.8,133,14,7.6,13.2,2.0,132,15,6.8,11.9,1.8,133,14,0,29.25,,,,,37.2,40.3,42.5,,,
BERK,2015-11-25 23:50:00 EST,42.32030,-76.20319,1291,36.7,37.3,30.2,64.7,25.9,0.000,0.000,0.00,0.000,8.8,12.0,1.3,139,12,9.3,13.9,1.6,138,11,8.8,12.0,1.3,139,12,0,29.25,,,,,37.2,40.3,42.5,,,
BERK,2015-11-25 23:55:00 EST,42.32030,-76.20319,1291,36.7,37.1,29.7,64.7,25.9,0.000,0.000,0.00,0.000,9.6,14.5,1.6,138,12,10.3,15.2,1.7,136,10,9.6,14.5,1.6,138,12,0,29.24,,,,,37.2,40.3,42.5,,,
COLD,2015-11-25 00:00:00 EST,43.26127,-74.97878,1422,31.2,31.4,27.9,89.3,28.5,0.000,0.003,0.00,0.000,3.4,4.5,0.5,175,8,3.9,5.4,0.6,168,9,3.4,4.5,0.5,175,8,0,28.92,,0,0,0,34.2,37.9,41.2,0.19,0.15,0.14
COLD,2015-11-25 00:05:00 EST,43.26127,-74.97878,1422,31.1,31.4,28.0,89.4,28.3,0.000,0.000,0.00,0.000,3.2,4.5,0.5,171,9,3.8,5.6,0.6,163,9,3.2,4.5,0.5,171,9,0,28.92,,0,0,0,34.2,37.9,41.2,0.19,0.14,0.14
COLD,2015-11-25 00:10:00 EST,43.26127,-74.97878,1422,31.0,31.4,31.0,89.6,28.4,0.000,0.000,0.00,0.000,2.7,4.6,0.8,167,12,3.3,4.9,0.8,158,13,2.7,4.6,0.8,167,12,0,28.92,,0,0,0,34.2,37.9,41.2,0.19,0.15,0.14
COLD,2015-11-25 00:15:00 EST,43.26127,-74.97878,1422,30.8,31.4,30.8,89.2,28.0,0.000,0.000,0.00,0.000,2.2,4.2,0.7,154,16,2.6,4.0,0.7,144,17,2.2,4.2,0.7,154,16,0,28.92,,0,0,0,34.2,37.9,41.2,0.19,0.14,0.14
COLD,2015-11-25 00:20:00 EST,43.26127,-74.97878,1422,31.0,31.4,31.0,88.7,28.1,0.000,0.000,0.00,0.000,2.1,3.7,0.8,170,21,2.7,4.5,0.7,161,18,2.1,3.7,0.8,170,21,0,28.92,,0,0,0,34.2,37.9,41.2,0.19,0.14,0.14
COLD,2015-11-25 00:25:00 EST,43.26127,-74.97878,1422,31.2,31.4,31.2,88.0,28.1,0.000,0.000,0.00,0.000,1.6,3.5,0.8,156,13,2.2,4.3,0.7,145,14,1.6,3.5,0.8,156,13,0,28.92,,0,0,0,34.2,37.9,41.2,0.19,0.15,0.14
COLD,2015-11-25 00:30:00 EST,43.26127,-74.97878,1422,31.2,31.4,31.2,87.8,28.0,0.000,0.000,0.00,0.000,1.4,3.1,0.5,151,15,1.8,4.0,0.6,138,16,1.4,3.1,0.5,151,15,0,28.92,,0,0,0,34.1,37.9,41.2,0.19,0.15,0.14
COLD,2015-11-25 00:35:00 EST,43.26127,-74.97878,1422,30.9,31.5,30.9,88.1,27.8,0.000,0.000,0.00,0.000,1.5,3.4,0.6,147,20,2.2,4.7,0.7,135,19,1.5,3.4,0.6,147,20,0,28.92,,0,0,0,34.2,37.9,41.2,0.19,0.14,0.14
COLD,2015-11-25 00:40:00 EST,43.26127,-74.97878,1422,31.2,31.7,31.2,86.9,27.8,0.000,0.000,0.00,0.000,2.3,3.7,0.7,142,19,2.8,4.7,0.8,132,16,2.3,3.7,0.7,142,19,0,28.92,,0,0,0,34.2,37.9,41.2,0.19,0.15,0.14
COLD,2015-11-25 00:45:00 EST,43.26127,-74.97878,1422,30.8,31.5,30.8,87.2,27.5,0.000,0.000,0.00,0.000,2.0,3.1,0.4,133,17,2.6,3.8,0.5,126,14,2.0,3.1,0.4,133,17,0,28.92,,0,0,0,34.2,37.9,41.2,0.19,0.15,0.14
COLD,2015-11-25 00:50:00 EST,43.26127,-74.97878,1422,30.7,31.4,30.7,87.7,27.5,0.000,0.000,0.00,0.000,1.0,2.6,0.5,138,15,1.5,3.8,0.6,130,16,1.0,2.6,0.5,138,15,0,28.92,,0,0,0,34.2,37.9,41.2,0.19,0.15,0.14
COLD,2015-11-25 00:55:00 EST,43.26127,-74.97878,1422,30.4,31.2,30.4,88.6,27.4,0.000,0.000,0.00,0.000,1.1,3.1,0.9,159,15,1.7,3.6,0.8,145,18,1.1,3.1,0.9,159,15,0,28.92,,0,0,0,34.2,37.9,41.2,0.19,0.15,0.14
COLD,2015-11-25 01:00:00 EST,43.26127,-74.97878,1422,30.5,31.1,30.5,88.8,27.7,0.000,0.000,0.00,0.000,0.8,2.3,0.7,152,22,1.6,3.4,0.7,141,27,0.8,2.3,0.7,152,22,0,28.92,,0,0,0,34.2,37.9,41.2,0.19,0.15,0.14
COLD,2015-11-25 01:05:00 EST,43.26127,-74.97878,1422,30.6,31.3,30.6,88.2,27.6,0.000,0.000,0.00,0.000,1.6,2.9,0.6,164,25,2.0,3.6,0.5,153,25,1.6,2.9,0.6,164,25,0,28.93,,0,0,0,34.2,37.9,41.2,0.19,0.14,0.14
COLD,2015-11-25 01:10:00 EST,43.26127,-74.97878,1422,30.3,31.1,30.3,87.0,26.9,0.000,0.000,0.00,0.000,1.0,2.5,0.7,172,11,1.5,2.9,0.6,150,23,1.0,2.5,0.7,172,11,0,28.93,,0,0,0,34.2,37.9,41.2,0.19,0.15,0.14
COLD,2015-11-25 01:15:00 EST,43.26127,-74.97878,1422,30.0,31.0,30.0,89.2,27.2,0.000,0.000,0.00,0.000,0.3,1.2,0.4,160,7,0.9,1.8,0.4,141,24,0.3,1.2,0.4,160,7,0,28.93,,0,0,0,34.3,37.9,41.1,0.19,0.15,0.14
COLD,2015-11-25 01:20:00 EST,43.26127,-74.97878,1422,30.2,31.1,30.2,89.6,27.6,0.000,0.000,0.00,0.000,1.9,3.7,0.8,163,9,2.4,4.3,0.8,152,10,1.9,3.7,0.8,163,9,0,28.93,,0,0,0,34.3,37.9,41.1,0.19,0.15,0.14
COLD,2015-11-25 01:25:00 EST,43.26127,-74.97878,1422,29.8,31.1,29.8,89.0,27.0,0.000,0.000,0.00,0.000,2.4,3.7,0.5,174,13,2.9,4.0,0.6,164,14,2.4,3.7,0.5,174,13,0,28.93,,0,0,0,34.3,37.9,41.1,0.19,0.14,0.14
COLD,2015-11-25 01:30:00 EST,43.26127,-74.97878,1422,30.3,31.3,30.3,89.1,27.5,0.000,0.000,0.00,0.000,2.4,4.1,0.8,167,16,3.0,5.4,1.0,158,15,2.4,4.1,0.8,167,16,0,28.94,,0,0,0,34.3,37.9,41.1,0.19,0.15,0.14
COLD,2015-11-25 01:35:00 EST,43.26127,-74.97878,1422,30.6,31.2,30.6,87.8,27.4,0.000,0.000,0.00,0.000,2.1,4.1,0.8,168,11,2.5,5.4,0.9,156,14,2.1,4.1,0.8,168,11,0,28.94,,0,0,0,34.3,37.9,41.1,0.19,0.15,0.14
COLD,2015-11-25 01:40:00 EST,43.26127,-74.97878,1422,30.8,31.4,30.8,86.4,27.2,0.000,0.000,0.00,0.000,2.4,4.0,0.6,167,15,2.9,4.7,0.7,158,15,2.4,4.0,0.6,167,15,0,28.94,,0,0,0,34.3,37.9,41.1,0.19,0.14,0.14
COLD,2015-11-25 01:45:00 EST,43.26127,-74.97878,1422,30.7,31.4,30.7,85.7,26.9,0.000,0.000,0.00,0.000,2.3,3.5,0.6,173,10,2.6,4.3,0.7,163,11,2.3,3.5,0.6,173,10,0,28.94,,0,0,0,34.3,37.9,41.1,0.19,0.14,0.14
COLD,2015-11-25 01:50:00 EST,43.26127,-74.97878,1422,30.4,31.3,30.4,86.7,26.9,0.000,0.000,0.00,0.000,1.1,2.6,0.5,156,18,1.6,3.6,0.5,141,17,1.1,2.6,0.5,156,18,0,28.94,,0,0,0,34.3,37.9,41.1,0.19,0.15,0.14
COLD,2015-11-25 01:55:00 EST,43.26127,-74.97878,1422,30.8,31.4,30.8,86.1,27.1,0.000,0.000,0.00,0.000,1.7,3.7,0.6,151,18,2.1,4.3,0.6,139,16,1.7,3.7,0.6,151,18,0,28.94,,0,0,0,34.3,37.9,41.1,0.19,0.15,0.14
COLD,2015-11-25 02:00:00 EST,43.26127,-74.97878,1422,30.8,31.5,30.8,84.9,26.8,0.000,0.000,0.00,0.000,1.5,2.6,0.5,134,20,2.0,3.4,0.5,124,18,1.5,2.6,0.5,134,20,0,28.95,,0,0,0,34.3,37.9,41.1,0.19,0.14,0.14
COLD,2015-11-25 02:05:00 EST,43.26127,-74.97878,1422,30.6,31.4,30.6,85.7,26.8,0.000,0.000,0.00,0.000,1.3,2.8,0.9,169,8,1.9,3.6,0.8,152,17,1.3,2.8,0.9,169,8,0,28.95,,0,0,0,34.3,37.9,41.1,0.19,0.14,0.14
COLD,2015-11-25 02:10:00 EST,43.26127,-74.97878,1422,30.4,31.3,30.4,86.6,26.8,0.000,0.000,0.00,0.000,1.2,1.9,0.4,154,14,1.7,2.7,0.4,140,16,1.2,1.9,0.4,154,14,0,28.95,,0,0,0,34.3,37.9,41.1,0.19,0.15,0.14
COLD,2015-11-25 02:15:00 EST,43.26127,-74.97878,1422,29.9,31.0,29.9,88.6,27.0,0.000,0.000,0.00,0.000,0.6,1.8,0.5,134,9,1.4,2.5,0.4,127,15,0.6,1.8,0.5,134,9,0,28.95,,0,0,0,34.3,37.9,41.1,0.19,0.15,0.14
COLD,2015-11-25 02:20:00 EST,43.26127,-74.97878,1422,30.1,31.3,30.1,89.2,27.3,0.000,0.000,0.00,0.000,1.2,2.4,0.4,157,22,1.8,3.4,0.5,141,22,1.2,2.4,0.4,157,22,0,28.96,,0,0,0,34.3,37.9,41.1,0.19,0.14,0.14
COLD,2015-11-25 02:25:00 EST,43.26127,-74.97878,1422,30.1,31.4,30.1,89.0,27.2,0.000,0.000,0.00,0.000,1.2,2.2,0.5,163,13,1.6,2.7,0.5,147,15,1.2,2.2,0.5,163,13,0,28.96,,0,0,0,34.3,37.9,41.1,0.19,0.15,0.14
COLD,2015-11-25 02:30:00 EST,43.26127,-74.97878,1422,29.6,30.8,29.6,89.4,26.9,0.000,0.000,0.00,0.000,0.7,1.3,0.4,124,16,1.5,2.5,0.4,109,16,0.7,1.3,0.4,124,16,0,28.96,,0,0,0,34.3,37.9,41.1,0.19,0.15,0.14
COLD,2015-11-25 02:35:00 EST,43.26127,-74.97878,1422,29.9,31.1,29.9,90.1,27.4,0.000,0.000,0.00,0.000,0.7,1.3,0.4,128,15,1.4,2.2,0.4,120,16,0.7,1.3,0.4,128,15,0,28.96,,0,0,0,34.4,37.9,41.1,0.19,0.14,0.14
COLD,2015-11-25 02:40:00 EST,43.26127,-74.97878,1422,29.7,30.6,29.7,90.4,27.3,0.000,0.000,0.00,0.000,1.0,2.6,0.7,106,12,1.8,3.6,0.6,103,11,1.0,2.6,0.7,106,12,0,28.96,,0,0,0,34.3,37.9,41.0,0.19,0.15,0.14
COLD,2015-11-25 02:45:00 EST,43.26127,-74.97878,1422,29.5,30.1,29.5,91.5,27.3,0.000,0.000,0.00,0.000,1.7,2.9,0.7,112,8,2.4,3.8,0.8,108,7,1.7,2.9,0.7,112,8,0,28.97,,0,0,0,34.3,37.9,41.1,0.19,0.15,0.14
COLD,2015-11-25 02:50:00 EST,43.26127,-74.97878,1422,29.4,30.1,29.4,91.9,27.4,0.000,0.000,0.00,0.000,0.5,1.2,0.4,111,1,1.3,2.0,0.3,115,15,0.5,1.2,0.4,111,1,0,28.97,,0,0,0,34.3,37.9,41.0,0.19,0.15,0.14
COLD,2015-11-25 02:55:00 EST,43.26127,-74.97878,1422,29.5,30.3,29.5,91.7,27.4,0.000,0.000,0.00,0.000,0.6,1.1,0.4,135,14,1.3,1.8,0.3,118,13,0.6,1.1,0.4,135,14,0,28.97,,0,0,0,34.3,37.9,41.1,0.19,0.14,0.14
COLD,2015-11-25 03:00:00 EST,43.26127,-74.97878,1422,28.9,30.4,28.9,91.6,26.8,0.000,0.000,0.00,0.000,0.1,0.6,0.2,122,0,1.1,1.6,0.3,107,26,0.1,0.6,0.2,122,0,0,28.97,,0,0,0,34.4,37.9,41.0,0.19,0.15,0.14
COLD,2015-11-25 03:05:00 EST,43.26127,-74.97878,1422,28.9,30.4,28.9,92.3,26.9,0.000,0.000,0.00,0.000,0.5,1.8,0.6,135,14,1.2,2.5,0.5,117,18,0.5,1.8,0.6,135,14,0,28.97,,0,0,0,34.3,37.9,41.0,0.19,0.15,0.14
COLD,2015-11-25 03:10:00 EST,43.26127,-74.97878,1422,29.0,30.9,29.0,92.5,27.2,0.000,0.000,0.00,0.000,1.1,2.3,0.5,138,20,1.8,2.9,0.5,129,18,1.1,2.3,0.5,138,20,0,28.97,,0,0,0,34.3,37.9,41.0,0.19,0.15,0.14
COLD,2015-11-25 03:15:00 EST,43.26127,-74.97878,1422,29.0,31.1,29.0,91.7,26.9,0.000,0.000,0.00,0.000,1.0,1.8,0.3,134,17,1.7,2.9,0.4,124,15,1.0,1.8,0.3,134,17,0,28.97,,0,0,0,34.3,37.9,41.0,0.19,0.15,0.14
COLD,2015-11-25 03:20:00 EST,43.26127,-74.97878,1422,28.9,30.8,28.9,91.6,26.8,0.000,0.000,0.00,0.000,1.1,1.8,0.3,124,20,1.7,3.1,0.5,118,15,1.1,1.8,0.3,124,20,0,28.97,,0,0,0,34.3,37.9,41.0,0.19,0.15,0.14
COLD,2015-11-25 03:25:00 EST,43.26127,-74.97878,1422,29.2,30.1,29.2,91.8,27.1,0.000,0.000,0.00,0.000,1.4,2.3,0.5,118,13,2.0,3.6,0.5,111,10,1.4,2.3,0.5,118,13,0,28.98,,0,0,0,34.3,37.9,41.0,0.19,0.15,0.14
COLD,2015-11-25 03:30:00 EST,43.26127,-74.97878,1422,28.3,29.8,28.3,90.8,26.0,0.000,0.000,0.00,0.000,1.7,3.1,0.8,103,6,2.5,4.0,0.8,99,5,1.7,3.1,0.8,103,6,0,28.98,,0,0,0,34.4,37.9,41.0,0.19,0.14,0.14
COLD,2015-11-25 03:35:00 EST,43.26127,-74.97878,1422,28.8,29.7,28.8,93.1,27.0,0.000,0.000,0.00,0.000,2.1,3.1,0.6,104,6,2.9,4.3,0.7,101,6,2.1,3.1,0.6,104,6,0,28.99,,0,0,0,34.3,37.9,41.0,0.19,0.15,0.14
COLD,2015-11-25 03:40:00 EST,43.26127,-74.97878,1422,28.8,29.8,28.8,92.7,27.0,0.000,0.000,0.00,0.000,2.2,3.0,0.5,105,5,3.0,4.0,0.6,102,6,2.2,3.0,0.5,105,5,0,28.99,,0,0,0,34.3,37.9,41.0,0.19,0.15,0.14
COLD,2015-11-25 03:45:00 EST,43.26127,-74.97878,1422,29.1,29.8,29.1,92.2,27.1,0.000,0.000,0.00,0.000,2.6,3.3,0.3,99,3,3.4,4.3,0.4,97,3,2.6,3.3,0.3,99,3,0,28.99,,0,0,0,34.3,37.9,41.0,0.19,0.14,0.14
COLD,2015-11-25 03:50:00 EST,43.26127,-74.97878,1422,28.9,29.8,28.9,92.0,26.9,0.000,0.000,0.00,0.000,2.5,2.9,0.3,102,5,3.2,3.8,0.3,100,5,2.5,2.9,0.3,102,5,0,28.99,,0,0,0,34.3,37.9,41.0,0.19,0.15,0.14
COLD,2015-11-25 03:55:00 EST,43.26127,-74.97878,1422,28.9,30.1,28.9,92.3,26.9,0.000,0.000,0.00,0.000,2.2,2.9,0.5,104,7,3.0,3.8,0.7,103,8,2.2,2.9,0.5,104,7,0,28.99,,0,0,0,34.4,37.9,41.0,0.19,0.15,0.14
COLD,2015-11-25 04:00:00 EST,43.26127,-74.97878,1422,28.5,29.8,28.5,91.9,26.4,0.000,0.000,0.00,0.000,1.3,2.3,0.3,112,12,2.0,3.1,0.3,105,9,1.3,2.3,0.3,112,12,0,29.00,,0,0,0,34.4,37.9,41.0,0.19,0.15,0.14
COLD,2015-11-25 04:05:00 EST,43.26127,-74.97878,1422,29.2,30.2,29.2,92.4,27.3,0.000,0.000,0.00,0.000,1.8,2.8,0.5,114,9,2.5,4.0,0.5,111,9,1.8,2.8,0.5,114,9,0,29.00,,0,0,0,34.4,37.9,41.0,0.19,0.15,0.14
COLD,2015-11-25 04:10:00 EST,43.26127,-74.97878,1422,28.2,29.8,28.2,90.4,25.7,0.000,0.000,0.00,0.000,0.8,1.8,0.4,127,20,1.6,2.7,0.5,112,22,0.8,1.8,0.4,127,20,0,29.00,,0,0,0,34.4,37.9,41.0,0.19,0.15,0.14
COLD,2015-11-25 04:15:00 EST,43.26127,-74.97878,1422,28.5,29.9,28.5,91.9,26.5,0.000,0.000,0.00,0.000,1.1,1.7,0.2,113,10,1.9,2.7,0.3,105,11,1.1,1.7,0.2,113,10,0,29.00,,0,0,0,34.3,37.9,41.0,0.19,0.15,0.14
COLD,2015-11-25 04:20:00 EST,43.26127,-74.97878,1422,28.2,30.3,28.2,92.9,26.4,0.000,0.000,0.00,0.000,1.3,1.5,0.2,102,11,2.1,2.7,0.2,99,11,1.3,1.5,0.2,102,11,0,29.00,,0,0,0,34.4,37.9,41.0,0.19,0.15,0.14
COLD,2015-11-25 04:25:00 EST,43.26127,-74.97878,1422,28.7,30.2,28.7,92.2,26.7,0.000,0.000,0.00,0.000,1.9,2.8,0.7,90,7,2.8,3.8,0.7,89,9,1.9,2.8,0.7,90,7,0,29.01,,0,0,0,34.3,37.8,41.0,0.19,0.15,0.14
COLD,2015-11-25 04:30:00 EST,43.26127,-74.97878,1422,29.1,30.0,29.1,91.5,26.9,0.000,0.000,0.00,0.000,2.6,2.8,0.2,91,6,3.4,4.0,0.3,90,7,2.6,2.8,0.2,91,6,0,29.01,,0,0,0,34.4,37.9,41.0,0.19,0.15,0.14
COLD,2015-11-25 04:35:00 EST,43.26127,-74.97878,1422,29.5,30.3,29.5,90.2,27.0,0.000,0.000,0.00,0.000,2.7,2.9,0.1,100,1,3.7,4.0,0.2,98,2,2.7,2.9,0.1,100,1,0,29.01,,0,0,0,34.4,37.9,41.0,0.19,0.15,0.14
COLD,2015-11-25 04:40:00 EST,43.26127,-74.97878,1422,29.3,30.1,29.3,89.2,26.6,0.000,0.000,0.00,0.000,1.7,2.7,0.5,113,10,2.4,3.8,0.7,109,9,1.7,2.7,0.5,113,10,0,29.01,,0,0,0,34.4,37.9,41.0,0.19,0.15,0.14
COLD,2015-11-25 04:45:00 EST,43.26127,-74.97878,1422,28.5,30.2,28.5,89.8,25.9,0.000,0.000,0.00,0.000,1.1,1.8,0.3,117,5,1.8,2.5,0.3,111,8,1.1,1.8,0.3,117,5,0,29.01,,0,0,0,34.4,37.8,41.0,0.19,0.14,0.14
COLD,2015-11-25 04:50:00 EST,43.26127,-74.97878,1422,28.1,30.2,28.1,91.6,26.0,0.000,0.000,0.00,0.000,1.1,1.7,0.2,112,3,1.9,2.7,0.2,105,6,1.1,1.7,0.2,112,3,0,29.02,,0,0,0,34.4,37.9,41.0,0.19,0.15,0.14
COLD,2015-11-25 04:55:00 EST,43.26127,-74.97878,1422,27.1,30.1,27.1,91.3,24.9,0.000,0.000,0.00,0.000,0.8,1.2,0.2,114,16,1.5,2.0,0.2,103,17,0.8,1.2,0.2,114,16,0,29.02,,0,0,0,34.4,37.9,41.0,0.19,0.15,0.14
COLD,2015-11-25 05:00:00 EST,43.26127,-74.97878,1422,26.0,29.9,26.0,91.2,23.8,0.000,0.000,0.00,0.000,1.3,2.0,0.5,90,8,2.1,2.9,0.5,89,8,1.3,2.0,0.5,90,8,0,29.02,,0,0,0,34.4,37.9,41.0,0.19,0.15,0.14
COLD,2015-11-25 05:05:00 EST,43.26127,-74.97878,1422,26.1,29.8,26.1,93.1,24.3,0.000,0.000,0.00,0.000,1.6,2.3,0.3,105,11,2.3,3.1,0.4,104,9,1.6,2.3,0.3,105,11,0,29.02,,0,0,0,34.4,37.9,41.0,0.19,0.15,0.14
COLD,2015-11-25 05:10:00 EST,43.26127,-74.97878,1422,27.3,30.1,27.3,95.7,26.2,0.000,0.000,0.00,0.000,1.1,2.0,0.3,130,8,1.6,2.5,0.3,118,9,1.1,2.0,0.3,130,8,0,29.02,,0,0,0,34.4,37.9,41.0,0.19,0.15,0.14
COLD,2015-11-25 05:15:00 EST,43.26127,-74.97878,1422,27.2,29.9,27.2,93.0,25.5,0.000,0.000,0.00,0.000,1.2,1.8,0.3,120,14,1.9,2.5,0.3,112,11,1.2,1.8,0.3,120,14,0,29.02,,0,0,0,34.4,37.8,41.0,0.19,0.15,0.14
COLD,2015-11-25 05:20:00 EST,43.26127,-74.97878,1422,26.8,29.7,26.8,92.8,25.0,0.000,0.000,0.00,0.000,1.1,1.8,0.3,133,13,1.6,2.2,0.3,123,11,1.1,1.8,0.3,133,13,0,29.02,,0,0,0,34.4,37.8,41.0,0.19,0.14,0.14
COLD,2015-11-25 05:25:00 EST,43.26127,-74.97878,1422,26.8,29.1,26.8,93.4,25.1,0.000,0.000,0.00,0.000,0.4,1.3,0.4,121,17,1.3,2.2,0.4,113,21,0.4,1.3,0.4,121,17,0,29.02,,0,0,0,34.4,37.8,41.0,0.19,0.15,0.14
COLD,2015-11-25 05:30:00 EST,43.26127,-74.97878,1422,27.4,29.6,27.4,94.1,25.9,0.000,0.000,0.00,0.000,1.4,3.7,0.9,134,23,2.0,3.6,0.8,123,25,1.4,3.7,0.9,134,23,0,29.03,,0,0,0,34.4,37.8,41.0,0.18,0.15,0.14
COLD,2015-11-25 05:35:00 EST,43.26127,-74.97878,1422,27.3,30.0,27.3,93.0,25.5,0.000,0.000,0.00,0.000,1.5,3.2,0.7,152,20,2.1,4.0,0.7,142,20,1.5,3.2,0.7,152,20,0,29.03,,0,0,0,34.4,37.8,41.0,0.19,0.15,0.14
COLD,2015-11-25 05:40:00 EST,43.26127,-74.97878,1422,27.6,29.9,27.6,92.3,25.7,0.000,0.000,0.00,0.000,0.9,3.1,1.0,156,22,1.7,4.9,0.9,138,30,0.9,3.1,1.0,156,22,0,29.03,,0,0,0,34.4,37.8,41.0,0.18,0.15,0.14
COLD,2015-11-25 05:45:00 EST,43.26127,-74.97878,1422,25.5,29.9,25.5,88.7,22.6,0.000,0.000,0.00,0.000,1.1,3.4,0.8,148,23,1.8,4.9,0.9,132,23,1.1,3.4,0.8,148,23,0,29.03,,0,0,0,34.4,37.8,41.0,0.18,0.14,0.14
COLD,2015-11-25 05:50:00 EST,43.26127,-74.97878,1422,24.0,30.2,24.0,90.6,21.6,0.000,0.000,0.00,0.000,1.8,4.4,0.8,143,24,2.4,5.4,0.8,132,20,1.8,4.4,0.8,143,24,0,29.04,,0,0,0,34.4,37.9,41.0,0.18,0.15,0.14
COLD,2015-11-25 05:55:00 EST,43.26127,-74.97878,1422,25.3,29.8,25.3,92.5,23.4,0.000,0.000,0.00,0.000,1.8,5.7,1.1,155,17,2.4,6.3,1.1,145,17,1.8,5.7,1.1,155,17,0,29.04,,0,0,0,34.4,37.8,41.0,0.18,0.15,0.14
COLD,2015-11-25 06:00:00 EST,43.26127,-74.97878,1422,27.6,29.6,27.6,92.5,25.7,0.000,0.000,0.00,0.000,1.4,4.0,0.7,132,22,2.0,4.9,0.8,124,21,1.4,4.0,0.7,132,22,0,29.04,,0,0,0,34.4,37.8,41.0,0.18,0.15,0.14
COLD,2015-11-25 06:05:00 EST,43.26127,-74.97878,1422,28.0,29.5,28.0,90.6,25.6,0.000,0.000,0.00,0.000,1.4,2.6,0.5,138,23,1.9,3.6,0.6,128,21,1.4,2.6,0.5,138,23,0,29.04,,0,0,0,34.4,37.8,41.0,0.18,0.14,0.14
COLD,2015-11-25 06:10:00 EST,43.26127,-74.97878,1422,27.8,29.4,27.8,91.0,25.5,0.000,0.000,0.00,0.000,1.8,4.2,0.7,141,25,2.3,5.1,0.7,130,19,1.8,4.2,0.7,141,25,0,29.04,,0,0,0,34.4,37.8,41.0,0.18,0.15,0.14
COLD,2015-11-25 06:15:00 EST,43.26127,-74.97878,1422,27.4,29.0,27.4,90.8,25.1,0.000,0.000,0.00,0.000,1.7,4.4,1.0,141,20,2.2,4.7,1.0,132,20,1.7,4.4,1.0,141,20,0,29.05,,0,0,0,34.4,37.8,41.0,0.18,0.15,0.14
COLD,2015-11-25 06:20:00 EST,43.26127,-74.97878,1422,27.7,29.5,27.7,90.4,25.3,0.000,0.000,0.00,0.000,2.0,3.9,0.9,153,21,2.7,5.1,1.0,143,19,2.0,3.9,0.9,153,21,0,29.04,,0,0,0,34.4,37.8,41.0,0.18,0.15,0.14
COLD,2015-11-25 06:25:00 EST,43.26127,-74.97878,1422,27.4,29.1,27.4,90.4,25.0,0.000,0.000,0.00,0.000,1.4,3.8,0.8,143,20,2.0,4.5,0.9,132,19,1.4,3.8,0.8,143,20,0,29.05,,0,0,0,34.3,37.8,41.0,0.18,0.15,0.14
COLD,2015-11-25 06:30:00 EST,43.26127,-74.97878,1422,27.2,29.2,27.2,90.2,24.8,0.000,0.000,0.00,0.000,2.2,4.7,1.0,165,25,2.7,5.1,1.0,155,26,2.2,4.7,1.0,165,25,0,29.05,,0,0,0,34.4,37.8,41.0,0.18,0.15,0.14
COLD,2015-11-25 06:35:00 EST,43.26127,-74.97878,1422,25.9,28.9,25.9,89.8,23.4,0.000,0.000,0.00,0.000,1.7,3.7,0.9,157,27,2.3,5.1,1.0,146,24,1.7,3.7,0.9,157,27,0,29.05,,0,0,0,34.4,37.8,41.0,0.18,0.15,0.14
COLD,2015-11-25 06:40:00 EST,43.26127,-74.97878,1422,25.7,29.1,25.7,92.1,23.7,0.000,0.000,0.00,0.000,1.9,4.4,1.0,147,26,2.5,4.9,0.9,135,25,1.9,4.4,1.0,147,26,0,29.05,,0,0,0,34.3,37.8,41.0,0.18,0.15,0.14
COLD,2015-11-25 06:45:00 EST,43.26127,-74.97878,1422,26.3,28.8,26.3,93.7,24.7,0.000,0.000,0.00,0.000,2.0,4.7,0.9,127,21,2.7,5.4,1.0,120,18,2.0,4.7,0.9,127,21,0,29.05,,0,0,0,34.3,37.8,40.9,0.18,0.15,0.14
COLD,2015-11-25 06:50:00 EST,43.26127,-74.97878,1422,26.2,28.1,26.2,93.7,24.6,0.000,0.000,0.00,0.000,2.1,3.7,0.9,113,16,2.8,4.7,1.1,110,18,2.1,3.7,0.9,113,16,1,29.05,,0,0,0,34.3,37.8,41.0,0.18,0.15,0.14
COLD,2015-11-25 06:55:00 EST,43.26127,-74.97878,1422,25.3,27.9,25.3,93.2,23.6,0.000,0.000,0.00,0.000,2.4,3.7,0.5,106,13,3.2,5.1,0.7,102,11,2.4,3.7,0.5,106,13,1,29.06,,0,0,0,34.3,37.8,41.0,0.18,0.15,0.14
COLD,2015-11-25 07:00:00 EST,43.26127,-74.97878,1422,24.3,27.1,24.3,92.7,22.5,0.000,0.000,0.00,0.000,1.5,2.5,0.3,107,10,2.2,3.4,0.4,103,10,1.5,2.5,0.3,107,10,2,29.06,,0,0,0,34.4,37.8,41.0,0.18,0.15,0.14
COLD,2015-11-25 07:05:00 EST,43.26127,-74.97878,1422,24.9,27.2,24.9,95.0,23.7,0.000,0.000,0.00,0.000,1.2,2.0,0.3,112,13,2.0,2.9,0.4,106,14,1.2,2.0,0.3,112,13,4,29.06,,0,0,0,34.3,37.8,40.9,0.18,0.15,0.14
COLD,2015-11-25 07:10:00 EST,43.26127,-74.97878,1422,25.7,28.1,25.7,96.7,24.9,0.000,0.000,0.00,0.000,1.6,3.1,0.5,112,8,2.3,4.0,0.7,108,9,1.6,3.1,0.5,112,8,6,29.06,,0,0,0,34.4,37.8,40.9,0.18,0.15,0.14
COLD,2015-11-25 07:15:00 EST,43.26127,-74.97878,1422,26.1,28.4,26.1,96.1,25.2,0.000,0.000,0.00,0.000,2.9,3.7,0.7,96,6,3.6,4.7,0.6,95,5,2.9,3.7,0.7,96,6,9,29.06,,0,0,0,34.4,37.8,40.9,0.18,0.15,0.14
COLD,2015-11-25 07:20:00 EST,43.26127,-74.97878,1422,25.4,28.3,25.4,94.1,24.0,0.000,0.000,0.00,0.000,2.6,3.9,0.7,102,4,3.4,4.7,0.8,99,4,2.6,3.9,0.7,102,4,12,29.07,,0,0,0,34.4,37.8,40.9,0.18,0.15,0.14
COLD,2015-11-25 07:25:00 EST,43.26127,-74.97878,1422,24.3,28.0,24.3,92.1,22.3,0.000,0.000,0.00,0.000,1.3,1.9,0.3,107,0,2.2,2.9,0.3,105,4,1.3,1.9,0.3,107,0,15,29.07,,0,0,0,34.3,37.8,40.9,0.18,0.15,0.14
COLD,2015-11-25 07:30:00 EST,43.26127,-74.97878,1422,26.1,28.1,26.1,95.8,25.1,0.000,0.000,0.00,0.000,1.6,2.4,0.3,116,11,2.2,3.1,0.5,113,9,1.6,2.4,0.3,116,11,18,29.08,,0,0,0,34.3,37.8,40.9,0.18,0.15,0.14
COLD,2015-11-25 07:35:00 EST,43.26127,-74.97878,1422,26.2,28.0,26.2,94.5,24.8,0.000,0.000,0.00,0.000,1.2,1.7,0.2,134,5,1.7,2.5,0.3,123,6,1.2,1.7,0.2,134,5,22,29.08,,0,0,0,34.3,37.8,40.9,0.18,0.15,0.14
COLD,2015-11-25 07:40:00 EST,43.26127,-74.97878,1422,25.5,28.0,25.5,93.6,24.0,0.000,0.000,0.00,0.000,1.2,1.7,0.2,118,3,1.9,2.5,0.2,110,5,1.2,1.7,0.2,118,3,26,29.08,,0,0,0,34.3,37.8,40.9,0.18,0.15,0.14
COLD,2015-11-25 07:45:00 EST,43.26127,-74.97878,1422,24.4,28.0,24.4,93.3,22.8,0.000,0.000,0.00,0.000,1.1,1.5,0.2,114,5,1.9,2.2,0.2,107,7,1.1,1.5,0.2,114,5,30,29.08,,0,0,0,34.3,37.8,40.9,0.18,0.15,0.14
COLD,2015-11-25 07:50:00 EST,43.26127,-74.97878,1422,23.4,27.8,23.4,91.0,21.2,0.000,0.000,0.00,0.000,1.1,1.5,0.2,115,4,1.8,2.5,0.2,106,7,1.1,1.5,0.2,115,4,33,29.09,,0,0,0,34.3,37.8,40.9,0.18,0.15,0.14
COLD,2015-11-25 07:55:00 EST,43.26127,-74.97878,1422,24.7,27.7,24.7,95.2,23.5,0.000,0.000,0.00,0.000,2.7,3.8,0.9,101,3,3.6,4.7,0.9,98,3,2.7,3.8,0.9,101,3,39,29.09,,0,0,0,34.3,37.8,40.9,0.18,0.15,0.14
COLD,2015-11-25 08:00:00 EST,43.26127,-74.97878,1422,26.2,27.6,21.4,94.9,25.0,0.000,0.000,0.00,0.000,4.0,4.5,0.3,101,2,5.0,5.8,0.3,98,2,4.0,4.5,0.3,101,2,41,29.09,,0,0,0,34.3,37.8,40.9,0.18,0.15,0.14
COLD,2015-11-25 08:05:00 EST,43.26127,-74.97878,1422,26.3,27.3,20.9,93.7,24.7,0.000,0.000,0.00,0.000,4.4,5.0,0.3,101,2,5.4,6.0,0.4,98,2,4.4,5.0,0.3,101,2,41,29.09,,0,0,0,34.3,37.8,40.9,0.18,0.15,0.14
COLD,2015-11-25 08:10:00 EST,43.26127,-74.97878,1422,26.4,27.3,21.3,93.8,24.9,0.000,0.000,0.00,0.000,4.3,4.8,0.3,98,2,5.1,6.0,0.4,96,2,4.3,4.8,0.3,98,2,47,29.09,,0,0,0,34.3,37.7,40.8,0.18,0.15,0.14
COLD,2015-11-25 08:15:00 EST,43.26127,-74.97878,1422,26.7,27.4,22.1,94.2,25.2,0.000,0.000,0.00,0.000,3.8,4.4,0.3,99,3,4.7,5.4,0.4,96,3,3.8,4.4,0.3,99,3,62,29.09,,0,0,0,34.3,37.8,40.9,0.18,0.15,0.14
COLD,2015-11-25 08:20:00 EST,43.26127,-74.97878,1422,27.0,27.6,23.0,94.1,25.5,0.000,0.000,0.00,0.000,3.5,4.2,0.4,95,3,4.1,5.4,0.5,94,3,3.5,4.2,0.4,95,3,65,29.09,,0,0,0,34.3,37.8,40.8,0.18,0.15,0.14
COLD,2015-11-25 08:25:00 EST,43.26127,-74.97878,1422,27.6,28.1,27.6,93.3,25.9,0.000,0.000,0.00,0.000,2.8,3.7,0.5,99,4,3.6,4.9,0.5,97,3,2.8,3.7,0.5,99,4,67,29.09,,0,0,0,34.3,37.8,40.8,0.18,0.15,0.14
COLD,2015-11-25 08:30:00 EST,43.26127,-74.97878,1422,28.1,28.6,28.1,91.1,25.8,0.000,0.000,0.00,0.000,1.9,2.9,0.4,103,7,2.7,3.8,0.5,101,7,1.9,2.9,0.4,103,7,80,29.10,,0,0,0,34.3,37.8,40.8,0.18,0.15,0.14
COLD,2015-11-25 08:35:00 EST,43.26127,-74.97878,1422,28.5,29.0,28.5,89.7,25.9,0.000,0.000,0.00,0.000,1.9,2.9,0.4,100,4,2.7,3.8,0.5,99,5,1.9,2.9,0.4,100,4,77,29.10,,0,0,0,34.2,37.8,40.9,0.18,0.15,0.14
COLD,2015-11-25 08:40:00 EST,43.26127,-74.97878,1422,29.0,29.4,29.0,89.7,26.3,0.000,0.000,0.00,0.000,1.7,2.7,0.7,98,7,2.4,3.8,0.7,96,8,1.7,2.7,0.7,98,7,154,29.10,,0,0,0,34.2,37.8,40.8,0.18,0.15,0.14
COLD,2015-11-25 08:45:00 EST,43.26127,-74.97878,1422,29.8,29.9,29.8,87.8,26.6,0.000,0.000,0.00,0.000,1.3,2.4,0.5,107,12,2.0,3.1,0.5,102,11,1.3,2.4,0.5,107,12,134,29.10,,0,0,0,34.2,37.8,40.8,0.18,0.15,0.14
COLD,2015-11-25 08:50:00 EST,43.26127,-74.97878,1422,30.3,30.8,30.3,84.7,26.3,0.000,0.000,0.00,0.000,2.0,4.1,1.0,152,34,2.6,5.6,1.0,142,31,2.0,4.1,1.0,152,34,133,29.10,,0,0,0,34.2,37.8,40.9,0.18,0.15,0.14
COLD,2015-11-25 08:55:00 EST,43.26127,-74.97878,1422,31.2,31.9,31.2,81.5,26.2,0.000,0.000,0.00,0.000,2.8,4.9,1.0,160,20,3.4,6.9,1.2,154,21,2.8,4.9,1.0,160,20,254,29.10,,0,0,0,34.2,37.8,40.8,0.18,0.15,0.14
COLD,2015-11-25 09:00:00 EST,43.26127,-74.97878,1422,32.4,32.6,28.0,77.9,26.3,0.000,0.000,0.00,0.000,4.5,7.2,1.5,168,14,5.1,8.5,1.6,163,14,4.5,7.2,1.5,168,14,268,29.10,,0,0,0,34.2,37.8,40.8,0.18,0.15,0.14
COLD,2015-11-25 09:05:00 EST,43.26127,-74.97878,1422,32.9,32.9,29.6,76.5,26.4,0.000,0.000,0.00,0.000,3.6,6.2,1.0,173,19,4.2,8.3,1.2,165,19,3.6,6.2,1.0,173,19,275,29.11,,0,0,0,34.2,37.8,40.8,0.18,0.15,0.14
COLD,2015-11-25 09:10:00 EST,43.26127,-74.97878,1422,33.3,33.1,29.9,75.2,26.3,0.000,0.000,0.00,0.000,3.7,7.1,1.1,176,18,4.3,8.3,1.3,168,17,3.7,7.1,1.1,176,18,281,29.11,,0,0,0,34.2,37.8,40.8,0.18,0.15,0.14
COLD,2015-11-25 09:15:00 EST,43.26127,-74.97878,1422,33.7,33.3,28.8,74.7,26.5,0.000,0.000,0.00,0.000,5.2,9.3,1.6,184,12,5.8,9.8,1.6,178,13,5.2,9.3,1.6,184,12,289,29.11,,0,0,0,34.2,37.7,40.8,0.18,0.15,0.14
COLD,2015-11-25 09:20:00 EST,43.26127,-74.97878,1422,34.0,33.5,28.1,74.9,26.9,0.000,0.000,0.00,0.000,6.7,10.1,1.7,175,13,7.3,10.7,1.8,170,13,6.7,10.1,1.7,175,13,299,29.11,,0,0,0,34.2,37.8,40.8,0.18,0.15,0.14
COLD,2015-11-25 09:25:00 EST,43.26127,-74.97878,1422,34.2,33.6,29.3,73.1,26.5,0.000,0.000,0.00,0.000,5.4,8.8,1.6,167,17,6.0,10.3,1.9,163,17,5.4,8.8,1.6,167,17,310,29.11,,0,0,0,34.2,37.8,40.8,0.18,0.15,0.14
COLD,2015-11-25 09:30:00 EST,43.26127,-74.97878,1422,34.4,33.8,30.1,73.1,26.7,0.000,0.000,0.00,0.000,4.8,7.3,1.4,164,16,5.6,8.5,1.5,159,16,4.8,7.3,1.4,164,16,322,29.11,,0,0,0,34.2,37.8,40.8,0.18,0.15,0.14
COLD,2015-11-25 09:35:00 EST,43.26127,-74.97878,1422,34.6,33.9,29.9,73.1,26.9,0.000,0.000,0.00,0.000,5.3,8.8,1.7,159,24,6.2,9.6,1.8,156,22,5.3,8.8,1.7,159,24,330,29.12,,0,0,0,34.2,37.8,40.8,0.18,0.15,0.14
COLD,2015-11-25 09:40:00 EST,43.26127,-74.97878,1422,34.7,34.0,29.8,72.5,26.7,0.000,0.000,0.00,0.000,5.5,7.6,1.1,166,19,6.1,9.4,1.3,160,18,5.5,7.6,1.1,166,19,341,29.12,,0,0,0,34.2,37.8,40.8,0.18,0.15,0.14
COLD,2015-11-25 09:45:00 EST,43.26127,-74.97878,1422,35.0,34.2,31.4,71.9,26.9,0.000,0.000,0.00,0.000,4.2,7.7,1.5,159,21,5.1,8.5,1.5,154,19,4.2,7.7,1.5,159,21,350,29.12,,0,0,0,34.2,37.8,40.8,0.18,0.15,0.14
COLD,2015-11-25 09:50:00 EST,43.26127,-74.97878,1422,35.3,34.4,31.6,72.6,27.4,0.000,0.000,0.00,0.000,4.4,8.8,2.0,169,21,5.2,10.7,2.3,163,21,4.4,8.8,2.0,169,21,360,29.12,,0,0,0,34.2,37.8,40.8,0.18,0.15,0.14
COLD,2015-11-25 09:55:00 EST,43.26127,-74.97878,1422,35.4,34.5,31.1,71.9,27.2,0.000,0.000,0.00,0.000,5.0,9.3,2.1,170,19,5.8,9.8,1.9,163,19,5.0,9.3,2.1,170,19,352,29.13,,0,0,0,34.2,37.8,40.8,0.18,0.15,0.14
COLD,2015-11-25 10:00:00 EST,43.26127,-74.97878,1422,35.3,34.5,29.6,71.5,27.1,0.000,0.000,0.00,0.000,6.8,8.8,1.3,169,15,7.7,10.3,1.4,166,13,6.8,8.8,1.3,169,15,358,29.13,,0,0,0,34.2,37.8,40.8,0.18,0.15,0.14
COLD,2015-11-25 10:05:00 EST,43.26127,-74.97878,1422,35.5,34.7,30.4,71.0,27.1,0.000,0.000,0.00,0.000,6.0,8.5,1.2,169,12,6.7,9.6,1.4,165,12,6.0,8.5,1.2,169,12,362,29.13,,0,0,0,34.2,37.7,40.8,0.18,0.15,0.14
COLD,2015-11-25 10:10:00 EST,43.26127,-74.97878,1422,35.8,35.0,32.7,69.4,26.8,0.000,0.000,0.00,0.000,3.9,6.1,1.2,166,23,4.6,7.6,1.1,159,21,3.9,6.1,1.2,166,23,381,29.13,,0,0,0,34.2,37.7,40.8,0.18,0.15,0.14
COLD,2015-11-25 10:15:00 EST,43.26127,-74.97878,1422,36.4,35.7,33.1,69.3,27.3,0.000,0.000,0.00,0.000,4.1,9.9,3.0,170,18,5.0,11.0,3.0,164,18,4.1,9.9,3.0,170,18,410,29.13,,0,0,0,34.2,37.7,40.8,0.18,0.15,0.14
COLD,2015-11-25 10:20:00 EST,43.26127,-74.97878,1422,36.3,35.4,31.2,67.9,26.7,0.000,0.000,0.00,0.000,6.2,9.4,1.3,179,12,6.9,10.7,1.4,174,11,6.2,9.4,1.3,179,12,413,29.13,,0,0,0,34.2,37.7,40.8,0.18,0.15,0.14
COLD,2015-11-25 10:25:00 EST,43.26127,-74.97878,1422,36.7,36.0,32.3,67.1,26.8,0.000,0.000,0.00,0.000,5.4,9.8,2.6,175,17,6.2,11.4,2.7,169,15,5.4,9.8,2.6,175,17,421,29.13,,0,0,0,34.2,37.7,40.8,0.18,0.15,0.14
COLD,2015-11-25 10:30:00 EST,43.26127,-74.97878,1422,36.7,35.8,30.8,66.1,26.4,0.000,0.000,0.00,0.000,7.6,11.0,1.7,175,8,8.4,12.5,1.8,170,6,7.6,11.0,1.7,175,8,420,29.13,,0,0,0,34.2,37.7,40.8,0.18,0.15,0.14
COLD,2015-11-25 10:35:00 EST,43.26127,-74.97878,1422,36.8,35.9,32.8,65.7,26.4,0.000,0.000,0.00,0.000,5.0,10.0,1.9,179,19,5.6,10.5,1.8,174,18,5.0,10.0,1.9,179,19,430,29.13,,0,0,0,34.2,37.7,40.8,0.18,0.15,0.14
COLD,2015-11-25 10:40:00 EST,43.26127,-74.97878,1422,37.1,36.3,32.4,65.0,26.4,0.000,0.000,0.00,0.000,5.9,9.3,1.2,178,13,6.6,11.0,1.4,172,13,5.9,9.3,1.2,178,13,442,29.13,,0,0,0,34.2,37.7,40.8,0.18,0.15,0.14
COLD,2015-11-25 10:45:00 EST,43.26127,-74.97878,1422,37.9,37.1,34.6,64.8,27.1,0.000,0.000,0.00,0.000,4.4,9.1,2.2,172,41,5.4,10.1,2.3,165,39,4.4,9.1,2.2,172,41,448,29.13,,0,0,0,34.2,37.7,40.7,0.18,0.15,0.14
COLD,2015-11-25 10:50:00 EST,43.26127,-74.97878,1422,37.6,36.6,32.7,63.4,26.3,0.000,0.000,0.00,0.000,6.3,9.1,1.2,182,17,7.0,11.2,1.5,177,16,6.3,9.1,1.2,182,17,453,29.13,,0,0,0,34.2,37.7,40.8,0.18,0.15,0.14
COLD,2015-11-25 10:55:00 EST,43.26127,-74.97878,1422,37.9,37.0,33.5,63.8,26.7,0.000,0.000,0.00,0.000,5.7,9.6,2.4,155,22,6.6,13.0,2.4,150,22,5.7,9.6,2.4,155,22,461,29.13,,0,0,0,34.2,37.7,40.7,0.18,0.15,0.14
COLD,2015-11-25 11:00:00 EST,43.26127,-74.97878,1422,38.0,37.0,34.0,64.0,26.9,0.000,0.000,0.00,0.000,5.2,10.9,1.9,178,16,6.1,11.9,2.0,173,15,5.2,10.9,1.9,178,16,467,29.13,,0,0,0,34.2,37.7,40.8,0.18,0.15,0.14
COLD,2015-11-25 11:05:00 EST,43.26127,-74.97878,1422,38.1,37.3,33.1,64.0,27.0,0.000,0.000,0.00,0.000,6.7,10.7,1.9,182,12,7.4,13.4,2.1,176,11,6.7,10.7,1.9,182,12,451,29.12,,0,0,0,34.2,37.7,40.8,0.18,0.15,0.14
COLD,2015-11-25 11:10:00 EST,43.26127,-74.97878,1422,38.2,37.2,32.8,63.1,26.8,0.000,0.000,0.00,0.000,7.4,10.2,1.4,185,10,8.0,11.0,1.4,180,9,7.4,10.2,1.4,185,10,456,29.12,,0,0,0,34.2,37.7,40.8,0.18,0.15,0.14
COLD,2015-11-25 11:15:00 EST,43.26127,-74.97878,1422,38.5,37.6,33.7,63.2,27.1,0.000,0.000,0.00,0.000,6.5,9.4,1.6,186,19,7.1,12.5,1.8,181,17,6.5,9.4,1.6,186,19,479,29.12,,0,0,0,34.1,37.7,40.7,0.18,0.15,0.14
COLD,2015-11-25 11:20:00 EST,43.26127,-74.97878,1422,38.5,37.5,33.0,63.0,27.0,0.000,0.000,0.00,0.000,7.6,12.7,2.2,180,27,8.5,13.4,2.1,175,26,7.6,12.7,2.2,180,27,479,29.12,,0,0,0,34.2,37.7,40.8,0.18,0.15,0.14
COLD,2015-11-25 11:25:00 EST,43.26127,-74.97878,1422,38.8,37.7,32.8,61.6,26.7,0.000,0.000,0.00,0.000,8.6,12.3,2.0,170,12,9.5,14.3,2.1,167,10,8.6,12.3,2.0,170,12,488,29.12,,0,0,0,34.2,37.7,40.8,0.18,0.15,0.14
COLD,2015-11-25 11:30:00 EST,43.26127,-74.97878,1422,38.9,37.8,33.3,61.3,26.7,0.000,0.000,0.00,0.000,7.8,12.5,2.0,175,18,8.6,13.2,2.2,171,18,7.8,12.5,2.0,175,18,487,29.12,,0,0,0,34.2,37.7,40.8,0.18,0.15,0.14
COLD,2015-11-25 11:35:00 EST,43.26127,-74.97878,1422,39.0,37.9,33.5,60.4,26.5,0.000,0.000,0.00,0.000,7.8,13.4,2.5,165,17,8.7,14.3,2.7,162,17,7.8,13.4,2.5,165,17,485,29.12,,0,0,0,34.2,37.7,40.8,0.18,0.15,0.14
COLD,2015-11-25 11:40:00 EST,43.26127,-74.97878,1422,39.7,38.4,34.3,59.6,26.8,0.000,0.000,0.00,0.000,7.8,11.8,2.0,173,15,8.8,13.0,2.0,169,14,7.8,11.8,2.0,173,15,494,29.12,,0,0,0,34.2,37.7,40.8,0.18,0.15,0.14
COLD,2015-11-25 11:45:00 EST,43.26127,-74.97878,1422,39.1,38.0,32.9,58.4,25.7,0.000,0.000,0.00,0.000,9.1,12.9,2.0,186,11,9.8,13.6,2.1,182,10,9.1,12.9,2.0,186,11,493,29.12,,0,0,0,34.1,37.6,40.7,0.18,0.15,0.14
COLD,2015-11-25 11:50:00 EST,43.26127,-74.97878,1422,39.3,38.4,33.7,59.8,26.5,0.000,0.000,0.00,0.000,8.2,12.6,2.3,190,21,8.7,13.4,2.4,185,21,8.2,12.6,2.3,190,21,495,29.12,,0,0,0,34.2,37.7,40.7,0.18,0.15,0.14
COLD,2015-11-25 11:55:00 EST,43.26127,-74.97878,1422,39.6,38.5,33.8,57.6,25.8,0.000,0.000,0.00,0.000,8.6,11.5,1.8,177,11,9.3,12.5,1.8,173,10,8.6,11.5,1.8,177,11,493,29.12,,0,0,0,34.2,37.7,40.8,0.18,0.15,0.14
COLD,2015-11-25 12:00:00 EST,43.26127,-74.97878,1422,39.5,38.7,34.5,56.7,25.4,0.000,0.000,0.00,0.000,7.1,13.2,3.8,175,18,7.9,14.1,3.8,170,19,7.1,13.2,3.8,175,18,496,29.12,,0,0,0,34.2,37.7,40.8,0.18,0.15,0.14
COLD,2015-11-25 12:05:00 EST,43.26127,-74.97878,1422,39.6,38.6,34.0,55.9,25.1,0.000,0.000,0.00,0.000,8.2,11.5,1.6,174,11,9.0,12.3,1.8,170,11,8.2,11.5,1.6,174,11,495,29.12,,0,0,0,34.2,37.7,40.7,0.18,0.15,0.14
COLD,2015-11-25 12:10:00 EST,43.26127,-74.97878,1422,39.8,38.7,34.0,56.1,25.4,0.000,0.000,0.00,0.000,8.8,12.1,1.7,188,13,9.6,13.0,1.8,184,12,8.8,12.1,1.7,188,13,486,29.11,,0,0,0,34.3,37.7,40.8,0.18,0.15,0.14
COLD,2015-11-25 12:15:00 EST,43.26127,-74.97878,1422,39.9,38.9,34.5,55.7,25.3,0.000,0.000,0.00,0.000,7.9,12.1,1.6,195,10,8.6,12.5,1.7,191,10,7.9,12.1,1.6,195,10,489,29.11,,0,0,0,34.3,37.7,40.7,0.18,0.15,0.14
COLD,2015-11-25 12:20:00 EST,43.26127,-74.97878,1422,41.0,39.9,37.5,53.9,25.6,0.000,0.000,0.00,0.000,5.1,8.3,1.9,175,27,5.9,11.0,2.1,169,27,5.1,8.3,1.9,175,27,491,29.11,,0,0,0,34.4,37.6,40.8,0.18,0.15,0.14
COLD,2015-11-25 12:25:00 EST,43.26127,-74.97878,1422,41.1,40.0,36.7,51.4,24.5,0.000,0.000,0.00,0.000,6.6,13.0,4.5,199,12,7.5,15.0,4.4,193,18,6.6,13.0,4.5,199,12,486,29.11,,0,0,0,34.5,37.7,40.7,0.18,0.15,0.14
COLD,2015-11-25 12:30:00 EST,43.26127,-74.97878,1422,40.6,39.4,35.5,52.0,24.4,0.000,0.000,0.00,0.000,7.8,13.7,1.9,181,17,8.4,14.5,2.1,175,15,7.8,13.7,1.9,181,17,487,29.11,,0,0,0,34.6,37.7,40.7,0.18,0.15,0.14
COLD,2015-11-25 12:35:00 EST,43.26127,-74.97878,1422,40.6,39.4,35.0,51.9,24.3,0.000,0.000,0.00,0.000,8.6,12.0,1.8,179,11,9.4,13.2,2.0,175,10,8.6,12.0,1.8,179,11,480,29.11,,0,0,0,34.7,37.7,40.7,0.18,0.15,0.14
COLD,2015-11-25 12:40:00 EST,43.26127,-74.97878,1422,40.7,39.6,35.1,53.8,25.2,0.000,0.000,0.00,0.000,8.5,13.6,1.9,195,13,9.2,15.0,2.1,191,12,8.5,13.6,1.9,195,13,403,29.11,,0,0,0,34.8,37.6,40.7,0.18,0.15,0.14
COLD,2015-11-25 12:45:00 EST,43.26127,-74.97878,1422,40.9,39.9,36.9,54.3,25.7,0.000,0.000,0.00,0.000,5.9,11.7,2.6,171,23,6.8,13.9,2.7,165,20,5.9,11.7,2.6,171,23,472,29.11,,0,0,0,34.9,37.6,40.7,0.18,0.15,0.14
COLD,2015-11-25 12:50:00 EST,43.26127,-74.97878,1422,41.1,40.1,36.3,51.7,24.6,0.000,0.000,0.00,0.000,7.2,14.8,2.3,171,19,8.2,17.4,2.5,166,16,7.2,14.8,2.3,171,19,467,29.11,,0,0,0,34.9,37.7,40.7,0.18,0.15,0.14
COLD,2015-11-25 12:55:00 EST,43.26127,-74.97878,1422,40.9,40.0,35.4,52.5,24.8,0.000,0.000,0.00,0.000,8.5,14.4,2.4,179,14,9.4,15.9,2.5,174,13,8.5,14.4,2.4,179,14,461,29.11,,0,0,0,34.9,37.6,40.7,0.18,0.15,0.14
COLD,2015-11-25 13:00:00 EST,43.26127,-74.97878,1422,40.8,39.9,35.0,53.1,25.0,0.000,0.000,0.00,0.000,9.2,13.7,2.0,192,20,9.8,14.5,2.1,188,18,9.2,13.7,2.0,192,20,459,29.11,,0,0,0,35.0,37.7,40.7,0.18,0.15,0.14
COLD,2015-11-25 13:05:00 EST,43.26127,-74.97878,1422,41.3,40.2,36.3,52.8,25.4,0.000,0.000,0.00,0.000,7.9,11.2,1.8,184,13,8.6,12.8,2.1,180,12,7.9,11.2,1.8,184,13,455,29.11,,0,0,0,35.1,37.7,40.7,0.18,0.15,0.14
COLD,2015-11-25 13:10:00 EST,43.26127,-74.97878,1422,41.2,40.2,36.4,51.6,24.7,0.000,0.000,0.00,0.000,7.3,11.2,1.3,186,15,8.0,12.3,1.5,182,13,7.3,11.2,1.3,186,15,449,29.11,,0,0,0,35.2,37.6,40.7,0.18,0.15,0.14
COLD,2015-11-25 13:15:00 EST,43.26127,-74.97878,1422,41.5,40.5,36.7,50.5,24.4,0.000,0.000,0.00,0.000,7.4,15.0,3.0,176,14,8.1,17.2,3.2,172,12,7.4,15.0,3.0,176,14,445,29.10,,0,0,0,35.4,37.7,40.6,0.18,0.15,0.14
COLD,2015-11-25 13:20:00 EST,43.26127,-74.97878,1422,41.4,40.4,35.9,51.2,24.7,0.000,0.000,0.00,0.000,8.9,13.2,2.2,186,19,9.7,14.1,2.2,181,19,8.9,13.2,2.2,186,19,439,29.10,,0,0,0,35.5,37.6,40.7,0.18,0.15,0.14
COLD,2015-11-25 13:25:00 EST,43.26127,-74.97878,1422,41.5,40.5,36.0,51.2,24.8,0.000,0.000,0.00,0.000,8.8,13.9,2.0,179,14,9.7,15.9,2.2,176,12,8.8,13.9,2.0,179,14,431,29.10,,0,0,0,35.5,37.6,40.7,0.18,0.15,0.14
COLD,2015-11-25 13:30:00 EST,43.26127,-74.97878,1422,41.7,40.9,36.6,50.6,24.7,0.000,0.000,0.00,0.000,8.1,16.7,2.7,169,17,9.1,18.1,2.9,165,17,8.1,16.7,2.7,169,17,422,29.10,,0,0,0,35.7,37.6,40.7,0.18,0.15,0.14
COLD,2015-11-25 13:35:00 EST,43.26127,-74.97878,1422,41.5,40.5,36.7,51.5,25.0,0.000,0.000,0.00,0.000,7.6,11.4,1.5,179,11,8.3,12.5,1.7,175,11,7.6,11.4,1.5,179,11,413,29.10,,0,0,0,35.8,37.6,40.7,0.18,0.15,0.14
COLD,2015-11-25 13:40:00 EST,43.26127,-74.97878,1422,41.9,40.9,36.5,50.9,25.1,0.000,0.000,0.00,0.000,9.1,15.1,2.2,170,14,10.0,16.3,2.5,168,12,9.1,15.1,2.2,170,14,405,29.10,,0,0,0,35.9,37.6,40.6,0.18,0.15,0.14
COLD,2015-11-25 13:45:00 EST,43.26127,-74.97878,1422,41.6,40.7,36.2,51.0,24.8,0.000,0.000,0.00,0.000,8.7,14.0,2.9,177,16,9.6,15.4,2.9,173,15,8.7,14.0,2.9,177,16,395,29.09,,0,0,0,36.0,37.7,40.7,0.18,0.15,0.14
COLD,2015-11-25 13:50:00 EST,43.26127,-74.97878,1422,42.0,41.0,38.1,52.5,25.8,0.000,0.000,0.00,0.000,6.0,10.1,2.5,172,25,7.0,11.6,2.5,167,26,6.0,10.1,2.5,172,25,389,29.09,,0,0,0,36.0,37.6,40.7,0.18,0.15,0.14
COLD,2015-11-25 13:55:00 EST,43.26127,-74.97878,1422,41.8,41.1,36.8,51.6,25.3,0.000,0.000,0.00,0.000,8.1,14.6,1.9,167,18,8.9,15.4,2.1,166,16,8.1,14.6,1.9,167,18,377,29.09,,0,0,0,36.0,37.6,40.7,0.18,0.15,0.14
COLD,2015-11-25 14:00:00 EST,43.26127,-74.97878,1422,41.9,41.0,37.1,51.8,25.4,0.000,0.000,0.00,0.000,7.7,15.4,2.4,167,16,8.6,17.0,2.6,164,15,7.7,15.4,2.4,167,16,372,29.09,,0,0,0,36.1,37.6,40.7,0.18,0.15,0.14
COLD,2015-11-25 14:05:00 EST,43.26127,-74.97878,1422,41.8,41.2,36.6,50.7,24.9,0.000,0.000,0.00,0.000,8.5,13.4,2.9,170,15,9.6,15.9,3.2,169,14,8.5,13.4,2.9,170,15,360,29.09,,0,0,0,36.2,37.6,40.7,0.18,0.15,0.14
COLD,2015-11-25 14:10:00 EST,43.26127,-74.97878,1422,41.6,41.0,37.7,50.1,24.4,0.000,0.000,0.00,0.000,6.1,11.0,2.2,125,33,7.0,13.4,2.6,123,31,6.1,11.0,2.2,125,33,353,29.09,,0,0,0,36.3,37.6,40.6,0.18,0.15,0.14
COLD,2015-11-25 14:15:00 EST,43.26127,-74.97878,1422,42.5,41.7,39.8,51.2,25.7,0.000,0.000,0.00,0.000,4.4,10.0,2.0,163,25,5.4,11.2,2.1,158,25,4.4,10.0,2.0,163,25,339,29.09,,0,0,0,36.3,37.6,40.7,0.18,0.15,0.14
COLD,2015-11-25 14:20:00 EST,43.26127,-74.97878,1422,42.1,41.5,38.0,49.0,24.3,0.000,0.000,0.00,0.000,6.4,12.2,2.7,151,25,7.3,15.2,3.0,147,23,6.4,12.2,2.7,151,25,330,29.09,,0,0,0,36.4,37.6,40.7,0.18,0.15,0.14
COLD,2015-11-25 14:25:00 EST,43.26127,-74.97878,1422,41.8,41.2,36.8,49.3,24.2,0.000,0.000,0.00,0.000,7.9,11.8,2.5,173,17,8.9,13.2,2.5,168,17,7.9,11.8,2.5,173,17,318,29.09,,0,0,0,36.5,37.6,40.7,0.18,0.15,0.14
COLD,2015-11-25 14:30:00 EST,43.26127,-74.97878,1422,42.0,41.3,36.3,48.8,24.1,0.000,0.000,0.00,0.000,9.5,13.2,2.0,180,11,10.4,14.5,2.2,176,10,9.5,13.2,2.0,180,11,310,29.09,,0,0,0,36.5,37.6,40.6,0.18,0.15,0.14
COLD,2015-11-25 14:35:00 EST,43.26127,-74.97878,1422,41.9,41.3,35.7,48.7,23.9,0.000,0.000,0.00,0.000,10.5,17.4,3.6,176,14,11.5,20.4,3.7,174,12,10.5,17.4,3.6,176,14,301,29.09,,0,0,0,36.5,37.6,40.6,0.18,0.15,0.14
COLD,2015-11-25 14:40:00 EST,43.26127,-74.97878,1422,41.9,41.3,36.4,48.1,23.7,0.000,0.000,0.00,0.000,9.0,15.2,3.0,167,22,9.9,16.1,3.1,164,21,9.0,15.2,3.0,167,22,284,29.09,,0,0,0,36.6,37.6,40.6,0.18,0.15,0.14
COLD,2015-11-25 14:45:00 EST,43.26127,-74.97878,1422,42.1,41.7,37.9,47.6,23.6,0.000,0.000,0.00,0.000,6.6,11.2,2.6,175,21,7.5,13.9,2.6,168,21,6.6,11.2,2.6,175,21,277,29.09,,0,0,0,36.6,37.7,40.6,0.18,0.15,0.14
COLD,2015-11-25 14:50:00 EST,43.26127,-74.97878,1422,42.2,41.8,39.2,47.6,23.7,0.000,0.000,0.00,0.000,4.8,12.0,2.3,155,28,5.7,15.4,2.5,148,25,4.8,12.0,2.3,155,28,265,29.09,,0,0,0,36.7,37.7,40.6,0.18,0.15,0.14
COLD,2015-11-25 14:55:00 EST,43.26127,-74.97878,1422,42.1,41.7,38.6,47.6,23.6,0.000,0.000,0.00,0.000,5.5,10.4,2.2,140,24,6.4,13.6,2.4,135,23,5.5,10.4,2.2,140,24,253,29.09,,0,0,0,36.7,37.7,40.6,0.18,0.15,0.14
COLD,2015-11-25 15:00:00 EST,43.26127,-74.97878,1422,42.0,41.7,37.6,47.5,23.5,0.000,0.000,0.00,0.000,6.9,13.2,2.3,160,26,8.0,13.9,2.5,157,24,6.9,13.2,2.3,160,26,241,29.09,,0,0,0,36.7,37.6,40.6,0.19,0.15,0.14
COLD,2015-11-25 15:05:00 EST,43.26127,-74.97878,1422,42.0,41.6,38.4,47.7,23.6,0.000,0.000,0.00,0.000,5.5,11.8,2.6,160,27,6.7,12.8,2.7,153,28,5.5,11.8,2.6,160,27,228,29.09,,0,0,0,36.7,37.7,40.6,0.19,0.15,0.14
COLD,2015-11-25 15:10:00 EST,43.26127,-74.97878,1422,42.0,41.7,39.5,48.1,23.7,0.000,0.000,0.00,0.000,4.1,12.3,2.7,158,31,4.9,13.6,3.0,150,30,4.1,12.3,2.7,158,31,215,29.09,,0,0,0,36.8,37.6,40.7,0.19,0.15,0.14
COLD,2015-11-25 15:15:00 EST,43.26127,-74.97878,1422,41.9,41.6,40.2,48.1,23.7,0.000,0.000,0.00,0.000,3.3,9.9,2.0,138,36,4.1,11.4,2.1,131,36,3.3,9.9,2.0,138,36,203,29.09,,0,0,0,36.7,37.7,40.6,0.19,0.15,0.14
COLD,2015-11-25 15:20:00 EST,43.26127,-74.97878,1422,41.8,41.5,39.0,48.3,23.7,0.000,0.000,0.00,0.000,4.4,9.9,2.0,142,25,5.4,11.6,2.2,137,22,4.4,9.9,2.0,142,25,177,29.09,,0,0,0,36.8,37.7,40.6,0.19,0.15,0.14
COLD,2015-11-25 15:25:00 EST,43.26127,-74.97878,1422,41.7,41.5,38.9,48.4,23.6,0.000,0.000,0.00,0.000,4.4,9.8,2.3,171,30,5.3,11.6,2.5,164,28,4.4,9.8,2.3,171,30,161,29.09,,0,0,0,36.8,37.7,40.6,0.19,0.15,0.14
COLD,2015-11-25 15:30:00 EST,43.26127,-74.97878,1422,41.6,41.5,39.4,48.6,23.6,0.000,0.000,0.00,0.000,3.8,10.7,2.1,159,30,4.8,12.5,2.3,152,27,3.8,10.7,2.1,159,30,146,29.09,,0,0,0,36.8,37.7,40.6,0.19,0.15,0.14
COLD,2015-11-25 15:35:00 EST,43.26127,-74.97878,1422,41.4,41.4,38.8,48.5,23.4,0.000,0.000,0.00,0.000,4.2,9.1,2.2,156,25,5.1,10.7,2.3,149,27,4.2,9.1,2.2,156,25,142,29.09,,0,0,0,36.8,37.7,40.6,0.19,0.15,0.14
COLD,2015-11-25 15:40:00 EST,43.26127,-74.97878,1422,41.4,41.5,37.8,48.1,23.2,0.000,0.000,0.00,0.000,5.4,11.4,2.4,157,20,6.3,14.5,2.8,155,19,5.4,11.4,2.4,157,20,134,29.09,,0,0,0,36.8,37.7,40.6,0.19,0.15,0.14
COLD,2015-11-25 15:45:00 EST,43.26127,-74.97878,1422,41.3,41.3,39.2,47.9,23.1,0.000,0.000,0.00,0.000,3.6,9.1,2.0,143,26,4.5,10.7,2.1,137,24,3.6,9.1,2.0,143,26,121,29.09,,0,0,0,36.8,37.7,40.6,0.19,0.15,0.14
COLD,2015-11-25 15:50:00 EST,43.26127,-74.97878,1422,41.2,41.1,38.7,48.0,23.0,0.000,0.000,0.00,0.000,4.0,8.8,2.1,148,33,4.9,11.2,2.2,142,33,4.0,8.8,2.1,148,33,108,29.10,,0,0,0,36.7,37.7,40.6,0.19,0.15,0.14
COLD,2015-11-25 15:55:00 EST,43.26127,-74.97878,1422,41.1,41.1,37.7,47.6,22.7,0.000,0.000,0.00,0.000,5.1,11.2,2.4,147,24,5.9,12.1,2.5,142,24,5.1,11.2,2.4,147,24,92,29.10,,0,0,0,36.7,37.7,40.6,0.18,0.15,0.14
COLD,2015-11-25 16:00:00 EST,43.26127,-74.97878,1422,40.6,40.8,38.5,48.1,22.5,0.000,0.000,0.00,0.000,3.6,8.7,2.1,134,21,4.4,10.3,2.1,128,22,3.6,8.7,2.1,134,21,78,29.10,,0,0,0,36.7,37.7,40.6,0.19,0.15,0.14
COLD,2015-11-25 16:05:00 EST,43.26127,-74.97878,1422,40.0,40.5,40.0,49.5,22.6,0.000,0.000,0.00,0.000,2.8,5.9,1.1,146,28,3.6,8.1,1.3,137,28,2.8,5.9,1.1,146,28,63,29.10,,0,0,0,36.7,37.8,40.6,0.19,0.15,0.14
COLD,2015-11-25 16:10:00 EST,43.26127,-74.97878,1422,40.0,40.2,37.9,49.5,22.6,0.000,0.000,0.00,0.000,3.5,7.7,1.6,134,25,4.1,8.5,1.6,129,21,3.5,7.7,1.6,134,25,36,29.10,,0,0,0,36.7,37.7,40.6,0.19,0.15,0.14
COLD,2015-11-25 16:15:00 EST,43.26127,-74.97878,1422,39.3,40.0,39.3,50.5,22.4,0.000,0.000,0.00,0.000,2.9,7.2,1.4,134,34,3.9,9.2,1.6,125,30,2.9,7.2,1.4,134,34,14,29.10,,0,0,0,36.6,37.7,40.6,0.19,0.15,0.14
COLD,2015-11-25 16:20:00 EST,43.26127,-74.97878,1422,38.6,39.5,38.6,52.1,22.6,0.000,0.000,0.00,0.000,2.9,6.9,1.3,129,23,3.5,8.3,1.5,121,19,2.9,6.9,1.3,129,23,10,29.10,,0,0,0,36.6,37.7,40.6,0.18,0.15,0.14
COLD,2015-11-25 16:25:00 EST,43.26127,-74.97878,1422,38.3,39.2,36.4,53.0,22.7,0.000,0.000,0.00,0.000,3.0,6.6,1.5,128,20,3.8,7.8,1.6,122,17,3.0,6.6,1.5,128,20,8,29.10,,0,0,0,36.5,37.8,40.6,0.18,0.15,0.14
COLD,2015-11-25 16:30:00 EST,43.26127,-74.97878,1422,37.6,38.6,37.6,53.7,22.4,0.000,0.000,0.00,0.000,1.2,4.1,1.2,132,25,1.9,4.9,1.3,118,30,1.2,4.1,1.2,132,25,6,29.11,,0,0,0,36.5,37.8,40.6,0.18,0.15,0.14
COLD,2015-11-25 16:35:00 EST,43.26127,-74.97878,1422,37.8,38.7,37.8,54.6,22.9,0.000,0.000,0.00,0.000,2.5,6.7,1.0,119,22,3.2,8.5,1.2,114,17,2.5,6.7,1.0,119,22,4,29.11,,0,0,0,36.5,37.8,40.6,0.19,0.15,0.14
COLD,2015-11-25 16:40:00 EST,43.26127,-74.97878,1422,36.7,38.4,36.7,55.7,22.4,0.000,0.000,0.00,0.000,2.6,5.3,1.1,123,20,3.2,6.5,1.2,115,16,2.6,5.3,1.1,123,20,2,29.10,,0,0,0,36.5,37.8,40.6,0.18,0.15,0.14
COLD,2015-11-25 16:45:00 EST,43.26127,-74.97878,1422,37.2,38.2,34.9,57.1,23.4,0.000,0.000,0.00,0.000,3.2,7.3,1.5,130,26,3.8,8.1,1.6,124,24,3.2,7.3,1.5,130,26,1,29.11,,0,0,0,36.4,37.8,40.6,0.18,0.15,0.14
COLD,2015-11-25 16:50:00 EST,43.26127,-74.97878,1422,37.4,37.9,37.4,56.5,23.3,0.000,0.000,0.00,0.000,2.9,7.1,1.7,133,26,3.6,9.2,2.0,127,27,2.9,7.1,1.7,133,26,0,29.10,,0,0,0,36.4,37.8,40.6,0.18,0.15,0.14
COLD,2015-11-25 16:55:00 EST,43.26127,-74.97878,1422,36.9,37.5,36.9,58.0,23.5,0.000,0.000,0.00,0.000,1.8,8.5,1.8,123,32,2.7,9.2,1.8,120,41,1.8,8.5,1.8,123,32,0,29.11,,0,0,0,36.3,37.8,40.6,0.18,0.15,0.14
COLD,2015-11-25 17:00:00 EST,43.26127,-74.97878,1422,37.0,37.6,37.0,58.6,23.9,0.000,0.000,0.00,0.000,2.9,10.4,1.8,132,35,3.8,11.6,2.1,125,28,2.9,10.4,1.8,132,35,0,29.11,,0,0,0,36.3,37.8,40.6,0.18,0.15,0.14
COLD,2015-11-25 17:05:00 EST,43.26127,-74.97878,1422,36.9,37.5,36.9,58.9,23.8,0.000,0.000,0.00,0.000,2.2,6.7,1.3,140,41,2.9,7.6,1.6,132,37,2.2,6.7,1.3,140,41,0,29.11,,0,0,0,36.2,37.8,40.5,0.18,0.15,0.14
COLD,2015-11-25 17:10:00 EST,43.26127,-74.97878,1422,37.0,37.4,37.0,59.6,24.2,0.000,0.000,0.00,0.000,2.6,9.8,2.3,132,26,3.4,10.7,2.4,120,28,2.6,9.8,2.3,132,26,0,29.11,,0,0,0,36.2,37.9,40.6,0.19,0.15,0.14
COLD,2015-11-25 17:15:00 EST,43.26127,-74.97878,1422,36.7,37.1,36.7,59.4,23.9,0.000,0.000,0.00,0.000,2.5,7.2,1.7,122,28,3.2,8.1,1.8,118,29,2.5,7.2,1.7,122,28,0,29.11,,0,0,0,36.2,37.8,40.6,0.18,0.14,0.14
COLD,2015-11-25 17:20:00 EST,43.26127,-74.97878,1422,36.7,37.2,34.1,59.7,24.0,0.000,0.000,0.00,0.000,3.4,8.1,1.9,122,25,4.3,10.5,2.0,118,24,3.4,8.1,1.9,122,25,0,29.11,,0,0,0,36.1,37.9,40.6,0.18,0.15,0.14
COLD,2015-11-25 17:25:00 EST,43.26127,-74.97878,1422,36.2,36.7,36.2,60.9,23.9,0.000,0.000,0.00,0.000,2.6,6.4,1.6,136,35,3.3,8.1,1.8,127,33,2.6,6.4,1.6,136,35,0,29.11,,0,0,0,36.1,37.9,40.6,0.19,0.14,0.14
COLD,2015-11-25 17:30:00 EST,43.26127,-74.97878,1422,36.1,36.7,36.1,61.3,24.0,0.000,0.000,0.00,0.000,2.7,7.4,1.4,126,29,3.5,7.6,1.4,116,27,2.7,7.4,1.4,126,29,0,29.11,,0,0,0,36.1,37.9,40.6,0.19,0.15,0.14
COLD,2015-11-25 17:35:00 EST,43.26127,-74.97878,1422,35.9,36.7,32.7,61.3,23.9,0.000,0.000,0.00,0.000,3.9,8.3,1.8,127,25,4.8,9.2,1.9,121,21,3.9,8.3,1.8,127,25,0,29.11,,0,0,0,36.1,37.9,40.6,0.19,0.15,0.14
COLD,2015-11-25 17:40:00 EST,43.26127,-74.97878,1422,36.2,36.7,36.2,60.8,23.9,0.000,0.000,0.00,0.000,2.6,6.8,1.3,116,44,3.7,8.1,1.6,117,38,2.6,6.8,1.3,116,44,0,29.11,,0,0,0,36.0,37.9,40.6,0.18,0.15,0.14
COLD,2015-11-25 17:45:00 EST,43.26127,-74.97878,1422,35.6,36.3,33.1,61.2,23.5,0.000,0.000,0.00,0.000,3.2,8.8,1.7,122,26,3.9,10.3,2.1,116,25,3.2,8.8,1.7,122,26,0,29.11,,0,0,0,36.0,38.0,40.6,0.19,0.15,0.14
COLD,2015-11-25 17:50:00 EST,43.26127,-74.97878,1422,35.2,36.2,32.2,62.1,23.5,0.000,0.000,0.00,0.000,3.6,8.4,1.6,118,22,4.5,10.1,1.8,112,20,3.6,8.4,1.6,118,22,0,29.11,,0,0,0,36.0,37.9,40.6,0.19,0.15,0.14
COLD,2015-11-25 17:55:00 EST,43.26127,-74.97878,1422,35.6,36.1,32.1,61.8,23.8,0.000,0.000,0.00,0.000,4.1,9.9,2.1,115,32,5.3,11.0,2.4,112,26,4.1,9.9,2.1,115,32,0,29.11,,0,0,0,36.0,37.9,40.6,0.19,0.14,0.14
COLD,2015-11-25 18:00:00 EST,43.26127,-74.97878,1422,35.0,35.9,32.5,61.7,23.2,0.000,0.000,0.00,0.000,3.2,7.1,1.4,121,25,3.9,8.5,1.6,114,25,3.2,7.1,1.4,121,25,0,29.11,,0,0,0,36.0,37.9,40.6,0.19,0.15,0.14
COLD,2015-11-25 18:05:00 EST,43.26127,-74.97878,1422,35.1,36.0,31.2,61.6,23.2,0.000,0.000,0.00,0.000,4.5,10.2,2.1,119,23,5.7,11.9,2.3,114,21,4.5,10.2,2.1,119,23,0,29.11,,0,0,0,36.0,37.9,40.6,0.19,0.14,0.14
COLD,2015-11-25 18:10:00 EST,43.26127,-74.97878,1422,34.8,35.7,30.8,61.7,23.0,0.000,0.000,0.00,0.000,4.6,10.2,1.9,106,27,5.5,11.2,2.2,105,22,4.6,10.2,1.9,106,27,0,29.11,,0,0,0,36.0,37.9,40.6,0.19,0.14,0.14
COLD,2015-11-25 18:15:00 EST,43.26127,-74.97878,1422,34.3,35.4,30.4,63.0,23.0,0.000,0.000,0.00,0.000,4.3,10.8,2.2,110,20,5.1,11.9,2.3,107,17,4.3,10.8,2.2,110,20,0,29.11,,0,0,0,35.9,37.9,40.6,0.18,0.14,0.14
COLD,2015-11-25 18:20:00 EST,43.26127,-74.97878,1422,34.3,35.3,30.3,63.2,23.1,0.000,0.000,0.00,0.000,4.4,8.6,1.7,122,25,5.3,9.2,1.8,116,23,4.4,8.6,1.7,122,25,0,29.11,,0,0,0,35.9,38.0,40.6,0.19,0.15,0.14
COLD,2015-11-25 18:25:00 EST,43.26127,-74.97878,1422,34.5,35.1,31.1,62.5,22.9,0.000,0.000,0.00,0.000,3.9,15.3,2.5,119,30,4.8,20.1,3.0,113,26,3.9,15.3,2.5,119,30,0,29.11,,0,0,0,36.0,38.0,40.6,0.19,0.14,0.14
COLD,2015-11-25 18:30:00 EST,43.26127,-74.97878,1422,34.7,35.3,30.6,61.7,22.9,0.000,0.000,0.00,0.000,4.6,16.0,2.8,121,33,5.6,15.9,3.1,115,31,4.6,16.0,2.8,121,33,0,29.11,,0,0,0,36.0,37.9,40.6,0.19,0.14,0.14
COLD,2015-11-25 18:35:00 EST,43.26127,-74.97878,1422,34.7,35.3,29.9,61.2,22.7,0.000,0.000,0.00,0.000,5.4,15.1,2.6,120,29,6.3,15.2,3.1,115,25,5.4,15.1,2.6,120,29,0,29.12,,0,0,0,35.9,38.0,40.6,0.19,0.14,0.14
COLD,2015-11-25 18:40:00 EST,43.26127,-74.97878,1422,34.6,35.2,31.5,61.0,22.5,0.000,0.000,0.00,0.000,3.6,8.4,1.8,124,27,4.4,10.3,1.8,116,25,3.6,8.4,1.8,124,27,0,29.12,,0,0,0,35.9,38.0,40.6,0.19,0.15,0.14
COLD,2015-11-25 18:45:00 EST,43.26127,-74.97878,1422,34.4,35.1,31.2,61.4,22.5,0.000,0.000,0.00,0.000,3.7,8.6,1.8,127,27,4.5,9.8,1.9,122,24,3.7,8.6,1.8,127,27,0,29.12,,0,0,0,35.9,38.0,40.6,0.19,0.14,0.14
COLD,2015-11-25 18:50:00 EST,43.26127,-74.97878,1422,34.4,35.3,31.8,60.2,22.1,0.000,0.000,0.00,0.000,3.2,8.0,1.5,124,26,4.2,10.5,1.8,118,22,3.2,8.0,1.5,124,26,0,29.12,,0,0,0,35.9,38.0,40.6,0.19,0.15,0.14
COLD,2015-11-25 18:55:00 EST,43.26127,-74.97878,1422,34.5,35.0,31.5,60.5,22.2,0.000,0.000,0.00,0.000,3.5,9.6,2.2,130,28,4.4,11.2,2.2,121,28,3.5,9.6,2.2,130,28,0,29.12,,0,0,0,35.9,38.0,40.6,0.19,0.14,0.14
COLD,2015-11-25 19:00:00 EST,43.26127,-74.97878,1422,34.5,34.8,34.5,60.2,22.2,0.000,0.000,0.00,0.000,2.9,7.8,1.8,122,25,3.6,10.7,2.0,115,21,2.9,7.8,1.8,122,25,0,29.12,,0,0,0,35.8,38.0,40.6,0.19,0.14,0.14
COLD,2015-11-25 19:05:00 EST,43.26127,-74.97878,1422,33.9,34.8,30.8,60.7,21.8,0.000,0.000,0.00,0.000,3.6,8.3,1.4,119,22,4.3,9.6,1.7,114,18,3.6,8.3,1.4,119,22,0,29.12,,0,0,0,35.8,38.0,40.5,0.18,0.15,0.14
COLD,2015-11-25 19:10:00 EST,43.26127,-74.97878,1422,34.0,34.8,31.0,61.0,21.9,0.000,0.000,0.00,0.000,3.5,8.8,1.8,121,18,4.1,9.2,1.8,117,15,3.5,8.8,1.8,121,18,0,29.12,,0,0,0,35.8,38.0,40.6,0.18,0.14,0.14
COLD,2015-11-25 19:15:00 EST,43.26127,-74.97878,1422,33.6,34.6,30.0,62.0,22.0,0.000,0.000,0.00,0.000,4.0,8.7,1.6,122,26,4.7,10.7,2.0,116,23,4.0,8.7,1.6,122,26,0,29.12,,0,0,0,35.8,38.0,40.6,0.19,0.14,0.14
COLD,2015-11-25 19:20:00 EST,43.26127,-74.97878,1422,33.9,34.4,31.4,61.3,22.0,0.000,0.000,0.00,0.000,3.1,7.0,1.5,118,22,4.0,8.3,1.6,115,19,3.1,7.0,1.5,118,22,0,29.12,,0,0,0,35.8,38.0,40.6,0.18,0.14,0.14
COLD,2015-11-25 19:25:00 EST,43.26127,-74.97878,1422,33.6,34.4,33.6,61.5,21.7,0.000,0.000,0.00,0.000,2.5,4.8,0.8,130,30,3.3,6.5,1.1,122,29,2.5,4.8,0.8,130,30,0,29.12,,0,0,0,35.7,38.0,40.5,0.18,0.14,0.14
COLD,2015-11-25 19:30:00 EST,43.26127,-74.97878,1422,33.8,34.3,31.3,61.8,22.0,0.000,0.000,0.00,0.000,3.0,7.8,1.6,131,26,4.0,11.6,1.9,127,25,3.0,7.8,1.6,131,26,0,29.12,,0,0,0,35.7,38.1,40.6,0.18,0.14,0.14
COLD,2015-11-25 19:35:00 EST,43.26127,-74.97878,1422,33.3,34.1,33.3,62.0,21.7,0.000,0.000,0.00,0.000,1.9,4.2,1.0,125,28,2.6,6.3,1.2,118,22,1.9,4.2,1.0,125,28,0,29.12,,0,0,0,35.7,38.0,40.6,0.19,0.14,0.14
COLD,2015-11-25 19:40:00 EST,43.26127,-74.97878,1422,32.9,33.8,32.9,63.2,21.8,0.000,0.000,0.00,0.000,2.4,4.3,0.8,120,18,3.0,5.6,0.9,114,15,2.4,4.3,0.8,120,18,0,29.12,,0,0,0,35.7,38.1,40.6,0.18,0.14,0.14
COLD,2015-11-25 19:45:00 EST,43.26127,-74.97878,1422,32.6,34.0,32.6,64.4,21.9,0.000,0.000,0.00,0.000,2.9,6.4,1.2,129,27,3.6,7.6,1.4,122,23,2.9,6.4,1.2,129,27,0,29.12,,0,0,0,35.7,38.1,40.6,0.18,0.14,0.14
COLD,2015-11-25 19:50:00 EST,43.26127,-74.97878,1422,33.2,34.0,33.2,63.2,22.0,0.000,0.000,0.00,0.000,2.7,6.7,1.4,121,23,3.4,7.8,1.6,114,21,2.7,6.7,1.4,121,23,0,29.13,,0,0,0,35.6,38.1,40.6,0.18,0.14,0.14
COLD,2015-11-25 19:55:00 EST,43.26127,-74.97878,1422,32.7,33.8,32.7,63.7,21.8,0.000,0.000,0.00,0.000,2.8,4.4,0.8,119,18,3.4,5.4,0.8,114,16,2.8,4.4,0.8,119,18,0,29.13,,0,0,0,35.6,38.1,40.6,0.18,0.14,0.14
COLD,2015-11-25 20:00:00 EST,43.26127,-74.97878,1422,32.3,33.8,32.3,65.1,21.9,0.000,0.000,0.00,0.000,2.6,5.4,1.0,126,12,3.1,6.7,1.1,119,10,2.6,5.4,1.0,126,12,0,29.12,,0,0,0,35.6,38.1,40.6,0.18,0.14,0.14
COLD,2015-11-25 20:05:00 EST,43.26127,-74.97878,1422,32.3,33.8,32.3,65.7,22.1,0.000,0.000,0.00,0.000,2.3,4.4,0.7,119,16,2.9,5.4,0.8,113,13,2.3,4.4,0.7,119,16,0,29.12,,0,0,0,35.6,38.1,40.6,0.18,0.14,0.14
COLD,2015-11-25 20:10:00 EST,43.26127,-74.97878,1422,32.0,33.7,32.0,65.6,21.8,0.000,0.000,0.00,0.000,2.2,4.7,0.8,126,24,2.9,5.8,0.9,118,19,2.2,4.7,0.8,126,24,0,29.12,,0,0,0,35.6,38.1,40.6,0.18,0.14,0.14
COLD,2015-11-25 20:15:00 EST,43.26127,-74.97878,1422,31.9,33.5,31.9,66.0,21.8,0.000,0.000,0.00,0.000,2.3,5.0,0.9,111,19,3.0,6.0,1.1,106,16,2.3,5.0,0.9,111,19,0,29.12,,0,0,0,35.5,38.1,40.6,0.18,0.14,0.14
COLD,2015-11-25 20:20:00 EST,43.26127,-74.97878,1422,32.0,33.7,32.0,66.1,22.0,0.000,0.000,0.00,0.000,2.3,5.0,0.9,110,17,3.0,7.4,1.1,106,13,2.3,5.0,0.9,110,17,0,29.13,,0,0,0,35.5,38.1,40.6,0.18,0.14,0.14
COLD,2015-11-25 20:25:00 EST,43.26127,-74.97878,1422,32.3,33.7,32.3,65.5,22.0,0.000,0.000,0.00,0.000,2.9,5.8,1.3,105,18,3.8,7.8,1.4,101,18,2.9,5.8,1.3,105,18,0,29.13,,0,0,0,35.5,38.1,40.6,0.18,0.14,0.14
COLD,2015-11-25 20:30:00 EST,43.26127,-74.97878,1422,31.7,33.6,29.0,65.4,21.4,0.000,0.000,0.00,0.000,3.0,6.4,1.3,107,14,3.7,7.4,1.4,103,14,3.0,6.4,1.3,107,14,0,29.13,,0,0,0,35.5,38.1,40.6,0.18,0.14,0.14
COLD,2015-11-25 20:35:00 EST,43.26127,-74.97878,1422,31.6,33.5,27.9,66.4,21.7,0.000,0.000,0.00,0.000,3.8,6.1,1.4,106,13,4.5,7.4,1.6,102,10,3.8,6.1,1.4,106,13,0,29.13,,0,0,0,35.5,38.1,40.5,0.19,0.14,0.14
COLD,2015-11-25 20:40:00 EST,43.26127,-74.97878,1422,31.8,33.6,31.8,65.9,21.7,0.000,0.000,0.00,0.000,1.9,3.7,0.8,119,22,2.6,4.5,0.7,112,18,1.9,3.7,0.8,119,22,0,29.13,,0,0,0,35.4,38.1,40.6,0.18,0.14,0.14
COLD,2015-11-25 20:45:00 EST,43.26127,-74.97878,1422,31.8,33.7,28.5,66.0,21.8,0.000,0.000,0.00,0.000,3.5,7.4,1.3,118,17,4.3,8.7,1.4,113,14,3.5,7.4,1.3,118,17,0,29.13,,0,0,0,35.4,38.1,40.6,0.18,0.14,0.14
COLD,2015-11-25 20:50:00 EST,43.26127,-74.97878,1422,32.6,33.9,32.6,63.7,21.7,0.000,0.000,0.00,0.000,2.9,4.8,0.8,125,21,3.5,6.3,1.1,119,18,2.9,4.8,0.8,125,21,0,29.13,,0,0,0,35.4,38.1,40.6,0.18,0.14,0.14
COLD,2015-11-25 20:55:00 EST,43.26127,-74.97878,1422,32.6,34.0,29.1,63.7,21.7,0.000,0.000,0.00,0.000,3.7,7.5,1.5,125,19,4.5,10.3,1.9,119,19,3.7,7.5,1.5,125,19,0,29.13,,0,0,0,35.4,38.1,40.6,0.18,0.14,0.14
COLD,2015-11-25 21:00:00 EST,43.26127,-74.97878,1422,32.7,34.3,28.5,63.8,21.8,0.000,0.000,0.00,0.000,4.4,8.5,1.6,126,18,5.1,9.2,1.8,120,14,4.4,8.5,1.6,126,18,0,29.13,,0,0,0,35.4,38.1,40.6,0.18,0.14,0.14
COLD,2015-11-25 21:05:00 EST,43.26127,-74.97878,1422,32.6,34.1,28.9,63.4,21.5,0.000,0.000,0.00,0.000,3.9,7.2,1.2,123,19,4.6,7.6,1.3,118,16,3.9,7.2,1.2,123,19,0,29.13,,0,0,0,35.4,38.1,40.6,0.18,0.14,0.14
COLD,2015-11-25 21:10:00 EST,43.26127,-74.97878,1422,32.8,34.1,29.3,63.1,21.6,0.000,0.000,0.00,0.000,3.7,6.6,1.0,119,18,4.4,8.5,1.1,113,14,3.7,6.6,1.0,119,18,0,29.13,,0,0,0,35.3,38.1,40.6,0.18,0.14,0.14
COLD,2015-11-25 21:15:00 EST,43.26127,-74.97878,1422,32.5,34.2,28.5,64.0,21.6,0.000,0.000,0.00,0.000,4.1,7.0,1.0,118,16,4.8,8.3,1.1,113,14,4.1,7.0,1.0,118,16,0,29.13,,0,0,0,35.3,38.1,40.6,0.18,0.14,0.14
COLD,2015-11-25 21:20:00 EST,43.26127,-74.97878,1422,32.3,33.9,29.6,64.0,21.5,0.000,0.000,0.00,0.000,3.0,6.9,1.1,115,19,3.9,9.2,1.4,112,16,3.0,6.9,1.1,115,19,0,29.13,,0,0,0,35.3,38.1,40.6,0.18,0.14,0.14
COLD,2015-11-25 21:25:00 EST,43.26127,-74.97878,1422,32.2,34.0,28.4,64.9,21.8,0.000,0.000,0.00,0.000,3.9,7.6,1.3,115,17,4.8,9.2,1.5,110,15,3.9,7.6,1.3,115,17,0,29.12,,0,0,0,35.3,38.1,40.6,0.18,0.14,0.14
COLD,2015-11-25 21:30:00 EST,43.26127,-74.97878,1422,32.9,34.2,32.9,63.4,21.8,0.000,0.000,0.00,0.000,2.6,7.0,1.5,118,32,3.6,10.1,1.8,111,27,2.6,7.0,1.5,118,32,0,29.12,,0,0,0,35.3,38.1,40.6,0.18,0.15,0.14
COLD,2015-11-25 21:35:00 EST,43.26127,-74.97878,1422,33.2,34.2,30.3,62.5,21.8,0.000,0.000,0.00,0.000,3.3,6.9,1.3,113,27,4.4,8.1,1.4,111,24,3.3,6.9,1.3,113,27,0,29.12,,0,0,0,35.2,38.1,40.6,0.18,0.14,0.14
COLD,2015-11-25 21:40:00 EST,43.26127,-74.97878,1422,34.2,34.4,34.2,61.3,22.2,0.000,0.000,0.00,0.000,2.3,8.5,2.0,134,44,3.1,12.1,2.3,123,40,2.3,8.5,2.0,134,44,0,29.13,,0,0,0,35.2,38.1,40.6,0.18,0.14,0.14
COLD,2015-11-25 21:45:00 EST,43.26127,-74.97878,1422,33.9,34.5,31.0,60.4,21.7,0.000,0.000,0.00,0.000,3.4,10.5,1.8,122,21,4.0,11.4,2.0,116,20,3.4,10.5,1.8,122,21,0,29.13,,0,0,0,35.3,38.1,40.6,0.18,0.14,0.14
COLD,2015-11-25 21:50:00 EST,43.26127,-74.97878,1422,33.9,34.4,30.4,60.6,21.7,0.000,0.000,0.00,0.000,3.9,9.9,2.2,125,31,4.9,12.1,2.5,118,27,3.9,9.9,2.2,125,31,0,29.13,,0,0,0,35.2,38.1,40.6,0.19,0.14,0.14
COLD,2015-11-25 21:55:00 EST,43.26127,-74.97878,1422,34.1,34.7,29.6,60.2,21.7,0.000,0.000,0.00,0.000,4.8,10.4,1.9,133,26,5.9,11.2,2.1,125,22,4.8,10.4,1.9,133,26,0,29.12,,0,0,0,35.2,38.1,40.6,0.19,0.14,0.14
COLD,2015-11-25 22:00:00 EST,43.26127,-74.97878,1422,33.5,34.3,30.1,60.8,21.5,0.000,0.000,0.00,0.000,3.7,7.0,1.4,124,22,4.6,9.2,1.6,118,18,3.7,7.0,1.4,124,22,0,29.12,,0,0,0,35.2,38.1,40.5,0.18,0.14,0.14
COLD,2015-11-25 22:05:00 EST,43.26127,-74.97878,1422,33.5,34.4,30.7,60.9,21.4,0.000,0.000,0.00,0.000,3.2,7.2,1.5,137,22,3.8,8.9,1.5,130,18,3.2,7.2,1.5,137,22,0,29.13,,0,0,0,35.2,38.1,40.6,0.18,0.14,0.14
COLD,2015-11-25 22:10:00 EST,43.26127,-74.97878,1422,33.4,34.4,29.9,61.7,21.7,0.000,0.000,0.00,0.000,3.9,9.1,1.7,124,23,4.7,10.7,2.0,119,22,3.9,9.1,1.7,124,23,0,29.12,,0,0,0,35.2,38.1,40.6,0.18,0.14,0.14
COLD,2015-11-25 22:15:00 EST,43.26127,-74.97878,1422,33.4,34.4,33.4,61.5,21.6,0.000,0.000,0.00,0.000,3.0,7.7,1.6,124,26,3.7,8.3,1.7,115,26,3.0,7.7,1.6,124,26,0,29.13,,0,0,0,35.1,38.1,40.6,0.18,0.15,0.14
COLD,2015-11-25 22:20:00 EST,43.26127,-74.97878,1422,33.8,34.6,30.8,61.1,21.8,0.000,0.000,0.00,0.000,3.4,7.5,1.5,122,23,4.1,7.6,1.6,115,19,3.4,7.5,1.5,122,23,0,29.13,,0,0,0,35.1,38.1,40.6,0.18,0.15,0.14
COLD,2015-11-25 22:25:00 EST,43.26127,-74.97878,1422,33.4,34.5,30.5,61.6,21.6,0.000,0.000,0.00,0.000,3.3,7.5,1.3,122,26,4.1,9.2,1.5,115,21,3.3,7.5,1.3,122,26,0,29.13,,0,0,0,35.1,38.1,40.5,0.19,0.14,0.14
COLD,2015-11-25 22:30:00 EST,43.26127,-74.97878,1422,33.5,34.6,30.0,61.6,21.7,0.000,0.000,0.00,0.000,3.8,7.5,1.5,119,20,4.7,9.4,1.7,114,18,3.8,7.5,1.5,119,20,0,29.13,,0,0,0,35.1,38.1,40.6,0.19,0.14,0.14
COLD,2015-11-25 22:35:00 EST,43.26127,-74.97878,1422,33.1,34.5,28.8,62.5,21.6,0.000,0.000,0.00,0.000,4.5,10.4,1.7,118,22,5.5,14.3,1.9,115,18,4.5,10.4,1.7,118,22,0,29.13,,0,0,0,35.1,38.1,40.6,0.18,0.14,0.14
COLD,2015-11-25 22:40:00 EST,43.26127,-74.97878,1422,33.5,34.4,30.5,61.4,21.7,0.000,0.000,0.00,0.000,3.4,7.6,1.5,127,30,4.2,8.5,1.6,119,27,3.4,7.6,1.5,127,30,0,29.14,,0,0,0,35.1,38.1,40.6,0.18,0.14,0.14
COLD,2015-11-25 22:45:00 EST,43.26127,-74.97878,1422,33.1,34.0,29.3,62.5,21.7,0.000,0.000,0.00,0.000,4.1,10.0,1.6,127,21,4.9,12.5,1.9,118,17,4.1,10.0,1.6,127,21,0,29.14,,0,0,0,35.0,38.1,40.6,0.19,0.14,0.14
COLD,2015-11-25 22:50:00 EST,43.26127,-74.97878,1422,33.3,34.2,29.7,62.1,21.7,0.000,0.000,0.00,0.000,3.9,6.9,1.4,125,21,4.7,8.1,1.5,119,18,3.9,6.9,1.4,125,21,0,29.14,,0,0,0,35.1,38.1,40.6,0.19,0.14,0.14
COLD,2015-11-25 22:55:00 EST,43.26127,-74.97878,1422,33.6,34.2,31.0,62.0,21.9,0.000,0.000,0.00,0.000,3.0,7.9,2.0,133,29,4.1,9.4,2.1,123,30,3.0,7.9,2.0,133,29,0,29.14,,0,0,0,35.0,38.1,40.6,0.18,0.14,0.14
COLD,2015-11-25 23:00:00 EST,43.26127,-74.97878,1422,33.4,34.2,33.4,61.8,21.7,0.000,0.000,0.00,0.000,2.7,7.5,1.7,131,27,3.5,8.5,1.7,124,26,2.7,7.5,1.7,131,27,0,29.14,,0,0,0,35.0,38.1,40.6,0.18,0.14,0.14
COLD,2015-11-25 23:05:00 EST,43.26127,-74.97878,1422,33.7,34.2,29.5,61.5,21.9,0.000,0.000,0.00,0.000,4.5,9.4,2.0,123,23,5.3,12.5,2.3,119,20,4.5,9.4,2.0,123,23,0,29.14,,0,0,0,35.0,38.1,40.5,0.18,0.15,0.14
COLD,2015-11-25 23:10:00 EST,43.26127,-74.97878,1422,33.4,34.0,29.0,61.6,21.6,0.000,0.000,0.00,0.000,4.6,10.4,1.7,122,16,5.4,13.2,2.0,117,13,4.6,10.4,1.7,122,16,0,29.14,,0,0,0,35.0,38.1,40.6,0.19,0.14,0.14
COLD,2015-11-25 23:15:00 EST,43.26127,-74.97878,1422,32.9,33.9,29.0,63.1,21.7,0.000,0.000,0.00,0.000,4.1,9.4,1.7,128,20,4.8,10.1,1.8,123,17,4.1,9.4,1.7,128,20,0,29.14,,0,0,0,35.0,38.1,40.6,0.18,0.15,0.14
COLD,2015-11-25 23:20:00 EST,43.26127,-74.97878,1422,33.1,33.9,29.1,63.1,21.9,0.000,0.000,0.00,0.000,4.2,10.8,2.2,122,25,5.1,11.2,2.2,118,20,4.2,10.8,2.2,122,25,0,29.14,,0,0,0,35.0,38.1,40.6,0.19,0.14,0.14
COLD,2015-11-25 23:25:00 EST,43.26127,-74.97878,1422,33.0,33.9,29.4,64.1,22.2,0.000,0.000,0.00,0.000,3.8,8.4,1.7,128,24,4.7,9.6,1.8,121,22,3.8,8.4,1.7,128,24,0,29.13,,0,0,0,34.9,38.1,40.6,0.19,0.14,0.14
COLD,2015-11-25 23:30:00 EST,43.26127,-74.97878,1422,33.4,34.0,29.6,63.8,22.4,0.000,0.000,0.00,0.000,4.1,9.2,2.1,129,34,4.9,10.7,2.3,121,32,4.1,9.2,2.1,129,34,0,29.13,,0,0,0,35.0,38.1,40.5,0.19,0.15,0.14
COLD,2015-11-25 23:35:00 EST,43.26127,-74.97878,1422,33.6,34.0,30.6,63.2,22.4,0.000,0.000,0.00,0.000,3.4,8.0,2.1,132,31,4.1,11.6,2.3,122,26,3.4,8.0,2.1,132,31,0,29.13,,0,0,0,34.9,38.1,40.5,0.19,0.14,0.14
COLD,2015-11-25 23:40:00 EST,43.26127,-74.97878,1422,33.4,34.0,30.3,63.7,22.4,0.000,0.000,0.00,0.000,3.5,10.7,2.1,142,25,4.3,11.9,2.2,134,26,3.5,10.7,2.1,142,25,0,29.13,,0,0,0,34.9,38.1,40.5,0.19,0.15,0.14
COLD,2015-11-25 23:45:00 EST,43.26127,-74.97878,1422,33.6,34.3,29.6,64.3,22.8,0.000,0.000,0.00,0.000,4.3,7.5,1.5,131,21,5.2,10.7,1.7,126,21,4.3,7.5,1.5,131,21,0,29.13,,0,0,0,34.9,38.1,40.6,0.19,0.15,0.14
COLD,2015-11-25 23:50:00 EST,43.26127,-74.97878,1422,33.7,34.4,30.2,64.0,22.8,0.000,0.000,0.00,0.000,3.8,7.9,1.5,127,28,4.7,9.4,1.6,125,23,3.8,7.9,1.5,127,28,0,29.12,,0,0,0,34.9,38.1,40.5,0.19,0.14,0.14
COLD,2015-11-25 23:55:00 EST,43.26127,-74.97878,1422,33.3,34.2,29.5,65.0,22.8,0.000,0.000,0.00,0.000,4.0,11.0,1.8,123,24,4.8,12.8,2.0,118,19,4.0,11.0,1.8,123,24,0,29.12,,0,0,0,34.9,38.1,40.5,0.18,0.15,0.14
CSQR,2015-11-25 00:00:00 EST,43.32613,-76.10445,453,32.5,33.3,32.5,91.6,30.3,0.000,0.000,0.00,0.000,3.0,4.1,0.4,112,9,3.3,4.7,0.5,111,11,3.0,4.1,0.4,112,9,0,29.99,,0,0,0,39.2,43.9,45.5,0.44,0.20,0.41
CSQR,2015-11-25 00:05:00 EST,43.32613,-76.10445,453,32.7,33.5,29.6,90.2,30.1,0.000,0.000,0.00,0.000,3.4,4.6,0.5,112,8,3.7,5.8,0.6,112,9,3.4,4.6,0.5,112,8,0,29.99,,0,0,0,39.1,43.9,45.5,0.44,0.20,0.41
CSQR,2015-11-25 00:10:00 EST,43.32613,-76.10445,453,33.1,33.8,33.1,89.1,30.2,0.000,0.000,0.00,0.000,2.5,3.5,0.4,119,6,2.7,4.3,0.5,120,7,2.5,3.5,0.4,119,6,0,29.99,,0,0,0,39.0,43.9,45.5,0.44,0.20,0.41
CSQR,2015-11-25 00:15:00 EST,43.32613,-76.10445,453,33.4,33.9,33.4,87.8,30.2,0.000,0.000,0.00,0.000,2.0,3.0,0.5,133,7,2.1,3.4,0.5,131,7,2.0,3.0,0.5,133,7,0,29.99,,0,0,0,39.0,43.9,45.5,0.44,0.20,0.41
CSQR,2015-11-25 00:20:00 EST,43.32613,-76.10445,453,31.7,33.5,31.7,86.8,28.2,0.000,0.000,0.00,0.000,2.2,2.8,0.3,141,3,2.2,3.1,0.3,136,5,2.2,2.8,0.3,141,3,0,29.99,,0,0,0,38.9,43.9,45.6,0.44,0.20,0.41
CSQR,2015-11-25 00:25:00 EST,43.32613,-76.10445,453,31.4,33.1,31.4,90.8,29.0,0.000,0.000,0.00,0.000,2.3,3.9,0.6,137,4,2.5,4.5,0.7,134,5,2.3,3.9,0.6,137,4,0,29.99,,0,0,0,38.9,43.9,45.5,0.44,0.20,0.41
CSQR,2015-11-25 00:30:00 EST,43.32613,-76.10445,453,31.8,33.2,28.4,91.4,29.6,0.000,0.000,0.00,0.000,3.6,5.0,0.5,136,6,3.9,5.8,0.6,134,4,3.6,5.0,0.5,136,6,0,29.99,,0,0,0,38.8,43.9,45.5,0.44,0.20,0.41
CSQR,2015-11-25 00:35:00 EST,43.32613,-76.10445,453,32.2,33.1,32.2,90.7,29.8,0.000,0.000,0.00,0.000,2.7,3.6,0.3,142,5,2.7,3.8,0.4,138,6,2.7,3.6,0.3,142,5,0,29.99,,0,0,0,38.8,43.8,45.5,0.44,0.20,0.41
CSQR,2015-11-25 00:40:00 EST,43.32613,-76.10445,453,32.5,33.7,28.4,88.8,29.6,0.000,0.000,0.00,0.000,4.2,5.4,0.6,150,6,4.6,5.8,0.6,145,6,4.2,5.4,0.6,150,6,0,29.99,,0,0,0,38.8,43.8,45.5,0.44,0.20,0.41
CSQR,2015-11-25 00:45:00 EST,43.32613,-76.10445,453,32.2,33.6,32.2,87.7,29.0,0.000,0.000,0.00,0.000,2.8,5.4,1.0,156,9,3.0,6.0,1.1,152,12,2.8,5.4,1.0,156,9,0,29.99,,0,0,0,38.8,43.9,45.5,0.44,0.20,0.41
CSQR,2015-11-25 00:50:00 EST,43.32613,-76.10445,453,32.0,33.5,32.0,88.9,29.0,0.000,0.000,0.00,0.000,2.8,4.2,0.5,169,10,3.2,4.3,0.5,165,12,2.8,4.2,0.5,169,10,0,29.99,,0,0,0,38.7,43.8,45.5,0.44,0.20,0.41
CSQR,2015-11-25 00:55:00 EST,43.32613,-76.10445,453,32.4,34.1,29.6,89.3,29.6,0.000,0.000,0.00,0.000,3.1,4.5,0.4,166,6,3.5,5.4,0.6,162,7,3.1,4.5,0.4,166,6,0,29.99,,0,0,0,38.7,43.8,45.5,0.44,0.20,0.41
CSQR,2015-11-25 01:00:00 EST,43.32613,-76.10445,453,32.7,34.0,32.7,88.5,29.7,0.000,0.000,0.00,0.000,2.8,4.2,0.4,157,7,3.0,4.5,0.5,152,8,2.8,4.2,0.4,157,7,0,29.99,,0,0,0,38.7,43.9,45.5,0.44,0.20,0.41
CSQR,2015-11-25 01:05:00 EST,43.32613,-76.10445,453,33.2,34.2,33.2,86.8,29.7,0.000,0.000,0.00,0.000,2.5,3.8,0.5,149,7,2.6,4.7,0.7,145,9,2.5,3.8,0.5,149,7,0,30.00,,0,0,0,38.7,43.8,45.5,0.44,0.20,0.41
CSQR,2015-11-25 01:10:00 EST,43.32613,-76.10445,453,33.5,34.0,33.5,85.6,29.6,0.000,0.000,0.00,0.000,1.7,2.3,0.3,146,8,1.9,2.7,0.3,143,10,1.7,2.3,0.3,146,8,0,30.00,,0,0,0,38.7,43.8,45.5,0.44,0.20,0.41
CSQR,2015-11-25 01:15:00 EST,43.32613,-76.10445,453,33.1,33.7,33.1,85.2,29.1,0.000,0.000,0.00,0.000,2.1,3.1,0.4,146,19,2.4,3.4,0.4,145,20,2.1,3.1,0.4,146,19,0,30.00,,0,0,0,38.6,43.8,45.5,0.44,0.20,0.41
CSQR,2015-11-25 01:20:00 EST,43.32613,-76.10445,453,32.9,34.1,30.0,88.0,29.8,0.000,0.000,0.00,0.000,3.3,4.2,0.4,128,7,3.4,5.1,0.5,129,6,3.3,4.2,0.4,128,7,0,30.00,,0,0,0,38.6,43.9,45.5,0.44,0.20,0.41
CSQR,2015-11-25 01:25:00 EST,43.32613,-76.10445,453,33.9,34.8,30.4,85.0,29.9,0.000,0.000,0.00,0.000,3.9,6.1,0.8,122,14,4.2,6.9,1.0,121,13,3.9,6.1,0.8,122,14,0,30.00,,0,0,0,38.7,43.9,45.5,0.44,0.20,0.41
CSQR,2015-11-25 01:30:00 EST,43.32613,-76.10445,453,34.0,34.4,31.0,83.8,29.6,0.000,0.000,0.00,0.000,3.4,4.6,0.7,105,10,3.8,5.4,0.8,104,10,3.4,4.6,0.7,105,10,0,30.01,,0,0,0,38.7,43.8,45.5,0.44,0.20,0.41
CSQR,2015-11-25 01:35:00 EST,43.32613,-76.10445,453,33.9,34.3,33.9,84.7,29.7,0.000,0.000,0.00,0.000,2.2,4.2,1.0,104,14,2.5,5.1,1.1,103,17,2.2,4.2,1.0,104,14,0,30.01,,0,0,0,38.6,43.9,45.5,0.44,0.20,0.41
CSQR,2015-11-25 01:40:00 EST,43.32613,-76.10445,453,33.8,34.3,33.8,84.5,29.6,0.000,0.000,0.00,0.000,2.1,3.4,0.8,136,8,2.3,3.8,0.7,134,8,2.1,3.4,0.8,136,8,0,30.01,,0,0,0,38.6,43.8,45.5,0.44,0.20,0.41
CSQR,2015-11-25 01:45:00 EST,43.32613,-76.10445,453,34.0,34.8,31.2,83.7,29.6,0.000,0.000,0.00,0.000,3.3,3.9,0.4,139,6,3.6,4.5,0.6,136,5,3.3,3.9,0.4,139,6,0,30.01,,0,0,0,38.7,43.9,45.5,0.44,0.20,0.41
CSQR,2015-11-25 01:50:00 EST,43.32613,-76.10445,453,33.8,34.7,30.5,84.1,29.5,0.000,0.000,0.00,0.000,3.7,4.8,0.4,136,7,4.1,5.1,0.6,134,5,3.7,4.8,0.4,136,7,0,30.02,,0,0,0,38.7,43.8,45.5,0.44,0.20,0.41
CSQR,2015-11-25 01:55:00 EST,43.32613,-76.10445,453,32.5,34.4,29.1,86.2,28.9,0.000,0.000,0.00,0.000,3.7,4.2,0.3,148,6,3.9,4.9,0.4,143,6,3.7,4.2,0.3,148,6,0,30.02,,0,0,0,38.6,43.8,45.5,0.44,0.20,0.41
CSQR,2015-11-25 02:00:00 EST,43.32613,-76.10445,453,33.3,34.9,30.0,86.3,29.7,0.000,0.000,0.00,0.000,3.6,5.2,0.7,147,11,4.0,5.8,0.8,144,12,3.6,5.2,0.7,147,11,0,30.02,,0,0,0,38.7,43.8,45.5,0.44,0.20,0.41
CSQR,2015-11-25 02:05:00 EST,43.32613,-76.10445,453,33.5,34.7,33.5,85.0,29.5,0.000,0.000,0.00,0.000,2.6,3.4,0.5,138,12,2.7,4.3,0.6,137,9,2.6,3.4,0.5,138,12,0,30.02,,0,0,0,38.7,43.8,45.5,0.44,0.20,0.41
CSQR,2015-11-25 02:10:00 EST,43.32613,-76.10445,453,33.8,34.5,33.8,83.1,29.2,0.000,0.000,0.00,0.000,2.5,3.2,0.4,148,10,2.6,4.0,0.5,143,10,2.5,3.2,0.4,148,10,0,30.03,,0,0,0,38.7,43.8,45.5,0.44,0.20,0.41
CSQR,2015-11-25 02:15:00 EST,43.32613,-76.10445,453,33.0,34.3,33.0,84.6,28.9,0.000,0.000,0.00,0.000,2.1,2.6,0.2,146,7,2.2,3.4,0.3,142,8,2.1,2.6,0.2,146,7,0,30.03,,0,0,0,38.6,43.8,45.5,0.44,0.20,0.41
CSQR,2015-11-25 02:20:00 EST,43.32613,-76.10445,453,33.5,34.5,33.5,84.6,29.4,0.000,0.000,0.00,0.000,2.6,3.9,0.4,149,8,2.7,4.5,0.6,144,8,2.6,3.9,0.4,149,8,0,30.03,,0,0,0,38.7,43.8,45.5,0.44,0.20,0.41
CSQR,2015-11-25 02:25:00 EST,43.32613,-76.10445,453,33.8,34.1,33.8,83.3,29.3,0.000,0.000,0.00,0.000,1.0,1.6,0.4,123,24,1.5,2.2,0.4,115,19,1.0,1.6,0.4,123,24,0,30.03,,0,0,0,38.7,43.8,45.5,0.44,0.20,0.41
CSQR,2015-11-25 02:30:00 EST,43.32613,-76.10445,453,33.2,34.0,33.2,85.4,29.3,0.000,0.000,0.00,0.000,1.1,2.3,0.4,129,21,1.3,2.5,0.4,126,17,1.1,2.3,0.4,129,21,0,30.03,,0,0,0,38.6,43.8,45.5,0.44,0.20,0.41
CSQR,2015-11-25 02:35:00 EST,43.32613,-76.10445,453,33.1,33.6,33.1,85.0,29.1,0.000,0.000,0.00,0.000,0.7,1.2,0.3,145,0,1.0,1.6,0.3,133,14,0.7,1.2,0.3,145,0,0,30.04,,0,0,0,38.6,43.8,45.5,0.44,0.20,0.41
CSQR,2015-11-25 02:40:00 EST,43.32613,-76.10445,453,32.1,33.3,32.1,86.5,28.5,0.000,0.000,0.00,0.000,1.5,2.2,0.3,145,5,1.7,2.2,0.2,137,9,1.5,2.2,0.3,145,5,0,30.04,,0,0,0,38.6,43.8,45.5,0.44,0.20,0.41
CSQR,2015-11-25 02:45:00 EST,43.32613,-76.10445,453,32.2,33.0,32.2,87.9,29.0,0.000,0.000,0.00,0.000,0.7,1.5,0.4,139,0,1.1,1.6,0.2,127,16,0.7,1.5,0.4,139,0,0,30.04,,0,0,0,38.5,43.8,45.5,0.44,0.20,0.41
CSQR,2015-11-25 02:50:00 EST,43.32613,-76.10445,453,31.3,32.7,31.3,88.8,28.4,0.000,0.000,0.00,0.000,0.8,1.7,0.5,138,3,1.2,1.8,0.3,124,13,0.8,1.7,0.5,138,3,0,30.04,,0,0,0,38.5,43.8,45.5,0.44,0.20,0.41
CSQR,2015-11-25 02:55:00 EST,43.32613,-76.10445,453,31.2,32.4,31.2,91.3,28.9,0.000,0.000,0.00,0.000,1.6,2.1,0.3,131,3,1.7,2.2,0.2,133,9,1.6,2.1,0.3,131,3,0,30.04,,0,0,0,38.5,43.8,45.5,0.44,0.20,0.41
CSQR,2015-11-25 03:00:00 EST,43.32613,-76.10445,453,31.9,32.3,31.9,91.1,29.6,0.000,0.000,0.00,0.000,1.7,2.1,0.2,133,3,1.8,2.2,0.2,130,6,1.7,2.1,0.2,133,3,0,30.04,,0,0,0,38.5,43.8,45.5,0.44,0.20,0.41
CSQR,2015-11-25 03:05:00 EST,43.32613,-76.10445,453,32.3,32.6,32.3,88.9,29.4,0.000,0.000,0.00,0.000,1.4,2.3,0.4,127,5,1.7,2.7,0.3,122,12,1.4,2.3,0.4,127,5,0,30.04,,0,0,0,38.4,43.7,45.5,0.44,0.20,0.41
CSQR,2015-11-25 03:10:00 EST,43.32613,-76.10445,453,32.0,32.7,32.0,88.0,28.9,0.000,0.000,0.00,0.000,1.1,1.5,0.2,116,0,1.4,2.0,0.2,121,8,1.1,1.5,0.2,116,0,0,30.05,,0,0,0,38.3,43.8,45.5,0.44,0.20,0.41
CSQR,2015-11-25 03:15:00 EST,43.32613,-76.10445,453,30.1,32.1,30.1,86.8,26.7,0.000,0.000,0.00,0.000,1.3,1.8,0.2,117,0,1.6,2.0,0.2,124,4,1.3,1.8,0.2,117,0,0,30.05,,0,0,0,38.3,43.8,45.5,0.44,0.20,0.41
CSQR,2015-11-25 03:20:00 EST,43.32613,-76.10445,453,29.1,31.5,29.1,89.4,26.4,0.000,0.000,0.00,0.000,1.3,1.7,0.1,117,0,1.6,2.0,0.2,122,7,1.3,1.7,0.1,117,0,0,30.05,,0,0,0,38.3,43.8,45.5,0.44,0.20,0.41
CSQR,2015-11-25 03:25:00 EST,43.32613,-76.10445,453,28.8,30.8,28.8,93.0,27.0,0.000,0.000,0.00,0.000,1.0,1.5,0.2,117,0,1.4,2.2,0.2,117,14,1.0,1.5,0.2,117,0,0,30.05,,0,0,0,38.2,43.7,45.5,0.44,0.20,0.41
CSQR,2015-11-25 03:30:00 EST,43.32613,-76.10445,453,29.5,30.7,29.5,95.8,28.4,0.000,0.000,0.00,0.000,1.1,2.3,0.5,119,4,1.5,2.5,0.4,117,16,1.1,2.3,0.5,119,4,0,30.05,,0,0,0,38.1,43.8,45.5,0.44,0.20,0.41
CSQR,2015-11-25 03:35:00 EST,43.32613,-76.10445,453,30.3,30.9,30.3,95.8,29.2,0.000,0.000,0.00,0.000,1.3,2.3,0.4,130,1,1.6,2.5,0.3,119,10,1.3,2.3,0.4,130,1,0,30.06,,0,0,0,38.1,43.7,45.5,0.44,0.20,0.41
CSQR,2015-11-25 03:40:00 EST,43.32613,-76.10445,453,29.2,30.5,29.2,93.4,27.5,0.000,0.000,0.00,0.000,1.3,1.8,0.3,127,6,1.7,2.5,0.3,112,9,1.3,1.8,0.3,127,6,0,30.06,,0,0,0,38.0,43.8,45.5,0.44,0.20,0.41
CSQR,2015-11-25 03:45:00 EST,43.32613,-76.10445,453,29.5,30.7,29.5,94.7,28.2,0.000,0.000,0.00,0.000,1.7,2.6,0.4,115,11,2.0,2.7,0.4,112,14,1.7,2.6,0.4,115,11,0,30.06,,0,0,0,38.0,43.7,45.5,0.44,0.20,0.41
CSQR,2015-11-25 03:50:00 EST,43.32613,-76.10445,453,30.7,31.3,30.7,92.8,28.8,0.000,0.000,0.00,0.000,1.9,3.2,0.5,109,7,2.3,3.8,0.6,107,9,1.9,3.2,0.5,109,7,0,30.06,,0,0,0,37.9,43.8,45.5,0.44,0.20,0.41
CSQR,2015-11-25 03:55:00 EST,43.32613,-76.10445,453,30.4,31.4,30.4,89.8,27.7,0.000,0.000,0.00,0.000,2.3,3.4,0.5,114,6,2.7,4.3,0.6,115,9,2.3,3.4,0.5,114,6,0,30.06,,0,0,0,37.8,43.8,45.5,0.44,0.20,0.41
CSQR,2015-11-25 04:00:00 EST,43.32613,-76.10445,453,28.5,31.0,28.5,87.8,25.3,0.000,0.000,0.00,0.000,1.5,1.9,0.2,110,2,1.9,2.5,0.3,106,10,1.5,1.9,0.2,110,2,0,30.07,,0,0,0,37.8,43.7,45.5,0.44,0.20,0.41
CSQR,2015-11-25 04:05:00 EST,43.32613,-76.10445,453,28.7,30.9,28.7,90.6,26.3,0.000,0.000,0.00,0.000,1.7,2.0,0.1,109,3,2.0,2.5,0.2,113,8,1.7,2.0,0.1,109,3,0,30.07,,0,0,0,37.7,43.7,45.5,0.44,0.20,0.41
CSQR,2015-11-25 04:10:00 EST,43.32613,-76.10445,453,28.9,30.7,28.9,91.2,26.6,0.000,0.000,0.00,0.000,2.0,3.2,0.5,117,4,2.4,3.8,0.5,115,7,2.0,3.2,0.5,117,4,0,30.07,,0,0,0,37.7,43.7,45.5,0.44,0.20,0.41
CSQR,2015-11-25 04:15:00 EST,43.32613,-76.10445,453,29.5,30.9,29.5,90.8,27.1,0.000,0.000,0.00,0.000,2.5,3.4,0.6,117,8,2.8,4.0,0.6,115,10,2.5,3.4,0.6,117,8,0,30.07,,0,0,0,37.6,43.7,45.5,0.44,0.20,0.41
CSQR,2015-11-25 04:20:00 EST,43.32613,-76.10445,453,29.3,30.8,29.3,90.9,26.9,0.000,0.000,0.00,0.000,2.9,3.9,0.5,114,9,3.2,4.9,0.6,114,10,2.9,3.9,0.5,114,9,0,30.07,,0,0,0,37.6,43.8,45.5,0.44,0.20,0.41
CSQR,2015-11-25 04:25:00 EST,43.32613,-76.10445,453,29.5,30.9,29.5,90.2,27.0,0.000,0.000,0.00,0.000,2.4,3.0,0.3,116,7,2.7,3.6,0.4,116,9,2.4,3.0,0.3,116,7,0,30.08,,0,0,0,37.5,43.7,45.5,0.44,0.20,0.41
CSQR,2015-11-25 04:30:00 EST,43.32613,-76.10445,453,30.4,31.1,30.4,90.2,27.9,0.000,0.000,0.00,0.000,2.4,3.3,0.5,118,9,2.7,3.8,0.5,118,9,2.4,3.3,0.5,118,9,0,30.08,,0,0,0,37.5,43.7,45.5,0.44,0.20,0.41
CSQR,2015-11-25 04:35:00 EST,43.32613,-76.10445,453,29.0,30.9,29.0,88.4,26.0,0.000,0.000,0.00,0.000,2.1,3.3,0.5,123,7,2.3,3.4,0.5,122,8,2.1,3.3,0.5,123,7,0,30.08,,0,0,0,37.4,43.7,45.5,0.44,0.20,0.41
CSQR,2015-11-25 04:40:00 EST,43.32613,-76.10445,453,29.1,30.7,29.1,90.2,26.6,0.000,0.000,0.00,0.000,2.4,3.5,0.5,126,3,2.5,3.8,0.6,126,5,2.4,3.5,0.5,126,3,0,30.08,,0,0,0,37.4,43.7,45.5,0.44,0.20,0.41
CSQR,2015-11-25 04:45:00 EST,43.32613,-76.10445,453,28.8,30.4,28.8,91.2,26.5,0.000,0.000,0.00,0.000,2.7,3.3,0.3,117,5,3.0,4.0,0.4,117,8,2.7,3.3,0.3,117,5,0,30.08,,0,0,0,37.4,43.7,45.4,0.44,0.20,0.41
CSQR,2015-11-25 04:50:00 EST,43.32613,-76.10445,453,28.5,30.5,28.5,91.2,26.3,0.000,0.000,0.00,0.000,1.6,3.0,0.5,119,7,1.9,3.1,0.5,116,12,1.6,3.0,0.5,119,7,0,30.08,,0,0,0,37.3,43.7,45.5,0.44,0.20,0.41
CSQR,2015-11-25 04:55:00 EST,43.32613,-76.10445,453,29.0,30.7,29.0,91.9,27.0,0.000,0.000,0.00,0.000,2.0,2.7,0.2,117,7,2.3,3.4,0.3,117,8,2.0,2.7,0.2,117,7,0,30.08,,0,0,0,37.2,43.7,45.5,0.44,0.20,0.41
CSQR,2015-11-25 05:00:00 EST,43.32613,-76.10445,453,29.9,30.9,29.9,91.4,27.8,0.000,0.000,0.00,0.000,2.0,2.7,0.3,120,6,2.2,3.1,0.3,120,7,2.0,2.7,0.3,120,6,0,30.09,,0,0,0,37.2,43.7,45.5,0.44,0.20,0.41
CSQR,2015-11-25 05:05:00 EST,43.32613,-76.10445,453,28.3,30.7,28.3,88.3,25.3,0.000,0.000,0.00,0.000,1.9,2.6,0.3,113,5,2.3,3.1,0.3,112,9,1.9,2.6,0.3,113,5,0,30.09,,0,0,0,37.2,43.7,45.5,0.44,0.20,0.41
CSQR,2015-11-25 05:10:00 EST,43.32613,-76.10445,453,27.5,30.6,27.5,89.4,24.8,0.000,0.000,0.00,0.000,1.8,2.9,0.3,112,6,2.2,3.4,0.4,111,11,1.8,2.9,0.3,112,6,0,30.09,,0,0,0,37.2,43.7,45.5,0.44,0.20,0.41
CSQR,2015-11-25 05:15:00 EST,43.32613,-76.10445,453,27.5,30.4,27.5,92.1,25.6,0.000,0.000,0.00,0.000,1.5,2.2,0.3,120,4,1.9,2.9,0.3,115,10,1.5,2.2,0.3,120,4,0,30.09,,0,0,0,37.2,43.7,45.5,0.44,0.20,0.41
CSQR,2015-11-25 05:20:00 EST,43.32613,-76.10445,453,28.2,30.2,28.2,94.3,26.8,0.000,0.000,0.00,0.000,1.7,3.1,0.4,114,9,1.9,3.8,0.4,114,11,1.7,3.1,0.4,114,9,0,30.09,,0,0,0,37.2,43.7,45.5,0.44,0.20,0.41
CSQR,2015-11-25 05:25:00 EST,43.32613,-76.10445,453,28.7,30.2,28.7,94.5,27.3,0.000,0.000,0.00,0.000,1.2,1.7,0.2,107,7,1.6,2.5,0.3,104,11,1.2,1.7,0.2,107,7,0,30.09,,0,0,0,37.2,43.7,45.5,0.44,0.20,0.41
CSQR,2015-11-25 05:30:00 EST,43.32613,-76.10445,453,28.8,30.3,28.8,93.9,27.3,0.000,0.000,0.00,0.000,1.6,2.5,0.3,111,8,2.0,3.1,0.3,110,10,1.6,2.5,0.3,111,8,0,30.09,,0,0,0,37.2,43.7,45.5,0.44,0.20,0.41
CSQR,2015-11-25 05:35:00 EST,43.32613,-76.10445,453,29.0,30.5,29.0,92.3,27.0,0.000,0.000,0.00,0.000,1.7,3.0,0.3,104,5,2.1,3.6,0.3,102,9,1.7,3.0,0.3,104,5,0,30.10,,0,0,0,37.2,43.7,45.5,0.44,0.20,0.41
CSQR,2015-11-25 05:40:00 EST,43.32613,-76.10445,453,27.2,30.3,27.2,89.0,24.4,0.000,0.000,0.00,0.000,1.5,2.0,0.1,106,6,1.8,2.5,0.2,103,12,1.5,2.0,0.1,106,6,0,30.10,,0,0,0,37.2,43.7,45.5,0.44,0.20,0.41
CSQR,2015-11-25 05:45:00 EST,43.32613,-76.10445,453,26.5,30.2,26.5,90.9,24.2,0.000,0.000,0.00,0.000,1.3,1.6,0.2,113,2,1.7,2.2,0.2,103,9,1.3,1.6,0.2,113,2,0,30.10,,0,0,0,37.2,43.7,45.5,0.44,0.20,0.41
CSQR,2015-11-25 05:50:00 EST,43.32613,-76.10445,453,27.0,30.2,27.0,93.6,25.4,0.000,0.000,0.00,0.000,1.3,1.8,0.3,101,5,1.7,2.2,0.3,98,11,1.3,1.8,0.3,101,5,0,30.10,,0,0,0,37.2,43.6,45.4,0.44,0.20,0.41
CSQR,2015-11-25 05:55:00 EST,43.32613,-76.10445,453,26.7,30.0,26.7,94.0,25.2,0.000,0.000,0.00,0.000,1.7,2.7,0.3,112,7,2.1,2.9,0.3,110,12,1.7,2.7,0.3,112,7,0,30.10,,0,0,0,37.1,43.7,45.5,0.44,0.20,0.41
CSQR,2015-11-25 06:00:00 EST,43.32613,-76.10445,453,27.6,30.0,27.6,95.5,26.5,0.000,0.000,0.00,0.000,1.9,2.5,0.2,112,8,2.2,3.1,0.4,112,11,1.9,2.5,0.2,112,8,0,30.10,,0,0,0,37.1,43.6,45.5,0.44,0.20,0.41
CSQR,2015-11-25 06:05:00 EST,43.32613,-76.10445,453,27.4,30.0,27.4,93.9,25.9,0.000,0.000,0.00,0.000,1.8,2.8,0.4,112,6,2.2,3.1,0.4,113,9,1.8,2.8,0.4,112,6,0,30.11,,0,0,0,37.1,43.6,45.4,0.44,0.20,0.41
CSQR,2015-11-25 06:10:00 EST,43.32613,-76.10445,453,27.3,30.0,27.3,94.0,25.8,0.000,0.000,0.00,0.000,1.9,3.2,0.4,110,11,2.4,3.8,0.5,109,13,1.9,3.2,0.4,110,11,0,30.11,,0,0,0,37.1,43.6,45.5,0.44,0.20,0.41
CSQR,2015-11-25 06:15:00 EST,43.32613,-76.10445,453,27.3,29.7,27.3,93.8,25.7,0.000,0.000,0.00,0.000,1.8,2.8,0.3,118,6,2.1,2.9,0.4,117,9,1.8,2.8,0.3,118,6,0,30.11,,0,0,0,37.0,43.7,45.5,0.44,0.20,0.41
CSQR,2015-11-25 06:20:00 EST,43.32613,-76.10445,453,28.3,29.8,28.3,94.4,26.9,0.000,0.000,0.00,0.000,1.9,3.0,0.3,124,7,2.1,3.1,0.3,122,9,1.9,3.0,0.3,124,7,0,30.11,,0,0,0,37.0,43.6,45.5,0.44,0.20,0.41
CSQR,2015-11-25 06:25:00 EST,43.32613,-76.10445,453,29.1,29.8,29.1,94.5,27.7,0.000,0.000,0.00,0.000,1.5,2.8,0.4,114,8,1.8,3.4,0.4,113,11,1.5,2.8,0.4,114,8,0,30.12,,0,0,0,37.0,43.6,45.5,0.44,0.20,0.41
CSQR,2015-11-25 06:30:00 EST,43.32613,-76.10445,453,29.5,30.0,29.5,92.8,27.7,0.000,0.000,0.00,0.000,1.5,2.2,0.3,108,5,1.9,2.9,0.4,107,10,1.5,2.2,0.3,108,5,0,30.12,,0,0,0,37.0,43.6,45.4,0.44,0.20,0.41
CSQR,2015-11-25 06:35:00 EST,43.32613,-76.10445,453,27.7,30.1,27.7,89.4,25.0,0.000,0.000,0.00,0.000,1.3,2.0,0.3,110,2,1.7,2.5,0.4,102,13,1.3,2.0,0.3,110,2,0,30.12,,0,0,0,37.0,43.6,45.4,0.44,0.20,0.41
CSQR,2015-11-25 06:40:00 EST,43.32613,-76.10445,453,27.2,30.2,27.2,90.0,24.6,0.000,0.000,0.00,0.000,1.5,2.0,0.2,95,6,1.9,2.7,0.3,92,9,1.5,2.0,0.2,95,6,0,30.12,,0,0,0,37.0,43.6,45.5,0.44,0.20,0.41
CSQR,2015-11-25 06:45:00 EST,43.32613,-76.10445,453,26.8,30.1,26.8,90.6,24.4,0.000,0.000,0.00,0.000,1.0,1.7,0.3,101,0,1.4,2.2,0.3,89,12,1.0,1.7,0.3,101,0,0,30.12,,0,0,0,37.0,43.6,45.5,0.44,0.20,0.41
CSQR,2015-11-25 06:50:00 EST,43.32613,-76.10445,453,26.6,29.7,26.6,92.6,24.8,0.000,0.000,0.00,0.000,0.8,1.8,0.6,101,0,1.5,2.7,0.6,73,21,0.8,1.8,0.6,101,0,0,30.13,,0,0,0,36.9,43.6,45.5,0.44,0.20,0.41
CSQR,2015-11-25 06:55:00 EST,43.32613,-76.10445,453,27.4,30.5,27.4,95.4,26.3,0.000,0.000,0.00,0.000,2.1,2.7,0.3,89,10,2.5,3.1,0.3,84,11,2.1,2.7,0.3,89,10,1,30.13,,0,0,0,36.9,43.5,45.4,0.44,0.20,0.41
CSQR,2015-11-25 07:00:00 EST,43.32613,-76.10445,453,26.5,30.6,26.5,92.9,24.7,0.000,0.000,0.00,0.000,1.9,2.4,0.2,80,9,2.3,3.4,0.4,75,11,1.9,2.4,0.2,80,9,2,30.13,,0,0,0,36.9,43.6,45.5,0.44,0.20,0.41
CSQR,2015-11-25 07:05:00 EST,43.32613,-76.10445,453,25.6,29.1,25.6,91.8,23.5,0.000,0.000,0.00,0.000,1.9,2.6,0.2,51,9,2.0,2.9,0.3,48,9,1.9,2.6,0.2,51,9,3,30.13,,0,0,0,36.8,43.6,45.5,0.44,0.20,0.41
CSQR,2015-11-25 07:10:00 EST,43.32613,-76.10445,453,25.4,29.6,25.4,92.7,23.6,0.000,0.000,0.00,0.000,2.0,2.6,0.2,58,5,2.0,2.9,0.3,53,7,2.0,2.6,0.2,58,5,4,30.14,,0,0,0,36.8,43.5,45.4,0.44,0.20,0.41
CSQR,2015-11-25 07:15:00 EST,43.32613,-76.10445,453,26.1,29.8,26.1,94.7,24.8,0.000,0.000,0.00,0.000,2.2,2.9,0.3,65,6,2.4,3.6,0.5,59,9,2.2,2.9,0.3,65,6,6,30.14,,0,0,0,36.8,43.6,45.5,0.44,0.20,0.41
CSQR,2015-11-25 07:20:00 EST,43.32613,-76.10445,453,27.5,29.9,27.5,96.5,26.6,0.000,0.000,0.00,0.000,2.6,3.3,0.3,75,6,3.1,4.3,0.5,72,8,2.6,3.3,0.3,75,6,9,30.14,,0,0,0,36.7,43.6,45.4,0.44,0.20,0.41
CSQR,2015-11-25 07:25:00 EST,43.32613,-76.10445,453,25.4,29.8,25.4,93.7,23.8,0.000,0.000,0.00,0.000,1.9,2.6,0.3,72,11,2.3,3.4,0.4,69,12,1.9,2.6,0.3,72,11,12,30.14,,0,0,0,36.7,43.6,45.4,0.44,0.20,0.40
CSQR,2015-11-25 07:30:00 EST,43.32613,-76.10445,453,25.6,29.6,25.6,93.3,24.0,0.000,0.000,0.00,0.000,1.5,2.0,0.2,75,6,1.9,2.5,0.3,71,11,1.5,2.0,0.2,75,6,16,30.14,,0,0,0,36.7,43.5,45.4,0.44,0.20,0.40
CSQR,2015-11-25 07:35:00 EST,43.32613,-76.10445,453,26.2,29.6,26.2,94.1,24.7,0.000,0.000,0.00,0.000,1.2,1.8,0.2,72,8,1.7,2.2,0.3,65,10,1.2,1.8,0.2,72,8,19,30.14,,0,0,0,36.7,43.5,45.4,0.44,0.20,0.41
CSQR,2015-11-25 07:40:00 EST,43.32613,-76.10445,453,26.5,29.4,26.5,94.2,25.0,0.000,0.000,0.00,0.000,1.4,2.0,0.4,69,0,1.9,2.9,0.6,68,9,1.4,2.0,0.4,69,0,22,30.15,,0,0,0,36.7,43.5,45.4,0.44,0.20,0.40
CSQR,2015-11-25 07:45:00 EST,43.32613,-76.10445,453,26.8,29.7,26.8,94.7,25.4,0.000,0.000,0.00,0.000,1.9,2.2,0.2,73,6,2.4,2.9,0.3,70,8,1.9,2.2,0.2,73,6,25,30.15,,0,0,0,36.7,43.5,45.4,0.44,0.20,0.40
CSQR,2015-11-25 07:50:00 EST,43.32613,-76.10445,453,27.5,29.9,27.5,92.3,25.5,0.000,0.000,0.00,0.000,1.7,2.4,0.3,73,8,2.1,3.1,0.5,69,11,1.7,2.4,0.3,73,8,27,30.15,,0,0,0,36.6,43.5,45.4,0.44,0.20,0.40
CSQR,2015-11-25 07:55:00 EST,43.32613,-76.10445,453,28.3,30.1,28.3,89.5,25.6,0.000,0.000,0.00,0.000,2.4,3.0,0.2,73,10,2.8,3.8,0.4,70,11,2.4,3.0,0.2,73,10,36,30.15,,0,0,0,36.7,43.5,45.4,0.44,0.20,0.40
CSQR,2015-11-25 08:00:00 EST,43.32613,-76.10445,453,29.5,30.4,29.5,89.7,26.9,0.000,0.000,0.00,0.000,2.1,2.9,0.4,69,10,2.4,3.8,0.6,66,11,2.1,2.9,0.4,69,10,93,30.16,,0,0,0,36.7,43.5,45.4,0.44,0.20,0.40
CSQR,2015-11-25 08:05:00 EST,43.32613,-76.10445,453,30.4,30.6,30.4,88.1,27.3,0.000,0.000,0.00,0.000,2.4,3.0,0.4,69,8,2.7,4.3,0.5,66,11,2.4,3.0,0.4,69,8,114,30.16,,0,0,0,36.6,43.5,45.4,0.44,0.20,0.40
CSQR,2015-11-25 08:10:00 EST,43.32613,-76.10445,453,30.8,30.7,30.8,86.8,27.3,0.000,0.000,0.00,0.000,2.7,3.4,0.4,76,8,3.2,4.3,0.5,73,10,2.7,3.4,0.4,76,8,130,30.16,,0,0,0,36.7,43.5,45.3,0.44,0.20,0.40
CSQR,2015-11-25 08:15:00 EST,43.32613,-76.10445,453,30.9,30.7,30.9,86.3,27.3,0.000,0.000,0.00,0.000,2.5,3.7,0.4,78,11,3.0,4.5,0.5,77,12,2.5,3.7,0.4,78,11,146,30.16,,0,0,0,36.7,43.5,45.4,0.44,0.20,0.40
CSQR,2015-11-25 08:20:00 EST,43.32613,-76.10445,453,30.1,30.7,30.1,86.5,26.5,0.000,0.000,0.00,0.000,1.8,2.6,0.4,67,9,2.2,3.4,0.5,65,12,1.8,2.6,0.4,67,9,160,30.16,,0,0,0,36.7,43.5,45.4,0.44,0.20,0.40
CSQR,2015-11-25 08:25:00 EST,43.32613,-76.10445,453,29.7,31.1,29.7,85.4,25.8,0.000,0.000,0.00,0.000,1.9,2.6,0.3,74,7,2.3,3.6,0.4,74,9,1.9,2.6,0.3,74,7,172,30.16,,0,0,0,36.6,43.5,45.4,0.44,0.20,0.40
CSQR,2015-11-25 08:30:00 EST,43.32613,-76.10445,453,31.3,31.3,31.3,83.6,27.0,0.000,0.000,0.00,0.000,1.7,2.3,0.3,83,8,2.2,3.1,0.4,80,10,1.7,2.3,0.3,83,8,182,30.16,,0,0,0,36.7,43.5,45.4,0.44,0.20,0.40
CSQR,2015-11-25 08:35:00 EST,43.32613,-76.10445,453,32.5,31.6,32.5,83.8,28.2,0.000,0.000,0.00,0.000,1.9,2.9,0.3,85,6,2.5,3.4,0.4,83,9,1.9,2.9,0.3,85,6,203,30.16,,0,0,0,36.7,43.5,45.4,0.44,0.20,0.40
CSQR,2015-11-25 08:40:00 EST,43.32613,-76.10445,453,33.0,32.0,33.0,82.8,28.3,0.000,0.000,0.00,0.000,1.9,2.8,0.3,91,11,2.4,3.6,0.4,87,12,1.9,2.8,0.3,91,11,216,30.16,,0,0,0,36.7,43.5,45.4,0.44,0.20,0.40
CSQR,2015-11-25 08:45:00 EST,43.32613,-76.10445,453,33.3,32.3,33.3,82.8,28.7,0.000,0.000,0.00,0.000,2.1,3.0,0.5,97,11,2.6,3.8,0.5,94,11,2.1,3.0,0.5,97,11,225,30.17,,0,0,0,36.7,43.5,45.3,0.44,0.20,0.40
CSQR,2015-11-25 08:50:00 EST,43.32613,-76.10445,453,33.6,32.6,33.6,81.5,28.5,0.000,0.000,0.00,0.000,1.8,2.8,0.5,104,10,2.3,3.4,0.5,103,13,1.8,2.8,0.5,104,10,230,30.17,,0,0,0,36.7,43.5,45.4,0.44,0.20,0.40
CSQR,2015-11-25 08:55:00 EST,43.32613,-76.10445,453,34.0,33.3,34.0,81.7,29.0,0.000,0.000,0.00,0.000,2.3,4.3,0.7,127,9,2.5,4.5,0.7,125,10,2.3,4.3,0.7,127,9,240,30.17,,0,0,0,36.7,43.4,45.3,0.44,0.20,0.40
CSQR,2015-11-25 09:00:00 EST,43.32613,-76.10445,453,34.3,33.7,34.3,80.6,29.0,0.000,0.000,0.00,0.000,2.7,4.1,0.6,135,11,2.9,4.5,0.6,131,10,2.7,4.1,0.6,135,11,243,30.17,,0,0,0,36.7,43.5,45.3,0.44,0.20,0.40
CSQR,2015-11-25 09:05:00 EST,43.32613,-76.10445,453,35.0,34.2,35.0,80.8,29.7,0.000,0.000,0.00,0.000,2.9,4.2,0.5,140,11,3.1,5.1,0.7,137,9,2.9,4.2,0.5,140,11,257,30.17,,0,0,0,36.7,43.5,45.3,0.44,0.20,0.40
CSQR,2015-11-25 09:10:00 EST,43.32613,-76.10445,453,35.2,34.6,32.3,79.3,29.4,0.000,0.000,0.00,0.000,3.5,4.9,0.6,147,6,3.7,5.4,0.8,142,6,3.5,4.9,0.6,147,6,261,30.17,,0,0,0,36.7,43.5,45.3,0.44,0.20,0.40
CSQR,2015-11-25 09:15:00 EST,43.32613,-76.10445,453,35.7,34.9,32.0,78.9,29.8,0.000,0.000,0.00,0.000,4.3,6.8,0.8,144,12,4.8,7.8,0.9,140,10,4.3,6.8,0.8,144,12,276,30.17,,0,0,0,36.7,43.4,45.4,0.44,0.20,0.40
CSQR,2015-11-25 09:20:00 EST,43.32613,-76.10445,453,36.0,35.2,30.9,78.3,29.9,0.000,0.000,0.00,0.000,6.1,10.3,1.5,134,10,6.6,11.4,1.5,133,9,6.1,10.3,1.5,134,10,287,30.17,,0,0,0,36.7,43.4,45.3,0.44,0.20,0.40
CSQR,2015-11-25 09:25:00 EST,43.32613,-76.10445,453,35.8,35.1,30.6,77.4,29.5,0.000,0.000,0.00,0.000,6.4,8.3,1.1,135,11,6.9,9.6,1.3,133,7,6.4,8.3,1.1,135,11,299,30.17,,0,0,0,36.7,43.4,45.3,0.44,0.20,0.40
CSQR,2015-11-25 09:30:00 EST,43.32613,-76.10445,453,36.3,35.4,30.6,77.0,29.8,0.000,0.000,0.00,0.000,7.1,10.6,1.2,132,10,7.6,11.2,1.2,130,7,7.1,10.6,1.2,132,10,300,30.17,,0,0,0,36.7,43.4,45.3,0.44,0.20,0.40
CSQR,2015-11-25 09:35:00 EST,43.32613,-76.10445,453,36.6,35.7,31.7,77.2,30.2,0.000,0.000,0.00,0.000,6.1,9.5,1.0,127,14,6.5,9.4,1.0,126,13,6.1,9.5,1.0,127,14,319,30.18,,0,0,0,36.8,43.4,45.3,0.44,0.20,0.40
CSQR,2015-11-25 09:40:00 EST,43.32613,-76.10445,453,36.9,35.9,32.6,76.5,30.2,0.000,0.000,0.00,0.000,5.3,8.3,1.0,124,12,5.8,9.4,1.1,122,12,5.3,8.3,1.0,124,12,322,30.18,,0,0,0,36.9,43.4,45.3,0.44,0.20,0.40
CSQR,2015-11-25 09:45:00 EST,43.32613,-76.10445,453,37.2,36.2,32.0,76.5,30.5,0.000,0.000,0.00,0.000,6.6,8.8,0.9,126,8,7.0,9.4,0.9,126,7,6.6,8.8,0.9,126,8,332,30.18,,0,0,0,37.0,43.4,45.4,0.44,0.20,0.40
CSQR,2015-11-25 09:50:00 EST,43.32613,-76.10445,453,37.7,36.5,33.2,75.4,30.6,0.000,0.000,0.00,0.000,5.7,8.4,1.1,130,10,6.2,9.2,1.2,129,8,5.7,8.4,1.1,130,10,341,30.18,,0,0,0,37.0,43.4,45.3,0.44,0.20,0.40
CSQR,2015-11-25 09:55:00 EST,43.32613,-76.10445,453,37.9,36.8,33.4,73.6,30.3,0.000,0.000,0.00,0.000,5.9,8.3,0.9,128,10,6.4,9.4,1.1,127,9,5.9,8.3,0.9,128,10,349,30.18,,0,0,0,37.1,43.3,45.3,0.44,0.20,0.40
CSQR,2015-11-25 10:00:00 EST,43.32613,-76.10445,453,38.2,37.2,34.1,73.0,30.3,0.000,0.000,0.00,0.000,5.4,7.2,0.9,118,14,5.8,8.3,1.1,117,15,5.4,7.2,0.9,118,14,357,30.18,,0,0,0,37.2,43.4,45.3,0.44,0.20,0.40
CSQR,2015-11-25 10:05:00 EST,43.32613,-76.10445,453,38.8,37.6,34.3,72.4,30.7,0.000,0.000,0.00,0.000,6.0,8.9,1.5,139,18,6.4,9.8,1.8,136,17,6.0,8.9,1.5,139,18,361,30.18,,0,0,0,37.2,43.3,45.3,0.44,0.20,0.40
CSQR,2015-11-25 10:10:00 EST,43.32613,-76.10445,453,39.0,37.9,34.6,70.9,30.3,0.000,0.000,0.00,0.000,5.8,8.4,1.1,143,10,6.4,10.1,1.2,140,9,5.8,8.4,1.1,143,10,372,30.18,,0,0,0,37.3,43.4,45.3,0.44,0.20,0.40
CSQR,2015-11-25 10:15:00 EST,43.32613,-76.10445,453,38.9,37.8,34.0,70.4,30.1,0.000,0.000,0.00,0.000,6.8,8.8,1.2,134,15,7.4,10.1,1.2,131,13,6.8,8.8,1.2,134,15,379,30.18,,0,0,0,37.4,43.3,45.3,0.44,0.20,0.40
CSQR,2015-11-25 10:20:00 EST,43.32613,-76.10445,453,39.1,38.1,34.5,70.1,30.2,0.000,0.000,0.00,0.000,6.3,8.8,1.1,125,10,6.7,8.9,1.1,125,9,6.3,8.8,1.1,125,10,378,30.18,,0,0,0,37.6,43.3,45.3,0.44,0.20,0.40
CSQR,2015-11-25 10:25:00 EST,43.32613,-76.10445,453,39.4,38.2,34.9,69.1,30.1,0.000,0.000,0.00,0.000,6.2,7.7,0.9,117,13,6.7,9.2,1.0,115,12,6.2,7.7,0.9,117,13,387,30.18,,0,0,0,37.7,43.3,45.3,0.44,0.20,0.40
CSQR,2015-11-25 10:30:00 EST,43.32613,-76.10445,453,40.5,39.3,36.2,69.7,31.4,0.000,0.000,0.00,0.000,6.2,10.3,1.5,139,15,6.7,11.6,1.7,136,13,6.2,10.3,1.5,139,15,395,30.18,,0,0,0,37.9,43.4,45.3,0.44,0.20,0.40
CSQR,2015-11-25 10:35:00 EST,43.32613,-76.10445,453,40.5,39.3,36.4,66.5,30.2,0.000,0.000,0.00,0.000,6.0,8.5,1.3,139,16,6.4,8.9,1.3,137,14,6.0,8.5,1.3,139,16,396,30.18,,0,0,0,38.1,43.3,45.3,0.44,0.20,0.40
CSQR,2015-11-25 10:40:00 EST,43.32613,-76.10445,453,41.0,39.7,37.6,66.3,30.6,0.000,0.000,0.00,0.000,5.1,8.7,1.3,142,12,5.5,9.8,1.5,138,11,5.1,8.7,1.3,142,12,404,30.18,,0,0,0,38.2,43.3,45.3,0.44,0.20,0.40
CSQR,2015-11-25 10:45:00 EST,43.32613,-76.10445,453,41.4,40.1,38.5,66.0,30.9,0.000,0.000,0.00,0.000,4.5,8.2,1.3,125,12,4.8,8.7,1.3,123,12,4.5,8.2,1.3,125,12,416,30.18,,0,0,0,38.4,43.3,45.3,0.44,0.20,0.40
CSQR,2015-11-25 10:50:00 EST,43.32613,-76.10445,453,42.0,40.7,38.7,63.6,30.5,0.000,0.000,0.00,0.000,5.1,8.5,1.4,136,14,5.5,9.2,1.5,135,14,5.1,8.5,1.4,136,14,426,30.18,,0,0,0,38.6,43.3,45.3,0.44,0.20,0.40
CSQR,2015-11-25 10:55:00 EST,43.32613,-76.10445,453,41.9,40.7,37.3,62.9,30.2,0.000,0.000,0.00,0.000,7.2,9.0,1.0,124,9,7.8,10.7,1.2,123,10,7.2,9.0,1.0,124,9,430,30.18,,0,0,0,38.8,43.3,45.3,0.44,0.20,0.40
CSQR,2015-11-25 11:00:00 EST,43.32613,-76.10445,453,42.3,41.0,37.7,62.1,30.2,0.000,0.000,0.00,0.000,7.4,10.4,1.1,132,8,7.9,11.0,1.3,130,8,7.4,10.4,1.1,132,8,433,30.18,,0,0,0,39.0,43.3,45.3,0.44,0.20,0.40
CSQR,2015-11-25 11:05:00 EST,43.32613,-76.10445,453,42.7,41.6,38.5,61.8,30.5,0.000,0.000,0.00,0.000,6.9,12.9,2.0,168,11,7.6,15.0,2.2,165,11,6.9,12.9,2.0,168,11,441,30.17,,0,0,0,39.1,43.3,45.3,0.44,0.20,0.41
CSQR,2015-11-25 11:10:00 EST,43.32613,-76.10445,453,42.5,41.4,37.7,60.5,29.8,0.000,0.000,0.00,0.000,7.8,11.1,1.4,164,7,8.5,12.1,1.6,161,7,7.8,11.1,1.4,164,7,444,30.17,,0,0,0,39.2,43.3,45.3,0.44,0.20,0.40
CSQR,2015-11-25 11:15:00 EST,43.32613,-76.10445,453,43.1,41.9,38.5,60.5,30.3,0.000,0.000,0.00,0.000,7.6,10.3,1.1,160,13,8.4,11.2,1.2,157,11,7.6,10.3,1.1,160,13,446,30.17,,0,0,0,39.4,43.2,45.3,0.44,0.20,0.40
CSQR,2015-11-25 11:20:00 EST,43.32613,-76.10445,453,42.4,41.4,37.2,59.3,29.2,0.000,0.000,0.00,0.000,8.8,12.6,1.5,169,10,9.5,12.8,1.7,166,9,8.8,12.6,1.5,169,10,447,30.17,,0,0,0,39.6,43.2,45.3,0.44,0.20,0.41
CSQR,2015-11-25 11:25:00 EST,43.32613,-76.10445,453,42.5,41.6,37.8,59.5,29.4,0.000,0.000,0.00,0.000,7.8,10.4,1.5,173,10,8.6,11.9,1.6,170,9,7.8,10.4,1.5,173,10,450,30.17,,0,0,0,39.8,43.2,45.3,0.44,0.20,0.40
CSQR,2015-11-25 11:30:00 EST,43.32613,-76.10445,453,42.7,41.8,38.0,59.3,29.5,0.000,0.000,0.00,0.000,7.7,11.5,1.5,172,10,8.5,13.0,1.5,168,9,7.7,11.5,1.5,172,10,452,30.17,,0,0,0,40.0,43.3,45.3,0.44,0.20,0.41
CSQR,2015-11-25 11:35:00 EST,43.32613,-76.10445,453,43.4,42.2,38.4,60.2,30.5,0.000,0.000,0.00,0.000,8.6,12.8,1.7,151,11,9.4,13.9,1.8,148,11,8.6,12.8,1.7,151,11,454,30.17,,0,0,0,40.2,43.2,45.3,0.44,0.20,0.41
CSQR,2015-11-25 11:40:00 EST,43.32613,-76.10445,453,43.5,42.3,38.7,59.6,30.3,0.000,0.000,0.00,0.000,8.1,12.1,1.5,154,9,8.7,12.8,1.5,150,8,8.1,12.1,1.5,154,9,455,30.17,,0,0,0,40.4,43.2,45.2,0.44,0.20,0.40
CSQR,2015-11-25 11:45:00 EST,43.32613,-76.10445,453,43.3,42.3,38.2,60.0,30.4,0.000,0.000,0.00,0.000,8.9,11.3,1.2,160,10,9.5,12.5,1.4,158,10,8.9,11.3,1.2,160,10,454,30.16,,0,0,0,40.6,43.3,45.3,0.44,0.20,0.40
CSQR,2015-11-25 11:50:00 EST,43.32613,-76.10445,453,43.7,42.4,38.6,58.6,30.1,0.000,0.000,0.00,0.000,9.0,11.9,1.5,162,10,9.7,13.9,1.5,158,9,9.0,11.9,1.5,162,10,454,30.16,,0,0,0,40.8,43.2,45.3,0.44,0.20,0.40
CSQR,2015-11-25 11:55:00 EST,43.32613,-76.10445,453,43.7,42.7,38.7,58.4,30.1,0.000,0.000,0.00,0.000,8.9,11.4,1.3,167,11,9.6,13.0,1.4,164,11,8.9,11.4,1.3,167,11,454,30.16,,0,0,0,41.0,43.2,45.3,0.44,0.20,0.40
CSQR,2015-11-25 12:00:00 EST,43.32613,-76.10445,453,44.1,43.1,39.2,57.0,29.8,0.000,0.000,0.00,0.000,8.9,11.4,1.2,164,7,9.6,12.5,1.3,162,7,8.9,11.4,1.2,164,7,454,30.16,,0,0,0,41.1,43.3,45.2,0.44,0.20,0.40
CSQR,2015-11-25 12:05:00 EST,43.32613,-76.10445,453,44.9,43.8,41.0,56.2,30.2,0.000,0.000,0.00,0.000,6.9,11.4,1.8,149,18,7.5,11.6,2.0,147,18,6.9,11.4,1.8,149,18,451,30.16,,0,0,0,41.3,43.2,45.2,0.44,0.20,0.40
CSQR,2015-11-25 12:10:00 EST,43.32613,-76.10445,453,45.3,44.0,41.0,54.4,29.8,0.000,0.000,0.00,0.000,7.9,12.3,1.5,162,15,8.8,12.5,1.6,160,14,7.9,12.3,1.5,162,15,451,30.16,,0,0,0,41.4,43.2,45.3,0.44,0.20,0.40
CSQR,2015-11-25 12:15:00 EST,43.32613,-76.10445,453,45.2,44.3,40.5,52.6,28.9,0.000,0.000,0.00,0.000,9.1,13.5,1.5,155,13,9.8,16.6,1.8,152,12,9.1,13.5,1.5,155,13,448,30.15,,0,0,0,41.6,43.2,45.2,0.44,0.20,0.40
CSQR,2015-11-25 12:20:00 EST,43.32613,-76.10445,453,45.4,44.3,40.1,52.2,28.8,0.000,0.000,0.00,0.000,10.5,14.1,1.8,160,13,11.1,15.2,1.8,157,13,10.5,14.1,1.8,160,13,449,30.15,,0,0,0,41.7,43.2,45.2,0.44,0.20,0.40
CSQR,2015-11-25 12:25:00 EST,43.32613,-76.10445,453,45.5,44.4,40.8,51.4,28.6,0.000,0.000,0.00,0.000,9.1,14.0,1.6,160,16,9.9,16.3,1.8,158,15,9.1,14.0,1.6,160,16,447,30.15,,0,0,0,41.9,43.2,45.2,0.44,0.20,0.40
CSQR,2015-11-25 12:30:00 EST,43.32613,-76.10445,453,45.4,44.6,41.5,51.9,28.8,0.000,0.000,0.00,0.000,7.4,13.4,2.1,163,18,7.9,14.1,2.2,159,19,7.4,13.4,2.1,163,18,444,30.15,,0,0,0,42.0,43.2,45.2,0.44,0.20,0.40
CSQR,2015-11-25 12:35:00 EST,43.32613,-76.10445,453,46.0,44.9,40.6,50.0,28.4,0.000,0.000,0.00,0.000,11.2,16.6,2.0,146,14,11.9,16.8,2.0,143,13,11.2,16.6,2.0,146,14,443,30.15,,0,0,0,42.2,43.2,45.2,0.44,0.20,0.40
CSQR,2015-11-25 12:40:00 EST,43.32613,-76.10445,453,45.9,44.7,40.6,48.8,27.6,0.000,0.000,0.00,0.000,10.7,16.1,2.3,162,10,11.4,18.1,2.5,159,11,10.7,16.1,2.3,162,10,441,30.15,,0,0,0,42.3,43.2,45.2,0.44,0.20,0.41
CSQR,2015-11-25 12:45:00 EST,43.32613,-76.10445,453,46.3,45.1,41.9,49.6,28.5,0.000,0.000,0.00,0.000,8.8,11.9,1.5,148,12,9.5,13.2,1.6,145,12,8.8,11.9,1.5,148,12,435,30.15,,0,0,0,42.4,43.2,45.2,0.44,0.20,0.41
CSQR,2015-11-25 12:50:00 EST,43.32613,-76.10445,453,46.0,44.9,40.5,48.5,27.7,0.000,0.000,0.00,0.000,11.9,15.2,1.7,149,11,12.6,16.6,1.8,146,11,11.9,15.2,1.7,149,11,434,30.14,,0,0,0,42.5,43.2,45.2,0.44,0.20,0.41
CSQR,2015-11-25 12:55:00 EST,43.32613,-76.10445,453,46.4,45.3,41.8,49.2,28.4,0.000,0.000,0.00,0.000,9.2,16.7,2.4,152,10,9.9,17.0,2.4,149,10,9.2,16.7,2.4,152,10,428,30.14,,0,0,0,42.6,43.2,45.2,0.44,0.20,0.41
CSQR,2015-11-25 13:00:00 EST,43.32613,-76.10445,453,46.6,45.6,42.3,49.2,28.6,0.000,0.000,0.00,0.000,8.8,11.9,1.4,153,24,9.6,13.9,1.6,152,23,8.8,11.9,1.4,153,24,424,30.14,,0,0,0,42.7,43.2,45.2,0.44,0.20,0.41
CSQR,2015-11-25 13:05:00 EST,43.32613,-76.10445,453,46.9,45.9,42.6,48.6,28.6,0.000,0.000,0.00,0.000,9.0,13.2,1.7,150,16,10.0,15.0,1.8,149,16,9.0,13.2,1.7,150,16,418,30.14,,0,0,0,42.8,43.2,45.2,0.43,0.20,0.40
CSQR,2015-11-25 13:10:00 EST,43.32613,-76.10445,453,46.4,45.3,41.4,48.0,27.8,0.000,0.000,0.00,0.000,10.6,15.6,1.6,155,18,11.4,18.6,1.9,153,17,10.6,15.6,1.6,155,18,412,30.13,,0,0,0,42.9,43.2,45.2,0.43,0.20,0.41
CSQR,2015-11-25 13:15:00 EST,43.32613,-76.10445,453,46.4,45.6,41.6,48.4,28.0,0.000,0.000,0.00,0.000,9.9,14.5,1.8,164,13,10.6,16.1,2.0,160,12,9.9,14.5,1.8,164,13,405,30.13,,0,0,0,42.9,43.2,45.1,0.43,0.20,0.40
CSQR,2015-11-25 13:20:00 EST,43.32613,-76.10445,453,46.3,45.6,40.8,46.1,26.7,0.000,0.000,0.00,0.000,12.0,16.7,2.0,167,9,13.0,18.1,2.1,165,8,12.0,16.7,2.0,167,9,401,30.13,,0,0,0,43.0,43.2,45.2,0.43,0.20,0.41
CSQR,2015-11-25 13:25:00 EST,43.32613,-76.10445,453,46.7,45.8,42.0,45.7,26.8,0.000,0.000,0.00,0.000,9.6,13.8,2.0,153,15,10.3,15.7,2.2,151,16,9.6,13.8,2.0,153,15,396,30.13,,0,0,0,43.1,43.2,45.2,0.43,0.20,0.40
CSQR,2015-11-25 13:30:00 EST,43.32613,-76.10445,453,47.1,46.2,41.9,44.6,26.6,0.000,0.000,0.00,0.000,11.7,16.1,2.0,147,11,12.3,16.6,2.0,143,10,11.7,16.1,2.0,147,11,388,30.13,,0,0,0,43.2,43.2,45.2,0.43,0.20,0.41
CSQR,2015-11-25 13:35:00 EST,43.32613,-76.10445,453,46.8,45.9,41.5,44.7,26.4,0.000,0.000,0.00,0.000,11.8,15.6,1.9,159,10,12.5,17.4,2.1,156,10,11.8,15.6,1.9,159,10,376,30.13,,0,0,0,43.2,43.2,45.2,0.43,0.20,0.41
CSQR,2015-11-25 13:40:00 EST,43.32613,-76.10445,453,47.1,46.1,42.5,44.8,26.7,0.000,0.000,0.00,0.000,9.8,13.2,1.9,154,11,10.4,14.1,2.0,151,10,9.8,13.2,1.9,154,11,367,30.12,,0,0,0,43.3,43.2,45.2,0.43,0.20,0.40
CSQR,2015-11-25 13:45:00 EST,43.32613,-76.10445,453,47.3,46.4,42.6,43.0,25.9,0.000,0.000,0.00,0.000,10.4,16.0,1.9,144,12,11.4,17.4,2.2,141,11,10.4,16.0,1.9,144,12,364,30.12,,0,0,0,43.3,43.2,45.2,0.43,0.20,0.40
CSQR,2015-11-25 13:50:00 EST,43.32613,-76.10445,453,47.4,46.5,42.9,43.1,26.1,0.000,0.000,0.00,0.000,9.7,13.3,1.7,145,11,10.6,14.8,1.9,141,10,9.7,13.3,1.7,145,11,355,30.12,,0,0,0,43.4,43.2,45.2,0.43,0.20,0.40
CSQR,2015-11-25 13:55:00 EST,43.32613,-76.10445,453,47.5,46.6,43.2,43.2,26.2,0.000,0.000,0.00,0.000,9.4,15.1,2.5,140,16,10.1,16.8,2.6,137,14,9.4,15.1,2.5,140,16,345,30.12,,0,0,0,43.4,43.2,45.2,0.43,0.20,0.40
CSQR,2015-11-25 14:00:00 EST,43.32613,-76.10445,453,47.3,46.6,42.2,42.7,25.8,0.000,0.000,0.00,0.000,11.5,16.4,2.2,157,14,12.6,17.2,2.4,155,14,11.5,16.4,2.2,157,14,336,30.12,,0,0,0,43.4,43.2,45.2,0.43,0.20,0.40
CSQR,2015-11-25 14:05:00 EST,43.32613,-76.10445,453,47.0,46.3,41.6,42.3,25.2,0.000,0.000,0.00,0.000,12.2,16.6,1.8,163,7,12.8,17.9,1.9,160,8,12.2,16.6,1.8,163,7,327,30.12,,0,0,0,43.4,43.2,45.2,0.43,0.20,0.40
CSQR,2015-11-25 14:10:00 EST,43.32613,-76.10445,453,47.3,46.5,42.1,42.2,25.4,0.000,0.000,0.00,0.000,11.7,16.7,2.1,151,12,12.5,17.0,2.1,147,12,11.7,16.7,2.1,151,12,316,30.12,,0,0,0,43.5,43.3,45.2,0.43,0.20,0.40
CSQR,2015-11-25 14:15:00 EST,43.32613,-76.10445,453,47.5,46.8,43.0,41.7,25.4,0.000,0.000,0.00,0.000,10.0,14.6,2.3,145,12,10.7,15.7,2.4,142,12,10.0,14.6,2.3,145,12,307,30.12,,0,0,0,43.5,43.2,45.1,0.43,0.20,0.41
CSQR,2015-11-25 14:20:00 EST,43.32613,-76.10445,453,47.6,46.9,42.8,42.1,25.7,0.000,0.000,0.00,0.000,10.7,15.3,2.7,144,12,11.5,17.4,2.7,141,12,10.7,15.3,2.7,144,12,299,30.12,,0,0,0,43.4,43.3,45.1,0.43,0.20,0.40
CSQR,2015-11-25 14:25:00 EST,43.32613,-76.10445,453,47.3,46.7,42.3,41.6,25.1,0.000,0.000,0.00,0.000,11.3,16.2,1.8,143,10,12.2,17.0,1.9,139,9,11.3,16.2,1.8,143,10,291,30.12,,0,0,0,43.5,43.2,45.1,0.43,0.20,0.41
CSQR,2015-11-25 14:30:00 EST,43.32613,-76.10445,453,47.2,46.7,41.9,41.4,24.9,0.000,0.000,0.00,0.000,11.9,16.1,2.0,129,14,12.5,17.7,2.0,126,13,11.9,16.1,2.0,129,14,284,30.12,,0,0,0,43.4,43.2,45.1,0.43,0.20,0.41
CSQR,2015-11-25 14:35:00 EST,43.32613,-76.10445,453,47.4,46.8,42.5,42.1,25.6,0.000,0.000,0.00,0.000,11.0,16.7,2.4,140,13,12.1,19.2,2.5,138,12,11.0,16.7,2.4,140,13,269,30.12,,0,0,0,43.4,43.3,45.1,0.43,0.20,0.40
CSQR,2015-11-25 14:40:00 EST,43.32613,-76.10445,453,47.2,46.7,42.0,41.4,24.9,0.000,0.000,0.00,0.000,11.7,16.9,2.4,142,11,12.5,17.9,2.5,139,10,11.7,16.9,2.4,142,11,256,30.12,,0,0,0,43.4,43.3,45.1,0.43,0.20,0.40
CSQR,2015-11-25 14:45:00 EST,43.32613,-76.10445,453,47.1,46.6,41.9,41.8,25.1,0.000,0.000,0.00,0.000,11.7,14.6,1.6,143,9,12.6,16.6,1.7,139,8,11.7,14.6,1.6,143,9,239,30.12,,0,0,0,43.3,43.3,45.1,0.43,0.20,0.41
CSQR,2015-11-25 14:50:00 EST,43.32613,-76.10445,453,47.3,46.8,42.2,41.6,25.1,0.000,0.000,0.00,0.000,11.3,17.0,2.0,141,9,12.1,18.8,2.2,138,8,11.3,17.0,2.0,141,9,232,30.12,,0,0,0,43.3,43.3,45.1,0.43,0.20,0.41
CSQR,2015-11-25 14:55:00 EST,43.32613,-76.10445,453,47.3,46.9,42.6,42.3,25.5,0.000,0.000,0.00,0.000,10.2,15.1,1.9,155,12,10.9,16.1,1.9,152,11,10.2,15.1,1.9,155,12,224,30.12,,0,0,0,43.2,43.3,45.1,0.43,0.20,0.41
CSQR,2015-11-25 15:00:00 EST,43.32613,-76.10445,453,47.3,47.0,42.2,42.1,25.4,0.000,0.000,0.00,0.000,11.5,15.3,2.2,146,11,12.3,17.2,2.3,142,10,11.5,15.3,2.2,146,11,212,30.12,,0,0,0,43.2,43.3,45.1,0.43,0.20,0.40
CSQR,2015-11-25 15:05:00 EST,43.32613,-76.10445,453,47.3,47.0,42.0,42.4,25.6,0.000,0.000,0.00,0.000,12.1,17.6,2.4,146,13,12.8,19.7,2.3,143,12,12.1,17.6,2.4,146,13,200,30.12,,0,0,0,43.2,43.4,45.1,0.43,0.20,0.40
CSQR,2015-11-25 15:10:00 EST,43.32613,-76.10445,453,47.2,47.1,42.3,42.3,25.5,0.000,0.000,0.00,0.000,10.7,14.9,1.7,149,10,11.6,16.3,1.8,145,10,10.7,14.9,1.7,149,10,189,30.12,,0,0,0,43.1,43.3,45.1,0.43,0.20,0.41
CSQR,2015-11-25 15:15:00 EST,43.32613,-76.10445,453,47.2,47.1,42.7,42.5,25.6,0.000,0.000,0.00,0.000,9.9,13.3,1.9,147,10,10.8,14.1,1.8,144,10,9.9,13.3,1.9,147,10,175,30.12,,0,0,0,43.0,43.4,45.1,0.43,0.20,0.40
CSQR,2015-11-25 15:20:00 EST,43.32613,-76.10445,453,47.2,47.2,42.2,42.5,25.5,0.000,0.000,0.00,0.000,10.9,17.0,2.5,159,7,11.6,17.9,2.6,156,8,10.9,17.0,2.5,159,7,165,30.12,,0,0,0,43.0,43.4,45.1,0.43,0.19,0.40
CSQR,2015-11-25 15:25:00 EST,43.32613,-76.10445,453,47.2,47.2,42.8,42.7,25.6,0.000,0.000,0.00,0.000,9.3,13.4,1.7,150,11,10.0,13.6,1.7,147,11,9.3,13.4,1.7,150,11,154,30.12,,0,0,0,43.0,43.3,45.1,0.43,0.19,0.40
CSQR,2015-11-25 15:30:00 EST,43.32613,-76.10445,453,47.1,47.2,43.2,43.0,25.8,0.000,0.000,0.00,0.000,8.1,10.8,1.3,146,12,8.6,11.9,1.5,143,10,8.1,10.8,1.3,146,12,143,30.12,,0,0,0,42.9,43.4,45.1,0.43,0.20,0.40
CSQR,2015-11-25 15:35:00 EST,43.32613,-76.10445,453,47.2,47.2,43.0,42.5,25.5,0.000,0.000,0.00,0.000,8.8,11.5,1.2,143,11,9.4,12.3,1.4,140,8,8.8,11.5,1.2,143,11,131,30.12,,0,0,0,42.9,43.4,45.2,0.43,0.19,0.40
CSQR,2015-11-25 15:40:00 EST,43.32613,-76.10445,453,47.0,47.2,42.1,42.9,25.6,0.000,0.000,0.00,0.000,10.7,15.9,1.8,143,11,11.4,16.8,1.9,140,9,10.7,15.9,1.8,143,11,117,30.12,,0,0,0,42.8,43.4,45.1,0.43,0.19,0.40
CSQR,2015-11-25 15:45:00 EST,43.32613,-76.10445,453,46.8,47.1,42.1,43.0,25.5,0.000,0.000,0.00,0.000,9.9,12.9,1.5,146,11,10.6,14.1,1.7,142,11,9.9,12.9,1.5,146,11,100,30.12,,0,0,0,42.8,43.4,45.1,0.43,0.19,0.40
CSQR,2015-11-25 15:50:00 EST,43.32613,-76.10445,453,46.6,47.0,42.0,43.3,25.5,0.000,0.000,0.00,0.000,9.7,15.1,2.2,149,11,10.5,16.1,2.3,146,10,9.7,15.1,2.2,149,11,88,30.12,,0,0,0,42.7,43.4,45.1,0.43,0.19,0.40
CSQR,2015-11-25 15:55:00 EST,43.32613,-76.10445,453,46.5,46.8,41.8,43.4,25.5,0.000,0.000,0.00,0.000,9.8,13.7,1.5,147,10,10.5,15.7,1.6,142,10,9.8,13.7,1.5,147,10,71,30.12,,0,0,0,42.7,43.5,45.1,0.43,0.19,0.40
CSQR,2015-11-25 16:00:00 EST,43.32613,-76.10445,453,46.2,46.8,41.6,44.2,25.6,0.000,0.000,0.00,0.000,9.4,13.3,1.7,151,9,10.0,14.3,1.6,147,9,9.4,13.3,1.7,151,9,61,30.12,,0,0,0,42.6,43.4,45.1,0.43,0.19,0.40
CSQR,2015-11-25 16:05:00 EST,43.32613,-76.10445,453,46.1,46.7,42.0,44.6,25.7,0.000,0.000,0.00,0.000,8.0,11.7,1.4,140,10,8.7,11.6,1.5,138,9,8.0,11.7,1.4,140,10,49,30.11,,0,0,0,42.6,43.5,45.2,0.43,0.19,0.40
CSQR,2015-11-25 16:10:00 EST,43.32613,-76.10445,453,45.8,46.5,41.7,45.3,25.8,0.000,0.000,0.00,0.000,8.0,11.0,1.5,137,9,8.5,12.5,1.6,133,8,8.0,11.0,1.5,137,9,38,30.12,,0,0,0,42.5,43.5,45.1,0.43,0.19,0.40
CSQR,2015-11-25 16:15:00 EST,43.32613,-76.10445,453,45.8,46.4,41.7,45.3,25.8,0.000,0.000,0.00,0.000,8.0,12.3,1.6,137,8,8.8,13.2,1.7,134,6,8.0,12.3,1.6,137,8,28,30.12,,0,0,0,42.4,43.5,45.1,0.43,0.19,0.40
CSQR,2015-11-25 16:20:00 EST,43.32613,-76.10445,453,45.4,46.3,41.2,46.4,26.0,0.000,0.000,0.00,0.000,7.9,12.7,1.7,140,8,8.6,13.6,1.8,136,6,7.9,12.7,1.7,140,8,20,30.12,,0,0,0,42.4,43.5,45.1,0.44,0.19,0.40
CSQR,2015-11-25 16:25:00 EST,43.32613,-76.10445,453,45.0,46.0,41.1,47.4,26.1,0.000,0.000,0.00,0.000,7.0,9.8,1.1,139,8,7.6,11.9,1.2,135,6,7.0,9.8,1.1,139,8,12,30.12,,0,0,0,42.3,43.5,45.1,0.43,0.19,0.40
CSQR,2015-11-25 16:30:00 EST,43.32613,-76.10445,453,44.5,45.7,40.3,48.5,26.3,0.000,0.000,0.00,0.000,7.5,10.7,1.3,140,10,8.2,13.2,1.5,136,7,7.5,10.7,1.3,140,10,8,30.12,,0,0,0,42.2,43.5,45.1,0.43,0.19,0.41
CSQR,2015-11-25 16:35:00 EST,43.32613,-76.10445,453,44.2,45.6,40.0,48.7,26.1,0.000,0.000,0.00,0.000,7.5,9.7,0.8,136,9,8.1,10.5,1.0,134,7,7.5,9.7,0.8,136,9,5,30.12,,0,0,0,42.1,43.5,45.1,0.43,0.19,0.40
CSQR,2015-11-25 16:40:00 EST,43.32613,-76.10445,453,44.0,45.4,40.1,49.0,26.1,0.000,0.000,0.00,0.000,6.9,8.6,0.9,140,11,7.4,9.8,1.1,137,9,6.9,8.6,0.9,140,11,3,30.12,,0,0,0,42.1,43.5,45.1,0.44,0.19,0.40
CSQR,2015-11-25 16:45:00 EST,43.32613,-76.10445,453,44.0,45.3,40.1,48.8,25.9,0.000,0.000,0.00,0.000,6.6,9.5,1.4,141,10,7.3,10.1,1.6,137,7,6.6,9.5,1.4,141,10,2,30.12,,0,0,0,42.0,43.6,45.1,0.44,0.19,0.40
CSQR,2015-11-25 16:50:00 EST,43.32613,-76.10445,453,43.8,45.2,39.9,48.9,25.8,0.000,0.000,0.00,0.000,6.8,10.7,1.4,142,9,7.3,11.0,1.4,139,8,6.8,10.7,1.4,142,9,1,30.12,,0,0,0,42.0,43.6,45.1,0.44,0.19,0.40
CSQR,2015-11-25 16:55:00 EST,43.32613,-76.10445,453,43.8,45.1,39.7,49.1,25.9,0.000,0.000,0.00,0.000,7.0,9.2,1.0,141,10,7.6,10.3,1.1,138,9,7.0,9.2,1.0,141,10,0,30.12,,0,0,0,41.9,43.6,45.1,0.44,0.19,0.40
CSQR,2015-11-25 17:00:00 EST,43.32613,-76.10445,453,43.7,45.0,39.3,49.3,25.9,0.000,0.000,0.00,0.000,7.6,10.4,1.2,137,8,8.3,12.3,1.3,135,7,7.6,10.4,1.2,137,8,0,30.12,,0,0,0,41.8,43.6,45.1,0.44,0.19,0.40
CSQR,2015-11-25 17:05:00 EST,43.32613,-76.10445,453,43.5,45.0,39.1,49.9,26.0,0.000,0.000,0.00,0.000,7.6,11.2,1.3,134,7,8.3,12.3,1.5,131,5,7.6,11.2,1.3,134,7,0,30.12,,0,0,0,41.7,43.6,45.1,0.44,0.19,0.40
CSQR,2015-11-25 17:10:00 EST,43.32613,-76.10445,453,43.5,44.8,39.3,50.1,26.1,0.000,0.000,0.00,0.000,7.0,10.4,1.3,126,9,7.4,11.9,1.5,125,8,7.0,10.4,1.3,126,9,0,30.12,,0,0,0,41.7,43.6,45.1,0.44,0.19,0.40
CSQR,2015-11-25 17:15:00 EST,43.32613,-76.10445,453,43.0,44.5,38.4,52.8,26.9,0.000,0.000,0.00,0.000,7.5,10.2,1.1,123,8,7.9,10.5,1.2,121,7,7.5,10.2,1.1,123,8,0,30.12,,0,0,0,41.6,43.6,45.1,0.44,0.19,0.40
CSQR,2015-11-25 17:20:00 EST,43.32613,-76.10445,453,43.2,44.2,38.9,53.7,27.5,0.000,0.000,0.00,0.000,7.1,9.2,0.9,125,8,7.4,10.1,1.1,125,7,7.1,9.2,0.9,125,8,0,30.13,,0,0,0,41.5,43.6,45.1,0.43,0.19,0.40
CSQR,2015-11-25 17:25:00 EST,43.32613,-76.10445,453,42.4,43.9,38.9,55.0,27.4,0.000,0.000,0.00,0.000,5.7,7.4,0.7,120,6,6.0,8.1,0.7,120,7,5.7,7.4,0.7,120,6,0,30.13,,0,0,0,41.4,43.6,45.1,0.44,0.19,0.40
CSQR,2015-11-25 17:30:00 EST,43.32613,-76.10445,453,42.3,43.7,38.3,56.0,27.7,0.000,0.000,0.00,0.000,6.3,7.9,0.7,123,6,6.6,8.3,0.8,122,6,6.3,7.9,0.7,123,6,0,30.13,,0,0,0,41.4,43.6,45.1,0.44,0.19,0.40
CSQR,2015-11-25 17:35:00 EST,43.32613,-76.10445,453,42.1,43.4,37.9,57.3,28.1,0.000,0.000,0.00,0.000,6.6,9.2,0.9,123,9,7.1,9.8,1.0,121,8,6.6,9.2,0.9,123,9,0,30.12,,0,0,0,41.3,43.7,45.1,0.43,0.19,0.40
CSQR,2015-11-25 17:40:00 EST,43.32613,-76.10445,453,41.8,43.1,37.6,58.9,28.5,0.000,0.000,0.00,0.000,6.5,9.7,0.9,127,7,7.0,9.6,1.0,127,6,6.5,9.7,0.9,127,7,0,30.13,,0,0,0,41.3,43.7,45.1,0.44,0.20,0.40
CSQR,2015-11-25 17:45:00 EST,43.32613,-76.10445,453,41.9,43.2,37.0,59.0,28.5,0.000,0.000,0.00,0.000,7.7,11.8,1.0,124,8,8.1,12.3,1.2,123,7,7.7,11.8,1.0,124,8,0,30.12,,0,0,0,41.2,43.7,45.1,0.44,0.19,0.40
CSQR,2015-11-25 17:50:00 EST,43.32613,-76.10445,453,42.1,43.2,36.6,58.3,28.5,0.000,0.000,0.00,0.000,9.1,12.3,1.5,126,8,9.7,13.9,1.7,124,6,9.1,12.3,1.5,126,8,0,30.12,,0,0,0,41.1,43.7,45.1,0.44,0.19,0.40
CSQR,2015-11-25 17:55:00 EST,43.32613,-76.10445,453,42.4,43.3,36.6,57.1,28.2,0.000,0.000,0.00,0.000,9.8,13.6,1.5,126,8,10.4,15.0,1.7,124,8,9.8,13.6,1.5,126,8,0,30.12,,0,0,0,41.0,43.8,45.2,0.44,0.20,0.40
CSQR,2015-11-25 18:00:00 EST,43.32613,-76.10445,453,42.6,43.4,36.8,56.3,28.1,0.000,0.000,0.00,0.000,10.0,14.0,1.4,122,8,10.6,15.4,1.6,120,8,10.0,14.0,1.4,122,8,0,30.12,,0,0,0,41.0,43.8,45.1,0.44,0.19,0.40
CSQR,2015-11-25 18:05:00 EST,43.32613,-76.10445,453,42.6,43.4,37.4,55.7,27.9,0.000,0.000,0.00,0.000,8.9,12.6,1.5,122,10,9.4,13.6,1.6,120,9,8.9,12.6,1.5,122,10,0,30.12,,0,0,0,40.9,43.8,45.1,0.44,0.19,0.40
CSQR,2015-11-25 18:10:00 EST,43.32613,-76.10445,453,42.5,43.3,37.4,55.4,27.6,0.000,0.000,0.00,0.000,8.5,14.1,1.7,125,12,9.2,15.7,1.9,122,10,8.5,14.1,1.7,125,12,0,30.12,,0,0,0,40.8,43.8,45.2,0.44,0.19,0.40
CSQR,2015-11-25 18:15:00 EST,43.32613,-76.10445,453,42.6,43.3,37.5,54.9,27.5,0.000,0.000,0.00,0.000,8.4,12.8,1.5,125,9,9.0,15.0,1.7,122,8,8.4,12.8,1.5,125,9,0,30.12,,0,0,0,40.8,43.7,45.1,0.44,0.20,0.40
CSQR,2015-11-25 18:20:00 EST,43.32613,-76.10445,453,42.8,43.5,37.3,53.8,27.3,0.000,0.000,0.00,0.000,9.7,14.4,1.7,125,9,10.5,15.4,1.8,124,8,9.7,14.4,1.7,125,9,0,30.12,,0,0,0,40.7,43.8,45.1,0.44,0.20,0.40
CSQR,2015-11-25 18:25:00 EST,43.32613,-76.10445,453,42.7,43.4,37.0,53.9,27.1,0.000,0.000,0.00,0.000,9.9,14.1,1.7,124,10,10.5,16.1,1.9,121,10,9.9,14.1,1.7,124,10,0,30.11,,0,0,0,40.7,43.8,45.1,0.44,0.20,0.40
CSQR,2015-11-25 18:30:00 EST,43.32613,-76.10445,453,42.9,43.6,36.9,52.9,26.9,0.000,0.000,0.00,0.000,11.0,14.8,1.6,122,11,11.8,18.1,1.8,121,9,11.0,14.8,1.6,122,11,0,30.11,,0,0,0,40.6,43.8,45.1,0.44,0.20,0.40
CSQR,2015-11-25 18:35:00 EST,43.32613,-76.10445,453,42.9,43.6,36.3,52.8,26.9,0.000,0.000,0.00,0.000,12.7,20.2,3.0,122,10,13.4,21.7,3.0,121,8,12.7,20.2,3.0,122,10,0,30.11,,0,0,0,40.6,43.8,45.2,0.44,0.20,0.40
CSQR,2015-11-25 18:40:00 EST,43.32613,-76.10445,453,43.4,43.9,36.9,51.0,26.5,0.000,0.000,0.00,0.000,12.9,20.9,2.4,128,9,13.8,23.0,2.7,125,8,12.9,20.9,2.4,128,9,0,30.11,,0,0,0,40.5,43.8,45.1,0.44,0.20,0.40
CSQR,2015-11-25 18:45:00 EST,43.32613,-76.10445,453,43.2,43.7,37.0,50.9,26.3,0.000,0.000,0.00,0.000,11.9,16.1,1.8,124,10,12.7,17.0,2.0,122,9,11.9,16.1,1.8,124,10,0,30.11,,0,0,0,40.5,43.8,45.2,0.44,0.20,0.40
CSQR,2015-11-25 18:50:00 EST,43.32613,-76.10445,453,43.0,43.6,36.7,51.5,26.3,0.000,0.000,0.00,0.000,11.8,18.6,2.2,126,10,12.5,18.8,2.3,122,9,11.8,18.6,2.2,126,10,0,30.11,,0,0,0,40.4,43.8,45.2,0.44,0.20,0.40
CSQR,2015-11-25 18:55:00 EST,43.32613,-76.10445,453,43.1,43.7,36.8,50.9,26.1,0.000,0.000,0.00,0.000,11.8,17.0,1.9,128,10,12.6,18.3,2.1,125,8,11.8,17.0,1.9,128,10,0,30.11,,0,0,0,40.4,43.8,45.2,0.44,0.20,0.40
CSQR,2015-11-25 19:00:00 EST,43.32613,-76.10445,453,43.2,43.8,36.8,50.0,25.8,0.000,0.000,0.00,0.000,12.2,18.8,2.2,128,8,12.9,21.3,2.4,126,8,12.2,18.8,2.2,128,8,0,30.11,,0,0,0,40.3,43.8,45.1,0.44,0.20,0.40
CSQR,2015-11-25 19:05:00 EST,43.32613,-76.10445,453,43.0,43.5,36.5,50.1,25.7,0.000,0.000,0.00,0.000,12.5,18.9,2.2,127,12,13.5,20.6,2.6,125,9,12.5,18.9,2.2,127,12,0,30.11,,0,0,0,40.3,43.8,45.1,0.44,0.20,0.40
CSQR,2015-11-25 19:10:00 EST,43.32613,-76.10445,453,43.1,43.5,36.7,49.9,25.6,0.000,0.000,0.00,0.000,12.0,18.0,2.2,126,9,12.8,20.4,2.5,123,8,12.0,18.0,2.2,126,9,0,30.11,,0,0,0,40.3,43.8,45.1,0.44,0.20,0.40
CSQR,2015-11-25 19:15:00 EST,43.32613,-76.10445,453,42.9,43.4,36.4,50.2,25.6,0.000,0.000,0.00,0.000,12.3,22.2,3.0,126,10,13.1,24.2,3.2,123,9,12.3,22.2,3.0,126,10,0,30.11,,0,0,0,40.2,43.8,45.1,0.44,0.20,0.40
CSQR,2015-11-25 19:20:00 EST,43.32613,-76.10445,453,42.7,43.3,36.5,50.5,25.6,0.000,0.000,0.00,0.000,11.4,16.5,1.8,123,10,12.1,17.7,2.1,122,9,11.4,16.5,1.8,123,10,0,30.11,,0,0,0,40.2,43.8,45.1,0.44,0.20,0.40
CSQR,2015-11-25 19:25:00 EST,43.32613,-76.10445,453,42.7,43.3,35.7,50.9,25.8,0.000,0.000,0.00,0.000,13.6,18.3,2.2,125,12,14.4,21.9,2.6,123,11,13.6,18.3,2.2,125,12,0,30.11,,0,0,0,40.1,43.9,45.1,0.44,0.20,0.40
CSQR,2015-11-25 19:30:00 EST,43.32613,-76.10445,453,42.6,43.1,36.1,51.0,25.7,0.000,0.000,0.00,0.000,12.2,17.7,2.6,123,11,12.9,19.2,2.8,120,10,12.2,17.7,2.6,123,11,0,30.11,,0,0,0,40.1,43.9,45.2,0.44,0.20,0.40
CSQR,2015-11-25 19:35:00 EST,43.32613,-76.10445,453,42.6,43.1,36.0,51.0,25.7,0.000,0.000,0.00,0.000,12.3,18.8,2.5,125,10,13.1,20.1,2.7,122,9,12.3,18.8,2.5,125,10,0,30.11,,0,0,0,40.1,43.8,45.2,0.44,0.19,0.40
CSQR,2015-11-25 19:40:00 EST,43.32613,-76.10445,453,42.7,43.1,36.1,50.8,25.7,0.000,0.000,0.00,0.000,12.3,17.8,2.1,126,10,13.1,19.2,2.3,123,9,12.3,17.8,2.1,126,10,0,30.12,,0,0,0,40.0,43.9,45.2,0.44,0.20,0.40
CSQR,2015-11-25 19:45:00 EST,43.32613,-76.10445,453,42.5,43.0,36.1,51.2,25.7,0.000,0.000,0.00,0.000,11.5,15.5,1.8,122,11,12.3,16.8,2.0,120,9,11.5,15.5,1.8,122,11,0,30.12,,0,0,0,40.0,43.9,45.1,0.44,0.19,0.40
CSQR,2015-11-25 19:50:00 EST,43.32613,-76.10445,453,42.6,43.0,35.7,51.0,25.7,0.000,0.000,0.00,0.000,13.0,20.5,2.6,119,11,13.8,21.9,2.9,118,9,13.0,20.5,2.6,119,11,0,30.12,,0,0,0,39.9,43.9,45.2,0.44,0.19,0.40
CSQR,2015-11-25 19:55:00 EST,43.32613,-76.10445,453,42.6,43.0,35.7,50.5,25.5,0.000,0.000,0.00,0.000,13.4,19.7,2.3,124,10,14.2,20.4,2.6,122,8,13.4,19.7,2.3,124,10,0,30.12,,0,0,0,39.9,43.9,45.2,0.43,0.19,0.40
CSQR,2015-11-25 20:00:00 EST,43.32613,-76.10445,453,42.6,43.0,35.7,50.4,25.4,0.000,0.000,0.00,0.000,13.2,17.0,2.0,121,8,13.9,17.9,1.9,119,8,13.2,17.0,2.0,121,8,0,30.12,,0,0,0,39.9,43.9,45.2,0.43,0.19,0.40
CSQR,2015-11-25 20:05:00 EST,43.32613,-76.10445,453,42.5,42.9,35.7,50.6,25.4,0.000,0.000,0.00,0.000,12.8,17.9,2.0,124,11,13.9,22.1,2.2,121,9,12.8,17.9,2.0,124,11,0,30.12,,0,0,0,39.8,43.9,45.2,0.44,0.19,0.40
CSQR,2015-11-25 20:10:00 EST,43.32613,-76.10445,453,42.1,42.6,35.3,51.3,25.4,0.000,0.000,0.00,0.000,12.5,17.5,2.3,125,11,13.6,19.5,2.3,122,11,12.5,17.5,2.3,125,11,0,30.12,,0,0,0,39.8,43.9,45.2,0.43,0.19,0.40
CSQR,2015-11-25 20:15:00 EST,43.32613,-76.10445,453,42.3,42.7,35.3,50.8,25.4,0.000,0.000,0.00,0.000,13.2,19.7,2.3,125,10,14.2,21.3,2.5,122,9,13.2,19.7,2.3,125,10,0,30.12,,0,0,0,39.7,43.9,45.2,0.43,0.19,0.40
CSQR,2015-11-25 20:20:00 EST,43.32613,-76.10445,453,42.2,42.6,34.9,51.0,25.4,0.000,0.000,0.00,0.000,14.1,19.2,2.2,127,12,15.1,20.6,2.3,124,10,14.1,19.2,2.2,127,12,0,30.12,,0,0,0,39.7,43.9,45.2,0.44,0.19,0.40
CSQR,2015-11-25 20:25:00 EST,43.32613,-76.10445,453,42.1,42.6,35.1,51.1,25.3,0.000,0.000,0.00,0.000,13.0,19.1,2.1,123,9,13.8,21.3,2.2,121,8,13.0,19.1,2.1,123,9,0,30.12,,0,0,0,39.7,43.9,45.2,0.43,0.19,0.40
CSQR,2015-11-25 20:30:00 EST,43.32613,-76.10445,453,41.9,42.4,34.6,51.4,25.3,0.000,0.000,0.00,0.000,14.0,23.8,3.3,120,10,14.7,24.4,3.3,118,10,14.0,23.8,3.3,120,10,0,30.12,,0,0,0,39.6,43.9,45.2,0.43,0.19,0.40
CSQR,2015-11-25 20:35:00 EST,43.32613,-76.10445,453,42.1,42.5,34.9,50.7,25.1,0.000,0.000,0.00,0.000,13.9,19.1,2.1,123,10,14.6,20.8,2.4,120,8,13.9,19.1,2.1,123,10,0,30.12,,0,0,0,39.6,43.9,45.2,0.43,0.19,0.40
CSQR,2015-11-25 20:40:00 EST,43.32613,-76.10445,453,42.0,42.4,35.2,50.7,25.0,0.000,0.000,0.00,0.000,12.4,20.6,2.6,126,10,13.1,20.1,2.7,124,9,12.4,20.6,2.6,126,10,0,30.12,,0,0,0,39.6,43.9,45.2,0.43,0.19,0.40
CSQR,2015-11-25 20:45:00 EST,43.32613,-76.10445,453,41.8,42.4,34.7,51.4,25.2,0.000,0.000,0.00,0.000,13.3,21.8,3.0,129,11,14.2,22.1,3.1,127,10,13.3,21.8,3.0,129,11,0,30.12,,0,0,0,39.6,43.9,45.2,0.43,0.19,0.40
CSQR,2015-11-25 20:50:00 EST,43.32613,-76.10445,453,41.8,42.3,35.2,51.3,25.1,0.000,0.000,0.00,0.000,11.7,18.3,2.0,129,10,12.4,18.6,2.2,125,8,11.7,18.3,2.0,129,10,0,30.12,,0,0,0,39.5,43.9,45.2,0.44,0.19,0.40
CSQR,2015-11-25 20:55:00 EST,43.32613,-76.10445,453,41.9,42.3,35.3,51.5,25.3,0.000,0.000,0.00,0.000,11.8,15.9,1.8,130,12,12.6,18.6,2.0,127,10,11.8,15.9,1.8,130,12,0,30.12,,0,0,0,39.5,43.9,45.2,0.43,0.19,0.40
CSQR,2015-11-25 21:00:00 EST,43.32613,-76.10445,453,41.8,42.3,35.2,51.4,25.2,0.000,0.000,0.00,0.000,11.8,17.1,2.1,124,11,12.6,19.2,2.3,122,10,11.8,17.1,2.1,124,11,0,30.12,,0,0,0,39.5,43.9,45.2,0.43,0.19,0.40
CSQR,2015-11-25 21:05:00 EST,43.32613,-76.10445,453,41.8,42.3,35.0,51.5,25.3,0.000,0.000,0.00,0.000,12.3,18.4,2.0,127,11,13.2,18.1,2.2,123,9,12.3,18.4,2.0,127,11,0,30.12,,0,0,0,39.5,43.9,45.2,0.44,0.19,0.40
CSQR,2015-11-25 21:10:00 EST,43.32613,-76.10445,453,41.8,42.2,35.4,51.3,25.2,0.000,0.000,0.00,0.000,11.3,14.8,1.5,130,11,11.9,17.7,1.8,127,10,11.3,14.8,1.5,130,11,0,30.12,,0,0,0,39.4,43.9,45.2,0.44,0.19,0.40
CSQR,2015-11-25 21:15:00 EST,43.32613,-76.10445,453,41.7,42.1,35.4,51.7,25.2,0.000,0.000,0.00,0.000,10.9,16.1,2.1,125,9,11.8,17.0,2.3,122,9,10.9,16.1,2.1,125,9,0,30.12,,0,0,0,39.4,43.9,45.3,0.44,0.19,0.40
CSQR,2015-11-25 21:20:00 EST,43.32613,-76.10445,453,41.5,41.9,35.5,52.1,25.2,0.000,0.000,0.00,0.000,10.1,13.5,1.5,127,8,10.8,16.1,1.8,124,8,10.1,13.5,1.5,127,8,0,30.13,,0,0,0,39.3,43.9,45.2,0.43,0.19,0.40
CSQR,2015-11-25 21:25:00 EST,43.32613,-76.10445,453,41.4,41.8,35.5,52.5,25.3,0.000,0.000,0.00,0.000,9.6,14.2,1.7,128,12,10.2,16.6,1.9,126,11,9.6,14.2,1.7,128,12,0,30.13,,0,0,0,39.4,43.9,45.2,0.43,0.19,0.40
CSQR,2015-11-25 21:30:00 EST,43.32613,-76.10445,453,41.4,41.9,35.0,52.7,25.4,0.000,0.000,0.00,0.000,10.9,15.6,1.9,130,11,11.7,17.4,2.0,128,8,10.9,15.6,1.9,130,11,0,30.13,,0,0,0,39.3,43.9,45.2,0.43,0.19,0.40
CSQR,2015-11-25 21:35:00 EST,43.32613,-76.10445,453,41.2,41.7,35.4,52.9,25.4,0.000,0.000,0.00,0.000,9.4,13.5,1.8,130,9,10.0,14.8,1.9,128,7,9.4,13.5,1.8,130,9,0,30.13,,0,0,0,39.3,43.9,45.2,0.44,0.19,0.40
CSQR,2015-11-25 21:40:00 EST,43.32613,-76.10445,453,41.1,41.7,35.3,53.4,25.4,0.000,0.000,0.00,0.000,9.4,12.6,1.5,133,11,10.1,14.3,1.6,131,9,9.4,12.6,1.5,133,11,0,30.13,,0,0,0,39.2,43.9,45.2,0.43,0.19,0.40
CSQR,2015-11-25 21:45:00 EST,43.32613,-76.10445,453,41.2,41.6,35.2,53.4,25.5,0.000,0.000,0.00,0.000,9.7,14.5,1.9,126,11,10.3,15.9,2.0,124,10,9.7,14.5,1.9,126,11,0,30.13,,0,0,0,39.2,43.9,45.2,0.44,0.19,0.40
CSQR,2015-11-25 21:50:00 EST,43.32613,-76.10445,453,41.0,41.5,35.3,54.0,25.6,0.000,0.000,0.00,0.000,9.2,14.5,2.0,127,11,9.8,16.1,2.0,127,7,9.2,14.5,2.0,127,11,0,30.13,,0,0,0,39.2,43.9,45.2,0.44,0.19,0.40
CSQR,2015-11-25 21:55:00 EST,43.32613,-76.10445,453,40.9,41.5,34.6,54.3,25.7,0.000,0.000,0.00,0.000,10.4,16.8,2.2,123,10,10.9,17.4,2.4,119,9,10.4,16.8,2.2,123,10,0,30.13,,0,0,0,39.2,43.9,45.2,0.44,0.19,0.40
CSQR,2015-11-25 22:00:00 EST,43.32613,-76.10445,453,40.9,41.4,34.9,54.6,25.8,0.000,0.000,0.00,0.000,9.6,13.1,1.5,127,9,10.1,14.3,1.5,126,8,9.6,13.1,1.5,127,9,0,30.13,,0,0,0,39.2,43.9,45.3,0.44,0.19,0.40
CSQR,2015-11-25 22:05:00 EST,43.32613,-76.10445,453,40.8,41.4,34.5,54.7,25.8,0.000,0.000,0.00,0.000,10.5,16.4,2.2,124,11,11.2,17.7,2.5,121,11,10.5,16.4,2.2,124,11,0,30.13,,0,0,0,39.2,43.9,45.3,0.44,0.19,0.40
CSQR,2015-11-25 22:10:00 EST,43.32613,-76.10445,453,41.2,41.6,34.5,53.8,25.8,0.000,0.000,0.00,0.000,11.7,16.3,1.6,122,10,12.5,18.6,1.8,119,8,11.7,16.3,1.6,122,10,0,30.13,,0,0,0,39.2,43.9,45.2,0.44,0.19,0.40
CSQR,2015-11-25 22:15:00 EST,43.32613,-76.10445,453,41.1,41.5,34.3,54.0,25.7,0.000,0.000,0.00,0.000,11.8,16.4,2.0,122,8,12.5,18.3,2.3,119,8,11.8,16.4,2.0,122,8,0,30.13,,0,0,0,39.2,43.9,45.3,0.44,0.19,0.40
CSQR,2015-11-25 22:20:00 EST,43.32613,-76.10445,453,41.3,41.6,34.0,53.9,25.8,0.000,0.000,0.00,0.000,13.2,18.0,2.0,120,9,14.0,19.5,2.2,118,8,13.2,18.0,2.0,120,9,0,30.12,,0,0,0,39.2,43.9,45.2,0.44,0.19,0.40
CSQR,2015-11-25 22:25:00 EST,43.32613,-76.10445,453,41.2,41.6,34.0,53.7,25.7,0.000,0.000,0.00,0.000,13.2,17.0,1.9,119,9,13.9,18.6,2.1,117,8,13.2,17.0,1.9,119,9,0,30.12,,0,0,0,39.2,43.9,45.3,0.44,0.19,0.40
CSQR,2015-11-25 22:30:00 EST,43.32613,-76.10445,453,41.1,41.5,33.9,54.0,25.7,0.000,0.000,0.00,0.000,12.9,19.4,2.1,119,9,13.6,20.4,2.3,117,8,12.9,19.4,2.1,119,9,0,30.12,,0,0,0,39.2,43.9,45.3,0.44,0.19,0.40
CSQR,2015-11-25 22:35:00 EST,43.32613,-76.10445,453,40.8,41.2,33.6,54.3,25.6,0.000,0.000,0.00,0.000,12.8,18.4,2.0,123,10,13.6,19.5,2.1,121,8,12.8,18.4,2.0,123,10,0,30.11,,0,0,0,39.2,43.9,45.3,0.44,0.19,0.40
CSQR,2015-11-25 22:40:00 EST,43.32613,-76.10445,453,40.7,41.0,33.6,54.1,25.4,0.000,0.000,0.00,0.000,12.4,19.0,2.1,122,10,13.1,21.3,2.4,120,9,12.4,19.0,2.1,122,10,0,30.11,,0,0,0,39.2,43.9,45.3,0.44,0.19,0.40
CSQR,2015-11-25 22:45:00 EST,43.32613,-76.10445,453,40.5,40.9,33.5,54.4,25.3,0.000,0.000,0.00,0.000,12.0,16.7,1.7,122,9,12.6,18.8,2.0,121,8,12.0,16.7,1.7,122,9,0,30.11,,0,0,0,39.2,43.9,45.3,0.44,0.19,0.40
CSQR,2015-11-25 22:50:00 EST,43.32613,-76.10445,453,40.5,40.8,33.3,54.7,25.4,0.000,0.000,0.00,0.000,12.3,18.1,2.4,120,10,13.0,19.2,2.4,118,8,12.3,18.1,2.4,120,10,0,30.11,,0,0,0,39.1,43.9,45.3,0.44,0.19,0.40
CSQR,2015-11-25 22:55:00 EST,43.32613,-76.10445,453,40.3,40.6,33.2,55.0,25.4,0.000,0.000,0.00,0.000,12.0,16.5,2.2,117,10,12.7,18.8,2.4,115,8,12.0,16.5,2.2,117,10,0,30.11,,0,0,0,39.1,43.9,45.3,0.44,0.19,0.40
CSQR,2015-11-25 23:00:00 EST,43.32613,-76.10445,453,40.1,40.6,33.1,55.1,25.3,0.000,0.000,0.00,0.000,11.8,15.1,1.8,114,9,12.6,16.6,2.1,111,8,11.8,15.1,1.8,114,9,0,30.11,,0,0,0,39.1,43.9,45.3,0.44,0.19,0.40
CSQR,2015-11-25 23:05:00 EST,43.32613,-76.10445,453,40.0,40.5,33.2,55.5,25.3,0.000,0.000,0.00,0.000,11.0,14.8,1.6,114,9,11.7,16.1,1.7,112,8,11.0,14.8,1.6,114,9,0,30.11,,0,0,0,39.0,43.9,45.3,0.44,0.19,0.40
CSQR,2015-11-25 23:10:00 EST,43.32613,-76.10445,453,40.1,40.6,33.1,55.2,25.3,0.000,0.000,0.00,0.000,11.8,16.8,1.8,116,11,12.5,18.8,2.0,113,10,11.8,16.8,1.8,116,11,0,30.11,,0,0,0,39.0,43.8,45.3,0.44,0.19,0.40
CSQR,2015-11-25 23:15:00 EST,43.32613,-76.10445,453,40.0,40.5,33.2,55.7,25.4,0.000,0.000,0.00,0.000,11.1,15.3,1.7,119,8,11.8,15.9,1.9,116,8,11.1,15.3,1.7,119,8,0,30.11,,0,0,0,39.0,43.8,45.3,0.44,0.19,0.40
CSQR,2015-11-25 23:20:00 EST,43.32613,-76.10445,453,40.4,40.8,33.1,55.3,25.6,0.000,0.000,0.00,0.000,12.6,19.7,2.5,121,9,13.3,20.4,2.6,119,8,12.6,19.7,2.5,121,9,0,30.11,,0,0,0,39.0,43.9,45.3,0.44,0.19,0.40
CSQR,2015-11-25 23:25:00 EST,43.32613,-76.10445,453,40.6,41.0,33.5,54.8,25.6,0.000,0.000,0.00,0.000,12.2,18.7,2.0,122,8,12.8,18.8,2.1,120,7,12.2,18.7,2.0,122,8,0,30.11,,0,0,0,39.0,43.9,45.3,0.44,0.19,0.40
CSQR,2015-11-25 23:30:00 EST,43.32613,-76.10445,453,40.7,41.1,33.6,54.9,25.8,0.000,0.000,0.00,0.000,12.6,16.6,1.9,118,8,13.4,18.3,2.0,116,7,12.6,16.6,1.9,118,8,0,30.11,,0,0,0,39.0,43.9,45.2,0.44,0.19,0.40
CSQR,2015-11-25 23:35:00 EST,43.32613,-76.10445,453,40.5,40.9,33.3,55.5,25.8,0.000,0.000,0.00,0.000,12.4,18.6,2.1,120,10,13.2,18.6,2.2,117,9,12.4,18.6,2.1,120,10,0,30.11,,0,0,0,38.9,43.9,45.3,0.44,0.19,0.40
CSQR,2015-11-25 23:40:00 EST,43.32613,-76.10445,453,40.8,41.1,33.5,54.9,25.8,0.000,0.000,0.00,0.000,12.8,18.3,2.1,122,11,13.5,19.0,2.3,119,10,12.8,18.3,2.1,122,11,0,30.11,,0,0,0,38.9,43.9,45.3,0.44,0.19,0.40
CSQR,2015-11-25 23:45:00 EST,43.32613,-76.10445,453,40.7,41.1,33.7,55.2,25.9,0.000,0.000,0.00,0.000,12.1,18.0,2.0,122,9,12.9,19.2,2.2,119,9,12.1,18.0,2.0,122,9,0,30.11,,0,0,0,38.9,43.9,45.3,0.44,0.19,0.40
CSQR,2015-11-25 23:50:00 EST,43.32613,-76.10445,453,40.8,41.2,33.5,55.0,25.9,0.000,0.000,0.00,0.000,13.3,19.1,2.2,122,9,14.0,21.9,2.4,119,8,13.3,19.1,2.2,122,9,0,30.10,,0,0,0,38.9,43.9,45.3,0.44,0.19,0.40
CSQR,2015-11-25 23:55:00 EST,43.32613,-76.10445,453,41.0,41.4,33.6,54.6,25.9,0.000,0.000,0.00,0.000,13.5,19.4,2.3,120,9,14.3,19.5,2.5,117,8,13.5,19.4,2.3,120,9,0,30.10,,0,0,0,38.9,43.9,45.3,0.44,0.19,0.40
JORD,2015-11-25 00:00:00 EST,43.06980,-76.47006,402,36.9,37.2,33.2,73.4,29.1,0.000,0.007,0.00,0.000,4.6,8.6,1.7,196,17,5.2,9.6,1.8,197,14,4.6,8.6,1.7,196,17,0,30.04,,,,,40.8,43.9,46.8,,,
JORD,2015-11-25 00:05:00 EST,43.06980,-76.47006,402,36.9,37.2,33.0,73.5,29.3,0.000,0.000,0.00,0.000,4.9,8.8,1.7,195,14,5.4,9.8,1.9,196,14,4.9,8.8,1.7,195,14,0,30.04,,,,,40.8,43.9,46.8,,,
JORD,2015-11-25 00:10:00 EST,43.06980,-76.47006,402,36.9,37.1,32.3,74.1,29.4,0.000,0.000,0.00,0.000,5.7,9.0,1.3,197,17,6.3,10.1,1.5,198,15,5.7,9.0,1.3,197,17,0,30.04,,,,,40.8,43.9,46.8,,,
JORD,2015-11-25 00:15:00 EST,43.06980,-76.47006,402,36.9,37.0,32.6,74.4,29.5,0.000,0.000,0.00,0.000,5.2,8.5,1.3,193,14,5.7,9.4,1.3,194,12,5.2,8.5,1.3,193,14,0,30.04,,,,,40.8,43.9,46.8,,,
JORD,2015-11-25 00:20:00 EST,43.06980,-76.47006,402,36.9,37.0,32.6,74.7,29.6,0.000,0.000,0.00,0.000,5.2,10.1,1.7,194,16,5.9,11.0,1.8,194,14,5.2,10.1,1.7,194,16,0,30.04,,,,,40.8,43.9,46.8,,,
JORD,2015-11-25 00:25:00 EST,43.06980,-76.47006,402,36.9,37.1,32.6,74.4,29.5,0.000,0.000,0.00,0.000,5.3,10.1,1.7,194,16,5.8,10.7,1.7,194,14,5.3,10.1,1.7,194,16,0,30.04,,,,,40.7,43.9,46.7,,,
JORD,2015-11-25 00:30:00 EST,43.06980,-76.47006,402,36.9,37.1,33.0,74.7,29.6,0.000,0.000,0.00,0.000,4.8,7.5,1.4,196,14,5.3,8.5,1.5,196,14,4.8,7.5,1.4,196,14,0,30.04,,,,,40.7,43.9,46.7,,,
JORD,2015-11-25 00:35:00 EST,43.06980,-76.47006,402,37.0,37.1,32.2,74.7,29.7,0.000,0.000,0.00,0.000,5.9,9.1,1.1,197,11,6.3,9.6,1.4,197,9,5.9,9.1,1.1,197,11,0,30.04,,,,,40.6,43.9,46.8,,,
JORD,2015-11-25 00:40:00 EST,43.06980,-76.47006,402,37.2,37.2,32.1,74.1,29.7,0.000,0.000,0.00,0.000,6.4,12.1,1.6,190,12,7.0,14.1,1.8,191,10,6.4,12.1,1.6,190,12,0,30.04,,,,,40.6,43.9,46.8,,,
JORD,2015-11-25 00:45:00 EST,43.06980,-76.47006,402,37.1,37.1,31.9,74.3,29.6,0.000,0.000,0.00,0.000,6.6,10.6,1.4,201,14,7.1,12.3,1.6,201,12,6.6,10.6,1.4,201,14,0,30.04,,,,,40.6,43.9,46.8,,,
JORD,2015-11-25 00:50:00 EST,43.06980,-76.47006,402,37.3,37.3,31.5,73.8,29.7,0.000,0.000,0.00,0.000,7.5,13.8,1.7,203,13,8.1,15.4,1.9,203,11,7.5,13.8,1.7,203,13,0,30.04,,,,,40.6,43.9,46.8,,,
JORD,2015-11-25 00:55:00 EST,43.06980,-76.47006,402,37.2,37.3,31.2,73.8,29.6,0.000,0.000,0.00,0.000,8.0,12.1,1.6,202,12,8.5,13.2,1.7,202,11,8.0,12.1,1.6,202,12,0,30.05,,,,,40.6,43.9,46.8,,,
JORD,2015-11-25 01:00:00 EST,43.06980,-76.47006,402,37.2,37.2,32.2,73.8,29.6,0.000,0.000,0.00,0.000,6.3,10.4,1.5,199,12,7.1,11.9,1.7,199,10,6.3,10.4,1.5,199,12,0,30.05,,,,,40.6,43.9,46.8,,,
JORD,2015-11-25 01:05:00 EST,43.06980,-76.47006,402,37.1,37.2,32.1,74.3,29.7,0.000,0.000,0.00,0.000,6.3,9.2,1.4,196,14,7.0,10.3,1.6,196,12,6.3,9.2,1.4,196,14,0,30.05,,,,,40.6,43.9,46.8,,,
JORD,2015-11-25 01:10:00 EST,43.06980,-76.47006,402,37.2,37.3,32.2,73.6,29.6,0.000,0.000,0.00,0.000,6.4,10.1,1.7,197,14,7.0,11.4,1.7,198,13,6.4,10.1,1.7,197,14,0,30.05,,,,,40.6,43.9,46.8,,,
JORD,2015-11-25 01:15:00 EST,43.06980,-76.47006,402,37.2,37.2,32.2,73.1,29.4,0.000,0.000,0.00,0.000,6.4,9.7,1.4,193,17,6.9,11.2,1.5,194,15,6.4,9.7,1.4,193,17,0,30.06,,,,,40.6,43.9,46.7,,,
JORD,2015-11-25 01:20:00 EST,43.06980,-76.47006,402,37.1,37.1,32.9,72.9,29.2,0.000,0.000,0.00,0.000,5.2,7.5,1.1,189,13,5.8,8.7,1.4,190,12,5.2,7.5,1.1,189,13,0,30.06,,,,,40.6,43.9,46.7,,,
JORD,2015-11-25 01:25:00 EST,43.06980,-76.47006,402,36.9,36.9,32.8,73.1,29.1,0.000,0.000,0.00,0.000,5.0,8.5,1.4,190,12,5.6,9.8,1.5,190,12,5.0,8.5,1.4,190,12,0,30.06,,,,,40.6,43.9,46.8,,,
JORD,2015-11-25 01:30:00 EST,43.06980,-76.47006,402,36.8,36.9,32.0,73.5,29.2,0.000,0.000,0.00,0.000,5.9,8.7,1.3,196,12,6.4,9.4,1.3,197,11,5.9,8.7,1.3,196,12,0,30.06,,,,,40.6,43.9,46.7,,,
JORD,2015-11-25 01:35:00 EST,43.06980,-76.47006,402,36.9,36.9,32.0,73.5,29.2,0.000,0.000,0.00,0.000,6.0,10.2,1.8,193,11,6.5,11.9,1.9,193,9,6.0,10.2,1.8,193,11,0,30.06,,,,,40.5,43.9,46.8,,,
JORD,2015-11-25 01:40:00 EST,43.06980,-76.47006,402,36.9,37.0,32.1,73.1,29.1,0.000,0.000,0.00,0.000,6.0,9.5,1.3,193,14,6.5,11.0,1.5,195,14,6.0,9.5,1.3,193,14,0,30.06,,,,,40.5,43.9,46.8,,,
JORD,2015-11-25 01:45:00 EST,43.06980,-76.47006,402,36.7,36.8,32.9,73.8,29.1,0.000,0.000,0.00,0.000,4.7,8.2,1.2,198,16,5.2,9.4,1.3,198,13,4.7,8.2,1.2,198,16,0,30.07,,,,,40.5,43.9,46.7,,,
JORD,2015-11-25 01:50:00 EST,43.06980,-76.47006,402,36.8,36.9,32.0,73.9,29.2,0.000,0.000,0.00,0.000,5.9,9.0,1.2,199,14,6.4,9.6,1.2,201,12,5.9,9.0,1.2,199,14,0,30.07,,,,,40.5,43.9,46.7,,,
JORD,2015-11-25 01:55:00 EST,43.06980,-76.47006,402,36.7,36.8,32.0,74.1,29.3,0.000,0.000,0.00,0.000,5.7,10.8,1.8,191,14,6.2,12.3,1.9,192,11,5.7,10.8,1.8,191,14,0,30.07,,,,,40.5,43.9,46.8,,,
JORD,2015-11-25 02:00:00 EST,43.06980,-76.47006,402,36.8,36.8,32.0,73.7,29.2,0.000,0.000,0.00,0.000,6.0,10.8,2.2,202,12,6.4,11.2,2.2,202,11,6.0,10.8,2.2,202,12,0,30.07,,,,,40.5,43.9,46.7,,,
JORD,2015-11-25 02:05:00 EST,43.06980,-76.47006,402,36.7,36.8,32.5,74.5,29.3,0.000,0.000,0.00,0.000,5.1,10.8,1.6,198,14,5.8,11.0,1.7,199,12,5.1,10.8,1.6,198,14,0,30.08,,,,,40.5,43.8,46.7,,,
JORD,2015-11-25 02:10:00 EST,43.06980,-76.47006,402,36.7,36.9,32.0,74.2,29.3,0.000,0.000,0.00,0.000,5.8,9.9,1.7,204,16,6.3,11.4,1.9,204,14,5.8,9.9,1.7,204,16,0,30.08,,,,,40.5,43.9,46.7,,,
JORD,2015-11-25 02:15:00 EST,43.06980,-76.47006,402,36.7,36.8,33.8,73.7,29.1,0.000,0.000,0.00,0.000,3.7,5.8,0.8,201,16,4.1,6.5,1.0,201,15,3.7,5.8,0.8,201,16,0,30.08,,,,,40.5,43.9,46.7,,,
JORD,2015-11-25 02:20:00 EST,43.06980,-76.47006,402,36.6,36.7,32.7,74.3,29.2,0.000,0.000,0.00,0.000,4.8,7.2,1.1,208,13,5.2,7.8,1.1,208,13,4.8,7.2,1.1,208,13,0,30.09,,,,,40.5,43.8,46.7,,,
JORD,2015-11-25 02:25:00 EST,43.06980,-76.47006,402,36.2,36.4,34.0,75.5,29.2,0.000,0.000,0.00,0.000,3.0,6.9,1.4,232,23,3.3,8.3,1.6,232,23,3.0,6.9,1.4,232,23,0,30.09,,,,,40.5,43.8,46.7,,,
JORD,2015-11-25 02:30:00 EST,43.06980,-76.47006,402,36.1,36.4,33.2,75.7,29.2,0.000,0.000,0.00,0.000,3.6,5.6,1.0,216,22,3.8,6.3,1.0,216,20,3.6,5.6,1.0,216,22,0,30.09,,,,,40.5,43.8,46.7,,,
JORD,2015-11-25 02:35:00 EST,43.06980,-76.47006,402,36.2,36.4,32.1,75.8,29.3,0.000,0.000,0.00,0.000,4.9,10.4,2.1,213,19,5.3,9.2,1.9,214,18,4.9,10.4,2.1,213,19,0,30.09,,,,,40.5,43.8,46.8,,,
JORD,2015-11-25 02:40:00 EST,43.06980,-76.47006,402,36.3,36.6,31.8,74.9,29.0,0.000,0.000,0.00,0.000,5.4,8.5,1.2,201,14,5.8,9.6,1.3,202,12,5.4,8.5,1.2,201,14,0,30.09,,,,,40.5,43.8,46.7,,,
JORD,2015-11-25 02:45:00 EST,43.06980,-76.47006,402,36.0,36.4,32.2,75.1,28.9,0.000,0.000,0.00,0.000,4.5,8.3,1.3,206,15,5.0,8.3,1.4,206,14,4.5,8.3,1.3,206,15,0,30.10,,,,,40.4,43.8,46.8,,,
JORD,2015-11-25 02:50:00 EST,43.06980,-76.47006,402,35.9,36.4,31.6,75.5,28.9,0.000,0.000,0.00,0.000,5.1,7.7,1.4,204,13,5.6,8.7,1.5,204,13,5.1,7.7,1.4,204,13,0,30.10,,,,,40.5,43.7,46.7,,,
JORD,2015-11-25 02:55:00 EST,43.06980,-76.47006,402,36.0,36.4,32.6,75.1,28.9,0.000,0.000,0.00,0.000,4.1,7.9,1.4,204,14,4.7,8.7,1.4,204,14,4.1,7.9,1.4,204,14,0,30.10,,,,,40.4,43.7,46.8,,,
JORD,2015-11-25 03:00:00 EST,43.06980,-76.47006,402,36.0,36.4,32.7,75.1,28.9,0.000,0.000,0.00,0.000,4.0,6.8,1.4,200,15,4.6,7.4,1.5,201,14,4.0,6.8,1.4,200,15,0,30.10,,,,,40.4,43.8,46.7,,,
JORD,2015-11-25 03:05:00 EST,43.06980,-76.47006,402,36.1,36.4,32.1,74.9,28.9,0.000,0.000,0.00,0.000,4.7,8.9,1.7,194,14,5.1,9.2,1.8,194,12,4.7,8.9,1.7,194,14,0,30.10,,,,,40.5,43.7,46.8,,,
JORD,2015-11-25 03:10:00 EST,43.06980,-76.47006,402,36.1,36.5,32.1,74.2,28.7,0.000,0.000,0.00,0.000,4.8,7.8,1.5,197,16,5.4,9.4,1.5,198,14,4.8,7.8,1.5,197,16,0,30.10,,,,,40.4,43.7,46.7,,,
JORD,2015-11-25 03:15:00 EST,43.06980,-76.47006,402,36.0,36.3,33.1,74.4,28.6,0.000,0.000,0.00,0.000,3.6,6.1,1.2,188,22,4.0,7.2,1.4,191,19,3.6,6.1,1.2,188,22,0,30.10,,,,,40.5,43.7,46.8,,,
JORD,2015-11-25 03:20:00 EST,43.06980,-76.47006,402,35.9,36.2,32.7,74.7,28.7,0.000,0.000,0.00,0.000,3.9,7.2,1.4,190,18,4.2,8.1,1.5,192,18,3.9,7.2,1.4,190,18,0,30.11,,,,,40.5,43.7,46.7,,,
JORD,2015-11-25 03:25:00 EST,43.06980,-76.47006,402,35.6,36.0,33.2,75.6,28.7,0.000,0.000,0.00,0.000,3.1,5.8,1.2,194,16,3.6,7.2,1.2,193,15,3.1,5.8,1.2,194,16,0,30.11,,,,,40.5,43.7,46.7,,,
JORD,2015-11-25 03:30:00 EST,43.06980,-76.47006,402,35.4,36.0,32.9,75.4,28.4,0.000,0.000,0.00,0.000,3.2,5.8,1.8,192,19,3.9,6.9,1.8,190,20,3.2,5.8,1.8,192,19,0,30.11,,,,,40.4,43.7,46.7,,,
JORD,2015-11-25 03:35:00 EST,43.06980,-76.47006,402,31.9,33.9,31.9,79.1,26.1,0.000,0.000,0.00,0.000,0.7,2.6,0.6,88,38,1.3,2.7,0.5,78,40,0.7,2.6,0.6,88,38,0,30.11,,,,,40.4,43.7,46.7,,,
JORD,2015-11-25 03:40:00 EST,43.06980,-76.47006,402,31.4,33.9,31.4,83.5,27.0,0.000,0.000,0.00,0.000,1.5,2.7,0.6,76,27,1.9,3.1,0.5,77,29,1.5,2.7,0.6,76,27,0,30.11,,,,,40.4,43.7,46.7,,,
JORD,2015-11-25 03:45:00 EST,43.06980,-76.47006,402,30.8,33.2,30.8,87.3,27.5,0.000,0.000,0.00,0.000,1.4,2.9,0.6,73,40,1.8,3.1,0.5,73,39,1.4,2.9,0.6,73,40,0,30.11,,,,,40.5,43.7,46.7,,,
JORD,2015-11-25 03:50:00 EST,43.06980,-76.47006,402,30.3,32.9,30.3,86.6,26.8,0.000,0.000,0.00,0.000,1.2,2.1,0.4,59,25,1.6,3.1,0.4,61,24,1.2,2.1,0.4,59,25,0,30.11,,,,,40.4,43.7,46.7,,,
JORD,2015-11-25 03:55:00 EST,43.06980,-76.47006,402,29.8,33.1,29.8,89.1,27.0,0.000,0.000,0.00,0.000,2.0,3.0,0.5,49,11,2.2,3.4,0.5,50,9,2.0,3.0,0.5,49,11,0,30.12,,,,,40.4,43.7,46.7,,,
JORD,2015-11-25 04:00:00 EST,43.06980,-76.47006,402,31.1,33.0,31.1,88.7,28.2,0.000,0.000,0.00,0.000,1.8,3.1,0.5,79,18,2.2,3.4,0.6,79,18,1.8,3.1,0.5,79,18,0,30.12,,,,,40.3,43.7,46.7,,,
JORD,2015-11-25 04:05:00 EST,43.06980,-76.47006,402,29.9,32.4,29.9,86.0,26.2,0.000,0.000,0.00,0.000,1.4,2.7,0.7,69,20,1.8,3.1,0.6,67,22,1.4,2.7,0.7,69,20,0,30.12,,,,,40.3,43.7,46.7,,,
JORD,2015-11-25 04:10:00 EST,43.06980,-76.47006,402,29.9,32.4,29.9,89.5,27.2,0.000,0.000,0.00,0.000,2.0,4.5,0.9,96,33,2.5,5.6,1.1,95,33,2.0,4.5,0.9,96,33,0,30.12,,,,,40.3,43.7,46.7,,,
JORD,2015-11-25 04:15:00 EST,43.06980,-76.47006,402,30.8,33.1,30.8,87.9,27.6,0.000,0.000,0.00,0.000,2.0,5.0,0.8,103,33,2.3,6.0,0.9,103,33,2.0,5.0,0.8,103,33,0,30.12,,,,,40.3,43.7,46.7,,,
JORD,2015-11-25 04:20:00 EST,43.06980,-76.47006,402,29.8,32.1,29.8,87.5,26.5,0.000,0.000,0.00,0.000,1.8,2.8,0.4,73,20,2.2,3.6,0.5,71,20,1.8,2.8,0.4,73,20,0,30.13,,,,,40.3,43.7,46.7,,,
JORD,2015-11-25 04:25:00 EST,43.06980,-76.47006,402,29.8,32.0,29.8,89.3,27.1,0.000,0.000,0.00,0.000,2.2,2.9,0.3,62,17,2.5,3.6,0.4,61,17,2.2,2.9,0.3,62,17,0,30.13,,,,,40.3,43.7,46.7,,,
JORD,2015-11-25 04:30:00 EST,43.06980,-76.47006,402,29.9,32.3,29.9,88.5,27.0,0.000,0.000,0.00,0.000,2.5,3.4,0.5,108,16,2.7,3.8,0.5,109,16,2.5,3.4,0.5,108,16,0,30.13,,,,,40.3,43.6,46.7,,,
JORD,2015-11-25 04:35:00 EST,43.06980,-76.47006,402,29.6,32.5,29.6,87.4,26.3,0.000,0.000,0.00,0.000,2.4,4.2,0.5,114,19,2.7,4.7,0.5,114,17,2.4,4.2,0.5,114,19,0,30.13,,,,,40.3,43.7,46.7,,,
JORD,2015-11-25 04:40:00 EST,43.06980,-76.47006,402,30.1,33.1,30.1,85.4,26.3,0.000,0.000,0.00,0.000,2.3,3.6,0.4,127,14,2.5,3.8,0.5,128,12,2.3,3.6,0.4,127,14,0,30.13,,,,,40.3,43.7,46.7,,,
JORD,2015-11-25 04:45:00 EST,43.06980,-76.47006,402,30.1,33.1,30.1,83.0,25.6,0.000,0.000,0.00,0.000,2.4,3.4,0.4,123,10,2.5,4.0,0.5,123,10,2.4,3.4,0.4,123,10,0,30.13,,,,,40.3,43.7,46.7,,,
JORD,2015-11-25 04:50:00 EST,43.06980,-76.47006,402,30.0,33.0,30.0,83.4,25.6,0.000,0.000,0.00,0.000,2.2,3.1,0.3,125,11,2.4,3.8,0.4,125,10,2.2,3.1,0.3,125,11,0,30.13,,,,,40.3,43.7,46.7,,,
JORD,2015-11-25 04:55:00 EST,43.06980,-76.47006,402,29.3,32.8,29.3,86.4,25.7,0.000,0.000,0.00,0.000,2.1,2.5,0.2,116,8,2.3,2.9,0.2,116,9,2.1,2.5,0.2,116,8,0,30.14,,,,,40.3,43.7,46.7,,,
JORD,2015-11-25 05:00:00 EST,43.06980,-76.47006,402,29.7,32.3,29.7,89.2,26.9,0.000,0.000,0.00,0.000,1.4,2.3,0.5,106,19,1.7,2.7,0.4,100,22,1.4,2.3,0.5,106,19,0,30.14,,,,,40.3,43.7,46.7,,,
JORD,2015-11-25 05:05:00 EST,43.06980,-76.47006,402,30.0,31.9,30.0,90.0,27.5,0.000,0.000,0.00,0.000,1.2,1.8,0.3,74,13,1.6,2.2,0.3,73,16,1.2,1.8,0.3,74,13,0,30.14,,,,,40.3,43.7,46.7,,,
JORD,2015-11-25 05:10:00 EST,43.06980,-76.47006,402,30.1,32.1,30.1,89.0,27.2,0.000,0.000,0.00,0.000,1.1,2.1,0.3,30,15,1.5,2.5,0.3,34,17,1.1,2.1,0.3,30,15,0,30.14,,,,,40.3,43.7,46.6,,,
JORD,2015-11-25 05:15:00 EST,43.06980,-76.47006,402,29.0,32.4,29.0,88.3,26.0,0.000,0.000,0.00,0.000,1.3,1.9,0.2,37,15,1.6,2.2,0.3,42,14,1.3,1.9,0.2,37,15,0,30.14,,,,,40.3,43.7,46.6,,,
JORD,2015-11-25 05:20:00 EST,43.06980,-76.47006,402,28.8,32.3,28.8,88.9,25.9,0.000,0.000,0.00,0.000,1.3,2.0,0.4,66,9,1.6,2.5,0.4,68,12,1.3,2.0,0.4,66,9,0,30.14,,,,,40.2,43.7,46.6,,,
JORD,2015-11-25 05:25:00 EST,43.06980,-76.47006,402,28.8,31.4,28.8,89.9,26.2,0.000,0.000,0.00,0.000,0.9,1.5,0.4,60,15,1.3,2.0,0.3,60,19,0.9,1.5,0.4,60,15,0,30.14,,,,,40.2,43.7,46.6,,,
JORD,2015-11-25 05:30:00 EST,43.06980,-76.47006,402,29.1,31.3,29.1,90.6,26.7,0.000,0.000,0.00,0.000,0.8,1.4,0.3,87,9,1.3,1.8,0.3,86,16,0.8,1.4,0.3,87,9,0,30.14,,,,,40.1,43.6,46.6,,,
JORD,2015-11-25 05:35:00 EST,43.06980,-76.47006,402,28.1,31.1,28.1,90.3,25.6,0.000,0.000,0.00,0.000,0.5,1.3,0.3,103,0,1.0,1.8,0.2,103,10,0.5,1.3,0.3,103,0,0,30.15,,,,,40.1,43.6,46.6,,,
JORD,2015-11-25 05:40:00 EST,43.06980,-76.47006,402,28.4,31.0,28.4,92.3,26.4,0.000,0.000,0.00,0.000,1.2,2.0,0.3,132,14,1.4,2.2,0.3,133,11,1.2,2.0,0.3,132,14,0,30.15,,,,,40.1,43.6,46.6,,,
JORD,2015-11-25 05:45:00 EST,43.06980,-76.47006,402,28.2,31.4,28.2,93.1,26.5,0.000,0.000,0.00,0.000,0.9,1.7,0.4,136,4,1.2,2.2,0.4,130,15,0.9,1.7,0.4,136,4,0,30.15,,,,,40.1,43.6,46.6,,,
JORD,2015-11-25 05:50:00 EST,43.06980,-76.47006,402,27.9,30.7,27.9,93.1,26.2,0.000,0.000,0.00,0.000,0.3,1.4,0.4,136,0,1.0,1.6,0.2,110,13,0.3,1.4,0.4,136,0,0,30.15,,,,,40.1,43.6,46.6,,,
JORD,2015-11-25 05:55:00 EST,43.06980,-76.47006,402,28.4,30.5,28.4,94.1,26.9,0.000,0.000,0.00,0.000,0.4,1.5,0.5,136,0,0.9,1.8,0.4,123,11,0.4,1.5,0.5,136,0,0,30.15,,,,,40.1,43.6,46.6,,,
JORD,2015-11-25 06:00:00 EST,43.06980,-76.47006,402,28.0,29.8,28.0,94.2,26.6,0.000,0.000,0.00,0.000,0.0,0.0,0.0,0,0,0.4,0.9,0.2,125,28,0.0,0.0,0.0,0,0,0,30.16,,,,,40.1,43.6,46.6,,,
JORD,2015-11-25 06:05:00 EST,43.06980,-76.47006,402,28.1,29.5,28.1,93.9,26.6,0.000,0.000,0.00,0.000,0.0,0.0,0.0,0,0,0.4,0.9,0.2,180,44,0.0,0.0,0.0,0,0,0,30.16,,,,,40.1,43.6,46.6,,,
JORD,2015-11-25 06:10:00 EST,43.06980,-76.47006,402,27.8,29.5,27.8,94.1,26.4,0.000,0.000,0.00,0.000,0.0,0.0,0.0,0,0,0.3,0.7,0.2,174,59,0.0,0.0,0.0,0,0,0,30.16,,,,,40.0,43.6,46.6,,,
JORD,2015-11-25 06:15:00 EST,43.06980,-76.47006,402,27.6,29.4,27.6,94.2,26.1,0.000,0.000,0.00,0.000,0.0,0.6,0.1,136,0,0.4,1.1,0.3,127,44,0.0,0.6,0.1,136,0,0,30.16,,,,,40.1,43.6,46.6,,,
JORD,2015-11-25 06:20:00 EST,43.06980,-76.47006,402,27.3,29.5,27.3,94.5,25.9,0.000,0.000,0.00,0.000,0.2,1.0,0.3,136,0,0.6,1.3,0.2,128,17,0.2,1.0,0.3,136,0,0,30.16,,,,,40.0,43.6,46.6,,,
JORD,2015-11-25 06:25:00 EST,43.06980,-76.47006,402,27.2,29.5,27.2,94.9,26.0,0.000,0.000,0.00,0.000,0.6,1.8,0.5,128,5,0.9,1.8,0.4,121,15,0.6,1.8,0.5,128,5,0,30.17,,,,,39.9,43.6,46.6,,,
JORD,2015-11-25 06:30:00 EST,43.06980,-76.47006,402,27.4,29.1,27.4,95.2,26.2,0.000,0.000,0.00,0.000,0.0,0.0,0.0,0,0,0.6,1.1,0.2,104,14,0.0,0.0,0.0,0,0,0,30.17,,,,,39.9,43.5,46.6,,,
JORD,2015-11-25 06:35:00 EST,43.06980,-76.47006,402,27.1,28.9,27.1,94.6,25.8,0.000,0.000,0.00,0.000,0.0,0.0,0.0,0,0,0.6,1.1,0.2,154,46,0.0,0.0,0.0,0,0,0,30.17,,,,,39.9,43.5,46.6,,,
JORD,2015-11-25 06:40:00 EST,43.06980,-76.47006,402,27.0,28.9,27.0,94.8,25.7,0.000,0.000,0.00,0.000,0.0,0.1,0.0,128,0,0.6,1.3,0.3,246,23,0.0,0.1,0.0,128,0,0,30.17,,,,,39.9,43.5,46.6,,,
JORD,2015-11-25 06:45:00 EST,43.06980,-76.47006,402,27.2,28.5,27.2,95.5,26.0,0.000,0.000,0.00,0.000,0.2,0.6,0.2,128,0,1.2,1.6,0.2,259,6,0.2,0.6,0.2,128,0,0,30.18,,,,,39.9,43.5,46.6,,,
JORD,2015-11-25 06:50:00 EST,43.06980,-76.47006,402,26.9,28.9,26.9,95.1,25.7,0.000,0.000,0.00,0.000,0.0,0.5,0.1,128,0,0.6,1.3,0.2,258,27,0.0,0.5,0.1,128,0,0,30.18,,,,,39.9,43.5,46.6,,,
JORD,2015-11-25 06:55:00 EST,43.06980,-76.47006,402,27.1,28.6,27.1,95.2,25.9,0.000,0.000,0.00,0.000,0.0,0.0,0.0,0,0,0.7,1.1,0.2,191,17,0.0,0.0,0.0,0,0,1,30.18,,,,,39.9,43.5,46.6,,,
JORD,2015-11-25 07:00:00 EST,43.06980,-76.47006,402,27.0,28.4,27.0,95.6,25.9,0.000,0.000,0.00,0.000,0.0,0.0,0.0,0,0,0.6,0.9,0.2,105,24,0.0,0.0,0.0,0,0,1,30.18,,,,,39.9,43.5,46.6,,,
JORD,2015-11-25 07:05:00 EST,43.06980,-76.47006,402,26.6,28.3,26.6,95.6,25.6,0.000,0.000,0.00,0.000,0.0,0.0,0.0,0,0,0.6,1.1,0.2,81,19,0.0,0.0,0.0,0,0,3,30.18,,,,,39.9,43.5,46.6,,,
JORD,2015-11-25 07:10:00 EST,43.06980,-76.47006,402,26.8,28.2,26.8,95.7,25.7,0.000,0.000,0.00,0.000,0.4,1.0,0.4,128,0,0.9,1.6,0.3,125,16,0.4,1.0,0.4,128,0,4,30.18,,,,,39.8,43.5,46.6,,,
JORD,2015-11-25 07:15:00 EST,43.06980,-76.47006,402,26.1,27.9,26.1,94.9,24.8,0.000,0.000,0.00,0.000,0.7,1.1,0.3,128,0,1.3,1.6,0.2,114,15,0.7,1.1,0.3,128,0,6,30.18,,,,,39.8,43.5,46.6,,,
JORD,2015-11-25 07:20:00 EST,43.06980,-76.47006,402,26.3,27.9,26.3,95.2,25.1,0.000,0.000,0.00,0.000,0.6,1.2,0.4,128,0,1.4,2.0,0.2,98,10,0.6,1.2,0.4,128,0,9,30.19,,,,,39.7,43.5,46.6,,,
JORD,2015-11-25 07:25:00 EST,43.06980,-76.47006,402,26.3,28.2,26.3,95.3,25.1,0.000,0.000,0.00,0.000,0.7,1.8,0.7,105,14,1.4,2.2,0.4,99,15,0.7,1.8,0.7,105,14,11,30.19,,,,,39.7,43.5,46.6,,,
JORD,2015-11-25 07:30:00 EST,43.06980,-76.47006,402,26.8,28.4,26.8,95.2,25.6,0.000,0.000,0.00,0.000,1.4,2.0,0.3,110,14,1.7,2.5,0.3,112,14,1.4,2.0,0.3,110,14,14,30.19,,,,,39.7,43.5,46.6,,,
JORD,2015-11-25 07:35:00 EST,43.06980,-76.47006,402,27.3,29.1,27.3,92.8,25.5,0.000,0.000,0.00,0.000,1.9,2.3,0.2,111,5,2.1,2.7,0.2,111,8,1.9,2.3,0.2,111,5,17,30.19,,,,,39.7,43.5,46.6,,,
JORD,2015-11-25 07:40:00 EST,43.06980,-76.47006,402,26.9,29.5,26.9,90.9,24.6,0.000,0.000,0.00,0.000,1.4,2.2,0.3,100,14,1.8,2.5,0.3,95,15,1.4,2.2,0.3,100,14,20,30.19,,,,,39.7,43.5,46.6,,,
JORD,2015-11-25 07:45:00 EST,43.06980,-76.47006,402,26.4,30.9,26.4,91.1,24.1,0.000,0.000,0.00,0.000,1.4,2.0,0.3,90,11,1.8,2.7,0.4,88,17,1.4,2.0,0.3,90,11,22,30.20,,,,,39.6,43.5,46.6,,,
JORD,2015-11-25 07:50:00 EST,43.06980,-76.47006,402,26.6,32.1,26.6,91.2,24.4,0.000,0.000,0.00,0.000,1.6,2.4,0.4,86,15,2.0,3.1,0.4,83,16,1.6,2.4,0.4,86,15,25,30.20,,,,,39.6,43.5,46.6,,,
JORD,2015-11-25 07:55:00 EST,43.06980,-76.47006,402,27.1,32.5,27.1,90.7,24.7,0.000,0.000,0.00,0.000,1.7,2.2,0.2,72,10,2.1,2.9,0.4,69,11,1.7,2.2,0.2,72,10,27,30.20,,,,,39.6,43.5,46.6,,,
JORD,2015-11-25 08:00:00 EST,43.06980,-76.47006,402,27.5,31.9,27.5,89.7,24.9,0.000,0.000,0.00,0.000,1.5,2.5,0.4,64,8,1.8,3.4,0.5,63,11,1.5,2.5,0.4,64,8,29,30.20,,,,,39.6,43.5,46.6,,,
JORD,2015-11-25 08:05:00 EST,43.06980,-76.47006,402,28.0,31.5,28.0,87.7,24.9,0.000,0.000,0.00,0.000,1.8,2.3,0.3,76,12,2.2,2.9,0.3,76,14,1.8,2.3,0.3,76,12,31,30.21,,,,,39.6,43.5,46.6,,,
JORD,2015-11-25 08:10:00 EST,43.06980,-76.47006,402,28.2,29.3,28.2,86.8,24.7,0.000,0.000,0.00,0.000,1.7,2.8,0.6,94,7,2.0,3.4,0.6,97,11,1.7,2.8,0.6,94,7,35,30.21,,,,,39.6,43.5,46.6,,,
JORD,2015-11-25 08:15:00 EST,43.06980,-76.47006,402,29.2,30.0,29.2,81.9,24.4,0.000,0.000,0.00,0.000,1.4,2.2,0.4,103,16,1.8,2.7,0.4,105,17,1.4,2.2,0.4,103,16,114,30.20,,,,,39.5,43.5,46.6,,,
JORD,2015-11-25 08:20:00 EST,43.06980,-76.47006,402,30.0,30.7,30.0,80.4,24.7,0.000,0.000,0.00,0.000,2.2,2.8,0.4,96,8,2.4,3.6,0.4,97,8,2.2,2.8,0.4,96,8,157,30.20,,,,,39.5,43.5,46.6,,,
JORD,2015-11-25 08:25:00 EST,43.06980,-76.47006,402,30.8,32.3,27.8,84.8,26.8,0.000,0.000,0.00,0.000,3.1,4.0,0.4,93,6,3.3,4.5,0.4,94,7,3.1,4.0,0.4,93,6,156,30.20,,,,,39.5,43.5,46.6,,,
JORD,2015-11-25 08:30:00 EST,43.06980,-76.47006,402,32.0,33.2,32.0,85.0,28.0,0.000,0.000,0.00,0.000,2.7,3.8,0.5,95,11,2.9,4.5,0.5,95,12,2.7,3.8,0.5,95,11,176,30.21,,,,,39.5,43.4,46.6,,,
JORD,2015-11-25 08:35:00 EST,43.06980,-76.47006,402,33.1,34.5,33.1,84.6,28.9,0.000,0.000,0.00,0.000,2.6,3.8,0.7,84,10,3.0,4.5,0.7,83,11,2.6,3.8,0.7,84,10,182,30.21,,,,,39.4,43.5,46.6,,,
JORD,2015-11-25 08:40:00 EST,43.06980,-76.47006,402,33.8,34.8,33.8,83.0,29.2,0.000,0.000,0.00,0.000,1.8,2.8,0.4,68,15,2.2,3.4,0.5,67,16,1.8,2.8,0.4,68,15,207,30.21,,,,,39.4,43.4,46.6,,,
JORD,2015-11-25 08:45:00 EST,43.06980,-76.47006,402,35.2,35.3,35.2,81.3,30.0,0.000,0.000,0.00,0.000,1.7,3.1,0.5,79,24,2.1,4.0,0.6,78,23,1.7,3.1,0.5,79,24,216,30.21,,,,,39.4,43.4,46.6,,,
JORD,2015-11-25 08:50:00 EST,43.06980,-76.47006,402,35.6,35.6,35.6,79.1,29.8,0.000,0.000,0.00,0.000,2.0,3.9,0.8,61,13,2.2,4.5,0.8,61,14,2.0,3.9,0.8,61,13,230,30.21,,,,,39.4,43.4,46.6,,,
JORD,2015-11-25 08:55:00 EST,43.06980,-76.47006,402,36.4,36.1,36.4,77.1,29.9,0.000,0.000,0.00,0.000,2.1,3.9,0.6,65,16,2.4,4.7,0.7,66,16,2.1,3.9,0.6,65,16,233,30.21,,,,,39.4,43.4,46.6,,,
JORD,2015-11-25 09:00:00 EST,43.06980,-76.47006,402,37.1,36.5,37.1,74.8,29.9,0.000,0.000,0.00,0.000,2.3,3.7,0.7,70,15,2.7,4.7,0.8,70,16,2.3,3.7,0.7,70,15,244,30.21,,,,,39.4,43.4,46.5,,,
JORD,2015-11-25 09:05:00 EST,43.06980,-76.47006,402,37.8,36.9,37.8,73.5,30.1,0.000,0.000,0.00,0.000,2.7,3.9,0.5,80,10,3.1,4.5,0.6,81,10,2.7,3.9,0.5,80,10,249,30.21,,,,,39.4,43.4,46.5,,,
JORD,2015-11-25 09:10:00 EST,43.06980,-76.47006,402,38.2,37.3,38.2,72.3,30.1,0.000,0.000,0.00,0.000,2.0,3.9,0.8,81,16,2.5,4.7,0.9,81,16,2.0,3.9,0.8,81,16,260,30.21,,,,,39.4,43.3,46.6,,,
JORD,2015-11-25 09:15:00 EST,43.06980,-76.47006,402,38.6,37.8,38.6,71.7,30.3,0.000,0.000,0.00,0.000,1.5,3.1,0.7,68,18,2.0,3.8,0.7,66,21,1.5,3.1,0.7,68,18,263,30.21,,,,,39.3,43.4,46.5,,,
JORD,2015-11-25 09:20:00 EST,43.06980,-76.47006,402,39.5,38.6,39.5,69.6,30.4,0.000,0.000,0.00,0.000,1.9,3.4,0.6,122,27,2.2,4.5,0.7,119,26,1.9,3.4,0.6,122,27,278,30.21,,,,,39.3,43.4,46.6,,,
JORD,2015-11-25 09:25:00 EST,43.06980,-76.47006,402,39.9,39.4,39.9,66.2,29.6,0.000,0.000,0.00,0.000,1.9,6.4,2.0,130,15,2.5,8.3,1.9,131,24,1.9,6.4,2.0,130,15,284,30.21,,,,,39.3,43.3,46.5,,,
JORD,2015-11-25 09:30:00 EST,43.06980,-76.47006,402,40.5,40.0,37.9,65.2,29.7,0.000,0.000,0.00,0.000,4.0,7.1,1.9,145,14,4.5,7.4,1.9,145,15,4.0,7.1,1.9,145,14,294,30.21,,,,,39.3,43.4,46.5,,,
JORD,2015-11-25 09:35:00 EST,43.06980,-76.47006,402,40.9,40.3,38.7,62.7,29.1,0.000,0.000,0.00,0.000,3.6,5.9,0.9,162,18,4.0,7.4,1.0,162,18,3.6,5.9,0.9,162,18,300,30.21,,,,,39.2,43.3,46.6,,,
JORD,2015-11-25 09:40:00 EST,43.06980,-76.47006,402,41.4,40.8,38.3,63.2,29.8,0.000,0.000,0.00,0.000,4.8,7.7,1.4,150,14,5.5,9.2,1.5,149,15,4.8,7.7,1.4,150,14,315,30.21,,,,,39.2,43.3,46.5,,,
JORD,2015-11-25 09:45:00 EST,43.06980,-76.47006,402,41.9,41.1,38.0,61.9,29.8,0.000,0.000,0.00,0.000,6.1,9.4,1.3,145,10,6.6,9.6,1.2,145,10,6.1,9.4,1.3,145,10,328,30.21,,,,,39.2,43.3,46.5,,,
JORD,2015-11-25 09:50:00 EST,43.06980,-76.47006,402,41.9,41.2,37.4,60.0,29.0,0.000,0.000,0.00,0.000,7.0,9.3,1.2,158,10,7.5,10.1,1.3,158,10,7.0,9.3,1.2,158,10,341,30.21,,,,,39.2,43.3,46.5,,,
JORD,2015-11-25 09:55:00 EST,43.06980,-76.47006,402,42.4,41.5,38.4,59.5,29.3,0.000,0.000,0.00,0.000,6.4,8.3,0.9,145,9,6.8,8.7,1.0,144,10,6.4,8.3,0.9,145,9,357,30.22,,,,,39.2,43.3,46.5,,,
JORD,2015-11-25 10:00:00 EST,43.06980,-76.47006,402,42.7,41.9,39.0,58.7,29.3,0.000,0.000,0.00,0.000,6.0,10.9,1.9,161,19,6.6,11.4,2.1,162,20,6.0,10.9,1.9,161,19,368,30.22,,,,,39.2,43.3,46.5,,,
JORD,2015-11-25 10:05:00 EST,43.06980,-76.47006,402,42.7,42.1,38.6,55.9,28.1,0.000,0.000,0.00,0.000,6.6,9.3,1.3,177,15,7.5,11.2,1.5,178,15,6.6,9.3,1.3,177,15,382,30.22,,,,,39.2,43.3,46.5,,,
JORD,2015-11-25 10:10:00 EST,43.06980,-76.47006,402,42.9,42.3,38.5,55.2,28.0,0.000,0.000,0.00,0.000,7.3,10.7,1.2,165,13,8.0,11.4,1.5,166,13,7.3,10.7,1.2,165,13,395,30.22,,,,,39.2,43.3,46.5,,,
JORD,2015-11-25 10:15:00 EST,43.06980,-76.47006,402,43.3,42.6,39.1,54.4,27.9,0.000,0.000,0.00,0.000,6.9,10.2,1.5,163,15,7.5,11.6,1.6,164,14,6.9,10.2,1.5,163,15,409,30.22,,,,,39.2,43.3,46.5,,,
JORD,2015-11-25 10:20:00 EST,43.06980,-76.47006,402,43.6,42.9,40.0,53.0,27.6,0.000,0.000,0.00,0.000,6.1,10.0,1.5,182,14,6.8,11.0,1.6,182,12,6.1,10.0,1.5,182,14,426,30.22,,,,,39.2,43.3,46.5,,,
JORD,2015-11-25 10:25:00 EST,43.06980,-76.47006,402,43.5,43.0,39.6,52.1,27.1,0.000,0.000,0.00,0.000,6.7,11.2,2.0,186,14,7.2,12.1,2.1,186,13,6.7,11.2,2.0,186,14,389,30.23,,,,,39.2,43.3,46.5,,,
JORD,2015-11-25 10:30:00 EST,43.06980,-76.47006,402,43.8,43.2,39.6,52.2,27.4,0.000,0.000,0.00,0.000,7.2,11.6,1.8,168,11,8.0,13.4,2.0,169,11,7.2,11.6,1.8,168,11,394,30.23,,,,,39.2,43.3,46.5,,,
JORD,2015-11-25 10:35:00 EST,43.06980,-76.47006,402,43.9,43.2,39.7,51.1,27.0,0.000,0.000,0.00,0.000,7.3,11.6,1.6,156,16,7.9,12.8,1.7,156,16,7.3,11.6,1.6,156,16,383,30.22,,,,,39.2,43.2,46.5,,,
JORD,2015-11-25 10:40:00 EST,43.06980,-76.47006,402,44.3,43.5,40.7,52.1,27.8,0.000,0.000,0.00,0.000,6.2,8.8,1.2,166,20,6.9,10.7,1.3,165,20,6.2,8.8,1.2,166,20,415,30.23,,,,,39.2,43.2,46.5,,,
JORD,2015-11-25 10:45:00 EST,43.06980,-76.47006,402,44.4,43.7,41.4,51.8,27.8,0.000,0.000,0.00,0.000,5.4,10.1,1.6,173,22,6.2,10.7,1.8,175,22,5.4,10.1,1.6,173,22,416,30.22,,,,,39.3,43.2,46.5,,,
JORD,2015-11-25 10:50:00 EST,43.06980,-76.47006,402,44.6,44.0,40.9,48.2,26.3,0.000,0.000,0.00,0.000,6.7,12.0,1.7,165,22,7.6,13.9,1.9,166,21,6.7,12.0,1.7,165,22,429,30.22,,,,,39.3,43.2,46.4,,,
JORD,2015-11-25 10:55:00 EST,43.06980,-76.47006,402,44.4,43.9,40.5,46.6,25.2,0.000,0.000,0.00,0.000,7.0,10.1,1.4,174,20,7.6,12.3,1.7,174,19,7.0,10.1,1.4,174,20,414,30.22,,,,,39.4,43.2,46.5,,,
JORD,2015-11-25 11:00:00 EST,43.06980,-76.47006,402,44.4,43.9,40.8,46.4,25.1,0.000,0.000,0.00,0.000,6.3,9.1,1.3,160,16,7.1,11.2,1.4,161,17,6.3,9.1,1.3,160,16,425,30.22,,,,,39.4,43.2,46.5,,,
JORD,2015-11-25 11:05:00 EST,43.06980,-76.47006,402,44.8,44.2,41.8,47.5,26.1,0.000,0.000,0.00,0.000,5.6,8.5,1.5,179,22,6.3,9.8,1.7,180,19,5.6,8.5,1.5,179,22,431,30.22,,,,,39.5,43.2,46.5,,,
JORD,2015-11-25 11:10:00 EST,43.06980,-76.47006,402,45.2,44.5,41.6,47.7,26.5,0.000,0.000,0.00,0.000,6.7,11.5,2.2,156,15,7.4,11.9,2.1,156,16,6.7,11.5,2.2,156,15,408,30.22,,,,,39.5,43.2,46.5,,,
JORD,2015-11-25 11:15:00 EST,43.06980,-76.47006,402,45.0,44.4,40.4,47.4,26.2,0.000,0.000,0.00,0.000,8.7,12.4,1.8,151,20,9.5,14.3,2.0,152,19,8.7,12.4,1.8,151,20,435,30.22,,,,,39.6,43.2,46.4,,,
JORD,2015-11-25 11:20:00 EST,43.06980,-76.47006,402,44.8,44.4,40.2,45.8,25.2,0.000,0.000,0.00,0.000,8.6,13.0,1.9,175,19,9.4,14.3,2.0,175,18,8.6,13.0,1.9,175,19,407,30.22,,,,,39.7,43.1,46.5,,,
JORD,2015-11-25 11:25:00 EST,43.06980,-76.47006,402,45.2,44.8,42.2,46.4,25.8,0.000,0.000,0.00,0.000,5.5,11.5,2.6,164,22,6.5,13.4,2.7,166,23,5.5,11.5,2.6,164,22,410,30.22,,,,,39.7,43.2,46.4,,,
JORD,2015-11-25 11:30:00 EST,43.06980,-76.47006,402,45.6,45.0,41.3,45.4,25.7,0.000,0.000,0.00,0.000,8.3,13.1,2.0,149,15,8.9,14.1,2.1,149,14,8.3,13.1,2.0,149,15,450,30.21,,,,,39.9,43.2,46.4,,,
JORD,2015-11-25 11:35:00 EST,43.06980,-76.47006,402,45.4,44.9,41.0,44.7,25.2,0.000,0.000,0.00,0.000,8.5,13.7,2.6,160,19,9.2,15.2,2.7,162,19,8.5,13.7,2.6,160,19,432,30.21,,,,,39.9,43.1,46.4,,,
JORD,2015-11-25 11:40:00 EST,43.06980,-76.47006,402,45.4,44.9,40.8,44.3,24.9,0.000,0.000,0.00,0.000,8.8,13.2,2.2,165,12,9.6,14.5,2.3,166,12,8.8,13.2,2.2,165,12,444,30.21,,,,,40.0,43.1,46.5,,,
JORD,2015-11-25 11:45:00 EST,43.06980,-76.47006,402,45.8,45.2,42.1,44.5,25.4,0.000,0.000,0.00,0.000,7.1,11.0,2.0,154,21,7.9,13.2,2.1,155,20,7.1,11.0,2.0,154,21,460,30.21,,,,,40.1,43.2,46.4,,,
JORD,2015-11-25 11:50:00 EST,43.06980,-76.47006,402,45.6,45.0,40.4,43.3,24.5,0.000,0.000,0.00,0.000,10.4,18.9,3.7,155,15,11.2,19.2,3.6,155,15,10.4,18.9,3.7,155,15,457,30.21,,,,,40.2,43.1,46.4,,,
JORD,2015-11-25 11:55:00 EST,43.06980,-76.47006,402,45.4,45.0,40.0,42.2,23.7,0.000,0.000,0.00,0.000,10.7,17.0,2.3,169,16,11.8,18.3,2.5,169,14,10.7,17.0,2.3,169,16,452,30.20,,,,,40.2,43.1,46.4,,,
JORD,2015-11-25 12:00:00 EST,43.06980,-76.47006,402,45.6,45.2,41.6,43.1,24.5,0.000,0.000,0.00,0.000,7.7,13.1,2.3,164,18,8.6,14.1,2.4,164,18,7.7,13.1,2.3,164,18,454,30.20,,,,,40.3,43.1,46.4,,,
JORD,2015-11-25 12:05:00 EST,43.06980,-76.47006,402,45.5,45.1,40.3,42.6,24.1,0.000,0.000,0.00,0.000,10.4,13.9,1.7,172,15,11.3,16.6,2.3,174,13,10.4,13.9,1.7,172,15,452,30.20,,,,,40.4,43.1,46.4,,,
JORD,2015-11-25 12:10:00 EST,43.06980,-76.47006,402,45.7,45.2,40.6,43.1,24.5,0.000,0.000,0.00,0.000,10.1,13.6,1.8,161,13,10.9,15.7,2.0,162,13,10.1,13.6,1.8,161,13,451,30.20,,,,,40.5,43.1,46.4,,,
JORD,2015-11-25 12:15:00 EST,43.06980,-76.47006,402,45.8,45.4,41.2,42.5,24.3,0.000,0.000,0.00,0.000,8.9,15.1,2.1,173,14,9.9,16.1,2.3,173,13,8.9,15.1,2.1,173,14,449,30.20,,,,,40.6,43.1,46.4,,,
JORD,2015-11-25 12:20:00 EST,43.06980,-76.47006,402,45.8,45.5,41.3,42.7,24.4,0.000,0.000,0.00,0.000,8.9,14.2,2.1,171,16,9.9,16.8,2.5,173,15,8.9,14.2,2.1,171,16,446,30.20,,,,,40.7,43.1,46.4,,,
JORD,2015-11-25 12:25:00 EST,43.06980,-76.47006,402,45.9,45.5,40.9,43.2,24.8,0.000,0.000,0.00,0.000,10.1,14.2,1.9,174,22,11.0,16.1,2.2,175,22,10.1,14.2,1.9,174,22,445,30.19,,,,,40.8,43.1,46.4,,,
JORD,2015-11-25 12:30:00 EST,43.06980,-76.47006,402,46.4,45.8,42.0,44.0,25.7,0.000,0.000,0.00,0.000,9.1,13.2,2.4,154,19,10.0,14.5,2.3,155,20,9.1,13.2,2.4,154,19,442,30.19,,,,,40.9,43.1,46.4,,,
JORD,2015-11-25 12:35:00 EST,43.06980,-76.47006,402,46.5,45.9,42.3,44.5,26.0,0.000,0.000,0.00,0.000,8.4,15.3,2.9,166,22,9.3,16.1,2.7,168,22,8.4,15.3,2.9,166,22,438,30.19,,,,,40.9,43.1,46.4,,,
JORD,2015-11-25 12:40:00 EST,43.06980,-76.47006,402,46.7,45.9,42.3,44.2,26.0,0.000,0.000,0.00,0.000,8.9,13.4,2.5,153,14,9.7,15.0,2.5,153,15,8.9,13.4,2.5,153,14,435,30.19,,,,,41.0,43.1,46.4,,,
JORD,2015-11-25 12:45:00 EST,43.06980,-76.47006,402,46.7,46.1,42.2,43.9,25.9,0.000,0.000,0.00,0.000,9.4,15.1,2.3,152,11,10.1,16.6,2.3,153,11,9.4,15.1,2.3,152,11,430,30.19,,,,,41.1,43.1,46.4,,,
JORD,2015-11-25 12:50:00 EST,43.06980,-76.47006,402,46.7,46.2,41.7,43.7,25.8,0.000,0.000,0.00,0.000,10.9,17.3,3.0,153,13,11.6,20.1,3.1,154,14,10.9,17.3,3.0,153,13,427,30.19,,,,,41.2,43.1,46.4,,,
JORD,2015-11-25 12:55:00 EST,43.06980,-76.47006,402,46.8,46.3,42.9,43.5,25.7,0.000,0.000,0.00,0.000,7.8,11.7,1.7,172,19,8.6,12.8,2.0,174,17,7.8,11.7,1.7,172,19,422,30.18,,,,,41.3,43.1,46.4,,,
JORD,2015-11-25 13:00:00 EST,43.06980,-76.47006,402,47.0,46.6,43.1,43.6,26.0,0.000,0.000,0.00,0.000,8.1,13.7,1.9,160,18,9.0,14.5,2.0,161,17,8.1,13.7,1.9,160,18,418,30.18,,,,,41.3,43.1,46.4,,,
JORD,2015-11-25 13:05:00 EST,43.06980,-76.47006,402,47.0,46.5,42.1,42.8,25.5,0.000,0.000,0.00,0.000,10.7,15.7,2.3,152,12,11.3,16.6,2.3,152,12,10.7,15.7,2.3,152,12,411,30.18,,,,,41.4,43.0,46.4,,,
JORD,2015-11-25 13:10:00 EST,43.06980,-76.47006,402,47.2,46.7,43.5,43.4,26.1,0.000,0.000,0.00,0.000,7.6,13.2,2.9,160,16,8.5,15.2,3.1,160,16,7.6,13.2,2.9,160,16,407,30.18,,,,,41.5,43.1,46.4,,,
JORD,2015-11-25 13:15:00 EST,43.06980,-76.47006,402,47.7,47.1,44.0,43.4,26.5,0.000,0.000,0.00,0.000,8.0,11.8,1.6,144,13,8.6,12.1,1.8,146,13,8.0,11.8,1.6,144,13,400,30.18,,,,,41.6,43.1,46.4,,,
JORD,2015-11-25 13:20:00 EST,43.06980,-76.47006,402,47.7,47.1,43.2,43.7,26.7,0.000,0.000,0.00,0.000,9.9,15.5,2.9,147,16,10.7,16.1,2.9,147,17,9.9,15.5,2.9,147,16,395,30.17,,,,,41.6,43.1,46.4,,,
JORD,2015-11-25 13:25:00 EST,43.06980,-76.47006,402,47.5,47.0,42.8,43.0,26.1,0.000,0.000,0.00,0.000,10.3,15.7,2.2,143,11,11.0,17.4,2.3,142,10,10.3,15.7,2.2,143,11,389,30.17,,,,,41.7,43.1,46.4,,,
JORD,2015-11-25 13:30:00 EST,43.06980,-76.47006,402,47.6,47.1,43.0,42.6,26.0,0.000,0.000,0.00,0.000,10.2,15.3,2.5,141,15,10.8,17.0,2.3,142,15,10.2,15.3,2.5,141,15,383,30.17,,,,,41.8,43.1,46.3,,,
JORD,2015-11-25 13:35:00 EST,43.06980,-76.47006,402,47.6,47.2,43.3,43.2,26.3,0.000,0.000,0.00,0.000,9.4,13.4,1.7,156,19,10.2,13.9,1.8,157,19,9.4,13.4,1.7,156,19,375,30.17,,,,,41.9,43.1,46.3,,,
JORD,2015-11-25 13:40:00 EST,43.06980,-76.47006,402,47.7,47.3,43.7,43.3,26.5,0.000,0.000,0.00,0.000,8.9,14.2,1.8,124,15,9.4,13.4,1.7,125,13,8.9,14.2,1.8,124,15,368,30.17,,,,,41.9,43.1,46.4,,,
JORD,2015-11-25 13:45:00 EST,43.06980,-76.47006,402,48.2,47.6,44.6,44.5,27.5,0.000,0.000,0.00,0.000,7.8,11.6,1.6,144,18,8.6,12.8,1.6,145,17,7.8,11.6,1.6,144,18,351,30.16,,,,,42.0,43.1,46.3,,,
JORD,2015-11-25 13:50:00 EST,43.06980,-76.47006,402,48.0,47.6,43.2,42.9,26.5,0.000,0.000,0.00,0.000,11.2,16.5,2.5,144,11,11.6,16.8,2.4,145,10,11.2,16.5,2.5,144,11,339,30.16,,,,,42.1,43.1,46.3,,,
JORD,2015-11-25 13:55:00 EST,43.06980,-76.47006,402,47.9,47.4,43.3,42.9,26.4,0.000,0.000,0.00,0.000,10.3,14.4,1.9,142,16,11.0,15.4,2.0,142,16,10.3,14.4,1.9,142,16,339,30.16,,,,,42.1,43.1,46.4,,,
JORD,2015-11-25 14:00:00 EST,43.06980,-76.47006,402,47.9,47.6,43.8,42.0,25.9,0.000,0.000,0.00,0.000,9.2,13.7,2.2,156,12,9.9,15.4,2.4,157,12,9.2,13.7,2.2,156,12,332,30.16,,,,,42.1,43.1,46.4,,,
JORD,2015-11-25 14:05:00 EST,43.06980,-76.47006,402,48.1,47.9,44.2,41.8,26.0,0.000,0.000,0.00,0.000,8.8,15.4,2.6,156,15,9.2,17.0,2.7,156,15,8.8,15.4,2.6,156,15,323,30.16,,,,,42.2,43.2,46.3,,,
JORD,2015-11-25 14:10:00 EST,43.06980,-76.47006,402,48.2,47.9,43.8,42.5,26.5,0.000,0.000,0.00,0.000,10.1,17.1,3.0,147,11,10.6,17.0,2.8,147,12,10.1,17.1,3.0,147,11,313,30.16,,,,,42.2,43.1,46.4,,,
JORD,2015-11-25 14:15:00 EST,43.06980,-76.47006,402,48.1,47.9,43.6,42.5,26.4,0.000,0.000,0.00,0.000,10.4,14.1,2.0,151,11,10.9,15.4,2.2,151,11,10.4,14.1,2.0,151,11,303,30.16,,,,,42.3,43.1,46.4,,,
JORD,2015-11-25 14:20:00 EST,43.06980,-76.47006,402,48.2,48.0,44.1,43.4,27.0,0.000,0.000,0.00,0.000,9.1,15.3,2.5,137,12,9.8,16.6,2.6,138,12,9.1,15.3,2.5,137,12,294,30.16,,,,,42.3,43.2,46.3,,,
JORD,2015-11-25 14:25:00 EST,43.06980,-76.47006,402,48.3,48.1,44.1,43.0,26.9,0.000,0.000,0.00,0.000,9.5,15.1,2.3,149,15,10.2,15.9,2.5,149,15,9.5,15.1,2.3,149,15,286,30.16,,,,,42.4,43.2,46.3,,,
JORD,2015-11-25 14:30:00 EST,43.06980,-76.47006,402,48.2,48.1,43.2,42.4,26.4,0.000,0.000,0.00,0.000,11.9,16.8,1.9,145,12,12.5,17.0,1.9,145,11,11.9,16.8,1.9,145,12,273,30.16,,,,,42.4,43.2,46.3,,,
JORD,2015-11-25 14:35:00 EST,43.06980,-76.47006,402,48.3,48.1,45.0,43.6,27.2,0.000,0.000,0.00,0.000,7.3,12.3,1.8,145,16,7.9,11.9,2.0,146,16,7.3,12.3,1.8,145,16,262,30.16,,,,,42.4,43.2,46.3,,,
JORD,2015-11-25 14:40:00 EST,43.06980,-76.47006,402,48.6,48.3,45.2,43.4,27.3,0.000,0.000,0.00,0.000,7.6,11.7,1.6,139,13,8.2,11.9,1.7,138,12,7.6,11.7,1.6,139,13,253,30.16,,,,,42.4,43.2,46.3,,,
JORD,2015-11-25 14:45:00 EST,43.06980,-76.47006,402,48.6,48.5,44.2,42.5,26.8,0.000,0.000,0.00,0.000,10.3,15.8,2.1,147,11,10.9,17.0,2.2,147,11,10.3,15.8,2.1,147,11,244,30.16,,,,,42.5,43.2,46.4,,,
JORD,2015-11-25 14:50:00 EST,43.06980,-76.47006,402,48.5,48.4,44.4,43.1,27.0,0.000,0.000,0.00,0.000,9.4,14.0,2.0,145,12,10.0,14.1,2.0,146,12,9.4,14.0,2.0,145,12,217,30.16,,,,,42.5,43.2,46.3,,,
JORD,2015-11-25 14:55:00 EST,43.06980,-76.47006,402,48.6,48.5,45.1,42.5,26.8,0.000,0.000,0.00,0.000,7.8,14.0,2.3,154,16,8.7,14.5,2.3,156,16,7.8,14.0,2.3,154,16,218,30.16,,,,,42.6,43.2,46.3,,,
JORD,2015-11-25 15:00:00 EST,43.06980,-76.47006,402,48.6,48.6,44.7,42.5,26.8,0.000,0.000,0.00,0.000,9.0,13.9,2.1,142,12,9.7,15.4,2.3,140,12,9.0,13.9,2.1,142,12,209,30.16,,,,,42.6,43.2,46.3,,,
JORD,2015-11-25 15:05:00 EST,43.06980,-76.47006,402,48.7,48.7,45.2,43.0,27.2,0.000,0.000,0.00,0.000,8.0,13.4,2.1,155,14,8.8,14.1,2.3,156,14,8.0,13.4,2.1,155,14,197,30.16,,,,,42.6,43.2,46.3,,,
JORD,2015-11-25 15:10:00 EST,43.06980,-76.47006,402,48.7,48.7,44.6,41.9,26.6,0.000,0.000,0.00,0.000,9.5,14.3,2.2,152,11,10.2,15.7,2.3,152,13,9.5,14.3,2.2,152,11,186,30.16,,,,,42.6,43.2,46.2,,,
JORD,2015-11-25 15:15:00 EST,43.06980,-76.47006,402,48.6,48.7,44.5,42.4,26.8,0.000,0.000,0.00,0.000,9.4,16.5,2.9,148,12,9.9,19.0,3.0,147,12,9.4,16.5,2.9,148,12,174,30.16,,,,,42.7,43.2,46.2,,,
JORD,2015-11-25 15:20:00 EST,43.06980,-76.47006,402,48.5,48.6,44.2,41.7,26.3,0.000,0.000,0.00,0.000,10.0,15.9,1.8,148,14,10.5,17.0,2.0,149,13,10.0,15.9,1.8,148,14,162,30.16,,,,,42.7,43.2,46.2,,,
JORD,2015-11-25 15:25:00 EST,43.06980,-76.47006,402,48.5,48.6,44.6,42.2,26.6,0.000,0.000,0.00,0.000,8.8,13.2,1.8,150,16,9.5,16.1,2.1,151,16,8.8,13.2,1.8,150,16,150,30.16,,,,,42.8,43.3,46.2,,,
JORD,2015-11-25 15:30:00 EST,43.06980,-76.47006,402,48.4,48.6,45.5,43.1,27.0,0.000,0.000,0.00,0.000,6.5,10.4,1.8,148,14,7.1,10.5,1.9,149,15,6.5,10.4,1.8,148,14,139,30.16,,,,,42.8,43.3,46.3,,,
JORD,2015-11-25 15:35:00 EST,43.06980,-76.47006,402,48.4,48.6,45.2,42.8,26.8,0.000,0.000,0.00,0.000,7.1,10.7,1.8,153,14,7.7,11.4,1.9,154,14,7.1,10.7,1.8,153,14,127,30.16,,,,,42.8,43.3,46.2,,,
JORD,2015-11-25 15:40:00 EST,43.06980,-76.47006,402,48.3,48.6,44.7,42.8,26.7,0.000,0.000,0.00,0.000,7.9,11.5,1.8,150,16,8.5,13.4,2.0,150,16,7.9,11.5,1.8,150,16,115,30.16,,,,,42.8,43.3,46.2,,,
JORD,2015-11-25 15:45:00 EST,43.06980,-76.47006,402,48.3,48.6,45.0,43.1,26.9,0.000,0.000,0.00,0.000,7.4,11.5,1.4,148,12,7.9,12.1,1.6,149,12,7.4,11.5,1.4,148,12,100,30.16,,,,,42.8,43.3,46.2,,,
JORD,2015-11-25 15:50:00 EST,43.06980,-76.47006,402,48.3,48.6,45.1,43.0,26.8,0.000,0.000,0.00,0.000,7.0,10.4,1.4,149,9,7.3,11.2,1.5,149,9,7.0,10.4,1.4,149,9,84,30.16,,,,,42.8,43.3,46.2,,,
JORD,2015-11-25 15:55:00 EST,43.06980,-76.47006,402,47.9,48.4,45.8,43.6,26.8,0.000,0.000,0.00,0.000,5.0,8.9,1.9,141,12,5.4,10.3,2.1,141,12,5.0,8.9,1.9,141,12,72,30.16,,,,,42.8,43.3,46.2,,,
JORD,2015-11-25 16:00:00 EST,43.06980,-76.47006,402,47.8,48.3,44.9,44.0,26.9,0.000,0.000,0.00,0.000,6.3,11.3,1.6,142,10,6.7,12.5,1.7,143,11,6.3,11.3,1.6,142,10,58,30.16,,,,,42.8,43.4,46.1,,,
JORD,2015-11-25 16:05:00 EST,43.06980,-76.47006,402,47.7,48.3,44.7,44.1,26.9,0.000,0.000,0.00,0.000,6.4,11.2,1.9,143,11,6.8,11.6,2.1,141,10,6.4,11.2,1.9,143,11,25,30.16,,,,,42.8,43.4,46.2,,,
JORD,2015-11-25 16:10:00 EST,43.06980,-76.47006,402,47.2,48.0,45.4,44.7,26.7,0.000,0.000,0.00,0.000,4.3,6.1,0.7,134,9,4.7,7.2,0.8,133,7,4.3,6.1,0.7,134,9,17,30.16,,,,,42.8,43.4,46.2,,,
JORD,2015-11-25 16:15:00 EST,43.06980,-76.47006,402,46.7,47.8,44.9,44.9,26.4,0.000,0.000,0.00,0.000,4.3,6.2,0.7,138,10,4.7,6.9,0.9,137,9,4.3,6.2,0.7,138,10,15,30.16,,,,,42.9,43.4,46.2,,,
JORD,2015-11-25 16:20:00 EST,43.06980,-76.47006,402,46.5,47.6,44.2,45.8,26.8,0.000,0.000,0.00,0.000,4.9,8.3,1.3,137,10,5.2,8.5,1.3,136,10,4.9,8.3,1.3,137,10,13,30.16,,,,,42.9,43.4,46.2,,,
JORD,2015-11-25 16:25:00 EST,43.06980,-76.47006,402,46.5,47.5,44.6,45.3,26.4,0.000,0.000,0.00,0.000,4.3,6.9,1.0,134,10,4.6,6.9,1.2,135,10,4.3,6.9,1.0,134,10,11,30.16,,,,,42.9,43.4,46.1,,,
JORD,2015-11-25 16:30:00 EST,43.06980,-76.47006,402,46.3,47.3,45.0,45.5,26.4,0.000,0.000,0.00,0.000,3.5,4.5,0.6,130,7,3.8,5.1,0.7,130,6,3.5,4.5,0.6,130,7,8,30.16,,,,,42.9,43.4,46.1,,,
JORD,2015-11-25 16:35:00 EST,43.06980,-76.47006,402,46.1,47.0,44.2,45.6,26.3,0.000,0.000,0.00,0.000,4.2,6.5,0.7,126,7,4.5,6.5,0.8,127,6,4.2,6.5,0.7,126,7,6,30.16,,,,,42.8,43.4,46.1,,,
JORD,2015-11-25 16:40:00 EST,43.06980,-76.47006,402,45.7,46.7,43.3,46.6,26.4,0.000,0.000,0.00,0.000,4.8,6.6,0.6,125,7,5.1,7.2,0.7,126,6,4.8,6.6,0.6,125,7,3,30.16,,,,,42.8,43.5,46.2,,,
JORD,2015-11-25 16:45:00 EST,43.06980,-76.47006,402,45.2,46.5,42.9,47.2,26.3,0.000,0.000,0.00,0.000,4.6,6.0,0.7,130,7,4.9,6.5,0.7,130,5,4.6,6.0,0.7,130,7,2,30.17,,,,,42.8,43.5,46.1,,,
JORD,2015-11-25 16:50:00 EST,43.06980,-76.47006,402,45.5,46.4,42.9,47.1,26.5,0.000,0.000,0.00,0.000,5.1,6.5,0.6,122,6,5.3,6.5,0.6,123,6,5.1,6.5,0.6,122,6,1,30.16,,,,,42.8,43.5,46.1,,,
JORD,2015-11-25 16:55:00 EST,43.06980,-76.47006,402,45.0,46.1,42.4,47.8,26.4,0.000,0.000,0.00,0.000,4.9,6.6,0.6,120,8,5.2,6.9,0.7,122,7,4.9,6.6,0.6,120,8,0,30.16,,,,,42.8,43.5,46.1,,,
JORD,2015-11-25 17:00:00 EST,43.06980,-76.47006,402,45.0,46.0,42.0,48.2,26.6,0.000,0.000,0.00,0.000,5.6,7.4,0.8,123,8,5.8,8.3,0.9,124,7,5.6,7.4,0.8,123,8,0,30.16,,,,,42.8,43.5,46.1,,,
JORD,2015-11-25 17:05:00 EST,43.06980,-76.47006,402,45.0,46.0,41.3,48.0,26.4,0.000,0.000,0.00,0.000,6.6,10.5,1.1,122,8,6.9,10.7,1.2,123,8,6.6,10.5,1.1,122,8,0,30.16,,,,,42.8,43.5,46.1,,,
JORD,2015-11-25 17:10:00 EST,43.06980,-76.47006,402,44.8,45.8,41.6,48.3,26.5,0.000,0.000,0.00,0.000,5.9,8.7,1.1,119,9,6.2,8.9,1.2,121,7,5.9,8.7,1.1,119,9,0,30.16,,,,,42.8,43.5,46.1,,,
JORD,2015-11-25 17:15:00 EST,43.06980,-76.47006,402,44.6,45.7,41.2,48.5,26.3,0.000,0.000,0.00,0.000,5.9,8.2,0.8,122,9,6.3,8.3,0.9,124,8,5.9,8.2,0.8,122,9,0,30.16,,,,,42.8,43.5,46.1,,,
JORD,2015-11-25 17:20:00 EST,43.06980,-76.47006,402,44.8,45.6,41.7,48.2,26.4,0.000,0.000,0.00,0.000,5.6,7.5,0.9,119,9,5.9,8.3,1.1,119,9,5.6,7.5,0.9,119,9,0,30.16,,,,,42.8,43.5,46.1,,,
JORD,2015-11-25 17:25:00 EST,43.06980,-76.47006,402,44.4,45.4,40.7,48.9,26.3,0.000,0.000,0.00,0.000,6.4,8.7,0.9,117,8,6.7,8.9,0.9,117,7,6.4,8.7,0.9,117,8,0,30.16,,,,,42.8,43.5,46.1,,,
JORD,2015-11-25 17:30:00 EST,43.06980,-76.47006,402,44.4,45.3,41.2,49.2,26.5,0.000,0.000,0.00,0.000,5.7,8.1,1.0,118,9,6.0,8.9,1.1,119,8,5.7,8.1,1.0,118,9,0,30.16,,,,,42.7,43.5,46.1,,,
JORD,2015-11-25 17:35:00 EST,43.06980,-76.47006,402,44.1,45.1,41.0,49.0,26.2,0.000,0.000,0.00,0.000,5.4,6.9,0.7,109,7,5.8,7.4,0.7,110,7,5.4,6.9,0.7,109,7,0,30.16,,,,,42.7,43.6,46.1,,,
JORD,2015-11-25 17:40:00 EST,43.06980,-76.47006,402,43.5,44.8,40.8,50.0,26.1,0.000,0.000,0.00,0.000,4.7,6.9,1.0,101,10,5.2,8.1,1.1,103,9,4.7,6.9,1.0,101,10,0,30.16,,,,,42.6,43.6,46.1,,,
JORD,2015-11-25 17:45:00 EST,43.06980,-76.47006,402,43.2,44.5,40.2,51.1,26.3,0.000,0.000,0.00,0.000,5.0,7.9,1.1,108,8,5.3,8.5,1.1,109,8,5.0,7.9,1.1,108,8,0,30.16,,,,,42.6,43.6,46.1,,,
JORD,2015-11-25 17:50:00 EST,43.06980,-76.47006,402,43.1,44.2,40.6,51.0,26.2,0.000,0.000,0.00,0.000,4.3,5.6,0.5,115,8,4.6,6.3,0.7,116,8,4.3,5.6,0.5,115,8,0,30.16,,,,,42.6,43.6,46.0,,,
JORD,2015-11-25 17:55:00 EST,43.06980,-76.47006,402,42.9,43.8,40.2,51.7,26.3,0.000,0.000,0.00,0.000,4.4,6.6,0.8,110,8,4.8,7.4,0.9,112,8,4.4,6.6,0.8,110,8,0,30.16,,,,,42.6,43.6,46.0,,,
JORD,2015-11-25 18:00:00 EST,43.06980,-76.47006,402,42.4,43.8,39.0,52.5,26.2,0.000,0.000,0.00,0.000,5.4,7.7,0.9,113,7,5.7,8.1,0.9,115,7,5.4,7.7,0.9,113,7,0,30.16,,,,,42.6,43.6,46.0,,,
JORD,2015-11-25 18:05:00 EST,43.06980,-76.47006,402,42.7,43.7,39.8,52.4,26.4,0.000,0.000,0.00,0.000,4.7,6.9,0.7,118,8,5.0,6.7,0.6,119,7,4.7,6.9,0.7,118,8,0,30.16,,,,,42.5,43.7,46.1,,,
JORD,2015-11-25 18:10:00 EST,43.06980,-76.47006,402,42.5,43.9,38.5,52.2,26.3,0.000,0.000,0.00,0.000,6.5,10.8,1.3,122,10,6.8,11.0,1.4,122,9,6.5,10.8,1.3,122,10,0,30.15,,,,,42.5,43.7,46.0,,,
JORD,2015-11-25 18:15:00 EST,43.06980,-76.47006,402,43.0,44.1,38.9,51.6,26.4,0.000,0.000,0.00,0.000,6.7,10.6,1.7,124,12,7.0,11.6,1.7,123,10,6.7,10.6,1.7,124,12,0,30.15,,,,,42.4,43.7,46.0,,,
JORD,2015-11-25 18:20:00 EST,43.06980,-76.47006,402,42.9,44.0,39.1,51.7,26.3,0.000,0.000,0.00,0.000,6.3,12.9,2.1,124,13,6.7,13.0,2.2,125,11,6.3,12.9,2.1,124,13,0,30.15,,,,,42.4,43.7,46.0,,,
JORD,2015-11-25 18:25:00 EST,43.06980,-76.47006,402,43.6,44.5,39.3,50.3,26.3,0.000,0.000,0.00,0.000,7.5,12.4,2.1,125,13,7.9,12.8,2.2,126,12,7.5,12.4,2.1,125,13,0,30.15,,,,,42.4,43.7,46.0,,,
JORD,2015-11-25 18:30:00 EST,43.06980,-76.47006,402,43.9,44.6,39.8,49.8,26.3,0.000,0.000,0.00,0.000,7.1,10.6,1.4,123,12,7.3,11.4,1.5,124,11,7.1,10.6,1.4,123,12,0,30.15,,,,,42.4,43.7,46.0,,,
JORD,2015-11-25 18:35:00 EST,43.06980,-76.47006,402,43.5,44.6,40.1,50.0,26.1,0.000,0.000,0.00,0.000,5.7,10.1,1.4,125,12,6.1,11.2,1.4,125,12,5.7,10.1,1.4,125,12,0,30.14,,,,,42.4,43.7,46.0,,,
JORD,2015-11-25 18:40:00 EST,43.06980,-76.47006,402,43.7,44.6,40.2,50.1,26.2,0.000,0.000,0.00,0.000,5.9,8.7,1.3,127,11,6.2,9.2,1.5,127,10,5.9,8.7,1.3,127,11,0,30.15,,,,,42.4,43.7,46.0,,,
JORD,2015-11-25 18:45:00 EST,43.06980,-76.47006,402,44.2,44.8,40.0,49.2,26.3,0.000,0.000,0.00,0.000,7.3,11.3,1.6,125,14,7.6,11.6,1.7,124,12,7.3,11.3,1.6,125,14,0,30.15,,,,,42.3,43.7,46.0,,,
JORD,2015-11-25 18:50:00 EST,43.06980,-76.47006,402,44.0,44.8,40.3,49.1,26.1,0.000,0.000,0.00,0.000,6.4,9.4,1.1,129,13,6.7,10.3,1.2,129,12,6.4,9.4,1.1,129,13,0,30.15,,,,,42.3,43.7,46.0,,,
JORD,2015-11-25 18:55:00 EST,43.06980,-76.47006,402,44.1,44.8,40.1,49.3,26.3,0.000,0.000,0.00,0.000,6.9,11.7,1.5,126,10,7.2,12.5,1.6,126,9,6.9,11.7,1.5,126,10,0,30.15,,,,,42.3,43.7,46.0,,,
JORD,2015-11-25 19:00:00 EST,43.06980,-76.47006,402,44.4,44.9,40.7,48.8,26.3,0.000,0.000,0.00,0.000,6.4,12.8,1.9,122,11,6.9,13.4,2.1,123,10,6.4,12.8,1.9,122,11,0,30.15,,,,,42.3,43.7,46.0,,,
JORD,2015-11-25 19:05:00 EST,43.06980,-76.47006,402,44.1,44.8,40.4,49.4,26.3,0.000,0.000,0.00,0.000,6.3,9.5,1.1,122,11,6.6,9.2,1.2,123,11,6.3,9.5,1.1,122,11,0,30.14,,,,,42.2,43.7,46.0,,,
JORD,2015-11-25 19:10:00 EST,43.06980,-76.47006,402,43.9,44.7,40.9,49.9,26.4,0.000,0.000,0.00,0.000,5.2,11.0,1.1,119,11,5.5,11.0,1.3,119,12,5.2,11.0,1.1,119,11,0,30.14,,,,,42.2,43.7,46.0,,,
JORD,2015-11-25 19:15:00 EST,43.06980,-76.47006,402,44.1,44.8,41.0,49.7,26.5,0.000,0.000,0.00,0.000,5.4,8.4,1.2,125,13,5.8,8.7,1.3,125,11,5.4,8.4,1.2,125,13,0,30.15,,,,,42.1,43.8,46.0,,,
JORD,2015-11-25 19:20:00 EST,43.06980,-76.47006,402,44.2,45.0,40.6,49.3,26.4,0.000,0.000,0.00,0.000,6.4,9.6,1.5,131,14,6.7,11.2,1.6,131,13,6.4,9.6,1.5,131,14,0,30.15,,,,,42.1,43.8,46.0,,,
JORD,2015-11-25 19:25:00 EST,43.06980,-76.47006,402,43.9,45.0,41.0,49.9,26.4,0.000,0.000,0.00,0.000,5.2,8.0,1.1,125,11,5.4,8.7,1.2,126,9,5.2,8.0,1.1,125,11,0,30.15,,,,,42.1,43.8,46.0,,,
JORD,2015-11-25 19:30:00 EST,43.06980,-76.47006,402,44.1,45.2,40.5,50.4,26.9,0.000,0.000,0.00,0.000,6.3,10.0,1.3,135,16,6.6,10.5,1.4,133,15,6.3,10.0,1.3,135,16,0,30.15,,,,,42.1,43.8,46.0,,,
JORD,2015-11-25 19:35:00 EST,43.06980,-76.47006,402,44.7,45.5,41.6,50.2,27.2,0.000,0.000,0.00,0.000,5.6,9.1,1.3,132,15,5.9,9.4,1.4,132,13,5.6,9.1,1.3,132,15,0,30.15,,,,,42.1,43.8,46.0,,,
JORD,2015-11-25 19:40:00 EST,43.06980,-76.47006,402,44.4,45.3,42.5,50.4,27.1,0.000,0.000,0.00,0.000,3.8,11.8,1.9,133,19,4.2,14.1,2.0,133,20,3.8,11.8,1.9,133,19,0,30.15,,,,,42.1,43.8,46.0,,,
JORD,2015-11-25 19:45:00 EST,43.06980,-76.47006,402,44.7,45.7,41.0,50.4,27.4,0.000,0.000,0.00,0.000,6.7,11.2,2.3,137,12,7.2,11.9,2.4,137,12,6.7,11.2,2.3,137,12,0,30.15,,,,,42.1,43.8,46.0,,,
JORD,2015-11-25 19:50:00 EST,43.06980,-76.47006,402,44.9,45.7,42.3,50.4,27.6,0.000,0.000,0.00,0.000,4.9,7.2,1.2,146,20,5.3,8.5,1.3,149,19,4.9,7.2,1.2,146,20,0,30.15,,,,,42.0,43.8,46.0,,,
JORD,2015-11-25 19:55:00 EST,43.06980,-76.47006,402,44.5,45.7,42.1,51.1,27.5,0.000,0.000,0.00,0.000,4.6,8.4,1.4,139,15,5.0,8.5,1.5,137,14,4.6,8.4,1.4,139,15,0,30.15,,,,,42.0,43.8,46.0,,,
JORD,2015-11-25 20:00:00 EST,43.06980,-76.47006,402,45.0,45.9,41.7,50.6,27.8,0.000,0.000,0.00,0.000,5.9,11.3,1.8,146,11,6.3,11.9,1.7,145,11,5.9,11.3,1.8,146,11,0,30.16,,,,,42.0,43.8,46.0,,,
JORD,2015-11-25 20:05:00 EST,43.06980,-76.47006,402,45.2,46.0,41.5,50.3,27.8,0.000,0.000,0.00,0.000,6.8,10.3,1.6,147,17,7.4,12.1,1.9,146,16,6.8,10.3,1.6,147,17,0,30.15,,,,,42.0,43.8,46.0,,,
JORD,2015-11-25 20:10:00 EST,43.06980,-76.47006,402,45.4,46.1,41.0,49.9,27.8,0.000,0.000,0.00,0.000,8.4,13.4,1.9,144,18,9.1,14.8,2.1,146,17,8.4,13.4,1.9,144,18,0,30.15,,,,,41.9,43.9,46.0,,,
JORD,2015-11-25 20:15:00 EST,43.06980,-76.47006,402,45.4,46.0,42.5,49.3,27.5,0.000,0.000,0.00,0.000,5.6,11.2,1.9,157,16,6.3,13.0,2.3,158,16,5.6,11.2,1.9,157,16,0,30.15,,,,,41.9,43.8,46.0,,,
JORD,2015-11-25 20:20:00 EST,43.06980,-76.47006,402,45.5,46.1,41.3,49.6,27.7,0.000,0.000,0.00,0.000,7.9,12.2,2.0,154,16,8.5,13.6,2.2,154,15,7.9,12.2,2.0,154,16,0,30.15,,,,,41.9,43.9,46.0,,,
JORD,2015-11-25 20:25:00 EST,43.06980,-76.47006,402,45.8,46.3,41.9,48.7,27.6,0.000,0.000,0.00,0.000,7.5,11.5,1.9,154,15,8.1,11.9,1.9,154,14,7.5,11.5,1.9,154,15,0,30.16,,,,,41.9,43.9,46.0,,,
JORD,2015-11-25 20:30:00 EST,43.06980,-76.47006,402,45.6,46.2,41.5,49.2,27.6,0.000,0.000,0.00,0.000,7.8,15.3,2.9,155,16,8.3,15.4,3.0,154,13,7.8,15.3,2.9,155,16,0,30.16,,,,,41.8,43.9,46.0,,,
JORD,2015-11-25 20:35:00 EST,43.06980,-76.47006,402,45.8,46.3,42.1,48.6,27.5,0.000,0.000,0.00,0.000,7.1,12.5,2.1,161,15,7.9,15.0,2.2,161,14,7.1,12.5,2.1,161,15,0,30.16,,,,,41.9,43.9,46.0,,,
JORD,2015-11-25 20:40:00 EST,43.06980,-76.47006,402,45.7,46.3,42.4,48.7,27.5,0.000,0.000,0.00,0.000,6.3,11.2,1.9,149,14,6.9,12.3,2.2,149,13,6.3,11.2,1.9,149,14,0,30.16,,,,,41.8,43.9,46.0,,,
JORD,2015-11-25 20:45:00 EST,43.06980,-76.47006,402,45.9,46.3,42.3,48.3,27.5,0.000,0.000,0.00,0.000,7.1,15.1,3.0,152,18,7.6,14.8,3.0,152,19,7.1,15.1,3.0,152,18,0,30.15,,,,,41.8,43.9,46.0,,,
JORD,2015-11-25 20:50:00 EST,43.06980,-76.47006,402,45.8,46.3,41.3,48.4,27.4,0.000,0.000,0.00,0.000,8.7,14.5,2.0,151,14,9.3,15.0,2.0,152,14,8.7,14.5,2.0,151,14,0,30.15,,,,,41.7,43.9,46.0,,,
JORD,2015-11-25 20:55:00 EST,43.06980,-76.47006,402,45.6,46.1,41.7,49.0,27.6,0.000,0.000,0.00,0.000,7.5,12.9,1.7,155,13,8.3,14.1,1.8,157,14,7.5,12.9,1.7,155,13,0,30.16,,,,,41.7,43.9,46.0,,,
JORD,2015-11-25 21:00:00 EST,43.06980,-76.47006,402,45.7,46.2,40.8,49.3,27.8,0.000,0.000,0.00,0.000,9.9,16.3,2.2,155,14,10.5,17.9,2.4,154,13,9.9,16.3,2.2,155,14,0,30.16,,,,,41.7,43.9,46.0,,,
JORD,2015-11-25 21:05:00 EST,43.06980,-76.47006,402,45.8,46.1,41.8,48.9,27.6,0.000,0.000,0.00,0.000,7.5,15.3,2.9,155,17,8.3,15.9,3.0,155,17,7.5,15.3,2.9,155,17,0,30.15,,,,,41.7,43.9,46.0,,,
JORD,2015-11-25 21:10:00 EST,43.06980,-76.47006,402,45.5,46.0,42.1,49.4,27.6,0.000,0.000,0.00,0.000,6.3,13.9,2.5,154,16,6.7,13.9,2.4,154,15,6.3,13.9,2.5,154,16,0,30.16,,,,,41.7,43.9,46.0,,,
JORD,2015-11-25 21:15:00 EST,43.06980,-76.47006,402,45.6,46.0,41.5,49.3,27.7,0.000,0.000,0.00,0.000,7.8,14.2,2.2,158,14,8.4,14.3,2.4,159,13,7.8,14.2,2.2,158,14,0,30.16,,,,,41.7,43.9,46.0,,,
JORD,2015-11-25 21:20:00 EST,43.06980,-76.47006,402,45.5,46.0,41.2,49.2,27.6,0.000,0.000,0.00,0.000,8.2,15.7,3.2,154,21,9.0,16.3,3.4,155,21,8.2,15.7,3.2,154,21,0,30.16,,,,,41.7,43.9,46.0,,,
JORD,2015-11-25 21:25:00 EST,43.06980,-76.47006,402,45.6,46.0,41.3,49.0,27.5,0.000,0.000,0.00,0.000,8.3,13.5,2.7,157,14,8.9,15.9,2.9,159,14,8.3,13.5,2.7,157,14,0,30.16,,,,,41.7,43.9,46.0,,,
JORD,2015-11-25 21:30:00 EST,43.06980,-76.47006,402,45.4,45.8,42.6,49.5,27.6,0.000,0.000,0.00,0.000,5.3,11.6,2.2,167,18,6.0,13.4,2.5,167,15,5.3,11.6,2.2,167,18,0,30.16,,,,,41.7,43.9,46.0,,,
JORD,2015-11-25 21:35:00 EST,43.06980,-76.47006,402,45.4,45.7,42.7,49.9,27.8,0.000,0.000,0.00,0.000,5.3,9.6,1.8,164,19,5.8,11.4,1.9,166,18,5.3,9.6,1.8,164,19,0,30.16,,,,,41.7,43.9,46.0,,,
JORD,2015-11-25 21:40:00 EST,43.06980,-76.47006,402,45.3,45.8,42.4,49.8,27.7,0.000,0.000,0.00,0.000,5.6,10.9,1.8,165,18,6.1,11.9,2.0,167,18,5.6,10.9,1.8,165,18,0,30.16,,,,,41.7,43.9,46.0,,,
JORD,2015-11-25 21:45:00 EST,43.06980,-76.47006,402,44.8,45.5,42.4,51.0,27.7,0.000,0.000,0.00,0.000,4.5,7.5,1.7,153,18,4.9,8.3,1.8,154,19,4.5,7.5,1.7,153,18,0,30.16,,,,,41.7,43.9,46.0,,,
JORD,2015-11-25 21:50:00 EST,43.06980,-76.47006,402,45.2,45.8,41.4,50.6,27.9,0.000,0.000,0.00,0.000,7.1,13.7,2.7,149,22,7.7,15.7,2.8,151,20,7.1,13.7,2.7,149,22,0,30.16,,,,,41.7,43.9,46.0,,,
JORD,2015-11-25 21:55:00 EST,43.06980,-76.47006,402,45.1,45.6,42.2,50.3,27.7,0.000,0.000,0.00,0.000,5.3,8.8,1.4,144,18,5.7,10.1,1.5,144,20,5.3,8.8,1.4,144,18,0,30.16,,,,,41.7,43.9,46.0,,,
JORD,2015-11-25 22:00:00 EST,43.06980,-76.47006,402,44.7,45.4,42.1,51.2,27.8,0.000,0.000,0.00,0.000,4.9,10.4,1.7,160,18,5.5,11.0,2.0,159,17,4.9,10.4,1.7,160,18,0,30.16,,,,,41.7,43.9,46.0,,,
JORD,2015-11-25 22:05:00 EST,43.06980,-76.47006,402,44.8,45.5,41.4,51.5,28.0,0.000,0.000,0.00,0.000,6.1,10.4,2.2,157,14,6.6,10.5,2.3,155,14,6.1,10.4,2.2,157,14,0,30.16,,,,,41.6,43.9,46.0,,,
JORD,2015-11-25 22:10:00 EST,43.06980,-76.47006,402,45.0,45.5,41.5,51.4,28.2,0.000,0.000,0.00,0.000,6.4,12.1,2.0,159,20,7.0,13.6,2.2,161,20,6.4,12.1,2.0,159,20,0,30.16,,,,,41.6,43.9,46.0,,,
JORD,2015-11-25 22:15:00 EST,43.06980,-76.47006,402,44.8,45.3,41.8,51.6,28.0,0.000,0.000,0.00,0.000,5.5,11.5,1.9,154,15,6.1,13.4,2.0,155,17,5.5,11.5,1.9,154,15,0,30.16,,,,,41.6,43.9,46.0,,,
JORD,2015-11-25 22:20:00 EST,43.06980,-76.47006,402,44.9,45.3,40.4,51.5,28.1,0.000,0.000,0.00,0.000,8.2,15.9,2.5,153,13,8.8,15.9,2.7,153,13,8.2,15.9,2.5,153,13,0,30.15,,,,,41.6,43.9,46.0,,,
JORD,2015-11-25 22:25:00 EST,43.06980,-76.47006,402,45.0,45.4,41.0,51.0,28.0,0.000,0.000,0.00,0.000,7.4,13.4,2.2,160,16,8.1,14.5,2.6,161,17,7.4,13.4,2.2,160,16,0,30.15,,,,,41.5,43.9,46.0,,,
JORD,2015-11-25 22:30:00 EST,43.06980,-76.47006,402,45.0,45.4,40.6,51.0,28.0,0.000,0.000,0.00,0.000,8.2,13.7,2.2,156,16,8.9,13.9,2.2,157,16,8.2,13.7,2.2,156,16,0,30.15,,,,,41.5,43.9,46.0,,,
JORD,2015-11-25 22:35:00 EST,43.06980,-76.47006,402,45.0,45.4,40.0,50.9,27.9,0.000,0.000,0.00,0.000,9.5,15.4,2.2,153,19,10.0,15.9,2.4,152,19,9.5,15.4,2.2,153,19,0,30.15,,,,,41.6,43.8,46.0,,,
JORD,2015-11-25 22:40:00 EST,43.06980,-76.47006,402,45.1,45.4,40.0,50.9,28.0,0.000,0.000,0.00,0.000,9.8,17.7,3.1,153,14,10.5,17.9,3.2,155,14,9.8,17.7,3.1,153,14,0,30.15,,,,,41.5,43.9,46.0,,,
JORD,2015-11-25 22:45:00 EST,43.06980,-76.47006,402,45.0,45.4,40.1,51.2,28.0,0.000,0.000,0.00,0.000,9.3,17.2,2.3,150,14,9.8,17.0,2.3,150,14,9.3,17.2,2.3,150,14,0,30.14,,,,,41.5,43.9,46.0,,,
JORD,2015-11-25 22:50:00 EST,43.06980,-76.47006,402,44.6,45.2,39.8,51.8,28.0,0.000,0.000,0.00,0.000,8.9,18.5,3.6,147,14,9.5,19.2,3.6,147,12,8.9,18.5,3.6,147,14,0,30.14,,,,,41.5,43.9,46.0,,,
JORD,2015-11-25 22:55:00 EST,43.06980,-76.47006,402,44.9,45.3,39.5,51.5,28.1,0.000,0.000,0.00,0.000,10.4,15.0,2.3,153,14,11.0,16.6,2.3,153,14,10.4,15.0,2.3,153,14,0,30.14,,,,,41.5,43.9,46.0,,,
JORD,2015-11-25 23:00:00 EST,43.06980,-76.47006,402,45.0,45.3,39.5,51.6,28.2,0.000,0.000,0.00,0.000,10.7,21.9,3.8,155,16,11.4,21.9,4.1,156,16,10.7,21.9,3.8,155,16,0,30.13,,,,,41.5,43.9,46.0,,,
JORD,2015-11-25 23:05:00 EST,43.06980,-76.47006,402,45.1,45.4,39.9,51.3,28.2,0.000,0.000,0.00,0.000,10.1,16.8,2.5,152,15,10.7,17.7,2.7,152,15,10.1,16.8,2.5,152,15,0,30.13,,,,,41.5,43.9,46.0,,,
JORD,2015-11-25 23:10:00 EST,43.06980,-76.47006,402,44.9,45.3,41.7,51.8,28.3,0.000,0.000,0.00,0.000,5.9,14.1,2.6,155,19,6.3,14.3,2.7,155,19,5.9,14.1,2.6,155,19,0,30.14,,,,,41.5,43.8,46.0,,,
JORD,2015-11-25 23:15:00 EST,43.06980,-76.47006,402,44.9,45.4,40.7,51.6,28.2,0.000,0.000,0.00,0.000,7.8,12.7,2.9,156,18,8.7,15.4,3.3,158,18,7.8,12.7,2.9,156,18,0,30.14,,,,,41.5,43.9,46.0,,,
JORD,2015-11-25 23:20:00 EST,43.06980,-76.47006,402,45.2,45.5,41.4,51.5,28.4,0.000,0.000,0.00,0.000,6.9,14.2,2.8,165,17,7.6,15.0,3.0,167,17,6.9,14.2,2.8,165,17,0,30.14,,,,,41.5,43.9,46.0,,,
JORD,2015-11-25 23:25:00 EST,43.06980,-76.47006,402,45.1,45.4,40.3,51.4,28.3,0.000,0.000,0.00,0.000,9.2,16.4,2.7,159,21,10.1,19.2,2.8,161,19,9.2,16.4,2.7,159,21,0,30.14,,,,,41.5,43.9,46.0,,,
JORD,2015-11-25 23:30:00 EST,43.06980,-76.47006,402,45.4,45.6,40.4,51.0,28.3,0.000,0.000,0.00,0.000,9.8,16.4,3.0,165,16,10.5,20.6,3.3,167,13,9.8,16.4,3.0,165,16,0,30.14,,,,,41.5,43.9,46.0,,,
JORD,2015-11-25 23:35:00 EST,43.06980,-76.47006,402,45.1,45.4,40.6,51.4,28.2,0.000,0.000,0.00,0.000,8.4,15.9,3.1,150,17,9.0,16.8,3.1,149,17,8.4,15.9,3.1,150,17,0,30.14,,,,,41.5,43.8,46.0,,,
JORD,2015-11-25 23:40:00 EST,43.06980,-76.47006,402,45.1,45.5,39.9,52.0,28.5,0.000,0.000,0.00,0.000,10.1,19.3,3.2,162,20,11.0,20.4,3.4,162,19,10.1,19.3,3.2,162,20,0,30.13,,,,,41.5,43.9,46.0,,,
JORD,2015-11-25 23:45:00 EST,43.06980,-76.47006,402,45.1,45.5,40.9,52.0,28.5,0.000,0.000,0.00,0.000,7.8,17.7,2.6,166,17,8.4,19.2,2.8,167,15,7.8,17.7,2.6,166,17,0,30.13,,,,,41.5,43.9,46.0,,,
JORD,2015-11-25 23:50:00 EST,43.06980,-76.47006,402,44.9,45.4,41.1,52.7,28.7,0.000,0.000,0.00,0.000,6.9,12.2,2.2,158,21,7.7,13.4,2.2,160,20,6.9,12.2,2.2,158,21,0,30.13,,,,,41.5,43.9,46.0,,,
JORD,2015-11-25 23:55:00 EST,43.06980,-76.47006,402,45.3,45.6,40.6,52.2,28.8,0.000,0.000,0.00,0.000,8.9,21.2,3.7,166,22,9.8,24.2,4.0,167,21,8.9,21.2,3.7,166,22,0,30.13,,,,,41.5,43.9,46.0,,,
SCHU,2015-11-25 00:00:00 EST,43.11700,-73.57829,103,25.3,26.8,25.3,95.4,24.2,0.000,0.000,0.00,0.000,0.8,1.2,0.2,283,10,1.0,4.5,0.4,301,14,0.8,1.2,0.2,283,10,0,30.42,,0,0,0,35.0,39.1,44.3,0.14,0.14,0.07
SCHU,2015-11-25 00:05:00 EST,43.11700,-73.57829,103,25.2,26.7,25.2,95.0,24.0,0.000,0.000,0.00,0.000,0.5,1.2,0.4,333,5,1.2,1.8,0.3,348,11,0.5,1.2,0.4,333,5,0,30.42,,0,0,0,35.0,39.1,44.2,0.14,0.14,0.08
SCHU,2015-11-25 00:10:00 EST,43.11700,-73.57829,103,25.1,27.0,25.1,95.1,23.9,0.000,0.000,0.00,0.000,0.9,1.5,0.3,3,8,1.5,2.9,0.4,12,10,0.9,1.5,0.3,3,8,0,30.42,,0,0,0,35.0,39.1,44.2,0.14,0.15,0.08
SCHU,2015-11-25 00:15:00 EST,43.11700,-73.57829,103,24.7,27.0,24.7,95.1,23.5,0.000,0.000,0.00,0.000,0.1,0.5,0.1,12,0,0.9,1.3,0.2,21,10,0.1,0.5,0.1,12,0,0,30.42,,0,0,0,35.0,39.1,44.3,0.14,0.14,0.08
SCHU,2015-11-25 00:20:00 EST,43.11700,-73.57829,103,24.4,26.8,24.4,95.6,23.3,0.000,0.000,0.00,0.000,0.4,1.0,0.4,330,9,1.0,1.6,0.3,335,16,0.4,1.0,0.4,330,9,0,30.42,,0,0,0,35.0,39.1,44.3,0.14,0.14,0.08
SCHU,2015-11-25 00:25:00 EST,43.11700,-73.57829,103,24.6,26.4,24.6,95.7,23.5,0.000,0.000,0.00,0.000,0.9,1.5,0.2,327,16,1.3,2.0,0.2,340,23,0.9,1.5,0.2,327,16,0,30.42,,0,0,0,35.0,39.0,44.3,0.14,0.14,0.08
SCHU,2015-11-25 00:30:00 EST,43.11700,-73.57829,103,25.0,26.3,25.0,96.7,24.1,0.000,0.000,0.00,0.000,0.0,0.4,0.1,0,0,0.8,1.8,0.3,63,22,0.0,0.4,0.1,0,0,0,30.42,,0,0,0,35.0,39.0,44.2,0.15,0.14,0.08
SCHU,2015-11-25 00:35:00 EST,43.11700,-73.57829,103,24.4,26.0,24.4,96.5,23.5,0.000,0.000,0.00,0.000,0.0,0.0,0.0,0,0,0.4,0.9,0.2,112,41,0.0,0.0,0.0,0,0,0,30.43,,0,0,0,35.0,39.0,44.3,0.14,0.14,0.08
SCHU,2015-11-25 00:40:00 EST,43.11700,-73.57829,103,24.6,26.0,24.6,96.5,23.8,0.000,0.000,0.00,0.000,0.3,0.7,0.3,111,2,1.0,1.6,0.2,112,8,0.3,0.7,0.3,111,2,0,30.43,,0,0,0,35.0,39.0,44.2,0.15,0.14,0.08
SCHU,2015-11-25 00:45:00 EST,43.11700,-73.57829,103,24.3,26.1,24.3,96.7,23.5,0.000,0.000,0.00,0.000,1.2,2.8,0.8,237,47,1.4,3.1,0.7,227,51,1.2,2.8,0.8,237,47,0,30.42,,0,0,0,35.0,39.0,44.2,0.14,0.14,0.08
SCHU,2015-11-25 00:50:00 EST,43.11700,-73.57829,103,25.1,26.1,25.1,97.2,24.4,0.000,0.000,0.00,0.000,1.3,2.9,1.1,294,10,1.5,4.7,1.0,307,27,1.3,2.9,1.1,294,10,0,30.43,,0,0,0,35.0,39.0,44.2,0.14,0.15,0.08
SCHU,2015-11-25 00:55:00 EST,43.11700,-73.57829,103,24.9,26.2,24.9,96.4,24.0,0.000,0.000,0.00,0.000,0.1,0.9,0.2,329,0,0.7,1.8,0.4,19,58,0.1,0.9,0.2,329,0,0,30.43,,0,0,0,34.9,39.0,44.3,0.14,0.14,0.08
SCHU,2015-11-25 01:00:00 EST,43.11700,-73.57829,103,24.6,26.3,24.6,95.6,23.5,0.000,0.000,0.00,0.000,0.9,1.4,0.3,326,21,1.2,1.8,0.2,342,28,0.9,1.4,0.3,326,21,0,30.43,,0,0,0,34.9,39.0,44.1,0.15,0.14,0.08
SCHU,2015-11-25 01:05:00 EST,43.11700,-73.57829,103,25.0,26.5,25.0,96.3,24.1,0.000,0.000,0.00,0.000,0.4,1.2,0.3,44,17,1.1,1.8,0.3,46,16,0.4,1.2,0.3,44,17,0,30.43,,0,0,0,34.9,39.0,44.2,0.15,0.14,0.08
SCHU,2015-11-25 01:10:00 EST,43.11700,-73.57829,103,24.9,26.4,24.9,96.5,24.0,0.000,0.000,0.00,0.000,0.4,1.4,0.4,13,12,1.0,2.0,0.3,20,18,0.4,1.4,0.4,13,12,0,30.44,,0,0,0,34.9,39.0,44.2,0.14,0.14,0.08
SCHU,2015-11-25 01:15:00 EST,43.11700,-73.57829,103,25.1,26.3,25.1,96.7,24.3,0.000,0.000,0.00,0.000,1.0,1.6,0.3,305,37,1.4,3.4,0.4,316,41,1.0,1.6,0.3,305,37,0,30.44,,0,0,0,34.9,39.0,44.2,0.15,0.14,0.08
SCHU,2015-11-25 01:20:00 EST,43.11700,-73.57829,103,25.0,26.1,25.0,96.6,24.1,0.000,0.000,0.00,0.000,1.0,1.5,0.3,298,15,1.1,1.6,0.3,301,17,1.0,1.5,0.3,298,15,0,30.44,,0,0,0,34.9,39.0,44.1,0.14,0.14,0.07
SCHU,2015-11-25 01:25:00 EST,43.11700,-73.57829,103,25.0,26.0,25.0,96.3,24.1,0.000,0.000,0.00,0.000,1.4,2.0,0.4,281,6,1.5,2.5,0.4,283,9,1.4,2.0,0.4,281,6,0,30.44,,0,0,0,34.9,39.0,44.1,0.15,0.14,0.09
SCHU,2015-11-25 01:30:00 EST,43.11700,-73.57829,103,24.9,26.0,24.9,96.1,24.0,0.000,0.000,0.00,0.000,1.4,2.0,0.3,310,28,1.7,4.9,0.5,317,31,1.4,2.0,0.3,310,28,0,30.44,,0,0,0,34.9,39.0,44.1,0.14,0.14,0.08
SCHU,2015-11-25 01:35:00 EST,43.11700,-73.57829,103,25.2,26.4,25.2,96.6,24.4,0.000,0.000,0.00,0.000,1.4,3.3,0.8,349,12,2.0,4.5,0.9,355,15,1.4,3.3,0.8,349,12,0,30.44,,0,0,0,34.9,39.0,44.1,0.15,0.14,0.08
SCHU,2015-11-25 01:40:00 EST,43.11700,-73.57829,103,24.9,26.2,24.9,96.2,24.0,0.000,0.000,0.00,0.000,1.2,3.1,0.8,322,21,1.6,4.3,0.7,330,22,1.2,3.1,0.8,322,21,0,30.45,,0,0,0,34.9,39.0,44.2,0.15,0.14,0.08
SCHU,2015-11-25 01:45:00 EST,43.11700,-73.57829,103,24.7,25.9,24.7,96.0,23.7,0.000,0.000,0.00,0.000,0.3,1.0,0.4,267,13,0.7,1.3,0.3,275,30,0.3,1.0,0.4,267,13,0,30.45,,0,0,0,34.9,39.0,44.1,0.15,0.14,0.08
SCHU,2015-11-25 01:50:00 EST,43.11700,-73.57829,103,24.9,26.1,24.9,96.4,24.0,0.000,0.000,0.00,0.000,0.8,1.4,0.3,358,27,1.3,2.2,0.4,6,29,0.8,1.4,0.3,358,27,0,30.45,,0,0,0,34.9,39.0,44.1,0.15,0.14,0.08
SCHU,2015-11-25 01:55:00 EST,43.11700,-73.57829,103,24.9,26.1,24.9,96.5,24.0,0.000,0.000,0.00,0.000,0.2,1.2,0.4,27,6,0.7,2.0,0.4,36,30,0.2,1.2,0.4,27,6,0,30.46,,0,0,0,34.9,39.0,44.1,0.15,0.14,0.08
SCHU,2015-11-25 02:00:00 EST,43.11700,-73.57829,103,24.0,26.1,24.0,95.8,23.0,0.000,0.000,0.00,0.000,0.1,0.7,0.2,4,0,0.7,1.1,0.3,25,32,0.1,0.7,0.2,4,0,0,30.46,,0,0,0,34.9,39.0,44.1,0.15,0.14,0.08
SCHU,2015-11-25 02:05:00 EST,43.11700,-73.57829,103,24.3,25.8,24.3,96.1,23.3,0.000,0.000,0.00,0.000,0.7,1.3,0.5,121,4,1.2,2.0,0.5,119,19,0.7,1.3,0.5,121,4,0,30.46,,0,0,0,34.9,38.9,44.1,0.15,0.14,0.08
SCHU,2015-11-25 02:10:00 EST,43.11700,-73.57829,103,24.6,25.5,24.6,97.2,23.9,0.000,0.000,0.00,0.000,0.2,0.7,0.2,132,0,0.8,1.1,0.2,145,17,0.2,0.7,0.2,132,0,0,30.46,,0,0,0,34.9,39.0,44.0,0.15,0.14,0.08
SCHU,2015-11-25 02:15:00 EST,43.11700,-73.57829,103,24.9,25.7,24.9,97.5,24.3,0.000,0.000,0.00,0.000,1.0,1.2,0.3,167,12,1.3,2.5,0.2,158,16,1.0,1.2,0.3,167,12,0,30.46,,0,0,0,34.9,39.0,44.1,0.15,0.14,0.08
SCHU,2015-11-25 02:20:00 EST,43.11700,-73.57829,103,24.5,25.7,24.5,96.6,23.7,0.000,0.000,0.00,0.000,0.4,0.9,0.3,219,44,0.9,1.6,0.2,218,50,0.4,0.9,0.3,219,44,0,30.47,,0,0,0,34.9,38.9,44.1,0.15,0.14,0.08
SCHU,2015-11-25 02:25:00 EST,43.11700,-73.57829,103,24.8,25.7,24.8,96.8,24.0,0.000,0.000,0.00,0.000,0.2,0.7,0.2,250,3,0.6,1.1,0.2,231,15,0.2,0.7,0.2,250,3,0,30.47,,0,0,0,34.9,38.9,44.1,0.14,0.14,0.08
SCHU,2015-11-25 02:30:00 EST,43.11700,-73.57829,103,24.3,25.3,24.3,96.5,23.5,0.000,0.000,0.00,0.000,0.2,1.2,0.4,104,21,0.8,2.2,0.4,136,42,0.2,1.2,0.4,104,21,0,30.47,,0,0,0,34.9,39.0,44.0,0.15,0.14,0.08
SCHU,2015-11-25 02:35:00 EST,43.11700,-73.57829,103,24.3,25.8,24.3,96.3,23.4,0.000,0.000,0.00,0.000,0.1,0.7,0.2,97,3,0.8,1.3,0.3,68,23,0.1,0.7,0.2,97,3,0,30.47,,0,0,0,34.9,38.9,44.0,0.14,0.14,0.08
SCHU,2015-11-25 02:40:00 EST,43.11700,-73.57829,103,24.1,25.7,24.1,96.3,23.2,0.000,0.000,0.00,0.000,0.0,0.0,0.0,0,0,0.7,2.2,0.3,18,25,0.0,0.0,0.0,0,0,0,30.48,,0,0,0,34.8,38.9,44.0,0.15,0.14,0.08
SCHU,2015-11-25 02:45:00 EST,43.11700,-73.57829,103,24.3,25.8,24.3,96.7,23.5,0.000,0.000,0.00,0.000,0.0,0.0,0.0,0,0,0.8,1.3,0.2,51,27,0.0,0.0,0.0,0,0,0,30.48,,0,0,0,34.9,38.9,44.0,0.14,0.14,0.08
SCHU,2015-11-25 02:50:00 EST,43.11700,-73.57829,103,23.6,25.4,23.6,96.5,22.7,0.000,0.000,0.00,0.000,0.0,0.0,0.0,0,0,0.6,1.8,0.3,88,51,0.0,0.0,0.0,0,0,0,30.48,,0,0,0,34.8,38.9,44.0,0.14,0.14,0.08
SCHU,2015-11-25 02:55:00 EST,43.11700,-73.57829,103,24.2,25.3,24.2,97.2,23.5,0.000,0.000,0.00,0.000,0.5,1.1,0.3,190,30,0.9,1.6,0.2,182,14,0.5,1.1,0.3,190,30,0,30.48,,0,0,0,34.8,38.9,44.0,0.15,0.14,0.08
SCHU,2015-11-25 03:00:00 EST,43.11700,-73.57829,103,24.5,25.3,24.5,97.4,23.8,0.000,0.000,0.00,0.000,0.3,0.7,0.3,169,11,0.8,1.3,0.2,154,25,0.3,0.7,0.3,169,11,0,30.48,,0,0,0,34.8,38.9,44.0,0.15,0.14,0.08
SCHU,2015-11-25 03:05:00 EST,43.11700,-73.57829,103,24.2,25.2,24.2,97.2,23.6,0.000,0.000,0.00,0.000,0.2,0.7,0.2,141,0,0.8,1.3,0.2,121,14,0.2,0.7,0.2,141,0,0,30.48,,0,0,0,34.9,38.9,44.0,0.15,0.14,0.08
SCHU,2015-11-25 03:10:00 EST,43.11700,-73.57829,103,23.9,25.4,23.9,96.9,23.2,0.000,0.000,0.00,0.000,0.2,1.3,0.4,157,36,0.8,2.5,0.4,10,67,0.2,1.3,0.4,157,36,0,30.48,,0,0,0,34.8,38.9,44.0,0.15,0.14,0.08
SCHU,2015-11-25 03:15:00 EST,43.11700,-73.57829,103,24.4,25.4,24.4,97.1,23.7,0.000,0.000,0.00,0.000,0.8,1.5,0.4,291,6,1.1,1.8,0.3,298,15,0.8,1.5,0.4,291,6,0,30.49,,0,0,0,34.8,38.9,44.1,0.14,0.14,0.08
SCHU,2015-11-25 03:20:00 EST,43.11700,-73.57829,103,24.2,25.3,24.2,96.9,23.4,0.000,0.000,0.00,0.000,0.8,1.6,0.3,320,14,1.0,1.8,0.3,329,17,0.8,1.6,0.3,320,14,0,30.49,,0,0,0,34.8,38.9,44.0,0.14,0.14,0.09
SCHU,2015-11-25 03:25:00 EST,43.11700,-73.57829,103,24.4,25.5,24.4,96.9,23.7,0.000,0.000,0.00,0.000,0.5,1.0,0.3,318,10,0.8,1.6,0.3,317,27,0.5,1.0,0.3,318,10,0,30.49,,0,0,0,34.8,38.9,44.0,0.14,0.14,0.08
SCHU,2015-11-25 03:30:00 EST,43.11700,-73.57829,103,24.5,25.5,24.5,96.9,23.7,0.000,0.000,0.00,0.000,0.1,0.7,0.2,358,2,0.7,3.1,0.5,12,37,0.1,0.7,0.2,358,2,0,30.50,,0,0,0,34.7,38.9,44.0,0.14,0.14,0.08
SCHU,2015-11-25 03:35:00 EST,43.11700,-73.57829,103,25.2,25.9,25.2,97.2,24.5,0.000,0.000,0.00,0.000,0.3,0.9,0.3,86,25,1.0,2.0,0.4,91,37,0.3,0.9,0.3,86,25,0,30.50,,0,0,0,34.8,38.9,43.9,0.15,0.14,0.08
SCHU,2015-11-25 03:40:00 EST,43.11700,-73.57829,103,25.2,26.2,25.2,96.6,24.3,0.000,0.000,0.00,0.000,0.1,0.8,0.3,178,1,0.7,1.3,0.3,154,37,0.1,0.8,0.3,178,1,0,30.50,,0,0,0,34.8,38.9,44.0,0.15,0.14,0.08
SCHU,2015-11-25 03:45:00 EST,43.11700,-73.57829,103,25.7,26.2,25.7,96.2,24.8,0.000,0.000,0.00,0.000,0.0,0.3,0.0,179,0,0.4,1.3,0.2,288,69,0.0,0.3,0.0,179,0,0,30.50,,0,0,0,34.8,38.9,44.0,0.14,0.14,0.08
SCHU,2015-11-25 03:50:00 EST,43.11700,-73.57829,103,25.8,26.2,25.8,96.1,24.8,0.000,0.000,0.00,0.000,0.0,0.0,0.0,0,0,0.3,0.9,0.2,246,56,0.0,0.0,0.0,0,0,0,30.50,,0,0,0,34.7,38.9,43.9,0.14,0.14,0.07
SCHU,2015-11-25 03:55:00 EST,43.11700,-73.57829,103,26.0,26.3,26.0,95.9,25.0,0.000,0.000,0.00,0.000,0.7,1.8,0.6,302,15,1.0,2.0,0.4,308,20,0.7,1.8,0.6,302,15,0,30.51,,0,0,0,34.7,38.9,43.9,0.14,0.14,0.08
SCHU,2015-11-25 04:00:00 EST,43.11700,-73.57829,103,26.2,26.5,26.2,95.8,25.1,0.000,0.000,0.00,0.000,1.0,1.9,0.6,92,10,1.8,2.9,0.7,88,20,1.0,1.9,0.6,92,10,0,30.51,,0,0,0,34.7,38.8,44.0,0.14,0.14,0.08
SCHU,2015-11-25 04:05:00 EST,43.11700,-73.57829,103,26.5,26.6,26.5,93.5,24.8,0.000,0.000,0.00,0.000,1.7,3.1,0.6,1,15,2.3,4.3,0.7,8,13,1.7,3.1,0.6,1,15,0,30.51,,0,0,0,34.7,38.9,43.9,0.14,0.14,0.09
SCHU,2015-11-25 04:10:00 EST,43.11700,-73.57829,103,26.7,26.8,26.7,91.6,24.6,0.000,0.000,0.00,0.000,1.6,3.7,1.0,346,32,2.0,4.7,1.2,354,35,1.6,3.7,1.0,346,32,0,30.51,,0,0,0,34.7,38.9,43.9,0.14,0.14,0.08
SCHU,2015-11-25 04:15:00 EST,43.11700,-73.57829,103,27.0,27.0,27.0,92.5,25.1,0.000,0.000,0.00,0.000,1.3,2.6,0.6,25,23,1.8,3.6,0.7,31,23,1.3,2.6,0.6,25,23,0,30.51,,0,0,0,34.7,38.8,43.9,0.14,0.14,0.09
SCHU,2015-11-25 04:20:00 EST,43.11700,-73.57829,103,27.1,27.2,27.1,92.5,25.2,0.000,0.000,0.00,0.000,1.1,2.4,0.6,16,19,1.6,3.4,0.6,20,24,1.1,2.4,0.6,16,19,0,30.52,,0,0,0,34.7,38.9,43.9,0.14,0.14,0.08
SCHU,2015-11-25 04:25:00 EST,43.11700,-73.57829,103,27.2,27.3,27.2,91.0,24.9,0.000,0.000,0.00,0.000,0.7,1.3,0.4,25,22,1.2,2.0,0.4,28,26,0.7,1.3,0.4,25,22,0,30.52,,0,0,0,34.7,38.9,43.9,0.14,0.14,0.08
SCHU,2015-11-25 04:30:00 EST,43.11700,-73.57829,103,27.3,27.4,27.3,90.4,24.8,0.000,0.000,0.00,0.000,1.0,1.9,0.5,328,13,1.3,2.0,0.4,339,22,1.0,1.9,0.5,328,13,0,30.52,,0,0,0,34.6,38.9,43.9,0.14,0.14,0.08
SCHU,2015-11-25 04:35:00 EST,43.11700,-73.57829,103,27.4,27.6,27.4,89.9,24.9,0.000,0.000,0.00,0.000,0.1,0.8,0.2,25,1,0.8,1.6,0.3,46,28,0.1,0.8,0.2,25,1,0,30.52,,0,0,0,34.7,38.8,43.9,0.14,0.14,0.09
SCHU,2015-11-25 04:40:00 EST,43.11700,-73.57829,103,27.4,27.6,27.4,89.1,24.6,0.000,0.000,0.00,0.000,0.5,1.5,0.5,98,3,1.2,2.2,0.5,92,21,0.5,1.5,0.5,98,3,0,30.53,,0,0,0,34.7,38.8,43.9,0.14,0.14,0.08
SCHU,2015-11-25 04:45:00 EST,43.11700,-73.57829,103,27.3,27.5,27.3,89.6,24.6,0.000,0.000,0.00,0.000,0.1,0.6,0.1,86,1,0.8,1.6,0.4,74,40,0.1,0.6,0.1,86,1,0,30.53,,0,0,0,34.7,38.8,43.9,0.14,0.14,0.09
SCHU,2015-11-25 04:50:00 EST,43.11700,-73.57829,103,27.4,27.7,27.4,89.0,24.6,0.000,0.000,0.00,0.000,1.3,2.3,0.6,65,13,1.9,3.1,0.6,65,13,1.3,2.3,0.6,65,13,0,30.53,,0,0,0,34.6,38.8,43.9,0.14,0.14,0.09
SCHU,2015-11-25 04:55:00 EST,43.11700,-73.57829,103,27.5,27.8,27.5,87.7,24.3,0.000,0.000,0.00,0.000,1.2,1.7,0.2,64,19,1.8,5.8,0.6,61,21,1.2,1.7,0.2,64,19,0,30.53,,0,0,0,34.6,38.8,43.9,0.14,0.14,0.08
SCHU,2015-11-25 05:00:00 EST,43.11700,-73.57829,103,27.6,27.7,27.6,88.7,24.7,0.000,0.000,0.00,0.000,0.7,1.7,0.5,2,10,1.4,3.1,0.6,20,34,0.7,1.7,0.5,2,10,0,30.54,,0,0,0,34.7,38.8,43.8,0.14,0.14,0.08
SCHU,2015-11-25 05:05:00 EST,43.11700,-73.57829,103,27.5,27.6,27.5,88.7,24.6,0.000,0.000,0.00,0.000,1.5,2.4,0.7,148,7,1.9,2.9,0.6,138,7,1.5,2.4,0.7,148,7,0,30.54,,0,0,0,34.7,38.8,43.9,0.14,0.14,0.08
SCHU,2015-11-25 05:10:00 EST,43.11700,-73.57829,103,27.3,27.5,27.3,89.6,24.6,0.000,0.000,0.00,0.000,1.7,2.2,0.2,127,7,2.1,2.7,0.3,124,7,1.7,2.2,0.2,127,7,0,30.54,,0,0,0,34.6,38.8,43.9,0.14,0.14,0.09
SCHU,2015-11-25 05:15:00 EST,43.11700,-73.57829,103,27.3,27.5,27.3,89.0,24.5,0.000,0.000,0.00,0.000,1.2,1.9,0.5,131,12,1.5,2.5,0.5,127,12,1.2,1.9,0.5,131,12,0,30.54,,0,0,0,34.6,38.8,43.9,0.14,0.14,0.09
SCHU,2015-11-25 05:20:00 EST,43.11700,-73.57829,103,27.4,27.7,27.4,88.9,24.6,0.000,0.000,0.00,0.000,0.0,0.0,0.0,0,0,0.7,1.3,0.3,83,35,0.0,0.0,0.0,0,0,0,30.54,,0,0,0,34.6,38.7,43.9,0.14,0.14,0.08
SCHU,2015-11-25 05:25:00 EST,43.11700,-73.57829,103,27.5,27.7,27.5,88.4,24.5,0.000,0.000,0.00,0.000,0.1,0.5,0.2,92,14,0.6,2.0,0.3,239,44,0.1,0.5,0.2,92,14,0,30.54,,0,0,0,34.6,38.8,43.9,0.14,0.14,0.08
SCHU,2015-11-25 05:30:00 EST,43.11700,-73.57829,103,27.4,27.8,27.4,87.6,24.2,0.000,0.000,0.00,0.000,0.2,0.9,0.3,187,0,0.8,1.3,0.3,151,24,0.2,0.9,0.3,187,0,0,30.54,,0,0,0,34.6,38.8,43.8,0.14,0.14,0.08
SCHU,2015-11-25 05:35:00 EST,43.11700,-73.57829,103,26.9,27.9,26.9,88.3,23.9,0.000,0.000,0.00,0.000,0.3,1.0,0.4,238,23,0.9,3.4,0.4,232,38,0.3,1.0,0.4,238,23,0,30.54,,0,0,0,34.5,38.8,43.9,0.14,0.14,0.09
SCHU,2015-11-25 05:40:00 EST,43.11700,-73.57829,103,27.2,27.8,27.2,89.8,24.6,0.000,0.000,0.00,0.000,1.0,1.2,0.1,250,13,1.1,1.6,0.2,242,20,1.0,1.2,0.1,250,13,0,30.54,,0,0,0,34.5,38.8,43.8,0.14,0.14,0.08
SCHU,2015-11-25 05:45:00 EST,43.11700,-73.57829,103,27.0,27.8,27.0,89.6,24.4,0.000,0.000,0.00,0.000,0.4,1.0,0.3,246,15,0.8,1.3,0.2,262,28,0.4,1.0,0.3,246,15,0,30.55,,0,0,0,34.6,38.7,43.9,0.14,0.14,0.07
SCHU,2015-11-25 05:50:00 EST,43.11700,-73.57829,103,26.9,27.7,26.9,90.4,24.5,0.000,0.000,0.00,0.000,0.3,1.2,0.4,281,0,0.7,1.3,0.3,259,31,0.3,1.2,0.4,281,0,0,30.55,,0,0,0,34.5,38.7,43.8,0.14,0.14,0.07
SCHU,2015-11-25 05:55:00 EST,43.11700,-73.57829,103,26.4,27.6,26.4,90.9,24.1,0.000,0.000,0.00,0.000,0.2,0.7,0.3,245,2,0.6,1.1,0.2,212,19,0.2,0.7,0.3,245,2,0,30.55,,0,0,0,34.6,38.7,43.8,0.14,0.14,0.08
SCHU,2015-11-25 06:00:00 EST,43.11700,-73.57829,103,26.7,27.4,26.7,92.0,24.6,0.000,0.000,0.00,0.000,0.0,0.0,0.0,0,0,0.3,1.1,0.2,181,47,0.0,0.0,0.0,0,0,0,30.56,,0,0,0,34.5,38.7,43.9,0.14,0.14,0.09
SCHU,2015-11-25 06:05:00 EST,43.11700,-73.57829,103,26.2,27.2,26.2,91.8,24.1,0.000,0.000,0.00,0.000,0.7,1.2,0.4,166,5,1.2,1.8,0.3,148,8,0.7,1.2,0.4,166,5,0,30.56,,0,0,0,34.5,38.7,43.8,0.14,0.14,0.08
SCHU,2015-11-25 06:10:00 EST,43.11700,-73.57829,103,25.8,27.2,25.8,92.3,23.8,0.000,0.000,0.00,0.000,0.2,0.7,0.3,148,1,0.7,1.1,0.3,126,25,0.2,0.7,0.3,148,1,0,30.56,,0,0,0,34.5,38.7,43.8,0.14,0.14,0.08
SCHU,2015-11-25 06:15:00 EST,43.11700,-73.57829,103,26.2,27.1,26.2,94.0,24.7,0.000,0.000,0.00,0.000,0.3,0.9,0.3,150,1,0.9,1.3,0.3,154,18,0.3,0.9,0.3,150,1,0,30.56,,0,0,0,34.5,38.7,43.8,0.14,0.14,0.08
SCHU,2015-11-25 06:20:00 EST,43.11700,-73.57829,103,25.8,27.0,25.8,93.5,24.1,0.000,0.000,0.00,0.000,0.8,1.2,0.2,147,10,1.2,1.6,0.2,137,10,0.8,1.2,0.2,147,10,0,30.57,,0,0,0,34.6,38.7,43.8,0.14,0.14,0.09
SCHU,2015-11-25 06:25:00 EST,43.11700,-73.57829,103,25.7,26.9,25.7,94.1,24.3,0.000,0.000,0.00,0.000,0.5,1.0,0.3,171,6,1.0,1.6,0.2,163,18,0.5,1.0,0.3,171,6,0,30.57,,0,0,0,34.5,38.7,43.8,0.14,0.14,0.08
SCHU,2015-11-25 06:30:00 EST,43.11700,-73.57829,103,25.3,26.8,25.3,94.2,23.8,0.000,0.000,0.00,0.000,0.5,1.0,0.3,157,0,1.0,1.6,0.2,144,9,0.5,1.0,0.3,157,0,0,30.57,,0,0,0,34.5,38.7,43.9,0.14,0.14,0.07
SCHU,2015-11-25 06:35:00 EST,43.11700,-73.57829,103,25.2,26.8,25.2,94.7,23.9,0.000,0.000,0.00,0.000,0.3,0.7,0.2,161,3,0.8,1.3,0.2,158,20,0.3,0.7,0.2,161,3,0,30.57,,0,0,0,34.5,38.7,43.8,0.14,0.14,0.08
SCHU,2015-11-25 06:40:00 EST,43.11700,-73.57829,103,25.4,26.6,25.4,95.1,24.2,0.000,0.000,0.00,0.000,0.0,0.0,0.0,0,0,0.4,1.8,0.2,219,46,0.0,0.0,0.0,0,0,0,30.57,,0,0,0,34.5,38.7,43.8,0.14,0.14,0.08
SCHU,2015-11-25 06:45:00 EST,43.11700,-73.57829,103,25.7,26.6,25.7,95.5,24.5,0.000,0.000,0.00,0.000,0.0,0.7,0.1,246,1,0.6,3.6,0.4,259,38,0.0,0.7,0.1,246,1,1,30.58,,0,0,0,34.5,38.7,43.8,0.14,0.14,0.08
SCHU,2015-11-25 06:50:00 EST,43.11700,-73.57829,103,25.4,26.5,25.4,94.4,24.0,0.000,0.000,0.00,0.000,0.9,1.0,0.1,251,8,1.0,1.3,0.1,247,16,0.9,1.0,0.1,251,8,1,30.58,,0,0,0,34.5,38.7,43.8,0.14,0.14,0.08
SCHU,2015-11-25 06:55:00 EST,43.11700,-73.57829,103,25.6,26.5,25.6,94.6,24.2,0.000,0.000,0.00,0.000,1.1,1.4,0.1,213,7,1.3,1.8,0.2,202,8,1.1,1.4,0.1,213,7,2,30.58,,0,0,0,34.4,38.7,43.8,0.14,0.14,0.08
SCHU,2015-11-25 07:00:00 EST,43.11700,-73.57829,103,25.7,26.6,25.7,94.0,24.3,0.000,0.000,0.00,0.000,0.9,1.2,0.1,202,6,1.1,1.6,0.2,188,10,0.9,1.2,0.1,202,6,4,30.58,,0,0,0,34.4,38.7,43.8,0.14,0.14,0.09
SCHU,2015-11-25 07:05:00 EST,43.11700,-73.57829,103,26.0,26.7,26.0,94.4,24.6,0.000,0.000,0.00,0.000,1.1,1.4,0.2,148,8,1.5,2.2,0.2,137,8,1.1,1.4,0.2,148,8,7,30.58,,0,0,0,34.5,38.7,43.8,0.14,0.14,0.08
SCHU,2015-11-25 07:10:00 EST,43.11700,-73.57829,103,25.5,26.8,25.5,94.3,24.1,0.000,0.000,0.00,0.000,0.9,2.1,0.5,172,12,1.3,2.5,0.5,163,14,0.9,2.1,0.5,172,12,10,30.59,,0,0,0,34.5,38.7,43.8,0.14,0.14,0.08
SCHU,2015-11-25 07:15:00 EST,43.11700,-73.57829,103,25.9,26.9,25.9,94.8,24.6,0.000,0.000,0.00,0.000,2.5,3.4,0.4,167,7,2.8,4.0,0.6,158,9,2.5,3.4,0.4,167,7,16,30.59,,0,0,0,34.5,38.7,43.8,0.14,0.14,0.08
SCHU,2015-11-25 07:20:00 EST,43.11700,-73.57829,103,26.5,26.9,26.5,94.5,25.1,0.000,0.000,0.00,0.000,2.6,3.5,0.4,165,8,3.1,4.7,0.5,157,9,2.6,3.5,0.4,165,8,23,30.59,,0,0,0,34.4,38.7,43.8,0.14,0.14,0.08
SCHU,2015-11-25 07:25:00 EST,43.11700,-73.57829,103,26.2,26.9,26.2,93.4,24.6,0.000,0.000,0.00,0.000,1.7,2.8,0.5,170,13,2.2,3.6,0.5,162,15,1.7,2.8,0.5,170,13,27,30.59,,0,0,0,34.4,38.6,43.8,0.14,0.14,0.08
SCHU,2015-11-25 07:30:00 EST,43.11700,-73.57829,103,26.5,26.9,26.5,93.9,25.0,0.000,0.000,0.00,0.000,2.1,3.4,0.5,151,11,2.5,5.1,0.6,143,12,2.1,3.4,0.5,151,11,30,30.59,,0,0,0,34.5,38.6,43.8,0.14,0.14,0.08
SCHU,2015-11-25 07:35:00 EST,43.11700,-73.57829,103,26.5,26.8,26.5,93.4,24.9,0.000,0.000,0.00,0.000,1.9,3.7,1.0,153,11,2.2,4.3,1.0,144,11,1.9,3.7,1.0,153,11,33,30.60,,0,0,0,34.5,38.7,43.8,0.14,0.14,0.09
SCHU,2015-11-25 07:40:00 EST,43.11700,-73.57829,103,26.4,26.7,26.4,92.8,24.6,0.000,0.000,0.00,0.000,0.8,2.3,0.7,157,13,1.3,2.7,0.6,151,20,0.8,2.3,0.7,157,13,36,30.60,,0,0,0,34.4,38.7,43.8,0.14,0.14,0.07
SCHU,2015-11-25 07:45:00 EST,43.11700,-73.57829,103,26.6,26.8,26.6,93.4,24.9,0.000,0.000,0.00,0.000,0.9,1.5,0.4,156,9,1.4,2.5,0.4,151,16,0.9,1.5,0.4,156,9,52,30.60,,0,0,0,34.4,38.6,43.8,0.14,0.14,0.08
SCHU,2015-11-25 07:50:00 EST,43.11700,-73.57829,103,26.7,26.9,26.7,92.9,24.9,0.000,0.000,0.00,0.000,0.6,1.4,0.5,204,13,0.9,1.8,0.4,200,34,0.6,1.4,0.5,204,13,58,30.61,,0,0,0,34.4,38.6,43.8,0.14,0.14,0.09
SCHU,2015-11-25 07:55:00 EST,43.11700,-73.57829,103,27.0,27.1,27.0,92.9,25.2,0.000,0.000,0.00,0.000,0.6,1.3,0.5,261,3,0.9,1.8,0.4,259,20,0.6,1.3,0.5,261,3,80,30.61,,0,0,0,34.4,38.6,43.8,0.14,0.14,0.08
SCHU,2015-11-25 08:00:00 EST,43.11700,-73.57829,103,27.1,27.1,27.1,92.1,25.1,0.000,0.000,0.00,0.000,0.1,0.7,0.2,252,0,0.6,1.1,0.2,234,25,0.1,0.7,0.2,252,0,100,30.62,,0,0,0,34.4,38.6,43.8,0.14,0.14,0.08
SCHU,2015-11-25 08:05:00 EST,43.11700,-73.57829,103,27.2,27.2,27.2,90.6,24.8,0.000,0.000,0.00,0.000,0.4,1.1,0.3,258,8,0.7,1.3,0.3,261,21,0.4,1.1,0.3,258,8,110,30.62,,0,0,0,34.4,38.6,43.8,0.14,0.14,0.08
SCHU,2015-11-25 08:10:00 EST,43.11700,-73.57829,103,27.3,27.3,27.3,89.6,24.7,0.000,0.000,0.00,0.000,0.1,0.6,0.2,210,0,0.6,4.0,0.4,186,35,0.1,0.6,0.2,210,0,130,30.62,,0,0,0,34.4,38.6,43.8,0.14,0.14,0.08
SCHU,2015-11-25 08:15:00 EST,43.11700,-73.57829,103,27.5,27.6,27.5,88.9,24.7,0.000,0.000,0.00,0.000,0.5,0.9,0.3,217,11,0.8,1.3,0.2,206,20,0.5,0.9,0.3,217,11,146,30.62,,0,0,0,34.4,38.6,43.8,0.14,0.14,0.08
SCHU,2015-11-25 08:20:00 EST,43.11700,-73.57829,103,27.8,27.8,27.8,88.4,24.8,0.000,0.000,0.00,0.000,0.5,0.9,0.2,197,21,0.9,1.3,0.3,181,23,0.5,0.9,0.2,197,21,156,30.63,,0,0,0,34.4,38.6,43.8,0.14,0.14,0.08
SCHU,2015-11-25 08:25:00 EST,43.11700,-73.57829,103,28.1,28.1,28.1,87.3,24.8,0.000,0.000,0.00,0.000,0.1,0.6,0.2,169,0,0.6,1.1,0.2,163,33,0.1,0.6,0.2,169,0,162,30.63,,0,0,0,34.4,38.6,43.8,0.14,0.14,0.09
SCHU,2015-11-25 08:30:00 EST,43.11700,-73.57829,103,28.7,28.6,28.7,83.3,24.2,0.000,0.000,0.00,0.000,0.1,0.5,0.1,165,0,0.7,1.1,0.3,127,23,0.1,0.5,0.1,165,0,171,30.63,,0,0,0,34.4,38.6,43.8,0.14,0.14,0.08
SCHU,2015-11-25 08:35:00 EST,43.11700,-73.57829,103,29.0,28.9,29.0,79.8,23.5,0.000,0.000,0.00,0.000,0.0,0.0,0.0,0,0,0.7,2.7,0.4,116,41,0.0,0.0,0.0,0,0,186,30.63,,0,0,0,34.4,38.6,43.7,0.14,0.14,0.08
SCHU,2015-11-25 08:40:00 EST,43.11700,-73.57829,103,29.5,29.0,29.5,77.2,23.3,0.000,0.000,0.00,0.000,0.1,0.8,0.2,38,4,0.9,4.3,0.5,46,25,0.1,0.8,0.2,38,4,199,30.63,,0,0,0,34.4,38.6,43.7,0.14,0.14,0.08
SCHU,2015-11-25 08:45:00 EST,43.11700,-73.57829,103,29.8,29.3,29.8,81.1,24.7,0.000,0.000,0.00,0.000,0.8,1.5,0.4,48,10,1.4,2.2,0.4,49,14,0.8,1.5,0.4,48,10,214,30.64,,0,0,0,34.4,38.5,43.7,0.14,0.14,0.08
SCHU,2015-11-25 08:50:00 EST,43.11700,-73.57829,103,30.3,29.4,30.3,81.1,25.2,0.000,0.000,0.00,0.000,0.8,1.7,0.3,105,13,1.5,2.5,0.4,99,17,0.8,1.7,0.3,105,13,222,30.64,,0,0,0,34.4,38.6,43.8,0.14,0.14,0.08
SCHU,2015-11-25 08:55:00 EST,43.11700,-73.57829,103,30.4,29.7,30.4,80.7,25.2,0.000,0.000,0.00,0.000,0.4,1.3,0.4,88,16,1.2,2.7,0.5,81,22,0.4,1.3,0.4,88,16,230,30.64,,0,0,0,34.4,38.6,43.7,0.14,0.14,0.09
SCHU,2015-11-25 09:00:00 EST,43.11700,-73.57829,103,30.6,30.0,30.6,79.6,25.0,0.000,0.000,0.00,0.000,0.1,0.8,0.2,63,7,0.9,1.8,0.3,74,39,0.1,0.8,0.2,63,7,241,30.64,,0,0,0,34.4,38.6,43.7,0.14,0.14,0.08
SCHU,2015-11-25 09:05:00 EST,43.11700,-73.57829,103,30.6,30.6,30.6,78.6,24.7,0.000,0.000,0.00,0.000,0.3,1.1,0.3,159,12,0.9,1.8,0.3,140,22,0.3,1.1,0.3,159,12,252,30.64,,0,0,0,34.4,38.5,43.8,0.14,0.14,0.09
SCHU,2015-11-25 09:10:00 EST,43.11700,-73.57829,103,31.1,30.9,31.1,78.6,25.2,0.000,0.000,0.00,0.000,0.3,1.1,0.4,95,28,1.0,2.2,0.5,110,54,0.3,1.1,0.4,95,28,263,30.64,,0,0,0,34.4,38.6,43.8,0.14,0.14,0.08
SCHU,2015-11-25 09:15:00 EST,43.11700,-73.57829,103,31.8,31.3,31.8,76.4,25.2,0.000,0.000,0.00,0.000,1.2,2.5,0.7,116,22,1.8,3.4,0.7,108,27,1.2,2.5,0.7,116,22,275,30.64,,0,0,0,34.3,38.5,43.7,0.14,0.14,0.08
SCHU,2015-11-25 09:20:00 EST,43.11700,-73.57829,103,32.1,31.3,32.1,76.1,25.4,0.000,0.000,0.00,0.000,0.9,1.8,0.4,74,23,1.6,2.7,0.5,74,22,0.9,1.8,0.4,74,23,284,30.64,,0,0,0,34.4,38.5,43.7,0.14,0.14,0.09
SCHU,2015-11-25 09:25:00 EST,43.11700,-73.57829,103,32.6,31.9,32.6,77.2,26.3,0.000,0.000,0.00,0.000,1.6,3.4,0.5,139,18,1.9,3.6,0.6,126,16,1.6,3.4,0.5,139,18,293,30.65,,0,0,0,34.4,38.5,43.7,0.14,0.14,0.09
SCHU,2015-11-25 09:30:00 EST,43.11700,-73.57829,103,33.0,32.2,33.0,75.5,26.1,0.000,0.000,0.00,0.000,2.4,3.9,0.6,123,16,2.8,5.1,0.8,118,15,2.4,3.9,0.6,123,16,302,30.65,,0,0,0,34.4,38.5,43.7,0.14,0.14,0.08
SCHU,2015-11-25 09:35:00 EST,43.11700,-73.57829,103,33.9,32.6,33.9,77.2,27.5,0.000,0.000,0.00,0.000,2.7,3.9,0.5,129,17,3.5,5.1,0.7,123,17,2.7,3.9,0.5,129,17,310,30.65,,0,0,0,34.3,38.5,43.6,0.14,0.14,0.08
SCHU,2015-11-25 09:40:00 EST,43.11700,-73.57829,103,33.8,32.5,33.8,75.3,26.8,0.000,0.000,0.00,0.000,2.9,3.9,0.6,117,11,3.5,5.1,0.8,111,11,2.9,3.9,0.6,117,11,319,30.65,,0,0,0,34.4,38.5,43.7,0.14,0.14,0.09
SCHU,2015-11-25 09:45:00 EST,43.11700,-73.57829,103,33.7,32.5,33.7,76.3,27.0,0.000,0.000,0.00,0.000,3.0,3.8,0.4,107,14,3.7,4.9,0.5,102,14,3.0,3.8,0.4,107,14,327,30.65,,0,0,0,34.4,38.5,43.7,0.14,0.14,0.08
SCHU,2015-11-25 09:50:00 EST,43.11700,-73.57829,103,34.1,33.1,34.1,75.8,27.2,0.000,0.000,0.00,0.000,2.1,3.8,0.8,124,16,2.5,4.0,0.9,117,14,2.1,3.8,0.8,124,16,333,30.65,,0,0,0,34.3,38.5,43.6,0.14,0.14,0.08
SCHU,2015-11-25 09:55:00 EST,43.11700,-73.57829,103,34.4,33.3,34.4,74.6,27.1,0.000,0.000,0.00,0.000,1.5,4.1,0.8,122,37,2.2,4.5,0.8,109,33,1.5,4.1,0.8,122,37,342,30.66,,0,0,0,34.3,38.5,43.7,0.14,0.14,0.08
SCHU,2015-11-25 10:00:00 EST,43.11700,-73.57829,103,34.5,34.0,34.5,72.6,26.6,0.000,0.000,0.00,0.000,1.3,3.2,1.0,150,15,1.7,3.6,0.9,135,25,1.3,3.2,1.0,150,15,350,30.66,,0,0,0,34.3,38.4,43.7,0.14,0.14,0.09
SCHU,2015-11-25 10:05:00 EST,43.11700,-73.57829,103,35.0,34.6,35.0,71.6,26.7,0.000,0.000,0.00,0.000,2.1,3.7,1.0,154,13,2.7,4.9,1.0,141,14,2.1,3.7,1.0,154,13,358,30.66,,0,0,0,34.3,38.4,43.6,0.14,0.14,0.08
SCHU,2015-11-25 10:10:00 EST,43.11700,-73.57829,103,35.4,35.0,35.4,70.6,26.8,0.000,0.000,0.00,0.000,1.9,3.3,0.7,152,18,2.5,4.3,0.9,139,15,1.9,3.3,0.7,152,18,365,30.66,,0,0,0,34.3,38.4,43.6,0.14,0.14,0.08
SCHU,2015-11-25 10:15:00 EST,43.11700,-73.57829,103,36.0,35.5,36.0,69.6,27.0,0.000,0.000,0.00,0.000,2.8,3.9,0.6,151,16,3.3,4.7,0.8,141,15,2.8,3.9,0.6,151,16,373,30.66,,0,0,0,34.4,38.4,43.6,0.14,0.14,0.08
SCHU,2015-11-25 10:20:00 EST,43.11700,-73.57829,103,35.8,35.6,35.8,68.2,26.4,0.000,0.000,0.00,0.000,1.6,3.2,0.8,168,21,2.1,5.6,0.9,152,25,1.6,3.2,0.8,168,21,379,30.66,,0,0,0,34.3,38.4,43.6,0.14,0.14,0.08
SCHU,2015-11-25 10:25:00 EST,43.11700,-73.57829,103,36.6,36.3,36.6,66.0,26.3,0.000,0.000,0.00,0.000,2.0,4.2,0.8,162,16,2.6,5.1,0.8,151,18,2.0,4.2,0.8,162,16,385,30.66,,0,0,0,34.3,38.4,43.6,0.14,0.14,0.08
SCHU,2015-11-25 10:30:00 EST,43.11700,-73.57829,103,37.0,36.7,37.0,66.5,26.8,0.000,0.000,0.00,0.000,2.8,4.2,0.6,149,14,3.2,4.7,0.6,139,12,2.8,4.2,0.6,149,14,391,30.66,,0,0,0,34.3,38.5,43.6,0.14,0.14,0.08
SCHU,2015-11-25 10:35:00 EST,43.11700,-73.57829,103,37.4,36.9,37.4,65.1,26.7,0.000,0.000,0.00,0.000,2.5,5.6,1.1,157,20,3.2,6.5,1.2,146,19,2.5,5.6,1.1,157,20,397,30.66,,0,0,0,34.3,38.4,43.7,0.14,0.14,0.08
SCHU,2015-11-25 10:40:00 EST,43.11700,-73.57829,103,38.2,37.6,38.2,64.2,27.2,0.000,0.000,0.00,0.000,2.2,3.9,1.0,156,18,2.9,5.4,1.1,144,18,2.2,3.9,1.0,156,18,401,30.65,,0,0,0,34.3,38.3,43.6,0.14,0.14,0.08
SCHU,2015-11-25 10:45:00 EST,43.11700,-73.57829,103,38.4,37.9,35.9,63.2,26.9,0.000,0.000,0.00,0.000,3.5,5.6,0.9,166,17,4.1,6.5,1.1,158,18,3.5,5.6,0.9,166,17,409,30.65,,0,0,0,34.3,38.4,43.6,0.14,0.14,0.08
SCHU,2015-11-25 10:50:00 EST,43.11700,-73.57829,103,38.6,38.2,38.6,62.2,26.8,0.000,0.000,0.00,0.000,2.7,5.7,1.4,155,15,3.2,6.5,1.5,143,16,2.7,5.7,1.4,155,15,413,30.65,,0,0,0,34.3,38.4,43.6,0.14,0.14,0.08
SCHU,2015-11-25 10:55:00 EST,43.11700,-73.57829,103,38.6,38.3,36.4,62.3,26.8,0.000,0.000,0.00,0.000,3.3,5.3,0.9,159,12,4.0,6.0,1.1,152,13,3.3,5.3,0.9,159,12,417,30.65,,0,0,0,34.3,38.4,43.6,0.14,0.14,0.08
SCHU,2015-11-25 11:00:00 EST,43.11700,-73.57829,103,39.2,38.7,39.2,62.1,27.3,0.000,0.000,0.00,0.000,2.7,4.7,1.1,166,19,3.4,5.8,1.1,157,17,2.7,4.7,1.1,166,19,420,30.65,,0,0,0,34.3,38.4,43.6,0.14,0.14,0.08
SCHU,2015-11-25 11:05:00 EST,43.11700,-73.57829,103,39.5,39.2,37.6,60.9,27.2,0.000,0.000,0.00,0.000,3.2,5.7,1.5,159,21,3.9,6.7,1.6,152,22,3.2,5.7,1.5,159,21,424,30.65,,0,0,0,34.3,38.4,43.6,0.14,0.14,0.08
SCHU,2015-11-25 11:10:00 EST,43.11700,-73.57829,103,40.0,39.3,38.2,61.0,27.6,0.000,0.000,0.00,0.000,3.1,6.1,1.4,156,20,3.9,8.3,1.5,147,20,3.1,6.1,1.4,156,20,429,30.65,,0,0,0,34.3,38.3,43.6,0.14,0.14,0.09
SCHU,2015-11-25 11:15:00 EST,43.11700,-73.57829,103,40.3,39.7,40.3,60.0,27.5,0.000,0.000,0.00,0.000,2.7,4.4,0.9,171,21,,,,0,0,2.7,4.4,0.9,171,21,432,30.65,,0,0,0,34.3,38.3,43.6,0.14,0.14,0.08
SCHU,2015-11-25 11:20:00 EST,43.11700,-73.57829,103,40.6,39.8,40.6,59.1,27.4,0.000,0.000,0.00,0.000,1.8,4.5,1.2,158,33,2.6,5.4,1.1,138,38,1.8,4.5,1.2,158,33,433,30.65,,0,0,0,34.3,38.3,43.6,0.14,0.14,0.09
SCHU,2015-11-25 11:25:00 EST,43.11700,-73.57829,103,41.1,40.6,41.1,57.1,27.1,0.000,0.000,0.00,0.000,1.6,5.6,1.5,148,34,2.4,7.2,1.7,136,43,1.6,5.6,1.5,148,34,436,30.64,,0,0,0,34.3,38.3,43.6,0.14,0.14,0.08
SCHU,2015-11-25 11:30:00 EST,43.11700,-73.57829,103,41.8,40.9,39.4,56.4,27.5,0.000,0.000,0.00,0.000,4.1,6.2,0.9,158,18,4.8,7.2,1.1,151,18,4.1,6.2,0.9,158,18,439,30.64,,0,0,0,34.3,38.3,43.6,0.14,0.14,0.08
SCHU,2015-11-25 11:35:00 EST,43.11700,-73.57829,103,41.1,40.8,39.6,56.7,26.9,0.000,0.000,0.00,0.000,3.1,5.6,1.3,169,15,3.5,6.5,1.5,159,16,3.1,5.6,1.3,169,15,437,30.64,,0,0,0,34.3,38.3,43.6,0.14,0.14,0.09
SCHU,2015-11-25 11:40:00 EST,43.11700,-73.57829,103,41.3,40.9,39.2,56.4,27.0,0.000,0.000,0.00,0.000,3.7,6.1,1.2,140,23,4.3,7.2,1.3,132,22,3.7,6.1,1.2,140,23,429,30.64,,0,0,0,34.3,38.3,43.6,0.14,0.14,0.08
SCHU,2015-11-25 11:45:00 EST,43.11700,-73.57829,103,42.0,40.9,39.2,56.9,27.8,0.000,0.000,0.00,0.000,4.4,7.2,1.2,148,27,5.0,8.1,1.5,139,26,4.4,7.2,1.2,148,27,431,30.64,,0,0,0,34.3,38.3,43.6,0.14,0.14,0.09
SCHU,2015-11-25 11:50:00 EST,43.11700,-73.57829,103,41.9,41.2,39.5,56.4,27.5,0.000,0.000,0.00,0.000,4.0,6.3,1.3,151,14,4.8,7.2,1.1,143,14,4.0,6.3,1.3,151,14,428,30.64,,0,0,0,34.3,38.3,43.6,0.14,0.14,0.09
SCHU,2015-11-25 11:55:00 EST,43.11700,-73.57829,103,42.3,41.5,42.3,55.8,27.6,0.000,0.000,0.00,0.000,2.9,5.0,1.2,167,18,3.5,6.3,1.3,159,18,2.9,5.0,1.2,167,18,435,30.64,,0,0,0,34.3,38.3,43.6,0.14,0.14,0.08
SCHU,2015-11-25 12:00:00 EST,43.11700,-73.57829,103,42.4,41.6,39.8,54.6,27.2,0.000,0.000,0.00,0.000,4.3,7.7,1.8,168,12,4.9,8.9,1.9,163,13,4.3,7.7,1.8,168,12,439,30.64,,0,0,0,34.3,38.3,43.6,0.14,0.14,0.08
SCHU,2015-11-25 12:05:00 EST,43.11700,-73.57829,103,42.5,41.8,40.3,55.0,27.5,0.000,0.000,0.00,0.000,3.9,7.2,1.3,162,19,4.6,8.5,1.4,154,18,3.9,7.2,1.3,162,19,439,30.63,,0,0,0,34.3,38.3,43.6,0.14,0.14,0.08
SCHU,2015-11-25 12:10:00 EST,43.11700,-73.57829,103,42.8,42.3,40.2,54.7,27.6,0.000,0.000,0.00,0.000,4.4,7.5,1.1,154,13,5.1,8.1,1.1,146,14,4.4,7.5,1.1,154,13,438,30.63,,0,0,0,34.3,38.2,43.5,0.14,0.14,0.08
SCHU,2015-11-25 12:15:00 EST,43.11700,-73.57829,103,43.0,42.7,40.7,54.2,27.5,0.000,0.000,0.00,0.000,4.1,7.0,1.2,148,20,4.7,8.3,1.3,140,19,4.1,7.0,1.2,148,20,431,30.63,,0,0,0,34.3,38.3,43.5,0.14,0.14,0.08
SCHU,2015-11-25 12:20:00 EST,43.11700,-73.57829,103,43.6,43.0,41.4,53.9,28.0,0.000,0.000,0.00,0.000,4.1,6.9,1.5,167,32,4.7,8.3,1.8,158,32,4.1,6.9,1.5,167,32,431,30.63,,0,0,0,34.3,38.2,43.5,0.14,0.14,0.08
SCHU,2015-11-25 12:25:00 EST,43.11700,-73.57829,103,43.7,43.1,41.7,53.0,27.7,0.000,0.000,0.00,0.000,3.9,7.1,1.5,165,15,4.6,7.2,1.7,156,15,3.9,7.1,1.5,165,15,428,30.63,,0,0,0,34.3,38.3,43.5,0.14,0.14,0.08
SCHU,2015-11-25 12:30:00 EST,43.11700,-73.57829,103,43.6,43.1,40.5,52.2,27.2,0.000,0.000,0.00,0.000,5.3,8.5,1.5,166,18,6.1,9.6,1.7,160,17,5.3,8.5,1.5,166,18,425,30.63,,0,0,0,34.3,38.2,43.5,0.14,0.14,0.08
SCHU,2015-11-25 12:35:00 EST,43.11700,-73.57829,103,44.1,43.5,42.8,52.5,27.8,0.000,0.000,0.00,0.000,3.2,7.3,1.4,182,22,3.9,9.2,1.7,173,24,3.2,7.3,1.4,182,22,424,30.63,,0,0,0,34.3,38.2,43.5,0.14,0.14,0.08
SCHU,2015-11-25 12:40:00 EST,43.11700,-73.57829,103,44.5,43.8,42.1,52.3,28.1,0.000,0.000,0.00,0.000,4.4,9.4,2.0,158,18,5.3,11.0,2.0,152,18,4.4,9.4,2.0,158,18,421,30.63,,0,0,0,34.4,38.2,43.5,0.14,0.14,0.09
SCHU,2015-11-25 12:45:00 EST,43.11700,-73.57829,103,44.5,44.0,42.7,51.4,27.7,0.000,0.000,0.00,0.000,3.7,6.2,1.2,167,19,4.4,7.8,1.4,158,19,3.7,6.2,1.2,167,19,418,30.63,,0,0,0,34.4,38.2,43.6,0.14,0.14,0.07
SCHU,2015-11-25 12:50:00 EST,43.11700,-73.57829,103,44.8,44.1,42.0,51.3,27.9,0.000,0.000,0.00,0.000,5.3,9.1,1.4,183,21,5.8,10.5,1.6,177,22,5.3,9.1,1.4,183,21,413,30.63,,0,0,0,34.5,38.2,43.5,0.14,0.14,0.09
SCHU,2015-11-25 12:55:00 EST,43.11700,-73.57829,103,44.5,43.7,41.6,51.4,27.7,0.000,0.000,0.00,0.000,5.1,9.4,1.5,160,16,5.8,9.8,1.5,154,16,5.1,9.4,1.5,160,16,407,30.63,,0,0,0,34.6,38.3,43.5,0.14,0.14,0.08
SCHU,2015-11-25 13:00:00 EST,43.11700,-73.57829,103,44.4,44.0,41.9,51.4,27.6,0.000,0.000,0.00,0.000,4.7,7.5,1.5,162,20,5.3,8.7,1.6,154,19,4.7,7.5,1.5,162,20,399,30.63,,0,0,0,34.6,38.2,43.5,0.14,0.14,0.09
SCHU,2015-11-25 13:05:00 EST,43.11700,-73.57829,103,44.6,44.1,42.2,50.8,27.5,0.000,0.000,0.00,0.000,4.5,8.3,1.9,165,18,5.3,10.3,2.1,157,18,4.5,8.3,1.9,165,18,396,30.63,,0,0,0,34.8,38.2,43.5,0.14,0.14,0.08
SCHU,2015-11-25 13:10:00 EST,43.11700,-73.57829,103,45.0,44.4,43.0,50.6,27.7,0.000,0.000,0.00,0.000,4.0,7.1,1.2,155,21,4.7,8.7,1.5,146,18,4.0,7.1,1.2,155,21,388,30.63,,0,0,0,34.8,38.2,43.5,0.14,0.14,0.08
SCHU,2015-11-25 13:15:00 EST,43.11700,-73.57829,103,45.1,44.8,42.7,50.0,27.5,0.000,0.000,0.00,0.000,4.7,7.5,1.4,160,19,5.3,9.6,1.6,152,17,4.7,7.5,1.4,160,19,380,30.62,,0,0,0,34.9,38.2,43.5,0.14,0.14,0.09
SCHU,2015-11-25 13:20:00 EST,43.11700,-73.57829,103,45.1,44.7,42.4,49.2,27.2,0.000,0.000,0.00,0.000,5.1,7.7,1.4,161,14,6.0,8.9,1.5,154,16,5.1,7.7,1.4,161,14,350,30.62,,0,0,0,35.0,38.2,43.5,0.14,0.14,0.08
SCHU,2015-11-25 13:25:00 EST,43.11700,-73.57829,103,45.0,44.7,43.2,48.8,26.9,0.000,0.000,0.00,0.000,3.9,8.3,1.7,160,20,4.5,9.2,1.8,151,19,3.9,8.3,1.7,160,20,321,30.62,,0,0,0,35.1,38.2,43.5,0.14,0.14,0.09
SCHU,2015-11-25 13:30:00 EST,43.11700,-73.57829,103,45.4,44.9,42.4,48.1,26.9,0.000,0.000,0.00,0.000,5.6,11.0,2.1,162,21,6.3,12.1,2.2,155,20,5.6,11.0,2.1,162,21,359,30.62,,0,0,0,35.3,38.2,43.5,0.14,0.14,0.08
SCHU,2015-11-25 13:35:00 EST,43.11700,-73.57829,103,45.2,45.0,42.6,47.1,26.2,0.000,0.000,0.00,0.000,5.0,8.1,1.3,168,15,5.7,8.9,1.4,162,15,5.0,8.1,1.3,168,15,359,30.62,,0,0,0,35.5,38.2,43.5,0.14,0.14,0.09
SCHU,2015-11-25 13:40:00 EST,43.11700,-73.57829,103,45.7,45.4,44.2,46.4,26.3,0.000,0.000,0.00,0.000,3.7,6.4,1.2,183,23,4.1,7.8,1.5,177,22,3.7,6.4,1.2,183,23,349,30.61,,0,0,0,35.7,38.2,43.5,0.14,0.14,0.08
SCHU,2015-11-25 13:45:00 EST,43.11700,-73.57829,103,45.7,45.3,44.0,46.1,26.1,0.000,0.000,0.00,0.000,3.8,6.0,1.2,164,15,4.3,6.7,1.3,155,16,3.8,6.0,1.2,164,15,335,30.61,,0,0,0,35.7,38.2,43.5,0.14,0.14,0.09
SCHU,2015-11-25 13:50:00 EST,43.11700,-73.57829,103,46.0,45.5,43.4,44.0,25.3,0.000,0.000,0.00,0.000,5.1,9.4,2.3,169,18,5.7,11.9,2.4,163,18,5.1,9.4,2.3,169,18,327,30.61,,0,0,0,35.9,38.2,43.5,0.14,0.14,0.08
SCHU,2015-11-25 13:55:00 EST,43.11700,-73.57829,103,46.0,45.5,43.3,44.4,25.5,0.000,0.000,0.00,0.000,5.4,10.0,1.8,167,16,6.0,12.3,2.0,160,15,5.4,10.0,1.8,167,16,315,30.61,,0,0,0,36.0,38.2,43.5,0.14,0.14,0.08
SCHU,2015-11-25 14:00:00 EST,43.11700,-73.57829,103,46.0,45.7,43.6,43.7,25.1,0.000,0.000,0.00,0.000,4.8,7.8,1.7,177,18,5.5,9.4,1.8,171,17,4.8,7.8,1.7,177,18,305,30.61,,0,0,0,36.1,38.2,43.5,0.14,0.14,0.08
SCHU,2015-11-25 14:05:00 EST,43.11700,-73.57829,103,46.0,45.7,44.0,44.2,25.4,0.000,0.000,0.00,0.000,4.4,7.3,1.2,196,18,4.7,7.6,1.5,188,18,4.4,7.3,1.2,196,18,295,30.61,,0,0,0,36.2,38.2,43.5,0.14,0.14,0.08
SCHU,2015-11-25 14:10:00 EST,43.11700,-73.57829,103,46.1,45.7,44.4,44.6,25.7,0.000,0.000,0.00,0.000,4.0,7.9,1.5,185,25,4.4,8.7,1.6,178,26,4.0,7.9,1.5,185,25,286,30.61,,0,0,0,36.3,38.2,43.4,0.14,0.14,0.08
SCHU,2015-11-25 14:15:00 EST,43.11700,-73.57829,103,46.2,46.0,44.7,44.1,25.6,0.000,0.000,0.00,0.000,3.8,6.6,1.1,166,19,4.2,8.1,1.4,159,19,3.8,6.6,1.1,166,19,278,30.61,,0,0,0,36.5,38.2,43.5,0.14,0.14,0.09
SCHU,2015-11-25 14:20:00 EST,43.11700,-73.57829,103,46.5,46.1,45.7,44.3,25.9,0.000,0.000,0.00,0.000,3.0,6.5,1.1,180,22,3.4,7.4,1.2,173,21,3.0,6.5,1.1,180,22,263,30.61,,0,0,0,36.6,38.2,43.5,0.14,0.14,0.09
SCHU,2015-11-25 14:25:00 EST,43.11700,-73.57829,103,46.5,46.2,44.7,43.3,25.4,0.000,0.000,0.00,0.000,4.1,6.4,1.2,162,18,4.6,8.1,1.5,152,18,4.1,6.4,1.2,162,18,252,30.61,,0,0,0,36.7,38.2,43.4,0.14,0.14,0.08
SCHU,2015-11-25 14:30:00 EST,43.11700,-73.57829,103,46.3,46.0,45.2,43.7,25.4,0.000,0.000,0.00,0.000,3.3,5.4,1.0,178,18,3.7,6.7,1.2,171,18,3.3,5.4,1.0,178,18,245,30.61,,0,0,0,36.8,38.2,43.4,0.14,0.14,0.09
SCHU,2015-11-25 14:35:00 EST,43.11700,-73.57829,103,46.2,46.1,44.9,43.8,25.4,0.000,0.000,0.00,0.000,3.5,6.2,1.3,202,21,3.8,8.1,1.4,194,22,3.5,6.2,1.3,202,21,235,30.61,,0,0,0,36.9,38.2,43.5,0.14,0.14,0.08
SCHU,2015-11-25 14:40:00 EST,43.11700,-73.57829,103,46.3,46.2,45.2,43.5,25.3,0.000,0.000,0.00,0.000,3.3,5.5,1.0,197,20,3.5,6.0,1.1,189,22,3.3,5.5,1.0,197,20,223,30.61,,0,0,0,37.0,38.2,43.4,0.14,0.14,0.09
SCHU,2015-11-25 14:45:00 EST,43.11700,-73.57829,103,46.2,46.2,46.2,42.7,24.8,0.000,0.000,0.00,0.000,2.6,5.5,1.3,200,27,2.8,5.8,1.1,195,30,2.6,5.5,1.3,200,27,212,30.61,,0,0,0,37.2,38.2,43.4,0.14,0.14,0.09
SCHU,2015-11-25 14:50:00 EST,43.11700,-73.57829,103,46.1,46.1,44.9,43.4,25.1,0.000,0.000,0.00,0.000,3.4,8.7,1.6,198,27,3.8,11.2,1.9,191,26,3.4,8.7,1.6,198,27,201,30.61,,0,0,0,37.2,38.3,43.4,0.14,0.14,0.09
SCHU,2015-11-25 14:55:00 EST,43.11700,-73.57829,103,46.1,46.2,45.2,43.9,25.4,0.000,0.000,0.00,0.000,3.1,7.9,1.8,186,27,3.4,11.0,2.0,178,27,3.1,7.9,1.8,186,27,172,30.61,,0,0,0,37.2,38.2,43.4,0.14,0.14,0.08
SCHU,2015-11-25 15:00:00 EST,43.11700,-73.57829,103,45.9,46.2,43.6,44.3,25.3,0.000,0.000,0.00,0.000,4.6,8.9,1.7,173,24,5.1,9.8,2.0,165,24,4.6,8.9,1.7,173,24,122,30.61,,0,0,0,37.3,38.3,43.4,0.14,0.14,0.09
SCHU,2015-11-25 15:05:00 EST,43.11700,-73.57829,103,45.7,46.0,43.5,44.7,25.4,0.000,0.000,0.00,0.000,4.6,7.6,1.3,195,23,5.0,8.7,1.5,189,24,4.6,7.6,1.3,195,23,114,30.61,,0,0,0,37.4,38.3,43.4,0.14,0.14,0.08
SCHU,2015-11-25 15:10:00 EST,43.11700,-73.57829,103,45.7,46.0,44.2,44.8,25.5,0.000,0.000,0.00,0.000,3.6,7.5,1.1,213,21,3.6,7.8,1.2,207,20,3.6,7.5,1.1,213,21,107,30.61,,0,0,0,37.5,38.3,43.4,0.14,0.14,0.09
SCHU,2015-11-25 15:15:00 EST,43.11700,-73.57829,103,45.7,46.0,45.7,44.7,25.4,0.000,0.000,0.00,0.000,2.5,6.0,1.2,190,19,2.8,7.4,1.3,183,21,2.5,6.0,1.2,190,19,99,30.61,,0,0,0,37.6,38.4,43.4,0.14,0.14,0.08
SCHU,2015-11-25 15:20:00 EST,43.11700,-73.57829,103,45.6,46.0,45.6,44.8,25.4,0.000,0.000,0.00,0.000,2.8,6.1,1.8,167,22,3.3,6.9,1.9,160,26,2.8,6.1,1.8,167,22,86,30.61,,0,0,0,37.6,38.4,43.4,0.14,0.14,0.08
SCHU,2015-11-25 15:25:00 EST,43.11700,-73.57829,103,45.4,46.0,45.4,45.5,25.6,0.000,0.000,0.00,0.000,2.3,5.2,1.3,181,21,2.6,5.6,1.3,173,21,2.3,5.2,1.3,181,21,53,30.61,,0,0,0,37.6,38.4,43.4,0.14,0.14,0.08
SCHU,2015-11-25 15:30:00 EST,43.11700,-73.57829,103,45.5,46.1,45.5,45.3,25.6,0.000,0.000,0.00,0.000,2.8,4.7,1.0,184,18,3.2,5.6,1.0,178,18,2.8,4.7,1.0,184,18,40,30.61,,0,0,0,37.7,38.4,43.4,0.14,0.14,0.08
SCHU,2015-11-25 15:35:00 EST,43.11700,-73.57829,103,45.1,46.0,45.1,46.1,25.6,0.000,0.000,0.00,0.000,2.5,3.9,0.7,189,21,2.6,4.9,0.8,182,22,2.5,3.9,0.7,189,21,29,30.61,,0,0,0,37.7,38.5,43.4,0.14,0.13,0.08
SCHU,2015-11-25 15:40:00 EST,43.11700,-73.57829,103,45.1,45.9,45.1,46.2,25.7,0.000,0.000,0.00,0.000,2.6,4.6,1.0,180,19,2.9,5.4,1.1,171,20,2.6,4.6,1.0,180,19,41,30.61,,0,0,0,37.8,38.4,43.4,0.14,0.14,0.07
SCHU,2015-11-25 15:45:00 EST,43.11700,-73.57829,103,44.7,45.7,44.7,46.8,25.6,0.000,0.000,0.00,0.000,1.3,3.2,0.9,200,16,1.5,3.8,0.9,192,25,1.3,3.2,0.9,200,16,39,30.61,,0,0,0,37.9,38.5,43.4,0.14,0.14,0.09
SCHU,2015-11-25 15:50:00 EST,43.11700,-73.57829,103,44.8,45.7,44.8,46.9,25.8,0.000,0.000,0.00,0.000,1.6,3.7,0.5,203,28,1.7,4.0,0.7,195,30,1.6,3.7,0.5,203,28,33,30.61,,0,0,0,37.9,38.5,43.4,0.14,0.14,0.08
SCHU,2015-11-25 15:55:00 EST,43.11700,-73.57829,103,44.3,45.5,44.3,48.2,26.0,0.000,0.000,0.00,0.000,1.2,3.4,0.6,217,20,1.2,2.9,0.5,211,27,1.2,3.4,0.6,217,20,22,30.61,,0,0,0,37.9,38.5,43.4,0.14,0.14,0.08
SCHU,2015-11-25 16:00:00 EST,43.11700,-73.57829,103,43.3,45.1,43.3,50.4,26.0,0.000,0.000,0.00,0.000,1.8,4.0,0.7,218,22,1.8,4.0,0.7,210,26,1.8,4.0,0.7,218,22,17,30.61,,0,0,0,37.9,38.5,43.3,0.14,0.14,0.09
SCHU,2015-11-25 16:05:00 EST,43.11700,-73.57829,103,43.5,44.9,43.5,51.2,26.7,0.000,0.000,0.00,0.000,2.5,4.6,0.7,205,17,2.5,5.6,1.0,199,19,2.5,4.6,0.7,205,17,15,30.62,,0,0,0,38.0,38.6,43.4,0.14,0.13,0.08
SCHU,2015-11-25 16:10:00 EST,43.11700,-73.57829,103,42.7,44.7,42.7,52.0,26.3,0.000,0.000,0.00,0.000,1.7,3.1,0.6,196,21,2.0,3.8,0.7,190,23,1.7,3.1,0.6,196,21,12,30.62,,0,0,0,37.9,38.6,43.3,0.14,0.14,0.08
SCHU,2015-11-25 16:15:00 EST,43.11700,-73.57829,103,41.8,44.4,41.8,53.7,26.2,0.000,0.000,0.00,0.000,1.4,3.2,0.6,196,16,1.6,3.4,0.6,185,16,1.4,3.2,0.6,196,16,10,30.62,,0,0,0,37.9,38.6,43.4,0.14,0.14,0.08
SCHU,2015-11-25 16:20:00 EST,43.11700,-73.57829,103,41.6,44.3,41.6,54.8,26.6,0.000,0.000,0.00,0.000,1.5,3.2,0.7,184,21,1.8,3.6,0.8,180,21,1.5,3.2,0.7,184,21,7,30.62,,0,0,0,37.9,38.6,43.4,0.14,0.14,0.09
SCHU,2015-11-25 16:25:00 EST,43.11700,-73.57829,103,40.6,43.7,40.6,57.8,26.9,0.000,0.000,0.00,0.000,0.3,1.0,0.3,214,0,0.5,1.1,0.3,203,25,0.3,1.0,0.3,214,0,5,30.62,,0,0,0,37.9,38.6,43.3,0.14,0.14,0.09
SCHU,2015-11-25 16:30:00 EST,43.11700,-73.57829,103,39.5,43.1,39.5,63.3,28.1,0.000,0.000,0.00,0.000,0.0,0.7,0.1,153,0,0.5,1.3,0.2,139,33,0.0,0.7,0.1,153,0,4,30.62,,0,0,0,37.8,38.7,43.4,0.14,0.14,0.08
SCHU,2015-11-25 16:35:00 EST,43.11700,-73.57829,103,38.1,42.4,38.1,66.3,27.9,0.000,0.000,0.00,0.000,0.5,0.8,0.3,134,9,1.1,5.8,0.5,108,25,0.5,0.8,0.3,134,9,2,30.63,,0,0,0,37.8,38.7,43.3,0.14,0.14,0.08
SCHU,2015-11-25 16:40:00 EST,43.11700,-73.57829,103,38.2,41.5,38.2,67.4,28.4,0.000,0.000,0.00,0.000,0.0,0.7,0.2,55,0,1.0,4.5,0.4,41,14,0.0,0.7,0.2,55,0,1,30.63,,0,0,0,37.8,38.7,43.4,0.14,0.14,0.08
SCHU,2015-11-25 16:45:00 EST,43.11700,-73.57829,103,37.2,40.6,37.2,70.0,28.3,0.000,0.000,0.00,0.000,0.3,1.3,0.4,119,29,1.0,2.9,0.4,97,31,0.3,1.3,0.4,119,29,0,30.63,,0,0,0,37.7,38.7,43.3,0.14,0.14,0.08
SCHU,2015-11-25 16:50:00 EST,43.11700,-73.57829,103,36.5,39.7,36.5,72.6,28.6,0.000,0.000,0.00,0.000,1.3,1.5,0.1,148,7,1.6,2.0,0.2,137,7,1.3,1.5,0.1,148,7,0,30.63,,0,0,0,37.7,38.8,43.3,0.14,0.14,0.08
SCHU,2015-11-25 16:55:00 EST,43.11700,-73.57829,103,35.9,39.0,35.9,72.1,27.8,0.000,0.000,0.00,0.000,1.5,1.8,0.2,151,4,1.7,2.5,0.2,140,5,1.5,1.8,0.2,151,4,0,30.63,,0,0,0,37.7,38.8,43.3,0.14,0.14,0.08
SCHU,2015-11-25 17:00:00 EST,43.11700,-73.57829,103,35.4,38.9,35.4,73.4,27.7,0.000,0.000,0.00,0.000,1.2,1.8,0.4,146,6,1.5,3.8,0.4,133,7,1.2,1.8,0.4,146,6,0,30.63,,0,0,0,37.7,38.8,43.3,0.14,0.14,0.08
SCHU,2015-11-25 17:05:00 EST,43.11700,-73.57829,103,34.8,38.1,34.8,75.9,28.0,0.000,0.000,0.00,0.000,1.0,1.5,0.3,141,0,1.3,1.8,0.3,132,5,1.0,1.5,0.3,141,0,0,30.63,,0,0,0,37.6,38.8,43.3,0.14,0.14,0.09
SCHU,2015-11-25 17:10:00 EST,43.11700,-73.57829,103,34.4,37.7,34.4,77.3,28.0,0.000,0.000,0.00,0.000,0.7,1.5,0.6,138,1,1.1,1.8,0.4,134,16,0.7,1.5,0.6,138,1,0,30.63,,0,0,0,37.5,38.8,43.3,0.14,0.14,0.08
SCHU,2015-11-25 17:15:00 EST,43.11700,-73.57829,103,34.9,37.2,34.9,78.8,29.0,0.000,0.000,0.00,0.000,0.2,0.7,0.2,175,14,0.7,1.3,0.3,147,35,0.2,0.7,0.2,175,14,0,30.63,,0,0,0,37.5,38.8,43.3,0.14,0.14,0.08
SCHU,2015-11-25 17:20:00 EST,43.11700,-73.57829,103,34.2,37.0,34.2,78.8,28.3,0.000,0.000,0.00,0.000,1.4,1.8,0.3,122,6,1.8,2.5,0.3,116,4,1.4,1.8,0.3,122,6,0,30.63,,0,0,0,37.5,38.9,43.3,0.14,0.14,0.08
SCHU,2015-11-25 17:25:00 EST,43.11700,-73.57829,103,33.4,35.9,33.4,78.6,27.5,0.000,0.000,0.00,0.000,1.0,1.3,0.1,130,7,1.4,1.8,0.2,124,7,1.0,1.3,0.1,130,7,0,30.63,,0,0,0,37.5,38.9,43.3,0.14,0.14,0.08
SCHU,2015-11-25 17:30:00 EST,43.11700,-73.57829,103,33.0,35.4,33.0,79.7,27.4,0.000,0.000,0.00,0.000,1.1,1.3,0.2,124,7,1.6,2.2,0.3,115,6,1.1,1.3,0.2,124,7,0,30.63,,0,0,0,37.4,38.9,43.3,0.14,0.14,0.08
SCHU,2015-11-25 17:35:00 EST,43.11700,-73.57829,103,33.0,35.2,33.0,81.2,27.9,0.000,0.000,0.00,0.000,0.5,0.9,0.3,141,12,1.0,1.3,0.2,139,12,0.5,0.9,0.3,141,12,0,30.63,,0,0,0,37.3,39.0,43.3,0.14,0.14,0.08
SCHU,2015-11-25 17:40:00 EST,43.11700,-73.57829,103,33.2,34.9,33.2,81.8,28.2,0.000,0.000,0.00,0.000,0.3,0.9,0.3,146,9,0.9,1.3,0.2,136,15,0.3,0.9,0.3,146,9,0,30.64,,0,0,0,37.3,38.9,43.3,0.14,0.14,0.09
SCHU,2015-11-25 17:45:00 EST,43.11700,-73.57829,103,32.7,34.6,32.7,81.2,27.6,0.000,0.000,0.00,0.000,1.1,1.4,0.2,129,3,1.5,3.6,0.3,122,6,1.1,1.4,0.2,129,3,0,30.64,,0,0,0,37.2,38.9,43.3,0.14,0.14,0.08
SCHU,2015-11-25 17:50:00 EST,43.11700,-73.57829,103,31.6,34.4,31.6,82.9,27.0,0.000,0.000,0.00,0.000,1.4,1.8,0.2,123,2,1.8,2.5,0.2,116,4,1.4,1.8,0.2,123,2,0,30.64,,0,0,0,37.2,38.9,43.3,0.14,0.14,0.08
SCHU,2015-11-25 17:55:00 EST,43.11700,-73.57829,103,30.9,33.9,30.9,84.0,26.6,0.000,0.000,0.00,0.000,1.3,1.6,0.1,132,6,1.6,2.0,0.2,127,5,1.3,1.6,0.1,132,6,0,30.64,,0,0,0,37.2,38.9,43.3,0.14,0.14,0.08
SCHU,2015-11-25 18:00:00 EST,43.11700,-73.57829,103,31.8,33.6,31.8,87.0,28.4,0.000,0.000,0.00,0.000,1.3,1.5,0.1,137,3,1.6,2.0,0.2,129,5,1.3,1.5,0.1,137,3,0,30.64,,0,0,0,37.2,39.0,43.2,0.14,0.14,0.08
SCHU,2015-11-25 18:05:00 EST,43.11700,-73.57829,103,31.6,33.4,31.6,85.9,27.8,0.000,0.000,0.00,0.000,1.2,1.5,0.1,150,9,1.5,1.8,0.2,141,9,1.2,1.5,0.1,150,9,0,30.64,,0,0,0,37.2,39.0,43.2,0.14,0.14,0.08
SCHU,2015-11-25 18:10:00 EST,43.11700,-73.57829,103,31.8,33.4,31.8,86.9,28.4,0.000,0.000,0.00,0.000,1.3,1.8,0.2,146,13,1.6,2.2,0.2,134,9,1.3,1.8,0.2,146,13,0,30.64,,0,0,0,37.1,39.0,43.3,0.14,0.14,0.08
SCHU,2015-11-25 18:15:00 EST,43.11700,-73.57829,103,31.1,33.4,31.1,87.7,27.9,0.000,0.000,0.00,0.000,1.4,1.8,0.2,129,4,1.8,2.2,0.3,125,5,1.4,1.8,0.2,129,4,0,30.64,,0,0,0,37.1,39.0,43.3,0.14,0.14,0.08
SCHU,2015-11-25 18:20:00 EST,43.11700,-73.57829,103,31.1,32.9,31.1,88.5,28.1,0.000,0.000,0.00,0.000,1.0,1.3,0.2,136,0,1.4,1.8,0.2,127,5,1.0,1.3,0.2,136,0,0,30.65,,0,0,0,37.0,39.0,43.2,0.14,0.14,0.08
SCHU,2015-11-25 18:25:00 EST,43.11700,-73.57829,103,31.7,32.7,31.7,89.9,29.1,0.000,0.000,0.00,0.000,1.2,1.3,0.1,133,1,1.6,1.8,0.1,126,5,1.2,1.3,0.1,133,1,0,30.65,,0,0,0,36.9,39.1,43.2,0.14,0.14,0.08
SCHU,2015-11-25 18:30:00 EST,43.11700,-73.57829,103,30.5,32.7,30.5,88.0,27.3,0.000,0.000,0.00,0.000,1.4,1.7,0.2,127,4,1.8,2.5,0.2,121,5,1.4,1.7,0.2,127,4,0,30.65,,0,0,0,36.9,39.1,43.3,0.14,0.14,0.07
SCHU,2015-11-25 18:35:00 EST,43.11700,-73.57829,103,30.4,32.5,30.4,90.3,27.9,0.000,0.000,0.00,0.000,0.8,1.2,0.2,125,2,1.2,1.8,0.2,117,9,0.8,1.2,0.2,125,2,0,30.65,,0,0,0,36.8,39.0,43.3,0.14,0.14,0.08
SCHU,2015-11-25 18:40:00 EST,43.11700,-73.57829,103,30.7,32.4,30.7,91.8,28.6,0.000,0.000,0.00,0.000,1.1,1.4,0.2,120,3,1.5,2.0,0.2,116,8,1.1,1.4,0.2,120,3,0,30.65,,0,0,0,36.8,39.1,43.2,0.14,0.14,0.08
SCHU,2015-11-25 18:45:00 EST,43.11700,-73.57829,103,30.1,32.1,30.1,91.0,27.8,0.000,0.000,0.00,0.000,1.1,1.5,0.2,119,8,1.6,2.2,0.2,111,10,1.1,1.5,0.2,119,8,0,30.65,,0,0,0,36.8,39.0,43.3,0.14,0.14,0.08
SCHU,2015-11-25 18:50:00 EST,43.11700,-73.57829,103,30.1,31.8,30.1,91.8,28.0,0.000,0.000,0.00,0.000,1.3,1.8,0.2,132,12,1.7,2.2,0.2,125,13,1.3,1.8,0.2,132,12,0,30.66,,0,0,0,36.7,39.1,43.2,0.14,0.14,0.08
SCHU,2015-11-25 18:55:00 EST,43.11700,-73.57829,103,30.1,31.7,30.1,92.2,28.1,0.000,0.000,0.00,0.000,1.1,1.5,0.1,158,16,1.4,1.8,0.2,148,17,1.1,1.5,0.1,158,16,0,30.66,,0,0,0,36.7,39.1,43.2,0.14,0.14,0.07
SCHU,2015-11-25 19:00:00 EST,43.11700,-73.57829,103,30.1,31.6,30.1,91.9,28.1,0.000,0.000,0.00,0.000,0.7,1.8,0.6,157,10,1.2,2.2,0.4,131,24,0.7,1.8,0.6,157,10,0,30.66,,0,0,0,36.6,39.1,43.2,0.14,0.14,0.08
SCHU,2015-11-25 19:05:00 EST,43.11700,-73.57829,103,30.0,31.4,30.0,91.7,27.8,0.000,0.000,0.00,0.000,1.1,1.8,0.5,140,6,1.5,2.2,0.4,127,9,1.1,1.8,0.5,140,6,0,30.66,,0,0,0,36.6,39.1,43.2,0.14,0.14,0.09
SCHU,2015-11-25 19:10:00 EST,43.11700,-73.57829,103,29.7,31.4,29.7,91.9,27.6,0.000,0.000,0.00,0.000,0.6,1.0,0.2,145,6,1.1,1.6,0.2,131,13,0.6,1.0,0.2,145,6,0,30.66,,0,0,0,36.6,39.2,43.2,0.14,0.14,0.08
SCHU,2015-11-25 19:15:00 EST,43.11700,-73.57829,103,30.0,31.4,30.0,92.5,28.1,0.000,0.000,0.00,0.000,1.1,1.7,0.3,128,4,1.6,6.9,0.6,120,11,1.1,1.7,0.3,128,4,0,30.66,,0,0,0,36.6,39.2,43.2,0.14,0.14,0.08
SCHU,2015-11-25 19:20:00 EST,43.11700,-73.57829,103,29.4,30.9,29.4,91.9,27.3,0.000,0.000,0.00,0.000,1.7,2.3,0.3,134,4,2.0,2.7,0.3,130,4,1.7,2.3,0.3,134,4,0,30.66,,0,0,0,36.5,39.1,43.2,0.14,0.14,0.08
SCHU,2015-11-25 19:25:00 EST,43.11700,-73.57829,103,29.5,30.8,29.5,93.2,27.8,0.000,0.000,0.00,0.000,1.0,1.5,0.3,141,9,1.3,2.0,0.3,134,11,1.0,1.5,0.3,141,9,0,30.66,,0,0,0,36.4,39.1,43.2,0.14,0.14,0.08
SCHU,2015-11-25 19:30:00 EST,43.11700,-73.57829,103,30.0,30.9,30.0,93.3,28.3,0.000,0.000,0.00,0.000,0.3,0.9,0.3,162,3,0.9,1.3,0.2,152,13,0.3,0.9,0.3,162,3,0,30.66,,0,0,0,36.4,39.1,43.2,0.14,0.14,0.07
SCHU,2015-11-25 19:35:00 EST,43.11700,-73.57829,103,29.4,30.8,29.4,93.0,27.6,0.000,0.000,0.00,0.000,0.7,1.2,0.2,142,17,1.1,1.8,0.3,125,16,0.7,1.2,0.2,142,17,0,30.66,,0,0,0,36.3,39.2,43.2,0.14,0.14,0.08
SCHU,2015-11-25 19:40:00 EST,43.11700,-73.57829,103,28.9,30.7,28.9,93.1,27.2,0.000,0.000,0.00,0.000,0.5,0.9,0.3,133,10,1.0,1.6,0.2,127,15,0.5,0.9,0.3,133,10,0,30.66,,0,0,0,36.4,39.1,43.2,0.14,0.14,0.09
SCHU,2015-11-25 19:45:00 EST,43.11700,-73.57829,103,28.8,30.6,28.8,93.8,27.2,0.000,0.000,0.00,0.000,0.6,0.9,0.3,145,2,1.0,1.3,0.3,131,8,0.6,0.9,0.3,145,2,0,30.66,,0,0,0,36.3,39.2,43.2,0.14,0.14,0.08
SCHU,2015-11-25 19:50:00 EST,43.11700,-73.57829,103,29.1,30.6,29.1,94.5,27.7,0.000,0.000,0.00,0.000,0.0,0.4,0.0,124,0,0.9,1.3,0.2,101,16,0.0,0.4,0.0,124,0,0,30.66,,0,0,0,36.3,39.1,43.2,0.14,0.14,0.08
SCHU,2015-11-25 19:55:00 EST,43.11700,-73.57829,103,28.8,30.5,28.8,94.3,27.4,0.000,0.000,0.00,0.000,0.4,0.7,0.2,124,0,1.0,1.3,0.2,109,10,0.4,0.7,0.2,124,0,0,30.66,,0,0,0,36.3,39.1,43.2,0.14,0.14,0.08
SCHU,2015-11-25 20:00:00 EST,43.11700,-73.57829,103,28.5,30.2,28.5,93.7,26.9,0.000,0.000,0.00,0.000,0.1,0.6,0.1,190,0,0.6,1.1,0.3,141,48,0.1,0.6,0.1,190,0,0,30.66,,0,0,0,36.3,39.2,43.2,0.14,0.14,0.09
SCHU,2015-11-25 20:05:00 EST,43.11700,-73.57829,103,28.9,30.1,28.9,94.1,27.4,0.000,0.000,0.00,0.000,0.0,0.0,0.0,0,0,0.5,1.6,0.3,145,55,0.0,0.0,0.0,0,0,0,30.66,,0,0,0,36.2,39.1,43.2,0.14,0.14,0.08
SCHU,2015-11-25 20:10:00 EST,43.11700,-73.57829,103,28.8,30.0,28.8,94.0,27.3,0.000,0.000,0.00,0.000,0.0,0.0,0.0,0,0,0.6,1.8,0.3,114,65,0.0,0.0,0.0,0,0,0,30.66,,0,0,0,36.2,39.2,43.2,0.14,0.14,0.08
SCHU,2015-11-25 20:15:00 EST,43.11700,-73.57829,103,28.3,30.0,28.3,93.8,26.8,0.000,0.000,0.00,0.000,0.0,0.0,0.0,0,0,0.6,2.9,0.3,166,32,0.0,0.0,0.0,0,0,0,30.66,,0,0,0,36.2,39.1,43.2,0.14,0.14,0.08
SCHU,2015-11-25 20:20:00 EST,43.11700,-73.57829,103,28.7,29.8,28.7,94.2,27.2,0.000,0.000,0.00,0.000,0.0,0.0,0.0,0,0,0.5,0.9,0.2,121,25,0.0,0.0,0.0,0,0,0,30.66,,0,0,0,36.1,39.1,43.2,0.14,0.14,0.08
SCHU,2015-11-25 20:25:00 EST,43.11700,-73.57829,103,28.1,29.9,28.1,93.3,26.4,0.000,0.000,0.00,0.000,0.0,0.0,0.0,0,0,0.6,1.6,0.3,125,46,0.0,0.0,0.0,0,0,0,30.66,,0,0,0,36.1,39.2,43.2,0.14,0.14,0.08
SCHU,2015-11-25 20:30:00 EST,43.11700,-73.57829,103,28.0,29.7,28.0,93.4,26.3,0.000,0.000,0.00,0.000,0.0,0.3,0.0,115,0,0.7,2.2,0.3,112,26,0.0,0.3,0.0,115,0,0,30.66,,0,0,0,36.0,39.2,43.2,0.14,0.14,0.08
SCHU,2015-11-25 20:35:00 EST,43.11700,-73.57829,103,28.1,29.6,28.1,94.1,26.6,0.000,0.000,0.00,0.000,0.0,0.0,0.0,0,0,0.5,1.3,0.2,85,34,0.0,0.0,0.0,0,0,0,30.66,,0,0,0,36.0,39.2,43.2,0.14,0.14,0.08
SCHU,2015-11-25 20:40:00 EST,43.11700,-73.57829,103,28.0,29.7,28.0,94.5,26.6,0.000,0.000,0.00,0.000,0.0,0.0,0.0,0,0,0.6,1.1,0.3,125,44,0.0,0.0,0.0,0,0,0,30.66,,0,0,0,36.0,39.1,43.2,0.14,0.14,0.08
SCHU,2015-11-25 20:45:00 EST,43.11700,-73.57829,103,28.0,29.6,28.0,94.7,26.7,0.000,0.000,0.00,0.000,0.0,0.0,0.0,0,0,0.4,1.3,0.2,213,70,0.0,0.0,0.0,0,0,0,30.66,,0,0,0,36.0,39.2,43.2,0.14,0.14,0.08
SCHU,2015-11-25 20:50:00 EST,43.11700,-73.57829,103,28.2,29.7,28.2,94.7,26.9,0.000,0.000,0.00,0.000,0.0,0.0,0.0,0,0,0.5,0.9,0.2,343,22,0.0,0.0,0.0,0,0,0,30.66,,0,0,0,36.0,39.2,43.2,0.14,0.14,0.08
SCHU,2015-11-25 20:55:00 EST,43.11700,-73.57829,103,28.0,29.8,28.0,94.0,26.5,0.000,0.000,0.00,0.000,0.0,0.0,0.0,0,0,0.9,1.6,0.3,8,25,0.0,0.0,0.0,0,0,0,30.66,,0,0,0,36.0,39.2,43.2,0.14,0.14,0.08
SCHU,2015-11-25 21:00:00 EST,43.11700,-73.57829,103,27.4,29.8,27.4,93.8,25.8,0.000,0.000,0.00,0.000,0.5,1.1,0.4,334,10,1.1,2.7,0.3,348,17,0.5,1.1,0.4,334,10,0,30.66,,0,0,0,36.0,39.1,43.1,0.14,0.14,0.08
SCHU,2015-11-25 21:05:00 EST,43.11700,-73.57829,103,27.8,29.9,27.8,94.5,26.4,0.000,0.000,0.00,0.000,0.8,1.4,0.2,341,11,1.2,2.0,0.3,349,16,0.8,1.4,0.2,341,11,0,30.67,,0,0,0,35.9,39.1,43.1,0.14,0.14,0.08
SCHU,2015-11-25 21:10:00 EST,43.11700,-73.57829,103,27.5,29.7,27.5,94.3,26.1,0.000,0.000,0.00,0.000,0.2,0.9,0.3,336,2,0.8,1.6,0.3,3,33,0.2,0.9,0.3,336,2,0,30.67,,0,0,0,35.9,39.2,43.1,0.14,0.14,0.08
SCHU,2015-11-25 21:15:00 EST,43.11700,-73.57829,103,27.5,29.5,27.5,94.8,26.2,0.000,0.000,0.00,0.000,0.1,1.2,0.3,145,1,0.8,1.6,0.4,109,44,0.1,1.2,0.3,145,1,0,30.67,,0,0,0,35.9,39.1,43.2,0.14,0.14,0.08
SCHU,2015-11-25 21:20:00 EST,43.11700,-73.57829,103,27.4,29.0,27.4,95.4,26.3,0.000,0.000,0.00,0.000,0.5,1.2,0.4,149,2,1.0,1.6,0.3,143,15,0.5,1.2,0.4,149,2,0,30.66,,0,0,0,35.9,39.1,43.2,0.14,0.14,0.08
SCHU,2015-11-25 21:25:00 EST,43.11700,-73.57829,103,27.8,29.0,27.8,95.8,26.8,0.000,0.000,0.00,0.000,1.1,1.5,0.3,151,9,1.4,2.2,0.3,138,10,1.1,1.5,0.3,151,9,0,30.66,,0,0,0,35.9,39.1,43.2,0.14,0.14,0.07
SCHU,2015-11-25 21:30:00 EST,43.11700,-73.57829,103,27.4,29.0,27.4,95.6,26.3,0.000,0.000,0.00,0.000,0.7,1.4,0.4,136,8,1.1,2.9,0.4,129,9,0.7,1.4,0.4,136,8,0,30.66,,0,0,0,35.9,39.1,43.1,0.14,0.14,0.08
SCHU,2015-11-25 21:35:00 EST,43.11700,-73.57829,103,27.7,29.0,27.7,96.3,26.7,0.000,0.000,0.00,0.000,0.3,1.1,0.4,161,13,0.9,1.6,0.3,147,24,0.3,1.1,0.4,161,13,0,30.66,,0,0,0,35.9,39.1,43.2,0.14,0.14,0.08
SCHU,2015-11-25 21:40:00 EST,43.11700,-73.57829,103,27.2,29.1,27.2,96.1,26.2,0.000,0.000,0.00,0.000,0.5,1.2,0.4,178,8,1.0,1.6,0.3,157,24,0.5,1.2,0.4,178,8,0,30.66,,0,0,0,35.8,39.1,43.2,0.14,0.14,0.08
SCHU,2015-11-25 21:45:00 EST,43.11700,-73.57829,103,27.5,29.0,27.5,96.3,26.6,0.000,0.000,0.00,0.000,0.0,0.0,0.0,0,0,0.5,1.1,0.2,218,60,0.0,0.0,0.0,0,0,0,30.66,,0,0,0,35.8,39.1,43.2,0.14,0.14,0.08
SCHU,2015-11-25 21:50:00 EST,43.11700,-73.57829,103,28.1,29.0,28.1,97.0,27.3,0.000,0.000,0.00,0.000,0.1,0.5,0.2,298,0,0.7,1.8,0.2,341,26,0.1,0.5,0.2,298,0,0,30.66,,0,0,0,35.8,39.1,43.2,0.14,0.14,0.08
SCHU,2015-11-25 21:55:00 EST,43.11700,-73.57829,103,27.6,29.3,27.6,96.0,26.6,0.000,0.000,0.00,0.000,1.0,1.5,0.3,326,16,1.4,2.2,0.3,335,14,1.0,1.5,0.3,326,16,0,30.66,,0,0,0,35.8,39.1,43.1,0.14,0.14,0.08
SCHU,2015-11-25 22:00:00 EST,43.11700,-73.57829,103,27.7,29.3,27.7,95.9,26.7,0.000,0.000,0.00,0.000,0.7,1.6,0.5,331,12,1.2,2.0,0.4,346,23,0.7,1.6,0.5,331,12,0,30.66,,0,0,0,35.8,39.1,43.2,0.14,0.14,0.08
SCHU,2015-11-25 22:05:00 EST,43.11700,-73.57829,103,27.2,29.6,27.2,95.0,26.0,0.000,0.000,0.00,0.000,0.0,0.0,0.0,0,0,0.5,1.3,0.4,57,45,0.0,0.0,0.0,0,0,0,30.66,,0,0,0,35.7,39.1,43.2,0.14,0.14,0.08
SCHU,2015-11-25 22:10:00 EST,43.11700,-73.57829,103,27.4,29.3,27.4,95.8,26.3,0.000,0.000,0.00,0.000,0.0,0.0,0.0,0,0,0.6,4.3,0.5,23,50,0.0,0.0,0.0,0,0,0,30.66,,0,0,0,35.7,39.1,43.2,0.14,0.14,0.08
SCHU,2015-11-25 22:15:00 EST,43.11700,-73.57829,103,27.4,29.2,27.4,96.5,26.6,0.000,0.000,0.00,0.000,0.0,0.0,0.0,0,0,0.4,1.1,0.2,333,63,0.0,0.0,0.0,0,0,0,30.66,,0,0,0,35.7,39.1,43.1,0.14,0.14,0.08
SCHU,2015-11-25 22:20:00 EST,43.11700,-73.57829,103,27.2,28.8,27.2,96.4,26.3,0.000,0.000,0.00,0.000,0.1,0.4,0.2,58,0,0.4,0.9,0.2,205,36,0.1,0.4,0.2,58,0,0,30.66,,0,0,0,35.7,39.1,43.2,0.14,0.14,0.08
SCHU,2015-11-25 22:25:00 EST,43.11700,-73.57829,103,27.8,28.7,27.8,97.2,27.1,0.000,0.000,0.00,0.000,0.0,0.0,0.0,0,0,0.5,3.6,0.5,74,60,0.0,0.0,0.0,0,0,0,30.66,,0,0,0,35.7,39.0,43.2,0.14,0.14,0.08
SCHU,2015-11-25 22:30:00 EST,43.11700,-73.57829,103,27.2,29.0,27.2,97.2,26.5,0.000,0.000,0.00,0.000,0.0,0.0,0.0,0,0,0.4,1.6,0.3,66,61,0.0,0.0,0.0,0,0,0,30.66,,0,0,0,35.7,39.1,43.1,0.14,0.13,0.08
SCHU,2015-11-25 22:35:00 EST,43.11700,-73.57829,103,27.3,29.0,27.3,97.2,26.7,0.000,0.000,0.00,0.000,0.0,0.0,0.0,0,0,0.4,1.6,0.2,320,52,0.0,0.0,0.0,0,0,0,30.66,,0,0,0,35.6,39.0,43.2,0.14,0.14,0.08
SCHU,2015-11-25 22:40:00 EST,43.11700,-73.57829,103,27.4,28.9,27.4,97.4,26.8,0.000,0.000,0.00,0.000,0.0,0.0,0.0,0,0,0.6,1.1,0.2,311,19,0.0,0.0,0.0,0,0,0,30.67,,0,0,0,35.6,39.0,43.2,0.14,0.14,0.08
SCHU,2015-11-25 22:45:00 EST,43.11700,-73.57829,103,27.2,28.7,27.2,97.2,26.5,0.000,0.000,0.00,0.000,0.1,0.9,0.3,288,0,0.7,1.3,0.2,286,11,0.1,0.9,0.3,288,0,0,30.67,,0,0,0,35.6,39.1,43.1,0.14,0.14,0.08
SCHU,2015-11-25 22:50:00 EST,43.11700,-73.57829,103,27.2,28.8,27.2,97.1,26.4,0.000,0.000,0.00,0.000,0.7,1.0,0.3,310,15,1.0,4.5,0.4,328,17,0.7,1.0,0.3,310,15,0,30.67,,0,0,0,35.5,39.0,43.2,0.14,0.14,0.08
SCHU,2015-11-25 22:55:00 EST,43.11700,-73.57829,103,27.5,29.0,27.5,97.3,26.8,0.000,0.000,0.00,0.000,0.7,1.1,0.2,337,5,1.2,2.2,0.2,347,14,0.7,1.1,0.2,337,5,0,30.67,,0,0,0,35.5,39.0,43.2,0.14,0.14,0.08
SCHU,2015-11-25 23:00:00 EST,43.11700,-73.57829,103,27.2,28.7,27.2,96.6,26.4,0.000,0.000,0.00,0.000,1.0,1.5,0.3,332,6,1.4,2.0,0.3,345,13,1.0,1.5,0.3,332,6,0,30.67,,0,0,0,35.5,39.0,43.2,0.14,0.14,0.08
SCHU,2015-11-25 23:05:00 EST,43.11700,-73.57829,103,27.4,28.7,27.4,96.6,26.5,0.000,0.000,0.00,0.000,0.3,0.8,0.3,344,0,0.8,1.3,0.2,346,13,0.3,0.8,0.3,344,0,0,30.67,,0,0,0,35.5,39.0,43.1,0.14,0.14,0.08
SCHU,2015-11-25 23:10:00 EST,43.11700,-73.57829,103,27.2,28.7,27.2,96.7,26.4,0.000,0.000,0.00,0.000,0.0,0.5,0.1,344,0,0.5,1.3,0.3,0,18,0.0,0.5,0.1,344,0,0,30.67,,0,0,0,35.5,39.0,43.2,0.14,0.14,0.08
SCHU,2015-11-25 23:15:00 EST,43.11700,-73.57829,103,27.3,28.6,27.3,97.0,26.5,0.000,0.000,0.00,0.000,0.1,0.6,0.2,339,5,0.7,1.3,0.2,325,15,0.1,0.6,0.2,339,5,0,30.67,,0,0,0,35.5,39.0,43.2,0.14,0.14,0.09
SCHU,2015-11-25 23:20:00 EST,43.11700,-73.57829,103,27.5,28.5,27.5,97.2,26.8,0.000,0.000,0.00,0.000,0.0,0.7,0.1,324,1,0.6,1.6,0.3,338,37,0.0,0.7,0.1,324,1,0,30.67,,0,0,0,35.4,39.0,43.1,0.14,0.14,0.08
SCHU,2015-11-25 23:25:00 EST,43.11700,-73.57829,103,27.3,28.5,27.3,97.5,26.7,0.000,0.000,0.00,0.000,0.0,0.4,0.1,13,0,0.6,2.0,0.3,54,32,0.0,0.4,0.1,13,0,0,30.68,,0,0,0,35.4,39.0,43.1,0.14,0.14,0.08
SCHU,2015-11-25 23:30:00 EST,43.11700,-73.57829,103,26.9,28.5,26.9,97.2,26.2,0.000,0.000,0.00,0.000,0.3,1.4,0.5,335,9,0.9,2.0,0.4,348,57,0.3,1.4,0.5,335,9,0,30.68,,0,0,0,35.4,39.0,43.1,0.14,0.14,0.08
SCHU,2015-11-25 23:35:00 EST,43.11700,-73.57829,103,26.9,28.6,26.9,97.2,26.2,0.000,0.000,0.00,0.000,1.0,2.6,0.9,306,52,1.4,2.9,0.7,303,68,1.0,2.6,0.9,306,52,0,30.68,,0,0,0,35.4,39.0,43.1,0.14,0.14,0.08
SCHU,2015-11-25 23:40:00 EST,43.11700,-73.57829,103,26.8,28.7,26.8,97.2,26.1,0.000,0.000,0.00,0.000,0.6,2.0,0.7,328,17,1.0,2.2,0.7,329,51,0.6,2.0,0.7,328,17,0,30.68,,0,0,0,35.4,39.0,43.1,0.14,0.14,0.08
SCHU,2015-11-25 23:45:00 EST,43.11700,-73.57829,103,26.7,28.6,26.7,97.2,26.1,0.000,0.000,0.00,0.000,0.4,1.2,0.4,308,10,0.8,1.3,0.3,319,15,0.4,1.2,0.4,308,10,0,30.68,,0,0,0,35.4,39.0,43.1,0.14,0.14,0.08
SCHU,2015-11-25 23:50:00 EST,43.11700,-73.57829,103,27.0,28.5,27.0,97.4,26.4,0.000,0.000,0.00,0.000,0.0,0.0,0.0,0,0,0.5,2.5,0.4,352,63,0.0,0.0,0.0,0,0,0,30.68,,0,0,0,35.3,39.0,43.1,0.14,0.14,0.08
SCHU,2015-11-25 23:55:00 EST,43.11700,-73.57829,103,27.1,28.6,27.1,97.7,26.5,0.000,0.000,0.00,0.000,0.0,0.4,0.0,3,0,0.5,1.6,0.3,40,50,0.0,0.4,0.0,3,0,0,30.68,,0,0,0,35.3,39.0,43.1,0.14,0.14,0.08
SPRA,2015-11-25 00:00:00 EST,42.87427,-74.50859,656,25.4,28.0,25.4,88.9,22.6,0.000,0.000,0.00,0.000,1.2,1.6,0.2,77,10,1.7,2.2,0.3,75,9,1.2,1.6,0.2,77,10,0,29.78,,0,0,0,34.3,39.8,45.1,0.39,0.41,0.48
SPRA,2015-11-25 00:05:00 EST,42.87427,-74.50859,656,25.5,28.1,25.5,88.8,22.7,0.000,0.000,0.00,0.000,1.5,2.0,0.3,76,12,2.0,2.7,0.4,73,13,1.5,2.0,0.3,76,12,0,29.78,,0,0,0,34.3,39.8,45.1,0.39,0.41,0.48
SPRA,2015-11-25 00:10:00 EST,42.87427,-74.50859,656,25.5,27.8,25.5,89.0,22.7,0.000,0.000,0.00,0.000,1.2,1.9,0.4,105,8,1.6,2.5,0.4,106,10,1.2,1.9,0.4,105,8,0,29.78,,0,0,0,34.3,39.8,45.1,0.39,0.41,0.48
SPRA,2015-11-25 00:15:00 EST,42.87427,-74.50859,656,25.1,28.8,25.1,90.0,22.6,0.000,0.000,0.00,0.000,0.8,1.6,0.6,113,5,1.3,2.2,0.5,120,19,0.8,1.6,0.6,113,5,0,29.78,,0,0,0,34.3,39.8,45.1,0.39,0.41,0.48
SPRA,2015-11-25 00:20:00 EST,42.87427,-74.50859,656,24.8,29.7,24.8,89.1,22.0,0.000,0.000,0.00,0.000,0.6,1.2,0.4,102,18,1.1,1.8,0.3,106,21,0.6,1.2,0.4,102,18,0,29.78,,0,0,0,34.3,39.8,45.1,0.39,0.41,0.48
SPRA,2015-11-25 00:25:00 EST,42.87427,-74.50859,656,25.0,30.2,25.0,89.2,22.3,0.000,0.000,0.00,0.000,0.9,1.3,0.2,93,0,1.4,2.0,0.2,106,9,0.9,1.3,0.2,93,0,0,29.78,,0,0,0,34.3,39.8,45.1,0.39,0.41,0.48
SPRA,2015-11-25 00:30:00 EST,42.87427,-74.50859,656,25.1,29.4,25.1,89.6,22.5,0.000,0.000,0.00,0.000,0.7,0.9,0.1,115,6,1.1,1.8,0.2,115,12,0.7,0.9,0.1,115,6,0,29.79,,0,0,0,34.3,39.8,45.1,0.39,0.41,0.48
SPRA,2015-11-25 00:35:00 EST,42.87427,-74.50859,656,25.5,29.6,25.5,90.5,23.1,0.000,0.000,0.00,0.000,1.1,1.5,0.2,122,3,1.4,1.8,0.2,125,7,1.1,1.5,0.2,122,3,0,29.79,,0,0,0,34.3,39.8,45.1,0.39,0.41,0.48
SPRA,2015-11-25 00:40:00 EST,42.87427,-74.50859,656,26.1,30.1,26.1,91.8,24.1,0.000,0.000,0.00,0.000,1.0,1.7,0.5,118,7,1.4,2.0,0.4,109,20,1.0,1.7,0.5,118,7,0,29.79,,0,0,0,34.3,39.8,45.1,0.39,0.41,0.48
SPRA,2015-11-25 00:45:00 EST,42.87427,-74.50859,656,26.1,29.3,26.1,90.7,23.8,0.000,0.000,0.00,0.000,1.2,2.6,1.0,86,4,1.8,3.1,0.8,82,12,1.2,2.6,1.0,86,4,0,29.79,,0,0,0,34.3,39.8,45.1,0.39,0.41,0.48
SPRA,2015-11-25 00:50:00 EST,42.87427,-74.50859,656,26.1,29.1,26.1,89.8,23.5,0.000,0.000,0.00,0.000,1.6,2.8,0.7,114,24,1.9,3.4,0.8,120,25,1.6,2.8,0.7,114,24,0,29.79,,0,0,0,34.3,39.8,45.1,0.39,0.41,0.48
SPRA,2015-11-25 00:55:00 EST,42.87427,-74.50859,656,26.3,27.8,26.3,90.1,23.8,0.000,0.000,0.00,0.000,0.2,1.0,0.3,198,20,0.7,1.6,0.4,209,45,0.2,1.0,0.3,198,20,0,29.79,,0,0,0,34.3,39.8,45.1,0.39,0.41,0.48
SPRA,2015-11-25 01:00:00 EST,42.87427,-74.50859,656,26.3,27.8,26.3,90.6,23.9,0.000,0.000,0.00,0.000,1.0,2.3,0.6,185,25,1.5,2.9,0.5,185,26,1.0,2.3,0.6,185,25,0,29.79,,0,0,0,34.3,39.8,45.1,0.39,0.41,0.48
SPRA,2015-11-25 01:05:00 EST,42.87427,-74.50859,656,27.0,28.2,27.0,90.4,24.6,0.000,0.000,0.00,0.000,0.7,1.8,0.5,189,29,1.2,2.0,0.3,177,31,0.7,1.8,0.5,189,29,0,29.79,,0,0,0,34.3,39.7,45.0,0.39,0.41,0.48
SPRA,2015-11-25 01:10:00 EST,42.87427,-74.50859,656,27.2,29.0,27.2,90.4,24.7,0.000,0.000,0.00,0.000,0.5,1.8,0.5,123,2,1.0,1.8,0.3,128,15,0.5,1.8,0.5,123,2,0,29.79,,0,0,0,34.3,39.7,45.1,0.39,0.41,0.48
SPRA,2015-11-25 01:15:00 EST,42.87427,-74.50859,656,27.7,29.4,27.7,89.8,25.1,0.000,0.000,0.00,0.000,1.8,3.1,0.7,141,9,2.0,3.4,0.6,139,8,1.8,3.1,0.7,141,9,0,29.79,,0,0,0,34.3,39.7,45.1,0.39,0.41,0.48
SPRA,2015-11-25 01:20:00 EST,42.87427,-74.50859,656,28.3,30.7,28.3,88.8,25.4,0.000,0.000,0.00,0.000,2.7,3.5,0.4,140,11,2.8,3.8,0.4,139,9,2.7,3.5,0.4,140,11,0,29.79,,0,0,0,34.3,39.8,45.0,0.39,0.41,0.48
SPRA,2015-11-25 01:25:00 EST,42.87427,-74.50859,656,27.6,30.0,27.6,88.8,24.8,0.000,0.000,0.00,0.000,1.6,2.8,0.7,66,28,1.9,3.4,0.8,64,29,1.6,2.8,0.7,66,28,0,29.79,,0,0,0,34.3,39.7,45.1,0.39,0.41,0.48
SPRA,2015-11-25 01:30:00 EST,42.87427,-74.50859,656,27.7,29.3,27.7,90.2,25.2,0.000,0.000,0.00,0.000,2.3,2.8,0.3,86,5,2.5,3.4,0.4,87,8,2.3,2.8,0.3,86,5,0,29.80,,0,0,0,34.3,39.7,45.1,0.39,0.41,0.48
SPRA,2015-11-25 01:35:00 EST,42.87427,-74.50859,656,27.9,28.9,27.9,90.7,25.5,0.000,0.000,0.00,0.000,1.8,3.4,0.7,81,35,2.1,4.0,0.7,84,33,1.8,3.4,0.7,81,35,0,29.80,,0,0,0,34.3,39.7,45.1,0.39,0.41,0.48
SPRA,2015-11-25 01:40:00 EST,42.87427,-74.50859,656,28.1,28.9,28.1,89.7,25.5,0.000,0.000,0.00,0.000,2.0,2.7,0.3,89,15,2.4,3.1,0.3,89,17,2.0,2.7,0.3,89,15,0,29.80,,0,0,0,34.3,39.7,45.0,0.39,0.41,0.48
SPRA,2015-11-25 01:45:00 EST,42.87427,-74.50859,656,28.3,29.4,24.3,89.1,25.5,0.000,0.000,0.00,0.000,3.5,5.3,1.1,105,13,3.8,6.0,1.3,106,14,3.5,5.3,1.1,105,13,0,29.80,,0,0,0,34.3,39.7,45.1,0.39,0.41,0.48
SPRA,2015-11-25 01:50:00 EST,42.87427,-74.50859,656,28.7,29.4,24.1,86.3,25.1,0.000,0.000,0.00,0.000,4.1,5.5,0.6,92,7,4.5,6.3,0.7,94,7,4.1,5.5,0.6,92,7,0,29.81,,0,0,0,34.3,39.7,45.0,0.39,0.41,0.48
SPRA,2015-11-25 01:55:00 EST,42.87427,-74.50859,656,29.3,30.0,24.6,85.2,25.4,0.000,0.000,0.00,0.000,4.3,5.9,0.9,108,11,4.6,6.7,1.1,111,11,4.3,5.9,0.9,108,11,0,29.81,,0,0,0,34.3,39.7,45.0,0.39,0.41,0.48
SPRA,2015-11-25 02:00:00 EST,42.87427,-74.50859,656,29.7,30.3,29.7,83.1,25.2,0.000,0.000,0.00,0.000,2.9,4.8,0.7,103,11,3.3,5.6,0.9,104,11,2.9,4.8,0.7,103,11,0,29.81,,0,0,0,34.3,39.7,45.0,0.39,0.41,0.48
SPRA,2015-11-25 02:05:00 EST,42.87427,-74.50859,656,29.6,30.2,29.6,83.6,25.2,0.000,0.000,0.00,0.000,2.9,4.6,0.8,111,14,3.2,5.1,0.8,113,13,2.9,4.6,0.8,111,14,0,29.81,,0,0,0,34.3,39.7,45.0,0.39,0.41,0.48
SPRA,2015-11-25 02:10:00 EST,42.87427,-74.50859,656,29.5,30.3,29.5,83.8,25.3,0.000,0.000,0.00,0.000,1.9,3.6,0.6,124,16,2.2,4.7,0.6,125,16,1.9,3.6,0.6,124,16,0,29.81,,0,0,0,34.3,39.7,45.0,0.39,0.41,0.48
SPRA,2015-11-25 02:15:00 EST,42.87427,-74.50859,656,29.8,30.6,29.8,84.0,25.6,0.000,0.000,0.00,0.000,2.5,4.2,0.7,116,13,2.8,4.9,0.8,117,13,2.5,4.2,0.7,116,13,0,29.81,,0,0,0,34.3,39.7,45.0,0.39,0.41,0.48
SPRA,2015-11-25 02:20:00 EST,42.87427,-74.50859,656,29.8,30.6,29.8,82.4,25.1,0.000,0.000,0.00,0.000,2.0,3.4,0.5,109,15,2.3,3.8,0.6,110,14,2.0,3.4,0.5,109,15,0,29.81,,0,0,0,34.3,39.7,45.0,0.39,0.41,0.48
SPRA,2015-11-25 02:25:00 EST,42.87427,-74.50859,656,29.5,30.1,29.5,83.6,25.1,0.000,0.000,0.00,0.000,2.7,4.1,0.7,95,17,3.0,4.9,0.8,96,17,2.7,4.1,0.7,95,17,0,29.82,,0,0,0,34.3,39.7,45.0,0.39,0.41,0.48
SPRA,2015-11-25 02:30:00 EST,42.87427,-74.50859,656,29.4,29.8,25.6,84.5,25.3,0.000,0.000,0.00,0.000,3.5,4.5,0.5,84,7,4.1,5.4,0.6,86,7,3.5,4.5,0.5,84,7,0,29.82,,0,0,0,34.3,39.7,45.0,0.39,0.41,0.48
SPRA,2015-11-25 02:35:00 EST,42.87427,-74.50859,656,29.4,30.1,29.4,84.8,25.4,0.000,0.000,0.00,0.000,2.9,4.0,0.5,97,9,3.3,4.5,0.7,98,9,2.9,4.0,0.5,97,9,0,29.82,,0,0,0,34.3,39.7,45.0,0.39,0.41,0.48
SPRA,2015-11-25 02:40:00 EST,42.87427,-74.50859,656,29.4,30.2,29.4,84.7,25.4,0.000,0.000,0.00,0.000,2.9,4.0,0.5,97,7,3.3,4.7,0.6,99,7,2.9,4.0,0.5,97,7,0,29.82,,0,0,0,34.3,39.7,45.0,0.39,0.41,0.48
SPRA,2015-11-25 02:45:00 EST,42.87427,-74.50859,656,29.3,30.2,29.3,85.4,25.5,0.000,0.000,0.00,0.000,2.7,3.5,0.4,111,8,2.9,4.3,0.5,115,9,2.7,3.5,0.4,111,8,0,29.82,,0,0,0,34.3,39.7,45.0,0.39,0.41,0.48
SPRA,2015-11-25 02:50:00 EST,42.87427,-74.50859,656,29.4,30.1,29.4,85.7,25.7,0.000,0.000,0.00,0.000,2.2,4.0,0.6,118,12,2.4,4.5,0.7,119,13,2.2,4.0,0.6,118,12,0,29.83,,0,0,0,34.3,39.7,45.0,0.39,0.41,0.48
SPRA,2015-11-25 02:55:00 EST,42.87427,-74.50859,656,29.4,29.9,29.4,86.1,25.7,0.000,0.000,0.00,0.000,1.0,2.6,0.7,101,62,1.3,2.9,0.6,86,73,1.0,2.6,0.7,101,62,0,29.83,,0,0,0,34.3,39.7,45.0,0.39,0.41,0.48
SPRA,2015-11-25 03:00:00 EST,42.87427,-74.50859,656,29.4,30.0,29.4,86.5,25.9,0.000,0.000,0.00,0.000,1.0,1.7,0.6,95,9,1.5,2.2,0.5,94,18,1.0,1.7,0.6,95,9,0,29.83,,0,0,0,34.3,39.7,45.0,0.39,0.41,0.48
SPRA,2015-11-25 03:05:00 EST,42.87427,-74.50859,656,29.6,30.5,29.6,85.6,25.8,0.000,0.000,0.00,0.000,1.8,2.9,0.5,102,12,2.2,3.1,0.5,103,15,1.8,2.9,0.5,102,12,0,29.83,,0,0,0,34.3,39.7,45.0,0.39,0.41,0.48
SPRA,2015-11-25 03:10:00 EST,42.87427,-74.50859,656,29.4,30.9,29.4,85.8,25.7,0.000,0.000,0.00,0.000,2.8,3.9,0.8,129,4,2.9,4.0,0.7,130,6,2.8,3.9,0.8,129,4,0,29.84,,0,0,0,34.3,39.7,45.0,0.39,0.41,0.48
SPRA,2015-11-25 03:15:00 EST,42.87427,-74.50859,656,29.3,29.6,29.3,87.5,26.0,0.000,0.000,0.00,0.000,0.8,1.5,0.4,11,53,1.2,2.2,0.4,4,46,0.8,1.5,0.4,11,53,0,29.84,,0,0,0,34.3,39.7,45.0,0.39,0.41,0.48
SPRA,2015-11-25 03:20:00 EST,42.87427,-74.50859,656,29.3,30.1,29.3,87.8,26.1,0.000,0.000,0.00,0.000,1.1,2.0,0.4,122,20,1.3,2.7,0.5,121,20,1.1,2.0,0.4,122,20,0,29.84,,0,0,0,34.3,39.7,45.0,0.39,0.41,0.48
SPRA,2015-11-25 03:25:00 EST,42.87427,-74.50859,656,29.1,29.9,29.1,88.3,26.1,0.000,0.000,0.00,0.000,0.9,1.6,0.5,138,15,1.2,2.0,0.3,135,17,0.9,1.6,0.5,138,15,0,29.84,,0,0,0,34.3,39.7,45.0,0.39,0.41,0.48
SPRA,2015-11-25 03:30:00 EST,42.87427,-74.50859,656,29.4,30.5,29.4,88.5,26.4,0.000,0.000,0.00,0.000,1.1,2.1,0.5,67,26,1.5,2.7,0.4,67,25,1.1,2.1,0.5,67,26,0,29.84,,0,0,0,34.3,39.7,45.0,0.39,0.41,0.48
SPRA,2015-11-25 03:35:00 EST,42.87427,-74.50859,656,29.7,30.8,29.7,87.5,26.4,0.000,0.000,0.00,0.000,2.7,3.5,0.5,88,10,3.1,4.3,0.5,88,12,2.7,3.5,0.5,88,10,0,29.84,,0,0,0,34.3,39.7,45.0,0.39,0.41,0.48
SPRA,2015-11-25 03:40:00 EST,42.87427,-74.50859,656,30.3,30.9,30.3,83.5,25.9,0.000,0.000,0.00,0.000,2.6,3.6,0.4,89,10,3.1,4.5,0.5,89,10,2.6,3.6,0.4,89,10,0,29.85,,0,0,0,34.3,39.7,45.0,0.39,0.41,0.48
SPRA,2015-11-25 03:45:00 EST,42.87427,-74.50859,656,30.3,30.9,26.7,83.0,25.8,0.000,0.000,0.00,0.000,3.5,4.9,0.5,110,11,3.8,5.1,0.5,112,12,3.5,4.9,0.5,110,11,0,29.85,,0,0,0,34.3,39.7,45.0,0.39,0.41,0.48
SPRA,2015-11-25 03:50:00 EST,42.87427,-74.50859,656,30.5,31.2,27.2,82.0,25.7,0.000,0.000,0.00,0.000,3.3,4.4,0.6,112,9,3.6,5.4,0.7,115,10,3.3,4.4,0.6,112,9,0,29.85,,0,0,0,34.3,39.6,44.9,0.39,0.41,0.48
SPRA,2015-11-25 03:55:00 EST,42.87427,-74.50859,656,30.1,30.7,30.1,83.2,25.6,0.000,0.000,0.00,0.000,2.6,3.7,0.6,72,19,2.9,4.5,0.8,73,18,2.6,3.7,0.6,72,19,0,29.85,,0,0,0,34.4,39.6,45.0,0.39,0.41,0.47
SPRA,2015-11-25 04:00:00 EST,42.87427,-74.50859,656,29.6,30.2,29.6,85.2,25.7,0.000,0.000,0.00,0.000,2.8,3.7,0.5,58,8,3.0,4.5,0.7,58,8,2.8,3.7,0.5,58,8,0,29.86,,0,0,0,34.3,39.6,45.0,0.39,0.41,0.47
SPRA,2015-11-25 04:05:00 EST,42.87427,-74.50859,656,29.7,30.6,25.7,85.3,25.8,0.000,0.000,0.00,0.000,3.8,4.4,0.3,89,8,4.4,5.1,0.3,90,8,3.8,4.4,0.3,89,8,0,29.86,,0,0,0,34.3,39.6,45.0,0.39,0.41,0.47
SPRA,2015-11-25 04:10:00 EST,42.87427,-74.50859,656,29.8,30.7,29.8,84.4,25.7,0.000,0.000,0.00,0.000,2.7,3.9,0.7,94,14,3.1,4.7,0.8,95,15,2.7,3.9,0.7,94,14,0,29.86,,0,0,0,34.3,39.6,45.0,0.39,0.41,0.47
SPRA,2015-11-25 04:15:00 EST,42.87427,-74.50859,656,29.6,30.1,29.6,85.4,25.7,0.000,0.000,0.00,0.000,2.7,4.0,0.6,82,14,3.2,5.4,0.8,82,14,2.7,4.0,0.6,82,14,0,29.86,,0,0,0,34.3,39.6,44.9,0.39,0.41,0.47
SPRA,2015-11-25 04:20:00 EST,42.87427,-74.50859,656,29.4,29.8,29.4,86.2,25.8,0.000,0.000,0.00,0.000,2.9,4.2,0.7,85,8,3.4,5.1,0.8,85,8,2.9,4.2,0.7,85,8,0,29.87,,0,0,0,34.3,39.6,45.0,0.39,0.41,0.47
SPRA,2015-11-25 04:25:00 EST,42.87427,-74.50859,656,29.2,29.5,29.2,87.1,25.8,0.000,0.000,0.00,0.000,2.7,4.5,0.8,84,20,3.1,5.4,0.9,84,21,2.7,4.5,0.8,84,20,0,29.87,,0,0,0,34.4,39.6,45.0,0.39,0.41,0.47
SPRA,2015-11-25 04:30:00 EST,42.87427,-74.50859,656,29.4,29.8,25.5,86.8,25.9,0.000,0.000,0.00,0.000,3.6,4.5,0.7,102,7,4.1,5.6,0.8,102,8,3.6,4.5,0.7,102,7,0,29.87,,0,0,0,34.3,39.6,45.0,0.39,0.41,0.47
SPRA,2015-11-25 04:35:00 EST,42.87427,-74.50859,656,29.4,29.8,25.2,86.3,25.8,0.000,0.000,0.00,0.000,3.9,4.7,0.7,89,5,4.4,5.6,0.8,91,5,3.9,4.7,0.7,89,5,0,29.88,,0,0,0,34.4,39.6,45.0,0.39,0.41,0.47
SPRA,2015-11-25 04:40:00 EST,42.87427,-74.50859,656,29.1,29.6,29.1,87.0,25.8,0.000,0.000,0.00,0.000,2.5,4.5,1.1,75,26,2.9,5.1,1.3,75,27,2.5,4.5,1.1,75,26,0,29.88,,0,0,0,34.3,39.6,44.9,0.39,0.41,0.47
SPRA,2015-11-25 04:45:00 EST,42.87427,-74.50859,656,28.9,29.4,28.9,88.6,26.0,0.000,0.000,0.00,0.000,1.8,2.4,0.3,358,17,2.1,3.4,0.5,357,18,1.8,2.4,0.3,358,17,0,29.88,,0,0,0,34.3,39.6,45.0,0.39,0.41,0.47
SPRA,2015-11-25 04:50:00 EST,42.87427,-74.50859,656,29.0,29.4,29.0,88.4,26.0,0.000,0.000,0.00,0.000,1.7,2.4,0.3,58,13,2.0,2.9,0.4,58,12,1.7,2.4,0.3,58,13,0,29.88,,0,0,0,34.3,39.6,45.0,0.39,0.41,0.47
SPRA,2015-11-25 04:55:00 EST,42.87427,-74.50859,656,28.9,29.3,28.9,87.9,25.8,0.000,0.000,0.00,0.000,2.2,2.9,0.3,53,8,2.3,3.6,0.4,52,8,2.2,2.9,0.3,53,8,0,29.88,,0,0,0,34.3,39.6,44.9,0.39,0.41,0.47
SPRA,2015-11-25 05:00:00 EST,42.87427,-74.50859,656,28.8,29.3,28.8,87.6,25.6,0.000,0.000,0.00,0.000,2.5,3.1,0.3,68,8,2.8,3.8,0.5,66,9,2.5,3.1,0.3,68,8,0,29.88,,0,0,0,34.4,39.6,45.0,0.39,0.41,0.47
SPRA,2015-11-25 05:05:00 EST,42.87427,-74.50859,656,28.5,29.4,28.5,88.5,25.6,0.000,0.000,0.00,0.000,2.2,2.8,0.3,68,9,2.6,3.4,0.3,68,10,2.2,2.8,0.3,68,9,0,29.89,,0,0,0,34.4,39.6,45.0,0.39,0.41,0.47
SPRA,2015-11-25 05:10:00 EST,42.87427,-74.50859,656,28.5,29.4,28.5,89.2,25.7,0.000,0.000,0.00,0.000,0.9,2.3,0.7,86,2,1.4,2.9,0.6,86,9,0.9,2.3,0.7,86,2,0,29.89,,0,0,0,34.3,39.6,44.9,0.39,0.41,0.47
SPRA,2015-11-25 05:15:00 EST,42.87427,-74.50859,656,28.3,29.2,28.3,89.8,25.7,0.000,0.000,0.00,0.000,0.6,1.8,0.6,149,12,1.3,2.0,0.4,142,18,0.6,1.8,0.6,149,12,0,29.89,,0,0,0,34.4,39.6,44.9,0.39,0.41,0.47
SPRA,2015-11-25 05:20:00 EST,42.87427,-74.50859,656,28.2,29.5,28.2,90.3,25.7,0.000,0.000,0.00,0.000,1.0,1.9,0.5,112,8,1.4,2.2,0.4,112,15,1.0,1.9,0.5,112,8,0,29.89,,0,0,0,34.3,39.6,44.9,0.39,0.41,0.47
SPRA,2015-11-25 05:25:00 EST,42.87427,-74.50859,656,28.7,29.6,28.7,89.3,25.9,0.000,0.000,0.00,0.000,2.0,3.4,0.5,103,11,2.4,3.8,0.6,105,12,2.0,3.4,0.5,103,11,0,29.89,,0,0,0,34.3,39.6,44.9,0.39,0.41,0.47
SPRA,2015-11-25 05:30:00 EST,42.87427,-74.50859,656,28.6,29.7,28.6,87.3,25.3,0.000,0.000,0.00,0.000,2.1,3.1,0.5,109,16,2.4,3.8,0.6,112,16,2.1,3.1,0.5,109,16,0,29.89,,0,0,0,34.3,39.6,44.9,0.39,0.41,0.47
SPRA,2015-11-25 05:35:00 EST,42.87427,-74.50859,656,28.5,29.7,28.5,86.7,25.0,0.000,0.000,0.00,0.000,1.9,3.4,0.5,117,17,2.1,4.0,0.6,116,18,1.9,3.4,0.5,117,17,0,29.90,,0,0,0,34.4,39.6,44.9,0.39,0.41,0.47
SPRA,2015-11-25 05:40:00 EST,42.87427,-74.50859,656,28.3,29.7,28.3,86.4,24.7,0.000,0.000,0.00,0.000,1.3,2.7,0.7,92,9,1.7,3.6,0.7,91,14,1.3,2.7,0.7,92,9,0,29.90,,0,0,0,34.3,39.6,44.9,0.39,0.41,0.47
SPRA,2015-11-25 05:45:00 EST,42.87427,-74.50859,656,26.3,29.2,26.3,85.1,22.4,0.000,0.000,0.00,0.000,0.3,1.3,0.4,119,15,1.0,1.8,0.3,115,18,0.3,1.3,0.4,119,15,0,29.90,,0,0,0,34.3,39.6,44.9,0.39,0.41,0.47
SPRA,2015-11-25 05:50:00 EST,42.87427,-74.50859,656,25.8,29.4,25.8,88.1,22.7,0.000,0.000,0.00,0.000,1.8,2.6,0.3,135,8,1.9,2.7,0.3,135,7,1.8,2.6,0.3,135,8,0,29.90,,0,0,0,34.3,39.6,44.9,0.39,0.41,0.47
SPRA,2015-11-25 05:55:00 EST,42.87427,-74.50859,656,27.9,29.7,27.9,90.0,25.3,0.000,0.000,0.00,0.000,2.0,3.4,0.6,99,10,2.4,4.3,0.7,101,12,2.0,3.4,0.6,99,10,0,29.90,,0,0,0,34.3,39.6,44.9,0.39,0.41,0.47
SPRA,2015-11-25 06:00:00 EST,42.87427,-74.50859,656,27.9,29.7,27.9,86.0,24.2,0.000,0.000,0.00,0.000,2.3,3.6,0.7,108,12,2.6,4.3,0.8,111,13,2.3,3.6,0.7,108,12,0,29.91,,0,0,0,34.3,39.6,44.9,0.39,0.41,0.47
SPRA,2015-11-25 06:05:00 EST,42.87427,-74.50859,656,27.5,29.9,24.1,86.4,24.0,0.000,0.000,0.00,0.000,3.1,4.6,0.7,112,11,3.4,5.1,0.9,114,11,3.1,4.6,0.7,112,11,0,29.91,,0,0,0,34.3,39.6,44.9,0.39,0.41,0.47
SPRA,2015-11-25 06:10:00 EST,42.87427,-74.50859,656,28.1,30.0,28.1,85.0,24.2,0.000,0.000,0.00,0.000,3.0,5.1,0.7,110,10,3.3,6.3,0.9,112,10,3.0,5.1,0.7,110,10,0,29.91,,0,0,0,34.3,39.6,44.9,0.39,0.41,0.47
SPRA,2015-11-25 06:15:00 EST,42.87427,-74.50859,656,26.9,30.0,26.9,84.6,22.9,0.000,0.000,0.00,0.000,2.3,3.5,0.5,111,11,2.6,4.3,0.6,114,12,2.3,3.5,0.5,111,11,0,29.91,,0,0,0,34.3,39.6,44.9,0.39,0.41,0.47
SPRA,2015-11-25 06:20:00 EST,42.87427,-74.50859,656,25.0,29.8,25.0,84.8,21.1,0.000,0.000,0.00,0.000,2.7,3.5,0.3,112,8,2.9,4.0,0.4,116,9,2.7,3.5,0.3,112,8,0,29.92,,0,0,0,34.3,39.6,44.9,0.39,0.41,0.47
SPRA,2015-11-25 06:25:00 EST,42.87427,-74.50859,656,25.9,29.7,25.9,88.1,22.9,0.000,0.000,0.00,0.000,2.6,3.7,0.3,105,6,2.9,4.3,0.4,107,8,2.6,3.7,0.3,105,6,0,29.92,,0,0,0,34.3,39.6,44.8,0.39,0.41,0.47
SPRA,2015-11-25 06:30:00 EST,42.87427,-74.50859,656,27.0,29.6,27.0,87.3,23.7,0.000,0.000,0.00,0.000,2.5,3.5,0.6,113,8,2.7,4.3,0.6,117,9,2.5,3.5,0.6,113,8,0,29.92,,0,0,0,34.2,39.6,44.9,0.39,0.41,0.47
SPRA,2015-11-25 06:35:00 EST,42.87427,-74.50859,656,27.6,29.8,23.8,86.7,24.1,0.000,0.000,0.00,0.000,3.3,4.7,0.4,116,9,3.6,5.6,0.6,119,9,3.3,4.7,0.4,116,9,0,29.92,,0,0,0,34.2,39.6,44.8,0.39,0.41,0.47
SPRA,2015-11-25 06:40:00 EST,42.87427,-74.50859,656,27.0,29.4,22.3,85.4,23.2,0.000,0.000,0.00,0.000,4.0,5.0,0.5,123,6,4.1,5.4,0.5,126,6,4.0,5.0,0.5,123,6,0,29.92,,0,0,0,34.2,39.6,44.8,0.39,0.41,0.47
SPRA,2015-11-25 06:45:00 EST,42.87427,-74.50859,656,27.4,29.4,22.9,85.9,23.7,0.000,0.000,0.00,0.000,3.8,4.5,0.3,122,5,4.0,4.7,0.3,126,4,3.8,4.5,0.3,122,5,1,29.92,,0,0,0,34.2,39.6,44.8,0.39,0.41,0.47
SPRA,2015-11-25 06:50:00 EST,42.87427,-74.50859,656,27.6,29.0,22.7,84.7,23.6,0.000,0.000,0.00,0.000,4.3,5.0,0.4,122,5,4.4,5.1,0.4,126,5,4.3,5.0,0.4,122,5,1,29.93,,0,0,0,34.2,39.6,44.8,0.39,0.41,0.47
SPRA,2015-11-25 06:55:00 EST,42.87427,-74.50859,656,27.6,29.1,22.4,84.4,23.5,0.000,0.000,0.00,0.000,4.5,5.5,0.4,105,6,5.1,6.3,0.6,106,7,4.5,5.5,0.4,105,6,2,29.93,,0,0,0,34.2,39.6,44.8,0.39,0.41,0.47
SPRA,2015-11-25 07:00:00 EST,42.87427,-74.50859,656,27.8,28.7,22.6,84.0,23.6,0.000,0.000,0.00,0.000,4.6,5.8,0.6,107,7,5.1,6.5,0.7,108,7,4.6,5.8,0.6,107,7,3,29.93,,0,0,0,34.2,39.6,44.8,0.39,0.41,0.47
SPRA,2015-11-25 07:05:00 EST,42.87427,-74.50859,656,26.7,28.3,22.0,83.7,22.4,0.000,0.000,0.00,0.000,3.9,5.0,0.5,110,5,4.3,5.4,0.6,111,6,3.9,5.0,0.5,110,5,5,29.93,,0,0,0,34.2,39.6,44.8,0.39,0.41,0.47
SPRA,2015-11-25 07:10:00 EST,42.87427,-74.50859,656,26.0,28.0,22.3,86.5,22.5,0.000,0.000,0.00,0.000,3.2,3.7,0.3,109,5,3.5,4.3,0.4,111,6,3.2,3.7,0.3,109,5,8,29.93,,0,0,0,34.2,39.6,44.8,0.39,0.41,0.47
SPRA,2015-11-25 07:15:00 EST,42.87427,-74.50859,656,25.4,27.8,21.0,86.7,22.0,0.000,0.000,0.00,0.000,3.6,4.3,0.3,102,4,4.0,4.9,0.4,104,4,3.6,4.3,0.3,102,4,10,29.93,,0,0,0,34.1,39.6,44.8,0.39,0.41,0.47
SPRA,2015-11-25 07:20:00 EST,42.87427,-74.50859,656,25.5,27.8,21.1,87.5,22.3,0.000,0.000,0.00,0.000,3.6,4.3,0.4,86,6,4.1,5.1,0.6,88,6,3.6,4.3,0.4,86,6,13,29.94,,0,0,0,34.2,39.6,44.8,0.39,0.41,0.47
SPRA,2015-11-25 07:25:00 EST,42.87427,-74.50859,656,25.4,27.3,20.3,85.7,21.8,0.000,0.000,0.00,0.000,4.2,4.7,0.2,78,2,4.9,5.6,0.3,79,3,4.2,4.7,0.2,78,2,16,29.94,,0,0,0,34.1,39.6,44.8,0.39,0.41,0.47
SPRA,2015-11-25 07:30:00 EST,42.87427,-74.50859,656,25.7,27.4,21.3,86.1,22.2,0.000,0.000,0.00,0.000,3.7,4.2,0.2,72,5,4.3,5.1,0.3,74,5,3.7,4.2,0.2,72,5,18,29.95,,0,0,0,34.1,39.6,44.8,0.39,0.41,0.47
SPRA,2015-11-25 07:35:00 EST,42.87427,-74.50859,656,25.4,27.3,21.0,85.6,21.7,0.000,0.000,0.00,0.000,3.6,4.1,0.2,69,4,4.2,4.9,0.4,70,5,3.6,4.1,0.2,69,4,21,29.95,,0,0,0,34.2,39.6,44.8,0.39,0.41,0.47
SPRA,2015-11-25 07:40:00 EST,42.87427,-74.50859,656,25.6,27.2,21.6,86.3,22.0,0.000,0.000,0.00,0.000,3.3,4.1,0.3,71,5,3.9,4.9,0.4,71,5,3.3,4.1,0.3,71,5,23,29.95,,0,0,0,34.2,39.5,44.8,0.39,0.41,0.47
SPRA,2015-11-25 07:45:00 EST,42.87427,-74.50859,656,25.8,27.3,21.9,86.1,22.2,0.000,0.000,0.00,0.000,3.2,3.8,0.2,75,7,3.8,4.5,0.3,76,7,3.2,3.8,0.2,75,7,47,29.96,,0,0,0,34.1,39.6,44.8,0.39,0.41,0.47
SPRA,2015-11-25 07:50:00 EST,42.87427,-74.50859,656,26.3,27.5,22.3,85.4,22.5,0.000,0.000,0.00,0.000,3.4,3.9,0.2,82,6,3.9,4.5,0.3,83,7,3.4,3.9,0.2,82,6,79,29.96,,0,0,0,34.1,39.5,44.8,0.39,0.41,0.47
SPRA,2015-11-25 07:55:00 EST,42.87427,-74.50859,656,26.8,27.6,23.2,84.3,22.7,0.000,0.000,0.00,0.000,3.2,3.7,0.2,70,5,3.7,4.5,0.4,71,5,3.2,3.7,0.2,70,5,94,29.96,,0,0,0,34.1,39.6,44.8,0.39,0.41,0.47
SPRA,2015-11-25 08:00:00 EST,42.87427,-74.50859,656,27.0,27.8,23.2,84.2,22.9,0.000,0.000,0.00,0.000,3.3,4.0,0.3,76,5,3.9,5.1,0.4,77,5,3.3,4.0,0.3,76,5,109,29.96,,0,0,0,34.1,39.5,44.8,0.39,0.41,0.47
SPRA,2015-11-25 08:05:00 EST,42.87427,-74.50859,656,27.6,28.1,23.6,84.0,23.4,0.000,0.000,0.00,0.000,3.6,4.0,0.2,64,5,4.0,4.7,0.4,65,6,3.6,4.0,0.2,64,5,122,29.96,,0,0,0,34.1,39.6,44.8,0.39,0.41,0.46
SPRA,2015-11-25 08:10:00 EST,42.87427,-74.50859,656,28.1,28.4,24.6,83.6,23.8,0.000,0.000,0.00,0.000,3.2,4.1,0.4,76,8,3.8,4.9,0.5,77,8,3.2,4.1,0.4,76,8,134,29.97,,0,0,0,34.1,39.5,44.8,0.39,0.41,0.46
SPRA,2015-11-25 08:15:00 EST,42.87427,-74.50859,656,28.7,28.8,24.8,81.7,23.8,0.000,0.000,0.00,0.000,3.6,4.5,0.4,88,6,4.0,5.1,0.5,90,6,3.6,4.5,0.4,88,6,146,29.97,,0,0,0,34.1,39.6,44.8,0.39,0.41,0.46
SPRA,2015-11-25 08:20:00 EST,42.87427,-74.50859,656,29.4,29.2,25.5,80.9,24.3,0.000,0.000,0.00,0.000,3.7,4.8,0.5,89,6,4.2,5.6,0.6,90,7,3.7,4.8,0.5,89,6,158,29.97,,0,0,0,34.1,39.6,44.8,0.39,0.41,0.46
SPRA,2015-11-25 08:25:00 EST,42.87427,-74.50859,656,29.7,29.4,25.6,81.2,24.7,0.000,0.000,0.00,0.000,3.9,4.7,0.5,70,8,4.4,5.6,0.5,71,8,3.9,4.7,0.5,70,8,169,29.98,,0,0,0,34.1,39.5,44.8,0.39,0.41,0.46
SPRA,2015-11-25 08:30:00 EST,42.87427,-74.50859,656,29.9,29.4,25.8,82.9,25.3,0.000,0.000,0.00,0.000,3.8,5.0,0.6,72,6,4.4,5.8,0.7,74,6,3.8,5.0,0.6,72,6,181,29.98,,0,0,0,34.1,39.5,44.8,0.39,0.41,0.46
SPRA,2015-11-25 08:35:00 EST,42.87427,-74.50859,656,30.2,29.5,26.7,83.2,25.8,0.000,0.000,0.00,0.000,3.4,4.7,0.6,78,8,4.0,5.6,0.7,79,9,3.4,4.7,0.6,78,8,192,29.98,,0,0,0,34.1,39.6,44.8,0.39,0.41,0.46
SPRA,2015-11-25 08:40:00 EST,42.87427,-74.50859,656,30.3,29.6,26.2,83.5,25.9,0.000,0.000,0.00,0.000,3.9,5.3,0.7,74,9,4.5,6.0,0.8,76,8,3.9,5.3,0.7,74,9,203,29.98,,0,0,0,34.1,39.5,44.8,0.39,0.41,0.46
SPRA,2015-11-25 08:45:00 EST,42.87427,-74.50859,656,30.6,29.8,26.9,83.1,26.0,0.000,0.000,0.00,0.000,3.6,4.6,0.6,78,8,4.3,5.4,0.7,80,8,3.6,4.6,0.6,78,8,214,29.98,,0,0,0,34.1,39.5,44.8,0.39,0.41,0.46
SPRA,2015-11-25 08:50:00 EST,42.87427,-74.50859,656,30.9,30.0,26.3,81.9,26.0,0.000,0.000,0.00,0.000,4.5,6.1,1.0,81,12,5.1,7.2,1.2,83,11,4.5,6.1,1.0,81,12,225,29.98,,0,0,0,34.1,39.5,44.8,0.39,0.41,0.46
SPRA,2015-11-25 08:55:00 EST,42.87427,-74.50859,656,30.7,30.0,25.2,81.9,25.8,0.000,0.000,0.00,0.000,5.3,6.4,0.5,70,6,6.0,7.2,0.6,73,6,5.3,6.4,0.5,70,6,237,29.98,,0,0,0,34.1,39.5,44.8,0.39,0.41,0.46
SPRA,2015-11-25 09:00:00 EST,42.87427,-74.50859,656,30.9,30.2,25.5,81.5,25.9,0.000,0.000,0.00,0.000,5.2,6.1,0.5,73,7,5.9,7.2,0.7,74,6,5.2,6.1,0.5,73,7,247,29.98,,0,0,0,34.1,39.5,44.8,0.39,0.41,0.46
SPRA,2015-11-25 09:05:00 EST,42.87427,-74.50859,656,31.4,30.6,27.0,80.8,26.2,0.000,0.000,0.00,0.000,4.4,5.8,0.7,71,8,5.0,6.5,0.8,72,8,4.4,5.8,0.7,71,8,257,29.98,,0,0,0,34.1,39.5,44.8,0.39,0.41,0.46
SPRA,2015-11-25 09:10:00 EST,42.87427,-74.50859,656,31.7,30.9,27.0,79.5,26.1,0.000,0.000,0.00,0.000,4.7,6.4,0.6,69,6,5.3,6.9,0.7,71,6,4.7,6.4,0.6,69,6,268,29.98,,0,0,0,34.1,39.5,44.8,0.39,0.41,0.46
SPRA,2015-11-25 09:15:00 EST,42.87427,-74.50859,656,32.1,31.3,27.9,78.7,26.3,0.000,0.000,0.00,0.000,4.3,5.6,0.5,72,5,5.0,6.5,0.6,74,5,4.3,5.6,0.5,72,5,279,29.99,,0,0,0,34.1,39.5,44.8,0.39,0.41,0.46
SPRA,2015-11-25 09:20:00 EST,42.87427,-74.50859,656,32.2,31.4,28.2,78.6,26.3,0.000,0.000,0.00,0.000,4.1,5.2,0.5,56,11,4.5,5.8,0.7,59,12,4.1,5.2,0.5,56,11,289,29.99,,0,0,0,34.1,39.5,44.8,0.39,0.41,0.46
SPRA,2015-11-25 09:25:00 EST,42.87427,-74.50859,656,32.8,31.8,29.1,78.8,26.9,0.000,0.000,0.00,0.000,3.8,5.3,0.6,63,9,4.2,5.6,0.7,65,9,3.8,5.3,0.6,63,9,299,29.99,,0,0,0,34.1,39.5,44.8,0.39,0.41,0.46
SPRA,2015-11-25 09:30:00 EST,42.87427,-74.50859,656,32.8,32.0,28.2,77.0,26.4,0.000,0.000,0.00,0.000,4.8,6.2,0.5,66,9,5.2,6.7,0.6,67,10,4.8,6.2,0.5,66,9,309,29.99,,0,0,0,34.1,39.5,44.8,0.39,0.41,0.46
SPRA,2015-11-25 09:35:00 EST,42.87427,-74.50859,656,33.1,32.3,28.9,77.0,26.7,0.000,0.000,0.00,0.000,4.4,6.0,0.7,62,9,4.8,6.7,0.8,63,10,4.4,6.0,0.7,62,9,316,29.99,,0,0,0,34.1,39.5,44.8,0.39,0.41,0.46
SPRA,2015-11-25 09:40:00 EST,42.87427,-74.50859,656,33.7,32.8,29.9,76.5,27.1,0.000,0.000,0.00,0.000,4.1,5.9,0.6,63,12,4.6,6.9,0.8,65,12,4.1,5.9,0.6,63,12,327,29.99,,0,0,0,34.2,39.4,44.8,0.39,0.41,0.46
SPRA,2015-11-25 09:45:00 EST,42.87427,-74.50859,656,33.9,33.0,29.8,75.7,27.0,0.000,0.000,0.00,0.000,4.4,5.6,0.7,61,12,4.9,6.3,0.7,62,12,4.4,5.6,0.7,61,12,336,29.99,,0,0,0,34.2,39.5,44.8,0.39,0.41,0.46
SPRA,2015-11-25 09:50:00 EST,42.87427,-74.50859,656,34.3,33.4,30.7,75.1,27.2,0.000,0.000,0.00,0.000,4.0,5.8,0.8,72,10,4.6,6.7,0.9,72,10,4.0,5.8,0.8,72,10,346,29.99,,0,0,0,34.2,39.5,44.8,0.39,0.41,0.46
SPRA,2015-11-25 09:55:00 EST,42.87427,-74.50859,656,34.6,33.7,30.5,74.0,27.1,0.000,0.000,0.00,0.000,4.5,5.8,0.7,64,9,5.0,6.5,0.8,65,9,4.5,5.8,0.7,64,9,355,30.00,,0,0,0,34.3,39.5,44.8,0.39,0.41,0.46
SPRA,2015-11-25 10:00:00 EST,42.87427,-74.50859,656,35.0,34.0,31.1,73.5,27.4,0.000,0.000,0.00,0.000,4.4,6.2,0.9,63,10,4.9,7.4,1.1,64,10,4.4,6.2,0.9,63,10,363,30.00,,0,0,0,34.4,39.4,44.8,0.39,0.41,0.46
SPRA,2015-11-25 10:05:00 EST,42.87427,-74.50859,656,34.7,34.1,30.3,72.5,26.8,0.000,0.000,0.00,0.000,5.0,6.5,0.6,51,9,5.1,6.9,0.8,52,8,5.0,6.5,0.6,51,9,367,30.00,,0,0,0,34.5,39.4,44.8,0.39,0.41,0.46
SPRA,2015-11-25 10:10:00 EST,42.87427,-74.50859,656,35.6,34.8,31.9,73.5,28.0,0.000,0.000,0.00,0.000,4.4,5.5,0.5,55,12,4.9,6.3,0.7,55,11,4.4,5.5,0.5,55,12,370,30.00,,0,0,0,34.5,39.5,44.8,0.39,0.41,0.46
SPRA,2015-11-25 10:15:00 EST,42.87427,-74.50859,656,35.4,34.6,31.4,71.5,27.1,0.000,0.000,0.00,0.000,4.6,6.4,0.8,42,9,4.9,6.3,0.7,43,8,4.6,6.4,0.8,42,9,369,30.01,,0,0,0,34.6,39.4,44.8,0.39,0.41,0.46
SPRA,2015-11-25 10:20:00 EST,42.87427,-74.50859,656,36.0,35.1,32.1,71.7,27.8,0.000,0.000,0.00,0.000,4.6,6.2,0.7,40,13,4.9,7.4,0.9,41,11,4.6,6.2,0.7,40,13,391,30.01,,0,0,0,34.7,39.4,44.8,0.39,0.41,0.46
SPRA,2015-11-25 10:25:00 EST,42.87427,-74.50859,656,36.5,35.6,32.5,70.3,27.7,0.000,0.000,0.00,0.000,4.8,7.6,1.1,44,12,5.2,9.2,1.2,46,11,4.8,7.6,1.1,44,12,391,30.01,,0,0,0,34.9,39.4,44.8,0.39,0.41,0.46
SPRA,2015-11-25 10:30:00 EST,42.87427,-74.50859,656,36.5,35.8,32.8,69.9,27.6,0.000,0.000,0.00,0.000,4.5,6.1,0.7,41,10,4.9,6.5,0.7,42,10,4.5,6.1,0.7,41,10,380,30.01,,0,0,0,34.9,39.4,44.8,0.39,0.41,0.46
SPRA,2015-11-25 10:35:00 EST,42.87427,-74.50859,656,36.7,35.9,32.6,69.0,27.5,0.000,0.000,0.00,0.000,4.9,6.9,0.7,47,7,5.1,7.4,0.9,49,7,4.9,6.9,0.7,47,7,376,30.00,,0,0,0,34.9,39.4,44.8,0.39,0.41,0.46
SPRA,2015-11-25 10:40:00 EST,42.87427,-74.50859,656,37.3,36.3,32.8,68.9,28.0,0.000,0.000,0.00,0.000,5.7,8.0,1.0,53,9,6.0,8.1,0.9,54,8,5.7,8.0,1.0,53,9,405,30.00,,0,0,0,35.1,39.4,44.8,0.39,0.41,0.46
SPRA,2015-11-25 10:45:00 EST,42.87427,-74.50859,656,37.4,36.6,33.4,68.4,28.0,0.000,0.000,0.00,0.000,5.1,6.8,0.7,61,11,5.6,8.1,0.8,63,11,5.1,6.8,0.7,61,11,413,30.00,,0,0,0,35.2,39.4,44.8,0.39,0.41,0.46
SPRA,2015-11-25 10:50:00 EST,42.87427,-74.50859,656,38.5,37.2,34.9,67.7,28.8,0.000,0.000,0.00,0.000,4.8,7.0,1.1,75,13,5.5,8.1,1.1,76,14,4.8,7.0,1.1,75,13,417,30.00,,0,0,0,35.4,39.4,44.7,0.39,0.41,0.46
SPRA,2015-11-25 10:55:00 EST,42.87427,-74.50859,656,38.2,37.2,34.0,66.2,27.9,0.000,0.000,0.00,0.000,5.5,7.1,0.8,68,8,6.1,8.3,1.0,71,8,5.5,7.1,0.8,68,8,426,30.00,,0,0,0,35.5,39.4,44.7,0.39,0.41,0.46
SPRA,2015-11-25 11:00:00 EST,42.87427,-74.50859,656,38.5,37.4,34.2,66.6,28.4,0.000,0.000,0.00,0.000,5.8,7.8,0.9,69,9,6.4,8.7,1.1,70,10,5.8,7.8,0.9,69,9,423,29.99,,0,0,0,35.7,39.4,44.7,0.39,0.41,0.46
SPRA,2015-11-25 11:05:00 EST,42.87427,-74.50859,656,38.9,37.8,34.6,66.4,28.7,0.000,0.000,0.00,0.000,5.8,7.7,0.8,56,9,6.1,8.7,0.9,57,9,5.8,7.7,0.8,56,9,422,29.99,,0,0,0,35.9,39.4,44.7,0.39,0.41,0.46
SPRA,2015-11-25 11:10:00 EST,42.87427,-74.50859,656,39.0,37.9,34.9,65.5,28.4,0.000,0.000,0.00,0.000,5.5,7.7,1.1,60,9,6.0,8.3,1.2,60,9,5.5,7.7,1.1,60,9,429,29.99,,0,0,0,36.0,39.4,44.7,0.39,0.41,0.46
SPRA,2015-11-25 11:15:00 EST,42.87427,-74.50859,656,39.5,38.4,35.3,66.0,29.1,0.000,0.000,0.00,0.000,5.8,7.5,0.7,64,10,6.3,8.9,0.8,66,10,5.8,7.5,0.7,64,10,433,29.99,,0,0,0,36.0,39.4,44.7,0.39,0.41,0.46
SPRA,2015-11-25 11:20:00 EST,42.87427,-74.50859,656,39.7,38.7,36.1,64.8,28.8,0.000,0.000,0.00,0.000,4.9,8.0,1.3,67,11,5.5,8.5,1.4,68,10,4.9,8.0,1.3,67,11,435,29.99,,0,0,0,36.2,39.4,44.7,0.39,0.41,0.46
SPRA,2015-11-25 11:25:00 EST,42.87427,-74.50859,656,40.0,39.0,36.1,64.6,29.0,0.000,0.000,0.00,0.000,5.5,7.2,1.0,57,9,5.9,7.8,1.0,58,9,5.5,7.2,1.0,57,9,438,29.99,,0,0,0,36.4,39.4,44.7,0.39,0.41,0.46
SPRA,2015-11-25 11:30:00 EST,42.87427,-74.50859,656,40.3,39.3,36.0,63.1,28.7,0.000,0.000,0.00,0.000,6.1,8.4,1.1,49,12,6.3,9.2,1.2,49,11,6.1,8.4,1.1,49,12,440,29.99,,0,0,0,36.6,39.4,44.7,0.39,0.41,0.46
SPRA,2015-11-25 11:35:00 EST,42.87427,-74.50859,656,40.5,39.6,35.9,62.7,28.7,0.000,0.000,0.00,0.000,6.6,9.2,1.0,45,12,6.8,9.6,1.1,46,11,6.6,9.2,1.0,45,12,441,29.98,,0,0,0,36.8,39.4,44.7,0.39,0.41,0.46
SPRA,2015-11-25 11:40:00 EST,42.87427,-74.50859,656,41.2,40.4,37.7,61.8,29.1,0.000,0.000,0.00,0.000,5.2,8.5,1.3,53,15,5.7,8.9,1.4,54,14,5.2,8.5,1.3,53,15,445,29.98,,0,0,0,37.0,39.4,44.6,0.39,0.41,0.46
SPRA,2015-11-25 11:45:00 EST,42.87427,-74.50859,656,41.7,40.6,38.0,59.9,28.8,0.000,0.000,0.00,0.000,5.6,7.4,0.8,49,13,5.9,8.1,1.0,51,12,5.6,7.4,0.8,49,13,442,29.98,,0,0,0,37.1,39.4,44.6,0.39,0.41,0.46
SPRA,2015-11-25 11:50:00 EST,42.87427,-74.50859,656,41.6,40.8,37.8,58.9,28.3,0.000,0.000,0.00,0.000,5.8,8.9,1.2,49,12,6.2,9.8,1.3,50,13,5.8,8.9,1.2,49,12,425,29.98,,0,0,0,37.2,39.4,44.7,0.39,0.41,0.46
SPRA,2015-11-25 11:55:00 EST,42.87427,-74.50859,656,42.1,41.2,38.0,58.0,28.4,0.000,0.000,0.00,0.000,6.4,7.9,0.8,49,9,6.7,8.9,0.8,50,9,6.4,7.9,0.8,49,9,434,29.98,,0,0,0,37.3,39.4,44.6,0.39,0.41,0.46
SPRA,2015-11-25 12:00:00 EST,42.87427,-74.50859,656,42.7,41.5,38.8,57.4,28.7,0.000,0.000,0.00,0.000,6.2,8.4,1.0,49,6,6.6,8.7,1.0,49,5,6.2,8.4,1.0,49,6,443,29.98,,0,0,0,37.5,39.4,44.6,0.39,0.41,0.46
SPRA,2015-11-25 12:05:00 EST,42.87427,-74.50859,656,43.1,42.0,39.6,55.9,28.4,0.000,0.000,0.00,0.000,5.6,8.2,1.2,39,13,5.9,8.5,1.3,41,12,5.6,8.2,1.2,39,13,437,29.98,,0,0,0,37.6,39.4,44.7,0.39,0.41,0.46
SPRA,2015-11-25 12:10:00 EST,42.87427,-74.50859,656,42.8,41.9,39.4,54.9,27.7,0.000,0.000,0.00,0.000,5.5,9.0,1.6,45,13,5.8,10.5,1.7,47,13,5.5,9.0,1.6,45,13,419,29.98,,0,0,0,37.8,39.4,44.6,0.39,0.41,0.46
SPRA,2015-11-25 12:15:00 EST,42.87427,-74.50859,656,43.2,42.3,39.3,55.4,28.3,0.000,0.000,0.00,0.000,6.5,10.2,1.4,59,12,6.9,10.7,1.6,59,12,6.5,10.2,1.4,59,12,432,29.97,,0,0,0,38.0,39.4,44.6,0.39,0.41,0.46
SPRA,2015-11-25 12:20:00 EST,42.87427,-74.50859,656,43.5,42.6,39.0,55.7,28.7,0.000,0.000,0.00,0.000,7.7,10.9,1.4,73,16,8.4,11.6,1.6,75,16,7.7,10.9,1.4,73,16,432,29.97,,0,0,0,38.2,39.4,44.7,0.39,0.41,0.46
SPRA,2015-11-25 12:25:00 EST,42.87427,-74.50859,656,43.4,42.4,39.8,55.5,28.6,0.000,0.000,0.00,0.000,6.1,9.4,1.3,89,18,6.7,10.5,1.7,90,18,6.1,9.4,1.3,89,18,429,29.97,,0,0,0,38.4,39.4,44.6,0.39,0.41,0.46
SPRA,2015-11-25 12:30:00 EST,42.87427,-74.50859,656,44.7,43.6,41.6,53.8,28.9,0.000,0.000,0.00,0.000,5.5,8.6,1.3,103,31,6.1,10.1,1.6,105,31,5.5,8.6,1.3,103,31,430,29.97,,0,0,0,38.5,39.4,44.7,0.39,0.41,0.46
SPRA,2015-11-25 12:35:00 EST,42.87427,-74.50859,656,45.3,44.5,41.8,45.6,25.6,0.000,0.000,0.00,0.000,6.5,9.5,1.3,155,13,7.2,10.5,1.4,156,13,6.5,9.5,1.3,155,13,431,29.97,,0,0,0,38.7,39.4,44.6,0.39,0.41,0.45
SPRA,2015-11-25 12:40:00 EST,42.87427,-74.50859,656,45.5,44.8,42.4,44.5,25.1,0.000,0.000,0.00,0.000,5.9,8.6,1.2,158,15,6.5,9.8,1.3,158,14,5.9,8.6,1.2,158,15,400,29.97,,0,0,0,38.9,39.4,44.6,0.39,0.41,0.45
SPRA,2015-11-25 12:45:00 EST,42.87427,-74.50859,656,45.8,45.2,41.1,42.1,24.0,0.000,0.000,0.00,0.000,9.3,14.0,1.8,139,10,9.8,13.6,1.8,139,9,9.3,14.0,1.8,139,10,395,29.96,,0,0,0,39.1,39.4,44.6,0.39,0.41,0.45
SPRA,2015-11-25 12:50:00 EST,42.87427,-74.50859,656,46.0,45.2,41.9,42.0,24.2,0.000,0.000,0.00,0.000,7.9,11.5,2.0,151,15,8.3,12.3,1.9,152,16,7.9,11.5,2.0,151,15,408,29.96,,0,0,0,39.2,39.4,44.6,0.39,0.41,0.45
SPRA,2015-11-25 12:55:00 EST,42.87427,-74.50859,656,45.9,45.2,42.2,41.2,23.6,0.000,0.000,0.00,0.000,7.0,12.3,2.0,174,19,7.7,13.2,2.3,176,18,7.0,12.3,2.0,174,19,404,29.96,,0,0,0,39.2,39.4,44.6,0.39,0.41,0.45
SPRA,2015-11-25 13:00:00 EST,42.87427,-74.50859,656,46.2,45.6,42.6,39.3,22.8,0.000,0.000,0.00,0.000,7.0,11.3,2.8,172,11,7.7,12.8,3.0,173,10,7.0,11.3,2.8,172,11,398,29.96,,0,0,0,39.3,39.4,44.6,0.39,0.41,0.45
SPRA,2015-11-25 13:05:00 EST,42.87427,-74.50859,656,46.1,45.5,41.5,38.9,22.5,0.000,0.000,0.00,0.000,9.3,12.6,1.5,168,11,10.1,13.4,1.6,170,10,9.3,12.6,1.5,168,11,397,29.96,,0,0,0,39.4,39.4,44.6,0.39,0.41,0.45
SPRA,2015-11-25 13:10:00 EST,42.87427,-74.50859,656,45.9,45.4,42.6,37.4,21.3,0.000,0.000,0.00,0.000,6.2,10.5,1.9,174,13,6.7,11.6,2.0,176,11,6.2,10.5,1.9,174,13,395,29.96,,0,0,0,39.5,39.4,44.6,0.39,0.41,0.45
SPRA,2015-11-25 13:15:00 EST,42.87427,-74.50859,656,46.3,45.7,42.5,37.3,21.6,0.000,0.000,0.00,0.000,7.5,12.3,2.9,153,14,8.1,13.6,3.0,152,15,7.5,12.3,2.9,153,14,381,29.96,,0,0,0,39.6,39.4,44.6,0.39,0.41,0.45
SPRA,2015-11-25 13:20:00 EST,42.87427,-74.50859,656,46.5,45.8,42.5,36.7,21.5,0.000,0.000,0.00,0.000,8.2,13.1,2.3,157,19,8.8,14.3,2.5,157,18,8.2,13.1,2.3,157,19,377,29.96,,0,0,0,39.7,39.5,44.6,0.39,0.41,0.45
SPRA,2015-11-25 13:25:00 EST,42.87427,-74.50859,656,46.3,45.8,42.2,36.7,21.2,0.000,0.000,0.00,0.000,8.1,12.9,1.8,169,13,8.9,14.8,2.0,171,12,8.1,12.9,1.8,169,13,372,29.96,,0,0,0,39.8,39.5,44.6,0.39,0.41,0.45
SPRA,2015-11-25 13:30:00 EST,42.87427,-74.50859,656,46.6,46.0,43.1,36.8,21.6,0.000,0.000,0.00,0.000,7.1,9.6,1.3,141,17,7.5,10.7,1.2,142,16,7.1,9.6,1.3,141,17,364,29.96,,0,0,0,39.9,39.5,44.6,0.39,0.41,0.45
SPRA,2015-11-25 13:35:00 EST,42.87427,-74.50859,656,46.9,46.2,43.5,37.1,22.1,0.000,0.000,0.00,0.000,7.0,10.1,1.6,139,15,7.3,10.7,1.6,139,14,7.0,10.1,1.6,139,15,355,29.96,,0,0,0,39.9,39.5,44.6,0.39,0.41,0.45
SPRA,2015-11-25 13:40:00 EST,42.87427,-74.50859,656,46.7,46.2,43.1,37.4,22.1,0.000,0.000,0.00,0.000,7.3,9.9,1.4,176,14,8.0,11.9,1.5,177,14,7.3,9.9,1.4,176,14,348,29.96,,0,0,0,39.9,39.4,44.6,0.39,0.41,0.45
SPRA,2015-11-25 13:45:00 EST,42.87427,-74.50859,656,46.8,46.2,43.9,36.5,21.6,0.000,0.000,0.00,0.000,5.9,10.5,1.5,163,19,6.4,11.9,1.6,166,18,5.9,10.5,1.5,163,19,340,29.95,,0,0,0,40.0,39.5,44.6,0.39,0.41,0.45
SPRA,2015-11-25 13:50:00 EST,42.87427,-74.50859,656,46.9,46.3,42.9,38.2,22.7,0.000,0.000,0.00,0.000,8.1,11.6,1.4,129,14,8.6,12.8,1.5,130,11,8.1,11.6,1.4,129,14,331,29.95,,0,0,0,40.0,39.5,44.6,0.39,0.41,0.45
SPRA,2015-11-25 13:55:00 EST,42.87427,-74.50859,656,46.5,46.0,43.0,38.8,22.8,0.000,0.000,0.00,0.000,7.0,9.7,1.1,130,10,7.3,10.3,1.2,131,8,7.0,9.7,1.1,130,10,323,29.95,,0,0,0,40.0,39.5,44.6,0.39,0.41,0.45
SPRA,2015-11-25 14:00:00 EST,42.87427,-74.50859,656,46.6,46.1,44.2,39.0,22.9,0.000,0.000,0.00,0.000,5.0,11.0,3.0,134,17,5.5,11.0,3.0,133,19,5.0,11.0,3.0,134,17,314,29.95,,0,0,0,40.1,39.5,44.6,0.39,0.41,0.45
SPRA,2015-11-25 14:05:00 EST,42.87427,-74.50859,656,46.7,46.2,43.7,37.8,22.3,0.000,0.000,0.00,0.000,6.1,9.4,1.5,134,15,6.4,11.0,1.5,135,14,6.1,9.4,1.5,134,15,305,29.95,,0,0,0,40.1,39.5,44.6,0.39,0.41,0.45
SPRA,2015-11-25 14:10:00 EST,42.87427,-74.50859,656,47.0,46.5,44.1,36.5,21.8,0.000,0.000,0.00,0.000,6.0,9.6,1.8,161,17,6.5,10.7,1.9,163,16,6.0,9.6,1.8,161,17,295,29.95,,0,0,0,40.1,39.6,44.6,0.39,0.41,0.45
SPRA,2015-11-25 14:15:00 EST,42.87427,-74.50859,656,47.0,46.5,43.3,37.4,22.3,0.000,0.000,0.00,0.000,7.4,9.9,1.4,136,11,7.7,10.5,1.5,136,10,7.4,9.9,1.4,136,11,285,29.95,,0,0,0,40.1,39.6,44.6,0.39,0.41,0.45
SPRA,2015-11-25 14:20:00 EST,42.87427,-74.50859,656,46.6,46.2,43.0,38.2,22.5,0.000,0.000,0.00,0.000,7.2,11.1,2.0,131,12,7.5,12.5,2.0,132,11,7.2,11.1,2.0,131,12,275,29.95,,0,0,0,40.1,39.6,44.6,0.39,0.41,0.45
SPRA,2015-11-25 14:25:00 EST,42.87427,-74.50859,656,46.4,46.1,43.0,38.6,22.5,0.000,0.000,0.00,0.000,6.7,10.2,1.8,124,12,6.9,12.3,1.9,126,11,6.7,10.2,1.8,124,12,265,29.95,,0,0,0,40.1,39.6,44.6,0.39,0.41,0.45
SPRA,2015-11-25 14:30:00 EST,42.87427,-74.50859,656,46.7,46.2,44.7,39.3,23.2,0.000,0.000,0.00,0.000,4.5,8.5,1.8,116,17,5.1,9.6,1.9,119,17,4.5,8.5,1.8,116,17,254,29.95,,0,0,0,40.1,39.6,44.6,0.39,0.41,0.45
SPRA,2015-11-25 14:35:00 EST,42.87427,-74.50859,656,46.5,46.2,42.9,39.7,23.3,0.000,0.000,0.00,0.000,7.3,9.9,1.3,131,11,7.6,10.5,1.3,131,9,7.3,9.9,1.3,131,11,244,29.95,,0,0,0,40.0,39.6,44.6,0.39,0.41,0.45
SPRA,2015-11-25 14:40:00 EST,42.87427,-74.50859,656,46.6,46.2,43.1,38.7,22.7,0.000,0.000,0.00,0.000,7.0,10.8,1.4,139,12,7.3,11.0,1.5,140,11,7.0,10.8,1.4,139,12,232,29.95,,0,0,0,40.0,39.6,44.6,0.39,0.41,0.45
SPRA,2015-11-25 14:45:00 EST,42.87427,-74.50859,656,46.5,46.2,43.1,39.3,23.0,0.000,0.000,0.00,0.000,6.7,11.3,2.3,128,13,7.0,11.6,2.1,128,12,6.7,11.3,2.3,128,13,221,29.95,,0,0,0,39.9,39.6,44.6,0.39,0.41,0.45
SPRA,2015-11-25 14:50:00 EST,42.87427,-74.50859,656,46.4,46.2,42.8,40.4,23.6,0.000,0.000,0.00,0.000,7.0,9.8,1.4,129,12,7.5,11.2,1.4,128,9,7.0,9.8,1.4,129,12,209,29.95,,0,0,0,39.9,39.7,44.6,0.39,0.41,0.45
SPRA,2015-11-25 14:55:00 EST,42.87427,-74.50859,656,46.3,46.1,42.3,41.0,23.8,0.000,0.000,0.00,0.000,7.8,11.9,1.5,128,10,8.1,12.8,1.5,129,8,7.8,11.9,1.5,128,10,198,29.95,,0,0,0,39.8,39.7,44.6,0.39,0.41,0.45
SPRA,2015-11-25 15:00:00 EST,42.87427,-74.50859,656,45.9,45.8,41.8,40.8,23.4,0.000,0.000,0.00,0.000,7.9,12.5,2.3,123,11,8.4,13.2,2.2,124,10,7.9,12.5,2.3,123,11,186,29.95,,0,0,0,39.7,39.7,44.6,0.39,0.41,0.45
SPRA,2015-11-25 15:05:00 EST,42.87427,-74.50859,656,45.9,45.7,41.9,41.0,23.5,0.000,0.000,0.00,0.000,7.7,12.7,2.2,121,15,8.4,15.0,2.4,123,13,7.7,12.7,2.2,121,15,174,29.95,,0,0,0,39.7,39.7,44.6,0.39,0.41,0.45
SPRA,2015-11-25 15:10:00 EST,42.87427,-74.50859,656,45.7,45.7,41.8,40.7,23.2,0.000,0.000,0.00,0.000,7.5,11.3,1.7,124,12,8.0,11.4,1.8,124,10,7.5,11.3,1.7,124,12,164,29.95,,0,0,0,39.6,39.7,44.6,0.39,0.41,0.45
SPRA,2015-11-25 15:15:00 EST,42.87427,-74.50859,656,45.5,45.4,41.9,42.2,23.8,0.000,0.000,0.00,0.000,6.7,11.0,2.2,117,16,7.3,13.0,2.3,118,13,6.7,11.0,2.2,117,16,152,29.95,,0,0,0,39.5,39.8,44.6,0.39,0.41,0.45
SPRA,2015-11-25 15:20:00 EST,42.87427,-74.50859,656,45.2,45.3,41.4,42.7,23.9,0.000,0.000,0.00,0.000,7.2,10.0,1.5,121,12,7.7,11.4,1.6,123,10,7.2,10.0,1.5,121,12,141,29.95,,0,0,0,39.4,39.8,44.6,0.39,0.41,0.45
SPRA,2015-11-25 15:25:00 EST,42.87427,-74.50859,656,45.0,45.2,41.0,43.3,24.0,0.000,0.000,0.00,0.000,7.4,11.8,1.7,121,13,7.9,12.5,1.8,123,10,7.4,11.8,1.7,121,13,128,29.95,,0,0,0,39.4,39.8,44.6,0.39,0.41,0.45
SPRA,2015-11-25 15:30:00 EST,42.87427,-74.50859,656,44.9,44.9,40.8,42.9,23.7,0.000,0.000,0.00,0.000,7.3,12.6,2.6,115,15,7.9,13.9,2.7,117,14,7.3,12.6,2.6,115,15,115,29.95,,0,0,0,39.2,39.9,44.6,0.39,0.41,0.45
SPRA,2015-11-25 15:35:00 EST,42.87427,-74.50859,656,44.6,44.7,40.9,43.4,23.7,0.000,0.000,0.00,0.000,6.5,10.0,1.6,117,14,7.1,11.4,1.7,119,12,6.5,10.0,1.6,117,14,98,29.96,,0,0,0,39.2,39.9,44.6,0.39,0.41,0.45
SPRA,2015-11-25 15:40:00 EST,42.87427,-74.50859,656,44.2,44.5,39.2,44.2,23.7,0.000,0.000,0.00,0.000,9.1,13.7,1.7,124,10,9.5,13.9,1.7,125,8,9.1,13.7,1.7,124,10,83,29.96,,0,0,0,39.2,39.9,44.5,0.39,0.41,0.45
SPRA,2015-11-25 15:45:00 EST,42.87427,-74.50859,656,43.8,44.2,39.6,45.0,23.8,0.000,0.000,0.00,0.000,7.2,9.7,1.1,124,10,7.5,10.1,1.2,126,7,7.2,9.7,1.1,124,10,73,29.96,,0,0,0,39.2,39.9,44.6,0.39,0.41,0.45
SPRA,2015-11-25 15:50:00 EST,42.87427,-74.50859,656,43.6,44.0,40.1,45.7,24.0,0.000,0.000,0.00,0.000,5.9,11.0,1.7,121,11,6.4,11.9,1.9,124,8,5.9,11.0,1.7,121,11,60,29.96,,0,0,0,39.1,39.9,44.5,0.39,0.41,0.45
SPRA,2015-11-25 15:55:00 EST,42.87427,-74.50859,656,43.3,43.7,39.0,45.9,23.8,0.000,0.000,0.00,0.000,7.2,10.8,1.4,123,10,7.6,11.4,1.4,125,8,7.2,10.8,1.4,123,10,48,29.96,,0,0,0,39.0,39.9,44.5,0.39,0.41,0.45
SPRA,2015-11-25 16:00:00 EST,42.87427,-74.50859,656,42.9,43.5,39.2,46.6,23.8,0.000,0.000,0.00,0.000,6.0,9.7,1.6,117,13,6.5,10.1,1.8,119,12,6.0,9.7,1.6,117,13,37,29.96,,0,0,0,39.0,39.9,44.5,0.39,0.41,0.45
SPRA,2015-11-25 16:05:00 EST,42.87427,-74.50859,656,42.4,43.2,39.0,47.8,23.9,0.000,0.000,0.00,0.000,5.4,9.1,1.2,122,10,5.7,9.8,1.2,123,10,5.4,9.1,1.2,122,10,29,29.96,,0,0,0,38.9,39.9,44.5,0.39,0.41,0.45
SPRA,2015-11-25 16:10:00 EST,42.87427,-74.50859,656,42.0,42.8,39.0,48.3,23.8,0.000,0.000,0.00,0.000,4.8,9.6,1.4,120,14,5.2,11.2,1.6,122,9,4.8,9.6,1.4,120,14,22,29.96,,0,0,0,38.8,40.0,44.5,0.39,0.41,0.45
SPRA,2015-11-25 16:15:00 EST,42.87427,-74.50859,656,41.6,42.6,38.2,49.1,23.9,0.000,0.000,0.00,0.000,5.3,8.9,1.7,116,12,5.8,11.0,2.0,118,11,5.3,8.9,1.7,116,12,15,29.96,,0,0,0,38.7,40.0,44.5,0.39,0.41,0.45
SPRA,2015-11-25 16:20:00 EST,42.87427,-74.50859,656,41.0,42.2,38.2,50.2,23.9,0.000,0.000,0.00,0.000,4.3,8.0,1.1,118,9,4.7,10.1,1.2,122,9,4.3,8.0,1.1,118,9,10,29.96,,0,0,0,38.6,40.0,44.5,0.39,0.41,0.45
SPRA,2015-11-25 16:25:00 EST,42.87427,-74.50859,656,40.5,41.9,37.7,51.7,24.1,0.000,0.000,0.00,0.000,4.2,7.4,1.1,115,14,4.5,7.8,1.3,117,12,4.2,7.4,1.1,115,14,7,29.96,,0,0,0,38.5,40.0,44.5,0.39,0.41,0.45
SPRA,2015-11-25 16:30:00 EST,42.87427,-74.50859,656,40.1,41.6,37.7,51.8,23.8,0.000,0.000,0.00,0.000,3.8,8.3,1.1,116,15,4.2,8.9,1.2,118,11,3.8,8.3,1.1,116,15,5,29.97,,0,0,0,38.3,40.0,44.5,0.39,0.41,0.45
SPRA,2015-11-25 16:35:00 EST,42.87427,-74.50859,656,39.6,41.4,36.7,52.9,23.9,0.000,0.000,0.00,0.000,4.2,6.6,1.0,115,12,4.6,7.2,1.1,118,11,4.2,6.6,1.0,115,12,4,29.97,,0,0,0,38.3,40.1,44.5,0.39,0.41,0.45
SPRA,2015-11-25 16:40:00 EST,42.87427,-74.50859,656,39.6,41.3,36.3,52.3,23.6,0.000,0.000,0.00,0.000,4.7,8.0,1.2,113,10,5.1,8.7,1.4,116,10,4.7,8.0,1.2,113,10,2,29.97,,0,0,0,38.2,40.1,44.5,0.39,0.41,0.45
SPRA,2015-11-25 16:45:00 EST,42.87427,-74.50859,656,38.9,40.6,35.7,53.5,23.5,0.000,0.000,0.00,0.000,4.4,6.7,0.8,118,11,4.8,7.6,1.1,119,11,4.4,6.7,0.8,118,11,1,29.97,,0,0,0,38.1,40.1,44.5,0.39,0.41,0.45
SPRA,2015-11-25 16:50:00 EST,42.87427,-74.50859,656,38.6,40.4,33.7,54.4,23.6,0.000,0.000,0.00,0.000,6.6,9.9,1.5,120,10,7.0,11.0,1.6,120,8,6.6,9.9,1.5,120,10,0,29.97,,0,0,0,37.9,40.1,44.5,0.39,0.41,0.45
SPRA,2015-11-25 16:55:00 EST,42.87427,-74.50859,656,38.6,40.0,33.5,54.0,23.3,0.000,0.000,0.00,0.000,6.8,9.5,1.2,120,11,7.2,11.0,1.4,122,9,6.8,9.5,1.2,120,11,0,29.97,,0,0,0,37.8,40.1,44.5,0.39,0.41,0.45
SPRA,2015-11-25 17:00:00 EST,42.87427,-74.50859,656,38.4,39.9,33.7,54.2,23.3,0.000,0.000,0.00,0.000,6.3,9.1,1.3,120,9,6.6,9.2,1.2,122,9,6.3,9.1,1.3,120,9,0,29.97,,0,0,0,37.7,40.1,44.5,0.39,0.41,0.45
SPRA,2015-11-25 17:05:00 EST,42.87427,-74.50859,656,37.8,39.8,32.6,55.1,23.2,0.000,0.000,0.00,0.000,6.9,9.1,0.9,122,9,7.3,10.1,1.0,124,6,6.9,9.1,0.9,122,9,0,29.97,,0,0,0,37.6,40.1,44.5,0.39,0.41,0.44
SPRA,2015-11-25 17:10:00 EST,42.87427,-74.50859,656,38.0,39.7,32.8,54.9,23.2,0.000,0.000,0.00,0.000,6.9,9.4,1.1,122,9,7.3,10.7,1.1,124,8,6.9,9.4,1.1,122,9,0,29.97,,0,0,0,37.5,40.2,44.5,0.39,0.41,0.45
SPRA,2015-11-25 17:15:00 EST,42.87427,-74.50859,656,37.9,39.7,32.1,55.0,23.2,0.000,0.000,0.00,0.000,7.8,10.1,1.1,126,7,8.1,11.6,1.2,129,5,7.8,10.1,1.1,126,7,0,29.98,,0,0,0,37.4,40.2,44.5,0.39,0.41,0.45
SPRA,2015-11-25 17:20:00 EST,42.87427,-74.50859,656,37.8,39.6,32.0,55.4,23.2,0.000,0.000,0.00,0.000,7.8,10.2,0.9,127,6,8.2,11.4,0.9,129,3,7.8,10.2,0.9,127,6,0,29.98,,0,0,0,37.3,40.2,44.5,0.39,0.41,0.44
SPRA,2015-11-25 17:25:00 EST,42.87427,-74.50859,656,37.5,39.5,31.6,55.9,23.2,0.000,0.000,0.00,0.000,7.9,10.0,0.8,127,6,8.1,10.1,0.9,130,3,7.9,10.0,0.8,127,6,0,29.98,,0,0,0,37.2,40.3,44.5,0.39,0.41,0.44
SPRA,2015-11-25 17:30:00 EST,42.87427,-74.50859,656,37.3,39.4,31.5,56.2,23.2,0.000,0.000,0.00,0.000,7.6,9.9,1.0,127,7,7.9,11.2,1.1,129,4,7.6,9.9,1.0,127,7,0,29.98,,0,0,0,37.2,40.3,44.5,0.39,0.41,0.44
SPRA,2015-11-25 17:35:00 EST,42.87427,-74.50859,656,37.3,39.3,30.8,56.3,23.1,0.000,0.000,0.00,0.000,8.9,11.0,1.0,129,7,9.3,11.6,1.0,130,4,8.9,11.0,1.0,129,7,0,29.98,,0,0,0,37.2,40.3,44.5,0.39,0.41,0.44
SPRA,2015-11-25 17:40:00 EST,42.87427,-74.50859,656,37.9,39.4,31.7,54.8,23.1,0.000,0.000,0.00,0.000,8.6,10.9,1.2,130,8,9.0,12.1,1.3,131,5,8.6,10.9,1.2,130,8,0,29.98,,0,0,0,37.0,40.3,44.5,0.39,0.41,0.45
SPRA,2015-11-25 17:45:00 EST,42.87427,-74.50859,656,38.1,39.4,32.1,53.8,22.8,0.000,0.000,0.00,0.000,8.2,10.7,0.9,133,6,8.7,12.1,1.1,133,5,8.2,10.7,0.9,133,6,0,29.98,,0,0,0,37.0,40.3,44.4,0.39,0.41,0.44
SPRA,2015-11-25 17:50:00 EST,42.87427,-74.50859,656,38.0,39.3,32.1,53.1,22.5,0.000,0.000,0.00,0.000,8.3,11.0,1.1,134,6,8.5,11.0,1.2,133,4,8.3,11.0,1.1,134,6,0,29.98,,0,0,0,36.9,40.3,44.5,0.39,0.41,0.44
SPRA,2015-11-25 17:55:00 EST,42.87427,-74.50859,656,37.5,39.1,31.4,54.5,22.6,0.000,0.000,0.00,0.000,8.3,10.4,1.0,132,6,8.7,11.2,1.1,132,4,8.3,10.4,1.0,132,6,0,29.99,,0,0,0,36.8,40.3,44.4,0.39,0.41,0.45
SPRA,2015-11-25 18:00:00 EST,42.87427,-74.50859,656,37.4,38.9,31.1,55.0,22.7,0.000,0.000,0.00,0.000,8.5,10.6,0.8,130,7,8.8,11.2,0.9,131,4,8.5,10.6,0.8,130,7,0,29.99,,0,0,0,36.7,40.3,44.4,0.39,0.41,0.44
SPRA,2015-11-25 18:05:00 EST,42.87427,-74.50859,656,37.5,38.8,31.2,55.2,22.9,0.000,0.000,0.00,0.000,8.6,10.9,1.0,133,6,9.0,11.6,1.1,133,3,8.6,10.9,1.0,133,6,0,29.99,,0,0,0,36.6,40.3,44.4,0.39,0.41,0.44
SPRA,2015-11-25 18:10:00 EST,42.87427,-74.50859,656,37.4,38.6,31.1,55.3,22.8,0.000,0.000,0.00,0.000,8.5,11.5,1.0,131,7,8.8,11.6,1.0,131,5,8.5,11.5,1.0,131,7,0,29.98,,0,0,0,36.5,40.3,44.4,0.39,0.41,0.45
SPRA,2015-11-25 18:15:00 EST,42.87427,-74.50859,656,37.0,38.4,30.9,56.3,22.9,0.000,0.000,0.00,0.000,8.1,10.7,1.1,129,6,8.5,11.2,1.2,131,4,8.1,10.7,1.1,129,6,0,29.98,,0,0,0,36.4,40.3,44.4,0.39,0.41,0.45
SPRA,2015-11-25 18:20:00 EST,42.87427,-74.50859,656,36.7,38.3,31.0,57.2,23.0,0.000,0.000,0.00,0.000,7.3,10.3,0.9,125,7,7.6,11.2,1.0,127,6,7.3,10.3,0.9,125,7,0,29.99,,0,0,0,36.4,40.3,44.4,0.39,0.41,0.45
SPRA,2015-11-25 18:25:00 EST,42.87427,-74.50859,656,36.5,37.9,31.5,56.9,22.7,0.000,0.000,0.00,0.000,6.1,8.8,1.2,121,10,6.5,8.7,1.1,124,7,6.1,8.8,1.2,121,10,0,29.99,,0,0,0,36.3,40.3,44.4,0.39,0.41,0.45
SPRA,2015-11-25 18:30:00 EST,42.87427,-74.50859,656,36.1,37.5,31.0,58.5,22.9,0.000,0.000,0.00,0.000,6.1,8.4,1.0,123,10,6.3,8.5,1.1,125,7,6.1,8.4,1.0,123,10,0,29.99,,0,0,0,36.3,40.3,44.4,0.39,0.41,0.45
SPRA,2015-11-25 18:35:00 EST,42.87427,-74.50859,656,35.3,37.4,30.1,60.3,22.9,0.000,0.000,0.00,0.000,6.1,7.7,0.8,124,10,6.4,8.3,0.8,126,8,6.1,7.7,0.8,124,10,0,29.99,,0,0,0,36.2,40.3,44.4,0.39,0.41,0.45
SPRA,2015-11-25 18:40:00 EST,42.87427,-74.50859,656,35.1,37.6,29.3,60.7,22.9,0.000,0.000,0.00,0.000,7.0,9.8,0.8,132,6,7.3,9.6,0.8,132,3,7.0,9.8,0.8,132,6,0,29.99,,0,0,0,36.1,40.4,44.4,0.39,0.41,0.45
SPRA,2015-11-25 18:45:00 EST,42.87427,-74.50859,656,35.8,37.7,30.6,59.4,23.0,0.000,0.000,0.00,0.000,6.3,9.2,1.0,131,7,6.5,8.9,1.0,132,5,6.3,9.2,1.0,131,7,0,30.00,,0,0,0,36.1,40.4,44.4,0.39,0.41,0.45
SPRA,2015-11-25 18:50:00 EST,42.87427,-74.50859,656,36.1,37.8,30.8,58.5,22.9,0.000,0.000,0.00,0.000,6.4,8.3,0.8,135,9,6.7,8.9,0.9,135,6,6.4,8.3,0.8,135,9,0,30.00,,0,0,0,36.0,40.3,44.4,0.39,0.41,0.45
SPRA,2015-11-25 18:55:00 EST,42.87427,-74.50859,656,36.2,38.1,30.4,58.1,22.8,0.000,0.000,0.00,0.000,7.2,10.5,1.2,134,8,7.5,10.7,1.3,133,6,7.2,10.5,1.2,134,8,0,30.00,,0,0,0,36.0,40.4,44.4,0.39,0.41,0.45
SPRA,2015-11-25 19:00:00 EST,42.87427,-74.50859,656,36.4,38.2,30.9,57.4,22.8,0.000,0.000,0.00,0.000,6.8,9.6,1.0,130,9,7.1,11.0,1.1,131,6,6.8,9.6,1.0,130,9,0,30.00,,0,0,0,36.0,40.4,44.4,0.39,0.41,0.45
SPRA,2015-11-25 19:05:00 EST,42.87427,-74.50859,656,35.8,37.7,30.6,57.7,22.3,0.000,0.000,0.00,0.000,6.2,9.6,1.4,124,10,6.4,9.8,1.4,127,9,6.2,9.6,1.4,124,10,0,30.00,,0,0,0,36.0,40.4,44.4,0.39,0.41,0.45
SPRA,2015-11-25 19:10:00 EST,42.87427,-74.50859,656,34.5,37.4,29.8,59.6,21.9,0.000,0.000,0.00,0.000,5.3,8.2,1.1,124,12,5.6,8.5,1.1,127,9,5.3,8.2,1.1,124,12,0,30.00,,0,0,0,36.0,40.4,44.4,0.39,0.41,0.45
SPRA,2015-11-25 19:15:00 EST,42.87427,-74.50859,656,34.3,37.3,30.3,60.9,22.2,0.000,0.000,0.00,0.000,4.4,6.8,0.9,120,14,4.9,7.4,1.0,123,10,4.4,6.8,0.9,120,14,0,30.00,,0,0,0,36.0,40.4,44.4,0.39,0.41,0.45
SPRA,2015-11-25 19:20:00 EST,42.87427,-74.50859,656,33.5,37.3,29.7,61.6,21.7,0.000,0.000,0.00,0.000,4.1,6.7,0.9,113,14,4.5,7.6,1.0,114,13,4.1,6.7,0.9,113,14,0,30.00,,0,0,0,36.0,40.4,44.4,0.39,0.41,0.45
SPRA,2015-11-25 19:25:00 EST,42.87427,-74.50859,656,33.9,37.0,30.2,62.3,22.4,0.000,0.000,0.00,0.000,4.1,6.4,0.8,118,13,4.5,6.5,0.9,120,11,4.1,6.4,0.8,118,13,0,30.00,,0,0,0,36.0,40.4,44.4,0.39,0.41,0.45
SPRA,2015-11-25 19:30:00 EST,42.87427,-74.50859,656,33.3,36.9,29.3,62.7,22.0,0.000,0.000,0.00,0.000,4.3,6.4,0.9,120,14,4.7,7.2,1.1,121,12,4.3,6.4,0.9,120,14,0,30.00,,0,0,0,36.0,40.4,44.4,0.39,0.41,0.45
SPRA,2015-11-25 19:35:00 EST,42.87427,-74.50859,656,33.5,36.9,29.1,63.5,22.4,0.000,0.000,0.00,0.000,4.6,6.0,0.7,102,15,5.2,7.4,0.8,103,14,4.6,6.0,0.7,102,15,0,30.00,,0,0,0,35.9,40.4,44.4,0.39,0.41,0.45
SPRA,2015-11-25 19:40:00 EST,42.87427,-74.50859,656,33.9,36.2,29.4,61.8,22.2,0.000,0.000,0.00,0.000,5.0,6.1,0.4,87,6,5.5,6.9,0.5,89,4,5.0,6.1,0.4,87,6,0,30.00,,0,0,0,35.9,40.4,44.4,0.39,0.41,0.45
SPRA,2015-11-25 19:45:00 EST,42.87427,-74.50859,656,33.5,35.9,28.5,62.7,22.1,0.000,0.000,0.00,0.000,5.3,7.4,0.5,90,5,5.9,8.5,0.6,92,4,5.3,7.4,0.5,90,5,0,30.00,,0,0,0,35.9,40.4,44.4,0.39,0.41,0.45
SPRA,2015-11-25 19:50:00 EST,42.87427,-74.50859,656,33.5,35.8,27.8,63.4,22.4,0.000,0.000,0.00,0.000,6.3,7.9,0.8,98,8,6.9,8.9,1.0,100,7,6.3,7.9,0.8,98,8,0,30.00,,0,0,0,35.8,40.4,44.4,0.39,0.41,0.45
SPRA,2015-11-25 19:55:00 EST,42.87427,-74.50859,656,34.3,36.1,29.7,61.3,22.3,0.000,0.000,0.00,0.000,5.1,7.2,0.8,106,11,5.6,8.7,1.0,106,10,5.1,7.2,0.8,106,11,0,30.00,,0,0,0,35.8,40.4,44.4,0.39,0.41,0.44
SPRA,2015-11-25 20:00:00 EST,42.87427,-74.50859,656,34.4,36.3,30.1,61.0,22.3,0.000,0.000,0.00,0.000,4.7,7.1,0.9,105,12,5.3,8.3,1.1,106,10,4.7,7.1,0.9,105,12,0,30.00,,0,0,0,35.8,40.4,44.4,0.39,0.41,0.45
SPRA,2015-11-25 20:05:00 EST,42.87427,-74.50859,656,34.6,36.4,29.7,60.3,22.2,0.000,0.000,0.00,0.000,5.5,6.9,0.7,102,7,6.0,8.3,0.8,102,7,5.5,6.9,0.7,102,7,0,30.00,,0,0,0,35.8,40.4,44.4,0.39,0.41,0.44
SPRA,2015-11-25 20:10:00 EST,42.87427,-74.50859,656,34.7,36.3,30.8,59.4,22.0,0.000,0.000,0.00,0.000,4.5,6.9,0.8,105,9,5.0,8.7,1.0,105,9,4.5,6.9,0.8,105,9,0,30.00,,0,0,0,35.8,40.4,44.4,0.39,0.41,0.45
SPRA,2015-11-25 20:15:00 EST,42.87427,-74.50859,656,34.0,36.0,30.1,61.0,22.0,0.000,0.000,0.00,0.000,4.3,6.4,1.0,99,10,4.8,7.2,1.1,101,10,4.3,6.4,1.0,99,10,0,30.00,,0,0,0,35.8,40.4,44.4,0.39,0.41,0.44
SPRA,2015-11-25 20:20:00 EST,42.87427,-74.50859,656,33.7,35.9,29.2,61.4,21.8,0.000,0.000,0.00,0.000,4.9,6.1,0.5,91,5,5.4,6.7,0.5,93,3,4.9,6.1,0.5,91,5,0,30.00,,0,0,0,35.7,40.4,44.4,0.39,0.41,0.44
SPRA,2015-11-25 20:25:00 EST,42.87427,-74.50859,656,32.8,35.4,27.7,63.2,21.7,0.000,0.000,0.00,0.000,5.3,6.8,0.6,89,8,5.9,7.8,0.7,90,7,5.3,6.8,0.6,89,8,0,30.00,,0,0,0,35.7,40.4,44.4,0.39,0.41,0.44
SPRA,2015-11-25 20:30:00 EST,42.87427,-74.50859,656,32.2,35.1,27.0,65.3,21.9,0.000,0.000,0.00,0.000,5.4,7.5,0.7,90,10,6.0,8.3,0.8,90,8,5.4,7.5,0.7,90,10,0,30.00,,0,0,0,35.6,40.4,44.4,0.39,0.41,0.44
SPRA,2015-11-25 20:35:00 EST,42.87427,-74.50859,656,32.5,34.9,27.3,65.0,22.1,0.000,0.000,0.00,0.000,5.4,7.2,0.7,94,9,5.8,8.3,0.9,96,9,5.4,7.2,0.7,94,9,0,30.00,,0,0,0,35.6,40.4,44.4,0.39,0.41,0.44
SPRA,2015-11-25 20:40:00 EST,42.87427,-74.50859,656,33.4,35.1,28.4,63.2,22.2,0.000,0.000,0.00,0.000,5.3,6.9,0.6,92,8,5.9,7.8,0.7,94,7,5.3,6.9,0.6,92,8,0,30.00,,0,0,0,35.6,40.4,44.4,0.39,0.41,0.44
SPRA,2015-11-25 20:45:00 EST,42.87427,-74.50859,656,33.1,34.9,27.5,63.0,21.9,0.000,0.000,0.00,0.000,6.1,7.7,0.9,98,9,6.7,9.2,1.0,98,8,6.1,7.7,0.9,98,9,0,30.00,,0,0,0,35.6,40.3,44.4,0.39,0.41,0.44
SPRA,2015-11-25 20:50:00 EST,42.87427,-74.50859,656,32.8,34.7,26.9,64.2,22.0,0.000,0.000,0.00,0.000,6.4,8.1,0.9,104,10,6.9,9.8,1.1,105,8,6.4,8.1,0.9,104,10,0,30.00,,0,0,0,35.5,40.3,44.4,0.39,0.41,0.44
SPRA,2015-11-25 20:55:00 EST,42.87427,-74.50859,656,32.7,34.5,26.8,63.9,21.9,0.000,0.000,0.00,0.000,6.4,7.9,0.5,94,8,6.9,9.2,0.7,97,6,6.4,7.9,0.5,94,8,0,30.00,,0,0,0,35.5,40.3,44.4,0.39,0.41,0.44
SPRA,2015-11-25 21:00:00 EST,42.87427,-74.50859,656,32.0,34.3,26.7,66.0,21.9,0.000,0.000,0.00,0.000,5.4,6.9,0.7,92,10,6.0,8.3,0.8,93,8,5.4,6.9,0.7,92,10,0,30.00,,0,0,0,35.4,40.3,44.4,0.39,0.41,0.44
SPRA,2015-11-25 21:05:00 EST,42.87427,-74.50859,656,32.0,33.9,27.5,66.4,22.1,0.000,0.000,0.00,0.000,4.6,6.8,0.9,102,13,5.1,7.4,1.0,102,12,4.6,6.8,0.9,102,13,0,30.00,,0,0,0,35.4,40.3,44.4,0.39,0.41,0.44
SPRA,2015-11-25 21:10:00 EST,42.87427,-74.50859,656,32.4,34.0,27.3,65.9,22.3,0.000,0.000,0.00,0.000,5.3,6.7,1.0,99,9,5.9,8.3,1.1,99,8,5.3,6.7,1.0,99,9,0,30.00,,0,0,0,35.4,40.3,44.4,0.39,0.41,0.44
SPRA,2015-11-25 21:15:00 EST,42.87427,-74.50859,656,32.5,34.3,27.1,64.9,22.0,0.000,0.000,0.00,0.000,5.7,7.9,0.9,96,8,6.2,8.7,1.1,97,7,5.7,7.9,0.9,96,8,0,30.00,,0,0,0,35.4,40.3,44.4,0.39,0.41,0.44
SPRA,2015-11-25 21:20:00 EST,42.87427,-74.50859,656,32.5,34.2,27.3,65.0,22.1,0.000,0.000,0.00,0.000,5.5,6.7,0.7,94,7,6.0,7.8,0.8,96,6,5.5,6.7,0.7,94,7,0,30.00,,0,0,0,35.4,40.3,44.4,0.39,0.41,0.44
SPRA,2015-11-25 21:25:00 EST,42.87427,-74.50859,656,32.1,34.1,27.5,65.9,22.0,0.000,0.000,0.00,0.000,4.7,6.5,0.9,99,9,5.3,7.8,1.1,99,8,4.7,6.5,0.9,99,9,0,30.00,,0,0,0,35.4,40.3,44.4,0.39,0.41,0.44
SPRA,2015-11-25 21:30:00 EST,42.87427,-74.50859,656,31.4,33.6,26.8,68.1,22.1,0.000,0.000,0.00,0.000,4.5,7.2,0.9,102,12,5.0,7.6,1.0,101,11,4.5,7.2,0.9,102,12,0,30.00,,0,0,0,35.4,40.3,44.4,0.39,0.41,0.44
SPRA,2015-11-25 21:35:00 EST,42.87427,-74.50859,656,32.0,33.8,26.9,67.1,22.4,0.000,0.000,0.00,0.000,5.3,7.3,0.8,101,9,5.8,8.5,1.1,103,10,5.3,7.3,0.8,101,9,0,30.00,,0,0,0,35.3,40.3,44.4,0.39,0.41,0.44
SPRA,2015-11-25 21:40:00 EST,42.87427,-74.50859,656,31.4,33.6,26.3,67.9,22.0,0.000,0.000,0.00,0.000,5.0,7.2,1.1,99,10,5.6,8.9,1.4,100,8,5.0,7.2,1.1,99,10,0,30.00,,0,0,0,35.3,40.3,44.4,0.39,0.41,0.44
SPRA,2015-11-25 21:45:00 EST,42.87427,-74.50859,656,31.3,33.6,25.4,68.0,22.0,0.000,0.000,0.00,0.000,6.1,8.0,0.7,96,7,6.7,9.4,1.0,98,5,6.1,8.0,0.7,96,7,0,30.00,,0,0,0,35.3,40.3,44.4,0.39,0.41,0.44
SPRA,2015-11-25 21:50:00 EST,42.87427,-74.50859,656,31.5,33.5,25.7,67.1,21.8,0.000,0.000,0.00,0.000,5.9,8.0,0.8,98,8,6.5,8.5,0.9,99,8,5.9,8.0,0.8,98,8,0,30.00,,0,0,0,35.2,40.3,44.4,0.39,0.41,0.44
SPRA,2015-11-25 21:55:00 EST,42.87427,-74.50859,656,31.4,33.1,25.5,68.0,22.0,0.000,0.000,0.00,0.000,6.0,7.8,0.8,103,8,6.7,9.2,1.0,104,7,6.0,7.8,0.8,103,8,0,30.00,,0,0,0,35.2,40.3,44.4,0.39,0.41,0.44
SPRA,2015-11-25 22:00:00 EST,42.87427,-74.50859,656,31.4,32.9,25.5,68.1,22.1,0.000,0.000,0.00,0.000,6.1,8.0,1.0,101,10,6.6,8.9,1.2,103,9,6.1,8.0,1.0,101,10,0,30.00,,0,0,0,35.2,40.3,44.4,0.39,0.41,0.44
SPRA,2015-11-25 22:05:00 EST,42.87427,-74.50859,656,30.9,32.8,25.0,68.2,21.6,0.000,0.000,0.00,0.000,5.9,7.2,0.7,97,9,6.5,8.5,0.9,96,8,5.9,7.2,0.7,97,9,0,30.00,,0,0,0,35.2,40.3,44.4,0.39,0.41,0.44
SPRA,2015-11-25 22:10:00 EST,42.87427,-74.50859,656,30.5,32.7,24.6,69.6,21.8,0.000,0.000,0.00,0.000,5.9,7.9,0.8,90,7,6.4,8.7,0.9,91,6,5.9,7.9,0.8,90,7,0,30.00,,0,0,0,35.2,40.3,44.4,0.39,0.41,0.44
SPRA,2015-11-25 22:15:00 EST,42.87427,-74.50859,656,30.1,32.3,25.1,70.6,21.7,0.000,0.000,0.00,0.000,4.7,6.3,0.7,89,8,5.2,6.9,0.8,91,7,4.7,6.3,0.7,89,8,0,30.00,,0,0,0,35.1,40.3,44.4,0.39,0.41,0.44
SPRA,2015-11-25 22:20:00 EST,42.87427,-74.50859,656,29.9,32.1,25.4,71.2,21.7,0.000,0.000,0.00,0.000,4.3,7.4,1.0,93,11,4.7,8.1,1.1,94,10,4.3,7.4,1.0,93,11,0,30.01,,0,0,0,35.1,40.3,44.4,0.39,0.41,0.44
SPRA,2015-11-25 22:25:00 EST,42.87427,-74.50859,656,29.8,32.0,25.9,72.2,21.9,0.000,0.000,0.00,0.000,3.7,5.1,0.6,97,10,4.1,5.8,0.7,98,8,3.7,5.1,0.6,97,10,0,30.01,,0,0,0,35.1,40.3,44.4,0.39,0.41,0.44
SPRA,2015-11-25 22:30:00 EST,42.87427,-74.50859,656,29.2,31.8,26.1,72.9,21.6,0.000,0.000,0.00,0.000,3.1,4.4,0.7,100,11,3.5,5.4,0.9,100,11,3.1,4.4,0.7,100,11,0,30.01,,0,0,0,35.1,40.3,44.4,0.39,0.41,0.44
SPRA,2015-11-25 22:35:00 EST,42.87427,-74.50859,656,30.0,32.1,25.1,72.6,22.3,0.000,0.000,0.00,0.000,4.6,6.2,0.7,105,10,5.1,6.9,0.9,104,9,4.6,6.2,0.7,105,10,0,30.01,,0,0,0,35.0,40.3,44.4,0.39,0.41,0.44
SPRA,2015-11-25 22:40:00 EST,42.87427,-74.50859,656,30.1,32.1,24.4,71.5,22.0,0.000,0.000,0.00,0.000,5.5,6.9,0.7,99,8,6.0,8.3,0.9,100,8,5.5,6.9,0.7,99,8,0,30.00,,0,0,0,35.1,40.3,44.4,0.39,0.41,0.44
SPRA,2015-11-25 22:45:00 EST,42.87427,-74.50859,656,30.0,32.0,24.5,71.7,22.0,0.000,0.000,0.00,0.000,5.2,7.6,0.8,94,6,5.7,8.7,0.9,95,6,5.2,7.6,0.8,94,6,0,30.01,,0,0,0,35.1,40.3,44.4,0.39,0.41,0.44
SPRA,2015-11-25 22:50:00 EST,42.87427,-74.50859,656,29.8,31.7,26.3,71.7,21.8,0.000,0.000,0.00,0.000,3.4,6.0,1.1,96,11,3.8,6.7,1.1,95,10,3.4,6.0,1.1,96,11,0,30.01,,0,0,0,35.1,40.3,44.4,0.39,0.41,0.44
SPRA,2015-11-25 22:55:00 EST,42.87427,-74.50859,656,28.5,31.3,28.5,73.6,21.2,0.000,0.000,0.00,0.000,2.3,3.9,0.7,97,12,2.7,5.1,0.8,98,13,2.3,3.9,0.7,97,12,0,30.01,,0,0,0,35.0,40.3,44.4,0.39,0.41,0.44
SPRA,2015-11-25 23:00:00 EST,42.87427,-74.50859,656,28.0,31.3,28.0,76.7,21.6,0.000,0.000,0.00,0.000,2.4,3.7,0.6,105,15,2.8,4.7,0.7,105,14,2.4,3.7,0.6,105,15,0,30.01,,0,0,0,35.0,40.3,44.4,0.39,0.41,0.44
SPRA,2015-11-25 23:05:00 EST,42.87427,-74.50859,656,29.4,31.7,26.2,75.1,22.5,0.000,0.000,0.00,0.000,3.2,5.6,0.8,103,12,3.5,6.9,1.0,105,11,3.2,5.6,0.8,103,12,0,30.01,,0,0,0,35.0,40.3,44.4,0.39,0.41,0.44
SPRA,2015-11-25 23:10:00 EST,42.87427,-74.50859,656,30.0,31.8,25.3,73.7,22.6,0.000,0.000,0.00,0.000,4.5,6.3,0.8,101,9,5.0,7.2,1.0,101,10,4.5,6.3,0.8,101,9,0,30.01,,0,0,0,34.9,40.3,44.4,0.39,0.41,0.44
SPRA,2015-11-25 23:15:00 EST,42.87427,-74.50859,656,30.1,31.8,24.9,73.1,22.6,0.000,0.000,0.00,0.000,5.0,7.4,1.0,95,11,5.5,8.5,1.3,96,10,5.0,7.4,1.0,95,11,0,30.01,,0,0,0,34.9,40.3,44.4,0.39,0.41,0.44
SPRA,2015-11-25 23:20:00 EST,42.87427,-74.50859,656,30.2,31.7,24.8,73.1,22.6,0.000,0.000,0.00,0.000,5.1,7.1,1.0,94,13,5.6,8.3,1.3,95,10,5.1,7.1,1.0,94,13,0,30.01,,0,0,0,34.9,40.3,44.4,0.39,0.41,0.44
SPRA,2015-11-25 23:25:00 EST,42.87427,-74.50859,656,30.3,31.7,25.2,73.3,22.8,0.000,0.000,0.00,0.000,4.8,6.6,1.1,96,12,5.4,7.8,1.3,97,11,4.8,6.6,1.1,96,12,0,30.01,,0,0,0,34.9,40.2,44.4,0.39,0.41,0.44
SPRA,2015-11-25 23:30:00 EST,42.87427,-74.50859,656,30.0,31.5,24.8,73.9,22.7,0.000,0.000,0.00,0.000,4.9,7.5,1.0,97,12,5.6,9.4,1.2,98,11,4.9,7.5,1.0,97,12,0,30.01,,0,0,0,34.9,40.2,44.4,0.39,0.41,0.44
SPRA,2015-11-25 23:35:00 EST,42.87427,-74.50859,656,30.2,31.7,24.2,74.6,23.1,0.000,0.000,0.00,0.000,6.0,8.6,1.3,94,12,6.5,10.1,1.5,96,11,6.0,8.6,1.3,94,12,0,30.01,,0,0,0,34.9,40.2,44.4,0.39,0.41,0.44
SPRA,2015-11-25 23:40:00 EST,42.87427,-74.50859,656,30.5,31.9,24.6,73.4,23.0,0.000,0.000,0.00,0.000,5.8,9.7,1.7,96,12,6.4,11.6,2.0,97,13,5.8,9.7,1.7,96,12,0,30.02,,0,0,0,34.9,40.2,44.4,0.39,0.41,0.44
SPRA,2015-11-25 23:45:00 EST,42.87427,-74.50859,656,30.6,31.8,25.4,74.0,23.3,0.000,0.000,0.00,0.000,5.1,7.6,1.4,102,11,5.7,9.2,1.5,103,11,5.1,7.6,1.4,102,11,0,30.01,,0,0,0,34.9,40.2,44.4,0.39,0.41,0.44
SPRA,2015-11-25 23:50:00 EST,42.87427,-74.50859,656,30.6,31.9,24.4,74.3,23.4,0.000,0.000,0.00,0.000,6.3,8.5,0.9,98,10,7.0,10.1,1.1,98,8,6.3,8.5,0.9,98,10,0,30.01,,0,0,0,34.9,40.1,44.4,0.39,0.41,0.44
SPRA,2015-11-25 23:55:00 EST,42.87427,-74.50859,656,30.6,31.9,24.5,74.5,23.5,0.000,0.000,0.00,0.000,6.1,8.1,0.8,100,10,6.7,9.6,1.2,101,8,6.1,8.1,0.8,100,10,0,30.01,,0,0,0,34.9,40.1,44.4,0.39,0.41,0.44
WATE,2015-11-25 00:00:00 EST,42.87966,-76.81255,478,30.1,34.4,24.1,84.5,26.0,0.000,0.005,0.00,0.000,5.8,7.2,0.5,194,4,6.3,7.6,0.5,197,4,5.8,7.2,0.5,194,4,0,29.96,,0,0,0,36.0,40.8,46.1,0.37,0.42,0.45
WATE,2015-11-25 00:05:00 EST,42.87966,-76.81255,478,30.8,34.4,24.6,83.4,26.4,0.000,0.000,0.00,0.000,6.3,7.4,0.3,184,3,6.8,7.8,0.4,186,4,6.3,7.4,0.3,184,3,0,29.96,,0,0,0,36.0,40.7,46.1,0.37,0.42,0.45
WATE,2015-11-25 00:10:00 EST,42.87966,-76.81255,478,30.5,34.4,24.4,84.4,26.4,0.000,0.000,0.00,0.000,6.1,6.7,0.3,186,3,6.6,7.4,0.3,188,4,6.1,6.7,0.3,186,3,0,29.96,,0,0,0,35.9,40.7,46.0,0.37,0.42,0.45
WATE,2015-11-25 00:15:00 EST,42.87966,-76.81255,478,30.1,34.3,23.5,84.3,25.9,0.000,0.000,0.00,0.000,6.5,7.5,0.4,192,2,7.0,8.1,0.4,195,2,6.5,7.5,0.4,192,2,0,29.97,,0,0,0,35.9,40.7,46.1,0.37,0.42,0.45
WATE,2015-11-25 00:20:00 EST,42.87966,-76.81255,478,30.4,34.2,23.7,84.9,26.4,0.000,0.000,0.00,0.000,6.9,7.6,0.3,192,2,7.3,8.3,0.3,194,2,6.9,7.6,0.3,192,2,0,29.96,,0,0,0,35.8,40.6,46.0,0.37,0.42,0.44
WATE,2015-11-25 00:25:00 EST,42.87966,-76.81255,478,30.6,34.1,23.7,84.6,26.5,0.000,0.000,0.00,0.000,7.3,7.9,0.4,191,2,7.7,8.5,0.4,194,2,7.3,7.9,0.4,191,2,0,29.96,,0,0,0,35.8,40.6,46.1,0.37,0.42,0.45
WATE,2015-11-25 00:30:00 EST,42.87966,-76.81255,478,31.0,34.2,24.1,84.7,26.9,0.000,0.000,0.00,0.000,7.2,8.3,0.4,191,3,7.7,8.7,0.4,193,2,7.2,8.3,0.4,191,3,0,29.96,,0,0,0,35.8,40.6,46.0,0.37,0.42,0.44
WATE,2015-11-25 00:35:00 EST,42.87966,-76.81255,478,31.1,34.1,24.6,83.6,26.7,0.000,0.000,0.00,0.000,6.7,7.7,0.3,189,3,7.1,8.7,0.4,192,2,6.7,7.7,0.3,189,3,0,29.96,,0,0,0,35.8,40.6,46.0,0.37,0.42,0.44
WATE,2015-11-25 00:40:00 EST,42.87966,-76.81255,478,30.6,33.6,24.3,84.9,26.6,0.000,0.000,0.00,0.000,6.3,7.6,0.5,190,2,6.8,8.1,0.5,192,2,6.3,7.6,0.5,190,2,0,29.96,,0,0,0,35.8,40.6,46.0,0.37,0.42,0.45
WATE,2015-11-25 00:45:00 EST,42.87966,-76.81255,478,30.7,33.7,24.7,85.0,26.7,0.000,0.000,0.00,0.000,6.0,6.8,0.3,191,3,6.5,7.2,0.4,194,3,6.0,6.8,0.3,191,3,0,29.96,,0,0,0,35.7,40.6,46.0,0.37,0.42,0.44
WATE,2015-11-25 00:50:00 EST,42.87966,-76.81255,478,30.8,33.8,24.8,85.1,26.8,0.000,0.000,0.00,0.000,6.0,6.6,0.3,194,2,6.5,7.2,0.3,197,2,6.0,6.6,0.3,194,2,0,29.97,,0,0,0,35.7,40.6,46.0,0.37,0.42,0.45
WATE,2015-11-25 00:55:00 EST,42.87966,-76.81255,478,31.2,34.1,25.1,84.6,27.1,0.000,0.000,0.00,0.000,6.3,7.4,0.4,192,3,6.8,7.6,0.4,195,3,6.3,7.4,0.4,192,3,0,29.97,,0,0,0,35.7,40.6,46.0,0.37,0.42,0.45
WATE,2015-11-25 01:00:00 EST,42.87966,-76.81255,478,31.6,34.2,25.2,85.4,27.7,0.000,0.000,0.00,0.000,6.7,8.2,0.5,189,4,7.2,8.7,0.5,192,3,6.7,8.2,0.5,189,4,0,29.97,,0,0,0,35.6,40.6,46.0,0.37,0.42,0.44
WATE,2015-11-25 01:05:00 EST,42.87966,-76.81255,478,32.4,34.3,26.2,84.1,28.1,0.000,0.000,0.00,0.000,6.6,7.7,0.5,192,4,7.1,8.3,0.5,194,3,6.6,7.7,0.5,192,4,0,29.97,,0,0,0,35.6,40.6,46.0,0.37,0.42,0.45
WATE,2015-11-25 01:10:00 EST,42.87966,-76.81255,478,32.5,34.2,27.2,83.5,28.0,0.000,0.000,0.00,0.000,5.4,6.5,0.5,195,4,5.9,7.2,0.6,198,4,5.4,6.5,0.5,195,4,0,29.98,,0,0,0,35.6,40.6,46.0,0.37,0.42,0.44
WATE,2015-11-25 01:15:00 EST,42.87966,-76.81255,478,32.5,34.1,27.4,82.9,27.9,0.000,0.000,0.00,0.000,5.3,6.4,0.4,188,3,5.8,6.9,0.4,191,4,5.3,6.4,0.4,188,3,0,29.98,,0,0,0,35.6,40.6,46.0,0.37,0.42,0.44
WATE,2015-11-25 01:20:00 EST,42.87966,-76.81255,478,32.2,34.4,26.9,83.3,27.8,0.000,0.000,0.00,0.000,5.5,6.6,0.3,192,2,6.0,7.2,0.4,194,2,5.5,6.6,0.3,192,2,0,29.98,,0,0,0,35.6,40.6,46.0,0.37,0.42,0.45
WATE,2015-11-25 01:25:00 EST,42.87966,-76.81255,478,31.9,34.3,26.2,83.6,27.5,0.000,0.000,0.00,0.000,5.9,6.5,0.3,190,2,6.4,7.2,0.3,193,2,5.9,6.5,0.3,190,2,0,29.98,,0,0,0,35.6,40.6,46.0,0.37,0.42,0.44
WATE,2015-11-25 01:30:00 EST,42.87966,-76.81255,478,31.3,34.2,25.5,84.9,27.2,0.000,0.000,0.00,0.000,5.8,6.7,0.4,189,2,6.3,7.4,0.4,192,2,5.8,6.7,0.4,189,2,0,29.98,,0,0,0,35.5,40.6,46.0,0.37,0.42,0.44
WATE,2015-11-25 01:35:00 EST,42.87966,-76.81255,478,31.1,34.3,24.8,85.5,27.3,0.000,0.000,0.00,0.000,6.5,7.1,0.3,188,2,7.0,7.8,0.3,191,2,6.5,7.1,0.3,188,2,0,29.98,,0,0,0,35.5,40.6,46.0,0.37,0.42,0.44
WATE,2015-11-25 01:40:00 EST,42.87966,-76.81255,478,31.3,34.5,25.2,85.6,27.5,0.000,0.000,0.00,0.000,6.3,7.7,0.4,188,3,6.8,7.8,0.4,191,3,6.3,7.7,0.4,188,3,0,29.98,,0,0,0,35.4,40.5,46.0,0.37,0.42,0.45
WATE,2015-11-25 01:45:00 EST,42.87966,-76.81255,478,30.6,34.2,24.2,85.7,26.8,0.000,0.000,0.00,0.000,6.5,7.5,0.4,187,2,7.0,8.3,0.4,190,3,6.5,7.5,0.4,187,2,0,29.98,,0,0,0,35.4,40.5,46.0,0.37,0.42,0.45
WATE,2015-11-25 01:50:00 EST,42.87966,-76.81255,478,31.1,34.3,24.5,87.1,27.7,0.000,0.000,0.00,0.000,6.9,7.9,0.4,190,3,7.4,8.3,0.4,193,3,6.9,7.9,0.4,190,3,0,29.99,,0,0,0,35.4,40.5,46.0,0.37,0.42,0.45
WATE,2015-11-25 01:55:00 EST,42.87966,-76.81255,478,31.3,34.0,24.8,86.9,27.9,0.000,0.000,0.00,0.000,6.8,7.7,0.3,192,2,7.3,8.3,0.4,195,2,6.8,7.7,0.3,192,2,0,29.99,,0,0,0,35.4,40.5,46.0,0.37,0.42,0.45
WATE,2015-11-25 02:00:00 EST,42.87966,-76.81255,478,31.3,33.7,25.2,87.1,27.9,0.000,0.000,0.00,0.000,6.2,7.1,0.3,191,3,6.7,7.6,0.3,194,2,6.2,7.1,0.3,191,3,0,29.99,,0,0,0,35.4,40.5,46.0,0.37,0.42,0.44
WATE,2015-11-25 02:05:00 EST,42.87966,-76.81255,478,30.9,33.6,24.7,87.1,27.5,0.000,0.000,0.00,0.000,6.3,7.0,0.3,190,2,6.8,7.8,0.3,193,2,6.3,7.0,0.3,190,2,0,30.00,,0,0,0,35.4,40.5,46.0,0.37,0.42,0.44
WATE,2015-11-25 02:10:00 EST,42.87966,-76.81255,478,30.6,33.4,24.5,87.7,27.4,0.000,0.000,0.00,0.000,6.1,7.1,0.3,191,4,6.6,7.8,0.3,194,4,6.1,7.1,0.3,191,4,0,30.00,,0,0,0,35.4,40.5,46.0,0.37,0.42,0.45
WATE,2015-11-25 02:15:00 EST,42.87966,-76.81255,478,31.1,33.4,24.8,88.3,28.0,0.000,0.000,0.00,0.000,6.4,7.1,0.3,195,4,6.8,8.1,0.5,198,3,6.4,7.1,0.3,195,4,0,30.01,,0,0,0,35.4,40.5,46.0,0.37,0.42,0.44
WATE,2015-11-25 02:20:00 EST,42.87966,-76.81255,478,31.5,33.4,26.0,87.6,28.2,0.000,0.000,0.00,0.000,5.6,6.6,0.5,197,4,6.0,7.2,0.6,199,3,5.6,6.6,0.5,197,4,0,30.01,,0,0,0,35.3,40.5,46.0,0.37,0.42,0.44
WATE,2015-11-25 02:25:00 EST,42.87966,-76.81255,478,30.8,32.8,26.5,86.9,27.4,0.000,0.000,0.00,0.000,4.2,5.3,0.6,201,5,4.5,5.8,0.7,204,6,4.2,5.3,0.6,201,5,0,30.01,,0,0,0,35.3,40.4,46.0,0.37,0.42,0.45
WATE,2015-11-25 02:30:00 EST,42.87966,-76.81255,478,30.7,32.4,27.5,88.3,27.7,0.000,0.000,0.00,0.000,3.3,4.0,0.3,207,7,3.5,4.7,0.5,211,8,3.3,4.0,0.3,207,7,0,30.01,,0,0,0,35.3,40.4,46.0,0.37,0.42,0.45
WATE,2015-11-25 02:35:00 EST,42.87966,-76.81255,478,30.6,32.5,27.3,88.0,27.4,0.000,0.000,0.00,0.000,3.3,4.7,0.6,210,9,3.4,5.4,0.7,212,9,3.3,4.7,0.6,210,9,0,30.01,,0,0,0,35.3,40.4,46.0,0.37,0.42,0.44
WATE,2015-11-25 02:40:00 EST,42.87966,-76.81255,478,30.4,32.4,30.4,88.7,27.5,0.000,0.000,0.00,0.000,2.5,3.9,0.7,212,14,2.7,4.7,0.8,214,13,2.5,3.9,0.7,212,14,0,30.01,,0,0,0,35.2,40.4,46.0,0.37,0.42,0.44
WATE,2015-11-25 02:45:00 EST,42.87966,-76.81255,478,30.7,32.5,27.5,89.6,28.0,0.000,0.000,0.00,0.000,3.3,4.5,0.6,204,9,3.5,5.1,0.8,207,8,3.3,4.5,0.6,204,9,0,30.02,,0,0,0,35.2,40.4,46.0,0.37,0.42,0.44
WATE,2015-11-25 02:50:00 EST,42.87966,-76.81255,478,30.8,32.6,26.6,88.9,27.9,0.000,0.000,0.00,0.000,4.0,5.6,0.6,198,7,4.5,5.8,0.6,200,7,4.0,5.6,0.6,198,7,0,30.02,,0,0,0,35.2,40.4,46.0,0.37,0.42,0.44
WATE,2015-11-25 02:55:00 EST,42.87966,-76.81255,478,30.7,32.6,26.0,89.0,27.9,0.000,0.000,0.00,0.000,4.5,5.7,0.6,198,5,4.9,6.0,0.7,200,5,4.5,5.7,0.6,198,5,0,30.02,,0,0,0,35.2,40.3,46.0,0.37,0.42,0.45
WATE,2015-11-25 03:00:00 EST,42.87966,-76.81255,478,30.5,32.4,25.9,89.3,27.7,0.000,0.000,0.00,0.000,4.4,5.3,0.4,196,4,4.8,5.8,0.5,199,4,4.4,5.3,0.4,196,4,0,30.02,,0,0,0,35.2,40.3,46.0,0.37,0.42,0.45
WATE,2015-11-25 03:05:00 EST,42.87966,-76.81255,478,30.3,32.1,26.1,89.8,27.6,0.000,0.000,0.00,0.000,4.0,4.7,0.4,197,4,4.4,5.4,0.4,198,4,4.0,4.7,0.4,197,4,0,30.02,,0,0,0,35.2,40.3,46.0,0.37,0.42,0.45
WATE,2015-11-25 03:10:00 EST,42.87966,-76.81255,478,30.3,32.2,26.5,90.4,27.8,0.000,0.000,0.00,0.000,3.7,4.9,0.6,204,8,4.1,5.6,0.9,208,8,3.7,4.9,0.6,204,8,0,30.02,,0,0,0,35.1,40.3,46.0,0.37,0.42,0.45
WATE,2015-11-25 03:15:00 EST,42.87966,-76.81255,478,30.4,32.5,26.5,89.0,27.5,0.000,0.000,0.00,0.000,3.7,5.6,0.7,199,8,4.2,6.3,0.8,201,8,3.7,5.6,0.7,199,8,0,30.02,,0,0,0,35.1,40.3,46.0,0.37,0.42,0.44
WATE,2015-11-25 03:20:00 EST,42.87966,-76.81255,478,30.4,32.1,26.0,89.1,27.5,0.000,0.000,0.00,0.000,4.2,5.1,0.4,195,3,4.6,5.4,0.5,197,3,4.2,5.1,0.4,195,3,0,30.02,,0,0,0,35.1,40.3,46.0,0.37,0.42,0.44
WATE,2015-11-25 03:25:00 EST,42.87966,-76.81255,478,30.0,31.3,26.0,90.0,27.4,0.000,0.000,0.00,0.000,3.8,4.6,0.3,190,5,4.3,5.6,0.4,192,5,3.8,4.6,0.3,190,5,0,30.02,,0,0,0,35.1,40.3,46.0,0.37,0.42,0.45
WATE,2015-11-25 03:30:00 EST,42.87966,-76.81255,478,29.9,31.6,24.1,90.7,27.5,0.000,0.000,0.00,0.000,5.6,7.6,1.0,192,6,6.0,8.3,1.1,194,5,5.6,7.6,1.0,192,6,0,30.03,,0,0,0,35.1,40.3,46.0,0.37,0.42,0.44
WATE,2015-11-25 03:35:00 EST,42.87966,-76.81255,478,30.4,32.2,24.1,91.1,28.2,0.000,0.000,0.00,0.000,6.3,8.0,0.7,192,4,6.8,8.5,0.8,195,4,6.3,8.0,0.7,192,4,0,30.03,,0,0,0,35.1,40.3,46.0,0.37,0.42,0.45
WATE,2015-11-25 03:40:00 EST,42.87966,-76.81255,478,30.6,32.4,24.2,89.7,27.9,0.000,0.000,0.00,0.000,6.5,8.0,0.5,188,4,7.1,8.7,0.7,191,3,6.5,8.0,0.5,188,4,0,30.03,,0,0,0,35.1,40.3,46.0,0.37,0.42,0.44
WATE,2015-11-25 03:45:00 EST,42.87966,-76.81255,478,30.7,32.4,24.2,89.4,27.9,0.000,0.000,0.00,0.000,6.6,8.3,0.6,190,5,7.1,9.4,0.7,192,4,6.6,8.3,0.6,190,5,0,30.03,,0,0,0,35.0,40.3,46.0,0.37,0.42,0.45
WATE,2015-11-25 03:50:00 EST,42.87966,-76.81255,478,30.6,32.3,24.8,88.8,27.7,0.000,0.000,0.00,0.000,5.6,7.2,0.7,187,4,6.0,7.8,0.6,190,3,5.6,7.2,0.7,187,4,0,30.03,,0,0,0,35.0,40.3,46.0,0.37,0.42,0.44
WATE,2015-11-25 03:55:00 EST,42.87966,-76.81255,478,29.6,31.6,24.4,88.9,26.7,0.000,0.000,0.00,0.000,4.8,5.8,0.4,182,6,5.2,6.5,0.5,184,6,4.8,5.8,0.4,182,6,0,30.03,,0,0,0,35.0,40.3,46.0,0.37,0.42,0.44
WATE,2015-11-25 04:00:00 EST,42.87966,-76.81255,478,29.5,31.7,24.6,89.5,26.8,0.000,0.000,0.00,0.000,4.5,5.3,0.4,170,6,5.1,6.3,0.4,171,6,4.5,5.3,0.4,170,6,0,30.04,,0,0,0,34.9,40.3,46.0,0.37,0.42,0.45
WATE,2015-11-25 04:05:00 EST,42.87966,-76.81255,478,29.7,31.2,29.7,90.5,27.3,0.000,0.000,0.00,0.000,3.0,4.8,0.8,166,8,3.5,5.4,0.9,166,8,3.0,4.8,0.8,166,8,0,30.04,,0,0,0,34.9,40.3,46.0,0.37,0.42,0.45
WATE,2015-11-25 04:10:00 EST,42.87966,-76.81255,478,29.8,30.9,26.7,89.9,27.2,0.000,0.000,0.00,0.000,3.1,3.9,0.4,178,5,3.6,4.5,0.4,179,6,3.1,3.9,0.4,178,5,0,30.04,,0,0,0,34.9,40.3,46.0,0.37,0.42,0.45
WATE,2015-11-25 04:15:00 EST,42.87966,-76.81255,478,29.5,30.7,25.9,89.0,26.6,0.000,0.000,0.00,0.000,3.4,4.2,0.5,183,4,3.9,5.1,0.6,185,5,3.4,4.2,0.5,183,4,0,30.04,,0,0,0,34.9,40.2,46.0,0.37,0.42,0.44
WATE,2015-11-25 04:20:00 EST,42.87966,-76.81255,478,29.2,31.0,25.3,88.0,26.1,0.000,0.000,0.00,0.000,3.7,4.8,0.5,187,4,4.0,5.4,0.6,189,5,3.7,4.8,0.5,187,4,0,30.04,,0,0,0,34.9,40.2,46.0,0.37,0.42,0.45
WATE,2015-11-25 04:25:00 EST,42.87966,-76.81255,478,29.8,31.3,25.4,87.7,26.6,0.000,0.000,0.00,0.000,4.1,5.2,0.4,194,2,4.5,5.4,0.5,196,2,4.1,5.2,0.4,194,2,0,30.05,,0,0,0,34.9,40.1,46.0,0.37,0.42,0.44
WATE,2015-11-25 04:30:00 EST,42.87966,-76.81255,478,29.8,31.2,25.7,86.1,26.1,0.000,0.000,0.00,0.000,3.8,4.9,0.4,192,5,4.2,5.6,0.6,195,5,3.8,4.9,0.4,192,5,0,30.05,,0,0,0,34.9,40.1,46.0,0.37,0.42,0.45
WATE,2015-11-25 04:35:00 EST,42.87966,-76.81255,478,29.4,31.0,25.7,85.2,25.5,0.000,0.000,0.00,0.000,3.4,5.0,0.5,185,4,3.9,5.4,0.6,187,5,3.4,5.0,0.5,185,4,0,30.05,,0,0,0,34.9,40.1,45.9,0.37,0.42,0.45
WATE,2015-11-25 04:40:00 EST,42.87966,-76.81255,478,29.2,31.0,29.2,85.1,25.3,0.000,0.000,0.00,0.000,2.9,4.2,0.5,180,5,3.2,4.7,0.7,181,7,2.9,4.2,0.5,180,5,0,30.05,,0,0,0,34.9,40.1,45.9,0.37,0.42,0.44
WATE,2015-11-25 04:45:00 EST,42.87966,-76.81255,478,29.7,31.2,26.4,84.1,25.5,0.000,0.000,0.00,0.000,3.2,5.3,0.6,173,7,3.6,5.4,0.6,175,8,3.2,5.3,0.6,173,7,0,30.05,,0,0,0,34.9,40.1,46.0,0.37,0.42,0.44
WATE,2015-11-25 04:50:00 EST,42.87966,-76.81255,478,29.5,31.6,25.1,82.7,24.9,0.000,0.000,0.00,0.000,4.0,5.3,0.6,172,3,4.5,5.6,0.7,173,4,4.0,5.3,0.6,172,3,0,30.05,,0,0,0,34.9,40.1,45.9,0.37,0.42,0.44
WATE,2015-11-25 04:55:00 EST,42.87966,-76.81255,478,29.8,31.8,25.1,82.6,25.2,0.000,0.000,0.00,0.000,4.4,7.5,0.7,179,6,4.9,7.8,0.9,181,6,4.4,7.5,0.7,179,6,0,30.05,,0,0,0,34.9,40.1,45.9,0.37,0.42,0.45
WATE,2015-11-25 05:00:00 EST,42.87966,-76.81255,478,29.8,32.0,24.6,82.6,25.1,0.000,0.000,0.00,0.000,4.8,7.4,0.7,179,6,5.3,7.4,0.8,182,5,4.8,7.4,0.7,179,6,0,30.05,,0,0,0,34.9,40.1,45.9,0.37,0.42,0.45
WATE,2015-11-25 05:05:00 EST,42.87966,-76.81255,478,29.9,32.7,23.7,83.9,25.6,0.000,0.000,0.00,0.000,5.9,7.6,0.5,174,3,6.3,7.8,0.6,175,4,5.9,7.6,0.5,174,3,0,30.05,,0,0,0,34.9,40.1,45.9,0.37,0.42,0.44
WATE,2015-11-25 05:10:00 EST,42.87966,-76.81255,478,29.7,32.2,25.3,84.6,25.6,0.000,0.000,0.00,0.000,4.1,6.6,0.8,178,6,4.6,7.2,0.9,179,6,4.1,6.6,0.8,178,6,0,30.05,,0,0,0,34.9,40.1,45.9,0.37,0.42,0.45
WATE,2015-11-25 05:15:00 EST,42.87966,-76.81255,478,29.6,31.7,25.8,85.0,25.7,0.000,0.000,0.00,0.000,3.6,5.8,0.6,171,9,4.1,6.0,0.7,172,9,3.6,5.8,0.6,171,9,0,30.05,,0,0,0,34.9,40.1,45.9,0.37,0.42,0.44
WATE,2015-11-25 05:20:00 EST,42.87966,-76.81255,478,29.6,31.6,29.6,83.7,25.3,0.000,0.000,0.00,0.000,1.1,4.0,1.1,132,37,1.7,5.1,1.0,119,48,1.1,4.0,1.1,132,37,0,30.06,,0,0,0,34.9,40.1,45.9,0.37,0.42,0.45
WATE,2015-11-25 05:25:00 EST,42.87966,-76.81255,478,29.8,32.0,29.8,85.9,26.1,0.000,0.000,0.00,0.000,0.7,2.3,0.7,71,22,1.4,3.6,0.6,81,40,0.7,2.3,0.7,71,22,0,30.06,,0,0,0,34.8,40.1,45.9,0.37,0.42,0.45
WATE,2015-11-25 05:30:00 EST,42.87966,-76.81255,478,29.3,31.8,29.3,85.0,25.4,0.000,0.000,0.00,0.000,1.0,1.6,0.2,22,18,1.4,2.2,0.3,20,18,1.0,1.6,0.2,22,18,0,30.06,,0,0,0,34.7,40.0,45.9,0.37,0.42,0.45
WATE,2015-11-25 05:35:00 EST,42.87966,-76.81255,478,28.3,31.9,28.3,85.7,24.6,0.000,0.000,0.00,0.000,0.7,1.3,0.3,0,12,1.3,2.2,0.3,6,12,0.7,1.3,0.3,0,12,0,30.07,,0,0,0,34.7,40.0,45.9,0.37,0.42,0.45
WATE,2015-11-25 05:40:00 EST,42.87966,-76.81255,478,28.9,31.7,28.9,88.3,25.9,0.000,0.000,0.00,0.000,0.2,1.1,0.3,342,0,0.9,2.0,0.4,17,31,0.2,1.1,0.3,342,0,0,30.07,,0,0,0,34.7,40.0,45.9,0.37,0.42,0.45
WATE,2015-11-25 05:45:00 EST,42.87966,-76.81255,478,28.7,32.0,28.7,87.1,25.4,0.000,0.000,0.00,0.000,0.4,2.0,0.5,199,48,1.0,3.6,0.7,199,65,0.4,2.0,0.5,199,48,0,30.07,,0,0,0,34.7,40.0,45.9,0.37,0.42,0.45
WATE,2015-11-25 05:50:00 EST,42.87966,-76.81255,478,29.0,31.5,29.0,86.9,25.6,0.000,0.000,0.00,0.000,2.4,4.2,1.0,187,12,3.0,5.4,1.1,188,13,2.4,4.2,1.0,187,12,0,30.07,,0,0,0,34.7,40.0,45.9,0.37,0.42,0.45
WATE,2015-11-25 05:55:00 EST,42.87966,-76.81255,478,28.7,31.2,24.7,86.2,25.1,0.000,0.000,0.00,0.000,3.7,4.8,0.6,179,8,4.1,5.1,0.7,180,8,3.7,4.8,0.6,179,8,0,30.07,,0,0,0,34.7,39.9,45.9,0.37,0.42,0.44
WATE,2015-11-25 06:00:00 EST,42.87966,-76.81255,478,28.4,31.9,24.7,88.2,25.4,0.000,0.000,0.00,0.000,3.4,4.5,0.5,173,7,3.8,4.9,0.5,173,7,3.4,4.5,0.5,173,7,0,30.07,,0,0,0,34.7,39.9,45.9,0.37,0.42,0.45
WATE,2015-11-25 06:05:00 EST,42.87966,-76.81255,478,29.1,31.6,25.5,88.6,26.2,0.000,0.000,0.00,0.000,3.4,4.3,0.5,166,7,3.9,5.1,0.7,166,9,3.4,4.3,0.5,166,7,0,30.08,,0,0,0,34.7,39.9,45.9,0.37,0.42,0.44
WATE,2015-11-25 06:10:00 EST,42.87966,-76.81255,478,29.7,31.8,29.7,88.3,26.6,0.000,0.000,0.00,0.000,2.8,3.4,0.4,160,9,3.2,4.5,0.5,158,11,2.8,3.4,0.4,160,9,0,30.08,,0,0,0,34.6,39.9,45.9,0.37,0.42,0.44
WATE,2015-11-25 06:15:00 EST,42.87966,-76.81255,478,29.2,31.8,29.2,86.6,25.7,0.000,0.000,0.00,0.000,2.7,3.8,0.4,165,9,3.1,4.5,0.5,164,11,2.7,3.8,0.4,165,9,0,30.08,,0,0,0,34.6,39.9,45.9,0.37,0.42,0.44
WATE,2015-11-25 06:20:00 EST,42.87966,-76.81255,478,28.3,31.4,28.3,86.5,24.8,0.000,0.000,0.00,0.000,2.0,2.9,0.4,152,10,2.4,4.3,0.5,150,12,2.0,2.9,0.4,152,10,0,30.08,,0,0,0,34.5,39.9,45.9,0.37,0.42,0.45
WATE,2015-11-25 06:25:00 EST,42.87966,-76.81255,478,27.9,31.2,27.9,87.2,24.6,0.000,0.000,0.00,0.000,1.6,2.0,0.2,142,10,1.9,2.7,0.3,142,13,1.6,2.0,0.2,142,10,0,30.09,,0,0,0,34.5,39.9,45.9,0.37,0.42,0.44
WATE,2015-11-25 06:30:00 EST,42.87966,-76.81255,478,29.1,31.2,29.1,90.4,26.7,0.000,0.000,0.00,0.000,1.1,1.7,0.3,152,16,1.5,2.5,0.3,142,11,1.1,1.7,0.3,152,16,0,30.09,,0,0,0,34.5,39.9,45.9,0.37,0.42,0.44
WATE,2015-11-25 06:35:00 EST,42.87966,-76.81255,478,29.3,30.8,29.3,88.9,26.4,0.000,0.000,0.00,0.000,1.0,1.5,0.3,112,14,1.4,2.2,0.3,112,20,1.0,1.5,0.3,112,14,0,30.09,,0,0,0,34.5,39.9,45.9,0.37,0.42,0.45
WATE,2015-11-25 06:40:00 EST,42.87966,-76.81255,478,28.5,30.6,28.5,86.2,25.0,0.000,0.000,0.00,0.000,0.4,1.6,0.4,130,11,0.9,2.0,0.4,128,30,0.4,1.6,0.4,130,11,0,30.09,,0,0,0,34.5,39.9,45.9,0.37,0.42,0.44
WATE,2015-11-25 06:45:00 EST,42.87966,-76.81255,478,28.6,30.5,28.6,88.0,25.5,0.000,0.000,0.00,0.000,0.1,0.7,0.2,82,4,0.7,1.3,0.3,64,25,0.1,0.7,0.2,82,4,0,30.09,,0,0,0,34.5,39.9,45.9,0.37,0.42,0.45
WATE,2015-11-25 06:50:00 EST,42.87966,-76.81255,478,28.7,30.6,28.7,88.5,25.7,0.000,0.000,0.00,0.000,0.3,2.3,0.6,167,17,1.2,3.1,0.6,139,60,0.3,2.3,0.6,167,17,0,30.09,,0,0,0,34.5,39.9,45.9,0.37,0.42,0.45
WATE,2015-11-25 06:55:00 EST,42.87966,-76.81255,478,28.3,30.6,28.3,87.4,25.1,0.000,0.000,0.00,0.000,0.9,1.7,0.5,157,13,1.5,2.5,0.5,155,23,0.9,1.7,0.5,157,13,1,30.09,,0,0,0,34.5,39.9,45.9,0.37,0.42,0.44
WATE,2015-11-25 07:00:00 EST,42.87966,-76.81255,478,27.9,30.8,27.9,87.9,24.8,0.000,0.000,0.00,0.000,2.5,5.8,1.0,155,14,3.0,6.3,1.1,155,15,2.5,5.8,1.0,155,14,2,30.10,,0,0,0,34.5,39.9,45.9,0.37,0.42,0.45
WATE,2015-11-25 07:05:00 EST,42.87966,-76.81255,478,28.0,30.3,28.0,86.4,24.5,0.000,0.000,0.00,0.000,1.7,3.9,0.6,165,15,2.3,4.9,0.8,167,19,1.7,3.9,0.6,165,15,3,30.10,,0,0,0,34.5,39.9,45.9,0.37,0.42,0.45
WATE,2015-11-25 07:10:00 EST,42.87966,-76.81255,478,28.4,30.6,28.4,88.0,25.3,0.000,0.000,0.00,0.000,3.0,4.1,0.6,177,10,3.3,4.9,0.8,179,10,3.0,4.1,0.6,177,10,4,30.10,,0,0,0,34.4,39.8,45.9,0.37,0.42,0.44
WATE,2015-11-25 07:15:00 EST,42.87966,-76.81255,478,29.3,31.2,24.7,88.1,26.2,0.000,0.000,0.00,0.000,4.2,8.1,1.4,169,15,4.8,8.7,1.5,168,15,4.2,8.1,1.4,169,15,6,30.10,,0,0,0,34.4,39.8,45.8,0.37,0.42,0.44
WATE,2015-11-25 07:20:00 EST,42.87966,-76.81255,478,30.8,31.9,24.4,88.1,27.7,0.000,0.000,0.00,0.000,6.5,9.9,1.3,168,8,7.1,10.7,1.3,169,7,6.5,9.9,1.3,168,8,9,30.10,,0,0,0,34.4,39.8,45.9,0.37,0.42,0.45
WATE,2015-11-25 07:25:00 EST,42.87966,-76.81255,478,30.8,31.8,24.5,86.3,27.2,0.000,0.000,0.00,0.000,6.3,9.7,1.0,177,7,7.0,10.7,1.2,178,7,6.3,9.7,1.0,177,7,12,30.10,,0,0,0,34.3,39.8,45.8,0.36,0.42,0.44
WATE,2015-11-25 07:30:00 EST,42.87966,-76.81255,478,31.1,31.9,24.5,85.9,27.4,0.000,0.000,0.00,0.000,6.9,9.6,0.9,173,7,7.4,11.0,1.0,174,6,6.9,9.6,0.9,173,7,14,30.10,,0,0,0,34.3,39.8,45.9,0.36,0.42,0.44
WATE,2015-11-25 07:35:00 EST,42.87966,-76.81255,478,31.3,32.1,24.1,84.8,27.3,0.000,0.000,0.00,0.000,7.8,9.6,1.0,178,8,8.3,11.2,1.2,179,7,7.8,9.6,1.0,178,8,17,30.10,,0,0,0,34.3,39.7,45.9,0.36,0.42,0.44
WATE,2015-11-25 07:40:00 EST,42.87966,-76.81255,478,31.5,32.2,24.3,83.3,27.1,0.000,0.000,0.00,0.000,8.0,10.5,1.2,181,8,8.7,11.2,1.3,183,8,8.0,10.5,1.2,181,8,20,30.11,,0,0,0,34.3,39.7,45.9,0.36,0.42,0.45
WATE,2015-11-25 07:45:00 EST,42.87966,-76.81255,478,31.8,32.4,24.2,81.5,26.8,0.000,0.000,0.00,0.000,8.6,12.3,1.4,187,7,9.3,14.8,1.5,189,6,8.6,12.3,1.4,187,7,22,30.11,,0,0,0,34.3,39.7,45.9,0.36,0.42,0.45
WATE,2015-11-25 07:50:00 EST,42.87966,-76.81255,478,31.6,32.3,24.2,81.3,26.6,0.000,0.000,0.00,0.000,8.3,10.2,0.9,186,7,8.9,11.4,1.0,188,6,8.3,10.2,0.9,186,7,24,30.11,,0,0,0,34.3,39.7,45.9,0.36,0.42,0.44
WATE,2015-11-25 07:55:00 EST,42.87966,-76.81255,478,31.8,32.4,23.6,81.0,26.6,0.000,0.000,0.00,0.000,9.8,13.6,1.4,184,5,10.5,14.5,1.5,186,5,9.8,13.6,1.4,184,5,26,30.11,,0,0,0,34.3,39.7,45.9,0.36,0.42,0.45
WATE,2015-11-25 08:00:00 EST,42.87966,-76.81255,478,31.9,32.3,24.1,80.8,26.6,0.000,0.000,0.00,0.000,8.9,11.8,1.2,183,6,9.6,12.8,1.4,185,6,8.9,11.8,1.2,183,6,49,30.11,,0,0,0,34.3,39.7,45.9,0.36,0.42,0.45
WATE,2015-11-25 08:05:00 EST,42.87966,-76.81255,478,32.1,32.5,24.3,81.5,27.1,0.000,0.000,0.00,0.000,9.2,13.0,1.3,181,6,10.0,13.9,1.3,183,5,9.2,13.0,1.3,181,6,99,30.11,,0,0,0,34.3,39.7,45.8,0.36,0.42,0.45
WATE,2015-11-25 08:10:00 EST,42.87966,-76.81255,478,32.4,32.7,25.0,82.1,27.6,0.000,0.000,0.00,0.000,8.5,10.2,1.0,176,7,9.1,11.6,1.1,177,7,8.5,10.2,1.0,176,7,112,30.11,,0,0,0,34.3,39.7,45.8,0.36,0.42,0.45
WATE,2015-11-25 08:15:00 EST,42.87966,-76.81255,478,32.7,32.9,25.1,82.5,27.9,0.000,0.000,0.00,0.000,8.9,11.8,1.0,174,8,9.5,13.4,1.2,176,6,8.9,11.8,1.0,174,8,127,30.12,,0,0,0,34.3,39.7,45.8,0.36,0.42,0.44
WATE,2015-11-25 08:20:00 EST,42.87966,-76.81255,478,32.9,33.0,25.6,82.5,28.1,0.000,0.000,0.00,0.000,8.5,12.0,1.5,177,8,9.2,13.0,1.5,179,7,8.5,12.0,1.5,177,8,140,30.12,,0,0,0,34.3,39.7,45.9,0.36,0.42,0.45
WATE,2015-11-25 08:25:00 EST,42.87966,-76.81255,478,33.0,33.1,25.6,83.1,28.5,0.000,0.000,0.00,0.000,8.9,12.3,1.2,178,9,9.5,13.2,1.3,180,7,8.9,12.3,1.2,178,9,151,30.12,,0,0,0,34.3,39.7,45.8,0.36,0.42,0.44
WATE,2015-11-25 08:30:00 EST,42.87966,-76.81255,478,33.3,33.3,25.9,82.8,28.6,0.000,0.000,0.00,0.000,8.8,11.6,1.3,181,8,9.4,13.2,1.4,182,7,8.8,11.6,1.3,181,8,161,30.12,,0,0,0,34.3,39.6,45.9,0.36,0.42,0.45
WATE,2015-11-25 08:35:00 EST,42.87966,-76.81255,478,33.4,33.4,26.5,82.6,28.6,0.000,0.000,0.00,0.000,8.0,12.6,1.5,182,8,8.7,13.9,1.6,183,7,8.0,12.6,1.5,182,8,168,30.12,,0,0,0,34.3,39.6,45.8,0.36,0.42,0.44
WATE,2015-11-25 08:40:00 EST,42.87966,-76.81255,478,33.6,33.6,26.7,82.5,28.8,0.000,0.000,0.00,0.000,8.1,10.9,1.1,178,9,8.8,12.3,1.3,179,8,8.1,10.9,1.1,178,9,184,30.12,,0,0,0,34.3,39.6,45.8,0.36,0.42,0.44
WATE,2015-11-25 08:45:00 EST,42.87966,-76.81255,478,33.9,33.8,26.8,82.3,29.0,0.000,0.000,0.00,0.000,8.6,11.3,1.3,176,8,9.3,12.3,1.5,177,7,8.6,11.3,1.3,176,8,197,30.12,,0,0,0,34.3,39.6,45.8,0.36,0.42,0.44
WATE,2015-11-25 08:50:00 EST,42.87966,-76.81255,478,34.2,34.1,26.9,82.6,29.4,0.000,0.000,0.00,0.000,9.2,12.3,1.3,173,6,10.0,13.0,1.5,174,5,9.2,12.3,1.3,173,6,210,30.12,,0,0,0,34.3,39.6,45.8,0.36,0.42,0.45
WATE,2015-11-25 08:55:00 EST,42.87966,-76.81255,478,34.5,34.3,27.3,82.6,29.8,0.000,0.000,0.00,0.000,9.1,12.0,1.3,171,10,10.0,13.6,1.3,173,8,9.1,12.0,1.3,171,10,222,30.12,,0,0,0,34.3,39.6,45.8,0.36,0.42,0.45
WATE,2015-11-25 09:00:00 EST,42.87966,-76.81255,478,34.8,34.6,27.5,82.6,30.0,0.000,0.000,0.00,0.000,9.5,13.7,1.6,171,10,10.3,14.5,1.6,173,8,9.5,13.7,1.6,171,10,236,30.12,,0,0,0,34.3,39.6,45.8,0.36,0.42,0.45
WATE,2015-11-25 09:05:00 EST,42.87966,-76.81255,478,35.2,34.9,28.2,82.4,30.4,0.000,0.000,0.00,0.000,9.1,13.4,1.6,167,10,9.8,14.3,1.7,169,9,9.1,13.4,1.6,167,10,245,30.12,,0,0,0,34.3,39.6,45.8,0.36,0.42,0.45
WATE,2015-11-25 09:10:00 EST,42.87966,-76.81255,478,35.6,35.2,28.3,81.7,30.6,0.000,0.000,0.00,0.000,9.8,13.3,1.5,168,9,10.5,14.3,1.6,170,7,9.8,13.3,1.5,168,9,260,30.13,,0,0,0,34.4,39.6,45.8,0.36,0.42,0.44
WATE,2015-11-25 09:15:00 EST,42.87966,-76.81255,478,36.1,35.6,29.2,81.4,30.9,0.000,0.000,0.00,0.000,9.2,12.4,1.6,167,9,10.1,13.6,1.6,169,8,9.2,12.4,1.6,167,9,267,30.13,,0,0,0,34.4,39.6,45.8,0.36,0.42,0.44
WATE,2015-11-25 09:20:00 EST,42.87966,-76.81255,478,36.6,36.1,29.4,80.2,31.1,0.000,0.000,0.00,0.000,9.9,13.7,1.6,169,9,10.7,15.2,1.8,170,7,9.9,13.7,1.6,169,9,270,30.13,,0,0,0,34.4,39.6,45.8,0.36,0.42,0.45
WATE,2015-11-25 09:25:00 EST,42.87966,-76.81255,478,37.0,36.5,30.1,78.1,30.8,0.000,0.000,0.00,0.000,9.7,13.0,1.3,165,9,10.5,14.1,1.5,167,8,9.7,13.0,1.3,165,9,281,30.13,,0,0,0,34.5,39.6,45.8,0.36,0.42,0.44
WATE,2015-11-25 09:30:00 EST,42.87966,-76.81255,478,37.5,36.9,30.4,76.8,30.9,0.000,0.000,0.00,0.000,10.3,14.3,1.3,169,10,11.1,16.8,1.5,171,8,10.3,14.3,1.3,169,10,304,30.13,,0,0,0,34.5,39.6,45.8,0.36,0.42,0.44
WATE,2015-11-25 09:35:00 EST,42.87966,-76.81255,478,37.6,37.0,30.3,75.2,30.4,0.000,0.000,0.00,0.000,10.8,15.0,2.0,167,9,11.9,16.8,2.2,170,7,10.8,15.0,2.0,167,9,314,30.13,,0,0,0,34.5,39.6,45.8,0.36,0.42,0.45
WATE,2015-11-25 09:40:00 EST,42.87966,-76.81255,478,37.9,37.3,30.7,74.1,30.4,0.000,0.000,0.00,0.000,10.8,15.1,2.1,165,11,11.8,16.6,2.2,167,9,10.8,15.1,2.1,165,11,321,30.13,,0,0,0,34.5,39.6,45.8,0.36,0.42,0.45
WATE,2015-11-25 09:45:00 EST,42.87966,-76.81255,478,38.2,37.5,31.3,73.2,30.3,0.000,0.000,0.00,0.000,10.1,13.9,1.7,168,9,11.2,15.7,1.9,170,8,10.1,13.9,1.7,168,9,314,30.13,,0,0,0,34.5,39.5,45.8,0.36,0.42,0.44
WATE,2015-11-25 09:50:00 EST,42.87966,-76.81255,478,38.2,37.6,31.5,73.0,30.3,0.000,0.000,0.00,0.000,9.8,13.7,1.6,168,11,10.6,15.2,1.8,171,9,9.8,13.7,1.6,168,11,289,30.13,,0,0,0,34.5,39.6,45.8,0.36,0.42,0.45
WATE,2015-11-25 09:55:00 EST,42.87966,-76.81255,478,38.5,37.8,32.3,73.6,30.8,0.000,0.000,0.00,0.000,9.0,12.5,1.6,166,8,9.8,13.4,1.6,168,8,9.0,12.5,1.6,166,8,310,30.13,,0,0,0,34.5,39.5,45.8,0.36,0.42,0.45
WATE,2015-11-25 10:00:00 EST,42.87966,-76.81255,478,38.7,37.9,32.1,72.8,30.7,0.000,0.000,0.00,0.000,9.8,13.7,1.4,172,8,10.6,15.0,1.4,174,7,9.8,13.7,1.4,172,8,353,30.14,,0,0,0,34.5,39.5,45.8,0.36,0.42,0.44
WATE,2015-11-25 10:05:00 EST,42.87966,-76.81255,478,38.7,38.0,31.9,73.0,30.8,0.000,0.000,0.00,0.000,10.5,14.0,1.4,167,10,11.5,15.9,1.4,170,8,10.5,14.0,1.4,167,10,357,30.14,,0,0,0,34.5,39.5,45.8,0.36,0.42,0.44
WATE,2015-11-25 10:10:00 EST,42.87966,-76.81255,478,39.0,38.2,31.9,72.0,30.7,0.000,0.000,0.00,0.000,11.1,14.0,1.6,168,10,12.0,15.2,1.7,170,8,11.1,14.0,1.6,168,10,367,30.14,,0,0,0,34.5,39.5,45.8,0.36,0.42,0.45
WATE,2015-11-25 10:15:00 EST,42.87966,-76.81255,478,39.3,38.5,33.1,70.8,30.6,0.000,0.000,0.00,0.000,9.2,13.2,2.0,170,9,10.0,14.3,2.2,172,8,9.2,13.2,2.0,170,9,350,30.14,,0,0,0,34.5,39.5,45.7,0.36,0.42,0.45
WATE,2015-11-25 10:20:00 EST,42.87966,-76.81255,478,39.2,38.4,32.3,70.1,30.2,0.000,0.000,0.00,0.000,10.7,13.8,1.5,168,8,11.6,14.5,1.6,171,7,10.7,13.8,1.5,168,8,359,30.14,,0,0,0,34.6,39.4,45.7,0.36,0.42,0.45
WATE,2015-11-25 10:25:00 EST,42.87966,-76.81255,478,39.4,38.6,33.0,71.1,30.8,0.000,0.000,0.00,0.000,9.9,12.9,1.1,153,7,10.6,13.4,1.2,155,7,9.9,12.9,1.1,153,7,347,30.14,,0,0,0,34.6,39.4,45.7,0.36,0.42,0.44
WATE,2015-11-25 10:30:00 EST,42.87966,-76.81255,478,40.4,39.4,35.4,71.4,31.9,0.000,0.000,0.00,0.000,7.5,11.0,1.7,158,10,8.2,11.4,1.7,159,10,7.5,11.0,1.7,158,10,410,30.14,,0,0,0,34.7,39.4,45.7,0.36,0.42,0.44
WATE,2015-11-25 10:35:00 EST,42.87966,-76.81255,478,40.3,39.2,34.9,68.6,30.7,0.000,0.000,0.00,0.000,8.0,11.5,1.3,164,11,8.9,12.8,1.4,166,10,8.0,11.5,1.3,164,11,417,30.14,,0,0,0,34.7,39.4,45.7,0.36,0.42,0.45
WATE,2015-11-25 10:40:00 EST,42.87966,-76.81255,478,40.6,39.6,35.3,68.2,30.9,0.000,0.000,0.00,0.000,8.0,11.4,1.4,159,11,8.9,12.8,1.5,162,11,8.0,11.4,1.4,159,11,409,30.14,,0,0,0,34.7,39.4,45.7,0.36,0.42,0.44
WATE,2015-11-25 10:45:00 EST,42.87966,-76.81255,478,40.7,39.7,34.9,66.4,30.4,0.000,0.000,0.00,0.000,9.1,12.9,1.7,162,11,9.8,13.4,1.8,165,10,9.1,12.9,1.7,162,11,399,30.14,,0,0,0,34.7,39.4,45.7,0.36,0.42,0.45
WATE,2015-11-25 10:50:00 EST,42.87966,-76.81255,478,40.9,40.0,35.5,64.2,29.8,0.000,0.000,0.00,0.000,8.5,12.8,2.0,161,11,9.3,14.1,2.1,164,10,8.5,12.8,2.0,161,11,412,30.14,,0,0,0,34.8,39.4,45.7,0.36,0.42,0.44
WATE,2015-11-25 10:55:00 EST,42.87966,-76.81255,478,41.2,40.2,35.7,62.9,29.5,0.000,0.000,0.00,0.000,8.7,12.6,1.8,170,9,9.4,13.6,1.8,171,8,8.7,12.6,1.8,170,9,410,30.13,,0,0,0,34.9,39.4,45.7,0.36,0.42,0.45
WATE,2015-11-25 11:00:00 EST,42.87966,-76.81255,478,41.4,40.4,35.2,61.1,29.0,0.000,0.000,0.00,0.000,10.5,13.7,2.0,159,10,11.3,14.3,1.9,161,9,10.5,13.7,2.0,159,10,406,30.13,,0,0,0,34.9,39.4,45.7,0.36,0.42,0.45
WATE,2015-11-25 11:05:00 EST,42.87966,-76.81255,478,41.8,40.9,36.2,60.3,29.1,0.000,0.000,0.00,0.000,9.3,13.2,1.8,167,12,10.1,15.0,1.9,169,11,9.3,13.2,1.8,167,12,423,30.13,,0,0,0,34.9,39.4,45.7,0.36,0.42,0.45
WATE,2015-11-25 11:10:00 EST,42.87966,-76.81255,478,42.0,41.1,36.2,60.3,29.2,0.000,0.000,0.00,0.000,9.7,14.6,2.3,168,11,10.5,15.7,2.4,170,10,9.7,14.6,2.3,168,11,426,30.13,,0,0,0,35.1,39.4,45.7,0.36,0.42,0.44
WATE,2015-11-25 11:15:00 EST,42.87966,-76.81255,478,42.4,41.5,36.4,59.5,29.3,0.000,0.000,0.00,0.000,10.5,13.6,1.5,159,12,11.3,14.3,1.6,160,13,10.5,13.6,1.5,159,12,437,30.13,,0,0,0,35.3,39.4,45.7,0.36,0.42,0.45
WATE,2015-11-25 11:20:00 EST,42.87966,-76.81255,478,43.1,41.9,37.6,59.7,30.0,0.000,0.000,0.00,0.000,9.7,13.2,2.1,154,11,10.5,14.1,1.9,156,12,9.7,13.2,2.1,154,11,443,30.13,,0,0,0,35.5,39.4,45.7,0.36,0.42,0.45
WATE,2015-11-25 11:25:00 EST,42.87966,-76.81255,478,43.5,42.4,38.0,58.4,29.8,0.000,0.000,0.00,0.000,9.8,13.7,1.5,157,11,10.5,15.2,1.6,160,11,9.8,13.7,1.5,157,11,414,30.12,,0,0,0,35.7,39.4,45.7,0.36,0.42,0.45
WATE,2015-11-25 11:30:00 EST,42.87966,-76.81255,478,43.1,42.2,37.2,56.5,28.7,0.000,0.000,0.00,0.000,11.0,14.4,1.7,160,8,11.9,15.2,1.7,163,8,11.0,14.4,1.7,160,8,420,30.12,,0,0,0,35.9,39.4,45.7,0.36,0.42,0.45
WATE,2015-11-25 11:35:00 EST,42.87966,-76.81255,478,43.8,42.7,38.9,56.6,29.3,0.000,0.000,0.00,0.000,8.5,12.1,1.7,161,12,9.3,12.5,1.9,163,11,8.5,12.1,1.7,161,12,447,30.12,,0,0,0,36.1,39.4,45.7,0.36,0.42,0.45
WATE,2015-11-25 11:40:00 EST,42.87966,-76.81255,478,44.0,42.9,38.9,54.9,28.8,0.000,0.000,0.00,0.000,9.1,12.1,1.4,169,10,10.1,13.6,1.5,171,10,9.1,12.1,1.4,169,10,449,30.12,,0,0,0,36.3,39.4,45.7,0.36,0.42,0.45
WATE,2015-11-25 11:45:00 EST,42.87966,-76.81255,478,44.2,43.1,38.7,53.8,28.5,0.000,0.000,0.00,0.000,10.3,14.8,1.6,165,11,11.1,16.6,1.8,167,10,10.3,14.8,1.6,165,11,451,30.12,,0,0,0,36.6,39.3,45.7,0.36,0.42,0.45
WATE,2015-11-25 11:50:00 EST,42.87966,-76.81255,478,44.4,43.3,38.8,52.8,28.2,0.000,0.000,0.00,0.000,10.8,14.3,1.7,166,8,11.8,15.0,1.8,168,7,10.8,14.3,1.7,166,8,451,30.11,,0,0,0,36.8,39.3,45.7,0.36,0.42,0.45
WATE,2015-11-25 11:55:00 EST,42.87966,-76.81255,478,44.7,43.7,39.1,51.7,28.1,0.000,0.000,0.00,0.000,11.0,14.9,1.7,162,11,11.9,15.9,1.8,164,11,11.0,14.9,1.7,162,11,452,30.11,,0,0,0,37.1,39.3,45.7,0.36,0.42,0.44
WATE,2015-11-25 12:00:00 EST,42.87966,-76.81255,478,45.3,44.2,39.8,51.2,28.3,0.000,0.000,0.00,0.000,11.2,16.9,2.7,152,9,12.0,18.1,2.7,154,9,11.2,16.9,2.7,152,9,452,30.11,,0,0,0,37.2,39.3,45.7,0.36,0.42,0.44
WATE,2015-11-25 12:05:00 EST,42.87966,-76.81255,478,45.5,44.4,39.7,50.6,28.2,0.000,0.000,0.00,0.000,12.2,16.5,1.8,155,7,13.1,19.5,1.9,158,8,12.2,16.5,1.8,155,7,449,30.11,,0,0,0,37.4,39.3,45.7,0.36,0.42,0.45
WATE,2015-11-25 12:10:00 EST,42.87966,-76.81255,478,45.7,44.6,40.1,49.2,27.7,0.000,0.000,0.00,0.000,11.7,15.3,1.7,150,11,12.5,16.6,1.8,153,12,11.7,15.3,1.7,150,11,449,30.10,,0,0,0,37.6,39.3,45.7,0.37,0.42,0.45
WATE,2015-11-25 12:15:00 EST,42.87966,-76.81255,478,46.1,44.9,41.0,49.4,28.2,0.000,0.000,0.00,0.000,10.7,15.9,1.8,154,9,11.6,17.2,1.8,156,10,10.7,15.9,1.8,154,9,448,30.10,,0,0,0,37.9,39.3,45.7,0.37,0.42,0.45
WATE,2015-11-25 12:20:00 EST,42.87966,-76.81255,478,46.3,45.1,40.8,47.6,27.5,0.000,0.000,0.00,0.000,11.8,15.5,1.9,162,11,13.0,16.3,1.8,167,9,11.8,15.5,1.9,162,11,445,30.10,,0,0,0,38.1,39.3,45.7,0.36,0.42,0.44
WATE,2015-11-25 12:25:00 EST,42.87966,-76.81255,478,46.2,45.1,40.8,47.5,27.4,0.000,0.000,0.00,0.000,11.7,16.5,1.7,155,13,12.6,18.1,1.9,158,13,11.7,16.5,1.7,155,13,443,30.10,,0,0,0,38.3,39.3,45.7,0.36,0.42,0.44
WATE,2015-11-25 12:30:00 EST,42.87966,-76.81255,478,46.6,45.3,40.9,47.6,27.7,0.000,0.000,0.00,0.000,12.6,17.7,2.1,148,10,13.7,19.9,2.2,149,10,12.6,17.7,2.1,148,10,441,30.10,,0,0,0,38.5,39.3,45.7,0.37,0.42,0.45
WATE,2015-11-25 12:35:00 EST,42.87966,-76.81255,478,46.6,45.5,41.1,47.7,27.8,0.000,0.000,0.00,0.000,12.4,18.0,2.3,153,11,13.3,18.3,2.3,156,11,12.4,18.0,2.3,153,11,438,30.09,,0,0,0,38.6,39.3,45.7,0.37,0.42,0.44
WATE,2015-11-25 12:40:00 EST,42.87966,-76.81255,478,47.2,45.9,42.0,47.1,28.0,0.000,0.000,0.00,0.000,11.7,17.8,2.0,148,9,12.4,19.2,2.2,150,9,11.7,17.8,2.0,148,9,436,30.09,,0,0,0,38.8,39.3,45.7,0.37,0.42,0.44
WATE,2015-11-25 12:45:00 EST,42.87966,-76.81255,478,47.0,45.9,41.3,46.8,27.6,0.000,0.000,0.00,0.000,13.1,17.0,1.9,144,11,14.0,17.9,2.0,145,11,13.1,17.0,1.9,144,11,431,30.09,,0,0,0,39.0,39.3,45.7,0.37,0.42,0.45
WATE,2015-11-25 12:50:00 EST,42.87966,-76.81255,478,47.0,45.9,40.8,45.8,27.1,0.000,0.000,0.00,0.000,14.7,19.1,1.9,157,9,15.6,19.7,2.0,159,9,14.7,19.1,1.9,157,9,428,30.09,,0,0,0,39.2,39.3,45.6,0.37,0.42,0.45
WATE,2015-11-25 12:55:00 EST,42.87966,-76.81255,478,47.3,46.1,41.5,45.4,27.2,0.000,0.000,0.00,0.000,13.5,19.2,2.1,148,8,14.3,19.9,2.3,149,8,13.5,19.2,2.1,148,8,424,30.08,,0,0,0,39.2,39.3,45.6,0.37,0.42,0.45
WATE,2015-11-25 13:00:00 EST,42.87966,-76.81255,478,47.6,46.6,42.7,46.0,27.8,0.000,0.000,0.00,0.000,11.1,15.7,2.2,156,14,12.2,16.6,2.2,158,13,11.1,15.7,2.2,156,14,418,30.08,,0,0,0,39.3,39.3,45.7,0.37,0.42,0.44
WATE,2015-11-25 13:05:00 EST,42.87966,-76.81255,478,47.9,46.9,43.0,45.4,27.7,0.000,0.000,0.00,0.000,11.2,17.3,1.9,149,13,12.2,19.7,2.1,150,13,11.2,17.3,1.9,149,13,414,30.08,,0,0,0,39.4,39.3,45.6,0.37,0.42,0.44
WATE,2015-11-25 13:10:00 EST,42.87966,-76.81255,478,47.8,46.9,42.7,45.5,27.7,0.000,0.000,0.00,0.000,12.0,19.2,3.0,147,12,12.7,20.4,3.2,149,13,12.0,19.2,3.0,147,12,408,30.08,,0,0,0,39.6,39.4,45.7,0.37,0.42,0.45
WATE,2015-11-25 13:15:00 EST,42.87966,-76.81255,478,48.1,47.0,42.7,44.7,27.6,0.000,0.000,0.00,0.000,13.2,19.8,3.6,153,9,14.0,21.5,3.7,156,9,13.2,19.8,3.6,153,9,403,30.08,,0,0,0,39.7,39.4,45.6,0.37,0.42,0.45
WATE,2015-11-25 13:20:00 EST,42.87966,-76.81255,478,47.6,46.6,41.5,45.1,27.4,0.000,0.000,0.00,0.000,15.4,19.9,2.4,152,9,16.2,21.3,2.3,154,9,15.4,19.9,2.4,152,9,396,30.08,,0,0,0,39.8,39.3,45.7,0.37,0.42,0.45
WATE,2015-11-25 13:25:00 EST,42.87966,-76.81255,478,47.7,46.8,42.2,45.3,27.5,0.000,0.000,0.00,0.000,13.2,19.9,2.9,155,9,14.2,21.3,3.1,157,9,13.2,19.9,2.9,155,9,390,30.07,,0,0,0,39.9,39.4,45.6,0.37,0.42,0.45
WATE,2015-11-25 13:30:00 EST,42.87966,-76.81255,478,48.1,47.2,43.2,45.3,27.9,0.000,0.000,0.00,0.000,11.6,17.5,2.6,152,13,12.3,18.6,2.6,155,13,11.6,17.5,2.6,152,13,384,30.07,,0,0,0,40.1,39.4,45.6,0.37,0.42,0.45
WATE,2015-11-25 13:35:00 EST,42.87966,-76.81255,478,48.2,47.3,42.8,44.5,27.5,0.000,0.000,0.00,0.000,13.0,18.2,2.8,154,13,13.8,19.2,2.9,156,12,13.0,18.2,2.8,154,13,376,30.07,,0,0,0,40.1,39.4,45.6,0.37,0.42,0.45
WATE,2015-11-25 13:40:00 EST,42.87966,-76.81255,478,48.3,47.5,43.4,45.5,28.2,0.000,0.000,0.00,0.000,11.7,18.0,2.8,148,11,12.4,18.8,3.0,150,11,11.7,18.0,2.8,148,11,369,30.07,,0,0,0,40.3,39.4,45.6,0.37,0.42,0.45
WATE,2015-11-25 13:45:00 EST,42.87966,-76.81255,478,48.8,47.9,44.7,45.4,28.6,0.000,0.000,0.00,0.000,9.6,16.3,2.8,157,12,10.5,17.9,2.8,158,12,9.6,16.3,2.8,157,12,356,30.07,,0,0,0,40.3,39.4,45.6,0.37,0.42,0.45
WATE,2015-11-25 13:50:00 EST,42.87966,-76.81255,478,48.3,47.5,42.9,44.2,27.5,0.000,0.000,0.00,0.000,13.3,19.0,2.3,155,11,14.1,20.8,2.4,158,10,13.3,19.0,2.3,155,11,348,30.07,,0,0,0,40.4,39.5,45.5,0.37,0.42,0.45
WATE,2015-11-25 13:55:00 EST,42.87966,-76.81255,478,48.2,47.5,42.3,44.2,27.4,0.000,0.000,0.00,0.000,15.2,20.8,2.3,153,8,16.1,21.5,2.4,157,9,15.2,20.8,2.3,153,8,344,30.07,,0,0,0,40.5,39.5,45.6,0.37,0.42,0.45
WATE,2015-11-25 14:00:00 EST,42.87966,-76.81255,478,48.5,47.7,43.2,45.1,28.1,0.000,0.000,0.00,0.000,13.1,18.6,2.5,154,9,14.0,19.5,2.5,156,8,13.1,18.6,2.5,154,9,336,30.07,,0,0,0,40.5,39.6,45.6,0.37,0.42,0.45
WATE,2015-11-25 14:05:00 EST,42.87966,-76.81255,478,48.4,47.8,42.9,44.4,27.7,0.000,0.000,0.00,0.000,14.1,19.8,3.1,153,10,15.1,20.6,3.0,156,10,14.1,19.8,3.1,153,10,328,30.07,,0,0,0,40.6,39.5,45.6,0.37,0.42,0.45
WATE,2015-11-25 14:10:00 EST,42.87966,-76.81255,478,48.5,47.8,42.9,44.5,27.8,0.000,0.000,0.00,0.000,14.2,19.5,1.8,147,8,15.0,19.0,1.9,148,8,14.2,19.5,1.8,147,8,321,30.07,,0,0,0,40.6,39.6,45.5,0.37,0.42,0.45
WATE,2015-11-25 14:15:00 EST,42.87966,-76.81255,478,48.6,48.0,43.1,44.8,28.1,0.000,0.000,0.00,0.000,13.9,18.0,1.8,152,10,14.9,19.5,1.9,154,10,13.9,18.0,1.8,152,10,312,30.06,,0,0,0,40.7,39.6,45.5,0.37,0.42,0.44
WATE,2015-11-25 14:20:00 EST,42.87966,-76.81255,478,48.7,48.1,43.1,44.6,28.1,0.000,0.000,0.00,0.000,14.5,19.7,2.3,150,10,15.2,20.4,2.3,152,10,14.5,19.7,2.3,150,10,303,30.06,,0,0,0,40.8,39.6,45.5,0.37,0.42,0.44
WATE,2015-11-25 14:25:00 EST,42.87966,-76.81255,478,48.7,48.1,43.2,45.0,28.3,0.000,0.000,0.00,0.000,14.2,19.4,2.0,152,10,15.0,20.4,2.2,154,10,14.2,19.4,2.0,152,10,289,30.06,,0,0,0,40.8,39.6,45.5,0.37,0.42,0.45
WATE,2015-11-25 14:30:00 EST,42.87966,-76.81255,478,48.8,48.3,43.6,45.1,28.5,0.000,0.000,0.00,0.000,13.2,17.8,2.5,149,9,14.1,20.6,2.6,152,9,13.2,17.8,2.5,149,9,273,30.06,,0,0,0,40.8,39.6,45.5,0.37,0.42,0.45
WATE,2015-11-25 14:35:00 EST,42.87966,-76.81255,478,48.6,48.2,43.2,44.7,28.1,0.000,0.000,0.00,0.000,13.7,19.7,2.5,150,9,14.7,20.8,2.7,152,10,13.7,19.7,2.5,150,9,251,30.06,,0,0,0,40.8,39.6,45.5,0.37,0.42,0.45
WATE,2015-11-25 14:40:00 EST,42.87966,-76.81255,478,48.6,48.2,43.5,45.0,28.2,0.000,0.000,0.00,0.000,12.6,19.8,2.7,153,9,13.4,20.6,2.7,156,9,12.6,19.8,2.7,153,9,242,30.06,,0,0,0,40.9,39.7,45.5,0.37,0.42,0.45
WATE,2015-11-25 14:45:00 EST,42.87966,-76.81255,478,48.7,48.3,43.4,44.7,28.1,0.000,0.000,0.00,0.000,13.0,21.8,3.3,158,10,14.0,21.7,3.3,160,9,13.0,21.8,3.3,158,10,254,30.06,,0,0,0,41.0,39.7,45.5,0.37,0.42,0.45
WATE,2015-11-25 14:50:00 EST,42.87966,-76.81255,478,48.8,48.4,43.9,44.7,28.2,0.000,0.000,0.00,0.000,11.8,17.9,2.1,156,11,12.7,18.8,2.2,158,11,11.8,17.9,2.1,156,11,240,30.06,,0,0,0,41.0,39.7,45.5,0.37,0.42,0.44
WATE,2015-11-25 14:55:00 EST,42.87966,-76.81255,478,48.7,48.3,43.0,44.8,28.2,0.000,0.000,0.00,0.000,14.9,19.9,2.5,153,11,15.8,20.6,2.5,155,11,14.9,19.9,2.5,153,11,227,30.06,,0,0,0,41.0,39.7,45.5,0.37,0.42,0.45
WATE,2015-11-25 15:00:00 EST,42.87966,-76.81255,478,48.5,48.3,42.7,44.9,28.1,0.000,0.000,0.00,0.000,15.2,20.5,2.5,147,7,15.9,21.7,2.4,149,7,15.2,20.5,2.5,147,7,215,30.06,,0,0,0,41.0,39.7,45.5,0.37,0.42,0.44
WATE,2015-11-25 15:05:00 EST,42.87966,-76.81255,478,48.4,48.3,42.5,45.6,28.4,0.000,0.000,0.00,0.000,15.4,21.8,2.7,149,7,16.1,21.7,2.7,151,7,15.4,21.8,2.7,149,7,203,30.06,,0,0,0,41.0,39.8,45.5,0.37,0.42,0.44
WATE,2015-11-25 15:10:00 EST,42.87966,-76.81255,478,48.4,48.3,43.2,46.5,28.9,0.000,0.000,0.00,0.000,12.8,19.3,2.7,152,10,13.6,20.4,2.7,155,10,12.8,19.3,2.7,152,10,191,30.06,,0,0,0,41.0,39.9,45.5,0.37,0.42,0.45
WATE,2015-11-25 15:15:00 EST,42.87966,-76.81255,478,48.3,48.2,42.6,46.1,28.5,0.000,0.000,0.00,0.000,14.6,20.3,2.3,149,8,15.3,20.8,2.3,150,8,14.6,20.3,2.3,149,8,180,30.06,,0,0,0,41.0,39.9,45.5,0.37,0.42,0.45
WATE,2015-11-25 15:20:00 EST,42.87966,-76.81255,478,48.2,48.2,43.3,46.9,28.9,0.000,0.000,0.00,0.000,11.6,18.0,2.2,151,9,12.6,19.5,2.4,154,10,11.6,18.0,2.2,151,9,168,30.06,,0,0,0,41.0,39.9,45.5,0.37,0.42,0.44
WATE,2015-11-25 15:25:00 EST,42.87966,-76.81255,478,48.2,48.2,43.0,46.6,28.7,0.000,0.000,0.00,0.000,12.5,15.9,1.6,151,7,13.3,18.6,1.8,153,7,12.5,15.9,1.6,151,7,156,30.06,,0,0,0,41.0,39.9,45.5,0.37,0.42,0.45
WATE,2015-11-25 15:30:00 EST,42.87966,-76.81255,478,48.1,48.2,43.2,47.1,28.9,0.000,0.000,0.00,0.000,11.4,17.0,2.2,153,11,12.3,18.8,2.3,156,11,11.4,17.0,2.2,153,11,138,30.06,,0,0,0,41.0,39.9,45.5,0.37,0.42,0.45
WATE,2015-11-25 15:35:00 EST,42.87966,-76.81255,478,48.0,48.2,42.9,47.2,28.8,0.000,0.000,0.00,0.000,12.1,17.2,1.9,149,9,12.8,18.1,2.0,151,9,12.1,17.2,1.9,149,9,132,30.06,,0,0,0,41.0,39.9,45.5,0.37,0.42,0.45
WATE,2015-11-25 15:40:00 EST,42.87966,-76.81255,478,47.8,48.0,42.7,47.9,29.0,0.000,0.000,0.00,0.000,11.9,19.9,2.5,150,7,12.6,21.3,2.6,153,7,11.9,19.9,2.5,150,7,121,30.06,,0,0,0,41.0,40.0,45.5,0.37,0.42,0.45
WATE,2015-11-25 15:45:00 EST,42.87966,-76.81255,478,47.8,48.1,42.6,47.3,28.7,0.000,0.000,0.00,0.000,12.2,19.9,2.4,154,9,12.9,21.9,2.5,155,8,12.2,19.9,2.4,154,9,108,30.06,,0,0,0,41.0,40.1,45.5,0.37,0.42,0.44
WATE,2015-11-25 15:50:00 EST,42.87966,-76.81255,478,47.8,48.1,42.6,47.1,28.6,0.000,0.000,0.00,0.000,12.2,16.1,1.8,151,9,12.9,17.7,2.0,155,7,12.2,16.1,1.8,151,9,94,30.06,,0,0,0,41.0,40.1,45.5,0.37,0.42,0.44
WATE,2015-11-25 15:55:00 EST,42.87966,-76.81255,478,47.5,48.0,42.4,48.2,28.9,0.000,0.000,0.00,0.000,11.6,15.8,1.7,152,8,12.3,15.9,1.8,154,8,11.6,15.8,1.7,152,8,80,30.06,,0,0,0,41.0,40.1,45.5,0.37,0.42,0.45
WATE,2015-11-25 16:00:00 EST,42.87966,-76.81255,478,47.6,48.0,42.5,48.3,29.0,0.000,0.000,0.00,0.000,11.7,15.9,1.6,157,8,12.5,16.6,1.7,159,8,11.7,15.9,1.6,157,8,66,30.06,,0,0,0,41.0,40.1,45.5,0.37,0.42,0.45
WATE,2015-11-25 16:05:00 EST,42.87966,-76.81255,478,47.3,47.9,42.2,49.2,29.2,0.000,0.000,0.00,0.000,11.5,15.4,1.6,151,8,12.2,16.6,1.7,154,8,11.5,15.4,1.6,151,8,54,30.06,,0,0,0,40.9,40.1,45.5,0.37,0.42,0.45
WATE,2015-11-25 16:10:00 EST,42.87966,-76.81255,478,47.1,47.9,42.3,49.6,29.2,0.000,0.000,0.00,0.000,10.4,14.1,1.5,153,9,11.1,16.6,1.6,156,9,10.4,14.1,1.5,153,9,42,30.06,,0,0,0,40.9,40.2,45.5,0.37,0.42,0.45
WATE,2015-11-25 16:15:00 EST,42.87966,-76.81255,478,47.0,47.8,42.0,50.0,29.3,0.000,0.000,0.00,0.000,11.1,15.3,1.3,153,8,11.8,16.1,1.4,156,8,11.1,15.3,1.3,153,8,32,30.06,,0,0,0,40.8,40.3,45.5,0.37,0.42,0.45
WATE,2015-11-25 16:20:00 EST,42.87966,-76.81255,478,46.7,47.6,41.8,50.6,29.3,0.000,0.000,0.00,0.000,10.4,14.9,1.8,151,8,11.0,16.1,1.9,153,8,10.4,14.9,1.8,151,8,18,30.06,,0,0,0,40.8,40.3,45.5,0.37,0.42,0.45
WATE,2015-11-25 16:25:00 EST,42.87966,-76.81255,478,46.5,47.5,41.2,51.6,29.6,0.000,0.000,0.00,0.000,11.3,16.4,1.9,151,9,12.1,17.2,2.0,153,8,11.3,16.4,1.9,151,9,12,30.06,,0,0,0,40.8,40.3,45.5,0.37,0.42,0.45
WATE,2015-11-25 16:30:00 EST,42.87966,-76.81255,478,46.4,47.6,41.1,51.9,29.7,0.000,0.000,0.00,0.000,11.4,16.4,1.5,148,7,12.1,16.1,1.6,149,7,11.4,16.4,1.5,148,7,10,30.06,,0,0,0,40.8,40.3,45.5,0.37,0.42,0.45
WATE,2015-11-25 16:35:00 EST,42.87966,-76.81255,478,46.4,47.4,41.2,52.2,29.8,0.000,0.000,0.00,0.000,11.3,14.9,1.7,149,8,11.9,17.4,1.9,151,7,11.3,14.9,1.7,149,8,6,30.06,,0,0,0,40.7,40.3,45.5,0.37,0.42,0.44
WATE,2015-11-25 16:40:00 EST,42.87966,-76.81255,478,46.1,47.2,41.0,53.4,30.1,0.000,0.000,0.00,0.000,10.6,18.1,2.1,150,7,11.4,18.6,2.1,152,8,10.6,18.1,2.1,150,7,4,30.06,,0,0,0,40.6,40.3,45.5,0.37,0.42,0.45
WATE,2015-11-25 16:45:00 EST,42.87966,-76.81255,478,46.2,47.4,40.5,54.9,30.9,0.000,0.000,0.00,0.000,12.3,19.4,2.6,155,9,13.1,20.4,2.8,156,9,12.3,19.4,2.6,155,9,3,30.06,,0,0,0,40.6,40.4,45.5,0.37,0.42,0.45
WATE,2015-11-25 16:50:00 EST,42.87966,-76.81255,478,46.3,47.4,40.6,55.4,31.2,0.000,0.000,0.00,0.000,12.6,17.0,1.7,153,8,13.2,18.3,1.8,156,8,12.6,17.0,1.7,153,8,1,30.06,,0,0,0,40.6,40.4,45.5,0.37,0.42,0.44
WATE,2015-11-25 16:55:00 EST,42.87966,-76.81255,478,46.3,47.4,40.8,55.4,31.2,0.000,0.000,0.00,0.000,12.1,15.9,1.5,151,8,12.9,18.1,1.7,153,8,12.1,15.9,1.5,151,8,1,30.06,,0,0,0,40.6,40.4,45.5,0.36,0.42,0.45
WATE,2015-11-25 17:00:00 EST,42.87966,-76.81255,478,46.2,47.2,40.7,55.7,31.2,0.000,0.000,0.00,0.000,11.9,16.6,1.6,151,7,12.6,17.9,1.8,154,7,11.9,16.6,1.6,151,7,0,30.06,,0,0,0,40.5,40.5,45.5,0.37,0.42,0.44
WATE,2015-11-25 17:05:00 EST,42.87966,-76.81255,478,46.2,47.2,40.7,55.0,30.9,0.000,0.000,0.00,0.000,11.7,14.8,1.6,153,8,12.4,16.3,1.6,156,8,11.7,14.8,1.6,153,8,0,30.05,,0,0,0,40.4,40.5,45.5,0.36,0.42,0.45
WATE,2015-11-25 17:10:00 EST,42.87966,-76.81255,478,46.2,47.2,40.3,54.3,30.6,0.000,0.000,0.00,0.000,13.0,19.1,1.9,154,7,13.7,21.5,2.0,156,7,13.0,19.1,1.9,154,7,0,30.06,,0,0,0,40.5,40.5,45.5,0.37,0.42,0.44
WATE,2015-11-25 17:15:00 EST,42.87966,-76.81255,478,46.4,47.2,41.1,53.3,30.4,0.000,0.000,0.00,0.000,11.4,17.2,2.3,160,9,12.4,19.0,2.5,162,8,11.4,17.2,2.3,160,9,0,30.06,,0,0,0,40.4,40.6,45.5,0.37,0.42,0.44
WATE,2015-11-25 17:20:00 EST,42.87966,-76.81255,478,46.0,47.0,40.8,53.4,30.0,0.000,0.000,0.00,0.000,10.7,15.3,1.6,157,9,11.4,15.4,1.6,159,9,10.7,15.3,1.6,157,9,0,30.06,,0,0,0,40.3,40.6,45.5,0.37,0.42,0.44
WATE,2015-11-25 17:25:00 EST,42.87966,-76.81255,478,46.0,46.9,41.5,53.4,30.0,0.000,0.000,0.00,0.000,8.9,12.9,1.4,159,11,9.4,13.9,1.6,161,10,8.9,12.9,1.4,159,11,0,30.06,,0,0,0,40.3,40.6,45.5,0.37,0.42,0.45
WATE,2015-11-25 17:30:00 EST,42.87966,-76.81255,478,45.8,46.8,41.2,52.7,29.5,0.000,0.000,0.00,0.000,9.1,14.5,2.2,164,10,9.7,15.4,2.4,167,9,9.1,14.5,2.2,164,10,0,30.06,,0,0,0,40.3,40.6,45.4,0.37,0.42,0.45
WATE,2015-11-25 17:35:00 EST,42.87966,-76.81255,478,45.8,46.7,41.1,52.9,29.6,0.000,0.000,0.00,0.000,9.3,12.9,1.6,164,9,10.1,14.8,1.9,166,7,9.3,12.9,1.6,164,9,0,30.06,,0,0,0,40.3,40.6,45.4,0.37,0.42,0.45
WATE,2015-11-25 17:40:00 EST,42.87966,-76.81255,478,45.4,46.5,40.5,53.1,29.3,0.000,0.000,0.00,0.000,9.5,13.3,1.2,161,9,10.3,14.1,1.4,163,7,9.5,13.3,1.2,161,9,0,30.06,,0,0,0,40.3,40.6,45.5,0.37,0.42,0.45
WATE,2015-11-25 17:45:00 EST,42.87966,-76.81255,478,45.5,46.4,40.9,52.4,29.1,0.000,0.000,0.00,0.000,9.0,12.2,1.4,163,8,9.7,13.4,1.7,166,8,9.0,12.2,1.4,163,8,0,30.06,,0,0,0,40.2,40.6,45.4,0.37,0.42,0.44
WATE,2015-11-25 17:50:00 EST,42.87966,-76.81255,478,45.4,46.4,40.7,52.4,28.9,0.000,0.000,0.00,0.000,9.0,12.1,1.2,163,8,9.7,14.1,1.4,165,7,9.0,12.1,1.2,163,8,0,30.06,,0,0,0,40.1,40.6,45.4,0.37,0.42,0.44
WATE,2015-11-25 17:55:00 EST,42.87966,-76.81255,478,45.0,46.0,40.4,53.3,29.0,0.000,0.000,0.00,0.000,8.8,12.5,1.2,162,10,9.6,14.3,1.4,164,7,8.8,12.5,1.2,162,10,0,30.06,,0,0,0,40.1,40.7,45.4,0.37,0.42,0.45
WATE,2015-11-25 18:00:00 EST,42.87966,-76.81255,478,44.9,45.8,40.5,54.5,29.5,0.000,0.000,0.00,0.000,8.2,11.2,1.0,163,8,9.0,13.6,1.3,165,8,8.2,11.2,1.0,163,8,0,30.06,,0,0,0,40.1,40.7,45.4,0.37,0.42,0.44
WATE,2015-11-25 18:05:00 EST,42.87966,-76.81255,478,44.5,45.7,39.7,55.8,29.7,0.000,0.000,0.00,0.000,8.8,12.4,1.5,164,8,9.4,13.4,1.7,165,8,8.8,12.4,1.5,164,8,0,30.06,,0,0,0,40.0,40.7,45.4,0.37,0.42,0.45
WATE,2015-11-25 18:10:00 EST,42.87966,-76.81255,478,44.7,45.7,39.9,56.7,30.2,0.000,0.000,0.00,0.000,8.9,11.9,1.3,164,8,9.7,13.9,1.5,167,7,8.9,11.9,1.3,164,8,0,30.06,,0,0,0,39.9,40.8,45.4,0.37,0.42,0.45
WATE,2015-11-25 18:15:00 EST,42.87966,-76.81255,478,44.7,45.7,39.8,57.1,30.5,0.000,0.000,0.00,0.000,9.2,13.3,1.8,164,10,10.1,14.8,2.0,166,8,9.2,13.3,1.8,164,10,0,30.05,,0,0,0,39.9,40.8,45.4,0.37,0.42,0.44
WATE,2015-11-25 18:20:00 EST,42.87966,-76.81255,478,44.9,45.8,39.5,56.6,30.4,0.000,0.000,0.00,0.000,10.7,16.1,1.8,161,9,11.4,16.3,1.9,164,8,10.7,16.1,1.8,161,9,0,30.05,,0,0,0,39.9,40.8,45.4,0.37,0.42,0.44
WATE,2015-11-25 18:25:00 EST,42.87966,-76.81255,478,45.0,45.8,39.4,55.7,30.1,0.000,0.000,0.00,0.000,11.3,16.7,1.8,163,11,12.1,20.1,2.0,167,9,11.3,16.7,1.8,163,11,0,30.05,,0,0,0,39.8,40.8,45.4,0.37,0.42,0.45
WATE,2015-11-25 18:30:00 EST,42.87966,-76.81255,478,44.8,45.7,39.5,56.0,30.1,0.000,0.000,0.00,0.000,10.2,18.3,2.2,158,10,11.2,19.7,2.4,163,10,10.2,18.3,2.2,158,10,0,30.05,,0,0,0,39.7,40.8,45.4,0.37,0.42,0.44
WATE,2015-11-25 18:35:00 EST,42.87966,-76.81255,478,44.7,45.6,39.3,56.2,30.0,0.000,0.000,0.00,0.000,10.2,15.8,2.1,162,12,11.0,19.7,2.4,164,11,10.2,15.8,2.1,162,12,0,30.05,,0,0,0,39.7,40.8,45.4,0.37,0.42,0.44
WATE,2015-11-25 18:40:00 EST,42.87966,-76.81255,478,44.9,45.7,39.8,56.2,30.3,0.000,0.000,0.00,0.000,9.8,14.5,1.9,160,10,10.6,17.4,2.1,163,8,9.8,14.5,1.9,160,10,0,30.05,,0,0,0,39.7,40.9,45.4,0.37,0.42,0.45
WATE,2015-11-25 18:45:00 EST,42.87966,-76.81255,478,44.5,45.4,39.6,58.8,31.0,0.000,0.000,0.00,0.000,9.2,14.4,2.0,161,14,10.0,15.9,2.2,164,12,9.2,14.4,2.0,161,14,0,30.05,,0,0,0,39.6,40.9,45.4,0.37,0.42,0.45
WATE,2015-11-25 18:50:00 EST,42.87966,-76.81255,478,44.8,45.6,39.2,58.6,31.2,0.000,0.000,0.00,0.000,11.1,16.9,1.9,159,10,11.9,17.9,2.0,162,10,11.1,16.9,1.9,159,10,0,30.05,,0,0,0,39.6,40.9,45.4,0.36,0.42,0.44
WATE,2015-11-25 18:55:00 EST,42.87966,-76.81255,478,44.9,45.6,39.1,56.2,30.2,0.000,0.000,0.00,0.000,11.9,18.0,2.5,162,11,12.7,19.0,2.6,166,9,11.9,18.0,2.5,162,11,0,30.05,,0,0,0,39.6,41.0,45.4,0.36,0.42,0.45
WATE,2015-11-25 19:00:00 EST,42.87966,-76.81255,478,44.7,45.3,39.0,54.9,29.4,0.000,0.000,0.00,0.000,11.1,18.3,2.0,167,12,11.9,18.8,2.2,169,10,11.1,18.3,2.0,167,12,0,30.05,,0,0,0,39.6,41.0,45.3,0.36,0.42,0.45
WATE,2015-11-25 19:05:00 EST,42.87966,-76.81255,478,44.7,45.4,39.1,54.9,29.5,0.000,0.000,0.00,0.000,10.8,17.3,2.0,165,11,11.7,18.6,2.3,168,11,10.8,17.3,2.0,165,11,0,30.05,,0,0,0,39.6,41.0,45.3,0.36,0.42,0.45
WATE,2015-11-25 19:10:00 EST,42.87966,-76.81255,478,44.7,45.4,38.6,54.7,29.4,0.000,0.000,0.00,0.000,12.5,17.8,2.4,168,13,13.5,19.9,2.7,171,10,12.5,17.8,2.4,168,13,0,30.05,,0,0,0,39.5,41.0,45.3,0.36,0.42,0.45
WATE,2015-11-25 19:15:00 EST,42.87966,-76.81255,478,44.3,45.2,39.0,55.5,29.4,0.000,0.000,0.00,0.000,10.0,14.8,2.0,171,10,10.8,15.4,2.2,174,8,10.0,14.8,2.0,171,10,0,30.05,,0,0,0,39.5,41.0,45.3,0.36,0.42,0.44
WATE,2015-11-25 19:20:00 EST,42.87966,-76.81255,478,44.2,44.9,38.8,56.8,29.8,0.000,0.000,0.00,0.000,10.3,16.2,2.2,172,10,11.1,17.2,2.5,173,9,10.3,16.2,2.2,172,10,0,30.05,,0,0,0,39.4,41.0,45.3,0.36,0.42,0.45
WATE,2015-11-25 19:25:00 EST,42.87966,-76.81255,478,43.9,44.7,38.4,59.4,30.6,0.000,0.000,0.00,0.000,10.1,15.1,2.2,174,7,10.8,17.0,2.5,176,7,10.1,15.1,2.2,174,7,0,30.05,,0,0,0,39.4,41.0,45.3,0.36,0.42,0.45
WATE,2015-11-25 19:30:00 EST,42.87966,-76.81255,478,44.0,44.7,38.5,61.1,31.5,0.000,0.000,0.00,0.000,10.2,13.2,1.6,166,10,10.9,16.3,1.8,169,8,10.2,13.2,1.6,166,10,0,30.05,,0,0,0,39.4,41.0,45.3,0.36,0.42,0.45
WATE,2015-11-25 19:35:00 EST,42.87966,-76.81255,478,44.0,44.5,38.4,60.8,31.3,0.000,0.000,0.00,0.000,10.6,14.0,2.0,167,11,11.5,16.3,2.3,170,9,10.6,14.0,2.0,167,11,0,30.05,,0,0,0,39.4,41.0,45.3,0.36,0.42,0.44
WATE,2015-11-25 19:40:00 EST,42.87966,-76.81255,478,44.0,44.6,38.3,60.5,31.2,0.000,0.000,0.00,0.000,10.8,17.4,2.3,166,9,11.7,19.7,2.6,168,9,10.8,17.4,2.3,166,9,0,30.05,,0,0,0,39.4,41.0,45.3,0.36,0.42,0.45
WATE,2015-11-25 19:45:00 EST,42.87966,-76.81255,478,44.0,44.7,37.9,60.5,31.2,0.000,0.000,0.00,0.000,11.8,21.2,2.5,167,11,12.8,22.1,2.9,170,8,11.8,21.2,2.5,167,11,0,30.06,,0,0,0,39.3,41.0,45.3,0.37,0.42,0.44
WATE,2015-11-25 19:50:00 EST,42.87966,-76.81255,478,44.1,44.7,38.1,59.7,30.9,0.000,0.000,0.00,0.000,11.7,19.5,2.3,167,12,12.7,21.3,2.5,169,12,11.7,19.5,2.3,167,12,0,30.06,,0,0,0,39.2,41.0,45.3,0.37,0.42,0.45
WATE,2015-11-25 19:55:00 EST,42.87966,-76.81255,478,44.1,44.7,38.5,59.6,30.9,0.000,0.000,0.00,0.000,10.6,16.2,1.9,169,11,11.5,19.2,2.3,171,9,10.6,16.2,1.9,169,11,0,30.06,,0,0,0,39.2,41.0,45.3,0.37,0.42,0.44
WATE,2015-11-25 20:00:00 EST,42.87966,-76.81255,478,44.1,44.7,38.2,59.6,31.0,0.000,0.000,0.00,0.000,11.4,15.9,2.1,165,12,12.4,18.1,2.5,168,11,11.4,15.9,2.1,165,12,0,30.06,,0,0,0,39.2,41.0,45.3,0.37,0.42,0.44
WATE,2015-11-25 20:05:00 EST,42.87966,-76.81255,478,43.9,44.5,38.6,59.5,30.7,0.000,0.000,0.00,0.000,9.7,16.1,2.4,166,11,10.4,18.1,2.6,169,10,9.7,16.1,2.4,166,11,0,30.06,,0,0,0,39.2,41.0,45.3,0.37,0.42,0.45
WATE,2015-11-25 20:10:00 EST,42.87966,-76.81255,478,43.9,44.5,38.1,59.7,30.8,0.000,0.000,0.00,0.000,10.9,15.6,1.9,167,12,12.0,15.9,2.1,169,12,10.9,15.6,1.9,167,12,0,30.06,,0,0,0,39.2,41.0,45.3,0.37,0.42,0.45
WATE,2015-11-25 20:15:00 EST,42.87966,-76.81255,478,43.8,44.4,37.8,59.4,30.6,0.000,0.000,0.00,0.000,11.5,17.8,2.7,166,11,12.5,19.7,2.9,169,8,11.5,17.8,2.7,166,11,0,30.06,,0,0,0,39.2,41.0,45.3,0.37,0.42,0.45
WATE,2015-11-25 20:20:00 EST,42.87966,-76.81255,478,43.8,44.4,38.4,59.3,30.5,0.000,0.000,0.00,0.000,9.8,14.4,2.0,163,13,10.6,15.0,2.2,166,12,9.8,14.4,2.0,163,13,0,30.06,,0,0,0,39.2,41.0,45.3,0.37,0.42,0.44
WATE,2015-11-25 20:25:00 EST,42.87966,-76.81255,478,43.8,44.4,38.1,59.5,30.6,0.000,0.000,0.00,0.000,10.7,16.1,2.5,164,12,11.6,18.8,2.6,168,11,10.7,16.1,2.5,164,12,0,30.06,,0,0,0,39.2,41.0,45.3,0.37,0.42,0.45
WATE,2015-11-25 20:30:00 EST,42.87966,-76.81255,478,43.8,44.5,37.9,59.7,30.7,0.000,0.000,0.00,0.000,11.4,21.0,3.2,166,14,12.5,23.0,3.6,169,10,11.4,21.0,3.2,166,14,0,30.06,,0,0,0,39.2,41.0,45.3,0.37,0.42,0.45
WATE,2015-11-25 20:35:00 EST,42.87966,-76.81255,478,44.2,44.7,37.6,59.0,30.7,0.000,0.000,0.00,0.000,13.5,24.2,3.4,167,10,14.4,29.3,3.9,169,8,13.5,24.2,3.4,167,10,0,30.06,,0,0,0,39.2,41.0,45.3,0.37,0.42,0.45
WATE,2015-11-25 20:40:00 EST,42.87966,-76.81255,478,44.1,44.7,37.5,59.4,30.8,0.000,0.000,0.00,0.000,13.6,25.4,4.4,164,10,14.7,30.0,4.8,167,8,13.6,25.4,4.4,164,10,0,30.06,,0,0,0,39.2,41.0,45.3,0.37,0.42,0.45
WATE,2015-11-25 20:45:00 EST,42.87966,-76.81255,478,44.3,44.9,37.6,58.4,30.6,0.000,0.000,0.00,0.000,14.2,19.9,2.2,163,13,15.4,24.4,2.7,167,10,14.2,19.9,2.2,163,13,0,30.06,,0,0,0,39.2,41.0,45.3,0.37,0.42,0.44
WATE,2015-11-25 20:50:00 EST,42.87966,-76.81255,478,44.3,44.8,37.3,58.3,30.6,0.000,0.000,0.00,0.000,14.9,20.8,2.7,163,9,16.0,23.0,2.9,166,7,14.9,20.8,2.7,163,9,0,30.06,,0,0,0,39.2,41.0,45.3,0.37,0.42,0.44
WATE,2015-11-25 20:55:00 EST,42.87966,-76.81255,478,44.3,44.8,37.6,58.6,30.7,0.000,0.000,0.00,0.000,14.1,18.8,1.9,163,10,15.1,20.6,2.4,167,8,14.1,18.8,1.9,163,10,0,30.06,,0,0,0,39.2,41.0,45.3,0.37,0.42,0.45
WATE,2015-11-25 21:00:00 EST,42.87966,-76.81255,478,44.3,44.8,37.3,59.0,30.9,0.000,0.000,0.00,0.000,15.1,20.4,2.0,162,10,16.3,23.3,2.4,166,8,15.1,20.4,2.0,162,10,0,30.06,,0,0,0,39.2,41.0,45.3,0.37,0.42,0.44
WATE,2015-11-25 21:05:00 EST,42.87966,-76.81255,478,44.4,44.8,37.6,58.6,30.7,0.000,0.000,0.00,0.000,14.5,20.5,2.9,163,9,15.7,24.2,3.3,166,7,14.5,20.5,2.9,163,9,0,30.06,,0,0,0,39.2,41.0,45.3,0.37,0.42,0.45
WATE,2015-11-25 21:10:00 EST,42.87966,-76.81255,478,44.0,44.5,37.8,59.4,30.8,0.000,0.000,0.00,0.000,12.5,19.9,2.8,168,10,13.7,21.7,3.2,171,8,12.5,19.9,2.8,168,10,0,30.06,,0,0,0,39.2,41.1,45.3,0.37,0.42,0.45
WATE,2015-11-25 21:15:00 EST,42.87966,-76.81255,478,44.0,44.5,37.4,59.8,30.9,0.000,0.000,0.00,0.000,13.5,20.0,2.6,164,11,14.3,21.3,2.8,167,9,13.5,20.0,2.6,164,11,0,30.06,,0,0,0,39.2,41.1,45.3,0.37,0.42,0.44
WATE,2015-11-25 21:20:00 EST,42.87966,-76.81255,478,44.1,44.6,37.9,59.7,31.0,0.000,0.000,0.00,0.000,12.3,17.9,1.9,166,10,13.4,20.8,2.2,168,9,12.3,17.9,1.9,166,10,0,30.06,,0,0,0,39.2,41.1,45.3,0.37,0.42,0.45
WATE,2015-11-25 21:25:00 EST,42.87966,-76.81255,478,43.7,44.3,37.7,61.2,31.2,0.000,0.000,0.00,0.000,11.4,16.0,1.7,161,9,12.2,16.8,1.8,166,8,11.4,16.0,1.7,161,9,0,30.06,,0,0,0,39.2,41.1,45.3,0.37,0.42,0.45
WATE,2015-11-25 21:30:00 EST,42.87966,-76.81255,478,43.7,44.3,37.3,61.6,31.4,0.000,0.000,0.00,0.000,12.7,18.4,2.5,163,10,13.5,21.7,2.7,165,8,12.7,18.4,2.5,163,10,0,30.06,,0,0,0,39.2,41.1,45.3,0.37,0.42,0.44
WATE,2015-11-25 21:35:00 EST,42.87966,-76.81255,478,43.5,44.1,37.6,62.0,31.3,0.000,0.000,0.00,0.000,10.8,15.2,1.9,166,10,11.8,17.4,2.1,168,8,10.8,15.2,1.9,166,10,0,30.06,,0,0,0,39.2,41.1,45.3,0.37,0.42,0.45
WATE,2015-11-25 21:40:00 EST,42.87966,-76.81255,478,43.5,44.1,37.4,61.7,31.2,0.000,0.000,0.00,0.000,11.3,16.0,2.1,164,10,12.3,17.4,2.5,168,9,11.3,16.0,2.1,164,10,0,30.06,,0,0,0,39.2,41.0,45.3,0.37,0.42,0.45
WATE,2015-11-25 21:45:00 EST,42.87966,-76.81255,478,43.4,44.0,37.2,61.4,31.0,0.000,0.000,0.00,0.000,11.6,17.0,2.3,165,12,12.9,19.9,2.6,166,10,11.6,17.0,2.3,165,12,0,30.06,,0,0,0,39.2,41.1,45.3,0.37,0.42,0.45
WATE,2015-11-25 21:50:00 EST,42.87966,-76.81255,478,43.4,44.0,37.0,60.6,30.7,0.000,0.000,0.00,0.000,12.2,16.4,2.0,166,11,12.9,18.3,2.3,168,9,12.2,16.4,2.0,166,11,0,30.06,,0,0,0,39.2,41.1,45.3,0.37,0.42,0.45
WATE,2015-11-25 21:55:00 EST,42.87966,-76.81255,478,43.4,44.1,36.8,60.3,30.6,0.000,0.000,0.00,0.000,13.2,18.5,2.2,164,10,14.0,20.6,2.5,167,10,13.2,18.5,2.2,164,10,0,30.06,,0,0,0,39.2,41.1,45.3,0.37,0.42,0.44
WATE,2015-11-25 22:00:00 EST,42.87966,-76.81255,478,43.4,44.0,36.9,60.4,30.6,0.000,0.000,0.00,0.000,12.6,20.7,2.4,162,9,13.4,23.9,2.8,164,9,12.6,20.7,2.4,162,9,0,30.06,,0,0,0,39.1,41.1,45.3,0.37,0.42,0.45
WATE,2015-11-25 22:05:00 EST,42.87966,-76.81255,478,43.2,43.8,37.1,61.2,30.8,0.000,0.000,0.00,0.000,11.3,18.3,2.8,160,11,12.2,18.8,2.9,163,10,11.3,18.3,2.8,160,11,0,30.06,,0,0,0,39.1,41.1,45.3,0.37,0.42,0.45
WATE,2015-11-25 22:10:00 EST,42.87966,-76.81255,478,43.5,44.0,37.2,61.0,30.9,0.000,0.000,0.00,0.000,12.1,19.2,2.6,162,9,12.9,21.5,2.9,165,8,12.1,19.2,2.6,162,9,0,30.06,,0,0,0,39.0,41.1,45.3,0.37,0.42,0.45
WATE,2015-11-25 22:15:00 EST,42.87966,-76.81255,478,43.3,43.8,37.0,61.7,31.0,0.000,0.000,0.00,0.000,12.0,17.5,2.5,163,10,13.0,19.9,2.9,166,8,12.0,17.5,2.5,163,10,0,30.06,,0,0,0,39.0,41.1,45.3,0.37,0.42,0.44
WATE,2015-11-25 22:20:00 EST,42.87966,-76.81255,478,43.2,44.0,36.3,62.0,31.1,0.000,0.000,0.00,0.000,13.9,19.1,2.5,161,11,14.8,20.6,2.7,163,10,13.9,19.1,2.5,161,11,0,30.06,,0,0,0,39.0,41.1,45.3,0.37,0.42,0.45
WATE,2015-11-25 22:25:00 EST,42.87966,-76.81255,478,43.2,43.9,36.6,62.2,31.2,0.000,0.000,0.00,0.000,13.0,18.6,2.6,159,9,13.9,19.5,2.8,162,8,13.0,18.6,2.6,159,9,0,30.06,,0,0,0,39.0,41.1,45.3,0.37,0.42,0.45
WATE,2015-11-25 22:30:00 EST,42.87966,-76.81255,478,43.2,43.8,36.6,62.8,31.4,0.000,0.000,0.00,0.000,13.1,19.2,2.6,162,11,13.9,21.0,2.8,165,9,13.1,19.2,2.6,162,11,0,30.05,,0,0,0,39.0,41.1,45.3,0.37,0.42,0.44
WATE,2015-11-25 22:35:00 EST,42.87966,-76.81255,478,43.2,43.7,36.7,63.2,31.5,0.000,0.000,0.00,0.000,12.6,18.1,2.4,161,12,13.5,19.7,2.5,164,9,12.6,18.1,2.4,161,12,0,30.05,,0,0,0,39.0,41.1,45.3,0.37,0.42,0.45
WATE,2015-11-25 22:40:00 EST,42.87966,-76.81255,478,43.1,43.6,36.3,63.6,31.6,0.000,0.000,0.00,0.000,13.5,20.4,2.7,162,11,14.3,22.1,2.9,165,10,13.5,20.4,2.7,162,11,0,30.05,,0,0,0,39.0,41.1,45.3,0.37,0.42,0.45
WATE,2015-11-25 22:45:00 EST,42.87966,-76.81255,478,43.1,43.6,36.1,63.0,31.4,0.000,0.000,0.00,0.000,14.3,22.1,2.3,162,9,15.3,23.5,2.6,164,9,14.3,22.1,2.3,162,9,0,30.05,,0,0,0,39.0,41.1,45.3,0.37,0.42,0.45
WATE,2015-11-25 22:50:00 EST,42.87966,-76.81255,478,43.0,43.6,36.2,63.4,31.4,0.000,0.000,0.00,0.000,13.1,21.5,2.2,162,10,13.8,19.9,2.3,165,7,13.1,21.5,2.2,162,10,0,30.04,,0,0,0,39.0,41.1,45.3,0.37,0.42,0.45
WATE,2015-11-25 22:55:00 EST,42.87966,-76.81255,478,43.0,43.4,36.0,63.8,31.5,0.000,0.000,0.00,0.000,13.7,21.3,2.9,160,11,14.7,22.6,3.2,162,9,13.7,21.3,2.9,160,11,0,30.04,,0,0,0,39.0,41.1,45.3,0.37,0.42,0.45
WATE,2015-11-25 23:00:00 EST,42.87966,-76.81255,478,43.1,43.6,35.8,63.0,31.3,0.000,0.000,0.00,0.000,14.7,24.8,3.1,159,11,15.9,25.9,3.5,162,10,14.7,24.8,3.1,159,11,0,30.04,,0,0,0,39.0,41.1,45.3,0.37,0.42,0.45
WATE,2015-11-25 23:05:00 EST,42.87966,-76.81255,478,43.0,43.6,36.0,63.0,31.3,0.000,0.000,0.00,0.000,13.8,19.3,2.1,162,11,14.5,19.7,2.4,164,9,13.8,19.3,2.1,162,11,0,30.04,,0,0,0,39.0,41.1,45.3,0.37,0.42,0.44
WATE,2015-11-25 23:10:00 EST,42.87966,-76.81255,478,43.1,43.6,36.7,63.3,31.5,0.000,0.000,0.00,0.000,11.9,17.8,2.3,161,10,12.6,18.8,2.4,164,9,11.9,17.8,2.3,161,10,0,30.04,,0,0,0,39.0,41.1,45.3,0.37,0.42,0.44
WATE,2015-11-25 23:15:00 EST,42.87966,-76.81255,478,43.0,43.6,36.2,63.5,31.5,0.000,0.000,0.00,0.000,13.4,18.6,2.4,160,12,14.3,19.7,2.6,164,10,13.4,18.6,2.4,160,12,0,30.04,,0,0,0,39.0,41.1,45.3,0.37,0.42,0.45
WATE,2015-11-25 23:20:00 EST,42.87966,-76.81255,478,43.1,43.6,36.3,63.4,31.5,0.000,0.000,0.00,0.000,13.3,19.1,2.3,163,11,14.5,22.4,2.7,167,9,13.3,19.1,2.3,163,11,0,30.04,,0,0,0,39.0,41.1,45.3,0.37,0.42,0.45
WATE,2015-11-25 23:25:00 EST,42.87966,-76.81255,478,43.1,43.6,36.4,63.7,31.6,0.000,0.000,0.00,0.000,12.9,19.8,2.6,164,11,13.9,20.4,2.8,167,9,12.9,19.8,2.6,164,11,0,30.04,,0,0,0,39.0,41.1,45.3,0.37,0.42,0.44
WATE,2015-11-25 23:30:00 EST,42.87966,-76.81255,478,43.1,43.6,35.8,63.7,31.6,0.000,0.000,0.00,0.000,14.9,23.7,3.4,161,12,15.9,25.9,3.7,163,11,14.9,23.7,3.4,161,12,0,30.04,,0,0,0,39.0,41.1,45.3,0.37,0.42,0.44
WATE,2015-11-25 23:35:00 EST,42.87966,-76.81255,478,43.3,43.7,35.8,63.0,31.5,0.000,0.000,0.00,0.000,15.8,24.6,3.1,159,10,16.9,25.1,3.3,162,9,15.8,24.6,3.1,159,10,0,30.03,,0,0,0,38.9,41.1,45.3,0.37,0.42,0.44
WATE,2015-11-25 23:40:00 EST,42.87966,-76.81255,478,43.3,43.6,36.2,62.9,31.5,0.000,0.000,0.00,0.000,14.4,20.5,2.9,167,11,15.6,24.4,3.1,170,9,14.4,20.5,2.9,167,11,0,30.03,,0,0,0,38.9,41.1,45.3,0.37,0.42,0.45
WATE,2015-11-25 23:45:00 EST,42.87966,-76.81255,478,43.2,43.6,36.2,63.2,31.5,0.000,0.000,0.00,0.000,14.0,20.6,2.8,169,11,15.0,22.4,3.1,172,9,14.0,20.6,2.8,169,11,0,30.04,,0,0,0,38.9,41.1,45.3,0.36,0.42,0.45
WATE,2015-11-25 23:50:00 EST,42.87966,-76.81255,478,43.3,43.7,35.6,62.4,31.3,0.000,0.000,0.00,0.000,16.6,23.7,2.9,170,10,18.0,26.4,3.3,172,10,16.6,23.7,2.9,170,10,0,30.04,,0,0,0,38.9,41.1,45.3,0.37,0.42,0.45
WATE,2015-11-25 23:55:00 EST,42.87966,-76.81255,478,43.1,43.5,35.7,62.7,31.2,0.000,0.000,0.00,0.000,15.3,21.5,2.4,168,11,16.5,23.9,2.8,171,10,15.3,21.5,2.4,168,11,0,30.04,,0,0,0,38.9,41.1,45.3,0.37,0.42,0.44
WEST,2015-11-25 00:00:00 EST,43.10647,-75.46146,655,31.8,32.5,31.8,93.7,30.2,0.000,0.003,0.00,0.000,0.0,0.0,0.0,0,0,0.8,0.9,0.1,141,7,0.0,0.0,0.0,0,0,0,29.77,,,,,38.3,42.4,45.0,,,
WEST,2015-11-25 00:05:00 EST,43.10647,-75.46146,655,31.8,32.4,31.8,93.4,30.1,0.000,0.000,0.00,0.000,0.0,0.0,0.0,0,0,0.7,0.9,0.2,145,20,0.0,0.0,0.0,0,0,0,29.78,,,,,38.3,42.4,45.0,,,
WEST,2015-11-25 00:10:00 EST,43.10647,-75.46146,655,31.8,32.5,31.8,92.8,30.0,0.000,0.000,0.00,0.000,0.0,0.7,0.2,160,0,0.8,1.1,0.2,137,17,0.0,0.7,0.2,160,0,0,29.78,,,,,38.3,42.4,45.1,,,
WEST,2015-11-25 00:15:00 EST,43.10647,-75.46146,655,31.5,32.6,31.5,92.5,29.6,0.000,0.000,0.00,0.000,0.7,1.0,0.2,160,0,1.2,1.8,0.2,138,18,0.7,1.0,0.2,160,0,0,29.77,,,,,38.3,42.4,45.0,,,
WEST,2015-11-25 00:20:00 EST,43.10647,-75.46146,655,31.5,32.6,31.5,92.6,29.6,0.000,0.000,0.00,0.000,0.8,1.1,0.1,160,0,1.3,1.6,0.2,161,12,0.8,1.1,0.1,160,0,0,29.77,,,,,38.2,42.4,45.1,,,
WEST,2015-11-25 00:25:00 EST,43.10647,-75.46146,655,31.5,32.5,31.5,92.7,29.6,0.000,0.000,0.00,0.000,0.3,0.9,0.3,160,0,0.9,1.3,0.3,158,17,0.3,0.9,0.3,160,0,0,29.77,,,,,38.3,42.4,45.0,,,
WEST,2015-11-25 00:30:00 EST,43.10647,-75.46146,655,31.8,32.4,31.8,93.0,30.0,0.000,0.000,0.00,0.000,0.0,0.0,0.0,0,0,0.5,0.9,0.2,151,35,0.0,0.0,0.0,0,0,0,29.77,,,,,38.3,42.4,45.1,,,
WEST,2015-11-25 00:35:00 EST,43.10647,-75.46146,655,31.7,32.6,31.7,92.8,29.9,0.000,0.000,0.00,0.000,0.0,0.0,0.0,0,0,0.7,0.9,0.2,127,18,0.0,0.0,0.0,0,0,0,29.77,,,,,38.3,42.4,45.0,,,
WEST,2015-11-25 00:40:00 EST,43.10647,-75.46146,655,31.7,32.6,31.7,92.7,29.9,0.000,0.000,0.00,0.000,0.0,0.0,0.0,0,0,0.8,1.1,0.2,129,17,0.0,0.0,0.0,0,0,0,29.77,,,,,38.3,42.4,45.0,,,
WEST,2015-11-25 00:45:00 EST,43.10647,-75.46146,655,31.6,32.5,31.6,92.7,29.7,0.000,0.000,0.00,0.000,0.2,0.9,0.3,160,0,0.9,1.3,0.2,159,12,0.2,0.9,0.3,160,0,0,29.77,,,,,38.3,42.4,45.0,,,
WEST,2015-11-25 00:50:00 EST,43.10647,-75.46146,655,31.4,32.3,31.4,93.0,29.6,0.000,0.000,0.00,0.000,0.2,0.8,0.3,160,0,0.8,1.3,0.3,181,18,0.2,0.8,0.3,160,0,0,29.77,,,,,38.2,42.4,45.0,,,
WEST,2015-11-25 00:55:00 EST,43.10647,-75.46146,655,31.7,32.6,31.7,93.5,30.0,0.000,0.000,0.00,0.000,0.4,2.0,0.6,203,4,0.9,2.7,0.7,193,24,0.4,2.0,0.6,203,4,0,29.78,,,,,38.2,42.4,45.0,,,
WEST,2015-11-25 01:00:00 EST,43.10647,-75.46146,655,31.8,33.3,31.8,93.3,30.1,0.000,0.000,0.00,0.000,1.1,2.6,0.6,184,8,1.5,3.1,0.6,180,14,1.1,2.6,0.6,184,8,0,29.78,,,,,38.3,42.4,45.0,,,
WEST,2015-11-25 01:05:00 EST,43.10647,-75.46146,655,32.0,33.8,32.0,91.5,29.8,0.000,0.000,0.00,0.000,1.3,3.0,0.5,191,10,1.7,3.6,0.5,185,14,1.3,3.0,0.5,191,10,0,29.78,,,,,38.3,42.4,45.0,,,
WEST,2015-11-25 01:10:00 EST,43.10647,-75.46146,655,32.2,33.9,32.2,89.4,29.4,0.000,0.000,0.00,0.000,1.3,2.0,0.2,194,12,1.6,2.7,0.3,191,13,1.3,2.0,0.2,194,12,0,29.78,,,,,38.2,42.4,45.0,,,
WEST,2015-11-25 01:15:00 EST,43.10647,-75.46146,655,31.6,34.0,31.6,88.5,28.6,0.000,0.000,0.00,0.000,1.7,2.7,0.4,189,12,2.2,3.8,0.5,188,11,1.7,2.7,0.4,189,12,0,29.78,,,,,38.2,42.4,45.0,,,
WEST,2015-11-25 01:20:00 EST,43.10647,-75.46146,655,31.8,34.0,31.8,89.4,29.0,0.000,0.000,0.00,0.000,1.2,2.2,0.5,198,11,1.5,2.9,0.5,199,16,1.2,2.2,0.5,198,11,0,29.79,,,,,38.2,42.4,45.0,,,
WEST,2015-11-25 01:25:00 EST,43.10647,-75.46146,655,32.9,34.1,32.9,87.2,29.5,0.000,0.000,0.00,0.000,1.1,2.0,0.5,225,11,1.4,2.2,0.4,220,12,1.1,2.0,0.5,225,11,0,29.79,,,,,38.2,42.4,45.0,,,
WEST,2015-11-25 01:30:00 EST,43.10647,-75.46146,655,32.5,34.3,32.5,84.3,28.3,0.000,0.000,0.00,0.000,1.7,3.7,0.7,213,14,1.9,4.0,0.7,208,16,1.7,3.7,0.7,213,14,0,29.79,,,,,38.2,42.4,45.0,,,
WEST,2015-11-25 01:35:00 EST,43.10647,-75.46146,655,31.9,34.3,31.9,84.5,27.8,0.000,0.000,0.00,0.000,1.9,2.8,0.3,210,9,2.1,3.6,0.4,208,9,1.9,2.8,0.3,210,9,0,29.80,,,,,38.2,42.4,45.0,,,
WEST,2015-11-25 01:40:00 EST,43.10647,-75.46146,655,31.0,34.2,31.0,87.4,27.7,0.000,0.000,0.00,0.000,2.3,4.4,0.8,212,12,2.5,4.9,0.8,207,11,2.3,4.4,0.8,212,12,0,29.80,,,,,38.1,42.4,45.0,,,
WEST,2015-11-25 01:45:00 EST,43.10647,-75.46146,655,32.0,34.1,32.0,86.7,28.5,0.000,0.000,0.00,0.000,2.0,3.4,0.4,217,13,2.2,3.6,0.5,212,12,2.0,3.4,0.4,217,13,0,29.80,,,,,38.1,42.4,45.0,,,
WEST,2015-11-25 01:50:00 EST,43.10647,-75.46146,655,32.2,34.1,32.2,83.3,27.7,0.000,0.000,0.00,0.000,2.4,3.7,0.6,209,11,2.7,4.5,0.6,206,10,2.4,3.7,0.6,209,11,0,29.80,,,,,38.1,42.4,45.0,,,
WEST,2015-11-25 01:55:00 EST,43.10647,-75.46146,655,32.3,33.9,32.3,81.5,27.3,0.000,0.000,0.00,0.000,2.5,4.4,0.6,209,14,2.8,4.7,0.7,204,13,2.5,4.4,0.6,209,14,0,29.80,,,,,38.0,42.4,45.0,,,
WEST,2015-11-25 02:00:00 EST,43.10647,-75.46146,655,32.6,33.8,32.6,80.7,27.4,0.000,0.000,0.00,0.000,2.9,5.5,0.8,199,12,3.3,6.0,0.8,197,12,2.9,5.5,0.8,199,12,0,29.80,,,,,38.0,42.4,45.0,,,
WEST,2015-11-25 02:05:00 EST,43.10647,-75.46146,655,32.7,33.7,32.7,80.5,27.4,0.000,0.000,0.00,0.000,2.4,3.8,0.4,192,12,2.8,4.5,0.6,189,11,2.4,3.8,0.4,192,12,0,29.80,,,,,38.0,42.4,45.0,,,
WEST,2015-11-25 02:10:00 EST,43.10647,-75.46146,655,32.9,33.7,32.9,79.8,27.3,0.000,0.000,0.00,0.000,2.5,3.7,0.5,189,11,2.8,4.3,0.5,187,10,2.5,3.7,0.5,189,11,0,29.81,,,,,38.0,42.4,45.0,,,
WEST,2015-11-25 02:15:00 EST,43.10647,-75.46146,655,33.0,33.7,33.0,79.2,27.3,0.000,0.000,0.00,0.000,2.9,4.5,0.6,197,12,3.4,5.1,0.7,192,11,2.9,4.5,0.6,197,12,0,29.81,,,,,37.9,42.4,45.0,,,
WEST,2015-11-25 02:20:00 EST,43.10647,-75.46146,655,32.7,33.5,32.7,78.6,26.8,0.000,0.000,0.00,0.000,2.3,3.4,0.5,193,10,2.6,3.8,0.5,191,12,2.3,3.4,0.5,193,10,0,29.81,,,,,37.9,42.4,45.0,,,
WEST,2015-11-25 02:25:00 EST,43.10647,-75.46146,655,32.6,33.4,32.6,79.9,27.1,0.000,0.000,0.00,0.000,2.1,3.5,0.5,194,10,2.6,4.7,0.6,191,10,2.1,3.5,0.5,194,10,0,29.81,,,,,37.9,42.4,45.0,,,
WEST,2015-11-25 02:30:00 EST,43.10647,-75.46146,655,32.5,33.3,32.5,79.4,26.8,0.000,0.000,0.00,0.000,1.6,2.7,0.4,206,12,1.9,2.9,0.4,202,12,1.6,2.7,0.4,206,12,0,29.82,,,,,37.9,42.4,45.0,,,
WEST,2015-11-25 02:35:00 EST,43.10647,-75.46146,655,31.7,33.1,31.7,80.5,26.4,0.000,0.000,0.00,0.000,2.0,3.7,0.7,209,11,2.3,4.9,0.8,204,13,2.0,3.7,0.7,209,11,0,29.82,,,,,37.8,42.4,45.0,,,
WEST,2015-11-25 02:40:00 EST,43.10647,-75.46146,655,30.9,33.0,30.9,83.0,26.4,0.000,0.000,0.00,0.000,2.0,3.4,0.5,205,11,2.3,4.3,0.6,201,11,2.0,3.4,0.5,205,11,0,29.82,,,,,37.9,42.4,45.0,,,
WEST,2015-11-25 02:45:00 EST,43.10647,-75.46146,655,30.6,32.9,30.6,84.4,26.4,0.000,0.000,0.00,0.000,2.0,3.5,0.4,192,15,2.3,4.3,0.6,189,14,2.0,3.5,0.4,192,15,0,29.82,,,,,37.8,42.4,45.0,,,
WEST,2015-11-25 02:50:00 EST,43.10647,-75.46146,655,30.2,32.6,30.2,85.9,26.5,0.000,0.000,0.00,0.000,1.6,2.7,0.4,188,9,1.9,3.4,0.4,185,11,1.6,2.7,0.4,188,9,0,29.82,,,,,37.7,42.4,45.0,,,
WEST,2015-11-25 02:55:00 EST,43.10647,-75.46146,655,30.5,32.4,30.5,86.2,26.9,0.000,0.000,0.00,0.000,1.2,2.0,0.4,210,9,1.5,2.7,0.4,210,12,1.2,2.0,0.4,210,9,0,29.82,,,,,37.8,42.4,45.0,,,
WEST,2015-11-25 03:00:00 EST,43.10647,-75.46146,655,30.0,32.6,30.0,85.8,26.3,0.000,0.000,0.00,0.000,2.0,3.2,0.4,215,11,2.1,4.0,0.5,211,9,2.0,3.2,0.4,215,11,0,29.82,,,,,37.7,42.4,45.0,,,
WEST,2015-11-25 03:05:00 EST,43.10647,-75.46146,655,29.1,32.7,29.1,87.0,25.7,0.000,0.000,0.00,0.000,1.9,3.0,0.4,211,10,2.1,3.6,0.5,207,12,1.9,3.0,0.4,211,10,0,29.83,,,,,37.7,42.4,45.0,,,
WEST,2015-11-25 03:10:00 EST,43.10647,-75.46146,655,29.2,32.7,29.2,88.9,26.4,0.000,0.000,0.00,0.000,2.1,3.3,0.4,209,9,2.3,4.3,0.5,205,11,2.1,3.3,0.4,209,9,0,29.83,,,,,37.7,42.4,45.0,,,
WEST,2015-11-25 03:15:00 EST,43.10647,-75.46146,655,29.3,32.5,29.3,88.6,26.4,0.000,0.000,0.00,0.000,1.9,3.1,0.4,211,9,2.1,3.6,0.5,208,10,1.9,3.1,0.4,211,9,0,29.83,,,,,37.6,42.4,45.0,,,
WEST,2015-11-25 03:20:00 EST,43.10647,-75.46146,655,29.5,32.5,29.5,87.8,26.3,0.000,0.000,0.00,0.000,1.7,2.8,0.4,211,11,1.9,2.9,0.4,206,11,1.7,2.8,0.4,211,11,0,29.83,,,,,37.6,42.4,45.0,,,
WEST,2015-11-25 03:25:00 EST,43.10647,-75.46146,655,29.9,32.5,29.9,86.0,26.2,0.000,0.000,0.00,0.000,1.5,2.0,0.3,217,7,1.6,2.2,0.3,217,11,1.5,2.0,0.3,217,7,0,29.83,,,,,37.6,42.4,44.9,,,
WEST,2015-11-25 03:30:00 EST,43.10647,-75.46146,655,29.0,32.2,29.0,84.7,25.0,0.000,0.000,0.00,0.000,1.2,2.1,0.5,232,8,1.4,2.2,0.4,232,14,1.2,2.1,0.5,232,8,0,29.84,,,,,37.6,42.4,45.0,,,
WEST,2015-11-25 03:35:00 EST,43.10647,-75.46146,655,28.4,32.2,28.4,83.3,24.0,0.000,0.000,0.00,0.000,0.9,2.3,0.4,243,15,1.2,3.1,0.4,240,25,0.9,2.3,0.4,243,15,0,29.84,,,,,37.5,42.4,45.0,,,
WEST,2015-11-25 03:40:00 EST,43.10647,-75.46146,655,26.9,32.1,26.9,83.4,22.5,0.000,0.000,0.00,0.000,1.0,1.9,0.3,231,13,1.2,2.2,0.3,227,16,1.0,1.9,0.3,231,13,0,29.84,,,,,37.4,42.4,44.9,,,
WEST,2015-11-25 03:45:00 EST,43.10647,-75.46146,655,27.1,31.8,27.1,86.1,23.5,0.000,0.000,0.00,0.000,0.8,1.8,0.3,211,7,1.1,2.0,0.4,219,15,0.8,1.8,0.3,211,7,0,29.84,,,,,37.4,42.4,45.0,,,
WEST,2015-11-25 03:50:00 EST,43.10647,-75.46146,655,26.0,31.4,26.0,87.8,22.9,0.000,0.000,0.00,0.000,0.1,0.9,0.3,213,0,0.6,1.8,0.3,243,46,0.1,0.9,0.3,213,0,0,29.85,,,,,37.4,42.4,45.0,,,
WEST,2015-11-25 03:55:00 EST,43.10647,-75.46146,655,24.9,30.6,24.9,87.6,21.8,0.000,0.000,0.00,0.000,0.0,0.0,0.0,0,0,0.4,1.1,0.2,83,69,0.0,0.0,0.0,0,0,0,29.85,,,,,37.4,42.4,44.9,,,
WEST,2015-11-25 04:00:00 EST,43.10647,-75.46146,655,25.3,30.1,25.3,88.9,22.5,0.000,0.000,0.00,0.000,0.0,0.4,0.1,214,0,0.6,1.8,0.4,22,41,0.0,0.4,0.1,214,0,0,29.85,,,,,37.4,42.4,44.9,,,
WEST,2015-11-25 04:05:00 EST,43.10647,-75.46146,655,28.2,30.8,28.2,93.3,26.5,0.000,0.000,0.00,0.000,1.8,3.2,1.0,352,40,2.6,4.0,0.8,1,6,1.8,3.2,1.0,352,40,0,29.85,,,,,37.3,42.4,44.9,,,
WEST,2015-11-25 04:10:00 EST,43.10647,-75.46146,655,27.6,31.8,27.6,87.6,24.4,0.000,0.000,0.00,0.000,2.1,2.9,0.5,0,16,2.7,3.8,0.7,3,11,2.1,2.9,0.5,0,16,0,29.86,,,,,37.3,42.4,44.9,,,
WEST,2015-11-25 04:15:00 EST,43.10647,-75.46146,655,25.7,31.1,25.7,86.8,22.3,0.000,0.000,0.00,0.000,1.3,1.7,0.2,353,12,1.8,2.7,0.3,355,13,1.3,1.7,0.2,353,12,0,29.86,,,,,37.3,42.4,45.0,,,
WEST,2015-11-25 04:20:00 EST,43.10647,-75.46146,655,25.1,29.9,25.1,90.6,22.8,0.000,0.000,0.00,0.000,0.7,1.5,0.4,344,0,1.3,2.0,0.3,7,20,0.7,1.5,0.4,344,0,0,29.86,,,,,37.3,42.4,44.9,,,
WEST,2015-11-25 04:25:00 EST,43.10647,-75.46146,655,25.5,28.7,25.5,92.2,23.5,0.000,0.000,0.00,0.000,0.1,0.5,0.1,344,0,0.8,1.3,0.2,17,24,0.1,0.5,0.1,344,0,0,29.86,,,,,37.3,42.4,44.9,,,
WEST,2015-11-25 04:30:00 EST,43.10647,-75.46146,655,25.3,28.7,25.3,92.2,23.4,0.000,0.000,0.00,0.000,0.2,1.0,0.3,54,33,0.8,1.8,0.4,89,43,0.2,1.0,0.3,54,33,0,29.86,,,,,37.2,42.4,44.9,,,
WEST,2015-11-25 04:35:00 EST,43.10647,-75.46146,655,25.0,28.1,25.0,92.5,23.1,0.000,0.000,0.00,0.000,0.1,0.8,0.2,72,0,0.7,1.6,0.3,90,41,0.1,0.8,0.2,72,0,0,29.87,,,,,37.2,42.4,44.9,,,
WEST,2015-11-25 04:40:00 EST,43.10647,-75.46146,655,25.2,27.7,25.2,93.3,23.5,0.000,0.000,0.00,0.000,0.1,0.6,0.2,72,0,0.9,1.3,0.3,101,18,0.1,0.6,0.2,72,0,0,29.87,,,,,37.2,42.4,44.9,,,
WEST,2015-11-25 04:45:00 EST,43.10647,-75.46146,655,25.9,27.5,25.9,94.7,24.6,0.000,0.000,0.00,0.000,0.5,0.9,0.2,88,0,1.2,1.6,0.2,97,14,0.5,0.9,0.2,88,0,0,29.87,,,,,37.2,42.4,44.9,,,
WEST,2015-11-25 04:50:00 EST,43.10647,-75.46146,655,26.3,27.5,26.3,94.6,24.9,0.000,0.000,0.00,0.000,0.3,0.9,0.3,88,0,0.8,1.6,0.4,91,38,0.3,0.9,0.3,88,0,0,29.87,,,,,37.2,42.4,44.9,,,
WEST,2015-11-25 04:55:00 EST,43.10647,-75.46146,655,25.1,27.6,25.1,92.2,23.2,0.000,0.000,0.00,0.000,0.3,1.1,0.4,88,0,1.0,1.8,0.3,101,29,0.3,1.1,0.4,88,0,0,29.87,,,,,37.2,42.4,44.9,,,
WEST,2015-11-25 05:00:00 EST,43.10647,-75.46146,655,24.7,27.4,24.7,91.3,22.6,0.000,0.000,0.00,0.000,0.2,1.4,0.4,88,0,1.1,2.0,0.4,78,35,0.2,1.4,0.4,88,0,0,29.87,,,,,37.2,42.4,44.9,,,
WEST,2015-11-25 05:05:00 EST,43.10647,-75.46146,655,23.8,27.3,23.8,92.7,22.0,0.000,0.000,0.00,0.000,0.9,1.8,0.5,114,30,1.4,2.2,0.4,117,31,0.9,1.8,0.5,114,30,0,29.87,,,,,37.2,42.4,44.9,,,
WEST,2015-11-25 05:10:00 EST,43.10647,-75.46146,655,23.6,26.6,23.6,92.0,21.6,0.000,0.000,0.00,0.000,0.1,0.7,0.2,167,0,0.8,1.3,0.3,170,47,0.1,0.7,0.2,167,0,0,29.88,,,,,37.2,42.4,44.9,,,
WEST,2015-11-25 05:15:00 EST,43.10647,-75.46146,655,25.1,27.2,25.1,94.9,23.9,0.000,0.000,0.00,0.000,0.1,0.7,0.2,168,0,0.7,1.6,0.4,129,64,0.1,0.7,0.2,168,0,0,29.88,,,,,37.1,42.4,44.9,,,
WEST,2015-11-25 05:20:00 EST,43.10647,-75.46146,655,24.8,27.6,24.8,95.5,23.7,0.000,0.000,0.00,0.000,0.3,1.0,0.4,167,0,1.0,1.8,0.3,137,41,0.3,1.0,0.4,167,0,0,29.88,,,,,37.1,42.4,44.9,,,
WEST,2015-11-25 05:25:00 EST,43.10647,-75.46146,655,23.6,27.2,23.6,94.0,22.2,0.000,0.000,0.00,0.000,0.1,0.7,0.3,167,0,0.8,1.3,0.3,141,30,0.1,0.7,0.3,167,0,0,29.88,,,,,37.1,42.4,44.9,,,
WEST,2015-11-25 05:30:00 EST,43.10647,-75.46146,655,25.2,27.1,25.2,95.2,24.0,0.000,0.000,0.00,0.000,0.0,0.0,0.0,0,0,0.5,1.1,0.3,180,33,0.0,0.0,0.0,0,0,0,29.88,,,,,37.1,42.4,44.9,,,
WEST,2015-11-25 05:35:00 EST,43.10647,-75.46146,655,24.0,26.8,24.0,94.7,22.7,0.000,0.000,0.00,0.000,0.0,0.0,0.0,0,0,0.6,1.3,0.3,206,37,0.0,0.0,0.0,0,0,0,29.88,,,,,37.0,42.4,44.9,,,
WEST,2015-11-25 05:40:00 EST,43.10647,-75.46146,655,25.1,26.7,25.1,95.3,24.0,0.000,0.000,0.00,0.000,0.0,0.0,0.0,0,0,0.4,2.0,0.3,249,56,0.0,0.0,0.0,0,0,0,29.89,,,,,37.0,42.4,44.9,,,
WEST,2015-11-25 05:45:00 EST,43.10647,-75.46146,655,25.0,26.9,25.0,95.6,23.9,0.000,0.000,0.00,0.000,0.0,0.0,0.0,0,0,0.5,2.0,0.3,178,35,0.0,0.0,0.0,0,0,0,29.89,,,,,37.0,42.4,44.9,,,
WEST,2015-11-25 05:50:00 EST,43.10647,-75.46146,655,24.8,26.9,24.8,95.4,23.7,0.000,0.000,0.00,0.000,0.0,0.0,0.0,0,0,0.4,0.9,0.1,186,22,0.0,0.0,0.0,0,0,0,29.89,,,,,37.0,42.4,44.9,,,
WEST,2015-11-25 05:55:00 EST,43.10647,-75.46146,655,24.0,26.7,24.0,95.2,22.8,0.000,0.000,0.00,0.000,0.0,0.0,0.0,0,0,0.4,1.1,0.2,151,44,0.0,0.0,0.0,0,0,0,29.89,,,,,36.9,42.4,44.9,,,
WEST,2015-11-25 06:00:00 EST,43.10647,-75.46146,655,24.3,26.6,24.3,94.4,22.9,0.000,0.000,0.00,0.000,0.0,0.0,0.0,0,0,0.6,1.3,0.3,166,63,0.0,0.0,0.0,0,0,0,29.89,,,,,37.0,42.4,44.9,,,
WEST,2015-11-25 06:05:00 EST,43.10647,-75.46146,655,23.8,26.5,23.8,94.5,22.5,0.000,0.000,0.00,0.000,0.0,0.0,0.0,0,0,0.4,0.9,0.2,243,33,0.0,0.0,0.0,0,0,0,29.89,,,,,36.9,42.4,44.9,,,
WEST,2015-11-25 06:10:00 EST,43.10647,-75.46146,655,24.8,26.7,24.8,95.8,23.8,0.000,0.000,0.00,0.000,0.0,0.0,0.0,0,0,0.7,1.1,0.3,267,14,0.0,0.0,0.0,0,0,0,29.90,,,,,36.9,42.4,44.9,,,
WEST,2015-11-25 06:15:00 EST,43.10647,-75.46146,655,24.1,26.8,24.1,95.3,22.9,0.000,0.000,0.00,0.000,0.0,0.0,0.0,0,0,0.3,1.1,0.2,305,47,0.0,0.0,0.0,0,0,0,29.90,,,,,36.9,42.4,44.9,,,
WEST,2015-11-25 06:20:00 EST,43.10647,-75.46146,655,23.4,26.8,23.4,94.4,22.0,0.000,0.000,0.00,0.000,0.0,0.0,0.0,0,0,0.5,2.0,0.3,65,53,0.0,0.0,0.0,0,0,0,29.90,,,,,36.8,42.4,44.9,,,
WEST,2015-11-25 06:25:00 EST,43.10647,-75.46146,655,22.1,26.7,22.1,92.8,20.3,0.000,0.000,0.00,0.000,0.0,0.0,0.0,0,0,0.9,1.6,0.3,92,16,0.0,0.0,0.0,0,0,0,29.90,,,,,36.8,42.4,44.9,,,
WEST,2015-11-25 06:30:00 EST,43.10647,-75.46146,655,22.9,26.7,22.9,93.2,21.3,0.000,0.000,0.00,0.000,0.0,0.0,0.0,0,0,1.4,2.2,0.5,72,9,0.0,0.0,0.0,0,0,0,29.90,,,,,36.8,42.4,44.9,,,
WEST,2015-11-25 06:35:00 EST,43.10647,-75.46146,655,23.3,26.5,23.3,94.1,21.9,0.000,0.000,0.00,0.000,0.0,0.0,0.0,0,0,1.0,1.8,0.4,78,29,0.0,0.0,0.0,0,0,0,29.91,,,,,36.7,42.4,44.9,,,
WEST,2015-11-25 06:40:00 EST,43.10647,-75.46146,655,23.5,26.3,23.5,94.7,22.2,0.000,0.000,0.00,0.000,0.5,2.0,0.7,76,1,1.2,2.7,0.8,78,42,0.5,2.0,0.7,76,1,0,29.91,,,,,36.7,42.4,44.9,,,
WEST,2015-11-25 06:45:00 EST,43.10647,-75.46146,655,23.7,26.4,23.7,94.9,22.5,0.000,0.000,0.00,0.000,0.5,1.8,0.7,72,2,1.1,2.7,0.7,71,27,0.5,1.8,0.7,72,2,0,29.91,,,,,36.7,42.3,44.9,,,
WEST,2015-11-25 06:50:00 EST,43.10647,-75.46146,655,23.5,26.4,23.5,94.5,22.2,0.000,0.000,0.00,0.000,1.3,3.4,1.1,73,8,2.1,4.3,1.1,78,32,1.3,3.4,1.1,73,8,1,29.91,,,,,36.7,42.3,44.9,,,
WEST,2015-11-25 06:55:00 EST,43.10647,-75.46146,655,23.2,26.4,23.2,94.2,21.8,0.000,0.000,0.00,0.000,1.6,3.3,0.8,87,12,2.2,4.0,0.8,86,17,1.6,3.3,0.8,87,12,1,29.91,,,,,36.7,42.3,44.9,,,
WEST,2015-11-25 07:00:00 EST,43.10647,-75.46146,655,23.1,26.2,23.1,93.9,21.6,0.000,0.000,0.00,0.000,1.2,1.8,0.3,83,5,1.7,2.7,0.3,80,11,1.2,1.8,0.3,83,5,2,29.91,,,,,36.7,42.3,44.9,,,
WEST,2015-11-25 07:05:00 EST,43.10647,-75.46146,655,23.6,26.5,23.6,94.3,22.2,0.000,0.000,0.00,0.000,1.3,2.4,0.8,75,4,2.0,3.1,0.7,79,14,1.3,2.4,0.8,75,4,3,29.92,,,,,36.6,42.3,44.8,,,
WEST,2015-11-25 07:10:00 EST,43.10647,-75.46146,655,23.2,26.9,23.2,94.3,21.9,0.000,0.000,0.00,0.000,1.0,2.0,0.6,97,13,1.5,3.1,0.6,96,16,1.0,2.0,0.6,97,13,5,29.92,,,,,36.6,42.3,44.9,,,
WEST,2015-11-25 07:15:00 EST,43.10647,-75.46146,655,23.6,26.7,23.6,93.9,22.1,0.000,0.000,0.00,0.000,0.4,3.1,0.9,89,3,1.0,3.6,0.8,110,49,0.4,3.1,0.9,89,3,8,29.92,,,,,36.5,42.3,44.9,,,
WEST,2015-11-25 07:20:00 EST,43.10647,-75.46146,655,23.3,26.2,23.3,93.9,21.8,0.000,0.000,0.00,0.000,0.0,0.5,0.1,88,0,0.9,1.6,0.3,57,65,0.0,0.5,0.1,88,0,10,29.93,,,,,36.5,42.3,44.9,,,
WEST,2015-11-25 07:25:00 EST,43.10647,-75.46146,655,23.2,26.1,23.2,93.7,21.7,0.000,0.000,0.00,0.000,0.1,1.2,0.2,88,0,0.7,2.0,0.4,81,62,0.1,1.2,0.2,88,0,14,29.93,,,,,36.5,42.3,44.9,,,
WEST,2015-11-25 07:30:00 EST,43.10647,-75.46146,655,24.8,26.7,24.8,95.0,23.5,0.000,0.000,0.00,0.000,0.2,1.0,0.3,88,0,0.8,1.8,0.4,79,43,0.2,1.0,0.3,88,0,19,29.93,,,,,36.5,42.3,44.9,,,
WEST,2015-11-25 07:35:00 EST,43.10647,-75.46146,655,24.5,26.7,24.5,94.7,23.2,0.000,0.000,0.00,0.000,0.1,1.2,0.3,88,0,0.7,2.0,0.5,83,57,0.1,1.2,0.3,88,0,23,29.94,,,,,36.5,42.3,44.9,,,
WEST,2015-11-25 07:40:00 EST,43.10647,-75.46146,655,24.5,26.5,24.5,93.5,22.9,0.000,0.000,0.00,0.000,0.2,0.9,0.3,89,0,0.7,1.6,0.4,226,43,0.2,0.9,0.3,89,0,37,29.94,,,,,36.4,42.3,44.9,,,
WEST,2015-11-25 07:45:00 EST,43.10647,-75.46146,655,24.5,26.7,24.5,93.0,22.7,0.000,0.000,0.00,0.000,0.0,0.0,0.0,0,0,0.9,2.0,0.4,153,37,0.0,0.0,0.0,0,0,53,29.94,,,,,36.4,42.3,44.8,,,
WEST,2015-11-25 07:50:00 EST,43.10647,-75.46146,655,25.1,27.0,25.1,92.9,23.3,0.000,0.000,0.00,0.000,0.8,1.9,0.6,99,14,1.5,2.9,0.5,115,26,0.8,1.9,0.6,99,14,68,29.94,,,,,36.4,42.3,44.8,,,
WEST,2015-11-25 07:55:00 EST,43.10647,-75.46146,655,25.1,26.9,25.1,92.4,23.3,0.000,0.000,0.00,0.000,0.7,1.4,0.4,112,13,1.2,2.5,0.4,108,23,0.7,1.4,0.4,112,13,81,29.94,,,,,36.4,42.2,44.9,,,
WEST,2015-11-25 08:00:00 EST,43.10647,-75.46146,655,25.4,27.1,25.4,89.2,22.6,0.000,0.000,0.00,0.000,1.3,2.3,0.7,91,8,1.8,3.1,0.6,96,15,1.3,2.3,0.7,91,8,95,29.94,,,,,36.4,42.3,44.9,,,
WEST,2015-11-25 08:05:00 EST,43.10647,-75.46146,655,25.7,27.2,25.7,87.5,22.5,0.000,0.000,0.00,0.000,0.9,1.8,0.5,98,8,1.4,2.5,0.4,111,17,0.9,1.8,0.5,98,8,109,29.95,,,,,36.3,42.2,44.8,,,
WEST,2015-11-25 08:10:00 EST,43.10647,-75.46146,655,26.4,27.7,26.4,84.4,22.4,0.000,0.000,0.00,0.000,1.1,2.4,0.5,107,11,1.5,3.1,0.5,102,14,1.1,2.4,0.5,107,11,124,29.95,,,,,36.3,42.2,44.8,,,
WEST,2015-11-25 08:15:00 EST,43.10647,-75.46146,655,26.6,28.2,26.6,82.9,22.1,0.000,0.000,0.00,0.000,0.8,2.1,0.4,98,4,1.3,2.7,0.4,101,14,0.8,2.1,0.4,98,4,139,29.95,,,,,36.3,42.3,44.8,,,
WEST,2015-11-25 08:20:00 EST,43.10647,-75.46146,655,27.3,28.7,27.3,83.7,23.0,0.000,0.000,0.00,0.000,1.1,1.7,0.3,91,0,1.6,2.5,0.3,107,10,1.1,1.7,0.3,91,0,154,29.95,,,,,36.3,42.3,44.8,,,
WEST,2015-11-25 08:25:00 EST,43.10647,-75.46146,655,29.0,29.6,29.0,82.8,24.4,0.000,0.000,0.00,0.000,1.6,2.2,0.2,100,3,2.0,2.9,0.3,101,11,1.6,2.2,0.2,100,3,168,29.95,,,,,36.3,42.2,44.8,,,
WEST,2015-11-25 08:30:00 EST,43.10647,-75.46146,655,30.4,30.5,30.4,81.9,25.6,0.000,0.000,0.00,0.000,2.2,3.1,0.4,84,10,2.7,3.8,0.6,82,12,2.2,3.1,0.4,84,10,181,29.95,,,,,36.3,42.2,44.8,,,
WEST,2015-11-25 08:35:00 EST,43.10647,-75.46146,655,31.4,30.9,31.4,82.4,26.7,0.000,0.000,0.00,0.000,2.2,3.1,0.4,78,10,2.7,4.0,0.5,77,11,2.2,3.1,0.4,78,10,192,29.95,,,,,36.3,42.3,44.8,,,
WEST,2015-11-25 08:40:00 EST,43.10647,-75.46146,655,32.0,31.3,32.0,81.1,26.8,0.000,0.000,0.00,0.000,2.9,4.2,0.5,91,7,3.4,4.9,0.6,89,8,2.9,4.2,0.5,91,7,205,29.95,,,,,36.3,42.3,44.8,,,
WEST,2015-11-25 08:45:00 EST,43.10647,-75.46146,655,32.4,31.8,32.4,82.1,27.5,0.000,0.000,0.00,0.000,2.5,3.3,0.4,92,6,2.8,3.8,0.4,91,8,2.5,3.3,0.4,92,6,218,29.96,,,,,36.3,42.2,44.8,,,
WEST,2015-11-25 08:50:00 EST,43.10647,-75.46146,655,33.0,32.2,33.0,80.7,27.8,0.000,0.000,0.00,0.000,2.5,3.0,0.3,91,8,2.9,3.8,0.4,89,8,2.5,3.0,0.3,91,8,234,29.96,,,,,36.2,42.2,44.8,,,
WEST,2015-11-25 08:55:00 EST,43.10647,-75.46146,655,33.4,32.8,33.4,80.2,28.0,0.000,0.000,0.00,0.000,1.9,2.8,0.4,100,6,2.4,3.4,0.5,99,9,1.9,2.8,0.4,100,6,237,29.96,,,,,36.3,42.2,44.8,,,
WEST,2015-11-25 09:00:00 EST,43.10647,-75.46146,655,33.9,33.3,33.9,78.3,27.9,0.000,0.000,0.00,0.000,2.0,2.9,0.4,95,8,2.5,3.6,0.5,93,10,2.0,2.9,0.4,95,8,247,29.96,,,,,36.3,42.2,44.8,,,
WEST,2015-11-25 09:05:00 EST,43.10647,-75.46146,655,34.7,34.1,34.7,76.9,28.2,0.000,0.000,0.00,0.000,1.4,2.1,0.4,108,13,1.9,2.7,0.4,109,15,1.4,2.1,0.4,108,13,263,29.96,,,,,36.2,42.2,44.8,,,
WEST,2015-11-25 09:10:00 EST,43.10647,-75.46146,655,35.2,34.7,35.2,75.0,28.1,0.000,0.000,0.00,0.000,0.6,1.6,0.5,108,6,1.4,2.2,0.4,108,20,0.6,1.6,0.5,108,6,273,29.96,,,,,36.2,42.2,44.8,,,
WEST,2015-11-25 09:15:00 EST,43.10647,-75.46146,655,36.3,35.3,36.3,72.9,28.4,0.000,0.000,0.00,0.000,2.2,3.3,0.5,84,10,2.7,4.0,0.6,81,13,2.2,3.3,0.5,84,10,280,29.96,,,,,36.2,42.2,44.8,,,
WEST,2015-11-25 09:20:00 EST,43.10647,-75.46146,655,37.0,35.8,37.0,73.7,29.3,0.000,0.000,0.00,0.000,2.5,3.8,0.5,80,8,3.1,4.5,0.6,78,11,2.5,3.8,0.5,80,8,288,29.97,,,,,36.2,42.2,44.8,,,
WEST,2015-11-25 09:25:00 EST,43.10647,-75.46146,655,37.4,36.1,35.2,73.8,29.8,0.000,0.000,0.00,0.000,3.2,4.2,0.5,83,13,3.7,5.4,0.7,81,12,3.2,4.2,0.5,83,13,298,29.97,,,,,36.2,42.2,44.8,,,
WEST,2015-11-25 09:30:00 EST,43.10647,-75.46146,655,37.5,36.1,35.4,73.3,29.7,0.000,0.000,0.00,0.000,3.1,4.1,0.5,92,11,3.6,4.7,0.6,90,11,3.1,4.1,0.5,92,11,298,29.97,,,,,36.2,42.2,44.8,,,
WEST,2015-11-25 09:35:00 EST,43.10647,-75.46146,655,37.4,36.3,37.4,71.7,29.1,0.000,0.000,0.00,0.000,2.2,3.2,0.6,84,11,2.7,4.0,0.6,83,13,2.2,3.2,0.6,84,11,302,29.97,,,,,36.2,42.1,44.8,,,
WEST,2015-11-25 09:40:00 EST,43.10647,-75.46146,655,37.7,36.6,37.7,71.4,29.3,0.000,0.000,0.00,0.000,2.5,3.5,0.5,77,11,3.0,4.3,0.6,75,11,2.5,3.5,0.5,77,11,283,29.97,,,,,36.2,42.1,44.8,,,
WEST,2015-11-25 09:45:00 EST,43.10647,-75.46146,655,38.0,36.9,38.0,72.0,29.7,0.000,0.000,0.00,0.000,3.0,4.1,0.5,67,8,3.4,4.7,0.6,65,8,3.0,4.1,0.5,67,8,306,29.97,,,,,36.3,42.1,44.8,,,
WEST,2015-11-25 09:50:00 EST,43.10647,-75.46146,655,38.2,37.1,35.8,71.3,29.7,0.000,0.000,0.00,0.000,3.5,4.8,0.5,65,13,4.0,6.0,0.6,63,14,3.5,4.8,0.5,65,13,335,29.97,,,,,36.3,42.1,44.8,,,
WEST,2015-11-25 09:55:00 EST,43.10647,-75.46146,655,38.7,37.8,38.7,70.7,29.9,0.000,0.000,0.00,0.000,2.3,4.7,0.8,74,17,2.8,5.4,0.9,74,17,2.3,4.7,0.8,74,17,336,29.97,,,,,36.3,42.1,44.8,,,
WEST,2015-11-25 10:00:00 EST,43.10647,-75.46146,655,39.8,38.9,39.8,68.5,30.3,0.000,0.000,0.00,0.000,2.6,4.7,1.0,99,17,3.1,5.6,1.2,98,18,2.6,4.7,1.0,99,17,355,29.98,,,,,36.4,42.1,44.8,,,
WEST,2015-11-25 10:05:00 EST,43.10647,-75.46146,655,40.1,38.8,37.6,64.8,29.2,0.000,0.000,0.00,0.000,3.9,5.7,1.1,107,8,4.5,6.7,1.2,105,8,3.9,5.7,1.1,107,8,360,29.98,,,,,36.5,42.1,44.8,,,
WEST,2015-11-25 10:10:00 EST,43.10647,-75.46146,655,40.0,39.0,36.6,63.8,28.7,0.000,0.000,0.00,0.000,4.8,7.2,1.0,101,12,5.5,8.5,1.1,98,11,4.8,7.2,1.0,101,12,371,29.98,,,,,36.6,42.1,44.8,,,
WEST,2015-11-25 10:15:00 EST,43.10647,-75.46146,655,40.8,39.5,37.8,64.3,29.7,0.000,0.000,0.00,0.000,4.5,7.3,1.7,98,10,5.2,8.5,1.8,97,9,4.5,7.3,1.7,98,10,379,29.98,,,,,36.7,42.1,44.8,,,
WEST,2015-11-25 10:20:00 EST,43.10647,-75.46146,655,40.8,39.7,37.6,64.4,29.7,0.000,0.000,0.00,0.000,4.7,8.5,1.5,110,17,5.3,9.8,1.6,107,16,4.7,8.5,1.5,110,17,386,29.98,,,,,36.9,42.1,44.8,,,
WEST,2015-11-25 10:25:00 EST,43.10647,-75.46146,655,40.5,39.5,35.7,62.7,28.8,0.000,0.000,0.00,0.000,7.1,10.6,1.5,108,11,8.1,12.1,1.7,105,10,7.1,10.6,1.5,108,11,393,29.97,,,,,37.1,42.1,44.8,,,
WEST,2015-11-25 10:30:00 EST,43.10647,-75.46146,655,40.7,39.5,35.4,64.4,29.6,0.000,0.000,0.00,0.000,8.0,11.0,1.4,94,9,8.9,13.4,1.6,92,10,8.0,11.0,1.4,94,9,399,29.97,,,,,37.2,42.1,44.8,,,
WEST,2015-11-25 10:35:00 EST,43.10647,-75.46146,655,40.6,39.7,36.7,63.2,29.0,0.000,0.000,0.00,0.000,5.7,8.5,1.4,102,15,6.4,10.1,1.6,101,14,5.7,8.5,1.4,102,15,407,29.97,,,,,37.3,42.1,44.8,,,
WEST,2015-11-25 10:40:00 EST,43.10647,-75.46146,655,41.1,40.2,37.6,63.9,29.8,0.000,0.000,0.00,0.000,5.1,7.7,1.2,105,20,5.8,9.4,1.4,103,20,5.1,7.7,1.2,105,20,410,29.97,,,,,37.5,42.1,44.8,,,
WEST,2015-11-25 10:45:00 EST,43.10647,-75.46146,655,41.3,40.5,37.5,62.5,29.4,0.000,0.000,0.00,0.000,5.6,8.4,1.3,116,15,6.2,10.1,1.5,114,14,5.6,8.4,1.3,116,15,395,29.97,,,,,37.6,42.1,44.8,,,
WEST,2015-11-25 10:50:00 EST,43.10647,-75.46146,655,41.9,41.1,38.6,62.3,30.0,0.000,0.000,0.00,0.000,5.3,9.1,1.8,129,19,5.8,10.1,1.8,125,18,5.3,9.1,1.8,129,19,374,29.97,,,,,37.9,42.1,44.7,,,
WEST,2015-11-25 10:55:00 EST,43.10647,-75.46146,655,41.8,41.1,38.6,61.1,29.4,0.000,0.000,0.00,0.000,5.0,7.7,1.2,117,21,5.7,8.9,1.2,115,19,5.0,7.7,1.2,117,21,407,29.97,,,,,38.1,42.1,44.8,,,
WEST,2015-11-25 11:00:00 EST,43.10647,-75.46146,655,43.1,42.2,38.6,59.6,30.0,0.000,0.000,0.00,0.000,7.4,11.7,2.0,160,29,8.1,12.3,2.1,156,30,7.4,11.7,2.0,160,29,400,29.97,,,,,38.3,42.1,44.8,,,
WEST,2015-11-25 11:05:00 EST,43.10647,-75.46146,655,42.8,42.1,37.5,54.4,27.4,0.000,0.000,0.00,0.000,8.9,11.3,1.7,175,7,9.8,13.0,1.7,172,7,8.9,11.3,1.7,175,7,395,29.97,,,,,38.5,42.0,44.8,,,
WEST,2015-11-25 11:10:00 EST,43.10647,-75.46146,655,43.1,42.5,38.6,54.6,27.8,0.000,0.000,0.00,0.000,7.5,10.4,1.3,165,14,8.2,11.4,1.3,162,14,7.5,10.4,1.3,165,14,396,29.97,,,,,38.7,42.1,44.7,,,
WEST,2015-11-25 11:15:00 EST,43.10647,-75.46146,655,43.0,42.6,39.8,53.5,27.3,0.000,0.000,0.00,0.000,5.4,8.4,1.4,176,15,6.0,9.4,1.6,173,14,5.4,8.4,1.4,176,15,338,29.97,,,,,38.9,42.1,44.7,,,
WEST,2015-11-25 11:20:00 EST,43.10647,-75.46146,655,43.6,43.0,39.8,54.3,28.1,0.000,0.000,0.00,0.000,6.3,10.9,2.3,167,16,7.1,12.1,2.4,162,15,6.3,10.9,2.3,167,16,365,29.97,,,,,39.1,42.0,44.8,,,
WEST,2015-11-25 11:25:00 EST,43.10647,-75.46146,655,43.9,43.2,40.2,53.6,28.2,0.000,0.000,0.00,0.000,6.5,10.0,1.4,166,18,7.3,11.0,1.5,164,17,6.5,10.0,1.4,166,18,424,29.96,,,,,39.2,42.0,44.8,,,
WEST,2015-11-25 11:30:00 EST,43.10647,-75.46146,655,43.5,43.0,39.0,51.9,27.0,0.000,0.000,0.00,0.000,7.8,13.2,2.2,175,12,8.6,14.3,2.3,172,11,7.8,13.2,2.2,175,12,428,29.96,,,,,39.3,42.0,44.7,,,
WEST,2015-11-25 11:35:00 EST,43.10647,-75.46146,655,44.1,43.3,39.1,51.2,27.2,0.000,0.000,0.00,0.000,9.3,13.6,2.1,155,10,9.9,14.3,2.3,152,9,9.3,13.6,2.1,155,10,425,29.96,,,,,39.5,42.0,44.8,,,
WEST,2015-11-25 11:40:00 EST,43.10647,-75.46146,655,44.4,43.5,39.2,50.3,27.0,0.000,0.000,0.00,0.000,9.7,13.7,1.6,156,9,10.4,14.3,1.7,153,11,9.7,13.7,1.6,156,9,439,29.96,,,,,39.7,42.0,44.8,,,
WEST,2015-11-25 11:45:00 EST,43.10647,-75.46146,655,44.7,43.8,39.8,50.2,27.3,0.000,0.000,0.00,0.000,9.3,12.6,1.5,152,10,9.9,14.3,1.6,149,10,9.3,12.6,1.5,152,10,447,29.96,,,,,39.8,42.0,44.7,,,
WEST,2015-11-25 11:50:00 EST,43.10647,-75.46146,655,44.6,43.7,39.3,49.3,26.8,0.000,0.000,0.00,0.000,10.1,15.1,2.2,149,9,10.8,16.8,2.2,146,9,10.1,15.1,2.2,149,9,455,29.96,,,,,40.0,42.0,44.8,,,
WEST,2015-11-25 11:55:00 EST,43.10647,-75.46146,655,44.8,43.9,40.0,49.9,27.2,0.000,0.000,0.00,0.000,9.1,11.7,1.5,157,16,10.0,13.6,1.6,154,15,9.1,11.7,1.5,157,16,455,29.96,,,,,40.2,42.0,44.7,,,
WEST,2015-11-25 12:00:00 EST,43.10647,-75.46146,655,44.6,43.8,39.9,49.2,26.7,0.000,0.000,0.00,0.000,8.6,12.6,1.8,183,19,9.4,13.6,1.9,180,18,8.6,12.6,1.8,183,19,454,29.96,,,,,40.3,42.0,44.7,,,
WEST,2015-11-25 12:05:00 EST,43.10647,-75.46146,655,45.3,44.4,41.2,48.9,27.1,0.000,0.000,0.00,0.000,7.6,10.6,1.8,160,15,8.1,11.9,1.8,157,15,7.6,10.6,1.8,160,15,435,29.96,,,,,40.5,42.0,44.7,,,
WEST,2015-11-25 12:10:00 EST,43.10647,-75.46146,655,45.1,44.4,40.8,47.6,26.4,0.000,0.000,0.00,0.000,8.1,13.8,2.7,174,17,8.9,15.2,2.8,170,17,8.1,13.8,2.7,174,17,454,29.96,,,,,40.6,42.0,44.7,,,
WEST,2015-11-25 12:15:00 EST,43.10647,-75.46146,655,44.8,44.0,39.4,46.1,25.3,0.000,0.000,0.00,0.000,10.5,15.9,2.1,181,14,11.4,17.0,2.4,179,13,10.5,15.9,2.1,181,14,453,29.96,,,,,40.8,42.0,44.7,,,
WEST,2015-11-25 12:20:00 EST,43.10647,-75.46146,655,44.7,44.0,39.3,45.4,24.9,0.000,0.000,0.00,0.000,10.7,14.6,1.8,191,17,11.6,17.4,2.0,187,15,10.7,14.6,1.8,191,17,451,29.96,,,,,41.0,42.0,44.7,,,
WEST,2015-11-25 12:25:00 EST,43.10647,-75.46146,655,45.1,44.3,39.8,44.5,24.7,0.000,0.000,0.00,0.000,10.4,17.3,2.7,190,15,11.4,19.0,2.8,187,14,10.4,17.3,2.7,190,15,448,29.95,,,,,41.1,42.0,44.7,,,
WEST,2015-11-25 12:30:00 EST,43.10647,-75.46146,655,44.9,44.1,39.3,44.9,24.8,0.000,0.000,0.00,0.000,11.2,16.3,2.0,176,11,12.1,18.6,2.2,173,10,11.2,16.3,2.0,176,11,441,29.95,,,,,41.2,42.0,44.7,,,
WEST,2015-11-25 12:35:00 EST,43.10647,-75.46146,655,45.2,44.3,39.8,45.0,25.1,0.000,0.000,0.00,0.000,10.7,13.8,1.6,168,12,11.7,15.4,1.9,166,11,10.7,13.8,1.6,168,12,438,29.95,,,,,41.4,42.0,44.7,,,
WEST,2015-11-25 12:40:00 EST,43.10647,-75.46146,655,45.4,44.5,40.9,44.7,25.1,0.000,0.000,0.00,0.000,8.7,13.3,1.8,177,15,9.7,15.0,2.0,174,13,8.7,13.3,1.8,177,15,435,29.95,,,,,41.5,42.0,44.7,,,
WEST,2015-11-25 12:45:00 EST,43.10647,-75.46146,655,45.1,44.4,39.9,44.7,24.9,0.000,0.000,0.00,0.000,10.1,14.0,1.7,174,10,10.9,14.5,1.8,170,9,10.1,14.0,1.7,174,10,430,29.95,,,,,41.6,42.0,44.7,,,
WEST,2015-11-25 12:50:00 EST,43.10647,-75.46146,655,45.3,44.5,40.8,45.9,25.7,0.000,0.000,0.00,0.000,8.6,13.4,2.0,181,9,9.4,14.5,2.0,177,7,8.6,13.4,2.0,181,9,425,29.95,,,,,41.7,42.0,44.7,,,
WEST,2015-11-25 12:55:00 EST,43.10647,-75.46146,655,45.7,45.0,41.6,45.0,25.6,0.000,0.000,0.00,0.000,7.9,11.3,1.6,162,14,8.6,11.9,1.6,158,13,7.9,11.3,1.6,162,14,420,29.95,,,,,41.8,42.0,44.7,,,
WEST,2015-11-25 13:00:00 EST,43.10647,-75.46146,655,45.8,45.1,41.4,45.3,25.8,0.000,0.000,0.00,0.000,8.5,12.4,1.5,178,14,9.3,13.9,1.7,175,14,8.5,12.4,1.5,178,14,416,29.94,,,,,42.0,41.9,44.7,,,
WEST,2015-11-25 13:05:00 EST,43.10647,-75.46146,655,46.0,45.2,42.4,45.6,26.2,0.000,0.000,0.00,0.000,7.0,11.9,2.6,157,15,7.7,12.5,2.7,155,15,7.0,11.9,2.6,157,15,410,29.94,,,,,42.1,42.0,44.7,,,
WEST,2015-11-25 13:10:00 EST,43.10647,-75.46146,655,46.5,45.6,43.9,45.2,26.4,0.000,0.000,0.00,0.000,5.4,7.7,1.5,155,11,6.0,8.5,1.5,153,12,5.4,7.7,1.5,155,11,404,29.94,,,,,42.2,42.0,44.6,,,
WEST,2015-11-25 13:15:00 EST,43.10647,-75.46146,655,46.4,45.6,42.8,45.0,26.2,0.000,0.000,0.00,0.000,7.1,10.6,1.8,159,13,7.8,11.2,1.8,155,14,7.1,10.6,1.8,159,13,398,29.94,,,,,42.2,42.0,44.7,,,
WEST,2015-11-25 13:20:00 EST,43.10647,-75.46146,655,46.2,45.3,43.2,45.1,26.1,0.000,0.000,0.00,0.000,5.9,8.3,1.3,160,20,6.5,9.4,1.3,157,19,5.9,8.3,1.3,160,20,391,29.94,,,,,42.4,42.0,44.7,,,
WEST,2015-11-25 13:25:00 EST,43.10647,-75.46146,655,46.3,45.5,43.0,45.1,26.2,0.000,0.000,0.00,0.000,6.6,9.8,1.8,141,20,7.4,11.4,1.9,136,19,6.6,9.8,1.8,141,20,383,29.93,,,,,42.4,41.9,44.7,,,
WEST,2015-11-25 13:30:00 EST,43.10647,-75.46146,655,46.7,45.8,42.7,45.3,26.6,0.000,0.000,0.00,0.000,8.1,12.6,1.7,154,15,8.8,12.5,1.7,151,13,8.1,12.6,1.7,154,15,376,29.93,,,,,42.5,41.9,44.7,,,
WEST,2015-11-25 13:35:00 EST,43.10647,-75.46146,655,46.5,45.7,43.0,43.8,25.6,0.000,0.000,0.00,0.000,6.8,10.4,1.7,148,14,7.5,11.6,1.8,145,13,6.8,10.4,1.7,148,14,368,29.93,,,,,42.6,42.0,44.6,,,
WEST,2015-11-25 13:40:00 EST,43.10647,-75.46146,655,46.6,46.0,42.7,43.9,25.8,0.000,0.000,0.00,0.000,7.7,13.0,2.5,147,11,8.4,13.6,2.4,143,11,7.7,13.0,2.5,147,11,360,29.93,,,,,42.7,42.0,44.7,,,
WEST,2015-11-25 13:45:00 EST,43.10647,-75.46146,655,46.6,46.1,43.3,42.7,25.1,0.000,0.000,0.00,0.000,6.7,9.4,1.6,137,16,7.3,11.9,1.7,132,13,6.7,9.4,1.6,137,16,352,29.93,,,,,42.7,42.0,44.7,,,
WEST,2015-11-25 13:50:00 EST,43.10647,-75.46146,655,47.0,46.3,43.5,42.6,25.4,0.000,0.000,0.00,0.000,7.2,12.0,2.1,156,22,8.0,13.4,2.3,153,21,7.2,12.0,2.1,156,22,343,29.92,,,,,42.8,42.0,44.6,,,
WEST,2015-11-25 13:55:00 EST,43.10647,-75.46146,655,46.7,46.0,42.0,41.7,24.7,0.000,0.000,0.00,0.000,10.0,14.4,2.0,151,11,10.8,16.8,2.1,147,10,10.0,14.4,2.0,151,11,335,29.92,,,,,42.9,42.0,44.6,,,
WEST,2015-11-25 14:00:00 EST,43.10647,-75.46146,655,46.6,46.0,42.0,41.5,24.5,0.000,0.000,0.00,0.000,9.6,13.7,1.9,148,11,10.3,13.6,1.8,144,9,9.6,13.7,1.9,148,11,327,29.92,,,,,42.9,42.0,44.6,,,
WEST,2015-11-25 14:05:00 EST,43.10647,-75.46146,655,46.6,46.0,41.4,41.0,24.1,0.000,0.000,0.00,0.000,11.1,17.1,3.0,145,14,11.9,18.3,2.8,144,12,11.1,17.1,3.0,145,14,318,29.92,,,,,42.9,42.0,44.6,,,
WEST,2015-11-25 14:10:00 EST,43.10647,-75.46146,655,46.4,46.0,41.7,40.4,23.6,0.000,0.000,0.00,0.000,9.7,13.9,2.0,152,11,10.4,15.2,2.2,148,12,9.7,13.9,2.0,152,11,310,29.92,,,,,43.0,42.0,44.7,,,
WEST,2015-11-25 14:15:00 EST,43.10647,-75.46146,655,46.6,46.2,41.5,40.3,23.7,0.000,0.000,0.00,0.000,10.9,14.5,2.0,160,12,11.6,15.4,2.2,158,11,10.9,14.5,2.0,160,12,300,29.92,,,,,43.0,42.0,44.6,,,
WEST,2015-11-25 14:20:00 EST,43.10647,-75.46146,655,46.6,46.3,41.7,40.2,23.7,0.000,0.000,0.00,0.000,10.3,16.2,2.6,159,11,11.1,17.2,2.6,156,10,10.3,16.2,2.6,159,11,290,29.92,,,,,43.0,42.0,44.6,,,
WEST,2015-11-25 14:25:00 EST,43.10647,-75.46146,655,46.4,46.1,41.4,39.8,23.2,0.000,0.000,0.00,0.000,10.3,14.8,1.8,160,11,11.1,16.3,1.9,156,11,10.3,14.8,1.8,160,11,279,29.92,,,,,43.1,42.0,44.7,,,
WEST,2015-11-25 14:30:00 EST,43.10647,-75.46146,655,46.7,46.5,42.6,40.3,23.8,0.000,0.000,0.00,0.000,8.5,12.4,2.2,157,10,9.3,14.1,2.2,153,11,8.5,12.4,2.2,157,10,266,29.92,,,,,43.0,42.0,44.6,,,
WEST,2015-11-25 14:35:00 EST,43.10647,-75.46146,655,46.8,46.5,41.9,39.9,23.7,0.000,0.000,0.00,0.000,10.6,14.3,2.0,151,12,11.4,15.7,1.9,148,11,10.6,14.3,2.0,151,12,258,29.92,,,,,43.0,42.1,44.6,,,
WEST,2015-11-25 14:40:00 EST,43.10647,-75.46146,655,46.4,46.3,41.5,40.6,23.8,0.000,0.000,0.00,0.000,10.5,14.8,2.0,158,9,11.1,16.1,2.0,155,9,10.5,14.8,2.0,158,9,248,29.93,,,,,43.1,42.1,44.6,,,
WEST,2015-11-25 14:45:00 EST,43.10647,-75.46146,655,46.6,46.4,42.3,40.4,23.7,0.000,0.000,0.00,0.000,8.6,12.1,1.3,162,11,9.4,13.0,1.5,159,10,8.6,12.1,1.3,162,11,236,29.93,,,,,43.0,42.1,44.6,,,
WEST,2015-11-25 14:50:00 EST,43.10647,-75.46146,655,46.5,46.4,42.0,40.2,23.6,0.000,0.000,0.00,0.000,9.3,14.0,1.7,170,11,10.2,14.8,1.9,168,9,9.3,14.0,1.7,170,11,224,29.93,,,,,43.0,42.1,44.6,,,
WEST,2015-11-25 14:55:00 EST,43.10647,-75.46146,655,46.4,46.4,42.1,40.1,23.5,0.000,0.000,0.00,0.000,8.8,14.3,2.3,183,10,9.7,16.3,2.4,181,8,8.8,14.3,2.3,183,10,213,29.93,,,,,43.0,42.1,44.6,,,
WEST,2015-11-25 15:00:00 EST,43.10647,-75.46146,655,46.4,46.4,41.7,40.7,23.8,0.000,0.000,0.00,0.000,9.9,13.7,2.0,161,8,10.6,17.0,2.1,158,8,9.9,13.7,2.0,161,8,201,29.93,,,,,43.0,42.1,44.6,,,
WEST,2015-11-25 15:05:00 EST,43.10647,-75.46146,655,46.4,46.5,41.6,40.5,23.7,0.000,0.000,0.00,0.000,9.8,15.3,2.1,162,11,10.5,16.6,2.3,159,10,9.8,15.3,2.1,162,11,185,29.93,,,,,42.9,42.1,44.6,,,
WEST,2015-11-25 15:10:00 EST,43.10647,-75.46146,655,46.4,46.5,42.5,40.4,23.6,0.000,0.000,0.00,0.000,7.7,14.5,2.2,170,10,8.6,14.5,2.5,169,10,7.7,14.5,2.2,170,10,176,29.93,,,,,43.0,42.1,44.6,,,
WEST,2015-11-25 15:15:00 EST,43.10647,-75.46146,655,46.4,46.5,42.2,40.7,23.7,0.000,0.000,0.00,0.000,8.3,12.9,2.0,154,13,9.0,13.6,2.2,152,13,8.3,12.9,2.0,154,13,166,29.93,,,,,42.9,42.1,44.6,,,
WEST,2015-11-25 15:20:00 EST,43.10647,-75.46146,655,46.0,46.4,41.2,40.6,23.4,0.000,0.000,0.00,0.000,9.8,12.8,1.6,157,9,10.5,14.3,1.7,154,9,9.8,12.8,1.6,157,9,151,29.93,,,,,42.9,42.1,44.6,,,
WEST,2015-11-25 15:25:00 EST,43.10647,-75.46146,655,46.0,46.4,42.0,41.5,23.9,0.000,0.000,0.00,0.000,7.7,10.2,1.2,161,10,8.4,11.9,1.4,157,10,7.7,10.2,1.2,161,10,144,29.93,,,,,42.8,42.1,44.6,,,
WEST,2015-11-25 15:30:00 EST,43.10647,-75.46146,655,46.0,46.4,41.7,41.1,23.7,0.000,0.000,0.00,0.000,8.6,12.6,1.6,163,9,9.3,13.9,1.8,160,9,8.6,12.6,1.6,163,9,127,29.93,,,,,42.8,42.1,44.6,,,
WEST,2015-11-25 15:35:00 EST,43.10647,-75.46146,655,45.8,46.3,41.0,41.0,23.4,0.000,0.000,0.00,0.000,9.8,13.3,1.4,157,10,10.4,14.3,1.6,155,10,9.8,13.3,1.4,157,10,121,29.93,,,,,42.8,42.2,44.6,,,
WEST,2015-11-25 15:40:00 EST,43.10647,-75.46146,655,45.7,46.3,40.8,40.9,23.3,0.000,0.000,0.00,0.000,9.8,13.3,1.4,159,12,10.5,13.6,1.5,156,12,9.8,13.3,1.4,159,12,106,29.93,,,,,42.7,42.2,44.5,,,
WEST,2015-11-25 15:45:00 EST,43.10647,-75.46146,655,45.6,46.2,41.3,41.1,23.3,0.000,0.000,0.00,0.000,8.3,11.9,1.5,154,11,9.1,12.8,1.6,151,11,8.3,11.9,1.5,154,11,91,29.93,,,,,42.7,42.2,44.6,,,
WEST,2015-11-25 15:50:00 EST,43.10647,-75.46146,655,45.5,46.1,40.8,41.1,23.2,0.000,0.000,0.00,0.000,9.2,13.2,2.0,154,8,9.9,14.3,2.0,151,8,9.2,13.2,2.0,154,8,77,29.93,,,,,42.7,42.2,44.5,,,
WEST,2015-11-25 15:55:00 EST,43.10647,-75.46146,655,45.1,45.9,41.1,42.3,23.5,0.000,0.000,0.00,0.000,7.3,9.6,1.4,161,10,8.0,10.5,1.5,158,9,7.3,9.6,1.4,161,10,63,29.94,,,,,42.6,42.2,44.6,,,
WEST,2015-11-25 16:00:00 EST,43.10647,-75.46146,655,44.7,45.8,41.4,42.7,23.4,0.000,0.000,0.00,0.000,6.0,8.0,0.9,152,9,6.5,8.9,1.0,146,9,6.0,8.0,0.9,152,9,51,29.93,,,,,42.5,42.2,44.5,,,
WEST,2015-11-25 16:05:00 EST,43.10647,-75.46146,655,43.7,45.3,40.7,44.2,23.3,0.000,0.000,0.00,0.000,5.2,9.8,1.9,140,15,5.7,10.3,2.0,136,13,5.2,9.8,1.9,140,15,40,29.93,,,,,42.5,42.2,44.5,,,
WEST,2015-11-25 16:10:00 EST,43.10647,-75.46146,655,43.6,45.2,40.7,44.2,23.2,0.000,0.000,0.00,0.000,5.0,9.4,2.1,144,11,5.4,9.6,2.2,141,10,5.0,9.4,2.1,144,11,25,29.94,,,,,42.4,42.3,44.6,,,
WEST,2015-11-25 16:15:00 EST,43.10647,-75.46146,655,43.0,44.9,40.5,45.0,23.1,0.000,0.000,0.00,0.000,4.3,6.6,1.0,134,12,4.7,7.4,1.1,131,11,4.3,6.6,1.0,134,12,17,29.94,,,,,42.4,42.3,44.6,,,
WEST,2015-11-25 16:20:00 EST,43.10647,-75.46146,655,42.0,44.5,39.3,46.6,23.0,0.000,0.000,0.00,0.000,4.3,7.2,1.1,133,10,4.7,7.4,1.1,130,9,4.3,7.2,1.1,133,10,12,29.93,,,,,42.4,42.3,44.6,,,
WEST,2015-11-25 16:25:00 EST,43.10647,-75.46146,655,41.8,44.2,39.0,47.5,23.3,0.000,0.000,0.00,0.000,4.6,6.9,1.1,136,13,5.0,7.8,1.2,132,9,4.6,6.9,1.1,136,13,9,29.93,,,,,42.3,42.3,44.6,,,
WEST,2015-11-25 16:30:00 EST,43.10647,-75.46146,655,41.4,43.9,38.1,48.3,23.3,0.000,0.000,0.00,0.000,5.0,8.0,1.3,141,12,5.7,8.7,1.4,138,10,5.0,8.0,1.3,141,12,7,29.93,,,,,42.2,42.3,44.6,,,
WEST,2015-11-25 16:35:00 EST,43.10647,-75.46146,655,41.0,43.9,37.8,48.8,23.2,0.000,0.000,0.00,0.000,4.7,8.3,1.4,139,13,5.2,9.6,1.5,134,10,4.7,8.3,1.4,139,13,5,29.93,,,,,42.2,42.4,44.6,,,
WEST,2015-11-25 16:40:00 EST,43.10647,-75.46146,655,41.0,43.6,38.4,49.4,23.5,0.000,0.000,0.00,0.000,4.1,6.0,0.9,136,13,4.5,6.5,1.0,132,9,4.1,6.0,0.9,136,13,3,29.93,,,,,42.1,42.4,44.6,,,
WEST,2015-11-25 16:45:00 EST,43.10647,-75.46146,655,40.7,43.6,38.0,49.9,23.5,0.000,0.000,0.00,0.000,4.2,7.4,1.0,134,11,4.5,7.6,1.1,130,9,4.2,7.4,1.0,134,11,1,29.94,,,,,42.0,42.4,44.5,,,
WEST,2015-11-25 16:50:00 EST,43.10647,-75.46146,655,40.3,43.3,37.6,50.6,23.4,0.000,0.000,0.00,0.000,4.1,5.2,0.7,128,9,4.4,6.0,0.9,126,7,4.1,5.2,0.7,128,9,1,29.94,,,,,42.0,42.4,44.5,,,
WEST,2015-11-25 16:55:00 EST,43.10647,-75.46146,655,40.3,43.2,37.5,50.7,23.4,0.000,0.000,0.00,0.000,4.2,6.6,0.7,125,9,4.7,7.4,0.8,123,8,4.2,6.6,0.7,125,9,0,29.94,,,,,41.9,42.4,44.6,,,
WEST,2015-11-25 17:00:00 EST,43.10647,-75.46146,655,40.1,43.0,36.8,50.8,23.3,0.000,0.000,0.00,0.000,4.6,6.9,1.1,123,9,5.1,8.5,1.1,122,9,4.6,6.9,1.1,123,9,0,29.94,,,,,41.9,42.4,44.6,,,
WEST,2015-11-25 17:05:00 EST,43.10647,-75.46146,655,40.4,43.2,37.3,50.5,23.4,0.000,0.000,0.00,0.000,4.5,6.7,0.8,119,11,5.0,7.8,1.0,117,9,4.5,6.7,0.8,119,11,0,29.94,,,,,41.7,42.4,44.6,,,
WEST,2015-11-25 17:10:00 EST,43.10647,-75.46146,655,40.9,43.1,38.2,49.0,23.2,0.000,0.000,0.00,0.000,4.2,6.6,0.8,109,7,4.7,7.8,0.9,109,7,4.2,6.6,0.8,109,7,0,29.94,,,,,41.7,42.4,44.5,,,
WEST,2015-11-25 17:15:00 EST,43.10647,-75.46146,655,40.4,42.8,37.8,48.8,22.6,0.000,0.000,0.00,0.000,4.0,5.6,0.6,112,9,4.5,6.7,0.7,110,8,4.0,5.6,0.6,112,9,0,29.94,,,,,41.6,42.4,44.6,,,
WEST,2015-11-25 17:20:00 EST,43.10647,-75.46146,655,39.8,42.4,36.9,50.3,22.8,0.000,0.000,0.00,0.000,4.2,6.1,0.6,109,9,4.7,6.9,0.8,107,7,4.2,6.1,0.6,109,9,0,29.94,,,,,41.5,42.4,44.6,,,
WEST,2015-11-25 17:25:00 EST,43.10647,-75.46146,655,39.2,42.0,36.5,51.6,22.9,0.000,0.000,0.00,0.000,4.0,5.5,0.5,112,9,4.4,6.0,0.6,110,8,4.0,5.5,0.5,112,9,0,29.94,,,,,41.5,42.4,44.5,,,
WEST,2015-11-25 17:30:00 EST,43.10647,-75.46146,655,39.3,41.9,36.4,51.2,22.8,0.000,0.000,0.00,0.000,4.2,6.5,0.7,110,11,4.8,8.3,0.9,108,9,4.2,6.5,0.7,110,11,0,29.94,,,,,41.4,42.4,44.6,,,
WEST,2015-11-25 17:35:00 EST,43.10647,-75.46146,655,39.7,41.8,35.9,51.1,23.1,0.000,0.000,0.00,0.000,5.2,7.5,0.9,106,9,5.9,8.5,1.0,104,9,5.2,7.5,0.9,106,9,0,29.94,,,,,41.3,42.5,44.6,,,
WEST,2015-11-25 17:40:00 EST,43.10647,-75.46146,655,39.9,41.8,35.9,50.4,23.0,0.000,0.000,0.00,0.000,5.7,8.3,0.9,106,8,6.4,10.3,1.1,104,8,5.7,8.3,0.9,106,8,0,29.94,,,,,41.2,42.5,44.6,,,
WEST,2015-11-25 17:45:00 EST,43.10647,-75.46146,655,39.6,41.6,35.1,51.3,23.0,0.000,0.000,0.00,0.000,6.1,8.2,0.9,100,8,6.8,9.8,1.1,99,7,6.1,8.2,0.9,100,8,0,29.94,,,,,41.2,42.5,44.6,,,
WEST,2015-11-25 17:50:00 EST,43.10647,-75.46146,655,39.7,41.6,35.2,51.2,23.1,0.000,0.000,0.00,0.000,6.2,9.1,0.8,99,10,6.9,10.1,1.0,98,8,6.2,9.1,0.8,99,10,0,29.94,,,,,41.1,42.5,44.6,,,
WEST,2015-11-25 17:55:00 EST,43.10647,-75.46146,655,39.7,41.4,35.5,50.9,23.0,0.000,0.000,0.00,0.000,5.9,8.0,0.9,101,9,6.5,9.4,1.1,100,7,5.9,8.0,0.9,101,9,0,29.94,,,,,41.0,42.5,44.6,,,
WEST,2015-11-25 18:00:00 EST,43.10647,-75.46146,655,39.5,41.3,35.0,51.6,23.1,0.000,0.000,0.00,0.000,6.1,8.3,0.9,100,8,6.8,9.6,1.0,98,7,6.1,8.3,0.9,100,8,0,29.94,,,,,41.0,42.6,44.5,,,
WEST,2015-11-25 18:05:00 EST,43.10647,-75.46146,655,39.3,41.3,35.1,51.9,23.1,0.000,0.000,0.00,0.000,5.8,9.4,1.1,98,8,6.4,10.7,1.3,98,6,5.8,9.4,1.1,98,8,0,29.95,,,,,40.9,42.6,44.5,,,
WEST,2015-11-25 18:10:00 EST,43.10647,-75.46146,655,39.1,41.2,34.4,52.4,23.1,0.000,0.000,0.00,0.000,6.3,9.2,1.1,95,7,7.0,10.5,1.3,95,6,6.3,9.2,1.1,95,7,0,29.95,,,,,40.7,42.6,44.6,,,
WEST,2015-11-25 18:15:00 EST,43.10647,-75.46146,655,39.1,40.9,34.4,52.4,23.1,0.000,0.000,0.00,0.000,6.3,8.2,0.7,100,9,6.9,9.2,0.9,99,7,6.3,8.2,0.7,100,9,0,29.95,,,,,40.7,42.6,44.6,,,
WEST,2015-11-25 18:20:00 EST,43.10647,-75.46146,655,39.0,40.7,34.2,52.6,23.1,0.000,0.000,0.00,0.000,6.6,9.7,1.3,99,9,7.4,11.2,1.6,98,7,6.6,9.7,1.3,99,9,0,29.95,,,,,40.7,42.6,44.6,,,
WEST,2015-11-25 18:25:00 EST,43.10647,-75.46146,655,39.2,40.8,33.7,52.3,23.2,0.000,0.000,0.00,0.000,7.9,10.2,0.9,96,9,8.6,11.9,1.2,95,7,7.9,10.2,0.9,96,9,0,29.94,,,,,40.6,42.6,44.6,,,
WEST,2015-11-25 18:30:00 EST,43.10647,-75.46146,655,39.3,40.7,33.8,52.3,23.3,0.000,0.000,0.00,0.000,7.9,10.4,1.1,97,8,8.6,12.3,1.5,95,6,7.9,10.4,1.1,97,8,0,29.95,,,,,40.6,42.6,44.6,,,
WEST,2015-11-25 18:35:00 EST,43.10647,-75.46146,655,39.3,40.7,33.5,52.3,23.2,0.000,0.000,0.00,0.000,8.3,10.7,1.0,96,9,9.1,12.8,1.3,95,7,8.3,10.7,1.0,96,9,0,29.95,,,,,40.5,42.6,44.6,,,
WEST,2015-11-25 18:40:00 EST,43.10647,-75.46146,655,39.2,40.6,33.5,52.5,23.3,0.000,0.000,0.00,0.000,8.3,11.6,1.1,96,8,9.1,14.1,1.4,96,6,8.3,11.6,1.1,96,8,0,29.95,,,,,40.4,42.6,44.6,,,
WEST,2015-11-25 18:45:00 EST,43.10647,-75.46146,655,39.2,40.4,33.5,52.5,23.3,0.000,0.000,0.00,0.000,8.2,11.6,1.5,99,10,9.0,14.1,1.7,97,8,8.2,11.6,1.5,99,10,0,29.94,,,,,40.4,42.6,44.6,,,
WEST,2015-11-25 18:50:00 EST,43.10647,-75.46146,655,39.3,40.4,33.7,52.1,23.1,0.000,0.000,0.00,0.000,8.0,11.5,1.5,97,8,8.8,12.8,1.8,96,7,8.0,11.5,1.5,97,8,0,29.94,,,,,40.3,42.6,44.6,,,
WEST,2015-11-25 18:55:00 EST,43.10647,-75.46146,655,38.8,40.0,33.8,52.7,23.0,0.000,0.000,0.00,0.000,6.8,12.1,1.9,100,11,7.6,14.1,2.2,96,9,6.8,12.1,1.9,100,11,0,29.94,,,,,40.2,42.7,44.6,,,
WEST,2015-11-25 19:00:00 EST,43.10647,-75.46146,655,38.8,40.1,33.0,53.2,23.2,0.000,0.000,0.00,0.000,8.2,11.8,1.5,97,9,9.2,13.6,1.8,96,8,8.2,11.8,1.5,97,9,0,29.94,,,,,40.2,42.6,44.6,,,
WEST,2015-11-25 19:05:00 EST,43.10647,-75.46146,655,38.5,39.9,33.5,53.5,23.0,0.000,0.000,0.00,0.000,6.6,9.6,1.3,95,10,7.2,11.4,1.5,93,9,6.6,9.6,1.3,95,10,0,29.95,,,,,40.1,42.7,44.6,,,
WEST,2015-11-25 19:10:00 EST,43.10647,-75.46146,655,38.2,39.6,33.6,54.0,23.0,0.000,0.000,0.00,0.000,6.0,8.8,1.0,94,10,6.7,10.1,1.2,93,9,6.0,8.8,1.0,94,10,0,29.95,,,,,40.1,42.7,44.6,,,
WEST,2015-11-25 19:15:00 EST,43.10647,-75.46146,655,37.9,39.3,32.4,54.6,23.0,0.000,0.000,0.00,0.000,7.4,11.5,1.6,94,13,8.2,14.8,2.0,93,11,7.4,11.5,1.6,94,13,0,29.95,,,,,40.0,42.7,44.6,,,
WEST,2015-11-25 19:20:00 EST,43.10647,-75.46146,655,38.4,39.4,32.4,54.1,23.2,0.000,0.000,0.00,0.000,8.3,11.5,1.4,98,10,9.2,14.5,1.8,97,8,8.3,11.5,1.4,98,10,0,29.95,,,,,40.0,42.7,44.6,,,
WEST,2015-11-25 19:25:00 EST,43.10647,-75.46146,655,38.0,38.9,33.7,54.1,22.9,0.000,0.000,0.00,0.000,5.6,9.1,1.5,104,13,6.4,11.4,1.6,103,10,5.6,9.1,1.5,104,13,0,29.95,,,,,39.9,42.7,44.6,,,
WEST,2015-11-25 19:30:00 EST,43.10647,-75.46146,655,37.8,38.8,32.6,55.0,23.0,0.000,0.000,0.00,0.000,6.7,8.5,0.9,97,9,7.4,9.6,1.1,95,8,6.7,8.5,0.9,97,9,0,29.95,,,,,39.9,42.7,44.6,,,
WEST,2015-11-25 19:35:00 EST,43.10647,-75.46146,655,37.6,38.8,33.1,55.2,23.0,0.000,0.000,0.00,0.000,5.8,9.0,1.1,98,12,6.4,10.3,1.3,97,11,5.8,9.0,1.1,98,12,0,29.95,,,,,39.9,42.7,44.6,,,
WEST,2015-11-25 19:40:00 EST,43.10647,-75.46146,655,37.6,38.8,32.3,55.3,23.0,0.000,0.000,0.00,0.000,7.0,12.2,1.5,99,12,7.8,14.1,1.7,97,11,7.0,12.2,1.5,99,12,0,29.95,,,,,39.8,42.7,44.6,,,
WEST,2015-11-25 19:45:00 EST,43.10647,-75.46146,655,37.4,38.5,33.0,55.8,23.0,0.000,0.000,0.00,0.000,5.5,9.6,1.8,103,16,6.2,10.7,2.1,103,15,5.5,9.6,1.8,103,16,0,29.95,,,,,39.8,42.7,44.6,,,
WEST,2015-11-25 19:50:00 EST,43.10647,-75.46146,655,37.1,38.3,33.2,56.2,22.9,0.000,0.000,0.00,0.000,4.8,9.5,1.6,106,14,5.5,11.6,2.0,104,12,4.8,9.5,1.6,106,14,0,29.95,,,,,39.7,42.7,44.6,,,
WEST,2015-11-25 19:55:00 EST,43.10647,-75.46146,655,37.1,38.1,33.0,56.2,22.9,0.000,0.000,0.00,0.000,5.1,8.4,1.3,97,15,5.8,9.6,1.5,95,13,5.1,8.4,1.3,97,15,0,29.95,,,,,39.6,42.8,44.6,,,
WEST,2015-11-25 20:00:00 EST,43.10647,-75.46146,655,36.7,37.8,32.3,57.2,23.0,0.000,0.000,0.00,0.000,5.4,8.6,1.3,97,11,6.0,9.8,1.5,95,9,5.4,8.6,1.3,97,11,0,29.95,,,,,39.6,42.8,44.6,,,
WEST,2015-11-25 20:05:00 EST,43.10647,-75.46146,655,36.2,37.7,30.9,58.9,23.2,0.000,0.000,0.00,0.000,6.4,10.8,1.6,95,11,7.1,13.6,2.0,95,10,6.4,10.8,1.6,95,11,0,29.95,,,,,39.6,42.8,44.6,,,
WEST,2015-11-25 20:10:00 EST,43.10647,-75.46146,655,36.7,37.8,31.3,58.2,23.4,0.000,0.000,0.00,0.000,6.8,11.7,1.6,94,12,7.6,13.0,1.9,93,11,6.8,11.7,1.6,94,12,0,29.95,,,,,39.6,42.8,44.6,,,
WEST,2015-11-25 20:15:00 EST,43.10647,-75.46146,655,36.4,37.7,31.0,58.5,23.2,0.000,0.000,0.00,0.000,6.7,9.1,1.1,93,11,7.4,11.2,1.4,92,10,6.7,9.1,1.1,93,11,0,29.95,,,,,39.5,42.8,44.6,,,
WEST,2015-11-25 20:20:00 EST,43.10647,-75.46146,655,36.3,37.6,30.7,59.2,23.4,0.000,0.000,0.00,0.000,7.0,9.6,1.0,85,9,7.8,11.2,1.3,84,8,7.0,9.6,1.0,85,9,0,29.96,,,,,39.5,42.8,44.6,,,
WEST,2015-11-25 20:25:00 EST,43.10647,-75.46146,655,36.0,37.5,30.8,59.8,23.4,0.000,0.000,0.00,0.000,6.2,8.6,1.0,84,7,6.9,10.1,1.2,83,7,6.2,8.6,1.0,84,7,0,29.96,,,,,39.4,42.8,44.7,,,
WEST,2015-11-25 20:30:00 EST,43.10647,-75.46146,655,35.9,37.5,30.4,60.2,23.5,0.000,0.000,0.00,0.000,6.7,9.3,1.0,88,8,7.4,12.1,1.3,88,7,6.7,9.3,1.0,88,8,0,29.96,,,,,39.3,42.8,44.7,,,
WEST,2015-11-25 20:35:00 EST,43.10647,-75.46146,655,35.7,37.4,29.8,60.7,23.4,0.000,0.000,0.00,0.000,7.1,8.7,0.7,82,6,7.9,10.5,0.8,81,6,7.1,8.7,0.7,82,6,0,29.96,,,,,39.3,42.8,44.6,,,
WEST,2015-11-25 20:40:00 EST,43.10647,-75.46146,655,35.6,37.3,30.4,61.0,23.5,0.000,0.000,0.00,0.000,6.1,8.4,1.0,87,9,6.8,9.8,1.2,85,9,6.1,8.4,1.0,87,9,0,29.96,,,,,39.3,42.8,44.7,,,
WEST,2015-11-25 20:45:00 EST,43.10647,-75.46146,655,35.1,37.2,29.8,61.7,23.3,0.000,0.000,0.00,0.000,6.2,8.5,0.9,87,7,6.8,9.2,1.0,86,6,6.2,8.5,0.9,87,7,0,29.96,,,,,39.2,42.8,44.6,,,
WEST,2015-11-25 20:50:00 EST,43.10647,-75.46146,655,35.3,37.0,30.0,61.4,23.3,0.000,0.000,0.00,0.000,6.1,8.4,1.0,88,9,6.8,9.6,1.3,87,8,6.1,8.4,1.0,88,9,0,29.95,,,,,39.2,42.8,44.6,,,
WEST,2015-11-25 20:55:00 EST,43.10647,-75.46146,655,35.7,37.0,29.7,60.5,23.3,0.000,0.000,0.00,0.000,7.3,11.6,1.6,91,9,8.2,13.4,2.0,91,9,7.3,11.6,1.6,91,9,0,29.95,,,,,39.2,42.8,44.6,,,
WEST,2015-11-25 21:00:00 EST,43.10647,-75.46146,655,35.5,36.8,29.9,60.9,23.4,0.000,0.000,0.00,0.000,6.7,9.0,1.1,93,10,7.4,12.1,1.4,92,10,6.7,9.0,1.1,93,10,0,29.95,,,,,39.2,42.8,44.7,,,
WEST,2015-11-25 21:05:00 EST,43.10647,-75.46146,655,35.6,37.0,29.4,61.1,23.5,0.000,0.000,0.00,0.000,7.7,12.2,1.5,92,8,8.5,13.2,1.9,91,8,7.7,12.2,1.5,92,8,0,29.95,,,,,39.2,42.8,44.7,,,
WEST,2015-11-25 21:10:00 EST,43.10647,-75.46146,655,36.0,37.1,29.5,60.4,23.6,0.000,0.000,0.00,0.000,8.2,11.8,1.2,96,10,9.1,15.2,1.5,95,9,8.2,11.8,1.2,96,10,0,29.95,,,,,39.1,42.8,44.7,,,
WEST,2015-11-25 21:15:00 EST,43.10647,-75.46146,655,35.9,37.0,29.6,60.3,23.5,0.000,0.000,0.00,0.000,8.0,11.8,1.5,97,11,8.9,13.0,1.9,96,9,8.0,11.8,1.5,97,11,0,29.95,,,,,39.1,42.8,44.6,,,
WEST,2015-11-25 21:20:00 EST,43.10647,-75.46146,655,36.0,37.0,30.3,60.1,23.5,0.000,0.000,0.00,0.000,7.0,10.9,1.5,95,9,7.9,13.4,1.9,93,8,7.0,10.9,1.5,95,9,0,29.95,,,,,39.1,42.8,44.7,,,
WEST,2015-11-25 21:25:00 EST,43.10647,-75.46146,655,35.8,37.0,29.4,60.5,23.4,0.000,0.000,0.00,0.000,8.0,12.6,1.9,84,10,8.9,13.9,2.1,84,9,8.0,12.6,1.9,84,10,0,29.95,,,,,39.1,42.8,44.6,,,
WEST,2015-11-25 21:30:00 EST,43.10647,-75.46146,655,35.7,36.9,29.3,61.0,23.6,0.000,0.000,0.00,0.000,8.2,12.0,1.6,88,9,9.0,13.6,1.8,88,8,8.2,12.0,1.6,88,9,0,29.95,,,,,39.0,42.8,44.7,,,
WEST,2015-11-25 21:35:00 EST,43.10647,-75.46146,655,35.9,37.0,29.2,60.8,23.6,0.000,0.000,0.00,0.000,8.6,12.0,1.4,93,9,9.5,14.1,1.7,92,8,8.6,12.0,1.4,93,9,0,29.95,,,,,39.0,42.8,44.7,,,
WEST,2015-11-25 21:40:00 EST,43.10647,-75.46146,655,35.8,36.8,29.9,60.5,23.4,0.000,0.000,0.00,0.000,7.3,10.3,1.4,92,10,8.0,11.4,1.6,92,9,7.3,10.3,1.4,92,10,0,29.95,,,,,38.9,42.8,44.7,,,
WEST,2015-11-25 21:45:00 EST,43.10647,-75.46146,655,35.7,36.7,29.1,61.0,23.5,0.000,0.000,0.00,0.000,8.3,11.4,1.3,88,9,9.2,13.4,1.5,87,8,8.3,11.4,1.3,88,9,0,29.95,,,,,38.9,42.8,44.7,,,
WEST,2015-11-25 21:50:00 EST,43.10647,-75.46146,655,35.5,36.6,29.8,61.1,23.4,0.000,0.000,0.00,0.000,6.9,9.7,1.1,89,8,7.6,11.2,1.4,89,7,6.9,9.7,1.1,89,8,0,29.95,,,,,38.9,42.8,44.7,,,
WEST,2015-11-25 21:55:00 EST,43.10647,-75.46146,655,34.9,36.2,29.7,62.2,23.3,0.000,0.000,0.00,0.000,6.1,8.5,1.0,95,10,6.7,9.8,1.2,92,9,6.1,8.5,1.0,95,10,0,29.95,,,,,38.8,42.8,44.7,,,
WEST,2015-11-25 22:00:00 EST,43.10647,-75.46146,655,35.3,36.3,30.1,61.6,23.4,0.000,0.000,0.00,0.000,6.0,9.4,1.5,96,11,6.8,11.0,1.8,94,10,6.0,9.4,1.5,96,11,0,29.95,,,,,38.8,42.8,44.7,,,
WEST,2015-11-25 22:05:00 EST,43.10647,-75.46146,655,34.7,35.9,30.0,62.5,23.1,0.000,0.000,0.00,0.000,5.3,7.3,0.8,91,10,5.8,8.3,1.0,90,10,5.3,7.3,0.8,91,10,0,29.95,,,,,38.8,42.8,44.7,,,
WEST,2015-11-25 22:10:00 EST,43.10647,-75.46146,655,35.0,36.1,29.7,62.1,23.3,0.000,0.000,0.00,0.000,6.2,9.5,1.3,89,11,7.0,11.4,1.6,88,10,6.2,9.5,1.3,89,11,0,29.95,,,,,38.7,42.8,44.7,,,
WEST,2015-11-25 22:15:00 EST,43.10647,-75.46146,655,34.7,36.0,29.7,62.5,23.2,0.000,0.000,0.00,0.000,5.6,8.3,1.0,80,8,6.4,10.1,1.2,80,7,5.6,8.3,1.0,80,8,0,29.96,,,,,38.7,42.8,44.7,,,
WEST,2015-11-25 22:20:00 EST,43.10647,-75.46146,655,34.6,36.0,29.7,62.9,23.3,0.000,0.000,0.00,0.000,5.5,7.8,0.9,87,7,6.1,9.2,1.1,86,7,5.5,7.8,0.9,87,7,0,29.96,,,,,38.7,42.8,44.6,,,
WEST,2015-11-25 22:25:00 EST,43.10647,-75.46146,655,34.4,35.8,28.8,63.3,23.3,0.000,0.000,0.00,0.000,6.4,10.2,1.1,82,8,7.3,11.6,1.3,81,8,6.4,10.2,1.1,82,8,0,29.96,,,,,38.7,42.8,44.7,,,
WEST,2015-11-25 22:30:00 EST,43.10647,-75.46146,655,34.7,35.9,29.6,63.3,23.5,0.000,0.000,0.00,0.000,5.8,8.5,1.1,82,9,6.6,10.7,1.4,81,8,5.8,8.5,1.1,82,9,0,29.96,,,,,38.6,42.8,44.7,,,
WEST,2015-11-25 22:35:00 EST,43.10647,-75.46146,655,34.7,35.8,29.5,62.6,23.2,0.000,0.000,0.00,0.000,5.9,9.1,1.2,84,11,6.7,11.0,1.5,82,9,5.9,9.1,1.2,84,11,0,29.96,,,,,38.6,42.8,44.7,,,
WEST,2015-11-25 22:40:00 EST,43.10647,-75.46146,655,34.7,35.7,29.3,62.6,23.2,0.000,0.000,0.00,0.000,6.2,8.7,1.0,88,11,7.0,10.5,1.2,87,9,6.2,8.7,1.0,88,11,0,29.97,,,,,38.5,42.8,44.7,,,
WEST,2015-11-25 22:45:00 EST,43.10647,-75.46146,655,35.0,35.9,29.0,61.8,23.2,0.000,0.000,0.00,0.000,7.1,10.2,1.3,82,9,8.0,12.8,1.5,82,9,7.1,10.2,1.3,82,9,0,29.97,,,,,38.5,42.8,44.7,,,
WEST,2015-11-25 22:50:00 EST,43.10647,-75.46146,655,34.6,35.8,28.4,62.8,23.2,0.000,0.000,0.00,0.000,7.4,10.1,1.2,85,8,8.2,12.1,1.4,84,8,7.4,10.1,1.2,85,8,0,29.97,,,,,38.5,42.8,44.7,,,
WEST,2015-11-25 22:55:00 EST,43.10647,-75.46146,655,34.7,35.8,27.8,62.8,23.3,0.000,0.000,0.00,0.000,8.6,10.7,1.2,82,8,9.4,12.5,1.4,81,7,8.6,10.7,1.2,82,8,0,29.97,,,,,38.5,42.8,44.7,,,
WEST,2015-11-25 23:00:00 EST,43.10647,-75.46146,655,34.6,35.7,27.4,63.2,23.3,0.000,0.000,0.00,0.000,9.1,12.3,1.5,92,9,10.0,15.0,1.8,91,8,9.1,12.3,1.5,92,9,0,29.96,,,,,38.4,42.8,44.7,,,
WEST,2015-11-25 23:05:00 EST,43.10647,-75.46146,655,34.7,35.5,28.0,63.0,23.3,0.000,0.000,0.00,0.000,8.2,11.8,1.3,92,9,9.0,15.0,1.7,90,9,8.2,11.8,1.3,92,9,0,29.96,,,,,38.4,42.8,44.7,,,
WEST,2015-11-25 23:10:00 EST,43.10647,-75.46146,655,34.5,35.5,28.0,63.3,23.3,0.000,0.000,0.00,0.000,7.9,12.3,1.3,91,10,8.7,13.9,1.6,90,8,7.9,12.3,1.3,91,10,0,29.96,,,,,38.4,42.8,44.7,,,
WEST,2015-11-25 23:15:00 EST,43.10647,-75.46146,655,34.7,35.5,28.3,62.8,23.3,0.000,0.000,0.00,0.000,7.7,11.2,1.5,97,12,8.6,13.2,1.7,96,10,7.7,11.2,1.5,97,12,0,29.96,,,,,38.3,42.8,44.7,,,
WEST,2015-11-25 23:20:00 EST,43.10647,-75.46146,655,34.9,35.5,27.4,62.6,23.4,0.000,0.000,0.00,0.000,9.7,12.3,1.3,95,10,10.8,13.9,1.6,95,9,9.7,12.3,1.3,95,10,0,29.95,,,,,38.3,42.8,44.7,,,
WEST,2015-11-25 23:25:00 EST,43.10647,-75.46146,655,34.9,35.5,27.2,62.7,23.4,0.000,0.000,0.00,0.000,10.3,14.8,1.9,96,7,11.5,17.2,2.3,95,7,10.3,14.8,1.9,96,7,0,29.95,,,,,38.3,42.8,44.7,,,
WEST,2015-11-25 23:30:00 EST,43.10647,-75.46146,655,34.9,35.5,27.4,62.7,23.5,0.000,0.000,0.00,0.000,9.8,14.0,1.6,100,10,10.9,16.1,2.1,98,8,9.8,14.0,1.6,100,10,0,29.95,,,,,38.3,42.8,44.7,,,
WEST,2015-11-25 23:35:00 EST,43.10647,-75.46146,655,34.9,35.3,27.4,62.8,23.4,0.000,0.000,0.00,0.000,9.7,14.2,1.7,100,11,10.7,16.3,2.2,98,9,9.7,14.2,1.7,100,11,0,29.95,,,,,38.2,42.8,44.7,,,
WEST,2015-11-25 23:40:00 EST,43.10647,-75.46146,655,34.7,35.3,27.7,63.2,23.4,0.000,0.000,0.00,0.000,8.8,12.6,1.6,101,9,9.7,13.9,1.9,99,9,8.8,12.6,1.6,101,9,0,29.95,,,,,38.2,42.8,44.7,,,
WEST,2015-11-25 23:45:00 EST,43.10647,-75.46146,655,34.6,35.3,28.8,63.5,23.5,0.000,0.000,0.00,0.000,6.7,9.7,1.4,100,11,7.6,13.0,1.9,99,9,6.7,9.7,1.4,100,11,0,29.95,,,,,38.2,42.8,44.7,,,
WEST,2015-11-25 23:50:00 EST,43.10647,-75.46146,655,34.4,35.3,28.4,64.1,23.6,0.000,0.000,0.00,0.000,7.1,9.5,1.6,99,12,7.9,10.7,1.9,97,8,7.1,9.5,1.6,99,12,0,29.94,,,,,38.1,42.8,44.7,,,
WEST,2015-11-25 23:55:00 EST,43.10647,-75.46146,655,34.7,35.5,27.8,63.7,23.7,0.000,0.000,0.00,0.000,8.5,13.0,1.6,94,10,9.5,15.2,2.1,93,8,8.5,13.0,1.6,94,10,0,29.94,,,,,38.2,42.8,44.7,,,
WHIT,2015-11-25 00:00:00 EST,43.48507,-73.42307,120,22.5,24.9,22.5,91.6,20.4,0.000,0.000,0.00,0.000,0.0,0.3,0.0,98,0,0.5,0.9,0.2,145,39,0.0,0.3,0.0,98,0,0,30.40,,0,0,0,38.7,43.7,47.5,0.48,0.70,0.76
WHIT,2015-11-25 00:05:00 EST,43.48507,-73.42307,120,23.5,24.9,23.5,93.8,22.0,0.000,0.000,0.00,0.000,0.0,0.0,0.0,0,0,0.5,0.7,0.1,192,17,0.0,0.0,0.0,0,0,0,30.40,,0,0,0,38.7,43.7,47.5,0.48,0.70,0.76
WHIT,2015-11-25 00:10:00 EST,43.48507,-73.42307,120,23.8,24.9,23.8,94.5,22.5,0.000,0.000,0.00,0.000,0.7,1.9,0.8,234,6,1.1,2.2,0.8,234,16,0.7,1.9,0.8,234,6,0,30.40,,0,0,0,38.7,43.7,47.5,0.48,0.70,0.76
WHIT,2015-11-25 00:15:00 EST,43.48507,-73.42307,120,24.1,25.1,24.1,95.4,23.0,0.000,0.000,0.00,0.000,1.2,2.2,0.7,220,14,1.6,2.7,0.6,219,15,1.2,2.2,0.7,220,14,0,30.40,,0,0,0,38.7,43.6,47.5,0.48,0.70,0.76
WHIT,2015-11-25 00:20:00 EST,43.48507,-73.42307,120,23.9,25.0,23.9,94.6,22.5,0.000,0.000,0.00,0.000,0.6,1.2,0.5,232,8,1.1,1.8,0.4,239,21,0.6,1.2,0.5,232,8,0,30.40,,0,0,0,38.7,43.6,47.5,0.48,0.70,0.76
WHIT,2015-11-25 00:25:00 EST,43.48507,-73.42307,120,24.0,25.1,24.0,94.6,22.7,0.000,0.000,0.00,0.000,0.1,0.4,0.1,229,28,0.7,1.1,0.3,197,54,0.1,0.4,0.1,229,28,0,30.41,,0,0,0,38.7,43.6,47.5,0.48,0.70,0.76
WHIT,2015-11-25 00:30:00 EST,43.48507,-73.42307,120,23.1,24.8,23.1,93.0,21.3,0.000,0.000,0.00,0.000,0.2,1.0,0.3,145,13,0.9,1.6,0.2,147,23,0.2,1.0,0.3,145,13,0,30.41,,0,0,0,38.6,43.7,47.5,0.48,0.70,0.76
WHIT,2015-11-25 00:35:00 EST,43.48507,-73.42307,120,22.8,24.6,22.8,92.6,20.9,0.000,0.000,0.00,0.000,2.3,3.4,0.8,131,5,2.7,4.0,0.8,134,6,2.3,3.4,0.8,131,5,0,30.40,,0,0,0,38.7,43.6,47.5,0.48,0.70,0.76
WHIT,2015-11-25 00:40:00 EST,43.48507,-73.42307,120,22.1,24.6,22.1,92.2,20.2,0.000,0.000,0.00,0.000,1.9,3.4,1.1,153,33,2.3,3.6,1.0,158,39,1.9,3.4,1.1,153,33,0,30.40,,0,0,0,38.7,43.6,47.5,0.48,0.70,0.76
WHIT,2015-11-25 00:45:00 EST,43.48507,-73.42307,120,23.6,24.6,23.6,94.9,22.3,0.000,0.000,0.00,0.000,2.7,4.0,0.5,297,8,2.8,4.0,0.5,304,8,2.7,4.0,0.5,297,8,0,30.41,,0,0,0,38.7,43.6,47.5,0.48,0.70,0.76
WHIT,2015-11-25 00:50:00 EST,43.48507,-73.42307,120,23.2,24.7,23.2,94.4,21.8,0.000,0.000,0.00,0.000,0.7,2.8,0.7,346,46,1.1,2.9,0.6,9,49,0.7,2.8,0.7,346,46,0,30.41,,0,0,0,38.6,43.6,47.5,0.48,0.70,0.76
WHIT,2015-11-25 00:55:00 EST,43.48507,-73.42307,120,22.5,24.9,22.5,93.6,21.0,0.000,0.000,0.00,0.000,1.3,2.0,0.4,78,9,1.8,2.5,0.4,82,15,1.3,2.0,0.4,78,9,0,30.41,,0,0,0,38.6,43.6,47.5,0.48,0.70,0.76
WHIT,2015-11-25 01:00:00 EST,43.48507,-73.42307,120,21.3,24.6,21.3,91.4,19.2,0.000,0.000,0.00,0.000,1.0,2.0,0.7,91,7,1.5,2.5,0.6,106,27,1.0,2.0,0.7,91,7,0,30.42,,0,0,0,38.7,43.6,47.5,0.48,0.70,0.76
WHIT,2015-11-25 01:05:00 EST,43.48507,-73.42307,120,22.0,23.8,22.0,92.3,20.2,0.000,0.000,0.00,0.000,0.5,1.5,0.5,236,15,1.1,2.0,0.5,217,37,0.5,1.5,0.5,236,15,0,30.42,,0,0,0,38.6,43.5,47.5,0.48,0.70,0.76
WHIT,2015-11-25 01:10:00 EST,43.48507,-73.42307,120,23.5,24.7,23.5,95.5,22.4,0.000,0.000,0.00,0.000,0.0,0.1,0.0,251,0,0.7,1.8,0.2,331,70,0.0,0.1,0.0,251,0,0,30.42,,0,0,0,38.6,43.5,47.5,0.48,0.70,0.76
WHIT,2015-11-25 01:15:00 EST,43.48507,-73.42307,120,23.6,24.7,23.6,95.9,22.6,0.000,0.000,0.00,0.000,0.8,1.3,0.4,301,16,1.2,1.8,0.3,311,17,0.8,1.3,0.4,301,16,0,30.42,,0,0,0,38.6,43.5,47.5,0.48,0.70,0.76
WHIT,2015-11-25 01:20:00 EST,43.48507,-73.42307,120,23.3,24.7,23.3,95.3,22.1,0.000,0.000,0.00,0.000,0.1,0.1,0.0,304,0,0.6,2.7,0.4,19,65,0.1,0.1,0.0,304,0,0,30.42,,0,0,0,38.6,43.5,47.5,0.48,0.70,0.76
WHIT,2015-11-25 01:25:00 EST,43.48507,-73.42307,120,22.8,24.8,22.8,95.2,21.7,0.000,0.000,0.00,0.000,0.3,0.9,0.3,331,5,0.9,1.3,0.3,357,31,0.3,0.9,0.3,331,5,0,30.42,,0,0,0,38.6,43.5,47.4,0.48,0.70,0.76
WHIT,2015-11-25 01:30:00 EST,43.48507,-73.42307,120,22.9,24.5,22.9,94.8,21.6,0.000,0.000,0.00,0.000,0.0,0.1,0.0,340,4,0.8,1.1,0.2,106,18,0.0,0.1,0.0,340,4,0,30.43,,0,0,0,38.5,43.5,47.5,0.48,0.70,0.76
WHIT,2015-11-25 01:35:00 EST,43.48507,-73.42307,120,23.0,24.3,23.0,94.7,21.7,0.000,0.000,0.00,0.000,0.0,0.0,0.0,0,0,0.7,0.9,0.2,49,14,0.0,0.0,0.0,0,0,0,30.43,,0,0,0,38.5,43.5,47.5,0.48,0.70,0.76
WHIT,2015-11-25 01:40:00 EST,43.48507,-73.42307,120,23.1,24.6,23.1,94.5,21.7,0.000,0.000,0.00,0.000,0.0,0.4,0.1,289,1,0.7,1.1,0.3,25,49,0.0,0.4,0.1,289,1,0,30.43,,0,0,0,38.5,43.5,47.5,0.48,0.70,0.76
WHIT,2015-11-25 01:45:00 EST,43.48507,-73.42307,120,23.7,24.6,23.7,94.7,22.4,0.000,0.000,0.00,0.000,1.1,1.5,0.2,275,6,1.5,2.0,0.2,285,11,1.1,1.5,0.2,275,6,0,30.44,,0,0,0,38.5,43.5,47.5,0.48,0.70,0.76
WHIT,2015-11-25 01:50:00 EST,43.48507,-73.42307,120,24.0,24.6,24.0,95.7,22.9,0.000,0.000,0.00,0.000,0.4,0.9,0.3,289,5,0.8,1.3,0.2,317,26,0.4,0.9,0.3,289,5,0,30.44,,0,0,0,38.5,43.5,47.5,0.48,0.70,0.76
WHIT,2015-11-25 01:55:00 EST,43.48507,-73.42307,120,23.8,24.6,23.8,95.7,22.8,0.000,0.000,0.00,0.000,0.1,0.1,0.0,341,2,0.6,1.1,0.2,33,15,0.1,0.1,0.0,341,2,0,30.44,,0,0,0,38.5,43.5,47.5,0.48,0.70,0.76
WHIT,2015-11-25 02:00:00 EST,43.48507,-73.42307,120,24.0,24.7,24.0,95.4,22.8,0.000,0.000,0.00,0.000,0.1,0.1,0.0,343,0,0.8,1.3,0.2,349,21,0.1,0.1,0.0,343,0,0,30.44,,0,0,0,38.5,43.5,47.5,0.48,0.70,0.76
WHIT,2015-11-25 02:05:00 EST,43.48507,-73.42307,120,24.0,24.9,24.0,95.3,22.8,0.000,0.000,0.00,0.000,0.1,0.1,0.0,343,2,0.6,1.1,0.3,171,37,0.1,0.1,0.0,343,2,0,30.44,,0,0,0,38.5,43.5,47.4,0.48,0.70,0.76
WHIT,2015-11-25 02:10:00 EST,43.48507,-73.42307,120,23.3,24.8,23.3,94.8,22.1,0.000,0.000,0.00,0.000,0.9,1.5,0.5,156,3,1.5,2.2,0.3,156,6,0.9,1.5,0.5,156,3,0,30.44,,0,0,0,38.5,43.5,47.4,0.48,0.70,0.76
WHIT,2015-11-25 02:15:00 EST,43.48507,-73.42307,120,23.0,24.3,23.0,93.9,21.5,0.000,0.000,0.00,0.000,0.1,0.7,0.2,151,0,0.7,1.1,0.2,134,13,0.1,0.7,0.2,151,0,0,30.44,,0,0,0,38.5,43.5,47.5,0.48,0.70,0.76
WHIT,2015-11-25 02:20:00 EST,43.48507,-73.42307,120,22.9,24.2,22.9,93.6,21.3,0.000,0.000,0.00,0.000,0.0,0.0,0.0,0,0,0.6,1.8,0.3,124,35,0.0,0.0,0.0,0,0,0,30.44,,0,0,0,38.5,43.5,47.4,0.48,0.70,0.76
WHIT,2015-11-25 02:25:00 EST,43.48507,-73.42307,120,23.5,24.8,23.5,94.3,22.1,0.000,0.000,0.00,0.000,0.6,1.1,0.4,270,6,1.1,1.6,0.3,279,16,0.6,1.1,0.4,270,6,0,30.45,,0,0,0,38.5,43.5,47.4,0.48,0.70,0.76
WHIT,2015-11-25 02:30:00 EST,43.48507,-73.42307,120,23.7,24.7,23.7,95.2,22.6,0.000,0.000,0.00,0.000,0.2,0.7,0.2,240,8,0.5,1.1,0.3,259,28,0.2,0.7,0.2,240,8,0,30.45,,0,0,0,38.5,43.5,47.4,0.48,0.70,0.76
WHIT,2015-11-25 02:35:00 EST,43.48507,-73.42307,120,23.3,24.8,23.3,94.9,22.1,0.000,0.000,0.00,0.000,0.1,0.9,0.2,278,40,0.6,1.6,0.4,328,35,0.1,0.9,0.2,278,40,0,30.45,,0,0,0,38.5,43.5,47.4,0.48,0.70,0.76
WHIT,2015-11-25 02:40:00 EST,43.48507,-73.42307,120,23.5,25.0,23.5,94.7,22.2,0.000,0.000,0.00,0.000,0.5,1.2,0.4,330,4,1.0,1.8,0.4,346,12,0.5,1.2,0.4,330,4,0,30.46,,0,0,0,38.5,43.5,47.4,0.48,0.70,0.76
WHIT,2015-11-25 02:45:00 EST,43.48507,-73.42307,120,23.6,25.1,23.6,94.6,22.3,0.000,0.000,0.00,0.000,1.0,1.7,0.6,298,6,1.3,1.8,0.4,307,10,1.0,1.7,0.6,298,6,0,30.46,,0,0,0,38.5,43.5,47.4,0.48,0.70,0.76
WHIT,2015-11-25 02:50:00 EST,43.48507,-73.42307,120,23.9,25.2,23.9,95.2,22.7,0.000,0.000,0.00,0.000,0.4,1.0,0.2,306,16,0.9,1.3,0.2,324,17,0.4,1.0,0.2,306,16,0,30.46,,0,0,0,38.5,43.5,47.4,0.48,0.70,0.76
WHIT,2015-11-25 02:55:00 EST,43.48507,-73.42307,120,23.9,25.1,23.9,95.1,22.7,0.000,0.000,0.00,0.000,0.4,0.7,0.2,1,9,1.0,1.3,0.1,24,15,0.4,0.7,0.2,1,9,0,30.46,,0,0,0,38.5,43.5,47.4,0.48,0.70,0.76
WHIT,2015-11-25 03:00:00 EST,43.48507,-73.42307,120,23.8,25.2,23.8,94.6,22.5,0.000,0.000,0.00,0.000,0.0,0.1,0.0,114,0,0.8,1.1,0.1,81,31,0.0,0.1,0.0,114,0,0,30.46,,0,0,0,38.5,43.5,47.3,0.48,0.70,0.76
WHIT,2015-11-25 03:05:00 EST,43.48507,-73.42307,120,23.6,25.3,23.6,94.2,22.2,0.000,0.000,0.00,0.000,0.0,0.0,0.0,0,0,1.0,1.3,0.2,108,13,0.0,0.0,0.0,0,0,0,30.46,,0,0,0,38.5,43.5,47.3,0.48,0.70,0.76
WHIT,2015-11-25 03:10:00 EST,43.48507,-73.42307,120,23.5,24.9,23.5,93.7,22.0,0.000,0.000,0.00,0.000,0.8,1.7,0.7,17,3,1.4,2.0,0.5,27,12,0.8,1.7,0.7,17,3,0,30.47,,0,0,0,38.5,43.5,47.3,0.48,0.70,0.76
WHIT,2015-11-25 03:15:00 EST,43.48507,-73.42307,120,23.6,25.0,23.6,94.0,22.2,0.000,0.000,0.00,0.000,1.2,1.5,0.1,31,4,1.5,1.8,0.1,41,4,1.2,1.5,0.1,31,4,0,30.47,,0,0,0,38.5,43.5,47.3,0.48,0.70,0.76
WHIT,2015-11-25 03:20:00 EST,43.48507,-73.42307,120,24.2,25.1,24.2,94.5,22.8,0.000,0.000,0.00,0.000,1.2,1.9,0.3,355,33,1.6,2.0,0.2,0,31,1.2,1.9,0.3,355,33,0,30.47,,0,0,0,38.5,43.5,47.3,0.48,0.70,0.76
WHIT,2015-11-25 03:25:00 EST,43.48507,-73.42307,120,24.7,24.9,24.7,95.4,23.6,0.000,0.000,0.00,0.000,0.9,1.9,0.7,298,9,1.2,2.0,0.5,300,25,0.9,1.9,0.7,298,9,0,30.48,,0,0,0,38.4,43.5,47.3,0.48,0.70,0.76
WHIT,2015-11-25 03:30:00 EST,43.48507,-73.42307,120,24.5,24.7,24.5,94.8,23.2,0.000,0.000,0.00,0.000,0.9,2.0,0.6,247,12,1.4,2.7,0.6,252,18,0.9,2.0,0.6,247,12,0,30.48,,0,0,0,38.5,43.5,47.3,0.48,0.70,0.76
WHIT,2015-11-25 03:35:00 EST,43.48507,-73.42307,120,24.9,25.2,24.9,94.7,23.6,0.000,0.000,0.00,0.000,0.4,2.0,0.6,223,9,0.9,2.2,0.5,212,49,0.4,2.0,0.6,223,9,0,30.48,,0,0,0,38.4,43.5,47.3,0.48,0.70,0.76
WHIT,2015-11-25 03:40:00 EST,43.48507,-73.42307,120,24.6,25.4,24.6,93.9,23.1,0.000,0.000,0.00,0.000,0.0,0.0,0.0,0,0,0.6,1.8,0.3,123,58,0.0,0.0,0.0,0,0,0,30.48,,0,0,0,38.5,43.5,47.3,0.48,0.70,0.76
WHIT,2015-11-25 03:45:00 EST,43.48507,-73.42307,120,23.6,25.3,23.6,92.6,21.8,0.000,0.000,0.00,0.000,0.0,0.0,0.0,0,0,0.6,3.1,0.4,229,56,0.0,0.0,0.0,0,0,0,30.49,,0,0,0,38.4,43.5,47.3,0.48,0.70,0.76
WHIT,2015-11-25 03:50:00 EST,43.48507,-73.42307,120,23.0,25.0,23.0,91.8,21.0,0.000,0.000,0.00,0.000,0.0,0.0,0.0,0,0,0.5,1.6,0.3,337,48,0.0,0.0,0.0,0,0,0,30.49,,0,0,0,38.4,43.5,47.3,0.48,0.70,0.76
WHIT,2015-11-25 03:55:00 EST,43.48507,-73.42307,120,22.8,24.7,22.8,93.1,21.1,0.000,0.000,0.00,0.000,1.1,2.1,0.7,70,18,1.8,2.7,0.5,72,23,1.1,2.1,0.7,70,18,0,30.49,,0,0,0,38.4,43.5,47.3,0.48,0.70,0.76
WHIT,2015-11-25 04:00:00 EST,43.48507,-73.42307,120,22.6,24.6,22.6,93.9,21.1,0.000,0.000,0.00,0.000,0.7,2.2,0.7,110,6,1.2,2.7,0.7,109,17,0.7,2.2,0.7,110,6,0,30.49,,0,0,0,38.4,43.5,47.3,0.48,0.71,0.76
WHIT,2015-11-25 04:05:00 EST,43.48507,-73.42307,120,23.5,24.9,23.5,94.7,22.2,0.000,0.000,0.00,0.000,0.3,1.2,0.4,232,0,0.8,1.6,0.4,232,33,0.3,1.2,0.4,232,0,0,30.49,,0,0,0,38.3,43.5,47.3,0.48,0.70,0.76
WHIT,2015-11-25 04:10:00 EST,43.48507,-73.42307,120,23.2,25.3,23.2,95.2,22.0,0.000,0.000,0.00,0.000,0.1,0.1,0.0,231,0,0.5,0.7,0.1,93,17,0.1,0.1,0.0,231,0,0,30.49,,0,0,0,38.3,43.5,47.3,0.48,0.70,0.76
WHIT,2015-11-25 04:15:00 EST,43.48507,-73.42307,120,23.3,24.9,23.3,95.0,22.1,0.000,0.000,0.00,0.000,0.1,0.1,0.0,236,23,0.6,1.3,0.2,48,31,0.1,0.1,0.0,236,23,0,30.49,,0,0,0,38.4,43.5,47.3,0.48,0.70,0.76
WHIT,2015-11-25 04:20:00 EST,43.48507,-73.42307,120,23.9,25.3,23.9,95.3,22.8,0.000,0.000,0.00,0.000,0.0,0.1,0.0,301,5,1.1,1.6,0.2,7,29,0.0,0.1,0.0,301,5,0,30.50,,0,0,0,38.3,43.5,47.3,0.48,0.70,0.76
WHIT,2015-11-25 04:25:00 EST,43.48507,-73.42307,120,23.9,24.9,23.9,95.4,22.8,0.000,0.000,0.00,0.000,1.7,2.6,0.6,252,4,2.2,3.1,0.5,257,7,1.7,2.6,0.6,252,4,0,30.50,,0,0,0,38.3,43.5,47.3,0.48,0.70,0.76
WHIT,2015-11-25 04:30:00 EST,43.48507,-73.42307,120,24.3,25.4,24.3,96.0,23.4,0.000,0.000,0.00,0.000,0.8,1.7,0.5,230,11,1.2,2.0,0.4,224,20,0.8,1.7,0.5,230,11,0,30.50,,0,0,0,38.3,43.5,47.3,0.48,0.70,0.76
WHIT,2015-11-25 04:35:00 EST,43.48507,-73.42307,120,22.4,25.4,22.4,94.4,21.1,0.000,0.000,0.00,0.000,0.0,0.0,0.0,0,0,0.7,1.1,0.2,118,20,0.0,0.0,0.0,0,0,0,30.50,,0,0,0,38.3,43.5,47.3,0.48,0.70,0.76
WHIT,2015-11-25 04:40:00 EST,43.48507,-73.42307,120,21.8,24.6,21.8,93.5,20.2,0.000,0.000,0.00,0.000,0.4,1.7,0.5,123,4,1.0,2.2,0.4,129,19,0.4,1.7,0.5,123,4,0,30.50,,0,0,0,38.3,43.5,47.3,0.48,0.70,0.76
WHIT,2015-11-25 04:45:00 EST,43.48507,-73.42307,120,22.4,24.3,22.4,94.7,21.2,0.000,0.000,0.00,0.000,0.0,0.0,0.0,0,0,0.4,1.3,0.3,357,59,0.0,0.0,0.0,0,0,0,30.50,,0,0,0,38.3,43.5,47.3,0.48,0.70,0.76
WHIT,2015-11-25 04:50:00 EST,43.48507,-73.42307,120,22.3,23.9,22.3,95.1,21.1,0.000,0.000,0.00,0.000,0.0,0.0,0.0,0,0,0.5,0.9,0.2,62,27,0.0,0.0,0.0,0,0,0,30.51,,0,0,0,38.3,43.5,47.3,0.48,0.70,0.76
WHIT,2015-11-25 04:55:00 EST,43.48507,-73.42307,120,22.1,24.0,22.1,95.3,21.0,0.000,0.000,0.00,0.000,0.0,0.0,0.0,0,0,0.6,1.3,0.3,22,38,0.0,0.0,0.0,0,0,0,30.51,,0,0,0,38.3,43.5,47.3,0.47,0.70,0.76
WHIT,2015-11-25 05:00:00 EST,43.48507,-73.42307,120,22.5,24.1,22.5,95.8,21.5,0.000,0.000,0.00,0.000,0.0,0.0,0.0,0,0,0.5,0.9,0.1,58,38,0.0,0.0,0.0,0,0,0,30.51,,0,0,0,38.3,43.5,47.3,0.48,0.70,0.76
WHIT,2015-11-25 05:05:00 EST,43.48507,-73.42307,120,21.6,23.6,21.6,95.7,20.5,0.000,0.000,0.00,0.000,0.0,0.0,0.0,0,0,0.6,1.1,0.3,126,62,0.0,0.0,0.0,0,0,0,30.51,,0,0,0,38.3,43.5,47.3,0.47,0.70,0.76
WHIT,2015-11-25 05:10:00 EST,43.48507,-73.42307,120,21.2,23.5,21.2,95.4,20.1,0.000,0.000,0.00,0.000,0.4,1.2,0.5,144,0,1.2,1.8,0.2,146,7,0.4,1.2,0.5,144,0,0,30.51,,0,0,0,38.3,43.5,47.3,0.47,0.71,0.76
WHIT,2015-11-25 05:15:00 EST,43.48507,-73.42307,120,22.0,23.3,22.0,95.8,21.0,0.000,0.000,0.00,0.000,0.8,1.2,0.1,176,22,1.3,1.8,0.2,183,23,0.8,1.2,0.1,176,22,0,30.52,,0,0,0,38.3,43.5,47.3,0.48,0.70,0.76
WHIT,2015-11-25 05:20:00 EST,43.48507,-73.42307,120,22.8,24.0,22.8,96.8,22.0,0.000,0.000,0.00,0.000,0.9,1.5,0.3,231,5,1.2,2.0,0.3,239,9,0.9,1.5,0.3,231,5,0,30.52,,0,0,0,38.3,43.4,47.3,0.48,0.70,0.76
WHIT,2015-11-25 05:25:00 EST,43.48507,-73.42307,120,22.0,23.9,22.0,96.4,21.2,0.000,0.000,0.00,0.000,0.3,1.1,0.4,242,4,0.8,1.6,0.5,256,21,0.3,1.1,0.4,242,4,0,30.52,,0,0,0,38.3,43.4,47.3,0.47,0.70,0.76
WHIT,2015-11-25 05:30:00 EST,43.48507,-73.42307,120,23.1,23.9,23.1,96.4,22.3,0.000,0.000,0.00,0.000,1.2,1.6,0.2,262,9,1.6,2.0,0.2,274,8,1.2,1.6,0.2,262,9,0,30.52,,0,0,0,38.3,43.4,47.3,0.48,0.70,0.76
WHIT,2015-11-25 05:35:00 EST,43.48507,-73.42307,120,23.4,24.1,23.4,96.9,22.7,0.000,0.000,0.00,0.000,1.0,1.5,0.2,286,11,1.3,2.0,0.3,299,13,1.0,1.5,0.2,286,11,0,30.53,,0,0,0,38.3,43.4,47.3,0.47,0.70,0.76
WHIT,2015-11-25 05:40:00 EST,43.48507,-73.42307,120,20.9,23.9,20.9,95.5,19.9,0.000,0.000,0.00,0.000,0.2,0.7,0.2,296,3,0.5,1.3,0.3,300,63,0.2,0.7,0.2,296,3,0,30.53,,0,0,0,38.3,43.4,47.3,0.48,0.70,0.76
WHIT,2015-11-25 05:45:00 EST,43.48507,-73.42307,120,21.3,23.0,21.3,95.7,20.3,0.000,0.000,0.00,0.000,0.7,1.4,0.6,96,12,1.5,2.0,0.3,102,12,0.7,1.4,0.6,96,12,0,30.53,,0,0,0,38.3,43.4,47.3,0.48,0.70,0.76
WHIT,2015-11-25 05:50:00 EST,43.48507,-73.42307,120,19.9,22.8,19.9,94.4,18.6,0.000,0.000,0.00,0.000,1.2,1.5,0.1,77,1,1.9,2.2,0.2,74,4,1.2,1.5,0.1,77,1,0,30.53,,0,0,0,38.3,43.4,47.3,0.48,0.70,0.76
WHIT,2015-11-25 05:55:00 EST,43.48507,-73.42307,120,20.1,22.9,20.1,93.5,18.6,0.000,0.000,0.00,0.000,0.2,0.9,0.3,76,0,0.8,1.6,0.3,48,18,0.2,0.9,0.3,76,0,0,30.53,,0,0,0,38.3,43.4,47.3,0.47,0.70,0.76
WHIT,2015-11-25 06:00:00 EST,43.48507,-73.42307,120,20.6,22.9,20.6,94.7,19.3,0.000,0.000,0.00,0.000,0.0,0.0,0.0,0,0,0.6,1.8,0.3,103,41,0.0,0.0,0.0,0,0,0,30.54,,0,0,0,38.3,43.4,47.3,0.47,0.70,0.76
WHIT,2015-11-25 06:05:00 EST,43.48507,-73.42307,120,20.4,22.9,20.4,95.4,19.3,0.000,0.000,0.00,0.000,0.0,0.0,0.0,0,0,0.7,0.9,0.1,77,11,0.0,0.0,0.0,0,0,0,30.54,,0,0,0,38.3,43.4,47.3,0.48,0.70,0.76
WHIT,2015-11-25 06:10:00 EST,43.48507,-73.42307,120,20.8,23.0,20.8,95.2,19.6,0.000,0.000,0.00,0.000,0.0,0.0,0.0,0,0,0.6,1.1,0.2,154,41,0.0,0.0,0.0,0,0,0,30.54,,0,0,0,38.3,43.4,47.3,0.48,0.70,0.76
WHIT,2015-11-25 06:15:00 EST,43.48507,-73.42307,120,21.5,23.0,21.5,95.8,20.5,0.000,0.000,0.00,0.000,0.8,1.7,0.6,123,9,1.4,2.2,0.3,134,20,0.8,1.7,0.6,123,9,0,30.54,,0,0,0,38.3,43.4,47.3,0.48,0.70,0.76
WHIT,2015-11-25 06:20:00 EST,43.48507,-73.42307,120,19.7,22.9,19.7,94.3,18.3,0.000,0.000,0.00,0.000,1.5,1.9,0.2,130,6,1.8,2.2,0.2,134,5,1.5,1.9,0.2,130,6,0,30.54,,0,0,0,38.3,43.4,47.3,0.48,0.70,0.76
WHIT,2015-11-25 06:25:00 EST,43.48507,-73.42307,120,20.2,22.9,20.2,94.2,18.8,0.000,0.000,0.00,0.000,0.9,1.9,0.4,153,18,1.3,2.0,0.3,162,23,0.9,1.9,0.4,153,18,0,30.54,,0,0,0,38.2,43.3,47.3,0.48,0.70,0.76
WHIT,2015-11-25 06:30:00 EST,43.48507,-73.42307,120,21.2,22.9,21.2,96.2,20.3,0.000,0.000,0.00,0.000,0.8,1.5,0.5,212,9,1.3,1.8,0.3,214,12,0.8,1.5,0.5,212,9,0,30.54,,0,0,0,38.2,43.3,47.3,0.48,0.70,0.76
WHIT,2015-11-25 06:35:00 EST,43.48507,-73.42307,120,20.9,22.9,20.9,95.6,19.8,0.000,0.000,0.00,0.000,0.4,1.0,0.4,223,5,1.0,1.3,0.3,225,26,0.4,1.0,0.4,223,5,0,30.54,,0,0,0,38.2,43.3,47.3,0.48,0.70,0.76
WHIT,2015-11-25 06:40:00 EST,43.48507,-73.42307,120,21.8,23.1,21.8,96.2,20.8,0.000,0.000,0.00,0.000,0.3,0.7,0.2,228,0,0.9,1.1,0.1,250,8,0.3,0.7,0.2,228,0,0,30.55,,0,0,0,38.2,43.3,47.3,0.48,0.70,0.76
WHIT,2015-11-25 06:45:00 EST,43.48507,-73.42307,120,20.3,23.2,20.3,95.8,19.3,0.000,0.000,0.00,0.000,0.1,0.4,0.1,227,0,0.5,1.6,0.2,214,26,0.1,0.4,0.1,227,0,1,30.55,,0,0,0,38.2,43.3,47.3,0.48,0.70,0.76
WHIT,2015-11-25 06:50:00 EST,43.48507,-73.42307,120,19.9,22.3,19.9,94.8,18.6,0.000,0.000,0.00,0.000,0.5,1.5,0.4,83,28,1.1,4.9,0.6,90,35,0.5,1.5,0.4,83,28,1,30.55,,0,0,0,38.1,43.3,47.3,0.48,0.70,0.76
WHIT,2015-11-25 06:55:00 EST,43.48507,-73.42307,120,19.5,22.7,19.5,94.7,18.2,0.000,0.000,0.00,0.000,0.5,1.3,0.4,100,4,1.2,1.8,0.3,115,12,0.5,1.3,0.4,100,4,2,30.55,,0,0,0,38.1,43.4,47.3,0.48,0.70,0.76
WHIT,2015-11-25 07:00:00 EST,43.48507,-73.42307,120,18.7,22.5,18.7,93.2,17.1,0.000,0.000,0.00,0.000,0.5,0.7,0.1,157,14,1.1,1.3,0.1,172,17,0.5,0.7,0.1,157,14,4,30.56,,0,0,0,38.1,43.3,47.3,0.48,0.70,0.76
WHIT,2015-11-25 07:05:00 EST,43.48507,-73.42307,120,19.9,22.1,19.9,94.1,18.4,0.000,0.000,0.00,0.000,0.1,0.7,0.2,174,0,0.9,1.1,0.2,174,10,0.1,0.7,0.2,174,0,6,30.56,,0,0,0,38.1,43.3,47.3,0.47,0.70,0.76
WHIT,2015-11-25 07:10:00 EST,43.48507,-73.42307,120,19.9,21.6,19.9,94.6,18.5,0.000,0.000,0.00,0.000,0.0,0.0,0.0,0,0,0.8,1.1,0.2,180,13,0.0,0.0,0.0,0,0,8,30.56,,0,0,0,38.1,43.3,47.3,0.48,0.70,0.76
WHIT,2015-11-25 07:15:00 EST,43.48507,-73.42307,120,19.9,22.2,19.9,94.9,18.7,0.000,0.000,0.00,0.000,0.4,1.1,0.4,173,6,1.1,1.6,0.3,191,24,0.4,1.1,0.4,173,6,12,30.56,,0,0,0,38.1,43.3,47.3,0.48,0.70,0.76
WHIT,2015-11-25 07:20:00 EST,43.48507,-73.42307,120,20.6,22.2,20.6,95.6,19.6,0.000,0.000,0.00,0.000,1.0,1.2,0.1,173,11,1.5,1.8,0.1,180,14,1.0,1.2,0.1,173,11,15,30.56,,0,0,0,38.1,43.3,47.3,0.47,0.70,0.76
WHIT,2015-11-25 07:25:00 EST,43.48507,-73.42307,120,21.4,22.7,21.4,95.8,20.3,0.000,0.000,0.00,0.000,0.7,1.2,0.2,184,3,1.2,1.8,0.2,191,10,0.7,1.2,0.2,184,3,19,30.57,,0,0,0,38.1,43.3,47.2,0.48,0.70,0.76
WHIT,2015-11-25 07:30:00 EST,43.48507,-73.42307,120,22.0,22.7,22.0,95.9,21.1,0.000,0.000,0.00,0.000,1.1,1.5,0.2,210,8,1.4,1.8,0.2,216,9,1.1,1.5,0.2,210,8,24,30.57,,0,0,0,38.1,43.3,47.2,0.48,0.70,0.76
WHIT,2015-11-25 07:35:00 EST,43.48507,-73.42307,120,22.4,22.9,22.4,95.5,21.3,0.000,0.000,0.00,0.000,1.3,1.8,0.3,231,13,1.6,2.0,0.3,239,13,1.3,1.8,0.3,231,13,26,30.58,,0,0,0,38.1,43.3,47.3,0.48,0.70,0.76
WHIT,2015-11-25 07:40:00 EST,43.48507,-73.42307,120,23.1,23.5,23.1,95.5,22.0,0.000,0.000,0.00,0.000,1.1,1.6,0.2,193,18,1.6,2.2,0.3,195,21,1.1,1.6,0.2,193,18,29,30.58,,0,0,0,38.1,43.3,47.2,0.48,0.70,0.76
WHIT,2015-11-25 07:45:00 EST,43.48507,-73.42307,120,21.7,23.3,21.7,93.9,20.2,0.000,0.000,0.00,0.000,0.5,1.5,0.5,159,3,1.1,2.0,0.4,158,8,0.5,1.5,0.5,159,3,32,30.58,,0,0,0,38.1,43.3,47.2,0.48,0.70,0.76
WHIT,2015-11-25 07:50:00 EST,43.48507,-73.42307,120,20.6,22.2,20.6,91.3,18.5,0.000,0.000,0.00,0.000,0.7,1.5,0.5,118,6,1.2,2.2,0.5,115,14,0.7,1.5,0.5,118,6,39,30.59,,0,0,0,38.1,43.3,47.2,0.48,0.70,0.76
WHIT,2015-11-25 07:55:00 EST,43.48507,-73.42307,120,21.2,21.8,21.2,93.2,19.5,0.000,0.000,0.00,0.000,0.6,1.5,0.6,123,3,1.2,1.8,0.4,108,27,0.6,1.5,0.6,123,3,41,30.59,,0,0,0,38.1,43.3,47.2,0.48,0.70,0.76
WHIT,2015-11-25 08:00:00 EST,43.48507,-73.42307,120,21.7,22.0,21.7,93.9,20.2,0.000,0.000,0.00,0.000,1.0,1.2,0.1,66,5,1.5,1.8,0.2,68,10,1.0,1.2,0.1,66,5,41,30.59,,0,0,0,38.1,43.3,47.2,0.48,0.70,0.76
WHIT,2015-11-25 08:05:00 EST,43.48507,-73.42307,120,22.3,22.4,22.3,94.4,21.0,0.000,0.000,0.00,0.000,0.5,1.1,0.4,84,2,1.0,1.8,0.4,91,14,0.5,1.1,0.4,84,2,38,30.60,,0,0,0,38.1,43.3,47.2,0.47,0.70,0.76
WHIT,2015-11-25 08:10:00 EST,43.48507,-73.42307,120,22.9,22.7,22.9,95.0,21.7,0.000,0.000,0.00,0.000,0.0,0.0,0.0,0,0,0.5,2.7,0.4,142,33,0.0,0.0,0.0,0,0,35,30.60,,0,0,0,38.1,43.3,47.1,0.47,0.70,0.76
WHIT,2015-11-25 08:15:00 EST,43.48507,-73.42307,120,23.3,23.3,23.3,95.1,22.1,0.000,0.000,0.00,0.000,0.5,1.4,0.5,132,1,1.1,1.8,0.3,132,7,0.5,1.4,0.5,132,1,35,30.60,,0,0,0,38.1,43.3,47.2,0.48,0.70,0.76
WHIT,2015-11-25 08:20:00 EST,43.48507,-73.42307,120,23.9,23.6,23.9,95.1,22.7,0.000,0.000,0.00,0.000,1.2,1.5,0.2,135,5,1.4,1.8,0.2,135,8,1.2,1.5,0.2,135,5,41,30.60,,0,0,0,38.1,43.3,47.2,0.47,0.70,0.76
WHIT,2015-11-25 08:25:00 EST,43.48507,-73.42307,120,24.3,24.0,24.3,94.8,23.0,0.000,0.000,0.00,0.000,0.9,1.4,0.2,130,7,1.2,1.8,0.3,129,10,0.9,1.4,0.2,130,7,47,30.61,,0,0,0,38.1,43.3,47.1,0.47,0.70,0.76
WHIT,2015-11-25 08:30:00 EST,43.48507,-73.42307,120,24.9,24.5,24.9,95.1,23.7,0.000,0.000,0.00,0.000,0.5,1.5,0.4,143,14,1.0,2.2,0.4,137,23,0.5,1.5,0.4,143,14,47,30.61,,0,0,0,38.1,43.3,47.2,0.47,0.70,0.76
WHIT,2015-11-25 08:35:00 EST,43.48507,-73.42307,120,25.0,24.7,25.0,94.7,23.7,0.000,0.000,0.00,0.000,0.1,0.9,0.3,328,7,0.8,4.7,0.6,336,62,0.1,0.9,0.3,328,7,56,30.61,,0,0,0,38.0,43.3,47.1,0.47,0.70,0.76
WHIT,2015-11-25 08:40:00 EST,43.48507,-73.42307,120,25.1,25.1,25.1,93.7,23.6,0.000,0.000,0.00,0.000,0.9,1.5,0.3,308,17,1.2,2.2,0.4,313,23,0.9,1.5,0.3,308,17,67,30.61,,0,0,0,38.0,43.3,47.1,0.47,0.70,0.76
WHIT,2015-11-25 08:45:00 EST,43.48507,-73.42307,120,25.5,25.5,25.5,93.3,23.8,0.000,0.000,0.00,0.000,0.4,1.3,0.4,264,15,1.0,2.0,0.4,260,28,0.4,1.3,0.4,264,15,73,30.61,,0,0,0,38.0,43.3,47.1,0.47,0.70,0.76
WHIT,2015-11-25 08:50:00 EST,43.48507,-73.42307,120,25.8,25.8,25.8,92.9,24.1,0.000,0.000,0.00,0.000,0.6,1.5,0.4,298,22,1.1,1.8,0.3,317,25,0.6,1.5,0.4,298,22,123,30.61,,0,0,0,38.0,43.3,47.1,0.47,0.70,0.76
WHIT,2015-11-25 08:55:00 EST,43.48507,-73.42307,120,26.3,26.1,26.3,92.5,24.4,0.000,0.000,0.00,0.000,0.1,0.7,0.1,293,21,0.6,1.8,0.3,336,60,0.1,0.7,0.1,293,21,199,30.62,,0,0,0,38.0,43.3,47.1,0.47,0.70,0.76
WHIT,2015-11-25 09:00:00 EST,43.48507,-73.42307,120,26.8,26.5,26.8,92.7,25.0,0.000,0.000,0.00,0.000,0.1,0.1,0.0,273,8,0.7,2.9,0.5,357,53,0.1,0.1,0.0,273,8,216,30.62,,0,0,0,37.9,43.3,47.1,0.47,0.70,0.76
WHIT,2015-11-25 09:05:00 EST,43.48507,-73.42307,120,27.2,27.0,27.2,90.9,25.0,0.000,0.000,0.00,0.000,0.3,1.2,0.4,258,6,0.9,1.6,0.4,256,34,0.3,1.2,0.4,258,6,236,30.62,,0,0,0,37.9,43.3,47.1,0.47,0.70,0.76
WHIT,2015-11-25 09:10:00 EST,43.48507,-73.42307,120,28.0,27.6,28.0,88.8,25.1,0.000,0.000,0.00,0.000,0.2,0.9,0.3,251,21,0.8,1.8,0.3,258,41,0.2,0.9,0.3,251,21,242,30.62,,0,0,0,37.9,43.3,47.1,0.47,0.70,0.76
WHIT,2015-11-25 09:15:00 EST,43.48507,-73.42307,120,28.4,28.0,28.4,87.0,25.0,0.000,0.000,0.00,0.000,0.2,1.0,0.3,181,13,0.9,2.0,0.4,171,42,0.2,1.0,0.3,181,13,250,30.62,,0,0,0,37.9,43.2,47.1,0.47,0.70,0.76
WHIT,2015-11-25 09:20:00 EST,43.48507,-73.42307,120,28.6,28.1,28.6,83.2,24.1,0.000,0.000,0.00,0.000,0.1,0.5,0.1,176,7,0.8,1.8,0.4,177,49,0.1,0.5,0.1,176,7,266,30.62,,0,0,0,37.9,43.2,47.1,0.47,0.70,0.76
WHIT,2015-11-25 09:25:00 EST,43.48507,-73.42307,120,28.7,28.4,28.7,81.4,23.7,0.000,0.000,0.00,0.000,0.1,0.5,0.1,332,34,0.8,2.5,0.4,336,58,0.1,0.5,0.1,332,34,285,30.62,,0,0,0,37.9,43.2,47.1,0.47,0.70,0.76
WHIT,2015-11-25 09:30:00 EST,43.48507,-73.42307,120,29.3,28.9,29.3,83.5,24.9,0.000,0.000,0.00,0.000,0.0,0.4,0.1,326,24,0.8,2.9,0.5,358,60,0.0,0.4,0.1,326,24,291,30.63,,0,0,0,37.9,43.2,47.1,0.47,0.70,0.76
WHIT,2015-11-25 09:35:00 EST,43.48507,-73.42307,120,30.2,29.4,30.2,83.4,25.8,0.000,0.000,0.00,0.000,0.4,1.5,0.4,52,19,1.1,2.2,0.5,53,34,0.4,1.5,0.4,52,19,300,30.63,,0,0,0,37.9,43.2,47.1,0.47,0.70,0.76
WHIT,2015-11-25 09:40:00 EST,43.48507,-73.42307,120,30.8,29.8,30.8,81.7,25.8,0.000,0.000,0.00,0.000,0.0,0.5,0.1,137,18,0.8,3.1,0.5,102,66,0.0,0.5,0.1,137,18,305,30.63,,0,0,0,37.9,43.2,47.1,0.47,0.70,0.76
WHIT,2015-11-25 09:45:00 EST,43.48507,-73.42307,120,30.8,30.4,30.8,81.0,25.7,0.000,0.000,0.00,0.000,0.0,0.5,0.1,163,19,0.8,4.7,0.6,75,75,0.0,0.5,0.1,163,19,317,30.63,,0,0,0,37.9,43.2,47.1,0.47,0.70,0.76
WHIT,2015-11-25 09:50:00 EST,43.48507,-73.42307,120,31.6,30.8,31.6,82.5,26.9,0.000,0.000,0.00,0.000,0.5,1.2,0.4,43,18,1.2,2.5,0.4,48,23,0.5,1.2,0.4,43,18,326,30.63,,0,0,0,37.9,43.2,47.1,0.47,0.70,0.76
WHIT,2015-11-25 09:55:00 EST,43.48507,-73.42307,120,32.0,31.3,32.0,80.8,26.7,0.000,0.000,0.00,0.000,0.4,1.9,0.5,8,17,1.0,2.2,0.5,13,35,0.4,1.9,0.5,8,17,335,30.63,,0,0,0,37.9,43.2,47.1,0.47,0.70,0.76
WHIT,2015-11-25 10:00:00 EST,43.48507,-73.42307,120,33.2,32.5,33.2,81.4,28.1,0.000,0.000,0.00,0.000,0.4,1.8,0.5,26,36,1.2,2.7,0.5,45,68,0.4,1.8,0.5,26,36,343,30.63,,0,0,0,37.9,43.2,47.1,0.47,0.70,0.76
WHIT,2015-11-25 10:05:00 EST,43.48507,-73.42307,120,34.5,33.7,34.5,79.2,28.8,0.000,0.000,0.00,0.000,2.3,4.2,1.0,175,45,2.8,4.9,1.0,175,46,2.3,4.2,1.0,175,45,350,30.64,,0,0,0,37.9,43.2,47.1,0.47,0.70,0.76
WHIT,2015-11-25 10:10:00 EST,43.48507,-73.42307,120,35.1,34.4,31.4,74.5,27.8,0.000,0.000,0.00,0.000,4.3,6.4,0.9,163,13,4.8,7.4,1.0,168,13,4.3,6.4,0.9,163,13,358,30.64,,0,0,0,37.9,43.2,47.1,0.47,0.70,0.76
WHIT,2015-11-25 10:15:00 EST,43.48507,-73.42307,120,35.5,34.7,31.0,73.5,27.9,0.000,0.000,0.00,0.000,5.2,8.7,1.2,162,16,5.9,10.3,1.4,167,15,5.2,8.7,1.2,162,16,365,30.63,,0,0,0,37.9,43.2,47.1,0.47,0.70,0.76
WHIT,2015-11-25 10:20:00 EST,43.48507,-73.42307,120,35.8,35.1,31.7,71.8,27.6,0.000,0.000,0.00,0.000,4.8,7.8,1.4,172,16,5.5,8.5,1.5,176,14,4.8,7.8,1.4,172,16,370,30.63,,0,0,0,37.9,43.2,47.1,0.47,0.70,0.76
WHIT,2015-11-25 10:25:00 EST,43.48507,-73.42307,120,36.2,35.5,31.6,71.3,27.9,0.000,0.000,0.00,0.000,5.6,8.4,1.3,165,13,,,,0,0,5.6,8.4,1.3,165,13,376,30.63,,0,0,0,37.9,43.2,47.1,0.47,0.70,0.76
WHIT,2015-11-25 10:30:00 EST,43.48507,-73.42307,120,36.4,35.7,31.2,70.8,27.9,0.000,0.000,0.00,0.000,6.4,9.9,1.9,172,10,7.0,11.0,1.9,175,9,6.4,9.9,1.9,172,10,381,30.63,,0,0,0,37.9,43.2,47.1,0.47,0.70,0.76
WHIT,2015-11-25 10:35:00 EST,43.48507,-73.42307,120,36.6,36.0,31.5,69.1,27.5,0.000,0.000,0.00,0.000,6.3,8.8,1.4,166,13,,,,0,0,6.3,8.8,1.4,166,13,384,30.63,,0,0,0,37.9,43.2,47.1,0.47,0.70,0.76
WHIT,2015-11-25 10:40:00 EST,43.48507,-73.42307,120,37.2,36.5,32.2,68.9,28.0,0.000,0.000,0.00,0.000,6.4,9.9,1.7,179,13,,,,0,0,6.4,9.9,1.7,179,13,389,30.63,,0,0,0,37.9,43.2,47.1,0.47,0.70,0.76
WHIT,2015-11-25 10:45:00 EST,43.48507,-73.42307,120,37.5,36.7,33.5,68.4,28.0,0.000,0.000,0.00,0.000,5.1,8.4,1.1,178,11,,,,0,0,5.1,8.4,1.1,178,11,393,30.63,,0,0,0,37.9,43.2,47.1,0.47,0.70,0.76
WHIT,2015-11-25 10:50:00 EST,43.48507,-73.42307,120,37.7,36.9,32.0,67.1,27.7,0.000,0.000,0.00,0.000,7.5,10.2,1.8,186,11,,,,0,0,7.5,10.2,1.8,186,11,398,30.63,,0,0,0,37.9,43.2,47.1,0.47,0.70,0.76
WHIT,2015-11-25 10:55:00 EST,43.48507,-73.42307,120,38.0,37.2,32.8,66.6,27.8,0.000,0.000,0.00,0.000,6.8,11.0,1.3,192,14,,,,0,0,6.8,11.0,1.3,192,14,403,30.63,,0,0,0,37.9,43.2,47.1,0.47,0.70,0.76
WHIT,2015-11-25 11:00:00 EST,43.48507,-73.42307,120,38.1,37.4,33.0,66.7,28.0,0.000,0.000,0.00,0.000,6.7,9.8,1.1,194,13,,,,0,0,6.7,9.8,1.1,194,13,407,30.63,,0,0,0,37.8,43.2,47.1,0.47,0.70,0.76
WHIT,2015-11-25 11:05:00 EST,43.48507,-73.42307,120,38.1,37.3,33.0,66.0,27.8,0.000,0.000,0.00,0.000,6.8,10.1,1.5,198,13,,,,0,0,6.8,10.1,1.5,198,13,407,30.62,,0,0,0,37.8,43.2,47.1,0.47,0.70,0.76
WHIT,2015-11-25 11:10:00 EST,43.48507,-73.42307,120,38.9,38.0,34.6,66.1,28.5,0.000,0.000,0.00,0.000,5.7,8.1,1.4,204,17,,,,0,0,5.7,8.1,1.4,204,17,407,30.63,,0,0,0,37.8,43.2,47.1,0.47,0.70,0.76
WHIT,2015-11-25 11:15:00 EST,43.48507,-73.42307,120,38.7,37.8,35.0,64.7,27.8,0.000,0.000,0.00,0.000,4.9,7.7,1.0,205,13,,,,0,0,4.9,7.7,1.0,205,13,412,30.63,,0,0,0,37.9,43.2,47.1,0.48,0.70,0.76
WHIT,2015-11-25 11:20:00 EST,43.48507,-73.42307,120,39.1,38.3,35.1,64.0,27.9,0.000,0.000,0.00,0.000,5.4,8.8,1.6,201,14,,,,0,0,5.4,8.8,1.6,201,14,416,30.63,,0,0,0,37.8,43.2,47.1,0.48,0.70,0.75
WHIT,2015-11-25 11:25:00 EST,43.48507,-73.42307,120,,,,,,,,,,,,,,,,,,,,,,,,,,,,,,,,,,,,
WHIT,2015-11-25 11:30:00 EST,43.48507,-73.42307,120,40.1,39.3,35.6,62.6,28.4,,0.000,0.00,0.000,6.6,9.4,1.3,197,17,,,,0,0,6.6,9.4,1.3,197,17,419,30.62,,0,0,0,37.8,43.1,47.1,0.47,0.70,0.76
WHIT,2015-11-25 11:35:00 EST,43.48507,-73.42307,120,40.0,39.2,35.2,62.5,28.2,0.000,0.000,0.00,0.000,7.0,10.1,1.5,206,12,,,,0,0,7.0,10.1,1.5,206,12,421,30.62,,0,0,0,37.8,43.2,47.1,0.48,0.70,0.76
WHIT,2015-11-25 11:40:00 EST,43.48507,-73.42307,120,40.3,39.4,35.4,61.7,28.2,0.000,0.000,0.00,0.000,7.3,10.6,1.9,198,13,,,,0,0,7.3,10.6,1.9,198,13,424,30.62,,0,0,0,37.8,43.2,47.1,0.48,0.70,0.76
WHIT,2015-11-25 11:45:00 EST,43.48507,-73.42307,120,40.7,39.6,35.4,61.7,28.6,0.000,0.000,0.00,0.000,8.1,12.1,2.1,184,16,,,,0,0,8.1,12.1,2.1,184,16,424,30.62,,0,0,0,37.8,43.2,47.1,0.47,0.70,0.76
WHIT,2015-11-25 11:50:00 EST,43.48507,-73.42307,120,40.9,39.9,36.7,60.8,28.4,0.000,0.000,0.00,0.000,6.2,8.6,1.4,188,18,,,,0,0,6.2,8.6,1.4,188,18,422,30.62,,0,0,0,37.8,43.1,47.1,0.48,0.70,0.76
WHIT,2015-11-25 11:55:00 EST,43.48507,-73.42307,120,41.4,40.5,37.7,59.9,28.5,0.000,0.000,0.00,0.000,5.5,7.6,1.1,200,23,,,,0,0,5.5,7.6,1.1,200,23,424,30.61,,0,0,0,37.8,43.1,47.1,0.48,0.70,0.76
WHIT,2015-11-25 12:00:00 EST,43.48507,-73.42307,120,41.5,40.5,37.6,59.6,28.5,0.000,0.000,0.00,0.000,6.0,10.2,1.6,204,18,,,,0,0,6.0,10.2,1.6,204,18,423,30.61,,0,0,0,37.8,43.2,47.1,0.48,0.70,0.76
WHIT,2015-11-25 12:05:00 EST,43.48507,-73.42307,120,41.8,40.8,37.9,58.7,28.4,0.000,0.000,0.00,0.000,6.1,9.6,1.6,199,17,,,,0,0,6.1,9.6,1.6,199,17,411,30.61,,0,0,0,37.8,43.1,47.1,0.48,0.70,0.76
WHIT,2015-11-25 12:10:00 EST,43.48507,-73.42307,120,41.9,40.9,37.5,57.9,28.1,0.000,0.000,0.00,0.000,6.8,10.0,1.7,191,17,,,,0,0,6.8,10.0,1.7,191,17,405,30.61,,0,0,0,37.8,43.1,47.1,0.48,0.70,0.76
WHIT,2015-11-25 12:15:00 EST,43.48507,-73.42307,120,42.2,41.3,37.9,57.6,28.3,0.000,0.000,0.00,0.000,6.8,9.6,1.4,189,19,,,,0,0,6.8,9.6,1.4,189,19,401,30.61,,0,0,0,37.8,43.1,47.1,0.48,0.70,0.76
WHIT,2015-11-25 12:20:00 EST,43.48507,-73.42307,120,,,,,,,,,,,,,,,,,,,,,,,,,,,,,,,,,,,,
WHIT,2015-11-25 12:25:00 EST,43.48507,-73.42307,120,42.8,41.9,39.1,56.1,28.2,,0.000,0.00,,6.0,9.7,1.7,213,15,,,,0,0,6.0,9.7,1.7,213,15,412,30.61,,0,0,0,37.8,43.1,47.1,0.48,0.70,0.76
WHIT,2015-11-25 12:30:00 EST,43.48507,-73.42307,120,42.7,41.9,38.2,55.2,27.7,0.000,0.000,0.00,0.000,7.4,10.4,1.7,204,13,,,,0,0,7.4,10.4,1.7,204,13,410,30.61,,0,0,0,37.8,43.1,47.1,0.48,0.70,0.76
WHIT,2015-11-25 12:35:00 EST,43.48507,-73.42307,120,42.8,42.1,38.1,54.7,27.6,0.000,0.000,0.00,0.000,7.8,12.0,1.7,201,13,,,,0,0,7.8,12.0,1.7,201,13,409,30.61,,0,0,0,37.8,43.1,47.1,0.48,0.70,0.76
WHIT,2015-11-25 12:40:00 EST,43.48507,-73.42307,120,43.1,42.4,38.1,54.1,27.6,0.000,0.000,0.00,0.000,8.6,11.5,1.8,198,14,,,,0,0,8.6,11.5,1.8,198,14,392,30.61,,0,0,0,37.8,43.1,47.1,0.48,0.70,0.76
WHIT,2015-11-25 12:45:00 EST,43.48507,-73.42307,120,,,,,,,,,,,,,,,,,,,,,,,,,,,,,,,,,,,,
WHIT,2015-11-25 12:50:00 EST,43.48507,-73.42307,120,43.3,42.6,38.7,54.0,27.8,,0.000,0.00,0.000,7.9,11.5,1.8,205,13,,,,0,0,7.9,11.5,1.8,205,13,384,30.60,,0,0,0,37.8,43.1,47.1,0.48,0.70,0.76
WHIT,2015-11-25 12:55:00 EST,43.48507,-73.42307,120,43.2,42.6,38.3,53.7,27.6,0.000,0.000,0.00,0.000,8.3,12.3,1.6,203,13,,,,0,0,8.3,12.3,1.6,203,13,388,30.60,,0,0,0,37.8,43.1,47.1,0.48,0.70,0.76
WHIT,2015-11-25 13:00:00 EST,43.48507,-73.42307,120,43.7,43.0,39.7,54.0,28.1,0.000,0.000,0.00,0.000,6.7,11.5,2.0,198,11,,,,0,0,6.7,11.5,2.0,198,11,387,30.60,,0,0,0,37.8,43.1,47.1,0.47,0.70,0.76
WHIT,2015-11-25 13:05:00 EST,43.48507,-73.42307,120,43.8,43.1,39.6,52.7,27.6,0.000,0.000,0.00,0.000,7.2,9.9,1.3,206,17,,,,0,0,7.2,9.9,1.3,206,17,381,30.60,,0,0,0,37.8,43.0,47.1,0.48,0.70,0.76
WHIT,2015-11-25 13:10:00 EST,43.48507,-73.42307,120,43.9,43.2,39.4,53.3,28.0,0.000,0.000,0.00,0.000,7.9,11.0,1.5,217,15,,,,0,0,7.9,11.0,1.5,217,15,374,30.60,,0,0,0,37.8,43.0,47.1,0.48,0.70,0.76
WHIT,2015-11-25 13:15:00 EST,43.48507,-73.42307,120,43.8,43.2,39.8,52.9,27.7,0.000,0.000,0.00,0.000,6.9,10.8,1.9,217,13,,,,0,0,6.9,10.8,1.9,217,13,364,30.60,,0,0,0,37.8,43.0,47.1,0.48,0.70,0.76
WHIT,2015-11-25 13:20:00 EST,43.48507,-73.42307,120,44.0,43.3,40.1,52.5,27.7,0.000,0.000,0.00,,6.7,10.4,1.4,208,15,,,,0,0,6.7,10.4,1.4,208,15,355,30.60,,0,0,0,37.8,43.0,47.1,0.47,0.71,0.76
WHIT,2015-11-25 13:25:00 EST,43.48507,-73.42307,120,44.1,43.5,40.5,52.4,27.8,0.000,0.000,0.00,0.000,6.4,9.0,1.3,218,17,,,,0,0,6.4,9.0,1.3,218,17,348,30.60,,0,0,0,37.9,43.0,47.1,0.48,0.71,0.76
WHIT,2015-11-25 13:30:00 EST,43.48507,-73.42307,120,44.1,43.5,40.6,51.9,27.6,0.000,0.000,0.00,0.000,6.1,9.9,1.6,213,15,,,,0,0,6.1,9.9,1.6,213,15,343,30.60,,0,0,0,37.9,43.0,47.1,0.47,0.70,0.76
WHIT,2015-11-25 13:35:00 EST,43.48507,-73.42307,120,44.3,43.7,40.5,51.6,27.6,0.000,0.000,0.00,0.000,6.7,10.4,1.9,209,16,,,,0,0,6.7,10.4,1.9,209,16,333,30.59,,0,0,0,37.9,43.0,47.1,0.47,0.70,0.76
WHIT,2015-11-25 13:40:00 EST,43.48507,-73.42307,120,44.3,43.7,40.2,51.4,27.5,0.000,0.000,0.00,0.000,7.3,9.9,1.2,206,13,,,,0,0,7.3,9.9,1.2,206,13,330,30.59,,0,0,0,37.9,43.0,47.1,0.48,0.70,0.76
WHIT,2015-11-25 13:45:00 EST,43.48507,-73.42307,120,44.7,44.2,41.5,51.1,27.7,0.000,0.000,0.00,,5.7,9.7,1.7,220,21,,,,0,0,5.7,9.7,1.7,220,21,322,30.59,,0,0,0,37.9,43.0,47.0,0.48,0.70,0.76
WHIT,2015-11-25 13:50:00 EST,43.48507,-73.42307,120,44.6,44.0,41.0,50.5,27.4,0.000,0.000,0.00,0.000,6.5,9.9,1.7,219,15,,,,0,0,6.5,9.9,1.7,219,15,311,30.59,,0,0,0,37.9,43.0,47.1,0.48,0.70,0.76
WHIT,2015-11-25 13:55:00 EST,43.48507,-73.42307,120,44.7,44.3,41.3,50.0,27.2,0.000,0.000,0.00,0.000,6.0,9.9,1.7,216,17,6.5,10.3,1.7,220,15,6.0,9.9,1.7,216,17,305,30.59,,0,0,0,37.9,43.0,47.1,0.47,0.71,0.76
WHIT,2015-11-25 14:00:00 EST,43.48507,-73.42307,120,44.9,44.4,41.2,49.1,26.9,0.000,0.000,0.00,0.000,6.8,10.7,1.6,222,15,7.1,11.0,1.6,225,15,6.8,10.7,1.6,222,15,298,30.59,,0,0,0,38.0,43.0,47.1,0.48,0.71,0.76
WHIT,2015-11-25 14:05:00 EST,43.48507,-73.42307,120,44.9,44.4,40.7,48.7,26.7,0.000,0.000,0.00,0.000,7.5,10.2,1.3,222,13,7.9,11.0,1.3,225,13,7.5,10.2,1.3,222,13,289,30.59,,0,0,0,38.1,43.0,47.1,0.48,0.70,0.76
WHIT,2015-11-25 14:10:00 EST,43.48507,-73.42307,120,44.9,44.5,41.0,48.9,26.8,0.000,0.000,0.00,0.000,7.0,11.0,1.7,225,17,,,,0,0,7.0,11.0,1.7,225,17,280,30.58,,0,0,0,38.1,43.0,47.1,0.48,0.70,0.76
WHIT,2015-11-25 14:15:00 EST,43.48507,-73.42307,120,44.9,44.6,40.8,48.1,26.5,0.000,0.000,0.00,0.000,7.6,10.4,1.6,212,18,8.0,11.9,1.7,216,20,7.6,10.4,1.6,212,18,271,30.58,,0,0,0,38.1,43.0,47.1,0.48,0.70,0.76
WHIT,2015-11-25 14:20:00 EST,43.48507,-73.42307,120,45.0,44.7,40.9,47.9,26.4,0.000,0.000,0.00,0.000,7.4,10.7,1.6,217,11,,,,0,0,7.4,10.7,1.6,217,11,260,30.59,,0,0,0,38.1,43.0,47.1,0.48,0.70,0.76
WHIT,2015-11-25 14:25:00 EST,43.48507,-73.42307,120,45.0,44.7,41.0,47.4,26.1,0.000,0.000,0.00,0.000,7.3,11.5,2.0,220,13,,,,0,0,7.3,11.5,2.0,220,13,245,30.59,,0,0,0,38.1,43.0,47.0,0.48,0.70,0.76
WHIT,2015-11-25 14:30:00 EST,43.48507,-73.42307,120,44.9,44.8,40.6,46.3,25.6,0.000,0.000,0.00,0.000,8.0,12.9,2.0,210,14,,,,0,0,8.0,12.9,2.0,210,14,233,30.59,,0,0,0,38.2,43.0,47.0,0.48,0.71,0.76
WHIT,2015-11-25 14:35:00 EST,43.48507,-73.42307,120,44.9,44.8,42.0,47.2,26.0,0.000,0.000,0.00,0.000,5.4,8.1,1.4,199,14,,,,0,0,5.4,8.1,1.4,199,14,222,30.59,,0,0,0,38.3,43.0,47.0,0.48,0.70,0.76
WHIT,2015-11-25 14:40:00 EST,43.48507,-73.42307,120,45.0,44.8,41.4,47.3,26.1,0.000,0.000,0.00,0.000,6.5,11.5,2.0,215,13,6.7,10.7,1.7,218,13,6.5,11.5,2.0,215,13,215,30.59,,0,0,0,38.3,43.0,47.0,0.48,0.71,0.76
WHIT,2015-11-25 14:45:00 EST,43.48507,-73.42307,120,45.1,44.9,42.6,47.4,26.2,0.000,0.000,0.00,0.000,4.8,8.4,1.2,219,14,5.0,7.8,1.2,222,14,4.8,8.4,1.2,219,14,204,30.59,,0,0,0,38.3,43.0,47.0,0.48,0.70,0.76
WHIT,2015-11-25 14:50:00 EST,43.48507,-73.42307,120,45.1,45.0,42.8,46.7,25.9,0.000,0.000,0.00,0.000,4.6,7.6,1.3,213,16,5.0,8.7,1.4,215,16,4.6,7.6,1.3,213,16,193,30.59,,0,0,0,38.3,43.0,47.0,0.48,0.71,0.76
WHIT,2015-11-25 14:55:00 EST,43.48507,-73.42307,120,44.9,44.9,41.5,46.7,25.8,0.000,0.000,0.00,0.000,6.3,10.2,1.7,232,15,6.5,11.2,1.8,236,16,6.3,10.2,1.7,232,15,180,30.59,,0,0,0,38.3,43.0,47.0,0.48,0.70,0.76
WHIT,2015-11-25 15:00:00 EST,43.48507,-73.42307,120,44.8,44.8,41.4,46.7,25.6,0.000,0.000,0.00,0.000,6.1,9.9,1.6,217,12,6.4,10.7,1.5,221,11,6.1,9.9,1.6,217,12,170,30.59,,0,0,0,38.4,43.0,47.0,0.48,0.70,0.76
WHIT,2015-11-25 15:05:00 EST,43.48507,-73.42307,120,44.7,44.7,40.9,46.4,25.4,0.000,0.000,0.00,0.000,6.8,9.4,1.2,224,15,7.2,9.8,1.3,228,17,6.8,9.4,1.2,224,15,159,30.59,,0,0,0,38.5,43.0,47.0,0.48,0.70,0.76
WHIT,2015-11-25 15:10:00 EST,43.48507,-73.42307,120,44.6,44.7,41.3,46.4,25.3,0.000,0.000,0.00,0.000,5.8,10.8,1.5,219,14,6.0,10.1,1.4,223,15,5.8,10.8,1.5,219,14,147,30.58,,0,0,0,38.5,43.0,47.0,0.48,0.70,0.76
WHIT,2015-11-25 15:15:00 EST,43.48507,-73.42307,120,44.5,44.7,41.0,46.2,25.1,0.000,0.000,0.00,0.000,6.2,9.2,1.8,220,14,6.5,10.3,1.8,223,12,6.2,9.2,1.8,220,14,136,30.58,,0,0,0,38.5,43.0,47.0,0.48,0.70,0.76
WHIT,2015-11-25 15:20:00 EST,43.48507,-73.42307,120,44.3,44.6,42.4,47.2,25.4,0.000,0.000,0.00,0.000,3.9,6.1,0.9,213,13,,,,0,0,3.9,6.1,0.9,213,13,125,30.58,,0,0,0,38.6,43.0,47.0,0.48,0.70,0.76
WHIT,2015-11-25 15:25:00 EST,43.48507,-73.42307,120,44.3,44.6,42.6,46.9,25.3,0.000,0.000,0.00,0.000,3.7,6.0,0.9,223,14,4.0,6.5,0.9,228,13,3.7,6.0,0.9,223,14,112,30.59,,0,0,0,38.6,43.0,47.0,0.48,0.70,0.76
WHIT,2015-11-25 15:30:00 EST,43.48507,-73.42307,120,44.0,44.4,41.7,47.3,25.2,0.000,0.000,0.00,0.000,4.4,7.4,1.2,218,14,4.4,7.4,1.3,222,12,4.4,7.4,1.2,218,14,98,30.59,,0,0,0,38.7,43.0,46.9,0.48,0.70,0.76
WHIT,2015-11-25 15:35:00 EST,43.48507,-73.42307,120,43.9,44.3,42.0,47.8,25.3,0.000,0.000,0.00,0.000,3.8,6.1,0.8,212,14,4.2,7.2,0.9,214,12,3.8,6.1,0.8,212,14,84,30.59,,0,0,0,38.7,43.0,47.0,0.48,0.71,0.76
WHIT,2015-11-25 15:40:00 EST,43.48507,-73.42307,120,43.6,44.2,41.1,47.8,25.1,0.000,0.000,0.00,0.000,4.5,7.2,1.1,213,14,4.8,8.5,1.2,216,11,4.5,7.2,1.1,213,14,71,30.59,,0,0,0,38.7,43.0,47.0,0.48,0.71,0.76
WHIT,2015-11-25 15:45:00 EST,43.48507,-73.42307,120,43.6,44.1,41.3,47.5,24.9,0.000,0.000,0.00,0.000,4.1,6.0,0.8,215,11,4.3,6.0,0.9,218,10,4.1,6.0,0.8,215,11,59,30.59,,0,0,0,38.7,43.0,47.0,0.48,0.70,0.76
WHIT,2015-11-25 15:50:00 EST,43.48507,-73.42307,120,43.2,43.8,41.4,48.1,24.9,0.000,0.000,0.00,0.000,3.5,5.1,0.6,215,8,3.7,5.4,0.7,220,6,3.5,5.1,0.6,215,8,38,30.59,,0,0,0,38.8,43.0,46.9,0.48,0.70,0.76
WHIT,2015-11-25 15:55:00 EST,43.48507,-73.42307,120,42.8,43.4,42.8,49.2,25.0,0.000,0.000,0.00,0.000,2.3,3.3,0.6,207,14,2.5,3.8,0.5,212,13,2.3,3.3,0.6,207,14,20,30.59,,0,0,0,38.8,43.0,47.0,0.48,0.70,0.76
WHIT,2015-11-25 16:00:00 EST,43.48507,-73.42307,120,42.6,43.2,42.6,49.6,25.1,0.000,0.000,0.00,0.000,2.8,3.9,0.4,205,6,2.8,4.0,0.4,212,6,2.8,3.9,0.4,205,6,16,30.59,,0,0,0,38.8,42.9,47.0,0.48,0.71,0.76
WHIT,2015-11-25 16:05:00 EST,43.48507,-73.42307,120,42.3,43.0,42.3,50.2,25.1,0.000,0.000,0.00,0.000,2.5,3.2,0.4,205,4,2.6,3.6,0.5,211,5,2.5,3.2,0.4,205,4,14,30.59,,0,0,0,38.8,43.0,47.0,0.48,0.70,0.76
WHIT,2015-11-25 16:10:00 EST,43.48507,-73.42307,120,40.1,42.7,40.1,54.8,25.1,0.000,0.000,0.00,0.000,1.7,2.2,0.4,220,6,1.8,2.5,0.3,223,5,1.7,2.2,0.4,220,6,12,30.60,,0,0,0,38.8,43.0,46.9,0.48,0.71,0.76
WHIT,2015-11-25 16:15:00 EST,43.48507,-73.42307,120,38.5,41.7,38.5,57.8,25.0,0.000,0.000,0.00,0.000,1.1,1.6,0.2,222,11,1.2,1.8,0.3,226,13,1.1,1.6,0.2,222,11,9,30.60,,0,0,0,38.9,42.9,47.0,0.48,0.70,0.76
WHIT,2015-11-25 16:20:00 EST,43.48507,-73.42307,120,37.2,40.8,37.2,61.2,25.0,0.000,0.000,0.00,0.000,1.3,1.9,0.2,240,13,1.5,2.2,0.3,243,14,1.3,1.9,0.2,240,13,7,30.60,,0,0,0,39.0,42.9,46.9,0.48,0.70,0.76
WHIT,2015-11-25 16:25:00 EST,43.48507,-73.42307,120,35.4,39.6,35.4,64.6,24.7,0.000,0.000,0.00,0.000,1.2,1.9,0.3,248,6,1.5,2.5,0.3,251,8,1.2,1.9,0.3,248,6,5,30.60,,0,0,0,39.0,42.9,46.9,0.48,0.71,0.76
WHIT,2015-11-25 16:30:00 EST,43.48507,-73.42307,120,35.4,38.1,35.4,67.6,25.7,0.000,0.000,0.00,0.000,1.1,1.5,0.2,219,40,1.4,1.8,0.2,215,43,1.1,1.5,0.2,219,40,3,30.60,,0,0,0,39.0,42.9,46.9,0.48,0.70,0.76
WHIT,2015-11-25 16:35:00 EST,43.48507,-73.42307,120,33.5,37.9,33.5,68.8,24.3,0.000,0.000,0.00,0.000,1.7,2.6,0.5,135,10,2.0,3.1,0.5,137,8,1.7,2.6,0.5,135,10,2,30.60,,0,0,0,39.0,42.9,46.9,0.48,0.70,0.76
WHIT,2015-11-25 16:40:00 EST,43.48507,-73.42307,120,32.8,36.6,32.8,71.9,24.8,0.000,0.000,0.00,0.000,1.5,2.0,0.2,162,16,1.9,2.5,0.2,165,17,1.5,2.0,0.2,162,16,1,30.60,,0,0,0,39.0,43.0,46.9,0.48,0.70,0.76
WHIT,2015-11-25 16:45:00 EST,43.48507,-73.42307,120,32.8,36.4,32.8,77.5,26.5,0.000,0.000,0.00,0.000,1.5,1.8,0.2,196,15,1.8,2.2,0.3,201,15,1.5,1.8,0.2,196,15,0,30.60,,0,0,0,39.0,42.9,46.9,0.48,0.70,0.76
WHIT,2015-11-25 16:50:00 EST,43.48507,-73.42307,120,32.4,36.7,32.4,79.2,26.7,0.000,0.000,0.00,0.000,1.9,2.3,0.2,237,6,2.2,2.9,0.3,238,6,1.9,2.3,0.2,237,6,0,30.60,,0,0,0,39.0,42.9,46.9,0.48,0.71,0.76
WHIT,2015-11-25 16:55:00 EST,43.48507,-73.42307,120,33.5,36.6,33.5,78.4,27.5,0.000,0.000,0.00,0.000,1.4,2.1,0.4,232,5,1.6,2.5,0.4,233,6,1.4,2.1,0.4,232,5,0,30.60,,0,0,0,39.0,42.9,46.9,0.48,0.70,0.76
WHIT,2015-11-25 17:00:00 EST,43.48507,-73.42307,120,31.6,35.6,31.6,76.6,25.1,0.000,0.000,0.00,0.000,0.7,1.2,0.2,217,21,1.1,1.6,0.2,219,22,0.7,1.2,0.2,217,21,0,30.60,,0,0,0,39.0,42.9,46.9,0.48,0.71,0.76
WHIT,2015-11-25 17:05:00 EST,43.48507,-73.42307,120,31.3,34.8,31.3,76.0,24.6,0.000,0.000,0.00,0.000,0.3,0.8,0.3,223,9,0.9,1.3,0.2,229,16,0.3,0.8,0.3,223,9,0,30.60,,0,0,0,39.0,42.9,46.9,0.48,0.70,0.76
WHIT,2015-11-25 17:10:00 EST,43.48507,-73.42307,120,31.1,34.5,31.1,77.5,24.9,0.000,0.000,0.00,0.000,0.4,0.9,0.3,234,16,0.9,1.3,0.3,234,23,0.4,0.9,0.3,234,16,0,30.61,,0,0,0,39.1,42.9,46.9,0.48,0.70,0.76
WHIT,2015-11-25 17:15:00 EST,43.48507,-73.42307,120,32.1,34.1,32.1,79.8,26.6,0.000,0.000,0.00,0.000,0.1,0.9,0.2,225,5,0.8,1.3,0.2,222,17,0.1,0.9,0.2,225,5,0,30.61,,0,0,0,39.2,42.9,46.9,0.48,0.71,0.76
WHIT,2015-11-25 17:20:00 EST,43.48507,-73.42307,120,31.5,33.7,31.5,82.8,26.8,0.000,0.000,0.00,0.000,0.8,1.1,0.1,227,1,1.1,1.3,0.2,231,8,0.8,1.1,0.1,227,1,0,30.61,,0,0,0,39.2,42.9,46.9,0.48,0.70,0.76
WHIT,2015-11-25 17:25:00 EST,43.48507,-73.42307,120,31.1,33.6,31.1,85.5,27.3,0.000,0.000,0.00,0.000,0.7,1.2,0.3,219,7,1.2,1.8,0.2,220,9,0.7,1.2,0.3,219,7,0,30.61,,0,0,0,39.2,42.9,46.9,0.48,0.70,0.76
WHIT,2015-11-25 17:30:00 EST,43.48507,-73.42307,120,31.6,33.3,31.6,81.9,26.7,0.000,0.000,0.00,0.000,0.3,1.0,0.4,205,10,0.8,1.3,0.3,187,29,0.3,1.0,0.4,205,10,0,30.61,,0,0,0,39.2,42.9,46.9,0.48,0.71,0.76
WHIT,2015-11-25 17:35:00 EST,43.48507,-73.42307,120,30.6,32.4,30.6,78.3,24.7,0.000,0.000,0.00,0.000,0.1,0.5,0.2,143,2,0.9,1.3,0.2,141,16,0.1,0.5,0.2,143,2,0,30.61,,0,0,0,39.2,42.9,46.9,0.48,0.70,0.76
WHIT,2015-11-25 17:40:00 EST,43.48507,-73.42307,120,28.3,32.8,28.3,79.0,22.6,0.000,0.000,0.00,0.000,0.2,0.7,0.2,192,8,0.9,1.3,0.2,203,26,0.2,0.7,0.2,192,8,0,30.61,,0,0,0,39.2,42.9,46.9,0.48,0.70,0.76
WHIT,2015-11-25 17:45:00 EST,43.48507,-73.42307,120,28.9,32.1,28.9,82.5,24.3,0.000,0.000,0.00,0.000,0.0,0.0,0.0,0,0,0.9,1.3,0.2,168,13,0.0,0.0,0.0,0,0,0,30.61,,0,0,0,39.2,42.9,46.9,0.48,0.70,0.76
WHIT,2015-11-25 17:50:00 EST,43.48507,-73.42307,120,28.6,31.4,28.6,82.8,24.1,0.000,0.000,0.00,0.000,0.0,0.0,0.0,0,0,0.9,1.3,0.1,161,14,0.0,0.0,0.0,0,0,0,30.61,,0,0,0,39.2,42.9,46.9,0.48,0.70,0.76
WHIT,2015-11-25 17:55:00 EST,43.48507,-73.42307,120,29.6,31.3,29.6,83.3,25.2,0.000,0.000,0.00,0.000,0.0,0.0,0.0,0,0,0.8,1.1,0.2,198,11,0.0,0.0,0.0,0,0,0,30.61,,0,0,0,39.2,42.9,46.9,0.48,0.71,0.76
WHIT,2015-11-25 18:00:00 EST,43.48507,-73.42307,120,30.0,31.5,30.0,86.0,26.3,0.000,0.000,0.00,0.000,0.2,0.7,0.3,154,0,0.9,1.3,0.2,174,19,0.2,0.7,0.3,154,0,0,30.62,,0,0,0,39.2,42.9,46.9,0.48,0.71,0.76
WHIT,2015-11-25 18:05:00 EST,43.48507,-73.42307,120,28.6,30.9,28.6,83.2,24.1,0.000,0.000,0.00,0.000,0.1,0.7,0.2,151,1,0.7,1.1,0.2,159,17,0.1,0.7,0.2,151,1,0,30.62,,0,0,0,39.2,42.8,46.9,0.48,0.70,0.76
WHIT,2015-11-25 18:10:00 EST,43.48507,-73.42307,120,28.4,30.9,28.4,83.2,23.9,0.000,0.000,0.00,0.000,0.0,0.0,0.0,0,0,0.8,1.1,0.2,174,11,0.0,0.0,0.0,0,0,0,30.62,,0,0,0,39.2,42.8,46.9,0.48,0.71,0.76
WHIT,2015-11-25 18:15:00 EST,43.48507,-73.42307,120,28.8,30.5,28.8,83.8,24.5,0.000,0.000,0.00,0.000,1.0,1.4,0.4,157,2,1.5,2.0,0.3,162,6,1.0,1.4,0.4,157,2,0,30.62,,0,0,0,39.2,42.9,46.9,0.48,0.71,0.76
WHIT,2015-11-25 18:20:00 EST,43.48507,-73.42307,120,28.8,30.3,28.8,83.9,24.6,0.000,0.000,0.00,0.000,1.3,1.9,0.3,165,5,1.8,2.5,0.3,170,8,1.3,1.9,0.3,165,5,0,30.62,,0,0,0,39.2,42.9,46.9,0.48,0.70,0.76
WHIT,2015-11-25 18:25:00 EST,43.48507,-73.42307,120,29.2,30.4,29.2,86.1,25.5,0.000,0.000,0.00,0.000,0.9,1.5,0.3,182,4,1.4,1.8,0.2,187,9,0.9,1.5,0.3,182,4,0,30.62,,0,0,0,39.2,42.8,46.9,0.48,0.70,0.76
WHIT,2015-11-25 18:30:00 EST,43.48507,-73.42307,120,29.1,30.1,29.1,88.7,26.2,0.000,0.000,0.00,0.000,0.1,0.6,0.2,191,0,0.7,1.1,0.2,175,20,0.1,0.6,0.2,191,0,0,30.62,,0,0,0,39.2,42.8,46.9,0.48,0.70,0.76
WHIT,2015-11-25 18:35:00 EST,43.48507,-73.42307,120,26.9,29.5,26.9,84.7,22.9,0.000,0.000,0.00,0.000,0.3,0.7,0.3,161,1,0.9,1.3,0.2,150,15,0.3,0.7,0.3,161,1,0,30.63,,0,0,0,39.2,42.8,46.9,0.48,0.70,0.76
WHIT,2015-11-25 18:40:00 EST,43.48507,-73.42307,120,25.9,29.6,25.9,86.9,22.5,0.000,0.000,0.00,0.000,1.2,1.7,0.3,143,8,1.5,2.0,0.3,139,5,1.2,1.7,0.3,143,8,0,30.63,,0,0,0,39.2,42.9,46.9,0.48,0.70,0.76
WHIT,2015-11-25 18:45:00 EST,43.48507,-73.42307,120,25.4,29.8,25.4,87.5,22.3,0.000,0.000,0.00,0.000,0.7,1.7,0.5,136,1,1.1,1.8,0.3,134,8,0.7,1.7,0.5,136,1,0,30.63,,0,0,0,39.2,42.8,46.9,0.48,0.71,0.76
WHIT,2015-11-25 18:50:00 EST,43.48507,-73.42307,120,25.6,28.9,25.6,89.0,22.8,0.000,0.000,0.00,0.000,0.0,0.0,0.0,0,0,0.7,1.1,0.2,143,40,0.0,0.0,0.0,0,0,0,30.63,,0,0,0,39.2,42.8,46.9,0.48,0.70,0.76
WHIT,2015-11-25 18:55:00 EST,43.48507,-73.42307,120,25.3,29.1,25.3,90.0,22.8,0.000,0.000,0.00,0.000,0.0,0.6,0.1,154,0,0.8,1.3,0.2,204,25,0.0,0.6,0.1,154,0,0,30.63,,0,0,0,39.1,42.8,46.9,0.48,0.70,0.76
WHIT,2015-11-25 19:00:00 EST,43.48507,-73.42307,120,26.3,29.3,26.3,93.4,24.7,0.000,0.000,0.00,0.000,1.0,1.3,0.2,166,10,1.5,2.0,0.2,171,9,1.0,1.3,0.2,166,10,0,30.64,,0,0,0,39.1,42.8,46.9,0.48,0.70,0.76
WHIT,2015-11-25 19:05:00 EST,43.48507,-73.42307,120,25.4,28.9,25.4,92.2,23.4,0.000,0.000,0.00,0.000,1.2,1.7,0.3,161,18,1.5,2.0,0.3,164,23,1.2,1.7,0.3,161,18,0,30.64,,0,0,0,39.1,42.8,46.9,0.48,0.70,0.76
WHIT,2015-11-25 19:10:00 EST,43.48507,-73.42307,120,25.9,28.6,25.9,91.1,23.7,0.000,0.000,0.00,0.000,0.1,0.7,0.2,211,15,0.6,1.3,0.3,238,24,0.1,0.7,0.2,211,15,0,30.64,,0,0,0,39.1,42.8,46.9,0.48,0.70,0.75
WHIT,2015-11-25 19:15:00 EST,43.48507,-73.42307,120,26.2,28.4,26.2,93.2,24.5,0.000,0.000,0.00,0.000,0.2,0.7,0.2,238,0,0.7,1.1,0.2,238,15,0.2,0.7,0.2,238,0,0,30.64,,0,0,0,39.1,42.8,46.9,0.48,0.71,0.76
WHIT,2015-11-25 19:20:00 EST,43.48507,-73.42307,120,25.6,28.1,25.6,93.1,23.9,0.000,0.000,0.00,0.000,0.4,1.9,0.5,122,10,0.9,2.2,0.5,126,31,0.4,1.9,0.5,122,10,0,30.64,,0,0,0,39.1,42.8,46.9,0.48,0.70,0.76
WHIT,2015-11-25 19:25:00 EST,43.48507,-73.42307,120,23.7,27.8,23.7,90.3,21.3,0.000,0.000,0.00,0.000,1.4,2.3,0.8,119,2,1.7,2.5,0.7,129,10,1.4,2.3,0.8,119,2,0,30.64,,0,0,0,39.1,42.8,46.9,0.48,0.70,0.76
WHIT,2015-11-25 19:30:00 EST,43.48507,-73.42307,120,23.9,27.2,23.9,90.5,21.5,0.000,0.000,0.00,0.000,0.5,0.9,0.3,148,3,0.9,1.3,0.3,153,9,0.5,0.9,0.3,148,3,0,30.64,,0,0,0,39.0,42.8,46.9,0.48,0.71,0.76
WHIT,2015-11-25 19:35:00 EST,43.48507,-73.42307,120,24.6,27.5,24.6,93.1,22.9,0.000,0.000,0.00,0.000,0.7,1.1,0.1,153,8,1.2,1.6,0.2,161,10,0.7,1.1,0.1,153,8,0,30.64,,0,0,0,39.0,42.8,46.9,0.48,0.70,0.75
WHIT,2015-11-25 19:40:00 EST,43.48507,-73.42307,120,25.0,27.5,25.0,92.6,23.1,0.000,0.000,0.00,0.000,0.8,1.3,0.3,200,21,1.2,1.8,0.3,202,23,0.8,1.3,0.3,200,21,0,30.64,,0,0,0,39.0,42.8,46.9,0.48,0.70,0.76
WHIT,2015-11-25 19:45:00 EST,43.48507,-73.42307,120,26.0,27.4,26.0,93.9,24.5,0.000,0.000,0.00,0.000,1.2,1.4,0.1,166,4,1.6,2.0,0.2,171,8,1.2,1.4,0.1,166,4,0,30.64,,0,0,0,39.0,42.8,46.8,0.48,0.70,0.76
WHIT,2015-11-25 19:50:00 EST,43.48507,-73.42307,120,26.0,27.8,26.0,90.7,23.7,0.000,0.000,0.00,0.000,1.2,1.9,0.4,191,17,1.6,2.5,0.4,193,21,1.2,1.9,0.4,191,17,0,30.64,,0,0,0,39.0,42.9,46.8,0.48,0.70,0.75
WHIT,2015-11-25 19:55:00 EST,43.48507,-73.42307,120,25.0,27.6,25.0,91.0,22.7,0.000,0.000,0.00,0.000,1.4,1.8,0.2,209,7,1.6,2.2,0.2,215,8,1.4,1.8,0.2,209,7,0,30.64,,0,0,0,39.0,42.8,46.8,0.48,0.71,0.75
WHIT,2015-11-25 20:00:00 EST,43.48507,-73.42307,120,24.3,26.7,24.3,91.3,22.2,0.000,0.000,0.00,0.000,1.2,2.1,0.4,160,16,1.6,2.7,0.5,163,19,1.2,2.1,0.4,160,16,0,30.64,,0,0,0,39.0,42.8,46.8,0.48,0.70,0.76
WHIT,2015-11-25 20:05:00 EST,43.48507,-73.42307,120,23.3,26.6,23.3,90.2,20.8,0.000,0.000,0.00,0.000,0.3,1.1,0.4,135,5,0.9,1.8,0.3,120,20,0.3,1.1,0.4,135,5,0,30.64,,0,0,0,39.0,42.8,46.9,0.48,0.70,0.75
WHIT,2015-11-25 20:10:00 EST,43.48507,-73.42307,120,23.2,26.9,23.2,90.8,20.9,0.000,0.000,0.00,0.000,1.5,1.9,0.3,130,4,1.7,2.0,0.3,133,4,1.5,1.9,0.3,130,4,0,30.64,,0,0,0,39.0,42.8,46.8,0.48,0.71,0.75
WHIT,2015-11-25 20:15:00 EST,43.48507,-73.42307,120,23.0,26.8,23.0,91.5,20.9,0.000,0.000,0.00,0.000,1.4,1.8,0.3,144,15,1.7,2.0,0.2,149,16,1.4,1.8,0.3,144,15,0,30.64,,0,0,0,39.0,42.8,46.8,0.48,0.70,0.75
WHIT,2015-11-25 20:20:00 EST,43.48507,-73.42307,120,23.6,26.7,23.6,93.5,22.0,0.000,0.000,0.00,0.000,0.9,1.5,0.2,190,19,1.3,2.0,0.3,197,22,0.9,1.5,0.2,190,19,0,30.64,,0,0,0,39.0,42.8,46.8,0.48,0.70,0.75
WHIT,2015-11-25 20:25:00 EST,43.48507,-73.42307,120,23.5,26.7,23.5,94.3,22.1,0.000,0.000,0.00,0.000,0.4,1.1,0.4,167,23,0.9,1.6,0.4,171,33,0.4,1.1,0.4,167,23,0,30.64,,0,0,0,39.0,42.8,46.8,0.48,0.70,0.75
WHIT,2015-11-25 20:30:00 EST,43.48507,-73.42307,120,22.4,26.5,22.4,93.9,20.9,0.000,0.000,0.00,0.000,1.5,1.8,0.2,126,2,1.8,2.5,0.2,130,2,1.5,1.8,0.2,126,2,0,30.64,,0,0,0,39.0,42.8,46.8,0.48,0.71,0.76
WHIT,2015-11-25 20:35:00 EST,43.48507,-73.42307,120,23.2,25.7,23.2,93.4,21.6,0.000,0.000,0.00,0.000,1.1,2.1,0.6,138,17,1.5,2.9,0.5,143,18,1.1,2.1,0.6,138,17,0,30.64,,0,0,0,39.0,42.8,46.8,0.48,0.71,0.75
WHIT,2015-11-25 20:40:00 EST,43.48507,-73.42307,120,23.7,25.9,23.7,94.9,22.5,0.000,0.000,0.00,0.000,1.4,1.9,0.3,136,5,1.7,2.5,0.3,135,6,1.4,1.9,0.3,136,5,0,30.64,,0,0,0,39.0,42.8,46.8,0.48,0.71,0.75
WHIT,2015-11-25 20:45:00 EST,43.48507,-73.42307,120,23.4,26.0,23.4,94.0,22.0,0.000,0.000,0.00,0.000,1.7,2.3,0.3,131,4,1.9,2.5,0.3,133,4,1.7,2.3,0.3,131,4,0,30.64,,0,0,0,39.0,42.8,46.8,0.48,0.70,0.76
WHIT,2015-11-25 20:50:00 EST,43.48507,-73.42307,120,23.2,26.5,23.2,93.5,21.6,0.000,0.000,0.00,0.000,2.1,3.0,0.4,131,5,2.4,3.8,0.5,134,5,2.1,3.0,0.4,131,5,0,30.64,,0,0,0,39.0,42.8,46.8,0.48,0.71,0.75
WHIT,2015-11-25 20:55:00 EST,43.48507,-73.42307,120,22.2,27.6,22.2,92.9,20.5,0.000,0.000,0.00,0.000,2.5,3.1,0.3,156,12,2.9,3.8,0.4,159,13,2.5,3.1,0.3,156,12,0,30.64,,0,0,0,39.0,42.8,46.8,0.48,0.71,0.75
WHIT,2015-11-25 21:00:00 EST,43.48507,-73.42307,120,22.2,27.4,22.2,92.9,20.4,0.000,0.000,0.00,0.000,2.1,2.7,0.2,159,11,2.6,3.4,0.4,163,12,2.1,2.7,0.2,159,11,0,30.64,,0,0,0,39.0,42.8,46.8,0.48,0.70,0.75
WHIT,2015-11-25 21:05:00 EST,43.48507,-73.42307,120,22.7,27.1,22.7,93.9,21.2,0.000,0.000,0.00,0.000,2.1,3.1,0.3,153,8,2.6,4.0,0.4,155,9,2.1,3.1,0.3,153,8,0,30.64,,0,0,0,39.0,42.8,46.8,0.48,0.70,0.75
WHIT,2015-11-25 21:10:00 EST,43.48507,-73.42307,120,22.6,26.7,22.6,93.5,21.0,0.000,0.000,0.00,0.000,1.9,3.1,0.5,153,12,2.3,3.6,0.5,154,14,1.9,3.1,0.5,153,12,0,30.64,,0,0,0,39.0,42.8,46.8,0.48,0.70,0.75
WHIT,2015-11-25 21:15:00 EST,43.48507,-73.42307,120,22.5,27.2,22.5,93.9,21.0,0.000,0.000,0.00,0.000,1.8,3.0,0.3,152,11,2.1,4.0,0.5,155,13,1.8,3.0,0.3,152,11,0,30.64,,0,0,0,38.9,42.8,46.8,0.48,0.70,0.75
WHIT,2015-11-25 21:20:00 EST,43.48507,-73.42307,120,23.6,27.2,23.6,95.6,22.5,0.000,0.000,0.00,0.000,2.6,3.2,0.3,145,5,2.8,3.6,0.4,145,6,2.6,3.2,0.3,145,5,0,30.64,,0,0,0,38.9,42.8,46.8,0.48,0.70,0.75
WHIT,2015-11-25 21:25:00 EST,43.48507,-73.42307,120,23.2,26.8,23.2,93.2,21.5,0.000,0.000,0.00,0.000,2.3,3.2,0.4,143,4,2.6,3.6,0.4,144,5,2.3,3.2,0.4,143,4,0,30.64,,0,0,0,38.8,42.9,46.8,0.48,0.71,0.75
WHIT,2015-11-25 21:30:00 EST,43.48507,-73.42307,120,23.6,26.8,23.6,94.1,22.2,0.000,0.000,0.00,0.000,1.3,1.8,0.2,162,6,1.8,2.2,0.2,166,8,1.3,1.8,0.2,162,6,0,30.64,,0,0,0,38.9,42.8,46.8,0.48,0.70,0.75
WHIT,2015-11-25 21:35:00 EST,43.48507,-73.42307,120,23.7,27.3,23.7,94.9,22.4,0.000,0.000,0.00,0.000,1.4,2.4,0.4,170,16,1.8,2.9,0.5,172,19,1.4,2.4,0.4,170,16,0,30.64,,0,0,0,38.8,42.8,46.8,0.48,0.71,0.75
WHIT,2015-11-25 21:40:00 EST,43.48507,-73.42307,120,23.5,26.7,23.5,93.8,21.9,0.000,0.000,0.00,0.000,1.1,1.8,0.2,134,15,1.5,2.2,0.3,135,15,1.1,1.8,0.2,134,15,0,30.64,,0,0,0,38.8,42.8,46.8,0.48,0.70,0.75
WHIT,2015-11-25 21:45:00 EST,43.48507,-73.42307,120,22.3,27.1,22.3,92.1,20.4,0.000,0.000,0.00,0.000,1.3,1.8,0.3,128,18,1.7,2.2,0.2,134,18,1.3,1.8,0.3,128,18,0,30.64,,0,0,0,38.8,42.8,46.8,0.48,0.70,0.75
WHIT,2015-11-25 21:50:00 EST,43.48507,-73.42307,120,22.5,27.3,22.5,93.4,20.9,0.000,0.000,0.00,0.000,1.5,2.0,0.2,145,8,1.9,2.2,0.2,147,9,1.5,2.0,0.2,145,8,0,30.64,,0,0,0,38.8,42.8,46.8,0.48,0.70,0.75
WHIT,2015-11-25 21:55:00 EST,43.48507,-73.42307,120,22.7,26.9,22.7,94.3,21.3,0.000,0.000,0.00,0.000,1.2,1.5,0.2,159,2,1.7,2.2,0.3,161,5,1.2,1.5,0.2,159,2,0,30.64,,0,0,0,38.8,42.9,46.8,0.48,0.70,0.75
WHIT,2015-11-25 22:00:00 EST,43.48507,-73.42307,120,22.8,26.5,22.8,93.6,21.3,0.000,0.000,0.00,0.000,0.8,1.3,0.3,142,10,1.3,1.6,0.2,143,15,0.8,1.3,0.3,142,10,0,30.64,,0,0,0,38.8,42.9,46.8,0.48,0.70,0.75
WHIT,2015-11-25 22:05:00 EST,43.48507,-73.42307,120,23.0,26.2,23.0,93.9,21.5,0.000,0.000,0.00,0.000,0.8,1.1,0.2,123,6,1.2,1.6,0.2,123,8,0.8,1.1,0.2,123,6,0,30.64,,0,0,0,38.8,42.9,46.8,0.48,0.71,0.75
WHIT,2015-11-25 22:10:00 EST,43.48507,-73.42307,120,23.3,25.6,23.3,94.1,21.8,0.000,0.000,0.00,0.000,0.2,0.6,0.3,124,0,0.6,1.1,0.3,127,24,0.2,0.6,0.3,124,0,0,30.64,,0,0,0,38.8,42.8,46.8,0.48,0.70,0.75
WHIT,2015-11-25 22:15:00 EST,43.48507,-73.42307,120,23.6,25.5,23.6,94.6,22.3,0.000,0.000,0.00,0.000,0.0,0.0,0.0,0,0,0.3,1.6,0.2,71,59,0.0,0.0,0.0,0,0,0,30.64,,0,0,0,38.8,42.8,46.8,0.48,0.70,0.75
WHIT,2015-11-25 22:20:00 EST,43.48507,-73.42307,120,22.3,25.0,22.3,94.1,20.9,0.000,0.000,0.00,0.000,0.1,0.7,0.2,124,0,0.8,1.1,0.2,116,9,0.1,0.7,0.2,124,0,0,30.64,,0,0,0,38.8,42.8,46.8,0.48,0.70,0.75
WHIT,2015-11-25 22:25:00 EST,43.48507,-73.42307,120,22.6,24.9,22.6,93.9,21.1,0.000,0.000,0.00,0.000,0.0,0.7,0.1,135,0,0.6,1.1,0.2,119,18,0.0,0.7,0.1,135,0,0,30.64,,0,0,0,38.8,42.8,46.8,0.48,0.70,0.75
WHIT,2015-11-25 22:30:00 EST,43.48507,-73.42307,120,22.8,25.1,22.8,94.5,21.5,0.000,0.000,0.00,0.000,0.2,0.7,0.2,168,19,0.8,1.1,0.2,182,36,0.2,0.7,0.2,168,19,0,30.64,,0,0,0,38.8,42.8,46.8,0.48,0.71,0.75
WHIT,2015-11-25 22:35:00 EST,43.48507,-73.42307,120,22.7,25.1,22.7,95.2,21.6,0.000,0.000,0.00,0.000,1.0,1.5,0.3,127,9,1.4,1.8,0.3,128,12,1.0,1.5,0.3,127,9,0,30.64,,0,0,0,38.8,42.9,46.8,0.48,0.71,0.75
WHIT,2015-11-25 22:40:00 EST,43.48507,-73.42307,120,22.2,24.5,22.2,93.8,20.7,0.000,0.000,0.00,0.000,0.8,1.3,0.2,133,12,1.2,1.8,0.2,132,16,0.8,1.3,0.2,133,12,0,30.64,,0,0,0,38.8,42.8,46.8,0.48,0.70,0.75
WHIT,2015-11-25 22:45:00 EST,43.48507,-73.42307,120,23.2,24.6,23.2,94.7,21.9,0.000,0.000,0.00,0.000,0.2,1.0,0.3,131,5,0.8,1.6,0.3,102,46,0.2,1.0,0.3,131,5,0,30.64,,0,0,0,38.7,42.8,46.8,0.48,0.71,0.75
WHIT,2015-11-25 22:50:00 EST,43.48507,-73.42307,120,22.8,24.8,22.8,95.4,21.7,0.000,0.000,0.00,0.000,0.0,0.0,0.0,0,0,0.5,1.6,0.3,246,70,0.0,0.0,0.0,0,0,0,30.65,,0,0,0,38.7,42.8,46.8,0.48,0.71,0.75
WHIT,2015-11-25 22:55:00 EST,43.48507,-73.42307,120,22.4,24.6,22.4,95.1,21.2,0.000,0.000,0.00,0.000,0.0,0.0,0.0,0,0,0.4,1.3,0.2,40,63,0.0,0.0,0.0,0,0,0,30.65,,0,0,0,38.7,42.8,46.8,0.48,0.71,0.75
WHIT,2015-11-25 23:00:00 EST,43.48507,-73.42307,120,22.6,24.7,22.6,94.9,21.4,0.000,0.000,0.00,0.000,0.0,0.0,0.0,0,0,0.6,0.9,0.2,335,25,0.0,0.0,0.0,0,0,0,30.65,,0,0,0,38.7,42.8,46.8,0.48,0.70,0.75
WHIT,2015-11-25 23:05:00 EST,43.48507,-73.42307,120,22.5,24.8,22.5,94.9,21.3,0.000,0.000,0.00,0.000,0.0,0.0,0.0,0,0,0.4,2.2,0.3,25,59,0.0,0.0,0.0,0,0,0,30.65,,0,0,0,38.7,42.8,46.8,0.48,0.70,0.75
WHIT,2015-11-25 23:10:00 EST,43.48507,-73.42307,120,22.7,24.6,22.7,95.0,21.5,0.000,0.000,0.00,0.000,0.0,0.0,0.0,0,0,0.4,1.1,0.2,354,50,0.0,0.0,0.0,0,0,0,30.65,,0,0,0,38.7,42.8,46.8,0.48,0.70,0.75
WHIT,2015-11-25 23:15:00 EST,43.48507,-73.42307,120,23.0,24.6,23.0,95.4,21.9,0.000,0.000,0.00,0.000,0.2,0.9,0.3,314,4,0.6,1.6,0.4,322,32,0.2,0.9,0.3,314,4,0,30.65,,0,0,0,38.7,42.8,46.8,0.48,0.70,0.75
WHIT,2015-11-25 23:20:00 EST,43.48507,-73.42307,120,23.0,24.5,23.0,96.0,22.1,0.000,0.000,0.00,0.000,0.9,1.4,0.3,342,11,1.4,1.8,0.3,349,12,0.9,1.4,0.3,342,11,0,30.65,,0,0,0,38.7,42.8,46.8,0.48,0.70,0.75
WHIT,2015-11-25 23:25:00 EST,43.48507,-73.42307,120,22.3,24.5,22.3,95.3,21.2,0.000,0.000,0.00,0.000,0.1,0.4,0.1,321,10,0.6,1.6,0.3,329,35,0.1,0.4,0.1,321,10,0,30.65,,0,0,0,38.7,42.8,46.8,0.48,0.70,0.75
WHIT,2015-11-25 23:30:00 EST,43.48507,-73.42307,120,23.1,24.4,23.1,95.7,22.1,0.000,0.000,0.00,0.000,0.2,1.0,0.3,259,5,0.8,1.6,0.3,281,27,0.2,1.0,0.3,259,5,0,30.65,,0,0,0,38.7,42.8,46.8,0.48,0.70,0.75
WHIT,2015-11-25 23:35:00 EST,43.48507,-73.42307,120,23.0,24.5,23.0,95.9,22.0,0.000,0.000,0.00,0.000,1.0,1.5,0.2,242,16,1.3,1.8,0.3,241,18,1.0,1.5,0.2,242,16,0,30.65,,0,0,0,38.7,42.8,46.8,0.48,0.70,0.75
WHIT,2015-11-25 23:40:00 EST,43.48507,-73.42307,120,22.6,24.8,22.6,95.9,21.6,0.000,0.000,0.00,0.000,0.3,1.0,0.4,208,1,0.8,1.3,0.3,207,18,0.3,1.0,0.4,208,1,0,30.65,,0,0,0,38.7,42.9,46.8,0.48,0.70,0.75
WHIT,2015-11-25 23:45:00 EST,43.48507,-73.42307,120,21.9,24.7,21.9,95.3,20.8,0.000,0.000,0.00,0.000,0.3,0.9,0.3,167,2,0.9,1.6,0.4,169,21,0.3,0.9,0.3,167,2,0,30.65,,0,0,0,38.7,42.9,46.8,0.48,0.70,0.75
WHIT,2015-11-25 23:50:00 EST,43.48507,-73.42307,120,21.6,24.3,21.6,94.7,20.3,0.000,0.000,0.00,0.000,0.3,0.7,0.2,166,8,0.9,1.1,0.1,154,18,0.3,0.7,0.2,166,8,0,30.64,,0,0,0,38.6,42.8,46.8,0.48,0.70,0.75
WHIT,2015-11-25 23:55:00 EST,43.48507,-73.42307,120,21.4,24.4,21.4,94.4,20.1,0.000,0.000,0.00,0.000,0.4,0.7,0.2,146,1,1.0,1.1,0.1,152,13,0.4,0.7,0.2,146,1,0,30.64,,0,0,0,38.6,42.8,46.8,0.48,0.70,0.75
