station,time,latitude [degrees_north],longitude [degrees_east],elevation [feet],temp_2m [degF],temp_9m [degF],apparent_temperature [degF],relative_humidity [percent],dewpoint [degF],precip_incremental [inch],precip_local [inch],precip_max_intensity [inch/hour],precip_1hr [inch],avg_wind_speed_prop [mile/hr],max_wind_speed_prop [mile/hr],wind_speed_stddev_prop [mile/hr],wind_direction_prop [degrees],wind_direction_stddev_prop [degrees],avg_wind_speed_sonic [mile/hr],max_wind_speed_sonic [mile/hr],wind_speed_stddev_sonic [mile/hr],wind_direction_sonic [degrees],wind_direction_stddev_sonic [degrees],avg_wind_speed_merge [mile/hr],max_wind_speed_merge [mile/hr],wind_speed_stddev_merge [mile/hr],wind_direction_merge [degrees],wind_direction_stddev_merge [degrees],solar_insolation [W/m^2],station_pressure [inHg],snow_depth,frozen_soil_05cm [bit],frozen_soil_25cm [bit],frozen_soil_50cm [bit],soil_temp_05cm [degF],soil_temp_25cm [degF],soil_temp_50cm [degF],soil_moisture_05cm [m^3/m^3],soil_moisture_25cm [m^3/m^3],soil_moisture_50cm [m^3/m^3]
SCHU,2015-09-28 00:00:00 EDT,43.11700,-73.57829,103,48.0,48.8,48.0,97.1,47.2,0.000,0.000,0.00,0.000,0.0,0.0,0.0,0,0,0.7,1.3,0.2,265,11,0.0,0.0,0.0,0,0,0,30.20,,,,,,,,,,
SCHU,2015-09-28 00:05:00 EDT,43.11700,-73.57829,103,47.7,48.7,47.7,96.9,46.9,0.000,0.000,0.00,0.000,0.0,0.0,0.0,0,0,0.3,0.7,0.2,223,25,0.0,0.0,0.0,0,0,0,30.20,,,,,,,,,,
SCHU,2015-09-28 00:10:00 EDT,43.11700,-73.57829,103,47.7,48.8,47.7,97.1,46.9,0.000,0.000,0.00,0.000,0.0,0.0,0.0,0,0,0.4,1.1,0.3,288,35,0.0,0.0,0.0,0,0,0,30.20,,,,,,,,,,
SCHU,2015-09-28 00:15:00 EDT,43.11700,-73.57829,103,47.8,48.8,47.8,97.2,47.0,0.000,0.000,0.00,0.000,0.0,0.0,0.0,0,0,0.8,1.3,0.3,297,11,0.0,0.0,0.0,0,0,0,30.20,,,,,,,,,,
SCHU,2015-09-28 00:20:00 EDT,43.11700,-73.57829,103,47.8,48.8,47.8,97.2,47.1,0.000,0.000,0.00,0.000,0.1,0.7,0.2,341,0,0.6,1.3,0.3,196,32,0.1,0.7,0.2,341,0,0,30.20,,,,,,,,,,
SCHU,2015-09-28 00:25:00 EDT,43.11700,-73.57829,103,47.4,48.8,47.4,97.2,46.6,0.000,0.000,0.00,0.000,0.1,0.6,0.2,341,0,0.9,1.6,0.3,249,48,0.1,0.6,0.2,341,0,0,30.20,,,,,,,,,,
SCHU,2015-09-28 00:30:00 EDT,43.11700,-73.57829,103,48.0,48.9,48.0,97.8,47.4,0.000,0.000,0.00,0.000,0.2,0.7,0.3,341,0,1.3,1.8,0.3,291,16,0.2,0.7,0.3,341,0,0,30.20,,,,,,,,,,
SCHU,2015-09-28 00:35:00 EDT,43.11700,-73.57829,103,48.3,48.8,48.3,96.4,47.3,0.000,0.000,0.00,0.000,0.3,1.2,0.4,341,0,0.9,1.6,0.4,297,32,0.3,1.2,0.4,341,0,0,30.20,,,,,,,,,,
SCHU,2015-09-28 00:40:00 EDT,43.11700,-73.57829,103,48.1,48.9,48.1,95.5,46.9,0.000,0.000,0.00,0.000,0.5,1.4,0.4,341,0,0.9,1.8,0.5,322,29,0.5,1.4,0.4,341,0,0,30.20,,,,,,,,,,
SCHU,2015-09-28 00:45:00 EDT,43.11700,-73.57829,103,47.7,49.3,47.7,95.5,46.5,0.000,0.000,0.00,0.000,0.5,1.3,0.4,343,0,1.1,2.2,0.4,358,14,0.5,1.3,0.4,343,0,0,30.20,,,,,,,,,,
SCHU,2015-09-28 00:50:00 EDT,43.11700,-73.57829,103,47.5,49.3,47.5,96.2,46.5,0.000,0.000,0.00,0.000,0.3,0.9,0.3,343,0,0.9,1.8,0.4,347,20,0.3,0.9,0.3,343,0,0,30.20,,,,,,,,,,
SCHU,2015-09-28 00:55:00 EDT,43.11700,-73.57829,103,47.9,49.1,47.9,97.4,47.2,0.000,0.000,0.00,0.000,0.0,0.0,0.0,0,0,0.4,0.9,0.2,122,73,0.0,0.0,0.0,0,0,0,30.20,,,,,,,,,,
SCHU,2015-09-28 01:00:00 EDT,43.11700,-73.57829,103,47.8,49.2,47.8,97.9,47.2,0.000,0.000,0.00,0.000,0.2,0.7,0.2,343,0,0.7,1.1,0.3,145,14,0.2,0.7,0.2,343,0,0,30.20,,,,,,,,,,
SCHU,2015-09-28 01:05:00 EDT,43.11700,-73.57829,103,48.2,49.2,48.2,98.4,47.8,0.000,0.000,0.00,0.000,1.0,1.6,0.3,81,78,1.4,2.5,0.3,147,8,1.0,1.6,0.3,81,78,0,30.19,,,,,,,,,,
SCHU,2015-09-28 01:10:00 EDT,43.11700,-73.57829,103,48.2,49.3,48.2,98.6,47.8,0.000,0.000,0.00,0.000,0.3,0.9,0.3,156,0,0.8,1.3,0.3,132,10,0.3,0.9,0.3,156,0,0,30.19,,,,,,,,,,
SCHU,2015-09-28 01:15:00 EDT,43.11700,-73.57829,103,48.4,49.3,48.4,98.4,48.0,0.000,0.000,0.00,0.000,0.0,0.0,0.0,0,0,0.5,0.9,0.2,237,31,0.0,0.0,0.0,0,0,0,30.19,,,,,,,,,,
SCHU,2015-09-28 01:20:00 EDT,43.11700,-73.57829,103,48.9,49.3,48.9,98.2,48.4,0.000,0.000,0.00,0.000,0.0,0.0,0.0,0,0,0.3,3.1,0.3,259,42,0.0,0.0,0.0,0,0,0,30.19,,,,,,,,,,
SCHU,2015-09-28 01:25:00 EDT,43.11700,-73.57829,103,48.9,49.4,48.9,97.4,48.2,0.000,0.000,0.00,0.000,0.0,0.0,0.0,0,0,0.4,0.9,0.2,221,33,0.0,0.0,0.0,0,0,0,30.19,,,,,,,,,,
SCHU,2015-09-28 01:30:00 EDT,43.11700,-73.57829,103,49.0,49.5,49.0,96.7,48.1,0.000,0.000,0.00,0.000,0.0,0.0,0.0,0,0,0.6,0.9,0.2,219,15,0.0,0.0,0.0,0,0,0,30.19,,,,,,,,,,
SCHU,2015-09-28 01:35:00 EDT,43.11700,-73.57829,103,48.9,49.8,48.9,96.6,48.0,0.000,0.000,0.00,0.000,0.0,0.5,0.1,156,0,0.6,1.1,0.2,168,27,0.0,0.5,0.1,156,0,0,30.18,,,,,,,,,,
SCHU,2015-09-28 01:40:00 EDT,43.11700,-73.57829,103,48.8,49.9,48.8,97.1,48.0,0.000,0.000,0.00,0.000,0.0,0.0,0.0,0,0,0.5,0.9,0.2,201,22,0.0,0.0,0.0,0,0,0,30.18,,,,,,,,,,
SCHU,2015-09-28 01:45:00 EDT,43.11700,-73.57829,103,49.1,49.9,49.1,97.4,48.4,0.000,0.000,0.00,0.000,0.3,0.9,0.3,156,0,1.0,2.5,0.3,178,23,0.3,0.9,0.3,156,0,0,30.18,,,,,,,,,,
SCHU,2015-09-28 01:50:00 EDT,43.11700,-73.57829,103,49.1,50.1,49.1,97.1,48.3,0.000,0.000,0.00,0.000,0.2,0.7,0.3,156,0,0.7,1.3,0.3,157,24,0.2,0.7,0.3,156,0,0,30.18,,,,,,,,,,
SCHU,2015-09-28 01:55:00 EDT,43.11700,-73.57829,103,49.4,50.3,49.4,96.9,48.6,0.000,0.000,0.00,0.000,0.0,0.0,0.0,0,0,0.4,0.9,0.2,220,34,0.0,0.0,0.0,0,0,0,30.18,,,,,,,,,,
SCHU,2015-09-28 02:00:00 EDT,43.11700,-73.57829,103,49.8,50.4,49.8,97.4,49.1,0.000,0.000,0.00,0.000,0.0,0.0,0.0,0,0,0.5,1.1,0.2,297,21,0.0,0.0,0.0,0,0,0,30.18,,,,,,,,,,
SCHU,2015-09-28 02:05:00 EDT,43.11700,-73.57829,103,49.8,50.3,49.8,97.3,49.0,0.000,0.000,0.00,0.000,0.0,0.0,0.0,0,0,0.8,6.5,0.6,293,25,0.0,0.0,0.0,0,0,0,30.18,,,,,,,,,,
SCHU,2015-09-28 02:10:00 EDT,43.11700,-73.57829,103,49.9,50.3,49.9,97.0,49.0,0.000,0.000,0.00,0.000,0.0,0.0,0.0,0,0,0.6,0.9,0.2,276,19,0.0,0.0,0.0,0,0,0,30.18,,,,,,,,,,
SCHU,2015-09-28 02:15:00 EDT,43.11700,-73.57829,103,49.6,50.3,49.6,96.5,48.6,0.000,0.000,0.00,0.000,0.0,0.0,0.0,0,0,0.5,6.5,0.7,291,32,0.0,0.0,0.0,0,0,0,30.18,,,,,,,,,,
SCHU,2015-09-28 02:20:00 EDT,43.11700,-73.57829,103,49.5,50.4,49.5,96.6,48.6,0.000,0.000,0.00,0.000,0.0,0.0,0.0,0,0,0.6,1.1,0.2,333,21,0.0,0.0,0.0,0,0,0,30.18,,,,,,,,,,
SCHU,2015-09-28 02:25:00 EDT,43.11700,-73.57829,103,49.4,50.4,49.4,97.1,48.7,0.000,0.000,0.00,0.000,0.0,0.0,0.0,0,0,0.3,1.6,0.2,273,44,0.0,0.0,0.0,0,0,0,30.17,,,,,,,,,,
SCHU,2015-09-28 02:30:00 EDT,43.11700,-73.57829,103,49.2,50.2,49.2,97.3,48.5,0.000,0.000,0.00,0.000,0.0,0.0,0.0,0,0,0.3,0.7,0.2,204,22,0.0,0.0,0.0,0,0,0,30.17,,,,,,,,,,
SCHU,2015-09-28 02:35:00 EDT,43.11700,-73.57829,103,49.6,50.2,49.6,97.8,49.0,0.000,0.000,0.00,0.000,0.0,0.0,0.0,0,0,0.2,0.7,0.1,267,40,0.0,0.0,0.0,0,0,0,30.17,,,,,,,,,,
SCHU,2015-09-28 02:40:00 EDT,43.11700,-73.57829,103,49.6,50.2,49.6,97.8,49.0,0.000,0.000,0.00,0.000,0.0,0.0,0.0,0,0,0.5,0.9,0.2,240,25,0.0,0.0,0.0,0,0,0,30.17,,,,,,,,,,
SCHU,2015-09-28 02:45:00 EDT,43.11700,-73.57829,103,49.4,50.3,49.4,97.7,48.8,0.000,0.000,0.00,0.000,0.0,0.1,0.0,156,0,0.9,2.2,0.3,194,14,0.0,0.1,0.0,156,0,0,30.17,,,,,,,,,,
SCHU,2015-09-28 02:50:00 EDT,43.11700,-73.57829,103,49.7,50.3,49.7,97.7,49.1,0.000,0.000,0.00,0.000,0.0,0.0,0.0,0,0,0.6,3.8,0.4,248,25,0.0,0.0,0.0,0,0,0,30.17,,,,,,,,,,
SCHU,2015-09-28 02:55:00 EDT,43.11700,-73.57829,103,49.5,50.2,49.5,97.2,48.7,0.000,0.000,0.00,0.000,0.0,0.0,0.0,0,0,0.9,1.3,0.1,284,14,0.0,0.0,0.0,0,0,0,30.17,,,,,,,,,,
SCHU,2015-09-28 03:00:00 EDT,43.11700,-73.57829,103,49.5,50.2,49.5,97.4,48.8,0.000,0.000,0.00,0.000,0.0,0.0,0.0,0,0,0.8,1.1,0.2,315,25,0.0,0.0,0.0,0,0,0,30.17,,,,,,,,,,
SCHU,2015-09-28 03:05:00 EDT,43.11700,-73.57829,103,49.4,50.2,49.4,97.4,48.7,0.000,0.000,0.00,0.000,0.5,1.2,0.4,156,0,1.1,2.0,0.3,347,9,0.5,1.2,0.4,156,0,0,30.17,,,,,,,,,,
SCHU,2015-09-28 03:10:00 EDT,43.11700,-73.57829,103,49.3,50.3,49.3,97.7,48.7,0.000,0.000,0.00,0.000,1.0,1.5,0.2,156,0,1.6,2.2,0.3,346,9,1.0,1.5,0.2,156,0,0,30.17,,,,,,,,,,
SCHU,2015-09-28 03:15:00 EDT,43.11700,-73.57829,103,49.5,50.2,49.5,98.0,48.9,0.000,0.000,0.00,0.000,0.1,0.8,0.2,156,0,0.6,1.1,0.3,341,25,0.1,0.8,0.2,156,0,0,30.16,,,,,,,,,,
SCHU,2015-09-28 03:20:00 EDT,43.11700,-73.57829,103,49.1,50.2,49.1,97.8,48.5,0.000,0.000,0.00,0.000,0.3,1.2,0.4,348,51,0.9,7.2,0.8,352,19,0.3,1.2,0.4,348,51,0,30.16,,,,,,,,,,
SCHU,2015-09-28 03:25:00 EDT,43.11700,-73.57829,103,48.7,49.8,48.7,97.8,48.1,0.000,0.000,0.00,0.000,0.0,0.6,0.1,341,0,0.6,2.2,0.2,277,39,0.0,0.6,0.1,341,0,0,30.16,,,,,,,,,,
SCHU,2015-09-28 03:30:00 EDT,43.11700,-73.57829,103,48.7,49.6,48.7,98.1,48.2,0.000,0.000,0.00,0.000,0.0,0.0,0.0,0,0,0.7,1.3,0.3,293,14,0.0,0.0,0.0,0,0,0,30.16,,,,,,,,,,
SCHU,2015-09-28 03:35:00 EDT,43.11700,-73.57829,103,48.8,49.5,48.8,98.1,48.3,0.000,0.000,0.00,0.000,0.0,0.4,0.1,341,0,0.9,1.6,0.3,306,18,0.0,0.4,0.1,341,0,0,30.16,,,,,,,,,,
SCHU,2015-09-28 03:40:00 EDT,43.11700,-73.57829,103,48.9,49.7,48.9,98.2,48.4,0.000,0.000,0.00,0.000,0.3,1.4,0.4,338,5,1.0,6.7,0.7,329,22,0.3,1.4,0.4,338,5,0,30.16,,,,,,,,,,
SCHU,2015-09-28 03:45:00 EDT,43.11700,-73.57829,103,48.7,49.5,48.7,97.9,48.1,0.000,0.000,0.00,0.000,0.0,0.0,0.0,0,0,0.6,1.1,0.2,275,43,0.0,0.0,0.0,0,0,0,30.16,,,,,,,,,,
SCHU,2015-09-28 03:50:00 EDT,43.11700,-73.57829,103,48.0,49.1,48.0,97.5,47.3,0.000,0.000,0.00,0.000,0.0,0.0,0.0,0,0,0.6,0.9,0.2,247,13,0.0,0.0,0.0,0,0,0,30.16,,,,,,,,,,
SCHU,2015-09-28 03:55:00 EDT,43.11700,-73.57829,103,48.3,49.0,48.3,98.2,47.9,0.000,0.000,0.00,0.000,0.0,0.0,0.0,0,0,0.7,1.6,0.2,191,21,0.0,0.0,0.0,0,0,0,30.16,,,,,,,,,,
SCHU,2015-09-28 04:00:00 EDT,43.11700,-73.57829,103,48.2,48.9,48.2,98.3,47.7,0.000,0.000,0.00,0.000,0.0,0.0,0.0,0,0,0.7,1.1,0.2,271,24,0.0,0.0,0.0,0,0,0,30.16,,,,,,,,,,
SCHU,2015-09-28 04:05:00 EDT,43.11700,-73.57829,103,48.2,49.0,48.2,98.2,47.7,0.000,0.000,0.00,0.000,0.0,0.1,0.0,328,0,0.9,1.3,0.2,278,16,0.0,0.1,0.0,328,0,0,30.16,,,,,,,,,,
SCHU,2015-09-28 04:10:00 EDT,43.11700,-73.57829,103,48.4,49.0,48.4,98.4,48.0,0.000,0.000,0.00,0.000,0.7,1.2,0.4,258,0,1.1,1.3,0.1,261,12,0.7,1.2,0.4,258,0,0,30.16,,,,,,,,,,
SCHU,2015-09-28 04:15:00 EDT,43.11700,-73.57829,103,48.4,48.9,48.4,98.3,47.9,0.000,0.000,0.00,0.000,0.9,1.2,0.1,258,0,1.0,1.3,0.2,278,8,0.9,1.2,0.1,258,0,0,30.16,,,,,,,,,,
SCHU,2015-09-28 04:20:00 EDT,43.11700,-73.57829,103,48.5,49.0,48.5,98.4,48.0,0.000,0.000,0.00,0.000,0.6,0.9,0.2,258,0,0.8,2.0,0.2,253,19,0.6,0.9,0.2,258,0,0,30.16,,,,,,,,,,
SCHU,2015-09-28 04:25:00 EDT,43.11700,-73.57829,103,48.2,49.1,48.2,98.2,47.7,0.000,0.000,0.00,0.000,0.1,0.5,0.2,258,0,0.5,0.9,0.2,200,20,0.1,0.5,0.2,258,0,0,30.16,,,,,,,,,,
SCHU,2015-09-28 04:30:00 EDT,43.11700,-73.57829,103,48.2,49.1,48.2,98.3,47.7,0.000,0.000,0.00,0.000,0.0,0.0,0.0,0,0,0.8,1.3,0.2,169,9,0.0,0.0,0.0,0,0,0,30.15,,,,,,,,,,
SCHU,2015-09-28 04:35:00 EDT,43.11700,-73.57829,103,48.1,49.2,48.1,98.5,47.7,0.000,0.000,0.00,0.000,0.7,1.2,0.4,166,0,1.2,1.8,0.2,165,14,0.7,1.2,0.4,166,0,0,30.15,,,,,,,,,,
SCHU,2015-09-28 04:40:00 EDT,43.11700,-73.57829,103,48.2,49.3,48.2,98.7,47.8,0.000,0.000,0.00,0.000,0.1,0.8,0.2,167,0,0.6,1.8,0.3,201,46,0.1,0.8,0.2,167,0,0,30.15,,,,,,,,,,
SCHU,2015-09-28 04:45:00 EDT,43.11700,-73.57829,103,48.3,49.2,48.3,98.7,47.9,0.000,0.000,0.00,0.000,0.0,0.6,0.1,167,0,0.8,1.3,0.2,322,21,0.0,0.6,0.1,167,0,0,30.15,,,,,,,,,,
SCHU,2015-09-28 04:50:00 EDT,43.11700,-73.57829,103,48.5,49.4,48.5,98.8,48.2,0.000,0.000,0.00,0.000,0.0,0.1,0.0,167,0,0.6,1.1,0.2,341,16,0.0,0.1,0.0,167,0,0,30.15,,,,,,,,,,
SCHU,2015-09-28 04:55:00 EDT,43.11700,-73.57829,103,48.4,49.3,48.4,98.8,48.1,0.000,0.000,0.00,0.000,0.1,0.4,0.1,167,0,0.7,1.1,0.2,316,25,0.1,0.4,0.1,167,0,0,30.15,,,,,,,,,,
SCHU,2015-09-28 05:00:00 EDT,43.11700,-73.57829,103,48.5,49.2,48.5,98.8,48.2,0.000,0.000,0.00,0.000,0.0,0.0,0.0,0,0,1.1,1.8,0.2,290,15,0.0,0.0,0.0,0,0,0,30.15,,,,,,,,,,
SCHU,2015-09-28 05:05:00 EDT,43.11700,-73.57829,103,48.6,49.1,48.6,98.9,48.3,0.000,0.000,0.00,0.000,0.0,0.4,0.1,167,0,0.9,6.7,0.7,306,24,0.0,0.4,0.1,167,0,0,30.15,,,,,,,,,,
SCHU,2015-09-28 05:10:00 EDT,43.11700,-73.57829,103,48.4,49.2,48.4,98.9,48.1,0.000,0.000,0.00,0.000,0.1,0.7,0.2,167,0,0.7,1.6,0.3,338,16,0.1,0.7,0.2,167,0,0,30.15,,,,,,,,,,
SCHU,2015-09-28 05:15:00 EDT,43.11700,-73.57829,103,48.4,49.1,48.4,98.9,48.1,0.000,0.000,0.00,0.000,0.0,0.0,0.0,0,0,0.7,3.4,0.3,311,14,0.0,0.0,0.0,0,0,0,30.15,,,,,,,,,,
SCHU,2015-09-28 05:20:00 EDT,43.11700,-73.57829,103,48.5,49.2,48.5,99.0,48.2,0.000,0.000,0.00,0.000,0.1,0.7,0.2,167,0,0.9,2.2,0.3,316,19,0.1,0.7,0.2,167,0,0,30.15,,,,,,,,,,
SCHU,2015-09-28 05:25:00 EDT,43.11700,-73.57829,103,48.2,49.0,48.2,99.0,47.9,0.000,0.000,0.00,0.000,0.0,0.0,0.0,0,0,0.8,1.1,0.2,313,12,0.0,0.0,0.0,0,0,0,30.15,,,,,,,,,,
SCHU,2015-09-28 05:30:00 EDT,43.11700,-73.57829,103,48.4,49.0,48.4,99.0,48.2,0.000,0.000,0.00,0.000,0.4,1.3,0.4,354,19,1.0,4.7,0.6,2,17,0.4,1.3,0.4,354,19,0,30.15,,,,,,,,,,
SCHU,2015-09-28 05:35:00 EDT,43.11700,-73.57829,103,48.5,49.0,48.5,99.1,48.2,0.000,0.000,0.00,0.000,0.9,2.3,0.6,7,8,1.5,3.6,0.7,19,15,0.9,2.3,0.6,7,8,0,30.15,,,,,,,,,,
SCHU,2015-09-28 05:40:00 EDT,43.11700,-73.57829,103,48.4,49.0,48.4,99.0,48.2,0.000,0.000,0.00,0.000,0.1,1.2,0.3,343,4,0.8,2.0,0.4,4,31,0.1,1.2,0.3,343,4,0,30.15,,,,,,,,,,
SCHU,2015-09-28 05:45:00 EDT,43.11700,-73.57829,103,48.6,49.1,48.6,99.1,48.3,0.000,0.000,0.00,0.000,0.2,1.0,0.3,345,1,0.7,1.6,0.3,344,32,0.2,1.0,0.3,345,1,0,30.16,,,,,,,,,,
SCHU,2015-09-28 05:50:00 EDT,43.11700,-73.57829,103,48.6,49.0,48.6,99.1,48.4,0.000,0.000,0.00,0.000,0.4,2.3,0.7,333,2,1.1,3.1,0.7,324,31,0.4,2.3,0.7,333,2,0,30.15,,,,,,,,,,
SCHU,2015-09-28 05:55:00 EDT,43.11700,-73.57829,103,48.7,49.1,48.7,99.0,48.4,0.000,0.000,0.00,0.000,0.8,1.8,0.6,326,27,1.3,2.7,0.6,336,39,0.8,1.8,0.6,326,27,0,30.15,,,,,,,,,,
SCHU,2015-09-28 06:00:00 EDT,43.11700,-73.57829,103,48.8,49.1,48.8,98.8,48.4,0.000,0.000,0.00,0.000,0.6,0.9,0.3,291,28,0.9,1.8,0.3,299,34,0.6,0.9,0.3,291,28,0,30.15,,,,,,,,,,
SCHU,2015-09-28 06:05:00 EDT,43.11700,-73.57829,103,48.9,49.2,48.9,98.7,48.6,0.000,0.000,0.00,0.000,0.6,1.2,0.4,302,5,0.9,1.3,0.2,322,17,0.6,1.2,0.4,302,5,0,30.15,,,,,,,,,,
SCHU,2015-09-28 06:10:00 EDT,43.11700,-73.57829,103,49.1,49.3,49.1,98.8,48.7,0.000,0.000,0.00,0.000,0.1,0.9,0.2,293,0,0.7,1.3,0.3,243,48,0.1,0.9,0.2,293,0,0,30.16,,,,,,,,,,
SCHU,2015-09-28 06:15:00 EDT,43.11700,-73.57829,103,49.3,49.4,49.3,98.7,48.9,0.000,0.000,0.00,0.000,0.0,0.0,0.0,0,0,0.6,2.0,0.3,186,33,0.0,0.0,0.0,0,0,0,30.15,,,,,,,,,,
SCHU,2015-09-28 06:20:00 EDT,43.11700,-73.57829,103,49.4,49.5,49.4,98.3,49.0,0.000,0.000,0.00,0.000,0.0,0.0,0.0,0,0,0.6,1.1,0.2,203,22,0.0,0.0,0.0,0,0,0,30.16,,,,,,,,,,
SCHU,2015-09-28 06:25:00 EDT,43.11700,-73.57829,103,49.5,49.6,49.5,98.3,49.0,0.000,0.000,0.00,0.000,0.0,0.0,0.0,0,0,0.5,1.1,0.2,154,29,0.0,0.0,0.0,0,0,0,30.16,,,,,,,,,,
SCHU,2015-09-28 06:30:00 EDT,43.11700,-73.57829,103,49.5,49.8,49.5,98.3,49.1,0.000,0.000,0.00,0.000,0.0,0.0,0.0,0,0,0.6,1.6,0.2,124,33,0.0,0.0,0.0,0,0,0,30.16,,,,,,,,,,
SCHU,2015-09-28 06:35:00 EDT,43.11700,-73.57829,103,49.5,49.9,49.5,98.2,49.0,0.000,0.000,0.00,0.000,0.0,0.0,0.0,0,0,0.5,4.7,0.6,138,75,0.0,0.0,0.0,0,0,1,30.16,,,,,,,,,,
SCHU,2015-09-28 06:40:00 EDT,43.11700,-73.57829,103,49.4,50.0,49.4,98.1,48.9,0.000,0.000,0.00,0.000,0.0,0.0,0.0,0,0,0.5,4.0,0.4,154,50,0.0,0.0,0.0,0,0,1,30.16,,,,,,,,,,
SCHU,2015-09-28 06:45:00 EDT,43.11700,-73.57829,103,49.2,49.9,49.2,98.1,48.7,0.000,0.000,0.00,0.000,0.1,0.9,0.2,292,0,0.8,3.8,0.4,253,20,0.1,0.9,0.2,292,0,3,30.16,,,,,,,,,,
SCHU,2015-09-28 06:50:00 EDT,43.11700,-73.57829,103,49.3,49.7,49.3,98.2,48.8,0.000,0.000,0.00,0.000,1.0,1.2,0.1,292,0,1.3,1.8,0.2,276,7,1.0,1.2,0.1,292,0,4,30.16,,,,,,,,,,
SCHU,2015-09-28 06:55:00 EDT,43.11700,-73.57829,103,49.3,49.6,49.3,98.3,48.8,0.000,0.000,0.00,0.000,0.5,0.9,0.3,291,0,1.0,1.6,0.2,269,8,0.5,0.9,0.3,291,0,5,30.16,,,,,,,,,,
SCHU,2015-09-28 07:00:00 EDT,43.11700,-73.57829,103,49.1,49.6,49.1,98.0,48.6,0.000,0.000,0.00,0.000,0.0,0.0,0.0,0,0,0.6,1.1,0.2,243,24,0.0,0.0,0.0,0,0,8,30.16,,,,,,,,,,
SCHU,2015-09-28 07:05:00 EDT,43.11700,-73.57829,103,48.9,49.5,48.9,98.0,48.4,0.000,0.000,0.00,0.000,0.0,0.0,0.0,0,0,0.6,5.8,0.5,204,40,0.0,0.0,0.0,0,0,10,30.16,,,,,,,,,,
SCHU,2015-09-28 07:10:00 EDT,43.11700,-73.57829,103,48.9,49.5,48.9,98.3,48.5,0.000,0.000,0.00,0.000,0.0,0.0,0.0,0,0,0.5,6.5,0.6,190,20,0.0,0.0,0.0,0,0,13,30.16,,,,,,,,,,
SCHU,2015-09-28 07:15:00 EDT,43.11700,-73.57829,103,48.9,49.6,48.9,98.4,48.5,0.000,0.000,0.00,0.000,0.1,0.7,0.2,292,0,0.5,1.6,0.3,252,34,0.1,0.7,0.2,292,0,18,30.15,,,,,,,,,,
SCHU,2015-09-28 07:20:00 EDT,43.11700,-73.57829,103,49.0,49.8,49.0,98.4,48.6,0.000,0.000,0.00,0.000,0.1,0.5,0.2,292,0,0.5,1.1,0.3,274,25,0.1,0.5,0.2,292,0,25,30.15,,,,,,,,,,
SCHU,2015-09-28 07:25:00 EDT,43.11700,-73.57829,103,49.3,50.1,49.3,98.5,48.9,0.000,0.000,0.00,0.000,0.1,0.4,0.1,292,0,0.6,0.9,0.2,280,15,0.1,0.4,0.1,292,0,25,30.16,,,,,,,,,,
SCHU,2015-09-28 07:30:00 EDT,43.11700,-73.57829,103,49.8,50.4,49.8,98.6,49.4,0.000,0.000,0.00,0.000,0.3,0.7,0.3,292,0,0.7,1.1,0.2,293,20,0.3,0.7,0.3,292,0,29,30.16,,,,,,,,,,
SCHU,2015-09-28 07:35:00 EDT,43.11700,-73.57829,103,50.3,50.7,50.3,98.7,49.9,0.000,0.000,0.00,0.000,0.0,0.0,0.0,0,0,0.5,0.9,0.2,339,29,0.0,0.0,0.0,0,0,30,30.16,,,,,,,,,,
SCHU,2015-09-28 07:40:00 EDT,43.11700,-73.57829,103,50.0,50.8,50.0,98.4,49.6,0.000,0.000,0.00,0.000,0.0,0.0,0.0,0,0,0.4,0.9,0.2,344,40,0.0,0.0,0.0,0,0,32,30.16,,,,,,,,,,
SCHU,2015-09-28 07:45:00 EDT,43.11700,-73.57829,103,49.8,51.0,49.8,97.8,49.2,0.000,0.000,0.00,0.000,0.0,0.4,0.1,292,0,0.6,1.1,0.2,313,36,0.0,0.4,0.1,292,0,36,30.16,,,,,,,,,,
SCHU,2015-09-28 07:50:00 EDT,43.11700,-73.57829,103,50.2,51.3,50.2,98.1,49.6,0.000,0.000,0.00,0.000,0.0,0.0,0.0,0,0,0.4,4.5,0.5,223,68,0.0,0.0,0.0,0,0,53,30.16,,,,,,,,,,
SCHU,2015-09-28 07:55:00 EDT,43.11700,-73.57829,103,51.0,51.5,51.0,98.4,50.5,0.000,0.000,0.00,0.000,0.0,0.0,0.0,0,0,0.4,0.9,0.2,257,41,0.0,0.0,0.0,0,0,110,30.16,,,,,,,,,,
SCHU,2015-09-28 08:00:00 EDT,43.11700,-73.57829,103,51.8,52.0,51.8,98.2,51.3,0.000,0.000,0.00,0.000,0.0,0.0,0.0,0,0,0.9,3.4,0.4,354,20,0.0,0.0,0.0,0,0,142,30.16,,,,,,,,,,
SCHU,2015-09-28 08:05:00 EDT,43.11700,-73.57829,103,52.3,52.3,52.3,96.8,51.4,0.000,0.000,0.00,0.000,0.0,0.0,0.0,0,0,1.1,6.0,0.6,21,22,0.0,0.0,0.0,0,0,163,30.16,,,,,,,,,,
SCHU,2015-09-28 08:10:00 EDT,43.11700,-73.57829,103,52.6,52.5,52.6,94.4,51.0,0.000,0.000,0.00,0.000,0.3,1.2,0.4,15,6,1.2,4.0,0.4,28,27,0.3,1.2,0.4,15,6,184,30.16,,,,,,,,,,
SCHU,2015-09-28 08:15:00 EDT,43.11700,-73.57829,103,53.1,53.1,53.1,93.1,51.2,0.000,0.000,0.00,0.000,0.0,0.0,0.0,0,0,0.9,2.9,0.4,60,31,0.0,0.0,0.0,0,0,194,30.16,,,,,,,,,,
SCHU,2015-09-28 08:20:00 EDT,43.11700,-73.57829,103,54.0,53.4,54.0,90.2,51.2,0.000,0.000,0.00,0.000,0.1,0.7,0.2,13,0,1.0,8.1,0.8,55,33,0.1,0.7,0.2,13,0,193,30.15,,,,,,,,,,
SCHU,2015-09-28 08:25:00 EDT,43.11700,-73.57829,103,53.9,53.8,53.9,88.1,50.5,0.000,0.000,0.00,0.000,0.0,0.0,0.0,0,0,0.7,2.9,0.5,46,60,0.0,0.0,0.0,0,0,160,30.15,,,,,,,,,,
SCHU,2015-09-28 08:30:00 EDT,43.11700,-73.57829,103,54.6,54.2,54.6,88.7,51.3,0.000,0.000,0.00,0.000,0.0,0.0,0.0,0,0,0.6,1.8,0.4,88,52,0.0,0.0,0.0,0,0,138,30.15,,,,,,,,,,
SCHU,2015-09-28 08:35:00 EDT,43.11700,-73.57829,103,54.9,54.6,54.9,89.1,51.7,0.000,0.000,0.00,0.000,0.0,0.0,0.0,0,0,0.6,1.6,0.3,303,49,0.0,0.0,0.0,0,0,126,30.15,,,,,,,,,,
SCHU,2015-09-28 08:40:00 EDT,43.11700,-73.57829,103,55.1,55.0,55.1,89.9,52.2,0.000,0.000,0.00,0.000,0.0,0.5,0.1,318,0,1.0,4.9,0.7,24,24,0.0,0.5,0.1,318,0,126,30.16,,,,,,,,,,
SCHU,2015-09-28 08:45:00 EDT,43.11700,-73.57829,103,55.5,55.3,55.5,90.4,52.8,0.000,0.000,0.00,0.000,0.4,1.3,0.4,10,12,1.3,2.5,0.4,31,17,0.4,1.3,0.4,10,12,131,30.16,,,,,,,,,,
SCHU,2015-09-28 08:50:00 EDT,43.11700,-73.57829,103,55.6,55.5,55.6,90.6,52.9,0.000,0.000,0.00,0.000,0.6,1.3,0.4,33,12,1.3,2.2,0.4,38,16,0.6,1.3,0.4,33,12,137,30.16,,,,,,,,,,
SCHU,2015-09-28 08:55:00 EDT,43.11700,-73.57829,103,56.4,55.9,56.4,90.3,53.6,0.000,0.000,0.00,0.000,0.4,1.4,0.4,37,16,1.4,2.5,0.5,46,21,0.4,1.4,0.4,37,16,152,30.16,,,,,,,,,,
SCHU,2015-09-28 09:00:00 EDT,43.11700,-73.57829,103,56.5,56.1,56.5,89.1,53.3,0.000,0.000,0.00,0.000,1.1,2.2,0.4,36,14,1.7,2.9,0.5,46,13,1.1,2.2,0.4,36,14,169,30.15,,,,,,,,,,
SCHU,2015-09-28 09:05:00 EDT,43.11700,-73.57829,103,56.7,56.2,56.7,89.1,53.5,0.000,0.000,0.00,0.000,1.1,1.9,0.5,64,9,1.9,4.5,0.6,67,11,1.1,1.9,0.5,64,9,166,30.15,,,,,,,,,,
SCHU,2015-09-28 09:10:00 EDT,43.11700,-73.57829,103,57.2,56.6,57.2,89.3,54.0,0.000,0.000,0.00,0.000,0.3,1.0,0.4,87,8,1.2,7.4,0.8,96,44,0.3,1.0,0.4,87,8,181,30.16,,,,,,,,,,
SCHU,2015-09-28 09:15:00 EDT,43.11700,-73.57829,103,57.7,57.2,57.7,89.9,54.8,0.000,0.000,0.00,0.000,0.3,1.5,0.4,54,31,1.2,2.5,0.6,72,43,0.3,1.5,0.4,54,31,201,30.16,,,,,,,,,,
SCHU,2015-09-28 09:20:00 EDT,43.11700,-73.57829,103,58.1,57.4,58.1,87.7,54.5,0.000,0.000,0.00,0.000,0.9,1.8,0.4,72,35,1.6,2.7,0.5,75,30,0.9,1.8,0.4,72,35,187,30.16,,,,,,,,,,
SCHU,2015-09-28 09:25:00 EDT,43.11700,-73.57829,103,58.0,57.6,58.0,87.6,54.4,0.000,0.000,0.00,0.000,0.9,1.7,0.5,45,18,1.7,2.5,0.4,56,17,0.9,1.7,0.5,45,18,203,30.16,,,,,,,,,,
SCHU,2015-09-28 09:30:00 EDT,43.11700,-73.57829,103,58.2,57.9,58.2,87.2,54.4,0.000,0.000,0.00,0.000,0.6,1.5,0.4,57,11,1.5,2.7,0.4,54,18,0.6,1.5,0.4,57,11,212,30.16,,,,,,,,,,
SCHU,2015-09-28 09:35:00 EDT,43.11700,-73.57829,103,58.7,58.1,58.7,87.0,54.8,0.000,0.000,0.00,0.000,0.8,1.5,0.3,30,16,1.6,2.7,0.4,34,20,0.8,1.5,0.3,30,16,219,30.16,,,,,,,,,,
SCHU,2015-09-28 09:40:00 EDT,43.11700,-73.57829,103,58.9,58.3,58.9,86.7,54.9,0.000,0.000,0.00,0.000,0.8,2.8,0.7,78,52,1.5,4.5,0.8,63,49,0.8,2.8,0.7,78,52,242,30.16,,,,,,,,,,
SCHU,2015-09-28 09:45:00 EDT,43.11700,-73.57829,103,59.2,58.9,59.2,86.3,55.2,0.000,0.000,0.00,0.000,0.7,2.1,0.6,302,34,1.3,2.9,0.6,322,56,0.7,2.1,0.6,302,34,342,30.16,,,,,,,,,,
SCHU,2015-09-28 09:50:00 EDT,43.11700,-73.57829,103,59.5,59.0,59.5,85.7,55.2,0.000,0.000,0.00,0.000,0.8,2.0,0.6,218,45,1.2,6.0,0.7,174,64,0.8,2.0,0.6,218,45,290,30.16,,,,,,,,,,
SCHU,2015-09-28 09:55:00 EDT,43.11700,-73.57829,103,59.8,59.3,59.8,83.9,54.9,0.000,0.000,0.00,0.000,0.4,1.6,0.4,335,20,1.3,7.8,0.9,18,44,0.4,1.6,0.4,335,20,313,30.16,,,,,,,,,,
SCHU,2015-09-28 10:00:00 EDT,43.11700,-73.57829,103,60.5,59.6,60.5,83.6,55.5,0.000,0.000,0.00,0.000,1.4,2.8,0.8,102,18,2.2,3.8,0.8,97,22,1.4,2.8,0.8,102,18,326,30.16,,,,,,,,,,
SCHU,2015-09-28 10:05:00 EDT,43.11700,-73.57829,103,61.1,59.9,61.1,83.1,55.9,0.000,0.000,0.00,0.000,1.5,3.7,0.9,90,12,2.5,5.8,1.1,89,14,1.5,3.7,0.9,90,12,372,30.16,,,,,,,,,,
SCHU,2015-09-28 10:10:00 EDT,43.11700,-73.57829,103,61.6,60.5,61.6,83.2,56.4,0.000,0.000,0.00,0.000,0.8,2.6,0.7,116,23,1.7,3.8,0.8,106,30,0.8,2.6,0.7,116,23,351,30.16,,,,,,,,,,
SCHU,2015-09-28 10:15:00 EDT,43.11700,-73.57829,103,62.1,61.2,62.1,82.1,56.5,0.000,0.000,0.00,0.000,2.1,3.7,0.8,149,30,2.8,4.9,0.9,140,31,2.1,3.7,0.8,149,30,367,30.15,,,,,,,,,,
SCHU,2015-09-28 10:20:00 EDT,43.11700,-73.57829,103,62.4,61.6,62.4,80.9,56.5,0.000,0.000,0.00,0.000,2.9,5.7,1.0,139,18,3.4,6.5,1.2,136,17,2.9,5.7,1.0,139,18,365,30.15,,,,,,,,,,
SCHU,2015-09-28 10:25:00 EDT,43.11700,-73.57829,103,62.9,62.0,62.9,80.8,56.9,0.000,0.000,0.00,0.000,3.2,5.6,0.9,129,26,3.8,5.8,1.0,124,22,3.2,5.6,0.9,129,26,435,30.15,,,,,,,,,,
SCHU,2015-09-28 10:30:00 EDT,43.11700,-73.57829,103,63.4,62.2,63.4,80.2,57.2,0.000,0.000,0.00,0.000,2.8,5.8,1.3,138,24,3.5,6.9,1.3,131,22,2.8,5.8,1.3,138,24,386,30.15,,,,,,,,,,
SCHU,2015-09-28 10:35:00 EDT,43.11700,-73.57829,103,64.3,62.9,64.3,79.7,57.9,0.000,0.000,0.00,0.000,2.9,5.4,1.0,109,23,3.7,6.3,1.1,107,21,2.9,5.4,1.0,109,23,473,30.15,,,,,,,,,,
SCHU,2015-09-28 10:40:00 EDT,43.11700,-73.57829,103,65.0,63.8,65.0,78.6,58.2,0.000,0.000,0.00,0.000,2.3,5.0,1.3,152,28,3.2,7.2,1.4,142,29,2.3,5.0,1.3,152,28,557,30.14,,,,,,,,,,
SCHU,2015-09-28 10:45:00 EDT,43.11700,-73.57829,103,64.8,64.0,64.8,77.4,57.5,0.000,0.000,0.00,0.000,4.7,8.5,1.5,161,20,5.3,9.2,1.7,157,21,4.7,8.5,1.5,161,20,308,30.14,,,,,,,,,,
SCHU,2015-09-28 10:50:00 EDT,43.11700,-73.57829,103,64.9,64.3,64.9,77.6,57.8,0.000,0.000,0.00,0.000,3.9,6.6,1.1,144,17,4.4,6.7,1.2,140,17,3.9,6.6,1.1,144,17,368,30.14,,,,,,,,,,
SCHU,2015-09-28 10:55:00 EDT,43.11700,-73.57829,103,65.8,65.1,65.8,76.7,58.3,0.000,0.000,0.00,0.000,3.9,6.5,1.4,149,25,4.4,7.8,1.6,145,22,3.9,6.5,1.4,149,25,449,30.14,,,,,,,,,,
SCHU,2015-09-28 11:00:00 EDT,43.11700,-73.57829,103,66.2,65.5,66.2,75.0,58.0,0.000,0.000,0.00,0.000,4.1,7.2,1.4,156,14,4.7,7.8,1.5,153,14,4.1,7.2,1.4,156,14,389,30.13,,,,,,,,,,
SCHU,2015-09-28 11:05:00 EDT,43.11700,-73.57829,103,66.0,65.4,66.0,75.3,58.0,0.000,0.000,0.00,0.000,5.6,8.0,1.5,157,11,6.3,9.4,1.7,154,12,5.6,8.0,1.5,157,11,404,30.13,,,,,,,,,,
SCHU,2015-09-28 11:10:00 EDT,43.11700,-73.57829,103,66.7,65.7,66.7,75.7,58.8,0.000,0.000,0.00,0.000,3.7,8.0,1.7,145,22,4.6,9.2,1.7,141,21,3.7,8.0,1.7,145,22,426,30.13,,,,,,,,,,
SCHU,2015-09-28 11:15:00 EDT,43.11700,-73.57829,103,67.4,66.4,67.4,73.6,58.7,0.000,0.000,0.00,0.000,3.4,7.3,1.5,178,26,3.9,8.1,1.6,174,27,3.4,7.3,1.5,178,26,623,30.13,,,,,,,,,,
SCHU,2015-09-28 11:20:00 EDT,43.11700,-73.57829,103,67.6,66.7,67.6,71.7,58.2,0.000,0.000,0.00,0.000,4.3,6.6,1.2,159,26,4.8,8.1,1.5,153,25,4.3,6.6,1.2,159,26,601,30.13,,,,,,,,,,
SCHU,2015-09-28 11:25:00 EDT,43.11700,-73.57829,103,67.8,66.8,67.8,70.5,57.9,0.000,0.000,0.00,0.000,6.3,10.3,1.7,154,15,7.2,11.2,1.8,152,16,6.3,10.3,1.7,154,15,535,30.13,,,,,,,,,,
SCHU,2015-09-28 11:30:00 EDT,43.11700,-73.57829,103,67.8,67.0,67.8,70.1,57.7,0.000,0.000,0.00,0.000,5.0,8.6,1.5,150,18,5.7,8.5,1.6,147,18,5.0,8.6,1.5,150,18,562,30.12,,,,,,,,,,
SCHU,2015-09-28 11:35:00 EDT,43.11700,-73.57829,103,68.2,67.4,68.2,70.3,58.2,0.000,0.000,0.00,0.000,3.5,7.2,1.4,165,35,4.0,7.8,1.5,159,36,3.5,7.2,1.4,165,35,422,30.12,,,,,,,,,,
SCHU,2015-09-28 11:40:00 EDT,43.11700,-73.57829,103,67.6,67.2,67.6,69.3,57.2,0.000,0.000,0.00,0.000,4.5,7.7,1.4,187,26,4.9,8.9,1.5,185,24,4.5,7.7,1.4,187,26,270,30.12,,,,,,,,,,
SCHU,2015-09-28 11:45:00 EDT,43.11700,-73.57829,103,67.6,67.2,67.6,69.8,57.4,0.000,0.000,0.00,0.000,4.0,7.6,1.3,162,19,4.6,8.5,1.4,160,20,4.0,7.6,1.3,162,19,268,30.12,,,,,,,,,,
SCHU,2015-09-28 11:50:00 EDT,43.11700,-73.57829,103,67.6,67.3,67.6,69.4,57.2,0.000,0.000,0.00,0.000,4.9,7.4,1.0,158,12,5.5,8.5,1.2,155,13,4.9,7.4,1.0,158,12,264,30.12,,,,,,,,,,
SCHU,2015-09-28 11:55:00 EDT,43.11700,-73.57829,103,68.1,67.6,68.1,70.4,58.1,0.000,0.000,0.00,0.000,2.5,5.0,1.0,197,31,2.9,5.6,1.0,189,33,2.5,5.0,1.0,197,31,278,30.12,,,,,,,,,,
SCHU,2015-09-28 12:00:00 EDT,43.11700,-73.57829,103,68.2,67.7,68.2,68.6,57.5,0.000,0.000,0.00,0.000,3.2,8.8,1.7,185,26,3.9,9.4,1.8,179,28,3.2,8.8,1.7,185,26,354,30.12,,,,,,,,,,
SCHU,2015-09-28 12:05:00 EDT,43.11700,-73.57829,103,69.0,68.1,69.0,68.9,58.4,0.000,0.000,0.00,0.000,2.7,5.6,1.3,189,28,2.9,6.9,1.4,184,29,2.7,5.6,1.3,189,28,457,30.12,,,,,,,,,,
SCHU,2015-09-28 12:10:00 EDT,43.11700,-73.57829,103,69.0,68.4,69.0,68.8,58.3,0.000,0.000,0.00,0.000,2.4,4.7,0.7,167,21,2.8,4.9,0.8,163,21,2.4,4.7,0.7,167,21,273,30.12,,,,,,,,,,
SCHU,2015-09-28 12:15:00 EDT,43.11700,-73.57829,103,68.8,68.3,68.8,69.0,58.3,0.000,0.000,0.00,0.000,2.9,5.2,1.1,148,16,3.4,6.0,1.1,143,14,2.9,5.2,1.1,148,16,196,30.11,,,,,,,,,,
SCHU,2015-09-28 12:20:00 EDT,43.11700,-73.57829,103,68.6,68.2,68.6,70.8,58.7,0.000,0.000,0.00,0.000,3.2,5.9,0.9,173,32,3.5,7.6,1.2,168,31,3.2,5.9,0.9,173,32,160,30.11,,,,,,,,,,
SCHU,2015-09-28 12:25:00 EDT,43.11700,-73.57829,103,68.6,68.4,68.6,70.7,58.7,0.000,0.000,0.00,0.000,1.2,3.7,0.8,231,41,1.5,3.1,0.6,224,64,1.2,3.7,0.8,231,41,156,30.11,,,,,,,,,,
SCHU,2015-09-28 12:30:00 EDT,43.11700,-73.57829,103,68.6,68.3,68.6,70.5,58.6,0.000,0.000,0.00,0.000,1.0,2.6,0.8,183,34,1.6,3.6,0.7,155,48,1.0,2.6,0.8,183,34,161,30.11,,,,,,,,,,
SCHU,2015-09-28 12:35:00 EDT,43.11700,-73.57829,103,68.3,68.1,68.3,69.2,57.9,0.000,0.000,0.00,0.000,2.2,4.5,1.0,197,26,2.3,5.4,1.2,193,27,2.2,4.5,1.0,197,26,153,30.10,,,,,,,,,,
SCHU,2015-09-28 12:40:00 EDT,43.11700,-73.57829,103,68.2,68.0,68.2,69.9,58.0,0.000,0.000,0.00,0.000,2.1,3.7,0.7,212,14,2.0,4.0,0.6,210,15,2.1,3.7,0.7,212,14,130,30.10,,,,,,,,,,
SCHU,2015-09-28 12:45:00 EDT,43.11700,-73.57829,103,68.2,68.0,68.2,71.3,58.5,0.000,0.000,0.00,0.000,1.3,3.1,0.8,229,29,1.7,3.8,0.7,223,41,1.3,3.1,0.8,229,29,118,30.10,,,,,,,,,,
SCHU,2015-09-28 12:50:00 EDT,43.11700,-73.57829,103,68.2,68.0,68.2,71.5,58.6,0.000,0.000,0.00,0.000,1.2,2.9,0.6,228,28,1.3,2.9,0.6,228,39,1.2,2.9,0.6,228,28,125,30.10,,,,,,,,,,
SCHU,2015-09-28 12:55:00 EDT,43.11700,-73.57829,103,68.3,68.0,68.3,72.0,58.9,0.000,0.000,0.00,0.000,0.5,1.2,0.4,219,32,0.9,2.0,0.4,209,49,0.5,1.2,0.4,219,32,145,30.10,,,,,,,,,,
SCHU,2015-09-28 13:00:00 EDT,43.11700,-73.57829,103,68.3,68.1,68.3,72.5,59.1,0.000,0.000,0.00,0.000,1.6,3.5,0.9,211,23,1.9,4.0,0.8,207,35,1.6,3.5,0.9,211,23,163,30.10,,,,,,,,,,
SCHU,2015-09-28 13:05:00 EDT,43.11700,-73.57829,103,68.5,68.2,68.5,73.0,59.5,0.000,0.000,0.00,0.000,1.3,3.9,1.0,205,33,1.5,4.3,0.8,198,41,1.3,3.9,1.0,205,33,135,30.10,,,,,,,,,,
SCHU,2015-09-28 13:10:00 EDT,43.11700,-73.57829,103,68.3,68.2,68.3,73.4,59.5,0.000,0.000,0.00,0.000,1.5,5.0,1.1,206,27,1.9,5.1,1.1,204,39,1.5,5.0,1.1,206,27,87,30.09,,,,,,,,,,
SCHU,2015-09-28 13:15:00 EDT,43.11700,-73.57829,103,68.1,68.1,68.1,74.1,59.5,0.000,0.000,0.00,0.000,0.6,2.6,0.6,241,38,1.1,2.9,0.5,248,61,0.6,2.6,0.6,241,38,70,30.10,,,,,,,,,,
SCHU,2015-09-28 13:20:00 EDT,43.11700,-73.57829,103,67.7,67.7,67.7,75.0,59.5,0.006,0.006,0.00,0.006,1.5,3.8,1.0,270,25,1.7,3.6,0.8,295,38,1.5,3.8,1.0,270,25,73,30.10,,,,,,,,,,
SCHU,2015-09-28 13:25:00 EDT,43.11700,-73.57829,103,67.1,67.2,67.1,77.6,59.9,0.002,0.008,0.00,0.008,0.5,1.9,0.5,280,49,1.1,4.5,0.6,349,73,0.5,1.9,0.5,280,49,83,30.10,,,,,,,,,,
SCHU,2015-09-28 13:30:00 EDT,43.11700,-73.57829,103,66.5,66.6,66.5,82.7,61.0,0.002,0.010,0.00,0.010,0.8,2.3,0.6,156,23,1.4,2.9,0.7,142,30,0.8,2.3,0.6,156,23,110,30.10,,,,,,,,,,
SCHU,2015-09-28 13:35:00 EDT,43.11700,-73.57829,103,66.6,66.5,66.6,83.4,61.4,0.004,0.014,0.00,0.014,1.1,2.6,0.5,139,24,1.7,2.9,0.6,128,23,1.1,2.6,0.5,139,24,150,30.09,,,,,,,,,,
SCHU,2015-09-28 13:40:00 EDT,43.11700,-73.57829,103,66.5,66.3,66.5,83.9,61.5,0.002,0.016,0.00,0.016,0.9,2.6,0.6,157,11,1.4,2.7,0.5,144,18,0.9,2.6,0.6,157,11,229,30.09,,,,,,,,,,
SCHU,2015-09-28 13:45:00 EDT,43.11700,-73.57829,103,66.8,66.5,66.8,85.3,62.2,0.001,0.017,0.00,0.017,1.3,2.2,0.4,146,24,1.8,3.1,0.5,134,24,1.3,2.2,0.4,146,24,295,30.08,,,,,,,,,,
SCHU,2015-09-28 13:50:00 EDT,43.11700,-73.57829,103,67.3,66.9,67.3,84.2,62.4,0.000,0.017,0.00,0.017,1.0,2.3,0.6,129,39,1.7,3.1,0.6,122,36,1.0,2.3,0.6,129,39,319,30.08,,,,,,,,,,
SCHU,2015-09-28 13:55:00 EDT,43.11700,-73.57829,103,67.7,67.2,67.7,84.6,62.9,0.000,0.017,0.00,0.017,0.9,2.6,0.8,152,21,1.6,3.4,0.7,131,37,0.9,2.6,0.8,152,21,306,30.08,,,,,,,,,,
SCHU,2015-09-28 14:00:00 EDT,43.11700,-73.57829,103,,,,,,,,,,,,,,,,,,,,,,,,,,,,,,,,,,,,
SCHU,2015-09-28 14:05:00 EDT,43.11700,-73.57829,103,,,,,,,,,,,,,,,,,,,,,,,,,,,,,,,,,,,,
SCHU,2015-09-28 14:10:00 EDT,43.11700,-73.57829,103,67.7,67.5,67.7,79.9,61.3,,0.017,0.00,0.017,1.4,2.9,0.6,325,38,1.9,3.6,0.7,349,37,1.4,2.9,0.6,325,38,265,30.08,,,,,,,,,,
SCHU,2015-09-28 14:15:00 EDT,43.11700,-73.57829,103,68.3,67.6,68.3,82.3,62.7,0.000,0.017,0.00,0.017,1.3,2.6,0.5,97,39,2.1,3.8,0.6,92,32,1.3,2.6,0.5,97,39,251,30.07,,,,,,,,,,
SCHU,2015-09-28 14:20:00 EDT,43.11700,-73.57829,103,68.3,67.8,68.3,79.6,61.7,0.000,0.017,0.00,0.010,1.5,3.3,0.7,168,28,1.9,3.6,0.6,159,28,1.5,3.3,0.7,168,28,208,30.07,,,,,,,,,,
SCHU,2015-09-28 14:25:00 EDT,43.11700,-73.57829,103,68.0,67.6,68.0,81.1,62.0,0.000,0.017,0.00,0.008,1.8,3.7,1.1,213,23,1.9,4.0,1.0,210,32,1.8,3.7,1.1,213,23,210,30.07,,,,,,,,,,
SCHU,2015-09-28 14:30:00 EDT,43.11700,-73.57829,103,68.0,67.8,68.0,79.7,61.5,0.000,0.017,0.00,0.007,0.7,2.0,0.6,305,25,1.2,2.9,0.6,330,37,0.7,2.0,0.6,305,25,192,30.07,,,,,,,,,,
SCHU,2015-09-28 14:35:00 EDT,43.11700,-73.57829,103,68.0,67.7,68.0,79.3,61.3,0.000,0.017,0.00,0.002,2.2,3.7,0.9,213,30,2.3,4.3,0.9,209,36,2.2,3.7,0.9,213,30,187,30.07,,,,,,,,,,
SCHU,2015-09-28 14:40:00 EDT,43.11700,-73.57829,103,67.9,67.6,67.9,79.1,61.2,0.000,0.017,0.00,0.001,1.9,2.9,0.6,178,18,2.2,3.1,0.6,168,21,1.9,2.9,0.6,178,18,179,30.07,,,,,,,,,,
SCHU,2015-09-28 14:45:00 EDT,43.11700,-73.57829,103,68.1,67.7,68.1,79.9,61.7,0.000,0.017,0.00,0.000,1.6,2.9,0.6,146,23,2.1,3.8,0.7,138,25,1.6,2.9,0.6,146,23,188,30.06,,,,,,,,,,
SCHU,2015-09-28 14:50:00 EDT,43.11700,-73.57829,103,68.0,67.6,68.0,80.1,61.6,0.000,0.017,0.00,0.000,1.3,2.3,0.5,189,10,1.5,2.9,0.5,180,13,1.3,2.3,0.5,189,10,212,30.06,,,,,,,,,,
SCHU,2015-09-28 14:55:00 EDT,43.11700,-73.57829,103,68.0,67.7,68.0,79.8,61.6,0.000,0.017,0.00,0.000,0.5,1.2,0.4,205,8,0.8,1.6,0.5,184,35,0.5,1.2,0.4,205,8,178,30.06,,,,,,,,,,
SCHU,2015-09-28 15:00:00 EDT,43.11700,-73.57829,103,68.4,67.9,68.4,79.5,61.8,0.000,0.017,0.00,,0.3,1.0,0.3,130,12,1.1,1.8,0.4,107,26,0.3,1.0,0.3,130,12,162,30.06,,,,,,,,,,
SCHU,2015-09-28 15:05:00 EDT,43.11700,-73.57829,103,68.3,67.8,68.3,81.1,62.3,0.000,0.017,0.00,,1.8,2.6,0.4,118,8,2.3,3.4,0.4,116,9,1.8,2.6,0.4,118,8,144,30.06,,,,,,,,,,
SCHU,2015-09-28 15:10:00 EDT,43.11700,-73.57829,103,68.1,67.7,68.1,81.0,62.1,0.000,0.017,0.00,0.000,1.2,1.9,0.3,112,14,1.8,2.9,0.4,112,15,1.2,1.9,0.3,112,14,134,30.06,,,,,,,,,,
SCHU,2015-09-28 15:15:00 EDT,43.11700,-73.57829,103,68.1,67.8,68.1,82.7,62.6,0.000,0.017,0.00,0.000,1.3,2.4,0.4,131,14,1.8,8.1,0.7,128,11,1.3,2.4,0.4,131,14,128,30.05,,,,,,,,,,
SCHU,2015-09-28 15:20:00 EDT,43.11700,-73.57829,103,68.0,67.6,68.0,84.1,63.0,0.000,0.017,0.00,0.000,1.5,2.1,0.3,139,10,1.7,3.1,0.4,130,8,1.5,2.1,0.3,139,10,171,30.05,,,,,,,,,,
SCHU,2015-09-28 15:25:00 EDT,43.11700,-73.57829,103,68.0,67.7,68.0,85.4,63.5,0.000,0.017,0.00,0.000,0.6,2.0,0.6,166,28,1.0,2.0,0.5,157,53,0.6,2.0,0.6,166,28,193,30.05,,,,,,,,,,
SCHU,2015-09-28 15:30:00 EDT,43.11700,-73.57829,103,68.2,68.0,68.2,83.8,63.1,0.000,0.017,0.00,0.000,0.4,1.5,0.5,137,25,1.2,2.5,0.5,131,32,0.4,1.5,0.5,137,25,191,30.05,,,,,,,,,,
SCHU,2015-09-28 15:35:00 EDT,43.11700,-73.57829,103,68.5,68.0,68.5,82.5,62.9,0.000,0.017,0.00,0.000,1.1,1.8,0.4,127,19,1.6,2.9,0.5,118,17,1.1,1.8,0.4,127,19,194,30.04,,,,,,,,,,
SCHU,2015-09-28 15:40:00 EDT,43.11700,-73.57829,103,68.4,68.0,68.4,82.0,62.7,0.000,0.017,0.00,0.000,1.1,2.4,0.6,150,23,1.5,3.1,0.6,144,24,1.1,2.4,0.6,150,23,170,30.04,,,,,,,,,,
SCHU,2015-09-28 15:45:00 EDT,43.11700,-73.57829,103,68.2,68.1,68.2,81.4,62.3,0.000,0.017,0.00,0.000,0.7,1.8,0.4,181,33,1.1,2.0,0.3,155,35,0.7,1.8,0.4,181,33,144,30.04,,,,,,,,,,
SCHU,2015-09-28 15:50:00 EDT,43.11700,-73.57829,103,68.4,68.2,68.4,81.7,62.6,0.000,0.017,0.00,0.000,0.0,0.0,0.0,0,0,0.6,1.1,0.2,125,50,0.0,0.0,0.0,0,0,147,30.04,,,,,,,,,,
SCHU,2015-09-28 15:55:00 EDT,43.11700,-73.57829,103,68.8,68.4,68.8,82.0,63.1,0.000,0.017,0.00,0.000,0.1,1.0,0.3,49,16,1.1,2.2,0.4,33,44,0.1,1.0,0.3,49,16,176,30.04,,,,,,,,,,
SCHU,2015-09-28 16:00:00 EDT,43.11700,-73.57829,103,68.6,68.2,68.6,80.8,62.5,0.000,0.017,0.00,0.000,1.2,2.1,0.5,55,12,1.9,3.1,0.5,56,12,1.2,2.1,0.5,55,12,170,30.04,,,,,,,,,,
SCHU,2015-09-28 16:05:00 EDT,43.11700,-73.57829,103,68.7,68.4,68.7,81.8,63.0,0.000,0.017,0.00,0.000,0.3,1.3,0.4,37,0,1.1,2.2,0.4,44,14,0.3,1.3,0.4,37,0,155,30.03,,,,,,,,,,
SCHU,2015-09-28 16:10:00 EDT,43.11700,-73.57829,103,68.7,68.4,68.7,81.2,62.7,0.000,0.017,0.00,0.000,0.6,1.2,0.3,350,26,1.3,2.0,0.4,9,26,0.6,1.2,0.3,350,26,140,30.03,,,,,,,,,,
SCHU,2015-09-28 16:15:00 EDT,43.11700,-73.57829,103,68.7,68.4,68.7,82.6,63.2,0.000,0.017,0.00,0.000,0.9,1.8,0.4,322,17,1.4,2.5,0.4,343,18,0.9,1.8,0.4,322,17,130,30.03,,,,,,,,,,
SCHU,2015-09-28 16:20:00 EDT,43.11700,-73.57829,103,68.7,68.5,68.7,82.0,63.0,0.000,0.017,0.00,0.000,0.7,1.5,0.4,323,20,1.1,2.0,0.4,343,27,0.7,1.5,0.4,323,20,145,30.03,,,,,,,,,,
SCHU,2015-09-28 16:25:00 EDT,43.11700,-73.57829,103,69.0,68.6,69.0,81.5,63.1,0.000,0.017,0.00,0.000,1.1,2.0,0.5,305,21,1.4,3.1,0.5,321,25,1.1,2.0,0.5,305,21,252,30.03,,,,,,,,,,
SCHU,2015-09-28 16:30:00 EDT,43.11700,-73.57829,103,69.2,68.9,69.2,80.1,62.8,0.000,0.017,0.00,0.000,0.9,1.6,0.4,352,27,1.5,2.5,0.4,12,23,0.9,1.6,0.4,352,27,273,30.02,,,,,,,,,,
SCHU,2015-09-28 16:35:00 EDT,43.11700,-73.57829,103,69.2,68.8,69.2,79.7,62.7,0.000,0.017,0.00,0.000,1.2,2.0,0.4,12,9,1.8,2.7,0.4,24,12,1.2,2.0,0.4,12,9,253,30.02,,,,,,,,,,
SCHU,2015-09-28 16:40:00 EDT,43.11700,-73.57829,103,69.5,69.0,69.5,79.5,62.9,0.000,0.017,0.00,0.000,1.1,1.9,0.4,9,12,1.6,2.5,0.4,32,14,1.1,1.9,0.4,9,12,167,30.02,,,,,,,,,,
SCHU,2015-09-28 16:45:00 EDT,43.11700,-73.57829,103,69.4,69.1,69.4,79.7,62.9,0.000,0.017,0.00,0.000,0.3,1.3,0.4,11,0,0.9,2.0,0.4,33,28,0.3,1.3,0.4,11,0,128,30.02,,,,,,,,,,
SCHU,2015-09-28 16:50:00 EDT,43.11700,-73.57829,103,69.5,69.3,69.5,80.4,63.2,0.000,0.017,0.00,0.000,0.2,1.2,0.3,340,6,0.9,2.2,0.4,23,32,0.2,1.2,0.3,340,6,93,30.01,,,,,,,,,,
SCHU,2015-09-28 16:55:00 EDT,43.11700,-73.57829,103,69.1,69.0,69.1,81.7,63.3,0.000,0.017,0.00,0.000,1.0,1.8,0.4,322,13,1.3,2.0,0.3,337,15,1.0,1.8,0.4,322,13,80,30.01,,,,,,,,,,
SCHU,2015-09-28 17:00:00 EDT,43.11700,-73.57829,103,68.7,68.7,68.7,82.9,63.3,0.000,0.017,0.00,0.000,1.4,2.4,0.5,316,16,1.6,2.7,0.4,335,15,1.4,2.4,0.5,316,16,62,30.01,,,,,,,,,,
SCHU,2015-09-28 17:05:00 EDT,43.11700,-73.57829,103,68.8,68.7,68.8,81.8,63.0,0.000,0.017,0.00,0.000,1.5,2.5,0.6,335,12,2.0,3.6,0.6,350,14,1.5,2.5,0.6,335,12,66,30.01,,,,,,,,,,
SCHU,2015-09-28 17:10:00 EDT,43.11700,-73.57829,103,68.8,68.7,68.8,82.8,63.4,0.000,0.017,0.00,0.000,0.4,1.5,0.5,14,8,1.0,2.0,0.5,21,29,0.4,1.5,0.5,14,8,85,30.01,,,,,,,,,,
SCHU,2015-09-28 17:15:00 EDT,43.11700,-73.57829,103,68.9,68.7,68.9,82.4,63.3,0.000,0.017,0.00,0.000,0.0,0.0,0.0,0,0,0.5,1.1,0.3,275,62,0.0,0.0,0.0,0,0,129,30.01,,,,,,,,,,
SCHU,2015-09-28 17:20:00 EDT,43.11700,-73.57829,103,69.1,68.8,69.1,82.0,63.3,0.000,0.017,0.00,0.000,0.7,1.6,0.4,274,13,1.0,7.2,0.8,290,26,0.7,1.6,0.4,274,13,187,30.01,,,,,,,,,,
SCHU,2015-09-28 17:25:00 EDT,43.11700,-73.57829,103,69.4,69.2,69.4,81.0,63.3,0.000,0.017,0.00,0.000,0.3,1.1,0.3,293,27,1.0,5.6,0.7,337,35,0.3,1.1,0.3,293,27,256,30.01,,,,,,,,,,
SCHU,2015-09-28 17:30:00 EDT,43.11700,-73.57829,103,69.8,69.5,69.8,80.1,63.4,0.000,0.017,0.00,0.000,0.5,1.2,0.4,336,14,1.2,2.5,0.3,356,21,0.5,1.2,0.4,336,14,172,30.01,,,,,,,,,,
SCHU,2015-09-28 17:35:00 EDT,43.11700,-73.57829,103,69.2,69.1,69.2,81.1,63.1,0.000,0.017,0.00,0.000,0.3,1.2,0.4,355,0,1.1,4.5,0.5,351,31,0.3,1.2,0.4,355,0,91,30.01,,,,,,,,,,
SCHU,2015-09-28 17:40:00 EDT,43.11700,-73.57829,103,68.8,69.0,68.8,81.6,62.9,0.000,0.017,0.00,0.000,0.1,0.6,0.2,355,0,1.0,1.6,0.2,352,10,0.1,0.6,0.2,355,0,160,30.00,,,,,,,,,,
SCHU,2015-09-28 17:45:00 EDT,43.11700,-73.57829,103,68.8,69.2,68.8,80.8,62.6,0.000,0.017,0.00,0.000,1.1,2.0,0.7,294,13,1.4,2.2,0.4,312,17,1.1,2.0,0.7,294,13,115,30.00,,,,,,,,,,
SCHU,2015-09-28 17:50:00 EDT,43.11700,-73.57829,103,68.8,69.3,68.8,81.4,62.9,0.000,0.017,0.00,0.000,1.2,2.1,0.4,273,12,1.3,2.2,0.4,289,16,1.2,2.1,0.4,273,12,46,30.00,,,,,,,,,,
SCHU,2015-09-28 17:55:00 EDT,43.11700,-73.57829,103,68.2,69.3,68.2,84.3,63.3,0.000,0.017,0.00,0.000,0.9,1.5,0.2,294,22,1.2,1.8,0.3,315,12,0.9,1.5,0.2,294,22,25,30.01,,,,,,,,,,
SCHU,2015-09-28 18:00:00 EDT,43.11700,-73.57829,103,67.5,68.9,67.5,86.4,63.3,0.000,0.017,0.00,0.000,0.4,1.5,0.4,298,9,0.9,2.0,0.3,310,25,0.4,1.5,0.4,298,9,19,30.01,,,,,,,,,,
SCHU,2015-09-28 18:05:00 EDT,43.11700,-73.57829,103,66.7,68.6,66.7,87.8,63.0,0.000,0.017,0.00,0.000,0.3,1.2,0.4,315,0,0.8,1.6,0.3,320,14,0.3,1.2,0.4,315,0,31,30.00,,,,,,,,,,
SCHU,2015-09-28 18:10:00 EDT,43.11700,-73.57829,103,66.6,68.4,66.6,88.6,63.2,0.000,0.017,0.00,0.000,0.7,1.2,0.4,304,8,1.0,1.6,0.3,309,14,0.7,1.2,0.4,304,8,23,30.00,,,,,,,,,,
SCHU,2015-09-28 18:15:00 EDT,43.11700,-73.57829,103,66.5,68.2,66.5,89.5,63.3,0.000,0.017,0.00,0.000,0.2,0.8,0.3,305,0,0.8,1.6,0.4,89,32,0.2,0.8,0.3,305,0,11,30.00,,,,,,,,,,
SCHU,2015-09-28 18:20:00 EDT,43.11700,-73.57829,103,65.3,67.3,65.3,90.8,62.6,0.000,0.017,0.00,0.000,0.1,0.6,0.2,305,0,0.9,1.6,0.3,108,45,0.1,0.6,0.2,305,0,9,30.00,,,,,,,,,,
SCHU,2015-09-28 18:25:00 EDT,43.11700,-73.57829,103,65.2,66.8,65.2,93.5,63.3,0.000,0.017,0.00,0.000,0.4,1.8,0.5,188,0,1.1,1.8,0.4,111,67,0.4,1.8,0.5,188,0,7,30.00,,,,,,,,,,
SCHU,2015-09-28 18:30:00 EDT,43.11700,-73.57829,103,65.3,66.5,65.3,94.4,63.7,0.000,0.017,0.00,0.000,0.1,0.9,0.3,188,0,0.6,1.1,0.2,135,60,0.1,0.9,0.3,188,0,6,30.00,,,,,,,,,,
SCHU,2015-09-28 18:35:00 EDT,43.11700,-73.57829,103,64.6,66.2,64.6,95.2,63.1,0.000,0.017,0.00,0.000,0.2,1.3,0.3,188,0,1.0,1.8,0.4,139,45,0.2,1.3,0.3,188,0,5,30.00,,,,,,,,,,
SCHU,2015-09-28 18:40:00 EDT,43.11700,-73.57829,103,64.4,66.0,64.4,96.3,63.3,0.000,0.017,0.00,0.000,1.4,2.1,0.4,142,25,1.8,2.7,0.4,135,20,1.4,2.1,0.4,142,25,3,30.00,,,,,,,,,,
SCHU,2015-09-28 18:45:00 EDT,43.11700,-73.57829,103,64.0,65.5,64.0,97.0,63.1,0.000,0.017,0.00,0.000,1.0,1.9,0.5,147,19,1.4,2.5,0.5,141,19,1.0,1.9,0.5,147,19,2,30.00,,,,,,,,,,
SCHU,2015-09-28 18:50:00 EDT,43.11700,-73.57829,103,63.8,65.3,63.8,97.3,63.0,0.000,0.017,0.00,0.000,0.9,1.4,0.3,223,32,1.1,1.8,0.3,231,44,0.9,1.4,0.3,223,32,2,30.00,,,,,,,,,,
SCHU,2015-09-28 18:55:00 EDT,43.11700,-73.57829,103,63.9,65.0,63.9,97.3,63.1,0.000,0.017,0.00,0.000,0.4,1.3,0.5,270,0,0.7,1.3,0.3,286,14,0.4,1.3,0.5,270,0,1,30.00,,,,,,,,,,
SCHU,2015-09-28 19:00:00 EDT,43.11700,-73.57829,103,63.7,65.0,63.7,97.0,62.8,0.000,0.017,0.00,0.000,0.0,0.0,0.0,0,0,0.6,5.1,0.5,354,24,0.0,0.0,0.0,0,0,0,29.99,,,,,,,,,,
SCHU,2015-09-28 19:05:00 EDT,43.11700,-73.57829,103,63.4,64.7,63.4,97.1,62.5,0.000,0.017,0.00,0.000,0.1,0.7,0.2,296,0,1.3,3.6,0.3,1,14,0.1,0.7,0.2,296,0,0,30.00,,,,,,,,,,
SCHU,2015-09-28 19:10:00 EDT,43.11700,-73.57829,103,63.4,64.4,63.4,97.6,62.7,0.000,0.017,0.00,0.000,0.0,0.0,0.0,0,0,0.8,1.3,0.2,4,15,0.0,0.0,0.0,0,0,0,30.00,,,,,,,,,,
SCHU,2015-09-28 19:15:00 EDT,43.11700,-73.57829,103,63.4,64.2,63.4,97.6,62.7,0.000,0.017,0.00,0.000,0.0,0.0,0.0,0,0,0.5,2.2,0.3,76,36,0.0,0.0,0.0,0,0,0,30.00,,,,,,,,,,
SCHU,2015-09-28 19:20:00 EDT,43.11700,-73.57829,103,63.1,64.1,63.1,97.8,62.4,0.000,0.017,0.00,0.000,0.0,0.4,0.1,296,0,0.7,1.6,0.3,96,24,0.0,0.4,0.1,296,0,0,29.99,,,,,,,,,,
SCHU,2015-09-28 19:25:00 EDT,43.11700,-73.57829,103,62.8,64.1,62.8,97.8,62.1,0.000,0.017,0.00,0.000,0.0,0.0,0.0,0,0,0.6,1.1,0.2,136,42,0.0,0.0,0.0,0,0,0,29.99,,,,,,,,,,
SCHU,2015-09-28 19:30:00 EDT,43.11700,-73.57829,103,63.0,63.9,63.0,97.8,62.4,0.000,0.017,0.00,0.000,0.0,0.0,0.0,0,0,0.5,0.9,0.3,256,27,0.0,0.0,0.0,0,0,0,29.99,,,,,,,,,,
SCHU,2015-09-28 19:35:00 EDT,43.11700,-73.57829,103,63.2,63.8,63.2,98.2,62.7,0.000,0.017,0.00,0.000,0.2,0.9,0.3,295,0,0.8,1.3,0.2,281,21,0.2,0.9,0.3,295,0,0,30.00,,,,,,,,,,
SCHU,2015-09-28 19:40:00 EDT,43.11700,-73.57829,103,63.2,63.8,63.2,98.2,62.6,0.000,0.017,0.00,0.000,0.0,0.0,0.0,0,0,0.5,5.4,0.5,335,27,0.0,0.0,0.0,0,0,0,29.99,,,,,,,,,,
SCHU,2015-09-28 19:45:00 EDT,43.11700,-73.57829,103,63.0,63.6,63.0,98.1,62.4,0.000,0.017,0.00,0.000,0.0,0.0,0.0,0,0,0.5,0.7,0.1,299,20,0.0,0.0,0.0,0,0,0,30.00,,,,,,,,,,
SCHU,2015-09-28 19:50:00 EDT,43.11700,-73.57829,103,62.8,63.6,62.8,97.8,62.1,0.000,0.017,0.00,0.000,0.0,0.0,0.0,0,0,0.4,0.7,0.1,229,54,0.0,0.0,0.0,0,0,0,30.00,,,,,,,,,,
SCHU,2015-09-28 19:55:00 EDT,43.11700,-73.57829,103,62.5,63.5,62.5,97.9,61.9,0.000,0.017,0.00,0.000,0.0,0.0,0.0,0,0,0.7,4.5,0.4,112,22,0.0,0.0,0.0,0,0,0,29.99,,,,,,,,,,
SCHU,2015-09-28 20:00:00 EDT,43.11700,-73.57829,103,62.2,63.5,62.2,98.1,61.6,0.000,0.017,0.00,0.000,0.0,0.0,0.0,0,0,0.6,0.9,0.1,119,16,0.0,0.0,0.0,0,0,0,29.99,,,,,,,,,,
SCHU,2015-09-28 20:05:00 EDT,43.11700,-73.57829,103,61.8,63.3,61.8,98.3,61.4,0.000,0.017,0.00,0.000,0.0,0.0,0.0,0,0,0.8,1.3,0.1,142,10,0.0,0.0,0.0,0,0,0,29.99,,,,,,,,,,
SCHU,2015-09-28 20:10:00 EDT,43.11700,-73.57829,103,62.1,63.1,62.1,98.5,61.6,0.000,0.017,0.00,0.000,0.0,0.0,0.0,0,0,0.5,1.1,0.2,173,21,0.0,0.0,0.0,0,0,0,29.99,,,,,,,,,,
SCHU,2015-09-28 20:15:00 EDT,43.11700,-73.57829,103,62.1,63.0,62.1,98.7,61.8,0.000,0.017,0.00,0.000,0.0,0.0,0.0,0,0,0.2,0.9,0.2,149,32,0.0,0.0,0.0,0,0,0,29.99,,,,,,,,,,
SCHU,2015-09-28 20:20:00 EDT,43.11700,-73.57829,103,61.7,62.9,61.7,98.7,61.4,0.000,0.017,0.00,0.000,0.0,0.0,0.0,0,0,0.3,0.7,0.1,142,23,0.0,0.0,0.0,0,0,0,29.99,,,,,,,,,,
SCHU,2015-09-28 20:25:00 EDT,43.11700,-73.57829,103,61.8,62.9,61.8,98.6,61.4,0.000,0.017,0.00,0.000,0.0,0.0,0.0,0,0,0.2,5.4,0.5,185,38,0.0,0.0,0.0,0,0,0,29.99,,,,,,,,,,
SCHU,2015-09-28 20:30:00 EDT,43.11700,-73.57829,103,61.8,62.9,61.8,98.8,61.5,0.000,0.017,0.00,0.000,0.0,0.0,0.0,0,0,0.3,3.1,0.3,126,46,0.0,0.0,0.0,0,0,0,29.99,,,,,,,,,,
SCHU,2015-09-28 20:35:00 EDT,43.11700,-73.57829,103,61.6,62.8,61.6,98.8,61.3,0.000,0.017,0.00,0.000,0.0,0.0,0.0,0,0,0.5,4.3,0.4,164,18,0.0,0.0,0.0,0,0,0,29.99,,,,,,,,,,
SCHU,2015-09-28 20:40:00 EDT,43.11700,-73.57829,103,61.7,62.6,61.7,98.9,61.4,0.000,0.017,0.00,0.000,0.2,0.7,0.2,295,0,1.1,1.6,0.2,138,5,0.2,0.7,0.2,295,0,0,29.99,,,,,,,,,,
SCHU,2015-09-28 20:45:00 EDT,43.11700,-73.57829,103,61.5,62.7,61.5,98.9,61.2,0.000,0.017,0.00,0.000,0.9,1.0,0.1,295,0,1.4,1.6,0.2,131,4,0.9,1.0,0.1,295,0,0,29.99,,,,,,,,,,
SCHU,2015-09-28 20:50:00 EDT,43.11700,-73.57829,103,61.4,62.7,61.4,99.0,61.2,0.000,0.017,0.00,0.000,0.5,0.7,0.1,295,0,1.2,1.6,0.2,139,5,0.5,0.7,0.1,295,0,0,29.99,,,,,,,,,,
SCHU,2015-09-28 20:55:00 EDT,43.11700,-73.57829,103,61.3,62.5,61.3,99.0,61.0,0.000,0.017,0.00,0.000,0.1,0.4,0.1,295,0,1.0,1.3,0.1,139,7,0.1,0.4,0.1,295,0,0,29.99,,,,,,,,,,
SCHU,2015-09-28 21:00:00 EDT,43.11700,-73.57829,103,61.7,62.4,61.7,99.2,61.5,0.000,0.017,0.00,0.000,0.0,0.4,0.1,295,0,0.9,1.6,0.2,122,10,0.0,0.4,0.1,295,0,0,29.99,,,,,,,,,,
SCHU,2015-09-28 21:05:00 EDT,43.11700,-73.57829,103,61.6,62.5,61.6,99.3,61.4,0.000,0.017,0.00,0.000,0.1,0.4,0.2,295,0,0.9,1.3,0.2,103,16,0.1,0.4,0.2,295,0,0,29.99,,,,,,,,,,
SCHU,2015-09-28 21:10:00 EDT,43.11700,-73.57829,103,61.1,62.5,61.1,99.2,60.8,0.000,0.017,0.00,0.000,0.3,0.7,0.3,296,0,1.2,1.6,0.2,95,10,0.3,0.7,0.3,296,0,0,29.99,,,,,,,,,,
SCHU,2015-09-28 21:15:00 EDT,43.11700,-73.57829,103,61.0,62.5,61.0,99.2,60.8,0.000,0.017,0.00,0.000,0.7,0.9,0.1,297,0,1.4,1.8,0.2,104,7,0.7,0.9,0.1,297,0,0,29.99,,,,,,,,,,
SCHU,2015-09-28 21:20:00 EDT,43.11700,-73.57829,103,61.0,62.4,61.0,99.1,60.8,0.000,0.017,0.00,0.000,0.1,0.7,0.2,297,0,1.0,1.3,0.2,98,12,0.1,0.7,0.2,297,0,0,29.99,,,,,,,,,,
SCHU,2015-09-28 21:25:00 EDT,43.11700,-73.57829,103,61.6,62.2,61.6,99.4,61.4,0.000,0.017,0.00,0.000,0.0,0.0,0.0,0,0,0.6,1.1,0.2,79,15,0.0,0.0,0.0,0,0,0,29.99,,,,,,,,,,
SCHU,2015-09-28 21:30:00 EDT,43.11700,-73.57829,103,61.6,62.2,61.6,99.4,61.5,0.000,0.017,0.00,0.000,0.0,0.0,0.0,0,0,0.3,0.7,0.1,55,27,0.0,0.0,0.0,0,0,0,29.99,,,,,,,,,,
SCHU,2015-09-28 21:35:00 EDT,43.11700,-73.57829,103,61.4,62.3,61.4,99.4,61.2,0.000,0.017,0.00,0.000,0.0,0.5,0.1,297,0,0.9,3.8,0.5,91,21,0.0,0.5,0.1,297,0,0,29.99,,,,,,,,,,
SCHU,2015-09-28 21:40:00 EDT,43.11700,-73.57829,103,61.3,62.5,61.3,99.4,61.2,0.000,0.017,0.00,0.000,0.1,0.4,0.1,297,0,1.0,1.8,0.4,85,17,0.1,0.4,0.1,297,0,0,29.99,,,,,,,,,,
SCHU,2015-09-28 21:45:00 EDT,43.11700,-73.57829,103,61.5,62.6,61.5,99.4,61.3,0.000,0.017,0.00,0.000,0.0,0.0,0.0,0,0,0.7,1.3,0.3,20,18,0.0,0.0,0.0,0,0,0,29.99,,,,,,,,,,
SCHU,2015-09-28 21:50:00 EDT,43.11700,-73.57829,103,61.5,62.6,61.5,99.4,61.3,0.000,0.017,0.00,0.000,0.2,0.7,0.2,297,0,0.7,1.3,0.2,331,25,0.2,0.7,0.2,297,0,0,29.99,,,,,,,,,,
SCHU,2015-09-28 21:55:00 EDT,43.11700,-73.57829,103,61.4,62.6,61.4,99.4,61.3,0.000,0.017,0.00,0.000,0.0,0.0,0.0,0,0,0.7,1.1,0.3,17,21,0.0,0.0,0.0,0,0,0,29.99,,,,,,,,,,
SCHU,2015-09-28 22:00:00 EDT,43.11700,-73.57829,103,61.4,62.4,61.4,99.4,61.3,0.000,0.017,0.00,0.000,0.0,0.0,0.0,0,0,0.7,1.1,0.2,69,14,0.0,0.0,0.0,0,0,0,29.99,,,,,,,,,,
SCHU,2015-09-28 22:05:00 EDT,43.11700,-73.57829,103,61.3,62.2,61.3,99.4,61.2,0.000,0.017,0.00,0.000,0.0,0.0,0.0,0,0,0.4,0.9,0.2,70,21,0.0,0.0,0.0,0,0,0,29.99,,,,,,,,,,
SCHU,2015-09-28 22:10:00 EDT,43.11700,-73.57829,103,61.3,62.2,61.3,99.4,61.1,0.000,0.017,0.00,0.000,0.0,0.0,0.0,0,0,0.3,0.7,0.2,322,42,0.0,0.0,0.0,0,0,0,29.99,,,,,,,,,,
SCHU,2015-09-28 22:15:00 EDT,43.11700,-73.57829,103,61.3,62.3,61.3,99.4,61.1,0.000,0.017,0.00,0.000,0.1,0.6,0.2,297,0,0.7,1.1,0.2,301,16,0.1,0.6,0.2,297,0,0,29.99,,,,,,,,,,
SCHU,2015-09-28 22:20:00 EDT,43.11700,-73.57829,103,61.5,62.2,61.5,99.4,61.4,0.000,0.017,0.00,0.000,0.0,0.0,0.0,0,0,0.5,3.1,0.3,8,33,0.0,0.0,0.0,0,0,0,29.99,,,,,,,,,,
SCHU,2015-09-28 22:25:00 EDT,43.11700,-73.57829,103,61.4,62.1,61.4,99.4,61.2,0.000,0.017,0.00,0.000,0.0,0.0,0.0,0,0,0.5,0.9,0.2,314,18,0.0,0.0,0.0,0,0,0,29.99,,,,,,,,,,
SCHU,2015-09-28 22:30:00 EDT,43.11700,-73.57829,103,61.4,62.1,61.4,99.4,61.2,0.000,0.017,0.00,0.000,0.0,0.0,0.0,0,0,0.4,2.2,0.2,31,27,0.0,0.0,0.0,0,0,0,29.99,,,,,,,,,,
SCHU,2015-09-28 22:35:00 EDT,43.11700,-73.57829,103,61.1,62.0,61.1,99.4,60.9,0.000,0.017,0.00,0.000,0.0,0.0,0.0,0,0,0.4,0.7,0.1,0,23,0.0,0.0,0.0,0,0,0,29.99,,,,,,,,,,
SCHU,2015-09-28 22:40:00 EDT,43.11700,-73.57829,103,61.1,61.9,61.1,99.4,60.9,0.000,0.017,0.00,0.000,0.0,0.0,0.0,0,0,0.3,4.3,0.4,315,42,0.0,0.0,0.0,0,0,0,29.99,,,,,,,,,,
SCHU,2015-09-28 22:45:00 EDT,43.11700,-73.57829,103,61.0,61.8,61.0,99.4,60.8,0.000,0.017,0.00,0.000,0.0,0.0,0.0,0,0,0.5,3.4,0.3,278,23,0.0,0.0,0.0,0,0,0,29.99,,,,,,,,,,
SCHU,2015-09-28 22:50:00 EDT,43.11700,-73.57829,103,60.8,61.7,60.8,99.4,60.6,0.000,0.017,0.00,0.000,0.0,0.0,0.0,0,0,0.4,0.7,0.2,255,19,0.0,0.0,0.0,0,0,0,29.99,,,,,,,,,,
SCHU,2015-09-28 22:55:00 EDT,43.11700,-73.57829,103,60.7,61.6,60.7,99.4,60.5,0.000,0.017,0.00,0.000,0.0,0.0,0.0,0,0,0.4,0.7,0.2,241,62,0.0,0.0,0.0,0,0,0,29.99,,,,,,,,,,
SCHU,2015-09-28 23:00:00 EDT,43.11700,-73.57829,103,60.5,61.6,60.5,99.4,60.3,0.000,0.017,0.00,0.000,0.0,0.0,0.0,0,0,0.4,3.8,0.4,163,65,0.0,0.0,0.0,0,0,0,29.98,,,,,,,,,,
SCHU,2015-09-28 23:05:00 EDT,43.11700,-73.57829,103,60.3,61.6,60.3,99.4,60.1,0.000,0.017,0.00,0.000,0.0,0.0,0.0,0,0,0.5,0.9,0.2,179,21,0.0,0.0,0.0,0,0,0,29.98,,,,,,,,,,
SCHU,2015-09-28 23:10:00 EDT,43.11700,-73.57829,103,60.4,61.5,60.4,99.4,60.2,0.000,0.017,0.00,0.000,0.1,0.4,0.1,297,0,0.9,1.6,0.3,141,11,0.1,0.4,0.1,297,0,0,29.98,,,,,,,,,,
SCHU,2015-09-28 23:15:00 EDT,43.11700,-73.57829,103,60.6,61.6,60.6,99.4,60.4,0.000,0.017,0.00,0.000,0.7,0.9,0.2,297,0,1.3,1.6,0.2,132,6,0.7,0.9,0.2,297,0,0,29.98,,,,,,,,,,
SCHU,2015-09-28 23:20:00 EDT,43.11700,-73.57829,103,60.3,61.5,60.3,99.4,60.2,0.000,0.017,0.00,0.000,0.3,0.7,0.2,296,0,1.2,1.6,0.2,145,8,0.3,0.7,0.2,296,0,0,29.98,,,,,,,,,,
SCHU,2015-09-28 23:25:00 EDT,43.11700,-73.57829,103,60.6,61.5,60.6,99.5,60.5,0.000,0.017,0.00,0.000,0.1,0.4,0.2,296,0,1.0,7.2,0.8,149,16,0.1,0.4,0.2,296,0,0,29.98,,,,,,,,,,
SCHU,2015-09-28 23:30:00 EDT,43.11700,-73.57829,103,60.5,61.3,60.5,99.5,60.3,0.000,0.017,0.00,0.000,0.2,0.7,0.3,296,0,0.6,4.0,0.4,309,32,0.2,0.7,0.3,296,0,0,29.98,,,,,,,,,,
SCHU,2015-09-28 23:35:00 EDT,43.11700,-73.57829,103,60.5,61.5,60.5,99.5,60.4,0.000,0.017,0.00,0.000,0.0,0.5,0.1,296,0,0.7,3.8,0.4,10,22,0.0,0.5,0.1,296,0,0,29.98,,,,,,,,,,
SCHU,2015-09-28 23:40:00 EDT,43.11700,-73.57829,103,60.7,61.6,60.7,99.5,60.6,0.000,0.017,0.00,0.000,0.0,0.0,0.0,0,0,0.8,4.9,0.5,58,24,0.0,0.0,0.0,0,0,0,29.98,,,,,,,,,,
SCHU,2015-09-28 23:45:00 EDT,43.11700,-73.57829,103,60.4,61.6,60.4,99.5,60.2,0.000,0.017,0.00,0.000,0.0,0.0,0.0,0,0,0.5,3.6,0.4,56,16,0.0,0.0,0.0,0,0,0,29.98,,,,,,,,,,
SCHU,2015-09-28 23:50:00 EDT,43.11700,-73.57829,103,60.4,61.4,60.4,99.5,60.2,0.000,0.017,0.00,0.000,0.0,0.0,0.0,0,0,0.6,0.9,0.2,354,27,0.0,0.0,0.0,0,0,0,29.98,,,,,,,,,,
SCHU,2015-09-28 23:55:00 EDT,43.11700,-73.57829,103,60.4,61.3,60.4,99.5,60.2,0.000,0.017,0.00,0.000,0.2,0.8,0.3,296,0,0.8,1.3,0.2,336,12,0.2,0.8,0.3,296,0,0,29.98,,,,,,,,,,
WHIT,2015-09-28 00:00:00 EDT,43.48507,-73.42307,120,41.3,44.9,41.3,96.2,40.3,0.000,0.000,0.00,0.000,1.5,2.3,0.4,149,4,1.8,2.7,0.3,146,12,1.5,2.3,0.4,149,4,0,30.17,,,,,,,,,,
WHIT,2015-09-28 00:05:00 EDT,43.48507,-73.42307,120,41.3,44.2,41.3,96.5,40.4,0.000,0.000,0.00,0.000,0.9,1.5,0.3,128,18,1.4,2.2,0.3,118,12,0.9,1.5,0.3,128,18,0,30.17,,,,,,,,,,
WHIT,2015-09-28 00:10:00 EDT,43.48507,-73.42307,120,41.1,44.1,41.1,96.6,40.2,0.000,0.000,0.00,0.000,1.4,1.8,0.3,111,5,1.6,2.2,0.3,123,9,1.4,1.8,0.3,111,5,0,30.17,,,,,,,,,,
WHIT,2015-09-28 00:15:00 EDT,43.48507,-73.42307,120,41.6,44.2,41.6,96.7,40.7,0.000,0.000,0.00,0.000,1.4,1.9,0.2,125,2,1.5,2.0,0.2,128,3,1.4,1.9,0.2,125,2,0,30.17,,,,,,,,,,
WHIT,2015-09-28 00:20:00 EDT,43.48507,-73.42307,120,41.7,44.8,41.7,96.6,40.8,0.000,0.000,0.00,0.000,1.2,1.6,0.2,137,9,1.6,2.2,0.3,151,13,1.2,1.6,0.2,137,9,0,30.17,,,,,,,,,,
WHIT,2015-09-28 00:25:00 EDT,43.48507,-73.42307,120,41.7,45.3,41.7,96.7,40.8,0.000,0.000,0.00,0.000,1.3,1.8,0.4,145,0,1.7,2.2,0.4,152,12,1.3,1.8,0.4,145,0,0,30.17,,,,,,,,,,
WHIT,2015-09-28 00:30:00 EDT,43.48507,-73.42307,120,42.0,44.1,42.0,97.0,41.2,0.000,0.000,0.00,0.000,0.1,0.7,0.2,144,0,0.9,1.6,0.3,101,11,0.1,0.7,0.2,144,0,0,30.17,,,,,,,,,,
WHIT,2015-09-28 00:35:00 EDT,43.48507,-73.42307,120,42.5,44.3,42.5,97.2,41.7,0.000,0.000,0.00,0.000,0.0,0.0,0.0,0,0,0.5,0.9,0.2,215,45,0.0,0.0,0.0,0,0,0,30.17,,,,,,,,,,
WHIT,2015-09-28 00:40:00 EDT,43.48507,-73.42307,120,43.7,45.0,43.7,97.7,43.1,0.000,0.000,0.00,0.000,0.0,0.0,0.0,0,0,1.0,1.6,0.2,248,23,0.0,0.0,0.0,0,0,0,30.17,,,,,,,,,,
WHIT,2015-09-28 00:45:00 EDT,43.48507,-73.42307,120,44.5,45.0,44.5,98.2,44.0,0.000,0.000,0.00,0.000,0.0,0.0,0.0,0,0,1.0,1.6,0.3,236,15,0.0,0.0,0.0,0,0,0,30.17,,,,,,,,,,
WHIT,2015-09-28 00:50:00 EDT,43.48507,-73.42307,120,44.4,45.1,44.4,98.0,43.9,0.000,0.000,0.00,0.000,0.1,0.7,0.2,145,0,1.0,1.8,0.5,199,17,0.1,0.7,0.2,145,0,0,30.17,,,,,,,,,,
WHIT,2015-09-28 00:55:00 EDT,43.48507,-73.42307,120,45.0,46.4,45.0,97.9,44.4,0.000,0.000,0.00,0.000,1.3,2.7,0.7,172,14,1.9,2.9,0.5,187,15,1.3,2.7,0.7,172,14,0,30.17,,,,,,,,,,
WHIT,2015-09-28 01:00:00 EDT,43.48507,-73.42307,120,44.7,46.8,44.7,97.2,44.0,0.000,0.000,0.00,0.000,0.9,1.2,0.2,161,9,1.3,1.6,0.2,165,16,0.9,1.2,0.2,161,9,0,30.17,,,,,,,,,,
WHIT,2015-09-28 01:05:00 EDT,43.48507,-73.42307,120,44.5,46.1,44.5,96.1,43.5,0.000,0.000,0.00,0.000,0.5,1.2,0.4,140,10,1.1,1.8,0.3,135,15,0.5,1.2,0.4,140,10,0,30.17,,,,,,,,,,
WHIT,2015-09-28 01:10:00 EDT,43.48507,-73.42307,120,44.5,46.4,44.5,95.8,43.3,0.000,0.000,0.00,0.000,1.0,2.0,0.4,165,20,1.4,2.5,0.4,168,23,1.0,2.0,0.4,165,20,0,30.17,,,,,,,,,,
WHIT,2015-09-28 01:15:00 EDT,43.48507,-73.42307,120,44.7,47.2,44.7,96.0,43.6,0.000,0.000,0.00,0.000,1.9,3.4,0.5,162,12,2.4,4.0,0.5,166,12,1.9,3.4,0.5,162,12,0,30.17,,,,,,,,,,
WHIT,2015-09-28 01:20:00 EDT,43.48507,-73.42307,120,44.9,45.8,44.9,96.2,43.9,0.000,0.000,0.00,0.000,0.7,1.4,0.4,144,9,1.1,2.0,0.3,138,19,0.7,1.4,0.4,144,9,0,30.17,,,,,,,,,,
WHIT,2015-09-28 01:25:00 EDT,43.48507,-73.42307,120,45.1,45.7,45.1,96.0,44.0,0.000,0.000,0.00,0.000,0.9,2.8,0.8,150,9,1.4,3.6,0.7,142,19,0.9,2.8,0.8,150,9,0,30.17,,,,,,,,,,
WHIT,2015-09-28 01:30:00 EDT,43.48507,-73.42307,120,45.2,47.4,45.2,95.8,44.1,0.000,0.000,0.00,0.000,2.0,3.8,0.8,166,9,2.5,4.5,0.9,170,12,2.0,3.8,0.8,166,9,0,30.17,,,,,,,,,,
WHIT,2015-09-28 01:35:00 EDT,43.48507,-73.42307,120,45.3,48.5,45.3,95.2,44.0,0.000,0.000,0.00,0.000,2.4,3.2,0.5,179,4,2.8,3.6,0.5,184,6,2.4,3.2,0.5,179,4,0,30.16,,,,,,,,,,
WHIT,2015-09-28 01:40:00 EDT,43.48507,-73.42307,120,45.4,49.2,45.4,94.3,43.9,0.000,0.000,0.00,0.000,2.7,4.3,0.8,169,12,3.2,4.9,0.9,172,12,2.7,4.3,0.8,169,12,0,30.16,,,,,,,,,,
WHIT,2015-09-28 01:45:00 EDT,43.48507,-73.42307,120,45.5,47.6,45.5,93.9,43.9,0.000,0.000,0.00,0.000,1.4,2.8,0.5,155,13,1.7,2.9,0.5,159,16,1.4,2.8,0.5,155,13,0,30.16,,,,,,,,,,
WHIT,2015-09-28 01:50:00 EDT,43.48507,-73.42307,120,45.7,49.4,44.4,94.0,44.0,0.000,0.000,0.00,0.000,3.4,4.4,0.7,177,7,3.8,4.9,0.8,181,7,3.4,4.4,0.7,177,7,0,30.16,,,,,,,,,,
WHIT,2015-09-28 01:55:00 EDT,43.48507,-73.42307,120,45.7,49.7,44.3,93.7,44.0,0.000,0.000,0.00,0.000,3.6,4.8,0.7,173,9,4.1,5.4,0.8,178,8,3.6,4.8,0.7,173,9,0,30.16,,,,,,,,,,
WHIT,2015-09-28 02:00:00 EDT,43.48507,-73.42307,120,45.5,49.5,45.5,93.2,43.6,0.000,0.000,0.00,0.000,3.0,4.7,0.7,170,8,3.4,5.4,0.7,175,8,3.0,4.7,0.7,170,8,0,30.16,,,,,,,,,,
WHIT,2015-09-28 02:05:00 EDT,43.48507,-73.42307,120,45.4,49.6,44.2,93.9,43.7,0.000,0.000,0.00,0.000,3.3,4.2,0.4,172,4,3.7,4.7,0.4,176,4,3.3,4.2,0.4,172,4,0,30.16,,,,,,,,,,
WHIT,2015-09-28 02:10:00 EDT,43.48507,-73.42307,120,46.4,49.8,45.3,93.8,44.7,0.000,0.000,0.00,0.000,3.3,3.9,0.2,167,6,3.7,4.7,0.3,172,6,3.3,3.9,0.2,167,6,0,30.15,,,,,,,,,,
WHIT,2015-09-28 02:15:00 EDT,43.48507,-73.42307,120,46.1,49.7,46.1,92.3,44.0,0.000,0.000,0.00,0.000,3.0,3.7,0.4,162,7,3.5,4.5,0.4,166,7,3.0,3.7,0.4,162,7,0,30.15,,,,,,,,,,
WHIT,2015-09-28 02:20:00 EDT,43.48507,-73.42307,120,45.4,49.3,45.4,92.9,43.5,0.000,0.000,0.00,0.000,2.4,3.1,0.3,155,7,2.8,3.6,0.4,158,9,2.4,3.1,0.3,155,7,0,30.15,,,,,,,,,,
WHIT,2015-09-28 02:25:00 EDT,43.48507,-73.42307,120,45.3,49.5,45.3,93.9,43.6,0.000,0.000,0.00,0.000,2.7,3.6,0.3,158,6,3.1,3.8,0.3,161,8,2.7,3.6,0.3,158,6,0,30.15,,,,,,,,,,
WHIT,2015-09-28 02:30:00 EDT,43.48507,-73.42307,120,45.0,49.1,45.0,94.2,43.5,0.000,0.000,0.00,0.000,2.6,3.4,0.3,155,6,2.9,3.8,0.4,158,8,2.6,3.4,0.3,155,6,0,30.15,,,,,,,,,,
WHIT,2015-09-28 02:35:00 EDT,43.48507,-73.42307,120,45.1,49.4,44.1,94.7,43.6,0.000,0.000,0.00,0.000,3.0,4.1,0.5,155,5,3.4,4.9,0.6,158,6,3.0,4.1,0.5,155,5,0,30.15,,,,,,,,,,
WHIT,2015-09-28 02:40:00 EDT,43.48507,-73.42307,120,46.2,49.4,46.2,95.6,45.0,0.000,0.000,0.00,0.000,2.9,4.1,0.5,160,8,3.3,4.7,0.6,162,10,2.9,4.1,0.5,160,8,0,30.15,,,,,,,,,,
WHIT,2015-09-28 02:45:00 EDT,43.48507,-73.42307,120,46.1,48.0,46.1,94.9,44.7,0.000,0.000,0.00,0.000,2.4,3.4,0.3,162,8,2.9,3.8,0.4,166,10,2.4,3.4,0.3,162,8,0,30.15,,,,,,,,,,
WHIT,2015-09-28 02:50:00 EDT,43.48507,-73.42307,120,46.5,48.9,45.6,95.3,45.2,0.000,0.000,0.00,0.000,3.1,4.0,0.6,187,8,3.4,4.5,0.7,193,8,3.1,4.0,0.6,187,8,0,30.14,,,,,,,,,,
WHIT,2015-09-28 02:55:00 EDT,43.48507,-73.42307,120,47.0,48.6,47.0,94.7,45.5,0.000,0.000,0.00,0.000,1.9,2.4,0.3,188,17,2.2,3.1,0.4,194,19,1.9,2.4,0.3,188,17,0,30.14,,,,,,,,,,
WHIT,2015-09-28 03:00:00 EDT,43.48507,-73.42307,120,47.7,49.5,47.7,94.3,46.1,0.000,0.000,0.00,0.000,2.5,3.9,0.5,196,8,2.8,4.5,0.6,203,9,2.5,3.9,0.5,196,8,0,30.14,,,,,,,,,,
WHIT,2015-09-28 03:05:00 EDT,43.48507,-73.42307,120,48.6,49.7,47.9,93.2,46.8,0.000,0.000,0.00,0.000,3.2,4.3,0.5,187,7,3.6,4.7,0.5,191,7,3.2,4.3,0.5,187,7,0,30.14,,,,,,,,,,
WHIT,2015-09-28 03:10:00 EDT,43.48507,-73.42307,120,48.6,49.7,47.2,92.9,46.6,0.000,0.000,0.00,0.000,4.0,5.3,0.4,192,7,4.4,5.6,0.4,196,7,4.0,5.3,0.4,192,7,0,30.14,,,,,,,,,,
WHIT,2015-09-28 03:15:00 EDT,43.48507,-73.42307,120,49.4,49.9,47.8,89.2,46.4,0.000,0.000,0.00,0.000,4.6,5.6,0.5,196,5,5.0,6.3,0.5,199,5,4.6,5.6,0.5,196,5,0,30.14,,,,,,,,,,
WHIT,2015-09-28 03:20:00 EDT,43.48507,-73.42307,120,49.5,49.7,48.2,87.2,45.9,0.000,0.000,0.00,0.000,4.1,5.2,0.6,204,7,4.2,5.4,0.6,208,7,4.1,5.2,0.6,204,7,0,30.14,,,,,,,,,,
WHIT,2015-09-28 03:25:00 EDT,43.48507,-73.42307,120,49.5,49.7,49.0,87.4,45.9,0.000,0.000,0.00,0.000,3.1,4.4,0.6,186,11,3.5,4.7,0.6,191,11,3.1,4.4,0.6,186,11,0,30.14,,,,,,,,,,
WHIT,2015-09-28 03:30:00 EDT,43.48507,-73.42307,120,49.2,49.7,49.2,88.5,45.9,0.000,0.000,0.00,0.000,2.0,3.4,0.8,172,12,2.3,4.0,0.8,178,14,2.0,3.4,0.8,172,12,0,30.14,,,,,,,,,,
WHIT,2015-09-28 03:35:00 EDT,43.48507,-73.42307,120,49.1,50.0,49.1,89.8,46.2,0.000,0.000,0.00,0.000,1.9,2.8,0.5,190,5,2.2,3.4,0.6,194,9,1.9,2.8,0.5,190,5,0,30.13,,,,,,,,,,
WHIT,2015-09-28 03:40:00 EDT,43.48507,-73.42307,120,49.4,50.5,49.4,90.0,46.6,0.000,0.000,0.00,0.000,2.9,3.4,0.3,188,4,3.3,4.3,0.4,193,5,2.9,3.4,0.3,188,4,0,30.13,,,,,,,,,,
WHIT,2015-09-28 03:45:00 EDT,43.48507,-73.42307,120,49.3,50.9,49.3,90.7,46.7,0.000,0.000,0.00,0.000,2.5,2.9,0.3,204,8,2.7,3.6,0.3,212,6,2.5,2.9,0.3,204,8,0,30.13,,,,,,,,,,
WHIT,2015-09-28 03:50:00 EDT,43.48507,-73.42307,120,49.5,51.2,49.5,90.2,46.8,0.000,0.000,0.00,0.000,2.3,2.7,0.2,199,3,2.5,3.1,0.3,207,6,2.3,2.7,0.2,199,3,0,30.13,,,,,,,,,,
WHIT,2015-09-28 03:55:00 EDT,43.48507,-73.42307,120,50.1,51.3,50.1,87.7,46.6,0.000,0.000,0.00,0.000,2.4,3.0,0.2,207,7,2.6,3.4,0.3,214,6,2.4,3.0,0.2,207,7,0,30.13,,,,,,,,,,
WHIT,2015-09-28 04:00:00 EDT,43.48507,-73.42307,120,50.7,51.3,50.7,87.1,47.0,0.000,0.000,0.00,0.000,2.4,3.0,0.3,207,5,2.6,3.1,0.3,214,5,2.4,3.0,0.3,207,5,0,30.13,,,,,,,,,,
WHIT,2015-09-28 04:05:00 EDT,43.48507,-73.42307,120,50.7,51.2,50.7,86.7,46.9,0.000,0.000,0.00,0.000,2.7,3.5,0.3,206,4,2.8,3.6,0.3,214,4,2.7,3.5,0.3,206,4,0,30.13,,,,,,,,,,
WHIT,2015-09-28 04:10:00 EDT,43.48507,-73.42307,120,50.8,51.1,50.8,86.3,46.9,0.000,0.000,0.00,0.000,2.3,2.9,0.2,217,7,2.3,3.4,0.3,223,6,2.3,2.9,0.2,217,7,0,30.13,,,,,,,,,,
WHIT,2015-09-28 04:15:00 EDT,43.48507,-73.42307,120,50.5,51.0,50.5,86.8,46.7,0.000,0.000,0.00,0.000,1.7,2.6,0.4,200,4,1.9,2.7,0.3,206,9,1.7,2.6,0.4,200,4,0,30.13,,,,,,,,,,
WHIT,2015-09-28 04:20:00 EDT,43.48507,-73.42307,120,49.9,51.0,49.9,88.4,46.6,0.000,0.000,0.00,0.000,1.4,2.5,0.4,185,17,1.7,3.1,0.4,181,16,1.4,2.5,0.4,185,17,0,30.13,,,,,,,,,,
WHIT,2015-09-28 04:25:00 EDT,43.48507,-73.42307,120,49.9,51.4,49.9,88.8,46.7,0.000,0.000,0.00,0.000,1.7,2.8,0.4,159,10,2.0,3.1,0.4,164,14,1.7,2.8,0.4,159,10,0,30.13,,,,,,,,,,
WHIT,2015-09-28 04:30:00 EDT,43.48507,-73.42307,120,49.4,51.4,49.4,90.2,46.7,0.000,0.000,0.00,0.000,1.2,1.8,0.2,190,13,1.6,2.2,0.2,193,13,1.2,1.8,0.2,190,13,0,30.13,,,,,,,,,,
WHIT,2015-09-28 04:35:00 EDT,43.48507,-73.42307,120,49.9,51.5,49.9,90.3,47.2,0.000,0.000,0.00,0.000,1.6,2.3,0.3,185,16,1.8,2.5,0.3,190,17,1.6,2.3,0.3,185,16,0,30.13,,,,,,,,,,
WHIT,2015-09-28 04:40:00 EDT,43.48507,-73.42307,120,49.9,51.7,49.9,89.4,46.9,0.000,0.000,0.00,0.000,1.9,2.5,0.3,164,8,2.2,3.1,0.3,168,9,1.9,2.5,0.3,164,8,0,30.13,,,,,,,,,,
WHIT,2015-09-28 04:45:00 EDT,43.48507,-73.42307,120,49.0,51.6,49.0,89.8,46.2,0.000,0.000,0.00,0.000,2.2,2.6,0.2,179,8,2.6,3.1,0.3,183,9,2.2,2.6,0.2,179,8,0,30.13,,,,,,,,,,
WHIT,2015-09-28 04:50:00 EDT,43.48507,-73.42307,120,49.7,51.6,49.7,91.2,47.3,0.000,0.000,0.00,0.000,2.7,3.4,0.3,184,7,3.1,4.0,0.4,189,8,2.7,3.4,0.3,184,7,0,30.13,,,,,,,,,,
WHIT,2015-09-28 04:55:00 EDT,43.48507,-73.42307,120,50.5,51.3,50.5,89.8,47.6,0.000,0.000,0.00,0.000,2.5,3.2,0.3,199,12,2.8,3.8,0.4,205,12,2.5,3.2,0.3,199,12,0,30.13,,,,,,,,,,
WHIT,2015-09-28 05:00:00 EDT,43.48507,-73.42307,120,50.4,51.1,50.4,90.3,47.7,0.000,0.000,0.00,0.000,2.5,3.4,0.4,205,11,2.7,3.8,0.5,211,11,2.5,3.4,0.4,205,11,0,30.13,,,,,,,,,,
WHIT,2015-09-28 05:05:00 EDT,43.48507,-73.42307,120,50.2,51.1,50.2,89.3,47.2,0.000,0.000,0.00,0.000,2.6,3.8,0.4,200,12,2.7,4.5,0.4,208,12,2.6,3.8,0.4,200,12,0,30.13,,,,,,,,,,
WHIT,2015-09-28 05:10:00 EDT,43.48507,-73.42307,120,50.6,51.1,50.6,87.5,47.0,0.000,0.000,0.00,0.000,2.7,3.4,0.2,192,6,3.1,4.0,0.3,199,7,2.7,3.4,0.2,192,6,0,30.13,,,,,,,,,,
WHIT,2015-09-28 05:15:00 EDT,43.48507,-73.42307,120,50.4,50.9,50.4,87.2,46.7,0.000,0.000,0.00,0.000,3.1,4.2,0.4,183,8,3.5,5.1,0.5,188,9,3.1,4.2,0.4,183,8,0,30.13,,,,,,,,,,
WHIT,2015-09-28 05:20:00 EDT,43.48507,-73.42307,120,50.4,50.9,50.4,88.3,47.1,0.000,0.000,0.00,0.000,2.7,3.2,0.2,184,5,3.1,3.8,0.3,190,6,2.7,3.2,0.2,184,5,0,30.13,,,,,,,,,,
WHIT,2015-09-28 05:25:00 EDT,43.48507,-73.42307,120,50.6,51.1,50.6,88.2,47.2,0.000,0.000,0.00,0.000,2.4,2.8,0.2,179,4,2.7,3.4,0.2,184,6,2.4,2.8,0.2,179,4,0,30.13,,,,,,,,,,
WHIT,2015-09-28 05:30:00 EDT,43.48507,-73.42307,120,50.6,51.1,50.6,87.9,47.2,0.000,0.000,0.00,0.000,2.4,2.8,0.3,189,4,2.7,3.4,0.3,194,6,2.4,2.8,0.3,189,4,0,30.13,,,,,,,,,,
WHIT,2015-09-28 05:35:00 EDT,43.48507,-73.42307,120,50.4,51.1,50.4,87.6,46.9,0.000,0.000,0.00,0.000,3.3,3.7,0.3,198,3,3.7,4.3,0.3,203,4,3.3,3.7,0.3,198,3,0,30.13,,,,,,,,,,
WHIT,2015-09-28 05:40:00 EDT,43.48507,-73.42307,120,49.5,51.1,48.8,88.9,46.3,0.000,0.000,0.00,0.000,3.3,4.4,0.4,188,5,3.8,4.9,0.5,192,6,3.3,4.4,0.4,188,5,0,30.13,,,,,,,,,,
WHIT,2015-09-28 05:45:00 EDT,43.48507,-73.42307,120,49.5,50.8,49.0,91.7,47.2,0.000,0.000,0.00,0.000,3.2,3.9,0.4,181,7,3.5,4.5,0.4,186,7,3.2,3.9,0.4,181,7,0,30.13,,,,,,,,,,
WHIT,2015-09-28 05:50:00 EDT,43.48507,-73.42307,120,49.9,50.6,49.9,90.8,47.3,0.000,0.000,0.00,0.000,2.1,2.6,0.3,164,9,2.5,3.1,0.4,168,11,2.1,2.6,0.3,164,9,0,30.13,,,,,,,,,,
WHIT,2015-09-28 05:55:00 EDT,43.48507,-73.42307,120,47.8,50.1,47.8,89.9,45.0,0.000,0.000,0.00,0.000,1.9,2.4,0.2,157,4,2.3,3.1,0.3,161,7,1.9,2.4,0.2,157,4,0,30.13,,,,,,,,,,
WHIT,2015-09-28 06:00:00 EDT,43.48507,-73.42307,120,47.6,49.9,47.6,93.2,45.7,0.000,0.000,0.00,0.000,2.0,2.5,0.2,163,4,2.4,3.1,0.3,165,6,2.0,2.5,0.2,163,4,0,30.13,,,,,,,,,,
WHIT,2015-09-28 06:05:00 EDT,43.48507,-73.42307,120,47.1,49.8,47.1,94.1,45.5,0.000,0.000,0.00,0.000,2.3,2.8,0.2,167,4,2.8,3.4,0.2,172,6,2.3,2.8,0.2,167,4,0,30.13,,,,,,,,,,
WHIT,2015-09-28 06:10:00 EDT,43.48507,-73.42307,120,47.4,49.9,47.4,95.5,46.2,0.000,0.000,0.00,0.000,2.8,3.7,0.4,165,8,3.2,4.3,0.5,168,9,2.8,3.7,0.4,165,8,0,30.13,,,,,,,,,,
WHIT,2015-09-28 06:15:00 EDT,43.48507,-73.42307,120,47.6,49.9,47.6,95.4,46.3,0.000,0.000,0.00,0.000,2.7,3.6,0.4,160,7,3.2,4.3,0.4,163,9,2.7,3.6,0.4,160,7,0,30.13,,,,,,,,,,
WHIT,2015-09-28 06:20:00 EDT,43.48507,-73.42307,120,48.1,49.8,47.3,95.6,46.9,0.000,0.000,0.00,0.000,3.2,3.8,0.3,170,5,3.6,4.5,0.3,174,4,3.2,3.8,0.3,170,5,0,30.13,,,,,,,,,,
WHIT,2015-09-28 06:25:00 EDT,43.48507,-73.42307,120,48.4,50.0,47.3,95.3,47.1,0.000,0.000,0.00,0.000,3.7,4.7,0.4,174,6,4.1,5.6,0.5,178,5,3.7,4.7,0.4,174,6,0,30.13,,,,,,,,,,
WHIT,2015-09-28 06:30:00 EDT,43.48507,-73.42307,120,48.9,50.0,48.3,94.9,47.5,0.000,0.000,0.00,0.000,3.1,3.9,0.4,167,9,3.5,4.5,0.5,171,9,3.1,3.9,0.4,167,9,0,30.13,,,,,,,,,,
WHIT,2015-09-28 06:35:00 EDT,43.48507,-73.42307,120,48.5,50.2,48.5,94.1,46.9,0.000,0.000,0.00,0.000,2.6,3.7,0.5,162,8,3.0,4.3,0.6,166,8,2.6,3.7,0.5,162,8,1,30.13,,,,,,,,,,
WHIT,2015-09-28 06:40:00 EDT,43.48507,-73.42307,120,49.1,50.3,49.1,95.2,47.8,0.000,0.000,0.00,0.000,2.9,3.6,0.3,164,8,3.2,4.3,0.4,169,9,2.9,3.6,0.3,164,8,2,30.13,,,,,,,,,,
WHIT,2015-09-28 06:45:00 EDT,43.48507,-73.42307,120,48.9,50.3,47.9,94.4,47.3,0.000,0.000,0.00,0.000,3.6,4.5,0.4,178,6,4.0,4.9,0.4,182,6,3.6,4.5,0.4,178,6,3,30.13,,,,,,,,,,
WHIT,2015-09-28 06:50:00 EDT,43.48507,-73.42307,120,49.2,50.5,48.3,94.9,47.8,0.000,0.000,0.00,0.000,3.5,4.3,0.3,183,8,3.8,5.4,0.5,187,7,3.5,4.3,0.3,183,8,4,30.13,,,,,,,,,,
WHIT,2015-09-28 06:55:00 EDT,43.48507,-73.42307,120,49.2,50.3,49.2,94.4,47.7,0.000,0.000,0.00,0.000,2.9,3.7,0.4,169,10,3.3,4.3,0.5,174,9,2.9,3.7,0.4,169,10,6,30.13,,,,,,,,,,
WHIT,2015-09-28 07:00:00 EDT,43.48507,-73.42307,120,48.5,50.2,48.5,93.7,46.7,0.000,0.000,0.00,0.000,2.3,3.4,0.3,154,9,2.6,4.0,0.4,157,11,2.3,3.4,0.3,154,9,12,30.13,,,,,,,,,,
WHIT,2015-09-28 07:05:00 EDT,43.48507,-73.42307,120,47.9,50.2,47.9,94.2,46.3,0.000,0.000,0.00,0.000,2.1,2.8,0.3,145,12,2.3,3.8,0.4,147,12,2.1,2.8,0.3,145,12,17,30.13,,,,,,,,,,
WHIT,2015-09-28 07:10:00 EDT,43.48507,-73.42307,120,48.0,50.2,48.0,95.2,46.7,0.000,0.000,0.00,0.000,1.9,2.4,0.3,140,6,2.1,2.7,0.3,143,7,1.9,2.4,0.3,140,6,18,30.13,,,,,,,,,,
WHIT,2015-09-28 07:15:00 EDT,43.48507,-73.42307,120,48.3,50.6,48.3,95.7,47.1,0.000,0.000,0.00,0.000,2.7,3.2,0.3,163,15,3.0,3.8,0.4,167,15,2.7,3.2,0.3,163,15,31,30.13,,,,,,,,,,
WHIT,2015-09-28 07:20:00 EDT,43.48507,-73.42307,120,48.9,50.7,48.9,95.9,47.7,0.000,0.000,0.00,0.000,2.8,3.7,0.5,177,8,3.2,4.3,0.5,183,9,2.8,3.7,0.5,177,8,53,30.13,,,,,,,,,,
WHIT,2015-09-28 07:25:00 EDT,43.48507,-73.42307,120,49.9,51.0,49.9,95.6,48.7,0.000,0.000,0.00,0.000,2.8,3.8,0.3,184,5,3.2,4.3,0.4,188,7,2.8,3.8,0.3,184,5,54,30.13,,,,,,,,,,
WHIT,2015-09-28 07:30:00 EDT,43.48507,-73.42307,120,51.2,51.3,51.2,94.6,49.7,0.000,0.000,0.00,0.000,2.6,3.4,0.4,182,4,3.0,4.3,0.5,186,6,2.6,3.4,0.4,182,4,67,30.13,,,,,,,,,,
WHIT,2015-09-28 07:35:00 EDT,43.48507,-73.42307,120,51.6,51.5,51.6,92.0,49.3,0.000,0.000,0.00,0.000,2.9,3.8,0.4,167,6,3.3,4.5,0.5,172,7,2.9,3.8,0.4,167,6,64,30.13,,,,,,,,,,
WHIT,2015-09-28 07:40:00 EDT,43.48507,-73.42307,120,51.7,51.6,51.7,92.0,49.5,0.000,0.000,0.00,0.000,2.7,4.0,0.7,161,7,3.0,4.3,0.7,165,8,2.7,4.0,0.7,161,7,71,30.13,,,,,,,,,,
WHIT,2015-09-28 07:45:00 EDT,43.48507,-73.42307,120,52.2,52.0,52.2,91.7,49.8,0.000,0.000,0.00,0.000,2.1,3.4,0.5,145,12,2.5,4.0,0.5,148,12,2.1,3.4,0.5,145,12,100,30.13,,,,,,,,,,
WHIT,2015-09-28 07:50:00 EDT,43.48507,-73.42307,120,52.6,52.4,52.6,90.8,50.0,0.000,0.000,0.00,0.000,2.8,4.1,0.6,161,10,3.1,4.7,0.7,166,10,2.8,4.1,0.6,161,10,107,30.13,,,,,,,,,,
WHIT,2015-09-28 07:55:00 EDT,43.48507,-73.42307,120,53.1,52.8,53.1,90.3,50.3,0.000,0.000,0.00,0.000,3.2,4.3,0.5,164,12,3.6,4.9,0.7,169,12,3.2,4.3,0.5,164,12,96,30.13,,,,,,,,,,
WHIT,2015-09-28 08:00:00 EDT,43.48507,-73.42307,120,53.6,53.4,53.6,90.8,51.0,0.000,0.000,0.00,0.000,2.9,4.2,0.5,168,11,3.3,4.9,0.6,173,12,2.9,4.2,0.5,168,11,91,30.13,,,,,,,,,,
WHIT,2015-09-28 08:05:00 EDT,43.48507,-73.42307,120,54.2,53.9,54.2,90.6,51.5,0.000,0.000,0.00,0.000,3.1,4.7,0.8,168,10,3.5,6.0,0.9,172,9,3.1,4.7,0.8,168,10,97,30.13,,,,,,,,,,
WHIT,2015-09-28 08:10:00 EDT,43.48507,-73.42307,120,54.6,54.3,54.6,90.3,51.9,0.000,0.000,0.00,0.000,2.2,3.7,0.6,162,9,2.6,4.7,0.7,167,11,2.2,3.7,0.6,162,9,131,30.13,,,,,,,,,,
WHIT,2015-09-28 08:15:00 EDT,43.48507,-73.42307,120,55.4,55.0,55.4,89.4,52.3,0.000,0.000,0.00,0.000,2.9,3.7,0.6,165,11,3.4,4.5,0.6,169,12,2.9,3.7,0.6,165,11,180,30.13,,,,,,,,,,
WHIT,2015-09-28 08:20:00 EDT,43.48507,-73.42307,120,56.0,55.7,56.0,88.0,52.5,0.000,0.000,0.00,0.000,2.5,3.4,0.4,160,9,2.8,4.3,0.5,164,10,2.5,3.4,0.4,160,9,157,30.13,,,,,,,,,,
WHIT,2015-09-28 08:25:00 EDT,43.48507,-73.42307,120,56.8,56.4,56.8,87.6,53.1,0.000,0.000,0.00,0.000,1.8,2.8,0.4,182,16,2.1,3.4,0.5,187,17,1.8,2.8,0.4,182,16,245,30.13,,,,,,,,,,
WHIT,2015-09-28 08:30:00 EDT,43.48507,-73.42307,120,57.7,57.3,57.7,87.2,53.9,0.000,0.000,0.00,0.000,3.2,5.2,0.9,172,15,3.7,6.3,1.0,176,15,3.2,5.2,0.9,172,15,166,30.13,,,,,,,,,,
WHIT,2015-09-28 08:35:00 EDT,43.48507,-73.42307,120,58.5,58.1,58.5,86.9,54.6,0.000,0.000,0.00,0.000,3.3,7.2,1.1,177,19,3.7,7.4,1.2,182,18,3.3,7.2,1.1,177,19,237,30.12,,,,,,,,,,
WHIT,2015-09-28 08:40:00 EDT,43.48507,-73.42307,120,58.8,58.5,58.8,85.9,54.6,0.000,0.000,0.00,0.000,4.2,5.4,0.6,165,15,4.7,6.3,0.7,168,15,4.2,5.4,0.6,165,15,180,30.12,,,,,,,,,,
WHIT,2015-09-28 08:45:00 EDT,43.48507,-73.42307,120,59.0,58.6,59.0,86.6,55.0,0.000,0.000,0.00,0.000,5.3,8.4,1.2,172,15,5.9,9.4,1.2,176,14,5.3,8.4,1.2,172,15,187,30.12,,,,,,,,,,
WHIT,2015-09-28 08:50:00 EDT,43.48507,-73.42307,120,59.1,58.7,59.1,87.2,55.3,0.000,0.000,0.00,0.000,5.6,7.6,0.9,173,12,6.2,8.1,0.9,176,11,5.6,7.6,0.9,173,12,167,30.12,,,,,,,,,,
WHIT,2015-09-28 08:55:00 EDT,43.48507,-73.42307,120,59.2,58.8,59.2,87.0,55.4,0.000,0.000,0.00,0.000,5.2,7.9,1.0,178,13,5.7,8.9,1.3,183,12,5.2,7.9,1.0,178,13,159,30.13,,,,,,,,,,
WHIT,2015-09-28 09:00:00 EDT,43.48507,-73.42307,120,59.4,59.0,59.4,86.9,55.5,0.000,0.000,0.00,0.000,5.4,8.3,1.2,176,13,6.1,9.6,1.2,179,13,5.4,8.3,1.2,176,13,184,30.13,,,,,,,,,,
WHIT,2015-09-28 09:05:00 EDT,43.48507,-73.42307,120,59.6,59.2,59.6,87.0,55.8,0.000,0.000,0.00,0.000,4.7,6.9,1.0,180,16,5.3,8.7,1.2,184,14,4.7,6.9,1.0,180,16,175,30.13,,,,,,,,,,
WHIT,2015-09-28 09:10:00 EDT,43.48507,-73.42307,120,59.7,59.3,59.7,86.5,55.7,0.000,0.000,0.00,0.000,4.7,6.7,0.9,176,16,5.2,7.4,1.1,180,14,4.7,6.7,0.9,176,16,156,30.13,,,,,,,,,,
WHIT,2015-09-28 09:15:00 EDT,43.48507,-73.42307,120,59.9,59.5,59.9,86.8,56.0,0.000,0.000,0.00,0.000,4.2,6.1,1.0,177,17,4.9,7.6,1.0,182,16,4.2,6.1,1.0,177,17,179,30.13,,,,,,,,,,
WHIT,2015-09-28 09:20:00 EDT,43.48507,-73.42307,120,60.0,59.6,60.0,86.0,55.8,0.000,0.000,0.00,0.000,5.7,8.7,1.0,190,12,6.0,9.4,1.2,193,11,5.7,8.7,1.0,190,12,203,30.13,,,,,,,,,,
WHIT,2015-09-28 09:25:00 EDT,43.48507,-73.42307,120,60.4,59.9,60.4,86.2,56.3,0.000,0.000,0.00,0.000,5.4,8.1,1.3,186,14,5.8,8.5,1.4,190,13,5.4,8.1,1.3,186,14,203,30.13,,,,,,,,,,
WHIT,2015-09-28 09:30:00 EDT,43.48507,-73.42307,120,60.6,60.1,60.6,85.7,56.3,0.000,0.000,0.00,0.000,4.4,6.9,1.3,181,16,4.8,8.3,1.4,184,15,4.4,6.9,1.3,181,16,206,30.13,,,,,,,,,,
WHIT,2015-09-28 09:35:00 EDT,43.48507,-73.42307,120,60.8,60.3,60.8,85.3,56.4,0.000,0.000,0.00,0.000,4.7,8.5,1.3,172,13,5.3,9.4,1.4,176,12,4.7,8.5,1.3,172,13,231,30.12,,,,,,,,,,
WHIT,2015-09-28 09:40:00 EDT,43.48507,-73.42307,120,61.0,60.4,61.0,85.2,56.6,0.000,0.000,0.00,0.000,5.2,8.0,1.2,182,11,5.7,9.6,1.4,185,9,5.2,8.0,1.2,182,11,217,30.13,,,,,,,,,,
WHIT,2015-09-28 09:45:00 EDT,43.48507,-73.42307,120,60.9,60.4,60.9,84.9,56.3,0.000,0.000,0.00,0.000,7.1,10.8,2.0,177,15,7.6,12.5,2.1,180,13,7.1,10.8,2.0,177,15,183,30.13,,,,,,,,,,
WHIT,2015-09-28 09:50:00 EDT,43.48507,-73.42307,120,60.9,60.4,60.9,85.7,56.6,0.000,0.000,0.00,0.000,7.4,11.4,1.3,179,12,8.0,12.3,1.5,182,10,7.4,11.4,1.3,179,12,172,30.13,,,,,,,,,,
WHIT,2015-09-28 09:55:00 EDT,43.48507,-73.42307,120,60.8,60.3,60.8,85.3,56.3,0.000,0.000,0.00,0.000,7.2,11.0,1.4,178,15,7.7,11.6,1.5,182,14,7.2,11.0,1.4,178,15,166,30.13,,,,,,,,,,
WHIT,2015-09-28 10:00:00 EDT,43.48507,-73.42307,120,60.8,60.3,60.8,85.0,56.3,0.000,0.000,0.00,0.000,7.0,10.7,1.7,197,10,7.3,12.1,1.7,200,9,7.0,10.7,1.7,197,10,182,30.13,,,,,,,,,,
WHIT,2015-09-28 10:05:00 EDT,43.48507,-73.42307,120,60.9,60.5,60.9,85.0,56.4,0.000,0.000,0.00,0.000,4.9,9.1,1.9,198,16,5.1,9.6,1.8,201,15,4.9,9.1,1.9,198,16,196,30.13,,,,,,,,,,
WHIT,2015-09-28 10:10:00 EDT,43.48507,-73.42307,120,61.3,60.8,61.3,84.7,56.6,0.000,0.000,0.00,0.000,4.4,6.9,1.4,210,19,4.7,7.8,1.4,214,19,4.4,6.9,1.4,210,19,181,30.13,,,,,,,,,,
WHIT,2015-09-28 10:15:00 EDT,43.48507,-73.42307,120,61.2,60.8,61.2,84.3,56.4,0.000,0.000,0.00,0.000,5.6,8.5,1.0,222,13,5.9,10.3,1.2,226,13,5.6,8.5,1.0,222,13,159,30.13,,,,,,,,,,
WHIT,2015-09-28 10:20:00 EDT,43.48507,-73.42307,120,61.2,60.8,61.2,84.4,56.5,0.000,0.000,0.00,0.000,4.9,7.8,1.3,208,18,5.3,7.8,1.3,210,19,4.9,7.8,1.3,208,18,191,30.13,,,,,,,,,,
WHIT,2015-09-28 10:25:00 EDT,43.48507,-73.42307,120,61.8,61.4,61.8,84.4,57.1,0.000,0.000,0.00,0.000,4.8,10.4,1.6,197,20,5.1,10.7,1.7,202,20,4.8,10.4,1.6,197,20,203,30.13,,,,,,,,,,
WHIT,2015-09-28 10:30:00 EDT,43.48507,-73.42307,120,62.0,61.6,62.0,83.3,56.9,0.000,0.000,0.00,0.000,8.0,12.6,1.4,203,15,8.3,15.2,1.7,206,13,8.0,12.6,1.4,203,15,201,30.13,,,,,,,,,,
WHIT,2015-09-28 10:35:00 EDT,43.48507,-73.42307,120,62.2,61.7,62.2,83.1,57.0,0.000,0.000,0.00,0.000,8.6,12.1,1.4,199,14,9.0,14.5,1.6,202,13,8.6,12.1,1.4,199,14,240,30.13,,,,,,,,,,
WHIT,2015-09-28 10:40:00 EDT,43.48507,-73.42307,120,62.8,62.1,62.8,82.8,57.5,0.000,0.000,0.00,0.000,7.1,14.0,2.4,193,17,7.7,15.0,2.4,197,14,7.1,14.0,2.4,193,17,360,30.12,,,,,,,,,,
WHIT,2015-09-28 10:45:00 EDT,43.48507,-73.42307,120,63.1,62.4,63.1,81.7,57.4,0.000,0.000,0.00,0.000,8.7,13.6,2.0,191,15,9.3,14.5,2.1,194,14,8.7,13.6,2.0,191,15,333,30.12,,,,,,,,,,
WHIT,2015-09-28 10:50:00 EDT,43.48507,-73.42307,120,63.5,62.6,63.5,80.8,57.5,0.000,0.000,0.00,0.000,8.7,13.0,1.7,190,14,9.5,14.3,1.7,194,12,8.7,13.0,1.7,190,14,451,30.12,,,,,,,,,,
WHIT,2015-09-28 10:55:00 EDT,43.48507,-73.42307,120,63.6,62.8,63.6,80.1,57.3,0.000,0.000,0.00,0.000,8.1,12.2,1.8,187,12,8.7,14.1,2.1,190,11,8.1,12.2,1.8,187,12,355,30.12,,,,,,,,,,
WHIT,2015-09-28 11:00:00 EDT,43.48507,-73.42307,120,63.5,62.9,63.5,80.5,57.5,0.000,0.000,0.00,0.000,7.1,11.1,2.1,209,18,7.4,11.4,2.0,213,17,7.1,11.1,2.1,209,18,292,30.11,,,,,,,,,,
WHIT,2015-09-28 11:05:00 EDT,43.48507,-73.42307,120,63.4,62.8,63.4,81.1,57.5,0.000,0.000,0.00,0.000,6.1,9.1,1.2,216,15,6.4,9.2,1.2,219,15,6.1,9.1,1.2,216,15,309,30.11,,,,,,,,,,
WHIT,2015-09-28 11:10:00 EDT,43.48507,-73.42307,120,64.2,63.4,64.2,80.1,58.0,0.000,0.000,0.00,0.000,5.1,9.4,1.1,207,11,5.4,8.9,1.0,209,11,5.1,9.4,1.1,207,11,468,30.11,,,,,,,,,,
WHIT,2015-09-28 11:15:00 EDT,43.48507,-73.42307,120,66.0,64.5,66.0,77.2,58.6,0.000,0.000,0.00,0.000,6.9,9.6,1.4,206,14,7.2,10.3,1.4,209,12,6.9,9.6,1.4,206,14,961,30.11,,,,,,,,,,
WHIT,2015-09-28 11:20:00 EDT,43.48507,-73.42307,120,65.7,64.6,65.7,75.3,57.6,0.000,0.000,0.00,0.000,7.5,10.7,1.9,208,13,7.9,12.3,2.0,211,13,7.5,10.7,1.9,208,13,430,30.11,,,,,,,,,,
WHIT,2015-09-28 11:25:00 EDT,43.48507,-73.42307,120,65.8,65.0,65.8,76.5,58.2,0.000,0.000,0.00,0.000,7.2,10.4,1.6,207,16,7.8,11.4,1.6,209,14,7.2,10.4,1.6,207,16,476,30.10,,,,,,,,,,
WHIT,2015-09-28 11:30:00 EDT,43.48507,-73.42307,120,66.1,65.2,66.1,75.7,58.1,0.000,0.000,0.00,0.000,7.3,13.3,2.4,202,18,7.8,14.8,2.7,206,17,7.3,13.3,2.4,202,18,490,30.10,,,,,,,,,,
WHIT,2015-09-28 11:35:00 EDT,43.48507,-73.42307,120,66.4,65.6,66.4,74.7,58.1,0.000,0.000,0.00,0.000,8.5,12.0,2.1,201,15,8.9,13.0,2.2,203,15,8.5,12.0,2.1,201,15,494,30.10,,,,,,,,,,
WHIT,2015-09-28 11:40:00 EDT,43.48507,-73.42307,120,67.4,66.3,67.4,73.7,58.7,0.000,0.000,0.00,0.000,7.7,12.1,2.3,211,17,8.3,12.5,2.3,214,16,7.7,12.1,2.3,211,17,769,30.10,,,,,,,,,,
WHIT,2015-09-28 11:45:00 EDT,43.48507,-73.42307,120,67.4,66.4,67.4,72.4,58.2,0.000,0.000,0.00,0.000,7.1,12.2,2.1,210,15,7.4,12.3,2.2,212,13,7.1,12.2,2.1,210,15,556,30.10,,,,,,,,,,
WHIT,2015-09-28 11:50:00 EDT,43.48507,-73.42307,120,68.1,67.0,68.1,72.3,58.8,0.000,0.000,0.00,0.000,5.9,10.3,2.0,211,17,6.2,11.2,1.9,214,16,5.9,10.3,2.0,211,17,732,30.10,,,,,,,,,,
WHIT,2015-09-28 11:55:00 EDT,43.48507,-73.42307,120,68.2,67.0,68.2,70.9,58.4,0.000,0.000,0.00,0.000,7.1,10.9,1.6,208,17,7.5,11.0,1.6,211,17,7.1,10.9,1.6,208,17,671,30.09,,,,,,,,,,
WHIT,2015-09-28 12:00:00 EDT,43.48507,-73.42307,120,68.2,67.2,68.2,71.4,58.6,0.000,0.000,0.00,0.000,9.3,14.1,2.0,213,15,9.6,14.8,2.0,214,15,9.3,14.1,2.0,213,15,664,30.09,,,,,,,,,,
WHIT,2015-09-28 12:05:00 EDT,43.48507,-73.42307,120,69.5,68.2,69.5,69.9,59.2,0.000,0.000,0.00,0.000,7.6,12.5,2.2,212,15,8.3,13.6,2.1,215,12,7.6,12.5,2.2,212,15,1040,30.09,,,,,,,,,,
WHIT,2015-09-28 12:10:00 EDT,43.48507,-73.42307,120,69.6,68.3,69.6,68.2,58.7,0.000,0.000,0.00,0.000,9.7,16.9,2.3,191,19,10.4,20.4,2.5,194,18,9.7,16.9,2.3,191,19,731,30.09,,,,,,,,,,
WHIT,2015-09-28 12:15:00 EDT,43.48507,-73.42307,120,69.7,68.7,69.7,68.1,58.7,0.000,0.000,0.00,0.000,9.8,16.3,3.2,178,17,10.7,17.2,3.4,183,15,9.8,16.3,3.2,178,17,678,30.08,,,,,,,,,,
WHIT,2015-09-28 12:20:00 EDT,43.48507,-73.42307,120,70.0,68.9,70.0,67.9,58.9,0.000,0.000,0.00,0.000,9.0,13.4,1.8,198,19,9.6,13.6,2.0,201,18,9.0,13.4,1.8,198,19,527,30.08,,,,,,,,,,
WHIT,2015-09-28 12:25:00 EDT,43.48507,-73.42307,120,70.4,69.1,70.4,68.1,59.4,0.000,0.000,0.00,0.000,8.1,13.2,1.9,214,13,8.4,13.6,2.0,216,12,8.1,13.2,1.9,214,13,931,30.08,,,,,,,,,,
WHIT,2015-09-28 12:30:00 EDT,43.48507,-73.42307,120,72.0,70.5,72.0,65.3,59.7,0.000,0.000,0.00,0.000,8.2,11.2,1.4,189,16,8.8,12.8,1.7,193,14,8.2,11.2,1.4,189,16,936,30.08,,,,,,,,,,
WHIT,2015-09-28 12:35:00 EDT,43.48507,-73.42307,120,71.5,70.4,71.5,63.8,58.6,0.000,0.000,0.00,0.000,7.9,13.0,2.1,195,22,8.4,13.4,2.2,198,21,7.9,13.0,2.1,195,22,594,30.08,,,,,,,,,,
WHIT,2015-09-28 12:40:00 EDT,43.48507,-73.42307,120,70.2,69.5,70.2,64.7,57.8,0.000,0.000,0.00,0.000,10.2,17.1,2.7,201,15,11.1,17.7,2.8,205,15,10.2,17.1,2.7,201,15,392,30.08,,,,,,,,,,
WHIT,2015-09-28 12:45:00 EDT,43.48507,-73.42307,120,69.5,69.1,69.5,66.5,57.9,0.000,0.000,0.00,0.000,9.6,14.5,2.3,197,14,10.2,15.4,2.5,200,12,9.6,14.5,2.3,197,14,294,30.08,,,,,,,,,,
WHIT,2015-09-28 12:50:00 EDT,43.48507,-73.42307,120,69.4,69.0,69.4,66.8,57.9,0.000,0.000,0.00,0.000,10.3,18.8,2.6,203,14,11.0,19.2,2.5,205,12,10.3,18.8,2.6,203,14,287,30.07,,,,,,,,,,
WHIT,2015-09-28 12:55:00 EDT,43.48507,-73.42307,120,69.2,68.9,69.2,67.9,58.1,0.000,0.000,0.00,0.000,9.2,13.7,2.0,201,13,9.6,16.1,2.1,203,10,9.2,13.7,2.0,201,13,298,30.07,,,,,,,,,,
WHIT,2015-09-28 13:00:00 EDT,43.48507,-73.42307,120,69.6,69.1,69.6,68.5,58.8,0.000,0.000,0.00,0.000,6.0,10.4,1.7,206,17,6.4,10.1,1.8,209,15,6.0,10.4,1.7,206,17,551,30.07,,,,,,,,,,
WHIT,2015-09-28 13:05:00 EDT,43.48507,-73.42307,120,71.6,70.4,71.6,65.9,59.6,0.000,0.000,0.00,0.000,7.2,11.7,2.4,222,21,7.5,12.3,2.6,226,21,7.2,11.7,2.4,222,21,912,30.07,,,,,,,,,,
WHIT,2015-09-28 13:10:00 EDT,43.48507,-73.42307,120,71.1,70.1,71.1,63.5,58.0,0.000,0.000,0.00,0.000,7.9,11.8,1.8,207,14,8.4,11.9,2.0,210,13,7.9,11.8,1.8,207,14,486,30.07,,,,,,,,,,
WHIT,2015-09-28 13:15:00 EDT,43.48507,-73.42307,120,69.9,69.4,69.9,64.9,57.5,0.000,0.000,0.00,0.000,10.0,16.7,2.5,211,16,10.4,16.6,2.5,213,14,10.0,16.7,2.5,211,16,310,30.07,,,,,,,,,,
WHIT,2015-09-28 13:20:00 EDT,43.48507,-73.42307,120,69.5,69.2,69.5,65.9,57.6,0.000,0.000,0.00,0.000,9.3,15.3,2.1,208,14,9.8,14.5,2.1,212,13,9.3,15.3,2.1,208,14,249,30.07,,,,,,,,,,
WHIT,2015-09-28 13:25:00 EDT,43.48507,-73.42307,120,69.1,68.9,69.1,67.5,57.9,0.000,0.000,0.00,0.000,8.7,12.6,2.0,206,16,9.2,12.8,2.0,209,14,8.7,12.6,2.0,206,16,233,30.07,,,,,,,,,,
WHIT,2015-09-28 13:30:00 EDT,43.48507,-73.42307,120,69.0,68.9,69.0,69.2,58.5,0.000,0.000,0.00,0.000,6.9,11.0,1.8,195,15,7.6,11.9,1.9,199,15,6.9,11.0,1.8,195,15,196,30.07,,,,,,,,,,
WHIT,2015-09-28 13:35:00 EDT,43.48507,-73.42307,120,68.8,68.7,68.8,69.5,58.4,0.000,0.000,0.00,0.000,6.7,11.6,1.9,204,16,7.2,12.8,2.1,207,15,6.7,11.6,1.9,204,16,163,30.07,,,,,,,,,,
WHIT,2015-09-28 13:40:00 EDT,43.48507,-73.42307,120,68.7,68.5,68.7,69.0,58.1,0.000,0.000,0.00,0.000,7.2,9.9,1.4,210,14,7.3,9.4,1.5,212,15,7.2,9.9,1.4,210,14,184,30.06,,,,,,,,,,
WHIT,2015-09-28 13:45:00 EDT,43.48507,-73.42307,120,68.5,68.4,68.5,69.4,58.1,0.000,0.000,0.00,0.000,7.7,13.4,2.1,205,12,8.2,13.6,2.0,208,11,7.7,13.4,2.1,205,12,184,30.06,,,,,,,,,,
WHIT,2015-09-28 13:50:00 EDT,43.48507,-73.42307,120,68.4,68.3,68.4,69.7,58.2,0.000,0.000,0.00,0.000,7.5,10.5,1.6,212,12,7.8,11.4,1.6,215,11,7.5,10.5,1.6,212,12,172,30.06,,,,,,,,,,
WHIT,2015-09-28 13:55:00 EDT,43.48507,-73.42307,120,68.3,68.3,68.3,70.9,58.5,0.000,0.000,0.00,0.000,6.3,9.6,1.6,214,10,6.6,10.3,1.6,217,10,6.3,9.6,1.6,214,10,179,30.06,,,,,,,,,,
WHIT,2015-09-28 14:00:00 EDT,43.48507,-73.42307,120,68.1,68.0,68.1,73.1,59.2,0.000,0.000,0.00,0.000,6.4,10.7,1.5,215,13,6.7,13.4,1.8,217,13,6.4,10.7,1.5,215,13,216,30.06,,,,,,,,,,
WHIT,2015-09-28 14:05:00 EDT,43.48507,-73.42307,120,68.1,67.9,68.1,74.9,59.9,0.000,0.000,0.00,0.000,4.2,6.3,1.0,206,16,4.5,6.9,1.1,210,16,4.2,6.3,1.0,206,16,254,30.06,,,,,,,,,,
WHIT,2015-09-28 14:10:00 EDT,43.48507,-73.42307,120,68.2,67.9,68.2,74.9,60.0,0.000,0.000,0.00,0.000,5.6,9.4,2.0,219,15,5.9,9.4,1.9,222,14,5.6,9.4,2.0,219,15,276,30.06,,,,,,,,,,
WHIT,2015-09-28 14:15:00 EDT,43.48507,-73.42307,120,68.3,67.9,68.3,74.9,60.0,0.000,0.000,0.00,0.000,4.7,7.9,1.5,224,17,5.1,7.8,1.4,228,17,4.7,7.9,1.5,224,17,306,30.05,,,,,,,,,,
WHIT,2015-09-28 14:20:00 EDT,43.48507,-73.42307,120,68.6,68.2,68.6,74.3,60.1,0.000,0.000,0.00,0.000,4.4,8.3,1.4,204,23,4.7,8.9,1.6,207,22,4.4,8.3,1.4,204,23,372,30.05,,,,,,,,,,
WHIT,2015-09-28 14:25:00 EDT,43.48507,-73.42307,120,69.0,68.3,69.0,74.3,60.4,0.000,0.000,0.00,0.000,6.0,9.6,1.3,175,11,6.5,10.1,1.5,179,11,6.0,9.6,1.3,175,11,386,30.05,,,,,,,,,,
WHIT,2015-09-28 14:30:00 EDT,43.48507,-73.42307,120,69.2,68.5,69.2,73.6,60.3,0.000,0.000,0.00,0.000,6.2,10.3,2.0,180,12,6.8,11.0,2.0,184,10,6.2,10.3,2.0,180,12,438,30.05,,,,,,,,,,
WHIT,2015-09-28 14:35:00 EDT,43.48507,-73.42307,120,69.3,68.6,69.3,72.5,60.1,0.000,0.000,0.00,0.000,6.3,10.4,1.5,176,16,7.0,12.1,1.6,180,14,6.3,10.4,1.5,176,16,442,30.04,,,,,,,,,,
WHIT,2015-09-28 14:40:00 EDT,43.48507,-73.42307,120,69.7,69.0,69.7,73.3,60.8,0.000,0.000,0.00,0.000,5.1,9.5,1.6,200,21,5.6,10.5,1.8,205,20,5.1,9.5,1.6,200,21,450,30.04,,,,,,,,,,
WHIT,2015-09-28 14:45:00 EDT,43.48507,-73.42307,120,70.5,69.7,70.5,71.4,60.8,0.000,0.000,0.00,0.000,6.7,9.9,1.4,191,20,7.3,11.0,1.7,195,19,6.7,9.9,1.4,191,20,576,30.04,,,,,,,,,,
WHIT,2015-09-28 14:50:00 EDT,43.48507,-73.42307,120,71.3,70.4,71.3,69.5,60.9,0.000,0.000,0.00,0.000,7.8,13.7,2.0,194,17,8.6,14.8,2.2,196,15,7.8,13.7,2.0,194,17,633,30.04,,,,,,,,,,
WHIT,2015-09-28 14:55:00 EDT,43.48507,-73.42307,120,71.2,70.5,71.2,68.3,60.3,0.000,0.000,0.00,0.000,7.3,11.2,1.6,200,16,7.8,11.6,1.7,203,16,7.3,11.2,1.6,200,16,671,30.03,,,,,,,,,,
WHIT,2015-09-28 15:00:00 EDT,43.48507,-73.42307,120,72.1,71.0,72.1,66.9,60.4,0.000,0.000,0.00,0.000,6.1,9.9,1.9,198,24,6.8,10.5,1.8,203,25,6.1,9.9,1.9,198,24,776,30.03,,,,,,,,,,
WHIT,2015-09-28 15:05:00 EDT,43.48507,-73.42307,120,71.9,71.1,71.9,65.5,59.8,0.000,0.000,0.00,0.000,7.8,12.6,1.6,210,23,8.4,13.2,1.6,213,22,7.8,12.6,1.6,210,23,601,30.03,,,,,,,,,,
WHIT,2015-09-28 15:10:00 EDT,43.48507,-73.42307,120,71.6,70.9,71.6,66.6,59.9,0.000,0.000,0.00,0.000,6.9,11.8,1.7,209,15,7.2,12.5,1.8,213,16,6.9,11.8,1.7,209,15,409,30.03,,,,,,,,,,
WHIT,2015-09-28 15:15:00 EDT,43.48507,-73.42307,120,72.1,71.5,72.1,66.6,60.4,0.000,0.000,0.00,0.000,6.4,9.6,1.3,194,18,7.0,9.6,1.5,196,17,6.4,9.6,1.3,194,18,615,30.02,,,,,,,,,,
WHIT,2015-09-28 15:20:00 EDT,43.48507,-73.42307,120,73.4,72.3,73.4,63.9,60.5,0.000,0.000,0.00,0.000,8.3,15.5,2.8,186,18,9.0,16.1,2.9,190,17,8.3,15.5,2.8,186,18,671,30.02,,,,,,,,,,
WHIT,2015-09-28 15:25:00 EDT,43.48507,-73.42307,120,72.8,72.0,72.8,63.6,59.7,0.000,0.000,0.00,0.000,8.8,14.5,2.7,210,21,9.2,15.7,2.6,214,20,8.8,14.5,2.7,210,21,578,30.02,,,,,,,,,,
WHIT,2015-09-28 15:30:00 EDT,43.48507,-73.42307,120,73.3,72.5,73.3,63.3,60.0,0.000,0.000,0.00,0.000,7.4,13.4,2.6,218,15,7.9,13.6,2.5,223,15,7.4,13.4,2.6,218,15,561,30.02,,,,,,,,,,
WHIT,2015-09-28 15:35:00 EDT,43.48507,-73.42307,120,73.2,72.4,73.2,63.8,60.2,0.000,0.000,0.00,0.000,8.4,12.5,2.3,199,18,8.9,13.4,2.5,202,16,8.4,12.5,2.3,199,18,502,30.02,,,,,,,,,,
WHIT,2015-09-28 15:40:00 EDT,43.48507,-73.42307,120,72.4,72.0,72.4,64.5,59.7,0.000,0.000,0.00,0.000,8.2,12.2,1.7,199,17,8.7,14.1,1.9,202,16,8.2,12.2,1.7,199,17,325,30.02,,,,,,,,,,
WHIT,2015-09-28 15:45:00 EDT,43.48507,-73.42307,120,72.3,72.0,72.3,66.1,60.4,0.000,0.000,0.00,0.000,5.5,9.7,1.5,208,16,6.0,9.8,1.5,210,15,5.5,9.7,1.5,208,16,360,30.02,,,,,,,,,,
WHIT,2015-09-28 15:50:00 EDT,43.48507,-73.42307,120,72.5,72.0,72.5,65.2,60.1,0.000,0.000,0.00,0.000,7.8,12.7,2.1,208,21,8.2,14.8,2.3,212,20,7.8,12.7,2.1,208,21,407,30.01,,,,,,,,,,
WHIT,2015-09-28 15:55:00 EDT,43.48507,-73.42307,120,72.1,71.6,72.1,66.1,60.2,0.000,0.000,0.00,0.000,8.9,12.9,1.5,192,13,9.7,14.1,1.7,194,10,8.9,12.9,1.5,192,13,331,30.01,,,,,,,,,,
WHIT,2015-09-28 16:00:00 EDT,43.48507,-73.42307,120,71.0,70.8,71.0,68.3,60.0,0.000,0.000,0.00,0.000,9.4,12.9,1.9,203,12,10.0,14.5,1.9,203,10,9.4,12.9,1.9,203,12,179,30.01,,,,,,,,,,
WHIT,2015-09-28 16:05:00 EDT,43.48507,-73.42307,120,70.6,70.5,70.6,69.6,60.2,0.000,0.000,0.00,0.000,7.2,11.2,1.8,192,14,7.6,12.3,1.9,196,12,7.2,11.2,1.8,192,14,172,30.01,,,,,,,,,,
WHIT,2015-09-28 16:10:00 EDT,43.48507,-73.42307,120,70.6,70.5,70.6,70.7,60.7,0.000,0.000,0.00,0.000,6.3,9.4,1.7,195,14,6.9,10.7,1.7,199,13,6.3,9.4,1.7,195,14,217,30.01,,,,,,,,,,
WHIT,2015-09-28 16:15:00 EDT,43.48507,-73.42307,120,71.1,70.8,71.1,70.3,60.9,0.000,0.000,0.00,0.000,7.4,11.9,1.6,190,14,8.2,12.8,1.8,194,12,7.4,11.9,1.6,190,14,368,30.01,,,,,,,,,,
WHIT,2015-09-28 16:20:00 EDT,43.48507,-73.42307,120,71.5,71.0,71.5,70.2,61.2,0.000,0.000,0.00,0.000,7.1,10.0,1.6,201,17,7.6,11.4,1.8,203,16,7.1,10.0,1.6,201,17,278,30.01,,,,,,,,,,
WHIT,2015-09-28 16:25:00 EDT,43.48507,-73.42307,120,70.9,70.7,70.9,70.6,60.9,0.000,0.000,0.00,0.000,6.7,9.4,1.4,202,13,7.1,10.1,1.5,205,12,6.7,9.4,1.4,202,13,233,30.01,,,,,,,,,,
WHIT,2015-09-28 16:30:00 EDT,43.48507,-73.42307,120,70.9,70.7,70.9,71.0,61.0,0.000,0.000,0.00,0.000,7.1,10.9,2.0,207,16,7.6,12.3,1.9,210,16,7.1,10.9,2.0,207,16,279,30.00,,,,,,,,,,
WHIT,2015-09-28 16:35:00 EDT,43.48507,-73.42307,120,71.1,70.7,71.1,71.1,61.3,0.000,0.000,0.00,0.000,6.5,10.4,1.9,196,19,7.0,12.1,2.0,199,19,6.5,10.4,1.9,196,19,271,30.00,,,,,,,,,,
WHIT,2015-09-28 16:40:00 EDT,43.48507,-73.42307,120,71.1,70.8,71.1,72.2,61.6,0.000,0.000,0.00,0.000,6.4,10.0,1.5,186,16,7.0,11.0,1.7,189,15,6.4,10.0,1.5,186,16,216,30.00,,,,,,,,,,
WHIT,2015-09-28 16:45:00 EDT,43.48507,-73.42307,120,71.0,70.8,71.0,71.5,61.4,0.000,0.000,0.00,0.000,6.5,9.5,1.4,183,16,7.1,11.2,1.5,186,15,6.5,9.5,1.4,183,16,241,30.00,,,,,,,,,,
WHIT,2015-09-28 16:50:00 EDT,43.48507,-73.42307,120,71.4,71.1,71.4,71.0,61.6,0.000,0.000,0.00,0.000,5.9,10.2,1.3,191,13,6.4,10.7,1.3,195,12,5.9,10.2,1.3,191,13,318,30.00,,,,,,,,,,
WHIT,2015-09-28 16:55:00 EDT,43.48507,-73.42307,120,71.6,71.3,71.6,71.1,61.7,0.000,0.000,0.00,0.000,6.1,9.6,1.8,186,14,6.5,11.2,1.9,189,13,6.1,9.6,1.8,186,14,200,30.00,,,,,,,,,,
WHIT,2015-09-28 17:00:00 EDT,43.48507,-73.42307,120,71.0,70.9,71.0,72.0,61.5,0.000,0.000,0.00,0.000,6.0,9.1,1.6,193,16,6.6,10.5,1.6,196,16,6.0,9.1,1.6,193,16,116,29.99,,,,,,,,,,
WHIT,2015-09-28 17:05:00 EDT,43.48507,-73.42307,120,70.7,70.8,70.7,72.5,61.4,0.000,0.000,0.00,0.000,5.4,8.1,1.2,203,13,5.7,9.4,1.3,206,13,5.4,8.1,1.2,203,13,104,29.99,,,,,,,,,,
WHIT,2015-09-28 17:10:00 EDT,43.48507,-73.42307,120,70.6,70.7,70.6,73.6,61.7,0.000,0.000,0.00,0.000,4.8,9.9,1.4,199,13,5.3,10.7,1.7,203,13,4.8,9.9,1.4,199,13,120,29.99,,,,,,,,,,
WHIT,2015-09-28 17:15:00 EDT,43.48507,-73.42307,120,70.7,70.7,70.7,72.9,61.6,0.000,0.000,0.00,0.000,6.2,11.1,1.9,208,12,6.5,11.0,1.8,211,11,6.2,11.1,1.9,208,12,127,29.99,,,,,,,,,,
WHIT,2015-09-28 17:20:00 EDT,43.48507,-73.42307,120,70.7,70.6,70.7,73.4,61.7,0.000,0.000,0.00,0.000,5.2,8.7,1.3,199,14,5.6,9.6,1.4,203,14,5.2,8.7,1.3,199,14,120,29.99,,,,,,,,,,
WHIT,2015-09-28 17:25:00 EDT,43.48507,-73.42307,120,70.5,70.5,70.5,73.9,61.8,0.000,0.000,0.00,0.000,4.4,6.6,1.0,193,16,4.8,7.4,1.1,197,14,4.4,6.6,1.0,193,16,103,29.99,,,,,,,,,,
WHIT,2015-09-28 17:30:00 EDT,43.48507,-73.42307,120,70.4,70.5,70.4,73.8,61.7,0.000,0.000,0.00,0.000,5.3,8.0,0.9,200,15,5.7,8.5,1.0,203,14,5.3,8.0,0.9,200,15,98,29.99,,,,,,,,,,
WHIT,2015-09-28 17:35:00 EDT,43.48507,-73.42307,120,70.4,70.4,70.4,74.0,61.7,0.000,0.000,0.00,0.000,4.9,8.3,1.3,204,15,5.2,10.1,1.4,208,14,4.9,8.3,1.3,204,15,94,29.99,,,,,,,,,,
WHIT,2015-09-28 17:40:00 EDT,43.48507,-73.42307,120,70.1,70.3,70.1,74.5,61.7,0.000,0.000,0.00,0.000,4.2,6.4,1.0,194,11,4.5,7.6,1.1,198,11,4.2,6.4,1.0,194,11,80,29.99,,,,,,,,,,
WHIT,2015-09-28 17:45:00 EDT,43.48507,-73.42307,120,70.1,70.2,70.1,74.6,61.6,0.000,0.000,0.00,0.000,4.6,6.5,0.8,202,11,5.1,6.7,0.9,205,10,4.6,6.5,0.8,202,11,70,29.99,,,,,,,,,,
WHIT,2015-09-28 17:50:00 EDT,43.48507,-73.42307,120,70.0,70.1,70.0,74.7,61.6,0.000,0.000,0.00,0.000,4.5,7.3,0.8,191,12,4.9,8.5,1.0,194,11,4.5,7.3,0.8,191,12,62,29.99,,,,,,,,,,
WHIT,2015-09-28 17:55:00 EDT,43.48507,-73.42307,120,69.8,70.0,69.8,75.5,61.7,0.000,0.000,0.00,0.000,3.6,5.3,1.0,171,12,4.0,6.5,1.1,175,10,3.6,5.3,1.0,171,12,52,29.98,,,,,,,,,,
WHIT,2015-09-28 18:00:00 EDT,43.48507,-73.42307,120,69.7,70.0,69.7,75.9,61.8,0.000,0.000,0.00,0.000,4.3,5.9,0.8,177,11,4.8,6.3,0.8,181,11,4.3,5.9,0.8,177,11,64,29.98,,,,,,,,,,
WHIT,2015-09-28 18:05:00 EDT,43.48507,-73.42307,120,69.9,70.1,69.9,75.7,61.9,0.000,0.000,0.00,0.000,3.4,4.9,0.7,176,11,3.9,6.0,0.8,180,10,3.4,4.9,0.7,176,11,79,29.98,,,,,,,,,,
WHIT,2015-09-28 18:10:00 EDT,43.48507,-73.42307,120,69.7,70.0,69.7,76.4,61.9,0.000,0.000,0.00,0.000,3.0,4.3,0.7,178,12,3.4,5.1,0.7,183,11,3.0,4.3,0.7,178,12,39,29.98,,,,,,,,,,
WHIT,2015-09-28 18:15:00 EDT,43.48507,-73.42307,120,69.3,69.9,69.3,76.8,61.8,0.000,0.000,0.00,0.000,3.4,4.7,0.6,175,13,3.8,5.4,0.7,179,13,3.4,4.7,0.6,175,13,30,29.98,,,,,,,,,,
WHIT,2015-09-28 18:20:00 EDT,43.48507,-73.42307,120,68.9,69.7,68.9,77.8,61.7,0.000,0.000,0.00,0.000,2.6,3.9,0.6,174,8,2.9,4.7,0.6,179,9,2.6,3.9,0.6,174,8,19,29.98,,,,,,,,,,
WHIT,2015-09-28 18:25:00 EDT,43.48507,-73.42307,120,68.4,69.5,68.4,78.7,61.5,0.000,0.000,0.00,0.000,2.7,3.6,0.4,173,9,3.1,4.5,0.5,179,8,2.7,3.6,0.4,173,9,10,29.98,,,,,,,,,,
WHIT,2015-09-28 18:30:00 EDT,43.48507,-73.42307,120,67.9,69.2,67.9,79.8,61.5,0.000,0.000,0.00,0.000,3.0,4.6,0.6,151,14,3.3,5.1,0.8,154,14,3.0,4.6,0.6,151,14,6,29.98,,,,,,,,,,
WHIT,2015-09-28 18:35:00 EDT,43.48507,-73.42307,120,66.7,68.6,66.7,81.7,60.9,0.000,0.000,0.00,0.000,2.5,3.9,0.5,145,11,2.7,4.0,0.6,147,11,2.5,3.9,0.5,145,11,4,29.97,,,,,,,,,,
WHIT,2015-09-28 18:40:00 EDT,43.48507,-73.42307,120,65.9,68.2,65.9,83.2,60.7,0.000,0.000,0.00,0.000,1.8,3.9,0.9,159,10,2.1,4.0,0.9,163,12,1.8,3.9,0.9,159,10,3,29.98,,,,,,,,,,
WHIT,2015-09-28 18:45:00 EDT,43.48507,-73.42307,120,66.0,67.6,66.0,84.3,61.1,0.000,0.000,0.00,0.000,0.1,0.8,0.2,158,0,0.6,1.6,0.3,192,27,0.1,0.8,0.2,158,0,2,29.98,,,,,,,,,,
WHIT,2015-09-28 18:50:00 EDT,43.48507,-73.42307,120,65.2,67.7,65.2,85.5,60.7,0.000,0.000,0.00,0.000,0.0,0.0,0.0,0,0,0.5,1.1,0.3,150,51,0.0,0.0,0.0,0,0,1,29.98,,,,,,,,,,
WHIT,2015-09-28 18:55:00 EDT,43.48507,-73.42307,120,64.7,67.1,64.7,86.3,60.5,0.000,0.000,0.00,0.000,0.6,1.9,0.5,152,11,1.4,2.2,0.3,127,7,0.6,1.9,0.5,152,11,1,29.97,,,,,,,,,,
WHIT,2015-09-28 19:00:00 EDT,43.48507,-73.42307,120,63.7,66.6,63.7,87.1,59.8,0.000,0.000,0.00,0.000,2.6,3.1,0.3,128,2,2.8,3.6,0.4,133,3,2.6,3.1,0.3,128,2,0,29.97,,,,,,,,,,
WHIT,2015-09-28 19:05:00 EDT,43.48507,-73.42307,120,62.5,66.1,62.5,88.3,59.0,0.000,0.000,0.00,0.000,1.6,2.5,0.5,133,3,1.8,2.9,0.5,133,4,1.6,2.5,0.5,133,3,0,29.97,,,,,,,,,,
WHIT,2015-09-28 19:10:00 EDT,43.48507,-73.42307,120,62.9,65.3,62.9,91.6,60.4,0.000,0.000,0.00,0.000,0.1,0.9,0.3,132,0,0.5,1.3,0.3,138,49,0.1,0.9,0.3,132,0,0,29.97,,,,,,,,,,
WHIT,2015-09-28 19:15:00 EDT,43.48507,-73.42307,120,63.2,65.2,63.2,92.5,61.0,0.000,0.000,0.00,0.000,0.0,0.0,0.0,0,0,0.4,0.9,0.2,227,55,0.0,0.0,0.0,0,0,0,29.97,,,,,,,,,,
WHIT,2015-09-28 19:20:00 EDT,43.48507,-73.42307,120,63.1,65.1,63.1,93.6,61.2,0.000,0.000,0.00,0.000,0.6,1.0,0.3,133,0,1.3,1.8,0.3,162,12,0.6,1.0,0.3,133,0,0,29.97,,,,,,,,,,
WHIT,2015-09-28 19:25:00 EDT,43.48507,-73.42307,120,62.2,64.4,62.2,92.3,60.0,0.000,0.000,0.00,0.000,0.4,0.7,0.2,133,0,1.3,1.6,0.2,169,9,0.4,0.7,0.2,133,0,0,29.97,,,,,,,,,,
WHIT,2015-09-28 19:30:00 EDT,43.48507,-73.42307,120,61.8,64.2,61.8,92.2,59.5,0.000,0.000,0.00,0.000,0.5,1.0,0.3,133,0,1.1,2.0,0.3,157,16,0.5,1.0,0.3,133,0,0,29.97,,,,,,,,,,
WHIT,2015-09-28 19:35:00 EDT,43.48507,-73.42307,120,62.5,64.3,62.5,94.9,61.0,0.000,0.000,0.00,0.000,0.0,0.1,0.0,133,0,1.2,1.6,0.2,208,11,0.0,0.1,0.0,133,0,0,29.97,,,,,,,,,,
WHIT,2015-09-28 19:40:00 EDT,43.48507,-73.42307,120,62.0,64.5,62.0,94.5,60.4,0.000,0.000,0.00,0.000,0.1,0.6,0.2,135,6,1.4,2.0,0.2,190,12,0.1,0.6,0.2,135,6,0,29.97,,,,,,,,,,
WHIT,2015-09-28 19:45:00 EDT,43.48507,-73.42307,120,61.7,64.5,61.7,94.1,59.9,0.000,0.000,0.00,0.000,1.4,1.8,0.2,186,8,1.7,2.2,0.2,192,13,1.4,1.8,0.2,186,8,0,29.97,,,,,,,,,,
WHIT,2015-09-28 19:50:00 EDT,43.48507,-73.42307,120,61.0,64.0,61.0,94.2,59.3,0.000,0.000,0.00,0.000,1.7,2.1,0.2,158,6,2.1,2.7,0.3,158,7,1.7,2.1,0.2,158,6,0,29.97,,,,,,,,,,
WHIT,2015-09-28 19:55:00 EDT,43.48507,-73.42307,120,60.3,63.6,60.3,94.4,58.7,0.000,0.000,0.00,0.000,1.9,2.5,0.2,142,5,2.1,2.9,0.3,142,5,1.9,2.5,0.2,142,5,0,29.96,,,,,,,,,,
WHIT,2015-09-28 20:00:00 EDT,43.48507,-73.42307,120,60.3,63.3,60.3,95.0,58.8,0.000,0.000,0.00,0.000,2.4,2.8,0.2,150,5,2.7,3.6,0.3,151,6,2.4,2.8,0.2,150,5,0,29.96,,,,,,,,,,
WHIT,2015-09-28 20:05:00 EDT,43.48507,-73.42307,120,60.3,63.0,60.3,96.2,59.2,0.000,0.000,0.00,0.000,1.4,2.7,0.5,179,10,1.7,3.1,0.5,184,14,1.4,2.7,0.5,179,10,0,29.97,,,,,,,,,,
WHIT,2015-09-28 20:10:00 EDT,43.48507,-73.42307,120,60.7,63.3,60.7,97.0,59.9,0.000,0.000,0.00,0.000,0.8,2.1,0.6,214,9,1.2,2.5,0.5,218,14,0.8,2.1,0.6,214,9,0,29.97,,,,,,,,,,
WHIT,2015-09-28 20:15:00 EDT,43.48507,-73.42307,120,60.1,62.7,60.1,96.7,59.1,0.000,0.000,0.00,0.000,0.4,1.0,0.3,105,34,0.8,1.6,0.4,116,29,0.4,1.0,0.3,105,34,0,29.97,,,,,,,,,,
WHIT,2015-09-28 20:20:00 EDT,43.48507,-73.42307,120,60.1,62.2,60.1,97.0,59.3,0.000,0.000,0.00,0.000,1.1,1.5,0.3,128,10,1.3,2.2,0.3,127,12,1.1,1.5,0.3,128,10,0,29.97,,,,,,,,,,
WHIT,2015-09-28 20:25:00 EDT,43.48507,-73.42307,120,59.8,62.2,59.8,95.8,58.5,0.000,0.000,0.00,0.000,2.0,2.6,0.4,129,4,2.2,3.1,0.5,133,4,2.0,2.6,0.4,129,4,0,29.97,,,,,,,,,,
WHIT,2015-09-28 20:30:00 EDT,43.48507,-73.42307,120,59.7,62.7,59.7,96.1,58.5,0.000,0.000,0.00,0.000,3.2,3.7,0.4,136,5,3.5,4.5,0.5,139,5,3.2,3.7,0.4,136,5,0,29.97,,,,,,,,,,
WHIT,2015-09-28 20:35:00 EDT,43.48507,-73.42307,120,59.9,63.0,59.9,96.7,58.9,0.000,0.000,0.00,0.000,2.7,3.6,0.5,154,11,3.1,4.0,0.5,158,12,2.7,3.6,0.5,154,11,0,29.97,,,,,,,,,,
WHIT,2015-09-28 20:40:00 EDT,43.48507,-73.42307,120,60.4,63.2,60.4,97.3,59.6,0.000,0.000,0.00,0.000,3.1,3.9,0.5,173,4,3.5,4.7,0.5,177,4,3.1,3.9,0.5,173,4,0,29.97,,,,,,,,,,
WHIT,2015-09-28 20:45:00 EDT,43.48507,-73.42307,120,62.0,63.7,62.0,97.9,61.4,0.000,0.000,0.00,0.000,3.7,4.2,0.3,182,4,4.0,4.9,0.4,186,4,3.7,4.2,0.3,182,4,0,29.97,,,,,,,,,,
WHIT,2015-09-28 20:50:00 EDT,43.48507,-73.42307,120,62.1,63.6,62.1,95.7,60.9,0.000,0.000,0.00,0.000,2.7,3.3,0.3,184,4,3.0,3.8,0.3,190,6,2.7,3.3,0.3,184,4,0,29.97,,,,,,,,,,
WHIT,2015-09-28 20:55:00 EDT,43.48507,-73.42307,120,62.1,63.5,62.1,95.5,60.8,0.000,0.000,0.00,0.000,2.8,3.5,0.3,182,3,3.2,4.0,0.4,186,4,2.8,3.5,0.3,182,3,0,29.97,,,,,,,,,,
WHIT,2015-09-28 21:00:00 EDT,43.48507,-73.42307,120,62.4,63.3,62.4,95.2,61.0,0.000,0.000,0.00,0.000,2.9,3.4,0.2,177,4,3.3,4.0,0.3,181,4,2.9,3.4,0.2,177,4,0,29.97,,,,,,,,,,
WHIT,2015-09-28 21:05:00 EDT,43.48507,-73.42307,120,62.1,63.3,62.1,94.7,60.6,0.000,0.000,0.00,0.000,2.7,3.2,0.2,178,6,3.1,3.8,0.3,183,8,2.7,3.2,0.2,178,6,0,29.97,,,,,,,,,,
WHIT,2015-09-28 21:10:00 EDT,43.48507,-73.42307,120,62.6,63.7,62.6,95.5,61.3,0.000,0.000,0.00,0.000,3.1,3.9,0.4,199,6,3.3,4.3,0.5,205,8,3.1,3.9,0.4,199,6,0,29.97,,,,,,,,,,
WHIT,2015-09-28 21:15:00 EDT,43.48507,-73.42307,120,62.4,63.7,62.4,94.3,60.7,0.000,0.000,0.00,0.000,3.5,4.8,0.5,187,7,3.7,5.1,0.6,192,8,3.5,4.8,0.5,187,7,0,29.97,,,,,,,,,,
WHIT,2015-09-28 21:20:00 EDT,43.48507,-73.42307,120,62.1,63.5,62.1,94.3,60.5,0.000,0.000,0.00,0.000,2.6,3.9,0.6,170,10,3.0,4.7,0.6,174,10,2.6,3.9,0.6,170,10,0,29.97,,,,,,,,,,
WHIT,2015-09-28 21:25:00 EDT,43.48507,-73.42307,120,61.7,63.3,61.7,94.3,60.1,0.000,0.000,0.00,0.000,2.2,3.1,0.5,163,9,2.6,4.0,0.5,168,9,2.2,3.1,0.5,163,9,0,29.97,,,,,,,,,,
WHIT,2015-09-28 21:30:00 EDT,43.48507,-73.42307,120,61.2,63.2,61.2,94.4,59.6,0.000,0.000,0.00,0.000,2.3,3.0,0.3,158,8,2.6,3.6,0.4,161,10,2.3,3.0,0.3,158,8,0,29.97,,,,,,,,,,
WHIT,2015-09-28 21:35:00 EDT,43.48507,-73.42307,120,61.0,63.6,61.0,94.6,59.4,0.000,0.000,0.00,0.000,2.3,3.4,0.3,163,5,2.7,4.0,0.4,165,8,2.3,3.4,0.3,163,5,0,29.97,,,,,,,,,,
WHIT,2015-09-28 21:40:00 EDT,43.48507,-73.42307,120,61.2,63.6,61.2,95.4,59.8,0.000,0.000,0.00,0.000,2.6,3.1,0.2,171,5,3.0,3.8,0.3,176,5,2.6,3.1,0.2,171,5,0,29.97,,,,,,,,,,
WHIT,2015-09-28 21:45:00 EDT,43.48507,-73.42307,120,61.2,63.2,61.2,95.7,60.0,0.000,0.000,0.00,0.000,2.6,3.2,0.3,168,3,3.1,3.6,0.3,171,5,2.6,3.2,0.3,168,3,0,29.97,,,,,,,,,,
WHIT,2015-09-28 21:50:00 EDT,43.48507,-73.42307,120,61.0,62.6,61.0,95.8,59.8,0.000,0.000,0.00,0.000,2.1,2.7,0.3,165,7,2.5,3.1,0.3,169,8,2.1,2.7,0.3,165,7,0,29.97,,,,,,,,,,
WHIT,2015-09-28 21:55:00 EDT,43.48507,-73.42307,120,61.3,62.8,61.3,96.3,60.3,0.000,0.000,0.00,0.000,2.7,3.6,0.5,179,6,3.1,4.0,0.4,183,6,2.7,3.6,0.5,179,6,0,29.97,,,,,,,,,,
WHIT,2015-09-28 22:00:00 EDT,43.48507,-73.42307,120,61.3,63.2,61.3,95.8,60.1,0.000,0.000,0.00,0.000,2.6,3.2,0.3,181,8,3.0,3.8,0.4,186,9,2.6,3.2,0.3,181,8,0,29.97,,,,,,,,,,
WHIT,2015-09-28 22:05:00 EDT,43.48507,-73.42307,120,61.3,63.6,61.3,96.3,60.3,0.000,0.000,0.00,0.000,2.8,3.7,0.4,192,8,3.2,4.0,0.4,197,10,2.8,3.7,0.4,192,8,0,29.97,,,,,,,,,,
WHIT,2015-09-28 22:10:00 EDT,43.48507,-73.42307,120,61.7,64.2,61.7,96.8,60.8,0.000,0.000,0.00,0.000,3.3,4.3,0.5,183,7,3.6,4.7,0.5,188,7,3.3,4.3,0.5,183,7,0,29.97,,,,,,,,,,
WHIT,2015-09-28 22:15:00 EDT,43.48507,-73.42307,120,61.9,64.1,61.9,95.7,60.7,0.000,0.000,0.00,0.000,3.6,4.5,0.4,182,8,4.1,5.4,0.5,186,8,3.6,4.5,0.4,182,8,0,29.97,,,,,,,,,,
WHIT,2015-09-28 22:20:00 EDT,43.48507,-73.42307,120,61.7,63.7,61.7,95.7,60.4,0.000,0.000,0.00,0.000,3.7,4.8,0.4,168,6,4.2,5.4,0.5,173,6,3.7,4.8,0.4,168,6,0,29.97,,,,,,,,,,
WHIT,2015-09-28 22:25:00 EDT,43.48507,-73.42307,120,62.1,63.6,62.1,96.2,61.1,0.000,0.000,0.00,0.000,2.8,3.5,0.3,170,6,3.2,3.8,0.3,174,6,2.8,3.5,0.3,170,6,0,29.97,,,,,,,,,,
WHIT,2015-09-28 22:30:00 EDT,43.48507,-73.42307,120,61.9,63.8,61.9,95.7,60.6,0.000,0.000,0.00,0.000,3.1,4.3,0.4,170,5,3.5,5.1,0.4,174,6,3.1,4.3,0.4,170,5,0,29.97,,,,,,,,,,
WHIT,2015-09-28 22:35:00 EDT,43.48507,-73.42307,120,61.9,64.1,61.9,95.3,60.6,0.000,0.000,0.00,0.000,3.6,5.1,0.5,162,8,4.1,5.8,0.6,167,8,3.6,5.1,0.5,162,8,0,29.97,,,,,,,,,,
WHIT,2015-09-28 22:40:00 EDT,43.48507,-73.42307,120,62.0,64.3,62.0,95.3,60.6,0.000,0.000,0.00,0.000,3.8,6.2,0.8,168,9,4.2,6.5,0.8,172,8,3.8,6.2,0.8,168,9,0,29.97,,,,,,,,,,
WHIT,2015-09-28 22:45:00 EDT,43.48507,-73.42307,120,62.7,64.3,62.7,94.5,61.1,0.000,0.000,0.00,0.000,4.1,5.5,0.6,164,8,4.6,6.3,0.8,169,7,4.1,5.5,0.6,164,8,0,29.96,,,,,,,,,,
WHIT,2015-09-28 22:50:00 EDT,43.48507,-73.42307,120,62.7,64.4,62.7,93.7,60.9,0.000,0.000,0.00,0.000,3.7,5.0,0.5,170,8,4.2,5.6,0.5,175,7,3.7,5.0,0.5,170,8,0,29.96,,,,,,,,,,
WHIT,2015-09-28 22:55:00 EDT,43.48507,-73.42307,120,62.9,64.3,62.9,93.4,61.0,0.000,0.000,0.00,0.000,2.9,4.1,0.5,179,6,3.2,4.5,0.6,184,8,2.9,4.1,0.5,179,6,0,29.96,,,,,,,,,,
WHIT,2015-09-28 23:00:00 EDT,43.48507,-73.42307,120,62.7,64.2,62.7,93.4,60.8,0.000,0.000,0.00,0.000,2.8,3.6,0.3,183,7,3.1,4.0,0.4,188,8,2.8,3.6,0.3,183,7,0,29.96,,,,,,,,,,
WHIT,2015-09-28 23:05:00 EDT,43.48507,-73.42307,120,62.6,64.4,62.6,93.8,60.8,0.000,0.000,0.00,0.000,3.0,4.4,0.3,189,6,3.4,4.9,0.4,194,7,3.0,4.4,0.3,189,6,0,29.96,,,,,,,,,,
WHIT,2015-09-28 23:10:00 EDT,43.48507,-73.42307,120,62.4,64.1,62.4,93.5,60.5,0.000,0.000,0.00,0.000,2.9,3.7,0.3,174,7,3.2,3.8,0.3,178,8,2.9,3.7,0.3,174,7,0,29.96,,,,,,,,,,
WHIT,2015-09-28 23:15:00 EDT,43.48507,-73.42307,120,62.4,64.2,62.4,94.1,60.7,0.000,0.000,0.00,0.000,3.3,4.7,0.6,167,7,3.8,5.1,0.6,171,6,3.3,4.7,0.6,167,7,0,29.96,,,,,,,,,,
WHIT,2015-09-28 23:20:00 EDT,43.48507,-73.42307,120,62.9,64.0,62.9,94.1,61.1,0.000,0.000,0.00,0.000,2.9,3.7,0.4,171,7,3.3,4.5,0.4,176,6,2.9,3.7,0.4,171,7,0,29.96,,,,,,,,,,
WHIT,2015-09-28 23:25:00 EDT,43.48507,-73.42307,120,62.2,63.8,62.2,93.4,60.3,0.000,0.000,0.00,0.000,3.8,4.7,0.5,166,5,4.2,5.4,0.6,171,5,3.8,4.7,0.5,166,5,0,29.96,,,,,,,,,,
WHIT,2015-09-28 23:30:00 EDT,43.48507,-73.42307,120,62.5,64.1,62.5,94.1,60.8,0.000,0.000,0.00,0.000,4.4,5.7,0.5,165,6,4.8,6.0,0.5,170,5,4.4,5.7,0.5,165,6,0,29.96,,,,,,,,,,
WHIT,2015-09-28 23:35:00 EDT,43.48507,-73.42307,120,62.7,63.9,62.7,94.0,60.9,0.000,0.000,0.00,0.000,3.6,5.4,0.8,176,9,4.0,6.0,0.9,180,10,3.6,5.4,0.8,176,9,0,29.96,,,,,,,,,,
WHIT,2015-09-28 23:40:00 EDT,43.48507,-73.42307,120,62.6,63.7,62.6,94.2,60.9,0.000,0.000,0.00,0.000,2.2,3.1,0.4,183,8,2.6,3.6,0.4,191,10,2.2,3.1,0.4,183,8,0,29.96,,,,,,,,,,
WHIT,2015-09-28 23:45:00 EDT,43.48507,-73.42307,120,62.6,63.6,62.6,94.4,60.9,0.000,0.000,0.00,0.000,2.1,2.7,0.3,185,5,2.4,3.1,0.3,191,8,2.1,2.7,0.3,185,5,0,29.96,,,,,,,,,,
WHIT,2015-09-28 23:50:00 EDT,43.48507,-73.42307,120,62.7,63.7,62.7,94.4,61.1,0.000,0.000,0.00,0.000,2.0,3.1,0.3,184,10,2.4,3.8,0.4,190,13,2.0,3.1,0.3,184,10,0,29.95,,,,,,,,,,
WHIT,2015-09-28 23:55:00 EDT,43.48507,-73.42307,120,63.0,64.0,63.0,94.1,61.3,0.000,0.000,0.00,0.000,2.2,3.9,0.7,171,15,2.5,4.5,0.8,177,17,2.2,3.9,0.7,171,15,0,29.95,,,,,,,,,,
