station,time,latitude [degrees_north],longitude [degrees_east],elevation [feet],temp_2m [degF],temp_9m [degF],apparent_temperature [degF],relative_humidity [percent],dewpoint [degF],precip_incremental [inch],precip_local [inch],precip_max_intensity [inch/hour],precip_1hr [inch],avg_wind_speed_prop [mile/hr],max_wind_speed_prop [mile/hr],wind_speed_stddev_prop [mile/hr],wind_direction_prop [degrees],wind_direction_stddev_prop [degrees],avg_wind_speed_sonic [mile/hr],max_wind_speed_sonic [mile/hr],wind_speed_stddev_sonic [mile/hr],wind_direction_sonic [degrees],wind_direction_stddev_sonic [degrees],avg_wind_speed_merge [mile/hr],max_wind_speed_merge [mile/hr],wind_speed_stddev_merge [mile/hr],wind_direction_merge [degrees],wind_direction_stddev_merge [degrees],solar_insolation [W/m^2],station_pressure [inHg],snow_depth,frozen_soil_05cm [bit],frozen_soil_25cm [bit],frozen_soil_50cm [bit],soil_temp_05cm [degF],soil_temp_25cm [degF],soil_temp_50cm [degF],soil_moisture_05cm [m^3/m^3],soil_moisture_25cm [m^3/m^3],soil_moisture_50cm [m^3/m^3]
SCHU,2015-10-05 00:00:00 EDT,43.11700,-73.57829,103,40.6,41.9,40.6,96.8,39.8,0.000,0.000,0.00,0.000,0.0,0.0,0.0,0,0,0.4,1.3,0.2,332,59,0.0,0.0,0.0,0,0,0,30.19,,,,,,,,,,
SCHU,2015-10-05 00:05:00 EDT,43.11700,-73.57829,103,40.8,42.0,40.8,97.4,40.1,0.000,0.000,0.00,0.000,0.1,0.7,0.3,248,0,0.6,1.1,0.2,285,22,0.1,0.7,0.3,248,0,0,30.19,,,,,,,,,,
SCHU,2015-10-05 00:10:00 EDT,43.11700,-73.57829,103,40.6,41.7,40.6,97.8,40.1,0.000,0.000,0.00,0.000,0.0,0.4,0.1,248,0,0.4,1.3,0.2,221,37,0.0,0.4,0.1,248,0,0,30.19,,,,,,,,,,
SCHU,2015-10-05 00:15:00 EDT,43.11700,-73.57829,103,40.4,41.4,40.4,97.7,39.8,0.000,0.000,0.00,0.000,0.4,0.7,0.2,248,0,0.9,2.7,0.4,212,14,0.4,0.7,0.2,248,0,0,30.19,,,,,,,,,,
SCHU,2015-10-05 00:20:00 EDT,43.11700,-73.57829,103,40.2,41.2,40.2,97.5,39.5,0.000,0.000,0.00,0.000,0.0,0.4,0.0,248,0,0.7,1.6,0.4,212,21,0.0,0.4,0.0,248,0,0,30.19,,,,,,,,,,
SCHU,2015-10-05 00:25:00 EDT,43.11700,-73.57829,103,40.2,41.1,40.2,97.1,39.5,0.000,0.000,0.00,0.000,0.3,1.3,0.5,248,0,0.7,1.6,0.3,260,11,0.3,1.3,0.5,248,0,0,30.19,,,,,,,,,,
SCHU,2015-10-05 00:30:00 EDT,43.11700,-73.57829,103,40.1,41.0,40.1,96.8,39.3,0.000,0.000,0.00,0.000,0.6,1.4,0.5,248,0,0.8,1.6,0.4,247,15,0.6,1.4,0.5,248,0,0,30.19,,,,,,,,,,
SCHU,2015-10-05 00:35:00 EDT,43.11700,-73.57829,103,40.2,40.9,40.2,97.0,39.4,0.000,0.000,0.00,0.000,0.0,0.0,0.0,0,0,0.4,0.9,0.2,140,32,0.0,0.0,0.0,0,0,0,30.20,,,,,,,,,,
SCHU,2015-10-05 00:40:00 EDT,43.11700,-73.57829,103,40.0,40.8,40.0,97.4,39.3,0.000,0.000,0.00,0.000,0.0,0.0,0.0,0,0,0.4,1.8,0.2,146,23,0.0,0.0,0.0,0,0,0,30.19,,,,,,,,,,
SCHU,2015-10-05 00:45:00 EDT,43.11700,-73.57829,103,39.7,40.8,39.7,97.9,39.2,0.000,0.000,0.00,0.000,0.0,0.0,0.0,0,0,0.6,1.1,0.2,171,26,0.0,0.0,0.0,0,0,0,30.19,,,,,,,,,,
SCHU,2015-10-05 00:50:00 EDT,43.11700,-73.57829,103,39.6,40.6,39.6,97.9,39.1,0.000,0.000,0.00,0.000,0.2,1.4,0.5,61,5,0.8,2.7,0.6,71,38,0.2,1.4,0.5,61,5,0,30.19,,,,,,,,,,
SCHU,2015-10-05 00:55:00 EDT,43.11700,-73.57829,103,39.7,40.8,39.7,98.2,39.2,0.000,0.000,0.00,0.000,0.7,1.3,0.4,101,11,1.4,2.0,0.4,100,11,0.7,1.3,0.4,101,11,0,30.19,,,,,,,,,,
SCHU,2015-10-05 01:00:00 EDT,43.11700,-73.57829,103,39.3,40.6,39.3,98.3,38.8,0.000,0.000,0.00,0.000,0.4,1.2,0.4,162,12,1.1,1.6,0.3,142,27,0.4,1.2,0.4,162,12,0,30.19,,,,,,,,,,
SCHU,2015-10-05 01:05:00 EDT,43.11700,-73.57829,103,39.3,40.4,39.3,98.4,38.9,0.000,0.000,0.00,0.000,0.8,1.4,0.4,153,12,1.3,2.0,0.3,148,18,0.8,1.4,0.4,153,12,0,30.19,,,,,,,,,,
SCHU,2015-10-05 01:10:00 EDT,43.11700,-73.57829,103,39.3,40.3,39.3,98.5,38.9,0.000,0.000,0.00,0.000,0.2,1.1,0.3,180,2,0.7,1.3,0.3,184,29,0.2,1.1,0.3,180,2,0,30.19,,,,,,,,,,
SCHU,2015-10-05 01:15:00 EDT,43.11700,-73.57829,103,38.8,39.9,38.8,97.9,38.3,0.000,0.000,0.00,0.000,0.0,0.5,0.1,152,4,0.9,3.4,0.3,136,27,0.0,0.5,0.1,152,4,0,30.19,,,,,,,,,,
SCHU,2015-10-05 01:20:00 EDT,43.11700,-73.57829,103,39.1,39.9,39.1,98.0,38.6,0.000,0.000,0.00,0.000,0.1,0.9,0.2,155,0,0.8,2.0,0.4,128,47,0.1,0.9,0.2,155,0,0,30.19,,,,,,,,,,
SCHU,2015-10-05 01:25:00 EDT,43.11700,-73.57829,103,38.5,39.7,38.5,98.4,38.1,0.000,0.000,0.00,0.000,0.8,1.5,0.4,148,17,1.2,2.7,0.4,151,23,0.8,1.5,0.4,148,17,0,30.19,,,,,,,,,,
SCHU,2015-10-05 01:30:00 EDT,43.11700,-73.57829,103,38.7,39.9,38.7,98.5,38.3,0.000,0.000,0.00,0.000,0.5,1.2,0.3,172,0,0.9,1.3,0.2,156,25,0.5,1.2,0.3,172,0,0,30.19,,,,,,,,,,
SCHU,2015-10-05 01:35:00 EDT,43.11700,-73.57829,103,38.7,39.7,38.7,98.7,38.4,0.000,0.000,0.00,0.000,0.0,0.8,0.2,294,0,0.7,1.3,0.3,295,56,0.0,0.8,0.2,294,0,0,30.19,,,,,,,,,,
SCHU,2015-10-05 01:40:00 EDT,43.11700,-73.57829,103,38.8,39.8,38.8,98.7,38.5,0.000,0.000,0.00,0.000,0.1,0.8,0.2,294,0,0.7,2.7,0.3,357,38,0.1,0.8,0.2,294,0,0,30.19,,,,,,,,,,
SCHU,2015-10-05 01:45:00 EDT,43.11700,-73.57829,103,38.5,39.7,38.5,98.7,38.2,0.000,0.000,0.00,0.000,0.0,0.0,0.0,0,0,0.6,1.1,0.2,261,48,0.0,0.0,0.0,0,0,0,30.19,,,,,,,,,,
SCHU,2015-10-05 01:50:00 EDT,43.11700,-73.57829,103,38.4,39.4,38.4,98.7,38.1,0.000,0.000,0.00,0.000,0.2,0.9,0.3,293,0,0.8,1.6,0.3,102,43,0.2,0.9,0.3,293,0,0,30.19,,,,,,,,,,
SCHU,2015-10-05 01:55:00 EDT,43.11700,-73.57829,103,38.3,39.5,38.3,98.8,38.0,0.000,0.000,0.00,0.000,0.1,0.9,0.2,294,0,0.7,1.8,0.4,106,46,0.1,0.9,0.2,294,0,0,30.20,,,,,,,,,,
SCHU,2015-10-05 02:00:00 EDT,43.11700,-73.57829,103,38.2,39.7,38.2,98.8,37.9,0.000,0.000,0.00,0.000,0.5,1.4,0.5,289,51,1.2,5.4,0.7,109,19,0.5,1.4,0.5,289,51,0,30.20,,,,,,,,,,
SCHU,2015-10-05 02:05:00 EDT,43.11700,-73.57829,103,37.6,39.4,37.6,98.7,37.2,0.000,0.000,0.00,0.000,0.4,1.2,0.5,225,3,0.9,1.8,0.4,215,38,0.4,1.2,0.5,225,3,0,30.20,,,,,,,,,,
SCHU,2015-10-05 02:10:00 EDT,43.11700,-73.57829,103,37.8,39.1,37.8,98.9,37.5,0.000,0.000,0.00,0.000,1.1,2.5,0.9,250,18,1.4,3.8,0.8,244,35,1.1,2.5,0.9,250,18,0,30.20,,,,,,,,,,
SCHU,2015-10-05 02:15:00 EDT,43.11700,-73.57829,103,37.8,38.7,37.8,98.9,37.5,0.000,0.000,0.00,0.000,0.5,2.3,0.7,254,39,1.0,2.5,0.6,193,71,0.5,2.3,0.7,254,39,0,30.20,,,,,,,,,,
SCHU,2015-10-05 02:20:00 EDT,43.11700,-73.57829,103,37.8,39.1,37.8,99.0,37.5,0.000,0.000,0.00,0.000,0.9,2.1,0.7,118,17,1.5,2.7,0.6,116,23,0.9,2.1,0.7,118,17,0,30.20,,,,,,,,,,
SCHU,2015-10-05 02:25:00 EDT,43.11700,-73.57829,103,37.4,39.0,37.4,98.8,37.1,0.000,0.000,0.00,0.000,0.8,1.8,0.7,140,9,1.3,2.5,0.6,144,33,0.8,1.8,0.7,140,9,0,30.20,,,,,,,,,,
SCHU,2015-10-05 02:30:00 EDT,43.11700,-73.57829,103,37.9,39.0,37.9,99.1,37.7,0.000,0.000,0.00,0.000,0.7,1.6,0.5,110,10,1.3,3.8,0.6,106,16,0.7,1.6,0.5,110,10,0,30.20,,,,,,,,,,
SCHU,2015-10-05 02:35:00 EDT,43.11700,-73.57829,103,37.7,38.9,37.7,99.2,37.5,0.000,0.000,0.00,0.000,0.2,1.1,0.3,119,0,1.1,3.4,0.6,82,25,0.2,1.1,0.3,119,0,0,30.20,,,,,,,,,,
SCHU,2015-10-05 02:40:00 EDT,43.11700,-73.57829,103,37.8,38.9,37.8,99.2,37.6,0.000,0.000,0.00,0.000,0.2,1.1,0.4,239,0,0.7,2.9,0.4,254,45,0.2,1.1,0.4,239,0,0,30.20,,,,,,,,,,
SCHU,2015-10-05 02:45:00 EDT,43.11700,-73.57829,103,37.2,38.7,37.2,99.1,37.0,0.000,0.000,0.00,0.000,0.1,0.8,0.2,239,0,0.6,5.1,0.5,174,52,0.1,0.8,0.2,239,0,0,30.20,,,,,,,,,,
SCHU,2015-10-05 02:50:00 EDT,43.11700,-73.57829,103,37.6,38.7,37.6,99.3,37.5,0.000,0.000,0.00,0.000,0.9,1.2,0.3,239,0,1.1,1.6,0.2,212,5,0.9,1.2,0.3,239,0,0,30.20,,,,,,,,,,
SCHU,2015-10-05 02:55:00 EDT,43.11700,-73.57829,103,37.0,38.6,37.0,99.2,36.8,0.000,0.000,0.00,0.000,0.1,0.7,0.2,239,0,0.6,1.1,0.2,213,24,0.1,0.7,0.2,239,0,0,30.20,,,,,,,,,,
SCHU,2015-10-05 03:00:00 EDT,43.11700,-73.57829,103,37.4,38.4,37.4,99.1,37.1,0.000,0.000,0.00,0.000,0.2,0.8,0.3,290,2,0.6,1.3,0.3,312,37,0.2,0.8,0.3,290,2,0,30.20,,,,,,,,,,
SCHU,2015-10-05 03:05:00 EDT,43.11700,-73.57829,103,37.2,38.6,37.2,99.2,37.0,0.000,0.000,0.00,0.000,0.1,0.9,0.3,359,3,0.9,1.8,0.4,8,38,0.1,0.9,0.3,359,3,0,30.20,,,,,,,,,,
SCHU,2015-10-05 03:10:00 EDT,43.11700,-73.57829,103,37.1,38.2,37.1,99.2,36.9,0.000,0.000,0.00,0.000,0.0,0.0,0.0,0,0,0.5,1.3,0.2,221,52,0.0,0.0,0.0,0,0,0,30.20,,,,,,,,,,
SCHU,2015-10-05 03:15:00 EDT,43.11700,-73.57829,103,37.4,38.3,37.4,99.4,37.2,0.000,0.000,0.00,0.000,0.4,1.8,0.5,86,4,1.3,2.7,0.5,89,13,0.4,1.8,0.5,86,4,0,30.20,,,,,,,,,,
SCHU,2015-10-05 03:20:00 EDT,43.11700,-73.57829,103,37.1,38.4,37.1,99.5,37.0,0.000,0.000,0.00,0.000,0.9,1.5,0.4,71,25,1.5,2.7,0.4,75,22,0.9,1.5,0.4,71,25,0,30.19,,,,,,,,,,
SCHU,2015-10-05 03:25:00 EDT,43.11700,-73.57829,103,36.9,38.4,36.9,99.3,36.7,0.000,0.000,0.00,0.000,1.0,1.7,0.4,86,9,1.7,2.9,0.5,82,12,1.0,1.7,0.4,86,9,0,30.19,,,,,,,,,,
SCHU,2015-10-05 03:30:00 EDT,43.11700,-73.57829,103,36.6,38.0,36.6,99.2,36.4,0.000,0.000,0.00,0.000,0.2,1.1,0.3,156,17,0.9,2.0,0.4,142,50,0.2,1.1,0.3,156,17,0,30.19,,,,,,,,,,
SCHU,2015-10-05 03:35:00 EDT,43.11700,-73.57829,103,36.9,37.9,36.9,99.2,36.7,0.000,0.000,0.00,0.000,0.1,1.1,0.3,209,22,0.6,1.6,0.3,147,72,0.1,1.1,0.3,209,22,0,30.19,,,,,,,,,,
SCHU,2015-10-05 03:40:00 EDT,43.11700,-73.57829,103,37.1,37.9,37.1,99.2,36.8,0.000,0.000,0.00,0.000,0.0,0.0,0.0,0,0,0.6,1.3,0.3,8,57,0.0,0.0,0.0,0,0,0,30.19,,,,,,,,,,
SCHU,2015-10-05 03:45:00 EDT,43.11700,-73.57829,103,37.0,37.9,37.0,99.2,36.8,0.000,0.000,0.00,0.000,0.4,2.0,0.6,162,11,1.1,4.3,0.7,146,49,0.4,2.0,0.6,162,11,0,30.19,,,,,,,,,,
SCHU,2015-10-05 03:50:00 EDT,43.11700,-73.57829,103,37.1,37.9,37.1,99.1,36.9,0.000,0.000,0.00,0.000,1.5,2.6,0.5,186,15,1.8,3.1,0.6,183,19,1.5,2.6,0.5,186,15,0,30.19,,,,,,,,,,
SCHU,2015-10-05 03:55:00 EDT,43.11700,-73.57829,103,37.0,37.9,37.0,98.8,36.7,0.000,0.000,0.00,0.000,1.5,2.1,0.3,155,27,1.8,3.8,0.5,150,26,1.5,2.1,0.3,155,27,0,30.19,,,,,,,,,,
SCHU,2015-10-05 04:00:00 EDT,43.11700,-73.57829,103,36.5,37.9,36.5,98.4,36.1,0.000,0.000,0.00,0.000,0.5,1.1,0.4,116,23,1.1,2.2,0.5,113,22,0.5,1.1,0.4,116,23,0,30.19,,,,,,,,,,
SCHU,2015-10-05 04:05:00 EDT,43.11700,-73.57829,103,36.5,37.8,36.5,98.7,36.2,0.000,0.000,0.00,0.000,0.3,1.0,0.3,180,10,0.8,1.3,0.3,164,27,0.3,1.0,0.3,180,10,0,30.19,,,,,,,,,,
SCHU,2015-10-05 04:10:00 EDT,43.11700,-73.57829,103,36.8,37.7,36.8,99.0,36.6,0.000,0.000,0.00,0.000,1.0,1.7,0.4,160,21,1.4,2.0,0.3,153,17,1.0,1.7,0.4,160,21,0,30.19,,,,,,,,,,
SCHU,2015-10-05 04:15:00 EDT,43.11700,-73.57829,103,36.8,37.8,36.8,99.0,36.5,0.000,0.000,0.00,0.000,0.6,1.8,0.5,186,7,1.1,2.0,0.4,155,44,0.6,1.8,0.5,186,7,0,30.19,,,,,,,,,,
SCHU,2015-10-05 04:20:00 EDT,43.11700,-73.57829,103,37.2,37.9,37.2,99.2,37.0,0.000,0.000,0.00,0.000,0.5,1.2,0.4,276,7,0.8,1.6,0.4,281,41,0.5,1.2,0.4,276,7,0,30.19,,,,,,,,,,
SCHU,2015-10-05 04:25:00 EDT,43.11700,-73.57829,103,37.4,37.8,37.4,99.3,37.2,0.000,0.000,0.00,0.000,0.5,1.8,0.5,280,6,0.9,2.0,0.5,288,25,0.5,1.8,0.5,280,6,0,30.19,,,,,,,,,,
SCHU,2015-10-05 04:30:00 EDT,43.11700,-73.57829,103,37.3,37.5,37.3,99.4,37.1,0.000,0.000,0.00,0.000,1.5,2.2,0.2,260,6,1.6,2.7,0.3,265,12,1.5,2.2,0.2,260,6,0,30.19,,,,,,,,,,
SCHU,2015-10-05 04:35:00 EDT,43.11700,-73.57829,103,37.0,37.2,37.0,99.3,36.9,0.000,0.000,0.00,0.000,1.6,2.6,0.4,261,4,1.8,2.9,0.5,262,11,1.6,2.6,0.4,261,4,0,30.19,,,,,,,,,,
SCHU,2015-10-05 04:40:00 EDT,43.11700,-73.57829,103,36.9,37.4,36.9,99.3,36.7,0.000,0.000,0.00,0.000,1.1,1.5,0.2,233,14,1.3,1.8,0.2,235,14,1.1,1.5,0.2,233,14,0,30.19,,,,,,,,,,
SCHU,2015-10-05 04:45:00 EDT,43.11700,-73.57829,103,37.0,37.4,37.0,99.5,36.9,0.000,0.000,0.00,0.000,0.4,1.5,0.5,242,2,0.8,1.8,0.4,241,26,0.4,1.5,0.5,242,2,0,30.19,,,,,,,,,,
SCHU,2015-10-05 04:50:00 EDT,43.11700,-73.57829,103,37.2,37.4,37.2,99.5,37.0,0.000,0.000,0.00,0.000,0.0,0.4,0.1,240,0,0.4,1.1,0.2,249,46,0.0,0.4,0.1,240,0,0,30.19,,,,,,,,,,
SCHU,2015-10-05 04:55:00 EDT,43.11700,-73.57829,103,37.3,37.4,37.3,99.6,37.2,0.000,0.000,0.00,0.000,0.6,1.0,0.3,214,23,0.9,4.0,0.4,196,25,0.6,1.0,0.3,214,23,0,30.18,,,,,,,,,,
SCHU,2015-10-05 05:00:00 EDT,43.11700,-73.57829,103,37.2,37.4,37.2,99.6,37.1,0.000,0.000,0.00,0.000,0.0,0.4,0.1,184,0,0.7,1.3,0.2,221,18,0.0,0.4,0.1,184,0,0,30.19,,,,,,,,,,
SCHU,2015-10-05 05:05:00 EDT,43.11700,-73.57829,103,37.1,37.2,37.1,99.6,37.0,0.000,0.000,0.00,0.000,0.9,2.1,0.6,252,7,1.3,2.5,0.5,257,15,0.9,2.1,0.6,252,7,0,30.19,,,,,,,,,,
SCHU,2015-10-05 05:10:00 EDT,43.11700,-73.57829,103,37.1,37.3,37.1,99.6,37.0,0.000,0.000,0.00,0.000,0.0,0.5,0.1,249,0,0.7,3.8,0.4,303,17,0.0,0.5,0.1,249,0,0,30.18,,,,,,,,,,
SCHU,2015-10-05 05:15:00 EDT,43.11700,-73.57829,103,37.2,37.3,37.2,99.6,37.1,0.000,0.000,0.00,0.000,0.0,0.0,0.0,0,0,0.4,1.1,0.2,120,29,0.0,0.0,0.0,0,0,0,30.19,,,,,,,,,,
SCHU,2015-10-05 05:20:00 EDT,43.11700,-73.57829,103,37.2,37.3,37.2,99.6,37.1,0.000,0.000,0.00,0.000,0.0,0.0,0.0,0,0,0.7,1.3,0.2,107,38,0.0,0.0,0.0,0,0,0,30.19,,,,,,,,,,
SCHU,2015-10-05 05:25:00 EDT,43.11700,-73.57829,103,37.2,37.3,37.2,99.6,37.1,0.000,0.000,0.00,0.000,0.0,0.0,0.0,0,0,0.6,1.8,0.3,5,35,0.0,0.0,0.0,0,0,0,30.19,,,,,,,,,,
SCHU,2015-10-05 05:30:00 EDT,43.11700,-73.57829,103,37.2,37.4,37.2,99.6,37.1,0.000,0.000,0.00,0.000,0.0,0.0,0.0,0,0,0.6,1.8,0.4,15,41,0.0,0.0,0.0,0,0,0,30.19,,,,,,,,,,
SCHU,2015-10-05 05:35:00 EDT,43.11700,-73.57829,103,37.0,37.3,37.0,99.6,36.9,0.000,0.000,0.00,0.000,0.3,0.7,0.3,246,12,1.1,1.8,0.3,66,17,0.3,0.7,0.3,246,12,0,30.18,,,,,,,,,,
SCHU,2015-10-05 05:40:00 EDT,43.11700,-73.57829,103,36.8,37.1,36.8,99.6,36.7,0.000,0.000,0.00,0.000,0.5,1.5,0.4,96,8,1.3,2.2,0.4,92,13,0.5,1.5,0.4,96,8,0,30.18,,,,,,,,,,
SCHU,2015-10-05 05:45:00 EDT,43.11700,-73.57829,103,36.5,36.9,36.5,99.4,36.3,0.000,0.000,0.00,0.000,0.9,1.7,0.3,88,4,1.6,2.7,0.5,91,10,0.9,1.7,0.3,88,4,0,30.18,,,,,,,,,,
SCHU,2015-10-05 05:50:00 EDT,43.11700,-73.57829,103,36.3,36.8,36.3,99.1,36.1,0.000,0.000,0.00,0.000,0.1,0.7,0.1,89,0,0.7,1.6,0.3,90,50,0.1,0.7,0.1,89,0,0,30.19,,,,,,,,,,
SCHU,2015-10-05 05:55:00 EDT,43.11700,-73.57829,103,36.2,36.7,36.2,99.1,36.0,0.000,0.000,0.00,0.000,0.0,0.0,0.0,0,0,0.6,0.9,0.2,219,40,0.0,0.0,0.0,0,0,0,30.19,,,,,,,,,,
SCHU,2015-10-05 06:00:00 EDT,43.11700,-73.57829,103,36.1,36.8,36.1,99.1,35.9,0.000,0.000,0.00,0.000,0.5,0.9,0.3,89,0,0.9,3.1,0.3,265,15,0.5,0.9,0.3,89,0,0,30.19,,,,,,,,,,
SCHU,2015-10-05 06:05:00 EDT,43.11700,-73.57829,103,36.3,36.9,36.3,99.3,36.1,0.000,0.000,0.00,0.000,0.0,0.4,0.1,90,0,0.5,0.9,0.2,255,25,0.0,0.4,0.1,90,0,0,30.19,,,,,,,,,,
SCHU,2015-10-05 06:10:00 EDT,43.11700,-73.57829,103,36.2,36.9,36.2,99.3,36.0,0.000,0.000,0.00,0.000,0.0,0.0,0.0,0,0,0.5,5.4,0.5,287,34,0.0,0.0,0.0,0,0,0,30.19,,,,,,,,,,
SCHU,2015-10-05 06:15:00 EDT,43.11700,-73.57829,103,36.3,37.1,36.3,99.4,36.2,0.000,0.000,0.00,0.000,0.1,0.9,0.3,340,2,1.0,1.8,0.4,353,12,0.1,0.9,0.3,340,2,0,30.19,,,,,,,,,,
SCHU,2015-10-05 06:20:00 EDT,43.11700,-73.57829,103,36.6,36.9,36.6,99.5,36.5,0.000,0.000,0.00,0.000,0.0,0.1,0.0,338,0,0.6,1.3,0.3,46,40,0.0,0.1,0.0,338,0,0,30.19,,,,,,,,,,
SCHU,2015-10-05 06:25:00 EDT,43.11700,-73.57829,103,36.4,36.9,36.4,99.5,36.2,0.000,0.000,0.00,0.000,0.0,0.0,0.0,0,0,0.5,3.1,0.4,6,53,0.0,0.0,0.0,0,0,0,30.19,,,,,,,,,,
SCHU,2015-10-05 06:30:00 EDT,43.11700,-73.57829,103,36.5,37.0,36.5,99.5,36.3,0.000,0.000,0.00,0.000,0.4,2.0,0.7,336,4,1.0,2.9,0.8,342,20,0.4,2.0,0.7,336,4,0,30.19,,,,,,,,,,
SCHU,2015-10-05 06:35:00 EDT,43.11700,-73.57829,103,36.7,37.0,36.7,99.6,36.6,0.000,0.000,0.00,0.000,1.6,2.6,0.6,340,14,2.3,3.4,0.5,353,18,1.6,2.6,0.6,340,14,0,30.19,,,,,,,,,,
SCHU,2015-10-05 06:40:00 EDT,43.11700,-73.57829,103,36.6,37.0,36.6,99.4,36.5,0.000,0.000,0.00,0.000,0.1,0.7,0.2,48,1,0.9,1.6,0.3,65,32,0.1,0.7,0.2,48,1,0,30.19,,,,,,,,,,
SCHU,2015-10-05 06:45:00 EDT,43.11700,-73.57829,103,36.5,36.9,36.5,99.2,36.3,0.000,0.000,0.00,0.000,0.0,0.0,0.0,0,0,0.6,1.3,0.3,17,53,0.0,0.0,0.0,0,0,3,30.18,,,,,,,,,,
SCHU,2015-10-05 06:50:00 EDT,43.11700,-73.57829,103,36.6,37.0,36.6,99.1,36.4,0.000,0.000,0.00,0.000,0.6,1.4,0.5,38,19,1.3,2.5,0.6,43,23,0.6,1.4,0.5,38,19,7,30.19,,,,,,,,,,
SCHU,2015-10-05 06:55:00 EDT,43.11700,-73.57829,103,36.5,37.0,36.5,98.9,36.2,0.000,0.000,0.00,0.000,1.1,2.1,0.4,59,14,1.7,2.9,0.5,63,11,1.1,2.1,0.4,59,14,7,30.19,,,,,,,,,,
SCHU,2015-10-05 07:00:00 EDT,43.11700,-73.57829,103,36.5,36.9,36.5,97.9,35.9,0.000,0.000,0.00,0.000,1.2,2.3,0.4,58,9,1.8,3.1,0.5,59,9,1.2,2.3,0.4,58,9,7,30.19,,,,,,,,,,
SCHU,2015-10-05 07:05:00 EDT,43.11700,-73.57829,103,36.5,36.8,36.5,97.2,35.8,0.000,0.000,0.00,0.000,0.9,2.4,0.8,51,23,1.4,3.1,0.8,50,38,0.9,2.4,0.8,51,23,11,30.19,,,,,,,,,,
SCHU,2015-10-05 07:10:00 EDT,43.11700,-73.57829,103,36.4,36.8,36.4,97.3,35.7,0.000,0.000,0.00,0.000,1.3,2.6,0.6,341,19,2.0,3.8,0.6,354,21,1.3,2.6,0.6,341,19,16,30.19,,,,,,,,,,
SCHU,2015-10-05 07:15:00 EDT,43.11700,-73.57829,103,36.5,36.8,36.5,97.6,35.8,0.000,0.000,0.00,0.000,1.0,1.6,0.2,325,20,1.4,2.2,0.3,340,23,1.0,1.6,0.2,325,20,22,30.19,,,,,,,,,,
SCHU,2015-10-05 07:20:00 EDT,43.11700,-73.57829,103,36.6,37.0,36.6,97.9,36.0,0.000,0.000,0.00,0.000,0.8,1.4,0.5,339,4,1.4,2.7,0.5,346,14,0.8,1.4,0.5,339,4,27,30.19,,,,,,,,,,
SCHU,2015-10-05 07:25:00 EDT,43.11700,-73.57829,103,36.7,37.0,36.7,98.0,36.2,0.000,0.000,0.00,0.000,0.0,0.0,0.0,0,0,0.5,1.1,0.3,311,47,0.0,0.0,0.0,0,0,33,30.19,,,,,,,,,,
SCHU,2015-10-05 07:30:00 EDT,43.11700,-73.57829,103,37.1,37.2,37.1,98.2,36.6,0.000,0.000,0.00,0.000,0.4,1.4,0.5,333,6,1.1,3.8,0.5,345,30,0.4,1.4,0.5,333,6,38,30.19,,,,,,,,,,
SCHU,2015-10-05 07:35:00 EDT,43.11700,-73.57829,103,37.0,37.3,37.0,98.2,36.5,0.000,0.000,0.00,0.000,0.1,0.7,0.2,323,7,1.0,1.8,0.4,11,45,0.1,0.7,0.2,323,7,45,30.19,,,,,,,,,,
SCHU,2015-10-05 07:40:00 EDT,43.11700,-73.57829,103,37.2,37.5,37.2,97.7,36.6,0.000,0.000,0.00,0.000,0.8,1.5,0.2,57,24,1.5,2.2,0.3,58,25,0.8,1.5,0.2,57,24,54,30.19,,,,,,,,,,
SCHU,2015-10-05 07:45:00 EDT,43.11700,-73.57829,103,37.3,37.5,37.3,96.8,36.5,0.000,0.000,0.00,0.000,0.4,1.0,0.3,69,13,1.2,1.8,0.3,80,22,0.4,1.0,0.3,69,13,64,30.19,,,,,,,,,,
SCHU,2015-10-05 07:50:00 EDT,43.11700,-73.57829,103,37.5,37.6,37.5,96.1,36.5,0.000,0.000,0.00,0.000,1.0,1.4,0.3,98,14,1.6,2.5,0.4,96,14,1.0,1.4,0.3,98,14,70,30.19,,,,,,,,,,
SCHU,2015-10-05 07:55:00 EDT,43.11700,-73.57829,103,37.8,37.8,37.8,95.8,36.7,0.000,0.000,0.00,0.000,0.8,1.6,0.4,81,13,1.6,2.5,0.4,86,17,0.8,1.6,0.4,81,13,74,30.20,,,,,,,,,,
SCHU,2015-10-05 08:00:00 EDT,43.11700,-73.57829,103,37.9,37.8,37.9,94.9,36.5,0.000,0.000,0.00,0.000,0.8,1.8,0.4,64,19,1.6,3.1,0.5,70,18,0.8,1.8,0.4,64,19,76,30.20,,,,,,,,,,
SCHU,2015-10-05 08:05:00 EDT,43.11700,-73.57829,103,37.8,37.7,37.8,94.0,36.3,0.000,0.000,0.00,0.000,0.3,1.1,0.4,57,6,1.2,2.0,0.4,49,27,0.3,1.1,0.4,57,6,84,30.20,,,,,,,,,,
SCHU,2015-10-05 08:10:00 EDT,43.11700,-73.57829,103,37.8,37.8,37.8,93.1,36.0,0.000,0.000,0.00,0.000,0.6,1.5,0.4,360,21,1.2,2.0,0.4,8,24,0.6,1.5,0.4,360,21,109,30.20,,,,,,,,,,
SCHU,2015-10-05 08:15:00 EDT,43.11700,-73.57829,103,38.5,38.2,38.5,94.3,37.0,0.000,0.000,0.00,0.000,0.0,0.4,0.1,349,1,0.8,2.0,0.4,11,49,0.0,0.4,0.1,349,1,102,30.20,,,,,,,,,,
SCHU,2015-10-05 08:20:00 EDT,43.11700,-73.57829,103,38.5,38.5,38.5,93.9,36.9,0.000,0.000,0.00,0.000,1.1,3.2,0.9,332,10,1.7,4.5,0.8,347,25,1.1,3.2,0.9,332,10,110,30.20,,,,,,,,,,
SCHU,2015-10-05 08:25:00 EDT,43.11700,-73.57829,103,38.6,38.5,38.6,93.2,36.8,0.000,0.000,0.00,0.000,2.1,3.6,0.8,360,20,2.8,4.7,0.9,11,20,2.1,3.6,0.8,360,20,122,30.20,,,,,,,,,,
SCHU,2015-10-05 08:30:00 EDT,43.11700,-73.57829,103,38.9,38.7,38.9,94.7,37.5,0.000,0.000,0.00,0.000,1.8,3.2,0.7,9,22,2.4,4.3,0.7,16,20,1.8,3.2,0.7,9,22,125,30.19,,,,,,,,,,
SCHU,2015-10-05 08:35:00 EDT,43.11700,-73.57829,103,38.7,38.6,38.7,93.8,37.0,0.000,0.000,0.00,0.000,2.5,4.0,0.9,352,17,3.3,5.8,1.1,5,18,2.5,4.0,0.9,352,17,125,30.19,,,,,,,,,,
SCHU,2015-10-05 08:40:00 EDT,43.11700,-73.57829,103,38.9,38.8,38.9,94.2,37.3,0.000,0.000,0.00,0.000,2.0,3.3,0.7,357,23,2.9,4.7,0.7,6,18,2.0,3.3,0.7,357,23,138,30.18,,,,,,,,,,
SCHU,2015-10-05 08:45:00 EDT,43.11700,-73.57829,103,38.9,38.8,38.9,93.9,37.3,0.000,0.000,0.00,0.000,2.0,3.7,0.7,343,20,2.6,4.9,0.7,357,22,2.0,3.7,0.7,343,20,162,30.18,,,,,,,,,,
SCHU,2015-10-05 08:50:00 EDT,43.11700,-73.57829,103,39.4,39.1,39.4,94.5,38.0,0.000,0.000,0.00,0.000,1.9,3.3,0.8,348,22,2.6,5.1,1.0,1,22,1.9,3.3,0.8,348,22,178,30.18,,,,,,,,,,
SCHU,2015-10-05 08:55:00 EDT,43.11700,-73.57829,103,39.4,39.4,39.4,93.1,37.6,0.000,0.000,0.00,0.000,1.6,2.8,0.5,347,21,2.3,4.3,0.7,359,21,1.6,2.8,0.5,347,21,187,30.18,,,,,,,,,,
SCHU,2015-10-05 09:00:00 EDT,43.11700,-73.57829,103,39.7,39.6,39.7,92.7,37.8,0.000,0.000,0.00,0.000,2.2,3.3,0.5,332,11,2.6,4.3,0.7,345,12,2.2,3.3,0.5,332,11,190,30.18,,,,,,,,,,
SCHU,2015-10-05 09:05:00 EDT,43.11700,-73.57829,103,40.3,40.1,40.3,94.0,38.7,0.000,0.000,0.00,0.000,0.6,2.3,0.7,321,24,1.2,2.9,0.6,340,42,0.6,2.3,0.7,321,24,225,30.18,,,,,,,,,,
SCHU,2015-10-05 09:10:00 EDT,43.11700,-73.57829,103,40.7,40.4,40.7,92.1,38.5,0.000,0.000,0.00,0.000,2.0,4.0,0.9,314,25,2.3,5.1,1.0,326,29,2.0,4.0,0.9,314,25,239,30.18,,,,,,,,,,
SCHU,2015-10-05 09:15:00 EDT,43.11700,-73.57829,103,41.0,40.8,41.0,92.6,39.0,0.000,0.000,0.00,0.000,1.4,3.1,0.7,307,25,1.8,3.8,0.7,321,29,1.4,3.1,0.7,307,25,178,30.18,,,,,,,,,,
SCHU,2015-10-05 09:20:00 EDT,43.11700,-73.57829,103,40.8,40.8,40.8,91.0,38.4,0.000,0.000,0.00,0.000,2.2,3.4,0.7,317,24,2.4,3.8,0.7,332,23,2.2,3.4,0.7,317,24,152,30.18,,,,,,,,,,
SCHU,2015-10-05 09:25:00 EDT,43.11700,-73.57829,103,41.3,41.3,41.3,92.4,39.3,0.000,0.000,0.00,0.000,1.2,2.6,0.6,322,32,1.8,3.4,0.6,336,33,1.2,2.6,0.6,322,32,164,30.18,,,,,,,,,,
SCHU,2015-10-05 09:30:00 EDT,43.11700,-73.57829,103,41.6,41.5,41.6,92.8,39.7,0.000,0.000,0.00,0.000,1.9,4.0,0.9,331,27,2.6,5.4,1.1,344,25,1.9,4.0,0.9,331,27,157,30.18,,,,,,,,,,
SCHU,2015-10-05 09:35:00 EDT,43.11700,-73.57829,103,41.6,41.5,41.6,91.8,39.4,0.000,0.000,0.00,0.000,1.9,3.8,0.9,336,24,2.5,4.3,0.9,351,26,1.9,3.8,0.9,336,24,166,30.18,,,,,,,,,,
SCHU,2015-10-05 09:40:00 EDT,43.11700,-73.57829,103,41.9,41.7,41.9,92.2,39.8,0.000,0.000,0.00,0.000,1.5,3.5,0.7,9,38,2.4,4.9,1.0,21,35,1.5,3.5,0.7,9,38,163,30.18,,,,,,,,,,
SCHU,2015-10-05 09:45:00 EDT,43.11700,-73.57829,103,42.2,41.9,42.2,90.8,39.7,0.000,0.000,0.00,0.000,2.1,3.7,0.7,331,19,2.4,4.5,0.7,345,23,2.1,3.7,0.7,331,19,176,30.18,,,,,,,,,,
SCHU,2015-10-05 09:50:00 EDT,43.11700,-73.57829,103,42.5,42.1,42.5,90.0,39.7,0.000,0.000,0.00,0.000,2.6,5.0,1.1,360,24,3.2,6.3,1.4,10,23,2.6,5.0,1.1,360,24,219,30.18,,,,,,,,,,
SCHU,2015-10-05 09:55:00 EDT,43.11700,-73.57829,103,43.0,42.6,43.0,89.2,40.0,0.000,0.000,0.00,0.000,1.5,3.6,0.7,352,32,2.2,4.0,0.7,5,31,1.5,3.6,0.7,352,32,289,30.18,,,,,,,,,,
SCHU,2015-10-05 10:00:00 EDT,43.11700,-73.57829,103,43.4,43.0,43.4,87.6,39.9,0.000,0.000,0.00,0.000,0.9,2.7,0.6,26,19,1.7,3.8,0.8,33,22,0.9,2.7,0.6,26,19,352,30.18,,,,,,,,,,
SCHU,2015-10-05 10:05:00 EDT,43.11700,-73.57829,103,43.9,43.5,43.9,85.7,39.9,0.000,0.000,0.00,0.000,0.5,2.3,0.6,336,19,1.4,3.6,0.7,344,53,0.5,2.3,0.6,336,19,420,30.18,,,,,,,,,,
SCHU,2015-10-05 10:10:00 EDT,43.11700,-73.57829,103,44.6,43.9,44.6,83.1,39.8,0.000,0.000,0.00,0.000,0.5,1.5,0.5,53,41,1.2,2.7,0.5,64,48,0.5,1.5,0.5,53,41,353,30.18,,,,,,,,,,
SCHU,2015-10-05 10:15:00 EDT,43.11700,-73.57829,103,44.1,44.0,44.1,80.6,38.6,0.000,0.000,0.00,0.000,0.2,1.2,0.4,51,12,1.1,2.7,0.5,63,31,0.2,1.2,0.4,51,12,291,30.18,,,,,,,,,,
SCHU,2015-10-05 10:20:00 EDT,43.11700,-73.57829,103,44.2,44.0,44.2,81.2,38.8,0.000,0.000,0.00,0.000,0.6,1.5,0.5,273,34,0.9,2.5,0.5,305,61,0.6,1.5,0.5,273,34,235,30.18,,,,,,,,,,
SCHU,2015-10-05 10:25:00 EDT,43.11700,-73.57829,103,44.6,44.3,44.6,80.9,39.1,0.000,0.000,0.00,0.000,1.0,2.3,0.7,290,37,1.3,2.9,0.7,302,51,1.0,2.3,0.7,290,37,359,30.18,,,,,,,,,,
SCHU,2015-10-05 10:30:00 EDT,43.11700,-73.57829,103,46.0,45.3,46.0,80.6,40.4,0.000,0.000,0.00,0.000,1.3,3.7,0.9,315,18,1.7,4.5,0.9,329,29,1.3,3.7,0.9,315,18,282,30.18,,,,,,,,,,
SCHU,2015-10-05 10:35:00 EDT,43.11700,-73.57829,103,46.7,46.4,46.7,80.0,40.8,0.000,0.000,0.00,0.000,1.7,3.7,1.0,326,19,2.2,4.3,1.0,340,21,1.7,3.7,1.0,326,19,257,30.18,,,,,,,,,,
SCHU,2015-10-05 10:40:00 EDT,43.11700,-73.57829,103,47.5,47.1,47.5,80.6,41.8,0.000,0.000,0.00,0.000,0.9,2.1,0.6,323,66,1.6,3.6,0.7,18,65,0.9,2.1,0.6,323,66,325,30.18,,,,,,,,,,
SCHU,2015-10-05 10:45:00 EDT,43.11700,-73.57829,103,48.7,47.7,48.7,77.0,41.8,0.000,0.000,0.00,0.000,1.6,2.6,0.5,75,17,2.5,4.0,0.7,76,19,1.6,2.6,0.5,75,17,494,30.17,,,,,,,,,,
SCHU,2015-10-05 10:50:00 EDT,43.11700,-73.57829,103,48.8,48.2,48.8,72.0,40.2,0.000,0.000,0.00,0.000,1.3,2.6,0.7,16,22,2.2,3.6,0.6,33,20,1.3,2.6,0.7,16,22,566,30.17,,,,,,,,,,
SCHU,2015-10-05 10:55:00 EDT,43.11700,-73.57829,103,49.5,48.7,49.5,69.1,39.7,0.000,0.000,0.00,0.000,0.7,3.1,0.7,17,44,1.5,3.8,0.8,33,46,0.7,3.1,0.7,17,44,573,30.17,,,,,,,,,,
SCHU,2015-10-05 11:00:00 EDT,43.11700,-73.57829,103,49.9,49.2,49.9,68.0,39.7,0.000,0.000,0.00,0.000,1.0,2.4,0.6,211,39,1.3,2.5,0.5,191,47,1.0,2.4,0.6,211,39,616,30.17,,,,,,,,,,
SCHU,2015-10-05 11:05:00 EDT,43.11700,-73.57829,103,51.2,50.1,51.2,68.8,41.3,0.000,0.000,0.00,0.000,0.8,2.4,0.7,105,41,1.9,4.7,0.8,88,47,0.8,2.4,0.7,105,41,636,30.17,,,,,,,,,,
SCHU,2015-10-05 11:10:00 EDT,43.11700,-73.57829,103,52.1,51.0,52.1,64.4,40.5,0.000,0.000,0.00,0.000,0.9,2.4,0.7,179,31,1.6,2.9,0.6,159,42,0.9,2.4,0.7,179,31,668,30.16,,,,,,,,,,
SCHU,2015-10-05 11:15:00 EDT,43.11700,-73.57829,103,52.2,51.2,52.2,63.2,40.0,0.000,0.000,0.00,0.000,1.0,2.1,0.6,228,44,1.6,3.6,0.7,222,64,1.0,2.1,0.6,228,44,588,30.16,,,,,,,,,,
SCHU,2015-10-05 11:20:00 EDT,43.11700,-73.57829,103,51.8,51.3,51.8,59.5,38.2,0.000,0.000,0.00,0.000,1.6,3.5,0.6,327,15,2.0,4.3,0.8,344,18,1.6,3.5,0.6,327,15,395,30.16,,,,,,,,,,
SCHU,2015-10-05 11:25:00 EDT,43.11700,-73.57829,103,53.3,52.3,53.3,60.0,39.8,0.000,0.000,0.00,0.000,1.6,3.7,1.1,344,35,2.1,4.3,1.0,358,44,1.6,3.7,1.1,344,35,526,30.16,,,,,,,,,,
SCHU,2015-10-05 11:30:00 EDT,43.11700,-73.57829,103,53.6,52.8,53.6,58.8,39.6,0.000,0.000,0.00,0.000,1.4,3.1,0.7,335,40,2.3,5.6,1.0,348,43,1.4,3.1,0.7,335,40,486,30.16,,,,,,,,,,
SCHU,2015-10-05 11:35:00 EDT,43.11700,-73.57829,103,52.8,52.3,52.8,59.0,38.8,0.000,0.000,0.00,0.000,1.2,2.6,0.7,298,17,1.5,2.9,0.6,318,31,1.2,2.6,0.7,298,17,340,30.16,,,,,,,,,,
SCHU,2015-10-05 11:40:00 EDT,43.11700,-73.57829,103,53.8,52.9,53.8,60.7,40.6,0.000,0.000,0.00,0.000,2.5,5.2,1.2,348,33,3.3,5.8,1.2,0,31,2.5,5.2,1.2,348,33,624,30.15,,,,,,,,,,
SCHU,2015-10-05 11:45:00 EDT,43.11700,-73.57829,103,54.6,53.1,54.6,55.3,38.9,0.000,0.000,0.00,0.000,3.0,5.6,0.9,5,19,3.8,6.3,1.1,19,17,3.0,5.6,0.9,5,19,654,30.15,,,,,,,,,,
SCHU,2015-10-05 11:50:00 EDT,43.11700,-73.57829,103,54.7,53.6,54.7,55.4,39.0,0.000,0.000,0.00,0.000,1.5,3.7,1.0,14,36,2.4,5.6,1.2,27,36,1.5,3.7,1.0,14,36,709,30.15,,,,,,,,,,
SCHU,2015-10-05 11:55:00 EDT,43.11700,-73.57829,103,55.4,54.4,55.4,55.9,39.9,0.000,0.000,0.00,0.000,1.9,4.5,1.2,298,44,2.6,5.1,1.3,321,48,1.9,4.5,1.2,298,44,807,30.15,,,,,,,,,,
SCHU,2015-10-05 12:00:00 EDT,43.11700,-73.57829,103,55.1,54.7,55.1,54.0,38.7,0.000,0.000,0.00,0.000,2.2,4.7,1.1,334,22,2.9,6.5,1.1,348,22,2.2,4.7,1.1,334,22,504,30.15,,,,,,,,,,
SCHU,2015-10-05 12:05:00 EDT,43.11700,-73.57829,103,55.6,54.7,55.6,54.0,39.2,0.000,0.000,0.00,0.000,1.1,2.7,0.8,37,32,1.8,4.7,0.9,45,35,1.1,2.7,0.8,37,32,805,30.14,,,,,,,,,,
SCHU,2015-10-05 12:10:00 EDT,43.11700,-73.57829,103,56.3,55.2,56.3,52.4,39.1,0.000,0.000,0.00,0.000,2.5,4.0,0.9,22,39,3.4,5.8,1.0,32,37,2.5,4.0,0.9,22,39,779,30.14,,,,,,,,,,
SCHU,2015-10-05 12:15:00 EDT,43.11700,-73.57829,103,56.7,55.4,56.7,52.7,39.6,0.000,0.000,0.00,0.000,2.0,5.3,1.1,355,48,2.7,6.5,1.2,13,47,2.0,5.3,1.1,355,48,742,30.14,,,,,,,,,,
SCHU,2015-10-05 12:20:00 EDT,43.11700,-73.57829,103,57.3,55.9,57.3,52.4,40.1,0.000,0.000,0.00,0.000,2.0,4.5,0.8,11,21,3.0,6.7,1.0,24,19,2.0,4.5,0.8,11,21,805,30.13,,,,,,,,,,
SCHU,2015-10-05 12:25:00 EDT,43.11700,-73.57829,103,57.3,56.4,57.3,49.3,38.5,0.000,0.000,0.00,0.000,3.9,6.4,1.4,296,30,4.3,7.4,1.5,306,31,3.9,6.4,1.4,296,30,537,30.13,,,,,,,,,,
SCHU,2015-10-05 12:30:00 EDT,43.11700,-73.57829,103,56.1,55.6,56.1,50.4,37.9,0.000,0.000,0.00,0.000,3.2,5.7,1.1,274,28,3.4,6.7,1.3,280,31,3.2,5.7,1.1,274,28,528,30.13,,,,,,,,,,
SCHU,2015-10-05 12:35:00 EDT,43.11700,-73.57829,103,57.8,56.3,57.8,51.9,40.3,0.000,0.000,0.00,0.000,2.2,4.2,0.9,242,43,2.6,4.9,1.1,247,52,2.2,4.2,0.9,242,43,784,30.13,,,,,,,,,,
SCHU,2015-10-05 12:40:00 EDT,43.11700,-73.57829,103,58.5,57.2,58.5,50.2,40.0,0.000,0.000,0.00,0.000,2.8,4.5,0.6,7,25,3.5,5.6,0.8,17,24,2.8,4.5,0.6,7,25,782,30.13,,,,,,,,,,
SCHU,2015-10-05 12:45:00 EDT,43.11700,-73.57829,103,58.0,56.7,58.0,47.9,38.4,0.000,0.000,0.00,0.000,3.1,5.8,0.7,287,22,3.5,6.0,0.9,296,23,3.1,5.8,0.7,287,22,780,30.12,,,,,,,,,,
SCHU,2015-10-05 12:50:00 EDT,43.11700,-73.57829,103,57.7,56.7,57.7,47.9,38.1,0.000,0.000,0.00,0.000,1.4,3.7,1.0,253,18,1.6,3.8,0.8,266,37,1.4,3.7,1.0,253,18,782,30.12,,,,,,,,,,
SCHU,2015-10-05 12:55:00 EDT,43.11700,-73.57829,103,57.9,57.1,57.9,47.6,38.1,0.000,0.000,0.00,0.000,3.0,4.8,0.9,236,20,3.0,5.4,0.9,239,24,3.0,4.8,0.9,236,20,794,30.12,,,,,,,,,,
SCHU,2015-10-05 13:00:00 EDT,43.11700,-73.57829,103,58.4,57.5,58.4,49.6,39.6,0.000,0.000,0.00,0.000,2.2,4.5,1.0,217,17,2.4,4.5,0.8,214,22,2.2,4.5,1.0,217,17,784,30.11,,,,,,,,,,
SCHU,2015-10-05 13:05:00 EDT,43.11700,-73.57829,103,58.9,58.5,58.9,46.8,38.6,0.000,0.000,0.00,0.000,1.2,4.4,1.2,153,20,1.9,5.4,1.2,147,32,1.2,4.4,1.2,153,20,560,30.11,,,,,,,,,,
SCHU,2015-10-05 13:10:00 EDT,43.11700,-73.57829,103,58.6,58.1,58.6,47.4,38.7,0.000,0.000,0.00,0.000,2.0,4.1,0.8,154,23,2.5,4.5,0.8,146,25,2.0,4.1,0.8,154,23,483,30.11,,,,,,,,,,
SCHU,2015-10-05 13:15:00 EDT,43.11700,-73.57829,103,59.8,58.9,59.8,49.3,40.8,0.000,0.000,0.00,0.000,1.7,3.8,1.1,121,17,2.4,4.9,1.0,118,20,1.7,3.8,1.1,121,17,714,30.10,,,,,,,,,,
SCHU,2015-10-05 13:20:00 EDT,43.11700,-73.57829,103,59.8,58.9,59.8,46.6,39.3,0.000,0.000,0.00,0.000,1.9,3.5,0.7,132,12,2.3,4.7,0.8,128,12,1.9,3.5,0.7,132,12,774,30.10,,,,,,,,,,
SCHU,2015-10-05 13:25:00 EDT,43.11700,-73.57829,103,60.4,59.2,60.4,46.7,40.0,0.000,0.000,0.00,0.000,1.7,2.8,0.6,61,42,2.3,4.0,0.8,66,39,1.7,2.8,0.6,61,42,807,30.10,,,,,,,,,,
SCHU,2015-10-05 13:30:00 EDT,43.11700,-73.57829,103,61.3,59.3,61.3,47.0,40.9,0.000,0.000,0.00,0.000,2.0,3.5,0.6,53,13,2.9,5.1,0.7,58,11,2.0,3.5,0.6,53,13,796,30.10,,,,,,,,,,
SCHU,2015-10-05 13:35:00 EDT,43.11700,-73.57829,103,60.6,59.0,60.6,46.2,39.8,0.000,0.000,0.00,0.000,2.2,4.3,0.9,39,20,3.0,6.5,1.0,44,16,2.2,4.3,0.9,39,20,774,30.10,,,,,,,,,,
SCHU,2015-10-05 13:40:00 EDT,43.11700,-73.57829,103,60.7,59.1,60.7,45.7,39.6,0.000,0.000,0.00,0.000,1.2,2.6,0.8,52,24,2.1,4.0,0.9,58,28,1.2,2.6,0.8,52,24,761,30.09,,,,,,,,,,
SCHU,2015-10-05 13:45:00 EDT,43.11700,-73.57829,103,60.2,59.4,60.2,46.7,39.7,0.000,0.000,0.00,0.000,1.1,3.4,0.9,271,20,1.7,4.0,0.9,274,37,1.1,3.4,0.9,271,20,612,30.09,,,,,,,,,,
SCHU,2015-10-05 13:50:00 EDT,43.11700,-73.57829,103,59.6,59.0,59.6,47.0,39.3,0.000,0.000,0.00,0.000,2.3,4.7,1.0,220,27,2.4,4.9,1.1,213,33,2.3,4.7,1.0,220,27,433,30.09,,,,,,,,,,
SCHU,2015-10-05 13:55:00 EDT,43.11700,-73.57829,103,59.6,59.1,59.6,48.3,40.0,0.000,0.000,0.00,0.000,2.8,5.0,1.0,237,33,3.1,5.6,1.1,241,35,2.8,5.0,1.0,237,33,482,30.09,,,,,,,,,,
SCHU,2015-10-05 14:00:00 EDT,43.11700,-73.57829,103,60.0,59.3,60.0,47.9,40.2,0.000,0.000,0.00,0.000,2.9,5.0,1.1,266,22,3.3,5.8,1.2,275,27,2.9,5.0,1.1,266,22,432,30.08,,,,,,,,,,
SCHU,2015-10-05 14:05:00 EDT,43.11700,-73.57829,103,59.8,59.2,59.8,48.8,40.5,0.000,0.000,0.00,0.000,2.9,4.9,0.7,156,19,3.3,6.0,1.0,152,20,2.9,4.9,0.7,156,19,389,30.08,,,,,,,,,,
SCHU,2015-10-05 14:10:00 EDT,43.11700,-73.57829,103,60.0,59.2,60.0,49.8,41.2,0.000,0.000,0.00,0.000,1.5,3.3,1.0,192,56,2.0,4.0,0.9,163,64,1.5,3.3,1.0,192,56,277,30.08,,,,,,,,,,
SCHU,2015-10-05 14:15:00 EDT,43.11700,-73.57829,103,59.4,58.9,59.4,47.8,39.6,0.000,0.000,0.00,0.000,2.3,3.8,0.7,252,16,2.3,4.0,0.8,255,21,2.3,3.8,0.7,252,16,340,30.08,,,,,,,,,,
SCHU,2015-10-05 14:20:00 EDT,43.11700,-73.57829,103,59.6,59.1,59.6,48.3,40.1,0.000,0.000,0.00,0.000,1.7,4.3,1.2,223,17,1.7,4.5,1.0,219,32,1.7,4.3,1.2,223,17,493,30.08,,,,,,,,,,
SCHU,2015-10-05 14:25:00 EDT,43.11700,-73.57829,103,60.4,59.5,60.4,46.5,39.8,0.000,0.000,0.00,0.000,1.3,4.4,1.3,237,10,1.6,4.7,1.0,240,53,1.3,4.4,1.3,237,10,718,30.08,,,,,,,,,,
SCHU,2015-10-05 14:30:00 EDT,43.11700,-73.57829,103,60.7,59.6,60.7,44.9,39.2,0.000,0.000,0.00,0.000,1.6,3.6,0.9,79,48,2.4,5.1,1.3,77,40,1.6,3.6,0.9,79,48,702,30.08,,,,,,,,,,
SCHU,2015-10-05 14:35:00 EDT,43.11700,-73.57829,103,61.2,60.1,61.2,47.0,40.9,0.000,0.000,0.00,0.000,3.6,5.7,0.9,142,48,4.5,8.7,1.1,134,49,3.6,5.7,0.9,142,48,648,30.07,,,,,,,,,,
SCHU,2015-10-05 14:40:00 EDT,43.11700,-73.57829,103,61.0,60.3,61.0,46.0,40.1,0.000,0.000,0.00,0.000,3.4,5.6,1.2,158,16,3.9,6.7,1.4,154,16,3.4,5.6,1.2,158,16,477,30.07,,,,,,,,,,
SCHU,2015-10-05 14:45:00 EDT,43.11700,-73.57829,103,61.3,60.5,61.3,46.8,40.8,0.000,0.000,0.00,0.000,1.8,3.7,0.9,142,40,2.4,5.1,1.1,133,41,1.8,3.7,0.9,142,40,584,30.07,,,,,,,,,,
SCHU,2015-10-05 14:50:00 EDT,43.11700,-73.57829,103,61.7,60.9,61.7,45.9,40.7,0.000,0.000,0.00,0.000,2.3,4.8,1.1,174,29,2.9,5.4,1.2,166,32,2.3,4.8,1.1,174,29,576,30.07,,,,,,,,,,
SCHU,2015-10-05 14:55:00 EDT,43.11700,-73.57829,103,61.6,60.7,61.6,46.0,40.6,0.000,0.000,0.00,0.000,2.2,5.4,1.2,199,29,2.8,5.8,1.3,192,33,2.2,5.4,1.2,199,29,593,30.07,,,,,,,,,,
SCHU,2015-10-05 15:00:00 EDT,43.11700,-73.57829,103,61.2,60.5,61.2,44.4,39.3,0.000,0.000,0.00,0.000,3.3,5.2,1.0,294,26,3.5,6.0,1.0,307,31,3.3,5.2,1.0,294,26,496,30.06,,,,,,,,,,
SCHU,2015-10-05 15:05:00 EDT,43.11700,-73.57829,103,60.7,60.1,60.7,44.7,39.1,0.000,0.000,0.00,0.000,2.2,4.7,1.2,285,25,2.5,5.4,1.2,294,36,2.2,4.7,1.2,285,25,535,30.06,,,,,,,,,,
SCHU,2015-10-05 15:10:00 EDT,43.11700,-73.57829,103,61.8,60.8,61.8,44.9,40.2,0.000,0.000,0.00,0.000,2.0,4.3,1.5,334,21,2.7,5.6,1.5,351,33,2.0,4.3,1.5,334,21,557,30.06,,,,,,,,,,
SCHU,2015-10-05 15:15:00 EDT,43.11700,-73.57829,103,61.4,60.6,61.4,44.1,39.3,0.000,0.000,0.00,0.000,1.6,3.6,0.8,288,30,2.0,4.7,1.0,297,33,1.6,3.6,0.8,288,30,541,30.06,,,,,,,,,,
SCHU,2015-10-05 15:20:00 EDT,43.11700,-73.57829,103,61.4,60.8,61.4,44.2,39.4,0.000,0.000,0.00,0.000,2.2,4.5,0.9,318,35,2.9,5.1,0.9,336,37,2.2,4.5,0.9,318,35,538,30.06,,,,,,,,,,
SCHU,2015-10-05 15:25:00 EDT,43.11700,-73.57829,103,61.3,60.6,61.3,44.0,39.2,0.000,0.000,0.00,0.000,2.1,3.7,0.7,241,44,2.1,3.6,0.7,240,55,2.1,3.7,0.7,241,44,533,30.06,,,,,,,,,,
SCHU,2015-10-05 15:30:00 EDT,43.11700,-73.57829,103,61.6,61.0,61.6,43.3,39.1,0.000,0.000,0.00,0.000,1.4,3.0,1.0,254,47,1.9,4.0,1.0,258,62,1.4,3.0,1.0,254,47,515,30.05,,,,,,,,,,
SCHU,2015-10-05 15:35:00 EDT,43.11700,-73.57829,103,61.7,61.1,61.7,43.1,39.1,0.000,0.000,0.00,0.000,1.5,3.5,0.9,249,55,1.7,3.8,0.8,243,67,1.5,3.5,0.9,249,55,483,30.05,,,,,,,,,,
SCHU,2015-10-05 15:40:00 EDT,43.11700,-73.57829,103,61.8,61.0,61.8,42.8,39.0,0.000,0.000,0.00,0.000,0.7,2.0,0.6,148,48,1.4,3.6,0.7,120,51,0.7,2.0,0.6,148,48,417,30.05,,,,,,,,,,
SCHU,2015-10-05 15:45:00 EDT,43.11700,-73.57829,103,61.5,61.0,61.5,45.2,40.1,0.000,0.000,0.00,0.000,0.3,1.2,0.4,205,13,0.8,1.6,0.4,222,72,0.3,1.2,0.4,205,13,235,30.05,,,,,,,,,,
SCHU,2015-10-05 15:50:00 EDT,43.11700,-73.57829,103,61.3,60.8,61.3,45.4,39.9,0.000,0.000,0.00,0.000,1.9,4.4,1.1,281,23,2.2,4.9,1.1,292,29,1.9,4.4,1.1,281,23,246,30.05,,,,,,,,,,
SCHU,2015-10-05 15:55:00 EDT,43.11700,-73.57829,103,60.9,60.7,60.9,44.2,38.9,0.000,0.000,0.00,0.000,1.3,3.7,1.1,288,24,1.5,3.8,0.9,303,31,1.3,3.7,1.1,288,24,273,30.05,,,,,,,,,,
SCHU,2015-10-05 16:00:00 EDT,43.11700,-73.57829,103,61.7,60.9,61.7,44.0,39.6,0.000,0.000,0.00,0.000,0.9,2.3,0.7,282,18,1.1,2.9,0.6,290,39,0.9,2.3,0.7,282,18,359,30.04,,,,,,,,,,
SCHU,2015-10-05 16:05:00 EDT,43.11700,-73.57829,103,60.9,60.7,60.9,42.8,38.1,0.000,0.000,0.00,0.000,0.4,1.5,0.4,353,28,1.1,2.5,0.6,4,49,0.4,1.5,0.4,353,28,164,30.04,,,,,,,,,,
SCHU,2015-10-05 16:10:00 EDT,43.11700,-73.57829,103,60.5,60.4,60.5,46.7,40.0,0.000,0.000,0.00,0.000,1.2,2.5,0.7,319,19,1.7,3.8,0.7,331,24,1.2,2.5,0.7,319,19,121,30.04,,,,,,,,,,
SCHU,2015-10-05 16:15:00 EDT,43.11700,-73.57829,103,60.4,60.4,60.4,46.8,39.9,0.000,0.000,0.00,0.000,1.4,2.4,0.5,342,10,1.9,3.4,0.6,359,12,1.4,2.4,0.5,342,10,151,30.04,,,,,,,,,,
SCHU,2015-10-05 16:20:00 EDT,43.11700,-73.57829,103,61.1,60.8,61.1,47.8,41.1,0.000,0.000,0.00,0.000,0.6,2.3,0.7,334,11,1.3,3.1,0.6,346,21,0.6,2.3,0.7,334,11,351,30.04,,,,,,,,,,
SCHU,2015-10-05 16:25:00 EDT,43.11700,-73.57829,103,61.6,61.2,61.6,45.5,40.3,0.000,0.000,0.00,0.000,1.5,2.6,0.5,330,31,1.8,3.6,0.5,350,31,1.5,2.6,0.5,330,31,316,30.03,,,,,,,,,,
SCHU,2015-10-05 16:30:00 EDT,43.11700,-73.57829,103,61.2,60.9,61.2,43.8,39.0,0.000,0.000,0.00,0.000,1.7,2.8,0.6,284,17,1.8,3.1,0.6,292,18,1.7,2.8,0.6,284,17,256,30.03,,,,,,,,,,
SCHU,2015-10-05 16:35:00 EDT,43.11700,-73.57829,103,61.1,60.7,61.1,44.9,39.6,0.000,0.000,0.00,0.000,1.0,2.1,0.5,245,20,1.1,2.2,0.4,241,34,1.0,2.1,0.5,245,20,303,30.03,,,,,,,,,,
SCHU,2015-10-05 16:40:00 EDT,43.11700,-73.57829,103,61.7,61.1,61.7,45.4,40.4,0.000,0.000,0.00,0.000,1.1,3.4,1.0,271,25,1.6,3.8,0.8,273,46,1.1,3.4,1.0,271,25,344,30.03,,,,,,,,,,
SCHU,2015-10-05 16:45:00 EDT,43.11700,-73.57829,103,61.7,61.2,61.7,44.6,39.9,0.000,0.000,0.00,0.000,2.7,4.3,0.6,292,18,2.8,4.9,0.7,301,21,2.7,4.3,0.6,292,18,326,30.03,,,,,,,,,,
SCHU,2015-10-05 16:50:00 EDT,43.11700,-73.57829,103,61.8,61.1,61.8,44.1,39.7,0.000,0.000,0.00,0.000,0.8,3.0,0.9,286,25,1.3,3.1,0.6,337,64,0.8,3.0,0.9,286,25,308,30.03,,,,,,,,,,
SCHU,2015-10-05 16:55:00 EDT,43.11700,-73.57829,103,61.8,61.4,61.8,45.3,40.4,0.000,0.000,0.00,0.000,0.6,1.5,0.5,180,18,1.1,2.5,0.5,154,36,0.6,1.5,0.5,180,18,229,30.03,,,,,,,,,,
SCHU,2015-10-05 17:00:00 EDT,43.11700,-73.57829,103,61.4,61.2,61.4,45.7,40.2,0.000,0.000,0.00,0.000,0.5,1.1,0.3,219,7,0.7,1.6,0.3,206,29,0.5,1.1,0.3,219,7,269,30.03,,,,,,,,,,
SCHU,2015-10-05 17:05:00 EDT,43.11700,-73.57829,103,61.6,61.5,61.6,49.5,42.5,0.000,0.000,0.00,0.000,0.2,1.3,0.4,132,5,1.0,3.8,0.5,112,35,0.2,1.3,0.4,132,5,250,30.02,,,,,,,,,,
SCHU,2015-10-05 17:10:00 EDT,43.11700,-73.57829,103,62.0,61.8,62.0,47.7,41.9,0.000,0.000,0.00,0.000,1.1,2.4,0.5,121,23,1.8,2.9,0.4,114,24,1.1,2.4,0.5,121,23,231,30.02,,,,,,,,,,
SCHU,2015-10-05 17:15:00 EDT,43.11700,-73.57829,103,61.3,61.5,61.3,45.6,40.1,0.000,0.000,0.00,0.000,1.0,2.0,0.5,173,27,1.4,2.7,0.5,165,29,1.0,2.0,0.5,173,27,212,30.02,,,,,,,,,,
SCHU,2015-10-05 17:20:00 EDT,43.11700,-73.57829,103,59.4,60.9,59.4,51.0,41.3,0.000,0.000,0.00,0.000,0.2,1.3,0.3,220,8,0.6,1.3,0.2,174,39,0.2,1.3,0.3,220,8,196,30.02,,,,,,,,,,
SCHU,2015-10-05 17:25:00 EDT,43.11700,-73.57829,103,59.9,60.9,59.9,49.4,40.9,0.000,0.000,0.00,0.000,0.5,2.1,0.8,325,9,1.2,2.9,0.7,355,45,0.5,2.1,0.8,325,9,110,30.02,,,,,,,,,,
SCHU,2015-10-05 17:30:00 EDT,43.11700,-73.57829,103,60.1,61.1,60.1,47.6,40.1,0.000,0.000,0.00,0.000,2.1,3.5,0.5,298,12,2.0,4.0,0.5,312,15,2.1,3.5,0.5,298,12,62,30.02,,,,,,,,,,
SCHU,2015-10-05 17:35:00 EDT,43.11700,-73.57829,103,60.1,61.1,60.1,48.8,40.8,0.000,0.000,0.00,0.000,1.2,2.0,0.4,285,8,1.3,2.2,0.4,299,15,1.2,2.0,0.4,285,8,50,30.02,,,,,,,,,,
SCHU,2015-10-05 17:40:00 EDT,43.11700,-73.57829,103,58.1,61.1,58.1,57.2,43.1,0.000,0.000,0.00,0.000,1.4,2.1,0.3,296,10,1.4,2.2,0.3,311,15,1.4,2.1,0.3,296,10,47,30.02,,,,,,,,,,
SCHU,2015-10-05 17:45:00 EDT,43.11700,-73.57829,103,57.7,61.1,57.7,56.8,42.5,0.000,0.000,0.00,0.000,1.0,1.8,0.5,303,9,1.2,1.8,0.3,317,17,1.0,1.8,0.5,303,9,46,30.01,,,,,,,,,,
SCHU,2015-10-05 17:50:00 EDT,43.11700,-73.57829,103,57.5,60.3,57.5,57.2,42.5,0.000,0.000,0.00,0.000,1.0,2.2,0.6,297,12,1.2,2.7,0.4,308,19,1.0,2.2,0.6,297,12,66,30.01,,,,,,,,,,
SCHU,2015-10-05 17:55:00 EDT,43.11700,-73.57829,103,57.6,59.8,57.6,58.1,43.0,0.000,0.000,0.00,0.000,0.3,0.9,0.3,304,2,0.8,1.3,0.2,303,22,0.3,0.9,0.3,304,2,53,30.02,,,,,,,,,,
SCHU,2015-10-05 18:00:00 EDT,43.11700,-73.57829,103,56.4,58.5,56.4,62.7,43.8,0.000,0.000,0.00,0.000,0.0,0.0,0.0,0,0,0.5,1.1,0.2,174,44,0.0,0.0,0.0,0,0,33,30.02,,,,,,,,,,
SCHU,2015-10-05 18:05:00 EDT,43.11700,-73.57829,103,56.6,58.2,56.6,64.8,44.9,0.000,0.000,0.00,0.000,0.0,0.0,0.0,0,0,0.4,0.9,0.2,202,46,0.0,0.0,0.0,0,0,19,30.02,,,,,,,,,,
SCHU,2015-10-05 18:10:00 EDT,43.11700,-73.57829,103,55.3,58.0,55.3,65.9,44.1,0.000,0.000,0.00,0.000,0.0,0.0,0.0,0,0,0.8,5.6,0.6,4,26,0.0,0.0,0.0,0,0,16,30.02,,,,,,,,,,
SCHU,2015-10-05 18:15:00 EDT,43.11700,-73.57829,103,54.4,57.3,54.4,70.1,44.8,0.000,0.000,0.00,0.000,0.0,0.0,0.0,0,0,1.0,5.1,0.5,79,15,0.0,0.0,0.0,0,0,13,30.02,,,,,,,,,,
SCHU,2015-10-05 18:20:00 EDT,43.11700,-73.57829,103,54.2,56.6,54.2,73.6,46.0,0.000,0.000,0.00,0.000,0.0,0.0,0.0,0,0,0.6,6.5,0.6,130,15,0.0,0.0,0.0,0,0,10,30.02,,,,,,,,,,
SCHU,2015-10-05 18:25:00 EDT,43.11700,-73.57829,103,53.5,55.9,53.5,75.8,46.1,0.000,0.000,0.00,0.000,0.0,0.0,0.0,0,0,0.7,1.1,0.1,135,10,0.0,0.0,0.0,0,0,7,30.01,,,,,,,,,,
SCHU,2015-10-05 18:30:00 EDT,43.11700,-73.57829,103,53.3,55.5,53.3,77.1,46.3,0.000,0.000,0.00,0.000,0.0,0.0,0.0,0,0,0.4,2.7,0.4,127,52,0.0,0.0,0.0,0,0,6,30.02,,,,,,,,,,
SCHU,2015-10-05 18:35:00 EDT,43.11700,-73.57829,103,53.0,55.1,53.0,78.3,46.4,0.000,0.000,0.00,0.000,0.0,0.0,0.0,0,0,0.4,1.8,0.3,98,41,0.0,0.0,0.0,0,0,4,30.01,,,,,,,,,,
SCHU,2015-10-05 18:40:00 EDT,43.11700,-73.57829,103,52.1,54.5,52.1,79.3,45.9,0.000,0.000,0.00,0.000,0.0,0.0,0.0,0,0,0.4,1.6,0.3,82,54,0.0,0.0,0.0,0,0,3,30.01,,,,,,,,,,
SCHU,2015-10-05 18:45:00 EDT,43.11700,-73.57829,103,52.2,53.9,52.2,80.8,46.5,0.000,0.000,0.00,0.000,0.0,0.0,0.0,0,0,0.4,1.6,0.2,231,50,0.0,0.0,0.0,0,0,1,30.01,,,,,,,,,,
SCHU,2015-10-05 18:50:00 EDT,43.11700,-73.57829,103,51.9,53.5,51.9,81.7,46.5,0.000,0.000,0.00,0.000,0.0,0.0,0.0,0,0,0.2,0.7,0.2,238,51,0.0,0.0,0.0,0,0,0,30.02,,,,,,,,,,
SCHU,2015-10-05 18:55:00 EDT,43.11700,-73.57829,103,51.6,53.1,51.6,83.7,46.8,0.000,0.000,0.00,0.000,0.0,0.0,0.0,0,0,0.2,0.4,0.1,220,35,0.0,0.0,0.0,0,0,0,30.02,,,,,,,,,,
SCHU,2015-10-05 19:00:00 EDT,43.11700,-73.57829,103,51.0,52.6,51.0,84.7,46.6,0.000,0.000,0.00,0.000,0.0,0.0,0.0,0,0,0.6,1.1,0.2,172,19,0.0,0.0,0.0,0,0,0,30.02,,,,,,,,,,
SCHU,2015-10-05 19:05:00 EDT,43.11700,-73.57829,103,50.7,52.3,50.7,84.5,46.3,0.000,0.000,0.00,0.000,0.0,0.0,0.0,0,0,0.7,1.1,0.2,139,10,0.0,0.0,0.0,0,0,0,30.02,,,,,,,,,,
SCHU,2015-10-05 19:10:00 EDT,43.11700,-73.57829,103,50.5,51.8,50.5,85.9,46.4,0.000,0.000,0.00,0.000,1.1,1.5,0.4,290,66,1.5,2.0,0.3,127,6,1.1,1.5,0.4,290,66,0,30.02,,,,,,,,,,
SCHU,2015-10-05 19:15:00 EDT,43.11700,-73.57829,103,49.4,51.8,49.4,88.8,46.3,0.000,0.000,0.00,0.000,0.6,1.5,0.5,132,0,1.2,2.0,0.4,108,13,0.6,1.5,0.5,132,0,0,30.02,,,,,,,,,,
SCHU,2015-10-05 19:20:00 EDT,43.11700,-73.57829,103,50.0,51.4,50.0,90.2,47.2,0.000,0.000,0.00,0.000,0.0,0.0,0.0,0,0,0.6,1.3,0.2,81,35,0.0,0.0,0.0,0,0,0,30.02,,,,,,,,,,
SCHU,2015-10-05 19:25:00 EDT,43.11700,-73.57829,103,49.8,51.1,49.8,90.3,47.1,0.000,0.000,0.00,0.000,0.0,0.0,0.0,0,0,0.5,1.8,0.2,109,42,0.0,0.0,0.0,0,0,0,30.02,,,,,,,,,,
SCHU,2015-10-05 19:30:00 EDT,43.11700,-73.57829,103,49.7,50.9,49.7,91.7,47.4,0.000,0.000,0.00,0.000,0.0,0.0,0.0,0,0,0.4,0.9,0.2,154,49,0.0,0.0,0.0,0,0,0,30.02,,,,,,,,,,
SCHU,2015-10-05 19:35:00 EDT,43.11700,-73.57829,103,49.4,50.7,49.4,91.6,47.1,0.000,0.000,0.00,0.000,0.0,0.0,0.0,0,0,0.3,1.8,0.3,360,54,0.0,0.0,0.0,0,0,0,30.02,,,,,,,,,,
SCHU,2015-10-05 19:40:00 EDT,43.11700,-73.57829,103,49.3,50.5,49.3,92.7,47.3,0.000,0.000,0.00,0.000,0.0,0.0,0.0,0,0,0.4,0.9,0.2,286,40,0.0,0.0,0.0,0,0,0,30.02,,,,,,,,,,
SCHU,2015-10-05 19:45:00 EDT,43.11700,-73.57829,103,49.0,50.4,49.0,93.0,47.1,0.000,0.000,0.00,0.000,0.7,2.6,0.8,145,11,1.2,3.1,0.7,156,30,0.7,2.6,0.8,145,11,0,30.02,,,,,,,,,,
SCHU,2015-10-05 19:50:00 EDT,43.11700,-73.57829,103,48.8,50.3,48.8,92.0,46.6,0.000,0.000,0.00,0.000,0.9,1.6,0.3,156,7,1.3,2.2,0.3,142,12,0.9,1.6,0.3,156,7,0,30.02,,,,,,,,,,
SCHU,2015-10-05 19:55:00 EDT,43.11700,-73.57829,103,48.6,50.0,48.6,92.7,46.5,0.000,0.000,0.00,0.000,0.6,1.2,0.3,144,12,1.2,1.8,0.3,122,12,0.6,1.2,0.3,144,12,0,30.02,,,,,,,,,,
SCHU,2015-10-05 20:00:00 EDT,43.11700,-73.57829,103,48.2,49.8,48.2,92.9,46.3,0.000,0.000,0.00,0.000,0.1,1.4,0.3,106,3,0.7,1.8,0.3,98,34,0.1,1.4,0.3,106,3,0,30.02,,,,,,,,,,
SCHU,2015-10-05 20:05:00 EDT,43.11700,-73.57829,103,49.0,49.8,49.0,93.5,47.2,0.000,0.000,0.00,0.000,0.0,0.0,0.0,0,0,0.8,1.3,0.2,64,29,0.0,0.0,0.0,0,0,0,30.02,,,,,,,,,,
SCHU,2015-10-05 20:10:00 EDT,43.11700,-73.57829,103,48.1,49.3,48.1,93.4,46.3,0.000,0.000,0.00,0.000,0.0,0.4,0.1,101,0,0.6,1.3,0.3,84,52,0.0,0.4,0.1,101,0,0,30.02,,,,,,,,,,
SCHU,2015-10-05 20:15:00 EDT,43.11700,-73.57829,103,48.0,49.2,48.0,94.4,46.5,0.000,0.000,0.00,0.000,0.0,0.0,0.0,0,0,0.7,1.1,0.2,5,15,0.0,0.0,0.0,0,0,0,30.02,,,,,,,,,,
SCHU,2015-10-05 20:20:00 EDT,43.11700,-73.57829,103,47.9,48.9,47.9,95.0,46.6,0.000,0.000,0.00,0.000,0.0,0.0,0.0,0,0,0.4,0.9,0.2,4,36,0.0,0.0,0.0,0,0,0,30.02,,,,,,,,,,
SCHU,2015-10-05 20:25:00 EDT,43.11700,-73.57829,103,47.6,48.7,47.6,95.0,46.2,0.000,0.000,0.00,0.000,0.6,0.9,0.3,100,0,0.9,1.3,0.2,293,7,0.6,0.9,0.3,100,0,0,30.02,,,,,,,,,,
SCHU,2015-10-05 20:30:00 EDT,43.11700,-73.57829,103,47.7,48.7,47.7,95.9,46.6,0.000,0.000,0.00,0.000,0.3,0.8,0.3,96,36,0.7,1.1,0.2,324,24,0.3,0.8,0.3,96,36,0,30.02,,,,,,,,,,
SCHU,2015-10-05 20:35:00 EDT,43.11700,-73.57829,103,47.3,48.4,47.3,95.8,46.2,0.000,0.000,0.00,0.000,0.0,0.0,0.0,0,0,0.4,0.9,0.2,183,56,0.0,0.0,0.0,0,0,0,30.02,,,,,,,,,,
SCHU,2015-10-05 20:40:00 EDT,43.11700,-73.57829,103,47.2,48.3,47.2,96.1,46.1,0.000,0.000,0.00,0.000,0.0,0.0,0.0,0,0,0.9,1.3,0.2,170,11,0.0,0.0,0.0,0,0,0,30.02,,,,,,,,,,
SCHU,2015-10-05 20:45:00 EDT,43.11700,-73.57829,103,46.9,48.2,46.9,96.0,45.8,0.000,0.000,0.00,0.000,0.0,0.0,0.0,0,0,0.5,0.9,0.1,245,36,0.0,0.0,0.0,0,0,0,30.02,,,,,,,,,,
SCHU,2015-10-05 20:50:00 EDT,43.11700,-73.57829,103,46.8,48.1,46.8,96.2,45.7,0.000,0.000,0.00,0.000,0.0,0.0,0.0,0,0,0.4,0.7,0.2,234,53,0.0,0.0,0.0,0,0,0,30.02,,,,,,,,,,
SCHU,2015-10-05 20:55:00 EDT,43.11700,-73.57829,103,46.8,47.8,46.8,97.0,46.0,0.000,0.000,0.00,0.000,0.0,0.4,0.1,292,0,0.7,1.6,0.3,141,13,0.0,0.4,0.1,292,0,0,30.02,,,,,,,,,,
SCHU,2015-10-05 21:00:00 EDT,43.11700,-73.57829,103,46.4,47.7,46.4,96.9,45.5,0.000,0.000,0.00,0.000,0.4,0.8,0.3,292,0,1.5,2.0,0.3,158,9,0.4,0.8,0.3,292,0,0,30.03,,,,,,,,,,
SCHU,2015-10-05 21:05:00 EDT,43.11700,-73.57829,103,46.3,47.7,46.3,97.3,45.6,0.000,0.000,0.00,0.000,0.0,0.6,0.1,291,0,1.0,1.3,0.2,143,10,0.0,0.6,0.1,291,0,0,30.02,,,,,,,,,,
SCHU,2015-10-05 21:10:00 EDT,43.11700,-73.57829,103,46.5,47.5,46.5,97.8,45.9,0.000,0.000,0.00,0.000,0.4,0.8,0.2,291,0,1.0,1.3,0.2,126,7,0.4,0.8,0.2,291,0,0,30.02,,,,,,,,,,
SCHU,2015-10-05 21:15:00 EDT,43.11700,-73.57829,103,46.3,47.5,46.3,97.7,45.7,0.000,0.000,0.00,0.000,0.3,0.7,0.2,292,0,1.0,1.6,0.2,125,8,0.3,0.7,0.2,292,0,0,30.02,,,,,,,,,,
SCHU,2015-10-05 21:20:00 EDT,43.11700,-73.57829,103,46.1,47.2,46.1,97.7,45.5,0.000,0.000,0.00,0.000,0.2,0.7,0.2,292,0,1.0,1.3,0.2,138,10,0.2,0.7,0.2,292,0,0,30.02,,,,,,,,,,
SCHU,2015-10-05 21:25:00 EDT,43.11700,-73.57829,103,46.2,47.0,46.2,97.9,45.6,0.000,0.000,0.00,0.000,0.1,0.6,0.1,292,0,1.0,1.3,0.1,155,13,0.1,0.6,0.1,292,0,0,30.02,,,,,,,,,,
SCHU,2015-10-05 21:30:00 EDT,43.11700,-73.57829,103,46.0,47.0,46.0,98.0,45.5,0.000,0.000,0.00,0.000,0.0,0.0,0.0,0,0,0.7,1.1,0.2,155,20,0.0,0.0,0.0,0,0,0,30.02,,,,,,,,,,
SCHU,2015-10-05 21:35:00 EDT,43.11700,-73.57829,103,46.1,46.9,46.1,98.2,45.6,0.000,0.000,0.00,0.000,0.0,0.0,0.0,0,0,0.5,1.6,0.3,113,34,0.0,0.0,0.0,0,0,0,30.02,,,,,,,,,,
SCHU,2015-10-05 21:40:00 EDT,43.11700,-73.57829,103,45.8,46.8,45.8,98.2,45.3,0.000,0.000,0.00,0.000,0.0,0.0,0.0,0,0,0.4,0.9,0.2,116,39,0.0,0.0,0.0,0,0,0,30.02,,,,,,,,,,
SCHU,2015-10-05 21:45:00 EDT,43.11700,-73.57829,103,45.7,46.8,45.7,98.3,45.2,0.000,0.000,0.00,0.000,0.0,0.0,0.0,0,0,0.5,0.9,0.1,203,19,0.0,0.0,0.0,0,0,0,30.02,,,,,,,,,,
SCHU,2015-10-05 21:50:00 EDT,43.11700,-73.57829,103,45.7,46.8,45.7,98.4,45.3,0.000,0.000,0.00,0.000,0.0,0.0,0.0,0,0,0.5,0.7,0.1,191,12,0.0,0.0,0.0,0,0,0,30.02,,,,,,,,,,
SCHU,2015-10-05 21:55:00 EDT,43.11700,-73.57829,103,45.5,46.7,45.5,98.5,45.1,0.000,0.000,0.00,0.000,0.0,0.0,0.0,0,0,0.6,1.3,0.2,212,20,0.0,0.0,0.0,0,0,0,30.02,,,,,,,,,,
SCHU,2015-10-05 22:00:00 EDT,43.11700,-73.57829,103,45.3,46.4,45.3,98.4,44.9,0.000,0.000,0.00,0.000,0.1,0.7,0.2,296,0,0.9,1.3,0.3,255,12,0.1,0.7,0.2,296,0,0,30.02,,,,,,,,,,
SCHU,2015-10-05 22:05:00 EDT,43.11700,-73.57829,103,45.5,46.3,45.5,98.2,45.0,0.000,0.000,0.00,0.000,0.0,0.0,0.0,0,0,0.5,0.7,0.1,207,25,0.0,0.0,0.0,0,0,0,30.02,,,,,,,,,,
SCHU,2015-10-05 22:10:00 EDT,43.11700,-73.57829,103,45.3,46.3,45.3,98.3,44.9,0.000,0.000,0.00,0.000,0.0,0.0,0.0,0,0,0.8,1.1,0.2,182,16,0.0,0.0,0.0,0,0,0,30.02,,,,,,,,,,
SCHU,2015-10-05 22:15:00 EDT,43.11700,-73.57829,103,45.2,46.2,45.2,98.5,44.8,0.000,0.000,0.00,0.000,0.0,0.0,0.0,0,0,0.4,0.9,0.2,195,29,0.0,0.0,0.0,0,0,0,30.02,,,,,,,,,,
SCHU,2015-10-05 22:20:00 EDT,43.11700,-73.57829,103,45.1,46.0,45.1,98.6,44.7,0.000,0.000,0.00,0.000,0.2,0.6,0.2,296,0,0.8,1.1,0.2,133,7,0.2,0.6,0.2,296,0,0,30.02,,,,,,,,,,
SCHU,2015-10-05 22:25:00 EDT,43.11700,-73.57829,103,44.8,46.1,44.8,98.6,44.4,0.000,0.000,0.00,0.000,0.0,0.2,0.0,296,0,0.9,1.3,0.2,152,12,0.0,0.2,0.0,296,0,0,30.02,,,,,,,,,,
SCHU,2015-10-05 22:30:00 EDT,43.11700,-73.57829,103,44.8,46.0,44.8,98.7,44.4,0.000,0.000,0.00,0.000,0.4,0.7,0.2,296,0,1.2,1.6,0.1,140,10,0.4,0.7,0.2,296,0,0,30.02,,,,,,,,,,
SCHU,2015-10-05 22:35:00 EDT,43.11700,-73.57829,103,44.7,45.9,44.7,98.8,44.3,0.000,0.000,0.00,0.000,0.0,0.1,0.0,296,0,0.6,1.1,0.3,139,29,0.0,0.1,0.0,296,0,0,30.02,,,,,,,,,,
SCHU,2015-10-05 22:40:00 EDT,43.11700,-73.57829,103,45.0,45.9,45.0,98.8,44.6,0.000,0.000,0.00,0.000,0.2,0.6,0.2,296,0,0.8,1.3,0.3,115,17,0.2,0.6,0.2,296,0,0,30.02,,,,,,,,,,
SCHU,2015-10-05 22:45:00 EDT,43.11700,-73.57829,103,45.3,46.1,45.3,98.9,45.0,0.000,0.000,0.00,0.000,0.0,0.0,0.0,0,0,0.6,0.9,0.2,125,16,0.0,0.0,0.0,0,0,0,30.02,,,,,,,,,,
SCHU,2015-10-05 22:50:00 EDT,43.11700,-73.57829,103,45.7,46.2,45.7,98.9,45.4,0.000,0.000,0.00,0.000,0.0,0.0,0.0,0,0,0.4,0.9,0.1,189,22,0.0,0.0,0.0,0,0,0,30.02,,,,,,,,,,
SCHU,2015-10-05 22:55:00 EDT,43.11700,-73.57829,103,46.1,46.4,46.1,99.1,45.9,0.000,0.000,0.00,0.000,0.0,0.0,0.0,0,0,0.3,0.7,0.2,212,21,0.0,0.0,0.0,0,0,0,30.02,,,,,,,,,,
SCHU,2015-10-05 23:00:00 EDT,43.11700,-73.57829,103,46.3,46.5,46.3,99.1,46.0,0.000,0.000,0.00,0.000,0.0,0.0,0.0,0,0,0.4,0.7,0.2,12,19,0.0,0.0,0.0,0,0,0,30.02,,,,,,,,,,
SCHU,2015-10-05 23:05:00 EDT,43.11700,-73.57829,103,46.4,46.6,46.4,99.0,46.2,0.000,0.000,0.00,0.000,0.0,0.0,0.0,0,0,0.7,2.9,0.3,77,21,0.0,0.0,0.0,0,0,0,30.01,,,,,,,,,,
SCHU,2015-10-05 23:10:00 EDT,43.11700,-73.57829,103,46.3,46.7,46.3,98.9,46.0,0.000,0.000,0.00,0.000,0.0,0.0,0.0,0,0,0.3,0.9,0.1,168,51,0.0,0.0,0.0,0,0,0,30.01,,,,,,,,,,
SCHU,2015-10-05 23:15:00 EDT,43.11700,-73.57829,103,46.1,46.6,46.1,98.5,45.7,0.000,0.000,0.00,0.000,0.0,0.0,0.0,0,0,0.3,0.4,0.1,186,32,0.0,0.0,0.0,0,0,0,30.01,,,,,,,,,,
SCHU,2015-10-05 23:20:00 EDT,43.11700,-73.57829,103,45.8,46.5,45.8,98.3,45.4,0.000,0.000,0.00,0.000,0.0,0.0,0.0,0,0,0.4,6.0,0.6,150,19,0.0,0.0,0.0,0,0,0,30.01,,,,,,,,,,
SCHU,2015-10-05 23:25:00 EDT,43.11700,-73.57829,103,46.1,46.5,46.1,98.4,45.7,0.000,0.000,0.00,0.000,0.4,0.9,0.3,296,0,1.2,1.6,0.2,141,6,0.4,0.9,0.3,296,0,0,30.01,,,,,,,,,,
SCHU,2015-10-05 23:30:00 EDT,43.11700,-73.57829,103,45.9,46.6,45.9,98.3,45.5,0.000,0.000,0.00,0.000,0.5,1.1,0.3,296,0,1.2,1.8,0.3,139,9,0.5,1.1,0.3,296,0,0,30.01,,,,,,,,,,
SCHU,2015-10-05 23:35:00 EDT,43.11700,-73.57829,103,46.1,46.8,46.1,98.2,45.6,0.000,0.000,0.00,0.000,0.0,0.0,0.0,0,0,0.6,2.0,0.3,97,36,0.0,0.0,0.0,0,0,0,30.01,,,,,,,,,,
SCHU,2015-10-05 23:40:00 EDT,43.11700,-73.57829,103,46.7,47.0,46.7,98.6,46.3,0.000,0.000,0.00,0.000,0.0,0.0,0.0,0,0,0.6,3.6,0.4,355,35,0.0,0.0,0.0,0,0,0,30.01,,,,,,,,,,
SCHU,2015-10-05 23:45:00 EDT,43.11700,-73.57829,103,46.9,47.3,46.9,98.6,46.6,0.000,0.000,0.00,0.000,0.0,0.4,0.0,297,0,1.2,1.8,0.2,2,8,0.0,0.4,0.0,297,0,0,30.01,,,,,,,,,,
SCHU,2015-10-05 23:50:00 EDT,43.11700,-73.57829,103,47.1,47.4,47.1,98.4,46.7,0.000,0.000,0.00,0.000,0.0,0.0,0.0,0,0,0.8,2.7,0.3,61,30,0.0,0.0,0.0,0,0,0,30.01,,,,,,,,,,
SCHU,2015-10-05 23:55:00 EDT,43.11700,-73.57829,103,47.0,47.3,47.0,98.1,46.5,0.000,0.000,0.00,0.000,0.1,0.9,0.2,299,3,0.7,2.0,0.4,0,45,0.1,0.9,0.2,299,3,0,30.01,,,,,,,,,,
WHIT,2015-10-05 00:00:00 EDT,43.48507,-73.42307,120,36.9,38.6,36.9,97.8,36.4,0.000,0.000,0.00,0.000,0.0,0.0,0.0,0,0,0.5,0.9,0.3,234,51,0.0,0.0,0.0,0,0,0,30.18,,,,,,,,,,
WHIT,2015-10-05 00:05:00 EDT,43.48507,-73.42307,120,36.7,38.5,36.7,97.8,36.1,0.000,0.000,0.00,0.000,0.0,0.1,0.0,121,0,0.6,1.6,0.3,179,51,0.0,0.1,0.0,121,0,0,30.18,,,,,,,,,,
WHIT,2015-10-05 00:10:00 EDT,43.48507,-73.42307,120,36.7,38.7,36.7,97.8,36.1,0.000,0.000,0.00,0.000,0.5,1.2,0.4,262,12,1.1,1.8,0.3,273,8,0.5,1.2,0.4,262,12,0,30.18,,,,,,,,,,
WHIT,2015-10-05 00:15:00 EDT,43.48507,-73.42307,120,36.2,38.5,36.2,97.7,35.6,0.000,0.000,0.00,0.000,0.1,0.1,0.0,265,0,0.4,0.9,0.2,314,27,0.1,0.1,0.0,265,0,0,30.18,,,,,,,,,,
WHIT,2015-10-05 00:20:00 EDT,43.48507,-73.42307,120,35.5,38.3,35.5,97.5,34.9,0.000,0.000,0.00,0.000,0.1,0.1,0.0,265,0,0.6,1.3,0.3,351,51,0.1,0.1,0.0,265,0,0,30.18,,,,,,,,,,
WHIT,2015-10-05 00:25:00 EDT,43.48507,-73.42307,120,35.4,37.9,35.4,97.5,34.7,0.000,0.000,0.00,0.000,0.2,0.4,0.1,264,0,0.7,1.3,0.4,112,26,0.2,0.4,0.1,264,0,0,30.18,,,,,,,,,,
WHIT,2015-10-05 00:30:00 EDT,43.48507,-73.42307,120,35.0,37.5,35.0,97.4,34.3,0.000,0.000,0.00,0.000,0.1,0.7,0.2,264,0,0.7,1.1,0.3,87,15,0.1,0.7,0.2,264,0,0,30.18,,,,,,,,,,
WHIT,2015-10-05 00:35:00 EDT,43.48507,-73.42307,120,35.2,37.7,35.2,97.6,34.6,0.000,0.000,0.00,0.000,0.1,0.4,0.1,264,0,0.5,0.9,0.2,71,46,0.1,0.4,0.1,264,0,0,30.18,,,,,,,,,,
WHIT,2015-10-05 00:40:00 EDT,43.48507,-73.42307,120,35.0,37.8,35.0,97.8,34.5,0.000,0.000,0.00,0.000,0.1,0.4,0.1,265,0,0.8,1.3,0.2,332,32,0.1,0.4,0.1,265,0,0,30.18,,,,,,,,,,
WHIT,2015-10-05 00:45:00 EDT,43.48507,-73.42307,120,35.5,37.7,35.5,97.9,35.0,0.000,0.000,0.00,0.000,0.1,0.1,0.0,265,0,0.5,1.6,0.3,338,48,0.1,0.1,0.0,265,0,0,30.18,,,,,,,,,,
WHIT,2015-10-05 00:50:00 EDT,43.48507,-73.42307,120,35.2,37.4,35.2,98.1,34.7,0.000,0.000,0.00,0.000,0.1,0.1,0.0,265,0,0.7,1.1,0.2,27,30,0.1,0.1,0.0,265,0,0,30.18,,,,,,,,,,
WHIT,2015-10-05 00:55:00 EDT,43.48507,-73.42307,120,35.3,37.1,35.3,98.2,34.8,0.000,0.000,0.00,0.000,0.1,0.4,0.1,264,0,0.8,1.3,0.4,125,14,0.1,0.4,0.1,264,0,0,30.18,,,,,,,,,,
WHIT,2015-10-05 01:00:00 EDT,43.48507,-73.42307,120,34.7,36.9,34.7,97.9,34.2,0.000,0.000,0.00,0.000,0.1,0.1,0.0,264,0,0.4,0.9,0.2,76,45,0.1,0.1,0.0,264,0,0,30.18,,,,,,,,,,
WHIT,2015-10-05 01:05:00 EDT,43.48507,-73.42307,120,34.8,36.8,34.8,97.8,34.2,0.000,0.000,0.00,0.000,0.2,0.7,0.2,265,0,0.8,1.3,0.2,306,32,0.2,0.7,0.2,265,0,0,30.18,,,,,,,,,,
WHIT,2015-10-05 01:10:00 EDT,43.48507,-73.42307,120,35.7,37.0,35.7,98.2,35.3,0.000,0.000,0.00,0.000,0.1,0.5,0.1,265,0,0.6,1.1,0.2,285,14,0.1,0.5,0.1,265,0,0,30.18,,,,,,,,,,
WHIT,2015-10-05 01:15:00 EDT,43.48507,-73.42307,120,35.5,36.8,35.5,98.2,35.0,0.000,0.000,0.00,0.000,0.1,0.1,0.0,265,0,0.5,1.1,0.3,329,35,0.1,0.1,0.0,265,0,0,30.18,,,,,,,,,,
WHIT,2015-10-05 01:20:00 EDT,43.48507,-73.42307,120,34.5,36.3,34.5,98.2,34.0,0.000,0.000,0.00,0.000,0.1,0.1,0.0,265,0,0.6,0.9,0.2,352,27,0.1,0.1,0.0,265,0,0,30.18,,,,,,,,,,
WHIT,2015-10-05 01:25:00 EDT,43.48507,-73.42307,120,34.7,36.4,34.7,98.2,34.2,0.000,0.000,0.00,0.000,0.3,0.9,0.3,265,0,0.9,1.6,0.4,87,28,0.3,0.9,0.3,265,0,0,30.18,,,,,,,,,,
WHIT,2015-10-05 01:30:00 EDT,43.48507,-73.42307,120,34.5,36.5,34.5,98.3,34.0,0.000,0.000,0.00,0.000,0.1,0.5,0.1,265,0,0.6,1.1,0.3,46,39,0.1,0.5,0.1,265,0,0,30.18,,,,,,,,,,
WHIT,2015-10-05 01:35:00 EDT,43.48507,-73.42307,120,34.4,36.5,34.4,98.2,34.0,0.000,0.000,0.00,0.000,0.2,0.9,0.3,265,0,1.0,1.6,0.4,324,32,0.2,0.9,0.3,265,0,0,30.18,,,,,,,,,,
WHIT,2015-10-05 01:40:00 EDT,43.48507,-73.42307,120,34.1,36.3,34.1,98.2,33.7,0.000,0.000,0.00,0.000,0.1,0.1,0.0,265,0,0.8,1.3,0.3,331,10,0.1,0.1,0.0,265,0,0,30.18,,,,,,,,,,
WHIT,2015-10-05 01:45:00 EDT,43.48507,-73.42307,120,34.4,36.1,34.4,98.3,34.0,0.000,0.000,0.00,0.000,0.1,0.1,0.0,265,0,0.4,0.9,0.2,326,42,0.1,0.1,0.0,265,0,0,30.18,,,,,,,,,,
WHIT,2015-10-05 01:50:00 EDT,43.48507,-73.42307,120,34.2,35.7,34.2,98.3,33.8,0.000,0.000,0.00,0.000,0.1,0.1,0.0,265,0,0.5,1.3,0.2,54,39,0.1,0.1,0.0,265,0,0,30.18,,,,,,,,,,
WHIT,2015-10-05 01:55:00 EDT,43.48507,-73.42307,120,34.9,35.7,34.9,98.4,34.5,0.000,0.000,0.00,0.000,0.1,0.1,0.0,265,0,0.6,1.3,0.3,198,47,0.1,0.1,0.0,265,0,0,30.18,,,,,,,,,,
WHIT,2015-10-05 02:00:00 EDT,43.48507,-73.42307,120,34.4,36.2,34.4,98.4,34.0,0.000,0.000,0.00,0.000,0.1,0.1,0.0,265,0,0.5,2.5,0.4,339,65,0.1,0.1,0.0,265,0,0,30.18,,,,,,,,,,
WHIT,2015-10-05 02:05:00 EDT,43.48507,-73.42307,120,33.8,35.9,33.8,98.3,33.4,0.000,0.000,0.00,0.000,0.1,0.1,0.0,265,0,0.8,1.1,0.1,3,10,0.1,0.1,0.0,265,0,0,30.18,,,,,,,,,,
WHIT,2015-10-05 02:10:00 EDT,43.48507,-73.42307,120,33.7,35.9,33.7,98.3,33.3,0.000,0.000,0.00,0.000,0.1,0.1,0.0,265,0,0.7,0.9,0.1,359,12,0.1,0.1,0.0,265,0,0,30.18,,,,,,,,,,
WHIT,2015-10-05 02:15:00 EDT,43.48507,-73.42307,120,33.7,35.7,33.7,98.4,33.3,0.000,0.000,0.00,0.000,0.1,0.6,0.1,265,0,0.7,1.3,0.2,308,37,0.1,0.6,0.1,265,0,0,30.18,,,,,,,,,,
WHIT,2015-10-05 02:20:00 EDT,43.48507,-73.42307,120,34.7,35.0,34.7,98.5,34.3,0.000,0.000,0.00,0.000,0.2,0.7,0.2,265,0,0.8,1.3,0.2,277,15,0.2,0.7,0.2,265,0,0,30.18,,,,,,,,,,
WHIT,2015-10-05 02:25:00 EDT,43.48507,-73.42307,120,34.1,35.1,34.1,98.5,33.8,0.000,0.000,0.00,0.000,0.1,0.1,0.0,265,0,0.4,0.9,0.2,290,41,0.1,0.1,0.0,265,0,0,30.18,,,,,,,,,,
WHIT,2015-10-05 02:30:00 EDT,43.48507,-73.42307,120,33.3,35.0,33.3,98.4,32.9,0.000,0.000,0.00,0.000,0.1,0.1,0.0,265,0,0.5,0.9,0.2,116,47,0.1,0.1,0.0,265,0,0,30.18,,,,,,,,,,
WHIT,2015-10-05 02:35:00 EDT,43.48507,-73.42307,120,33.2,35.2,33.2,98.5,32.8,0.000,0.000,0.00,0.000,0.7,1.5,0.5,265,0,1.4,2.2,0.4,98,16,0.7,1.5,0.5,265,0,0,30.18,,,,,,,,,,
WHIT,2015-10-05 02:40:00 EDT,43.48507,-73.42307,120,32.8,34.7,32.8,98.3,32.4,0.000,0.000,0.00,0.000,0.5,0.8,0.3,265,0,1.0,1.6,0.4,80,9,0.5,0.8,0.3,265,0,0,30.18,,,,,,,,,,
WHIT,2015-10-05 02:45:00 EDT,43.48507,-73.42307,120,33.0,35.2,33.0,98.3,32.6,0.000,0.000,0.00,0.000,0.1,0.1,0.0,265,0,0.3,0.9,0.2,296,45,0.1,0.1,0.0,265,0,0,30.18,,,,,,,,,,
WHIT,2015-10-05 02:50:00 EDT,43.48507,-73.42307,120,33.4,35.2,33.4,98.5,33.0,0.000,0.000,0.00,0.000,0.1,0.1,0.0,265,0,0.3,1.3,0.2,265,59,0.1,0.1,0.0,265,0,0,30.18,,,,,,,,,,
WHIT,2015-10-05 02:55:00 EDT,43.48507,-73.42307,120,33.7,34.7,33.7,98.7,33.4,0.000,0.000,0.00,0.000,0.1,0.1,0.0,265,0,0.4,0.9,0.2,217,55,0.1,0.1,0.0,265,0,0,30.18,,,,,,,,,,
WHIT,2015-10-05 03:00:00 EDT,43.48507,-73.42307,120,33.3,34.4,33.3,98.6,32.9,0.000,0.000,0.00,0.000,0.1,0.5,0.1,265,0,0.7,1.3,0.3,108,24,0.1,0.5,0.1,265,0,0,30.18,,,,,,,,,,
WHIT,2015-10-05 03:05:00 EDT,43.48507,-73.42307,120,32.1,34.6,32.1,98.3,31.7,0.000,0.000,0.00,0.000,0.7,1.3,0.5,265,0,1.2,2.0,0.5,95,11,0.7,1.3,0.5,265,0,0,30.18,,,,,,,,,,
WHIT,2015-10-05 03:10:00 EDT,43.48507,-73.42307,120,33.1,34.9,33.1,98.5,32.7,0.000,0.000,0.00,0.000,0.4,1.4,0.5,265,0,1.3,2.0,0.3,19,47,0.4,1.4,0.5,265,0,0,30.18,,,,,,,,,,
WHIT,2015-10-05 03:15:00 EDT,43.48507,-73.42307,120,33.2,34.3,33.2,98.7,32.9,0.000,0.000,0.00,0.000,1.2,1.9,0.4,276,10,1.6,2.5,0.4,288,7,1.2,1.9,0.4,276,10,0,30.18,,,,,,,,,,
WHIT,2015-10-05 03:20:00 EDT,43.48507,-73.42307,120,33.3,34.4,33.3,98.6,32.9,0.000,0.000,0.00,0.000,0.1,0.4,0.1,285,0,0.7,1.1,0.2,309,22,0.1,0.4,0.1,285,0,0,30.17,,,,,,,,,,
WHIT,2015-10-05 03:25:00 EDT,43.48507,-73.42307,120,32.5,34.7,32.5,98.6,32.2,0.000,0.000,0.00,0.000,0.3,0.9,0.3,285,0,1.0,1.6,0.3,326,37,0.3,0.9,0.3,285,0,0,30.17,,,,,,,,,,
WHIT,2015-10-05 03:30:00 EDT,43.48507,-73.42307,120,32.5,34.6,32.5,98.5,32.1,0.000,0.000,0.00,0.000,0.1,0.6,0.1,285,0,0.7,1.1,0.3,17,42,0.1,0.6,0.1,285,0,0,30.17,,,,,,,,,,
WHIT,2015-10-05 03:35:00 EDT,43.48507,-73.42307,120,32.4,34.6,32.4,98.5,32.1,0.000,0.000,0.00,0.000,0.1,0.1,0.0,285,0,0.4,1.3,0.2,269,50,0.1,0.1,0.0,285,0,0,30.17,,,,,,,,,,
WHIT,2015-10-05 03:40:00 EDT,43.48507,-73.42307,120,33.3,34.6,33.3,98.6,32.9,0.000,0.000,0.00,0.000,0.5,1.4,0.4,285,0,1.0,1.8,0.3,310,14,0.5,1.4,0.4,285,0,0,30.17,,,,,,,,,,
WHIT,2015-10-05 03:45:00 EDT,43.48507,-73.42307,120,32.4,34.2,32.4,98.6,32.1,0.000,0.000,0.00,0.000,0.7,1.5,0.5,293,6,1.2,1.8,0.4,340,70,0.7,1.5,0.5,293,6,0,30.17,,,,,,,,,,
WHIT,2015-10-05 03:50:00 EDT,43.48507,-73.42307,120,33.0,34.2,33.0,98.8,32.7,0.000,0.000,0.00,0.000,0.1,0.5,0.1,298,0,1.1,2.0,0.6,357,20,0.1,0.5,0.1,298,0,0,30.17,,,,,,,,,,
WHIT,2015-10-05 03:55:00 EDT,43.48507,-73.42307,120,32.2,33.7,32.2,98.6,31.9,0.000,0.000,0.00,0.000,0.3,1.4,0.5,71,49,1.5,2.0,0.3,44,30,0.3,1.4,0.5,71,49,0,30.17,,,,,,,,,,
WHIT,2015-10-05 04:00:00 EDT,43.48507,-73.42307,120,31.6,33.7,31.6,98.5,31.3,0.000,0.000,0.00,0.000,1.4,1.8,0.2,96,27,1.7,2.2,0.3,96,27,1.4,1.8,0.2,96,27,0,30.17,,,,,,,,,,
WHIT,2015-10-05 04:05:00 EDT,43.48507,-73.42307,120,31.5,33.9,31.5,98.5,31.1,0.000,0.000,0.00,0.000,0.6,1.3,0.5,47,32,1.3,1.8,0.3,43,35,0.6,1.3,0.5,47,32,0,30.17,,,,,,,,,,
WHIT,2015-10-05 04:10:00 EDT,43.48507,-73.42307,120,32.0,34.0,32.0,98.7,31.7,0.000,0.000,0.00,0.000,1.1,2.2,0.3,323,20,1.6,2.5,0.3,327,18,1.1,2.2,0.3,323,20,0,30.17,,,,,,,,,,
WHIT,2015-10-05 04:15:00 EDT,43.48507,-73.42307,120,32.3,33.7,32.3,98.7,32.0,0.000,0.000,0.00,0.000,1.0,2.0,0.7,287,5,1.4,2.5,0.6,298,12,1.0,2.0,0.7,287,5,0,30.17,,,,,,,,,,
WHIT,2015-10-05 04:20:00 EDT,43.48507,-73.42307,120,32.2,33.7,32.2,98.7,31.8,0.000,0.000,0.00,0.000,0.6,1.4,0.5,178,22,1.2,2.2,0.4,198,41,0.6,1.4,0.5,178,22,0,30.17,,,,,,,,,,
WHIT,2015-10-05 04:25:00 EDT,43.48507,-73.42307,120,32.0,33.6,32.0,98.7,31.7,0.000,0.000,0.00,0.000,0.2,0.7,0.2,232,0,1.0,1.6,0.3,238,36,0.2,0.7,0.2,232,0,0,30.17,,,,,,,,,,
WHIT,2015-10-05 04:30:00 EDT,43.48507,-73.42307,120,31.8,33.5,31.8,98.7,31.5,0.000,0.000,0.00,0.000,0.8,2.2,0.8,116,55,1.4,2.9,0.8,113,55,0.8,2.2,0.8,116,55,0,30.17,,,,,,,,,,
WHIT,2015-10-05 04:35:00 EDT,43.48507,-73.42307,120,31.7,33.3,31.7,98.6,31.3,0.000,0.000,0.00,0.000,0.6,1.6,0.4,105,23,1.2,2.5,0.4,102,23,0.6,1.6,0.4,105,23,0,30.17,,,,,,,,,,
WHIT,2015-10-05 04:40:00 EDT,43.48507,-73.42307,120,31.8,33.4,31.8,98.7,31.5,0.000,0.000,0.00,0.000,0.0,0.4,0.1,79,0,0.5,1.1,0.2,187,53,0.0,0.4,0.1,79,0,0,30.17,,,,,,,,,,
WHIT,2015-10-05 04:45:00 EDT,43.48507,-73.42307,120,31.8,33.4,31.8,98.7,31.5,0.000,0.000,0.00,0.000,1.2,2.5,0.6,190,8,1.7,2.9,0.5,197,12,1.2,2.5,0.6,190,8,0,30.17,,,,,,,,,,
WHIT,2015-10-05 04:50:00 EDT,43.48507,-73.42307,120,31.7,33.5,31.7,98.7,31.4,0.000,0.000,0.00,0.000,0.8,1.5,0.3,196,5,1.3,2.0,0.3,198,18,0.8,1.5,0.3,196,5,0,30.17,,,,,,,,,,
WHIT,2015-10-05 04:55:00 EDT,43.48507,-73.42307,120,31.7,33.6,31.7,98.7,31.4,0.000,0.000,0.00,0.000,0.4,0.9,0.3,218,18,1.0,1.3,0.2,229,31,0.4,0.9,0.3,218,18,0,30.17,,,,,,,,,,
WHIT,2015-10-05 05:00:00 EDT,43.48507,-73.42307,120,31.6,33.4,31.6,98.7,31.3,0.000,0.000,0.00,0.000,0.1,0.2,0.0,251,0,0.7,1.6,0.4,178,61,0.1,0.2,0.0,251,0,0,30.17,,,,,,,,,,
WHIT,2015-10-05 05:05:00 EDT,43.48507,-73.42307,120,31.7,33.1,31.7,98.8,31.4,0.000,0.000,0.00,0.000,0.4,1.5,0.5,251,0,1.4,2.2,0.3,126,24,0.4,1.5,0.5,251,0,0,30.17,,,,,,,,,,
WHIT,2015-10-05 05:10:00 EDT,43.48507,-73.42307,120,31.5,32.6,31.5,98.7,31.1,0.000,0.000,0.00,0.000,1.1,1.6,0.4,87,47,1.8,2.2,0.3,73,22,1.1,1.6,0.4,87,47,0,30.17,,,,,,,,,,
WHIT,2015-10-05 05:15:00 EDT,43.48507,-73.42307,120,31.4,32.5,31.4,98.6,31.1,0.000,0.000,0.00,0.000,0.5,1.3,0.5,33,2,1.1,1.8,0.4,35,13,0.5,1.3,0.5,33,2,0,30.17,,,,,,,,,,
WHIT,2015-10-05 05:20:00 EDT,43.48507,-73.42307,120,31.4,32.7,31.4,98.7,31.1,0.000,0.000,0.00,0.000,0.0,0.0,0.0,0,0,1.0,2.0,0.5,108,21,0.0,0.0,0.0,0,0,0,30.17,,,,,,,,,,
WHIT,2015-10-05 05:25:00 EDT,43.48507,-73.42307,120,30.8,32.1,30.8,98.7,30.5,0.000,0.000,0.00,0.000,0.0,0.0,0.0,0,0,1.3,1.8,0.2,131,5,0.0,0.0,0.0,0,0,0,30.17,,,,,,,,,,
WHIT,2015-10-05 05:30:00 EDT,43.48507,-73.42307,120,30.8,31.9,30.8,98.7,30.5,0.000,0.000,0.00,0.000,0.1,1.6,0.3,246,22,1.0,2.0,0.3,165,46,0.1,1.6,0.3,246,22,0,30.17,,,,,,,,,,
WHIT,2015-10-05 05:35:00 EDT,43.48507,-73.42307,120,31.7,32.8,31.7,98.9,31.5,0.000,0.000,0.00,0.000,0.5,1.8,0.6,226,6,1.1,2.2,0.5,253,32,0.5,1.8,0.6,226,6,0,30.17,,,,,,,,,,
WHIT,2015-10-05 05:40:00 EDT,43.48507,-73.42307,120,31.9,32.9,31.9,98.9,31.6,0.000,0.000,0.00,0.000,0.1,0.1,0.0,235,0,0.9,1.8,0.4,206,42,0.1,0.1,0.0,235,0,0,30.17,,,,,,,,,,
WHIT,2015-10-05 05:45:00 EDT,43.48507,-73.42307,120,31.7,33.0,31.7,98.8,31.4,0.000,0.000,0.00,0.000,1.1,1.5,0.3,183,15,1.6,2.0,0.2,197,18,1.1,1.5,0.3,183,15,0,30.17,,,,,,,,,,
WHIT,2015-10-05 05:50:00 EDT,43.48507,-73.42307,120,31.9,33.5,31.9,98.9,31.6,0.000,0.000,0.00,0.000,1.1,1.6,0.3,231,8,1.4,2.0,0.3,240,10,1.1,1.6,0.3,231,8,0,30.17,,,,,,,,,,
WHIT,2015-10-05 05:55:00 EDT,43.48507,-73.42307,120,31.8,33.5,31.8,98.9,31.5,0.000,0.000,0.00,0.000,1.0,1.4,0.2,214,10,1.3,1.8,0.3,219,11,1.0,1.4,0.2,214,10,0,30.17,,,,,,,,,,
WHIT,2015-10-05 06:00:00 EDT,43.48507,-73.42307,120,31.5,33.6,31.5,98.8,31.2,0.000,0.000,0.00,0.000,0.6,1.0,0.2,207,0,1.0,1.6,0.2,222,8,0.6,1.0,0.2,207,0,0,30.17,,,,,,,,,,
WHIT,2015-10-05 06:05:00 EDT,43.48507,-73.42307,120,31.2,33.1,31.2,98.7,30.9,0.000,0.000,0.00,0.000,0.6,1.9,0.8,150,3,1.2,2.5,0.7,159,13,0.6,1.9,0.8,150,3,0,30.17,,,,,,,,,,
WHIT,2015-10-05 06:10:00 EDT,43.48507,-73.42307,120,30.8,32.3,30.8,98.7,30.5,0.000,0.000,0.00,0.000,0.9,1.7,0.4,111,5,1.3,2.5,0.4,116,8,0.9,1.7,0.4,111,5,0,30.17,,,,,,,,,,
WHIT,2015-10-05 06:15:00 EDT,43.48507,-73.42307,120,30.8,32.2,30.8,98.7,30.5,0.000,0.000,0.00,0.000,0.0,0.0,0.0,0,0,0.6,1.1,0.2,49,22,0.0,0.0,0.0,0,0,0,30.17,,,,,,,,,,
WHIT,2015-10-05 06:20:00 EDT,43.48507,-73.42307,120,30.8,32.5,30.8,98.8,30.4,0.000,0.000,0.00,0.000,0.0,0.0,0.0,0,0,0.6,1.1,0.2,81,29,0.0,0.0,0.0,0,0,0,30.17,,,,,,,,,,
WHIT,2015-10-05 06:25:00 EDT,43.48507,-73.42307,120,30.6,32.0,30.6,98.7,30.2,0.000,0.000,0.00,0.000,0.0,0.0,0.0,0,0,1.0,1.3,0.2,61,11,0.0,0.0,0.0,0,0,0,30.17,,,,,,,,,,
WHIT,2015-10-05 06:30:00 EDT,43.48507,-73.42307,120,30.7,32.1,30.7,98.8,30.4,0.000,0.000,0.00,0.000,0.0,0.3,0.1,109,0,0.9,1.3,0.2,52,28,0.0,0.3,0.1,109,0,0,30.17,,,,,,,,,,
WHIT,2015-10-05 06:35:00 EDT,43.48507,-73.42307,120,31.0,32.1,31.0,98.8,30.7,0.000,0.000,0.00,0.000,0.0,0.3,0.1,109,0,0.5,1.3,0.3,117,33,0.0,0.3,0.1,109,0,0,30.17,,,,,,,,,,
WHIT,2015-10-05 06:40:00 EDT,43.48507,-73.42307,120,30.9,31.9,30.9,98.8,30.6,0.000,0.000,0.00,0.000,0.0,0.0,0.0,0,0,0.4,1.1,0.2,104,55,0.0,0.0,0.0,0,0,1,30.17,,,,,,,,,,
WHIT,2015-10-05 06:45:00 EDT,43.48507,-73.42307,120,31.1,32.5,31.1,98.8,30.8,0.000,0.000,0.00,0.000,0.0,0.0,0.0,0,0,0.4,1.6,0.2,8,36,0.0,0.0,0.0,0,0,3,30.17,,,,,,,,,,
WHIT,2015-10-05 06:50:00 EDT,43.48507,-73.42307,120,30.8,32.2,30.8,98.8,30.5,0.000,0.000,0.00,0.000,0.0,0.0,0.0,0,0,0.4,2.5,0.3,67,39,0.0,0.0,0.0,0,0,6,30.17,,,,,,,,,,
WHIT,2015-10-05 06:55:00 EDT,43.48507,-73.42307,120,31.3,32.4,31.3,98.8,31.0,0.000,0.000,0.00,0.000,0.3,1.0,0.3,110,0,0.9,1.6,0.3,300,25,0.3,1.0,0.3,110,0,6,30.17,,,,,,,,,,
WHIT,2015-10-05 07:00:00 EDT,43.48507,-73.42307,120,31.1,32.4,31.1,98.9,30.8,0.000,0.000,0.00,0.000,0.0,0.0,0.0,0,0,0.5,0.9,0.2,22,45,0.0,0.0,0.0,0,0,6,30.17,,,,,,,,,,
WHIT,2015-10-05 07:05:00 EDT,43.48507,-73.42307,120,31.5,32.4,31.5,98.9,31.2,0.000,0.000,0.00,0.000,0.6,1.5,0.7,80,7,1.4,2.0,0.4,70,18,0.6,1.5,0.7,80,7,8,30.17,,,,,,,,,,
WHIT,2015-10-05 07:10:00 EDT,43.48507,-73.42307,120,31.7,32.6,31.7,98.9,31.4,0.000,0.000,0.00,0.000,1.0,1.2,0.1,89,0,1.5,1.8,0.1,100,7,1.0,1.2,0.1,89,0,12,30.17,,,,,,,,,,
WHIT,2015-10-05 07:15:00 EDT,43.48507,-73.42307,120,31.7,32.6,31.7,98.8,31.4,0.000,0.000,0.00,0.000,0.2,0.9,0.3,90,0,0.7,1.3,0.4,135,64,0.2,0.9,0.3,90,0,18,30.17,,,,,,,,,,
WHIT,2015-10-05 07:20:00 EDT,43.48507,-73.42307,120,31.9,33.0,31.9,98.9,31.6,0.000,0.000,0.00,0.000,0.0,0.1,0.0,90,0,0.9,1.3,0.2,221,21,0.0,0.1,0.0,90,0,25,30.17,,,,,,,,,,
WHIT,2015-10-05 07:25:00 EDT,43.48507,-73.42307,120,32.0,33.1,32.0,98.9,31.7,0.000,0.000,0.00,0.000,0.0,0.0,0.0,0,0,0.5,1.1,0.3,233,46,0.0,0.0,0.0,0,0,34,30.17,,,,,,,,,,
WHIT,2015-10-05 07:30:00 EDT,43.48507,-73.42307,120,32.0,33.3,32.0,98.9,31.7,0.000,0.000,0.00,0.000,0.0,0.4,0.1,89,0,0.7,1.3,0.3,313,26,0.0,0.4,0.1,89,0,46,30.17,,,,,,,,,,
WHIT,2015-10-05 07:35:00 EDT,43.48507,-73.42307,120,32.2,33.4,32.2,98.9,31.9,0.000,0.000,0.00,0.000,0.0,0.1,0.0,89,0,0.8,1.3,0.2,341,23,0.0,0.1,0.0,89,0,63,30.17,,,,,,,,,,
WHIT,2015-10-05 07:40:00 EDT,43.48507,-73.42307,120,32.2,33.5,32.2,98.8,31.9,0.000,0.000,0.00,0.000,0.0,0.0,0.0,0,0,0.6,1.1,0.2,58,33,0.0,0.0,0.0,0,0,67,30.17,,,,,,,,,,
WHIT,2015-10-05 07:45:00 EDT,43.48507,-73.42307,120,33.0,33.6,33.0,98.8,32.7,0.000,0.000,0.00,0.000,0.0,0.2,0.0,90,0,0.8,1.1,0.3,91,25,0.0,0.2,0.0,90,0,73,30.17,,,,,,,,,,
WHIT,2015-10-05 07:50:00 EDT,43.48507,-73.42307,120,33.6,33.7,33.6,98.8,33.3,0.000,0.000,0.00,0.000,0.0,0.0,0.0,0,0,0.5,1.8,0.3,17,62,0.0,0.0,0.0,0,0,84,30.17,,,,,,,,,,
WHIT,2015-10-05 07:55:00 EDT,43.48507,-73.42307,120,34.1,34.1,34.1,98.7,33.7,0.000,0.000,0.00,0.000,0.5,1.8,0.6,311,37,1.1,2.0,0.4,311,19,0.5,1.8,0.6,311,37,152,30.18,,,,,,,,,,
WHIT,2015-10-05 08:00:00 EDT,43.48507,-73.42307,120,34.5,34.4,34.5,98.5,34.1,0.000,0.000,0.00,0.000,0.8,2.0,0.5,315,18,1.3,2.0,0.4,330,24,0.8,2.0,0.5,315,18,138,30.18,,,,,,,,,,
WHIT,2015-10-05 08:05:00 EDT,43.48507,-73.42307,120,34.7,34.6,34.7,98.6,34.4,0.000,0.000,0.00,0.000,0.1,0.1,0.0,297,0,0.6,2.7,0.5,334,72,0.1,0.1,0.0,297,0,94,30.18,,,,,,,,,,
WHIT,2015-10-05 08:10:00 EDT,43.48507,-73.42307,120,35.1,34.9,35.1,98.7,34.8,0.000,0.000,0.00,0.000,0.1,0.1,0.0,298,0,0.6,1.1,0.2,69,50,0.1,0.1,0.0,298,0,137,30.18,,,,,,,,,,
WHIT,2015-10-05 08:15:00 EDT,43.48507,-73.42307,120,36.0,35.3,36.0,98.6,35.6,0.000,0.000,0.00,0.000,0.5,1.3,0.4,105,53,1.2,2.0,0.3,101,15,0.5,1.3,0.4,105,53,209,30.18,,,,,,,,,,
WHIT,2015-10-05 08:20:00 EDT,43.48507,-73.42307,120,36.2,35.6,36.2,98.3,35.8,0.000,0.000,0.00,0.000,0.7,1.3,0.4,115,0,1.2,2.0,0.4,120,13,0.7,1.3,0.4,115,0,202,30.18,,,,,,,,,,
WHIT,2015-10-05 08:25:00 EDT,43.48507,-73.42307,120,36.4,36.1,36.4,98.4,36.0,0.000,0.000,0.00,0.000,0.3,1.8,0.6,171,1,0.9,2.2,0.6,153,33,0.3,1.8,0.6,171,1,256,30.18,,,,,,,,,,
WHIT,2015-10-05 08:30:00 EDT,43.48507,-73.42307,120,37.2,36.7,37.2,98.1,36.7,0.000,0.000,0.00,0.000,0.4,1.5,0.5,177,8,1.0,2.0,0.5,177,37,0.4,1.5,0.5,177,8,304,30.18,,,,,,,,,,
WHIT,2015-10-05 08:35:00 EDT,43.48507,-73.42307,120,37.7,37.3,37.7,97.9,37.2,0.000,0.000,0.00,0.000,0.0,0.0,0.0,0,0,0.6,2.0,0.3,261,69,0.0,0.0,0.0,0,0,334,30.17,,,,,,,,,,
WHIT,2015-10-05 08:40:00 EDT,43.48507,-73.42307,120,38.4,37.9,38.4,97.4,37.7,0.000,0.000,0.00,0.000,0.1,1.2,0.3,126,2,0.7,2.0,0.4,145,60,0.1,1.2,0.3,126,2,257,30.17,,,,,,,,,,
WHIT,2015-10-05 08:45:00 EDT,43.48507,-73.42307,120,38.9,38.0,38.9,97.3,38.2,0.000,0.000,0.00,0.000,0.0,0.0,0.0,0,0,0.6,2.2,0.4,238,73,0.0,0.0,0.0,0,0,255,30.17,,,,,,,,,,
WHIT,2015-10-05 08:50:00 EDT,43.48507,-73.42307,120,38.6,38.3,38.6,96.5,37.7,0.000,0.000,0.00,0.000,0.0,0.1,0.0,289,2,0.7,1.8,0.3,334,51,0.0,0.1,0.0,289,2,191,30.17,,,,,,,,,,
WHIT,2015-10-05 08:55:00 EDT,43.48507,-73.42307,120,39.2,38.8,39.2,95.5,38.0,0.000,0.000,0.00,0.000,0.2,1.3,0.4,106,11,1.0,2.0,0.5,62,47,0.2,1.3,0.4,106,11,242,30.17,,,,,,,,,,
WHIT,2015-10-05 09:00:00 EDT,43.48507,-73.42307,120,40.1,39.3,40.1,93.3,38.3,0.000,0.000,0.00,0.000,0.6,1.7,0.4,115,17,1.3,2.7,0.4,112,23,0.6,1.7,0.4,115,17,232,30.17,,,,,,,,,,
WHIT,2015-10-05 09:05:00 EDT,43.48507,-73.42307,120,40.7,39.6,40.7,90.9,38.2,0.000,0.000,0.00,0.000,0.7,1.6,0.3,68,19,1.4,2.2,0.4,67,19,0.7,1.6,0.3,68,19,224,30.17,,,,,,,,,,
WHIT,2015-10-05 09:10:00 EDT,43.48507,-73.42307,120,40.5,39.9,40.5,89.7,37.8,0.000,0.000,0.00,0.000,0.0,0.1,0.0,70,0,0.7,1.6,0.3,199,54,0.0,0.1,0.0,70,0,348,30.17,,,,,,,,,,
WHIT,2015-10-05 09:15:00 EDT,43.48507,-73.42307,120,41.3,40.4,41.3,88.6,38.2,0.000,0.000,0.00,0.000,0.1,0.9,0.2,331,50,0.8,1.6,0.4,302,70,0.1,0.9,0.2,331,50,397,30.17,,,,,,,,,,
WHIT,2015-10-05 09:20:00 EDT,43.48507,-73.42307,120,41.5,41.0,41.5,85.3,37.4,0.000,0.000,0.00,0.000,0.6,1.8,0.6,19,34,1.4,2.7,0.6,22,39,0.6,1.8,0.6,19,34,466,30.16,,,,,,,,,,
WHIT,2015-10-05 09:25:00 EDT,43.48507,-73.42307,120,42.2,42.3,42.2,81.4,36.9,0.000,0.000,0.00,0.000,0.8,2.3,0.6,10,22,1.4,2.9,0.7,22,36,0.8,2.3,0.6,10,22,405,30.16,,,,,,,,,,
WHIT,2015-10-05 09:30:00 EDT,43.48507,-73.42307,120,43.2,43.6,43.2,79.8,37.4,0.000,0.000,0.00,0.000,1.2,2.9,0.9,22,18,1.7,3.6,0.8,30,24,1.2,2.9,0.9,22,18,457,30.16,,,,,,,,,,
WHIT,2015-10-05 09:35:00 EDT,43.48507,-73.42307,120,43.2,44.1,43.2,76.5,36.3,0.000,0.000,0.00,0.000,1.0,2.3,0.8,27,22,1.5,3.1,0.7,31,32,1.0,2.3,0.8,27,22,470,30.16,,,,,,,,,,
WHIT,2015-10-05 09:40:00 EDT,43.48507,-73.42307,120,43.3,44.4,43.3,74.9,35.9,0.000,0.000,0.00,0.000,1.3,2.8,0.7,6,22,1.7,3.6,0.7,13,28,1.3,2.8,0.7,6,22,463,30.16,,,,,,,,,,
WHIT,2015-10-05 09:45:00 EDT,43.48507,-73.42307,120,43.6,44.8,43.6,74.6,36.1,0.000,0.000,0.00,0.000,1.6,2.6,0.5,6,18,2.0,3.6,0.6,13,19,1.6,2.6,0.5,6,18,385,30.16,,,,,,,,,,
WHIT,2015-10-05 09:50:00 EDT,43.48507,-73.42307,120,44.3,45.4,44.3,74.0,36.5,0.000,0.000,0.00,0.000,0.5,2.0,0.6,357,19,1.1,2.7,0.6,23,33,0.5,2.0,0.6,357,19,403,30.16,,,,,,,,,,
WHIT,2015-10-05 09:55:00 EDT,43.48507,-73.42307,120,44.2,45.8,44.2,70.4,35.2,0.000,0.000,0.00,0.000,0.4,1.2,0.4,35,16,1.1,2.9,0.4,43,35,0.4,1.2,0.4,35,16,430,30.16,,,,,,,,,,
WHIT,2015-10-05 10:00:00 EDT,43.48507,-73.42307,120,44.9,46.5,44.9,68.4,35.1,0.000,0.000,0.00,0.000,0.9,2.4,0.6,234,31,1.4,2.7,0.6,236,40,0.9,2.4,0.6,234,31,477,30.16,,,,,,,,,,
WHIT,2015-10-05 10:05:00 EDT,43.48507,-73.42307,120,44.8,46.9,44.8,66.0,34.1,0.000,0.000,0.00,0.000,0.9,1.8,0.5,230,19,1.4,2.7,0.5,237,26,0.9,1.8,0.5,230,19,367,30.16,,,,,,,,,,
WHIT,2015-10-05 10:10:00 EDT,43.48507,-73.42307,120,45.0,47.1,45.0,67.3,34.8,0.000,0.000,0.00,0.000,1.1,2.2,0.5,238,19,1.3,2.9,0.5,249,26,1.1,2.2,0.5,238,19,425,30.16,,,,,,,,,,
WHIT,2015-10-05 10:15:00 EDT,43.48507,-73.42307,120,45.8,48.0,45.8,65.5,34.8,0.000,0.000,0.00,0.000,1.2,2.5,0.8,267,37,1.7,3.4,0.8,275,44,1.2,2.5,0.8,267,37,540,30.16,,,,,,,,,,
WHIT,2015-10-05 10:20:00 EDT,43.48507,-73.42307,120,49.3,48.7,49.3,64.0,37.6,0.000,0.000,0.00,0.000,0.1,0.9,0.2,182,11,1.0,2.0,0.4,160,55,0.1,0.9,0.2,182,11,376,30.15,,,,,,,,,,
WHIT,2015-10-05 10:25:00 EDT,43.48507,-73.42307,120,49.4,48.8,49.4,62.2,37.0,0.000,0.000,0.00,0.000,0.6,2.6,0.7,244,24,1.2,2.9,0.7,235,51,0.6,2.6,0.7,244,24,304,30.15,,,,,,,,,,
WHIT,2015-10-05 10:30:00 EDT,43.48507,-73.42307,120,49.2,48.8,49.2,63.6,37.4,0.000,0.000,0.00,0.000,1.2,2.4,0.6,276,26,1.6,2.7,0.6,286,28,1.2,2.4,0.6,276,26,287,30.15,,,,,,,,,,
WHIT,2015-10-05 10:35:00 EDT,43.48507,-73.42307,120,49.5,49.1,49.5,62.1,37.0,0.000,0.000,0.00,0.000,0.2,1.5,0.4,252,21,0.8,1.6,0.3,307,52,0.2,1.5,0.4,252,21,344,30.15,,,,,,,,,,
WHIT,2015-10-05 10:40:00 EDT,43.48507,-73.42307,120,50.1,49.9,50.1,62.8,38.0,0.000,0.000,0.00,0.000,0.4,1.5,0.4,163,18,1.1,2.0,0.4,155,34,0.4,1.5,0.4,163,18,465,30.15,,,,,,,,,,
WHIT,2015-10-05 10:45:00 EDT,43.48507,-73.42307,120,51.0,50.1,51.0,61.4,38.2,0.000,0.000,0.00,0.000,0.2,1.2,0.3,317,21,0.9,2.5,0.4,327,59,0.2,1.2,0.3,317,21,492,30.15,,,,,,,,,,
WHIT,2015-10-05 10:50:00 EDT,43.48507,-73.42307,120,51.5,50.6,51.5,58.2,37.3,0.000,0.000,0.00,0.000,1.0,3.5,1.1,238,33,1.5,3.4,0.9,245,48,1.0,3.5,1.1,238,33,650,30.15,,,,,,,,,,
WHIT,2015-10-05 10:55:00 EDT,43.48507,-73.42307,120,52.0,50.8,52.0,61.0,39.0,0.000,0.000,0.00,0.000,0.9,2.5,0.6,240,26,1.3,2.9,0.5,256,34,0.9,2.5,0.6,240,26,656,30.15,,,,,,,,,,
WHIT,2015-10-05 11:00:00 EDT,43.48507,-73.42307,120,52.3,51.4,52.3,61.3,39.4,0.000,0.000,0.00,0.000,0.9,2.6,0.7,265,32,1.6,3.6,0.7,280,43,0.9,2.6,0.7,265,32,562,30.14,,,,,,,,,,
WHIT,2015-10-05 11:05:00 EDT,43.48507,-73.42307,120,52.3,51.6,52.3,58.7,38.3,0.000,0.000,0.00,0.000,1.1,2.5,0.6,292,27,1.5,2.7,0.6,298,35,1.1,2.5,0.6,292,27,662,30.14,,,,,,,,,,
WHIT,2015-10-05 11:10:00 EDT,43.48507,-73.42307,120,54.1,52.8,54.1,60.3,40.6,0.000,0.000,0.00,0.000,1.4,4.2,1.1,119,22,2.0,5.8,1.1,125,32,1.4,4.2,1.1,119,22,661,30.14,,,,,,,,,,
WHIT,2015-10-05 11:15:00 EDT,43.48507,-73.42307,120,54.2,53.0,54.2,58.3,39.9,0.000,0.000,0.00,0.000,1.3,2.9,0.9,165,21,1.9,3.8,0.9,166,30,1.3,2.9,0.9,165,21,669,30.14,,,,,,,,,,
WHIT,2015-10-05 11:20:00 EDT,43.48507,-73.42307,120,54.2,53.2,54.2,57.4,39.4,0.000,0.000,0.00,0.000,0.8,2.8,0.7,258,53,1.4,4.5,0.9,278,59,0.8,2.8,0.7,258,53,674,30.14,,,,,,,,,,
WHIT,2015-10-05 11:25:00 EDT,43.48507,-73.42307,120,55.4,54.4,55.4,57.9,40.8,0.000,0.000,0.00,0.000,1.7,3.9,1.1,174,35,2.5,4.7,1.2,177,36,1.7,3.9,1.1,174,35,657,30.14,,,,,,,,,,
WHIT,2015-10-05 11:30:00 EDT,43.48507,-73.42307,120,55.0,54.1,55.0,55.2,39.2,0.000,0.000,0.00,0.000,1.0,3.7,1.1,179,30,1.7,4.5,1.0,181,38,1.0,3.7,1.1,179,30,699,30.14,,,,,,,,,,
WHIT,2015-10-05 11:35:00 EDT,43.48507,-73.42307,120,55.3,54.3,55.3,51.1,37.5,0.000,0.000,0.00,0.000,0.7,1.8,0.5,42,48,1.4,3.1,0.6,52,49,0.7,1.8,0.5,42,48,488,30.13,,,,,,,,,,
WHIT,2015-10-05 11:40:00 EDT,43.48507,-73.42307,120,55.9,54.4,55.9,54.0,39.5,0.000,0.000,0.00,0.000,1.4,2.1,0.3,32,24,1.9,2.5,0.3,37,24,1.4,2.1,0.3,32,24,648,30.13,,,,,,,,,,
WHIT,2015-10-05 11:45:00 EDT,43.48507,-73.42307,120,56.2,55.1,56.2,54.2,39.9,0.000,0.000,0.00,0.000,1.5,5.1,1.2,219,60,2.2,5.4,1.2,230,61,1.5,5.1,1.2,219,60,679,30.13,,,,,,,,,,
WHIT,2015-10-05 11:50:00 EDT,43.48507,-73.42307,120,56.5,55.4,56.5,52.4,39.2,0.000,0.000,0.00,0.000,2.3,5.3,1.6,155,22,2.7,6.3,1.6,158,31,2.3,5.3,1.6,155,22,691,30.13,,,,,,,,,,
WHIT,2015-10-05 11:55:00 EDT,43.48507,-73.42307,120,57.2,56.1,57.2,52.9,40.2,0.000,0.000,0.00,0.000,2.3,4.9,1.3,201,18,2.8,5.1,1.3,203,22,2.3,4.9,1.3,201,18,736,30.12,,,,,,,,,,
WHIT,2015-10-05 12:00:00 EDT,43.48507,-73.42307,120,57.2,56.1,57.2,50.2,38.9,0.000,0.000,0.00,0.000,3.7,5.8,1.3,195,37,4.0,6.9,1.3,198,39,3.7,5.8,1.3,195,37,730,30.12,,,,,,,,,,
WHIT,2015-10-05 12:05:00 EDT,43.48507,-73.42307,120,57.9,56.3,57.9,48.8,38.8,0.000,0.000,0.00,0.000,2.2,4.2,0.6,88,25,2.8,4.9,0.7,93,25,2.2,4.2,0.6,88,25,720,30.12,,,,,,,,,,
WHIT,2015-10-05 12:10:00 EDT,43.48507,-73.42307,120,58.2,56.8,58.2,49.7,39.5,0.000,0.000,0.00,0.000,2.1,4.5,1.1,150,74,2.5,5.6,1.2,161,74,2.1,4.5,1.1,150,74,737,30.12,,,,,,,,,,
WHIT,2015-10-05 12:15:00 EDT,43.48507,-73.42307,120,57.6,56.7,57.6,48.3,38.2,0.000,0.000,0.00,0.000,3.8,7.5,1.6,234,36,4.1,8.1,1.7,241,36,3.8,7.5,1.6,234,36,735,30.11,,,,,,,,,,
WHIT,2015-10-05 12:20:00 EDT,43.48507,-73.42307,120,57.8,56.8,57.8,47.1,37.8,0.000,0.000,0.00,0.000,2.9,5.8,1.4,163,30,3.3,6.7,1.5,166,31,2.9,5.8,1.4,163,30,744,30.11,,,,,,,,,,
WHIT,2015-10-05 12:25:00 EDT,43.48507,-73.42307,120,59.0,57.8,59.0,49.4,40.0,0.000,0.000,0.00,0.000,1.4,3.6,0.9,120,40,2.1,4.7,0.8,119,48,1.4,3.6,0.9,120,40,750,30.11,,,,,,,,,,
WHIT,2015-10-05 12:30:00 EDT,43.48507,-73.42307,120,58.7,57.6,58.7,46.7,38.4,0.000,0.000,0.00,0.000,2.9,7.2,1.9,188,27,3.4,8.3,1.9,195,29,2.9,7.2,1.9,188,27,753,30.11,,,,,,,,,,
WHIT,2015-10-05 12:35:00 EDT,43.48507,-73.42307,120,58.8,57.9,58.8,48.3,39.4,0.000,0.000,0.00,0.000,3.5,7.5,2.0,178,24,4.1,8.7,2.2,180,24,3.5,7.5,2.0,178,24,752,30.11,,,,,,,,,,
WHIT,2015-10-05 12:40:00 EDT,43.48507,-73.42307,120,59.1,58.2,59.1,49.3,40.1,0.000,0.000,0.00,0.000,3.2,6.0,1.1,198,31,3.8,6.7,1.2,201,31,3.2,6.0,1.1,198,31,760,30.10,,,,,,,,,,
WHIT,2015-10-05 12:45:00 EDT,43.48507,-73.42307,120,59.5,58.3,59.5,49.9,40.8,0.000,0.000,0.00,0.000,3.0,7.1,1.6,203,28,3.4,8.1,1.7,208,27,3.0,7.1,1.6,203,28,770,30.10,,,,,,,,,,
WHIT,2015-10-05 12:50:00 EDT,43.48507,-73.42307,120,59.1,58.1,59.1,48.0,39.5,0.000,0.000,0.00,0.000,4.1,7.5,1.9,172,24,4.6,8.3,2.0,177,23,4.1,7.5,1.9,172,24,782,30.10,,,,,,,,,,
WHIT,2015-10-05 12:55:00 EDT,43.48507,-73.42307,120,59.5,58.9,59.5,48.1,39.8,0.000,0.000,0.00,0.000,4.0,7.5,1.6,158,20,4.7,8.9,1.8,164,19,4.0,7.5,1.6,158,20,790,30.09,,,,,,,,,,
WHIT,2015-10-05 13:00:00 EDT,43.48507,-73.42307,120,59.7,58.7,59.7,50.1,41.1,0.000,0.000,0.00,0.000,1.8,5.7,1.4,166,66,2.5,6.3,1.4,185,73,1.8,5.7,1.4,166,66,729,30.09,,,,,,,,,,
WHIT,2015-10-05 13:05:00 EDT,43.48507,-73.42307,120,60.0,58.8,60.0,47.9,40.2,0.000,0.000,0.00,0.000,2.2,6.4,1.9,237,29,2.9,7.2,1.8,243,40,2.2,6.4,1.9,237,29,568,30.09,,,,,,,,,,
WHIT,2015-10-05 13:10:00 EDT,43.48507,-73.42307,120,59.0,58.5,59.0,46.3,38.5,0.000,0.000,0.00,0.000,3.7,6.2,1.1,205,24,4.0,6.9,1.2,209,25,3.7,6.2,1.1,205,24,488,30.08,,,,,,,,,,
WHIT,2015-10-05 13:15:00 EDT,43.48507,-73.42307,120,59.5,58.7,59.5,48.2,39.9,0.000,0.000,0.00,0.000,0.9,2.0,0.5,256,33,1.4,3.1,0.6,265,36,0.9,2.0,0.5,256,33,580,30.08,,,,,,,,,,
WHIT,2015-10-05 13:20:00 EDT,43.48507,-73.42307,120,60.3,59.3,60.3,49.2,41.2,0.000,0.000,0.00,0.000,1.0,3.3,0.8,15,33,1.6,3.1,0.7,8,53,1.0,3.3,0.8,15,33,723,30.08,,,,,,,,,,
WHIT,2015-10-05 13:25:00 EDT,43.48507,-73.42307,120,60.8,60.0,60.8,46.4,40.1,0.000,0.000,0.00,0.000,1.0,2.5,0.6,335,43,1.7,4.0,0.7,339,52,1.0,2.5,0.6,335,43,578,30.08,,,,,,,,,,
WHIT,2015-10-05 13:30:00 EDT,43.48507,-73.42307,120,59.9,59.4,59.9,45.6,38.9,0.000,0.000,0.00,0.000,0.7,1.8,0.6,212,11,1.3,2.5,0.6,216,34,0.7,1.8,0.6,212,11,515,30.08,,,,,,,,,,
WHIT,2015-10-05 13:35:00 EDT,43.48507,-73.42307,120,60.1,59.5,60.1,46.2,39.4,0.000,0.000,0.00,0.000,0.8,2.7,0.7,331,24,1.3,3.8,0.7,347,37,0.8,2.7,0.7,331,24,484,30.07,,,,,,,,,,
WHIT,2015-10-05 13:40:00 EDT,43.48507,-73.42307,120,60.4,59.8,60.4,47.7,40.5,0.000,0.000,0.00,0.000,0.3,1.5,0.4,44,42,1.0,2.5,0.5,350,75,0.3,1.5,0.4,44,42,348,30.07,,,,,,,,,,
WHIT,2015-10-05 13:45:00 EDT,43.48507,-73.42307,120,59.9,59.5,59.9,46.6,39.4,0.000,0.000,0.00,0.000,0.6,2.1,0.6,173,31,1.2,2.9,0.6,183,47,0.6,2.1,0.6,173,31,407,30.07,,,,,,,,,,
WHIT,2015-10-05 13:50:00 EDT,43.48507,-73.42307,120,60.4,59.6,60.4,47.7,40.5,0.000,0.000,0.00,0.000,1.5,4.5,1.3,228,20,1.9,4.5,1.1,233,31,1.5,4.5,1.3,228,20,508,30.06,,,,,,,,,,
WHIT,2015-10-05 13:55:00 EDT,43.48507,-73.42307,120,60.4,59.7,60.4,45.7,39.3,0.000,0.000,0.00,0.000,4.9,6.6,0.7,222,11,5.1,6.9,0.7,225,11,4.9,6.6,0.7,222,11,512,30.06,,,,,,,,,,
WHIT,2015-10-05 14:00:00 EDT,43.48507,-73.42307,120,60.0,59.6,60.0,45.5,38.9,0.000,0.000,0.00,0.000,3.6,5.5,0.9,210,19,3.8,6.3,0.9,214,19,3.6,5.5,0.9,210,19,380,30.06,,,,,,,,,,
WHIT,2015-10-05 14:05:00 EDT,43.48507,-73.42307,120,60.0,59.6,60.0,46.2,39.2,0.000,0.000,0.00,0.000,2.8,4.4,0.7,224,10,2.8,4.7,0.8,228,10,2.8,4.4,0.7,224,10,433,30.06,,,,,,,,,,
WHIT,2015-10-05 14:10:00 EDT,43.48507,-73.42307,120,60.6,60.1,60.6,45.5,39.5,0.000,0.000,0.00,0.000,3.0,4.5,0.6,229,17,3.3,5.6,0.9,234,16,3.0,4.5,0.6,229,17,664,30.06,,,,,,,,,,
WHIT,2015-10-05 14:15:00 EDT,43.48507,-73.42307,120,61.0,60.4,61.0,44.2,39.0,0.000,0.000,0.00,0.000,1.0,3.7,1.0,240,46,1.6,4.0,0.9,241,65,1.0,3.7,1.0,240,46,789,30.05,,,,,,,,,,
WHIT,2015-10-05 14:20:00 EDT,43.48507,-73.42307,120,61.5,60.8,61.5,43.0,38.9,0.000,0.000,0.00,0.000,1.7,3.7,1.0,174,29,2.3,4.7,1.0,178,35,1.7,3.7,1.0,174,29,772,30.05,,,,,,,,,,
WHIT,2015-10-05 14:25:00 EDT,43.48507,-73.42307,120,61.2,60.6,61.2,40.4,36.9,0.000,0.000,0.00,0.000,1.7,3.7,0.9,238,21,2.1,4.5,0.9,242,27,1.7,3.7,0.9,238,21,721,30.05,,,,,,,,,,
WHIT,2015-10-05 14:30:00 EDT,43.48507,-73.42307,120,61.2,60.5,61.2,41.1,37.4,0.000,0.000,0.00,0.000,1.6,4.5,1.6,226,7,1.9,5.6,1.5,229,13,1.6,4.5,1.6,226,7,593,30.05,,,,,,,,,,
WHIT,2015-10-05 14:35:00 EDT,43.48507,-73.42307,120,61.3,60.7,61.3,42.1,38.1,0.000,0.000,0.00,0.000,1.8,5.2,1.5,291,47,2.3,5.6,1.4,291,57,1.8,5.2,1.5,291,47,642,30.05,,,,,,,,,,
WHIT,2015-10-05 14:40:00 EDT,43.48507,-73.42307,120,61.7,60.8,61.7,41.7,38.2,0.000,0.000,0.00,0.000,1.1,3.7,0.8,316,50,1.5,4.3,0.9,324,55,1.1,3.7,0.8,316,50,652,30.05,,,,,,,,,,
WHIT,2015-10-05 14:45:00 EDT,43.48507,-73.42307,120,62.1,61.3,62.1,41.3,38.3,0.000,0.000,0.00,0.000,2.8,5.0,0.9,299,17,3.0,6.3,1.0,306,18,2.8,5.0,0.9,299,17,648,30.04,,,,,,,,,,
WHIT,2015-10-05 14:50:00 EDT,43.48507,-73.42307,120,63.0,61.6,63.0,42.6,39.9,0.000,0.000,0.00,0.000,2.8,4.1,0.8,79,48,3.3,4.7,0.7,82,51,2.8,4.1,0.8,79,48,636,30.04,,,,,,,,,,
WHIT,2015-10-05 14:55:00 EDT,43.48507,-73.42307,120,63.0,61.4,63.0,40.5,38.6,0.000,0.000,0.00,0.000,1.7,2.8,0.5,105,16,2.0,3.6,0.5,109,18,1.7,2.8,0.5,105,16,605,30.04,,,,,,,,,,
WHIT,2015-10-05 15:00:00 EDT,43.48507,-73.42307,120,62.4,61.5,62.4,39.3,37.3,0.000,0.000,0.00,0.000,1.1,4.1,0.8,106,38,1.7,4.9,0.9,106,46,1.1,4.1,0.8,106,38,494,30.04,,,,,,,,,,
WHIT,2015-10-05 15:05:00 EDT,43.48507,-73.42307,120,62.5,61.5,62.5,40.1,37.9,0.000,0.000,0.00,0.000,2.1,4.2,0.8,108,18,2.4,4.3,0.8,111,21,2.1,4.2,0.8,108,18,364,30.04,,,,,,,,,,
WHIT,2015-10-05 15:10:00 EDT,43.48507,-73.42307,120,61.9,61.3,61.9,41.4,38.2,0.000,0.000,0.00,0.000,1.7,4.1,1.1,2,15,2.3,4.7,1.0,10,18,1.7,4.1,1.1,2,15,208,30.04,,,,,,,,,,
WHIT,2015-10-05 15:15:00 EDT,43.48507,-73.42307,120,61.4,61.2,61.4,43.3,38.9,0.000,0.000,0.00,0.000,0.3,1.5,0.5,345,23,1.1,2.2,0.5,2,52,0.3,1.5,0.5,345,23,206,30.04,,,,,,,,,,
WHIT,2015-10-05 15:20:00 EDT,43.48507,-73.42307,120,61.8,61.4,61.8,41.7,38.3,0.000,0.000,0.00,0.000,1.4,2.8,0.7,279,15,1.7,3.4,0.6,287,18,1.4,2.8,0.7,279,15,364,30.03,,,,,,,,,,
WHIT,2015-10-05 15:25:00 EDT,43.48507,-73.42307,120,61.9,61.6,61.9,40.7,37.7,0.000,0.000,0.00,0.000,1.8,3.7,0.8,269,22,2.3,4.3,0.8,276,21,1.8,3.7,0.8,269,22,328,30.03,,,,,,,,,,
WHIT,2015-10-05 15:30:00 EDT,43.48507,-73.42307,120,61.8,61.4,61.8,41.7,38.2,0.000,0.000,0.00,0.000,0.6,1.8,0.6,264,16,1.0,2.7,0.6,272,30,0.6,1.8,0.6,264,16,265,30.03,,,,,,,,,,
WHIT,2015-10-05 15:35:00 EDT,43.48507,-73.42307,120,61.6,61.3,61.6,41.1,37.8,0.000,0.000,0.00,0.000,1.4,3.1,0.9,266,17,1.9,3.8,0.7,272,18,1.4,3.1,0.9,266,17,248,30.03,,,,,,,,,,
WHIT,2015-10-05 15:40:00 EDT,43.48507,-73.42307,120,61.9,61.4,61.9,42.5,38.8,0.000,0.000,0.00,0.000,0.5,1.4,0.4,230,5,0.9,1.6,0.4,225,39,0.5,1.4,0.4,230,5,339,30.03,,,,,,,,,,
WHIT,2015-10-05 15:45:00 EDT,43.48507,-73.42307,120,61.7,61.5,61.7,42.6,38.8,0.000,0.000,0.00,0.000,0.8,3.4,1.0,358,60,1.3,4.0,1.1,356,70,0.8,3.4,1.0,358,60,276,30.03,,,,,,,,,,
WHIT,2015-10-05 15:50:00 EDT,43.48507,-73.42307,120,62.3,61.5,62.3,43.3,39.7,0.000,0.000,0.00,0.000,1.2,3.7,1.0,35,20,1.6,4.0,1.0,41,21,1.2,3.7,1.0,35,20,244,30.02,,,,,,,,,,
WHIT,2015-10-05 15:55:00 EDT,43.48507,-73.42307,120,62.1,61.5,62.1,44.1,39.9,0.000,0.000,0.00,0.000,0.5,2.8,0.6,28,61,1.1,2.7,0.6,311,74,0.5,2.8,0.6,28,61,189,30.02,,,,,,,,,,
WHIT,2015-10-05 16:00:00 EDT,43.48507,-73.42307,120,62.0,61.4,62.0,44.1,39.9,0.000,0.000,0.00,0.000,1.5,2.9,0.6,35,20,1.8,3.4,0.6,37,22,1.5,2.9,0.6,35,20,217,30.02,,,,,,,,,,
WHIT,2015-10-05 16:05:00 EDT,43.48507,-73.42307,120,61.6,61.3,61.6,46.2,40.7,0.000,0.000,0.00,0.000,2.0,2.8,0.5,13,15,2.3,3.1,0.4,19,17,2.0,2.8,0.5,13,15,194,30.02,,,,,,,,,,
WHIT,2015-10-05 16:10:00 EDT,43.48507,-73.42307,120,61.7,61.4,61.7,46.0,40.8,0.000,0.000,0.00,0.000,0.4,2.2,0.6,9,10,1.1,2.5,0.5,4,32,0.4,2.2,0.6,9,10,236,30.02,,,,,,,,,,
WHIT,2015-10-05 16:15:00 EDT,43.48507,-73.42307,120,61.8,61.4,61.8,45.8,40.7,0.000,0.000,0.00,0.000,2.3,3.9,0.5,8,12,2.6,4.0,0.6,13,11,2.3,3.9,0.5,8,12,304,30.02,,,,,,,,,,
WHIT,2015-10-05 16:20:00 EDT,43.48507,-73.42307,120,62.3,61.7,62.3,44.3,40.3,0.000,0.000,0.00,0.000,2.3,3.9,0.9,2,16,2.7,4.7,1.1,9,17,2.3,3.9,0.9,2,16,433,30.01,,,,,,,,,,
WHIT,2015-10-05 16:25:00 EDT,43.48507,-73.42307,120,62.1,61.6,62.1,42.7,39.2,0.000,0.000,0.00,0.000,2.9,4.7,1.0,359,8,3.4,5.4,1.1,8,9,2.9,4.7,1.0,359,8,340,30.01,,,,,,,,,,
WHIT,2015-10-05 16:30:00 EDT,43.48507,-73.42307,120,62.2,61.5,62.2,42.7,39.2,0.000,0.000,0.00,0.000,1.6,3.1,0.8,19,17,2.0,4.0,0.8,28,17,1.6,3.1,0.8,19,17,360,30.01,,,,,,,,,,
WHIT,2015-10-05 16:35:00 EDT,43.48507,-73.42307,120,62.7,61.8,62.7,45.8,41.5,0.000,0.000,0.00,0.000,3.0,4.7,0.9,39,26,3.4,5.6,1.0,48,26,3.0,4.7,0.9,39,26,340,30.01,,,,,,,,,,
WHIT,2015-10-05 16:40:00 EDT,43.48507,-73.42307,120,62.7,62.0,62.7,45.0,41.1,0.000,0.000,0.00,0.000,3.1,5.0,1.1,15,24,3.5,5.6,1.2,23,20,3.1,5.0,1.1,15,24,352,30.01,,,,,,,,,,
WHIT,2015-10-05 16:45:00 EDT,43.48507,-73.42307,120,62.3,61.8,62.3,44.9,40.6,0.000,0.000,0.00,0.000,2.5,3.8,0.6,12,10,2.7,4.7,0.7,19,12,2.5,3.8,0.6,12,10,330,30.01,,,,,,,,,,
WHIT,2015-10-05 16:50:00 EDT,43.48507,-73.42307,120,62.6,61.8,62.6,46.1,41.6,0.000,0.000,0.00,0.000,1.3,2.3,0.4,58,32,1.8,3.6,0.5,62,32,1.3,2.3,0.4,58,32,303,30.01,,,,,,,,,,
WHIT,2015-10-05 16:55:00 EDT,43.48507,-73.42307,120,62.5,62.0,62.5,43.5,40.0,0.000,0.000,0.00,0.000,0.8,2.0,0.5,353,25,1.3,3.4,0.6,356,33,0.8,2.0,0.5,353,25,282,30.01,,,,,,,,,,
WHIT,2015-10-05 17:00:00 EDT,43.48507,-73.42307,120,62.5,61.8,62.5,43.9,40.3,0.000,0.000,0.00,0.000,1.2,2.6,0.7,10,22,1.8,3.8,0.7,19,32,1.2,2.6,0.7,10,22,213,30.00,,,,,,,,,,
WHIT,2015-10-05 17:05:00 EDT,43.48507,-73.42307,120,62.8,61.8,62.8,44.0,40.5,0.000,0.000,0.00,0.000,0.7,1.8,0.5,44,14,1.3,2.5,0.5,49,30,0.7,1.8,0.5,44,14,220,30.00,,,,,,,,,,
WHIT,2015-10-05 17:10:00 EDT,43.48507,-73.42307,120,62.7,61.9,62.7,43.6,40.2,0.000,0.000,0.00,0.000,0.3,2.1,0.5,337,5,1.0,3.1,0.6,2,39,0.3,2.1,0.5,337,5,205,30.00,,,,,,,,,,
WHIT,2015-10-05 17:15:00 EDT,43.48507,-73.42307,120,62.0,61.9,62.0,43.8,39.7,0.000,0.000,0.00,0.000,1.6,2.8,0.6,359,14,2.0,3.1,0.6,6,13,1.6,2.8,0.6,359,14,196,30.00,,,,,,,,,,
WHIT,2015-10-05 17:20:00 EDT,43.48507,-73.42307,120,62.1,62.0,62.1,43.9,39.8,0.000,0.000,0.00,0.000,2.0,2.9,0.4,296,16,2.1,3.4,0.5,303,17,2.0,2.9,0.4,296,16,181,30.00,,,,,,,,,,
WHIT,2015-10-05 17:25:00 EDT,43.48507,-73.42307,120,62.1,61.9,62.1,44.7,40.3,0.000,0.000,0.00,0.000,2.6,3.5,0.6,275,8,2.9,4.0,0.6,282,10,2.6,3.5,0.6,275,8,165,30.00,,,,,,,,,,
WHIT,2015-10-05 17:30:00 EDT,43.48507,-73.42307,120,61.7,61.7,61.7,46.5,40.9,0.000,0.000,0.00,0.000,1.5,2.2,0.3,261,9,1.9,2.7,0.4,267,10,1.5,2.2,0.3,261,9,151,30.00,,,,,,,,,,
WHIT,2015-10-05 17:35:00 EDT,43.48507,-73.42307,120,61.4,61.3,61.4,48.9,42.0,0.000,0.000,0.00,0.000,1.6,2.4,0.4,266,8,1.9,2.9,0.4,272,12,1.6,2.4,0.4,266,8,140,30.00,,,,,,,,,,
WHIT,2015-10-05 17:40:00 EDT,43.48507,-73.42307,120,60.5,60.6,60.5,51.1,42.3,0.000,0.000,0.00,0.000,1.6,2.5,0.4,259,6,1.9,3.1,0.5,266,8,1.6,2.5,0.4,259,6,102,30.00,,,,,,,,,,
WHIT,2015-10-05 17:45:00 EDT,43.48507,-73.42307,120,59.3,59.4,59.3,53.7,42.5,0.000,0.000,0.00,0.000,2.1,2.8,0.2,254,4,2.5,3.6,0.3,264,6,2.1,2.8,0.2,254,4,90,30.00,,,,,,,,,,
WHIT,2015-10-05 17:50:00 EDT,43.48507,-73.42307,120,58.7,58.6,58.7,58.2,44.1,0.000,0.000,0.00,0.000,1.6,2.0,0.2,275,6,1.9,2.7,0.3,284,9,1.6,2.0,0.2,275,6,107,29.99,,,,,,,,,,
WHIT,2015-10-05 17:55:00 EDT,43.48507,-73.42307,120,57.8,58.0,57.8,62.3,45.0,0.000,0.000,0.00,0.000,1.3,1.8,0.2,285,6,1.5,2.2,0.2,295,10,1.3,1.8,0.2,285,6,52,29.99,,,,,,,,,,
WHIT,2015-10-05 18:00:00 EDT,43.48507,-73.42307,120,56.7,57.6,56.7,66.7,45.8,0.000,0.000,0.00,0.000,1.1,1.5,0.2,296,7,1.3,2.0,0.2,301,7,1.1,1.5,0.2,296,7,26,29.99,,,,,,,,,,
WHIT,2015-10-05 18:05:00 EDT,43.48507,-73.42307,120,56.2,56.9,56.2,69.8,46.5,0.000,0.000,0.00,0.000,1.6,2.8,0.5,282,9,1.8,3.6,0.6,290,12,1.6,2.8,0.5,282,9,24,29.99,,,,,,,,,,
WHIT,2015-10-05 18:10:00 EDT,43.48507,-73.42307,120,55.7,56.3,55.7,70.4,46.2,0.000,0.000,0.00,0.000,1.2,2.6,0.8,297,15,1.6,2.9,0.7,315,31,1.2,2.6,0.8,297,15,18,29.99,,,,,,,,,,
WHIT,2015-10-05 18:15:00 EDT,43.48507,-73.42307,120,55.1,56.1,55.1,71.9,46.2,0.000,0.000,0.00,0.000,0.4,1.4,0.4,333,26,1.0,2.0,0.4,352,26,0.4,1.4,0.4,333,26,13,30.00,,,,,,,,,,
WHIT,2015-10-05 18:20:00 EDT,43.48507,-73.42307,120,55.0,56.1,55.0,71.7,46.0,0.000,0.000,0.00,0.000,0.1,0.1,0.0,316,0,0.5,1.8,0.3,218,60,0.1,0.1,0.0,316,0,9,30.00,,,,,,,,,,
WHIT,2015-10-05 18:25:00 EDT,43.48507,-73.42307,120,54.1,55.9,54.1,72.5,45.5,0.000,0.000,0.00,0.000,0.1,0.4,0.0,315,0,0.5,1.6,0.3,301,54,0.1,0.4,0.0,315,0,7,30.00,,,,,,,,,,
WHIT,2015-10-05 18:30:00 EDT,43.48507,-73.42307,120,54.5,55.6,54.5,75.7,47.0,0.000,0.000,0.00,0.000,1.1,2.1,0.6,330,14,1.7,2.7,0.5,339,15,1.1,2.1,0.6,330,14,5,30.00,,,,,,,,,,
WHIT,2015-10-05 18:35:00 EDT,43.48507,-73.42307,120,54.9,55.4,54.9,74.5,47.0,0.000,0.000,0.00,0.000,2.1,3.0,0.4,320,12,2.4,3.4,0.4,327,13,2.1,3.0,0.4,320,12,3,30.00,,,,,,,,,,
WHIT,2015-10-05 18:40:00 EDT,43.48507,-73.42307,120,55.1,55.3,55.1,71.8,46.1,0.000,0.000,0.00,0.000,1.6,3.2,0.6,297,17,1.7,3.8,0.5,306,15,1.6,3.2,0.6,297,17,2,30.00,,,,,,,,,,
WHIT,2015-10-05 18:45:00 EDT,43.48507,-73.42307,120,54.6,55.1,54.6,73.0,46.1,0.000,0.000,0.00,0.000,1.1,1.6,0.3,290,9,1.3,2.0,0.3,302,12,1.1,1.6,0.3,290,9,1,30.00,,,,,,,,,,
WHIT,2015-10-05 18:50:00 EDT,43.48507,-73.42307,120,51.9,54.3,51.9,77.4,45.1,0.000,0.000,0.00,0.000,0.6,1.5,0.4,172,27,1.2,2.2,0.4,172,36,0.6,1.5,0.4,172,27,0,30.00,,,,,,,,,,
WHIT,2015-10-05 18:55:00 EDT,43.48507,-73.42307,120,51.0,54.2,51.0,81.2,45.4,0.000,0.000,0.00,0.000,0.0,0.6,0.1,162,0,0.6,1.3,0.3,145,42,0.0,0.6,0.1,162,0,0,30.00,,,,,,,,,,
WHIT,2015-10-05 19:00:00 EDT,43.48507,-73.42307,120,51.3,52.9,51.3,83.2,46.4,0.000,0.000,0.00,0.000,0.0,0.0,0.0,0,0,0.8,1.3,0.2,127,9,0.0,0.0,0.0,0,0,0,30.00,,,,,,,,,,
WHIT,2015-10-05 19:05:00 EDT,43.48507,-73.42307,120,51.5,52.8,51.5,82.7,46.4,0.000,0.000,0.00,0.000,0.0,0.0,0.0,0,0,0.3,1.6,0.3,128,54,0.0,0.0,0.0,0,0,0,30.00,,,,,,,,,,
WHIT,2015-10-05 19:10:00 EDT,43.48507,-73.42307,120,50.7,52.7,50.7,83.5,45.9,0.000,0.000,0.00,0.000,0.0,0.0,0.0,0,0,0.7,1.3,0.3,357,19,0.0,0.0,0.0,0,0,0,30.00,,,,,,,,,,
WHIT,2015-10-05 19:15:00 EDT,43.48507,-73.42307,120,50.1,52.6,50.1,84.5,45.6,0.000,0.000,0.00,0.000,0.0,0.1,0.0,162,0,0.8,1.1,0.1,339,13,0.0,0.1,0.0,162,0,0,30.00,,,,,,,,,,
WHIT,2015-10-05 19:20:00 EDT,43.48507,-73.42307,120,49.7,52.3,49.7,86.2,45.7,0.000,0.000,0.00,0.000,0.1,0.6,0.1,347,52,0.6,1.8,0.3,21,33,0.1,0.6,0.1,347,52,0,30.00,,,,,,,,,,
WHIT,2015-10-05 19:25:00 EDT,43.48507,-73.42307,120,49.6,51.9,49.6,86.2,45.7,0.000,0.000,0.00,0.000,0.1,0.1,0.0,353,0,1.0,1.3,0.2,72,10,0.1,0.1,0.0,353,0,0,30.00,,,,,,,,,,
WHIT,2015-10-05 19:30:00 EDT,43.48507,-73.42307,120,48.8,51.2,48.8,87.1,45.2,0.000,0.000,0.00,0.000,0.1,0.1,0.0,352,0,0.7,1.1,0.2,162,25,0.1,0.1,0.0,352,0,0,30.00,,,,,,,,,,
WHIT,2015-10-05 19:35:00 EDT,43.48507,-73.42307,120,49.7,51.1,49.7,89.0,46.6,0.000,0.000,0.00,0.000,0.1,0.1,0.0,352,0,0.8,1.1,0.1,184,18,0.1,0.1,0.0,352,0,0,30.00,,,,,,,,,,
WHIT,2015-10-05 19:40:00 EDT,43.48507,-73.42307,120,49.3,51.3,49.3,88.8,46.1,0.000,0.000,0.00,0.000,0.1,0.1,0.0,352,0,0.6,1.1,0.3,161,16,0.1,0.1,0.0,352,0,0,30.00,,,,,,,,,,
WHIT,2015-10-05 19:45:00 EDT,43.48507,-73.42307,120,49.6,51.2,49.6,88.9,46.4,0.000,0.000,0.00,0.000,0.1,0.1,0.0,352,0,0.3,1.8,0.3,5,64,0.1,0.1,0.0,352,0,0,30.00,,,,,,,,,,
WHIT,2015-10-05 19:50:00 EDT,43.48507,-73.42307,120,49.7,51.0,49.7,90.1,46.9,0.000,0.000,0.00,0.000,0.1,0.1,0.0,352,0,0.4,1.1,0.2,234,45,0.1,0.1,0.0,352,0,0,30.00,,,,,,,,,,
WHIT,2015-10-05 19:55:00 EDT,43.48507,-73.42307,120,49.6,50.9,49.6,89.7,46.7,0.000,0.000,0.00,0.000,0.1,0.1,0.0,352,0,0.5,0.9,0.2,110,21,0.1,0.1,0.0,352,0,0,30.00,,,,,,,,,,
WHIT,2015-10-05 20:00:00 EDT,43.48507,-73.42307,120,49.8,51.0,49.8,90.4,47.1,0.000,0.000,0.00,0.000,0.1,0.1,0.0,352,0,0.6,0.9,0.1,74,7,0.1,0.1,0.0,352,0,0,30.00,,,,,,,,,,
WHIT,2015-10-05 20:05:00 EDT,43.48507,-73.42307,120,49.9,51.0,49.9,89.9,47.1,0.000,0.000,0.00,0.000,0.1,0.1,0.0,352,0,0.4,0.9,0.2,109,29,0.1,0.1,0.0,352,0,0,30.00,,,,,,,,,,
WHIT,2015-10-05 20:10:00 EDT,43.48507,-73.42307,120,50.2,51.2,50.2,89.6,47.2,0.000,0.000,0.00,0.000,0.1,0.1,0.0,352,0,0.5,1.1,0.2,184,19,0.1,0.1,0.0,352,0,0,30.00,,,,,,,,,,
WHIT,2015-10-05 20:15:00 EDT,43.48507,-73.42307,120,50.0,51.2,50.0,90.2,47.3,0.000,0.000,0.00,0.000,0.1,0.1,0.0,352,0,0.6,0.9,0.1,215,23,0.1,0.1,0.0,352,0,0,30.00,,,,,,,,,,
WHIT,2015-10-05 20:20:00 EDT,43.48507,-73.42307,120,50.4,51.1,50.4,89.6,47.5,0.000,0.000,0.00,0.000,0.1,0.1,0.0,352,0,0.9,1.1,0.1,292,20,0.1,0.1,0.0,352,0,0,30.00,,,,,,,,,,
WHIT,2015-10-05 20:25:00 EDT,43.48507,-73.42307,120,49.9,51.0,49.9,89.2,46.8,0.000,0.000,0.00,0.000,0.1,0.1,0.0,352,0,0.6,1.1,0.2,47,58,0.1,0.1,0.0,352,0,0,30.00,,,,,,,,,,
WHIT,2015-10-05 20:30:00 EDT,43.48507,-73.42307,120,48.9,50.8,48.9,89.5,45.9,0.000,0.000,0.00,0.000,0.1,0.1,0.0,352,0,0.4,0.9,0.2,356,36,0.1,0.1,0.0,352,0,0,30.00,,,,,,,,,,
WHIT,2015-10-05 20:35:00 EDT,43.48507,-73.42307,120,48.9,50.3,48.9,91.3,46.5,0.000,0.000,0.00,0.000,0.1,0.1,0.0,352,0,1.0,1.6,0.2,328,9,0.1,0.1,0.0,352,0,0,30.00,,,,,,,,,,
WHIT,2015-10-05 20:40:00 EDT,43.48507,-73.42307,120,47.9,50.1,47.9,91.5,45.6,0.000,0.000,0.00,0.000,1.1,1.4,0.2,352,0,1.6,2.2,0.3,345,7,1.1,1.4,0.2,352,0,0,30.00,,,,,,,,,,
WHIT,2015-10-05 20:45:00 EDT,43.48507,-73.42307,120,47.6,49.6,47.6,92.7,45.6,0.000,0.000,0.00,0.000,0.1,0.5,0.1,352,0,0.7,1.1,0.2,32,32,0.1,0.5,0.1,352,0,0,30.00,,,,,,,,,,
WHIT,2015-10-05 20:50:00 EDT,43.48507,-73.42307,120,47.7,49.4,47.7,93.6,45.9,0.000,0.000,0.00,0.000,0.1,0.1,0.0,352,0,0.4,1.1,0.2,45,47,0.1,0.1,0.0,352,0,0,30.00,,,,,,,,,,
WHIT,2015-10-05 20:55:00 EDT,43.48507,-73.42307,120,47.1,48.9,47.1,93.1,45.2,0.000,0.000,0.00,0.000,0.1,0.1,0.0,352,0,0.4,0.9,0.2,60,34,0.1,0.1,0.0,352,0,0,30.00,,,,,,,,,,
WHIT,2015-10-05 21:00:00 EDT,43.48507,-73.42307,120,47.2,48.9,47.2,94.4,45.6,0.000,0.000,0.00,0.000,0.1,0.1,0.0,352,0,0.4,0.7,0.1,282,27,0.1,0.1,0.0,352,0,0,30.00,,,,,,,,,,
WHIT,2015-10-05 21:05:00 EDT,43.48507,-73.42307,120,47.2,49.1,47.2,95.5,45.9,0.000,0.000,0.00,0.000,0.1,0.1,0.0,352,0,0.4,0.7,0.1,211,27,0.1,0.1,0.0,352,0,0,30.00,,,,,,,,,,
WHIT,2015-10-05 21:10:00 EDT,43.48507,-73.42307,120,46.5,48.6,46.5,95.4,45.2,0.000,0.000,0.00,0.000,0.1,0.1,0.0,352,0,0.3,0.7,0.1,175,32,0.1,0.1,0.0,352,0,0,30.00,,,,,,,,,,
WHIT,2015-10-05 21:15:00 EDT,43.48507,-73.42307,120,46.7,48.4,46.7,95.3,45.5,0.000,0.000,0.00,0.000,0.1,0.1,0.0,352,0,0.5,0.9,0.2,249,18,0.1,0.1,0.0,352,0,0,30.00,,,,,,,,,,
WHIT,2015-10-05 21:20:00 EDT,43.48507,-73.42307,120,46.4,48.2,46.4,95.3,45.2,0.000,0.000,0.00,0.000,0.1,0.7,0.2,352,0,0.7,1.6,0.3,310,21,0.1,0.7,0.2,352,0,0,30.00,,,,,,,,,,
WHIT,2015-10-05 21:25:00 EDT,43.48507,-73.42307,120,45.2,47.6,45.2,94.2,43.6,0.000,0.000,0.00,0.000,0.2,0.7,0.2,352,0,0.9,1.3,0.2,338,12,0.2,0.7,0.2,352,0,0,30.00,,,,,,,,,,
WHIT,2015-10-05 21:30:00 EDT,43.48507,-73.42307,120,45.5,47.4,45.5,95.4,44.3,0.000,0.000,0.00,0.000,0.2,0.9,0.2,352,0,1.1,1.6,0.2,338,9,0.2,0.9,0.2,352,0,0,30.00,,,,,,,,,,
WHIT,2015-10-05 21:35:00 EDT,43.48507,-73.42307,120,45.5,47.7,45.5,96.1,44.5,0.000,0.000,0.00,0.000,0.9,1.5,0.2,329,13,1.3,2.2,0.3,329,8,0.9,1.5,0.2,329,13,0,30.00,,,,,,,,,,
WHIT,2015-10-05 21:40:00 EDT,43.48507,-73.42307,120,44.8,47.3,44.8,96.1,43.8,0.000,0.000,0.00,0.000,0.4,1.0,0.3,331,6,0.9,1.8,0.4,357,26,0.4,1.0,0.3,331,6,0,30.00,,,,,,,,,,
WHIT,2015-10-05 21:45:00 EDT,43.48507,-73.42307,120,45.0,46.8,45.0,96.3,44.0,0.000,0.000,0.00,0.000,0.1,0.1,0.0,338,0,0.8,1.3,0.3,91,13,0.1,0.1,0.0,338,0,0,30.00,,,,,,,,,,
WHIT,2015-10-05 21:50:00 EDT,43.48507,-73.42307,120,44.5,46.7,44.5,95.9,43.4,0.000,0.000,0.00,0.000,0.1,0.1,0.0,338,0,0.4,0.9,0.2,53,32,0.1,0.1,0.0,338,0,0,30.00,,,,,,,,,,
WHIT,2015-10-05 21:55:00 EDT,43.48507,-73.42307,120,44.6,46.3,44.6,95.7,43.4,0.000,0.000,0.00,0.000,0.1,0.1,0.0,338,0,0.4,2.0,0.2,48,33,0.1,0.1,0.0,338,0,0,30.00,,,,,,,,,,
WHIT,2015-10-05 22:00:00 EDT,43.48507,-73.42307,120,45.4,46.4,45.4,97.1,44.6,0.000,0.000,0.00,0.000,0.1,0.1,0.0,338,0,0.3,0.7,0.1,130,54,0.1,0.1,0.0,338,0,0,30.00,,,,,,,,,,
WHIT,2015-10-05 22:05:00 EDT,43.48507,-73.42307,120,45.7,46.6,45.7,97.3,45.0,0.000,0.000,0.00,0.000,0.1,0.1,0.0,338,0,0.3,1.3,0.2,242,55,0.1,0.1,0.0,338,0,0,30.00,,,,,,,,,,
WHIT,2015-10-05 22:10:00 EDT,43.48507,-73.42307,120,46.1,46.8,46.1,97.4,45.4,0.000,0.000,0.00,0.000,0.1,0.1,0.0,337,0,0.5,0.9,0.3,299,29,0.1,0.1,0.0,337,0,0,30.00,,,,,,,,,,
WHIT,2015-10-05 22:15:00 EDT,43.48507,-73.42307,120,45.5,46.6,45.5,97.3,44.7,0.000,0.000,0.00,0.000,0.1,0.1,0.0,337,0,0.3,1.8,0.2,331,61,0.1,0.1,0.0,337,0,0,30.00,,,,,,,,,,
WHIT,2015-10-05 22:20:00 EDT,43.48507,-73.42307,120,45.7,46.7,45.7,97.2,44.9,0.000,0.000,0.00,0.000,0.1,0.1,0.0,337,0,0.3,0.7,0.1,341,45,0.1,0.1,0.0,337,0,0,30.00,,,,,,,,,,
WHIT,2015-10-05 22:25:00 EDT,43.48507,-73.42307,120,45.7,46.6,45.7,97.2,45.0,0.000,0.000,0.00,0.000,0.1,0.1,0.0,338,0,0.4,0.9,0.2,94,47,0.1,0.1,0.0,338,0,0,30.00,,,,,,,,,,
WHIT,2015-10-05 22:30:00 EDT,43.48507,-73.42307,120,45.7,46.5,45.7,97.0,44.9,0.000,0.000,0.00,0.000,0.4,0.9,0.3,338,0,1.1,1.6,0.2,170,18,0.4,0.9,0.3,338,0,0,30.00,,,,,,,,,,
WHIT,2015-10-05 22:35:00 EDT,43.48507,-73.42307,120,46.2,46.7,46.2,97.1,45.4,0.000,0.000,0.00,0.000,0.1,0.5,0.1,337,0,1.2,1.8,0.2,227,21,0.1,0.5,0.1,337,0,0,30.00,,,,,,,,,,
WHIT,2015-10-05 22:40:00 EDT,43.48507,-73.42307,120,46.3,46.9,46.3,96.6,45.4,0.000,0.000,0.00,0.000,0.1,0.1,0.0,337,0,1.6,2.0,0.2,256,8,0.1,0.1,0.0,337,0,0,30.00,,,,,,,,,,
WHIT,2015-10-05 22:45:00 EDT,43.48507,-73.42307,120,46.4,47.1,46.4,96.3,45.4,0.000,0.000,0.00,0.000,0.1,0.1,0.0,337,0,1.2,2.0,0.4,257,16,0.1,0.1,0.0,337,0,0,30.00,,,,,,,,,,
WHIT,2015-10-05 22:50:00 EDT,43.48507,-73.42307,120,45.2,46.6,45.2,95.2,43.9,0.000,0.000,0.00,0.000,0.2,1.1,0.3,59,52,0.8,1.8,0.4,96,38,0.2,1.1,0.3,59,52,0,30.00,,,,,,,,,,
WHIT,2015-10-05 22:55:00 EDT,43.48507,-73.42307,120,44.7,46.4,44.7,95.7,43.6,0.000,0.000,0.00,0.000,0.9,1.3,0.3,104,0,1.4,1.8,0.2,99,10,0.9,1.3,0.3,104,0,0,30.00,,,,,,,,,,
WHIT,2015-10-05 23:00:00 EDT,43.48507,-73.42307,120,44.4,46.2,44.4,95.5,43.2,0.000,0.000,0.00,0.000,0.2,0.9,0.3,104,0,0.7,1.6,0.4,73,30,0.2,0.9,0.3,104,0,0,30.00,,,,,,,,,,
WHIT,2015-10-05 23:05:00 EDT,43.48507,-73.42307,120,44.9,46.1,44.9,96.3,43.9,0.000,0.000,0.00,0.000,0.0,0.1,0.0,104,0,0.4,0.9,0.2,279,43,0.0,0.1,0.0,104,0,0,30.00,,,,,,,,,,
WHIT,2015-10-05 23:10:00 EDT,43.48507,-73.42307,120,45.2,46.1,45.2,97.2,44.5,0.000,0.000,0.00,0.000,0.0,0.0,0.0,0,0,0.4,1.3,0.3,275,36,0.0,0.0,0.0,0,0,0,30.00,,,,,,,,,,
WHIT,2015-10-05 23:15:00 EDT,43.48507,-73.42307,120,44.9,46.2,44.9,97.3,44.1,0.000,0.000,0.00,0.000,0.0,0.0,0.0,0,0,0.7,0.9,0.2,315,11,0.0,0.0,0.0,0,0,0,30.00,,,,,,,,,,
WHIT,2015-10-05 23:20:00 EDT,43.48507,-73.42307,120,45.0,46.1,45.0,97.2,44.3,0.000,0.000,0.00,0.000,0.0,0.0,0.0,0,0,0.4,1.1,0.2,51,58,0.0,0.0,0.0,0,0,0,30.00,,,,,,,,,,
WHIT,2015-10-05 23:25:00 EDT,43.48507,-73.42307,120,45.0,45.8,45.0,97.4,44.3,0.000,0.000,0.00,0.000,0.7,1.2,0.4,104,0,1.2,1.8,0.3,95,6,0.7,1.2,0.4,104,0,0,29.99,,,,,,,,,,
WHIT,2015-10-05 23:30:00 EDT,43.48507,-73.42307,120,44.7,45.8,44.7,97.0,43.9,0.000,0.000,0.00,0.000,0.3,1.2,0.4,104,0,0.8,1.6,0.4,117,20,0.3,1.2,0.4,104,0,0,29.99,,,,,,,,,,
WHIT,2015-10-05 23:35:00 EDT,43.48507,-73.42307,120,45.0,45.6,45.0,97.2,44.3,0.000,0.000,0.00,0.000,0.0,0.0,0.0,0,0,0.4,1.3,0.2,232,65,0.0,0.0,0.0,0,0,0,29.99,,,,,,,,,,
WHIT,2015-10-05 23:40:00 EDT,43.48507,-73.42307,120,45.2,46.0,45.2,97.3,44.5,0.000,0.000,0.00,0.000,0.1,0.6,0.2,104,0,0.7,1.1,0.2,305,11,0.1,0.6,0.2,104,0,0,29.99,,,,,,,,,,
WHIT,2015-10-05 23:45:00 EDT,43.48507,-73.42307,120,45.5,46.2,45.5,97.7,44.8,0.000,0.000,0.00,0.000,0.3,0.9,0.3,104,0,0.9,1.3,0.3,297,7,0.3,0.9,0.3,104,0,0,29.99,,,,,,,,,,
WHIT,2015-10-05 23:50:00 EDT,43.48507,-73.42307,120,45.4,46.1,45.4,97.5,44.7,0.000,0.000,0.00,0.000,0.0,0.0,0.0,0,0,0.5,1.6,0.2,330,31,0.0,0.0,0.0,0,0,0,29.99,,,,,,,,,,
WHIT,2015-10-05 23:55:00 EDT,43.48507,-73.42307,120,45.3,46.1,45.3,97.5,44.7,0.000,0.000,0.00,0.000,0.0,0.0,0.0,0,0,0.4,1.1,0.2,73,37,0.0,0.0,0.0,0,0,0,29.99,,,,,,,,,,
