station,time,latitude [degrees_north],longitude [degrees_east],elevation [feet],temp_2m [degF],temp_9m [degF],apparent_temperature [degF],relative_humidity [percent],dewpoint [degF],precip_incremental [inch],precip_local [inch],precip_max_intensity [inch/hour],precip_1hr [inch],avg_wind_speed_prop [mile/hr],max_wind_speed_prop [mile/hr],wind_speed_stddev_prop [mile/hr],wind_direction_prop [degrees],wind_direction_stddev_prop [degrees],avg_wind_speed_sonic [mile/hr],max_wind_speed_sonic [mile/hr],wind_speed_stddev_sonic [mile/hr],wind_direction_sonic [degrees],wind_direction_stddev_sonic [degrees],avg_wind_speed_merge [mile/hr],max_wind_speed_merge [mile/hr],wind_speed_stddev_merge [mile/hr],wind_direction_merge [degrees],wind_direction_stddev_merge [degrees],solar_insolation [W/m^2],station_pressure [inHg],snow_depth,frozen_soil_05cm [bit],frozen_soil_25cm [bit],frozen_soil_50cm [bit],soil_temp_05cm [degF],soil_temp_25cm [degF],soil_temp_50cm [degF],soil_moisture_05cm [m^3/m^3],soil_moisture_25cm [m^3/m^3],soil_moisture_50cm [m^3/m^3]
BELD,2015-12-01 00:00:00 EST,42.22322,-75.66852,1543,33.5,33.4,28.6,83.2,29.0,,,,,5.3,9.4,1.3,146,16,6.3,10.7,1.6,151,15,5.3,9.4,1.3,146,16,0,28.61,,,,,,,,,,
BELD,2015-12-01 00:05:00 EST,42.22322,-75.66852,1543,33.5,33.4,27.9,83.8,29.2,,,,,6.2,10.9,1.7,145,13,7.1,11.4,1.7,148,12,6.2,10.9,1.7,145,13,0,28.61,,,,,,,,,,
BELD,2015-12-01 00:10:00 EST,42.22322,-75.66852,1543,33.5,33.4,27.9,84.4,29.3,,,,,6.1,10.2,1.5,143,14,7.2,12.3,1.5,145,14,6.1,10.2,1.5,143,14,0,28.61,,,,,,,,,,
BELD,2015-12-01 00:15:00 EST,42.22322,-75.66852,1543,33.6,33.5,27.4,84.2,29.3,,,,,6.9,11.3,1.5,137,10,7.8,12.1,1.6,140,11,6.9,11.3,1.5,137,10,0,28.61,,,,,,,,,,
BELD,2015-12-01 00:20:00 EST,42.22322,-75.66852,1543,33.6,33.5,27.1,83.6,29.2,,,,,7.6,10.4,1.5,137,8,8.7,12.3,1.8,138,8,7.6,10.4,1.5,137,8,0,28.61,,,,,,,,,,
BELD,2015-12-01 00:25:00 EST,42.22322,-75.66852,1543,33.6,33.5,27.4,84.3,29.4,,,,,7.1,10.7,1.8,143,13,8.2,11.4,1.7,146,10,7.1,10.7,1.8,143,13,0,28.61,,,,,,,,,,
BELD,2015-12-01 00:30:00 EST,42.22322,-75.66852,1543,33.7,33.6,27.6,84.3,29.5,,,,,6.9,10.1,1.6,146,14,8.0,11.4,1.6,150,13,6.9,10.1,1.6,146,14,0,28.61,,,,,,,,,,
BELD,2015-12-01 00:35:00 EST,42.22322,-75.66852,1543,33.8,33.7,28.4,84.1,29.5,,,,,5.9,9.6,1.4,146,12,6.8,11.6,1.6,150,13,5.9,9.6,1.4,146,12,0,28.61,,,,,,,,,,
BELD,2015-12-01 00:40:00 EST,42.22322,-75.66852,1543,33.8,33.7,28.2,83.8,29.4,,,,,6.2,9.6,1.6,143,14,7.3,11.6,1.8,146,15,6.2,9.6,1.6,143,14,0,28.60,,,,,,,,,,
BELD,2015-12-01 00:45:00 EST,42.22322,-75.66852,1543,33.8,33.6,27.7,83.6,29.3,,,,,6.9,10.2,1.6,135,11,8.0,11.9,1.7,137,12,6.9,10.2,1.6,135,11,0,28.59,,,,,,,,,,
BELD,2015-12-01 00:50:00 EST,42.22322,-75.66852,1543,33.7,33.6,28.6,84.1,29.4,,,,,5.6,8.8,1.5,133,15,6.6,11.4,1.6,135,16,5.6,8.8,1.5,133,15,0,28.59,,,,,,,,,,
BELD,2015-12-01 00:55:00 EST,42.22322,-75.66852,1543,33.7,33.5,27.3,84.9,29.6,,,,,7.4,11.6,1.6,137,10,8.5,13.6,1.9,138,9,7.4,11.6,1.6,137,10,0,28.59,,,,,,,,,,
BELD,2015-12-01 01:00:00 EST,42.22322,-75.66852,1543,33.5,33.4,27.9,86.2,29.8,,,,,6.2,9.4,1.3,137,10,7.2,10.5,1.4,139,10,6.2,9.4,1.3,137,10,0,28.59,,,,,,,,,,
BELD,2015-12-01 01:05:00 EST,42.22322,-75.66852,1543,33.4,33.3,28.8,87.9,30.2,,,,,5.0,7.7,1.3,132,11,5.8,8.3,1.3,133,10,5.0,7.7,1.3,132,11,0,28.59,,,,,,,,,,
BELD,2015-12-01 01:10:00 EST,42.22322,-75.66852,1543,33.3,33.1,28.7,89.4,30.5,,,,,4.8,7.7,1.2,141,10,5.7,8.5,1.3,142,11,4.8,7.7,1.2,141,10,0,28.59,,,,,,,,,,
BELD,2015-12-01 01:15:00 EST,42.22322,-75.66852,1543,33.1,33.0,28.6,91.3,30.9,,,,,4.8,7.5,1.4,137,11,5.7,8.9,1.6,138,12,4.8,7.5,1.4,137,11,0,28.59,,,,,,,,,,
BELD,2015-12-01 01:20:00 EST,42.22322,-75.66852,1543,33.0,32.8,28.2,92.8,31.1,,,,,5.0,7.2,0.8,132,10,6.0,8.5,1.1,134,10,5.0,7.2,0.8,132,10,0,28.59,,,,,,,,,,
BELD,2015-12-01 01:25:00 EST,42.22322,-75.66852,1543,32.9,32.7,28.7,94.0,31.4,,,,,4.4,6.4,0.8,129,10,5.3,7.6,1.0,131,10,4.4,6.4,0.8,129,10,0,28.59,,,,,,,,,,
BELD,2015-12-01 01:30:00 EST,42.22322,-75.66852,1543,32.8,32.6,28.6,95.0,31.5,,,,,4.4,6.6,1.0,121,8,5.1,7.4,1.1,124,8,4.4,6.6,1.0,121,8,0,28.59,,,,,,,,,,
BELD,2015-12-01 01:35:00 EST,42.22322,-75.66852,1543,32.8,32.6,28.6,95.7,31.7,,,,,4.4,8.0,1.1,128,10,5.1,8.9,1.3,130,9,4.4,8.0,1.1,128,10,0,28.59,,,,,,,,,,
BELD,2015-12-01 01:40:00 EST,42.22322,-75.66852,1543,32.7,32.6,28.3,96.0,31.7,,,,,4.6,7.1,0.8,120,10,5.3,8.7,1.0,122,10,4.6,7.1,0.8,120,10,0,28.58,,,,,,,,,,
BELD,2015-12-01 01:45:00 EST,42.22322,-75.66852,1543,32.7,32.5,29.0,96.4,31.8,,,,,3.9,5.5,0.7,117,6,4.4,6.3,0.8,120,7,3.9,5.5,0.7,117,6,0,28.58,,,,,,,,,,
BELD,2015-12-01 01:50:00 EST,42.22322,-75.66852,1543,32.7,32.6,28.2,96.6,31.9,,,,,4.7,6.9,0.8,115,13,5.4,8.3,0.9,117,12,4.7,6.9,0.8,115,13,0,28.58,,,,,,,,,,
BELD,2015-12-01 01:55:00 EST,42.22322,-75.66852,1543,32.7,32.6,29.6,96.6,31.9,,,,,3.4,5.3,0.7,115,13,4.0,5.6,0.8,117,13,3.4,5.3,0.7,115,13,0,28.58,,,,,,,,,,
BELD,2015-12-01 02:00:00 EST,42.22322,-75.66852,1543,32.8,32.6,32.8,96.8,32.0,,,,,2.7,4.1,0.7,105,10,3.3,4.9,0.7,108,12,2.7,4.1,0.7,105,10,0,28.58,,,,,,,,,,
BELD,2015-12-01 02:05:00 EST,42.22322,-75.66852,1543,32.8,32.7,32.8,96.9,32.0,,,,,3.0,4.2,0.7,115,11,3.5,5.1,0.8,118,12,3.0,4.2,0.7,115,11,0,28.58,,,,,,,,,,
BELD,2015-12-01 02:10:00 EST,42.22322,-75.66852,1543,32.9,32.7,32.9,97.0,32.1,,,,,2.5,4.2,0.7,114,12,3.0,5.1,0.8,116,13,2.5,4.2,0.7,114,12,0,28.58,,,,,,,,,,
BELD,2015-12-01 02:15:00 EST,42.22322,-75.66852,1543,32.9,32.7,32.9,97.1,32.2,,,,,2.0,3.5,0.6,109,12,2.5,4.0,0.6,113,14,2.0,3.5,0.6,109,12,0,28.58,,,,,,,,,,
BELD,2015-12-01 02:20:00 EST,42.22322,-75.66852,1543,33.0,32.8,33.0,97.2,32.3,,,,,2.9,5.1,0.8,119,13,3.6,6.7,1.0,121,14,2.9,5.1,0.8,119,13,0,28.58,,,,,,,,,,
BELD,2015-12-01 02:25:00 EST,42.22322,-75.66852,1543,33.1,32.9,29.8,97.3,32.4,,,,,3.6,5.6,0.7,123,8,4.1,6.0,0.9,125,7,3.6,5.6,0.7,123,8,0,28.58,,,,,,,,,,
BELD,2015-12-01 02:30:00 EST,42.22322,-75.66852,1543,33.1,33.0,29.7,97.4,32.5,,,,,3.7,5.8,0.8,128,13,4.3,6.7,1.0,130,12,3.7,5.8,0.8,128,13,0,28.57,,,,,,,,,,
BELD,2015-12-01 02:35:00 EST,42.22322,-75.66852,1543,33.2,33.1,33.2,97.4,32.5,,,,,2.9,5.0,0.9,117,15,3.5,5.4,1.0,120,15,2.9,5.0,0.9,117,15,0,28.57,,,,,,,,,,
BELD,2015-12-01 02:40:00 EST,42.22322,-75.66852,1543,33.2,33.1,30.2,97.5,32.5,,,,,3.4,5.3,0.9,113,11,4.0,6.0,1.0,116,11,3.4,5.3,0.9,113,11,0,28.57,,,,,,,,,,
BELD,2015-12-01 02:45:00 EST,42.22322,-75.66852,1543,33.3,33.2,30.2,97.6,32.7,,,,,3.4,6.1,0.8,116,15,4.1,6.7,1.0,118,15,3.4,6.1,0.8,116,15,0,28.57,,,,,,,,,,
BELD,2015-12-01 02:50:00 EST,42.22322,-75.66852,1543,33.4,33.3,29.6,97.7,32.8,,,,,4.0,6.0,0.9,111,11,4.7,7.2,1.0,113,11,4.0,6.0,0.9,111,11,0,28.57,,,,,,,,,,
BELD,2015-12-01 02:55:00 EST,42.22322,-75.66852,1543,33.5,33.4,28.9,97.7,32.9,,,,,5.0,7.2,1.1,115,11,5.7,8.9,1.2,117,11,5.0,7.2,1.1,115,11,0,28.57,,,,,,,,,,
BELD,2015-12-01 03:00:00 EST,42.22322,-75.66852,1543,33.6,33.5,29.6,97.8,33.0,,,,,4.3,6.2,0.8,113,11,5.0,7.4,0.9,116,11,4.3,6.2,0.8,113,11,0,28.57,,,,,,,,,,
BELD,2015-12-01 03:05:00 EST,42.22322,-75.66852,1543,33.7,33.6,29.6,97.8,33.2,,,,,4.4,6.6,0.8,116,8,5.1,7.6,0.9,119,9,4.4,6.6,0.8,116,8,0,28.56,,,,,,,,,,
BELD,2015-12-01 03:10:00 EST,42.22322,-75.66852,1543,33.8,33.7,29.3,97.8,33.3,,,,,4.9,7.5,1.1,119,9,5.5,8.7,1.2,121,8,4.9,7.5,1.1,119,9,0,28.56,,,,,,,,,,
BELD,2015-12-01 03:15:00 EST,42.22322,-75.66852,1543,34.0,33.9,29.7,97.9,33.4,,,,,4.7,6.9,1.1,129,10,5.5,8.5,1.3,131,10,4.7,6.9,1.1,129,10,0,28.56,,,,,,,,,,
BELD,2015-12-01 03:20:00 EST,42.22322,-75.66852,1543,34.1,34.0,29.4,97.9,33.6,,,,,5.1,7.7,1.0,131,13,5.9,8.5,1.2,133,13,5.1,7.7,1.0,131,13,0,28.57,,,,,,,,,,
BELD,2015-12-01 03:25:00 EST,42.22322,-75.66852,1543,34.2,34.1,28.9,97.8,33.7,,,,,5.9,8.7,1.3,131,12,6.9,10.5,1.5,135,11,5.9,8.7,1.3,131,12,0,28.57,,,,,,,,,,
BELD,2015-12-01 03:30:00 EST,42.22322,-75.66852,1543,34.2,34.1,29.3,97.8,33.7,,,,,5.6,9.2,1.4,126,12,6.5,11.4,1.6,127,13,5.6,9.2,1.4,126,12,0,28.56,,,,,,,,,,
BELD,2015-12-01 03:35:00 EST,42.22322,-75.66852,1543,34.3,34.2,29.2,97.7,33.7,,,,,5.7,8.2,1.2,128,11,6.7,9.8,1.3,130,11,5.7,8.2,1.2,128,11,0,28.56,,,,,,,,,,
BELD,2015-12-01 03:40:00 EST,42.22322,-75.66852,1543,34.3,34.2,29.7,97.7,33.7,,,,,5.2,8.9,1.6,125,12,6.0,10.3,1.6,128,11,5.2,8.9,1.6,125,12,0,28.56,,,,,,,,,,
BELD,2015-12-01 03:45:00 EST,42.22322,-75.66852,1543,34.4,34.3,29.4,97.8,33.8,,,,,5.5,8.1,1.2,126,11,6.4,9.4,1.3,130,10,5.5,8.1,1.2,126,11,0,28.56,,,,,,,,,,
BELD,2015-12-01 03:50:00 EST,42.22322,-75.66852,1543,34.4,34.3,30.3,97.8,33.9,,,,,4.6,6.9,1.1,126,10,5.4,8.1,1.2,129,9,4.6,6.9,1.1,126,10,0,28.56,,,,,,,,,,
BELD,2015-12-01 03:55:00 EST,42.22322,-75.66852,1543,34.5,34.4,29.2,97.8,34.0,,,,,6.0,8.1,1.3,130,11,6.9,9.8,1.5,132,11,6.0,8.1,1.3,130,11,0,28.56,,,,,,,,,,
BELD,2015-12-01 04:00:00 EST,42.22322,-75.66852,1543,34.6,34.4,30.5,97.8,34.0,,,,,4.5,6.7,1.0,120,11,5.3,7.8,1.0,121,11,4.5,6.7,1.0,120,11,0,28.55,,,,,,,,,,
BELD,2015-12-01 04:05:00 EST,42.22322,-75.66852,1543,34.6,34.5,31.0,97.8,34.1,,,,,4.1,6.1,0.7,118,12,4.8,6.7,0.8,120,12,4.1,6.1,0.7,118,12,0,28.55,,,,,,,,,,
BELD,2015-12-01 04:10:00 EST,42.22322,-75.66852,1543,34.7,34.5,30.9,97.9,34.1,,,,,4.3,6.4,0.9,118,10,5.0,7.8,1.1,120,11,4.3,6.4,0.9,118,10,0,28.55,,,,,,,,,,
BELD,2015-12-01 04:15:00 EST,42.22322,-75.66852,1543,34.7,34.6,31.0,97.9,34.2,,,,,4.2,6.6,1.1,118,12,4.8,7.8,1.3,120,12,4.2,6.6,1.1,118,12,0,28.55,,,,,,,,,,
BELD,2015-12-01 04:20:00 EST,42.22322,-75.66852,1543,34.7,34.6,32.0,97.8,34.2,,,,,3.3,5.5,1.1,110,13,3.9,6.9,1.3,113,14,3.3,5.5,1.1,110,13,0,28.55,,,,,,,,,,
BELD,2015-12-01 04:25:00 EST,42.22322,-75.66852,1543,34.8,34.7,31.7,97.8,34.3,,,,,3.7,5.8,0.7,97,10,4.4,6.7,0.8,100,9,3.7,5.8,0.7,97,10,0,28.55,,,,,,,,,,
BELD,2015-12-01 04:30:00 EST,42.22322,-75.66852,1543,34.9,34.8,32.1,97.8,34.3,,,,,3.3,4.6,0.5,99,10,4.1,5.6,0.7,103,10,3.3,4.6,0.5,99,10,0,28.55,,,,,,,,,,
BELD,2015-12-01 04:35:00 EST,42.22322,-75.66852,1543,34.9,34.8,30.8,97.8,34.4,,,,,4.7,6.6,1.0,95,8,5.6,8.5,1.1,98,8,4.7,6.6,1.0,95,8,0,28.54,,,,,,,,,,
BELD,2015-12-01 04:40:00 EST,42.22322,-75.66852,1543,35.0,34.9,30.7,97.8,34.4,,,,,4.9,6.9,0.8,103,8,5.7,8.1,0.9,106,8,4.9,6.9,0.8,103,8,0,28.53,,,,,,,,,,
BELD,2015-12-01 04:45:00 EST,42.22322,-75.66852,1543,35.0,34.9,31.4,97.7,34.4,,,,,4.2,6.3,0.8,108,10,4.9,7.4,1.0,110,10,4.2,6.3,0.8,108,10,0,28.54,,,,,,,,,,
BELD,2015-12-01 04:50:00 EST,42.22322,-75.66852,1543,35.0,34.9,31.0,97.7,34.4,,,,,4.6,6.6,0.9,110,8,5.4,7.8,0.9,112,8,4.6,6.6,0.9,110,8,0,28.54,,,,,,,,,,
BELD,2015-12-01 04:55:00 EST,42.22322,-75.66852,1543,35.0,34.9,31.3,97.7,34.5,,,,,4.3,6.3,0.8,109,7,5.1,7.2,0.8,111,8,4.3,6.3,0.8,109,7,0,28.53,,,,,,,,,,
BELD,2015-12-01 05:00:00 EST,42.22322,-75.66852,1543,35.1,34.9,30.8,97.8,34.5,,,,,4.9,6.5,0.8,107,9,5.7,7.8,1.0,108,8,4.9,6.5,0.8,107,9,0,28.53,,,,,,,,,,
BELD,2015-12-01 05:05:00 EST,42.22322,-75.66852,1543,35.1,35.0,30.4,97.8,34.5,,,,,5.4,7.5,0.9,108,10,6.2,8.5,1.0,110,9,5.4,7.5,0.9,108,10,0,28.53,,,,,,,,,,
BELD,2015-12-01 05:10:00 EST,42.22322,-75.66852,1543,35.1,35.0,29.7,97.8,34.6,,,,,6.3,9.1,1.2,109,9,7.2,10.3,1.3,112,9,6.3,9.1,1.2,109,9,0,28.53,,,,,,,,,,
BELD,2015-12-01 05:15:00 EST,42.22322,-75.66852,1543,35.3,35.1,30.5,97.8,34.7,,,,,5.4,8.8,1.2,118,12,6.4,10.3,1.4,121,13,5.4,8.8,1.2,118,12,0,28.53,,,,,,,,,,
BELD,2015-12-01 05:20:00 EST,42.22322,-75.66852,1543,35.4,35.3,29.2,97.7,34.8,,,,,7.6,12.1,1.7,120,10,8.5,13.2,2.0,121,10,7.6,12.1,1.7,120,10,0,28.53,,,,,,,,,,
BELD,2015-12-01 05:25:00 EST,42.22322,-75.66852,1543,35.5,35.4,29.5,97.4,34.8,,,,,7.4,11.3,1.6,117,8,8.4,13.2,2.0,119,7,7.4,11.3,1.6,117,8,0,28.53,,,,,,,,,,
BELD,2015-12-01 05:30:00 EST,42.22322,-75.66852,1543,35.6,35.4,30.3,97.4,34.9,,,,,6.3,9.2,1.5,121,8,7.4,11.2,1.6,123,9,6.3,9.2,1.5,121,8,0,28.53,,,,,,,,,,
BELD,2015-12-01 05:35:00 EST,42.22322,-75.66852,1543,35.6,35.5,30.4,97.4,34.9,,,,,6.1,8.8,1.1,123,11,7.1,10.3,1.3,125,11,6.1,8.8,1.1,123,11,0,28.53,,,,,,,,,,
BELD,2015-12-01 05:40:00 EST,42.22322,-75.66852,1543,35.7,35.6,29.8,97.5,35.0,,,,,7.2,10.6,1.1,121,8,8.0,11.4,1.3,123,9,7.2,10.6,1.1,121,8,0,28.53,,,,,,,,,,
BELD,2015-12-01 05:45:00 EST,42.22322,-75.66852,1543,35.7,35.6,30.0,97.5,35.1,,,,,7.0,11.7,1.8,121,9,7.8,13.2,1.9,122,9,7.0,11.7,1.8,121,9,0,28.53,,,,,,,,,,
BELD,2015-12-01 05:50:00 EST,42.22322,-75.66852,1543,35.8,35.7,29.8,97.5,35.2,,,,,7.5,11.3,1.5,117,10,8.4,12.8,1.7,119,9,7.5,11.3,1.5,117,10,0,28.52,,,,,,,,,,
BELD,2015-12-01 05:55:00 EST,42.22322,-75.66852,1543,35.9,35.8,29.9,97.5,35.2,,,,,7.4,11.0,1.4,113,10,8.9,14.1,1.7,113,10,7.4,11.0,1.4,113,10,0,28.52,,,,,,,,,,
BELD,2015-12-01 06:00:00 EST,42.22322,-75.66852,1543,35.9,35.8,30.3,97.5,35.3,,,,,6.9,9.1,1.0,122,9,8.2,10.7,1.2,124,9,6.9,9.1,1.0,122,9,0,28.52,,,,,,,,,,
BELD,2015-12-01 06:05:00 EST,42.22322,-75.66852,1543,36.1,36.0,30.7,97.6,35.4,,,,,6.5,9.4,1.3,121,10,7.6,11.0,1.5,122,11,6.5,9.4,1.3,121,10,0,28.52,,,,,,,,,,
BELD,2015-12-01 06:10:00 EST,42.22322,-75.66852,1543,36.2,36.1,30.8,97.5,35.6,,,,,6.6,10.9,1.4,123,11,7.8,11.6,1.6,124,11,6.6,10.9,1.4,123,11,0,28.52,,,,,,,,,,
BELD,2015-12-01 06:15:00 EST,42.22322,-75.66852,1543,36.3,36.2,30.3,97.5,35.7,,,,,7.7,11.3,1.5,126,9,8.9,12.5,1.5,127,9,7.7,11.3,1.5,126,9,0,28.52,,,,,,,,,,
BELD,2015-12-01 06:20:00 EST,42.22322,-75.66852,1543,36.4,36.3,30.7,97.3,35.7,,,,,7.2,10.3,1.3,125,10,8.4,12.1,1.5,126,9,7.2,10.3,1.3,125,10,0,28.52,,,,,,,,,,
BELD,2015-12-01 06:25:00 EST,42.22322,-75.66852,1543,36.5,36.4,30.6,97.2,35.8,,,,,7.5,10.4,1.4,123,11,9.0,12.3,1.6,125,12,7.5,10.4,1.4,123,11,0,28.51,,,,,,,,,,
BELD,2015-12-01 06:30:00 EST,42.22322,-75.66852,1543,36.7,36.6,30.2,97.1,35.9,,,,,8.5,12.8,1.7,122,11,9.9,14.3,1.9,124,12,8.5,12.8,1.7,122,11,0,28.51,,,,,,,,,,
BELD,2015-12-01 06:35:00 EST,42.22322,-75.66852,1543,36.7,36.6,30.4,97.1,36.0,,,,,8.4,11.8,1.6,122,13,9.8,13.9,1.9,123,13,8.4,11.8,1.6,122,13,0,28.51,,,,,,,,,,
BELD,2015-12-01 06:40:00 EST,42.22322,-75.66852,1543,36.9,36.8,30.6,97.0,36.1,,,,,8.5,15.3,2.0,120,11,9.8,15.0,2.2,122,11,8.5,15.3,2.0,120,11,0,28.50,,,,,,,,,,
BELD,2015-12-01 06:45:00 EST,42.22322,-75.66852,1543,37.0,36.9,30.6,96.9,36.2,,,,,8.6,12.7,1.5,123,8,9.8,14.5,1.7,125,8,8.6,12.7,1.5,123,8,0,28.50,,,,,,,,,,
BELD,2015-12-01 06:50:00 EST,42.22322,-75.66852,1543,37.1,37.0,30.8,96.9,36.3,,,,,8.5,11.5,1.3,123,10,9.3,12.1,1.5,124,10,8.5,11.5,1.3,123,10,0,28.50,,,,,,,,,,
BELD,2015-12-01 06:55:00 EST,42.22322,-75.66852,1543,37.3,37.2,31.1,96.8,36.4,,,,,8.3,11.4,1.2,125,10,9.3,12.5,1.4,126,11,8.3,11.4,1.2,125,10,0,28.50,,,,,,,,,,
BELD,2015-12-01 07:00:00 EST,42.22322,-75.66852,1543,37.3,37.2,31.7,96.9,36.5,,,,,7.3,10.0,1.3,118,11,8.4,11.9,1.4,119,11,7.3,10.0,1.3,118,11,0,28.50,,,,,,,,,,
BELD,2015-12-01 07:05:00 EST,42.22322,-75.66852,1543,37.4,37.4,31.3,97.2,36.7,,,,,8.2,13.3,1.6,118,17,9.6,13.6,1.7,121,17,8.2,13.3,1.6,118,17,0,28.49,,,,,,,,,,
BELD,2015-12-01 07:10:00 EST,42.22322,-75.66852,1543,37.7,37.7,31.7,96.7,36.9,,,,,8.3,13.2,1.6,123,9,9.4,14.1,1.7,125,10,8.3,13.2,1.6,123,9,0,28.49,,,,,,,,,,
BELD,2015-12-01 07:15:00 EST,42.22322,-75.66852,1543,37.9,37.9,31.5,96.1,36.9,,,,,9.2,13.6,1.9,128,12,10.5,15.0,2.1,131,12,9.2,13.6,1.9,128,12,0,28.48,,,,,,,,,,
BELD,2015-12-01 07:20:00 EST,42.22322,-75.66852,1543,38.2,38.1,31.8,95.4,37.0,,,,,9.1,13.2,2.2,128,16,10.2,15.0,2.5,132,15,9.1,13.2,2.2,128,16,1,28.49,,,,,,,,,,
BELD,2015-12-01 07:25:00 EST,42.22322,-75.66852,1543,38.4,38.3,31.3,94.8,37.0,,,,,10.6,15.1,2.0,131,10,12.1,17.0,2.3,134,11,10.6,15.1,2.0,131,10,1,28.49,,,,,,,,,,
BELD,2015-12-01 07:30:00 EST,42.22322,-75.66852,1543,38.4,38.3,31.9,94.8,37.0,,,,,9.3,14.2,1.7,128,14,10.5,15.7,1.9,132,14,9.3,14.2,1.7,128,14,2,28.49,,,,,,,,,,
BELD,2015-12-01 07:35:00 EST,42.22322,-75.66852,1543,38.3,38.3,32.0,95.3,37.1,,,,,9.0,15.7,2.8,134,13,10.1,17.7,2.9,139,14,9.0,15.7,2.8,134,13,2,28.49,,,,,,,,,,
BELD,2015-12-01 07:40:00 EST,42.22322,-75.66852,1543,38.4,38.3,32.1,95.2,37.2,,,,,9.1,12.7,2.0,130,14,10.3,15.2,2.2,133,13,9.1,12.7,2.0,130,14,2,28.49,,,,,,,,,,
BELD,2015-12-01 07:45:00 EST,42.22322,-75.66852,1543,38.5,38.4,32.2,95.2,37.2,,,,,8.9,13.8,1.8,125,13,10.2,15.9,2.1,127,12,8.9,13.8,1.8,125,13,3,28.50,,,,,,,,,,
BELD,2015-12-01 07:50:00 EST,42.22322,-75.66852,1543,38.6,38.5,31.4,95.2,37.3,,,,,11.1,17.2,2.0,124,12,12.4,19.0,2.2,125,12,11.1,17.2,2.0,124,12,3,28.49,,,,,,,,,,
BELD,2015-12-01 07:55:00 EST,42.22322,-75.66852,1543,38.6,38.5,32.4,95.4,37.4,,,,,8.8,13.5,2.2,129,14,10.3,16.6,2.3,131,14,8.8,13.5,2.2,129,14,3,28.49,,,,,,,,,,
BELD,2015-12-01 08:00:00 EST,42.22322,-75.66852,1543,38.6,38.5,31.7,95.6,37.5,,,,,10.6,15.9,2.3,128,15,11.9,18.6,2.4,130,14,10.6,15.9,2.3,128,15,5,28.49,,,,,,,,,,
BELD,2015-12-01 08:05:00 EST,42.22322,-75.66852,1543,38.6,38.5,32.3,95.8,37.5,,,,,9.3,15.6,2.8,130,9,10.8,16.8,2.9,133,8,9.3,15.6,2.8,130,9,8,28.49,,,,,,,,,,
BELD,2015-12-01 08:10:00 EST,42.22322,-75.66852,1543,38.5,38.4,32.0,96.4,37.6,,,,,9.5,13.7,1.9,128,11,11.0,16.8,2.2,131,10,9.5,13.7,1.9,128,11,10,28.49,,,,,,,,,,
BELD,2015-12-01 08:15:00 EST,42.22322,-75.66852,1543,38.5,38.4,33.0,96.7,37.7,,,,,7.7,12.1,1.6,130,14,9.0,13.2,1.6,134,13,7.7,12.1,1.6,130,14,11,28.49,,,,,,,,,,
BELD,2015-12-01 08:20:00 EST,42.22322,-75.66852,1543,38.7,38.5,32.4,96.6,37.8,,,,,9.1,14.8,1.9,128,12,10.6,16.6,2.1,131,13,9.1,14.8,1.9,128,12,10,28.50,,,,,,,,,,
BELD,2015-12-01 08:25:00 EST,42.22322,-75.66852,1543,38.7,38.6,32.7,96.6,37.8,,,,,8.7,12.6,1.9,124,11,10.2,14.8,2.1,127,12,8.7,12.6,1.9,124,11,9,28.50,,,,,,,,,,
BELD,2015-12-01 08:30:00 EST,42.22322,-75.66852,1543,38.7,38.6,33.0,96.9,37.9,,,,,7.9,12.3,1.5,126,12,9.5,13.9,1.8,127,12,7.9,12.3,1.5,126,12,9,28.50,,,,,,,,,,
BELD,2015-12-01 08:35:00 EST,42.22322,-75.66852,1543,38.7,38.6,33.0,97.2,38.0,,,,,8.0,12.1,1.8,124,9,9.6,13.6,1.8,125,10,8.0,12.1,1.8,124,9,9,28.50,,,,,,,,,,
BELD,2015-12-01 08:40:00 EST,42.22322,-75.66852,1543,38.8,38.7,32.4,97.4,38.1,,,,,9.4,14.5,1.8,123,12,11.0,15.2,1.9,124,13,9.4,14.5,1.8,123,12,11,28.49,,,,,,,,,,
BELD,2015-12-01 08:45:00 EST,42.22322,-75.66852,1543,38.9,38.8,32.4,97.4,38.2,,,,,9.7,15.3,1.9,123,9,10.9,17.0,2.0,123,10,9.7,15.3,1.9,123,9,12,28.49,,,,,,,,,,
BELD,2015-12-01 08:50:00 EST,42.22322,-75.66852,1543,39.0,38.9,33.1,97.3,38.3,,,,,8.6,12.4,2.0,124,13,10.0,14.5,2.1,126,15,8.6,12.4,2.0,124,13,13,28.49,,,,,,,,,,
BELD,2015-12-01 08:55:00 EST,42.22322,-75.66852,1543,39.2,39.1,33.0,97.3,38.5,,,,,9.1,14.5,1.8,128,13,10.3,14.1,1.8,132,16,9.1,14.5,1.8,128,13,16,28.49,,,,,,,,,,
BELD,2015-12-01 09:00:00 EST,42.22322,-75.66852,1543,39.4,39.2,33.0,97.2,38.6,,,,,9.6,15.7,2.5,126,14,10.8,16.3,2.6,128,14,9.6,15.7,2.5,126,14,19,28.49,,,,,,,,,,
BELD,2015-12-01 09:05:00 EST,42.22322,-75.66852,1543,39.6,39.5,33.1,96.6,38.7,,,,,10.0,18.0,2.6,132,18,11.8,19.2,2.7,134,20,10.0,18.0,2.6,132,18,20,28.49,,,,,,,,,,
BELD,2015-12-01 09:10:00 EST,42.22322,-75.66852,1543,39.8,39.7,32.6,95.4,38.6,,,,,12.0,20.4,2.8,135,13,13.5,20.4,2.8,139,15,12.0,20.4,2.8,135,13,23,28.49,,,,,,,,,,
BELD,2015-12-01 09:15:00 EST,42.22322,-75.66852,1543,40.0,39.9,32.8,94.1,38.5,,,,,12.1,18.9,3.6,135,15,13.4,20.8,3.8,138,17,12.1,18.9,3.6,135,15,31,28.49,,,,,,,,,,
BELD,2015-12-01 09:20:00 EST,42.22322,-75.66852,1543,40.0,39.9,32.5,94.0,38.4,,,,,13.2,21.6,4.0,134,16,14.5,24.2,4.0,137,19,13.2,21.6,4.0,134,16,40,28.48,,,,,,,,,,
BELD,2015-12-01 09:25:00 EST,42.22322,-75.66852,1543,40.0,39.9,32.1,93.7,38.4,,,,,14.4,19.9,2.7,136,12,15.8,22.6,2.8,140,13,14.4,19.9,2.7,136,12,35,28.48,,,,,,,,,,
BELD,2015-12-01 09:30:00 EST,42.22322,-75.66852,1543,40.0,39.8,32.6,93.9,38.4,,,,,12.7,19.5,3.1,137,11,14.0,20.8,3.2,140,13,12.7,19.5,3.1,137,11,32,28.48,,,,,,,,,,
BELD,2015-12-01 09:35:00 EST,42.22322,-75.66852,1543,39.8,39.7,32.5,94.4,38.4,,,,,12.4,17.8,2.4,135,11,13.9,19.5,2.5,137,12,12.4,17.8,2.4,135,11,39,28.48,,,,,,,,,,
BELD,2015-12-01 09:40:00 EST,42.22322,-75.66852,1543,39.9,39.7,32.8,94.4,38.4,,,,,11.7,18.8,3.1,137,12,13.1,19.2,3.0,142,13,11.7,18.8,3.1,137,12,29,28.48,,,,,,,,,,
BELD,2015-12-01 09:45:00 EST,42.22322,-75.66852,1543,39.8,39.7,33.0,94.9,38.5,,,,,11.0,21.9,3.3,129,14,12.5,22.1,3.2,132,14,11.0,21.9,3.3,129,14,20,28.48,,,,,,,,,,
BELD,2015-12-01 09:50:00 EST,42.22322,-75.66852,1543,39.8,39.7,33.7,95.0,38.5,,,,,9.3,14.5,2.2,128,13,10.8,15.9,2.3,129,13,9.3,14.5,2.2,128,13,23,28.48,,,,,,,,,,
BELD,2015-12-01 09:55:00 EST,42.22322,-75.66852,1543,39.9,39.7,33.3,95.1,38.6,,,,,10.4,17.4,2.4,133,12,11.8,17.2,2.5,136,11,10.4,17.4,2.4,133,12,29,28.48,,,,,,,,,,
BELD,2015-12-01 10:00:00 EST,42.22322,-75.66852,1543,40.0,39.8,33.1,94.8,38.6,,,,,11.1,17.8,2.4,133,13,12.5,18.6,2.5,135,13,11.1,17.8,2.4,133,13,27,28.48,,,,,,,,,,
BELD,2015-12-01 10:05:00 EST,42.22322,-75.66852,1543,40.0,39.9,33.5,94.6,38.6,,,,,10.3,17.8,2.5,127,14,11.7,19.5,2.6,129,15,10.3,17.8,2.5,127,14,32,28.48,,,,,,,,,,
BELD,2015-12-01 10:10:00 EST,42.22322,-75.66852,1543,40.2,40.1,33.1,94.2,38.7,,,,,11.9,20.1,4.3,130,13,13.5,23.0,4.5,133,14,11.9,20.1,4.3,130,13,28,28.48,,,,,,,,,,
BELD,2015-12-01 10:15:00 EST,42.22322,-75.66852,1543,40.5,40.4,32.7,92.5,38.5,,,,,14.4,24.8,3.5,141,12,16.1,27.7,3.7,146,13,14.4,24.8,3.5,141,12,30,28.48,,,,,,,,,,
BELD,2015-12-01 10:20:00 EST,42.22322,-75.66852,1543,40.5,40.5,32.8,92.1,38.4,,,,,14.0,22.2,3.4,137,15,15.9,24.2,3.4,143,16,14.0,22.2,3.4,137,15,31,28.47,,,,,,,,,,
BELD,2015-12-01 10:25:00 EST,42.22322,-75.66852,1543,40.6,40.5,32.6,91.8,38.4,,,,,14.9,24.1,3.9,137,13,16.3,25.3,3.9,141,13,14.9,24.1,3.9,137,13,30,28.47,,,,,,,,,,
BELD,2015-12-01 10:30:00 EST,42.22322,-75.66852,1543,40.6,40.5,32.4,91.8,38.4,,,,,15.5,24.5,3.8,136,15,17.0,27.3,3.9,141,15,15.5,24.5,3.8,136,15,35,28.47,,,,,,,,,,
BELD,2015-12-01 10:35:00 EST,42.22322,-75.66852,1543,40.7,40.7,32.2,91.0,38.3,,,,,16.9,28.6,4.0,135,16,18.8,32.7,4.2,139,16,16.9,28.6,4.0,135,16,37,28.47,,,,,,,,,,
BELD,2015-12-01 10:40:00 EST,42.22322,-75.66852,1543,40.8,40.8,32.5,90.4,38.2,,,,,16.3,26.9,3.8,139,15,17.7,28.0,3.9,143,13,16.3,26.9,3.8,139,15,44,28.47,,,,,,,,,,
BELD,2015-12-01 10:45:00 EST,42.22322,-75.66852,1543,40.9,40.8,32.3,90.4,38.3,,,,,17.2,26.5,3.9,142,12,18.9,29.5,4.3,144,11,17.2,26.5,3.9,142,12,44,28.47,,,,,,,,,,
BELD,2015-12-01 10:50:00 EST,42.22322,-75.66852,1543,40.8,40.7,33.1,90.9,38.4,,,,,14.3,21.6,3.1,136,13,16.0,23.5,3.2,141,14,14.3,21.6,3.1,136,13,50,28.47,,,,,,,,,,
BELD,2015-12-01 10:55:00 EST,42.22322,-75.66852,1543,40.8,40.7,34.0,91.5,38.5,,,,,11.5,18.8,2.9,137,15,12.9,18.8,2.8,143,14,11.5,18.8,2.9,137,15,63,28.47,,,,,,,,,,
BELD,2015-12-01 11:00:00 EST,42.22322,-75.66852,1543,40.9,40.8,33.0,91.0,38.5,,,,,15.0,25.9,3.8,137,11,16.5,27.1,3.7,140,12,15.0,25.9,3.8,137,11,59,28.46,,,,,,,,,,
BELD,2015-12-01 11:05:00 EST,42.22322,-75.66852,1543,41.0,40.9,33.0,90.0,38.3,,,,,15.5,25.6,4.1,136,12,17.3,27.3,4.5,138,11,15.5,25.6,4.1,136,12,54,28.46,,,,,,,,,,
BELD,2015-12-01 11:10:00 EST,42.22322,-75.66852,1543,41.0,40.8,33.6,90.0,38.2,,,,,13.4,25.7,3.7,134,11,14.8,26.6,3.7,136,11,13.4,25.7,3.7,134,11,48,28.46,,,,,,,,,,
BELD,2015-12-01 11:15:00 EST,42.22322,-75.66852,1543,40.9,40.8,34.0,90.6,38.4,,,,,12.0,17.8,2.4,139,14,13.5,19.7,2.5,141,12,12.0,17.8,2.4,139,14,49,28.46,,,,,,,,,,
BELD,2015-12-01 11:20:00 EST,42.22322,-75.66852,1543,41.0,40.8,34.4,90.7,38.4,,,,,11.1,16.9,2.8,136,13,12.7,19.7,3.0,140,12,11.1,16.9,2.8,136,13,55,28.46,,,,,,,,,,
BELD,2015-12-01 11:25:00 EST,42.22322,-75.66852,1543,41.0,40.8,34.3,90.8,38.5,,,,,11.2,16.7,2.4,139,12,12.8,18.1,2.5,142,11,11.2,16.7,2.4,139,12,52,28.46,,,,,,,,,,
BELD,2015-12-01 11:30:00 EST,42.22322,-75.66852,1543,41.0,40.9,34.4,90.7,38.5,,,,,11.2,19.1,3.2,135,12,12.6,20.8,3.4,137,11,11.2,19.1,3.2,135,12,43,28.45,,,,,,,,,,
BELD,2015-12-01 11:35:00 EST,42.22322,-75.66852,1543,41.0,40.9,34.1,90.7,38.5,,,,,12.2,20.1,3.3,139,12,14.0,22.8,3.5,143,13,12.2,20.1,3.3,139,12,34,28.45,,,,,,,,,,
BELD,2015-12-01 11:40:00 EST,42.22322,-75.66852,1543,40.9,40.8,34.0,90.9,38.5,,,,,11.9,16.1,2.4,136,10,13.4,20.6,2.8,138,10,11.9,16.1,2.4,136,10,39,28.45,,,,,,,,,,
BELD,2015-12-01 11:45:00 EST,42.22322,-75.66852,1543,40.9,40.7,35.0,91.5,38.6,,,,,9.3,14.8,2.5,141,16,10.8,16.6,2.6,145,17,9.3,14.8,2.5,141,16,40,28.45,,,,,,,,,,
BELD,2015-12-01 11:50:00 EST,42.22322,-75.66852,1543,40.9,40.8,34.7,91.4,38.6,,,,,10.2,16.7,2.5,136,13,11.7,18.8,2.8,139,13,10.2,16.7,2.5,136,13,40,28.44,,,,,,,,,,
BELD,2015-12-01 11:55:00 EST,42.22322,-75.66852,1543,41.0,40.9,35.7,91.6,38.8,,,,,8.2,12.9,2.4,142,17,9.5,15.0,2.6,145,17,8.2,12.9,2.4,142,17,41,28.45,,,,,,,,,,
BELD,2015-12-01 12:00:00 EST,42.22322,-75.66852,1543,41.1,41.0,34.4,91.1,38.7,,,,,11.7,19.7,2.8,149,17,13.0,20.8,3.0,153,16,11.7,19.7,2.8,149,17,47,28.45,,,,,,,,,,
BELD,2015-12-01 12:05:00 EST,42.22322,-75.66852,1543,41.1,41.0,34.7,91.1,38.7,,,,,10.7,18.2,2.8,147,17,11.8,19.0,3.1,152,17,10.7,18.2,2.8,147,17,40,28.45,,,,,,,,,,
BELD,2015-12-01 12:10:00 EST,42.22322,-75.66852,1543,41.1,40.9,33.8,91.2,38.7,,,,,13.1,21.9,2.8,138,11,14.7,22.4,3.0,140,10,13.1,21.9,2.8,138,11,46,28.44,,,,,,,,,,
BELD,2015-12-01 12:15:00 EST,42.22322,-75.66852,1543,40.9,40.8,34.8,92.4,38.9,,,,,10.0,17.0,2.4,141,15,11.2,18.3,2.8,144,16,10.0,17.0,2.4,141,15,45,28.44,,,,,,,,,,
BELD,2015-12-01 12:20:00 EST,42.22322,-75.66852,1543,40.8,40.7,34.8,93.2,39.0,,,,,9.7,14.2,2.2,137,14,10.9,17.0,2.7,141,14,9.7,14.2,2.2,137,14,42,28.44,,,,,,,,,,
BELD,2015-12-01 12:25:00 EST,42.22322,-75.66852,1543,40.8,40.7,34.0,93.3,39.1,,,,,11.9,18.4,2.8,141,13,13.2,20.6,2.8,147,14,11.9,18.4,2.8,141,13,40,28.44,,,,,,,,,,
BELD,2015-12-01 12:30:00 EST,42.22322,-75.66852,1543,40.7,40.6,34.6,93.8,39.1,,,,,9.9,15.9,2.3,144,14,10.8,15.7,2.1,148,13,9.9,15.9,2.3,144,14,41,28.44,,,,,,,,,,
BELD,2015-12-01 12:35:00 EST,42.22322,-75.66852,1543,40.7,40.6,34.3,94.1,39.2,,,,,10.5,15.4,2.2,134,12,11.6,17.4,2.5,138,13,10.5,15.4,2.2,134,12,44,28.43,,,,,,,,,,
BELD,2015-12-01 12:40:00 EST,42.22322,-75.66852,1543,40.7,40.5,34.6,94.0,39.1,,,,,9.8,19.0,3.3,137,14,10.9,18.8,3.4,140,15,9.8,19.0,3.3,137,14,44,28.43,,,,,,,,,,
BELD,2015-12-01 12:45:00 EST,42.22322,-75.66852,1543,40.8,40.6,34.8,93.5,39.0,,,,,9.5,15.1,2.5,138,13,10.7,17.2,2.8,141,13,9.5,15.1,2.5,138,13,35,28.44,,,,,,,,,,
BELD,2015-12-01 12:50:00 EST,42.22322,-75.66852,1543,40.8,40.6,34.4,93.0,38.9,,,,,10.6,16.3,2.3,142,16,11.9,19.2,2.7,146,17,10.6,16.3,2.3,142,16,34,28.43,,,,,,,,,,
BELD,2015-12-01 12:55:00 EST,42.22322,-75.66852,1543,40.9,40.7,34.1,92.7,38.9,,,,,11.6,19.8,2.9,142,15,13.1,21.7,2.9,146,14,11.6,19.8,2.9,142,15,40,28.43,,,,,,,,,,
BELD,2015-12-01 13:00:00 EST,42.22322,-75.66852,1543,40.9,40.8,33.4,92.3,38.8,,,,,13.6,17.7,2.3,140,13,14.8,20.4,2.5,143,14,13.6,17.7,2.3,140,13,44,28.42,,,,,,,,,,
BELD,2015-12-01 13:05:00 EST,42.22322,-75.66852,1543,40.8,40.7,33.7,92.7,38.9,,,,,12.5,19.0,2.6,140,12,14.1,20.6,2.8,144,12,12.5,19.0,2.6,140,12,45,28.42,,,,,,,,,,
BELD,2015-12-01 13:10:00 EST,42.22322,-75.66852,1543,40.8,40.7,34.2,92.8,38.9,,,,,11.3,17.8,2.7,138,12,12.7,19.9,2.7,141,12,11.3,17.8,2.7,138,12,50,28.42,,,,,,,,,,
BELD,2015-12-01 13:15:00 EST,42.22322,-75.66852,1543,40.8,40.6,34.9,93.5,39.1,,,,,9.3,13.5,2.0,145,13,10.5,15.4,2.2,149,15,9.3,13.5,2.0,145,13,49,28.42,,,,,,,,,,
BELD,2015-12-01 13:20:00 EST,42.22322,-75.66852,1543,40.8,40.6,34.2,93.8,39.1,,,,,10.9,18.0,2.4,136,10,12.1,19.7,2.6,138,11,10.9,18.0,2.4,136,10,49,28.41,,,,,,,,,,
BELD,2015-12-01 13:25:00 EST,42.22322,-75.66852,1543,40.8,40.6,34.5,93.8,39.1,,,,,10.3,15.3,2.0,136,12,11.5,15.7,2.3,139,12,10.3,15.3,2.0,136,12,52,28.41,,,,,,,,,,
BELD,2015-12-01 13:30:00 EST,42.22322,-75.66852,1543,40.8,40.6,34.6,93.9,39.2,,,,,10.1,16.4,2.4,139,11,11.3,16.8,2.5,140,11,10.1,16.4,2.4,139,11,48,28.41,,,,,,,,,,
BELD,2015-12-01 13:35:00 EST,42.22322,-75.66852,1543,40.8,40.6,34.7,94.0,39.2,,,,,9.8,15.0,1.9,138,10,11.1,16.1,2.2,140,12,9.8,15.0,1.9,138,10,45,28.40,,,,,,,,,,
BELD,2015-12-01 13:40:00 EST,42.22322,-75.66852,1543,40.9,40.7,34.9,94.2,39.3,,,,,9.6,15.4,2.3,134,12,10.8,15.9,2.4,137,13,9.6,15.4,2.3,134,12,47,28.40,,,,,,,,,,
BELD,2015-12-01 13:45:00 EST,42.22322,-75.66852,1543,40.9,40.7,35.0,94.4,39.4,,,,,9.4,15.1,2.3,140,13,10.4,17.9,2.7,141,14,9.4,15.1,2.3,140,13,48,28.40,,,,,,,,,,
BELD,2015-12-01 13:50:00 EST,42.22322,-75.66852,1543,41.0,40.8,34.7,94.2,39.4,,,,,10.5,16.4,2.6,139,11,11.5,17.9,2.6,142,12,10.5,16.4,2.6,139,11,44,28.40,,,,,,,,,,
BELD,2015-12-01 13:55:00 EST,42.22322,-75.66852,1543,41.0,40.9,34.7,94.2,39.5,,,,,10.6,16.8,2.4,144,15,11.5,17.9,2.5,148,14,10.6,16.8,2.4,144,15,42,28.40,,,,,,,,,,
BELD,2015-12-01 14:00:00 EST,42.22322,-75.66852,1543,41.1,40.9,35.3,94.1,39.5,,,,,9.3,15.3,2.1,138,16,10.5,17.2,2.4,143,16,9.3,15.3,2.1,138,16,36,28.39,,,,,,,,,,
BELD,2015-12-01 14:05:00 EST,42.22322,-75.66852,1543,41.1,40.9,35.1,94.3,39.6,,,,,9.7,15.6,2.6,143,14,10.6,20.1,2.8,145,16,9.7,15.6,2.6,143,14,36,28.39,,,,,,,,,,
BELD,2015-12-01 14:10:00 EST,42.22322,-75.66852,1543,41.2,41.1,35.5,94.1,39.7,,,,,9.3,15.7,2.6,142,15,10.8,16.6,2.9,145,17,9.3,15.7,2.6,142,15,45,28.38,,,,,,,,,,
BELD,2015-12-01 14:15:00 EST,42.22322,-75.66852,1543,41.4,41.2,35.7,93.8,39.7,,,,,9.3,16.2,2.8,142,16,10.7,18.3,3.2,146,16,9.3,16.2,2.8,142,16,44,28.38,,,,,,,,,,
BELD,2015-12-01 14:20:00 EST,42.22322,-75.66852,1543,41.5,41.3,35.8,93.4,39.7,,,,,9.2,17.8,3.1,136,15,10.4,20.6,3.3,139,16,9.2,17.8,3.1,136,15,43,28.37,,,,,,,,,,
BELD,2015-12-01 14:25:00 EST,42.22322,-75.66852,1543,41.5,41.4,35.4,93.2,39.7,,,,,10.4,16.1,2.7,143,14,11.7,17.9,2.8,149,15,10.4,16.1,2.7,143,14,43,28.37,,,,,,,,,,
BELD,2015-12-01 14:30:00 EST,42.22322,-75.66852,1543,41.6,41.4,35.6,93.0,39.7,,,,,10.0,15.1,2.1,138,11,11.4,18.1,2.3,140,12,10.0,15.1,2.1,138,11,43,28.36,,,,,,,,,,
BELD,2015-12-01 14:35:00 EST,42.22322,-75.66852,1543,41.5,41.4,36.4,93.2,39.7,,,,,8.1,14.0,2.0,131,11,9.4,15.9,2.4,133,11,8.1,14.0,2.0,131,11,40,28.36,,,,,,,,,,
BELD,2015-12-01 14:40:00 EST,42.22322,-75.66852,1543,41.4,41.2,35.4,93.6,39.7,,,,,9.9,14.4,1.9,131,10,11.3,15.9,2.1,133,10,9.9,14.4,1.9,131,10,38,28.36,,,,,,,,,,
BELD,2015-12-01 14:45:00 EST,42.22322,-75.66852,1543,41.5,41.3,35.2,92.9,39.6,,,,,10.6,15.3,2.1,132,11,12.1,17.2,2.2,134,12,10.6,15.3,2.1,132,11,35,28.35,,,,,,,,,,
BELD,2015-12-01 14:50:00 EST,42.22322,-75.66852,1543,41.6,41.5,35.6,92.5,39.6,,,,,10.1,14.8,1.9,130,11,11.6,16.8,2.1,132,11,10.1,14.8,1.9,130,11,29,28.36,,,,,,,,,,
BELD,2015-12-01 14:55:00 EST,42.22322,-75.66852,1543,41.6,41.5,35.5,92.4,39.5,,,,,10.1,15.9,2.2,124,13,11.6,18.3,2.4,125,12,10.1,15.9,2.2,124,13,23,28.36,,,,,,,,,,
BELD,2015-12-01 15:00:00 EST,42.22322,-75.66852,1543,41.5,41.4,35.3,92.1,39.4,,,,,10.6,16.7,2.4,125,12,12.3,18.6,2.6,128,13,10.6,16.7,2.4,125,12,18,28.36,,,,,,,,,,
BELD,2015-12-01 15:05:00 EST,42.22322,-75.66852,1543,41.4,41.3,35.9,92.5,39.3,,,,,8.7,14.6,2.1,128,16,10.2,16.6,2.1,130,15,8.7,14.6,2.1,128,16,16,28.37,,,,,,,,,,
BELD,2015-12-01 15:10:00 EST,42.22322,-75.66852,1543,41.3,41.2,36.4,92.6,39.4,,,,,7.7,11.9,1.6,123,13,8.9,12.3,1.8,124,13,7.7,11.9,1.6,123,13,15,28.37,,,,,,,,,,
BELD,2015-12-01 15:15:00 EST,42.22322,-75.66852,1543,41.2,41.1,36.5,92.9,39.3,,,,,7.1,12.1,1.7,116,10,8.2,13.6,1.8,118,9,7.1,12.1,1.7,116,10,15,28.37,,,,,,,,,,
BELD,2015-12-01 15:20:00 EST,42.22322,-75.66852,1543,41.2,41.1,36.4,92.9,39.3,,,,,7.3,12.7,1.9,123,15,8.3,15.2,2.2,125,16,7.3,12.7,1.9,123,15,15,28.37,,,,,41.9,43.0,45.2,,,
BELD,2015-12-01 15:25:00 EST,42.22322,-75.66852,1543,41.2,41.1,36.0,92.7,39.3,,,,,8.2,14.6,2.2,126,13,9.4,17.9,2.7,128,14,8.2,14.6,2.2,126,13,13,28.37,,,,,41.9,43.0,45.1,,,
BELD,2015-12-01 15:30:00 EST,42.22322,-75.66852,1543,41.1,41.0,35.9,92.9,39.2,,,,,7.9,11.0,1.4,114,10,9.1,13.2,1.7,117,9,7.9,11.0,1.4,114,10,12,28.37,,,,,41.9,43.0,45.2,,,
BELD,2015-12-01 15:35:00 EST,42.22322,-75.66852,1543,41.1,41.0,36.2,92.8,39.1,,,,,7.5,10.7,1.4,125,14,8.6,13.0,1.7,127,14,7.5,10.7,1.4,125,14,10,28.37,,,,,41.9,43.0,45.1,,,
BELD,2015-12-01 15:40:00 EST,42.22322,-75.66852,1543,41.1,41.0,35.8,92.6,39.1,,,,,8.1,12.8,1.6,116,9,9.2,14.8,2.0,118,8,8.1,12.8,1.6,116,9,9,28.37,,,,,41.9,43.0,45.2,,,
BELD,2015-12-01 15:45:00 EST,42.22322,-75.66852,1543,41.0,41.0,35.9,92.7,39.1,,,,,7.9,10.7,1.3,117,9,9.0,12.3,1.5,118,9,7.9,10.7,1.3,117,9,8,28.37,,,,,42.0,43.0,45.1,,,
BELD,2015-12-01 15:50:00 EST,42.22322,-75.66852,1543,41.1,41.0,35.9,92.4,39.1,,,,,8.1,12.0,1.8,120,12,9.2,13.6,2.1,121,11,8.1,12.0,1.8,120,12,8,28.37,,,,,42.0,43.0,45.2,,,
BELD,2015-12-01 15:55:00 EST,42.22322,-75.66852,1543,41.1,41.0,37.2,92.4,39.0,,,,,5.7,10.1,1.6,116,16,6.5,11.0,1.7,119,16,5.7,10.1,1.6,116,16,6,28.38,,,,,42.0,43.0,45.2,,,
BELD,2015-12-01 16:00:00 EST,42.22322,-75.66852,1543,41.1,41.0,38.8,92.4,39.0,,,,,3.7,7.2,1.3,114,10,4.4,8.1,1.3,117,10,3.7,7.2,1.3,114,10,4,28.39,,,,,42.0,43.0,45.1,,,
BELD,2015-12-01 16:05:00 EST,42.22322,-75.66852,1543,41.0,41.0,41.0,92.9,39.1,,,,,2.7,5.3,0.9,104,13,3.4,6.3,0.9,107,13,2.7,5.3,0.9,104,13,3,28.39,,,,,42.0,43.0,45.1,,,
BELD,2015-12-01 16:10:00 EST,42.22322,-75.66852,1543,41.0,40.9,41.0,93.1,39.1,,,,,2.7,4.3,0.7,113,16,3.3,5.6,0.8,114,16,2.7,4.3,0.7,113,16,3,28.39,,,,,42.1,43.0,45.2,,,
BELD,2015-12-01 16:15:00 EST,42.22322,-75.66852,1543,41.0,41.0,41.0,93.1,39.2,,,,,2.9,4.0,0.5,123,17,3.5,4.9,0.6,127,18,2.9,4.0,0.5,123,17,1,28.39,,,,,42.1,43.0,45.2,,,
BELD,2015-12-01 16:20:00 EST,42.22322,-75.66852,1543,41.1,41.0,38.3,92.8,39.1,,,,,4.3,6.2,0.8,127,9,5.0,8.1,1.1,129,7,4.3,6.2,0.8,127,9,1,28.39,,,,,42.1,43.0,45.1,,,
BELD,2015-12-01 16:25:00 EST,42.22322,-75.66852,1543,41.1,41.1,38.1,92.8,39.2,,,,,4.6,6.4,0.7,136,9,5.2,7.4,0.8,137,9,4.6,6.4,0.7,136,9,1,28.39,,,,,42.1,43.0,45.1,,,
BELD,2015-12-01 16:30:00 EST,42.22322,-75.66852,1543,41.2,41.1,38.0,92.8,39.3,,,,,4.8,6.7,0.8,132,9,5.6,7.8,0.9,132,7,4.8,6.7,0.8,132,9,0,28.39,,,,,42.1,43.0,45.1,,,
BELD,2015-12-01 16:35:00 EST,42.22322,-75.66852,1543,41.2,41.2,38.3,92.8,39.3,,,,,4.5,7.7,1.3,132,10,5.2,9.2,1.5,135,10,4.5,7.7,1.3,132,10,0,28.39,,,,,42.1,43.0,45.1,,,
BELD,2015-12-01 16:40:00 EST,42.22322,-75.66852,1543,41.3,41.2,41.3,93.0,39.4,,,,,2.4,5.5,1.2,150,13,2.9,6.0,1.3,154,16,2.4,5.5,1.2,150,13,0,28.40,,,,,42.1,43.0,45.1,,,
BELD,2015-12-01 16:45:00 EST,42.22322,-75.66852,1543,41.4,41.4,39.8,92.7,39.5,,,,,3.1,5.6,0.9,157,17,3.8,7.4,1.2,158,16,3.1,5.6,0.9,157,17,0,28.40,,,,,42.1,43.1,45.1,,,
BELD,2015-12-01 16:50:00 EST,42.22322,-75.66852,1543,41.4,41.3,38.5,92.7,39.5,,,,,4.6,8.0,1.6,151,11,5.0,8.7,1.7,154,13,4.6,8.0,1.6,151,11,0,28.40,,,,,42.1,43.0,45.1,,,
BELD,2015-12-01 16:55:00 EST,42.22322,-75.66852,1543,41.3,41.3,38.5,93.3,39.6,,,,,4.4,6.4,0.9,145,14,5.1,8.1,1.0,147,14,4.4,6.4,0.9,145,14,0,28.40,,,,,42.1,43.1,45.2,,,
BELD,2015-12-01 17:00:00 EST,42.22322,-75.66852,1543,41.2,41.2,37.2,94.0,39.6,,,,,6.1,8.5,1.1,135,9,7.0,10.5,1.3,136,8,6.1,8.5,1.1,135,9,0,28.40,,,,,42.1,43.0,45.1,,,
BELD,2015-12-01 17:05:00 EST,42.22322,-75.66852,1543,41.1,41.0,36.8,94.7,39.6,,,,,6.3,8.3,0.9,136,9,7.2,9.8,1.0,138,9,6.3,8.3,0.9,136,9,0,28.39,,,,,42.1,43.0,45.1,,,
BELD,2015-12-01 17:10:00 EST,42.22322,-75.66852,1543,40.8,40.7,36.3,95.8,39.7,,,,,6.7,9.5,1.1,131,13,7.7,10.7,1.4,132,12,6.7,9.5,1.1,131,13,0,28.39,,,,,42.1,43.1,45.1,,,
BELD,2015-12-01 17:15:00 EST,42.22322,-75.66852,1543,40.7,40.5,36.0,96.7,39.8,,,,,6.8,10.2,1.6,135,13,7.8,11.2,1.6,137,14,6.8,10.2,1.6,135,13,0,28.39,,,,,42.1,43.1,45.1,,,
BELD,2015-12-01 17:20:00 EST,42.22322,-75.66852,1543,40.5,40.4,35.6,97.1,39.8,,,,,7.3,10.4,1.4,133,10,8.3,12.3,1.6,134,9,7.3,10.4,1.4,133,10,0,28.39,,,,,42.1,43.1,45.1,,,
BELD,2015-12-01 17:25:00 EST,42.22322,-75.66852,1543,40.4,40.3,34.5,97.4,39.7,,,,,9.2,12.1,1.5,131,8,10.2,14.3,1.7,132,8,9.2,12.1,1.5,131,8,0,28.38,,,,,42.1,43.1,45.1,,,
BELD,2015-12-01 17:30:00 EST,42.22322,-75.66852,1543,40.3,40.2,35.4,97.7,39.7,,,,,7.2,11.5,1.8,140,13,8.1,12.1,1.7,143,13,7.2,11.5,1.8,140,13,0,28.38,,,,,42.1,43.1,45.1,,,
BELD,2015-12-01 17:35:00 EST,42.22322,-75.66852,1543,40.2,40.1,34.1,97.8,39.7,,,,,9.7,15.2,2.2,132,11,10.8,17.9,2.4,133,10,9.7,15.2,2.2,132,11,0,28.38,,,,,42.1,43.1,45.1,,,
BELD,2015-12-01 17:40:00 EST,42.22322,-75.66852,1543,40.2,40.0,34.3,97.9,39.6,,,,,9.0,14.2,1.9,133,11,10.2,15.2,2.0,136,11,9.0,14.2,1.9,133,11,0,28.37,,,,,42.1,43.1,45.1,,,
BELD,2015-12-01 17:45:00 EST,42.22322,-75.66852,1543,40.1,40.0,33.7,97.9,39.6,,,,,10.3,14.0,1.7,134,13,11.6,16.1,1.9,135,14,10.3,14.0,1.7,134,13,0,28.37,,,,,42.1,43.1,45.1,,,
BELD,2015-12-01 17:50:00 EST,42.22322,-75.66852,1543,40.0,39.9,33.9,97.9,39.5,,,,,9.6,14.3,2.2,132,11,10.7,15.9,2.3,135,12,9.6,14.3,2.2,132,11,0,28.37,,,,,42.1,43.1,45.1,,,
BELD,2015-12-01 17:55:00 EST,42.22322,-75.66852,1543,40.0,39.9,33.9,97.9,39.4,,,,,9.3,14.5,2.1,135,13,10.6,15.4,2.2,137,13,9.3,14.5,2.1,135,13,0,28.36,,,,,42.2,43.1,45.1,,,
BELD,2015-12-01 18:00:00 EST,42.22322,-75.66852,1543,40.0,39.8,33.9,97.6,39.4,,,,,9.4,16.4,2.8,140,14,10.6,18.6,3.1,144,14,9.4,16.4,2.8,140,14,0,28.37,,,,,42.2,43.1,45.1,,,
BELD,2015-12-01 18:05:00 EST,42.22322,-75.66852,1543,40.0,39.9,34.0,97.1,39.3,,,,,9.2,13.1,1.8,144,13,10.1,15.2,2.0,148,13,9.2,13.1,1.8,144,13,0,28.37,,,,,42.2,43.1,45.1,,,
BELD,2015-12-01 18:10:00 EST,42.22322,-75.66852,1543,40.1,40.0,34.6,96.6,39.2,,,,,8.2,11.8,1.6,144,13,9.3,13.6,1.8,148,15,8.2,11.8,1.6,144,13,0,28.37,,,,,42.2,43.1,45.1,,,
BELD,2015-12-01 18:15:00 EST,42.22322,-75.66852,1543,40.2,40.1,34.6,96.0,39.1,,,,,8.4,15.1,2.2,143,13,9.4,14.3,2.2,145,13,8.4,15.1,2.2,143,13,0,28.37,,,,,42.2,43.1,45.1,,,
BELD,2015-12-01 18:20:00 EST,42.22322,-75.66852,1543,40.3,40.3,34.8,95.4,39.1,,,,,8.5,12.6,2.0,145,11,9.6,14.8,2.0,151,14,8.5,12.6,2.0,145,11,0,28.36,,,,,42.2,43.1,45.1,,,
BELD,2015-12-01 18:25:00 EST,42.22322,-75.66852,1543,40.4,40.3,35.1,95.0,39.0,,,,,7.9,12.3,2.0,143,13,8.9,15.2,2.1,147,13,7.9,12.3,2.0,143,13,0,28.36,,,,,42.2,43.1,45.1,,,
BELD,2015-12-01 18:30:00 EST,42.22322,-75.66852,1543,40.5,40.4,35.5,94.3,39.0,,,,,7.5,11.5,2.0,143,15,8.4,13.9,2.2,147,15,7.5,11.5,2.0,143,15,0,28.36,,,,,42.2,43.1,45.1,,,
BELD,2015-12-01 18:35:00 EST,42.22322,-75.66852,1543,40.5,40.4,35.9,94.2,38.9,,,,,6.7,12.0,1.8,140,12,7.7,12.8,1.9,142,11,6.7,12.0,1.8,140,12,0,28.36,,,,,42.2,43.1,45.1,,,
BELD,2015-12-01 18:40:00 EST,42.22322,-75.66852,1543,40.5,40.4,36.2,94.4,39.0,,,,,6.2,9.7,1.4,150,13,7.0,11.2,1.5,153,12,6.2,9.7,1.4,150,13,0,28.36,,,,,42.2,43.1,45.1,,,
BELD,2015-12-01 18:45:00 EST,42.22322,-75.66852,1543,40.6,40.5,35.6,94.0,39.0,,,,,7.4,10.3,1.5,146,13,8.4,12.1,1.6,151,13,7.4,10.3,1.5,146,13,0,28.36,,,,,42.2,43.2,45.1,,,
BELD,2015-12-01 18:50:00 EST,42.22322,-75.66852,1543,40.7,40.6,35.8,93.5,39.0,,,,,7.3,10.5,1.2,146,13,8.2,12.1,1.4,148,14,7.3,10.5,1.2,146,13,0,28.36,,,,,42.2,43.1,45.1,,,
BELD,2015-12-01 18:55:00 EST,42.22322,-75.66852,1543,40.7,40.6,36.3,93.4,38.9,,,,,6.5,10.9,1.3,141,13,7.3,13.0,1.5,144,13,6.5,10.9,1.3,141,13,0,28.36,,,,,42.3,43.1,45.1,,,
BELD,2015-12-01 19:00:00 EST,42.22322,-75.66852,1543,40.6,40.5,35.9,93.3,38.8,,,,,7.0,10.4,1.4,135,9,7.9,12.1,1.7,136,9,7.0,10.4,1.4,135,9,0,28.36,,,,,42.3,43.2,45.1,,,
BELD,2015-12-01 19:05:00 EST,42.22322,-75.66852,1543,40.5,40.4,36.3,93.7,38.9,,,,,6.1,9.7,1.6,132,13,7.0,11.9,1.7,135,12,6.1,9.7,1.6,132,13,0,28.36,,,,,42.3,43.2,45.1,,,
BELD,2015-12-01 19:10:00 EST,42.22322,-75.66852,1543,40.5,40.4,37.6,93.9,38.9,,,,,4.3,8.5,1.3,134,18,5.0,8.7,1.3,137,17,4.3,8.5,1.3,134,18,0,28.36,,,,,42.2,43.2,45.1,,,
BELD,2015-12-01 19:15:00 EST,42.22322,-75.66852,1543,40.5,40.4,37.1,93.9,38.9,,,,,5.0,9.7,1.6,135,11,5.9,10.1,1.7,138,11,5.0,9.7,1.6,135,11,0,28.36,,,,,42.3,43.2,45.1,,,
BELD,2015-12-01 19:20:00 EST,42.22322,-75.66852,1543,40.6,40.5,37.5,93.6,38.9,,,,,4.5,7.9,1.3,129,12,5.3,9.4,1.5,133,9,4.5,7.9,1.3,129,12,0,28.36,,,,,42.3,43.2,45.1,,,
BELD,2015-12-01 19:25:00 EST,42.22322,-75.66852,1543,40.5,40.5,36.8,93.7,38.9,,,,,5.4,8.8,1.4,129,12,6.1,9.2,1.3,132,11,5.4,8.8,1.4,129,12,0,28.36,,,,,42.3,43.2,45.1,,,
BELD,2015-12-01 19:30:00 EST,42.22322,-75.66852,1543,40.6,40.5,37.2,93.6,38.9,,,,,4.9,7.7,1.5,134,14,5.8,8.9,1.6,137,15,4.9,7.7,1.5,134,14,0,28.36,,,,,42.3,43.2,45.1,,,
BELD,2015-12-01 19:35:00 EST,42.22322,-75.66852,1543,40.5,40.5,37.9,93.8,38.9,,,,,4.0,9.1,1.5,135,10,4.7,10.7,1.7,137,11,4.0,9.1,1.5,135,10,0,28.36,,,,,42.3,43.2,45.1,,,
BELD,2015-12-01 19:40:00 EST,42.22322,-75.66852,1543,40.6,40.5,37.9,93.7,38.9,,,,,4.1,6.4,1.1,138,10,4.8,7.8,1.0,141,10,4.1,6.4,1.1,138,10,0,28.36,,,,,42.3,43.1,45.1,,,
BELD,2015-12-01 19:45:00 EST,42.22322,-75.66852,1543,40.6,40.5,37.5,93.7,38.9,,,,,4.6,8.1,1.3,129,14,5.4,9.6,1.5,131,13,4.6,8.1,1.3,129,14,0,28.36,,,,,42.3,43.2,45.1,,,
BELD,2015-12-01 19:50:00 EST,42.22322,-75.66852,1543,40.6,40.5,37.2,93.6,38.9,,,,,4.9,7.4,1.0,126,10,5.5,8.5,1.2,128,9,4.9,7.4,1.0,126,10,0,28.36,,,,,42.3,43.2,45.1,,,
BELD,2015-12-01 19:55:00 EST,42.22322,-75.66852,1543,40.6,40.5,36.3,93.6,38.8,,,,,6.2,11.0,1.7,124,12,7.2,12.1,1.9,127,12,6.2,11.0,1.7,124,12,0,28.35,,,,,42.3,43.2,45.1,,,
BELD,2015-12-01 20:00:00 EST,42.22322,-75.66852,1543,40.5,40.4,35.4,93.4,38.7,,,,,7.6,10.5,1.3,125,11,8.6,13.2,1.6,127,10,7.6,10.5,1.3,125,11,0,28.35,,,,,42.3,43.2,45.1,,,
BELD,2015-12-01 20:05:00 EST,42.22322,-75.66852,1543,40.5,40.4,36.0,93.4,38.7,,,,,6.5,10.3,1.3,125,9,7.3,11.9,1.6,129,7,6.5,10.3,1.3,125,9,0,28.35,,,,,42.3,43.2,45.1,,,
BELD,2015-12-01 20:10:00 EST,42.22322,-75.66852,1543,40.4,40.3,35.1,93.3,38.6,,,,,7.9,12.1,1.8,129,14,8.8,13.6,2.0,132,12,7.9,12.1,1.8,129,14,0,28.35,,,,,42.3,43.2,45.1,,,
BELD,2015-12-01 20:15:00 EST,42.22322,-75.66852,1543,40.3,40.3,35.5,93.6,38.6,,,,,7.1,12.6,2.0,133,12,8.0,13.6,2.2,135,12,7.1,12.6,2.0,133,12,0,28.34,,,,,42.3,43.2,45.1,,,
BELD,2015-12-01 20:20:00 EST,42.22322,-75.66852,1543,40.3,40.2,35.4,93.6,38.6,,,,,7.2,10.1,1.7,130,11,8.4,12.3,1.9,134,10,7.2,10.1,1.7,130,11,0,28.34,,,,,42.3,43.2,45.1,,,
BELD,2015-12-01 20:25:00 EST,42.22322,-75.66852,1543,40.3,40.3,34.5,93.3,38.6,,,,,8.9,13.2,2.0,131,10,10.2,13.9,2.2,133,9,8.9,13.2,2.0,131,10,0,28.34,,,,,42.3,43.2,45.1,,,
BELD,2015-12-01 20:30:00 EST,42.22322,-75.66852,1543,40.3,40.2,34.7,93.3,38.5,,,,,8.6,12.1,1.5,128,10,9.7,13.6,1.6,131,10,8.6,12.1,1.5,128,10,0,28.33,,,,,42.3,43.2,45.1,,,
BELD,2015-12-01 20:35:00 EST,42.22322,-75.66852,1543,40.3,40.3,35.2,93.3,38.6,,,,,7.6,10.6,1.5,133,10,8.5,12.3,1.6,135,10,7.6,10.6,1.5,133,10,0,28.33,,,,,42.3,43.2,45.1,,,
BELD,2015-12-01 20:40:00 EST,42.22322,-75.66852,1543,40.4,40.3,35.7,93.2,38.6,,,,,6.9,10.4,1.8,131,10,7.9,12.3,2.0,134,8,6.9,10.4,1.8,131,10,0,28.34,,,,,42.4,43.2,45.1,,,
BELD,2015-12-01 20:45:00 EST,42.22322,-75.66852,1543,40.5,40.4,35.5,92.9,38.6,,,,,7.4,11.8,1.7,131,10,8.5,13.4,1.8,133,9,7.4,11.8,1.7,131,10,0,28.34,,,,,42.4,43.2,45.1,,,
BELD,2015-12-01 20:50:00 EST,42.22322,-75.66852,1543,40.4,40.3,36.4,93.3,38.6,,,,,5.8,9.8,1.3,134,10,6.7,10.7,1.6,136,9,5.8,9.8,1.3,134,10,0,28.33,,,,,42.4,43.2,45.1,,,
BELD,2015-12-01 20:55:00 EST,42.22322,-75.66852,1543,40.5,40.4,36.1,93.3,38.7,,,,,6.5,11.0,1.4,135,9,7.5,12.3,1.8,135,8,6.5,11.0,1.4,135,9,0,28.33,,,,,42.4,43.2,45.1,,,
BELD,2015-12-01 21:00:00 EST,42.22322,-75.66852,1543,40.5,40.4,36.5,93.6,38.8,,,,,5.8,9.2,1.4,131,11,6.8,11.4,1.4,134,10,5.8,9.2,1.4,131,11,0,28.33,,,,,42.4,43.2,45.1,,,
BELD,2015-12-01 21:05:00 EST,42.22322,-75.66852,1543,40.6,40.5,36.1,93.4,38.8,,,,,6.6,9.8,1.4,132,10,7.6,11.2,1.5,134,9,6.6,9.8,1.4,132,10,0,28.33,,,,,42.4,43.2,45.1,,,
BELD,2015-12-01 21:10:00 EST,42.22322,-75.66852,1543,40.6,40.5,36.1,93.5,38.9,,,,,6.6,11.2,1.6,129,12,7.6,13.0,1.9,133,11,6.6,11.2,1.6,129,12,0,28.33,,,,,42.4,43.2,45.1,,,
BELD,2015-12-01 21:15:00 EST,42.22322,-75.66852,1543,40.6,40.6,36.3,93.9,39.0,,,,,6.4,9.2,1.3,133,11,7.3,10.3,1.3,136,11,6.4,9.2,1.3,133,11,0,28.33,,,,,42.4,43.2,45.1,,,
BELD,2015-12-01 21:20:00 EST,42.22322,-75.66852,1543,40.7,40.6,36.2,94.3,39.2,,,,,6.5,10.4,1.7,136,10,7.4,11.9,1.7,139,10,6.5,10.4,1.7,136,10,0,28.33,,,,,42.4,43.2,45.1,,,
BELD,2015-12-01 21:25:00 EST,42.22322,-75.66852,1543,40.8,40.7,36.0,94.5,39.3,,,,,7.0,12.0,1.7,135,11,8.1,13.9,1.8,138,11,7.0,12.0,1.7,135,11,0,28.33,,,,,42.4,43.2,45.1,,,
BELD,2015-12-01 21:30:00 EST,42.22322,-75.66852,1543,40.7,40.6,36.8,95.2,39.4,,,,,5.6,9.1,1.4,132,13,6.6,10.5,1.6,135,13,5.6,9.1,1.4,132,13,0,28.32,,,,,42.4,43.2,45.1,,,
BELD,2015-12-01 21:35:00 EST,42.22322,-75.66852,1543,40.5,40.4,36.6,95.8,39.5,,,,,5.7,8.2,1.0,121,9,6.7,9.6,1.2,124,9,5.7,8.2,1.0,121,9,0,28.32,,,,,42.4,43.2,45.1,,,
BELD,2015-12-01 21:40:00 EST,42.22322,-75.66852,1543,40.5,40.4,36.9,96.4,39.6,,,,,5.2,8.3,1.2,130,14,5.9,10.3,1.3,132,13,5.2,8.3,1.2,130,14,0,28.32,,,,,42.4,43.2,45.1,,,
BELD,2015-12-01 21:45:00 EST,42.22322,-75.66852,1543,40.6,40.5,36.5,96.5,39.7,,,,,5.9,8.5,1.3,132,12,6.7,9.8,1.5,134,13,5.9,8.5,1.3,132,12,0,28.32,,,,,42.4,43.2,45.1,,,
BELD,2015-12-01 21:50:00 EST,42.22322,-75.66852,1543,40.7,40.6,37.1,96.5,39.7,,,,,5.2,9.2,1.5,131,14,5.9,10.3,1.7,134,13,5.2,9.2,1.5,131,14,0,28.32,,,,,42.4,43.3,45.1,,,
BELD,2015-12-01 21:55:00 EST,42.22322,-75.66852,1543,40.8,40.7,35.6,96.3,39.8,,,,,7.8,11.3,1.5,134,8,9.1,12.8,1.7,137,8,7.8,11.3,1.5,134,8,0,28.31,,,,,42.4,43.3,45.1,,,
BELD,2015-12-01 22:00:00 EST,42.22322,-75.66852,1543,40.8,40.7,36.1,96.3,39.9,,,,,7.1,12.3,1.9,131,10,8.0,13.4,2.0,134,10,7.1,12.3,1.9,131,10,0,28.31,,,,,42.4,43.3,45.1,,,
BELD,2015-12-01 22:05:00 EST,42.22322,-75.66852,1543,40.9,40.8,36.1,96.4,39.9,,,,,7.1,11.8,2.0,137,12,8.4,13.0,2.1,140,11,7.1,11.8,2.0,137,12,0,28.30,,,,,42.4,43.3,45.1,,,
BELD,2015-12-01 22:10:00 EST,42.22322,-75.66852,1543,40.9,40.9,35.9,96.1,39.9,,,,,7.7,10.8,1.6,132,11,8.9,12.5,1.7,136,11,7.7,10.8,1.6,132,11,0,28.30,,,,,42.4,43.3,45.1,,,
BELD,2015-12-01 22:15:00 EST,42.22322,-75.66852,1543,41.0,40.9,36.5,95.8,39.9,,,,,6.7,10.7,1.5,129,13,7.6,12.8,1.6,130,12,6.7,10.7,1.5,129,13,0,28.31,,,,,42.4,43.2,45.1,,,
BELD,2015-12-01 22:20:00 EST,42.22322,-75.66852,1543,41.0,40.9,36.7,95.4,39.8,,,,,6.5,9.9,1.6,133,11,7.3,11.9,1.7,136,10,6.5,9.9,1.6,133,11,0,28.31,,,,,42.4,43.3,45.1,,,
BELD,2015-12-01 22:25:00 EST,42.22322,-75.66852,1543,41.0,40.9,37.5,95.2,39.8,,,,,5.2,8.2,1.3,137,12,6.1,10.1,1.6,139,12,5.2,8.2,1.3,137,12,0,28.31,,,,,42.4,43.3,45.1,,,
BELD,2015-12-01 22:30:00 EST,42.22322,-75.66852,1543,41.1,41.0,37.5,95.3,39.8,,,,,5.3,9.4,1.3,134,11,6.2,11.0,1.6,137,12,5.3,9.4,1.3,134,11,0,28.31,,,,,42.4,43.3,45.1,,,
BELD,2015-12-01 22:35:00 EST,42.22322,-75.66852,1543,41.2,41.1,37.6,94.9,39.8,,,,,5.4,7.8,1.1,134,9,6.3,9.4,1.2,136,9,5.4,7.8,1.1,134,9,0,28.30,,,,,42.4,43.3,45.1,,,
BELD,2015-12-01 22:40:00 EST,42.22322,-75.66852,1543,41.3,41.2,38.1,94.8,39.9,,,,,4.8,8.0,1.3,136,14,5.6,8.9,1.5,138,14,4.8,8.0,1.3,136,14,0,28.31,,,,,42.4,43.3,45.1,,,
BELD,2015-12-01 22:45:00 EST,42.22322,-75.66852,1543,41.3,41.2,38.1,94.7,39.9,,,,,4.8,7.1,0.9,135,10,5.5,7.4,0.9,136,9,4.8,7.1,0.9,135,10,0,28.31,,,,,42.4,43.3,45.1,,,
BELD,2015-12-01 22:50:00 EST,42.22322,-75.66852,1543,41.3,41.2,39.1,94.8,39.9,,,,,3.7,5.4,0.7,133,10,4.4,6.7,0.9,136,9,3.7,5.4,0.7,133,10,0,28.31,,,,,42.4,43.3,45.1,,,
BELD,2015-12-01 22:55:00 EST,42.22322,-75.66852,1543,41.5,41.4,38.6,94.7,40.1,,,,,4.5,9.7,1.7,145,16,5.3,11.9,1.9,147,16,4.5,9.7,1.7,145,16,0,28.31,,,,,42.4,43.3,45.1,,,
BELD,2015-12-01 23:00:00 EST,42.22322,-75.66852,1543,41.7,41.6,38.5,94.1,40.1,,,,,4.9,8.3,1.5,150,11,5.8,9.6,1.7,155,11,4.9,8.3,1.5,150,11,0,28.31,,,,,42.4,43.3,45.1,,,
BELD,2015-12-01 23:05:00 EST,42.22322,-75.66852,1543,41.7,41.6,39.0,94.2,40.1,,,,,4.2,8.0,1.7,150,16,5.0,9.8,1.8,154,16,4.2,8.0,1.7,150,16,0,28.31,,,,,42.4,43.3,45.1,,,
BELD,2015-12-01 23:10:00 EST,42.22322,-75.66852,1543,41.6,41.5,39.9,94.5,40.1,,,,,3.2,5.8,1.1,145,15,4.0,6.9,1.2,149,16,3.2,5.8,1.1,145,15,0,28.30,,,,,42.4,43.3,45.1,,,
BELD,2015-12-01 23:15:00 EST,42.22322,-75.66852,1543,41.6,41.5,39.0,94.7,40.2,,,,,4.1,6.9,1.1,141,16,4.8,7.8,1.3,145,17,4.1,6.9,1.1,141,16,0,28.31,,,,,42.4,43.3,45.1,,,
BELD,2015-12-01 23:20:00 EST,42.22322,-75.66852,1543,41.5,41.4,37.9,94.8,40.2,,,,,5.6,9.1,1.2,131,13,6.4,10.7,1.4,135,13,5.6,9.1,1.2,131,13,0,28.30,,,,,42.4,43.3,45.1,,,
BELD,2015-12-01 23:25:00 EST,42.22322,-75.66852,1543,41.4,41.3,37.5,95.0,40.1,,,,,5.8,8.2,1.0,125,11,6.6,9.4,1.1,128,9,5.8,8.2,1.0,125,11,0,28.30,,,,,42.4,43.3,45.1,,,
BELD,2015-12-01 23:30:00 EST,42.22322,-75.66852,1543,41.2,41.2,38.3,95.4,40.0,,,,,4.6,8.1,1.3,127,11,5.3,9.6,1.5,128,10,4.6,8.1,1.3,127,11,0,28.30,,,,,42.4,43.3,45.1,,,
BELD,2015-12-01 23:35:00 EST,42.22322,-75.66852,1543,41.2,41.1,38.0,95.6,40.1,,,,,4.9,6.8,1.1,125,11,5.5,8.3,1.2,127,11,4.9,6.8,1.1,125,11,0,28.29,,,,,42.4,43.3,45.1,,,
BELD,2015-12-01 23:40:00 EST,42.22322,-75.66852,1543,41.2,41.1,37.9,95.6,40.0,,,,,5.0,6.9,0.8,125,9,5.7,9.4,1.0,127,9,5.0,6.9,0.8,125,9,0,28.29,,,,,42.4,43.3,45.1,,,
BELD,2015-12-01 23:45:00 EST,42.22322,-75.66852,1543,41.1,41.1,37.7,95.8,40.0,,,,,5.1,6.9,0.9,122,9,5.9,8.3,1.0,124,10,5.1,6.9,0.9,122,9,0,28.28,,,,,42.4,43.3,45.1,,,
BELD,2015-12-01 23:50:00 EST,42.22322,-75.66852,1543,41.1,41.0,37.5,96.0,40.0,,,,,5.3,6.8,0.8,124,9,6.1,8.5,1.0,126,9,5.3,6.8,0.8,124,9,0,28.28,,,,,42.4,43.3,45.1,,,
BELD,2015-12-01 23:55:00 EST,42.22322,-75.66852,1543,40.9,40.8,36.8,96.0,39.8,,,,,6.1,8.0,0.9,119,8,6.8,9.2,1.0,121,8,6.1,8.0,0.9,119,8,0,28.28,,,,,42.5,43.3,45.1,,,
BERK,2015-12-01 00:00:00 EST,42.32030,-76.20319,1291,35.2,35.4,35.2,69.0,26.1,0.000,0.000,0.00,0.000,1.9,2.4,0.3,123,3,1.9,2.5,0.3,125,5,1.9,2.4,0.3,123,3,0,28.87,,0,0,0,37.0,40.1,42.4,0.37,0.34,0.52
BERK,2015-12-01 00:05:00 EST,42.32030,-76.20319,1291,35.3,35.4,35.3,69.1,26.1,0.000,0.000,0.00,0.000,2.0,2.4,0.2,121,0,2.0,2.5,0.2,126,4,2.0,2.4,0.2,121,0,0,28.87,,0,0,0,37.0,40.1,42.5,0.37,0.34,0.52
BERK,2015-12-01 00:10:00 EST,42.32030,-76.20319,1291,35.2,35.4,35.2,70.3,26.6,0.000,0.000,0.00,0.000,1.8,3.7,0.6,107,9,2.3,4.9,0.7,109,12,1.8,3.7,0.6,107,9,0,28.87,,0,0,0,37.0,40.1,42.4,0.37,0.34,0.52
BERK,2015-12-01 00:15:00 EST,42.32030,-76.20319,1291,35.2,35.3,32.7,71.8,27.0,0.000,0.000,0.00,0.000,3.2,6.2,1.1,109,11,3.7,6.3,1.2,107,11,3.2,6.2,1.1,109,11,0,28.86,,0,0,0,37.0,40.1,42.4,0.37,0.34,0.52
BERK,2015-12-01 00:20:00 EST,42.32030,-76.20319,1291,35.2,35.3,31.9,73.0,27.4,0.000,0.000,0.00,0.000,3.9,7.5,1.4,124,13,4.2,8.5,1.6,121,12,3.9,7.5,1.4,124,13,0,28.86,,0,0,0,37.0,40.1,42.5,0.37,0.34,0.52
BERK,2015-12-01 00:25:00 EST,42.32030,-76.20319,1291,35.1,35.2,31.8,74.2,27.7,0.000,0.000,0.00,0.000,3.9,5.6,0.8,129,12,4.3,6.9,1.0,127,12,3.9,5.6,0.8,129,12,0,28.86,,0,0,0,37.0,40.1,42.5,0.37,0.34,0.52
BERK,2015-12-01 00:30:00 EST,42.32030,-76.20319,1291,35.1,35.1,32.1,75.0,27.9,0.000,0.000,0.00,0.000,3.6,5.6,1.0,122,15,4.0,6.5,1.1,120,14,3.6,5.6,1.0,122,15,0,28.86,,0,0,0,37.0,40.1,42.4,0.37,0.34,0.52
BERK,2015-12-01 00:35:00 EST,42.32030,-76.20319,1291,35.1,35.2,31.5,75.4,28.1,0.000,0.000,0.00,0.000,4.1,6.2,1.0,126,13,4.5,7.2,1.0,123,12,4.1,6.2,1.0,126,13,0,28.86,,0,0,0,37.0,40.1,42.5,0.37,0.34,0.52
BERK,2015-12-01 00:40:00 EST,42.32030,-76.20319,1291,35.2,35.3,32.0,76.1,28.5,0.000,0.000,0.00,0.000,3.8,6.8,0.9,122,14,4.3,7.6,1.0,119,12,3.8,6.8,0.9,122,14,0,28.85,,0,0,0,37.0,40.1,42.4,0.37,0.34,0.52
BERK,2015-12-01 00:45:00 EST,42.32030,-76.20319,1291,35.3,35.3,32.2,76.3,28.6,0.000,0.000,0.00,0.000,3.7,5.3,0.7,131,13,3.9,5.6,0.8,128,12,3.7,5.3,0.7,131,13,0,28.85,,0,0,0,37.0,40.1,42.4,0.37,0.34,0.52
BERK,2015-12-01 00:50:00 EST,42.32030,-76.20319,1291,35.3,35.3,32.0,76.7,28.7,0.000,0.000,0.00,0.000,3.9,7.7,1.2,126,14,4.3,8.1,1.4,124,13,3.9,7.7,1.2,126,14,0,28.85,,0,0,0,37.0,40.1,42.4,0.37,0.34,0.52
BERK,2015-12-01 00:55:00 EST,42.32030,-76.20319,1291,35.3,35.4,31.4,77.6,29.0,0.000,0.000,0.00,0.000,4.6,7.6,1.0,135,15,4.9,8.3,1.0,132,14,4.6,7.6,1.0,135,15,0,28.85,,0,0,0,37.0,40.1,42.5,0.37,0.34,0.52
BERK,2015-12-01 01:00:00 EST,42.32030,-76.20319,1291,35.3,35.3,32.3,77.5,29.0,0.000,0.000,0.00,0.000,3.7,6.4,1.1,130,12,4.1,6.7,1.1,128,11,3.7,6.4,1.1,130,12,0,28.85,,0,0,0,37.1,40.1,42.4,0.37,0.34,0.52
BERK,2015-12-01 01:05:00 EST,42.32030,-76.20319,1291,35.4,35.4,31.6,78.2,29.3,0.000,0.000,0.00,0.000,4.4,6.5,0.9,121,12,4.7,7.2,0.9,119,12,4.4,6.5,0.9,121,12,0,28.85,,0,0,0,37.0,40.1,42.4,0.37,0.34,0.52
BERK,2015-12-01 01:10:00 EST,42.32030,-76.20319,1291,35.4,35.4,32.3,78.4,29.4,0.000,0.000,0.00,0.000,3.7,5.6,0.9,123,12,4.0,6.3,1.0,120,12,3.7,5.6,0.9,123,12,0,28.85,,0,0,0,37.1,40.1,42.4,0.37,0.34,0.52
BERK,2015-12-01 01:15:00 EST,42.32030,-76.20319,1291,35.4,35.4,32.2,78.6,29.4,0.000,0.000,0.00,0.000,3.9,5.6,0.9,132,11,4.2,6.5,0.9,130,10,3.9,5.6,0.9,132,11,0,28.85,,0,0,0,37.0,40.1,42.4,0.37,0.34,0.52
BERK,2015-12-01 01:20:00 EST,42.32030,-76.20319,1291,35.3,35.3,31.2,80.3,29.9,0.000,0.000,0.00,0.000,4.8,7.7,1.3,127,11,5.1,8.3,1.3,126,8,4.8,7.7,1.3,127,11,0,28.85,,0,0,0,37.1,40.1,42.4,0.37,0.34,0.52
BERK,2015-12-01 01:25:00 EST,42.32030,-76.20319,1291,35.1,35.1,29.5,83.5,30.6,0.000,0.000,0.00,0.000,6.7,11.0,1.7,128,12,7.0,12.1,1.6,126,11,6.7,11.0,1.7,128,12,0,28.85,,0,0,0,37.1,40.1,42.4,0.37,0.34,0.52
BERK,2015-12-01 01:30:00 EST,42.32030,-76.20319,1291,34.8,34.8,29.7,86.7,31.3,0.000,0.000,0.00,0.000,5.9,8.3,1.0,126,17,6.4,9.2,1.1,125,16,5.9,8.3,1.0,126,17,0,28.84,,0,0,0,37.1,40.1,42.4,0.37,0.34,0.52
BERK,2015-12-01 01:35:00 EST,42.32030,-76.20319,1291,34.6,34.6,30.5,88.3,31.5,0.000,0.000,0.00,0.000,4.6,7.7,1.2,131,13,5.1,8.5,1.2,130,12,4.6,7.7,1.2,131,13,0,28.84,,0,0,0,37.1,40.1,42.4,0.37,0.34,0.52
BERK,2015-12-01 01:40:00 EST,42.32030,-76.20319,1291,34.4,34.4,30.6,89.5,31.6,0.002,0.002,0.00,0.002,4.3,7.0,1.1,135,13,4.6,8.1,1.1,132,11,4.3,7.0,1.1,135,13,0,28.84,,0,0,0,37.1,40.1,42.4,0.37,0.34,0.52
BERK,2015-12-01 01:45:00 EST,42.32030,-76.20319,1291,34.2,34.1,30.4,91.1,31.9,0.002,0.004,0.00,0.004,4.2,6.4,1.0,133,12,4.4,6.5,0.9,131,10,4.2,6.4,1.0,133,12,0,28.84,,0,0,0,37.1,40.1,42.4,0.37,0.34,0.52
BERK,2015-12-01 01:50:00 EST,42.32030,-76.20319,1291,34.0,33.9,30.4,92.9,32.2,0.001,0.005,0.00,0.005,4.0,6.4,1.0,134,11,4.4,6.9,1.2,132,10,4.0,6.4,1.0,134,11,0,28.84,,0,0,0,37.1,40.1,42.4,0.37,0.34,0.52
BERK,2015-12-01 01:55:00 EST,42.32030,-76.20319,1291,33.9,33.8,30.7,94.3,32.4,0.003,0.007,0.00,0.007,3.6,5.5,0.7,126,11,3.8,5.6,0.7,122,10,3.6,5.5,0.7,126,11,0,28.84,,0,0,0,37.1,40.1,42.4,0.37,0.34,0.52
BERK,2015-12-01 02:00:00 EST,42.32030,-76.20319,1291,33.8,33.7,33.8,95.4,32.6,0.004,0.011,0.00,0.011,2.9,4.5,0.7,126,11,3.2,4.9,0.7,123,11,2.9,4.5,0.7,126,11,0,28.84,,0,0,0,37.1,40.1,42.4,0.37,0.34,0.52
BERK,2015-12-01 02:05:00 EST,42.32030,-76.20319,1291,33.8,33.7,31.1,96.1,32.8,0.003,0.014,0.00,0.014,3.2,4.5,0.5,130,11,3.3,5.1,0.7,127,9,3.2,4.5,0.5,130,11,0,28.84,,0,0,0,37.2,40.1,42.4,0.37,0.34,0.52
BERK,2015-12-01 02:10:00 EST,42.32030,-76.20319,1291,33.7,33.7,31.0,96.5,32.8,0.002,0.016,0.00,0.016,3.2,4.6,0.6,125,9,3.4,4.9,0.7,123,9,3.2,4.6,0.6,125,9,0,28.84,,0,0,0,37.2,40.1,42.4,0.37,0.34,0.52
BERK,2015-12-01 02:15:00 EST,42.32030,-76.20319,1291,33.7,33.7,31.1,96.9,32.9,0.003,0.019,0.00,0.019,3.2,4.8,0.8,125,13,3.5,5.6,0.9,122,11,3.2,4.8,0.8,125,13,0,28.84,,0,0,0,37.2,40.1,42.4,0.37,0.34,0.52
BERK,2015-12-01 02:20:00 EST,42.32030,-76.20319,1291,33.7,33.6,33.7,97.2,33.0,0.004,0.022,0.00,0.022,3.0,4.5,0.6,127,6,3.1,4.5,0.6,125,7,3.0,4.5,0.6,127,6,0,28.84,,0,0,0,37.2,40.1,42.4,0.37,0.34,0.52
BERK,2015-12-01 02:25:00 EST,42.32030,-76.20319,1291,33.7,33.6,33.7,97.5,33.1,0.003,0.025,0.00,0.025,2.7,3.9,0.6,131,7,2.8,3.8,0.6,129,6,2.7,3.9,0.6,131,7,0,28.84,,0,0,0,37.2,40.1,42.4,0.37,0.34,0.52
BERK,2015-12-01 02:30:00 EST,42.32030,-76.20319,1291,33.7,33.7,31.2,97.6,33.1,0.001,0.026,0.00,0.026,3.0,4.0,0.5,141,8,3.0,4.3,0.6,137,8,3.0,4.0,0.5,141,8,0,28.84,,0,0,0,37.2,40.0,42.4,0.37,0.34,0.52
BERK,2015-12-01 02:35:00 EST,42.32030,-76.20319,1291,33.8,33.7,33.8,97.8,33.2,0.003,0.029,0.00,0.029,2.5,3.9,0.6,139,10,2.6,4.5,0.6,134,9,2.5,3.9,0.6,139,10,0,28.84,,0,0,0,37.2,40.1,42.4,0.37,0.34,0.52
BERK,2015-12-01 02:40:00 EST,42.32030,-76.20319,1291,33.8,33.8,33.8,97.9,33.3,0.005,0.034,0.00,0.032,2.5,3.4,0.4,136,9,2.6,4.3,0.5,131,8,2.5,3.4,0.4,136,9,0,28.84,,0,0,0,37.2,40.0,42.4,0.37,0.34,0.52
BERK,2015-12-01 02:45:00 EST,42.32030,-76.20319,1291,33.9,33.8,33.9,98.1,33.4,0.004,0.038,0.00,0.034,2.6,4.1,0.7,128,11,3.0,4.9,0.7,125,12,2.6,4.1,0.7,128,11,0,28.83,,0,0,0,37.2,40.0,42.4,0.37,0.34,0.52
BERK,2015-12-01 02:50:00 EST,42.32030,-76.20319,1291,33.9,33.8,31.3,98.1,33.4,0.004,0.041,0.00,0.037,3.1,4.1,0.6,133,8,3.2,4.7,0.7,129,8,3.1,4.1,0.6,133,8,0,28.83,,0,0,0,37.2,40.1,42.4,0.37,0.34,0.52
BERK,2015-12-01 02:55:00 EST,42.32030,-76.20319,1291,33.9,33.8,33.9,98.2,33.4,0.005,0.046,0.00,0.039,2.7,5.1,0.8,130,13,2.9,6.0,0.9,127,12,2.7,5.1,0.8,130,13,0,28.83,,0,0,0,37.2,40.0,42.4,0.37,0.34,0.52
BERK,2015-12-01 03:00:00 EST,42.32030,-76.20319,1291,33.9,33.9,33.9,98.2,33.5,0.004,0.050,0.00,0.039,2.7,3.7,0.5,134,9,2.7,4.5,0.6,130,9,2.7,3.7,0.5,134,9,0,28.83,,0,0,0,37.2,40.0,42.4,0.37,0.34,0.52
BERK,2015-12-01 03:05:00 EST,42.32030,-76.20319,1291,33.9,33.9,33.9,98.3,33.5,0.008,0.059,0.00,0.044,2.9,3.7,0.4,153,8,3.3,4.7,0.6,152,9,2.9,3.7,0.4,153,8,0,28.83,,0,0,0,37.2,40.0,42.4,0.37,0.34,0.52
BERK,2015-12-01 03:10:00 EST,42.32030,-76.20319,1291,33.9,33.8,33.9,98.3,33.5,0.014,0.073,0.30,0.057,3.0,4.0,0.6,142,11,3.0,4.7,0.6,140,12,3.0,4.0,0.6,142,11,0,28.83,,0,0,0,37.2,40.0,42.4,0.37,0.34,0.52
BERK,2015-12-01 03:15:00 EST,42.32030,-76.20319,1291,33.9,33.8,33.9,98.4,33.5,0.009,0.082,0.00,0.063,2.1,3.5,0.6,125,13,2.3,3.6,0.5,121,13,2.1,3.5,0.6,125,13,0,28.82,,0,0,0,37.2,40.0,42.4,0.37,0.34,0.52
BERK,2015-12-01 03:20:00 EST,42.32030,-76.20319,1291,34.0,33.9,31.1,98.5,33.6,0.003,0.085,0.00,0.062,3.3,4.2,0.6,145,8,3.5,5.1,0.7,142,9,3.3,4.2,0.6,145,8,0,28.83,,0,0,0,37.2,40.0,42.4,0.37,0.34,0.52
BERK,2015-12-01 03:25:00 EST,42.32030,-76.20319,1291,34.0,34.0,31.3,98.5,33.6,0.000,0.085,0.00,0.059,3.2,4.2,0.6,129,9,3.2,4.7,0.7,124,9,3.2,4.2,0.6,129,9,0,28.83,,0,0,0,37.2,40.0,42.4,0.37,0.34,0.52
BERK,2015-12-01 03:30:00 EST,42.32030,-76.20319,1291,34.0,34.0,31.4,98.6,33.7,0.004,0.088,0.00,0.062,3.2,4.5,0.7,118,12,3.5,4.9,0.8,114,13,3.2,4.5,0.7,118,12,0,28.83,,0,0,0,37.2,40.0,42.4,0.37,0.34,0.52
BERK,2015-12-01 03:35:00 EST,42.32030,-76.20319,1291,34.1,34.1,34.1,98.6,33.8,0.003,0.092,0.00,0.063,2.8,4.2,0.6,112,12,3.1,5.4,0.8,109,12,2.8,4.2,0.6,112,12,0,28.82,,0,0,0,37.2,40.0,42.4,0.37,0.34,0.52
BERK,2015-12-01 03:40:00 EST,42.32030,-76.20319,1291,34.2,34.2,31.3,98.6,33.8,0.000,0.092,0.00,0.058,3.3,4.7,0.6,123,12,3.7,6.0,0.8,119,11,3.3,4.7,0.6,123,12,0,28.82,,0,0,0,37.2,40.0,42.3,0.37,0.34,0.52
BERK,2015-12-01 03:45:00 EST,42.32030,-76.20319,1291,34.3,34.3,30.8,98.7,34.0,0.000,0.092,0.00,0.054,3.9,6.4,0.8,129,10,4.2,7.2,0.9,124,10,3.9,6.4,0.8,129,10,0,28.82,,0,0,0,37.2,40.0,42.4,0.37,0.34,0.52
BERK,2015-12-01 03:50:00 EST,42.32030,-76.20319,1291,34.3,34.3,30.5,98.7,34.0,0.000,0.092,0.00,0.050,4.2,5.6,0.7,127,11,4.6,6.5,0.8,123,10,4.2,5.6,0.7,127,11,0,28.82,,0,0,0,37.2,40.0,42.3,0.37,0.34,0.52
BERK,2015-12-01 03:55:00 EST,42.32030,-76.20319,1291,34.4,34.4,30.8,98.7,34.1,0.000,0.092,0.00,0.045,4.0,6.9,1.3,119,10,4.6,8.7,1.3,116,10,4.0,6.9,1.3,119,10,0,28.81,,0,0,0,37.2,40.0,42.4,0.37,0.34,0.52
BERK,2015-12-01 04:00:00 EST,42.32030,-76.20319,1291,34.5,34.5,31.2,98.7,34.2,0.000,0.092,0.00,0.041,3.8,7.2,1.1,116,10,4.3,8.1,1.3,112,10,3.8,7.2,1.1,116,10,0,28.81,,0,0,0,37.2,40.0,42.4,0.37,0.34,0.52
BERK,2015-12-01 04:05:00 EST,42.32030,-76.20319,1291,34.6,34.6,31.6,98.7,34.2,0.002,0.094,0.00,0.035,3.5,5.8,1.0,120,12,3.8,7.2,1.1,116,12,3.5,5.8,1.0,120,12,0,28.81,,0,0,0,37.2,40.0,42.4,0.37,0.34,0.52
BERK,2015-12-01 04:10:00 EST,42.32030,-76.20319,1291,34.6,34.7,31.0,98.7,34.3,0.000,0.094,0.00,0.021,4.1,6.1,0.9,124,12,4.5,6.7,0.9,120,12,4.1,6.1,0.9,124,12,0,28.81,,0,0,0,37.2,40.0,42.4,0.37,0.34,0.52
BERK,2015-12-01 04:15:00 EST,42.32030,-76.20319,1291,34.7,34.7,31.2,98.6,34.3,0.001,0.095,0.00,0.013,4.0,5.6,0.9,116,14,4.4,6.5,1.0,112,12,4.0,5.6,0.9,116,14,0,28.81,,0,0,0,37.2,39.9,42.4,0.37,0.34,0.52
BERK,2015-12-01 04:20:00 EST,42.32030,-76.20319,1291,34.7,34.8,31.2,98.6,34.4,0.003,0.098,0.00,0.013,4.1,7.4,1.2,111,13,4.7,8.1,1.4,107,12,4.1,7.4,1.2,111,13,0,28.80,,0,0,0,37.2,40.0,42.3,0.37,0.34,0.52
BERK,2015-12-01 04:25:00 EST,42.32030,-76.20319,1291,34.8,34.9,31.0,98.6,34.5,0.003,0.100,0.00,0.016,4.3,6.8,1.1,109,12,5.1,7.8,1.3,106,10,4.3,6.8,1.1,109,12,0,28.80,,0,0,0,37.2,40.0,42.3,0.37,0.34,0.52
BERK,2015-12-01 04:30:00 EST,42.32030,-76.20319,1291,34.9,35.0,32.0,98.5,34.5,0.000,0.100,0.00,0.012,3.5,6.1,1.0,114,16,4.0,7.2,1.2,110,14,3.5,6.1,1.0,114,16,0,28.80,,0,0,0,37.2,40.0,42.3,0.37,0.34,0.52
BERK,2015-12-01 04:35:00 EST,42.32030,-76.20319,1291,35.0,35.0,31.6,98.4,34.6,0.000,0.100,0.00,0.009,3.9,6.4,1.1,121,13,4.4,7.8,1.2,117,12,3.9,6.4,1.1,121,13,0,28.80,,0,0,0,37.2,40.0,42.3,0.37,0.34,0.52
BERK,2015-12-01 04:40:00 EST,42.32030,-76.20319,1291,35.0,35.0,31.4,98.3,34.6,0.000,0.100,0.00,0.009,4.2,7.2,1.2,124,14,4.6,7.8,1.3,120,14,4.2,7.2,1.2,124,14,0,28.79,,0,0,0,37.2,40.0,42.3,0.37,0.34,0.52
BERK,2015-12-01 04:45:00 EST,42.32030,-76.20319,1291,35.0,35.1,32.7,98.3,34.6,0.003,0.103,0.00,0.011,3.0,6.1,1.0,117,19,3.5,6.9,1.1,113,15,3.0,6.1,1.0,117,19,0,28.80,,0,0,0,37.2,39.9,42.3,0.37,0.34,0.52
BERK,2015-12-01 04:50:00 EST,42.32030,-76.20319,1291,35.1,35.1,32.1,98.2,34.6,0.002,0.105,0.00,0.013,3.6,5.8,1.1,127,15,4.1,6.0,1.1,123,14,3.6,5.8,1.1,127,15,0,28.79,,0,0,0,37.2,40.0,42.3,0.37,0.34,0.52
BERK,2015-12-01 04:55:00 EST,42.32030,-76.20319,1291,35.2,35.2,31.8,98.2,34.7,0.000,0.105,0.00,0.013,4.0,6.0,0.8,141,10,4.2,6.7,0.9,138,10,4.0,6.0,0.8,141,10,0,28.80,,0,0,0,37.2,39.9,42.3,0.37,0.34,0.52
BERK,2015-12-01 05:00:00 EST,42.32030,-76.20319,1291,35.0,35.0,32.1,98.1,34.6,0.000,0.105,0.00,0.013,3.5,5.2,0.7,136,9,3.7,5.8,0.7,132,10,3.5,5.2,0.7,136,9,0,28.79,,0,0,0,37.2,39.9,42.3,0.37,0.34,0.52
BERK,2015-12-01 05:05:00 EST,42.32030,-76.20319,1291,35.0,35.0,31.5,98.3,34.6,0.003,0.108,0.00,0.014,4.1,5.0,0.5,144,8,4.2,5.8,0.7,139,9,4.1,5.0,0.5,144,8,0,28.80,,0,0,0,37.2,40.0,42.3,0.37,0.34,0.52
BERK,2015-12-01 05:10:00 EST,42.32030,-76.20319,1291,35.0,35.0,32.2,98.4,34.6,0.004,0.111,0.00,0.018,3.4,5.0,0.7,134,9,3.6,5.4,0.7,129,9,3.4,5.0,0.7,134,9,0,28.80,,0,0,0,37.2,40.0,42.3,0.37,0.34,0.52
BERK,2015-12-01 05:15:00 EST,42.32030,-76.20319,1291,35.1,35.0,32.3,98.4,34.7,0.001,0.112,0.00,0.018,3.4,5.1,0.8,128,9,3.5,6.0,0.8,125,9,3.4,5.1,0.8,128,9,0,28.80,,0,0,0,37.2,39.9,42.3,0.37,0.34,0.52
BERK,2015-12-01 05:20:00 EST,42.32030,-76.20319,1291,35.1,35.1,32.2,98.5,34.8,0.003,0.116,0.00,0.018,3.6,4.9,0.6,131,8,3.7,5.4,0.7,127,7,3.6,4.9,0.6,131,8,0,28.80,,0,0,0,37.2,39.9,42.3,0.37,0.34,0.52
BERK,2015-12-01 05:25:00 EST,42.32030,-76.20319,1291,35.2,35.2,32.4,98.6,34.8,0.004,0.119,0.00,0.019,3.4,4.6,0.6,130,8,3.5,4.7,0.6,127,9,3.4,4.6,0.6,130,8,0,28.80,,0,0,0,37.2,40.0,42.3,0.37,0.34,0.52
BERK,2015-12-01 05:30:00 EST,42.32030,-76.20319,1291,35.2,35.2,32.2,98.6,34.8,0.000,0.119,0.00,0.019,3.6,4.7,0.5,126,11,3.8,5.4,0.6,122,11,3.6,4.7,0.5,126,11,0,28.79,,0,0,0,37.2,40.0,42.3,0.37,0.34,0.52
BERK,2015-12-01 05:35:00 EST,42.32030,-76.20319,1291,35.2,35.2,32.5,98.7,34.9,0.003,0.122,0.00,0.022,3.4,5.3,0.8,127,10,3.6,5.6,0.8,123,9,3.4,5.3,0.8,127,10,0,28.79,,0,0,0,37.2,39.9,42.3,0.37,0.34,0.52
BERK,2015-12-01 05:40:00 EST,42.32030,-76.20319,1291,35.3,35.3,32.8,98.7,34.9,0.001,0.123,0.00,0.023,3.2,5.3,0.8,124,9,3.4,5.8,1.0,119,10,3.2,5.3,0.8,124,9,0,28.79,,0,0,0,37.3,40.0,42.3,0.37,0.34,0.52
BERK,2015-12-01 05:45:00 EST,42.32030,-76.20319,1291,35.3,35.3,32.8,98.8,35.0,0.000,0.123,0.00,0.020,3.2,5.6,0.9,115,11,3.6,6.7,1.0,112,10,3.2,5.6,0.9,115,11,0,28.78,,0,0,0,37.3,39.9,42.3,0.37,0.34,0.52
BERK,2015-12-01 05:50:00 EST,42.32030,-76.20319,1291,35.4,35.5,32.9,98.8,35.1,0.000,0.123,0.00,0.018,3.2,5.8,0.7,125,14,3.7,6.9,0.9,121,14,3.2,5.8,0.7,125,14,0,28.78,,0,0,0,37.3,40.0,42.3,0.37,0.34,0.52
BERK,2015-12-01 05:55:00 EST,42.32030,-76.20319,1291,35.5,35.5,32.7,98.8,35.2,0.000,0.123,0.00,0.018,3.5,5.1,0.7,127,12,3.8,5.8,0.8,124,12,3.5,5.1,0.7,127,12,0,28.78,,0,0,0,37.3,39.9,42.3,0.37,0.34,0.52
BERK,2015-12-01 06:00:00 EST,42.32030,-76.20319,1291,35.5,35.5,35.5,98.7,35.1,0.002,0.125,0.00,0.020,2.8,4.5,0.7,114,12,3.2,5.8,0.8,109,12,2.8,4.5,0.7,114,12,0,28.78,,0,0,0,37.3,39.9,42.3,0.37,0.34,0.52
BERK,2015-12-01 06:05:00 EST,42.32030,-76.20319,1291,35.5,35.6,32.5,98.7,35.2,0.004,0.129,0.00,0.021,3.7,5.7,0.8,109,13,4.3,6.3,0.9,104,10,3.7,5.7,0.8,109,13,0,28.77,,0,0,0,37.3,40.0,42.3,0.37,0.34,0.52
BERK,2015-12-01 06:10:00 EST,42.32030,-76.20319,1291,35.7,35.8,32.2,98.7,35.4,0.001,0.130,0.00,0.018,4.1,6.9,1.2,115,13,4.9,8.3,1.5,111,12,4.1,6.9,1.2,115,13,0,28.77,,0,0,0,37.4,40.0,42.3,0.37,0.34,0.52
BERK,2015-12-01 06:15:00 EST,42.32030,-76.20319,1291,35.7,35.8,35.7,98.6,35.4,0.000,0.130,0.00,0.017,2.8,5.4,1.0,116,13,3.2,6.7,1.2,112,11,2.8,5.4,1.0,116,13,0,28.77,,0,0,0,37.4,40.0,42.3,0.37,0.34,0.52
BERK,2015-12-01 06:20:00 EST,42.32030,-76.20319,1291,35.7,35.8,35.7,98.5,35.3,0.005,0.135,0.00,0.019,2.9,5.1,1.0,120,13,3.2,5.4,1.1,116,13,2.9,5.1,1.0,120,13,0,28.77,,0,0,0,37.4,40.0,42.2,0.37,0.34,0.52
BERK,2015-12-01 06:25:00 EST,42.32030,-76.20319,1291,35.7,35.8,33.0,98.4,35.3,0.001,0.136,0.00,0.017,3.4,4.8,0.7,109,14,4.0,6.0,1.0,105,12,3.4,4.8,0.7,109,14,0,28.76,,0,0,0,37.4,40.0,42.3,0.37,0.34,0.52
BERK,2015-12-01 06:30:00 EST,42.32030,-76.20319,1291,35.9,36.0,32.0,98.4,35.4,0.000,0.136,0.00,0.017,4.6,8.3,1.3,109,14,5.3,10.5,1.5,106,12,4.6,8.3,1.3,109,14,0,28.76,,0,0,0,37.4,39.9,42.3,0.37,0.34,0.52
BERK,2015-12-01 06:35:00 EST,42.32030,-76.20319,1291,36.0,36.0,32.5,98.3,35.5,0.000,0.136,0.00,0.014,4.2,6.3,0.9,105,13,4.9,7.6,1.3,102,11,4.2,6.3,0.9,105,13,0,28.75,,0,0,0,37.4,39.9,42.3,0.37,0.34,0.52
BERK,2015-12-01 06:40:00 EST,42.32030,-76.20319,1291,36.1,36.1,31.6,98.2,35.6,0.000,0.136,0.00,0.013,5.2,8.5,1.3,114,13,6.0,10.7,1.7,110,11,5.2,8.5,1.3,114,13,0,28.75,,0,0,0,37.4,40.0,42.3,0.37,0.34,0.52
BERK,2015-12-01 06:45:00 EST,42.32030,-76.20319,1291,36.2,36.2,32.7,98.0,35.6,0.002,0.138,0.00,0.015,4.2,8.4,1.3,111,15,5.0,10.3,1.6,106,14,4.2,8.4,1.3,111,15,0,28.76,,0,0,0,37.4,40.0,42.3,0.37,0.34,0.52
BERK,2015-12-01 06:50:00 EST,42.32030,-76.20319,1291,36.2,36.2,32.4,97.8,35.6,0.000,0.138,0.00,0.015,4.5,8.1,1.1,109,15,5.3,9.6,1.3,106,13,4.5,8.1,1.1,109,15,0,28.75,,0,0,0,37.4,39.9,42.3,0.37,0.34,0.52
BERK,2015-12-01 06:55:00 EST,42.32030,-76.20319,1291,36.3,36.3,32.1,97.8,35.7,0.001,0.139,0.00,0.016,5.0,8.5,1.5,105,18,5.9,10.3,1.8,102,15,5.0,8.5,1.5,105,18,0,28.75,,0,0,0,37.4,39.9,42.3,0.37,0.34,0.52
BERK,2015-12-01 07:00:00 EST,42.32030,-76.20319,1291,36.4,36.4,32.0,97.7,35.8,0.000,0.139,0.00,0.014,5.3,9.5,2.0,108,13,6.1,11.0,2.3,104,10,5.3,9.5,2.0,108,13,0,28.74,,0,0,0,37.4,39.9,42.2,0.37,0.34,0.52
BERK,2015-12-01 07:05:00 EST,42.32030,-76.20319,1291,36.5,36.6,32.2,97.5,35.9,0.000,0.139,0.00,0.010,5.2,8.3,1.2,107,12,6.0,10.1,1.5,105,10,5.2,8.3,1.2,107,12,0,28.75,,0,0,0,37.4,40.0,42.2,0.37,0.34,0.52
BERK,2015-12-01 07:10:00 EST,42.32030,-76.20319,1291,36.6,36.7,32.5,97.3,35.9,0.000,0.139,0.00,0.009,4.9,8.8,1.5,117,13,5.6,10.7,1.8,113,12,4.9,8.8,1.5,117,13,0,28.75,,0,0,0,37.5,40.0,42.2,0.37,0.34,0.52
BERK,2015-12-01 07:15:00 EST,42.32030,-76.20319,1291,36.7,36.8,34.1,97.3,36.0,0.000,0.139,0.00,0.009,3.4,5.3,1.0,113,17,3.9,6.0,1.2,110,15,3.4,5.3,1.0,113,17,0,28.76,,0,0,0,37.5,40.0,42.2,0.37,0.34,0.52
BERK,2015-12-01 07:20:00 EST,42.32030,-76.20319,1291,36.7,36.8,33.7,97.3,36.1,0.000,0.139,0.00,0.004,3.8,6.3,1.3,108,14,4.4,7.4,1.6,105,14,3.8,6.3,1.3,108,14,0,28.76,,0,0,0,37.5,39.9,42.2,0.37,0.34,0.52
BERK,2015-12-01 07:25:00 EST,42.32030,-76.20319,1291,36.9,36.9,34.2,97.3,36.2,0.000,0.139,0.00,0.003,3.5,5.3,0.8,118,18,3.9,6.7,1.0,114,17,3.5,5.3,0.8,118,18,0,28.76,,0,0,0,37.4,40.0,42.2,0.37,0.34,0.52
BERK,2015-12-01 07:30:00 EST,42.32030,-76.20319,1291,36.9,37.0,33.8,97.4,36.3,0.000,0.139,0.00,0.003,3.9,6.1,0.9,120,13,4.3,7.6,1.0,117,12,3.9,6.1,0.9,120,13,0,28.76,,0,0,0,37.5,40.0,42.2,0.37,0.34,0.52
BERK,2015-12-01 07:35:00 EST,42.32030,-76.20319,1291,37.1,37.2,33.9,97.3,36.4,0.000,0.139,0.00,0.003,4.1,7.3,1.3,119,15,4.5,8.3,1.6,116,15,4.1,7.3,1.3,119,15,0,28.76,,0,0,0,37.5,40.0,42.2,0.37,0.34,0.52
BERK,2015-12-01 07:40:00 EST,42.32030,-76.20319,1291,37.0,37.0,37.0,97.2,36.3,0.000,0.139,0.00,0.003,2.8,4.0,0.6,135,12,3.1,4.9,0.8,132,12,2.8,4.0,0.6,135,12,0,28.76,,0,0,0,37.5,40.0,42.2,0.37,0.34,0.52
BERK,2015-12-01 07:45:00 EST,42.32030,-76.20319,1291,36.9,37.0,34.5,97.5,36.3,0.000,0.139,0.00,0.001,3.3,5.7,0.9,124,14,3.6,6.7,1.1,120,14,3.3,5.7,0.9,124,14,1,28.76,,0,0,0,37.5,40.0,42.2,0.37,0.34,0.52
BERK,2015-12-01 07:50:00 EST,42.32030,-76.20319,1291,36.8,37.0,34.3,97.7,36.3,0.000,0.139,0.00,0.001,3.4,4.8,0.6,141,9,3.6,5.4,0.7,138,9,3.4,4.8,0.6,141,9,1,28.75,,0,0,0,37.5,39.9,42.2,0.37,0.34,0.52
BERK,2015-12-01 07:55:00 EST,42.32030,-76.20319,1291,36.9,37.0,34.1,97.9,36.3,0.000,0.139,0.00,0.000,3.6,5.8,0.9,130,10,3.8,6.7,1.0,127,9,3.6,5.8,0.9,130,10,2,28.75,,0,0,0,37.5,39.9,42.2,0.37,0.34,0.52
BERK,2015-12-01 08:00:00 EST,42.32030,-76.20319,1291,36.9,37.0,36.9,98.0,36.4,0.000,0.139,0.00,0.000,2.3,4.3,0.8,140,12,2.5,4.5,0.8,137,11,2.3,4.3,0.8,140,12,2,28.75,,0,0,0,37.6,39.9,42.2,0.37,0.34,0.52
BERK,2015-12-01 08:05:00 EST,42.32030,-76.20319,1291,37.0,37.0,37.0,98.1,36.5,0.000,0.139,0.00,0.000,2.8,4.1,0.7,145,10,2.9,4.5,0.8,141,11,2.8,4.1,0.7,145,10,3,28.75,,0,0,0,37.6,40.0,42.2,0.37,0.34,0.52
BERK,2015-12-01 08:10:00 EST,42.32030,-76.20319,1291,37.0,37.0,37.0,98.1,36.5,0.000,0.139,0.00,0.000,3.0,4.2,0.6,150,10,3.3,4.7,0.7,146,12,3.0,4.2,0.6,150,10,4,28.75,,0,0,0,37.6,39.9,42.2,0.37,0.34,0.52
BERK,2015-12-01 08:15:00 EST,42.32030,-76.20319,1291,37.0,37.0,34.6,98.2,36.6,0.000,0.139,0.00,0.000,3.4,4.7,0.6,146,9,3.6,5.1,0.8,142,9,3.4,4.7,0.6,146,9,5,28.75,,0,0,0,37.6,40.0,42.2,0.37,0.34,0.52
BERK,2015-12-01 08:20:00 EST,42.32030,-76.20319,1291,37.1,37.1,34.9,98.3,36.6,0.002,0.141,0.00,0.002,3.1,4.4,0.8,142,8,3.3,5.1,0.9,138,9,3.1,4.4,0.8,142,8,6,28.76,,0,0,0,37.6,39.9,42.2,0.37,0.34,0.52
BERK,2015-12-01 08:25:00 EST,42.32030,-76.20319,1291,37.1,37.1,34.4,98.3,36.7,0.003,0.143,0.00,0.005,3.7,5.3,0.7,135,9,3.8,5.6,0.8,131,8,3.7,5.3,0.7,135,9,8,28.75,,0,0,0,37.6,39.9,42.2,0.37,0.34,0.52
BERK,2015-12-01 08:30:00 EST,42.32030,-76.20319,1291,37.3,37.3,34.8,98.4,36.9,0.005,0.148,0.00,0.009,3.4,4.9,0.6,138,10,3.6,5.4,0.8,135,11,3.4,4.9,0.6,138,10,7,28.76,,0,0,0,37.6,39.9,42.2,0.37,0.34,0.52
BERK,2015-12-01 08:35:00 EST,42.32030,-76.20319,1291,37.4,37.5,35.1,98.5,37.1,0.003,0.150,0.00,0.012,3.3,4.9,0.7,133,9,3.5,5.1,0.7,129,9,3.3,4.9,0.7,133,9,8,28.76,,0,0,0,37.6,40.0,42.2,0.37,0.34,0.52
BERK,2015-12-01 08:40:00 EST,42.32030,-76.20319,1291,37.6,37.5,37.6,98.5,37.2,0.001,0.151,0.00,0.013,2.8,4.5,0.6,135,13,2.8,4.5,0.7,132,12,2.8,4.5,0.6,135,13,11,28.75,,0,0,0,37.6,39.9,42.2,0.37,0.34,0.52
BERK,2015-12-01 08:45:00 EST,42.32030,-76.20319,1291,37.7,37.7,35.2,98.5,37.3,0.004,0.155,0.00,0.016,3.5,5.8,0.9,136,9,3.6,6.0,0.9,133,9,3.5,5.8,0.9,136,9,16,28.75,,0,0,0,37.7,40.0,42.2,0.37,0.34,0.52
BERK,2015-12-01 08:50:00 EST,42.32030,-76.20319,1291,37.8,37.7,34.6,98.6,37.4,0.001,0.156,0.00,0.017,4.1,5.4,0.6,133,7,4.3,5.6,0.6,130,8,4.1,5.4,0.6,133,7,14,28.75,,0,0,0,37.7,40.0,42.2,0.37,0.34,0.52
BERK,2015-12-01 08:55:00 EST,42.32030,-76.20319,1291,37.8,37.8,34.5,98.6,37.4,0.007,0.163,0.00,0.025,4.3,6.1,0.9,131,9,4.6,6.5,0.9,128,9,4.3,6.1,0.9,131,9,17,28.75,,0,0,0,37.7,40.0,42.2,0.37,0.34,0.52
BERK,2015-12-01 09:00:00 EST,42.32030,-76.20319,1291,37.9,37.8,34.0,98.7,37.5,0.006,0.170,0.00,0.031,5.0,7.1,0.8,137,8,5.2,7.4,0.9,134,8,5.0,7.1,0.8,137,8,20,28.75,,0,0,0,37.7,40.0,42.2,0.37,0.34,0.52
BERK,2015-12-01 09:05:00 EST,42.32030,-76.20319,1291,38.0,37.9,34.4,98.7,37.6,0.003,0.173,0.00,0.034,4.6,6.1,0.6,138,8,4.9,6.0,0.7,135,8,4.6,6.1,0.6,138,8,23,28.74,,0,0,0,37.7,40.0,42.2,0.37,0.34,0.52
BERK,2015-12-01 09:10:00 EST,42.32030,-76.20319,1291,38.1,38.0,34.3,98.8,37.8,0.002,0.174,0.00,0.036,4.9,6.7,0.8,141,7,5.3,7.2,0.9,139,8,4.9,6.7,0.8,141,7,26,28.74,,0,0,0,37.8,40.0,42.2,0.37,0.34,0.52
BERK,2015-12-01 09:15:00 EST,42.32030,-76.20319,1291,38.2,38.0,34.1,98.8,37.9,0.001,0.175,0.00,0.037,5.3,7.5,0.9,136,8,5.7,8.3,0.9,134,9,5.3,7.5,0.9,136,8,33,28.74,,0,0,0,37.8,40.0,42.2,0.37,0.34,0.52
BERK,2015-12-01 09:20:00 EST,42.32030,-76.20319,1291,38.3,38.2,34.9,98.9,38.0,0.000,0.175,0.00,0.035,4.5,6.2,0.9,137,13,4.8,6.9,1.1,134,11,4.5,6.2,0.9,137,13,38,28.74,,0,0,0,37.8,40.0,42.2,0.37,0.34,0.52
BERK,2015-12-01 09:25:00 EST,42.32030,-76.20319,1291,38.5,38.3,38.5,98.9,38.2,0.000,0.175,0.00,0.032,3.0,4.9,0.7,141,10,3.2,4.9,0.7,139,11,3.0,4.9,0.7,141,10,37,28.74,,0,0,0,37.8,40.0,42.2,0.37,0.34,0.52
BERK,2015-12-01 09:30:00 EST,42.32030,-76.20319,1291,38.6,38.5,36.1,98.9,38.3,0.000,0.175,0.00,0.028,3.6,5.8,0.7,133,11,3.7,5.8,0.9,130,11,3.6,5.8,0.7,133,11,40,28.74,,0,0,0,37.8,40.0,42.2,0.37,0.34,0.52
BERK,2015-12-01 09:35:00 EST,42.32030,-76.20319,1291,38.7,38.6,35.9,98.9,38.5,0.000,0.175,0.00,0.025,3.9,5.6,0.7,144,9,4.2,6.0,0.9,143,10,3.9,5.6,0.7,144,9,41,28.74,,0,0,0,37.8,40.0,42.2,0.37,0.34,0.52
BERK,2015-12-01 09:40:00 EST,42.32030,-76.20319,1291,39.0,38.8,36.1,99.0,38.7,0.000,0.175,0.00,0.024,4.0,6.4,0.9,142,10,4.3,6.5,0.9,138,10,4.0,6.4,0.9,142,10,39,28.74,,0,0,0,37.9,40.0,42.2,0.37,0.34,0.52
BERK,2015-12-01 09:45:00 EST,42.32030,-76.20319,1291,39.1,39.0,36.4,99.0,38.8,0.000,0.175,0.00,0.020,3.8,6.0,0.8,138,13,4.1,7.4,1.0,136,13,3.8,6.0,0.8,138,13,32,28.74,,0,0,0,37.9,40.0,42.1,0.37,0.34,0.52
BERK,2015-12-01 09:50:00 EST,42.32030,-76.20319,1291,39.3,39.2,36.6,99.0,39.0,0.000,0.175,0.00,0.019,3.8,5.3,0.8,135,11,4.0,6.0,1.0,134,11,3.8,5.3,0.8,135,11,30,28.74,,0,0,0,37.9,40.0,42.2,0.37,0.34,0.52
BERK,2015-12-01 09:55:00 EST,42.32030,-76.20319,1291,39.4,39.3,36.8,99.0,39.1,0.000,0.175,0.00,0.012,3.8,5.0,0.7,131,12,4.2,6.7,0.9,129,12,3.8,5.0,0.7,131,12,28,28.74,,0,0,0,37.9,40.0,42.1,0.37,0.34,0.52
BERK,2015-12-01 10:00:00 EST,42.32030,-76.20319,1291,39.5,39.4,36.3,98.9,39.2,0.000,0.175,0.00,0.006,4.5,6.3,0.7,134,13,4.8,6.7,0.8,133,14,4.5,6.3,0.7,134,13,25,28.74,,0,0,0,37.9,40.0,42.1,0.37,0.34,0.52
BERK,2015-12-01 10:05:00 EST,42.32030,-76.20319,1291,39.6,39.5,36.6,98.9,39.3,0.000,0.175,0.00,0.003,4.2,6.1,0.8,134,11,4.4,6.3,1.0,132,11,4.2,6.1,0.8,134,11,25,28.74,,0,0,0,37.9,40.0,42.1,0.37,0.34,0.52
BERK,2015-12-01 10:10:00 EST,42.32030,-76.20319,1291,39.6,39.5,37.1,98.8,39.3,0.000,0.175,0.00,0.001,3.8,5.6,0.8,133,11,4.1,6.3,0.9,130,10,3.8,5.6,0.8,133,11,26,28.74,,0,0,0,38.0,40.0,42.1,0.37,0.34,0.52
BERK,2015-12-01 10:15:00 EST,42.32030,-76.20319,1291,39.7,39.6,36.9,98.8,39.3,0.000,0.175,0.00,0.000,4.0,5.6,0.8,134,16,4.3,6.3,0.9,131,17,4.0,5.6,0.8,134,16,28,28.74,,0,0,0,38.0,40.1,42.1,0.37,0.34,0.52
BERK,2015-12-01 10:20:00 EST,42.32030,-76.20319,1291,39.8,39.6,37.6,98.7,39.4,0.000,0.175,0.00,0.000,3.5,5.6,0.8,138,12,3.6,5.6,0.8,134,11,3.5,5.6,0.8,138,12,31,28.74,,0,0,0,38.0,40.1,42.1,0.37,0.34,0.52
BERK,2015-12-01 10:25:00 EST,42.32030,-76.20319,1291,39.8,39.7,37.9,98.7,39.5,0.000,0.175,0.00,0.000,3.3,4.6,0.7,133,15,3.5,5.1,0.8,130,15,3.3,4.6,0.7,133,15,31,28.74,,0,0,0,38.0,40.0,42.1,0.37,0.34,0.52
BERK,2015-12-01 10:30:00 EST,42.32030,-76.20319,1291,39.9,39.8,37.4,98.7,39.6,0.000,0.175,0.00,0.000,3.9,6.3,1.0,147,9,4.3,6.9,1.1,143,10,3.9,6.3,1.0,147,9,28,28.74,,0,0,0,38.1,40.0,42.1,0.37,0.34,0.52
BERK,2015-12-01 10:35:00 EST,42.32030,-76.20319,1291,40.0,39.9,37.6,98.6,39.7,0.000,0.175,0.00,0.000,3.8,5.3,0.7,131,15,4.0,6.7,0.8,128,15,3.8,5.3,0.7,131,15,29,28.73,,0,0,0,38.1,40.1,42.1,0.37,0.34,0.52
BERK,2015-12-01 10:40:00 EST,42.32030,-76.20319,1291,40.1,40.0,38.0,98.6,39.8,0.000,0.175,0.00,0.000,3.5,5.2,0.9,133,13,3.9,6.0,1.0,130,12,3.5,5.2,0.9,133,13,31,28.73,,0,0,0,38.1,40.1,42.1,0.37,0.34,0.52
BERK,2015-12-01 10:45:00 EST,42.32030,-76.20319,1291,40.3,40.2,37.3,98.6,39.9,0.000,0.175,0.00,0.000,4.3,7.2,1.3,133,13,4.6,7.8,1.3,130,11,4.3,7.2,1.3,133,13,31,28.73,,0,0,0,38.1,40.0,42.1,0.37,0.34,0.52
BERK,2015-12-01 10:50:00 EST,42.32030,-76.20319,1291,40.4,40.3,37.4,98.6,40.0,0.000,0.175,0.00,0.000,4.4,7.2,1.2,134,13,4.7,7.8,1.3,132,12,4.4,7.2,1.2,134,13,28,28.73,,0,0,0,38.1,40.1,42.1,0.37,0.34,0.52
BERK,2015-12-01 10:55:00 EST,42.32030,-76.20319,1291,40.6,40.6,36.3,98.6,40.3,0.000,0.175,0.00,0.000,6.3,10.4,1.7,140,13,7.0,11.9,1.9,140,15,6.3,10.4,1.7,140,13,26,28.73,,0,0,0,38.2,40.1,42.1,0.37,0.34,0.52
BERK,2015-12-01 11:00:00 EST,42.32030,-76.20319,1291,40.9,40.8,36.2,97.8,40.3,0.000,0.175,0.00,0.000,7.1,11.6,1.9,129,15,7.5,12.3,2.0,128,14,7.1,11.6,1.9,129,15,23,28.73,,0,0,0,38.3,40.1,42.1,0.37,0.34,0.52
BERK,2015-12-01 11:05:00 EST,42.32030,-76.20319,1291,40.9,40.8,36.9,97.2,40.1,0.000,0.175,0.00,0.000,5.8,8.9,1.3,131,15,6.1,8.7,1.3,129,14,5.8,8.9,1.3,131,15,22,28.73,,0,0,0,38.3,40.1,42.1,0.37,0.34,0.52
BERK,2015-12-01 11:10:00 EST,42.32030,-76.20319,1291,41.0,41.0,36.8,97.1,40.3,0.000,0.175,0.00,0.000,6.2,12.0,1.7,142,22,6.9,14.5,2.1,142,22,6.2,12.0,1.7,142,22,21,28.73,,0,0,0,38.3,40.1,42.1,0.37,0.34,0.52
BERK,2015-12-01 11:15:00 EST,42.32030,-76.20319,1291,41.3,41.4,36.5,96.7,40.5,0.000,0.175,0.00,0.000,7.5,13.5,2.5,134,15,8.0,14.5,2.5,130,16,7.5,13.5,2.5,134,15,26,28.72,,0,0,0,38.3,40.1,42.1,0.37,0.34,0.52
BERK,2015-12-01 11:20:00 EST,42.32030,-76.20319,1291,41.5,41.5,36.7,95.9,40.4,0.000,0.175,0.00,0.000,7.5,11.8,1.9,140,11,7.9,11.6,1.8,139,12,7.5,11.8,1.9,140,11,23,28.72,,0,0,0,38.3,40.1,42.1,0.37,0.34,0.52
BERK,2015-12-01 11:25:00 EST,42.32030,-76.20319,1291,41.6,41.6,37.5,96.1,40.6,0.000,0.175,0.00,0.000,6.4,11.7,2.0,139,15,7.1,12.8,2.2,137,16,6.4,11.7,2.0,139,15,25,28.72,,0,0,0,38.3,40.1,42.1,0.37,0.34,0.52
BERK,2015-12-01 11:30:00 EST,42.32030,-76.20319,1291,41.7,41.7,36.8,95.9,40.6,0.000,0.175,0.00,0.000,7.7,14.1,2.5,143,12,8.3,14.5,2.5,141,13,7.7,14.1,2.5,143,12,23,28.71,,0,0,0,38.4,40.1,42.1,0.37,0.34,0.52
BERK,2015-12-01 11:35:00 EST,42.32030,-76.20319,1291,41.8,41.7,36.9,95.9,40.7,0.000,0.175,0.00,0.000,7.7,13.4,2.1,135,14,8.3,13.2,2.2,133,14,7.7,13.4,2.1,135,14,27,28.71,,0,0,0,38.4,40.1,42.1,0.37,0.34,0.52
BERK,2015-12-01 11:40:00 EST,42.32030,-76.20319,1291,41.8,41.8,37.0,95.9,40.7,0.000,0.175,0.00,0.000,7.5,11.5,1.7,134,12,8.0,12.5,1.5,131,10,7.5,11.5,1.7,134,12,31,28.71,,0,0,0,38.5,40.1,42.1,0.37,0.34,0.52
BERK,2015-12-01 11:45:00 EST,42.32030,-76.20319,1291,41.8,41.8,37.7,96.2,40.8,0.000,0.175,0.00,0.000,6.4,10.6,1.5,139,14,7.0,13.0,1.8,137,15,6.4,10.6,1.5,139,14,30,28.71,,0,0,0,38.5,40.1,42.1,0.37,0.34,0.52
BERK,2015-12-01 11:50:00 EST,42.32030,-76.20319,1291,41.9,41.8,37.3,96.4,40.9,0.000,0.175,0.00,0.000,7.1,11.0,1.7,139,12,7.7,12.1,1.8,139,14,7.1,11.0,1.7,139,12,26,28.71,,0,0,0,38.5,40.1,42.1,0.37,0.34,0.52
BERK,2015-12-01 11:55:00 EST,42.32030,-76.20319,1291,41.9,41.9,37.5,96.2,40.9,0.000,0.175,0.00,0.000,7.0,11.6,2.0,138,13,7.6,11.9,1.9,136,13,7.0,11.6,2.0,138,13,25,28.71,,0,0,0,38.5,40.1,42.1,0.37,0.34,0.52
BERK,2015-12-01 12:00:00 EST,42.32030,-76.20319,1291,42.0,42.0,36.8,96.1,41.0,0.002,0.177,0.00,0.002,8.3,12.8,1.9,135,13,8.8,14.3,1.8,132,13,8.3,12.8,1.9,135,13,26,28.70,,0,0,0,38.5,40.1,42.1,0.37,0.34,0.52
BERK,2015-12-01 12:05:00 EST,42.32030,-76.20319,1291,42.0,42.0,37.7,96.2,41.0,0.000,0.177,0.00,0.002,6.8,12.6,1.9,139,14,7.4,12.5,1.8,135,15,6.8,12.6,1.9,139,14,28,28.70,,0,0,0,38.6,40.1,42.1,0.37,0.34,0.52
BERK,2015-12-01 12:10:00 EST,42.32030,-76.20319,1291,42.1,42.0,37.4,96.2,41.1,0.000,0.177,0.00,0.002,7.4,12.1,1.8,139,17,7.9,13.0,1.8,138,16,7.4,12.1,1.8,139,17,25,28.70,,0,0,0,38.6,40.1,42.1,0.37,0.34,0.52
BERK,2015-12-01 12:15:00 EST,42.32030,-76.20319,1291,42.2,42.2,37.2,95.9,41.1,0.000,0.177,0.00,0.002,8.0,13.4,2.1,137,15,8.6,13.9,2.2,136,16,8.0,13.4,2.1,137,15,25,28.69,,0,0,0,38.6,40.1,42.1,0.37,0.34,0.52
BERK,2015-12-01 12:20:00 EST,42.32030,-76.20319,1291,42.3,42.3,37.6,95.5,41.1,0.000,0.177,0.00,0.002,7.5,12.1,2.2,138,15,8.1,12.1,2.5,137,14,7.5,12.1,2.2,138,15,29,28.69,,0,0,0,38.7,40.1,42.1,0.37,0.34,0.52
BERK,2015-12-01 12:25:00 EST,42.32030,-76.20319,1291,42.3,42.3,37.5,95.3,41.1,0.000,0.177,0.00,0.002,7.9,13.7,2.2,141,12,8.4,15.2,2.2,140,12,7.9,13.7,2.2,141,12,31,28.69,,0,0,0,38.7,40.1,42.1,0.37,0.34,0.52
BERK,2015-12-01 12:30:00 EST,42.32030,-76.20319,1291,42.4,42.4,37.7,95.2,41.1,0.000,0.177,0.00,0.002,7.6,11.8,1.9,140,14,8.3,14.1,2.1,139,13,7.6,11.8,1.9,140,14,33,28.68,,0,0,0,38.7,40.1,42.1,0.37,0.35,0.52
BERK,2015-12-01 12:35:00 EST,42.32030,-76.20319,1291,42.6,42.5,36.6,94.7,41.1,0.000,0.177,0.00,0.002,10.4,16.1,3.2,143,14,11.2,17.4,3.3,141,15,10.4,16.1,3.2,143,14,34,28.68,,0,0,0,38.7,40.1,42.1,0.37,0.35,0.52
BERK,2015-12-01 12:40:00 EST,42.32030,-76.20319,1291,42.6,42.6,36.6,93.9,41.0,0.000,0.177,0.00,0.002,10.9,16.4,2.4,141,13,11.6,16.1,2.5,140,13,10.9,16.4,2.4,141,13,35,28.68,,0,0,0,38.8,40.1,42.1,0.37,0.35,0.52
BERK,2015-12-01 12:45:00 EST,42.32030,-76.20319,1291,42.6,42.6,37.0,94.0,41.0,0.000,0.177,0.00,0.002,9.9,16.1,2.6,139,13,10.5,17.0,2.7,140,13,9.9,16.1,2.6,139,13,40,28.68,,0,0,0,38.8,40.1,42.1,0.37,0.35,0.52
BERK,2015-12-01 12:50:00 EST,42.32030,-76.20319,1291,42.6,42.5,36.5,94.5,41.1,0.004,0.181,0.00,0.006,10.9,17.2,2.3,141,11,11.3,16.8,2.2,140,11,10.9,17.2,2.3,141,11,44,28.67,,0,0,0,38.8,40.1,42.1,0.37,0.35,0.52
BERK,2015-12-01 12:55:00 EST,42.32030,-76.20319,1291,42.6,42.5,36.4,94.8,41.2,0.000,0.181,0.00,0.006,11.1,16.0,2.5,137,13,11.5,17.0,2.6,134,12,11.1,16.0,2.5,137,13,43,28.67,,0,0,0,38.8,40.1,42.1,0.37,0.35,0.52
BERK,2015-12-01 13:00:00 EST,42.32030,-76.20319,1291,42.6,42.6,37.0,94.9,41.2,0.000,0.181,0.00,0.004,9.7,15.0,2.3,139,15,10.4,16.6,2.1,138,13,9.7,15.0,2.3,139,15,44,28.67,,0,0,0,38.8,40.1,42.1,0.37,0.35,0.52
BERK,2015-12-01 13:05:00 EST,42.32030,-76.20319,1291,42.6,42.6,37.0,95.3,41.4,0.000,0.181,0.00,0.004,9.7,15.9,2.9,139,14,10.4,18.3,2.9,138,14,9.7,15.9,2.9,139,14,47,28.66,,0,0,0,38.9,40.1,42.1,0.37,0.35,0.52
BERK,2015-12-01 13:10:00 EST,42.32030,-76.20319,1291,42.7,42.6,36.7,95.3,41.4,0.000,0.181,0.00,0.004,10.6,16.7,2.8,140,13,11.2,17.4,2.8,140,13,10.6,16.7,2.8,140,13,49,28.66,,0,0,0,38.9,40.1,42.1,0.37,0.35,0.52
BERK,2015-12-01 13:15:00 EST,42.32030,-76.20319,1291,42.8,42.7,36.9,95.1,41.5,0.000,0.181,0.00,0.004,10.4,17.2,3.2,140,12,11.4,17.4,3.1,141,14,10.4,17.2,3.2,140,12,46,28.65,,0,0,0,39.0,40.1,42.1,0.37,0.35,0.52
BERK,2015-12-01 13:20:00 EST,42.32030,-76.20319,1291,42.8,42.8,36.5,95.0,41.5,0.002,0.183,0.00,0.006,11.8,18.7,2.3,143,14,12.4,18.6,2.2,142,14,11.8,18.7,2.3,143,14,41,28.65,,0,0,0,39.0,40.1,42.1,0.37,0.34,0.52
BERK,2015-12-01 13:25:00 EST,42.32030,-76.20319,1291,42.9,42.9,36.6,94.8,41.5,0.000,0.183,0.00,0.006,11.7,19.3,2.7,142,13,12.5,18.1,2.5,140,14,11.7,19.3,2.7,142,13,39,28.65,,0,0,0,39.0,40.1,42.1,0.37,0.35,0.52
BERK,2015-12-01 13:30:00 EST,42.32030,-76.20319,1291,42.9,42.9,36.5,94.8,41.5,0.000,0.183,0.00,0.006,11.9,17.8,2.9,143,13,12.8,19.0,3.0,145,13,11.9,17.8,2.9,143,13,42,28.64,,0,0,0,39.0,40.1,42.1,0.37,0.35,0.52
BERK,2015-12-01 13:35:00 EST,42.32030,-76.20319,1291,43.0,42.9,36.6,94.8,41.6,0.000,0.183,0.00,0.006,11.9,16.7,2.1,141,12,12.6,18.1,2.3,141,13,11.9,16.7,2.1,141,12,45,28.64,,0,0,0,39.1,40.1,42.1,0.37,0.35,0.52
BERK,2015-12-01 13:40:00 EST,42.32030,-76.20319,1291,43.1,43.1,36.6,94.6,41.6,0.000,0.183,0.00,0.006,12.4,18.9,3.0,149,13,13.4,19.5,2.7,148,13,12.4,18.9,3.0,149,13,44,28.64,,0,0,0,39.1,40.1,42.1,0.37,0.34,0.52
BERK,2015-12-01 13:45:00 EST,42.32030,-76.20319,1291,43.2,43.2,36.7,94.2,41.6,0.000,0.183,0.00,0.006,12.4,18.9,2.3,144,12,12.9,19.7,2.4,144,11,12.4,18.9,2.3,144,12,41,28.64,,0,0,0,39.1,40.1,42.1,0.37,0.35,0.52
BERK,2015-12-01 13:50:00 EST,42.32030,-76.20319,1291,43.2,43.2,37.1,94.1,41.6,0.000,0.183,0.00,0.002,11.5,17.8,2.8,140,13,12.3,17.9,2.8,140,13,11.5,17.8,2.8,140,13,43,28.63,,0,0,0,39.2,40.2,42.1,0.37,0.35,0.52
BERK,2015-12-01 13:55:00 EST,42.32030,-76.20319,1291,43.3,43.3,37.1,93.9,41.6,0.000,0.183,0.00,0.002,11.7,16.7,2.4,144,13,12.4,18.1,2.3,143,13,11.7,16.7,2.4,144,13,38,28.63,,0,0,0,39.2,40.2,42.1,0.37,0.34,0.52
BERK,2015-12-01 14:00:00 EST,42.32030,-76.20319,1291,43.3,43.3,37.7,93.7,41.6,0.000,0.183,0.00,0.002,10.1,15.9,2.6,142,13,10.9,17.2,2.5,140,13,10.1,15.9,2.6,142,13,38,28.62,,0,0,0,39.2,40.2,42.1,0.37,0.35,0.52
BERK,2015-12-01 14:05:00 EST,42.32030,-76.20319,1291,43.4,43.4,37.7,93.8,41.7,0.000,0.183,0.00,0.002,10.3,15.1,1.9,143,13,11.3,16.1,2.0,144,13,10.3,15.1,1.9,143,13,38,28.62,,0,0,0,39.2,40.2,42.1,0.37,0.34,0.52
BERK,2015-12-01 14:10:00 EST,42.32030,-76.20319,1291,43.6,43.6,37.8,93.0,41.7,0.000,0.183,0.00,0.002,10.7,18.1,3.1,141,14,11.5,18.8,3.0,141,13,10.7,18.1,3.1,141,14,36,28.62,,0,0,0,39.2,40.2,42.1,0.37,0.34,0.52
BERK,2015-12-01 14:15:00 EST,42.32030,-76.20319,1291,43.6,43.6,39.1,92.8,41.7,0.000,0.183,0.00,0.002,7.8,12.0,1.8,140,14,8.6,13.4,2.1,140,14,7.8,12.0,1.8,140,14,34,28.61,,0,0,0,39.2,40.2,42.1,0.37,0.34,0.52
BERK,2015-12-01 14:20:00 EST,42.32030,-76.20319,1291,43.7,43.7,39.0,93.0,41.8,0.000,0.183,0.00,0.000,8.3,13.8,2.0,142,14,9.0,14.1,2.2,140,15,8.3,13.8,2.0,142,14,35,28.61,,0,0,0,39.2,40.3,42.1,0.37,0.34,0.52
BERK,2015-12-01 14:25:00 EST,42.32030,-76.20319,1291,43.9,43.9,38.8,92.6,41.9,0.000,0.183,0.00,0.000,9.2,13.9,2.3,147,11,9.9,15.9,2.6,146,13,9.2,13.9,2.3,147,11,35,28.61,,0,0,0,39.2,40.3,42.1,0.37,0.34,0.52
BERK,2015-12-01 14:30:00 EST,42.32030,-76.20319,1291,44.1,44.1,39.8,92.3,42.0,0.000,0.183,0.00,0.000,7.5,15.8,2.8,150,16,8.4,17.9,3.2,151,15,7.5,15.8,2.8,150,16,31,28.62,,0,0,0,39.2,40.2,42.1,0.37,0.35,0.52
BERK,2015-12-01 14:35:00 EST,42.32030,-76.20319,1291,44.2,44.2,38.6,91.9,42.0,0.000,0.183,0.00,0.000,10.6,16.4,3.0,144,12,11.4,18.1,3.1,144,12,10.6,16.4,3.0,144,12,30,28.61,,0,0,0,39.3,40.3,42.1,0.37,0.34,0.52
BERK,2015-12-01 14:40:00 EST,42.32030,-76.20319,1291,44.2,44.2,39.5,91.6,41.9,0.000,0.183,0.00,0.000,8.5,13.7,2.7,148,13,9.3,16.8,3.0,147,13,8.5,13.7,2.7,148,13,23,28.62,,0,0,0,39.3,40.2,42.1,0.37,0.34,0.52
BERK,2015-12-01 14:45:00 EST,42.32030,-76.20319,1291,44.4,44.4,39.3,91.3,42.0,0.000,0.183,0.00,0.000,9.4,15.2,2.6,144,13,10.3,17.2,2.7,142,13,9.4,15.2,2.6,144,13,16,28.63,,0,0,0,39.4,40.3,42.1,0.37,0.35,0.52
BERK,2015-12-01 14:50:00 EST,42.32030,-76.20319,1291,44.4,44.5,39.7,90.9,41.9,0.000,0.183,0.00,0.000,8.6,13.3,2.4,144,13,9.6,15.2,2.6,143,14,8.6,13.3,2.4,144,13,11,28.63,,0,0,0,39.4,40.3,42.1,0.37,0.35,0.52
BERK,2015-12-01 14:55:00 EST,42.32030,-76.20319,1291,44.4,44.5,41.0,91.2,42.0,0.000,0.183,0.00,0.000,6.0,11.9,2.0,136,16,6.4,12.1,2.0,136,16,6.0,11.9,2.0,136,16,10,28.63,,0,0,0,39.4,40.3,42.1,0.37,0.35,0.52
BERK,2015-12-01 15:00:00 EST,42.32030,-76.20319,1291,44.4,44.5,41.2,91.3,42.0,0.000,0.183,0.00,0.000,5.7,9.8,1.5,139,16,6.1,10.3,1.5,137,15,5.7,9.8,1.5,139,16,9,28.63,,0,0,0,39.4,40.3,42.1,0.37,0.35,0.52
BERK,2015-12-01 15:05:00 EST,42.32030,-76.20319,1291,44.3,44.4,41.6,91.7,42.1,0.000,0.183,0.00,0.000,5.0,7.9,1.2,135,12,5.3,8.5,1.3,132,13,5.0,7.9,1.2,135,12,8,28.63,,0,0,0,39.4,40.3,42.1,0.37,0.35,0.52
BERK,2015-12-01 15:10:00 EST,42.32030,-76.20319,1291,44.3,44.4,41.1,91.9,42.1,0.000,0.183,0.00,0.000,5.7,10.2,1.7,135,11,6.2,11.4,1.9,133,10,5.7,10.2,1.7,135,11,8,28.63,,0,0,0,39.5,40.3,42.1,0.37,0.35,0.52
BERK,2015-12-01 15:15:00 EST,42.32030,-76.20319,1291,44.2,44.4,40.9,92.4,42.2,0.000,0.183,0.00,0.000,5.8,9.6,1.4,139,13,6.4,9.6,1.4,135,11,5.8,9.6,1.4,139,13,9,28.63,,0,0,0,39.5,40.3,42.0,0.37,0.35,0.52
BERK,2015-12-01 15:20:00 EST,42.32030,-76.20319,1291,44.3,44.4,40.9,92.4,42.2,0.000,0.183,0.00,0.000,5.9,8.7,1.2,138,11,6.4,9.4,1.2,136,10,5.9,8.7,1.2,138,11,8,28.62,,0,0,0,39.5,40.3,42.1,0.37,0.35,0.52
BERK,2015-12-01 15:25:00 EST,42.32030,-76.20319,1291,44.3,44.4,41.4,92.5,42.2,0.000,0.183,0.00,0.000,5.1,7.7,1.2,141,15,5.8,8.5,1.1,141,14,5.1,7.7,1.2,141,15,6,28.62,,0,0,0,39.6,40.3,42.1,0.37,0.35,0.52
BERK,2015-12-01 15:30:00 EST,42.32030,-76.20319,1291,44.3,44.4,41.3,92.5,42.3,0.000,0.183,0.00,0.000,5.3,8.3,1.3,144,14,5.9,9.8,1.4,141,13,5.3,8.3,1.3,144,14,4,28.63,,0,0,0,39.6,40.3,42.1,0.37,0.35,0.52
BERK,2015-12-01 15:35:00 EST,42.32030,-76.20319,1291,44.4,44.5,41.1,92.2,42.3,0.000,0.183,0.00,0.000,5.9,9.8,1.7,147,13,6.5,9.8,1.7,145,12,5.9,9.8,1.7,147,13,3,28.64,,0,0,0,39.5,40.3,42.1,0.37,0.35,0.52
BERK,2015-12-01 15:40:00 EST,42.32030,-76.20319,1291,44.4,44.5,41.1,92.2,42.3,0.000,0.183,0.00,0.000,5.8,8.7,1.3,141,14,6.4,9.6,1.3,140,13,5.8,8.7,1.3,141,14,2,28.64,,0,0,0,39.6,40.3,42.1,0.37,0.35,0.52
BERK,2015-12-01 15:45:00 EST,42.32030,-76.20319,1291,44.5,44.7,40.9,92.0,42.4,0.000,0.183,0.00,0.000,6.4,12.4,2.1,148,12,7.1,14.1,2.3,149,12,6.4,12.4,2.1,148,12,1,28.64,,0,0,0,39.6,40.3,42.1,0.37,0.35,0.52
BERK,2015-12-01 15:50:00 EST,42.32030,-76.20319,1291,44.6,44.8,41.2,91.7,42.4,0.000,0.183,0.00,0.000,6.2,9.2,1.9,141,11,6.9,10.5,1.9,139,10,6.2,9.2,1.9,141,11,1,28.64,,0,0,0,39.7,40.3,42.1,0.37,0.35,0.52
BERK,2015-12-01 15:55:00 EST,42.32030,-76.20319,1291,44.7,44.8,40.9,91.4,42.3,0.000,0.183,0.00,0.000,6.8,10.5,1.6,137,13,7.4,12.5,1.8,136,12,6.8,10.5,1.6,137,13,2,28.64,,0,0,0,39.7,40.3,42.1,0.37,0.35,0.52
BERK,2015-12-01 16:00:00 EST,42.32030,-76.20319,1291,44.7,44.9,40.8,91.2,42.3,0.000,0.183,0.00,0.000,7.0,10.7,1.8,144,15,7.7,12.3,2.0,142,14,7.0,10.7,1.8,144,15,2,28.63,,0,0,0,39.7,40.3,42.1,0.37,0.35,0.52
BERK,2015-12-01 16:05:00 EST,42.32030,-76.20319,1291,44.7,44.8,41.2,91.3,42.3,0.000,0.183,0.00,0.000,6.3,9.4,1.3,142,12,6.8,10.3,1.4,141,12,6.3,9.4,1.3,142,12,1,28.64,,0,0,0,39.7,40.3,42.1,0.37,0.35,0.52
BERK,2015-12-01 16:10:00 EST,42.32030,-76.20319,1291,44.6,44.7,41.2,91.6,42.3,0.000,0.183,0.00,0.000,6.1,9.3,1.7,133,14,6.6,10.1,1.7,130,14,6.1,9.3,1.7,133,14,0,28.63,,0,0,0,39.7,40.4,42.1,0.37,0.35,0.52
BERK,2015-12-01 16:15:00 EST,42.32030,-76.20319,1291,44.4,44.5,40.9,92.2,42.3,0.000,0.183,0.00,0.000,6.2,9.0,1.3,136,12,6.6,10.7,1.4,134,12,6.2,9.0,1.3,136,12,0,28.63,,0,0,0,39.7,40.3,42.1,0.37,0.35,0.52
BERK,2015-12-01 16:20:00 EST,42.32030,-76.20319,1291,44.3,44.4,41.3,93.0,42.4,0.000,0.183,0.00,0.000,5.3,9.1,1.2,135,13,5.8,9.2,1.2,135,12,5.3,9.1,1.2,135,13,0,28.63,,0,0,0,39.7,40.4,42.1,0.37,0.35,0.52
BERK,2015-12-01 16:25:00 EST,42.32030,-76.20319,1291,44.2,44.3,41.1,93.4,42.4,0.000,0.183,0.00,0.000,5.5,8.0,1.4,137,12,6.1,9.2,1.4,136,11,5.5,8.0,1.4,137,12,0,28.63,,0,0,0,39.8,40.4,42.1,0.37,0.35,0.52
BERK,2015-12-01 16:30:00 EST,42.32030,-76.20319,1291,44.1,44.2,40.9,93.6,42.4,0.000,0.183,0.00,0.000,5.6,8.9,1.7,144,10,6.1,9.6,1.7,141,10,5.6,8.9,1.7,144,10,0,28.64,,0,0,0,39.9,40.4,42.1,0.37,0.35,0.52
BERK,2015-12-01 16:35:00 EST,42.32030,-76.20319,1291,44.1,44.1,40.8,93.8,42.4,0.000,0.183,0.00,0.000,5.7,8.7,1.4,141,14,6.2,9.6,1.5,140,12,5.7,8.7,1.4,141,14,0,28.63,,0,0,0,39.8,40.4,42.1,0.37,0.35,0.52
BERK,2015-12-01 16:40:00 EST,42.32030,-76.20319,1291,44.0,44.1,40.2,93.9,42.4,0.000,0.183,0.00,0.000,6.7,10.0,1.6,138,11,7.4,10.7,1.5,136,10,6.7,10.0,1.6,138,11,0,28.63,,0,0,0,39.9,40.5,42.1,0.37,0.35,0.52
BERK,2015-12-01 16:45:00 EST,42.32030,-76.20319,1291,44.0,44.0,39.5,94.1,42.4,0.000,0.183,0.00,0.000,7.8,13.7,1.9,137,13,8.5,15.2,2.0,136,12,7.8,13.7,1.9,137,13,0,28.63,,0,0,0,39.9,40.5,42.1,0.37,0.35,0.52
BERK,2015-12-01 16:50:00 EST,42.32030,-76.20319,1291,43.9,44.0,39.6,94.3,42.4,0.000,0.183,0.00,0.000,7.5,12.0,1.8,134,15,8.2,13.4,2.0,133,13,7.5,12.0,1.8,134,15,0,28.62,,0,0,0,39.9,40.4,42.1,0.37,0.35,0.52
BERK,2015-12-01 16:55:00 EST,42.32030,-76.20319,1291,43.8,43.8,39.4,94.4,42.3,0.000,0.183,0.00,0.000,7.7,12.5,1.9,136,16,8.2,13.4,1.9,133,15,7.7,12.5,1.9,136,16,0,28.62,,0,0,0,39.9,40.5,42.1,0.37,0.35,0.52
BERK,2015-12-01 17:00:00 EST,42.32030,-76.20319,1291,43.7,43.8,38.5,94.7,42.3,0.000,0.183,0.00,0.000,9.4,15.1,2.1,134,12,10.0,15.2,2.2,132,11,9.4,15.1,2.1,134,12,0,28.62,,0,0,0,39.9,40.4,42.1,0.37,0.35,0.52
BERK,2015-12-01 17:05:00 EST,42.32030,-76.20319,1291,43.6,43.6,38.7,95.3,42.4,0.000,0.183,0.00,0.000,8.6,13.5,1.8,133,14,9.1,14.3,2.0,130,14,8.6,13.5,1.8,133,14,0,28.62,,0,0,0,39.9,40.4,42.1,0.37,0.35,0.52
BERK,2015-12-01 17:10:00 EST,42.32030,-76.20319,1291,43.5,43.5,38.9,95.8,42.4,0.000,0.183,0.00,0.000,7.9,13.4,2.1,135,12,8.6,14.8,2.1,133,12,7.9,13.4,2.1,135,12,0,28.61,,0,0,0,39.9,40.5,42.1,0.37,0.35,0.52
BERK,2015-12-01 17:15:00 EST,42.32030,-76.20319,1291,43.4,43.4,39.2,96.2,42.4,0.000,0.183,0.00,0.000,7.1,11.4,1.9,135,13,7.7,12.3,1.9,132,12,7.1,11.4,1.9,135,13,0,28.61,,0,0,0,39.9,40.5,42.1,0.37,0.35,0.52
BERK,2015-12-01 17:20:00 EST,42.32030,-76.20319,1291,43.4,43.4,39.6,96.5,42.4,0.000,0.183,0.00,0.000,6.3,12.2,1.9,133,14,7.0,12.1,2.1,131,12,6.3,12.2,1.9,133,14,0,28.61,,0,0,0,40.0,40.5,42.1,0.37,0.35,0.52
BERK,2015-12-01 17:25:00 EST,42.32030,-76.20319,1291,43.5,43.5,38.4,96.0,42.4,0.000,0.183,0.00,0.000,8.8,15.1,2.5,137,13,9.5,16.3,2.7,135,12,8.8,15.1,2.5,137,13,0,28.60,,0,0,0,40.0,40.5,42.1,0.37,0.35,0.52
BERK,2015-12-01 17:30:00 EST,42.32030,-76.20319,1291,43.6,43.6,39.3,94.8,42.2,0.000,0.183,0.00,0.000,7.3,12.4,2.6,140,17,8.1,13.9,2.5,141,16,7.3,12.4,2.6,140,17,0,28.61,,0,0,0,40.1,40.5,42.1,0.37,0.35,0.52
BERK,2015-12-01 17:35:00 EST,42.32030,-76.20319,1291,43.7,43.8,39.5,93.8,42.0,0.000,0.183,0.00,0.000,7.1,14.5,2.4,147,19,7.9,15.0,2.7,145,18,7.1,14.5,2.4,147,19,0,28.62,,0,0,0,40.1,40.5,42.1,0.37,0.35,0.52
BERK,2015-12-01 17:40:00 EST,42.32030,-76.20319,1291,43.7,43.7,40.3,93.7,42.0,0.000,0.183,0.00,0.000,5.8,9.1,1.4,145,16,6.4,10.3,1.4,143,17,5.8,9.1,1.4,145,16,0,28.62,,0,0,0,40.0,40.5,42.1,0.37,0.35,0.52
BERK,2015-12-01 17:45:00 EST,42.32030,-76.20319,1291,43.7,43.8,40.7,93.6,42.0,0.000,0.183,0.00,0.000,5.2,10.5,1.7,147,13,5.6,11.4,1.8,146,12,5.2,10.5,1.7,147,13,0,28.62,,0,0,0,40.1,40.5,42.1,0.37,0.35,0.52
BERK,2015-12-01 17:50:00 EST,42.32030,-76.20319,1291,43.7,43.7,43.7,93.7,42.0,0.000,0.183,0.00,0.000,3.0,4.7,0.6,161,14,3.5,5.1,0.7,161,15,3.0,4.7,0.6,161,14,0,28.62,,0,0,0,40.1,40.5,42.1,0.37,0.35,0.52
BERK,2015-12-01 17:55:00 EST,42.32030,-76.20319,1291,43.5,43.7,40.5,94.3,42.0,0.000,0.183,0.00,0.000,5.1,9.2,1.9,144,13,5.6,10.1,1.9,142,13,5.1,9.2,1.9,144,13,0,28.62,,0,0,0,40.1,40.5,42.1,0.37,0.35,0.52
BERK,2015-12-01 18:00:00 EST,42.32030,-76.20319,1291,43.5,43.6,39.2,94.3,41.9,0.000,0.183,0.00,0.000,7.1,10.2,1.6,138,10,7.7,11.6,1.6,136,9,7.1,10.2,1.6,138,10,0,28.61,,0,0,0,40.1,40.6,42.1,0.37,0.35,0.52
BERK,2015-12-01 18:05:00 EST,42.32030,-76.20319,1291,43.5,43.6,39.4,94.2,42.0,0.000,0.183,0.00,0.000,7.0,10.5,1.5,141,10,7.3,10.7,1.6,139,9,7.0,10.5,1.5,141,10,0,28.61,,0,0,0,40.1,40.6,42.1,0.37,0.35,0.52
BERK,2015-12-01 18:10:00 EST,42.32030,-76.20319,1291,43.5,43.5,41.7,94.4,42.0,0.000,0.183,0.00,0.000,3.6,6.6,1.5,127,23,4.1,7.8,1.7,127,23,3.6,6.6,1.5,127,23,0,28.62,,0,0,0,40.1,40.6,42.1,0.37,0.35,0.52
BERK,2015-12-01 18:15:00 EST,42.32030,-76.20319,1291,43.5,43.5,43.5,94.5,42.0,0.000,0.183,0.00,0.000,2.9,4.8,1.1,116,18,3.2,5.8,1.2,112,17,2.9,4.8,1.1,116,18,0,28.61,,0,0,0,40.2,40.6,42.1,0.37,0.35,0.52
BERK,2015-12-01 18:20:00 EST,42.32030,-76.20319,1291,43.5,43.5,43.5,94.5,42.1,0.000,0.183,0.00,0.000,2.9,7.2,1.0,130,16,3.4,7.6,1.1,128,16,2.9,7.2,1.0,130,16,0,28.61,,0,0,0,40.2,40.6,42.1,0.37,0.35,0.52
BERK,2015-12-01 18:25:00 EST,42.32030,-76.20319,1291,43.5,43.5,41.1,94.7,42.1,0.000,0.183,0.00,0.000,4.3,8.3,1.5,130,18,4.9,8.5,1.5,127,18,4.3,8.3,1.5,130,18,0,28.61,,0,0,0,40.2,40.6,42.1,0.37,0.35,0.52
BERK,2015-12-01 18:30:00 EST,42.32030,-76.20319,1291,43.4,43.5,41.1,94.7,42.0,0.000,0.183,0.00,0.000,4.2,6.9,1.1,135,13,4.7,7.4,1.2,133,14,4.2,6.9,1.1,135,13,0,28.61,,0,0,0,40.3,40.6,42.1,0.37,0.35,0.52
BERK,2015-12-01 18:35:00 EST,42.32030,-76.20319,1291,43.4,43.5,40.5,95.0,42.0,0.000,0.183,0.00,0.000,5.0,7.3,1.0,137,13,5.4,8.3,1.2,134,12,5.0,7.3,1.0,137,13,0,28.61,,0,0,0,40.3,40.6,42.1,0.37,0.35,0.52
BERK,2015-12-01 18:40:00 EST,42.32030,-76.20319,1291,43.4,43.4,40.3,94.9,42.0,0.000,0.183,0.00,0.000,5.2,8.5,1.1,135,13,5.8,9.4,1.3,133,12,5.2,8.5,1.1,135,13,0,28.61,,0,0,0,40.3,40.6,42.1,0.37,0.35,0.52
BERK,2015-12-01 18:45:00 EST,42.32030,-76.20319,1291,43.4,43.4,39.5,94.8,42.0,0.000,0.183,0.00,0.000,6.4,9.6,1.4,141,13,7.0,10.5,1.5,139,13,6.4,9.6,1.4,141,13,0,28.61,,0,0,0,40.3,40.6,42.1,0.37,0.35,0.52
BERK,2015-12-01 18:50:00 EST,42.32030,-76.20319,1291,43.3,43.3,40.0,94.9,41.9,0.000,0.183,0.00,0.000,5.4,9.8,1.6,135,14,6.0,10.1,1.7,133,13,5.4,9.8,1.6,135,14,0,28.61,,0,0,0,40.3,40.6,42.1,0.37,0.35,0.52
BERK,2015-12-01 18:55:00 EST,42.32030,-76.20319,1291,43.1,43.2,39.6,95.5,42.0,0.000,0.183,0.00,0.000,5.9,9.9,1.6,135,14,6.5,10.7,1.6,135,12,5.9,9.9,1.6,135,14,0,28.61,,0,0,0,40.3,40.6,42.1,0.37,0.35,0.52
BERK,2015-12-01 19:00:00 EST,42.32030,-76.20319,1291,43.1,43.1,39.3,95.9,42.0,0.000,0.183,0.00,0.000,6.3,9.9,1.5,137,13,6.8,10.1,1.5,135,13,6.3,9.9,1.5,137,13,0,28.61,,0,0,0,40.3,40.6,42.1,0.37,0.35,0.52
BERK,2015-12-01 19:05:00 EST,42.32030,-76.20319,1291,43.0,43.0,39.8,96.3,42.0,0.000,0.183,0.00,0.000,5.2,7.2,1.0,140,10,5.7,8.5,1.1,138,9,5.2,7.2,1.0,140,10,0,28.61,,0,0,0,40.3,40.6,42.1,0.37,0.35,0.52
BERK,2015-12-01 19:10:00 EST,42.32030,-76.20319,1291,43.0,43.0,39.1,96.7,42.1,0.000,0.183,0.00,0.000,6.4,9.9,1.3,138,10,7.0,10.3,1.2,137,9,6.4,9.9,1.3,138,10,0,28.61,,0,0,0,40.3,40.6,42.1,0.37,0.35,0.52
BERK,2015-12-01 19:15:00 EST,42.32030,-76.20319,1291,42.9,43.0,39.3,96.7,42.1,0.000,0.183,0.00,0.000,6.0,8.0,1.0,133,11,6.6,9.4,1.1,131,11,6.0,8.0,1.0,133,11,0,28.61,,0,0,0,40.3,40.6,42.1,0.37,0.35,0.52
BERK,2015-12-01 19:20:00 EST,42.32030,-76.20319,1291,43.0,43.0,39.7,96.6,42.1,0.000,0.183,0.00,0.000,5.4,7.7,1.2,134,16,5.8,8.7,1.4,134,16,5.4,7.7,1.2,134,16,0,28.61,,0,0,0,40.3,40.6,42.1,0.37,0.35,0.52
BERK,2015-12-01 19:25:00 EST,42.32030,-76.20319,1291,43.0,43.0,39.1,96.6,42.1,0.000,0.183,0.00,0.000,6.3,9.4,1.4,132,12,6.9,10.3,1.3,130,12,6.3,9.4,1.4,132,12,0,28.60,,0,0,0,40.4,40.7,42.1,0.37,0.35,0.52
BERK,2015-12-01 19:30:00 EST,42.32030,-76.20319,1291,43.0,43.0,38.7,96.5,42.0,0.000,0.183,0.00,0.000,6.9,9.9,1.5,131,13,7.4,11.0,1.6,129,12,6.9,9.9,1.5,131,13,0,28.60,,0,0,0,40.3,40.7,42.1,0.37,0.35,0.52
BERK,2015-12-01 19:35:00 EST,42.32030,-76.20319,1291,43.0,43.0,39.0,96.4,42.0,0.000,0.183,0.00,0.000,6.5,10.5,1.6,140,13,7.1,11.6,1.8,138,14,6.5,10.5,1.6,140,13,0,28.60,,0,0,0,40.4,40.7,42.1,0.37,0.35,0.52
BERK,2015-12-01 19:40:00 EST,42.32030,-76.20319,1291,42.9,42.9,39.3,96.7,42.0,0.000,0.183,0.00,0.000,5.8,9.4,1.3,131,13,6.4,9.8,1.5,130,14,5.8,9.4,1.3,131,13,0,28.60,,0,0,0,40.4,40.7,42.1,0.37,0.35,0.52
BERK,2015-12-01 19:45:00 EST,42.32030,-76.20319,1291,42.9,42.9,39.4,97.0,42.1,0.000,0.183,0.00,0.000,5.6,10.3,1.7,132,15,6.1,11.4,1.7,131,14,5.6,10.3,1.7,132,15,0,28.60,,0,0,0,40.4,40.7,42.1,0.37,0.35,0.52
BERK,2015-12-01 19:50:00 EST,42.32030,-76.20319,1291,42.8,42.8,39.1,97.2,42.1,0.000,0.183,0.00,0.000,6.0,9.6,1.2,136,11,6.3,9.4,1.2,132,12,6.0,9.6,1.2,136,11,0,28.59,,0,0,0,40.4,40.7,42.1,0.37,0.35,0.52
BERK,2015-12-01 19:55:00 EST,42.32030,-76.20319,1291,42.8,42.8,39.0,97.4,42.1,0.000,0.183,0.00,0.000,6.1,9.2,1.2,138,10,6.5,9.4,1.2,136,11,6.1,9.2,1.2,138,10,0,28.59,,0,0,0,40.4,40.7,42.1,0.37,0.35,0.52
BERK,2015-12-01 20:00:00 EST,42.32030,-76.20319,1291,42.8,42.8,39.1,97.4,42.1,0.000,0.183,0.00,0.000,5.9,8.9,1.3,140,12,6.5,9.6,1.4,138,12,5.9,8.9,1.3,140,12,0,28.59,,0,0,0,40.4,40.8,42.1,0.37,0.35,0.52
BERK,2015-12-01 20:05:00 EST,42.32030,-76.20319,1291,42.8,42.9,38.9,97.3,42.1,0.000,0.183,0.00,0.000,6.3,9.8,1.7,139,10,6.6,10.7,1.6,136,10,6.3,9.8,1.7,139,10,0,28.59,,0,0,0,40.4,40.8,42.1,0.37,0.35,0.52
BERK,2015-12-01 20:10:00 EST,42.32030,-76.20319,1291,42.8,42.8,38.9,97.1,42.1,0.000,0.183,0.00,0.000,6.4,10.1,1.5,136,11,6.7,10.7,1.6,134,10,6.4,10.1,1.5,136,11,0,28.59,,0,0,0,40.5,40.8,42.1,0.37,0.35,0.52
BERK,2015-12-01 20:15:00 EST,42.32030,-76.20319,1291,42.9,42.9,39.2,96.9,42.1,0.000,0.183,0.00,0.000,6.0,9.2,1.3,139,12,6.5,9.4,1.3,137,12,6.0,9.2,1.3,139,12,0,28.59,,0,0,0,40.4,40.8,42.1,0.37,0.35,0.52
BERK,2015-12-01 20:20:00 EST,42.32030,-76.20319,1291,42.9,42.9,40.6,96.8,42.0,0.000,0.183,0.00,0.000,4.0,6.8,1.2,134,13,4.5,7.2,1.2,133,13,4.0,6.8,1.2,134,13,0,28.59,,0,0,0,40.4,40.8,42.1,0.37,0.35,0.52
BERK,2015-12-01 20:25:00 EST,42.32030,-76.20319,1291,42.9,42.9,39.9,96.8,42.0,0.000,0.183,0.00,0.000,4.9,8.6,1.5,126,12,5.3,9.4,1.5,123,12,4.9,8.6,1.5,126,12,0,28.59,,0,0,0,40.4,40.8,42.1,0.37,0.35,0.52
BERK,2015-12-01 20:30:00 EST,42.32030,-76.20319,1291,42.9,42.9,40.1,96.8,42.1,0.000,0.183,0.00,0.000,4.8,8.0,1.2,133,14,5.1,8.7,1.3,131,13,4.8,8.0,1.2,133,14,0,28.59,,0,0,0,40.5,40.8,42.1,0.37,0.35,0.52
BERK,2015-12-01 20:35:00 EST,42.32030,-76.20319,1291,42.8,42.9,40.3,96.9,42.0,0.000,0.183,0.00,0.000,4.4,6.5,0.9,133,14,4.8,6.9,1.0,131,13,4.4,6.5,0.9,133,14,0,28.59,,0,0,0,40.5,40.8,42.1,0.37,0.35,0.52
BERK,2015-12-01 20:40:00 EST,42.32030,-76.20319,1291,42.8,42.8,40.2,97.3,42.1,0.000,0.183,0.00,0.000,4.4,7.3,1.2,129,12,4.8,7.2,1.2,126,10,4.4,7.3,1.2,129,12,0,28.58,,0,0,0,40.5,40.8,42.1,0.37,0.35,0.52
BERK,2015-12-01 20:45:00 EST,42.32030,-76.20319,1291,42.8,42.8,40.4,97.5,42.1,0.000,0.183,0.00,0.000,4.2,7.6,1.2,134,12,4.5,7.2,1.2,133,11,4.2,7.6,1.2,134,12,0,28.58,,0,0,0,40.5,40.8,42.1,0.37,0.35,0.52
BERK,2015-12-01 20:50:00 EST,42.32030,-76.20319,1291,42.9,42.9,39.8,97.5,42.2,0.002,0.185,0.00,0.002,5.1,7.2,1.0,136,10,5.5,8.3,1.1,134,10,5.1,7.2,1.0,136,10,0,28.58,,0,0,0,40.5,40.8,42.1,0.37,0.35,0.52
BERK,2015-12-01 20:55:00 EST,42.32030,-76.20319,1291,42.8,42.8,39.4,97.6,42.1,0.001,0.186,0.00,0.003,5.5,8.9,1.4,129,11,5.9,9.4,1.4,127,11,5.5,8.9,1.4,129,11,0,28.57,,0,0,0,40.5,40.8,42.1,0.37,0.35,0.52
BERK,2015-12-01 21:00:00 EST,42.32030,-76.20319,1291,42.8,42.8,39.2,97.8,42.2,0.000,0.186,0.00,0.003,5.7,9.2,1.4,135,12,6.1,9.4,1.3,132,10,5.7,9.2,1.4,135,12,0,28.57,,0,0,0,40.6,40.8,42.1,0.37,0.35,0.52
BERK,2015-12-01 21:05:00 EST,42.32030,-76.20319,1291,42.8,42.8,39.8,97.9,42.2,0.000,0.186,0.00,0.003,4.9,8.5,1.5,130,13,5.3,9.6,1.4,128,13,4.9,8.5,1.5,130,13,0,28.57,,0,0,0,40.6,40.8,42.1,0.37,0.35,0.52
BERK,2015-12-01 21:10:00 EST,42.32030,-76.20319,1291,42.7,42.8,39.9,98.1,42.2,0.000,0.186,0.00,0.003,4.7,7.0,1.2,120,12,5.3,8.3,1.2,116,11,4.7,7.0,1.2,120,12,0,28.57,,0,0,0,40.6,40.8,42.1,0.37,0.35,0.52
BERK,2015-12-01 21:15:00 EST,42.32030,-76.20319,1291,42.7,42.7,40.4,98.2,42.3,0.000,0.186,0.00,0.003,4.1,6.3,0.9,125,14,4.4,6.5,1.0,121,13,4.1,6.3,0.9,125,14,0,28.57,,0,0,0,40.6,40.9,42.1,0.37,0.35,0.52
BERK,2015-12-01 21:20:00 EST,42.32030,-76.20319,1291,42.7,42.7,40.6,98.3,42.3,0.000,0.186,0.00,0.003,3.8,6.4,1.0,121,13,4.2,7.2,1.2,117,11,3.8,6.4,1.0,121,13,0,28.57,,0,0,0,40.6,40.8,42.2,0.37,0.35,0.52
BERK,2015-12-01 21:25:00 EST,42.32030,-76.20319,1291,42.8,42.8,39.9,98.4,42.3,0.000,0.186,0.00,0.003,4.7,8.6,1.5,132,14,5.1,9.6,1.5,129,16,4.7,8.6,1.5,132,14,0,28.57,,0,0,0,40.6,40.9,42.1,0.37,0.35,0.52
BERK,2015-12-01 21:30:00 EST,42.32030,-76.20319,1291,42.8,42.8,40.5,98.3,42.3,0.000,0.186,0.00,0.003,4.0,7.0,0.9,125,14,4.3,7.8,1.1,122,14,4.0,7.0,0.9,125,14,0,28.56,,0,0,0,40.6,40.9,42.1,0.37,0.35,0.52
BERK,2015-12-01 21:35:00 EST,42.32030,-76.20319,1291,42.8,42.8,40.6,98.3,42.3,0.002,0.188,0.00,0.005,3.9,6.1,1.0,138,12,4.3,6.5,1.0,136,13,3.9,6.1,1.0,138,12,0,28.56,,0,0,0,40.6,40.9,42.1,0.37,0.35,0.52
BERK,2015-12-01 21:40:00 EST,42.32030,-76.20319,1291,42.8,42.9,39.9,98.3,42.4,0.000,0.188,0.00,0.005,4.9,9.0,1.2,145,10,5.2,9.6,1.2,144,11,4.9,9.0,1.2,145,10,0,28.57,,0,0,0,40.6,41.0,42.2,0.37,0.35,0.52
BERK,2015-12-01 21:45:00 EST,42.32030,-76.20319,1291,42.9,43.0,39.7,98.3,42.5,0.000,0.188,0.00,0.005,5.3,10.4,1.4,131,13,5.7,10.7,1.5,129,14,5.3,10.4,1.4,131,13,0,28.56,,0,0,0,40.6,40.9,42.1,0.37,0.35,0.52
BERK,2015-12-01 21:50:00 EST,42.32030,-76.20319,1291,43.1,43.2,39.6,98.1,42.6,0.000,0.188,0.00,0.003,5.7,9.5,1.7,133,16,6.0,9.4,1.6,129,15,5.7,9.5,1.7,133,16,0,28.56,,0,0,0,40.6,41.0,42.2,0.37,0.35,0.52
BERK,2015-12-01 21:55:00 EST,42.32030,-76.20319,1291,43.2,43.2,39.7,97.8,42.6,0.000,0.188,0.00,0.002,5.8,11.4,1.9,140,12,6.2,12.5,1.9,137,13,5.8,11.4,1.9,140,12,0,28.56,,0,0,0,40.6,41.0,42.2,0.37,0.35,0.52
BERK,2015-12-01 22:00:00 EST,42.32030,-76.20319,1291,43.2,43.3,39.5,97.5,42.6,0.000,0.188,0.00,0.002,6.2,9.9,1.8,142,12,6.9,11.0,1.9,141,12,6.2,9.9,1.8,142,12,0,28.56,,0,0,0,40.6,41.0,42.2,0.37,0.35,0.52
BERK,2015-12-01 22:05:00 EST,42.32030,-76.20319,1291,43.4,43.5,39.1,97.3,42.7,0.000,0.188,0.00,0.002,7.2,10.9,1.6,141,14,8.0,12.1,1.7,141,14,7.2,10.9,1.6,141,14,0,28.56,,0,0,0,40.6,41.0,42.2,0.37,0.35,0.52
BERK,2015-12-01 22:10:00 EST,42.32030,-76.20319,1291,43.5,43.5,39.1,97.0,42.7,0.000,0.188,0.00,0.002,7.5,11.0,1.7,135,13,8.2,12.8,1.8,135,12,7.5,11.0,1.7,135,13,0,28.56,,0,0,0,40.6,41.0,42.2,0.37,0.35,0.52
BERK,2015-12-01 22:15:00 EST,42.32030,-76.20319,1291,43.5,43.6,39.5,96.9,42.7,0.002,0.190,0.00,0.004,6.8,11.3,1.8,139,13,7.4,12.8,1.9,137,13,6.8,11.3,1.8,139,13,0,28.56,,0,0,0,40.7,41.0,42.2,0.37,0.35,0.52
BERK,2015-12-01 22:20:00 EST,42.32030,-76.20319,1291,43.5,43.6,40.0,97.0,42.7,0.001,0.191,0.00,0.005,6.0,10.4,1.9,136,13,6.6,11.2,1.8,134,14,6.0,10.4,1.9,136,13,0,28.56,,0,0,0,40.7,41.0,42.2,0.37,0.35,0.52
BERK,2015-12-01 22:25:00 EST,42.32030,-76.20319,1291,43.6,43.6,39.4,97.0,42.8,0.001,0.192,0.00,0.006,7.1,9.9,1.4,136,12,7.6,11.0,1.5,135,12,7.1,9.9,1.4,136,12,0,28.56,,0,0,0,40.7,41.0,42.2,0.37,0.35,0.52
BERK,2015-12-01 22:30:00 EST,42.32030,-76.20319,1291,43.6,43.6,40.1,97.0,42.8,0.004,0.196,0.00,0.010,5.9,8.8,1.4,140,13,6.6,10.5,1.6,138,13,5.9,8.8,1.4,140,13,0,28.56,,0,0,0,40.7,41.0,42.2,0.37,0.35,0.52
BERK,2015-12-01 22:35:00 EST,42.32030,-76.20319,1291,43.6,43.6,39.8,97.2,42.9,0.004,0.200,0.00,0.012,6.4,10.0,1.8,136,12,6.8,10.3,1.8,134,13,6.4,10.0,1.8,136,12,0,28.55,,0,0,0,40.7,41.0,42.2,0.37,0.35,0.52
BERK,2015-12-01 22:40:00 EST,42.32030,-76.20319,1291,43.6,43.6,39.5,97.3,42.9,0.001,0.201,0.00,0.012,6.9,10.4,1.7,136,10,7.1,11.2,1.6,134,12,6.9,10.4,1.7,136,10,0,28.56,,0,0,0,40.8,41.0,42.2,0.37,0.35,0.52
BERK,2015-12-01 22:45:00 EST,42.32030,-76.20319,1291,43.6,43.6,40.4,97.4,42.9,0.000,0.201,0.00,0.012,5.3,8.7,1.3,139,12,5.9,10.3,1.3,136,13,5.3,8.7,1.3,139,12,0,28.56,,0,0,0,40.8,41.0,42.2,0.37,0.35,0.52
BERK,2015-12-01 22:50:00 EST,42.32030,-76.20319,1291,43.6,43.6,40.7,97.3,42.9,0.000,0.201,0.00,0.012,5.0,8.6,1.4,141,8,5.3,8.9,1.4,139,8,5.0,8.6,1.4,141,8,0,28.56,,0,0,0,40.8,41.0,42.2,0.37,0.35,0.52
BERK,2015-12-01 22:55:00 EST,42.32030,-76.20319,1291,43.6,43.6,40.5,97.3,42.9,0.000,0.201,0.00,0.012,5.3,8.1,1.5,137,12,5.7,8.9,1.4,135,12,5.3,8.1,1.5,137,12,0,28.55,,0,0,0,40.8,41.0,42.2,0.37,0.35,0.52
BERK,2015-12-01 23:00:00 EST,42.32030,-76.20319,1291,43.6,43.6,40.7,97.3,42.9,0.000,0.201,0.00,0.012,4.9,7.8,1.4,132,16,5.4,8.5,1.5,129,16,4.9,7.8,1.4,132,16,0,28.55,,0,0,0,40.8,41.0,42.2,0.37,0.35,0.52
BERK,2015-12-01 23:05:00 EST,42.32030,-76.20319,1291,43.7,43.8,40.8,97.1,42.9,0.000,0.201,0.00,0.012,5.1,7.7,1.2,142,12,5.4,8.3,1.3,141,12,5.1,7.7,1.2,142,12,0,28.55,,0,0,0,40.8,41.0,42.2,0.37,0.35,0.52
BERK,2015-12-01 23:10:00 EST,42.32030,-76.20319,1291,43.7,43.7,41.8,96.9,42.8,0.000,0.201,0.00,0.012,3.8,5.2,0.8,123,14,4.1,6.5,0.9,119,13,3.8,5.2,0.8,123,14,0,28.55,,0,0,0,40.8,41.0,42.2,0.37,0.35,0.52
BERK,2015-12-01 23:15:00 EST,42.32030,-76.20319,1291,43.6,43.7,41.3,97.1,42.8,0.000,0.201,0.00,0.010,4.1,6.8,1.0,128,11,4.5,7.4,1.2,125,13,4.1,6.8,1.0,128,11,0,28.55,,0,0,0,40.8,41.0,42.2,0.37,0.35,0.52
BERK,2015-12-01 23:20:00 EST,42.32030,-76.20319,1291,43.7,43.7,41.8,97.2,42.9,0.000,0.201,0.00,0.010,3.7,6.3,1.2,132,11,4.0,7.4,1.2,130,11,3.7,6.3,1.2,132,11,0,28.55,,0,0,0,40.9,41.0,42.2,0.37,0.35,0.52
BERK,2015-12-01 23:25:00 EST,42.32030,-76.20319,1291,43.6,43.7,41.9,97.1,42.8,0.000,0.201,0.00,0.009,3.5,5.3,0.7,124,12,3.9,5.8,0.8,121,11,3.5,5.3,0.7,124,12,0,28.54,,0,0,0,40.8,41.0,42.2,0.37,0.35,0.52
BERK,2015-12-01 23:30:00 EST,42.32030,-76.20319,1291,43.5,43.7,41.1,97.4,42.8,0.000,0.201,0.00,0.005,4.4,7.1,1.0,131,12,4.8,8.5,1.1,128,12,4.4,7.1,1.0,131,12,0,28.54,,0,0,0,40.9,41.1,42.2,0.37,0.35,0.52
BERK,2015-12-01 23:35:00 EST,42.32030,-76.20319,1291,43.6,43.7,41.2,97.4,43.0,0.000,0.201,0.00,0.001,4.4,6.7,0.9,137,12,4.8,7.4,0.9,135,12,4.4,6.7,0.9,137,12,0,28.54,,0,0,0,40.9,41.0,42.2,0.37,0.35,0.52
BERK,2015-12-01 23:40:00 EST,42.32030,-76.20319,1291,43.7,43.7,41.5,97.3,42.9,0.000,0.201,0.00,0.000,4.0,6.0,1.1,137,12,4.3,6.3,1.1,134,11,4.0,6.0,1.1,137,12,0,28.54,,0,0,0,40.9,41.1,42.2,0.37,0.35,0.52
BERK,2015-12-01 23:45:00 EST,42.32030,-76.20319,1291,43.6,43.7,41.3,97.3,42.9,0.000,0.201,0.00,0.000,4.3,6.4,0.7,139,11,4.5,7.6,0.9,138,11,4.3,6.4,0.7,139,11,0,28.53,,0,0,0,40.9,41.1,42.2,0.37,0.35,0.52
BERK,2015-12-01 23:50:00 EST,42.32030,-76.20319,1291,43.7,43.8,41.9,97.3,43.0,0.000,0.201,0.00,0.000,3.7,5.8,0.9,139,11,4.0,6.3,1.0,136,12,3.7,5.8,0.9,139,11,0,28.53,,0,0,0,40.9,41.1,42.2,0.37,0.35,0.52
BERK,2015-12-01 23:55:00 EST,42.32030,-76.20319,1291,43.8,43.9,43.8,97.0,43.0,0.000,0.201,0.00,0.000,2.9,5.0,0.8,135,13,3.0,5.8,0.9,134,14,2.9,5.0,0.8,135,13,0,28.53,,0,0,0,40.9,41.1,42.2,0.37,0.35,0.52
COLD,2015-12-01 00:00:00 EST,43.26127,-74.97878,1422,26.8,27.1,21.3,83.3,22.4,0.000,0.000,0.00,0.000,4.6,5.7,0.5,88,5,5.5,6.7,0.5,87,4,4.6,5.7,0.5,88,5,0,28.75,,0,0,0,34.4,37.9,40.6,0.19,0.15,0.14
COLD,2015-12-01 00:05:00 EST,43.26127,-74.97878,1422,27.2,27.4,21.4,83.7,22.9,0.000,0.000,0.00,0.000,5.0,6.0,0.4,97,6,5.7,7.2,0.5,96,5,5.0,6.0,0.4,97,6,0,28.75,,0,0,0,34.4,37.9,40.6,0.19,0.15,0.14
COLD,2015-12-01 00:10:00 EST,43.26127,-74.97878,1422,27.4,27.4,23.0,82.5,22.7,0.000,0.000,0.00,0.000,3.8,4.9,0.6,103,6,4.7,6.0,0.7,100,6,3.8,4.9,0.6,103,6,0,28.75,,0,0,0,34.4,37.9,40.6,0.19,0.15,0.14
COLD,2015-12-01 00:15:00 EST,43.26127,-74.97878,1422,27.4,27.5,22.4,82.0,22.6,0.000,0.000,0.00,0.000,4.3,5.6,0.8,101,5,5.2,6.7,0.8,98,4,4.3,5.6,0.8,101,5,0,28.75,,0,0,0,34.4,37.8,40.6,0.19,0.15,0.14
COLD,2015-12-01 00:20:00 EST,43.26127,-74.97878,1422,27.3,27.2,21.5,82.6,22.7,0.000,0.000,0.00,0.000,5.0,5.6,0.3,97,3,5.8,6.7,0.4,95,2,5.0,5.6,0.3,97,3,0,28.75,,0,0,0,34.4,37.8,40.6,0.19,0.15,0.14
COLD,2015-12-01 00:25:00 EST,43.26127,-74.97878,1422,27.3,27.1,21.8,83.1,22.9,0.000,0.000,0.00,0.000,4.7,5.8,0.4,96,4,5.5,6.7,0.5,94,3,4.7,5.8,0.4,96,4,0,28.75,,0,0,0,34.3,37.8,40.6,0.19,0.15,0.14
COLD,2015-12-01 00:30:00 EST,43.26127,-74.97878,1422,27.2,27.0,22.4,82.5,22.6,0.000,0.000,0.00,0.000,4.2,4.8,0.4,92,4,4.9,5.8,0.4,91,4,4.2,4.8,0.4,92,4,0,28.75,,0,0,0,34.4,37.9,40.6,0.19,0.15,0.14
COLD,2015-12-01 00:35:00 EST,43.26127,-74.97878,1422,27.2,27.1,22.7,82.5,22.6,0.000,0.000,0.00,0.000,3.9,4.5,0.3,93,4,4.6,5.1,0.4,91,3,3.9,4.5,0.3,93,4,0,28.75,,0,0,0,34.3,37.8,40.5,0.19,0.15,0.14
COLD,2015-12-01 00:40:00 EST,43.26127,-74.97878,1422,27.3,27.1,23.5,82.4,22.7,0.000,0.000,0.00,0.000,3.4,3.9,0.2,91,3,4.2,5.4,0.3,91,3,3.4,3.9,0.2,91,3,0,28.75,,0,0,0,34.3,37.8,40.6,0.19,0.15,0.14
COLD,2015-12-01 00:45:00 EST,43.26127,-74.97878,1422,27.4,27.1,23.7,82.1,22.6,0.000,0.000,0.00,0.000,3.2,3.9,0.2,92,4,4.0,4.9,0.3,91,4,3.2,3.9,0.2,92,4,0,28.74,,0,0,0,34.3,37.8,40.5,0.19,0.15,0.14
COLD,2015-12-01 00:50:00 EST,43.26127,-74.97878,1422,27.3,27.0,22.8,82.5,22.7,0.000,0.000,0.00,0.000,3.9,4.7,0.4,92,3,4.6,5.8,0.5,91,3,3.9,4.7,0.4,92,3,0,28.74,,0,0,0,34.3,37.8,40.5,0.19,0.15,0.14
COLD,2015-12-01 00:55:00 EST,43.26127,-74.97878,1422,27.4,27.1,22.8,83.4,23.0,0.000,0.000,0.00,0.000,4.0,4.8,0.4,92,3,4.7,5.6,0.5,91,3,4.0,4.8,0.4,92,3,0,28.74,,0,0,0,34.3,37.8,40.5,0.19,0.15,0.14
COLD,2015-12-01 01:00:00 EST,43.26127,-74.97878,1422,27.4,27.2,23.5,83.5,23.1,0.000,0.000,0.00,0.000,3.4,4.1,0.3,93,4,4.2,4.9,0.4,92,4,3.4,4.1,0.3,93,4,0,28.74,,0,0,0,34.3,37.8,40.5,0.19,0.15,0.14
COLD,2015-12-01 01:05:00 EST,43.26127,-74.97878,1422,27.5,27.3,23.5,83.8,23.3,0.000,0.000,0.00,0.000,3.5,4.2,0.4,93,4,4.2,5.1,0.4,92,4,3.5,4.2,0.4,93,4,0,28.74,,0,0,0,34.3,37.8,40.5,0.19,0.15,0.14
COLD,2015-12-01 01:10:00 EST,43.26127,-74.97878,1422,27.7,27.4,23.6,83.4,23.3,0.000,0.000,0.00,0.000,3.6,4.0,0.3,90,4,4.3,5.1,0.3,89,4,3.6,4.0,0.3,90,4,0,28.74,,0,0,0,34.3,37.7,40.5,0.19,0.15,0.14
COLD,2015-12-01 01:15:00 EST,43.26127,-74.97878,1422,27.8,27.6,23.7,83.2,23.4,0.000,0.000,0.00,0.000,3.6,4.6,0.3,92,4,4.3,5.4,0.4,91,4,3.6,4.6,0.3,92,4,0,28.74,,0,0,0,34.3,37.8,40.5,0.19,0.15,0.14
COLD,2015-12-01 01:20:00 EST,43.26127,-74.97878,1422,27.9,27.8,24.5,82.8,23.4,0.000,0.000,0.00,0.000,3.1,4.0,0.6,102,7,3.9,5.1,0.7,99,6,3.1,4.0,0.6,102,7,0,28.74,,0,0,0,34.3,37.8,40.5,0.19,0.15,0.14
COLD,2015-12-01 01:25:00 EST,43.26127,-74.97878,1422,28.1,28.2,28.1,83.0,23.6,0.000,0.000,0.00,0.000,2.9,4.3,0.6,103,9,3.7,5.4,0.7,100,8,2.9,4.3,0.6,103,9,0,28.73,,0,0,0,34.3,37.8,40.5,0.19,0.15,0.14
COLD,2015-12-01 01:30:00 EST,43.26127,-74.97878,1422,28.3,28.6,23.5,82.4,23.6,0.000,0.000,0.00,0.000,4.3,5.5,0.5,98,4,5.1,6.0,0.5,96,4,4.3,5.5,0.5,98,4,0,28.73,,0,0,0,34.3,37.8,40.5,0.19,0.15,0.14
COLD,2015-12-01 01:35:00 EST,43.26127,-74.97878,1422,28.6,28.8,23.2,82.4,23.9,0.000,0.000,0.00,0.000,4.9,6.1,0.4,93,4,5.6,6.7,0.4,92,3,4.9,6.1,0.4,93,4,0,28.73,,0,0,0,34.3,37.8,40.5,0.19,0.15,0.14
COLD,2015-12-01 01:40:00 EST,43.26127,-74.97878,1422,29.0,29.1,24.0,81.1,24.0,0.000,0.000,0.00,0.000,4.6,6.0,0.5,91,6,5.3,6.7,0.6,89,5,4.6,6.0,0.5,91,6,0,28.73,,0,0,0,34.3,37.8,40.5,0.19,0.15,0.14
COLD,2015-12-01 01:45:00 EST,43.26127,-74.97878,1422,29.1,29.0,23.8,79.9,23.6,0.000,0.000,0.00,0.000,4.9,5.7,0.4,90,6,5.6,6.9,0.5,88,5,4.9,5.7,0.4,90,6,0,28.73,,0,0,0,34.3,37.8,40.5,0.19,0.15,0.14
COLD,2015-12-01 01:50:00 EST,43.26127,-74.97878,1422,29.2,29.1,25.0,79.8,23.7,0.000,0.000,0.00,0.000,3.9,5.5,0.7,95,10,4.6,6.5,0.8,93,9,3.9,5.5,0.7,95,10,0,28.73,,0,0,0,34.3,37.8,40.5,0.19,0.15,0.14
COLD,2015-12-01 01:55:00 EST,43.26127,-74.97878,1422,29.4,29.4,24.2,78.5,23.6,0.000,0.000,0.00,0.000,4.8,6.6,0.6,98,7,5.6,7.6,0.7,96,6,4.8,6.6,0.6,98,7,0,28.73,,0,0,0,34.3,37.7,40.5,0.19,0.15,0.14
COLD,2015-12-01 02:00:00 EST,43.26127,-74.97878,1422,29.5,29.5,24.4,77.9,23.5,0.000,0.000,0.00,0.000,4.7,6.1,0.6,97,7,5.5,6.9,0.7,95,6,4.7,6.1,0.6,97,7,0,28.73,,0,0,0,34.3,37.8,40.5,0.19,0.15,0.14
COLD,2015-12-01 02:05:00 EST,43.26127,-74.97878,1422,29.7,29.7,24.8,78.7,23.9,0.000,0.000,0.00,0.000,4.6,6.2,0.7,102,5,5.5,7.2,0.7,98,4,4.6,6.2,0.7,102,5,0,28.73,,0,0,0,34.3,37.8,40.5,0.19,0.15,0.14
COLD,2015-12-01 02:10:00 EST,43.26127,-74.97878,1422,30.0,30.1,26.1,77.6,23.9,0.000,0.000,0.00,0.000,3.7,5.3,0.7,105,9,4.6,7.4,0.9,101,7,3.7,5.3,0.7,105,9,0,28.73,,0,0,0,34.3,37.8,40.5,0.19,0.15,0.14
COLD,2015-12-01 02:15:00 EST,43.26127,-74.97878,1422,30.1,30.2,25.6,77.0,23.8,0.000,0.000,0.00,0.000,4.3,6.1,0.9,103,7,5.3,7.2,1.0,100,6,4.3,6.1,0.9,103,7,0,28.73,,0,0,0,34.3,37.8,40.5,0.19,0.15,0.14
COLD,2015-12-01 02:20:00 EST,43.26127,-74.97878,1422,30.4,30.4,25.0,76.4,23.8,0.000,0.000,0.00,0.000,5.2,7.5,1.2,104,7,6.0,8.5,1.2,100,6,5.2,7.5,1.2,104,7,0,28.73,,0,0,0,34.3,37.8,40.5,0.19,0.15,0.14
COLD,2015-12-01 02:25:00 EST,43.26127,-74.97878,1422,30.4,30.5,25.4,75.9,23.8,0.000,0.000,0.00,0.000,4.8,7.1,1.1,103,9,5.6,8.1,1.3,100,7,4.8,7.1,1.1,103,9,0,28.73,,0,0,0,34.2,37.8,40.4,0.19,0.15,0.14
COLD,2015-12-01 02:30:00 EST,43.26127,-74.97878,1422,30.5,30.5,27.0,75.9,23.8,0.000,0.000,0.00,0.000,3.5,6.6,1.1,104,15,4.2,7.4,1.2,101,12,3.5,6.6,1.1,104,15,0,28.73,,0,0,0,34.3,37.8,40.4,0.19,0.15,0.14
COLD,2015-12-01 02:35:00 EST,43.26127,-74.97878,1422,30.6,30.6,25.2,75.9,23.9,0.000,0.000,0.00,0.000,5.2,7.5,1.7,99,6,6.0,8.5,1.7,97,5,5.2,7.5,1.7,99,6,0,28.73,,0,0,0,34.3,37.8,40.5,0.19,0.15,0.14
COLD,2015-12-01 02:40:00 EST,43.26127,-74.97878,1422,30.6,30.7,24.5,75.9,23.9,0.000,0.000,0.00,0.000,6.2,9.1,1.2,102,9,7.0,9.8,1.3,100,8,6.2,9.1,1.2,102,9,0,28.72,,0,0,0,34.3,37.8,40.5,0.19,0.15,0.14
COLD,2015-12-01 02:45:00 EST,43.26127,-74.97878,1422,30.8,30.9,26.0,75.1,23.8,0.000,0.000,0.00,0.000,4.6,9.0,1.6,108,14,5.4,9.6,1.7,105,12,4.6,9.0,1.6,108,14,0,28.72,,0,0,0,34.3,37.8,40.4,0.19,0.15,0.14
COLD,2015-12-01 02:50:00 EST,43.26127,-74.97878,1422,31.0,31.1,27.5,74.4,23.8,0.000,0.000,0.00,0.000,3.5,7.0,1.1,112,16,4.3,7.8,1.3,108,14,3.5,7.0,1.1,112,16,0,28.72,,0,0,0,34.3,37.7,40.5,0.19,0.15,0.14
COLD,2015-12-01 02:55:00 EST,43.26127,-74.97878,1422,31.3,31.3,31.3,73.5,23.8,0.000,0.000,0.00,0.000,2.6,5.0,0.7,113,17,3.3,5.6,0.8,109,13,2.6,5.0,0.7,113,17,0,28.72,,0,0,0,34.3,37.7,40.4,0.19,0.15,0.14
COLD,2015-12-01 03:00:00 EST,43.26127,-74.97878,1422,31.5,31.5,28.5,73.0,23.8,0.000,0.000,0.00,0.000,3.2,6.1,1.0,110,21,4.0,8.3,1.3,106,16,3.2,6.1,1.0,110,21,0,28.72,,0,0,0,34.3,37.7,40.5,0.19,0.15,0.14
COLD,2015-12-01 03:05:00 EST,43.26127,-74.97878,1422,31.7,31.7,28.4,71.8,23.7,0.000,0.000,0.00,0.000,3.5,8.8,1.5,121,20,4.1,10.3,1.6,116,19,3.5,8.8,1.5,121,20,0,28.72,,0,0,0,34.3,37.7,40.4,0.19,0.15,0.14
COLD,2015-12-01 03:10:00 EST,43.26127,-74.97878,1422,31.8,31.8,28.7,72.0,23.8,0.000,0.000,0.00,0.000,3.3,6.6,1.1,111,19,4.1,8.3,1.3,107,16,3.3,6.6,1.1,111,19,0,28.72,,0,0,0,34.3,37.7,40.5,0.19,0.15,0.14
COLD,2015-12-01 03:15:00 EST,43.26127,-74.97878,1422,31.7,31.8,26.6,72.3,23.9,0.000,0.000,0.00,0.000,5.2,8.3,1.6,104,11,6.0,8.9,1.7,101,9,5.2,8.3,1.6,104,11,0,28.72,,0,0,0,34.3,37.7,40.4,0.19,0.15,0.14
COLD,2015-12-01 03:20:00 EST,43.26127,-74.97878,1422,31.7,31.7,25.3,72.2,23.8,0.000,0.000,0.00,0.000,6.9,9.6,1.7,101,9,7.7,11.0,1.8,100,8,6.9,9.6,1.7,101,9,0,28.71,,0,0,0,34.2,37.7,40.4,0.19,0.15,0.14
COLD,2015-12-01 03:25:00 EST,43.26127,-74.97878,1422,31.7,31.8,26.0,72.6,23.9,0.000,0.000,0.00,0.000,5.9,10.4,2.0,105,12,6.7,11.6,2.1,103,10,5.9,10.4,2.0,105,12,0,28.71,,0,0,0,34.3,37.6,40.4,0.19,0.15,0.14
COLD,2015-12-01 03:30:00 EST,43.26127,-74.97878,1422,31.7,31.7,25.7,72.7,24.0,0.000,0.000,0.00,0.000,6.3,9.9,1.6,100,9,7.2,11.0,1.7,99,8,6.3,9.9,1.6,100,9,0,28.71,,0,0,0,34.3,37.7,40.4,0.19,0.15,0.14
COLD,2015-12-01 03:35:00 EST,43.26127,-74.97878,1422,31.8,31.7,24.6,72.3,23.9,0.000,0.000,0.00,0.000,7.9,10.7,1.5,98,7,8.8,12.8,1.6,96,5,7.9,10.7,1.5,98,7,0,28.71,,0,0,0,34.3,37.6,40.4,0.19,0.15,0.14
COLD,2015-12-01 03:40:00 EST,43.26127,-74.97878,1422,31.7,31.8,25.3,72.8,24.0,0.000,0.000,0.00,0.000,6.8,9.0,1.2,101,11,7.6,11.2,1.4,99,9,6.8,9.0,1.2,101,11,0,28.71,,0,0,0,34.3,37.6,40.4,0.19,0.15,0.14
COLD,2015-12-01 03:45:00 EST,43.26127,-74.97878,1422,31.7,31.7,25.5,73.6,24.2,0.000,0.000,0.00,0.000,6.5,9.4,1.4,103,10,7.3,11.0,1.7,101,8,6.5,9.4,1.4,103,10,0,28.71,,0,0,0,34.3,37.6,40.4,0.19,0.15,0.14
COLD,2015-12-01 03:50:00 EST,43.26127,-74.97878,1422,31.7,31.8,24.7,74.3,24.4,0.000,0.000,0.00,0.000,7.6,10.5,1.3,102,7,8.5,11.9,1.5,100,5,7.6,10.5,1.3,102,7,0,28.70,,0,0,0,34.2,37.6,40.4,0.19,0.15,0.14
COLD,2015-12-01 03:55:00 EST,43.26127,-74.97878,1422,31.6,31.8,25.5,74.1,24.3,0.000,0.000,0.00,0.000,6.4,9.1,1.2,103,8,7.2,10.3,1.5,101,7,6.4,9.1,1.2,103,8,0,28.71,,0,0,0,34.2,37.6,40.4,0.19,0.15,0.14
COLD,2015-12-01 04:00:00 EST,43.26127,-74.97878,1422,31.5,31.9,28.1,74.7,24.4,0.000,0.000,0.00,0.000,3.5,7.4,1.5,115,17,4.2,10.1,1.6,111,16,3.5,7.4,1.5,115,17,0,28.71,,0,0,0,34.3,37.6,40.4,0.19,0.15,0.14
COLD,2015-12-01 04:05:00 EST,43.26127,-74.97878,1422,31.7,32.1,28.6,74.6,24.6,0.000,0.000,0.00,0.000,3.3,6.6,1.2,117,22,4.2,8.3,1.4,112,19,3.3,6.6,1.2,117,22,0,28.70,,0,0,0,34.2,37.6,40.4,0.19,0.15,0.14
COLD,2015-12-01 04:10:00 EST,43.26127,-74.97878,1422,32.0,32.4,27.5,73.3,24.4,0.000,0.000,0.00,0.000,4.6,9.1,1.6,112,18,5.4,11.2,1.9,107,16,4.6,9.1,1.6,112,18,0,28.70,,0,0,0,34.2,37.6,40.4,0.19,0.15,0.14
COLD,2015-12-01 04:15:00 EST,43.26127,-74.97878,1422,32.2,32.6,28.3,72.2,24.3,0.000,0.000,0.00,0.000,4.0,7.5,1.4,112,18,4.9,9.8,1.7,107,14,4.0,7.5,1.4,112,18,0,28.70,,0,0,0,34.2,37.6,40.4,0.19,0.15,0.14
COLD,2015-12-01 04:20:00 EST,43.26127,-74.97878,1422,32.5,32.8,32.5,71.3,24.3,0.000,0.000,0.00,0.000,3.0,7.1,1.2,115,21,3.8,8.3,1.3,109,21,3.0,7.1,1.2,115,21,0,28.70,,0,0,0,34.2,37.6,40.4,0.19,0.15,0.14
COLD,2015-12-01 04:25:00 EST,43.26127,-74.97878,1422,32.8,33.1,28.6,71.2,24.5,0.000,0.000,0.00,0.000,4.5,9.1,1.8,118,25,5.3,11.4,2.1,112,21,4.5,9.1,1.8,118,25,0,28.70,,0,0,0,34.2,37.6,40.4,0.19,0.15,0.14
COLD,2015-12-01 04:30:00 EST,43.26127,-74.97878,1422,33.1,33.2,30.5,70.5,24.6,0.000,0.000,0.00,0.000,3.1,8.1,1.8,115,24,4.0,9.2,1.9,109,20,3.1,8.1,1.8,115,24,0,28.70,,0,0,0,34.2,37.6,40.3,0.19,0.15,0.14
COLD,2015-12-01 04:35:00 EST,43.26127,-74.97878,1422,33.2,33.3,33.2,70.9,24.8,0.000,0.000,0.00,0.000,2.8,6.6,1.6,139,24,3.4,8.5,1.7,129,22,2.8,6.6,1.6,139,24,0,28.71,,0,0,0,34.2,37.6,40.4,0.19,0.15,0.14
COLD,2015-12-01 04:40:00 EST,43.26127,-74.97878,1422,33.4,33.5,33.4,69.8,24.6,0.000,0.000,0.00,0.000,2.3,5.6,1.5,120,23,3.0,6.9,1.6,116,23,2.3,5.6,1.5,120,23,0,28.71,,0,0,0,34.2,37.6,40.4,0.19,0.15,0.14
COLD,2015-12-01 04:45:00 EST,43.26127,-74.97878,1422,33.4,33.5,30.6,69.9,24.6,0.000,0.000,0.00,0.000,3.2,9.2,1.9,115,20,4.0,10.1,1.8,110,17,3.2,9.2,1.9,115,20,0,28.70,,0,0,0,34.2,37.6,40.4,0.19,0.15,0.14
COLD,2015-12-01 04:50:00 EST,43.26127,-74.97878,1422,33.3,33.4,28.4,70.0,24.6,0.000,0.000,0.00,0.000,5.2,9.6,1.7,107,19,6.2,11.2,2.0,103,17,5.2,9.6,1.7,107,19,0,28.70,,0,0,0,34.2,37.6,40.4,0.19,0.15,0.14
COLD,2015-12-01 04:55:00 EST,43.26127,-74.97878,1422,33.3,33.4,28.2,69.8,24.5,0.000,0.000,0.00,0.000,5.4,8.6,1.6,106,20,6.2,9.8,1.8,103,17,5.4,8.6,1.6,106,20,0,28.69,,0,0,0,34.2,37.6,40.3,0.19,0.15,0.14
COLD,2015-12-01 05:00:00 EST,43.26127,-74.97878,1422,33.2,33.2,26.4,70.5,24.6,0.000,0.000,0.00,0.000,7.8,11.8,1.7,102,11,8.8,14.1,1.9,100,9,7.8,11.8,1.7,102,11,0,28.69,,0,0,0,34.2,37.6,40.3,0.19,0.15,0.14
COLD,2015-12-01 05:05:00 EST,43.26127,-74.97878,1422,32.7,32.8,26.1,72.3,24.8,0.000,0.000,0.00,0.000,7.4,9.6,0.9,94,8,8.3,10.7,1.1,93,7,7.4,9.6,0.9,94,8,0,28.69,,0,0,0,34.2,37.6,40.4,0.19,0.15,0.14
COLD,2015-12-01 05:10:00 EST,43.26127,-74.97878,1422,32.2,32.5,24.8,73.4,24.7,0.000,0.000,0.00,0.000,8.5,11.4,1.1,92,9,9.5,13.6,1.3,91,7,8.5,11.4,1.1,92,9,0,28.68,,0,0,0,34.2,37.6,40.3,0.19,0.15,0.14
COLD,2015-12-01 05:15:00 EST,43.26127,-74.97878,1422,31.8,32.3,24.1,74.8,24.7,0.000,0.000,0.00,0.000,8.9,11.7,1.2,97,8,9.8,13.4,1.4,97,6,8.9,11.7,1.2,97,8,0,28.67,,0,0,0,34.2,37.6,40.3,0.19,0.15,0.14
COLD,2015-12-01 05:20:00 EST,43.26127,-74.97878,1422,31.8,32.2,24.8,75.0,24.8,0.000,0.000,0.00,0.000,7.8,11.8,1.4,100,9,8.6,13.4,1.6,98,7,7.8,11.8,1.4,100,9,0,28.67,,0,0,0,34.2,37.6,40.3,0.19,0.15,0.14
COLD,2015-12-01 05:25:00 EST,43.26127,-74.97878,1422,31.8,32.2,25.1,75.9,25.0,0.000,0.000,0.00,0.000,7.1,10.2,1.7,104,11,8.0,11.4,1.8,101,10,7.1,10.2,1.7,104,11,0,28.67,,0,0,0,34.2,37.6,40.3,0.19,0.15,0.14
COLD,2015-12-01 05:30:00 EST,43.26127,-74.97878,1422,32.0,32.5,26.5,76.1,25.4,0.000,0.000,0.00,0.000,5.7,10.6,2.1,104,14,6.5,12.1,2.2,102,12,5.7,10.6,2.1,104,14,0,28.67,,0,0,0,34.2,37.6,40.3,0.19,0.15,0.14
COLD,2015-12-01 05:35:00 EST,43.26127,-74.97878,1422,32.0,32.5,26.6,76.2,25.4,0.000,0.000,0.00,0.000,5.6,8.8,1.8,106,16,6.5,10.5,2.0,103,13,5.6,8.8,1.8,106,16,0,28.66,,0,0,0,34.2,37.6,40.3,0.19,0.15,0.14
COLD,2015-12-01 05:40:00 EST,43.26127,-74.97878,1422,32.0,32.5,27.1,76.2,25.4,0.000,0.000,0.00,0.000,4.9,10.1,2.0,111,19,5.8,11.9,2.2,108,18,4.9,10.1,2.0,111,19,0,28.66,,0,0,0,34.2,37.6,40.3,0.19,0.15,0.14
COLD,2015-12-01 05:45:00 EST,43.26127,-74.97878,1422,32.2,32.7,28.3,76.1,25.5,0.000,0.000,0.00,0.000,4.0,8.3,1.5,115,26,4.9,9.8,1.7,109,23,4.0,8.3,1.5,115,26,0,28.66,,0,0,0,34.2,37.6,40.3,0.19,0.15,0.14
COLD,2015-12-01 05:50:00 EST,43.26127,-74.97878,1422,32.2,32.6,32.2,76.9,25.8,0.000,0.000,0.00,0.000,3.0,6.7,1.2,116,26,3.8,9.4,1.6,111,26,3.0,6.7,1.2,116,26,0,28.67,,0,0,0,34.2,37.6,40.3,0.19,0.15,0.14
COLD,2015-12-01 05:55:00 EST,43.26127,-74.97878,1422,32.7,32.9,29.3,76.6,26.2,0.000,0.000,0.00,0.000,3.6,7.2,1.2,120,24,4.5,8.3,1.3,114,20,3.6,7.2,1.2,120,24,0,28.67,,0,0,0,34.2,37.6,40.3,0.19,0.15,0.14
COLD,2015-12-01 06:00:00 EST,43.26127,-74.97878,1422,33.0,33.2,29.8,75.9,26.3,0.000,0.000,0.00,0.000,3.5,7.0,1.5,125,28,4.4,7.6,1.6,121,25,3.5,7.0,1.5,125,28,0,28.67,,0,0,0,34.3,37.6,40.3,0.19,0.15,0.14
COLD,2015-12-01 06:05:00 EST,43.26127,-74.97878,1422,33.2,33.2,30.4,75.7,26.4,0.000,0.000,0.00,0.000,3.2,7.9,2.0,141,30,4.1,9.4,1.9,134,29,3.2,7.9,2.0,141,30,0,28.68,,0,0,0,34.2,37.6,40.3,0.19,0.15,0.14
COLD,2015-12-01 06:10:00 EST,43.26127,-74.97878,1422,33.5,33.5,33.5,75.0,26.4,0.000,0.000,0.00,0.000,2.7,5.4,1.1,140,26,3.5,6.0,1.1,136,23,2.7,5.4,1.1,140,26,0,28.68,,0,0,0,34.2,37.6,40.3,0.19,0.15,0.14
COLD,2015-12-01 06:15:00 EST,43.26127,-74.97878,1422,33.4,33.5,33.4,75.1,26.4,0.000,0.000,0.00,0.000,2.7,6.4,1.4,129,24,3.3,7.6,1.5,118,27,2.7,6.4,1.4,129,24,0,28.68,,0,0,0,34.2,37.6,40.3,0.19,0.15,0.14
COLD,2015-12-01 06:20:00 EST,43.26127,-74.97878,1422,33.7,33.7,33.7,75.3,26.8,0.000,0.000,0.00,0.000,1.7,4.3,1.2,108,35,2.6,6.5,1.5,105,31,1.7,4.3,1.2,108,35,0,28.68,,0,0,0,34.2,37.6,40.3,0.19,0.15,0.14
COLD,2015-12-01 06:25:00 EST,43.26127,-74.97878,1422,33.9,33.8,31.0,75.2,26.9,0.000,0.000,0.00,0.000,3.3,6.9,1.4,124,19,4.0,8.9,1.5,117,14,3.3,6.9,1.4,124,19,0,28.67,,0,0,0,34.2,37.6,40.3,0.19,0.15,0.14
COLD,2015-12-01 06:30:00 EST,43.26127,-74.97878,1422,34.1,34.1,34.1,74.9,27.0,0.000,0.000,0.00,0.000,2.7,6.4,1.4,127,28,3.6,7.2,1.5,119,28,2.7,6.4,1.4,127,28,0,28.67,,0,0,0,34.2,37.6,40.3,0.19,0.15,0.14
COLD,2015-12-01 06:35:00 EST,43.26127,-74.97878,1422,34.1,34.1,34.1,74.7,27.0,0.000,0.000,0.00,0.000,2.2,7.3,1.7,127,35,3.1,9.2,1.8,121,32,2.2,7.3,1.7,127,35,0,28.68,,0,0,0,34.2,37.6,40.3,0.19,0.15,0.14
COLD,2015-12-01 06:40:00 EST,43.26127,-74.97878,1422,34.3,34.2,31.3,74.5,27.0,0.000,0.000,0.00,0.000,3.5,8.3,1.7,128,28,4.5,9.8,1.9,120,25,3.5,8.3,1.7,128,28,0,28.68,,0,0,0,34.2,37.6,40.3,0.19,0.15,0.14
COLD,2015-12-01 06:45:00 EST,43.26127,-74.97878,1422,34.0,34.0,30.6,76.7,27.5,0.000,0.000,0.00,0.000,3.9,8.9,2.2,135,30,4.8,10.3,2.4,130,27,3.9,8.9,2.2,135,30,0,28.68,,0,0,0,34.2,37.6,40.3,0.19,0.15,0.14
COLD,2015-12-01 06:50:00 EST,43.26127,-74.97878,1422,33.8,33.7,29.4,78.6,27.8,0.000,0.000,0.00,0.000,4.8,10.1,2.3,126,28,5.7,11.9,2.5,119,26,4.8,10.1,2.3,126,28,0,28.68,,0,0,0,34.2,37.6,40.3,0.19,0.15,0.14
COLD,2015-12-01 06:55:00 EST,43.26127,-74.97878,1422,33.6,33.4,28.6,79.1,27.8,0.000,0.000,0.00,0.000,5.3,10.4,1.7,108,22,6.4,12.5,1.8,106,16,5.3,10.4,1.7,108,22,0,28.67,,0,0,0,34.2,37.5,40.3,0.19,0.15,0.14
COLD,2015-12-01 07:00:00 EST,43.26127,-74.97878,1422,33.4,33.2,28.0,79.6,27.7,0.000,0.000,0.00,0.000,5.8,14.1,2.4,113,21,6.8,17.2,2.8,109,20,5.8,14.1,2.4,113,21,0,28.67,,0,0,0,34.2,37.5,40.3,0.19,0.15,0.14
COLD,2015-12-01 07:05:00 EST,43.26127,-74.97878,1422,33.1,32.9,27.0,80.8,27.8,0.000,0.000,0.00,0.000,6.7,14.3,3.0,104,13,7.6,15.9,3.2,101,12,6.7,14.3,3.0,104,13,0,28.66,,0,0,0,34.2,37.5,40.3,0.19,0.15,0.14
COLD,2015-12-01 07:10:00 EST,43.26127,-74.97878,1422,32.8,32.7,26.0,82.2,28.0,0.000,0.000,0.00,0.000,7.7,14.2,2.7,104,18,8.8,15.9,2.9,103,15,7.7,14.2,2.7,104,18,1,28.66,,0,0,0,34.2,37.5,40.3,0.19,0.15,0.14
COLD,2015-12-01 07:15:00 EST,43.26127,-74.97878,1422,32.6,32.4,26.3,84.2,28.4,0.000,0.000,0.00,0.000,6.9,11.8,2.5,101,15,8.1,14.8,2.9,100,14,6.9,11.8,2.5,101,15,1,28.66,,0,0,0,34.2,37.5,40.3,0.19,0.15,0.14
COLD,2015-12-01 07:20:00 EST,43.26127,-74.97878,1422,32.4,32.2,24.7,86.7,28.8,0.000,0.000,0.00,0.000,8.9,16.4,3.9,104,13,9.9,17.9,4.1,101,10,8.9,16.4,3.9,104,13,2,28.65,,0,0,0,34.2,37.5,40.3,0.19,0.15,0.14
COLD,2015-12-01 07:25:00 EST,43.26127,-74.97878,1422,32.1,32.0,24.5,88.0,29.0,0.000,0.000,0.00,0.000,8.9,12.4,2.1,104,11,9.9,14.5,2.0,101,9,8.9,12.4,2.1,104,11,3,28.65,,0,0,0,34.2,37.5,40.3,0.19,0.15,0.14
COLD,2015-12-01 07:30:00 EST,43.26127,-74.97878,1422,32.2,32.0,27.9,89.1,29.3,0.000,0.000,0.00,0.000,4.4,12.1,2.6,107,16,5.1,14.5,2.9,105,13,4.4,12.1,2.6,107,16,5,28.65,,0,0,0,34.2,37.5,40.3,0.19,0.15,0.14
COLD,2015-12-01 07:35:00 EST,43.26127,-74.97878,1422,32.3,32.2,29.0,89.4,29.6,0.000,0.000,0.00,0.000,3.5,8.0,1.4,127,25,4.4,9.6,1.6,121,25,3.5,8.0,1.4,127,25,7,28.65,,0,0,0,34.2,37.5,40.3,0.19,0.15,0.14
COLD,2015-12-01 07:40:00 EST,43.26127,-74.97878,1422,32.5,32.3,28.1,88.9,29.6,0.000,0.000,0.00,0.000,4.6,8.5,1.7,114,18,5.5,9.8,1.7,110,18,4.6,8.5,1.7,114,18,8,28.65,,0,0,0,34.2,37.5,40.3,0.19,0.15,0.14
COLD,2015-12-01 07:45:00 EST,43.26127,-74.97878,1422,32.6,32.4,28.6,88.8,29.7,0.000,0.000,0.00,0.000,4.1,8.5,2.1,129,25,4.7,10.7,2.2,124,24,4.1,8.5,2.1,129,25,8,28.65,,0,0,0,34.2,37.5,40.3,0.19,0.15,0.14
COLD,2015-12-01 07:50:00 EST,43.26127,-74.97878,1422,32.7,32.5,28.0,88.5,29.6,0.000,0.000,0.00,0.000,4.9,13.5,2.6,127,28,5.9,13.6,2.6,120,27,4.9,13.5,2.6,127,28,8,28.66,,0,0,0,34.2,37.5,40.3,0.19,0.15,0.14
COLD,2015-12-01 07:55:00 EST,43.26127,-74.97878,1422,32.9,32.6,27.9,88.7,29.9,0.000,0.000,0.00,0.000,5.2,12.1,2.5,109,21,6.1,13.2,2.7,106,17,5.2,12.1,2.5,109,21,10,28.65,,0,0,0,34.2,37.4,40.3,0.19,0.15,0.14
COLD,2015-12-01 08:00:00 EST,43.26127,-74.97878,1422,33.0,32.8,33.0,89.2,30.2,0.000,0.000,0.00,0.000,3.0,6.8,1.2,125,30,3.9,9.6,1.6,121,27,3.0,6.8,1.2,125,30,13,28.66,,0,0,0,34.2,37.4,40.2,0.19,0.15,0.14
COLD,2015-12-01 08:05:00 EST,43.26127,-74.97878,1422,33.2,33.0,29.8,88.7,30.3,0.000,0.000,0.00,0.000,3.7,8.2,1.6,119,30,4.8,9.6,1.8,111,26,3.7,8.2,1.6,119,30,20,28.65,,0,0,0,34.2,37.4,40.3,0.19,0.15,0.14
COLD,2015-12-01 08:10:00 EST,43.26127,-74.97878,1422,33.4,33.1,28.5,88.2,30.3,0.000,0.000,0.00,0.000,5.2,12.6,2.2,114,24,6.2,13.4,2.2,111,21,5.2,12.6,2.2,114,24,19,28.65,,0,0,0,34.2,37.4,40.2,0.19,0.15,0.14
COLD,2015-12-01 08:15:00 EST,43.26127,-74.97878,1422,33.4,33.2,28.9,88.3,30.4,0.000,0.000,0.00,0.000,4.9,9.5,2.2,110,19,5.8,11.2,2.5,107,16,4.9,9.5,2.2,110,19,19,28.65,,0,0,0,34.2,37.4,40.3,0.19,0.15,0.14
COLD,2015-12-01 08:20:00 EST,43.26127,-74.97878,1422,33.6,33.4,28.8,88.4,30.6,0.000,0.000,0.00,0.000,5.2,9.5,1.5,121,28,6.2,13.2,1.9,115,25,5.2,9.5,1.5,121,28,22,28.65,,0,0,0,34.2,37.4,40.3,0.19,0.15,0.14
COLD,2015-12-01 08:25:00 EST,43.26127,-74.97878,1422,33.9,33.6,29.6,88.4,30.8,0.000,0.000,0.00,0.000,4.7,11.5,2.4,112,32,5.5,13.4,2.6,108,29,4.7,11.5,2.4,112,32,22,28.65,,0,0,0,34.2,37.4,40.2,0.19,0.15,0.14
COLD,2015-12-01 08:30:00 EST,43.26127,-74.97878,1422,34.1,33.9,29.0,88.1,31.0,0.000,0.000,0.00,0.000,5.7,12.0,2.2,123,31,6.8,14.3,2.5,122,33,5.7,12.0,2.2,123,31,20,28.65,,0,0,0,34.2,37.4,40.3,0.19,0.15,0.14
COLD,2015-12-01 08:35:00 EST,43.26127,-74.97878,1422,34.3,34.1,31.2,87.5,31.0,0.000,0.000,0.00,0.000,3.5,8.3,1.8,135,34,4.6,11.6,2.2,131,31,3.5,8.3,1.8,135,34,20,28.65,,0,0,0,34.2,37.4,40.2,0.19,0.15,0.14
COLD,2015-12-01 08:40:00 EST,43.26127,-74.97878,1422,34.4,34.2,34.4,87.5,31.1,0.000,0.000,0.00,0.000,2.5,6.5,1.7,127,30,3.4,7.6,1.6,118,27,2.5,6.5,1.7,127,30,22,28.65,,0,0,0,34.2,37.4,40.2,0.19,0.15,0.14
COLD,2015-12-01 08:45:00 EST,43.26127,-74.97878,1422,34.5,34.3,31.8,87.6,31.2,0.000,0.000,0.00,0.000,3.3,8.5,1.9,127,26,4.2,9.8,1.9,120,23,3.3,8.5,1.9,127,26,25,28.65,,0,0,0,34.2,37.4,40.2,0.19,0.15,0.14
COLD,2015-12-01 08:50:00 EST,43.26127,-74.97878,1422,34.5,34.3,32.1,88.7,31.6,0.000,0.000,0.00,0.000,3.1,9.2,2.0,116,29,3.9,10.5,2.1,109,26,3.1,9.2,2.0,116,29,30,28.65,,0,0,0,34.2,37.4,40.2,0.19,0.15,0.14
COLD,2015-12-01 08:55:00 EST,43.26127,-74.97878,1422,34.5,34.3,29.8,89.8,31.9,0.003,0.003,0.00,0.003,5.4,11.3,2.5,121,29,6.2,13.4,2.7,117,27,5.4,11.3,2.5,121,29,36,28.65,,0,0,0,34.2,37.4,40.2,0.19,0.15,0.14
COLD,2015-12-01 09:00:00 EST,43.26127,-74.97878,1422,34.4,34.2,30.2,90.7,32.0,0.002,0.005,0.00,0.005,4.7,10.6,2.4,133,31,5.5,12.5,2.5,128,30,4.7,10.6,2.4,133,31,38,28.65,,0,0,0,34.2,37.4,40.2,0.19,0.15,0.14
COLD,2015-12-01 09:05:00 EST,43.26127,-74.97878,1422,34.3,34.1,30.1,92.0,32.2,0.001,0.006,0.00,0.006,4.7,10.7,2.5,134,31,5.6,12.1,2.7,129,32,4.7,10.7,2.5,134,31,35,28.65,,0,0,0,34.2,37.4,40.2,0.19,0.15,0.14
COLD,2015-12-01 09:10:00 EST,43.26127,-74.97878,1422,34.2,34.0,30.2,92.8,32.4,0.000,0.006,0.00,0.006,4.4,7.6,1.3,120,35,5.6,8.9,1.5,115,32,4.4,7.6,1.3,120,35,36,28.65,,0,0,0,34.2,37.4,40.2,0.19,0.15,0.14
COLD,2015-12-01 09:15:00 EST,43.26127,-74.97878,1422,34.1,33.9,29.8,93.4,32.4,0.000,0.006,0.00,0.006,4.7,9.4,1.9,124,26,5.8,10.7,2.1,118,23,4.7,9.4,1.9,124,26,35,28.65,,0,0,0,34.2,37.4,40.2,0.19,0.15,0.14
COLD,2015-12-01 09:20:00 EST,43.26127,-74.97878,1422,34.1,33.8,30.0,93.8,32.5,0.005,0.010,0.00,0.010,4.5,10.4,2.2,119,26,5.5,11.0,2.3,112,23,4.5,10.4,2.2,119,26,41,28.65,,0,0,0,34.2,37.4,40.2,0.19,0.15,0.14
COLD,2015-12-01 09:25:00 EST,43.26127,-74.97878,1422,34.0,33.8,29.0,94.3,32.6,0.003,0.013,0.00,0.013,5.6,11.3,2.7,121,24,6.4,12.8,2.8,116,23,5.6,11.3,2.7,121,24,43,28.65,,0,0,0,34.2,37.4,40.2,0.19,0.15,0.14
COLD,2015-12-01 09:30:00 EST,43.26127,-74.97878,1422,34.0,33.8,34.0,94.6,32.6,0.002,0.015,0.00,0.015,2.3,7.0,1.7,121,34,3.3,9.2,1.8,112,31,2.3,7.0,1.7,121,34,37,28.65,,0,0,0,34.2,37.4,40.2,0.19,0.15,0.14
COLD,2015-12-01 09:35:00 EST,43.26127,-74.97878,1422,34.0,33.8,28.7,94.8,32.7,0.003,0.018,0.00,0.018,5.9,13.6,2.9,119,27,7.1,16.6,3.3,111,25,5.9,13.6,2.9,119,27,37,28.64,,0,0,0,34.2,37.4,40.2,0.19,0.15,0.14
COLD,2015-12-01 09:40:00 EST,43.26127,-74.97878,1422,34.0,33.8,26.3,94.8,32.7,0.005,0.023,0.00,0.023,9.9,15.3,2.6,103,13,11.8,18.8,3.1,100,9,9.9,15.3,2.6,103,13,41,28.64,,0,0,0,34.2,37.4,40.2,0.19,0.15,0.14
COLD,2015-12-01 09:45:00 EST,43.26127,-74.97878,1422,34.1,33.9,27.8,95.3,32.9,0.004,0.026,0.00,0.026,7.3,14.2,3.1,111,19,9.2,18.1,3.9,107,17,7.3,14.2,3.1,111,19,38,28.64,,0,0,0,34.2,37.4,40.1,0.19,0.15,0.14
COLD,2015-12-01 09:50:00 EST,43.26127,-74.97878,1422,34.2,33.9,30.0,95.3,33.0,0.010,0.037,0.00,0.037,4.6,8.7,1.9,115,31,6.0,11.9,2.6,108,26,4.6,8.7,1.9,115,31,40,28.64,,0,0,0,34.2,37.4,40.2,0.19,0.15,0.14
COLD,2015-12-01 09:55:00 EST,43.26127,-74.97878,1422,34.2,34.0,31.3,95.7,33.1,0.008,0.044,0.00,0.041,3.4,11.6,2.2,127,42,4.7,12.5,2.4,120,39,3.4,11.6,2.2,127,42,39,28.64,,0,0,0,34.2,37.4,40.1,0.19,0.15,0.14
COLD,2015-12-01 10:00:00 EST,43.26127,-74.97878,1422,34.2,34.0,28.5,95.6,33.1,0.006,0.050,0.00,0.045,6.6,13.1,2.3,107,19,8.1,16.1,2.5,102,18,6.6,13.1,2.3,107,19,35,28.64,,0,0,0,34.2,37.4,40.2,0.19,0.15,0.14
COLD,2015-12-01 10:05:00 EST,43.26127,-74.97878,1422,34.3,34.1,26.8,95.7,33.2,0.005,0.055,0.00,0.049,9.4,16.8,2.9,105,17,11.1,20.6,3.5,100,14,9.4,16.8,2.9,105,17,35,28.63,,0,0,0,34.2,37.4,40.2,0.19,0.15,0.14
COLD,2015-12-01 10:10:00 EST,43.26127,-74.97878,1422,34.3,34.1,28.0,95.6,33.2,0.007,0.063,0.00,0.057,7.5,16.1,3.9,111,19,9.0,18.8,4.3,106,15,7.5,16.1,3.9,111,19,24,28.63,,0,0,0,34.2,37.4,40.1,0.19,0.15,0.14
COLD,2015-12-01 10:15:00 EST,43.26127,-74.97878,1422,34.3,34.1,27.7,95.9,33.2,0.005,0.067,0.00,0.061,7.9,14.3,4.0,104,16,9.5,17.4,4.4,101,14,7.9,14.3,4.0,104,16,25,28.63,,0,0,0,34.2,37.4,40.1,0.19,0.15,0.14
COLD,2015-12-01 10:20:00 EST,43.26127,-74.97878,1422,34.4,34.3,27.9,95.7,33.3,0.009,0.076,0.00,0.066,7.9,14.3,2.3,108,17,9.5,16.3,2.7,104,12,7.9,14.3,2.3,108,17,29,28.62,,0,0,0,34.2,37.4,40.1,0.19,0.15,0.14
COLD,2015-12-01 10:25:00 EST,43.26127,-74.97878,1422,34.6,34.4,29.2,95.8,33.5,0.004,0.080,0.00,0.067,6.2,12.6,2.8,108,19,7.8,15.2,3.3,102,16,6.2,12.6,2.8,108,19,26,28.62,,0,0,0,34.2,37.4,40.1,0.19,0.15,0.14
COLD,2015-12-01 10:30:00 EST,43.26127,-74.97878,1422,34.7,34.5,28.9,96.2,33.7,0.003,0.082,0.00,0.068,6.9,15.7,2.9,105,17,8.4,17.4,3.3,103,14,6.9,15.7,2.9,105,17,28,28.62,,0,0,0,34.2,37.4,40.1,0.19,0.15,0.14
COLD,2015-12-01 10:35:00 EST,43.26127,-74.97878,1422,34.9,34.8,29.0,96.2,34.0,0.007,0.089,0.00,0.072,7.0,12.6,2.4,115,23,8.3,13.9,2.6,107,18,7.0,12.6,2.4,115,23,32,28.62,,0,0,0,34.2,37.4,40.1,0.19,0.15,0.14
COLD,2015-12-01 10:40:00 EST,43.26127,-74.97878,1422,35.1,34.9,29.0,96.1,34.1,0.006,0.095,0.00,0.072,7.4,15.6,3.3,107,20,8.7,17.9,3.5,104,19,7.4,15.6,3.3,107,20,36,28.61,,0,0,0,34.2,37.4,40.1,0.19,0.15,0.14
COLD,2015-12-01 10:45:00 EST,43.26127,-74.97878,1422,35.3,35.1,28.8,96.0,34.2,0.013,0.108,0.30,0.081,8.1,16.1,3.2,109,19,9.9,19.5,3.7,104,15,8.1,16.1,3.2,109,19,37,28.61,,0,0,0,34.2,37.4,40.1,0.19,0.15,0.14
COLD,2015-12-01 10:50:00 EST,43.26127,-74.97878,1422,35.3,35.2,27.7,95.9,34.3,0.012,0.120,0.00,0.083,10.4,17.3,2.2,105,12,11.4,19.0,2.6,103,9,10.4,17.3,2.2,105,12,38,28.61,,0,0,0,34.2,37.4,40.1,0.19,0.15,0.14
COLD,2015-12-01 10:55:00 EST,43.26127,-74.97878,1422,35.4,35.2,29.4,95.7,34.3,0.006,0.126,0.00,0.082,7.4,15.1,2.5,109,20,8.6,17.9,2.9,104,14,7.4,15.1,2.5,109,20,39,28.61,,0,0,0,34.2,37.4,40.1,0.19,0.15,0.14
COLD,2015-12-01 11:00:00 EST,43.26127,-74.97878,1422,35.5,35.3,29.4,95.7,34.4,0.009,0.135,0.29,0.085,7.5,14.7,2.9,117,23,8.6,19.0,3.2,115,21,7.5,14.7,2.9,117,23,38,28.61,,0,0,0,34.2,37.4,40.1,0.19,0.15,0.14
COLD,2015-12-01 11:05:00 EST,43.26127,-74.97878,1422,35.6,35.4,29.9,95.8,34.5,0.002,0.137,0.00,0.082,6.8,13.9,2.6,114,23,7.6,14.8,2.7,108,22,6.8,13.9,2.6,114,23,37,28.60,,0,0,0,34.2,37.4,40.1,0.19,0.15,0.14
COLD,2015-12-01 11:10:00 EST,43.26127,-74.97878,1422,35.6,35.4,29.6,96.0,34.6,0.002,0.139,0.00,0.077,7.3,14.8,3.3,112,21,8.5,16.6,3.4,106,18,7.3,14.8,3.3,112,21,34,28.60,,0,0,0,34.2,37.4,40.1,0.19,0.15,0.14
COLD,2015-12-01 11:15:00 EST,43.26127,-74.97878,1422,35.8,35.6,30.0,95.9,34.7,0.005,0.144,0.00,0.077,7.1,16.3,3.5,110,22,8.2,18.6,3.8,106,19,7.1,16.3,3.5,110,22,37,28.59,,0,0,0,34.1,37.4,40.1,0.19,0.15,0.14
COLD,2015-12-01 11:20:00 EST,43.26127,-74.97878,1422,35.9,35.8,29.5,95.6,34.8,0.006,0.150,0.00,0.074,8.2,13.2,2.3,115,21,9.3,15.9,2.8,110,19,8.2,13.2,2.3,115,21,32,28.59,,0,0,0,34.2,37.4,40.1,0.19,0.15,0.14
COLD,2015-12-01 11:25:00 EST,43.26127,-74.97878,1422,36.0,35.8,30.1,95.5,34.8,0.009,0.159,0.00,0.079,7.3,19.6,3.4,108,19,8.5,20.8,3.8,104,15,7.3,19.6,3.4,108,19,29,28.59,,0,0,0,34.1,37.4,40.1,0.19,0.15,0.14
COLD,2015-12-01 11:30:00 EST,43.26127,-74.97878,1422,36.1,35.9,29.3,95.7,35.0,0.005,0.164,0.00,0.081,9.0,16.4,3.4,107,23,9.9,19.0,3.4,104,18,9.0,16.4,3.4,107,23,33,28.58,,0,0,0,34.2,37.3,40.1,0.19,0.15,0.14
COLD,2015-12-01 11:35:00 EST,43.26127,-74.97878,1422,36.3,36.1,31.5,95.6,35.1,0.000,0.164,0.00,0.075,5.8,15.8,3.2,132,35,6.8,16.6,3.2,128,34,5.8,15.8,3.2,132,35,39,28.58,,0,0,0,34.1,37.3,40.1,0.19,0.15,0.14
COLD,2015-12-01 11:40:00 EST,43.26127,-74.97878,1422,36.4,36.2,31.3,95.4,35.2,0.000,0.164,0.00,0.069,6.2,13.4,2.9,109,24,7.3,14.1,3.0,104,24,6.2,13.4,2.9,109,24,45,28.58,,0,0,0,34.1,37.3,40.1,0.19,0.15,0.14
COLD,2015-12-01 11:45:00 EST,43.26127,-74.97878,1422,36.5,36.3,31.7,95.2,35.2,0.003,0.167,0.00,0.059,5.8,12.5,2.4,125,22,6.6,12.5,2.4,122,24,5.8,12.5,2.4,125,22,50,28.58,,0,0,0,34.1,37.3,40.1,0.20,0.15,0.14
COLD,2015-12-01 11:50:00 EST,43.26127,-74.97878,1422,36.5,36.3,31.5,95.4,35.3,0.004,0.170,0.00,0.051,6.2,12.6,2.8,112,31,7.3,14.8,3.4,111,29,6.2,12.6,2.8,112,31,57,28.58,,0,0,0,34.1,37.3,40.1,0.20,0.15,0.14
COLD,2015-12-01 11:55:00 EST,43.26127,-74.97878,1422,36.7,36.4,30.2,95.4,35.5,0.005,0.176,0.00,0.050,8.6,17.5,3.9,110,24,9.4,19.7,4.1,108,20,8.6,17.5,3.9,110,24,59,28.57,,0,0,0,34.1,37.4,40.1,0.20,0.15,0.14
COLD,2015-12-01 12:00:00 EST,43.26127,-74.97878,1422,36.6,36.4,32.1,95.0,35.3,0.004,0.180,0.00,0.045,5.5,15.2,3.2,123,28,6.4,16.6,3.4,117,25,5.5,15.2,3.2,123,28,40,28.58,,0,0,0,34.1,37.3,40.1,0.20,0.15,0.14
COLD,2015-12-01 12:05:00 EST,43.26127,-74.97878,1422,36.6,36.4,30.3,94.8,35.2,0.000,0.180,0.00,0.043,8.3,18.0,3.1,114,25,9.2,15.9,3.5,108,22,8.3,18.0,3.1,114,25,39,28.57,,0,0,0,34.1,37.3,40.1,0.20,0.15,0.14
COLD,2015-12-01 12:10:00 EST,43.26127,-74.97878,1422,36.5,36.3,29.8,95.0,35.2,0.000,0.180,0.00,0.041,8.9,14.5,2.5,109,18,10.0,17.4,3.0,107,15,8.9,14.5,2.5,109,18,37,28.57,,0,0,0,34.1,37.3,40.1,0.21,0.15,0.14
COLD,2015-12-01 12:15:00 EST,43.26127,-74.97878,1422,36.4,36.2,30.4,95.3,35.2,0.000,0.180,0.00,0.036,7.7,14.2,2.4,119,24,8.8,17.9,2.9,115,21,7.7,14.2,2.4,119,24,31,28.57,,0,0,0,34.1,37.3,40.1,0.21,0.15,0.14
COLD,2015-12-01 12:20:00 EST,43.26127,-74.97878,1422,36.4,36.2,30.2,95.5,35.2,0.000,0.180,0.00,0.030,7.9,13.2,2.5,119,21,9.0,16.3,2.8,112,20,7.9,13.2,2.5,119,21,31,28.56,,0,0,0,34.1,37.3,40.1,0.21,0.15,0.14
COLD,2015-12-01 12:25:00 EST,43.26127,-74.97878,1422,36.5,36.3,31.6,95.2,35.2,0.000,0.180,0.00,0.021,5.9,13.6,3.0,133,31,7.5,15.4,3.2,128,28,5.9,13.6,3.0,133,31,27,28.56,,0,0,0,34.0,37.3,40.1,0.21,0.15,0.14
COLD,2015-12-01 12:30:00 EST,43.26127,-74.97878,1422,36.4,36.3,31.7,95.0,35.1,0.002,0.182,0.00,0.018,5.7,12.3,2.5,120,31,7.0,14.3,2.9,116,28,5.7,12.3,2.5,120,31,33,28.56,,0,0,0,34.0,37.3,40.1,0.21,0.15,0.14
COLD,2015-12-01 12:35:00 EST,43.26127,-74.97878,1422,36.4,36.3,30.9,95.1,35.2,0.000,0.182,0.00,0.018,6.9,14.8,2.6,122,27,8.1,17.4,3.1,118,25,6.9,14.8,2.6,122,27,28,28.56,,0,0,0,34.0,37.3,40.1,0.21,0.15,0.14
COLD,2015-12-01 12:40:00 EST,43.26127,-74.97878,1422,36.4,36.2,31.1,95.4,35.2,0.001,0.183,0.00,0.019,6.6,20.3,3.7,112,27,7.8,22.1,4.1,110,25,6.6,20.3,3.7,112,27,32,28.56,,0,0,0,34.0,37.3,40.1,0.21,0.15,0.14
COLD,2015-12-01 12:45:00 EST,43.26127,-74.97878,1422,36.4,36.2,29.5,95.3,35.2,0.000,0.183,0.00,0.016,9.2,17.3,3.4,111,21,10.3,20.1,3.5,110,18,9.2,17.3,3.4,111,21,38,28.55,,0,0,0,34.1,37.3,40.1,0.21,0.15,0.14
COLD,2015-12-01 12:50:00 EST,43.26127,-74.97878,1422,36.4,36.1,30.5,95.4,35.2,0.000,0.183,0.00,0.012,7.4,17.1,2.9,113,23,8.5,18.6,3.3,110,20,7.4,17.1,2.9,113,23,40,28.55,,0,0,0,34.0,37.3,40.1,0.21,0.15,0.14
COLD,2015-12-01 12:55:00 EST,43.26127,-74.97878,1422,36.3,36.1,28.9,95.4,35.1,0.000,0.183,0.00,0.007,10.4,17.2,3.8,109,23,11.6,19.5,4.1,106,21,10.4,17.2,3.8,109,23,43,28.54,,0,0,0,34.0,37.3,40.1,0.21,0.15,0.14
COLD,2015-12-01 13:00:00 EST,43.26127,-74.97878,1422,36.3,36.1,30.0,95.4,35.1,0.000,0.183,0.00,0.003,8.3,15.3,3.3,113,25,9.4,21.3,4.0,110,23,8.3,15.3,3.3,113,25,39,28.55,,0,0,0,34.1,37.3,40.0,0.21,0.15,0.14
COLD,2015-12-01 13:05:00 EST,43.26127,-74.97878,1422,36.3,36.1,29.1,95.4,35.1,0.000,0.183,0.00,0.003,9.9,17.4,3.2,109,17,11.0,18.6,3.5,105,16,9.9,17.4,3.2,109,17,33,28.55,,0,0,0,34.1,37.2,40.1,0.21,0.15,0.14
COLD,2015-12-01 13:10:00 EST,43.26127,-74.97878,1422,36.3,36.1,29.3,95.1,35.0,0.000,0.183,0.00,0.003,9.5,22.0,4.6,107,23,10.7,24.4,4.7,106,20,9.5,22.0,4.6,107,23,27,28.54,,0,0,0,34.1,37.2,40.0,0.21,0.15,0.14
COLD,2015-12-01 13:15:00 EST,43.26127,-74.97878,1422,36.2,36.1,30.6,95.5,35.1,0.000,0.183,0.00,0.003,7.0,16.0,3.3,119,28,8.2,17.0,3.4,116,26,7.0,16.0,3.3,119,28,25,28.54,,0,0,0,34.1,37.2,40.0,0.22,0.15,0.14
COLD,2015-12-01 13:20:00 EST,43.26127,-74.97878,1422,36.2,36.1,31.0,95.4,35.1,0.000,0.183,0.00,0.003,6.5,14.8,3.8,111,28,7.7,17.7,4.0,109,27,6.5,14.8,3.8,111,28,28,28.54,,0,0,0,34.1,37.2,40.0,0.22,0.15,0.14
COLD,2015-12-01 13:25:00 EST,43.26127,-74.97878,1422,36.2,36.0,31.5,95.5,35.1,0.000,0.183,0.00,0.003,5.7,13.2,3.1,120,24,6.5,15.7,3.4,114,22,5.7,13.2,3.1,120,24,22,28.55,,0,0,0,34.0,37.2,40.0,0.22,0.15,0.14
COLD,2015-12-01 13:30:00 EST,43.26127,-74.97878,1422,36.2,36.0,31.1,95.4,35.0,0.000,0.183,0.00,0.001,6.1,16.8,3.1,141,36,7.2,17.0,3.3,134,37,6.1,16.8,3.1,141,36,22,28.55,,0,0,0,34.1,37.2,40.0,0.22,0.15,0.14
COLD,2015-12-01 13:35:00 EST,43.26127,-74.97878,1422,36.1,35.9,32.5,95.3,34.9,0.000,0.183,0.00,0.001,4.3,9.2,2.0,138,33,5.2,10.5,2.2,133,31,4.3,9.2,2.0,138,33,23,28.54,,0,0,0,34.1,37.2,40.0,0.22,0.15,0.14
COLD,2015-12-01 13:40:00 EST,43.26127,-74.97878,1422,36.1,35.9,30.7,95.7,35.0,0.000,0.183,0.00,0.000,6.5,18.8,4.7,108,25,7.6,20.1,5.0,104,21,6.5,18.8,4.7,108,25,28,28.54,,0,0,0,34.2,37.2,40.0,0.22,0.15,0.14
COLD,2015-12-01 13:45:00 EST,43.26127,-74.97878,1422,36.0,35.8,32.3,95.8,34.9,0.000,0.183,0.00,0.000,4.5,13.9,2.6,141,38,5.4,14.5,2.8,134,34,4.5,13.9,2.6,141,38,20,28.54,,0,0,0,34.1,37.2,40.0,0.22,0.15,0.14
COLD,2015-12-01 13:50:00 EST,43.26127,-74.97878,1422,36.0,35.8,31.8,95.8,34.9,0.000,0.183,0.00,0.000,5.0,16.5,4.0,109,34,6.0,17.2,4.5,105,30,5.0,16.5,4.0,109,34,21,28.54,,0,0,0,34.2,37.2,40.0,0.22,0.15,0.14
COLD,2015-12-01 13:55:00 EST,43.26127,-74.97878,1422,35.9,35.7,27.5,95.8,34.8,0.000,0.183,0.00,0.000,12.5,23.4,3.9,108,17,13.7,24.4,4.4,104,14,12.5,23.4,3.9,108,17,21,28.53,,0,0,0,34.1,37.2,40.0,0.22,0.15,0.14
COLD,2015-12-01 14:00:00 EST,43.26127,-74.97878,1422,35.9,35.7,28.7,95.8,34.8,0.000,0.183,0.00,0.000,9.7,19.1,3.7,114,21,11.3,22.6,3.9,109,17,9.7,19.1,3.7,114,21,22,28.53,,0,0,0,34.2,37.2,40.0,0.22,0.15,0.14
COLD,2015-12-01 14:05:00 EST,43.26127,-74.97878,1422,35.9,35.7,28.6,95.7,34.8,0.000,0.183,0.00,0.000,9.8,19.1,4.2,109,18,11.2,22.4,4.6,106,16,9.8,19.1,4.2,109,18,26,28.53,,0,0,0,34.2,37.2,40.0,0.22,0.15,0.14
COLD,2015-12-01 14:10:00 EST,43.26127,-74.97878,1422,35.9,35.7,28.3,95.5,34.7,0.000,0.183,0.00,0.000,10.5,20.0,3.6,109,18,11.8,23.0,4.0,106,15,10.5,20.0,3.6,109,18,26,28.52,,0,0,0,34.2,37.2,40.0,0.22,0.15,0.14
COLD,2015-12-01 14:15:00 EST,43.26127,-74.97878,1422,35.9,35.7,29.3,95.6,34.7,0.000,0.183,0.00,0.000,8.5,19.7,3.5,111,22,9.9,23.0,4.0,107,20,8.5,19.7,3.5,111,22,28,28.52,,0,0,0,34.3,37.2,40.0,0.22,0.15,0.14
COLD,2015-12-01 14:20:00 EST,43.26127,-74.97878,1422,35.9,35.7,27.2,95.7,34.8,0.000,0.183,0.00,0.000,13.2,22.0,4.1,106,18,15.0,23.9,4.2,104,16,13.2,22.0,4.1,106,18,31,28.52,,0,0,0,34.3,37.2,40.0,0.22,0.15,0.14
COLD,2015-12-01 14:25:00 EST,43.26127,-74.97878,1422,35.9,35.7,27.1,95.4,34.7,0.000,0.183,0.00,0.000,13.5,23.2,4.2,104,14,15.1,25.1,4.8,100,11,13.5,23.2,4.2,104,14,31,28.51,,0,0,0,34.3,37.2,39.9,0.22,0.15,0.14
COLD,2015-12-01 14:30:00 EST,43.26127,-74.97878,1422,35.9,35.7,27.0,95.4,34.7,0.000,0.183,0.00,0.000,13.8,23.9,4.1,103,13,15.4,25.7,4.4,101,11,13.8,23.9,4.1,103,13,28,28.51,,0,0,0,34.3,37.2,40.0,0.22,0.15,0.14
COLD,2015-12-01 14:35:00 EST,43.26127,-74.97878,1422,35.9,35.7,28.0,95.5,34.7,0.000,0.183,0.00,0.000,11.1,18.4,3.3,108,16,12.6,20.4,3.7,104,13,11.1,18.4,3.3,108,16,25,28.51,,0,0,0,34.4,37.2,40.0,0.22,0.15,0.14
COLD,2015-12-01 14:40:00 EST,43.26127,-74.97878,1422,35.9,35.8,28.0,95.5,34.8,0.000,0.183,0.00,0.000,11.2,18.5,3.6,107,17,12.7,21.0,4.1,104,15,11.2,18.5,3.6,107,17,23,28.51,,0,0,0,34.4,37.2,40.0,0.22,0.15,0.14
COLD,2015-12-01 14:45:00 EST,43.26127,-74.97878,1422,35.9,35.7,27.3,95.5,34.7,0.000,0.183,0.00,0.000,12.9,22.8,4.2,102,15,14.7,24.2,4.5,100,13,12.9,22.8,4.2,102,15,20,28.51,,0,0,0,34.5,37.2,40.0,0.22,0.15,0.14
COLD,2015-12-01 14:50:00 EST,43.26127,-74.97878,1422,35.9,35.7,27.0,95.2,34.7,0.000,0.183,0.00,0.000,13.8,20.3,3.4,103,11,15.4,22.4,3.9,101,10,13.8,20.3,3.4,103,11,19,28.51,,0,0,0,34.5,37.2,40.0,0.22,0.15,0.14
COLD,2015-12-01 14:55:00 EST,43.26127,-74.97878,1422,35.9,35.8,27.2,95.1,34.6,0.000,0.183,0.00,0.000,13.2,22.8,3.8,103,13,14.9,24.4,4.2,101,11,13.2,22.8,3.8,103,13,14,28.51,,0,0,0,34.5,37.2,40.0,0.22,0.15,0.14
COLD,2015-12-01 15:00:00 EST,43.26127,-74.97878,1422,35.9,35.8,27.0,95.2,34.7,0.000,0.183,0.00,0.000,13.8,22.6,3.9,102,11,15.3,25.1,4.4,99,9,13.8,22.6,3.9,102,11,11,28.51,,0,0,0,34.5,37.2,40.0,0.22,0.15,0.14
COLD,2015-12-01 15:05:00 EST,43.26127,-74.97878,1422,35.9,35.8,27.4,95.3,34.7,0.000,0.183,0.00,0.000,12.7,23.1,3.3,105,15,14.4,26.8,3.7,101,11,12.7,23.1,3.3,105,15,10,28.51,,0,0,0,34.6,37.2,40.0,0.22,0.15,0.14
COLD,2015-12-01 15:10:00 EST,43.26127,-74.97878,1422,35.9,35.7,28.0,95.5,34.7,0.000,0.183,0.00,0.000,11.3,19.0,2.8,104,14,12.7,21.3,3.3,102,13,11.3,19.0,2.8,104,14,9,28.51,,0,0,0,34.6,37.2,39.9,0.22,0.15,0.14
COLD,2015-12-01 15:15:00 EST,43.26127,-74.97878,1422,35.9,35.8,28.1,95.7,34.8,0.000,0.183,0.00,0.000,10.9,18.5,3.2,104,14,12.3,21.5,3.8,100,12,10.9,18.5,3.2,104,14,12,28.51,,0,0,0,34.7,37.2,40.0,0.22,0.15,0.14
COLD,2015-12-01 15:20:00 EST,43.26127,-74.97878,1422,36.0,35.8,29.0,95.8,34.9,0.000,0.183,0.00,0.000,9.2,15.9,3.0,113,21,10.4,19.5,3.5,108,17,9.2,15.9,3.0,113,21,12,28.51,,0,0,0,34.7,37.2,39.9,0.22,0.15,0.14
COLD,2015-12-01 15:25:00 EST,43.26127,-74.97878,1422,36.1,35.9,29.9,95.7,34.9,0.000,0.183,0.00,0.000,7.8,15.9,2.9,117,23,8.9,19.2,3.4,109,20,7.8,15.9,2.9,117,23,9,28.51,,0,0,0,34.7,37.2,39.9,0.22,0.15,0.14
COLD,2015-12-01 15:30:00 EST,43.26127,-74.97878,1422,36.1,36.0,30.5,95.4,34.9,0.000,0.183,0.00,0.000,6.9,16.1,3.1,117,23,8.0,18.1,3.4,112,20,6.9,16.1,3.1,117,23,11,28.51,,0,0,0,34.8,37.2,39.9,0.22,0.15,0.14
COLD,2015-12-01 15:35:00 EST,43.26127,-74.97878,1422,36.1,36.0,30.1,95.1,34.9,0.000,0.183,0.00,0.000,7.7,15.4,3.0,117,23,8.9,21.3,3.5,112,23,7.7,15.4,3.0,117,23,10,28.51,,0,0,0,34.8,37.2,39.9,0.22,0.15,0.14
COLD,2015-12-01 15:40:00 EST,43.26127,-74.97878,1422,36.1,36.0,30.6,95.2,34.9,0.002,0.185,0.00,0.002,6.8,14.5,3.0,117,21,8.2,17.2,3.2,111,21,6.8,14.5,3.0,117,21,8,28.51,,0,0,0,34.8,37.2,39.9,0.22,0.15,0.14
COLD,2015-12-01 15:45:00 EST,43.26127,-74.97878,1422,36.1,36.0,31.4,95.4,34.9,0.001,0.186,0.00,0.003,5.6,14.0,3.2,116,23,6.8,16.6,3.6,110,22,5.6,14.0,3.2,116,23,6,28.51,,0,0,0,34.9,37.2,39.9,0.22,0.15,0.14
COLD,2015-12-01 15:50:00 EST,43.26127,-74.97878,1422,36.1,36.0,29.7,95.5,35.0,0.005,0.190,0.00,0.007,8.2,14.9,3.0,116,20,9.4,17.2,3.4,110,19,8.2,14.9,3.0,116,20,4,28.51,,0,0,0,34.9,37.2,39.9,0.22,0.15,0.14
COLD,2015-12-01 15:55:00 EST,43.26127,-74.97878,1422,36.1,36.0,30.4,95.8,35.0,0.004,0.194,0.00,0.011,7.1,19.4,3.8,110,23,8.0,21.9,4.0,107,20,7.1,19.4,3.8,110,23,3,28.51,,0,0,0,34.9,37.2,39.9,0.22,0.15,0.14
COLD,2015-12-01 16:00:00 EST,43.26127,-74.97878,1422,36.1,35.9,29.6,96.0,35.0,0.003,0.197,0.00,0.014,8.3,17.6,3.8,112,23,9.4,20.1,4.0,109,22,8.3,17.6,3.8,112,23,2,28.50,,0,0,0,34.9,37.2,39.9,0.22,0.15,0.14
COLD,2015-12-01 16:05:00 EST,43.26127,-74.97878,1422,36.1,36.0,30.1,95.9,35.0,0.001,0.198,0.00,0.015,7.5,14.5,2.8,110,18,8.6,15.9,3.1,106,15,7.5,14.5,2.8,110,18,2,28.50,,0,0,0,34.9,37.2,39.9,0.22,0.15,0.14
COLD,2015-12-01 16:10:00 EST,43.26127,-74.97878,1422,36.1,36.0,31.1,95.9,35.0,0.002,0.200,0.00,0.017,6.0,12.6,2.4,116,23,7.0,15.9,2.7,109,20,6.0,12.6,2.4,116,23,1,28.51,,0,0,0,34.9,37.2,39.9,0.22,0.15,0.14
COLD,2015-12-01 16:15:00 EST,43.26127,-74.97878,1422,36.1,36.0,29.2,96.0,35.1,0.001,0.201,0.00,0.018,9.4,16.6,2.8,110,19,10.5,18.8,3.3,104,16,9.4,16.6,2.8,110,19,1,28.50,,0,0,0,34.9,37.2,39.9,0.22,0.15,0.14
COLD,2015-12-01 16:20:00 EST,43.26127,-74.97878,1422,36.2,36.1,30.6,95.9,35.1,0.002,0.202,0.00,0.020,6.9,13.4,2.6,119,24,8.1,16.6,2.8,112,21,6.9,13.4,2.6,119,24,0,28.50,,0,0,0,34.9,37.2,39.9,0.22,0.15,0.14
COLD,2015-12-01 16:25:00 EST,43.26127,-74.97878,1422,36.3,36.2,30.0,95.9,35.2,0.002,0.204,0.00,0.022,8.1,13.8,2.5,114,25,9.3,15.7,2.7,112,24,8.1,13.8,2.5,114,25,0,28.50,,0,0,0,34.9,37.2,39.9,0.22,0.15,0.14
COLD,2015-12-01 16:30:00 EST,43.26127,-74.97878,1422,36.3,36.2,30.0,95.8,35.2,0.002,0.206,0.00,0.023,8.2,16.1,3.5,111,25,9.5,18.3,3.6,108,23,8.2,16.1,3.5,111,25,0,28.50,,0,0,0,34.9,37.2,39.9,0.22,0.15,0.14
COLD,2015-12-01 16:35:00 EST,43.26127,-74.97878,1422,36.3,36.2,29.6,95.9,35.3,0.000,0.206,0.00,0.023,8.8,22.6,3.4,111,20,9.8,21.9,3.9,105,18,8.8,22.6,3.4,111,20,0,28.50,,0,0,0,35.0,37.2,39.9,0.22,0.14,0.14
COLD,2015-12-01 16:40:00 EST,43.26127,-74.97878,1422,36.4,36.3,30.7,96.0,35.3,0.002,0.208,0.00,0.023,7.1,15.6,3.2,115,26,8.2,17.4,3.4,112,23,7.1,15.6,3.2,115,26,0,28.50,,0,0,0,35.0,37.2,39.9,0.22,0.15,0.14
COLD,2015-12-01 16:45:00 EST,43.26127,-74.97878,1422,36.3,36.3,29.8,95.9,35.3,0.002,0.210,0.00,0.025,8.6,17.6,3.5,108,19,9.8,20.4,3.9,103,19,8.6,17.6,3.5,108,19,0,28.50,,0,0,0,35.0,37.2,39.9,0.22,0.15,0.14
COLD,2015-12-01 16:50:00 EST,43.26127,-74.97878,1422,36.4,36.3,30.3,96.2,35.4,0.005,0.215,0.00,0.025,7.8,15.6,3.3,110,26,9.2,18.3,3.5,111,23,7.8,15.6,3.3,110,26,0,28.50,,0,0,0,35.1,37.2,39.9,0.22,0.15,0.14
COLD,2015-12-01 16:55:00 EST,43.26127,-74.97878,1422,36.3,36.2,30.9,96.3,35.4,0.003,0.218,0.00,0.024,6.7,15.3,2.8,116,28,7.8,16.6,3.3,110,24,6.7,15.3,2.8,116,28,0,28.49,,0,0,0,35.1,37.2,39.9,0.22,0.15,0.14
COLD,2015-12-01 17:00:00 EST,43.26127,-74.97878,1422,36.4,36.3,31.8,96.5,35.5,0.001,0.219,0.00,0.022,5.5,15.2,2.7,121,26,6.6,18.1,2.8,114,24,5.5,15.2,2.7,121,26,0,28.50,,0,0,0,35.1,37.2,39.9,0.22,0.14,0.14
COLD,2015-12-01 17:05:00 EST,43.26127,-74.97878,1422,36.4,36.3,31.1,96.4,35.5,0.001,0.220,0.00,0.022,6.5,14.2,2.9,112,20,7.5,17.9,3.0,107,18,6.5,14.2,2.9,112,20,0,28.49,,0,0,0,35.1,37.2,39.9,0.22,0.15,0.14
COLD,2015-12-01 17:10:00 EST,43.26127,-74.97878,1422,36.4,36.3,31.5,96.3,35.4,0.005,0.225,0.00,0.025,5.9,11.5,2.3,117,24,6.6,13.0,2.2,112,21,5.9,11.5,2.3,117,24,0,28.49,,0,0,0,35.2,37.2,39.9,0.22,0.15,0.14
COLD,2015-12-01 17:15:00 EST,43.26127,-74.97878,1422,36.5,36.4,30.3,96.2,35.5,0.003,0.228,0.00,0.027,8.0,15.1,3.2,109,21,9.2,16.8,3.4,108,17,8.0,15.1,3.2,109,21,0,28.50,,0,0,0,35.2,37.2,39.9,0.22,0.15,0.14
COLD,2015-12-01 17:20:00 EST,43.26127,-74.97878,1422,36.5,36.4,30.9,96.0,35.4,0.002,0.229,0.00,0.027,6.9,14.4,2.7,112,22,8.0,16.1,3.1,110,18,6.9,14.4,2.7,112,22,0,28.50,,0,0,0,35.2,37.2,39.9,0.22,0.15,0.14
COLD,2015-12-01 17:25:00 EST,43.26127,-74.97878,1422,36.5,36.4,30.8,96.1,35.5,0.000,0.229,0.00,0.025,7.1,15.9,3.3,112,23,8.0,19.7,3.8,109,19,7.1,15.9,3.3,112,23,0,28.50,,0,0,0,35.2,37.2,39.9,0.22,0.15,0.14
COLD,2015-12-01 17:30:00 EST,43.26127,-74.97878,1422,36.5,36.4,31.5,96.1,35.5,0.003,0.232,0.00,0.026,6.1,14.2,3.2,112,24,7.2,16.8,3.5,108,23,6.1,14.2,3.2,112,24,0,28.50,,0,0,0,35.3,37.2,39.9,0.22,0.15,0.14
COLD,2015-12-01 17:35:00 EST,43.26127,-74.97878,1422,36.5,36.4,30.6,96.1,35.5,0.005,0.237,0.00,0.031,7.5,15.6,3.3,112,20,8.6,18.1,3.6,108,18,7.5,15.6,3.3,112,20,0,28.50,,0,0,0,35.2,37.2,39.9,0.22,0.15,0.14
COLD,2015-12-01 17:40:00 EST,43.26127,-74.97878,1422,36.5,36.4,31.6,96.3,35.5,0.002,0.239,0.00,0.031,5.9,12.4,2.8,113,25,7.0,15.2,3.1,108,21,5.9,12.4,2.8,113,25,0,28.50,,0,0,0,35.3,37.2,39.9,0.22,0.14,0.14
COLD,2015-12-01 17:45:00 EST,43.26127,-74.97878,1422,36.5,36.5,32.2,96.3,35.6,0.001,0.240,0.00,0.030,5.2,10.6,2.4,113,27,6.2,13.0,2.6,107,22,5.2,10.6,2.4,113,27,0,28.50,,0,0,0,35.3,37.2,39.9,0.22,0.15,0.14
COLD,2015-12-01 17:50:00 EST,43.26127,-74.97878,1422,36.5,36.4,31.3,96.4,35.5,0.001,0.241,0.00,0.026,6.4,13.0,2.6,118,22,7.6,15.2,2.9,110,18,6.4,13.0,2.6,118,22,0,28.50,,0,0,0,35.3,37.2,39.9,0.22,0.15,0.14
COLD,2015-12-01 17:55:00 EST,43.26127,-74.97878,1422,36.5,36.4,31.2,96.3,35.5,0.009,0.250,0.00,0.032,6.6,13.4,2.6,114,19,7.8,16.1,2.8,109,16,6.6,13.4,2.6,114,19,0,28.50,,0,0,0,35.4,37.2,39.9,0.22,0.15,0.14
COLD,2015-12-01 18:00:00 EST,43.26127,-74.97878,1422,36.4,36.3,32.6,96.5,35.5,0.003,0.253,0.00,0.034,4.6,10.5,2.2,122,25,5.7,13.0,2.3,116,23,4.6,10.5,2.2,122,25,0,28.50,,0,0,0,35.4,37.2,39.9,0.22,0.15,0.14
COLD,2015-12-01 18:05:00 EST,43.26127,-74.97878,1422,36.4,36.3,31.3,96.7,35.6,0.000,0.253,0.00,0.033,6.2,14.5,3.0,112,22,7.4,16.1,3.1,108,21,6.2,14.5,3.0,112,22,0,28.50,,0,0,0,35.4,37.2,39.9,0.22,0.15,0.14
COLD,2015-12-01 18:10:00 EST,43.26127,-74.97878,1422,36.4,36.3,32.2,96.7,35.6,0.007,0.260,0.00,0.035,5.1,10.0,2.0,112,22,6.0,12.1,2.3,107,18,5.1,10.0,2.0,112,22,0,28.50,,0,0,0,35.4,37.2,39.9,0.22,0.15,0.14
COLD,2015-12-01 18:15:00 EST,43.26127,-74.97878,1422,36.4,36.3,31.0,96.8,35.6,0.006,0.266,0.00,0.038,6.8,15.1,2.5,113,25,8.0,16.1,2.6,110,22,6.8,15.1,2.5,113,25,0,28.49,,0,0,0,35.4,37.2,39.9,0.22,0.15,0.14
COLD,2015-12-01 18:20:00 EST,43.26127,-74.97878,1422,36.5,36.4,30.7,96.7,35.6,0.014,0.280,0.25,0.051,7.2,13.1,2.6,116,21,8.3,16.8,2.7,112,19,7.2,13.1,2.6,116,21,0,28.49,,0,0,0,35.4,37.2,39.9,0.22,0.15,0.14
COLD,2015-12-01 18:25:00 EST,43.26127,-74.97878,1422,36.4,36.3,32.3,96.8,35.6,0.006,0.286,0.00,0.056,4.9,10.7,1.9,118,29,5.9,13.0,2.2,112,26,4.9,10.7,1.9,118,29,0,28.49,,0,0,0,35.5,37.2,39.9,0.22,0.15,0.14
COLD,2015-12-01 18:30:00 EST,43.26127,-74.97878,1422,36.4,36.3,30.9,96.9,35.6,0.009,0.294,0.00,0.062,6.9,13.4,2.8,113,20,8.1,16.3,3.1,107,19,6.9,13.4,2.8,113,20,0,28.49,,0,0,0,35.5,37.2,39.9,0.22,0.15,0.14
COLD,2015-12-01 18:35:00 EST,43.26127,-74.97878,1422,36.5,36.4,30.8,96.9,35.7,0.003,0.297,0.00,0.060,7.2,15.0,2.7,116,23,8.1,16.6,3.2,111,19,7.2,15.0,2.7,116,23,0,28.49,,0,0,0,35.5,37.2,39.9,0.23,0.15,0.14
COLD,2015-12-01 18:40:00 EST,43.26127,-74.97878,1422,36.4,36.3,32.0,96.8,35.6,0.003,0.300,0.00,0.061,5.4,9.7,2.1,117,24,6.3,14.1,2.5,114,22,5.4,9.7,2.1,117,24,0,28.49,,0,0,0,35.6,37.2,39.8,0.22,0.15,0.14
COLD,2015-12-01 18:45:00 EST,43.26127,-74.97878,1422,36.4,36.3,32.2,97.0,35.7,0.004,0.304,0.00,0.064,5.1,11.3,2.7,113,29,6.0,14.8,2.9,113,25,5.1,11.3,2.7,113,29,0,28.49,,0,0,0,35.6,37.2,39.9,0.23,0.15,0.14
COLD,2015-12-01 18:50:00 EST,43.26127,-74.97878,1422,36.5,36.4,31.3,97.0,35.7,0.000,0.304,0.00,0.063,6.4,10.4,2.1,116,21,7.5,13.0,2.4,112,21,6.4,10.4,2.1,116,21,0,28.49,,0,0,0,35.6,37.2,39.8,0.23,0.15,0.14
COLD,2015-12-01 18:55:00 EST,43.26127,-74.97878,1422,36.5,36.4,31.4,97.0,35.7,0.000,0.304,0.00,0.054,6.2,12.4,2.5,116,23,7.0,15.4,2.8,111,18,6.2,12.4,2.5,116,23,0,28.49,,0,0,0,35.6,37.2,39.8,0.23,0.15,0.14
COLD,2015-12-01 19:00:00 EST,43.26127,-74.97878,1422,36.4,36.3,31.7,97.0,35.7,0.003,0.307,0.00,0.055,5.7,11.5,2.2,118,22,6.5,12.5,2.5,112,19,5.7,11.5,2.2,118,22,0,28.48,,0,0,0,35.6,37.2,39.8,0.23,0.15,0.14
COLD,2015-12-01 19:05:00 EST,43.26127,-74.97878,1422,36.5,36.4,31.7,97.1,35.8,0.000,0.307,0.00,0.055,5.9,12.1,2.5,120,32,6.8,14.1,2.7,116,26,5.9,12.1,2.5,120,32,0,28.48,,0,0,0,35.6,37.2,39.8,0.23,0.15,0.14
COLD,2015-12-01 19:10:00 EST,43.26127,-74.97878,1422,36.6,36.5,32.2,96.9,35.8,0.000,0.307,0.00,0.048,5.3,10.9,2.0,124,28,6.7,13.2,2.4,118,25,5.3,10.9,2.0,124,28,0,28.48,,0,0,0,35.7,37.2,39.8,0.23,0.15,0.14
COLD,2015-12-01 19:15:00 EST,43.26127,-74.97878,1422,36.6,36.4,31.8,96.8,35.7,0.000,0.307,0.00,0.041,5.9,11.8,2.5,122,25,6.8,12.8,2.7,117,24,5.9,11.8,2.5,122,25,0,28.48,,0,0,0,35.7,37.2,39.8,0.23,0.15,0.14
COLD,2015-12-01 19:20:00 EST,43.26127,-74.97878,1422,36.6,36.5,32.2,96.9,35.8,0.000,0.307,0.00,0.027,5.4,12.3,2.7,119,25,6.3,14.8,3.0,115,21,5.4,12.3,2.7,119,25,0,28.48,,0,0,0,35.7,37.2,39.8,0.23,0.15,0.14
COLD,2015-12-01 19:25:00 EST,43.26127,-74.97878,1422,36.6,36.5,31.9,96.9,35.8,0.000,0.307,0.00,0.022,5.7,14.4,3.0,124,23,6.6,16.8,3.2,116,20,5.7,14.4,3.0,124,23,0,28.48,,0,0,0,35.7,37.2,39.8,0.23,0.15,0.14
COLD,2015-12-01 19:30:00 EST,43.26127,-74.97878,1422,36.6,36.4,32.0,96.9,35.8,0.000,0.307,0.00,0.013,5.5,11.0,2.2,120,28,6.6,12.5,2.2,116,26,5.5,11.0,2.2,120,28,0,28.48,,0,0,0,35.7,37.2,39.8,0.23,0.15,0.14
COLD,2015-12-01 19:35:00 EST,43.26127,-74.97878,1422,36.6,36.5,32.2,97.0,35.8,0.000,0.307,0.00,0.010,5.3,11.9,2.4,121,25,6.7,13.2,2.8,116,22,5.3,11.9,2.4,121,25,0,28.48,,0,0,0,35.8,37.2,39.8,0.23,0.15,0.14
COLD,2015-12-01 19:40:00 EST,43.26127,-74.97878,1422,36.6,36.5,31.9,97.1,35.8,0.000,0.307,0.00,0.007,5.7,12.6,2.6,121,27,6.9,16.3,3.0,116,25,5.7,12.6,2.6,121,27,0,28.48,,0,0,0,35.8,37.2,39.8,0.23,0.15,0.14
COLD,2015-12-01 19:45:00 EST,43.26127,-74.97878,1422,36.6,36.5,31.7,97.1,35.9,0.000,0.307,0.00,0.003,6.0,12.3,1.9,118,27,7.1,14.8,2.3,116,23,6.0,12.3,1.9,118,27,0,28.48,,0,0,0,35.8,37.2,39.8,0.23,0.15,0.14
COLD,2015-12-01 19:50:00 EST,43.26127,-74.97878,1422,36.6,36.5,32.4,97.2,35.9,0.000,0.307,0.00,0.003,5.2,12.2,1.9,122,25,6.3,15.2,2.2,119,22,5.2,12.2,1.9,122,25,0,28.48,,0,0,0,35.8,37.2,39.8,0.23,0.15,0.14
COLD,2015-12-01 19:55:00 EST,43.26127,-74.97878,1422,36.8,36.6,31.5,97.2,36.0,0.000,0.307,0.00,0.003,6.6,13.7,2.9,122,26,7.7,15.9,3.0,118,22,6.6,13.7,2.9,122,26,0,28.48,,0,0,0,35.8,37.2,39.8,0.23,0.15,0.14
COLD,2015-12-01 20:00:00 EST,43.26127,-74.97878,1422,36.8,36.7,31.3,97.1,36.0,0.000,0.307,0.00,0.000,6.9,15.3,2.4,123,22,7.7,17.0,2.8,119,18,6.9,15.3,2.4,123,22,0,28.47,,0,0,0,35.8,37.2,39.8,0.23,0.15,0.14
COLD,2015-12-01 20:05:00 EST,43.26127,-74.97878,1422,36.8,36.6,33.0,97.1,36.0,0.000,0.307,0.00,0.000,4.6,11.0,2.4,119,26,5.4,12.5,2.6,115,22,4.6,11.0,2.4,119,26,0,28.47,,0,0,0,35.8,37.2,39.8,0.23,0.15,0.14
COLD,2015-12-01 20:10:00 EST,43.26127,-74.97878,1422,36.7,36.6,32.4,97.1,36.0,0.000,0.307,0.00,0.000,5.2,11.5,2.7,116,22,6.1,13.4,3.1,110,19,5.2,11.5,2.7,116,22,0,28.47,,0,0,0,35.9,37.2,39.8,0.23,0.15,0.14
COLD,2015-12-01 20:15:00 EST,43.26127,-74.97878,1422,36.7,36.6,32.6,97.2,36.0,0.000,0.307,0.00,0.000,5.1,11.5,2.0,118,28,6.1,12.8,2.5,113,23,5.1,11.5,2.0,118,28,0,28.46,,0,0,0,35.9,37.2,39.8,0.23,0.15,0.14
COLD,2015-12-01 20:20:00 EST,43.26127,-74.97878,1422,36.7,36.6,32.5,97.1,36.0,0.000,0.307,0.00,0.000,5.1,9.9,2.2,118,26,6.0,11.6,2.2,113,24,5.1,9.9,2.2,118,26,0,28.46,,0,0,0,35.9,37.2,39.8,0.23,0.15,0.14
COLD,2015-12-01 20:25:00 EST,43.26127,-74.97878,1422,36.8,36.7,32.4,97.1,36.0,0.000,0.307,0.00,0.000,5.3,11.2,2.1,122,24,6.4,14.3,2.6,119,23,5.3,11.2,2.1,122,24,0,28.46,,0,0,0,35.9,37.2,39.8,0.23,0.15,0.14
COLD,2015-12-01 20:30:00 EST,43.26127,-74.97878,1422,36.8,36.7,31.7,97.1,36.1,0.000,0.307,0.00,0.000,6.4,11.9,1.7,117,19,7.3,13.9,2.1,113,16,6.4,11.9,1.7,117,19,0,28.46,,0,0,0,35.9,37.2,39.8,0.23,0.15,0.14
COLD,2015-12-01 20:35:00 EST,43.26127,-74.97878,1422,36.8,36.7,32.1,97.0,36.1,0.000,0.307,0.00,0.000,5.9,11.1,2.2,114,22,6.9,13.9,2.6,109,20,5.9,11.1,2.2,114,22,0,28.46,,0,0,0,35.9,37.2,39.8,0.23,0.15,0.14
COLD,2015-12-01 20:40:00 EST,43.26127,-74.97878,1422,36.8,36.7,32.3,97.0,36.1,0.000,0.307,0.00,0.000,5.6,11.3,2.2,122,24,6.4,13.0,2.3,119,21,5.6,11.3,2.2,122,24,0,28.46,,0,0,0,36.0,37.2,39.8,0.23,0.15,0.14
COLD,2015-12-01 20:45:00 EST,43.26127,-74.97878,1422,36.9,36.7,32.6,97.0,36.1,0.000,0.307,0.00,0.000,5.2,11.7,2.4,120,25,6.1,13.0,2.6,114,21,5.2,11.7,2.4,120,25,0,28.46,,0,0,0,36.0,37.2,39.8,0.23,0.15,0.14
COLD,2015-12-01 20:50:00 EST,43.26127,-74.97878,1422,37.0,36.9,33.3,97.0,36.2,0.000,0.307,0.00,0.000,4.6,9.6,2.0,124,24,5.4,12.3,2.3,119,21,4.6,9.6,2.0,124,24,0,28.46,,0,0,0,36.0,37.3,39.8,0.23,0.15,0.14
COLD,2015-12-01 20:55:00 EST,43.26127,-74.97878,1422,37.0,36.9,33.0,97.0,36.2,0.000,0.307,0.00,0.000,4.9,9.1,1.8,118,19,5.8,11.6,2.1,114,18,4.9,9.1,1.8,118,19,0,28.46,,0,0,0,35.9,37.2,39.8,0.23,0.15,0.14
COLD,2015-12-01 21:00:00 EST,43.26127,-74.97878,1422,37.0,36.9,33.0,97.1,36.3,0.000,0.307,0.00,0.000,5.0,9.8,1.8,125,24,5.8,13.2,1.8,118,20,5.0,9.8,1.8,125,24,0,28.45,,0,0,0,36.0,37.2,39.8,0.23,0.15,0.14
COLD,2015-12-01 21:05:00 EST,43.26127,-74.97878,1422,37.1,37.0,32.3,97.1,36.4,0.000,0.307,0.00,0.000,6.1,12.9,2.4,121,23,7.0,15.7,2.7,118,18,6.1,12.9,2.4,121,23,0,28.45,,0,0,0,36.0,37.2,39.8,0.23,0.15,0.14
COLD,2015-12-01 21:10:00 EST,43.26127,-74.97878,1422,37.1,37.0,32.4,96.9,36.3,0.000,0.307,0.00,0.000,6.0,14.8,2.4,115,21,7.0,16.3,2.8,111,20,6.0,14.8,2.4,115,21,0,28.45,,0,0,0,36.0,37.3,39.8,0.23,0.15,0.14
COLD,2015-12-01 21:15:00 EST,43.26127,-74.97878,1422,37.2,37.0,32.5,96.9,36.4,0.000,0.307,0.00,0.000,5.9,10.5,1.9,120,23,6.9,14.3,2.3,116,20,5.9,10.5,1.9,120,23,0,28.45,,0,0,0,36.0,37.2,39.7,0.23,0.15,0.14
COLD,2015-12-01 21:20:00 EST,43.26127,-74.97878,1422,37.2,37.1,32.6,96.8,36.4,0.000,0.307,0.00,0.000,5.8,11.4,2.3,117,19,6.7,12.5,2.5,111,16,5.8,11.4,2.3,117,19,0,28.45,,0,0,0,36.0,37.2,39.7,0.22,0.15,0.14
COLD,2015-12-01 21:25:00 EST,43.26127,-74.97878,1422,37.2,37.1,33.1,96.7,36.4,0.000,0.307,0.00,0.000,5.1,12.0,2.3,119,23,6.2,15.4,2.7,114,23,5.1,12.0,2.3,119,23,0,28.44,,0,0,0,36.0,37.2,39.8,0.23,0.15,0.14
COLD,2015-12-01 21:30:00 EST,43.26127,-74.97878,1422,37.3,37.2,33.3,96.7,36.4,0.000,0.307,0.00,0.000,4.9,9.9,2.0,124,25,5.8,11.6,2.2,122,21,4.9,9.9,2.0,124,25,0,28.44,,0,0,0,36.0,37.2,39.8,0.23,0.15,0.14
COLD,2015-12-01 21:35:00 EST,43.26127,-74.97878,1422,37.4,37.2,34.5,96.6,36.5,0.000,0.307,0.00,0.000,3.8,8.1,1.9,130,28,4.7,10.3,2.2,123,25,3.8,8.1,1.9,130,28,0,28.45,,0,0,0,36.1,37.3,39.8,0.23,0.15,0.14
COLD,2015-12-01 21:40:00 EST,43.26127,-74.97878,1422,37.4,37.3,35.0,96.5,36.5,0.000,0.307,0.00,0.000,3.3,7.6,1.9,118,27,4.2,9.6,2.2,115,24,3.3,7.6,1.9,118,27,0,28.45,,0,0,0,36.1,37.3,39.7,0.23,0.15,0.14
COLD,2015-12-01 21:45:00 EST,43.26127,-74.97878,1422,37.4,37.3,35.4,96.6,36.5,0.000,0.307,0.00,0.000,3.1,7.2,1.5,122,27,3.8,9.2,1.7,119,20,3.1,7.2,1.5,122,27,0,28.44,,0,0,0,36.1,37.3,39.7,0.23,0.15,0.14
COLD,2015-12-01 21:50:00 EST,43.26127,-74.97878,1422,37.4,37.3,34.2,96.6,36.6,0.000,0.307,0.00,0.000,4.1,10.0,1.9,119,25,4.9,10.1,2.0,114,21,4.1,10.0,1.9,119,25,0,28.43,,0,0,0,36.1,37.3,39.8,0.22,0.15,0.14
COLD,2015-12-01 21:55:00 EST,43.26127,-74.97878,1422,37.4,37.3,33.6,96.5,36.5,0.000,0.307,0.00,0.000,4.8,10.9,1.9,127,28,5.7,15.9,2.3,123,25,4.8,10.9,1.9,127,28,0,28.43,,0,0,0,36.2,37.3,39.8,0.22,0.15,0.14
COLD,2015-12-01 22:00:00 EST,43.26127,-74.97878,1422,37.4,37.3,34.5,96.4,36.5,0.000,0.307,0.00,0.000,3.8,9.0,1.9,122,36,4.7,10.3,2.0,116,31,3.8,9.0,1.9,122,36,0,28.43,,0,0,0,36.2,37.3,39.8,0.22,0.15,0.14
COLD,2015-12-01 22:05:00 EST,43.26127,-74.97878,1422,37.4,37.3,34.4,96.4,36.5,0.000,0.307,0.00,0.000,4.0,8.0,1.5,123,23,4.7,11.0,1.7,117,23,4.0,8.0,1.5,123,23,0,28.43,,0,0,0,36.2,37.3,39.8,0.22,0.15,0.14
COLD,2015-12-01 22:10:00 EST,43.26127,-74.97878,1422,37.5,37.4,34.3,96.5,36.6,0.000,0.307,0.00,0.000,4.1,10.9,2.3,133,28,4.9,11.2,2.4,126,25,4.1,10.9,2.3,133,28,0,28.42,,0,0,0,36.2,37.3,39.7,0.22,0.15,0.14
COLD,2015-12-01 22:15:00 EST,43.26127,-74.97878,1422,37.5,37.4,34.4,96.5,36.6,0.000,0.307,0.00,0.000,4.1,7.3,1.6,120,20,5.0,9.6,1.8,115,20,4.1,7.3,1.6,120,20,0,28.42,,0,0,0,36.3,37.3,39.7,0.22,0.15,0.14
COLD,2015-12-01 22:20:00 EST,43.26127,-74.97878,1422,37.5,37.4,34.4,96.4,36.6,0.000,0.307,0.00,0.000,4.1,8.3,1.9,111,24,5.0,9.8,2.0,109,22,4.1,8.3,1.9,111,24,0,28.42,,0,0,0,36.3,37.4,39.7,0.22,0.15,0.14
COLD,2015-12-01 22:25:00 EST,43.26127,-74.97878,1422,37.6,37.5,34.8,96.4,36.6,0.000,0.307,0.00,0.000,3.7,10.0,2.0,127,25,4.6,10.3,2.1,123,23,3.7,10.0,2.0,127,25,0,28.42,,0,0,0,36.3,37.3,39.7,0.22,0.15,0.14
COLD,2015-12-01 22:30:00 EST,43.26127,-74.97878,1422,37.7,37.6,35.4,96.4,36.8,0.000,0.307,0.00,0.000,3.3,9.3,1.7,122,29,4.1,12.1,1.9,119,23,3.3,9.3,1.7,122,29,0,28.42,,0,0,0,36.3,37.3,39.7,0.22,0.15,0.14
COLD,2015-12-01 22:35:00 EST,43.26127,-74.97878,1422,37.8,37.7,34.6,96.3,36.8,0.000,0.307,0.00,0.000,4.2,9.4,2.1,117,29,5.1,12.8,2.4,111,27,4.2,9.4,2.1,117,29,0,28.42,,0,0,0,36.3,37.4,39.7,0.22,0.15,0.14
COLD,2015-12-01 22:40:00 EST,43.26127,-74.97878,1422,37.8,37.7,34.6,96.0,36.8,0.000,0.307,0.00,0.000,4.1,10.2,2.1,110,19,4.9,12.1,2.4,107,17,4.1,10.2,2.1,110,19,0,28.42,,0,0,0,36.3,37.4,39.7,0.22,0.15,0.14
COLD,2015-12-01 22:45:00 EST,43.26127,-74.97878,1422,37.7,37.6,35.2,96.2,36.8,0.000,0.307,0.00,0.000,3.6,6.4,1.3,116,19,4.3,8.9,1.6,111,18,3.6,6.4,1.3,116,19,0,28.42,,0,0,0,36.4,37.4,39.7,0.22,0.15,0.14
COLD,2015-12-01 22:50:00 EST,43.26127,-74.97878,1422,37.8,37.8,35.3,96.5,36.9,0.000,0.307,0.00,0.000,3.5,7.7,1.4,118,20,4.3,8.9,1.7,112,18,3.5,7.7,1.4,118,20,0,28.42,,0,0,0,36.4,37.4,39.7,0.22,0.15,0.14
COLD,2015-12-01 22:55:00 EST,43.26127,-74.97878,1422,38.1,38.0,35.6,96.6,37.2,0.000,0.307,0.00,0.000,3.5,9.6,1.8,137,28,4.3,10.3,1.9,129,24,3.5,9.6,1.8,137,28,0,28.42,,0,0,0,36.4,37.4,39.7,0.22,0.15,0.14
COLD,2015-12-01 23:00:00 EST,43.26127,-74.97878,1422,38.3,38.2,35.5,96.3,37.3,0.000,0.307,0.00,0.000,3.8,8.9,1.8,129,19,4.3,11.6,1.8,125,18,3.8,8.9,1.8,129,19,0,28.41,,0,0,0,36.4,37.4,39.7,0.22,0.15,0.14
COLD,2015-12-01 23:05:00 EST,43.26127,-74.97878,1422,38.4,38.3,36.2,95.9,37.3,0.000,0.307,0.00,0.000,3.2,6.3,1.3,121,25,4.0,8.5,1.7,116,23,3.2,6.3,1.3,121,25,0,28.41,,0,0,0,36.5,37.4,39.7,0.22,0.15,0.14
COLD,2015-12-01 23:10:00 EST,43.26127,-74.97878,1422,38.4,38.3,35.9,95.8,37.3,0.000,0.307,0.00,0.000,3.6,11.7,1.9,122,20,4.3,14.1,2.1,119,19,3.6,11.7,1.9,122,20,0,28.42,,0,0,0,36.5,37.4,39.7,0.22,0.15,0.14
COLD,2015-12-01 23:15:00 EST,43.26127,-74.97878,1422,38.4,38.3,38.4,95.7,37.3,0.000,0.307,0.00,0.000,2.8,7.0,1.2,116,28,3.6,9.8,1.4,111,26,2.8,7.0,1.2,116,28,0,28.41,,0,0,0,36.5,37.4,39.7,0.22,0.15,0.14
COLD,2015-12-01 23:20:00 EST,43.26127,-74.97878,1422,38.4,38.3,36.3,96.0,37.3,0.000,0.307,0.00,0.000,3.2,6.3,1.3,124,33,4.2,8.1,1.5,116,28,3.2,6.3,1.3,124,33,0,28.41,,0,0,0,36.5,37.4,39.7,0.22,0.15,0.14
COLD,2015-12-01 23:25:00 EST,43.26127,-74.97878,1422,38.4,38.3,35.5,96.0,37.4,0.000,0.307,0.00,0.000,4.0,8.0,1.7,119,21,4.7,10.3,1.9,112,19,4.0,8.0,1.7,119,21,0,28.41,,0,0,0,36.6,37.4,39.7,0.22,0.15,0.14
COLD,2015-12-01 23:30:00 EST,43.26127,-74.97878,1422,38.4,38.3,36.4,96.0,37.4,0.000,0.307,0.00,0.000,3.1,6.1,1.2,116,22,3.8,7.8,1.4,112,18,3.1,6.1,1.2,116,22,0,28.41,,0,0,0,36.6,37.4,39.7,0.22,0.15,0.14
COLD,2015-12-01 23:35:00 EST,43.26127,-74.97878,1422,38.4,38.3,36.1,96.1,37.4,0.000,0.307,0.00,0.000,3.4,8.6,1.5,127,28,4.3,9.6,1.7,118,25,3.4,8.6,1.5,127,28,0,28.41,,0,0,0,36.6,37.4,39.7,0.22,0.15,0.14
COLD,2015-12-01 23:40:00 EST,43.26127,-74.97878,1422,38.4,38.3,35.9,96.1,37.4,0.000,0.307,0.00,0.000,3.6,6.4,1.3,119,26,4.2,7.4,1.4,113,21,3.6,6.4,1.3,119,26,0,28.41,,0,0,0,36.7,37.4,39.7,0.22,0.15,0.14
COLD,2015-12-01 23:45:00 EST,43.26127,-74.97878,1422,38.4,38.3,35.2,96.1,37.4,0.000,0.307,0.00,0.000,4.3,8.6,1.3,117,18,5.1,11.0,1.6,114,17,4.3,8.6,1.3,117,18,0,28.41,,0,0,0,36.7,37.4,39.7,0.22,0.15,0.14
COLD,2015-12-01 23:50:00 EST,43.26127,-74.97878,1422,38.4,38.3,35.0,96.0,37.4,0.000,0.307,0.00,0.000,4.6,7.4,1.5,125,23,5.4,8.9,1.6,119,20,4.6,7.4,1.5,125,23,0,28.40,,0,0,0,36.7,37.4,39.7,0.22,0.15,0.14
COLD,2015-12-01 23:55:00 EST,43.26127,-74.97878,1422,38.4,38.3,36.4,96.0,37.4,0.000,0.307,0.00,0.000,3.2,6.4,1.5,115,26,4.1,8.1,1.6,110,23,3.2,6.4,1.5,115,26,0,28.40,,0,0,0,36.7,37.4,39.7,0.22,0.15,0.14
CSQR,2015-12-01 00:00:00 EST,43.32613,-76.10445,453,33.6,33.7,29.4,66.4,23.6,0.000,0.000,0.00,0.000,4.5,6.9,1.1,103,11,5.1,8.3,1.2,101,9,4.5,6.9,1.1,103,11,0,29.79,,0,0,0,37.0,42.7,44.6,0.44,0.19,0.38
CSQR,2015-12-01 00:05:00 EST,43.32613,-76.10445,453,33.7,33.8,29.4,66.5,23.7,0.000,0.000,0.00,0.000,4.6,7.2,1.1,107,12,5.1,8.5,1.3,105,12,4.6,7.2,1.1,107,12,0,29.79,,0,0,0,37.0,42.7,44.6,0.44,0.19,0.38
CSQR,2015-12-01 00:10:00 EST,43.32613,-76.10445,453,33.7,33.7,30.3,66.7,23.8,0.000,0.000,0.00,0.000,3.7,5.5,0.8,101,11,4.2,6.3,1.0,100,11,3.7,5.5,0.8,101,11,0,29.79,,0,0,0,37.0,42.6,44.6,0.44,0.19,0.38
CSQR,2015-12-01 00:15:00 EST,43.32613,-76.10445,453,33.9,33.8,29.5,66.3,23.8,0.000,0.000,0.00,0.000,4.8,7.2,1.0,93,16,5.3,8.1,1.1,90,14,4.8,7.2,1.0,93,16,0,29.79,,0,0,0,37.0,42.7,44.6,0.44,0.19,0.38
CSQR,2015-12-01 00:20:00 EST,43.32613,-76.10445,453,33.8,33.8,29.4,66.8,24.0,0.000,0.000,0.00,0.000,4.8,8.5,1.4,98,15,5.3,9.6,1.5,97,13,4.8,8.5,1.4,98,15,0,29.78,,0,0,0,37.0,42.7,44.5,0.44,0.19,0.38
CSQR,2015-12-01 00:25:00 EST,43.32613,-76.10445,453,34.0,33.9,29.4,66.1,23.9,0.000,0.000,0.00,0.000,5.0,7.3,1.0,107,14,5.5,8.3,1.0,106,14,5.0,7.3,1.0,107,14,0,29.78,,0,0,0,37.0,42.6,44.6,0.44,0.19,0.38
CSQR,2015-12-01 00:30:00 EST,43.32613,-76.10445,453,34.0,33.9,29.1,66.7,24.0,0.000,0.000,0.00,0.000,5.4,8.8,1.4,100,13,5.9,9.8,1.5,97,12,5.4,8.8,1.4,100,13,0,29.78,,0,0,0,37.0,42.6,44.5,0.44,0.19,0.38
CSQR,2015-12-01 00:35:00 EST,43.32613,-76.10445,453,34.0,34.0,28.7,66.3,24.0,0.000,0.000,0.00,0.000,5.9,9.0,1.1,102,11,6.4,10.1,1.3,101,10,5.9,9.0,1.1,102,11,0,29.78,,0,0,0,37.0,42.6,44.6,0.44,0.19,0.38
CSQR,2015-12-01 00:40:00 EST,43.32613,-76.10445,453,34.0,34.0,28.0,65.7,23.7,0.000,0.000,0.00,0.000,7.0,11.2,1.8,100,12,7.7,13.0,2.1,98,12,7.0,11.2,1.8,100,12,0,29.77,,0,0,0,37.0,42.7,44.6,0.44,0.19,0.38
CSQR,2015-12-01 00:45:00 EST,43.32613,-76.10445,453,33.7,33.9,27.9,66.4,23.7,0.000,0.000,0.00,0.000,6.4,10.2,1.4,105,10,7.0,11.2,1.6,103,9,6.4,10.2,1.4,105,10,0,29.77,,0,0,0,37.0,42.6,44.6,0.44,0.19,0.38
CSQR,2015-12-01 00:50:00 EST,43.32613,-76.10445,453,33.6,33.8,28.1,66.4,23.6,0.000,0.000,0.00,0.000,6.1,8.3,1.0,104,8,6.6,10.5,1.2,103,8,6.1,8.3,1.0,104,8,0,29.77,,0,0,0,37.0,42.6,44.6,0.44,0.19,0.38
CSQR,2015-12-01 00:55:00 EST,43.32613,-76.10445,453,33.5,33.7,28.0,66.5,23.5,0.000,0.000,0.00,0.000,6.0,8.8,1.3,95,12,6.6,9.4,1.5,93,10,6.0,8.8,1.3,95,12,0,29.77,,0,0,0,37.0,42.6,44.6,0.44,0.19,0.38
CSQR,2015-12-01 01:00:00 EST,43.32613,-76.10445,453,33.2,33.6,27.7,67.1,23.4,0.000,0.000,0.00,0.000,5.8,8.5,0.9,105,9,6.4,8.9,1.0,102,8,5.8,8.5,0.9,105,9,0,29.76,,0,0,0,37.0,42.6,44.6,0.44,0.19,0.38
CSQR,2015-12-01 01:05:00 EST,43.32613,-76.10445,453,33.1,33.6,27.5,68.2,23.7,0.000,0.000,0.00,0.000,6.0,9.0,1.3,99,10,6.5,9.8,1.5,97,10,6.0,9.0,1.3,99,10,0,29.76,,0,0,0,37.0,42.6,44.6,0.44,0.19,0.38
CSQR,2015-12-01 01:10:00 EST,43.32613,-76.10445,453,33.4,33.7,28.1,67.6,23.8,0.000,0.000,0.00,0.000,5.7,8.7,1.2,98,11,6.3,9.8,1.3,96,10,5.7,8.7,1.2,98,11,0,29.76,,0,0,0,37.0,42.6,44.5,0.44,0.19,0.38
CSQR,2015-12-01 01:15:00 EST,43.32613,-76.10445,453,33.5,33.7,27.9,67.3,23.8,0.000,0.000,0.00,0.000,6.2,9.4,1.2,99,14,6.9,11.0,1.4,97,11,6.2,9.4,1.2,99,14,0,29.76,,0,0,0,36.9,42.6,44.5,0.44,0.19,0.38
CSQR,2015-12-01 01:20:00 EST,43.32613,-76.10445,453,33.6,33.8,27.5,67.3,24.0,0.000,0.000,0.00,0.000,7.0,10.8,1.4,96,11,7.7,13.0,1.6,95,10,7.0,10.8,1.4,96,11,0,29.76,,0,0,0,36.9,42.6,44.5,0.44,0.19,0.38
CSQR,2015-12-01 01:25:00 EST,43.32613,-76.10445,453,33.9,34.0,27.7,66.9,24.0,0.000,0.000,0.00,0.000,7.1,10.1,1.2,98,11,7.8,12.1,1.5,95,11,7.1,10.1,1.2,98,11,0,29.76,,0,0,0,36.9,42.6,44.5,0.44,0.19,0.38
CSQR,2015-12-01 01:30:00 EST,43.32613,-76.10445,453,34.0,34.1,28.2,67.0,24.2,0.000,0.000,0.00,0.000,6.6,10.0,1.2,94,12,7.2,11.4,1.4,92,9,6.6,10.0,1.2,94,12,0,29.76,,0,0,0,36.8,42.6,44.5,0.44,0.19,0.38
CSQR,2015-12-01 01:35:00 EST,43.32613,-76.10445,453,34.2,34.2,28.6,66.7,24.3,0.000,0.000,0.00,0.000,6.4,10.5,1.6,100,13,6.9,11.2,1.7,97,10,6.4,10.5,1.6,100,13,0,29.76,,0,0,0,36.8,42.6,44.5,0.44,0.19,0.38
CSQR,2015-12-01 01:40:00 EST,43.32613,-76.10445,453,34.4,34.4,28.5,66.8,24.5,0.000,0.000,0.00,0.000,6.8,9.4,1.0,104,11,7.4,10.5,1.2,102,10,6.8,9.4,1.0,104,11,0,29.76,,0,0,0,36.8,42.6,44.5,0.44,0.19,0.38
CSQR,2015-12-01 01:45:00 EST,43.32613,-76.10445,453,34.5,34.5,29.4,66.3,24.5,0.000,0.000,0.00,0.000,5.9,9.0,1.2,102,11,6.3,11.4,1.4,101,11,5.9,9.0,1.2,102,11,0,29.76,,0,0,0,36.8,42.6,44.5,0.44,0.19,0.38
CSQR,2015-12-01 01:50:00 EST,43.32613,-76.10445,453,34.6,34.6,29.4,66.5,24.6,0.000,0.000,0.00,0.000,6.0,9.4,1.1,104,8,6.5,11.0,1.3,102,8,6.0,9.4,1.1,104,8,0,29.76,,0,0,0,36.8,42.6,44.5,0.44,0.19,0.38
CSQR,2015-12-01 01:55:00 EST,43.32613,-76.10445,453,34.7,34.6,30.1,66.6,24.7,0.000,0.000,0.00,0.000,5.2,8.0,0.9,101,12,5.7,8.9,1.1,100,12,5.2,8.0,0.9,101,12,0,29.76,,0,0,0,36.8,42.6,44.5,0.44,0.19,0.38
CSQR,2015-12-01 02:00:00 EST,43.32613,-76.10445,453,34.8,34.7,29.1,66.8,24.9,0.000,0.000,0.00,0.000,6.7,10.4,1.4,95,10,7.2,12.5,1.7,94,9,6.7,10.4,1.4,95,10,0,29.76,,0,0,0,36.8,42.6,44.4,0.44,0.19,0.38
CSQR,2015-12-01 02:05:00 EST,43.32613,-76.10445,453,34.9,34.9,30.0,66.3,24.9,0.000,0.000,0.00,0.000,5.7,11.3,2.0,93,12,6.3,12.3,2.1,92,10,5.7,11.3,2.0,93,12,0,29.76,,0,0,0,36.9,42.6,44.5,0.44,0.19,0.38
CSQR,2015-12-01 02:10:00 EST,43.32613,-76.10445,453,35.0,34.9,30.0,66.2,24.9,0.000,0.000,0.00,0.000,5.7,8.4,1.2,91,13,6.3,9.4,1.4,90,12,5.7,8.4,1.2,91,13,0,29.76,,0,0,0,36.9,42.6,44.5,0.44,0.19,0.38
CSQR,2015-12-01 02:15:00 EST,43.32613,-76.10445,453,35.1,35.0,30.0,66.0,24.9,0.000,0.000,0.00,0.000,5.9,8.4,0.8,105,11,6.5,9.6,1.0,102,11,5.9,8.4,0.8,105,11,0,29.76,,0,0,0,36.9,42.6,44.5,0.44,0.19,0.38
CSQR,2015-12-01 02:20:00 EST,43.32613,-76.10445,453,35.1,35.0,31.2,66.7,25.1,0.000,0.000,0.00,0.000,4.5,8.2,1.2,106,12,5.0,9.2,1.4,104,12,4.5,8.2,1.2,106,12,0,29.76,,0,0,0,36.9,42.6,44.5,0.44,0.19,0.38
CSQR,2015-12-01 02:25:00 EST,43.32613,-76.10445,453,35.2,35.1,30.2,66.5,25.2,0.000,0.000,0.00,0.000,5.7,8.1,0.9,111,9,6.3,8.9,1.0,109,10,5.7,8.1,0.9,111,9,0,29.76,,0,0,0,36.9,42.6,44.5,0.44,0.19,0.38
CSQR,2015-12-01 02:30:00 EST,43.32613,-76.10445,453,35.2,35.2,29.8,66.6,25.2,0.000,0.000,0.00,0.000,6.4,9.1,1.3,107,10,7.0,10.7,1.5,104,9,6.4,9.1,1.3,107,10,0,29.76,,0,0,0,36.9,42.6,44.4,0.44,0.19,0.38
CSQR,2015-12-01 02:35:00 EST,43.32613,-76.10445,453,35.3,35.2,30.6,66.7,25.3,0.000,0.000,0.00,0.000,5.5,9.4,1.2,100,12,6.0,10.3,1.3,98,11,5.5,9.4,1.2,100,12,0,29.76,,0,0,0,37.0,42.6,44.5,0.44,0.19,0.38
CSQR,2015-12-01 02:40:00 EST,43.32613,-76.10445,453,35.4,35.3,31.0,66.8,25.4,0.000,0.000,0.00,0.000,5.0,7.2,0.9,100,11,5.6,8.9,1.1,98,11,5.0,7.2,0.9,100,11,0,29.75,,0,0,0,37.0,42.6,44.5,0.44,0.19,0.38
CSQR,2015-12-01 02:45:00 EST,43.32613,-76.10445,453,35.4,35.3,30.9,66.8,25.5,0.000,0.000,0.00,0.000,5.2,7.7,1.0,98,12,5.9,8.5,1.1,96,12,5.2,7.7,1.0,98,12,0,29.75,,0,0,0,37.0,42.5,44.4,0.44,0.19,0.38
CSQR,2015-12-01 02:50:00 EST,43.32613,-76.10445,453,35.4,35.3,31.0,67.1,25.6,0.000,0.000,0.00,0.000,5.1,7.0,1.0,96,14,5.7,8.5,1.1,92,12,5.1,7.0,1.0,96,14,0,29.75,,0,0,0,37.0,42.6,44.4,0.44,0.19,0.38
CSQR,2015-12-01 02:55:00 EST,43.32613,-76.10445,453,35.5,35.3,29.9,67.0,25.6,0.000,0.000,0.00,0.000,6.6,10.8,1.5,95,11,7.3,11.9,1.8,93,10,6.6,10.8,1.5,95,11,0,29.75,,0,0,0,37.0,42.5,44.4,0.44,0.19,0.38
CSQR,2015-12-01 03:00:00 EST,43.32613,-76.10445,453,35.4,35.3,30.5,67.4,25.7,0.000,0.000,0.00,0.000,5.7,9.1,1.1,99,13,6.3,11.0,1.4,96,11,5.7,9.1,1.1,99,13,0,29.74,,0,0,0,37.0,42.6,44.4,0.44,0.19,0.38
CSQR,2015-12-01 03:05:00 EST,43.32613,-76.10445,453,35.5,35.4,30.7,67.6,25.8,0.000,0.000,0.00,0.000,5.6,7.7,1.0,104,10,6.1,9.4,1.2,102,9,5.6,7.7,1.0,104,10,0,29.74,,0,0,0,37.0,42.5,44.4,0.44,0.19,0.38
CSQR,2015-12-01 03:10:00 EST,43.32613,-76.10445,453,35.6,35.5,29.3,67.4,25.8,0.000,0.000,0.00,0.000,7.8,11.0,1.4,103,10,8.5,12.1,1.7,101,9,7.8,11.0,1.4,103,10,0,29.74,,0,0,0,37.1,42.5,44.4,0.44,0.19,0.38
CSQR,2015-12-01 03:15:00 EST,43.32613,-76.10445,453,35.6,35.5,29.3,67.5,26.0,0.000,0.000,0.00,0.000,7.9,12.3,1.7,99,10,8.6,14.5,2.0,96,9,7.9,12.3,1.7,99,10,0,29.74,,0,0,0,37.1,42.5,44.4,0.44,0.19,0.38
CSQR,2015-12-01 03:20:00 EST,43.32613,-76.10445,453,35.7,35.6,30.2,67.5,26.0,0.000,0.000,0.00,0.000,6.6,10.4,1.3,99,11,7.3,11.9,1.6,96,10,6.6,10.4,1.3,99,11,0,29.74,,0,0,0,37.1,42.5,44.4,0.44,0.19,0.38
CSQR,2015-12-01 03:25:00 EST,43.32613,-76.10445,453,35.7,35.6,30.2,67.9,26.2,0.000,0.000,0.00,0.000,6.7,10.7,1.6,98,10,7.4,12.8,1.8,96,10,6.7,10.7,1.6,98,10,0,29.74,,0,0,0,37.1,42.5,44.4,0.44,0.19,0.38
CSQR,2015-12-01 03:30:00 EST,43.32613,-76.10445,453,35.8,35.7,30.1,68.2,26.3,0.000,0.000,0.00,0.000,6.9,10.3,1.2,100,13,7.6,12.1,1.4,98,12,6.9,10.3,1.2,100,13,0,29.74,,0,0,0,37.1,42.5,44.4,0.44,0.19,0.38
CSQR,2015-12-01 03:35:00 EST,43.32613,-76.10445,453,35.9,35.8,29.9,68.1,26.4,0.000,0.000,0.00,0.000,7.4,9.9,1.1,107,11,8.1,11.4,1.3,104,11,7.4,9.9,1.1,107,11,0,29.73,,0,0,0,37.2,42.5,44.4,0.44,0.19,0.38
CSQR,2015-12-01 03:40:00 EST,43.32613,-76.10445,453,36.0,35.8,30.3,67.9,26.4,0.000,0.000,0.00,0.000,7.0,9.9,1.2,100,8,7.6,11.2,1.4,98,7,7.0,9.9,1.2,100,8,0,29.73,,0,0,0,37.2,42.5,44.4,0.44,0.19,0.38
CSQR,2015-12-01 03:45:00 EST,43.32613,-76.10445,453,36.0,35.9,30.1,68.2,26.6,0.000,0.000,0.00,0.000,7.4,10.6,1.4,93,13,8.1,11.4,1.6,91,11,7.4,10.6,1.4,93,13,0,29.73,,0,0,0,37.2,42.5,44.4,0.44,0.19,0.38
CSQR,2015-12-01 03:50:00 EST,43.32613,-76.10445,453,36.1,35.9,30.2,68.2,26.6,0.000,0.000,0.00,0.000,7.3,10.3,1.5,98,12,8.0,12.3,1.7,95,11,7.3,10.3,1.5,98,12,0,29.73,,0,0,0,37.2,42.5,44.4,0.44,0.19,0.38
CSQR,2015-12-01 03:55:00 EST,43.32613,-76.10445,453,36.1,36.0,30.2,68.5,26.8,0.000,0.000,0.00,0.000,7.5,11.5,2.0,102,11,8.1,13.0,2.2,99,10,7.5,11.5,2.0,102,11,0,29.73,,0,0,0,37.2,42.5,44.4,0.44,0.19,0.38
CSQR,2015-12-01 04:00:00 EST,43.32613,-76.10445,453,36.2,36.0,30.0,68.5,26.8,0.000,0.000,0.00,0.000,7.9,10.3,1.2,105,13,8.5,12.1,1.5,103,13,7.9,10.3,1.2,105,13,0,29.73,,0,0,0,37.2,42.5,44.4,0.44,0.19,0.38
CSQR,2015-12-01 04:05:00 EST,43.32613,-76.10445,453,36.2,36.0,29.8,68.6,26.8,0.000,0.000,0.00,0.000,8.3,11.6,1.2,113,9,9.0,12.8,1.4,110,8,8.3,11.6,1.2,113,9,0,29.74,,0,0,0,37.2,42.4,44.5,0.44,0.19,0.38
CSQR,2015-12-01 04:10:00 EST,43.32613,-76.10445,453,36.2,36.1,30.4,69.3,27.1,0.000,0.000,0.00,0.000,7.2,11.1,1.4,114,10,7.7,11.9,1.5,112,10,7.2,11.1,1.4,114,10,0,29.74,,0,0,0,37.2,42.5,44.4,0.44,0.19,0.38
CSQR,2015-12-01 04:15:00 EST,43.32613,-76.10445,453,36.3,36.2,30.7,69.5,27.3,0.000,0.000,0.00,0.000,6.9,8.3,0.8,114,10,7.3,9.4,0.9,113,10,6.9,8.3,0.8,114,10,0,29.74,,0,0,0,37.2,42.5,44.4,0.44,0.19,0.38
CSQR,2015-12-01 04:20:00 EST,43.32613,-76.10445,453,36.3,36.2,30.7,69.9,27.4,0.000,0.000,0.00,0.000,7.0,10.3,1.1,107,11,7.5,11.4,1.3,105,10,7.0,10.3,1.1,107,11,0,29.74,,0,0,0,37.2,42.5,44.4,0.44,0.19,0.38
CSQR,2015-12-01 04:25:00 EST,43.32613,-76.10445,453,36.3,36.2,30.9,70.4,27.6,0.000,0.000,0.00,0.000,6.6,9.2,1.5,118,11,7.1,10.5,1.6,116,11,6.6,9.2,1.5,118,11,0,29.74,,0,0,0,37.2,42.5,44.4,0.44,0.19,0.38
CSQR,2015-12-01 04:30:00 EST,43.32613,-76.10445,453,36.3,36.1,31.5,71.5,27.9,0.000,0.000,0.00,0.000,5.7,9.1,1.4,105,12,6.2,11.0,1.6,104,11,5.7,9.1,1.4,105,12,0,29.73,,0,0,0,37.2,42.5,44.4,0.44,0.19,0.38
CSQR,2015-12-01 04:35:00 EST,43.32613,-76.10445,453,36.0,35.9,30.4,73.7,28.4,0.000,0.000,0.00,0.000,6.9,10.2,1.6,110,9,7.4,11.2,1.7,108,9,6.9,10.2,1.6,110,9,0,29.72,,0,0,0,37.2,42.5,44.4,0.44,0.19,0.38
CSQR,2015-12-01 04:40:00 EST,43.32613,-76.10445,453,35.7,35.7,29.3,76.3,29.0,0.000,0.000,0.00,0.000,8.2,10.8,1.3,98,9,8.8,11.9,1.6,95,8,8.2,10.8,1.3,98,9,0,29.72,,0,0,0,37.2,42.4,44.4,0.44,0.19,0.38
CSQR,2015-12-01 04:45:00 EST,43.32613,-76.10445,453,35.6,35.5,28.8,76.9,29.1,0.000,0.000,0.00,0.000,8.8,12.3,1.3,94,11,9.5,13.9,1.5,93,10,8.8,12.3,1.3,94,11,0,29.71,,0,0,0,37.2,42.4,44.4,0.44,0.19,0.38
CSQR,2015-12-01 04:50:00 EST,43.32613,-76.10445,453,35.7,35.6,28.8,75.7,28.8,0.000,0.000,0.00,0.000,9.1,13.6,1.7,95,12,9.8,15.9,2.0,93,10,9.1,13.6,1.7,95,12,0,29.70,,0,0,0,37.2,42.5,44.4,0.44,0.19,0.38
CSQR,2015-12-01 04:55:00 EST,43.32613,-76.10445,453,35.8,35.8,28.9,74.5,28.4,0.000,0.000,0.00,0.000,9.0,13.2,1.8,92,10,9.8,15.9,2.3,91,9,9.0,13.2,1.8,92,10,0,29.70,,0,0,0,37.2,42.5,44.4,0.44,0.19,0.38
CSQR,2015-12-01 05:00:00 EST,43.32613,-76.10445,453,35.9,35.9,29.7,72.7,28.0,0.000,0.000,0.00,0.000,7.9,12.0,1.9,92,14,8.7,14.3,2.1,90,13,7.9,12.0,1.9,92,14,0,29.70,,0,0,0,37.3,42.4,44.4,0.44,0.19,0.38
CSQR,2015-12-01 05:05:00 EST,43.32613,-76.10445,453,36.0,35.9,29.8,72.4,28.0,0.000,0.000,0.00,0.000,7.8,11.2,1.3,98,12,8.6,13.9,1.6,96,10,7.8,11.2,1.3,98,12,0,29.69,,0,0,0,37.3,42.4,44.4,0.44,0.19,0.38
CSQR,2015-12-01 05:10:00 EST,43.32613,-76.10445,453,36.0,36.0,30.2,72.4,28.0,0.000,0.000,0.00,0.000,7.2,11.9,1.6,99,10,7.9,14.1,1.9,95,8,7.2,11.9,1.6,99,10,0,29.69,,0,0,0,37.3,42.4,44.4,0.44,0.19,0.38
CSQR,2015-12-01 05:15:00 EST,43.32613,-76.10445,453,36.1,36.1,30.1,72.4,28.1,0.000,0.000,0.00,0.000,7.6,13.2,1.7,106,9,8.3,14.8,2.0,104,9,7.6,13.2,1.7,106,9,0,29.70,,0,0,0,37.3,42.5,44.3,0.44,0.19,0.38
CSQR,2015-12-01 05:20:00 EST,43.32613,-76.10445,453,36.2,36.1,30.1,72.6,28.2,0.000,0.000,0.00,0.000,7.7,10.2,1.2,110,10,8.2,11.2,1.3,109,11,7.7,10.2,1.2,110,10,0,29.70,,0,0,0,37.3,42.5,44.4,0.44,0.19,0.38
CSQR,2015-12-01 05:25:00 EST,43.32613,-76.10445,453,36.2,36.1,30.3,73.2,28.5,0.000,0.000,0.00,0.000,7.5,10.4,1.2,111,12,7.9,11.6,1.3,110,11,7.5,10.4,1.2,111,12,0,29.70,,0,0,0,37.3,42.4,44.4,0.44,0.19,0.38
CSQR,2015-12-01 05:30:00 EST,43.32613,-76.10445,453,36.3,36.2,30.9,73.4,28.6,0.000,0.000,0.00,0.000,6.5,9.6,1.3,114,11,7.1,11.0,1.4,113,11,6.5,9.6,1.3,114,11,0,29.70,,0,0,0,37.4,42.4,44.4,0.44,0.19,0.38
CSQR,2015-12-01 05:35:00 EST,43.32613,-76.10445,453,36.2,36.1,31.0,74.8,29.0,0.000,0.000,0.00,0.000,6.3,9.7,1.1,111,11,6.7,10.1,1.1,108,10,6.3,9.7,1.1,111,11,0,29.71,,0,0,0,37.4,42.4,44.4,0.44,0.19,0.38
CSQR,2015-12-01 05:40:00 EST,43.32613,-76.10445,453,36.3,36.2,30.7,74.8,29.0,0.000,0.000,0.00,0.000,6.8,9.8,1.0,111,10,7.4,10.7,1.2,110,10,6.8,9.8,1.0,111,10,0,29.71,,0,0,0,37.4,42.4,44.4,0.44,0.19,0.38
CSQR,2015-12-01 05:45:00 EST,43.32613,-76.10445,453,36.2,36.2,30.8,76.0,29.4,0.000,0.000,0.00,0.000,6.7,8.8,1.0,113,10,7.2,9.6,1.2,111,11,6.7,8.8,1.0,113,10,0,29.70,,0,0,0,37.4,42.4,44.4,0.44,0.19,0.38
CSQR,2015-12-01 05:50:00 EST,43.32613,-76.10445,453,36.3,36.2,30.2,75.9,29.4,0.000,0.000,0.00,0.000,7.7,10.5,1.3,113,12,8.3,13.0,1.6,112,12,7.7,10.5,1.3,113,12,0,29.70,,0,0,0,37.4,42.4,44.4,0.44,0.19,0.38
CSQR,2015-12-01 05:55:00 EST,43.32613,-76.10445,453,36.1,36.0,30.3,77.8,29.8,0.000,0.000,0.00,0.000,7.3,11.5,1.4,112,10,7.8,12.1,1.4,110,9,7.3,11.5,1.4,112,10,0,29.70,,0,0,0,37.4,42.4,44.4,0.44,0.19,0.38
CSQR,2015-12-01 06:00:00 EST,43.32613,-76.10445,453,35.9,35.9,29.9,80.4,30.4,0.000,0.000,0.00,0.000,7.5,10.0,1.4,110,12,8.1,12.1,1.6,108,11,7.5,10.0,1.4,110,12,0,29.70,,0,0,0,37.5,42.4,44.3,0.44,0.19,0.38
CSQR,2015-12-01 06:05:00 EST,43.32613,-76.10445,453,35.9,35.9,29.1,80.8,30.6,0.000,0.000,0.00,0.000,9.0,12.9,1.7,109,9,9.5,13.9,2.0,107,9,9.0,12.9,1.7,109,9,0,29.70,,0,0,0,37.5,42.4,44.3,0.44,0.19,0.38
CSQR,2015-12-01 06:10:00 EST,43.32613,-76.10445,453,35.8,35.8,29.8,81.7,30.8,0.000,0.000,0.00,0.000,7.6,10.7,1.2,108,13,8.1,11.6,1.4,106,12,7.6,10.7,1.2,108,13,0,29.69,,0,0,0,37.5,42.4,44.3,0.44,0.19,0.38
CSQR,2015-12-01 06:15:00 EST,43.32613,-76.10445,453,35.7,35.7,30.1,82.7,31.0,0.000,0.000,0.00,0.000,6.9,9.1,0.9,105,11,7.4,10.7,1.1,102,9,6.9,9.1,0.9,105,11,0,29.70,,0,0,0,37.6,42.4,44.3,0.44,0.19,0.38
CSQR,2015-12-01 06:20:00 EST,43.32613,-76.10445,453,35.6,35.5,29.5,84.0,31.3,0.000,0.000,0.00,0.000,7.6,10.8,1.6,104,12,8.2,12.1,1.7,102,10,7.6,10.8,1.6,104,12,0,29.70,,0,0,0,37.5,42.4,44.4,0.44,0.19,0.38
CSQR,2015-12-01 06:25:00 EST,43.32613,-76.10445,453,35.5,35.4,29.0,85.8,31.7,0.000,0.000,0.00,0.000,8.0,13.2,1.5,100,11,8.7,16.1,1.8,97,10,8.0,13.2,1.5,100,11,0,29.69,,0,0,0,37.6,42.4,44.3,0.44,0.19,0.38
CSQR,2015-12-01 06:30:00 EST,43.32613,-76.10445,453,35.3,35.2,28.2,86.4,31.6,0.000,0.000,0.00,0.000,9.2,13.2,1.8,96,10,10.3,14.3,2.1,94,9,9.2,13.2,1.8,96,10,0,29.68,,0,0,0,37.6,42.4,44.3,0.44,0.19,0.38
CSQR,2015-12-01 06:35:00 EST,43.32613,-76.10445,453,35.1,34.9,27.8,87.1,31.6,0.002,0.002,0.00,0.002,9.4,13.9,2.0,93,12,10.5,16.3,2.6,92,11,9.4,13.9,2.0,93,12,0,29.67,,0,0,0,37.6,42.4,44.3,0.44,0.19,0.38
CSQR,2015-12-01 06:40:00 EST,43.32613,-76.10445,453,35.0,34.9,26.9,87.9,31.7,0.000,0.002,0.00,0.002,11.0,15.0,1.5,96,11,12.2,16.8,1.8,94,9,11.0,15.0,1.5,96,11,0,29.67,,0,0,0,37.6,42.4,44.3,0.44,0.19,0.38
CSQR,2015-12-01 06:45:00 EST,43.32613,-76.10445,453,34.9,34.8,27.3,89.0,32.0,0.000,0.002,0.00,0.002,9.9,14.7,1.9,101,10,11.3,17.0,2.2,99,7,9.9,14.7,1.9,101,10,0,29.67,,0,0,0,37.6,42.4,44.2,0.44,0.19,0.38
CSQR,2015-12-01 06:50:00 EST,43.32613,-76.10445,453,34.9,34.8,27.6,89.5,32.2,0.000,0.002,0.00,0.002,9.6,13.7,1.7,99,12,10.8,15.9,2.2,96,11,9.6,13.7,1.7,99,12,0,29.67,,0,0,0,37.6,42.4,44.2,0.44,0.19,0.38
CSQR,2015-12-01 06:55:00 EST,43.32613,-76.10445,453,35.0,34.8,27.3,89.9,32.3,0.000,0.002,0.00,0.002,10.2,14.2,1.8,95,10,11.6,16.3,2.1,94,8,10.2,14.2,1.8,95,10,0,29.67,,0,0,0,37.7,42.4,44.3,0.44,0.19,0.38
CSQR,2015-12-01 07:00:00 EST,43.32613,-76.10445,453,35.0,34.8,27.4,90.1,32.3,0.000,0.002,0.00,0.002,10.1,13.1,1.2,98,11,11.4,15.7,1.6,96,10,10.1,13.1,1.2,98,11,0,29.67,,0,0,0,37.7,42.4,44.3,0.44,0.19,0.38
CSQR,2015-12-01 07:05:00 EST,43.32613,-76.10445,453,34.9,34.8,28.6,90.8,32.5,0.000,0.002,0.00,0.002,7.6,11.3,1.5,96,16,8.6,12.8,1.8,95,14,7.6,11.3,1.5,96,16,0,29.67,,0,0,0,37.7,42.4,44.2,0.44,0.19,0.38
CSQR,2015-12-01 07:10:00 EST,43.32613,-76.10445,453,34.9,34.8,28.2,91.1,32.6,0.000,0.002,0.00,0.002,8.3,12.6,2.2,99,11,9.4,14.8,2.6,96,9,8.3,12.6,2.2,99,11,0,29.68,,0,0,0,37.7,42.4,44.2,0.44,0.19,0.38
CSQR,2015-12-01 07:15:00 EST,43.32613,-76.10445,453,34.8,34.7,27.8,90.8,32.4,0.002,0.004,0.00,0.004,8.8,12.6,1.5,98,11,10.1,15.0,1.9,96,9,8.8,12.6,1.5,98,11,0,29.67,,0,0,0,37.8,42.4,44.2,0.44,0.19,0.38
CSQR,2015-12-01 07:20:00 EST,43.32613,-76.10445,453,34.7,34.6,27.1,91.2,32.4,0.000,0.004,0.00,0.004,10.1,13.4,1.8,99,11,11.4,15.2,2.0,96,8,10.1,13.4,1.8,99,11,0,29.68,,0,0,0,37.8,42.4,44.2,0.44,0.19,0.38
CSQR,2015-12-01 07:25:00 EST,43.32613,-76.10445,453,34.6,34.4,27.8,92.2,32.6,0.001,0.005,0.00,0.005,8.3,12.0,1.7,95,10,9.9,14.5,2.2,92,9,8.3,12.0,1.7,95,10,0,29.68,,0,0,0,37.8,42.4,44.2,0.44,0.19,0.38
CSQR,2015-12-01 07:30:00 EST,43.32613,-76.10445,453,34.5,34.3,27.8,93.0,32.6,0.000,0.005,0.00,0.005,8.1,11.9,2.2,96,10,9.4,14.8,2.6,93,7,8.1,11.9,2.2,96,10,1,29.68,,0,0,0,37.8,42.4,44.2,0.44,0.19,0.38
CSQR,2015-12-01 07:35:00 EST,43.32613,-76.10445,453,34.4,34.2,27.5,93.2,32.6,0.003,0.008,0.00,0.006,8.3,12.4,1.9,93,13,9.5,14.8,2.3,91,11,8.3,12.4,1.9,93,13,2,29.67,,0,0,0,37.8,42.4,44.2,0.44,0.19,0.38
CSQR,2015-12-01 07:40:00 EST,43.32613,-76.10445,453,34.3,34.1,27.1,93.6,32.7,0.003,0.010,0.00,0.008,9.1,12.8,1.7,88,11,10.5,15.2,2.0,87,9,9.1,12.8,1.7,88,11,4,29.67,,0,0,0,37.8,42.4,44.2,0.44,0.19,0.38
CSQR,2015-12-01 07:45:00 EST,43.32613,-76.10445,453,34.2,34.0,27.7,93.9,32.7,0.003,0.013,0.00,0.011,7.7,11.5,2.0,93,12,9.2,13.9,2.4,91,10,7.7,11.5,2.0,93,12,5,29.67,,0,0,0,37.8,42.4,44.2,0.44,0.19,0.38
CSQR,2015-12-01 07:50:00 EST,43.32613,-76.10445,453,34.2,34.0,26.7,94.1,32.7,0.003,0.016,0.00,0.014,9.6,13.3,1.7,95,12,11.4,16.1,2.1,93,10,9.6,13.3,1.7,95,12,5,29.67,,0,0,0,37.8,42.4,44.2,0.44,0.19,0.38
CSQR,2015-12-01 07:55:00 EST,43.32613,-76.10445,453,34.2,34.0,26.7,94.4,32.8,0.004,0.019,0.00,0.017,9.5,13.6,1.7,99,14,11.1,16.3,2.1,96,11,9.5,13.6,1.7,99,14,5,29.66,,0,0,0,37.9,42.4,44.1,0.44,0.19,0.38
CSQR,2015-12-01 08:00:00 EST,43.32613,-76.10445,453,34.2,34.0,27.0,94.7,32.9,0.003,0.022,0.00,0.020,9.0,13.1,1.4,103,11,10.6,15.9,1.9,99,9,9.0,13.1,1.4,103,11,7,29.67,,0,0,0,37.9,42.4,44.2,0.44,0.19,0.38
CSQR,2015-12-01 08:05:00 EST,43.32613,-76.10445,453,34.2,34.0,27.0,95.1,33.0,0.006,0.027,0.00,0.025,9.0,13.8,1.6,94,10,10.3,15.0,2.0,93,8,9.0,13.8,1.6,94,10,7,29.67,,0,0,0,37.9,42.4,44.1,0.44,0.19,0.38
CSQR,2015-12-01 08:10:00 EST,43.32613,-76.10445,453,34.3,34.1,26.9,95.3,33.1,0.009,0.036,0.00,0.034,9.3,14.7,2.0,97,13,10.6,17.0,2.4,93,11,9.3,14.7,2.0,97,13,8,29.66,,0,0,0,37.9,42.4,44.2,0.44,0.19,0.38
CSQR,2015-12-01 08:15:00 EST,43.32613,-76.10445,453,34.4,34.2,27.2,95.4,33.2,0.010,0.046,0.00,0.042,8.9,14.3,2.2,101,13,10.3,16.1,2.4,98,10,8.9,14.3,2.2,101,13,9,29.66,,0,0,0,37.9,42.4,44.1,0.44,0.19,0.38
CSQR,2015-12-01 08:20:00 EST,43.32613,-76.10445,453,34.5,34.3,27.5,95.8,33.4,0.009,0.055,0.00,0.051,8.7,12.5,2.1,103,12,10.2,14.8,2.5,99,10,8.7,12.5,2.1,103,12,12,29.66,,0,0,0,37.9,42.4,44.1,0.44,0.19,0.38
CSQR,2015-12-01 08:25:00 EST,43.32613,-76.10445,453,34.6,34.4,27.2,95.9,33.6,0.013,0.068,0.00,0.063,9.5,13.9,1.8,96,13,10.9,15.0,2.1,93,9,9.5,13.9,1.8,96,13,14,29.66,,0,0,0,37.9,42.4,44.1,0.44,0.19,0.38
CSQR,2015-12-01 08:30:00 EST,43.32613,-76.10445,453,34.7,34.5,27.2,95.9,33.7,0.008,0.076,0.00,0.071,9.9,14.1,1.7,92,10,11.7,15.7,2.0,90,8,9.9,14.1,1.7,92,10,15,29.66,,0,0,0,37.9,42.4,44.1,0.44,0.19,0.38
CSQR,2015-12-01 08:35:00 EST,43.32613,-76.10445,453,34.8,34.6,27.4,95.9,33.8,0.005,0.081,0.00,0.073,9.6,13.4,1.6,95,12,12.9,19.2,2.4,92,8,9.6,13.4,1.6,95,12,13,29.66,,0,0,0,37.9,42.4,44.1,0.44,0.19,0.38
CSQR,2015-12-01 08:40:00 EST,43.32613,-76.10445,453,35.0,34.8,27.5,96.0,34.0,0.003,0.084,0.00,0.073,10.0,14.4,1.6,97,10,12.0,19.0,2.3,95,7,10.0,14.4,1.6,97,10,12,29.66,,0,0,0,38.0,42.4,44.1,0.44,0.19,0.38
CSQR,2015-12-01 08:45:00 EST,43.32613,-76.10445,453,35.2,35.0,28.1,95.8,34.1,0.001,0.084,0.00,0.071,9.2,13.4,1.6,100,12,10.4,15.2,1.9,97,9,9.2,13.4,1.6,100,12,13,29.66,,0,0,0,38.0,42.4,44.1,0.44,0.19,0.38
CSQR,2015-12-01 08:50:00 EST,43.32613,-76.10445,453,35.3,35.1,28.1,95.7,34.2,0.003,0.088,0.00,0.072,9.4,14.0,1.7,97,10,10.6,15.4,2.0,94,8,9.4,14.0,1.7,97,10,15,29.66,,0,0,0,38.0,42.4,44.1,0.44,0.19,0.38
CSQR,2015-12-01 08:55:00 EST,43.32613,-76.10445,453,35.4,35.2,27.9,95.4,34.2,0.005,0.093,0.00,0.074,10.0,14.4,1.8,96,11,11.4,16.3,2.0,93,9,10.0,14.4,1.8,96,11,18,29.66,,0,0,0,38.0,42.4,44.1,0.44,0.19,0.38
CSQR,2015-12-01 09:00:00 EST,43.32613,-76.10445,453,35.4,35.2,28.0,95.5,34.2,0.001,0.094,0.00,0.072,10.0,13.7,1.7,93,11,11.5,15.4,2.0,92,8,10.0,13.7,1.7,93,11,23,29.65,,0,0,0,38.0,42.4,44.1,0.44,0.19,0.38
CSQR,2015-12-01 09:05:00 EST,43.32613,-76.10445,453,35.4,35.2,28.2,95.6,34.3,0.000,0.094,0.00,0.066,9.6,16.1,2.3,91,12,11.0,17.9,2.6,91,9,9.6,16.1,2.3,91,12,27,29.65,,0,0,0,38.1,42.4,44.1,0.44,0.19,0.39
CSQR,2015-12-01 09:10:00 EST,43.32613,-76.10445,453,35.6,35.3,28.6,95.7,34.5,0.002,0.096,0.00,0.060,9.1,14.5,1.8,93,11,10.6,16.3,2.2,91,10,9.1,14.5,1.8,93,11,28,29.65,,0,0,0,38.1,42.4,44.1,0.44,0.19,0.38
CSQR,2015-12-01 09:15:00 EST,43.32613,-76.10445,453,35.6,35.3,28.1,95.5,34.4,0.000,0.096,0.00,0.050,10.2,13.2,1.7,95,9,11.7,15.7,2.0,93,8,10.2,13.2,1.7,95,9,27,29.65,,0,0,0,38.1,42.4,44.1,0.44,0.19,0.39
CSQR,2015-12-01 09:20:00 EST,43.32613,-76.10445,453,35.6,35.4,28.0,95.5,34.5,0.000,0.096,0.00,0.042,10.4,15.0,1.6,93,12,11.8,15.7,1.9,91,9,10.4,15.0,1.6,93,12,28,29.64,,0,0,0,38.2,42.3,44.1,0.44,0.19,0.39
CSQR,2015-12-01 09:25:00 EST,43.32613,-76.10445,453,35.6,35.4,28.0,95.3,34.4,0.000,0.096,0.00,0.029,10.5,14.7,1.9,94,13,11.9,16.8,2.1,91,10,10.5,14.7,1.9,94,13,33,29.64,,0,0,0,38.2,42.4,44.1,0.44,0.19,0.39
CSQR,2015-12-01 09:30:00 EST,43.32613,-76.10445,453,35.7,35.4,27.9,95.1,34.4,0.000,0.096,0.00,0.020,10.9,15.4,2.1,97,10,12.1,17.4,2.3,94,7,10.9,15.4,2.1,97,10,36,29.64,,0,0,0,38.2,42.4,44.1,0.44,0.19,0.39
CSQR,2015-12-01 09:35:00 EST,43.32613,-76.10445,453,35.7,35.4,27.7,95.2,34.5,0.000,0.096,0.00,0.015,11.2,17.3,2.2,94,12,12.6,18.6,2.5,92,10,11.2,17.3,2.2,94,12,46,29.64,,0,0,0,38.3,42.3,44.1,0.44,0.19,0.39
CSQR,2015-12-01 09:40:00 EST,43.32613,-76.10445,453,35.7,35.4,27.7,95.1,34.5,0.000,0.096,0.00,0.013,11.4,17.3,2.2,95,10,12.7,19.9,2.4,93,8,11.4,17.3,2.2,95,10,45,29.64,,0,0,0,38.3,42.3,44.1,0.44,0.19,0.40
CSQR,2015-12-01 09:45:00 EST,43.32613,-76.10445,453,35.7,35.4,27.4,94.8,34.4,0.000,0.096,0.00,0.012,12.1,16.6,1.8,97,11,13.4,18.6,2.2,94,8,12.1,16.6,1.8,97,11,50,29.63,,0,0,0,38.3,42.3,44.1,0.44,0.19,0.40
CSQR,2015-12-01 09:50:00 EST,43.32613,-76.10445,453,35.8,35.5,27.7,95.0,34.5,0.000,0.096,0.00,0.008,11.6,18.4,2.1,96,10,13.1,20.8,2.6,94,8,11.6,18.4,2.1,96,10,47,29.63,,0,0,0,38.3,42.3,44.1,0.44,0.19,0.40
CSQR,2015-12-01 09:55:00 EST,43.32613,-76.10445,453,35.9,35.6,28.6,95.1,34.7,0.000,0.096,0.00,0.003,10.0,17.0,2.4,93,13,11.2,19.0,2.7,90,9,10.0,17.0,2.4,93,13,54,29.63,,0,0,0,38.4,42.4,44.1,0.44,0.19,0.40
CSQR,2015-12-01 10:00:00 EST,43.32613,-76.10445,453,36.0,35.6,28.4,95.0,34.7,0.002,0.098,0.00,0.004,10.6,15.0,1.9,95,10,11.6,16.8,2.0,93,8,10.6,15.0,1.9,95,10,52,29.63,,0,0,0,38.5,42.4,44.1,0.44,0.19,0.40
CSQR,2015-12-01 10:05:00 EST,43.32613,-76.10445,453,36.0,35.7,28.5,94.9,34.6,0.000,0.098,0.00,0.004,10.3,15.3,1.9,97,11,11.6,17.4,2.1,94,9,10.3,15.3,1.9,97,11,42,29.63,,0,0,0,38.5,42.3,44.0,0.44,0.19,0.40
CSQR,2015-12-01 10:10:00 EST,43.32613,-76.10445,453,36.0,35.6,28.3,95.0,34.7,0.001,0.099,0.00,0.003,10.9,15.6,1.6,101,10,12.1,17.7,1.8,98,7,10.9,15.6,1.6,101,10,49,29.63,,0,0,0,38.5,42.3,44.0,0.44,0.19,0.40
CSQR,2015-12-01 10:15:00 EST,43.32613,-76.10445,453,36.0,35.7,27.9,94.8,34.7,0.000,0.099,0.00,0.003,12.0,17.8,2.7,102,10,13.4,19.0,2.8,99,7,12.0,17.8,2.7,102,10,67,29.63,,0,0,0,38.6,42.4,44.0,0.44,0.19,0.40
CSQR,2015-12-01 10:20:00 EST,43.32613,-76.10445,453,36.1,35.8,28.4,94.5,34.7,0.000,0.099,0.00,0.003,10.9,17.1,2.0,98,11,12.1,18.6,2.2,96,8,10.9,17.1,2.0,98,11,72,29.63,,0,0,0,38.6,42.3,44.0,0.44,0.19,0.40
CSQR,2015-12-01 10:25:00 EST,43.32613,-76.10445,453,36.2,35.9,28.0,94.5,34.8,0.000,0.099,0.00,0.003,12.1,19.5,2.8,102,12,13.4,21.9,3.1,100,9,12.1,19.5,2.8,102,12,74,29.62,,0,0,0,38.7,42.3,44.0,0.44,0.19,0.40
CSQR,2015-12-01 10:30:00 EST,43.32613,-76.10445,453,36.3,36.0,29.0,94.6,34.9,0.000,0.099,0.00,0.003,10.2,15.8,2.2,102,10,11.3,17.7,2.6,99,9,10.2,15.8,2.2,102,10,59,29.62,,0,0,0,38.7,42.3,44.0,0.44,0.19,0.40
CSQR,2015-12-01 10:35:00 EST,43.32613,-76.10445,453,36.4,36.1,28.6,94.5,34.9,0.000,0.099,0.00,0.003,11.3,16.9,2.3,104,13,12.4,19.0,2.6,100,11,11.3,16.9,2.3,104,13,55,29.62,,0,0,0,38.8,42.4,44.0,0.44,0.19,0.40
CSQR,2015-12-01 10:40:00 EST,43.32613,-76.10445,453,36.4,36.1,28.5,94.3,34.9,0.002,0.101,0.00,0.005,11.4,17.2,2.5,99,12,12.2,18.8,3.0,97,9,11.4,17.2,2.5,99,12,70,29.61,,0,0,0,38.8,42.3,44.0,0.44,0.19,0.40
CSQR,2015-12-01 10:45:00 EST,43.32613,-76.10445,453,36.5,36.2,28.5,94.3,35.1,0.000,0.101,0.00,0.005,11.9,18.9,2.4,103,14,12.6,20.8,2.8,101,12,11.9,18.9,2.4,103,14,69,29.61,,0,0,0,38.9,42.3,44.0,0.44,0.19,0.40
CSQR,2015-12-01 10:50:00 EST,43.32613,-76.10445,453,36.6,36.3,29.3,94.1,35.1,0.000,0.101,0.00,0.005,10.3,15.7,2.1,108,13,10.8,16.8,2.4,104,9,10.3,15.7,2.1,108,13,55,29.61,,0,0,0,38.9,42.3,44.0,0.44,0.19,0.40
CSQR,2015-12-01 10:55:00 EST,43.32613,-76.10445,453,36.7,36.3,29.5,94.4,35.2,0.000,0.101,0.00,0.005,10.0,16.2,2.2,105,12,10.7,18.6,2.6,101,10,10.0,16.2,2.2,105,12,51,29.61,,0,0,0,39.0,42.3,44.0,0.44,0.19,0.40
CSQR,2015-12-01 11:00:00 EST,43.32613,-76.10445,453,36.7,36.4,29.4,94.1,35.2,0.000,0.101,0.00,0.003,10.4,14.4,1.8,106,11,11.3,15.7,2.0,103,10,10.4,14.4,1.8,106,11,45,29.61,,0,0,0,39.0,42.4,44.0,0.44,0.19,0.40
CSQR,2015-12-01 11:05:00 EST,43.32613,-76.10445,453,36.8,36.5,29.7,94.1,35.3,0.000,0.101,0.00,0.003,10.1,14.9,1.8,106,13,11.0,18.1,2.0,103,12,10.1,14.9,1.8,106,13,48,29.61,,0,0,0,39.1,42.3,44.0,0.44,0.19,0.40
CSQR,2015-12-01 11:10:00 EST,43.32613,-76.10445,453,37.0,36.7,30.1,93.8,35.3,0.000,0.101,0.00,0.002,9.6,13.7,2.0,112,11,10.2,15.9,2.0,108,10,9.6,13.7,2.0,112,11,42,29.61,,0,0,0,39.1,42.3,44.0,0.44,0.19,0.40
CSQR,2015-12-01 11:15:00 EST,43.32613,-76.10445,453,37.0,36.7,30.3,93.9,35.4,0.000,0.101,0.00,0.002,9.3,13.9,1.7,108,8,9.9,15.0,1.8,105,8,9.3,13.9,1.7,108,8,38,29.60,,0,0,0,39.2,42.4,44.0,0.44,0.19,0.40
CSQR,2015-12-01 11:20:00 EST,43.32613,-76.10445,453,37.1,36.8,30.1,94.0,35.5,0.000,0.101,0.00,0.002,9.8,12.6,1.5,105,13,10.7,14.3,1.7,102,11,9.8,12.6,1.5,105,13,37,29.60,,0,0,0,39.2,42.4,44.0,0.44,0.19,0.40
CSQR,2015-12-01 11:25:00 EST,43.32613,-76.10445,453,37.1,36.8,30.5,93.9,35.5,0.000,0.101,0.00,0.002,9.2,15.3,2.0,107,11,10.0,17.0,2.2,103,10,9.2,15.3,2.0,107,11,40,29.60,,0,0,0,39.2,42.3,44.0,0.44,0.19,0.40
CSQR,2015-12-01 11:30:00 EST,43.32613,-76.10445,453,37.2,36.9,30.2,94.0,35.6,0.003,0.104,0.00,0.005,9.9,13.9,1.8,112,11,10.8,15.4,2.0,109,10,9.9,13.9,1.8,112,11,43,29.59,,0,0,0,39.2,42.3,44.0,0.44,0.19,0.40
CSQR,2015-12-01 11:35:00 EST,43.32613,-76.10445,453,37.2,36.9,29.6,94.0,35.6,0.001,0.105,0.00,0.006,11.1,16.1,1.9,112,9,12.4,18.3,2.1,108,8,11.1,16.1,1.9,112,9,42,29.59,,0,0,0,39.2,42.3,44.0,0.44,0.19,0.40
CSQR,2015-12-01 11:40:00 EST,43.32613,-76.10445,453,37.3,37.0,29.6,94.1,35.7,0.001,0.106,0.00,0.005,11.6,18.6,2.3,106,10,13.2,20.4,2.6,103,8,11.6,18.6,2.3,106,10,55,29.58,,0,0,0,39.2,42.4,44.0,0.44,0.19,0.40
CSQR,2015-12-01 11:45:00 EST,43.32613,-76.10445,453,37.3,37.0,29.2,93.9,35.7,0.000,0.106,0.00,0.005,12.9,19.1,2.1,104,10,14.5,21.5,2.5,101,7,12.9,19.1,2.1,104,10,53,29.57,,0,0,0,39.2,42.3,44.0,0.44,0.19,0.40
CSQR,2015-12-01 11:50:00 EST,43.32613,-76.10445,453,37.4,37.1,29.1,93.8,35.8,0.000,0.106,0.00,0.005,13.3,17.2,1.9,108,9,14.9,20.1,2.2,104,8,13.3,17.2,1.9,108,9,41,29.57,,0,0,0,39.2,42.3,44.0,0.44,0.19,0.40
CSQR,2015-12-01 11:55:00 EST,43.32613,-76.10445,453,37.4,37.2,29.4,93.6,35.7,0.000,0.106,0.00,0.005,12.5,18.2,2.6,109,11,13.9,20.6,3.1,105,9,12.5,18.2,2.6,109,11,34,29.57,,0,0,0,39.2,42.3,44.0,0.44,0.19,0.40
CSQR,2015-12-01 12:00:00 EST,43.32613,-76.10445,453,37.5,37.3,29.5,93.7,35.9,0.000,0.106,0.00,0.005,12.5,19.1,2.9,110,9,13.5,21.5,3.1,107,9,12.5,19.1,2.9,110,9,28,29.57,,0,0,0,39.2,42.3,43.9,0.44,0.19,0.40
CSQR,2015-12-01 12:05:00 EST,43.32613,-76.10445,453,37.5,37.3,30.8,94.0,35.9,0.000,0.106,0.00,0.005,9.6,14.0,2.0,110,11,10.5,15.9,2.3,107,10,9.6,14.0,2.0,110,11,31,29.57,,0,0,0,39.3,42.3,44.0,0.44,0.19,0.40
CSQR,2015-12-01 12:10:00 EST,43.32613,-76.10445,453,37.5,37.3,30.5,94.0,36.0,0.000,0.106,0.00,0.005,10.1,13.8,1.7,118,10,10.7,14.8,1.9,114,10,10.1,13.8,1.7,118,10,32,29.57,,0,0,0,39.3,42.3,43.9,0.44,0.19,0.40
CSQR,2015-12-01 12:15:00 EST,43.32613,-76.10445,453,37.6,37.3,32.0,94.5,36.2,0.000,0.106,0.00,0.005,7.4,10.1,1.1,113,10,8.0,11.4,1.4,110,11,7.4,10.1,1.1,113,10,31,29.57,,0,0,0,39.3,42.3,43.9,0.44,0.19,0.40
CSQR,2015-12-01 12:20:00 EST,43.32613,-76.10445,453,37.6,37.3,30.9,94.3,36.1,0.000,0.106,0.00,0.005,9.6,13.2,1.7,111,11,10.4,14.1,1.9,109,10,9.6,13.2,1.7,111,11,30,29.56,,0,0,0,39.4,42.4,43.9,0.44,0.19,0.40
CSQR,2015-12-01 12:25:00 EST,43.32613,-76.10445,453,37.6,37.4,30.8,94.3,36.1,0.000,0.106,0.00,0.005,9.7,16.1,2.6,115,12,10.5,19.0,2.9,112,12,9.7,16.1,2.6,115,12,32,29.56,,0,0,0,39.4,42.4,43.9,0.44,0.19,0.40
CSQR,2015-12-01 12:30:00 EST,43.32613,-76.10445,453,37.7,37.4,30.9,94.3,36.2,0.000,0.106,0.00,0.002,9.8,13.7,1.9,107,10,10.7,15.7,2.2,104,8,9.8,13.7,1.9,107,10,34,29.56,,0,0,0,39.4,42.4,43.9,0.44,0.19,0.40
CSQR,2015-12-01 12:35:00 EST,43.32613,-76.10445,453,37.7,37.5,30.7,94.5,36.3,0.000,0.106,0.00,0.001,10.4,17.1,2.5,113,10,11.3,18.1,2.7,108,9,10.4,17.1,2.5,113,10,33,29.55,,0,0,0,39.4,42.4,43.9,0.44,0.19,0.40
CSQR,2015-12-01 12:40:00 EST,43.32613,-76.10445,453,37.8,37.5,29.6,94.5,36.3,0.000,0.106,0.00,0.000,13.2,17.4,2.2,113,9,14.2,18.8,2.5,110,9,13.2,17.4,2.2,113,9,54,29.54,,0,0,0,39.5,42.3,43.9,0.44,0.19,0.40
CSQR,2015-12-01 12:45:00 EST,43.32613,-76.10445,453,38.0,37.6,29.5,94.7,36.6,0.000,0.106,0.00,0.000,14.1,20.0,2.4,113,9,15.2,21.5,2.9,109,8,14.1,20.0,2.4,113,9,85,29.53,,0,0,0,39.5,42.4,43.9,0.44,0.19,0.40
CSQR,2015-12-01 12:50:00 EST,43.32613,-76.10445,453,38.0,37.7,30.0,94.2,36.5,0.000,0.106,0.00,0.000,13.0,19.5,2.3,109,9,14.4,22.1,2.7,105,7,13.0,19.5,2.3,109,9,67,29.53,,0,0,0,39.6,42.3,43.9,0.44,0.19,0.40
CSQR,2015-12-01 12:55:00 EST,43.32613,-76.10445,453,38.2,37.8,31.1,94.5,36.7,0.000,0.106,0.00,0.000,10.5,15.1,1.8,98,11,11.6,16.8,2.1,95,8,10.5,15.1,1.8,98,11,58,29.53,,0,0,0,39.6,42.3,43.9,0.44,0.19,0.40
CSQR,2015-12-01 13:00:00 EST,43.32613,-76.10445,453,38.3,37.9,31.1,94.7,36.9,0.000,0.106,0.00,0.000,11.1,17.4,2.0,100,11,12.6,20.1,2.3,98,9,11.1,17.4,2.0,100,11,76,29.53,,0,0,0,39.6,42.4,43.9,0.44,0.19,0.40
CSQR,2015-12-01 13:05:00 EST,43.32613,-76.10445,453,38.5,38.1,31.7,94.8,37.1,0.000,0.106,0.00,0.000,10.1,16.1,2.0,99,14,11.3,18.1,2.4,95,11,10.1,16.1,2.0,99,14,79,29.52,,0,0,0,39.6,42.3,43.9,0.44,0.19,0.40
CSQR,2015-12-01 13:10:00 EST,43.32613,-76.10445,453,38.4,38.1,30.9,94.5,37.0,0.002,0.108,0.00,0.002,11.9,15.3,1.7,99,9,13.6,17.7,2.0,98,7,11.9,15.3,1.7,99,9,66,29.52,,0,0,0,39.7,42.4,43.9,0.44,0.19,0.40
CSQR,2015-12-01 13:15:00 EST,43.32613,-76.10445,453,38.5,38.2,30.9,94.4,37.0,0.001,0.109,0.00,0.003,11.9,18.6,2.7,94,13,13.6,21.5,3.0,92,9,11.9,18.6,2.7,94,13,52,29.52,,0,0,0,39.7,42.4,43.9,0.44,0.19,0.40
CSQR,2015-12-01 13:20:00 EST,43.32613,-76.10445,453,38.5,38.2,31.8,94.6,37.1,0.000,0.109,0.00,0.003,9.9,14.5,2.2,95,14,11.5,17.4,2.7,92,10,9.9,14.5,2.2,95,14,31,29.52,,0,0,0,39.8,42.4,44.0,0.44,0.19,0.40
CSQR,2015-12-01 13:25:00 EST,43.32613,-76.10445,453,38.5,38.3,32.1,94.7,37.1,0.000,0.109,0.00,0.003,9.3,14.2,2.1,99,10,10.8,15.7,2.6,96,10,9.3,14.2,2.1,99,10,30,29.53,,0,0,0,39.8,42.4,43.9,0.44,0.19,0.40
CSQR,2015-12-01 13:30:00 EST,43.32613,-76.10445,453,38.5,38.3,31.9,94.8,37.2,0.000,0.109,0.00,0.003,9.8,12.9,1.6,99,12,11.3,15.2,1.9,96,10,9.8,12.9,1.6,99,12,27,29.53,,0,0,0,39.9,42.4,43.9,0.44,0.19,0.40
CSQR,2015-12-01 13:35:00 EST,43.32613,-76.10445,453,38.6,38.3,32.3,95.1,37.3,0.003,0.111,0.00,0.006,9.0,13.0,1.8,103,12,10.3,15.2,2.1,100,8,9.0,13.0,1.8,103,12,29,29.52,,0,0,0,39.9,42.4,43.9,0.44,0.19,0.40
CSQR,2015-12-01 13:40:00 EST,43.32613,-76.10445,453,38.6,38.4,31.5,95.2,37.4,0.001,0.112,0.00,0.006,11.0,16.5,2.0,111,10,12.4,18.6,2.2,107,10,11.0,16.5,2.0,111,10,32,29.52,,0,0,0,39.9,42.4,43.9,0.44,0.19,0.40
CSQR,2015-12-01 13:45:00 EST,43.32613,-76.10445,453,38.7,38.5,31.2,94.9,37.3,0.000,0.112,0.00,0.006,12.1,14.8,1.4,113,9,13.0,16.3,1.6,110,9,12.1,14.8,1.4,113,9,41,29.51,,0,0,0,39.9,42.4,43.9,0.44,0.19,0.40
CSQR,2015-12-01 13:50:00 EST,43.32613,-76.10445,453,38.8,38.6,31.1,94.7,37.4,0.000,0.112,0.00,0.006,12.8,18.4,2.1,110,10,14.1,21.0,2.5,106,8,12.8,18.4,2.1,110,10,38,29.51,,0,0,0,39.9,42.4,43.9,0.44,0.19,0.40
CSQR,2015-12-01 13:55:00 EST,43.32613,-76.10445,453,38.9,38.7,31.6,94.8,37.5,0.000,0.112,0.00,0.006,11.8,15.0,1.5,116,11,12.7,17.0,1.8,112,10,11.8,15.0,1.5,116,11,39,29.51,,0,0,0,39.9,42.4,43.9,0.44,0.19,0.40
CSQR,2015-12-01 14:00:00 EST,43.32613,-76.10445,453,39.0,38.7,31.4,94.7,37.6,0.000,0.112,0.00,0.006,12.5,20.2,2.6,109,10,13.7,22.1,2.9,105,8,12.5,20.2,2.6,109,10,35,29.51,,0,0,0,40.0,42.4,43.9,0.44,0.19,0.40
CSQR,2015-12-01 14:05:00 EST,43.32613,-76.10445,453,39.1,38.9,32.2,94.6,37.7,0.000,0.112,0.00,0.006,10.7,14.3,1.4,111,10,11.8,15.9,1.8,108,9,10.7,14.3,1.4,111,10,41,29.51,,0,0,0,40.0,42.4,43.9,0.44,0.19,0.40
CSQR,2015-12-01 14:10:00 EST,43.32613,-76.10445,453,39.2,39.0,32.3,94.6,37.8,0.000,0.112,0.00,0.004,11.0,14.8,1.8,115,9,11.9,17.0,2.1,111,9,11.0,14.8,1.8,115,9,42,29.51,,0,0,0,40.1,42.4,43.9,0.44,0.19,0.40
CSQR,2015-12-01 14:15:00 EST,43.32613,-76.10445,453,39.4,39.1,32.4,94.9,38.0,0.003,0.115,0.00,0.007,11.1,20.0,3.1,112,12,11.9,22.8,3.5,109,10,11.1,20.0,3.1,112,12,41,29.51,,0,0,0,40.1,42.4,43.9,0.44,0.19,0.40
CSQR,2015-12-01 14:20:00 EST,43.32613,-76.10445,453,39.5,39.2,33.1,94.7,38.1,0.002,0.117,0.00,0.009,9.7,15.5,1.9,114,10,10.7,17.0,2.1,110,9,9.7,15.5,1.9,114,10,35,29.51,,0,0,0,40.1,42.4,43.9,0.44,0.19,0.40
CSQR,2015-12-01 14:25:00 EST,43.32613,-76.10445,453,39.7,39.5,32.8,94.9,38.3,0.006,0.123,0.00,0.014,11.1,15.6,1.8,109,9,13.0,18.8,2.2,106,7,11.1,15.6,1.8,109,9,33,29.50,,0,0,0,40.1,42.4,43.9,0.44,0.19,0.40
CSQR,2015-12-01 14:30:00 EST,43.32613,-76.10445,453,39.7,39.5,32.7,94.8,38.3,0.003,0.126,0.00,0.017,11.5,17.2,1.9,106,9,13.1,19.0,2.1,102,8,11.5,17.2,1.9,106,9,31,29.50,,0,0,0,40.1,42.4,43.9,0.44,0.19,0.40
CSQR,2015-12-01 14:35:00 EST,43.32613,-76.10445,453,39.8,39.5,33.0,94.8,38.4,0.002,0.127,0.00,0.016,10.9,14.8,1.7,106,11,12.1,17.7,1.9,104,9,10.9,14.8,1.7,106,11,32,29.50,,0,0,0,40.2,42.4,43.9,0.44,0.19,0.40
CSQR,2015-12-01 14:40:00 EST,43.32613,-76.10445,453,39.8,39.6,33.1,95.0,38.5,0.000,0.127,0.00,0.015,10.7,15.9,2.4,107,10,11.9,17.9,2.7,103,8,10.7,15.9,2.4,107,10,25,29.50,,0,0,0,40.2,42.4,43.9,0.44,0.19,0.40
CSQR,2015-12-01 14:45:00 EST,43.32613,-76.10445,453,39.8,39.6,32.9,94.8,38.5,0.002,0.130,0.00,0.017,11.2,16.2,1.9,109,10,12.2,17.9,2.0,106,9,11.2,16.2,1.9,109,10,27,29.49,,0,0,0,40.3,42.4,43.9,0.44,0.19,0.40
CSQR,2015-12-01 14:50:00 EST,43.32613,-76.10445,453,39.9,39.7,33.0,94.7,38.5,0.000,0.130,0.00,0.017,11.2,15.7,1.6,109,10,12.2,17.0,1.8,106,8,11.2,15.7,1.6,109,10,28,29.49,,0,0,0,40.3,42.4,43.9,0.44,0.19,0.40
CSQR,2015-12-01 14:55:00 EST,43.32613,-76.10445,453,40.0,39.8,32.8,94.9,38.6,0.000,0.130,0.00,0.017,11.9,17.3,2.6,107,9,13.0,19.0,2.7,104,7,11.9,17.3,2.6,107,9,30,29.49,,0,0,0,40.3,42.4,43.9,0.44,0.19,0.40
CSQR,2015-12-01 15:00:00 EST,43.32613,-76.10445,453,40.1,39.9,32.6,94.7,38.7,0.000,0.130,0.00,0.017,12.9,18.0,1.8,108,8,14.0,19.7,2.1,104,7,12.9,18.0,1.8,108,8,23,29.49,,0,0,0,40.3,42.4,43.9,0.44,0.19,0.40
CSQR,2015-12-01 15:05:00 EST,43.32613,-76.10445,453,40.2,40.0,33.9,94.7,38.8,0.000,0.130,0.00,0.017,9.9,14.0,1.6,111,9,10.6,14.5,1.9,108,8,9.9,14.0,1.6,111,9,14,29.49,,0,0,0,40.3,42.4,43.9,0.44,0.19,0.40
CSQR,2015-12-01 15:10:00 EST,43.32613,-76.10445,453,40.2,40.1,33.6,94.5,38.8,0.000,0.130,0.00,0.017,10.8,18.0,2.1,114,11,11.4,18.3,2.2,112,10,10.8,18.0,2.1,114,11,9,29.50,,0,0,0,40.3,42.4,43.9,0.44,0.19,0.40
CSQR,2015-12-01 15:15:00 EST,43.32613,-76.10445,453,40.3,40.1,33.5,94.6,38.8,0.000,0.130,0.00,0.014,11.2,15.8,1.9,117,10,11.9,17.0,2.1,114,10,11.2,15.8,1.9,117,10,8,29.50,,0,0,0,40.4,42.4,43.9,0.44,0.19,0.40
CSQR,2015-12-01 15:20:00 EST,43.32613,-76.10445,453,40.3,40.2,33.4,94.8,38.9,0.000,0.130,0.00,0.012,11.6,16.8,1.9,118,10,12.2,17.9,2.0,115,9,11.6,16.8,1.9,118,10,15,29.49,,0,0,0,40.4,42.4,43.9,0.44,0.19,0.40
CSQR,2015-12-01 15:25:00 EST,43.32613,-76.10445,453,40.4,40.2,33.5,94.8,39.0,0.000,0.130,0.00,0.007,11.6,16.3,2.0,122,11,12.2,17.4,2.2,118,10,11.6,16.3,2.0,122,11,17,29.49,,0,0,0,40.4,42.4,43.9,0.44,0.19,0.40
CSQR,2015-12-01 15:30:00 EST,43.32613,-76.10445,453,40.5,40.4,33.7,94.7,39.1,0.000,0.130,0.00,0.004,11.4,18.5,2.3,113,11,12.3,19.5,2.5,110,10,11.4,18.5,2.3,113,11,18,29.49,,0,0,0,40.4,42.4,43.9,0.44,0.19,0.40
CSQR,2015-12-01 15:35:00 EST,43.32613,-76.10445,453,40.5,40.3,33.6,94.6,39.0,0.000,0.130,0.00,0.002,11.6,18.4,2.0,107,10,12.6,20.4,2.3,104,9,11.6,18.4,2.0,107,10,16,29.49,,0,0,0,40.4,42.4,43.9,0.44,0.19,0.40
CSQR,2015-12-01 15:40:00 EST,43.32613,-76.10445,453,40.5,40.3,34.0,94.9,39.1,0.002,0.132,0.00,0.004,10.7,15.1,1.8,111,11,11.7,16.1,2.0,107,9,10.7,15.1,1.8,111,11,13,29.49,,0,0,0,40.4,42.4,43.8,0.44,0.19,0.40
CSQR,2015-12-01 15:45:00 EST,43.32613,-76.10445,453,40.5,40.4,34.6,94.9,39.2,0.000,0.132,0.00,0.002,9.2,15.0,1.8,114,10,10.0,16.3,2.1,110,9,9.2,15.0,1.8,114,10,11,29.49,,0,0,0,40.5,42.4,43.9,0.44,0.19,0.40
CSQR,2015-12-01 15:50:00 EST,43.32613,-76.10445,453,40.6,40.4,34.3,94.8,39.2,0.000,0.132,0.00,0.002,10.0,15.5,2.2,121,13,10.8,16.1,2.2,118,10,10.0,15.5,2.2,121,13,11,29.49,,0,0,0,40.5,42.4,43.9,0.44,0.19,0.40
CSQR,2015-12-01 15:55:00 EST,43.32613,-76.10445,453,40.6,40.4,34.4,94.8,39.2,0.000,0.132,0.00,0.002,9.9,14.5,1.8,121,9,10.5,15.2,1.8,119,9,9.9,14.5,1.8,121,9,10,29.49,,0,0,0,40.5,42.4,43.9,0.44,0.19,0.40
CSQR,2015-12-01 16:00:00 EST,43.32613,-76.10445,453,40.6,40.4,34.6,94.8,39.2,0.000,0.132,0.00,0.002,9.4,15.3,2.2,118,11,10.1,15.7,2.3,116,11,9.4,15.3,2.2,118,11,7,29.49,,0,0,0,40.6,42.4,43.9,0.44,0.19,0.40
CSQR,2015-12-01 16:05:00 EST,43.32613,-76.10445,453,40.6,40.5,34.0,95.0,39.3,0.013,0.145,0.31,0.015,10.9,15.6,1.9,111,11,11.9,17.9,2.2,108,10,10.9,15.6,1.9,111,11,8,29.49,,0,0,0,40.5,42.4,43.9,0.44,0.19,0.40
CSQR,2015-12-01 16:10:00 EST,43.32613,-76.10445,453,40.6,40.4,33.8,95.2,39.3,0.005,0.150,0.00,0.020,11.4,17.4,2.1,114,11,13.4,23.3,2.9,109,11,11.4,17.4,2.1,114,11,7,29.48,,0,0,0,40.6,42.4,43.9,0.44,0.19,0.40
CSQR,2015-12-01 16:15:00 EST,43.32613,-76.10445,453,40.6,40.5,33.8,95.4,39.4,0.005,0.155,0.00,0.025,11.4,15.3,1.7,109,8,13.6,19.0,2.2,105,6,11.4,15.3,1.7,109,8,5,29.48,,0,0,0,40.6,42.4,43.9,0.44,0.19,0.40
CSQR,2015-12-01 16:20:00 EST,43.32613,-76.10445,453,40.7,40.5,33.8,95.3,39.4,0.001,0.156,0.00,0.026,11.7,15.1,1.4,108,10,13.0,16.8,1.8,104,9,11.7,15.1,1.4,108,10,3,29.48,,0,0,0,40.6,42.4,43.9,0.44,0.19,0.40
CSQR,2015-12-01 16:25:00 EST,43.32613,-76.10445,453,40.7,40.6,33.6,95.2,39.4,0.004,0.159,0.00,0.030,12.4,19.9,2.2,108,9,13.8,22.4,2.4,104,7,12.4,19.9,2.2,108,9,2,29.48,,0,0,0,40.6,42.5,43.9,0.44,0.19,0.40
CSQR,2015-12-01 16:30:00 EST,43.32613,-76.10445,453,40.7,40.6,34.0,94.9,39.4,0.004,0.163,0.00,0.034,11.4,16.1,2.2,106,10,12.7,19.5,2.5,104,8,11.4,16.1,2.2,106,10,1,29.48,,0,0,0,40.6,42.4,43.9,0.44,0.19,0.40
CSQR,2015-12-01 16:35:00 EST,43.32613,-76.10445,453,40.7,40.6,34.1,95.3,39.5,0.002,0.165,0.00,0.036,11.1,15.7,2.0,110,10,12.4,17.7,2.3,108,8,11.1,15.7,2.0,110,10,1,29.48,,0,0,0,40.6,42.5,43.9,0.44,0.19,0.40
CSQR,2015-12-01 16:40:00 EST,43.32613,-76.10445,453,40.8,40.7,34.2,95.3,39.6,0.001,0.166,0.00,0.034,11.2,17.7,2.2,108,11,12.3,20.4,2.6,105,8,11.2,17.7,2.2,108,11,0,29.48,,0,0,0,40.6,42.5,43.9,0.44,0.19,0.40
CSQR,2015-12-01 16:45:00 EST,43.32613,-76.10445,453,40.9,40.8,34.2,94.9,39.5,0.002,0.168,0.00,0.036,11.4,15.9,1.9,106,10,12.8,17.9,2.1,103,7,11.4,15.9,1.9,106,10,0,29.47,,0,0,0,40.7,42.5,43.9,0.44,0.19,0.40
CSQR,2015-12-01 16:50:00 EST,43.32613,-76.10445,453,40.9,40.8,34.5,95.1,39.6,0.001,0.169,0.00,0.037,10.4,13.2,1.4,108,8,11.6,15.2,1.7,104,7,10.4,13.2,1.4,108,8,0,29.47,,0,0,0,40.6,42.5,43.9,0.44,0.20,0.40
CSQR,2015-12-01 16:55:00 EST,43.32613,-76.10445,453,40.9,40.8,34.2,95.1,39.6,0.000,0.169,0.00,0.037,11.3,17.0,2.2,107,12,12.3,17.9,2.3,104,9,11.3,17.0,2.2,107,12,0,29.47,,0,0,0,40.7,42.5,43.9,0.44,0.20,0.40
CSQR,2015-12-01 17:00:00 EST,43.32613,-76.10445,453,40.9,40.8,34.2,95.1,39.6,0.000,0.169,0.00,0.037,11.6,15.6,1.7,110,8,12.8,17.4,2.0,106,6,11.6,15.6,1.7,110,8,0,29.47,,0,0,0,40.6,42.5,43.9,0.44,0.20,0.40
CSQR,2015-12-01 17:05:00 EST,43.32613,-76.10445,453,41.0,40.9,34.6,94.9,39.7,0.000,0.169,0.00,0.024,10.8,15.9,2.1,108,10,11.9,18.8,2.2,106,8,10.8,15.9,2.1,108,10,0,29.47,,0,0,0,40.7,42.5,43.9,0.44,0.20,0.40
CSQR,2015-12-01 17:10:00 EST,43.32613,-76.10445,453,41.1,41.0,34.8,94.8,39.7,0.000,0.169,0.00,0.019,10.5,16.4,2.0,107,12,11.6,18.3,2.3,103,10,10.5,16.4,2.0,107,12,0,29.47,,0,0,0,40.7,42.5,43.9,0.44,0.20,0.40
CSQR,2015-12-01 17:15:00 EST,43.32613,-76.10445,453,41.1,41.0,34.9,94.9,39.7,0.000,0.169,0.00,0.014,10.2,15.1,1.5,104,10,11.3,17.0,1.9,101,7,10.2,15.1,1.5,104,10,0,29.47,,0,0,0,40.7,42.5,43.9,0.44,0.20,0.40
CSQR,2015-12-01 17:20:00 EST,43.32613,-76.10445,453,41.0,41.0,34.0,94.9,39.7,0.000,0.169,0.00,0.013,12.6,16.4,1.7,104,10,13.7,17.7,1.9,102,8,12.6,16.4,1.7,104,10,0,29.46,,0,0,0,40.7,42.5,43.9,0.44,0.19,0.40
CSQR,2015-12-01 17:25:00 EST,43.32613,-76.10445,453,41.0,40.9,34.0,94.7,39.6,0.000,0.169,0.00,0.010,12.2,17.2,2.2,103,11,13.5,19.9,2.7,100,8,12.2,17.2,2.2,103,11,0,29.46,,0,0,0,40.7,42.5,43.9,0.44,0.19,0.40
CSQR,2015-12-01 17:30:00 EST,43.32613,-76.10445,453,41.0,41.0,33.9,94.7,39.6,0.000,0.169,0.00,0.006,12.4,17.2,1.8,109,9,13.9,19.7,2.1,105,7,12.4,17.2,1.8,109,9,0,29.46,,0,0,0,40.8,42.5,43.9,0.44,0.19,0.40
CSQR,2015-12-01 17:35:00 EST,43.32613,-76.10445,453,41.0,41.0,34.1,94.8,39.7,0.000,0.169,0.00,0.004,12.2,17.5,1.9,105,10,13.4,19.5,2.2,102,7,12.2,17.5,1.9,105,10,0,29.46,,0,0,0,40.8,42.5,43.9,0.44,0.20,0.40
CSQR,2015-12-01 17:40:00 EST,43.32613,-76.10445,453,41.2,41.2,34.1,94.6,39.8,0.000,0.169,0.00,0.003,12.8,18.6,1.9,106,9,14.2,19.9,2.1,104,6,12.8,18.6,1.9,106,9,0,29.46,,0,0,0,40.8,42.5,43.9,0.44,0.20,0.40
CSQR,2015-12-01 17:45:00 EST,43.32613,-76.10445,453,41.3,41.2,34.9,94.5,39.8,0.000,0.169,0.00,0.001,10.8,15.6,1.9,105,10,12.0,16.8,2.1,103,7,10.8,15.6,1.9,105,10,0,29.46,,0,0,0,40.8,42.5,43.9,0.44,0.20,0.40
CSQR,2015-12-01 17:50:00 EST,43.32613,-76.10445,453,41.3,41.3,34.9,94.5,39.9,0.000,0.169,0.00,0.000,10.8,15.3,2.0,103,10,12.0,16.8,2.3,102,8,10.8,15.3,2.0,103,10,0,29.46,,0,0,0,40.8,42.5,43.9,0.44,0.20,0.40
CSQR,2015-12-01 17:55:00 EST,43.32613,-76.10445,453,41.3,41.3,35.1,94.6,39.8,0.000,0.169,0.00,0.000,10.3,14.0,1.7,108,10,11.5,16.3,2.1,105,7,10.3,14.0,1.7,108,10,0,29.46,,0,0,0,40.8,42.6,43.9,0.44,0.20,0.40
CSQR,2015-12-01 18:00:00 EST,43.32613,-76.10445,453,41.4,41.4,34.6,94.4,39.9,0.000,0.169,0.00,0.000,12.0,17.2,2.3,111,10,13.2,19.7,2.6,106,8,12.0,17.2,2.3,111,10,0,29.46,,0,0,0,40.8,42.6,43.9,0.44,0.19,0.40
CSQR,2015-12-01 18:05:00 EST,43.32613,-76.10445,453,41.5,41.4,34.8,94.0,39.9,0.000,0.169,0.00,0.000,11.7,15.7,2.1,114,10,12.8,17.0,2.1,110,8,11.7,15.7,2.1,114,10,0,29.46,,0,0,0,40.8,42.6,43.9,0.44,0.19,0.40
CSQR,2015-12-01 18:10:00 EST,43.32613,-76.10445,453,41.5,41.5,34.7,94.1,39.9,0.000,0.169,0.00,0.000,12.2,17.1,2.2,108,10,13.5,19.2,2.6,105,8,12.2,17.1,2.2,108,10,0,29.46,,0,0,0,40.8,42.6,43.9,0.44,0.20,0.40
CSQR,2015-12-01 18:15:00 EST,43.32613,-76.10445,453,41.6,41.6,34.5,93.9,40.0,0.000,0.169,0.00,0.000,13.1,18.3,2.3,108,10,14.5,21.0,2.6,106,6,13.1,18.3,2.3,108,10,0,29.45,,0,0,0,40.8,42.6,43.9,0.44,0.19,0.40
CSQR,2015-12-01 18:20:00 EST,43.32613,-76.10445,453,41.6,41.5,35.0,94.0,40.0,0.000,0.169,0.00,0.000,11.4,15.9,2.0,106,11,12.6,18.3,2.3,103,8,11.4,15.9,2.0,106,11,0,29.45,,0,0,0,40.8,42.6,43.9,0.44,0.19,0.40
CSQR,2015-12-01 18:25:00 EST,43.32613,-76.10445,453,41.7,41.7,34.9,94.0,40.1,0.000,0.169,0.00,0.000,12.3,16.7,1.8,107,10,13.7,19.5,2.1,104,9,12.3,16.7,1.8,107,10,0,29.46,,0,0,0,40.9,42.6,43.9,0.44,0.19,0.40
CSQR,2015-12-01 18:30:00 EST,43.32613,-76.10445,453,41.8,41.8,34.7,93.7,40.1,0.000,0.169,0.00,0.000,13.1,20.6,2.7,105,10,14.5,23.9,3.1,101,9,13.1,20.6,2.7,105,10,0,29.45,,0,0,0,40.8,42.6,43.9,0.44,0.19,0.40
CSQR,2015-12-01 18:35:00 EST,43.32613,-76.10445,453,41.8,41.7,35.3,93.5,40.1,0.000,0.169,0.00,0.000,11.6,16.5,2.1,103,10,12.9,18.6,2.5,100,9,11.6,16.5,2.1,103,10,0,29.45,,0,0,0,40.8,42.6,43.9,0.44,0.19,0.40
CSQR,2015-12-01 18:40:00 EST,43.32613,-76.10445,453,41.8,41.7,34.9,93.7,40.1,0.000,0.169,0.00,0.000,12.6,16.6,2.0,106,10,13.9,20.1,2.4,103,8,12.6,16.6,2.0,106,10,0,29.45,,0,0,0,40.8,42.6,43.9,0.44,0.19,0.40
CSQR,2015-12-01 18:45:00 EST,43.32613,-76.10445,453,41.9,41.8,34.4,93.6,40.2,0.000,0.169,0.00,0.000,14.5,19.5,2.4,109,9,16.0,21.7,2.7,106,7,14.5,19.5,2.4,109,9,0,29.45,,0,0,0,40.9,42.6,43.9,0.44,0.19,0.40
CSQR,2015-12-01 18:50:00 EST,43.32613,-76.10445,453,41.9,41.9,34.6,93.4,40.2,0.000,0.169,0.00,0.000,14.0,20.2,2.7,113,9,15.3,20.6,2.9,109,8,14.0,20.2,2.7,113,9,0,29.45,,0,0,0,40.9,42.6,43.9,0.44,0.19,0.40
CSQR,2015-12-01 18:55:00 EST,43.32613,-76.10445,453,42.0,41.9,35.0,93.5,40.3,0.000,0.169,0.00,0.000,13.2,18.6,2.2,111,11,14.4,22.6,2.8,108,10,13.2,18.6,2.2,111,11,0,29.45,,0,0,0,40.9,42.6,43.9,0.44,0.20,0.40
CSQR,2015-12-01 19:00:00 EST,43.32613,-76.10445,453,41.9,41.8,35.1,93.7,40.2,0.000,0.169,0.00,0.000,12.3,17.4,2.0,111,10,13.5,20.4,2.4,107,8,12.3,17.4,2.0,111,10,0,29.44,,0,0,0,41.0,42.6,43.9,0.44,0.19,0.40
CSQR,2015-12-01 19:05:00 EST,43.32613,-76.10445,453,42.0,41.9,35.0,93.5,40.2,0.000,0.169,0.00,0.000,13.0,19.0,2.0,111,11,14.2,20.4,2.2,107,9,13.0,19.0,2.0,111,11,0,29.44,,0,0,0,41.0,42.6,43.9,0.44,0.19,0.40
CSQR,2015-12-01 19:10:00 EST,43.32613,-76.10445,453,41.9,41.9,35.1,93.4,40.2,0.000,0.169,0.00,0.000,12.4,19.7,2.3,113,9,13.4,22.1,2.7,111,8,12.4,19.7,2.3,113,9,0,29.44,,0,0,0,41.0,42.6,43.9,0.44,0.19,0.40
CSQR,2015-12-01 19:15:00 EST,43.32613,-76.10445,453,42.0,42.0,35.6,93.5,40.3,0.000,0.169,0.00,0.000,11.2,17.0,2.0,109,11,12.3,19.2,2.4,105,9,11.2,17.0,2.0,109,11,0,29.44,,0,0,0,41.0,42.6,43.9,0.44,0.20,0.40
CSQR,2015-12-01 19:20:00 EST,43.32613,-76.10445,453,42.1,42.1,35.6,93.3,40.3,0.000,0.169,0.00,0.000,11.5,16.5,2.4,113,11,12.5,18.6,2.7,110,9,11.5,16.5,2.4,113,11,0,29.44,,0,0,0,41.0,42.6,43.9,0.44,0.19,0.40
CSQR,2015-12-01 19:25:00 EST,43.32613,-76.10445,453,42.1,42.1,36.2,93.2,40.3,0.000,0.169,0.00,0.000,10.2,16.3,2.0,117,11,11.1,16.8,2.2,114,11,10.2,16.3,2.0,117,11,0,29.44,,0,0,0,41.0,42.6,43.9,0.44,0.19,0.40
CSQR,2015-12-01 19:30:00 EST,43.32613,-76.10445,453,42.1,42.1,36.2,93.3,40.3,0.000,0.169,0.00,0.000,10.0,17.8,2.5,112,10,10.8,19.7,2.8,110,9,10.0,17.8,2.5,112,10,0,29.44,,0,0,0,41.0,42.6,43.9,0.44,0.19,0.40
CSQR,2015-12-01 19:35:00 EST,43.32613,-76.10445,453,42.2,42.1,35.9,93.2,40.4,0.000,0.169,0.00,0.000,11.1,17.0,2.3,114,11,12.1,19.7,2.7,112,9,11.1,17.0,2.3,114,11,0,29.44,,0,0,0,41.0,42.7,43.9,0.44,0.19,0.40
CSQR,2015-12-01 19:40:00 EST,43.32613,-76.10445,453,42.2,42.2,36.4,93.1,40.4,0.000,0.169,0.00,0.000,9.8,15.1,2.2,111,10,10.6,16.6,2.5,107,10,9.8,15.1,2.2,111,10,0,29.44,,0,0,0,41.0,42.6,43.9,0.44,0.19,0.40
CSQR,2015-12-01 19:45:00 EST,43.32613,-76.10445,453,42.3,42.3,36.2,93.1,40.4,0.000,0.169,0.00,0.000,10.8,15.1,1.8,106,12,11.9,16.6,2.2,105,11,10.8,15.1,1.8,106,12,0,29.43,,0,0,0,41.0,42.6,43.9,0.44,0.20,0.40
CSQR,2015-12-01 19:50:00 EST,43.32613,-76.10445,453,42.3,42.3,36.2,92.9,40.4,0.000,0.169,0.00,0.000,10.8,17.2,2.3,104,13,11.8,19.2,2.6,102,10,10.8,17.2,2.3,104,13,0,29.43,,0,0,0,41.0,42.6,43.9,0.44,0.20,0.40
CSQR,2015-12-01 19:55:00 EST,43.32613,-76.10445,453,42.4,42.3,36.6,92.8,40.4,0.000,0.169,0.00,0.000,10.1,14.6,1.7,105,12,11.0,17.4,2.1,103,10,10.1,14.6,1.7,105,12,0,29.43,,0,0,0,41.0,42.6,43.9,0.44,0.20,0.40
CSQR,2015-12-01 20:00:00 EST,43.32613,-76.10445,453,42.4,42.4,36.5,92.7,40.4,0.000,0.169,0.00,0.000,10.2,15.7,2.0,109,10,11.0,17.7,2.4,106,8,10.2,15.7,2.0,109,10,0,29.43,,0,0,0,41.0,42.7,43.9,0.44,0.20,0.40
CSQR,2015-12-01 20:05:00 EST,43.32613,-76.10445,453,42.3,42.3,36.4,93.1,40.5,0.000,0.169,0.00,0.000,10.3,14.7,2.4,112,10,11.1,17.0,2.8,110,9,10.3,14.7,2.4,112,10,0,29.43,,0,0,0,41.1,42.7,43.9,0.44,0.20,0.40
CSQR,2015-12-01 20:10:00 EST,43.32613,-76.10445,453,42.5,42.5,36.2,92.7,40.5,0.000,0.169,0.00,0.000,11.3,16.1,2.1,106,11,12.1,17.7,2.6,104,9,11.3,16.1,2.1,106,11,0,29.43,,0,0,0,41.1,42.6,43.9,0.44,0.20,0.40
CSQR,2015-12-01 20:15:00 EST,43.32613,-76.10445,453,42.5,42.4,37.0,92.8,40.5,0.000,0.169,0.00,0.000,9.2,12.9,1.6,111,9,9.9,14.8,1.8,108,9,9.2,12.9,1.6,111,9,0,29.43,,0,0,0,41.1,42.7,43.9,0.44,0.20,0.40
CSQR,2015-12-01 20:20:00 EST,43.32613,-76.10445,453,42.5,42.5,36.5,92.7,40.5,0.000,0.169,0.00,0.000,10.6,15.2,1.7,116,13,11.3,17.4,2.1,113,11,10.6,15.2,1.7,116,13,0,29.43,,0,0,0,41.1,42.7,43.9,0.44,0.20,0.40
CSQR,2015-12-01 20:25:00 EST,43.32613,-76.10445,453,42.6,42.6,36.7,92.6,40.6,0.000,0.169,0.00,0.000,10.3,15.3,1.7,110,10,11.0,17.9,2.1,107,8,10.3,15.3,1.7,110,10,0,29.43,,0,0,0,41.1,42.7,43.9,0.44,0.20,0.40
CSQR,2015-12-01 20:30:00 EST,43.32613,-76.10445,453,42.7,42.7,36.9,92.6,40.7,0.000,0.169,0.00,0.000,10.1,14.5,1.8,113,9,10.9,16.6,2.2,112,9,10.1,14.5,1.8,113,9,0,29.43,,0,0,0,41.1,42.7,43.9,0.44,0.20,0.40
CSQR,2015-12-01 20:35:00 EST,43.32613,-76.10445,453,42.6,42.6,37.2,92.6,40.6,0.000,0.169,0.00,0.000,9.4,14.0,1.9,116,11,10.0,15.7,2.1,112,11,9.4,14.0,1.9,116,11,0,29.43,,0,0,0,41.2,42.7,43.9,0.44,0.20,0.40
CSQR,2015-12-01 20:40:00 EST,43.32613,-76.10445,453,42.5,42.5,37.3,92.8,40.6,0.000,0.169,0.00,0.000,8.8,14.3,1.6,113,9,9.4,16.8,1.9,110,9,8.8,14.3,1.6,113,9,0,29.43,,0,0,0,41.2,42.7,43.9,0.44,0.20,0.40
CSQR,2015-12-01 20:45:00 EST,43.32613,-76.10445,453,42.5,42.5,37.3,92.9,40.6,0.000,0.169,0.00,0.000,8.9,13.0,1.5,116,10,9.4,14.1,1.7,113,10,8.9,13.0,1.5,116,10,0,29.43,,0,0,0,41.2,42.7,43.9,0.44,0.20,0.40
CSQR,2015-12-01 20:50:00 EST,43.32613,-76.10445,453,42.6,42.6,37.2,92.9,40.7,0.000,0.169,0.00,0.000,9.2,14.4,1.9,115,11,9.9,17.0,2.2,112,10,9.2,14.4,1.9,115,11,0,29.43,,0,0,0,41.2,42.7,43.9,0.44,0.20,0.40
CSQR,2015-12-01 20:55:00 EST,43.32613,-76.10445,453,42.8,42.8,37.3,92.4,40.7,0.000,0.169,0.00,0.000,9.5,14.5,1.7,110,10,10.1,15.9,2.1,107,9,9.5,14.5,1.7,110,10,0,29.42,,0,0,0,41.2,42.7,43.9,0.44,0.20,0.40
CSQR,2015-12-01 21:00:00 EST,43.32613,-76.10445,453,42.8,42.8,37.5,92.5,40.7,0.000,0.169,0.00,0.000,9.1,14.1,1.9,110,10,9.7,15.2,2.1,107,10,9.1,14.1,1.9,110,10,0,29.42,,0,0,0,41.2,42.7,43.9,0.44,0.20,0.40
CSQR,2015-12-01 21:05:00 EST,43.32613,-76.10445,453,42.9,42.9,36.9,92.4,40.8,0.000,0.169,0.00,0.000,10.8,15.1,1.9,107,8,11.6,17.0,2.2,104,8,10.8,15.1,1.9,107,8,0,29.42,,0,0,0,41.2,42.8,43.9,0.44,0.20,0.40
CSQR,2015-12-01 21:10:00 EST,43.32613,-76.10445,453,42.9,42.9,37.3,92.2,40.8,0.000,0.169,0.00,0.000,9.9,14.0,1.8,103,10,10.7,15.4,2.0,101,8,9.9,14.0,1.8,103,10,0,29.42,,0,0,0,41.2,42.7,43.9,0.44,0.20,0.40
CSQR,2015-12-01 21:15:00 EST,43.32613,-76.10445,453,43.0,43.0,37.5,92.0,40.8,0.000,0.169,0.00,0.000,9.7,14.1,1.9,103,9,10.5,18.3,2.4,100,8,9.7,14.1,1.9,103,9,0,29.42,,0,0,0,41.3,42.8,43.9,0.44,0.20,0.40
CSQR,2015-12-01 21:20:00 EST,43.32613,-76.10445,453,43.0,43.1,37.4,91.8,40.8,0.000,0.169,0.00,0.000,9.9,13.2,1.7,99,12,10.8,15.2,1.9,98,11,9.9,13.2,1.7,99,12,0,29.41,,0,0,0,41.3,42.8,43.9,0.44,0.20,0.40
CSQR,2015-12-01 21:25:00 EST,43.32613,-76.10445,453,43.0,43.0,38.0,91.4,40.6,0.000,0.169,0.00,0.000,8.3,13.2,2.1,103,9,9.0,14.8,2.3,101,8,8.3,13.2,2.1,103,9,0,29.41,,0,0,0,41.3,42.8,43.9,0.44,0.20,0.40
CSQR,2015-12-01 21:30:00 EST,43.32613,-76.10445,453,43.0,43.0,37.5,91.4,40.6,0.000,0.169,0.00,0.000,9.6,14.2,2.0,103,10,10.5,17.7,2.5,101,9,9.6,14.2,2.0,103,10,0,29.41,,0,0,0,41.3,42.8,43.9,0.44,0.20,0.40
CSQR,2015-12-01 21:35:00 EST,43.32613,-76.10445,453,42.9,42.9,37.5,91.6,40.6,0.000,0.169,0.00,0.000,9.3,13.3,2.1,104,10,10.0,15.0,2.4,101,8,9.3,13.3,2.1,104,10,0,29.40,,0,0,0,41.3,42.8,43.9,0.44,0.20,0.40
CSQR,2015-12-01 21:40:00 EST,43.32613,-76.10445,453,43.0,43.1,37.5,91.3,40.7,0.000,0.169,0.00,0.000,9.9,13.7,2.0,108,10,10.6,15.7,2.3,106,8,9.9,13.7,2.0,108,10,0,29.40,,0,0,0,41.3,42.8,43.9,0.44,0.20,0.40
CSQR,2015-12-01 21:45:00 EST,43.32613,-76.10445,453,43.0,43.0,38.1,91.5,40.7,0.000,0.169,0.00,0.000,8.4,12.2,1.9,109,10,9.0,13.2,2.1,106,8,8.4,12.2,1.9,109,10,0,29.40,,0,0,0,41.3,42.8,43.9,0.44,0.20,0.40
CSQR,2015-12-01 21:50:00 EST,43.32613,-76.10445,453,43.0,43.1,37.8,91.4,40.7,0.000,0.169,0.00,0.000,9.1,13.4,1.9,108,11,9.9,15.7,2.1,105,11,9.1,13.4,1.9,108,11,0,29.40,,0,0,0,41.3,42.8,43.9,0.44,0.20,0.40
CSQR,2015-12-01 21:55:00 EST,43.32613,-76.10445,453,43.1,43.1,37.7,91.0,40.7,0.000,0.169,0.00,0.000,9.6,13.5,1.4,104,10,10.3,14.5,1.6,101,8,9.6,13.5,1.4,104,10,0,29.40,,0,0,0,41.3,42.8,43.9,0.44,0.20,0.40
CSQR,2015-12-01 22:00:00 EST,43.32613,-76.10445,453,43.2,43.1,38.5,91.1,40.7,0.000,0.169,0.00,0.000,7.9,11.2,1.7,108,11,8.5,12.5,1.9,105,10,7.9,11.2,1.7,108,11,0,29.40,,0,0,0,41.3,42.8,43.9,0.44,0.20,0.40
CSQR,2015-12-01 22:05:00 EST,43.32613,-76.10445,453,43.2,43.2,38.4,91.4,40.9,0.000,0.169,0.00,0.000,8.1,12.4,1.4,112,10,8.6,13.2,1.5,109,9,8.1,12.4,1.4,112,10,0,29.40,,0,0,0,41.3,42.8,43.9,0.44,0.20,0.41
CSQR,2015-12-01 22:10:00 EST,43.32613,-76.10445,453,43.3,43.3,38.4,91.3,40.9,0.000,0.169,0.00,0.000,8.3,11.8,1.7,112,11,9.0,14.5,2.0,109,11,8.3,11.8,1.7,112,11,0,29.40,,0,0,0,41.4,42.8,43.9,0.44,0.20,0.40
CSQR,2015-12-01 22:15:00 EST,43.32613,-76.10445,453,43.3,43.3,38.4,91.2,40.9,0.000,0.169,0.00,0.000,8.4,11.8,1.3,119,9,9.0,13.2,1.4,116,9,8.4,11.8,1.3,119,9,0,29.40,,0,0,0,41.4,42.8,43.9,0.44,0.20,0.40
CSQR,2015-12-01 22:20:00 EST,43.32613,-76.10445,453,43.4,43.3,38.3,90.9,40.9,0.000,0.169,0.00,0.000,8.8,12.7,1.7,116,11,9.3,13.9,2.0,114,10,8.8,12.7,1.7,116,11,0,29.40,,0,0,0,41.4,42.8,43.9,0.44,0.20,0.40
CSQR,2015-12-01 22:25:00 EST,43.32613,-76.10445,453,43.3,43.3,39.5,91.0,40.9,0.000,0.169,0.00,0.000,6.4,9.9,1.4,129,14,6.9,10.1,1.5,128,13,6.4,9.9,1.4,129,14,0,29.40,,0,0,0,41.4,42.8,43.9,0.44,0.20,0.40
CSQR,2015-12-01 22:30:00 EST,43.32613,-76.10445,453,43.2,43.2,40.0,91.7,41.0,0.000,0.169,0.00,0.000,5.4,8.9,1.5,132,16,5.8,9.8,1.7,131,16,5.4,8.9,1.5,132,16,0,29.41,,0,0,0,41.4,42.8,43.9,0.44,0.20,0.40
CSQR,2015-12-01 22:35:00 EST,43.32613,-76.10445,453,43.0,43.0,40.3,92.9,41.1,0.006,0.175,0.00,0.006,4.7,8.3,1.1,133,14,5.1,9.6,1.3,131,13,4.7,8.3,1.1,133,14,0,29.41,,0,0,0,41.4,42.8,43.9,0.44,0.20,0.40
CSQR,2015-12-01 22:40:00 EST,43.32613,-76.10445,453,43.1,43.0,38.5,93.4,41.3,0.005,0.180,0.00,0.011,7.7,14.0,2.3,123,12,8.4,16.1,2.7,120,11,7.7,14.0,2.3,123,12,0,29.40,,0,0,0,41.5,42.8,43.9,0.44,0.20,0.40
CSQR,2015-12-01 22:45:00 EST,43.32613,-76.10445,453,43.0,42.9,38.2,93.7,41.3,0.000,0.180,0.00,0.011,8.2,12.7,1.9,115,10,9.0,14.8,2.1,111,8,8.2,12.7,1.9,115,10,0,29.40,,0,0,0,41.5,42.8,43.9,0.44,0.20,0.41
CSQR,2015-12-01 22:50:00 EST,43.32613,-76.10445,453,43.0,42.9,37.1,94.1,41.4,0.002,0.182,0.00,0.013,10.8,14.3,1.5,113,10,11.4,16.8,1.9,110,8,10.8,14.3,1.5,113,10,0,29.39,,0,0,0,41.5,42.8,43.9,0.44,0.20,0.40
CSQR,2015-12-01 22:55:00 EST,43.32613,-76.10445,453,42.9,42.8,38.1,94.8,41.5,0.001,0.183,0.00,0.014,8.1,11.8,1.3,110,9,8.9,13.4,1.6,106,8,8.1,11.8,1.3,110,9,0,29.39,,0,0,0,41.5,42.8,43.9,0.44,0.20,0.40
CSQR,2015-12-01 23:00:00 EST,43.32613,-76.10445,453,42.9,42.8,37.6,95.0,41.6,0.000,0.183,0.00,0.014,9.2,13.5,1.5,108,11,9.9,13.9,1.6,103,9,9.2,13.5,1.5,108,11,0,29.39,,0,0,0,41.5,42.8,43.9,0.44,0.20,0.40
CSQR,2015-12-01 23:05:00 EST,43.32613,-76.10445,453,42.9,42.8,38.2,94.9,41.6,0.000,0.183,0.00,0.014,7.9,13.8,1.7,106,11,8.7,13.9,1.9,102,10,7.9,13.8,1.7,106,11,0,29.40,,0,0,0,41.5,42.8,43.9,0.44,0.20,0.40
CSQR,2015-12-01 23:10:00 EST,43.32613,-76.10445,453,43.0,43.0,37.5,95.1,41.7,0.000,0.183,0.00,0.014,9.8,14.5,2.0,111,12,10.5,15.7,2.1,106,11,9.8,14.5,2.0,111,12,0,29.39,,0,0,0,41.6,42.8,43.9,0.44,0.20,0.40
CSQR,2015-12-01 23:15:00 EST,43.32613,-76.10445,453,43.1,43.0,38.8,94.9,41.7,0.000,0.183,0.00,0.014,7.1,9.5,1.0,121,11,7.5,11.4,1.3,118,12,7.1,9.5,1.0,121,11,0,29.40,,0,0,0,41.6,42.9,43.9,0.44,0.20,0.40
CSQR,2015-12-01 23:20:00 EST,43.32613,-76.10445,453,43.0,42.9,39.4,95.3,41.8,0.000,0.183,0.00,0.014,5.9,9.5,1.4,123,11,6.1,10.1,1.4,121,11,5.9,9.5,1.4,123,11,0,29.40,,0,0,0,41.6,42.8,44.0,0.44,0.20,0.41
CSQR,2015-12-01 23:25:00 EST,43.32613,-76.10445,453,43.1,43.0,39.1,95.4,41.9,0.000,0.183,0.00,0.014,6.6,10.9,1.4,119,11,7.0,11.6,1.5,117,11,6.6,10.9,1.4,119,11,0,29.40,,0,0,0,41.7,42.8,44.0,0.44,0.20,0.40
CSQR,2015-12-01 23:30:00 EST,43.32613,-76.10445,453,43.2,43.1,40.0,95.4,41.9,0.000,0.183,0.00,0.014,5.3,8.7,1.5,128,12,5.8,10.1,1.6,127,11,5.3,8.7,1.5,128,12,0,29.40,,0,0,0,41.7,42.8,43.9,0.44,0.20,0.40
CSQR,2015-12-01 23:35:00 EST,43.32613,-76.10445,453,43.2,43.1,39.6,95.6,42.0,0.000,0.183,0.00,0.008,5.9,8.0,1.0,120,11,6.3,8.9,1.1,119,12,5.9,8.0,1.0,120,11,0,29.40,,0,0,0,41.7,42.8,44.0,0.44,0.20,0.40
CSQR,2015-12-01 23:40:00 EST,43.32613,-76.10445,453,43.2,43.0,39.3,95.6,42.0,0.000,0.183,0.00,0.003,6.3,9.1,1.7,115,8,6.6,9.8,1.8,112,7,6.3,9.1,1.7,115,8,0,29.39,,0,0,0,41.7,42.9,44.0,0.44,0.20,0.41
CSQR,2015-12-01 23:45:00 EST,43.32613,-76.10445,453,43.1,43.0,39.2,96.1,42.0,0.000,0.183,0.00,0.003,6.3,8.8,1.1,115,9,6.7,9.2,1.2,112,10,6.3,8.8,1.1,115,9,0,29.39,,0,0,0,41.7,42.9,44.0,0.44,0.20,0.40
CSQR,2015-12-01 23:50:00 EST,43.32613,-76.10445,453,43.1,43.0,38.8,96.3,42.1,0.003,0.186,0.00,0.004,7.1,9.1,1.1,108,9,7.7,11.4,1.3,105,8,7.1,9.1,1.1,108,9,0,29.39,,0,0,0,41.7,42.9,43.9,0.44,0.20,0.41
CSQR,2015-12-01 23:55:00 EST,43.32613,-76.10445,453,43.1,43.0,38.2,96.4,42.2,0.002,0.188,0.00,0.005,8.5,11.4,1.2,109,9,9.2,12.1,1.4,104,8,8.5,11.4,1.2,109,9,0,29.39,,0,0,0,41.8,42.9,44.0,0.44,0.20,0.40
JORD,2015-12-01 00:00:00 EST,43.06980,-76.47006,402,31.6,34.3,31.6,82.5,26.9,0.000,0.000,0.00,0.000,2.9,3.8,0.3,103,6,3.2,4.5,0.4,104,7,2.9,3.8,0.3,103,6,0,29.83,,0,0,0,40.3,43.1,45.7,0.33,0.30,0.29
JORD,2015-12-01 00:05:00 EST,43.06980,-76.47006,402,31.4,33.9,31.4,83.3,26.9,0.000,0.000,0.00,0.000,2.3,2.7,0.2,117,5,2.4,2.9,0.2,122,6,2.3,2.7,0.2,117,5,0,29.83,,0,0,0,40.3,43.1,45.7,0.33,0.30,0.29
JORD,2015-12-01 00:10:00 EST,43.06980,-76.47006,402,31.5,33.9,31.5,83.0,27.0,0.000,0.000,0.00,0.000,2.3,2.9,0.3,110,6,2.5,3.4,0.3,114,8,2.3,2.9,0.3,110,6,0,29.82,,0,0,0,40.3,43.1,45.7,0.33,0.30,0.29
JORD,2015-12-01 00:15:00 EST,43.06980,-76.47006,402,31.7,33.7,31.7,83.2,27.2,0.000,0.000,0.00,0.000,2.2,3.3,0.3,102,6,2.4,3.8,0.4,105,9,2.2,3.3,0.3,102,6,0,29.82,,0,0,0,40.3,43.1,45.7,0.33,0.30,0.29
JORD,2015-12-01 00:20:00 EST,43.06980,-76.47006,402,31.7,34.0,31.7,83.2,27.2,0.000,0.000,0.00,0.000,2.3,3.2,0.4,110,9,2.5,4.0,0.5,113,12,2.3,3.2,0.4,110,9,0,29.82,,0,0,0,40.3,43.1,45.7,0.33,0.30,0.29
JORD,2015-12-01 00:25:00 EST,43.06980,-76.47006,402,32.6,34.4,32.6,81.3,27.5,0.000,0.000,0.00,0.000,2.5,4.1,0.5,115,11,2.7,5.1,0.6,117,11,2.5,4.1,0.5,115,11,0,29.82,,0,0,0,40.2,43.1,45.7,0.33,0.30,0.29
JORD,2015-12-01 00:30:00 EST,43.06980,-76.47006,402,33.8,34.5,33.8,76.8,27.3,0.000,0.000,0.00,0.000,2.8,3.9,0.4,129,9,3.1,4.9,0.6,130,8,2.8,3.9,0.4,129,9,0,29.82,,0,0,0,40.2,43.1,45.7,0.33,0.30,0.29
JORD,2015-12-01 00:35:00 EST,43.06980,-76.47006,402,33.9,34.5,31.4,75.0,26.8,0.000,0.000,0.00,0.000,3.1,3.7,0.2,122,11,3.3,4.3,0.4,122,10,3.1,3.7,0.2,122,11,0,29.81,,0,0,0,40.2,43.1,45.7,0.33,0.30,0.29
JORD,2015-12-01 00:40:00 EST,43.06980,-76.47006,402,33.7,34.7,33.7,75.1,26.6,0.000,0.000,0.00,0.000,2.6,3.9,0.5,101,8,2.8,4.0,0.5,102,9,2.6,3.9,0.5,101,8,0,29.81,,0,0,0,40.2,43.1,45.7,0.33,0.30,0.29
JORD,2015-12-01 00:45:00 EST,43.06980,-76.47006,402,33.5,34.8,33.5,76.4,26.9,0.000,0.000,0.00,0.000,1.8,2.4,0.3,102,8,2.1,3.4,0.3,104,10,1.8,2.4,0.3,102,8,0,29.81,,0,0,0,40.2,43.0,45.7,0.33,0.30,0.29
JORD,2015-12-01 00:50:00 EST,43.06980,-76.47006,402,33.8,35.0,33.8,75.2,26.8,0.000,0.000,0.00,0.000,1.8,3.4,0.5,89,12,2.1,4.0,0.6,91,13,1.8,3.4,0.5,89,12,0,29.80,,0,0,0,40.2,43.1,45.7,0.33,0.30,0.29
JORD,2015-12-01 00:55:00 EST,43.06980,-76.47006,402,33.6,34.8,33.6,75.2,26.6,0.000,0.000,0.00,0.000,1.7,3.7,0.6,90,17,2.1,4.3,0.7,90,17,1.7,3.7,0.6,90,17,0,29.80,,0,0,0,40.2,43.0,45.7,0.33,0.30,0.29
JORD,2015-12-01 01:00:00 EST,43.06980,-76.47006,402,33.7,34.9,33.7,76.0,26.9,0.000,0.000,0.00,0.000,2.0,3.8,0.7,105,18,2.2,4.9,0.8,106,18,2.0,3.8,0.7,105,18,0,29.80,,0,0,0,40.1,43.0,45.6,0.33,0.30,0.29
JORD,2015-12-01 01:05:00 EST,43.06980,-76.47006,402,34.8,35.2,34.8,73.7,27.2,0.000,0.000,0.00,0.000,1.4,2.6,0.5,128,26,1.9,2.9,0.5,130,27,1.4,2.6,0.5,128,26,0,29.80,,0,0,0,40.1,43.0,45.7,0.33,0.30,0.29
JORD,2015-12-01 01:10:00 EST,43.06980,-76.47006,402,35.2,35.3,35.2,72.8,27.3,0.000,0.000,0.00,0.000,2.2,3.6,0.7,138,18,2.6,4.3,0.7,137,17,2.2,3.6,0.7,138,18,0,29.80,,0,0,0,40.1,43.0,45.6,0.33,0.30,0.29
JORD,2015-12-01 01:15:00 EST,43.06980,-76.47006,402,35.3,35.6,35.3,71.2,26.9,0.000,0.000,0.00,0.000,2.6,3.7,0.5,123,10,2.9,4.9,0.6,125,8,2.6,3.7,0.5,123,10,0,29.80,,0,0,0,40.1,43.0,45.7,0.33,0.30,0.29
JORD,2015-12-01 01:20:00 EST,43.06980,-76.47006,402,35.5,35.7,35.5,70.6,26.9,0.000,0.000,0.00,0.000,2.5,3.6,0.4,100,9,2.8,4.5,0.5,101,10,2.5,3.6,0.4,100,9,0,29.80,,0,0,0,40.1,43.0,45.6,0.33,0.30,0.29
JORD,2015-12-01 01:25:00 EST,43.06980,-76.47006,402,35.7,35.8,35.7,70.4,27.0,0.000,0.000,0.00,0.000,2.2,3.4,0.5,115,19,2.4,3.6,0.5,115,19,2.2,3.4,0.5,115,19,0,29.81,,0,0,0,40.1,43.0,45.7,0.33,0.30,0.29
JORD,2015-12-01 01:30:00 EST,43.06980,-76.47006,402,35.6,35.8,35.6,71.7,27.3,0.000,0.000,0.00,0.000,2.6,3.6,0.4,79,7,3.0,4.3,0.5,80,8,2.6,3.6,0.4,79,7,0,29.80,,0,0,0,40.1,43.0,45.7,0.33,0.30,0.29
JORD,2015-12-01 01:35:00 EST,43.06980,-76.47006,402,35.5,36.0,35.5,71.8,27.3,0.000,0.000,0.00,0.000,2.7,3.8,0.4,74,7,3.1,4.5,0.5,74,7,2.7,3.8,0.4,74,7,0,29.80,,0,0,0,40.1,43.0,45.7,0.33,0.30,0.29
JORD,2015-12-01 01:40:00 EST,43.06980,-76.47006,402,35.8,36.1,35.8,70.2,27.0,0.000,0.000,0.00,0.000,2.6,3.9,0.5,72,9,3.1,5.1,0.7,71,10,2.6,3.9,0.5,72,9,0,29.80,,0,0,0,40.1,43.0,45.7,0.33,0.30,0.29
JORD,2015-12-01 01:45:00 EST,43.06980,-76.47006,402,35.9,36.1,35.9,69.6,27.0,0.000,0.000,0.00,0.000,2.4,3.9,0.5,91,13,2.7,4.7,0.6,91,13,2.4,3.9,0.5,91,13,0,29.80,,0,0,0,40.1,43.0,45.7,0.33,0.30,0.29
JORD,2015-12-01 01:50:00 EST,43.06980,-76.47006,402,36.0,36.1,36.0,69.3,26.9,0.000,0.000,0.00,0.000,2.3,4.2,0.5,90,8,2.6,4.9,0.6,90,9,2.3,4.2,0.5,90,8,0,29.80,,0,0,0,40.1,43.0,45.6,0.33,0.30,0.29
JORD,2015-12-01 01:55:00 EST,43.06980,-76.47006,402,36.0,36.1,36.0,69.5,27.0,0.000,0.000,0.00,0.000,1.5,2.5,0.5,83,9,2.0,3.6,0.5,87,11,1.5,2.5,0.5,83,9,0,29.80,,0,0,0,40.1,43.0,45.7,0.33,0.30,0.29
JORD,2015-12-01 02:00:00 EST,43.06980,-76.47006,402,36.2,36.2,36.2,68.8,26.9,0.000,0.000,0.00,0.000,1.8,2.8,0.5,96,11,2.2,3.6,0.5,99,12,1.8,2.8,0.5,96,11,0,29.80,,0,0,0,40.1,43.0,45.6,0.33,0.30,0.29
JORD,2015-12-01 02:05:00 EST,43.06980,-76.47006,402,36.3,36.3,36.3,68.6,26.9,0.000,0.000,0.00,0.000,2.2,3.7,0.7,87,12,2.6,4.3,0.8,89,14,2.2,3.7,0.7,87,12,0,29.80,,0,0,0,40.1,43.0,45.6,0.33,0.30,0.29
JORD,2015-12-01 02:10:00 EST,43.06980,-76.47006,402,36.4,36.4,36.4,68.9,27.1,0.000,0.000,0.00,0.000,2.5,3.6,0.5,87,10,2.8,4.3,0.6,88,10,2.5,3.6,0.5,87,10,0,29.80,,0,0,0,40.1,43.0,45.6,0.33,0.30,0.29
JORD,2015-12-01 02:15:00 EST,43.06980,-76.47006,402,36.5,36.5,36.5,68.9,27.2,0.000,0.000,0.00,0.000,2.4,4.2,0.6,86,12,2.7,4.7,0.7,86,13,2.4,4.2,0.6,86,12,0,29.80,,0,0,0,40.1,43.0,45.6,0.33,0.30,0.29
JORD,2015-12-01 02:20:00 EST,43.06980,-76.47006,402,36.4,36.4,36.4,69.3,27.3,0.000,0.000,0.00,0.000,2.6,5.3,0.9,85,12,3.1,6.3,1.0,86,12,2.6,5.3,0.9,85,12,0,29.80,,0,0,0,40.1,43.0,45.6,0.33,0.30,0.29
JORD,2015-12-01 02:25:00 EST,43.06980,-76.47006,402,36.5,36.5,36.5,69.5,27.4,0.000,0.000,0.00,0.000,2.5,5.2,0.7,81,7,2.9,6.7,0.9,82,9,2.5,5.2,0.7,81,7,0,29.79,,0,0,0,40.1,43.0,45.6,0.33,0.30,0.29
JORD,2015-12-01 02:30:00 EST,43.06980,-76.47006,402,36.4,36.4,36.4,70.1,27.6,0.000,0.000,0.00,0.000,2.1,3.9,0.8,66,12,2.5,5.8,0.9,67,14,2.1,3.9,0.8,66,12,0,29.79,,0,0,0,40.1,43.0,45.6,0.33,0.30,0.29
JORD,2015-12-01 02:35:00 EST,43.06980,-76.47006,402,36.5,36.5,33.6,68.7,27.2,0.000,0.000,0.00,0.000,3.7,5.2,0.9,74,14,4.2,6.3,1.0,75,14,3.7,5.2,0.9,74,14,0,29.79,,0,0,0,40.1,43.0,45.6,0.33,0.30,0.29
JORD,2015-12-01 02:40:00 EST,43.06980,-76.47006,402,36.5,36.4,34.1,68.9,27.3,0.000,0.000,0.00,0.000,3.3,5.5,0.7,73,11,3.6,6.9,1.0,74,10,3.3,5.5,0.7,73,11,0,29.79,,0,0,0,40.1,43.0,45.6,0.33,0.30,0.29
JORD,2015-12-01 02:45:00 EST,43.06980,-76.47006,402,36.5,36.4,36.5,68.9,27.3,0.000,0.000,0.00,0.000,2.8,3.9,0.5,80,11,3.2,4.9,0.6,80,11,2.8,3.9,0.5,80,11,0,29.79,,0,0,0,40.1,43.0,45.6,0.33,0.30,0.29
JORD,2015-12-01 02:50:00 EST,43.06980,-76.47006,402,36.6,36.5,36.6,69.0,27.4,0.000,0.000,0.00,0.000,2.7,4.8,0.7,71,16,3.1,5.4,0.9,73,16,2.7,4.8,0.7,71,16,0,29.78,,0,0,0,40.1,43.0,45.6,0.33,0.30,0.29
JORD,2015-12-01 02:55:00 EST,43.06980,-76.47006,402,36.6,36.5,36.6,69.0,27.4,0.000,0.000,0.00,0.000,3.0,4.8,0.9,76,14,3.4,5.6,1.0,77,14,3.0,4.8,0.9,76,14,0,29.78,,0,0,0,40.1,43.0,45.6,0.33,0.30,0.29
JORD,2015-12-01 03:00:00 EST,43.06980,-76.47006,402,36.6,36.6,36.6,69.9,27.7,0.000,0.000,0.00,0.000,2.1,3.3,0.7,81,13,2.4,4.3,0.7,81,13,2.1,3.3,0.7,81,13,0,29.78,,0,0,0,40.1,43.0,45.6,0.33,0.30,0.29
JORD,2015-12-01 03:05:00 EST,43.06980,-76.47006,402,36.7,36.6,36.7,69.1,27.5,0.000,0.000,0.00,0.000,2.2,3.5,0.5,76,12,2.6,4.3,0.6,76,13,2.2,3.5,0.5,76,12,0,29.78,,0,0,0,40.1,43.0,45.6,0.33,0.30,0.29
JORD,2015-12-01 03:10:00 EST,43.06980,-76.47006,402,36.8,36.7,36.8,68.9,27.5,0.000,0.000,0.00,0.000,2.4,3.4,0.4,81,11,2.8,4.0,0.6,81,12,2.4,3.4,0.4,81,11,0,29.78,,0,0,0,40.1,43.0,45.6,0.33,0.30,0.29
JORD,2015-12-01 03:15:00 EST,43.06980,-76.47006,402,36.9,36.8,36.9,69.4,27.8,0.000,0.000,0.00,0.000,2.9,5.0,0.7,93,12,3.3,5.8,0.8,94,11,2.9,5.0,0.7,93,12,0,29.78,,0,0,0,40.1,43.0,45.6,0.33,0.30,0.29
JORD,2015-12-01 03:20:00 EST,43.06980,-76.47006,402,37.0,37.0,34.2,68.9,27.8,0.000,0.000,0.00,0.000,3.7,4.9,0.5,86,10,4.0,5.8,0.6,87,10,3.7,4.9,0.5,86,10,0,29.78,,0,0,0,40.1,43.0,45.6,0.33,0.30,0.29
JORD,2015-12-01 03:25:00 EST,43.06980,-76.47006,402,37.0,37.0,37.0,69.2,27.9,0.000,0.000,0.00,0.000,2.8,4.3,0.7,93,10,3.1,5.1,0.7,94,10,2.8,4.3,0.7,93,10,0,29.78,,0,0,0,40.1,43.0,45.6,0.33,0.30,0.29
JORD,2015-12-01 03:30:00 EST,43.06980,-76.47006,402,37.0,36.9,37.0,69.8,28.1,0.000,0.000,0.00,0.000,2.6,3.6,0.4,86,12,2.9,4.3,0.5,87,12,2.6,3.6,0.4,86,12,0,29.78,,0,0,0,40.1,43.0,45.6,0.33,0.29,0.29
JORD,2015-12-01 03:35:00 EST,43.06980,-76.47006,402,36.7,36.7,36.7,73.0,28.9,0.000,0.000,0.00,0.000,2.6,4.1,0.6,74,9,3.0,4.7,0.7,74,10,2.6,4.1,0.6,74,9,0,29.78,,0,0,0,40.1,43.0,45.6,0.33,0.30,0.29
JORD,2015-12-01 03:40:00 EST,43.06980,-76.47006,402,36.4,36.5,34.1,76.1,29.6,0.000,0.000,0.00,0.000,3.2,4.2,0.6,80,9,3.6,4.9,0.6,81,9,3.2,4.2,0.6,80,9,0,29.78,,0,0,0,40.1,43.0,45.6,0.33,0.29,0.29
JORD,2015-12-01 03:45:00 EST,43.06980,-76.47006,402,36.3,36.3,36.3,77.9,30.1,0.000,0.000,0.00,0.000,2.8,4.2,0.6,74,9,3.3,5.1,0.7,74,10,2.8,4.2,0.6,74,9,0,29.78,,0,0,0,40.1,43.0,45.5,0.33,0.30,0.29
JORD,2015-12-01 03:50:00 EST,43.06980,-76.47006,402,36.1,36.1,33.9,80.6,30.7,0.003,0.003,0.00,0.003,3.1,5.2,0.6,75,10,3.5,5.8,0.8,76,10,3.1,5.2,0.6,75,10,0,29.78,,0,0,0,40.1,43.0,45.6,0.33,0.30,0.29
JORD,2015-12-01 03:55:00 EST,43.06980,-76.47006,402,35.8,35.7,35.8,83.3,31.2,0.002,0.005,0.00,0.005,2.7,3.9,0.5,80,9,3.1,4.5,0.6,81,9,2.7,3.9,0.5,80,9,0,29.78,,0,0,0,40.2,43.0,45.6,0.33,0.30,0.29
JORD,2015-12-01 04:00:00 EST,43.06980,-76.47006,402,35.4,35.3,35.4,86.6,31.8,0.003,0.008,0.00,0.008,2.7,4.1,0.5,78,9,3.1,4.9,0.6,78,9,2.7,4.1,0.5,78,9,0,29.78,,0,0,0,40.2,42.9,45.5,0.33,0.30,0.29
JORD,2015-12-01 04:05:00 EST,43.06980,-76.47006,402,35.1,35.0,35.1,88.9,32.2,0.003,0.012,0.00,0.012,2.5,3.9,0.7,71,8,2.9,4.7,0.8,72,10,2.5,3.9,0.7,71,8,0,29.77,,0,0,0,40.2,43.0,45.5,0.33,0.29,0.29
JORD,2015-12-01 04:10:00 EST,43.06980,-76.47006,402,35.0,34.9,35.0,90.6,32.5,0.003,0.015,0.00,0.015,2.6,3.9,0.6,70,12,3.1,5.4,0.8,70,12,2.6,3.9,0.6,70,12,0,29.77,,0,0,0,40.3,43.0,45.5,0.33,0.30,0.29
JORD,2015-12-01 04:15:00 EST,43.06980,-76.47006,402,34.9,34.8,32.5,92.4,32.9,0.003,0.018,0.00,0.018,3.1,4.7,0.6,60,12,3.8,6.3,0.9,62,13,3.1,4.7,0.6,60,12,0,29.76,,0,0,0,40.2,43.0,45.5,0.33,0.30,0.29
JORD,2015-12-01 04:20:00 EST,43.06980,-76.47006,402,34.9,34.8,32.4,93.6,33.3,0.001,0.019,0.00,0.019,3.2,5.0,0.9,71,14,3.8,6.0,1.1,73,12,3.2,5.0,0.9,71,14,0,29.76,,0,0,0,40.2,42.9,45.5,0.33,0.30,0.29
JORD,2015-12-01 04:25:00 EST,43.06980,-76.47006,402,35.0,34.8,31.6,94.3,33.5,0.001,0.020,0.00,0.020,3.9,6.5,1.0,69,14,4.7,8.1,1.3,71,13,3.9,6.5,1.0,69,14,0,29.75,,0,0,0,40.3,43.0,45.5,0.33,0.30,0.29
JORD,2015-12-01 04:30:00 EST,43.06980,-76.47006,402,35.0,34.9,31.3,94.7,33.7,0.000,0.020,0.00,0.020,4.3,6.9,1.1,74,16,5.2,8.7,1.4,77,13,4.3,6.9,1.1,74,16,0,29.75,,0,0,0,40.3,42.9,45.5,0.33,0.30,0.29
JORD,2015-12-01 04:35:00 EST,43.06980,-76.47006,402,35.0,34.9,30.7,94.8,33.7,0.000,0.020,0.00,0.020,4.9,7.0,1.1,84,13,5.9,8.9,1.4,85,12,4.9,7.0,1.1,84,13,0,29.75,,0,0,0,40.3,43.0,45.5,0.33,0.29,0.29
JORD,2015-12-01 04:40:00 EST,43.06980,-76.47006,402,35.1,34.9,31.1,94.8,33.8,0.002,0.022,0.00,0.022,4.6,7.4,1.0,91,9,5.4,8.9,1.3,92,7,4.6,7.4,1.0,91,9,0,29.75,,0,0,0,40.3,42.9,45.5,0.33,0.30,0.29
JORD,2015-12-01 04:45:00 EST,43.06980,-76.47006,402,35.1,34.9,30.8,95.0,33.8,0.001,0.023,0.00,0.023,4.9,7.1,0.7,74,10,5.9,8.1,0.8,76,8,4.9,7.1,0.7,74,10,0,29.74,,0,0,0,40.3,43.0,45.5,0.33,0.29,0.29
JORD,2015-12-01 04:50:00 EST,43.06980,-76.47006,402,35.1,34.9,31.2,95.2,33.8,0.000,0.023,0.00,0.019,4.4,6.6,0.9,72,12,5.4,8.5,1.1,73,11,4.4,6.6,0.9,72,12,0,29.74,,0,0,0,40.3,42.9,45.5,0.33,0.30,0.29
JORD,2015-12-01 04:55:00 EST,43.06980,-76.47006,402,35.1,35.0,31.8,95.4,33.9,0.000,0.023,0.00,0.018,3.9,6.9,1.1,81,13,4.7,9.4,1.5,82,12,3.9,6.9,1.1,81,13,0,29.74,,0,0,0,40.3,42.9,45.5,0.33,0.30,0.29
JORD,2015-12-01 05:00:00 EST,43.06980,-76.47006,402,35.1,34.9,30.9,95.4,33.9,0.003,0.025,0.00,0.017,4.8,6.6,0.9,78,10,5.7,8.1,1.1,78,10,4.8,6.6,0.9,78,10,0,29.74,,0,0,0,40.3,42.9,45.5,0.33,0.30,0.29
JORD,2015-12-01 05:05:00 EST,43.06980,-76.47006,402,35.0,34.8,31.9,95.4,33.8,0.001,0.026,0.00,0.015,3.7,6.6,1.1,83,12,4.5,7.8,1.4,82,10,3.7,6.6,1.1,83,12,0,29.74,,0,0,0,40.3,42.9,45.5,0.33,0.30,0.29
JORD,2015-12-01 05:10:00 EST,43.06980,-76.47006,402,35.0,34.8,31.2,95.4,33.8,0.000,0.026,0.00,0.011,4.3,6.9,1.1,89,11,5.2,8.5,1.4,89,11,4.3,6.9,1.1,89,11,0,29.75,,0,0,0,40.3,42.9,45.5,0.33,0.30,0.29
JORD,2015-12-01 05:15:00 EST,43.06980,-76.47006,402,35.0,34.9,31.7,95.2,33.8,0.000,0.026,0.00,0.008,3.9,6.1,1.3,86,11,4.7,7.8,1.5,86,9,3.9,6.1,1.3,86,11,0,29.75,,0,0,0,40.3,42.9,45.5,0.33,0.30,0.29
JORD,2015-12-01 05:20:00 EST,43.06980,-76.47006,402,35.0,34.9,31.3,95.0,33.7,0.000,0.026,0.00,0.007,4.3,6.2,0.9,81,10,5.1,7.4,1.1,82,10,4.3,6.2,0.9,81,10,0,29.75,,0,0,0,40.3,42.9,45.5,0.33,0.30,0.29
JORD,2015-12-01 05:25:00 EST,43.06980,-76.47006,402,35.0,34.8,31.7,95.1,33.7,0.002,0.028,0.00,0.009,3.8,5.6,0.8,77,11,4.7,7.2,1.0,78,10,3.8,5.6,0.8,77,11,0,29.75,,0,0,0,40.3,42.9,45.5,0.33,0.30,0.29
JORD,2015-12-01 05:30:00 EST,43.06980,-76.47006,402,34.9,34.7,31.7,95.5,33.8,0.003,0.032,0.00,0.012,3.8,5.6,0.9,78,12,4.6,7.2,1.1,78,11,3.8,5.6,0.9,78,12,0,29.74,,0,0,0,40.3,42.9,45.5,0.33,0.30,0.29
JORD,2015-12-01 05:35:00 EST,43.06980,-76.47006,402,34.8,34.7,31.1,95.7,33.7,0.002,0.033,0.00,0.014,4.2,6.0,0.7,81,9,5.1,8.1,1.0,82,9,4.2,6.0,0.7,81,9,0,29.74,,0,0,0,40.3,42.9,45.5,0.33,0.30,0.29
JORD,2015-12-01 05:40:00 EST,43.06980,-76.47006,402,34.8,34.7,31.8,96.0,33.8,0.005,0.038,0.00,0.017,3.6,6.6,1.0,77,13,4.5,8.1,1.2,77,11,3.6,6.6,1.0,77,13,0,29.74,,0,0,0,40.4,42.9,45.5,0.33,0.30,0.29
JORD,2015-12-01 05:45:00 EST,43.06980,-76.47006,402,34.9,34.7,32.2,96.3,33.9,0.005,0.044,0.00,0.021,3.3,5.9,1.0,80,11,4.0,7.6,1.3,80,10,3.3,5.9,1.0,80,11,0,29.74,,0,0,0,40.4,42.9,45.5,0.33,0.30,0.29
JORD,2015-12-01 05:50:00 EST,43.06980,-76.47006,402,34.9,34.8,31.7,96.4,34.0,0.004,0.048,0.00,0.025,3.8,6.1,0.8,83,11,4.6,8.1,1.1,84,9,3.8,6.1,0.8,83,11,0,29.74,,0,0,0,40.4,42.9,45.5,0.33,0.30,0.29
JORD,2015-12-01 05:55:00 EST,43.06980,-76.47006,402,34.9,34.8,32.0,96.4,34.0,0.004,0.052,0.00,0.029,3.5,5.4,0.7,70,11,4.2,6.3,0.8,71,10,3.5,5.4,0.7,70,11,0,29.74,,0,0,0,40.4,42.9,45.5,0.33,0.30,0.29
JORD,2015-12-01 06:00:00 EST,43.06980,-76.47006,402,35.0,34.8,32.0,96.6,34.1,0.003,0.054,0.00,0.029,3.5,5.7,0.9,69,13,4.3,7.2,1.1,70,13,3.5,5.7,0.9,69,13,0,29.73,,0,0,0,40.4,42.9,45.5,0.33,0.30,0.29
JORD,2015-12-01 06:05:00 EST,43.06980,-76.47006,402,35.0,34.8,31.7,96.6,34.1,0.004,0.058,0.00,0.032,3.8,5.7,0.9,67,11,4.7,7.4,1.2,68,11,3.8,5.7,0.9,67,11,0,29.73,,0,0,0,40.4,42.9,45.5,0.33,0.29,0.29
JORD,2015-12-01 06:10:00 EST,43.06980,-76.47006,402,35.0,34.8,30.9,96.7,34.1,0.002,0.060,0.00,0.033,4.6,6.9,1.1,66,11,5.4,8.7,1.3,67,10,4.6,6.9,1.1,66,11,0,29.73,,0,0,0,40.5,42.9,45.5,0.33,0.30,0.29
JORD,2015-12-01 06:15:00 EST,43.06980,-76.47006,402,34.9,34.7,30.0,96.9,34.1,0.000,0.060,0.00,0.033,5.6,8.1,1.3,67,12,6.5,9.4,1.5,70,11,5.6,8.1,1.3,67,12,0,29.71,,0,0,0,40.4,42.9,45.5,0.33,0.30,0.29
JORD,2015-12-01 06:20:00 EST,43.06980,-76.47006,402,34.9,34.8,29.7,96.9,34.1,0.003,0.063,0.00,0.036,6.1,8.6,1.1,69,10,7.2,10.7,1.4,71,9,6.1,8.6,1.1,69,10,0,29.71,,0,0,0,40.4,42.9,45.5,0.33,0.30,0.29
JORD,2015-12-01 06:25:00 EST,43.06980,-76.47006,402,35.0,34.8,30.6,96.9,34.2,0.001,0.063,0.00,0.035,5.0,6.8,0.8,77,11,6.1,8.3,1.1,78,9,5.0,6.8,0.8,77,11,0,29.71,,0,0,0,40.4,42.9,45.5,0.33,0.30,0.29
JORD,2015-12-01 06:30:00 EST,43.06980,-76.47006,402,35.0,34.8,30.5,96.8,34.2,0.000,0.063,0.00,0.032,5.2,7.4,1.1,73,11,6.3,9.4,1.4,74,9,5.2,7.4,1.1,73,11,0,29.71,,0,0,0,40.5,42.9,45.5,0.33,0.30,0.29
JORD,2015-12-01 06:35:00 EST,43.06980,-76.47006,402,35.0,34.9,30.4,96.7,34.2,0.000,0.063,0.00,0.030,5.2,7.2,1.0,70,12,6.1,8.5,1.2,71,12,5.2,7.2,1.0,70,12,0,29.71,,0,0,0,40.5,42.9,45.5,0.33,0.30,0.29
JORD,2015-12-01 06:40:00 EST,43.06980,-76.47006,402,35.0,34.9,30.1,96.6,34.2,0.000,0.063,0.00,0.025,5.6,8.3,1.3,68,14,6.6,10.1,1.6,70,12,5.6,8.3,1.3,68,14,0,29.70,,0,0,0,40.5,42.9,45.5,0.33,0.29,0.29
JORD,2015-12-01 06:45:00 EST,43.06980,-76.47006,402,35.1,34.9,30.9,96.6,34.2,0.000,0.063,0.00,0.020,4.8,6.7,1.0,64,16,5.7,8.3,1.1,65,15,4.8,6.7,1.0,64,16,0,29.70,,0,0,0,40.5,42.9,45.5,0.33,0.29,0.29
JORD,2015-12-01 06:50:00 EST,43.06980,-76.47006,402,35.1,34.9,31.7,96.6,34.2,0.000,0.063,0.00,0.015,3.9,7.2,1.1,65,11,4.5,8.7,1.4,67,12,3.9,7.2,1.1,65,11,0,29.71,,0,0,0,40.5,42.9,45.5,0.33,0.30,0.29
JORD,2015-12-01 06:55:00 EST,43.06980,-76.47006,402,35.1,34.9,31.7,96.6,34.3,0.000,0.063,0.00,0.012,4.0,6.7,1.1,68,17,4.6,8.5,1.3,69,14,4.0,6.7,1.1,68,17,0,29.71,,0,0,0,40.5,42.9,45.5,0.33,0.30,0.29
JORD,2015-12-01 07:00:00 EST,43.06980,-76.47006,402,35.1,34.9,30.8,96.4,34.2,0.000,0.063,0.00,0.009,4.9,8.4,1.3,66,12,5.7,10.1,1.5,68,11,4.9,8.4,1.3,66,12,0,29.70,,0,0,0,40.5,42.9,45.5,0.33,0.30,0.29
JORD,2015-12-01 07:05:00 EST,43.06980,-76.47006,402,35.2,35.0,31.4,96.4,34.2,0.000,0.063,0.00,0.005,4.3,5.8,0.8,65,14,5.1,8.5,1.1,66,13,4.3,5.8,0.8,65,14,0,29.70,,0,0,0,40.5,42.9,45.5,0.33,0.30,0.29
JORD,2015-12-01 07:10:00 EST,43.06980,-76.47006,402,35.1,35.0,31.3,96.3,34.2,0.000,0.063,0.00,0.004,4.4,8.3,1.5,62,15,5.1,9.4,1.7,64,14,4.4,8.3,1.5,62,15,0,29.70,,0,0,0,40.5,42.9,45.5,0.33,0.30,0.29
JORD,2015-12-01 07:15:00 EST,43.06980,-76.47006,402,35.3,35.0,31.2,96.3,34.3,0.000,0.063,0.00,0.004,4.6,6.9,1.0,69,15,5.4,8.3,1.3,70,15,4.6,6.9,1.0,69,15,0,29.70,,0,0,0,40.5,42.9,45.5,0.33,0.30,0.29
JORD,2015-12-01 07:20:00 EST,43.06980,-76.47006,402,35.2,35.0,31.2,96.1,34.2,0.000,0.063,0.00,0.001,4.6,6.9,1.1,66,14,5.2,8.5,1.3,68,15,4.6,6.9,1.1,66,14,0,29.70,,0,0,0,40.5,42.9,45.5,0.33,0.30,0.29
JORD,2015-12-01 07:25:00 EST,43.06980,-76.47006,402,35.3,35.0,30.6,96.1,34.3,0.000,0.063,0.00,0.000,5.3,8.2,1.2,69,13,6.2,9.6,1.5,71,12,5.3,8.2,1.2,69,13,0,29.70,,0,0,0,40.5,42.9,45.5,0.33,0.30,0.29
JORD,2015-12-01 07:30:00 EST,43.06980,-76.47006,402,35.3,35.1,30.3,96.1,34.3,0.000,0.063,0.00,0.000,5.7,7.9,1.0,70,13,6.8,9.8,1.3,71,13,5.7,7.9,1.0,70,13,1,29.71,,0,0,0,40.5,42.9,45.5,0.33,0.30,0.29
JORD,2015-12-01 07:35:00 EST,43.06980,-76.47006,402,35.3,35.1,31.8,96.1,34.3,0.000,0.063,0.00,0.000,4.1,6.7,1.2,74,15,4.9,8.5,1.3,75,15,4.1,6.7,1.2,74,15,1,29.71,,0,0,0,40.6,42.8,45.5,0.33,0.30,0.29
JORD,2015-12-01 07:40:00 EST,43.06980,-76.47006,402,35.3,35.1,32.5,96.3,34.4,0.000,0.063,0.00,0.000,3.4,5.9,0.9,73,16,4.2,7.2,1.2,73,14,3.4,5.9,0.9,73,16,2,29.71,,0,0,0,40.6,42.9,45.5,0.33,0.30,0.29
JORD,2015-12-01 07:45:00 EST,43.06980,-76.47006,402,35.4,35.2,32.3,96.3,34.4,0.000,0.063,0.00,0.000,3.7,7.3,1.6,72,12,4.4,8.7,1.7,74,12,3.7,7.3,1.6,72,12,3,29.70,,0,0,0,40.6,42.8,45.5,0.33,0.30,0.29
JORD,2015-12-01 07:50:00 EST,43.06980,-76.47006,402,35.4,35.2,33.0,96.4,34.4,0.000,0.063,0.00,0.000,3.1,5.5,0.7,71,13,3.7,6.7,0.9,71,12,3.1,5.5,0.7,71,13,4,29.70,,0,0,0,40.5,42.9,45.5,0.33,0.30,0.29
JORD,2015-12-01 07:55:00 EST,43.06980,-76.47006,402,35.4,35.3,32.3,96.4,34.5,0.000,0.063,0.00,0.000,3.8,6.8,1.1,67,13,4.5,8.1,1.3,69,12,3.8,6.8,1.1,67,13,6,29.70,,0,0,0,40.6,42.9,45.5,0.33,0.30,0.29
JORD,2015-12-01 08:00:00 EST,43.06980,-76.47006,402,35.6,35.4,31.4,96.4,34.6,0.000,0.063,0.00,0.000,4.9,7.2,1.0,69,12,5.8,8.7,1.2,71,10,4.9,7.2,1.0,69,12,11,29.70,,0,0,0,40.6,42.9,45.5,0.33,0.30,0.29
JORD,2015-12-01 08:05:00 EST,43.06980,-76.47006,402,35.6,35.4,30.9,96.3,34.7,0.000,0.063,0.00,0.000,5.5,8.2,1.1,72,10,6.6,9.6,1.4,74,9,5.5,8.2,1.1,72,10,16,29.69,,0,0,0,40.6,42.9,45.5,0.33,0.30,0.29
JORD,2015-12-01 08:10:00 EST,43.06980,-76.47006,402,35.7,35.5,31.1,96.3,34.8,0.000,0.063,0.00,0.000,5.4,8.8,1.7,68,15,6.5,10.7,1.9,70,13,5.4,8.8,1.7,68,15,16,29.69,,0,0,0,40.6,42.8,45.5,0.33,0.30,0.29
JORD,2015-12-01 08:15:00 EST,43.06980,-76.47006,402,35.9,35.7,33.3,96.1,34.9,0.000,0.063,0.00,0.000,3.3,6.3,1.0,74,17,3.9,7.4,1.2,75,16,3.3,6.3,1.0,74,17,13,29.70,,0,0,0,40.6,42.9,45.5,0.33,0.30,0.29
JORD,2015-12-01 08:20:00 EST,43.06980,-76.47006,402,35.9,35.8,33.2,96.1,34.9,0.000,0.063,0.00,0.000,3.4,7.4,1.5,68,18,4.0,8.9,1.9,69,16,3.4,7.4,1.5,68,18,11,29.70,,0,0,0,40.6,42.9,45.5,0.33,0.30,0.29
JORD,2015-12-01 08:25:00 EST,43.06980,-76.47006,402,36.0,35.8,32.8,95.6,34.8,0.000,0.063,0.00,0.000,3.9,5.4,0.9,77,10,4.8,6.9,1.0,77,10,3.9,5.4,0.9,77,10,10,29.70,,0,0,0,40.6,42.9,45.5,0.33,0.30,0.29
JORD,2015-12-01 08:30:00 EST,43.06980,-76.47006,402,36.0,35.9,32.6,95.6,34.9,0.000,0.063,0.00,0.000,4.2,6.4,1.1,67,16,5.1,7.8,1.4,68,15,4.2,6.4,1.1,67,16,11,29.70,,0,0,0,40.6,42.9,45.5,0.33,0.30,0.29
JORD,2015-12-01 08:35:00 EST,43.06980,-76.47006,402,36.0,35.9,32.1,95.5,34.9,0.000,0.063,0.00,0.000,4.6,6.4,0.7,65,11,5.4,8.1,1.0,66,10,4.6,6.4,0.7,65,11,14,29.70,,0,0,0,40.6,42.8,45.5,0.33,0.30,0.29
JORD,2015-12-01 08:40:00 EST,43.06980,-76.47006,402,36.1,35.9,33.3,95.5,34.9,0.000,0.063,0.00,0.000,3.5,5.8,0.9,65,14,4.3,7.2,1.2,66,12,3.5,5.8,0.9,65,14,18,29.69,,0,0,0,40.6,42.9,45.5,0.33,0.30,0.29
JORD,2015-12-01 08:45:00 EST,43.06980,-76.47006,402,36.2,36.0,34.0,95.6,35.1,0.000,0.063,0.00,0.000,3.0,5.8,1.1,77,15,3.7,8.1,1.4,76,15,3.0,5.8,1.1,77,15,20,29.69,,0,0,0,40.6,42.9,45.5,0.33,0.30,0.29
JORD,2015-12-01 08:50:00 EST,43.06980,-76.47006,402,36.3,36.1,33.3,95.5,35.1,0.000,0.063,0.00,0.000,3.7,6.4,1.1,85,17,4.5,8.3,1.4,84,15,3.7,6.4,1.1,85,17,20,29.69,,0,0,0,40.6,42.9,45.5,0.33,0.30,0.29
JORD,2015-12-01 08:55:00 EST,43.06980,-76.47006,402,36.4,36.2,32.7,95.4,35.2,0.002,0.065,0.00,0.002,4.4,7.8,1.2,89,14,5.4,9.4,1.5,88,12,4.4,7.8,1.2,89,14,22,29.69,,0,0,0,40.6,42.9,45.5,0.33,0.30,0.29
JORD,2015-12-01 09:00:00 EST,43.06980,-76.47006,402,36.4,36.2,33.2,95.4,35.2,0.002,0.067,0.00,0.004,4.0,8.5,1.5,82,15,4.7,11.2,1.7,81,14,4.0,8.5,1.5,82,15,25,29.69,,0,0,0,40.6,42.8,45.5,0.33,0.30,0.29
JORD,2015-12-01 09:05:00 EST,43.06980,-76.47006,402,36.4,36.2,32.4,95.3,35.2,0.000,0.067,0.00,0.004,4.8,8.5,1.4,82,18,5.5,9.4,1.8,84,16,4.8,8.5,1.4,82,18,29,29.68,,0,0,0,40.6,42.8,45.5,0.33,0.30,0.29
JORD,2015-12-01 09:10:00 EST,43.06980,-76.47006,402,36.5,36.3,36.5,95.5,35.4,0.000,0.067,0.00,0.004,2.2,4.4,0.8,73,24,2.7,4.9,1.0,74,22,2.2,4.4,0.8,73,24,30,29.68,,0,0,0,40.6,42.9,45.5,0.33,0.30,0.29
JORD,2015-12-01 09:15:00 EST,43.06980,-76.47006,402,36.6,36.4,36.6,95.4,35.4,0.000,0.067,0.00,0.004,2.4,5.2,1.1,89,23,3.0,5.8,1.2,89,23,2.4,5.2,1.1,89,23,22,29.69,,0,0,0,40.6,42.9,45.5,0.34,0.30,0.29
JORD,2015-12-01 09:20:00 EST,43.06980,-76.47006,402,36.7,36.5,34.1,95.2,35.5,0.003,0.070,0.00,0.007,3.4,6.1,0.8,104,16,4.0,7.2,1.0,103,15,3.4,6.1,0.8,104,16,25,29.69,,0,0,0,40.7,42.9,45.5,0.34,0.30,0.29
JORD,2015-12-01 09:25:00 EST,43.06980,-76.47006,402,36.8,36.5,33.9,95.1,35.5,0.005,0.075,0.00,0.011,3.7,5.5,0.9,112,14,4.3,7.4,1.1,110,14,3.7,5.5,0.9,112,14,27,29.69,,0,0,0,40.7,42.9,45.5,0.34,0.30,0.29
JORD,2015-12-01 09:30:00 EST,43.06980,-76.47006,402,36.8,36.6,33.0,95.1,35.6,0.005,0.079,0.00,0.016,4.7,8.0,1.3,95,12,5.5,10.3,1.6,95,11,4.7,8.0,1.3,95,12,32,29.68,,0,0,0,40.7,42.8,45.5,0.34,0.30,0.29
JORD,2015-12-01 09:35:00 EST,43.06980,-76.47006,402,36.9,36.7,33.4,95.5,35.8,0.000,0.079,0.00,0.016,4.5,5.8,0.5,92,13,5.3,7.4,0.8,92,10,4.5,5.8,0.5,92,13,39,29.68,,0,0,0,40.8,42.9,45.4,0.34,0.30,0.29
JORD,2015-12-01 09:40:00 EST,43.06980,-76.47006,402,37.0,36.8,34.1,95.4,35.8,0.000,0.079,0.00,0.016,3.8,5.6,0.6,79,13,4.5,6.7,0.9,79,12,3.8,5.6,0.6,79,13,49,29.68,,0,0,0,40.8,42.9,45.4,0.33,0.30,0.29
JORD,2015-12-01 09:45:00 EST,43.06980,-76.47006,402,37.1,36.8,34.2,95.4,36.0,0.000,0.079,0.00,0.016,3.8,6.8,0.9,76,14,4.4,8.1,1.2,76,13,3.8,6.8,0.9,76,14,44,29.68,,0,0,0,40.8,42.9,45.5,0.34,0.30,0.29
JORD,2015-12-01 09:50:00 EST,43.06980,-76.47006,402,37.2,36.9,33.5,95.4,36.0,0.000,0.079,0.00,0.016,4.6,6.8,0.8,81,11,5.6,8.5,1.0,80,10,4.6,6.8,0.8,81,11,48,29.67,,0,0,0,40.8,42.9,45.4,0.34,0.30,0.29
JORD,2015-12-01 09:55:00 EST,43.06980,-76.47006,402,37.3,37.0,34.0,95.4,36.1,0.000,0.079,0.00,0.014,4.2,6.3,1.0,75,13,5.0,7.8,1.2,76,11,4.2,6.3,1.0,75,13,43,29.67,,0,0,0,40.8,42.9,45.5,0.34,0.30,0.29
JORD,2015-12-01 10:00:00 EST,43.06980,-76.47006,402,37.3,37.1,35.2,95.5,36.2,0.002,0.081,0.00,0.014,3.1,5.7,1.1,78,18,3.8,7.2,1.3,78,16,3.1,5.7,1.1,78,18,39,29.67,,0,0,0,40.8,42.9,45.4,0.34,0.30,0.29
JORD,2015-12-01 10:05:00 EST,43.06980,-76.47006,402,37.4,37.1,34.2,95.5,36.3,0.000,0.081,0.00,0.014,4.2,6.7,1.1,67,17,4.7,7.8,1.2,68,16,4.2,6.7,1.1,67,17,43,29.67,,0,0,0,40.8,42.9,45.4,0.34,0.30,0.29
JORD,2015-12-01 10:10:00 EST,43.06980,-76.47006,402,37.6,37.3,37.6,95.8,36.5,0.000,0.081,0.00,0.014,2.6,4.3,0.7,49,16,3.0,5.4,0.9,51,16,2.6,4.3,0.7,49,16,39,29.67,,0,0,0,40.8,42.9,45.4,0.34,0.30,0.29
JORD,2015-12-01 10:15:00 EST,43.06980,-76.47006,402,37.6,37.3,35.6,95.7,36.5,0.000,0.081,0.00,0.014,3.1,5.5,0.8,44,13,3.5,6.3,0.9,44,12,3.1,5.5,0.8,44,13,31,29.67,,0,0,0,40.8,42.9,45.4,0.34,0.30,0.29
JORD,2015-12-01 10:20:00 EST,43.06980,-76.47006,402,37.6,37.3,34.7,95.7,36.5,0.000,0.081,0.00,0.011,3.8,6.4,0.9,67,14,4.5,7.6,1.2,67,12,3.8,6.4,0.9,67,14,38,29.67,,0,0,0,40.8,42.9,45.4,0.34,0.30,0.29
JORD,2015-12-01 10:25:00 EST,43.06980,-76.47006,402,37.7,37.4,34.3,95.8,36.6,0.000,0.081,0.00,0.007,4.3,7.2,1.1,77,14,5.0,8.9,1.4,78,13,4.3,7.2,1.1,77,14,45,29.66,,0,0,0,40.9,42.9,45.4,0.34,0.30,0.29
JORD,2015-12-01 10:30:00 EST,43.06980,-76.47006,402,37.7,37.4,34.4,95.7,36.6,0.000,0.081,0.00,0.002,4.3,6.9,1.0,74,13,5.1,8.3,1.2,75,12,4.3,6.9,1.0,74,13,44,29.66,,0,0,0,40.9,42.9,45.4,0.34,0.30,0.29
JORD,2015-12-01 10:35:00 EST,43.06980,-76.47006,402,37.9,37.6,35.3,95.8,36.8,0.000,0.081,0.00,0.002,3.6,6.4,1.4,87,10,4.2,7.6,1.7,86,10,3.6,6.4,1.4,87,10,38,29.66,,0,0,0,41.0,42.9,45.4,0.34,0.30,0.29
JORD,2015-12-01 10:40:00 EST,43.06980,-76.47006,402,37.9,37.7,35.7,95.7,36.8,0.000,0.081,0.00,0.002,3.3,6.3,1.2,78,15,4.0,8.1,1.4,80,13,3.3,6.3,1.2,78,15,40,29.65,,0,0,0,41.0,42.9,45.4,0.34,0.30,0.29
JORD,2015-12-01 10:45:00 EST,43.06980,-76.47006,402,38.1,37.8,35.4,95.7,36.9,0.000,0.081,0.00,0.002,3.7,7.2,1.3,76,19,4.5,8.5,1.5,77,19,3.7,7.2,1.3,76,19,36,29.65,,0,0,0,41.0,42.9,45.4,0.34,0.30,0.29
JORD,2015-12-01 10:50:00 EST,43.06980,-76.47006,402,38.1,37.8,35.6,95.7,37.0,0.002,0.083,0.00,0.004,3.6,6.0,0.8,80,15,4.3,7.4,1.1,81,14,3.6,6.0,0.8,80,15,29,29.65,,0,0,0,41.0,42.9,45.4,0.34,0.30,0.29
JORD,2015-12-01 10:55:00 EST,43.06980,-76.47006,402,38.2,37.9,36.2,95.7,37.0,0.003,0.087,0.00,0.007,3.0,5.7,0.9,84,16,3.6,7.2,1.0,85,15,3.0,5.7,0.9,84,16,30,29.65,,0,0,0,41.0,42.9,45.4,0.34,0.30,0.29
JORD,2015-12-01 11:00:00 EST,43.06980,-76.47006,402,38.2,38.0,36.1,95.8,37.1,0.000,0.087,0.00,0.005,3.2,5.2,0.9,73,17,3.8,6.7,1.1,74,16,3.2,5.2,0.9,73,17,34,29.65,,0,0,0,41.0,42.9,45.4,0.34,0.30,0.29
JORD,2015-12-01 11:05:00 EST,43.06980,-76.47006,402,38.2,37.9,35.9,95.6,37.0,0.000,0.087,0.00,0.005,3.4,5.0,1.0,67,17,3.8,6.7,1.2,67,17,3.4,5.0,1.0,67,17,26,29.65,,0,0,0,41.1,42.9,45.4,0.34,0.30,0.29
JORD,2015-12-01 11:10:00 EST,43.06980,-76.47006,402,38.2,37.9,35.9,95.6,37.0,0.005,0.091,0.00,0.010,3.3,4.8,0.8,43,16,3.7,6.0,1.0,42,16,3.3,4.8,0.8,43,16,21,29.64,,0,0,0,41.1,42.9,45.4,0.34,0.30,0.29
JORD,2015-12-01 11:15:00 EST,43.06980,-76.47006,402,38.1,37.9,35.2,95.8,37.0,0.000,0.091,0.00,0.010,3.9,5.4,0.7,69,12,4.5,6.9,0.9,70,12,3.9,5.4,0.7,69,12,24,29.64,,0,0,0,41.2,42.9,45.4,0.34,0.30,0.29
JORD,2015-12-01 11:20:00 EST,43.06980,-76.47006,402,38.2,37.9,34.7,96.0,37.1,0.000,0.091,0.00,0.010,4.5,6.4,0.7,81,8,5.3,7.8,1.0,82,7,4.5,6.4,0.7,81,8,32,29.63,,0,0,0,41.2,42.9,45.4,0.34,0.30,0.29
JORD,2015-12-01 11:25:00 EST,43.06980,-76.47006,402,38.2,37.9,34.0,95.9,37.2,0.000,0.091,0.00,0.010,5.5,7.8,0.9,78,10,6.4,9.4,1.2,79,9,5.5,7.8,0.9,78,10,43,29.62,,0,0,0,41.2,42.9,45.4,0.34,0.30,0.29
JORD,2015-12-01 11:30:00 EST,43.06980,-76.47006,402,38.2,38.0,35.3,96.0,37.2,0.000,0.091,0.00,0.010,4.0,6.9,1.2,60,18,4.7,8.5,1.5,61,18,4.0,6.9,1.2,60,18,33,29.62,,0,0,0,41.2,42.9,45.4,0.34,0.30,0.29
JORD,2015-12-01 11:35:00 EST,43.06980,-76.47006,402,38.1,37.9,34.8,96.0,37.1,0.000,0.091,0.00,0.010,4.4,6.7,0.9,36,16,4.8,7.8,1.1,35,16,4.4,6.7,0.9,36,16,29,29.62,,0,0,0,41.2,42.9,45.4,0.34,0.30,0.29
JORD,2015-12-01 11:40:00 EST,43.06980,-76.47006,402,38.0,37.7,35.0,96.0,36.9,0.000,0.091,0.00,0.010,4.0,6.4,1.1,29,17,4.5,7.8,1.4,28,16,4.0,6.4,1.1,29,17,24,29.62,,0,0,0,41.2,42.9,45.4,0.34,0.30,0.29
JORD,2015-12-01 11:45:00 EST,43.06980,-76.47006,402,37.9,37.6,33.5,95.9,36.8,0.000,0.091,0.00,0.010,5.6,8.5,0.9,51,12,6.2,9.2,1.2,52,12,5.6,8.5,0.9,51,12,30,29.61,,0,0,0,41.3,42.9,45.4,0.34,0.30,0.29
JORD,2015-12-01 11:50:00 EST,43.06980,-76.47006,402,37.8,37.5,34.0,95.8,36.7,0.000,0.091,0.00,0.008,4.8,8.5,1.3,59,14,5.4,10.1,1.5,61,14,4.8,8.5,1.3,59,14,28,29.62,,0,0,0,41.3,42.9,45.4,0.34,0.30,0.29
JORD,2015-12-01 11:55:00 EST,43.06980,-76.47006,402,37.8,37.5,34.8,96.0,36.7,0.000,0.091,0.00,0.005,3.9,6.7,1.3,63,13,4.4,8.1,1.5,63,14,3.9,6.7,1.3,63,13,27,29.62,,0,0,0,41.4,42.9,45.4,0.34,0.30,0.29
JORD,2015-12-01 12:00:00 EST,43.06980,-76.47006,402,37.9,37.6,37.9,96.2,36.9,0.000,0.091,0.00,0.005,2.5,5.1,0.8,53,16,3.1,5.4,0.9,52,16,2.5,5.1,0.8,53,16,25,29.62,,0,0,0,41.4,42.9,45.4,0.34,0.30,0.29
JORD,2015-12-01 12:05:00 EST,43.06980,-76.47006,402,38.0,37.7,35.0,96.1,37.0,0.000,0.091,0.00,0.005,4.0,6.9,1.1,56,17,4.7,9.2,1.4,57,16,4.0,6.9,1.1,56,17,26,29.61,,0,0,0,41.4,42.9,45.3,0.34,0.30,0.29
JORD,2015-12-01 12:10:00 EST,43.06980,-76.47006,402,37.9,37.7,34.4,96.0,36.9,0.000,0.091,0.00,0.000,4.5,7.1,1.0,65,15,5.1,8.5,1.2,66,15,4.5,7.1,1.0,65,15,29,29.60,,0,0,0,41.4,43.0,45.4,0.34,0.30,0.29
JORD,2015-12-01 12:15:00 EST,43.06980,-76.47006,402,37.9,37.7,34.7,96.1,36.9,0.000,0.091,0.00,0.000,4.2,6.4,1.0,67,14,4.7,7.6,1.2,67,13,4.2,6.4,1.0,67,14,33,29.60,,0,0,0,41.4,42.9,45.3,0.34,0.30,0.29
JORD,2015-12-01 12:20:00 EST,43.06980,-76.47006,402,38.0,37.7,35.1,96.2,37.0,0.000,0.091,0.00,0.000,3.9,7.2,1.4,70,16,4.6,8.7,1.5,71,15,3.9,7.2,1.4,70,16,34,29.60,,0,0,0,41.4,42.9,45.3,0.34,0.30,0.29
JORD,2015-12-01 12:25:00 EST,43.06980,-76.47006,402,38.1,37.8,35.4,96.3,37.1,0.003,0.094,0.00,0.003,3.7,5.6,1.1,79,16,4.2,7.2,1.3,80,14,3.7,5.6,1.1,79,16,38,29.59,,0,0,0,41.4,42.9,45.4,0.34,0.30,0.29
JORD,2015-12-01 12:30:00 EST,43.06980,-76.47006,402,38.2,37.9,35.4,96.3,37.2,0.001,0.095,0.00,0.004,3.8,5.7,0.8,74,13,4.5,6.9,1.1,75,11,3.8,5.7,0.8,74,13,43,29.59,,0,0,0,41.4,43.0,45.3,0.34,0.30,0.29
JORD,2015-12-01 12:35:00 EST,43.06980,-76.47006,402,38.3,38.0,35.2,96.3,37.3,0.000,0.095,0.00,0.004,4.1,6.5,1.1,73,14,4.8,8.3,1.3,74,13,4.1,6.5,1.1,73,14,47,29.58,,0,0,0,41.5,43.0,45.3,0.34,0.30,0.29
JORD,2015-12-01 12:40:00 EST,43.06980,-76.47006,402,38.4,38.1,35.9,96.3,37.5,0.004,0.099,0.00,0.008,3.6,5.8,1.1,81,13,4.3,7.6,1.4,82,11,3.6,5.8,1.1,81,13,52,29.57,,0,0,0,41.5,43.0,45.3,0.34,0.29,0.29
JORD,2015-12-01 12:45:00 EST,43.06980,-76.47006,402,38.6,38.3,34.2,96.4,37.6,0.004,0.103,0.00,0.011,5.8,8.0,0.9,72,11,7.0,10.1,1.2,74,9,5.8,8.0,0.9,72,11,50,29.57,,0,0,0,41.5,43.0,45.3,0.34,0.29,0.29
JORD,2015-12-01 12:50:00 EST,43.06980,-76.47006,402,38.7,38.5,35.6,96.4,37.8,0.002,0.105,0.00,0.014,4.3,8.5,1.4,63,15,5.1,10.1,1.6,65,13,4.3,8.5,1.4,63,15,55,29.56,,0,0,0,41.5,42.9,45.3,0.34,0.29,0.29
JORD,2015-12-01 12:55:00 EST,43.06980,-76.47006,402,39.0,38.6,36.1,96.8,38.1,0.000,0.105,0.00,0.014,4.0,5.8,0.9,60,13,4.7,7.8,1.2,62,12,4.0,5.8,0.9,60,13,59,29.55,,0,0,0,41.5,43.0,45.3,0.34,0.30,0.29
JORD,2015-12-01 13:00:00 EST,43.06980,-76.47006,402,39.4,39.0,36.0,97.0,38.6,0.000,0.105,0.00,0.014,4.7,8.5,1.3,53,14,5.4,9.4,1.4,55,13,4.7,8.5,1.3,53,14,53,29.55,,0,0,0,41.5,43.0,45.3,0.34,0.30,0.29
JORD,2015-12-01 13:05:00 EST,43.06980,-76.47006,402,39.5,39.2,35.6,96.9,38.7,0.000,0.105,0.00,0.014,5.4,7.6,0.8,46,14,6.1,8.5,1.1,47,12,5.4,7.6,0.8,46,14,53,29.54,,0,0,0,41.5,42.9,45.3,0.34,0.29,0.29
JORD,2015-12-01 13:10:00 EST,43.06980,-76.47006,402,39.8,39.5,36.2,96.6,38.9,0.000,0.105,0.00,0.014,5.1,7.5,1.1,38,13,5.6,8.3,1.3,40,13,5.1,7.5,1.1,38,13,52,29.55,,0,0,0,41.6,43.0,45.3,0.34,0.29,0.29
JORD,2015-12-01 13:15:00 EST,43.06980,-76.47006,402,40.0,39.7,36.9,96.4,39.0,0.000,0.105,0.00,0.014,4.4,8.4,1.3,32,17,5.0,8.5,1.4,32,14,4.4,8.4,1.3,32,17,53,29.55,,0,0,0,41.6,43.0,45.3,0.34,0.29,0.29
JORD,2015-12-01 13:20:00 EST,43.06980,-76.47006,402,39.9,39.7,36.8,95.9,38.9,0.000,0.105,0.00,0.014,4.5,7.5,1.3,29,18,5.1,8.5,1.4,29,16,4.5,7.5,1.3,29,18,51,29.55,,0,0,0,41.7,43.0,45.3,0.34,0.29,0.29
JORD,2015-12-01 13:25:00 EST,43.06980,-76.47006,402,39.9,39.6,39.9,95.6,38.7,0.000,0.105,0.00,0.010,2.5,5.3,0.9,42,28,3.1,6.7,1.1,45,26,2.5,5.3,0.9,42,28,34,29.55,,0,0,0,41.7,42.9,45.3,0.34,0.30,0.29
JORD,2015-12-01 13:30:00 EST,43.06980,-76.47006,402,39.9,39.6,36.9,95.2,38.6,0.000,0.105,0.00,0.010,4.3,8.4,1.8,53,17,5.0,10.1,1.9,54,15,4.3,8.4,1.8,53,17,25,29.56,,0,0,0,41.7,43.0,45.3,0.34,0.29,0.29
JORD,2015-12-01 13:35:00 EST,43.06980,-76.47006,402,39.8,39.5,35.8,94.9,38.4,0.000,0.105,0.00,0.010,5.5,7.7,1.1,54,14,6.2,9.8,1.2,57,14,5.5,7.7,1.1,54,14,22,29.56,,0,0,0,41.7,43.0,45.3,0.34,0.30,0.29
JORD,2015-12-01 13:40:00 EST,43.06980,-76.47006,402,39.8,39.6,35.9,95.2,38.5,0.000,0.105,0.00,0.006,5.5,8.6,1.8,49,13,5.9,9.4,1.8,50,14,5.5,8.6,1.8,49,13,17,29.56,,0,0,0,41.7,43.0,45.3,0.35,0.29,0.29
JORD,2015-12-01 13:45:00 EST,43.06980,-76.47006,402,39.9,39.7,39.9,95.3,38.7,0.000,0.105,0.00,0.002,2.7,6.0,1.3,42,24,3.3,6.9,1.5,48,23,2.7,6.0,1.3,42,24,14,29.56,,0,0,0,41.7,43.0,45.3,0.35,0.30,0.29
JORD,2015-12-01 13:50:00 EST,43.06980,-76.47006,402,39.8,39.6,37.1,95.1,38.5,0.000,0.105,0.00,0.000,4.0,7.7,1.2,60,17,4.8,9.2,1.4,63,16,4.0,7.7,1.2,60,17,13,29.56,,0,0,0,41.7,42.9,45.3,0.35,0.30,0.29
JORD,2015-12-01 13:55:00 EST,43.06980,-76.47006,402,39.8,39.6,37.4,95.2,38.6,0.000,0.105,0.00,0.000,3.7,6.8,1.3,79,15,4.5,8.1,1.5,82,14,3.7,6.8,1.3,79,15,12,29.56,,0,0,0,41.7,43.0,45.3,0.35,0.30,0.29
JORD,2015-12-01 14:00:00 EST,43.06980,-76.47006,402,39.9,39.7,36.7,95.4,38.7,0.000,0.105,0.00,0.000,4.6,7.1,0.9,92,11,5.4,8.1,1.1,92,9,4.6,7.1,0.9,92,11,14,29.55,,0,0,0,41.8,43.0,45.3,0.35,0.30,0.29
JORD,2015-12-01 14:05:00 EST,43.06980,-76.47006,402,39.9,39.7,36.9,95.5,38.8,0.000,0.105,0.00,0.000,4.4,6.1,0.8,95,12,5.1,7.2,1.0,95,11,4.4,6.1,0.8,95,12,20,29.54,,0,0,0,41.9,43.0,45.3,0.35,0.29,0.29
JORD,2015-12-01 14:10:00 EST,43.06980,-76.47006,402,40.1,39.8,37.0,95.6,38.9,0.000,0.105,0.00,0.000,4.5,7.2,0.9,109,8,5.2,9.6,1.2,107,8,4.5,7.2,0.9,109,8,28,29.54,,0,0,0,41.9,43.0,45.3,0.35,0.30,0.29
JORD,2015-12-01 14:15:00 EST,43.06980,-76.47006,402,40.2,39.9,38.1,95.6,39.0,0.000,0.105,0.00,0.000,3.5,5.7,0.8,101,10,4.1,6.9,1.1,100,9,3.5,5.7,0.8,101,10,33,29.53,,0,0,0,41.9,43.0,45.3,0.35,0.29,0.29
JORD,2015-12-01 14:20:00 EST,43.06980,-76.47006,402,40.3,40.1,40.3,95.9,39.3,0.000,0.105,0.00,0.000,2.2,3.4,0.5,50,32,2.7,4.0,0.6,53,32,2.2,3.4,0.5,50,32,29,29.53,,0,0,0,41.9,43.0,45.3,0.35,0.29,0.29
JORD,2015-12-01 14:25:00 EST,43.06980,-76.47006,402,40.6,40.4,40.6,96.1,39.6,0.000,0.105,0.00,0.000,2.6,4.8,1.1,2,15,3.1,6.0,1.3,4,15,2.6,4.8,1.1,2,15,19,29.53,,0,0,0,41.9,43.0,45.3,0.35,0.30,0.29
JORD,2015-12-01 14:30:00 EST,43.06980,-76.47006,402,40.8,40.7,37.6,96.0,39.8,0.000,0.105,0.00,0.000,4.7,6.6,0.8,8,12,5.3,7.8,1.1,8,6,4.7,6.6,0.8,8,12,16,29.53,,0,0,0,41.9,43.0,45.3,0.35,0.30,0.29
JORD,2015-12-01 14:35:00 EST,43.06980,-76.47006,402,41.1,40.9,41.1,96.1,40.0,0.000,0.105,0.00,0.000,2.9,5.0,0.9,8,17,3.5,6.3,1.1,10,15,2.9,5.0,0.9,8,17,14,29.53,,0,0,0,41.9,43.0,45.3,0.35,0.30,0.29
JORD,2015-12-01 14:40:00 EST,43.06980,-76.47006,402,41.5,41.4,41.5,95.9,40.4,0.000,0.105,0.00,0.000,2.8,4.7,0.6,40,19,3.1,5.1,0.9,43,19,2.8,4.7,0.6,40,19,11,29.53,,0,0,0,42.0,43.0,45.3,0.35,0.30,0.29
JORD,2015-12-01 14:45:00 EST,43.06980,-76.47006,402,41.9,41.8,41.9,95.3,40.7,0.000,0.105,0.00,0.000,2.9,4.5,0.7,50,14,3.3,5.4,0.9,51,14,2.9,4.5,0.7,50,14,10,29.53,,0,0,0,42.0,43.0,45.3,0.35,0.30,0.29
JORD,2015-12-01 14:50:00 EST,43.06980,-76.47006,402,41.8,41.7,40.2,94.3,40.3,0.000,0.105,0.00,0.000,3.2,5.3,0.8,74,11,3.9,6.7,1.0,75,10,3.2,5.3,0.8,74,11,9,29.53,,0,0,0,42.0,43.0,45.3,0.35,0.30,0.29
JORD,2015-12-01 14:55:00 EST,43.06980,-76.47006,402,41.7,41.6,41.7,94.6,40.3,0.000,0.105,0.00,0.000,2.4,3.6,0.7,77,13,3.0,4.7,0.8,80,13,2.4,3.6,0.7,77,13,9,29.53,,0,0,0,42.1,43.0,45.3,0.35,0.30,0.29
JORD,2015-12-01 15:00:00 EST,43.06980,-76.47006,402,41.7,41.5,41.7,94.8,40.3,0.000,0.105,0.00,0.000,1.6,3.3,0.6,54,19,2.0,4.9,0.8,57,18,1.6,3.3,0.6,54,19,8,29.53,,0,0,0,42.1,43.0,45.3,0.35,0.29,0.29
JORD,2015-12-01 15:05:00 EST,43.06980,-76.47006,402,41.6,41.4,41.6,94.9,40.2,0.000,0.105,0.00,0.000,2.5,3.8,0.7,50,19,2.8,4.7,0.7,54,19,2.5,3.8,0.7,50,19,10,29.53,,0,0,0,42.1,43.1,45.3,0.35,0.30,0.29
JORD,2015-12-01 15:10:00 EST,43.06980,-76.47006,402,41.7,41.6,41.7,95.2,40.4,0.000,0.105,0.00,0.000,2.4,4.2,0.9,65,12,2.9,4.9,0.9,66,14,2.4,4.2,0.9,65,12,10,29.53,,0,0,0,42.1,43.1,45.3,0.35,0.30,0.29
JORD,2015-12-01 15:15:00 EST,43.06980,-76.47006,402,41.6,41.4,41.6,94.9,40.2,0.000,0.105,0.00,0.000,2.4,4.0,0.7,58,17,2.8,5.8,1.0,61,17,2.4,4.0,0.7,58,17,10,29.53,,0,0,0,42.1,43.1,45.3,0.35,0.30,0.29
JORD,2015-12-01 15:20:00 EST,43.06980,-76.47006,402,41.6,41.5,41.6,95.3,40.4,0.003,0.107,0.00,0.003,2.7,4.6,1.2,55,13,3.3,5.4,1.3,55,15,2.7,4.6,1.2,55,13,11,29.53,,0,0,0,42.1,43.1,45.3,0.35,0.30,0.29
JORD,2015-12-01 15:25:00 EST,43.06980,-76.47006,402,41.9,42.2,41.9,96.0,40.9,0.002,0.109,0.00,0.004,1.6,2.6,0.6,59,21,2.1,3.4,0.5,63,20,1.6,2.6,0.6,59,21,11,29.53,,0,0,0,42.1,43.1,45.3,0.35,0.30,0.29
JORD,2015-12-01 15:30:00 EST,43.06980,-76.47006,402,42.5,43.0,42.5,96.3,41.5,0.000,0.109,0.00,0.004,2.1,3.1,0.5,39,19,2.4,4.9,0.7,41,20,2.1,3.1,0.5,39,19,9,29.53,,0,0,0,42.1,43.1,45.3,0.35,0.30,0.29
JORD,2015-12-01 15:35:00 EST,43.06980,-76.47006,402,42.3,42.5,40.9,96.2,41.3,0.000,0.109,0.00,0.004,3.0,5.0,0.7,30,12,3.4,5.6,0.8,32,12,3.0,5.0,0.7,30,12,10,29.53,,0,0,0,42.1,43.1,45.3,0.35,0.30,0.29
JORD,2015-12-01 15:40:00 EST,43.06980,-76.47006,402,42.3,42.4,42.3,96.5,41.3,0.022,0.130,0.32,0.026,3.0,6.6,1.3,68,38,3.6,8.3,1.4,68,34,3.0,6.6,1.3,68,38,13,29.52,,0,0,0,42.1,43.1,45.3,0.35,0.29,0.29
JORD,2015-12-01 15:45:00 EST,43.06980,-76.47006,402,43.9,45.0,41.5,96.0,42.9,0.009,0.139,0.00,0.034,4.5,8.8,1.5,95,27,5.3,9.8,1.8,93,23,4.5,8.8,1.5,95,27,14,29.52,,0,0,0,42.1,43.1,45.3,0.35,0.30,0.29
JORD,2015-12-01 15:50:00 EST,43.06980,-76.47006,402,43.4,43.9,42.1,94.7,42.0,0.003,0.142,0.00,0.038,3.2,5.3,1.0,51,20,3.7,6.5,1.2,52,19,3.2,5.3,1.0,51,20,16,29.52,,0,0,0,42.2,43.1,45.3,0.35,0.30,0.29
JORD,2015-12-01 15:55:00 EST,43.06980,-76.47006,402,42.9,43.0,40.4,95.1,41.6,0.000,0.142,0.00,0.038,4.3,6.2,0.6,45,7,4.9,7.6,0.8,45,7,4.3,6.2,0.6,45,7,17,29.52,,0,0,0,42.3,43.2,45.3,0.35,0.30,0.29
JORD,2015-12-01 16:00:00 EST,43.06980,-76.47006,402,42.9,42.9,40.8,95.7,41.7,0.000,0.142,0.00,0.038,3.8,6.3,1.1,62,17,4.5,7.8,1.3,63,16,3.8,6.3,1.1,62,17,13,29.51,,0,0,0,42.3,43.2,45.3,0.35,0.30,0.29
JORD,2015-12-01 16:05:00 EST,43.06980,-76.47006,402,44.2,45.2,41.7,96.7,43.3,0.000,0.142,0.00,0.038,4.6,10.4,2.1,120,24,5.4,11.4,2.1,116,21,4.6,10.4,2.1,120,24,11,29.51,,0,0,0,42.3,43.2,45.3,0.35,0.30,0.29
JORD,2015-12-01 16:10:00 EST,43.06980,-76.47006,402,47.7,48.4,45.4,90.9,45.1,0.000,0.142,0.00,0.038,5.1,10.5,1.7,114,21,5.8,11.6,2.0,111,19,5.1,10.5,1.7,114,21,7,29.51,,0,0,0,42.3,43.2,45.3,0.36,0.30,0.29
JORD,2015-12-01 16:15:00 EST,43.06980,-76.47006,402,48.2,48.7,48.2,87.7,44.7,0.000,0.142,0.00,0.038,2.0,5.0,1.2,120,30,2.5,5.8,1.2,119,31,2.0,5.0,1.2,120,30,5,29.51,,0,0,0,42.3,43.1,45.3,0.36,0.30,0.29
JORD,2015-12-01 16:20:00 EST,43.06980,-76.47006,402,48.4,48.8,46.6,87.3,44.8,0.000,0.142,0.00,0.035,4.6,8.3,1.7,116,21,5.3,9.4,1.7,113,20,4.6,8.3,1.7,116,21,6,29.51,,0,0,0,42.3,43.2,45.3,0.36,0.29,0.29
JORD,2015-12-01 16:25:00 EST,43.06980,-76.47006,402,48.5,48.9,47.6,85.9,44.5,0.000,0.142,0.00,0.033,3.4,6.6,1.3,104,30,4.0,7.6,1.5,101,26,3.4,6.6,1.3,104,30,3,29.51,,0,0,0,42.3,43.1,45.3,0.36,0.30,0.29
JORD,2015-12-01 16:30:00 EST,43.06980,-76.47006,402,48.8,49.1,48.8,86.1,44.8,0.000,0.142,0.00,0.033,2.7,7.2,1.2,125,17,3.1,7.4,1.3,123,19,2.7,7.2,1.2,125,17,1,29.51,,0,0,0,42.3,43.2,45.3,0.36,0.29,0.29
JORD,2015-12-01 16:35:00 EST,43.06980,-76.47006,402,49.0,49.4,47.4,84.9,44.7,0.000,0.142,0.00,0.033,4.5,7.2,0.9,124,19,5.1,8.5,1.1,123,19,4.5,7.2,0.9,124,19,1,29.51,,0,0,0,42.4,43.2,45.3,0.36,0.30,0.29
JORD,2015-12-01 16:40:00 EST,43.06980,-76.47006,402,49.3,49.5,46.9,84.2,44.7,0.000,0.142,0.00,0.012,5.7,11.7,1.8,138,19,6.2,12.1,1.9,137,20,5.7,11.7,1.8,138,19,0,29.51,,0,0,0,42.4,43.1,45.3,0.37,0.29,0.29
JORD,2015-12-01 16:45:00 EST,43.06980,-76.47006,402,49.6,49.8,48.0,83.4,44.8,0.000,0.142,0.00,0.003,4.6,7.3,1.2,146,13,5.1,7.8,1.3,145,14,4.6,7.3,1.2,146,13,0,29.51,,0,0,0,42.4,43.2,45.3,0.37,0.30,0.29
JORD,2015-12-01 16:50:00 EST,43.06980,-76.47006,402,49.3,49.6,47.6,84.0,44.7,0.000,0.142,0.00,0.000,4.6,6.4,0.9,120,10,5.1,7.2,1.0,120,10,4.6,6.4,0.9,120,10,0,29.51,,0,0,0,42.4,43.2,45.3,0.37,0.29,0.29
JORD,2015-12-01 16:55:00 EST,43.06980,-76.47006,402,49.2,49.5,47.4,84.3,44.7,0.000,0.142,0.00,0.000,4.9,6.4,0.7,125,9,5.3,6.9,0.8,124,7,4.9,6.4,0.7,125,9,0,29.50,,0,0,0,42.4,43.2,45.3,0.37,0.30,0.29
JORD,2015-12-01 17:00:00 EST,43.06980,-76.47006,402,49.3,49.5,47.2,84.5,44.8,0.000,0.142,0.00,0.000,5.4,10.1,1.3,133,17,5.9,11.2,1.5,132,18,5.4,10.1,1.3,133,17,0,29.50,,0,0,0,42.4,43.2,45.3,0.37,0.30,0.29
JORD,2015-12-01 17:05:00 EST,43.06980,-76.47006,402,49.5,49.7,47.2,83.9,44.9,0.000,0.142,0.00,0.000,5.9,8.8,1.4,125,13,6.6,10.1,1.5,124,12,5.9,8.8,1.4,125,13,0,29.50,,0,0,0,42.4,43.2,45.2,0.37,0.30,0.29
JORD,2015-12-01 17:10:00 EST,43.06980,-76.47006,402,49.5,49.7,47.5,83.7,44.8,0.000,0.142,0.00,0.000,5.2,10.2,2.0,111,15,5.8,10.7,2.2,110,14,5.2,10.2,2.0,111,15,0,29.49,,0,0,0,42.4,43.2,45.3,0.37,0.29,0.29
JORD,2015-12-01 17:15:00 EST,43.06980,-76.47006,402,49.5,49.7,47.7,84.2,44.9,0.000,0.142,0.00,0.000,4.9,7.3,1.1,119,16,5.3,8.1,1.2,116,16,4.9,7.3,1.1,119,16,0,29.49,,0,0,0,42.4,43.2,45.3,0.37,0.30,0.29
JORD,2015-12-01 17:20:00 EST,43.06980,-76.47006,402,49.6,49.7,48.2,83.2,44.7,0.000,0.142,0.00,0.000,4.3,6.6,1.3,104,17,5.0,7.6,1.4,103,14,4.3,6.6,1.3,104,17,0,29.49,,0,0,0,42.4,43.2,45.3,0.37,0.30,0.29
JORD,2015-12-01 17:25:00 EST,43.06980,-76.47006,402,49.3,49.7,46.8,83.9,44.7,0.000,0.142,0.00,0.000,6.2,9.6,1.3,105,11,7.1,11.6,1.6,104,10,6.2,9.6,1.3,105,11,0,29.49,,0,0,0,42.5,43.2,45.3,0.37,0.30,0.29
JORD,2015-12-01 17:30:00 EST,43.06980,-76.47006,402,49.6,49.8,47.0,82.8,44.6,0.000,0.142,0.00,0.000,6.5,9.4,1.1,114,13,7.2,11.2,1.4,112,12,6.5,9.4,1.1,114,13,0,29.48,,0,0,0,42.6,43.2,45.2,0.37,0.29,0.29
JORD,2015-12-01 17:35:00 EST,43.06980,-76.47006,402,49.5,49.8,46.5,83.1,44.6,0.000,0.142,0.00,0.000,7.2,12.8,2.1,120,12,7.7,13.4,2.3,118,11,7.2,12.8,2.1,120,12,0,29.49,,0,0,0,42.6,43.2,45.3,0.37,0.30,0.29
JORD,2015-12-01 17:40:00 EST,43.06980,-76.47006,402,49.9,50.1,47.1,82.1,44.6,0.000,0.142,0.00,0.000,6.8,10.4,1.6,137,12,7.3,10.7,1.7,135,12,6.8,10.4,1.6,137,12,0,29.49,,0,0,0,42.6,43.2,45.3,0.37,0.30,0.29
JORD,2015-12-01 17:45:00 EST,43.06980,-76.47006,402,49.9,50.2,47.5,82.1,44.7,0.000,0.142,0.00,0.000,6.3,11.7,2.5,134,14,6.8,12.5,2.6,134,15,6.3,11.7,2.5,134,14,0,29.49,,0,0,0,42.6,43.3,45.3,0.37,0.30,0.29
JORD,2015-12-01 17:50:00 EST,43.06980,-76.47006,402,50.0,50.2,50.0,82.1,44.8,0.000,0.142,0.00,0.000,6.8,11.9,2.1,147,15,7.3,12.5,2.2,147,16,6.8,11.9,2.1,147,15,0,29.49,,0,0,0,42.6,43.3,45.2,0.37,0.30,0.29
JORD,2015-12-01 17:55:00 EST,43.06980,-76.47006,402,50.2,50.3,50.2,82.0,44.9,0.000,0.142,0.00,0.000,5.2,8.0,1.4,136,16,5.6,10.3,1.6,136,17,5.2,8.0,1.4,136,16,0,29.49,,0,0,0,42.6,43.3,45.2,0.37,0.29,0.29
JORD,2015-12-01 18:00:00 EST,43.06980,-76.47006,402,49.9,50.2,48.1,82.5,44.7,0.000,0.142,0.00,0.000,4.9,6.8,0.9,137,9,5.4,8.1,1.0,135,8,4.9,6.8,0.9,137,9,0,29.49,,0,0,0,42.6,43.3,45.2,0.37,0.30,0.29
JORD,2015-12-01 18:05:00 EST,43.06980,-76.47006,402,49.8,50.2,47.9,82.9,44.9,0.000,0.142,0.00,0.000,5.3,8.4,1.0,131,12,5.8,8.5,1.1,130,10,5.3,8.4,1.0,131,12,0,29.49,,0,0,0,42.6,43.3,45.2,0.37,0.30,0.29
JORD,2015-12-01 18:10:00 EST,43.06980,-76.47006,402,49.9,50.3,47.4,82.7,44.9,0.000,0.142,0.00,0.000,6.3,10.5,2.0,141,16,7.1,12.5,2.2,142,17,6.3,10.5,2.0,141,16,0,29.48,,0,0,0,42.7,43.3,45.2,0.37,0.30,0.29
JORD,2015-12-01 18:15:00 EST,43.06980,-76.47006,402,50.2,50.4,50.2,81.8,44.8,0.000,0.142,0.00,0.000,7.1,12.6,2.2,141,15,7.7,13.2,2.3,142,16,7.1,12.6,2.2,141,15,0,29.48,,0,0,0,42.8,43.3,45.2,0.37,0.30,0.29
JORD,2015-12-01 18:20:00 EST,43.06980,-76.47006,402,50.1,50.4,50.1,81.9,44.8,0.000,0.142,0.00,0.000,5.9,9.8,1.6,140,20,6.7,11.9,1.9,140,21,5.9,9.8,1.6,140,20,0,29.48,,0,0,0,42.8,43.3,45.2,0.37,0.30,0.29
JORD,2015-12-01 18:25:00 EST,43.06980,-76.47006,402,50.5,50.6,50.5,80.8,44.8,0.000,0.142,0.00,0.000,5.7,9.6,1.7,136,23,6.4,11.4,1.9,135,23,5.7,9.6,1.7,136,23,0,29.48,,0,0,0,42.8,43.3,45.3,0.37,0.29,0.29
JORD,2015-12-01 18:30:00 EST,43.06980,-76.47006,402,50.5,50.6,50.5,80.8,44.8,0.000,0.142,0.00,0.000,4.4,9.6,1.5,140,21,4.9,10.7,1.5,138,21,4.4,9.6,1.5,140,21,0,29.48,,0,0,0,42.8,43.3,45.3,0.37,0.30,0.29
JORD,2015-12-01 18:35:00 EST,43.06980,-76.47006,402,50.6,50.8,50.6,80.5,44.8,0.000,0.142,0.00,0.000,4.2,9.7,1.8,158,25,4.8,11.6,2.1,157,25,4.2,9.7,1.8,158,25,0,29.48,,0,0,0,42.8,43.3,45.3,0.37,0.30,0.29
JORD,2015-12-01 18:40:00 EST,43.06980,-76.47006,402,50.7,50.8,50.7,80.3,44.9,0.000,0.142,0.00,0.000,4.4,8.4,1.8,141,18,4.9,9.4,2.0,142,18,4.4,8.4,1.8,141,18,0,29.48,,0,0,0,42.8,43.3,45.2,0.37,0.30,0.29
JORD,2015-12-01 18:45:00 EST,43.06980,-76.47006,402,50.7,50.8,50.7,80.5,45.0,0.000,0.142,0.00,0.000,4.3,8.1,1.7,176,24,4.9,8.9,1.8,176,22,4.3,8.1,1.7,176,24,0,29.48,,0,0,0,42.8,43.3,45.2,0.37,0.30,0.29
JORD,2015-12-01 18:50:00 EST,43.06980,-76.47006,402,50.6,50.8,50.6,80.6,44.8,0.000,0.142,0.00,0.000,5.9,9.0,1.4,137,12,6.4,9.2,1.5,136,13,5.9,9.0,1.4,137,12,0,29.48,,0,0,0,42.8,43.3,45.2,0.37,0.30,0.29
JORD,2015-12-01 18:55:00 EST,43.06980,-76.47006,402,50.5,50.7,50.5,81.4,45.0,0.000,0.142,0.00,0.000,5.0,11.0,1.5,149,15,5.7,11.9,1.7,149,15,5.0,11.0,1.5,149,15,0,29.48,,0,0,0,42.8,43.3,45.3,0.37,0.30,0.29
JORD,2015-12-01 19:00:00 EST,43.06980,-76.47006,402,50.5,50.7,50.5,81.2,44.9,0.000,0.142,0.00,0.000,4.3,7.7,1.0,149,13,4.9,8.7,1.2,150,15,4.3,7.7,1.0,149,13,0,29.48,,0,0,0,42.9,43.3,45.2,0.37,0.30,0.29
JORD,2015-12-01 19:05:00 EST,43.06980,-76.47006,402,50.5,50.7,50.5,81.1,44.9,0.000,0.142,0.00,0.000,4.3,8.0,1.3,133,20,4.9,9.6,1.4,134,20,4.3,8.0,1.3,133,20,0,29.48,,0,0,0,42.9,43.3,45.2,0.37,0.30,0.29
JORD,2015-12-01 19:10:00 EST,43.06980,-76.47006,402,50.3,50.6,50.3,81.2,44.8,0.000,0.142,0.00,0.000,3.9,6.7,1.1,113,22,4.3,7.4,1.2,115,20,3.9,6.7,1.1,113,22,0,29.48,,0,0,0,43.0,43.3,45.3,0.37,0.30,0.29
JORD,2015-12-01 19:15:00 EST,43.06980,-76.47006,402,50.5,50.8,50.5,80.2,44.6,0.000,0.142,0.00,0.000,4.9,8.8,1.3,106,17,5.3,9.4,1.4,108,15,4.9,8.8,1.3,106,17,0,29.47,,0,0,0,43.0,43.3,45.2,0.37,0.30,0.29
JORD,2015-12-01 19:20:00 EST,43.06980,-76.47006,402,50.5,50.8,50.5,80.2,44.6,0.000,0.142,0.00,0.000,4.7,7.7,1.1,125,14,5.2,8.5,1.2,126,14,4.7,7.7,1.1,125,14,0,29.47,,0,0,0,43.0,43.4,45.3,0.37,0.30,0.29
JORD,2015-12-01 19:25:00 EST,43.06980,-76.47006,402,50.5,50.8,50.5,79.8,44.5,0.000,0.142,0.00,0.000,4.0,7.8,1.4,121,14,4.4,8.3,1.4,122,12,4.0,7.8,1.4,121,14,0,29.47,,0,0,0,43.0,43.4,45.2,0.37,0.30,0.29
JORD,2015-12-01 19:30:00 EST,43.06980,-76.47006,402,50.1,50.7,50.1,80.8,44.5,0.000,0.142,0.00,0.000,3.3,7.5,1.5,109,26,3.6,8.1,1.6,109,24,3.3,7.5,1.5,109,26,0,29.46,,0,0,0,43.0,43.4,45.3,0.37,0.30,0.29
JORD,2015-12-01 19:35:00 EST,43.06980,-76.47006,402,50.4,51.0,50.4,80.7,44.7,0.000,0.142,0.00,0.000,3.7,5.8,0.8,114,11,4.0,6.0,0.8,114,11,3.7,5.8,0.8,114,11,0,29.46,,0,0,0,43.0,43.4,45.2,0.37,0.30,0.29
JORD,2015-12-01 19:40:00 EST,43.06980,-76.47006,402,50.6,51.0,50.6,79.7,44.6,0.000,0.142,0.00,0.000,3.5,6.8,1.0,118,14,3.8,7.6,1.0,119,13,3.5,6.8,1.0,118,14,0,29.46,,0,0,0,43.1,43.4,45.2,0.37,0.29,0.29
JORD,2015-12-01 19:45:00 EST,43.06980,-76.47006,402,50.6,51.0,50.6,79.5,44.5,0.000,0.142,0.00,0.000,3.5,5.7,0.9,122,22,3.9,6.9,1.1,121,21,3.5,5.7,0.9,122,22,0,29.47,,0,0,0,43.1,43.4,45.2,0.37,0.30,0.29
JORD,2015-12-01 19:50:00 EST,43.06980,-76.47006,402,50.7,51.1,50.7,79.4,44.5,0.000,0.142,0.00,0.000,4.6,8.0,1.6,137,15,5.0,8.9,1.7,136,14,4.6,8.0,1.6,137,15,0,29.46,,0,0,0,43.1,43.5,45.2,0.37,0.30,0.29
JORD,2015-12-01 19:55:00 EST,43.06980,-76.47006,402,50.6,51.0,50.6,79.5,44.5,0.000,0.142,0.00,0.000,2.2,5.4,1.1,115,17,2.5,5.8,1.2,117,19,2.2,5.4,1.1,115,17,0,29.46,,0,0,0,43.2,43.4,45.2,0.37,0.29,0.29
JORD,2015-12-01 20:00:00 EST,43.06980,-76.47006,402,51.0,51.3,51.0,79.3,44.8,0.000,0.142,0.00,0.000,4.9,9.0,1.8,150,24,5.4,10.5,2.1,152,25,4.9,9.0,1.8,150,24,0,29.46,,0,0,0,43.1,43.5,45.2,0.37,0.30,0.29
JORD,2015-12-01 20:05:00 EST,43.06980,-76.47006,402,50.6,51.1,50.6,79.2,44.4,0.000,0.142,0.00,0.000,3.4,6.9,1.2,130,18,3.9,7.8,1.4,130,17,3.4,6.9,1.2,130,18,0,29.47,,0,0,0,43.1,43.5,45.2,0.37,0.30,0.29
JORD,2015-12-01 20:10:00 EST,43.06980,-76.47006,402,50.5,51.0,50.5,80.0,44.5,0.000,0.142,0.00,0.000,2.7,5.4,1.4,136,35,3.1,5.8,1.4,135,34,2.7,5.4,1.4,136,35,0,29.47,,0,0,0,43.1,43.5,45.2,0.37,0.30,0.29
JORD,2015-12-01 20:15:00 EST,43.06980,-76.47006,402,50.8,51.2,50.8,79.7,44.7,0.000,0.142,0.00,0.000,3.8,5.6,0.9,147,24,4.2,6.5,1.1,146,23,3.8,5.6,0.9,147,24,0,29.47,,0,0,0,43.2,43.5,45.2,0.37,0.30,0.29
JORD,2015-12-01 20:20:00 EST,43.06980,-76.47006,402,50.5,51.0,50.5,79.6,44.4,0.000,0.142,0.00,0.000,2.7,4.2,0.8,127,32,3.2,5.6,0.9,125,30,2.7,4.2,0.8,127,32,0,29.46,,0,0,0,43.2,43.5,45.2,0.37,0.30,0.29
JORD,2015-12-01 20:25:00 EST,43.06980,-76.47006,402,50.9,51.4,50.9,79.2,44.7,0.000,0.142,0.00,0.000,3.9,8.3,1.5,111,39,4.6,9.8,1.8,113,39,3.9,8.3,1.5,111,39,0,29.46,,0,0,0,43.2,43.5,45.2,0.37,0.30,0.29
JORD,2015-12-01 20:30:00 EST,43.06980,-76.47006,402,50.6,51.3,50.6,80.0,44.7,0.000,0.142,0.00,0.000,4.4,6.9,1.1,114,15,4.8,8.1,1.2,114,14,4.4,6.9,1.1,114,15,0,29.46,,0,0,0,43.2,43.5,45.2,0.37,0.30,0.29
JORD,2015-12-01 20:35:00 EST,43.06980,-76.47006,402,51.0,51.3,51.0,78.7,44.7,0.000,0.142,0.00,0.000,3.7,6.1,1.0,116,25,4.1,6.7,1.2,117,25,3.7,6.1,1.0,116,25,0,29.46,,0,0,0,43.2,43.5,45.2,0.37,0.30,0.29
JORD,2015-12-01 20:40:00 EST,43.06980,-76.47006,402,50.8,51.4,50.8,79.2,44.6,0.000,0.142,0.00,0.000,4.5,6.8,0.9,116,14,4.9,7.4,1.0,116,13,4.5,6.8,0.9,116,14,0,29.46,,0,0,0,43.3,43.5,45.2,0.37,0.29,0.29
JORD,2015-12-01 20:45:00 EST,43.06980,-76.47006,402,51.0,51.4,51.0,78.5,44.6,0.000,0.142,0.00,0.000,5.1,8.8,1.2,123,17,5.5,9.8,1.3,122,16,5.1,8.8,1.2,123,17,0,29.46,,0,0,0,43.3,43.5,45.2,0.37,0.30,0.29
JORD,2015-12-01 20:50:00 EST,43.06980,-76.47006,402,51.1,51.3,51.1,78.2,44.5,0.000,0.142,0.00,0.000,3.0,5.0,0.7,127,19,3.3,6.3,0.8,128,18,3.0,5.0,0.7,127,19,0,29.46,,0,0,0,43.3,43.5,45.2,0.38,0.30,0.29
JORD,2015-12-01 20:55:00 EST,43.06980,-76.47006,402,51.2,51.4,51.2,78.4,44.7,0.000,0.142,0.00,0.000,5.0,9.5,1.7,128,24,5.5,10.3,1.8,129,23,5.0,9.5,1.7,128,24,0,29.45,,0,0,0,43.3,43.5,45.2,0.37,0.29,0.29
JORD,2015-12-01 21:00:00 EST,43.06980,-76.47006,402,51.2,51.3,51.2,78.0,44.6,0.000,0.142,0.00,0.000,4.6,8.5,1.4,125,11,4.9,9.4,1.6,126,11,4.6,8.5,1.4,125,11,0,29.45,,0,0,0,43.3,43.5,45.2,0.37,0.30,0.29
JORD,2015-12-01 21:05:00 EST,43.06980,-76.47006,402,51.2,51.3,51.2,78.1,44.6,0.000,0.142,0.00,0.000,4.1,6.4,1.2,125,21,4.4,7.4,1.3,125,20,4.1,6.4,1.2,125,21,0,29.45,,0,0,0,43.3,43.5,45.2,0.37,0.30,0.29
JORD,2015-12-01 21:10:00 EST,43.06980,-76.47006,402,50.9,51.2,50.9,78.6,44.5,0.000,0.142,0.00,0.000,3.7,5.4,0.8,118,18,4.0,6.9,1.0,118,17,3.7,5.4,0.8,118,18,0,29.45,,0,0,0,43.3,43.5,45.2,0.37,0.30,0.29
JORD,2015-12-01 21:15:00 EST,43.06980,-76.47006,402,50.9,51.2,50.9,78.8,44.6,0.000,0.142,0.00,0.000,5.0,7.0,1.0,146,15,5.4,8.5,1.1,144,15,5.0,7.0,1.0,146,15,0,29.45,,0,0,0,43.3,43.5,45.2,0.37,0.30,0.29
JORD,2015-12-01 21:20:00 EST,43.06980,-76.47006,402,51.1,51.3,51.1,78.4,44.6,0.000,0.142,0.00,0.000,5.9,8.6,1.3,147,23,6.6,10.1,1.5,147,23,5.9,8.6,1.3,147,23,0,29.44,,0,0,0,43.3,43.6,45.2,0.37,0.30,0.29
JORD,2015-12-01 21:25:00 EST,43.06980,-76.47006,402,51.0,51.2,51.0,78.2,44.4,0.000,0.142,0.00,0.000,5.6,8.8,1.4,137,16,6.0,10.5,1.5,136,14,5.6,8.8,1.4,137,16,0,29.44,,0,0,0,43.3,43.6,45.3,0.37,0.30,0.29
JORD,2015-12-01 21:30:00 EST,43.06980,-76.47006,402,51.2,51.3,51.2,78.1,44.6,0.000,0.142,0.00,0.000,5.8,8.3,1.0,144,14,6.1,8.7,1.1,144,13,5.8,8.3,1.0,144,14,0,29.44,,0,0,0,43.4,43.5,45.2,0.37,0.30,0.29
JORD,2015-12-01 21:35:00 EST,43.06980,-76.47006,402,50.9,51.1,50.9,78.7,44.5,0.002,0.144,0.00,0.002,4.5,7.3,1.0,127,11,4.8,8.5,1.2,127,9,4.5,7.3,1.0,127,11,0,29.44,,0,0,0,43.4,43.5,45.2,0.37,0.30,0.29
JORD,2015-12-01 21:40:00 EST,43.06980,-76.47006,402,50.4,50.6,50.4,81.6,44.9,0.005,0.149,0.00,0.007,4.5,7.1,1.1,137,11,5.0,7.6,1.2,137,11,4.5,7.1,1.1,137,11,0,29.44,,0,0,0,43.4,43.5,45.2,0.37,0.30,0.29
JORD,2015-12-01 21:45:00 EST,43.06980,-76.47006,402,50.0,50.2,47.9,84.6,45.5,0.002,0.151,0.00,0.009,5.6,9.6,2.1,140,11,6.1,10.5,2.1,139,12,5.6,9.6,2.1,140,11,0,29.44,,0,0,0,43.5,43.6,45.2,0.37,0.30,0.29
JORD,2015-12-01 21:50:00 EST,43.06980,-76.47006,402,49.8,49.9,47.4,86.7,45.9,0.004,0.155,0.00,0.013,5.9,8.3,1.2,154,17,6.5,10.5,1.5,155,18,5.9,8.3,1.2,154,17,0,29.44,,0,0,0,43.5,43.6,45.2,0.37,0.30,0.29
JORD,2015-12-01 21:55:00 EST,43.06980,-76.47006,402,49.6,49.7,47.6,87.7,46.1,0.001,0.156,0.00,0.013,5.2,10.1,2.0,143,14,5.5,10.5,2.1,143,15,5.2,10.1,2.0,143,14,0,29.44,,0,0,0,43.5,43.6,45.2,0.37,0.30,0.29
JORD,2015-12-01 22:00:00 EST,43.06980,-76.47006,402,49.5,49.6,47.9,88.3,46.2,0.001,0.156,0.00,0.014,4.6,8.8,1.8,149,19,5.2,9.8,1.9,150,20,4.6,8.8,1.8,149,19,0,29.44,,0,0,0,43.5,43.6,45.2,0.37,0.30,0.29
JORD,2015-12-01 22:05:00 EST,43.06980,-76.47006,402,49.6,49.7,49.6,88.2,46.3,0.000,0.156,0.00,0.014,2.4,5.4,1.1,146,17,2.8,6.0,1.2,144,17,2.4,5.4,1.1,146,17,0,29.44,,0,0,0,43.5,43.7,45.2,0.37,0.30,0.29
JORD,2015-12-01 22:10:00 EST,43.06980,-76.47006,402,49.7,49.9,49.7,87.5,46.1,0.000,0.156,0.00,0.014,0.6,2.2,0.6,101,35,1.4,2.7,0.5,100,37,0.6,2.2,0.6,101,35,0,29.44,,0,0,0,43.5,43.7,45.2,0.37,0.30,0.29
JORD,2015-12-01 22:15:00 EST,43.06980,-76.47006,402,49.7,49.9,49.7,87.4,46.2,0.000,0.156,0.00,0.014,1.9,4.6,1.3,138,23,2.6,5.6,1.3,137,26,1.9,4.6,1.3,138,23,0,29.44,,0,0,0,43.5,43.6,45.2,0.37,0.30,0.29
JORD,2015-12-01 22:20:00 EST,43.06980,-76.47006,402,49.8,50.1,49.8,86.9,46.1,0.000,0.156,0.00,0.014,2.7,6.7,1.9,121,26,3.3,7.8,1.9,119,30,2.7,6.7,1.9,121,26,0,29.44,,0,0,0,43.5,43.7,45.2,0.37,0.30,0.29
JORD,2015-12-01 22:25:00 EST,43.06980,-76.47006,402,50.2,50.3,50.2,85.6,46.1,0.000,0.156,0.00,0.014,3.2,6.1,1.3,175,22,3.7,6.9,1.5,173,20,3.2,6.1,1.3,175,22,0,29.43,,0,0,0,43.5,43.7,45.2,0.37,0.30,0.29
JORD,2015-12-01 22:30:00 EST,43.06980,-76.47006,402,50.1,50.2,50.1,85.5,45.9,0.000,0.156,0.00,0.014,3.4,8.3,1.6,139,19,4.0,8.5,1.5,138,21,3.4,8.3,1.6,139,19,0,29.43,,0,0,0,43.6,43.7,45.2,0.37,0.30,0.29
JORD,2015-12-01 22:35:00 EST,43.06980,-76.47006,402,50.1,50.2,50.1,85.4,45.9,0.000,0.156,0.00,0.012,3.6,8.0,1.7,134,19,4.0,8.7,1.7,135,18,3.6,8.0,1.7,134,19,0,29.43,,0,0,0,43.6,43.7,45.2,0.37,0.30,0.29
JORD,2015-12-01 22:40:00 EST,43.06980,-76.47006,402,50.2,50.3,50.2,85.8,46.1,0.000,0.156,0.00,0.007,3.4,6.5,1.3,158,17,4.1,7.8,1.6,159,18,3.4,6.5,1.3,158,17,0,29.43,,0,0,0,43.6,43.7,45.2,0.37,0.30,0.29
JORD,2015-12-01 22:45:00 EST,43.06980,-76.47006,402,50.2,50.3,50.2,85.1,45.9,0.000,0.156,0.00,0.006,3.7,7.8,2.0,157,27,4.4,9.4,2.2,156,25,3.7,7.8,2.0,157,27,0,29.43,,0,0,0,43.6,43.7,45.2,0.37,0.30,0.29
JORD,2015-12-01 22:50:00 EST,43.06980,-76.47006,402,50.2,50.2,50.2,85.6,46.0,0.003,0.160,0.00,0.005,5.4,9.6,1.9,158,18,6.0,10.5,2.1,158,18,5.4,9.6,1.9,158,18,0,29.43,,0,0,0,43.7,43.7,45.2,0.37,0.30,0.29
JORD,2015-12-01 22:55:00 EST,43.06980,-76.47006,402,49.9,49.9,48.5,86.9,46.1,0.003,0.162,0.00,0.007,4.3,8.5,1.6,158,21,4.9,9.6,1.9,160,20,4.3,8.5,1.6,158,21,0,29.43,,0,0,0,43.7,43.7,45.2,0.37,0.30,0.29
JORD,2015-12-01 23:00:00 EST,43.06980,-76.47006,402,49.5,49.5,48.6,88.7,46.4,0.006,0.168,0.00,0.012,3.7,7.2,1.3,169,32,4.4,9.4,1.5,170,31,3.7,7.2,1.3,169,32,0,29.43,,0,0,0,43.7,43.7,45.2,0.37,0.30,0.29
JORD,2015-12-01 23:05:00 EST,43.06980,-76.47006,402,49.3,49.2,49.3,90.1,46.5,0.009,0.177,0.00,0.021,1.6,4.7,1.2,172,56,2.1,5.6,1.2,157,63,1.6,4.7,1.2,172,56,0,29.43,,0,0,0,43.7,43.7,45.2,0.37,0.30,0.29
JORD,2015-12-01 23:10:00 EST,43.06980,-76.47006,402,49.2,49.2,48.3,90.8,46.6,0.002,0.179,0.00,0.022,3.5,6.7,1.7,142,29,3.9,7.6,1.9,142,29,3.5,6.7,1.7,142,29,0,29.44,,0,0,0,43.7,43.7,45.3,0.37,0.30,0.29
JORD,2015-12-01 23:15:00 EST,43.06980,-76.47006,402,49.2,49.2,48.1,91.0,46.6,0.000,0.179,0.00,0.022,3.8,7.4,1.5,149,21,4.4,8.7,1.8,151,23,3.8,7.4,1.5,149,21,0,29.43,,0,0,0,43.7,43.7,45.2,0.37,0.30,0.29
JORD,2015-12-01 23:20:00 EST,43.06980,-76.47006,402,49.1,49.1,49.1,91.1,46.6,0.009,0.188,0.00,0.031,2.6,4.4,0.6,141,28,2.9,4.7,0.8,142,29,2.6,4.4,0.6,141,28,0,29.43,,0,0,0,43.8,43.8,45.2,0.37,0.30,0.29
JORD,2015-12-01 23:25:00 EST,43.06980,-76.47006,402,49.0,49.0,49.0,92.0,46.8,0.004,0.191,0.00,0.035,1.9,4.0,1.3,130,25,2.4,5.4,1.2,130,28,1.9,4.0,1.3,130,25,0,29.43,,0,0,0,43.8,43.8,45.2,0.38,0.30,0.29
JORD,2015-12-01 23:30:00 EST,43.06980,-76.47006,402,49.0,49.1,49.0,92.2,46.8,0.001,0.192,0.00,0.036,1.4,3.3,0.8,108,50,2.2,4.9,0.9,113,54,1.4,3.3,0.8,108,50,0,29.43,,0,0,0,43.8,43.8,45.2,0.38,0.30,0.29
JORD,2015-12-01 23:35:00 EST,43.06980,-76.47006,402,49.0,49.1,49.0,92.3,46.8,0.000,0.192,0.00,0.036,1.5,3.4,0.8,103,32,1.9,4.7,0.8,107,34,1.5,3.4,0.8,103,32,0,29.42,,0,0,0,43.8,43.8,45.2,0.38,0.30,0.29
JORD,2015-12-01 23:40:00 EST,43.06980,-76.47006,402,48.7,49.0,48.7,92.7,46.7,0.000,0.192,0.00,0.036,1.6,3.1,0.8,29,26,2.0,3.1,0.6,30,29,1.6,3.1,0.8,29,26,0,29.42,,0,0,0,43.9,43.8,45.3,0.38,0.30,0.29
JORD,2015-12-01 23:45:00 EST,43.06980,-76.47006,402,48.7,49.0,48.7,94.2,47.1,0.002,0.194,0.00,0.038,1.5,3.5,0.8,18,37,1.7,4.5,0.9,18,45,1.5,3.5,0.8,18,37,0,29.42,,0,0,0,43.9,43.8,45.3,0.38,0.30,0.29
JORD,2015-12-01 23:50:00 EST,43.06980,-76.47006,402,48.9,49.3,48.9,93.5,47.1,0.005,0.199,0.00,0.040,0.7,2.7,0.6,63,54,1.1,3.1,0.6,89,61,0.7,2.7,0.6,63,54,0,29.42,,0,0,0,43.9,43.9,45.3,0.38,0.30,0.29
JORD,2015-12-01 23:55:00 EST,43.06980,-76.47006,402,48.6,48.9,48.6,94.2,47.0,0.001,0.200,0.00,0.038,0.9,2.3,0.7,11,50,1.3,2.2,0.5,358,61,0.9,2.3,0.7,11,50,0,29.42,,0,0,0,43.9,43.8,45.3,0.38,0.30,0.29
SCHU,2015-12-01 00:00:00 EST,43.11700,-73.57829,103,22.6,24.2,22.6,97.0,21.9,0.000,0.000,0.00,0.000,0.0,0.0,0.0,0,0,0.5,1.3,0.2,318,40,0.0,0.0,0.0,0,0,0,30.26,,0,0,0,35.0,38.9,42.8,0.14,0.14,0.08
SCHU,2015-12-01 00:05:00 EST,43.11700,-73.57829,103,23.1,24.1,23.1,97.5,22.5,0.000,0.000,0.00,0.000,0.0,0.0,0.0,0,0,0.4,1.3,0.2,348,50,0.0,0.0,0.0,0,0,0,30.26,,0,0,0,34.9,38.8,42.8,0.14,0.13,0.08
SCHU,2015-12-01 00:10:00 EST,43.11700,-73.57829,103,23.0,24.0,23.0,97.4,22.3,0.000,0.000,0.00,0.000,0.0,0.0,0.0,0,0,0.7,5.6,0.5,321,17,0.0,0.0,0.0,0,0,0,30.26,,0,0,0,35.0,38.9,42.8,0.14,0.14,0.08
SCHU,2015-12-01 00:15:00 EST,43.11700,-73.57829,103,22.8,23.9,22.8,97.2,22.1,0.000,0.000,0.00,0.000,0.4,1.0,0.4,268,2,0.8,1.3,0.3,269,22,0.4,1.0,0.4,268,2,0,30.26,,0,0,0,34.9,38.8,42.8,0.14,0.13,0.08
SCHU,2015-12-01 00:20:00 EST,43.11700,-73.57829,103,22.6,23.7,22.6,97.0,21.9,0.000,0.000,0.00,0.000,0.8,1.2,0.3,265,0,1.0,2.0,0.3,266,19,0.8,1.2,0.3,265,0,0,30.26,,0,0,0,34.9,38.8,42.8,0.14,0.14,0.08
SCHU,2015-12-01 00:25:00 EST,43.11700,-73.57829,103,22.8,23.6,22.8,97.2,22.1,0.000,0.000,0.00,0.000,0.0,0.4,0.1,265,0,0.4,0.9,0.2,242,21,0.0,0.4,0.1,265,0,0,30.26,,0,0,0,34.9,38.8,42.8,0.14,0.13,0.07
SCHU,2015-12-01 00:30:00 EST,43.11700,-73.57829,103,22.8,23.7,22.8,96.9,22.0,0.000,0.000,0.00,0.000,0.2,0.7,0.2,265,0,0.6,1.1,0.3,260,23,0.2,0.7,0.2,265,0,0,30.26,,0,0,0,34.9,38.9,42.8,0.14,0.13,0.08
SCHU,2015-12-01 00:35:00 EST,43.11700,-73.57829,103,22.8,23.7,22.8,96.8,22.0,0.000,0.000,0.00,0.000,0.1,0.4,0.1,265,0,0.7,1.1,0.2,304,23,0.1,0.4,0.1,265,0,0,30.26,,0,0,0,34.9,38.8,42.8,0.14,0.14,0.08
SCHU,2015-12-01 00:40:00 EST,43.11700,-73.57829,103,22.6,23.9,22.6,96.6,21.8,0.000,0.000,0.00,0.000,0.7,1.1,0.2,329,11,1.2,2.0,0.3,345,13,0.7,1.1,0.2,329,11,0,30.26,,0,0,0,34.9,38.8,42.8,0.14,0.13,0.08
SCHU,2015-12-01 00:45:00 EST,43.11700,-73.57829,103,22.4,24.1,22.4,96.6,21.6,0.000,0.000,0.00,0.000,1.1,1.4,0.1,350,5,1.8,2.5,0.2,357,9,1.1,1.4,0.1,350,5,0,30.26,,0,0,0,34.9,38.8,42.8,0.14,0.13,0.08
SCHU,2015-12-01 00:50:00 EST,43.11700,-73.57829,103,22.3,24.1,22.3,96.4,21.4,0.000,0.000,0.00,0.000,0.8,1.5,0.5,352,7,1.4,2.5,0.5,353,15,0.8,1.5,0.5,352,7,0,30.25,,0,0,0,34.9,38.8,42.8,0.14,0.14,0.08
SCHU,2015-12-01 00:55:00 EST,43.11700,-73.57829,103,22.8,23.8,22.8,97.2,22.1,0.000,0.000,0.00,0.000,0.0,0.0,0.0,0,0,0.6,1.8,0.3,10,38,0.0,0.0,0.0,0,0,0,30.25,,0,0,0,34.9,38.8,42.8,0.14,0.13,0.08
SCHU,2015-12-01 01:00:00 EST,43.11700,-73.57829,103,22.2,23.9,22.2,96.9,21.5,0.000,0.000,0.00,0.000,0.3,0.9,0.4,308,2,0.8,2.0,0.3,322,39,0.3,0.9,0.4,308,2,0,30.25,,0,0,0,34.9,38.7,42.8,0.14,0.14,0.08
SCHU,2015-12-01 01:05:00 EST,43.11700,-73.57829,103,22.4,23.8,22.4,96.7,21.6,0.000,0.000,0.00,0.000,0.7,1.2,0.2,318,12,1.0,1.8,0.3,327,15,0.7,1.2,0.2,318,12,0,30.25,,0,0,0,34.9,38.7,42.8,0.14,0.14,0.08
SCHU,2015-12-01 01:10:00 EST,43.11700,-73.57829,103,22.8,23.8,22.8,97.4,22.1,0.000,0.000,0.00,0.000,1.4,2.1,0.3,355,13,2.1,3.4,0.5,1,14,1.4,2.1,0.3,355,13,0,30.25,,0,0,0,34.9,38.7,42.8,0.14,0.14,0.08
SCHU,2015-12-01 01:15:00 EST,43.11700,-73.57829,103,22.1,23.6,22.1,96.6,21.3,0.000,0.000,0.00,0.000,0.9,2.0,0.4,1,26,1.5,2.9,0.4,5,31,0.9,2.0,0.4,1,26,0,30.25,,0,0,0,34.9,38.7,42.7,0.14,0.14,0.08
SCHU,2015-12-01 01:20:00 EST,43.11700,-73.57829,103,21.9,23.5,21.9,95.8,20.9,0.000,0.000,0.00,0.000,0.8,1.2,0.2,297,4,1.1,1.6,0.2,304,13,0.8,1.2,0.2,297,4,0,30.25,,0,0,0,34.9,38.7,42.8,0.14,0.13,0.08
SCHU,2015-12-01 01:25:00 EST,43.11700,-73.57829,103,22.4,23.5,22.4,96.6,21.5,0.000,0.000,0.00,0.000,0.5,1.2,0.4,335,12,1.2,3.1,0.4,349,14,0.5,1.2,0.4,335,12,0,30.25,,0,0,0,34.9,38.7,42.8,0.14,0.13,0.07
SCHU,2015-12-01 01:30:00 EST,43.11700,-73.57829,103,22.3,23.5,22.3,96.8,21.5,0.000,0.000,0.00,0.000,1.6,2.8,0.5,341,14,2.2,3.6,0.6,346,13,1.6,2.8,0.5,341,14,0,30.26,,0,0,0,34.9,38.7,42.7,0.14,0.13,0.08
SCHU,2015-12-01 01:35:00 EST,43.11700,-73.57829,103,22.5,23.4,22.5,96.8,21.7,0.000,0.000,0.00,0.000,1.9,2.9,0.4,346,16,2.6,4.9,0.7,351,14,1.9,2.9,0.4,346,16,0,30.26,,0,0,0,34.8,38.7,42.8,0.14,0.13,0.08
SCHU,2015-12-01 01:40:00 EST,43.11700,-73.57829,103,22.6,23.3,22.6,96.7,21.8,0.000,0.000,0.00,0.000,2.1,3.8,0.7,349,19,2.9,4.9,1.0,353,14,2.1,3.8,0.7,349,19,0,30.26,,0,0,0,34.8,38.7,42.8,0.14,0.13,0.08
SCHU,2015-12-01 01:45:00 EST,43.11700,-73.57829,103,23.0,23.3,23.0,96.0,22.0,0.000,0.000,0.00,0.000,2.3,3.4,0.7,351,9,3.3,5.6,0.8,356,10,2.3,3.4,0.7,351,9,0,30.25,,0,0,0,34.8,38.7,42.7,0.14,0.14,0.08
SCHU,2015-12-01 01:50:00 EST,43.11700,-73.57829,103,22.7,23.2,22.7,94.4,21.3,0.000,0.000,0.00,0.000,2.2,3.2,0.4,335,10,2.8,4.3,0.5,338,9,2.2,3.2,0.4,335,10,0,30.25,,0,0,0,34.8,38.7,42.7,0.14,0.14,0.08
SCHU,2015-12-01 01:55:00 EST,43.11700,-73.57829,103,23.1,23.5,23.1,95.1,21.9,0.000,0.000,0.00,0.000,2.1,3.1,0.6,0,15,2.9,4.5,0.6,4,13,2.1,3.1,0.6,0,15,0,30.26,,0,0,0,34.8,38.7,42.7,0.14,0.14,0.08
SCHU,2015-12-01 02:00:00 EST,43.11700,-73.57829,103,23.3,23.6,23.3,95.2,22.1,0.000,0.000,0.00,0.000,1.9,3.1,0.4,4,17,2.6,4.0,0.6,9,21,1.9,3.1,0.4,4,17,0,30.26,,0,0,0,34.8,38.6,42.7,0.14,0.14,0.08
SCHU,2015-12-01 02:05:00 EST,43.11700,-73.57829,103,23.2,23.5,23.2,95.2,22.1,0.000,0.000,0.00,0.000,1.6,2.9,0.5,358,15,2.4,4.3,0.7,4,17,1.6,2.9,0.5,358,15,0,30.26,,0,0,0,34.8,38.7,42.7,0.14,0.13,0.08
SCHU,2015-12-01 02:10:00 EST,43.11700,-73.57829,103,23.3,23.5,23.3,95.5,22.2,0.000,0.000,0.00,0.000,1.3,2.1,0.4,351,22,1.9,3.1,0.6,359,20,1.3,2.1,0.4,351,22,0,30.26,,0,0,0,34.7,38.7,42.7,0.14,0.13,0.08
SCHU,2015-12-01 02:15:00 EST,43.11700,-73.57829,103,23.5,23.6,23.5,95.6,22.4,0.000,0.000,0.00,0.000,2.4,3.6,0.5,339,19,3.1,4.5,0.6,343,14,2.4,3.6,0.5,339,19,0,30.26,,0,0,0,34.7,38.7,42.8,0.14,0.13,0.08
SCHU,2015-12-01 02:20:00 EST,43.11700,-73.57829,103,23.5,23.6,23.5,95.6,22.4,0.000,0.000,0.00,0.000,2.6,4.0,0.6,333,13,3.2,5.4,0.7,337,14,2.6,4.0,0.6,333,13,0,30.26,,0,0,0,34.7,38.7,42.8,0.14,0.13,0.08
SCHU,2015-12-01 02:25:00 EST,43.11700,-73.57829,103,23.4,23.5,23.4,95.2,22.3,0.000,0.000,0.00,0.000,1.8,3.4,0.7,333,21,2.3,4.0,0.8,339,19,1.8,3.4,0.7,333,21,0,30.26,,0,0,0,34.7,38.7,42.8,0.14,0.14,0.08
SCHU,2015-12-01 02:30:00 EST,43.11700,-73.57829,103,23.3,23.3,23.3,94.9,22.0,0.000,0.000,0.00,0.000,3.0,4.4,0.6,354,17,3.9,6.3,1.0,357,15,3.0,4.4,0.6,354,17,0,30.25,,0,0,0,34.7,38.6,42.7,0.14,0.13,0.07
SCHU,2015-12-01 02:35:00 EST,43.11700,-73.57829,103,23.3,23.3,23.3,94.9,22.0,0.000,0.000,0.00,0.000,2.6,4.1,0.8,353,15,3.4,5.6,1.1,356,14,2.6,4.1,0.8,353,15,0,30.25,,0,0,0,34.7,38.6,42.7,0.14,0.14,0.08
SCHU,2015-12-01 02:40:00 EST,43.11700,-73.57829,103,23.3,23.3,23.3,94.9,22.0,0.000,0.000,0.00,0.000,2.7,4.4,0.8,338,12,3.3,5.4,0.9,341,12,2.7,4.4,0.8,338,12,0,30.25,,0,0,0,34.6,38.6,42.7,0.14,0.14,0.08
SCHU,2015-12-01 02:45:00 EST,43.11700,-73.57829,103,23.4,23.4,23.4,94.8,22.1,0.000,0.000,0.00,0.000,1.7,3.0,0.6,335,26,2.2,4.3,0.7,341,23,1.7,3.0,0.6,335,26,0,30.25,,0,0,0,34.7,38.6,42.7,0.14,0.14,0.08
SCHU,2015-12-01 02:50:00 EST,43.11700,-73.57829,103,23.5,23.5,23.5,94.7,22.2,0.000,0.000,0.00,0.000,2.3,3.7,0.5,323,14,2.5,4.9,0.7,328,16,2.3,3.7,0.5,323,14,0,30.25,,0,0,0,34.6,38.6,42.7,0.14,0.14,0.07
SCHU,2015-12-01 02:55:00 EST,43.11700,-73.57829,103,23.7,23.7,23.7,94.0,22.2,0.000,0.000,0.00,0.000,1.7,3.0,0.6,316,21,1.9,3.1,0.6,324,21,1.7,3.0,0.6,316,21,0,30.25,,0,0,0,34.6,38.5,42.7,0.14,0.13,0.08
SCHU,2015-12-01 03:00:00 EST,43.11700,-73.57829,103,23.9,24.0,23.9,93.7,22.4,0.000,0.000,0.00,0.000,1.7,3.7,0.7,333,15,2.3,4.9,0.9,338,17,1.7,3.7,0.7,333,15,0,30.25,,0,0,0,34.5,38.6,42.7,0.14,0.13,0.08
SCHU,2015-12-01 03:05:00 EST,43.11700,-73.57829,103,24.1,24.1,24.1,93.1,22.4,0.000,0.000,0.00,0.000,2.7,4.2,0.7,332,18,3.2,5.4,1.0,336,16,2.7,4.2,0.7,332,18,0,30.25,,0,0,0,34.5,38.6,42.7,0.14,0.14,0.07
SCHU,2015-12-01 03:10:00 EST,43.11700,-73.57829,103,24.1,24.2,24.1,92.4,22.2,0.000,0.000,0.00,0.000,2.6,4.2,0.8,351,23,3.5,7.4,1.1,357,23,2.6,4.2,0.8,351,23,0,30.24,,0,0,0,34.5,38.5,42.7,0.14,0.13,0.08
SCHU,2015-12-01 03:15:00 EST,43.11700,-73.57829,103,24.2,24.2,24.2,92.5,22.3,0.000,0.000,0.00,0.000,2.4,4.4,0.9,356,22,3.1,6.0,1.0,0,20,2.4,4.4,0.9,356,22,0,30.24,,0,0,0,34.5,38.5,42.7,0.14,0.13,0.08
SCHU,2015-12-01 03:20:00 EST,43.11700,-73.57829,103,24.2,24.1,24.2,92.9,22.4,0.000,0.000,0.00,0.000,2.0,3.9,0.8,358,17,2.8,5.1,1.0,0,17,2.0,3.9,0.8,358,17,0,30.24,,0,0,0,34.5,38.5,42.7,0.14,0.13,0.08
SCHU,2015-12-01 03:25:00 EST,43.11700,-73.57829,103,24.3,24.3,24.3,93.4,22.7,0.000,0.000,0.00,0.000,2.0,3.9,0.7,351,21,2.7,5.6,0.9,354,20,2.0,3.9,0.7,351,21,0,30.24,,0,0,0,34.4,38.5,42.7,0.13,0.14,0.08
SCHU,2015-12-01 03:30:00 EST,43.11700,-73.57829,103,24.4,24.4,24.4,92.8,22.6,0.000,0.000,0.00,0.000,2.1,3.4,0.7,333,30,2.7,5.1,0.9,338,31,2.1,3.4,0.7,333,30,0,30.24,,0,0,0,34.4,38.5,42.7,0.14,0.13,0.08
SCHU,2015-12-01 03:35:00 EST,43.11700,-73.57829,103,24.5,24.5,24.5,93.1,22.8,0.000,0.000,0.00,0.000,2.1,3.8,0.8,336,17,2.7,5.6,1.0,342,19,2.1,3.8,0.8,336,17,0,30.24,,0,0,0,34.4,38.5,42.7,0.14,0.13,0.08
SCHU,2015-12-01 03:40:00 EST,43.11700,-73.57829,103,24.6,24.6,24.6,92.9,22.9,0.000,0.000,0.00,0.000,2.3,4.2,0.6,323,15,2.4,4.7,0.7,328,15,2.3,4.2,0.6,323,15,0,30.24,,0,0,0,34.4,38.5,42.7,0.14,0.13,0.07
SCHU,2015-12-01 03:45:00 EST,43.11700,-73.57829,103,24.8,24.8,24.8,92.3,22.9,0.000,0.000,0.00,0.000,2.6,4.5,0.7,354,18,3.3,5.6,0.9,358,17,2.6,4.5,0.7,354,18,0,30.24,,0,0,0,34.4,38.5,42.6,0.14,0.13,0.08
SCHU,2015-12-01 03:50:00 EST,43.11700,-73.57829,103,24.9,24.9,24.9,91.3,22.8,0.000,0.000,0.00,0.000,2.2,3.7,0.8,358,18,2.9,4.9,1.0,2,19,2.2,3.7,0.8,358,18,0,30.23,,0,0,0,34.4,38.5,42.6,0.14,0.14,0.08
SCHU,2015-12-01 03:55:00 EST,43.11700,-73.57829,103,25.0,25.0,25.0,90.7,22.7,0.000,0.000,0.00,0.000,2.3,4.0,0.6,341,19,2.9,5.1,0.8,346,17,2.3,4.0,0.6,341,19,0,30.23,,0,0,0,34.4,38.5,42.6,0.14,0.14,0.08
SCHU,2015-12-01 04:00:00 EST,43.11700,-73.57829,103,25.1,25.1,25.1,90.5,22.7,0.000,0.000,0.00,0.000,2.2,5.0,1.0,349,18,3.0,6.5,1.2,354,16,2.2,5.0,1.0,349,18,0,30.23,,0,0,0,34.4,38.4,42.6,0.14,0.14,0.08
SCHU,2015-12-01 04:05:00 EST,43.11700,-73.57829,103,25.3,25.3,25.3,90.6,22.9,0.000,0.000,0.00,0.000,2.4,4.2,0.8,342,22,3.2,6.0,1.0,347,21,2.4,4.2,0.8,342,22,0,30.23,,0,0,0,34.4,38.4,42.7,0.14,0.13,0.07
SCHU,2015-12-01 04:10:00 EST,43.11700,-73.57829,103,25.4,25.4,25.4,90.3,22.9,0.000,0.000,0.00,0.000,2.0,4.0,1.2,342,29,2.3,5.6,1.3,348,32,2.0,4.0,1.2,342,29,0,30.23,,0,0,0,34.4,38.4,42.6,0.14,0.13,0.08
SCHU,2015-12-01 04:15:00 EST,43.11700,-73.57829,103,25.4,25.4,25.4,90.8,23.1,0.000,0.000,0.00,0.000,2.4,4.0,0.7,329,20,2.7,4.7,0.8,335,20,2.4,4.0,0.7,329,20,0,30.23,,0,0,0,34.4,38.4,42.6,0.14,0.13,0.08
SCHU,2015-12-01 04:20:00 EST,43.11700,-73.57829,103,25.5,25.5,25.5,89.8,22.9,0.000,0.000,0.00,0.000,2.7,4.5,0.8,341,20,3.3,5.8,0.9,347,20,2.7,4.5,0.8,341,20,0,30.23,,0,0,0,34.4,38.3,42.6,0.14,0.14,0.08
SCHU,2015-12-01 04:25:00 EST,43.11700,-73.57829,103,25.5,25.5,25.5,90.1,23.0,0.000,0.000,0.00,0.000,2.6,3.7,0.5,332,16,3.0,4.5,0.7,337,18,2.6,3.7,0.5,332,16,0,30.23,,0,0,0,34.4,38.4,42.6,0.14,0.13,0.08
SCHU,2015-12-01 04:30:00 EST,43.11700,-73.57829,103,25.6,25.5,25.6,90.1,23.1,0.000,0.000,0.00,0.000,2.3,3.9,0.6,349,24,2.9,5.6,0.9,354,19,2.3,3.9,0.6,349,24,0,30.23,,0,0,0,34.4,38.4,42.6,0.14,0.13,0.07
SCHU,2015-12-01 04:35:00 EST,43.11700,-73.57829,103,25.8,25.7,25.8,90.8,23.4,0.000,0.000,0.00,0.000,1.5,3.9,1.1,349,13,2.2,5.6,1.2,353,19,1.5,3.9,1.1,349,13,0,30.23,,0,0,0,34.4,38.3,42.6,0.14,0.14,0.08
SCHU,2015-12-01 04:40:00 EST,43.11700,-73.57829,103,25.8,25.8,25.8,90.7,23.5,0.000,0.000,0.00,0.000,1.9,3.2,0.6,3,16,2.6,4.0,0.7,7,17,1.9,3.2,0.6,3,16,0,30.23,,0,0,0,34.4,38.4,42.6,0.14,0.13,0.07
SCHU,2015-12-01 04:45:00 EST,43.11700,-73.57829,103,25.8,25.8,25.8,90.2,23.4,0.000,0.000,0.00,0.000,2.6,4.3,0.7,9,14,3.4,5.6,0.8,13,13,2.6,4.3,0.7,9,14,0,30.23,,0,0,0,34.4,38.3,42.6,0.14,0.13,0.08
SCHU,2015-12-01 04:50:00 EST,43.11700,-73.57829,103,26.0,26.0,22.4,90.1,23.5,0.000,0.000,0.00,0.000,3.1,5.7,0.9,14,14,3.7,6.7,1.0,16,13,3.1,5.7,0.9,14,14,0,30.22,,0,0,0,34.4,38.2,42.6,0.14,0.14,0.08
SCHU,2015-12-01 04:55:00 EST,43.11700,-73.57829,103,26.1,26.1,26.1,90.1,23.6,0.000,0.000,0.00,0.000,1.8,3.5,0.8,348,24,2.4,4.3,0.8,352,23,1.8,3.5,0.8,348,24,0,30.22,,0,0,0,34.4,38.3,42.6,0.14,0.14,0.08
SCHU,2015-12-01 05:00:00 EST,43.11700,-73.57829,103,26.0,26.1,26.0,89.5,23.4,0.000,0.000,0.00,0.000,1.7,3.2,0.5,354,18,2.4,4.3,0.7,359,17,1.7,3.2,0.5,354,18,0,30.22,,0,0,0,34.4,38.3,42.6,0.14,0.14,0.08
SCHU,2015-12-01 05:05:00 EST,43.11700,-73.57829,103,26.0,26.2,26.0,89.8,23.4,0.000,0.000,0.00,0.000,2.0,3.1,0.6,338,17,2.5,4.9,0.8,344,20,2.0,3.1,0.6,338,17,0,30.23,,0,0,0,34.4,38.3,42.6,0.14,0.13,0.08
SCHU,2015-12-01 05:10:00 EST,43.11700,-73.57829,103,25.9,26.1,25.9,89.4,23.2,0.000,0.000,0.00,0.000,2.0,3.2,0.6,356,17,2.7,4.0,0.7,1,16,2.0,3.2,0.6,356,17,0,30.22,,0,0,0,34.4,38.2,42.6,0.14,0.14,0.07
SCHU,2015-12-01 05:15:00 EST,43.11700,-73.57829,103,25.8,26.0,25.8,89.5,23.1,0.000,0.000,0.00,0.000,2.7,4.1,0.6,341,11,3.4,5.4,0.8,345,11,2.7,4.1,0.6,341,11,0,30.21,,0,0,0,34.4,38.2,42.6,0.14,0.13,0.07
SCHU,2015-12-01 05:20:00 EST,43.11700,-73.57829,103,25.8,25.9,25.8,89.6,23.1,0.000,0.000,0.00,0.000,2.2,3.5,0.9,344,20,2.9,4.9,1.1,349,21,2.2,3.5,0.9,344,20,0,30.21,,0,0,0,34.3,38.3,42.6,0.14,0.14,0.08
SCHU,2015-12-01 05:25:00 EST,43.11700,-73.57829,103,25.6,25.8,25.6,90.0,23.1,0.000,0.000,0.00,0.000,2.0,3.4,0.9,323,18,2.2,4.3,0.8,328,18,2.0,3.4,0.9,323,18,0,30.21,,0,0,0,34.3,38.2,42.6,0.14,0.14,0.08
SCHU,2015-12-01 05:30:00 EST,43.11700,-73.57829,103,25.8,25.9,25.8,90.2,23.3,0.000,0.000,0.00,0.000,1.4,2.4,0.4,310,15,1.5,2.7,0.4,315,19,1.4,2.4,0.4,310,15,0,30.21,,0,0,0,34.4,38.2,42.6,0.14,0.13,0.08
SCHU,2015-12-01 05:35:00 EST,43.11700,-73.57829,103,25.9,26.0,25.9,90.1,23.4,0.000,0.000,0.00,0.000,2.0,4.2,1.0,326,17,2.3,4.7,1.1,330,18,2.0,4.2,1.0,326,17,0,30.22,,0,0,0,34.4,38.3,42.6,0.14,0.13,0.08
SCHU,2015-12-01 05:40:00 EST,43.11700,-73.57829,103,26.0,26.1,22.5,89.6,23.4,0.000,0.000,0.00,0.000,3.0,4.8,0.8,5,15,3.6,5.8,0.9,8,12,3.0,4.8,0.8,5,15,0,30.21,,0,0,0,34.4,38.2,42.6,0.14,0.13,0.07
SCHU,2015-12-01 05:45:00 EST,43.11700,-73.57829,103,26.1,26.1,22.0,89.6,23.4,0.000,0.000,0.00,0.000,3.5,5.0,0.7,13,12,4.2,6.0,0.9,15,11,3.5,5.0,0.7,13,12,0,30.20,,0,0,0,34.4,38.2,42.6,0.14,0.14,0.08
SCHU,2015-12-01 05:50:00 EST,43.11700,-73.57829,103,26.1,26.1,26.1,89.5,23.4,0.000,0.000,0.00,0.000,2.9,5.1,1.1,5,21,3.7,6.5,1.3,7,20,2.9,5.1,1.1,5,21,0,30.20,,0,0,0,34.4,38.2,42.6,0.14,0.13,0.08
SCHU,2015-12-01 05:55:00 EST,43.11700,-73.57829,103,26.2,26.2,26.2,89.6,23.5,0.000,0.000,0.00,0.000,1.8,3.9,0.9,343,23,2.3,5.1,1.1,349,21,1.8,3.9,0.9,343,23,0,30.21,,0,0,0,34.4,38.2,42.6,0.14,0.13,0.08
SCHU,2015-12-01 06:00:00 EST,43.11700,-73.57829,103,26.2,26.2,26.2,90.1,23.7,0.000,0.000,0.00,0.000,2.5,4.5,0.9,347,18,3.2,6.0,1.1,353,17,2.5,4.5,0.9,347,18,0,30.21,,0,0,0,34.3,38.2,42.6,0.14,0.14,0.08
SCHU,2015-12-01 06:05:00 EST,43.11700,-73.57829,103,26.2,26.2,22.7,89.8,23.6,0.000,0.000,0.00,0.000,3.1,4.7,0.8,359,17,3.8,6.5,1.0,2,16,3.1,4.7,0.8,359,17,0,30.20,,0,0,0,34.3,38.2,42.6,0.14,0.14,0.07
SCHU,2015-12-01 06:10:00 EST,43.11700,-73.57829,103,26.2,26.2,22.4,90.1,23.7,0.000,0.000,0.00,0.000,3.3,5.4,0.8,6,15,3.9,6.5,1.1,10,15,3.3,5.4,0.8,6,15,0,30.20,,0,0,0,34.4,38.2,42.6,0.14,0.14,0.08
SCHU,2015-12-01 06:15:00 EST,43.11700,-73.57829,103,26.2,26.2,26.2,89.5,23.5,0.000,0.000,0.00,0.000,2.5,3.9,0.6,342,20,3.1,5.6,0.9,345,18,2.5,3.9,0.6,342,20,0,30.20,,0,0,0,34.3,38.1,42.6,0.14,0.13,0.07
SCHU,2015-12-01 06:20:00 EST,43.11700,-73.57829,103,26.3,26.4,26.3,89.7,23.7,0.000,0.000,0.00,0.000,2.7,4.5,0.8,346,28,3.4,5.8,1.1,351,19,2.7,4.5,0.8,346,28,0,30.21,,0,0,0,34.4,38.2,42.6,0.14,0.13,0.07
SCHU,2015-12-01 06:25:00 EST,43.11700,-73.57829,103,26.3,26.3,22.7,89.7,23.7,0.000,0.000,0.00,0.000,3.2,4.9,1.0,346,14,3.9,6.3,1.1,350,14,3.2,4.9,1.0,346,14,0,30.21,,0,0,0,34.3,38.1,42.5,0.14,0.13,0.07
SCHU,2015-12-01 06:30:00 EST,43.11700,-73.57829,103,26.5,26.5,26.5,90.0,23.9,0.000,0.000,0.00,0.000,2.1,4.2,0.9,342,21,2.7,5.6,1.0,348,20,2.1,4.2,0.9,342,21,0,30.22,,0,0,0,34.3,38.2,42.5,0.14,0.13,0.07
SCHU,2015-12-01 06:35:00 EST,43.11700,-73.57829,103,26.6,26.6,26.6,89.7,24.0,0.000,0.000,0.00,0.000,1.8,5.0,1.1,346,11,2.6,6.0,1.2,352,19,1.8,5.0,1.1,346,11,0,30.22,,0,0,0,34.3,38.2,42.5,0.14,0.14,0.08
SCHU,2015-12-01 06:40:00 EST,43.11700,-73.57829,103,26.6,26.6,22.8,88.6,23.7,0.000,0.000,0.00,0.000,3.3,4.5,0.7,338,13,3.9,5.6,0.9,344,13,3.3,4.5,0.7,338,13,0,30.22,,0,0,0,34.3,38.2,42.5,0.14,0.13,0.08
SCHU,2015-12-01 06:45:00 EST,43.11700,-73.57829,103,26.6,26.7,26.6,88.6,23.7,0.000,0.000,0.00,0.000,2.7,4.3,0.7,341,16,3.4,5.6,0.9,345,14,2.7,4.3,0.7,341,16,0,30.22,,0,0,0,34.3,38.1,42.6,0.14,0.13,0.08
SCHU,2015-12-01 06:50:00 EST,43.11700,-73.57829,103,26.7,26.7,22.8,88.5,23.7,0.000,0.000,0.00,0.000,3.3,4.6,0.9,341,12,3.9,5.8,1.0,346,13,3.3,4.6,0.9,341,12,0,30.22,,0,0,0,34.2,38.1,42.5,0.14,0.13,0.08
SCHU,2015-12-01 06:55:00 EST,43.11700,-73.57829,103,26.8,26.8,26.8,89.4,24.1,0.000,0.000,0.00,0.000,1.4,3.4,1.0,17,23,2.1,4.9,1.0,18,31,1.4,3.4,1.0,17,23,0,30.22,,0,0,0,34.3,38.1,42.5,0.14,0.13,0.08
SCHU,2015-12-01 07:00:00 EST,43.11700,-73.57829,103,26.8,26.7,26.8,89.2,24.0,0.000,0.000,0.00,0.000,2.7,4.5,0.7,6,18,3.4,5.8,1.0,9,15,2.7,4.5,0.7,6,18,0,30.21,,0,0,0,34.3,38.1,42.5,0.14,0.13,0.08
SCHU,2015-12-01 07:05:00 EST,43.11700,-73.57829,103,26.8,26.8,26.8,89.5,24.1,0.000,0.000,0.00,0.000,2.2,3.7,0.7,6,23,2.8,4.5,0.8,8,22,2.2,3.7,0.7,6,23,1,30.21,,0,0,0,34.3,38.1,42.5,0.14,0.14,0.08
SCHU,2015-12-01 07:10:00 EST,43.11700,-73.57829,103,26.8,26.8,26.8,89.2,24.1,0.000,0.000,0.00,0.000,1.9,3.1,0.6,354,21,2.6,5.4,0.9,2,21,1.9,3.1,0.6,354,21,1,30.21,,0,0,0,34.3,38.1,42.5,0.14,0.14,0.07
SCHU,2015-12-01 07:15:00 EST,43.11700,-73.57829,103,27.0,27.0,27.0,89.3,24.2,0.000,0.000,0.00,0.000,2.2,3.9,0.8,360,18,2.9,5.6,0.9,3,17,2.2,3.9,0.8,360,18,3,30.20,,0,0,0,34.3,38.2,42.5,0.14,0.13,0.08
SCHU,2015-12-01 07:20:00 EST,43.11700,-73.57829,103,27.0,27.0,27.0,88.9,24.2,0.000,0.000,0.00,0.000,2.1,3.5,0.6,350,22,2.8,4.7,0.8,355,21,2.1,3.5,0.6,350,22,6,30.20,,0,0,0,34.3,38.1,42.5,0.14,0.14,0.08
SCHU,2015-12-01 07:25:00 EST,43.11700,-73.57829,103,26.9,27.0,26.9,87.5,23.7,0.000,0.000,0.00,0.000,2.5,4.7,1.1,351,22,3.2,5.8,1.0,356,22,2.5,4.7,1.1,351,22,9,30.20,,0,0,0,34.2,38.1,42.5,0.14,0.13,0.08
SCHU,2015-12-01 07:30:00 EST,43.11700,-73.57829,103,26.9,26.9,26.9,87.7,23.7,0.000,0.000,0.00,0.000,2.4,3.7,0.6,350,25,3.0,4.7,0.8,354,24,2.4,3.7,0.6,350,25,13,30.20,,0,0,0,34.2,38.1,42.5,0.14,0.13,0.08
SCHU,2015-12-01 07:35:00 EST,43.11700,-73.57829,103,26.9,26.9,26.9,87.7,23.7,0.000,0.000,0.00,0.000,2.4,3.9,0.7,339,16,3.0,4.9,0.7,344,16,2.4,3.9,0.7,339,16,17,30.19,,0,0,0,34.3,38.1,42.4,0.13,0.14,0.08
SCHU,2015-12-01 07:40:00 EST,43.11700,-73.57829,103,27.0,27.0,27.0,87.8,23.8,0.000,0.000,0.00,0.000,3.0,5.0,0.8,330,16,3.2,5.4,0.9,337,16,3.0,5.0,0.8,330,16,20,30.20,,0,0,0,34.2,38.1,42.5,0.14,0.13,0.08
SCHU,2015-12-01 07:45:00 EST,43.11700,-73.57829,103,27.0,27.0,27.0,87.6,23.8,0.000,0.000,0.00,0.000,2.3,4.1,1.1,341,19,3.0,5.4,1.2,347,18,2.3,4.1,1.1,341,19,22,30.20,,0,0,0,34.3,38.1,42.5,0.14,0.14,0.08
SCHU,2015-12-01 07:50:00 EST,43.11700,-73.57829,103,27.1,27.1,27.1,88.1,24.1,0.000,0.000,0.00,0.000,1.2,3.1,0.9,345,28,1.9,4.0,0.9,353,30,1.2,3.1,0.9,345,28,24,30.20,,0,0,0,34.3,38.1,42.5,0.14,0.13,0.07
SCHU,2015-12-01 07:55:00 EST,43.11700,-73.57829,103,27.3,27.2,27.3,88.4,24.3,0.000,0.000,0.00,0.000,2.4,3.7,0.8,20,10,3.0,4.7,0.9,25,10,2.4,3.7,0.8,20,10,27,30.20,,0,0,0,34.3,38.1,42.4,0.14,0.14,0.08
SCHU,2015-12-01 08:00:00 EST,43.11700,-73.57829,103,27.3,27.3,27.3,88.0,24.3,0.000,0.000,0.00,0.000,2.6,4.2,0.6,14,16,3.2,5.4,0.7,19,12,2.6,4.2,0.6,14,16,31,30.20,,0,0,0,34.2,38.1,42.4,0.14,0.13,0.08
SCHU,2015-12-01 08:05:00 EST,43.11700,-73.57829,103,27.4,27.3,27.4,87.5,24.1,0.000,0.000,0.00,0.000,2.0,3.3,0.8,6,16,2.8,4.5,0.8,11,11,2.0,3.3,0.8,6,16,33,30.20,,0,0,0,34.2,38.0,42.4,0.14,0.13,0.08
SCHU,2015-12-01 08:10:00 EST,43.11700,-73.57829,103,27.5,27.4,27.5,87.8,24.3,0.000,0.000,0.00,0.000,2.7,3.9,0.6,5,13,3.4,4.9,0.7,9,12,2.7,3.9,0.6,5,13,39,30.19,,0,0,0,34.2,38.0,42.5,0.14,0.14,0.08
SCHU,2015-12-01 08:15:00 EST,43.11700,-73.57829,103,27.6,27.5,27.6,88.1,24.5,0.000,0.000,0.00,0.000,1.8,3.5,0.7,1,26,2.5,4.9,0.9,5,26,1.8,3.5,0.7,1,26,44,30.20,,0,0,0,34.2,38.0,42.5,0.14,0.13,0.08
SCHU,2015-12-01 08:20:00 EST,43.11700,-73.57829,103,27.7,27.7,27.7,87.9,24.6,0.000,0.000,0.00,0.000,1.9,3.4,0.6,349,20,2.5,4.5,0.7,354,21,1.9,3.4,0.6,349,20,43,30.19,,0,0,0,34.2,38.0,42.5,0.14,0.13,0.08
SCHU,2015-12-01 08:25:00 EST,43.11700,-73.57829,103,27.9,27.9,27.9,88.3,24.9,0.000,0.000,0.00,0.000,1.2,2.5,0.6,347,21,1.8,3.1,0.6,349,26,1.2,2.5,0.6,347,21,42,30.19,,0,0,0,34.2,38.0,42.4,0.14,0.13,0.08
SCHU,2015-12-01 08:30:00 EST,43.11700,-73.57829,103,28.0,27.9,28.0,87.4,24.8,0.000,0.000,0.00,0.000,1.8,3.1,0.5,344,21,2.3,3.8,0.6,353,20,1.8,3.1,0.5,344,21,45,30.19,,0,0,0,34.2,38.0,42.4,0.14,0.13,0.08
SCHU,2015-12-01 08:35:00 EST,43.11700,-73.57829,103,28.3,28.2,28.3,87.7,25.1,0.000,0.000,0.00,0.000,0.8,2.3,0.6,352,22,1.7,3.8,0.7,2,27,0.8,2.3,0.6,352,22,50,30.19,,0,0,0,34.2,38.0,42.4,0.14,0.13,0.08
SCHU,2015-12-01 08:40:00 EST,43.11700,-73.57829,103,28.3,28.2,24.6,86.7,24.9,0.000,0.000,0.00,0.000,3.4,5.7,1.2,352,22,4.3,7.2,1.3,358,21,3.4,5.7,1.2,352,22,60,30.19,,0,0,0,34.2,38.0,42.4,0.14,0.14,0.07
SCHU,2015-12-01 08:45:00 EST,43.11700,-73.57829,103,28.4,28.3,24.7,86.3,24.8,0.000,0.000,0.00,0.000,3.4,5.5,0.8,3,16,4.1,6.7,0.9,6,16,3.4,5.5,0.8,3,16,68,30.19,,0,0,0,34.2,38.0,42.4,0.14,0.13,0.08
SCHU,2015-12-01 08:50:00 EST,43.11700,-73.57829,103,28.8,28.6,28.8,86.5,25.2,0.000,0.000,0.00,0.000,2.1,3.5,0.6,357,21,2.7,4.3,0.8,360,21,2.1,3.5,0.6,357,21,68,30.19,,0,0,0,34.2,38.0,42.4,0.14,0.14,0.08
SCHU,2015-12-01 08:55:00 EST,43.11700,-73.57829,103,29.0,28.8,29.0,86.1,25.3,0.000,0.000,0.00,0.000,1.3,2.8,0.7,9,35,2.0,3.8,0.8,11,35,1.3,2.8,0.7,9,35,63,30.19,,0,0,0,34.2,38.0,42.4,0.14,0.13,0.08
SCHU,2015-12-01 09:00:00 EST,43.11700,-73.57829,103,29.1,28.9,29.1,85.6,25.3,0.000,0.000,0.00,0.000,2.4,4.1,0.9,350,20,3.0,4.9,1.1,355,20,2.4,4.1,0.9,350,20,58,30.19,,0,0,0,34.2,38.0,42.4,0.14,0.13,0.08
SCHU,2015-12-01 09:05:00 EST,43.11700,-73.57829,103,29.4,29.2,29.4,86.0,25.7,0.000,0.000,0.00,0.000,1.9,3.3,0.6,5,24,2.4,4.5,0.7,10,21,1.9,3.3,0.6,5,24,55,30.19,,0,0,0,34.1,38.0,42.4,0.14,0.13,0.08
SCHU,2015-12-01 09:10:00 EST,43.11700,-73.57829,103,29.4,29.2,29.4,85.1,25.4,0.000,0.000,0.00,0.000,1.1,2.3,0.7,352,30,1.6,3.4,0.8,359,31,1.1,2.3,0.7,352,30,66,30.19,,0,0,0,34.2,38.0,42.4,0.14,0.13,0.08
SCHU,2015-12-01 09:15:00 EST,43.11700,-73.57829,103,29.7,29.4,29.7,85.5,25.9,0.000,0.000,0.00,0.000,0.2,1.6,0.4,4,9,0.9,2.5,0.5,15,46,0.2,1.6,0.4,4,9,70,30.19,,0,0,0,34.2,37.9,42.4,0.14,0.13,0.08
SCHU,2015-12-01 09:20:00 EST,43.11700,-73.57829,103,30.0,29.8,30.0,85.0,26.1,0.000,0.000,0.00,0.000,1.4,2.2,0.3,15,20,1.9,2.9,0.4,24,18,1.4,2.2,0.3,15,20,75,30.18,,0,0,0,34.2,37.9,42.4,0.14,0.13,0.08
SCHU,2015-12-01 09:25:00 EST,43.11700,-73.57829,103,30.2,30.1,30.2,84.0,26.0,0.000,0.000,0.00,0.000,1.9,3.6,0.7,5,22,2.5,4.7,0.8,9,20,1.9,3.6,0.7,5,22,82,30.18,,0,0,0,34.2,37.9,42.4,0.14,0.13,0.08
SCHU,2015-12-01 09:30:00 EST,43.11700,-73.57829,103,30.6,30.3,30.6,84.1,26.3,0.000,0.000,0.00,0.000,2.4,4.1,0.7,1,21,2.9,4.9,0.9,6,21,2.4,4.1,0.7,1,21,94,30.18,,0,0,0,34.2,37.9,42.4,0.14,0.13,0.08
SCHU,2015-12-01 09:35:00 EST,43.11700,-73.57829,103,30.8,30.6,30.8,83.8,26.5,0.000,0.000,0.00,0.000,1.9,3.7,0.8,2,26,2.7,5.1,0.9,6,23,1.9,3.7,0.8,2,26,113,30.18,,0,0,0,34.2,37.9,42.4,0.14,0.13,0.07
SCHU,2015-12-01 09:40:00 EST,43.11700,-73.57829,103,31.2,30.9,31.2,84.0,26.9,0.000,0.000,0.00,0.000,2.2,3.9,0.8,8,25,2.8,5.4,0.8,12,23,2.2,3.9,0.8,8,25,116,30.18,,0,0,0,34.2,37.9,42.3,0.14,0.13,0.08
SCHU,2015-12-01 09:45:00 EST,43.11700,-73.57829,103,31.2,31.0,31.2,82.7,26.6,0.000,0.000,0.00,0.000,2.5,4.2,0.7,9,23,3.2,5.1,0.7,11,17,2.5,4.2,0.7,9,23,120,30.18,,0,0,0,34.2,37.9,42.4,0.14,0.13,0.08
SCHU,2015-12-01 09:50:00 EST,43.11700,-73.57829,103,31.4,31.2,31.4,82.6,26.7,0.000,0.000,0.00,0.000,2.4,3.6,0.6,13,12,3.2,4.9,0.7,17,11,2.4,3.6,0.6,13,12,128,30.18,,0,0,0,34.2,37.9,42.4,0.14,0.14,0.08
SCHU,2015-12-01 09:55:00 EST,43.11700,-73.57829,103,31.8,31.4,31.8,83.3,27.3,0.000,0.000,0.00,0.000,2.1,3.9,1.0,11,22,2.6,4.7,1.0,16,22,2.1,3.9,1.0,11,22,114,30.18,,0,0,0,34.2,37.9,42.4,0.14,0.14,0.08
SCHU,2015-12-01 10:00:00 EST,43.11700,-73.57829,103,31.9,31.6,31.9,82.1,27.1,0.000,0.000,0.00,0.000,2.1,4.2,1.1,343,29,2.6,5.4,1.1,351,26,2.1,4.2,1.1,343,29,90,30.18,,0,0,0,34.2,37.9,42.3,0.14,0.13,0.08
SCHU,2015-12-01 10:05:00 EST,43.11700,-73.57829,103,32.2,32.0,32.2,83.0,27.7,0.000,0.000,0.00,0.000,1.6,3.4,0.6,17,14,2.1,4.3,0.7,21,16,1.6,3.4,0.6,17,14,69,30.17,,0,0,0,34.2,37.9,42.3,0.14,0.13,0.07
SCHU,2015-12-01 10:10:00 EST,43.11700,-73.57829,103,32.3,32.0,32.3,82.4,27.5,0.000,0.000,0.00,0.000,2.0,4.0,0.9,330,18,2.4,4.5,1.0,336,21,2.0,4.0,0.9,330,18,63,30.17,,0,0,0,34.2,37.9,42.4,0.14,0.13,0.07
SCHU,2015-12-01 10:15:00 EST,43.11700,-73.57829,103,32.4,32.2,32.4,82.8,27.8,0.000,0.000,0.00,0.000,1.5,3.5,0.7,349,24,2.0,3.6,0.6,356,24,1.5,3.5,0.7,349,24,75,30.17,,0,0,0,34.2,37.9,42.3,0.14,0.13,0.07
SCHU,2015-12-01 10:20:00 EST,43.11700,-73.57829,103,32.7,32.4,32.7,82.5,27.9,0.000,0.000,0.00,0.000,2.5,4.5,0.8,342,14,3.1,5.4,1.0,348,14,2.5,4.5,0.8,342,14,81,30.17,,0,0,0,34.2,37.9,42.4,0.14,0.13,0.07
SCHU,2015-12-01 10:25:00 EST,43.11700,-73.57829,103,32.7,32.5,32.7,82.3,27.9,0.000,0.000,0.00,0.000,2.1,4.4,0.9,327,20,2.5,4.9,0.9,332,23,2.1,4.4,0.9,327,20,84,30.17,,0,0,0,34.1,37.9,42.3,0.14,0.13,0.08
SCHU,2015-12-01 10:30:00 EST,43.11700,-73.57829,103,32.8,32.6,32.8,82.3,28.0,0.000,0.000,0.00,0.000,2.5,4.8,1.0,338,19,3.2,6.0,1.2,346,20,2.5,4.8,1.0,338,19,97,30.17,,0,0,0,34.1,37.8,42.4,0.14,0.13,0.08
SCHU,2015-12-01 10:35:00 EST,43.11700,-73.57829,103,32.8,32.6,30.1,81.4,27.7,0.000,0.000,0.00,0.000,3.1,5.8,0.9,336,16,3.8,6.7,1.2,341,15,3.1,5.8,0.9,336,16,119,30.17,,0,0,0,34.2,37.9,42.4,0.14,0.14,0.08
SCHU,2015-12-01 10:40:00 EST,43.11700,-73.57829,103,32.8,32.6,29.7,81.3,27.7,0.000,0.000,0.00,0.000,3.4,4.6,0.6,336,12,3.9,6.5,0.9,341,11,3.4,4.6,0.6,336,12,109,30.16,,0,0,0,34.2,37.8,42.3,0.14,0.13,0.08
SCHU,2015-12-01 10:45:00 EST,43.11700,-73.57829,103,33.1,32.8,33.1,81.8,28.1,0.000,0.000,0.00,0.000,1.7,4.7,1.1,337,17,2.2,5.8,1.2,343,21,1.7,4.7,1.1,337,17,106,30.16,,0,0,0,34.2,37.9,42.3,0.14,0.13,0.08
SCHU,2015-12-01 10:50:00 EST,43.11700,-73.57829,103,33.3,33.1,33.3,81.4,28.3,0.000,0.000,0.00,0.000,2.6,3.9,0.6,342,18,3.4,5.4,0.7,348,17,2.6,3.9,0.6,342,18,105,30.16,,0,0,0,34.2,37.8,42.3,0.14,0.13,0.08
SCHU,2015-12-01 10:55:00 EST,43.11700,-73.57829,103,33.3,33.1,33.3,81.0,28.1,0.000,0.000,0.00,0.000,2.4,3.7,0.5,336,15,2.8,4.5,0.6,344,15,2.4,3.7,0.5,336,15,102,30.16,,0,0,0,34.1,37.8,42.3,0.14,0.14,0.08
SCHU,2015-12-01 11:00:00 EST,43.11700,-73.57829,103,33.5,33.3,33.5,81.3,28.4,0.000,0.000,0.00,0.000,1.9,3.1,0.5,351,32,2.3,3.6,0.6,359,30,1.9,3.1,0.5,351,32,96,30.16,,0,0,0,34.2,37.8,42.3,0.14,0.13,0.08
SCHU,2015-12-01 11:05:00 EST,43.11700,-73.57829,103,33.6,33.4,33.6,81.4,28.5,0.000,0.000,0.00,0.000,2.3,3.6,0.6,333,21,2.8,4.3,0.8,340,21,2.3,3.6,0.6,333,21,87,30.16,,0,0,0,34.2,37.8,42.3,0.14,0.13,0.08
SCHU,2015-12-01 11:10:00 EST,43.11700,-73.57829,103,33.5,33.3,33.5,81.1,28.3,0.000,0.000,0.00,0.000,2.7,4.4,0.8,340,22,3.2,5.4,0.8,346,20,2.7,4.4,0.8,340,22,82,30.15,,0,0,0,34.1,37.8,42.3,0.14,0.13,0.08
SCHU,2015-12-01 11:15:00 EST,43.11700,-73.57829,103,33.5,33.3,33.5,81.5,28.4,0.000,0.000,0.00,0.000,2.6,3.6,0.5,346,18,3.2,4.9,0.7,354,19,2.6,3.6,0.5,346,18,83,30.15,,0,0,0,34.2,37.8,42.3,0.14,0.13,0.08
SCHU,2015-12-01 11:20:00 EST,43.11700,-73.57829,103,33.5,33.3,33.5,81.5,28.4,0.000,0.000,0.00,0.000,2.4,4.0,0.9,341,22,2.9,5.4,0.9,351,22,2.4,4.0,0.9,341,22,82,30.15,,0,0,0,34.2,37.8,42.3,0.14,0.13,0.08
SCHU,2015-12-01 11:25:00 EST,43.11700,-73.57829,103,33.6,33.4,33.6,82.3,28.8,0.004,0.004,0.00,0.004,1.9,3.7,0.6,359,25,2.6,4.7,0.6,5,24,1.9,3.7,0.6,359,25,97,30.14,,0,0,0,34.1,37.8,42.3,0.14,0.13,0.07
SCHU,2015-12-01 11:30:00 EST,43.11700,-73.57829,103,33.6,33.5,33.6,82.8,29.0,0.001,0.005,0.00,0.005,1.6,4.0,1.1,350,21,2.4,5.6,1.1,356,20,1.6,4.0,1.1,350,21,111,30.14,,0,0,0,34.1,37.8,42.3,0.13,0.13,0.08
SCHU,2015-12-01 11:35:00 EST,43.11700,-73.57829,103,34.0,33.7,34.0,85.6,30.1,0.001,0.006,0.00,0.006,1.1,2.9,0.6,339,23,1.7,3.4,0.6,348,24,1.1,2.9,0.6,339,23,114,30.13,,0,0,0,34.2,37.8,42.3,0.14,0.13,0.08
SCHU,2015-12-01 11:40:00 EST,43.11700,-73.57829,103,34.0,33.8,34.0,83.9,29.6,0.000,0.006,0.00,0.006,1.3,4.3,1.1,6,20,1.9,5.1,1.1,13,20,1.3,4.3,1.1,6,20,103,30.13,,0,0,0,34.1,37.8,42.3,0.14,0.13,0.08
SCHU,2015-12-01 11:45:00 EST,43.11700,-73.57829,103,33.9,33.7,33.9,81.8,29.0,0.000,0.006,0.00,0.006,2.4,3.7,0.6,4,20,3.0,4.3,0.6,9,19,2.4,3.7,0.6,4,20,91,30.13,,0,0,0,34.1,37.8,42.3,0.14,0.13,0.07
SCHU,2015-12-01 11:50:00 EST,43.11700,-73.57829,103,34.0,33.8,34.0,82.2,29.1,0.000,0.006,0.00,0.006,1.7,3.1,0.6,350,22,2.2,4.0,0.6,359,22,1.7,3.1,0.6,350,22,93,30.13,,0,0,0,34.2,37.8,42.3,0.14,0.13,0.08
SCHU,2015-12-01 11:55:00 EST,43.11700,-73.57829,103,34.1,33.9,34.1,83.3,29.6,0.000,0.006,0.00,0.006,1.9,3.9,0.8,321,19,2.1,4.0,0.7,327,22,1.9,3.9,0.8,321,19,90,30.12,,0,0,0,34.2,37.7,42.3,0.14,0.13,0.08
SCHU,2015-12-01 12:00:00 EST,43.11700,-73.57829,103,34.1,34.0,34.1,83.6,29.7,0.000,0.006,0.00,0.006,2.1,3.4,0.6,330,12,2.3,4.5,0.6,337,12,2.1,3.4,0.6,330,12,77,30.12,,0,0,0,34.1,37.8,42.3,0.14,0.13,0.08
SCHU,2015-12-01 12:05:00 EST,43.11700,-73.57829,103,34.1,33.9,34.1,83.9,29.7,0.000,0.006,0.00,0.006,1.9,3.3,0.5,317,18,2.0,3.6,0.6,322,20,1.9,3.3,0.5,317,18,87,30.12,,0,0,0,34.1,37.8,42.3,0.14,0.13,0.08
SCHU,2015-12-01 12:10:00 EST,43.11700,-73.57829,103,34.1,34.0,34.1,84.0,29.8,0.000,0.006,0.00,0.006,1.8,3.1,0.7,289,22,2.0,3.6,0.7,293,27,1.8,3.1,0.7,289,22,104,30.12,,0,0,0,34.1,37.7,42.3,0.13,0.13,0.08
SCHU,2015-12-01 12:15:00 EST,43.11700,-73.57829,103,34.1,34.0,34.1,85.4,30.2,0.005,0.011,0.00,0.011,1.9,3.5,0.5,320,19,2.2,4.5,0.7,327,20,1.9,3.5,0.5,320,19,103,30.12,,0,0,0,34.1,37.7,42.3,0.14,0.13,0.08
SCHU,2015-12-01 12:20:00 EST,43.11700,-73.57829,103,34.0,33.9,34.0,85.1,30.0,0.001,0.011,0.00,0.011,2.1,4.2,1.0,319,20,2.3,4.5,0.9,330,24,2.1,4.2,1.0,319,20,116,30.11,,0,0,0,34.1,37.7,42.3,0.14,0.13,0.07
SCHU,2015-12-01 12:25:00 EST,43.11700,-73.57829,103,34.1,34.0,34.1,86.6,30.5,0.000,0.011,0.00,0.007,2.3,3.4,0.6,320,18,2.5,4.5,0.7,330,18,2.3,3.4,0.6,320,18,114,30.11,,0,0,0,34.1,37.7,42.3,0.14,0.13,0.08
SCHU,2015-12-01 12:30:00 EST,43.11700,-73.57829,103,34.2,34.0,34.2,87.2,30.8,0.000,0.011,0.00,0.006,1.1,2.3,0.7,326,12,1.5,3.1,0.7,337,27,1.1,2.3,0.7,326,12,98,30.11,,0,0,0,34.1,37.7,42.3,0.14,0.13,0.08
SCHU,2015-12-01 12:35:00 EST,43.11700,-73.57829,103,34.4,34.2,34.4,88.4,31.3,0.004,0.015,0.00,0.009,1.1,2.4,0.8,9,12,1.9,3.6,0.8,13,22,1.1,2.4,0.8,9,12,84,30.10,,0,0,0,34.1,37.7,42.3,0.14,0.13,0.08
SCHU,2015-12-01 12:40:00 EST,43.11700,-73.57829,103,34.3,34.2,34.3,88.2,31.2,0.004,0.019,0.00,0.013,1.5,2.4,0.5,344,22,2.0,3.4,0.6,355,27,1.5,2.4,0.5,344,22,88,30.10,,0,0,0,34.1,37.7,42.3,0.13,0.13,0.08
SCHU,2015-12-01 12:45:00 EST,43.11700,-73.57829,103,34.4,34.1,34.4,89.8,31.8,0.002,0.021,0.00,0.015,2.3,3.8,0.6,348,18,3.0,5.1,0.9,356,18,2.3,3.8,0.6,348,18,86,30.10,,0,0,0,34.1,37.7,42.3,0.14,0.13,0.08
SCHU,2015-12-01 12:50:00 EST,43.11700,-73.57829,103,34.3,34.1,34.3,89.6,31.6,0.002,0.023,0.00,0.017,2.4,3.4,0.4,360,21,3.1,4.3,0.6,6,17,2.4,3.4,0.4,360,21,88,30.09,,0,0,0,34.1,37.7,42.2,0.14,0.13,0.08
SCHU,2015-12-01 12:55:00 EST,43.11700,-73.57829,103,34.3,34.1,34.3,89.7,31.5,0.001,0.024,0.00,0.018,2.0,3.1,0.5,10,24,2.7,4.5,0.7,16,21,2.0,3.1,0.5,10,24,67,30.09,,0,0,0,34.1,37.7,42.2,0.13,0.13,0.07
SCHU,2015-12-01 13:00:00 EST,43.11700,-73.57829,103,34.5,34.3,34.5,92.1,32.4,0.002,0.026,0.00,0.020,1.2,2.7,0.6,341,23,1.8,3.6,0.6,348,24,1.2,2.7,0.6,341,23,54,30.10,,0,0,0,34.1,37.7,42.3,0.14,0.13,0.08
SCHU,2015-12-01 13:05:00 EST,43.11700,-73.57829,103,34.2,34.1,34.2,91.3,31.9,0.010,0.036,0.00,0.030,1.7,3.9,0.8,329,16,2.2,4.0,0.8,339,17,1.7,3.9,0.8,329,16,56,30.09,,0,0,0,34.1,37.7,42.3,0.14,0.13,0.08
SCHU,2015-12-01 13:10:00 EST,43.11700,-73.57829,103,34.2,34.1,34.2,91.8,32.0,0.005,0.041,0.00,0.035,1.9,3.1,0.6,331,21,2.3,4.3,0.7,338,17,1.9,3.1,0.6,331,21,48,30.09,,0,0,0,34.1,37.6,42.3,0.14,0.13,0.08
SCHU,2015-12-01 13:15:00 EST,43.11700,-73.57829,103,34.1,34.0,34.1,92.7,32.2,0.006,0.047,0.00,0.036,2.0,4.0,0.9,329,16,2.4,4.7,0.9,337,18,2.0,4.0,0.9,329,16,55,30.09,,0,0,0,34.1,37.6,42.3,0.14,0.13,0.08
SCHU,2015-12-01 13:20:00 EST,43.11700,-73.57829,103,34.1,33.9,34.1,93.3,32.4,0.007,0.054,0.00,0.043,2.5,4.6,0.9,329,15,2.8,5.4,1.0,336,19,2.5,4.6,0.9,329,15,58,30.09,,0,0,0,34.1,37.6,42.3,0.14,0.13,0.08
SCHU,2015-12-01 13:25:00 EST,43.11700,-73.57829,103,34.0,33.9,34.0,93.9,32.5,0.006,0.061,0.00,0.049,2.3,4.2,0.7,348,24,3.0,6.3,0.8,356,22,2.3,4.2,0.7,348,24,50,30.09,,0,0,0,34.1,37.6,42.3,0.14,0.13,0.08
SCHU,2015-12-01 13:30:00 EST,43.11700,-73.57829,103,34.1,34.0,34.1,94.6,32.7,0.005,0.065,0.00,0.054,2.0,3.4,0.6,350,16,2.7,4.9,0.8,358,15,2.0,3.4,0.6,350,16,41,30.09,,0,0,0,34.1,37.6,42.3,0.14,0.13,0.08
SCHU,2015-12-01 13:35:00 EST,43.11700,-73.57829,103,34.1,34.0,34.1,94.7,32.7,0.007,0.072,0.00,0.057,2.6,4.6,0.9,329,16,3.1,6.5,1.0,337,16,2.6,4.6,0.9,329,16,34,30.09,,0,0,0,34.1,37.6,42.3,0.13,0.13,0.08
SCHU,2015-12-01 13:40:00 EST,43.11700,-73.57829,103,34.0,33.9,34.0,94.6,32.6,0.009,0.082,0.00,0.063,2.7,5.0,1.1,0,22,3.4,6.0,1.2,4,23,2.7,5.0,1.1,0,22,39,30.08,,0,0,0,34.1,37.6,42.2,0.13,0.13,0.08
SCHU,2015-12-01 13:45:00 EST,43.11700,-73.57829,103,34.1,34.0,34.1,95.5,32.9,0.004,0.086,0.00,0.065,2.6,4.1,0.7,347,20,3.2,5.6,1.0,352,19,2.6,4.1,0.7,347,20,45,30.08,,0,0,0,34.1,37.6,42.3,0.13,0.13,0.08
SCHU,2015-12-01 13:50:00 EST,43.11700,-73.57829,103,34.1,34.0,34.1,95.9,33.1,0.008,0.094,0.00,0.071,1.7,3.7,0.9,6,21,2.4,4.5,1.0,12,18,1.7,3.7,0.9,6,21,45,30.07,,0,0,0,34.1,37.6,42.3,0.14,0.14,0.08
SCHU,2015-12-01 13:55:00 EST,43.11700,-73.57829,103,34.1,34.0,34.1,96.1,33.1,0.009,0.104,0.00,0.080,2.9,4.9,1.0,355,13,3.9,6.5,1.3,1,11,2.9,4.9,1.0,355,13,43,30.07,,0,0,0,34.1,37.6,42.2,0.14,0.13,0.08
SCHU,2015-12-01 14:00:00 EST,43.11700,-73.57829,103,34.2,34.1,34.2,96.5,33.3,0.004,0.108,0.00,0.081,2.1,3.5,0.7,331,17,2.4,4.9,0.9,340,15,2.1,3.5,0.7,331,17,35,30.07,,0,0,0,34.1,37.6,42.2,0.14,0.13,0.08
SCHU,2015-12-01 14:05:00 EST,43.11700,-73.57829,103,34.2,34.1,34.2,96.8,33.4,0.002,0.109,0.00,0.073,2.1,4.2,0.8,330,17,2.5,5.4,1.0,337,17,2.1,4.2,0.8,330,17,32,30.07,,0,0,0,34.1,37.6,42.2,0.13,0.13,0.08
SCHU,2015-12-01 14:10:00 EST,43.11700,-73.57829,103,34.3,34.1,34.3,97.0,33.5,0.000,0.109,0.00,0.068,1.6,3.2,0.9,334,19,2.0,4.3,0.8,341,19,1.6,3.2,0.9,334,19,37,30.06,,0,0,0,34.1,37.6,42.2,0.14,0.13,0.07
SCHU,2015-12-01 14:15:00 EST,43.11700,-73.57829,103,34.2,34.1,34.2,97.0,33.4,0.000,0.109,0.00,0.062,2.3,4.2,0.7,323,18,2.7,5.4,0.8,330,18,2.3,4.2,0.7,323,18,37,30.06,,0,0,0,34.1,37.6,42.2,0.14,0.13,0.08
SCHU,2015-12-01 14:20:00 EST,43.11700,-73.57829,103,34.2,34.1,34.2,97.0,33.5,0.002,0.111,0.00,0.057,2.3,3.9,0.6,321,16,2.5,4.3,0.7,326,17,2.3,3.9,0.6,321,16,31,30.06,,0,0,0,34.1,37.6,42.2,0.13,0.13,0.07
SCHU,2015-12-01 14:25:00 EST,43.11700,-73.57829,103,34.2,34.1,31.0,97.0,33.4,0.000,0.111,0.00,0.051,3.6,5.1,0.5,336,13,4.1,6.7,1.0,341,12,3.6,5.1,0.5,336,13,29,30.06,,0,0,0,34.1,37.6,42.2,0.14,0.13,0.08
SCHU,2015-12-01 14:30:00 EST,43.11700,-73.57829,103,34.2,34.2,34.2,97.1,33.5,0.001,0.112,0.00,0.047,2.6,4.9,0.8,338,14,3.3,6.3,1.0,344,15,2.6,4.9,0.8,338,14,23,30.06,,0,0,0,34.1,37.6,42.2,0.14,0.13,0.08
SCHU,2015-12-01 14:35:00 EST,43.11700,-73.57829,103,34.3,34.2,34.3,97.3,33.6,0.000,0.112,0.00,0.040,1.9,3.9,0.7,347,19,2.7,4.9,0.9,352,19,1.9,3.9,0.7,347,19,23,30.06,,0,0,0,34.1,37.5,42.2,0.14,0.13,0.08
SCHU,2015-12-01 14:40:00 EST,43.11700,-73.57829,103,34.4,34.3,34.4,97.5,33.7,0.000,0.112,0.00,0.030,1.5,3.4,0.7,335,20,2.1,4.5,0.8,346,18,1.5,3.4,0.7,335,20,22,30.06,,0,0,0,34.1,37.5,42.2,0.13,0.13,0.08
SCHU,2015-12-01 14:45:00 EST,43.11700,-73.57829,103,34.4,34.3,34.4,97.4,33.7,0.002,0.114,0.00,0.028,2.4,4.2,0.8,344,20,3.2,5.4,1.0,350,18,2.4,4.2,0.8,344,20,17,30.06,,0,0,0,34.1,37.6,42.2,0.13,0.13,0.08
SCHU,2015-12-01 14:50:00 EST,43.11700,-73.57829,103,34.4,34.4,34.4,97.4,33.8,0.000,0.114,0.00,0.020,1.6,3.2,0.7,338,19,2.2,4.3,0.8,346,18,1.6,3.2,0.7,338,19,13,30.06,,0,0,0,34.1,37.5,42.2,0.14,0.13,0.08
SCHU,2015-12-01 14:55:00 EST,43.11700,-73.57829,103,34.5,34.4,34.5,97.4,33.8,0.000,0.114,0.00,0.010,1.2,2.1,0.6,349,20,1.8,3.6,0.7,354,19,1.2,2.1,0.6,349,20,12,30.06,,0,0,0,34.1,37.6,42.2,0.14,0.13,0.07
SCHU,2015-12-01 15:00:00 EST,43.11700,-73.57829,103,34.5,34.4,34.5,97.4,33.8,0.000,0.114,0.00,0.006,1.7,4.0,0.8,344,15,2.4,5.6,1.0,351,13,1.7,4.0,0.8,344,15,13,30.05,,0,0,0,34.1,37.6,42.2,0.14,0.13,0.08
SCHU,2015-12-01 15:05:00 EST,43.11700,-73.57829,103,34.4,34.4,34.4,97.2,33.7,0.002,0.116,0.00,0.007,2.4,4.3,0.8,0,18,3.2,6.0,1.1,5,17,2.4,4.3,0.8,0,18,12,30.05,,0,0,0,34.1,37.5,42.2,0.14,0.13,0.08
SCHU,2015-12-01 15:10:00 EST,43.11700,-73.57829,103,34.5,34.4,34.5,97.3,33.8,0.001,0.117,0.00,0.008,2.0,3.3,0.6,331,17,2.3,4.9,0.8,340,20,2.0,3.3,0.6,331,17,10,30.05,,0,0,0,34.1,37.5,42.2,0.14,0.13,0.08
SCHU,2015-12-01 15:15:00 EST,43.11700,-73.57829,103,34.4,34.4,34.4,97.4,33.8,0.000,0.117,0.00,0.008,2.0,3.9,0.7,346,22,2.8,5.1,0.8,353,19,2.0,3.9,0.7,346,22,10,30.05,,0,0,0,34.1,37.6,42.2,0.14,0.13,0.08
SCHU,2015-12-01 15:20:00 EST,43.11700,-73.57829,103,34.3,34.3,34.3,97.3,33.6,0.000,0.117,0.00,0.006,2.8,4.2,0.6,8,10,3.7,5.6,0.8,11,9,2.8,4.2,0.6,8,10,8,30.04,,0,0,0,34.1,37.5,42.2,0.14,0.13,0.08
SCHU,2015-12-01 15:25:00 EST,43.11700,-73.57829,103,34.4,34.3,34.4,97.2,33.7,0.000,0.117,0.00,0.006,1.6,3.8,0.8,334,17,2.1,5.4,1.0,341,19,1.6,3.8,0.8,334,17,6,30.04,,0,0,0,34.2,37.5,42.1,0.14,0.13,0.08
SCHU,2015-12-01 15:30:00 EST,43.11700,-73.57829,103,34.4,34.4,34.4,97.3,33.7,0.000,0.117,0.00,0.005,2.5,4.2,0.8,352,16,3.2,6.0,1.1,356,16,2.5,4.2,0.8,352,16,5,30.04,,0,0,0,34.1,37.5,42.2,0.14,0.13,0.08
SCHU,2015-12-01 15:35:00 EST,43.11700,-73.57829,103,34.4,34.4,34.4,97.3,33.7,0.000,0.117,0.00,0.005,2.0,3.7,0.7,347,22,2.7,5.1,0.9,355,20,2.0,3.7,0.7,347,22,5,30.04,,0,0,0,34.1,37.5,42.1,0.14,0.13,0.08
SCHU,2015-12-01 15:40:00 EST,43.11700,-73.57829,103,34.4,34.4,34.4,97.2,33.7,0.000,0.117,0.00,0.005,2.2,3.9,0.7,350,23,2.7,5.1,0.9,357,21,2.2,3.9,0.7,350,23,4,30.03,,0,0,0,34.2,37.5,42.1,0.14,0.13,0.08
SCHU,2015-12-01 15:45:00 EST,43.11700,-73.57829,103,34.4,34.4,34.4,97.2,33.7,0.000,0.117,0.00,0.003,2.0,4.1,0.6,6,16,2.8,5.6,0.8,10,16,2.0,4.1,0.6,6,16,4,30.03,,0,0,0,34.2,37.5,42.1,0.14,0.13,0.08
SCHU,2015-12-01 15:50:00 EST,43.11700,-73.57829,103,34.4,34.4,34.4,97.2,33.7,0.000,0.117,0.00,0.003,1.6,2.6,0.5,341,15,2.1,4.0,0.6,349,16,1.6,2.6,0.5,341,15,3,30.04,,0,0,0,34.2,37.5,42.1,0.14,0.13,0.08
SCHU,2015-12-01 15:55:00 EST,43.11700,-73.57829,103,34.4,34.4,34.4,97.3,33.7,0.000,0.117,0.00,0.003,1.4,2.3,0.5,331,22,1.7,2.9,0.6,335,24,1.4,2.3,0.5,331,22,3,30.04,,0,0,0,34.2,37.5,42.1,0.14,0.13,0.07
SCHU,2015-12-01 16:00:00 EST,43.11700,-73.57829,103,34.4,34.4,34.4,97.4,33.8,0.000,0.117,0.00,0.003,1.7,2.5,0.4,329,12,2.0,3.8,0.6,337,13,1.7,2.5,0.4,329,12,2,30.04,,0,0,0,34.3,37.5,42.1,0.14,0.13,0.08
SCHU,2015-12-01 16:05:00 EST,43.11700,-73.57829,103,34.4,34.4,34.4,97.4,33.7,0.002,0.119,0.00,0.003,2.5,3.8,0.7,333,12,2.9,5.1,0.8,338,12,2.5,3.8,0.7,333,12,2,30.04,,0,0,0,34.3,37.5,42.1,0.14,0.13,0.08
SCHU,2015-12-01 16:10:00 EST,43.11700,-73.57829,103,34.4,34.4,34.4,97.4,33.7,0.000,0.119,0.00,0.002,1.9,3.4,0.8,351,15,2.7,4.5,0.9,359,14,1.9,3.4,0.8,351,15,1,30.04,,0,0,0,34.3,37.5,42.1,0.14,0.13,0.08
SCHU,2015-12-01 16:15:00 EST,43.11700,-73.57829,103,34.4,34.4,34.4,97.5,33.8,0.000,0.119,0.00,0.002,1.9,3.9,0.9,341,14,2.5,6.0,1.1,348,16,1.9,3.9,0.9,341,14,1,30.04,,0,0,0,34.4,37.5,42.1,0.14,0.13,0.08
SCHU,2015-12-01 16:20:00 EST,43.11700,-73.57829,103,34.4,34.4,34.4,97.5,33.8,0.000,0.119,0.00,0.002,2.2,4.3,0.8,347,14,3.0,5.6,1.0,355,13,2.2,4.3,0.8,347,14,0,30.03,,0,0,0,34.4,37.5,42.2,0.14,0.13,0.08
SCHU,2015-12-01 16:25:00 EST,43.11700,-73.57829,103,34.4,34.4,34.4,97.6,33.8,0.000,0.119,0.00,0.002,1.6,3.0,0.5,343,30,2.2,4.5,0.7,353,25,1.6,3.0,0.5,343,30,0,30.03,,0,0,0,34.4,37.5,42.1,0.14,0.13,0.08
SCHU,2015-12-01 16:30:00 EST,43.11700,-73.57829,103,34.5,34.5,34.5,97.7,33.9,0.000,0.119,0.00,0.002,1.9,3.4,0.6,0,20,2.3,4.0,0.8,7,19,1.9,3.4,0.6,0,20,0,30.03,,0,0,0,34.4,37.5,42.1,0.14,0.13,0.08
SCHU,2015-12-01 16:35:00 EST,43.11700,-73.57829,103,34.4,34.5,34.4,97.6,33.8,0.000,0.119,0.00,0.002,1.4,3.7,0.7,340,17,2.0,4.5,0.6,348,16,1.4,3.7,0.7,340,17,0,30.02,,0,0,0,34.4,37.5,42.1,0.14,0.13,0.08
SCHU,2015-12-01 16:40:00 EST,43.11700,-73.57829,103,34.5,34.5,34.5,97.7,33.9,0.000,0.119,0.00,0.002,2.2,3.4,0.5,338,18,2.8,4.7,0.8,345,17,2.2,3.4,0.5,338,18,0,30.02,,0,0,0,34.4,37.5,42.1,0.14,0.13,0.08
SCHU,2015-12-01 16:45:00 EST,43.11700,-73.57829,103,34.4,34.4,34.4,97.7,33.8,0.000,0.119,0.00,0.002,2.9,4.7,0.8,333,15,3.3,5.6,1.0,338,15,2.9,4.7,0.8,333,15,0,30.02,,0,0,0,34.5,37.5,42.1,0.14,0.13,0.08
SCHU,2015-12-01 16:50:00 EST,43.11700,-73.57829,103,34.4,34.4,34.4,97.8,33.9,0.000,0.119,0.00,0.002,2.2,3.9,0.7,322,24,2.5,5.1,0.9,332,20,2.2,3.9,0.7,322,24,0,30.02,,0,0,0,34.5,37.5,42.1,0.14,0.13,0.08
SCHU,2015-12-01 16:55:00 EST,43.11700,-73.57829,103,34.5,34.5,34.5,97.8,33.9,0.000,0.119,0.00,0.002,2.8,5.2,1.0,330,18,3.2,7.2,1.2,338,17,2.8,5.2,1.0,330,18,0,30.02,,0,0,0,34.5,37.5,42.1,0.14,0.13,0.08
SCHU,2015-12-01 17:00:00 EST,43.11700,-73.57829,103,34.6,34.6,34.6,97.9,34.0,0.000,0.119,0.00,0.002,2.2,3.5,0.7,337,16,2.8,4.7,0.7,344,16,2.2,3.5,0.7,337,16,0,30.02,,0,0,0,34.4,37.5,42.1,0.14,0.13,0.08
SCHU,2015-12-01 17:05:00 EST,43.11700,-73.57829,103,34.6,34.6,34.6,97.9,34.0,0.000,0.119,0.00,0.000,2.6,5.6,1.0,334,18,3.1,6.9,1.4,341,18,2.6,5.6,1.0,334,18,0,30.02,,0,0,0,34.6,37.4,42.1,0.14,0.13,0.08
SCHU,2015-12-01 17:10:00 EST,43.11700,-73.57829,103,34.5,34.5,34.5,97.8,34.0,0.000,0.119,0.00,0.000,2.2,3.8,0.9,339,23,3.0,5.4,1.0,347,22,2.2,3.8,0.9,339,23,0,30.02,,0,0,0,34.6,37.4,42.1,0.14,0.13,0.08
SCHU,2015-12-01 17:15:00 EST,43.11700,-73.57829,103,34.4,34.4,34.4,97.6,33.8,0.000,0.119,0.00,0.000,2.6,3.8,0.7,334,12,3.2,5.1,0.8,341,12,2.6,3.8,0.7,334,12,0,30.01,,0,0,0,34.6,37.5,42.1,0.14,0.13,0.07
SCHU,2015-12-01 17:20:00 EST,43.11700,-73.57829,103,34.4,34.4,34.4,97.6,33.8,0.000,0.119,0.00,0.000,1.8,3.3,0.6,339,12,2.4,4.3,0.5,347,12,1.8,3.3,0.6,339,12,0,30.01,,0,0,0,34.7,37.5,42.1,0.14,0.13,0.08
SCHU,2015-12-01 17:25:00 EST,43.11700,-73.57829,103,34.4,34.5,34.4,97.6,33.8,0.000,0.119,0.00,0.000,2.4,3.2,0.4,329,12,2.7,4.7,0.6,336,12,2.4,3.2,0.4,329,12,0,30.01,,0,0,0,34.7,37.4,42.1,0.14,0.13,0.08
SCHU,2015-12-01 17:30:00 EST,43.11700,-73.57829,103,34.4,34.4,34.4,97.6,33.8,0.000,0.119,0.00,0.000,1.3,2.3,0.5,343,21,1.8,2.9,0.5,351,22,1.3,2.3,0.5,343,21,0,30.00,,0,0,0,34.8,37.5,42.1,0.14,0.13,0.08
SCHU,2015-12-01 17:35:00 EST,43.11700,-73.57829,103,34.4,34.4,34.4,97.6,33.8,0.000,0.119,0.00,0.000,1.5,2.7,0.4,325,19,1.9,4.0,0.6,333,19,1.5,2.7,0.4,325,19,0,30.01,,0,0,0,34.8,37.4,42.1,0.14,0.13,0.08
SCHU,2015-12-01 17:40:00 EST,43.11700,-73.57829,103,34.4,34.5,34.4,97.7,33.9,0.000,0.119,0.00,0.000,1.5,3.1,0.7,335,14,1.9,3.4,0.6,342,15,1.5,3.1,0.7,335,14,0,30.01,,0,0,0,34.8,37.4,42.1,0.14,0.13,0.07
SCHU,2015-12-01 17:45:00 EST,43.11700,-73.57829,103,34.4,34.4,34.4,97.7,33.8,0.000,0.119,0.00,0.000,2.4,3.4,0.5,331,16,2.8,4.7,0.6,338,15,2.4,3.4,0.5,331,16,0,30.01,,0,0,0,34.8,37.4,42.1,0.14,0.13,0.08
SCHU,2015-12-01 17:50:00 EST,43.11700,-73.57829,103,34.4,34.4,34.4,97.7,33.8,0.000,0.119,0.00,0.000,1.4,2.8,0.6,321,22,1.7,3.6,0.7,329,25,1.4,2.8,0.6,321,22,0,30.01,,0,0,0,34.8,37.5,42.1,0.14,0.13,0.08
SCHU,2015-12-01 17:55:00 EST,43.11700,-73.57829,103,34.4,34.4,34.4,97.7,33.8,0.000,0.119,0.00,0.000,1.9,3.7,1.1,358,16,2.7,5.4,1.4,3,18,1.9,3.7,1.1,358,16,0,30.01,,0,0,0,34.8,37.4,42.1,0.14,0.13,0.08
SCHU,2015-12-01 18:00:00 EST,43.11700,-73.57829,103,34.4,34.5,34.4,97.6,33.8,0.000,0.119,0.00,0.000,1.9,2.8,0.5,347,14,2.7,6.0,0.6,355,18,1.9,2.8,0.5,347,14,0,30.01,,0,0,0,34.9,37.5,42.1,0.14,0.13,0.08
SCHU,2015-12-01 18:05:00 EST,43.11700,-73.57829,103,34.5,34.5,34.5,97.5,33.9,0.000,0.119,0.00,0.000,1.6,2.6,0.5,329,15,1.8,3.1,0.6,338,17,1.6,2.6,0.5,329,15,0,30.01,,0,0,0,34.9,37.5,42.1,0.14,0.13,0.08
SCHU,2015-12-01 18:10:00 EST,43.11700,-73.57829,103,34.5,34.5,34.5,97.7,33.9,0.000,0.119,0.00,0.000,2.2,5.3,0.9,332,25,2.6,5.1,1.1,341,24,2.2,5.3,0.9,332,25,0,30.02,,0,0,0,34.8,37.5,42.1,0.14,0.13,0.08
SCHU,2015-12-01 18:15:00 EST,43.11700,-73.57829,103,34.6,34.6,34.6,97.7,34.0,0.002,0.121,0.00,0.002,2.0,3.7,0.6,352,18,2.8,4.7,0.8,357,16,2.0,3.7,0.6,352,18,0,30.02,,0,0,0,34.9,37.4,42.1,0.14,0.13,0.08
SCHU,2015-12-01 18:20:00 EST,43.11700,-73.57829,103,34.6,34.6,34.6,97.6,34.0,0.005,0.126,0.00,0.007,1.4,2.4,0.7,13,17,2.0,3.1,0.6,18,18,1.4,2.4,0.7,13,17,0,30.01,,0,0,0,34.9,37.4,42.1,0.14,0.13,0.08
SCHU,2015-12-01 18:25:00 EST,43.11700,-73.57829,103,34.5,34.5,34.5,97.6,33.9,0.004,0.130,0.00,0.012,1.6,2.6,0.5,360,14,2.4,4.3,0.7,6,15,1.6,2.6,0.5,360,14,0,30.01,,0,0,0,34.9,37.4,42.0,0.14,0.13,0.07
SCHU,2015-12-01 18:30:00 EST,43.11700,-73.57829,103,34.5,34.5,34.5,97.7,33.9,0.003,0.133,0.00,0.015,1.5,2.8,0.6,352,19,2.1,3.4,0.7,358,20,1.5,2.8,0.6,352,19,0,30.01,,0,0,0,34.9,37.5,42.0,0.14,0.14,0.08
SCHU,2015-12-01 18:35:00 EST,43.11700,-73.57829,103,34.5,34.5,34.5,97.8,33.9,0.008,0.141,0.00,0.023,1.8,2.9,0.5,336,12,2.3,4.0,0.7,342,13,1.8,2.9,0.5,336,12,0,30.02,,0,0,0,34.9,37.5,42.1,0.14,0.13,0.08
SCHU,2015-12-01 18:40:00 EST,43.11700,-73.57829,103,34.4,34.5,34.4,97.8,33.9,0.003,0.144,0.00,0.025,1.2,2.3,0.7,339,15,1.9,10.3,1.1,352,28,1.2,2.3,0.7,339,15,0,30.01,,0,0,0,34.9,37.5,42.1,0.14,0.13,0.08
SCHU,2015-12-01 18:45:00 EST,43.11700,-73.57829,103,34.5,34.5,34.5,97.9,33.9,0.008,0.152,0.00,0.033,1.5,2.8,0.5,356,20,2.1,4.0,0.7,1,18,1.5,2.8,0.5,356,20,0,30.01,,0,0,0,34.9,37.5,42.1,0.14,0.13,0.08
SCHU,2015-12-01 18:50:00 EST,43.11700,-73.57829,103,34.5,34.5,34.5,97.9,34.0,0.008,0.160,0.00,0.041,1.9,2.7,0.4,9,14,2.5,3.6,0.5,13,13,1.9,2.7,0.4,9,14,0,30.01,,0,0,0,34.9,37.5,42.0,0.14,0.13,0.08
SCHU,2015-12-01 18:55:00 EST,43.11700,-73.57829,103,34.4,34.4,34.4,98.0,33.9,0.001,0.161,0.00,0.042,1.6,3.0,0.6,360,17,2.3,4.0,0.6,4,15,1.6,3.0,0.6,360,17,0,30.01,,0,0,0,34.9,37.5,42.0,0.14,0.14,0.08
SCHU,2015-12-01 19:00:00 EST,43.11700,-73.57829,103,34.4,34.5,34.4,98.0,33.9,0.002,0.163,0.00,0.044,1.2,1.8,0.3,352,13,1.8,2.7,0.4,357,14,1.2,1.8,0.3,352,13,0,30.01,,0,0,0,34.9,37.5,42.1,0.14,0.14,0.08
SCHU,2015-12-01 19:05:00 EST,43.11700,-73.57829,103,34.4,34.4,34.4,98.0,33.9,0.004,0.167,0.00,0.049,1.1,2.0,0.6,330,16,1.5,2.9,0.7,336,20,1.1,2.0,0.6,330,16,0,30.01,,0,0,0,35.0,37.5,42.0,0.14,0.13,0.08
SCHU,2015-12-01 19:10:00 EST,43.11700,-73.57829,103,34.4,34.4,34.4,98.1,33.9,0.001,0.168,0.00,0.049,1.4,2.8,0.6,326,15,1.7,3.6,0.7,334,16,1.4,2.8,0.6,326,15,0,30.01,,0,0,0,35.0,37.5,42.0,0.14,0.13,0.07
SCHU,2015-12-01 19:15:00 EST,43.11700,-73.57829,103,34.4,34.4,34.4,98.2,34.0,0.000,0.168,0.00,0.047,1.3,2.5,0.6,331,14,1.7,2.9,0.5,340,15,1.3,2.5,0.6,331,14,0,30.00,,0,0,0,35.0,37.5,42.0,0.14,0.13,0.08
SCHU,2015-12-01 19:20:00 EST,43.11700,-73.57829,103,34.4,34.5,34.4,98.2,34.0,0.000,0.168,0.00,0.042,1.3,1.9,0.3,351,15,2.0,2.9,0.4,359,15,1.3,1.9,0.3,351,15,0,30.00,,0,0,0,35.0,37.5,42.0,0.14,0.13,0.08
SCHU,2015-12-01 19:25:00 EST,43.11700,-73.57829,103,34.5,34.5,34.5,98.2,34.0,0.000,0.168,0.00,0.038,1.5,2.4,0.4,340,14,1.9,3.4,0.6,346,14,1.5,2.4,0.4,340,14,0,30.00,,0,0,0,35.0,37.5,42.0,0.14,0.13,0.08
SCHU,2015-12-01 19:30:00 EST,43.11700,-73.57829,103,34.4,34.4,34.4,98.3,34.0,0.000,0.168,0.00,0.035,2.2,3.6,0.6,331,11,2.6,4.3,0.7,336,12,2.2,3.6,0.6,331,11,0,30.00,,0,0,0,35.0,37.5,42.0,0.15,0.13,0.08
SCHU,2015-12-01 19:35:00 EST,43.11700,-73.57829,103,34.4,34.4,34.4,98.3,34.0,0.003,0.171,0.00,0.029,2.0,3.5,0.6,335,15,2.4,3.6,0.5,342,15,2.0,3.5,0.6,335,15,0,30.00,,0,0,0,35.0,37.5,42.0,0.14,0.13,0.08
SCHU,2015-12-01 19:40:00 EST,43.11700,-73.57829,103,34.5,34.5,34.5,98.4,34.1,0.000,0.171,0.00,0.027,2.3,3.8,0.6,335,14,2.7,4.3,0.8,341,13,2.3,3.8,0.6,335,14,0,30.00,,0,0,0,35.0,37.5,42.0,0.15,0.13,0.08
SCHU,2015-12-01 19:45:00 EST,43.11700,-73.57829,103,34.5,34.5,34.5,98.4,34.1,0.000,0.171,0.00,0.019,3.0,4.5,0.7,334,10,3.4,5.8,1.0,340,10,3.0,4.5,0.7,334,10,0,30.00,,0,0,0,35.0,37.5,42.0,0.15,0.13,0.08
SCHU,2015-12-01 19:50:00 EST,43.11700,-73.57829,103,34.5,34.5,34.5,98.4,34.1,0.000,0.171,0.00,0.011,1.8,3.3,0.6,330,19,2.0,4.7,0.7,338,19,1.8,3.3,0.6,330,19,0,29.99,,0,0,0,35.0,37.5,42.0,0.15,0.13,0.08
SCHU,2015-12-01 19:55:00 EST,43.11700,-73.57829,103,34.5,34.5,34.5,98.4,34.1,0.000,0.171,0.00,0.010,2.6,3.7,0.7,338,17,3.0,5.1,0.8,345,16,2.6,3.7,0.7,338,17,0,29.99,,0,0,0,35.1,37.5,42.0,0.15,0.13,0.08
SCHU,2015-12-01 20:00:00 EST,43.11700,-73.57829,103,34.6,34.6,34.6,98.4,34.1,0.000,0.171,0.00,0.008,2.1,3.5,0.8,342,14,2.6,4.3,0.8,348,15,2.1,3.5,0.8,342,14,0,29.99,,0,0,0,35.1,37.5,42.0,0.15,0.14,0.08
SCHU,2015-12-01 20:05:00 EST,43.11700,-73.57829,103,34.6,34.6,34.6,98.3,34.1,0.000,0.171,0.00,0.003,2.3,3.9,0.6,339,14,2.7,4.7,0.7,345,13,2.3,3.9,0.6,339,14,0,29.99,,0,0,0,35.1,37.5,42.0,0.15,0.13,0.08
SCHU,2015-12-01 20:10:00 EST,43.11700,-73.57829,103,34.6,34.6,34.6,98.3,34.1,0.000,0.171,0.00,0.003,2.3,3.4,0.5,342,15,3.0,4.5,0.7,348,16,2.3,3.4,0.5,342,15,0,29.99,,0,0,0,35.1,37.5,41.9,0.14,0.14,0.08
SCHU,2015-12-01 20:15:00 EST,43.11700,-73.57829,103,34.6,34.6,32.0,98.3,34.2,0.000,0.171,0.00,0.003,3.2,4.5,0.7,345,13,4.0,5.4,0.8,350,11,3.2,4.5,0.7,345,13,0,29.98,,0,0,0,35.1,37.5,41.9,0.15,0.14,0.08
SCHU,2015-12-01 20:20:00 EST,43.11700,-73.57829,103,34.6,34.6,32.0,98.3,34.1,0.000,0.171,0.00,0.003,3.2,5.3,0.8,342,17,4.0,6.5,1.1,349,11,3.2,5.3,0.8,342,17,0,29.98,,0,0,0,35.2,37.5,42.0,0.15,0.13,0.08
SCHU,2015-12-01 20:25:00 EST,43.11700,-73.57829,103,34.6,34.6,34.6,98.3,34.2,0.000,0.171,0.00,0.003,2.7,5.2,1.0,350,18,3.3,5.6,1.3,354,18,2.7,5.2,1.0,350,18,0,29.98,,0,0,0,35.1,37.5,42.0,0.15,0.13,0.07
SCHU,2015-12-01 20:30:00 EST,43.11700,-73.57829,103,34.7,34.7,34.7,98.3,34.2,0.000,0.171,0.00,0.003,2.9,4.7,1.0,341,13,3.5,5.8,1.1,346,12,2.9,4.7,1.0,341,13,0,29.98,,0,0,0,35.2,37.5,42.0,0.15,0.13,0.08
SCHU,2015-12-01 20:35:00 EST,43.11700,-73.57829,103,34.7,34.7,34.7,98.3,34.2,0.000,0.171,0.00,0.000,2.9,4.6,0.8,347,16,3.7,6.3,1.0,352,13,2.9,4.6,0.8,347,16,0,29.98,,0,0,0,35.2,37.5,41.9,0.15,0.13,0.08
SCHU,2015-12-01 20:40:00 EST,43.11700,-73.57829,103,34.8,34.8,34.8,98.2,34.3,0.000,0.171,0.00,0.000,2.0,3.6,0.7,347,15,2.7,4.7,1.0,355,16,2.0,3.6,0.7,347,15,0,29.98,,0,0,0,35.2,37.5,42.0,0.15,0.13,0.08
SCHU,2015-12-01 20:45:00 EST,43.11700,-73.57829,103,34.8,34.8,34.8,98.3,34.4,0.000,0.171,0.00,0.000,2.1,4.3,1.2,357,26,2.9,5.8,1.4,3,13,2.1,4.3,1.2,357,26,0,29.98,,0,0,0,35.3,37.5,41.9,0.15,0.13,0.08
SCHU,2015-12-01 20:50:00 EST,43.11700,-73.57829,103,34.8,34.9,34.8,98.2,34.4,0.000,0.171,0.00,0.000,1.6,3.2,0.5,12,17,2.1,4.3,0.7,16,16,1.6,3.2,0.5,12,17,0,29.97,,0,0,0,35.3,37.5,41.9,0.15,0.14,0.08
SCHU,2015-12-01 20:55:00 EST,43.11700,-73.57829,103,34.8,34.8,34.8,98.2,34.4,0.000,0.171,0.00,0.000,1.8,3.4,0.7,10,11,2.4,4.0,0.7,17,12,1.8,3.4,0.7,10,11,0,29.97,,0,0,0,35.3,37.5,41.9,0.15,0.13,0.08
SCHU,2015-12-01 21:00:00 EST,43.11700,-73.57829,103,34.9,34.9,34.9,98.2,34.5,0.000,0.171,0.00,0.000,1.9,2.8,0.5,22,10,2.5,3.8,0.6,26,11,1.9,2.8,0.5,22,10,0,29.97,,0,0,0,35.3,37.5,41.9,0.15,0.13,0.07
SCHU,2015-12-01 21:05:00 EST,43.11700,-73.57829,103,34.9,34.8,34.9,98.2,34.4,0.000,0.171,0.00,0.000,2.2,3.1,0.4,15,10,2.8,4.3,0.6,17,12,2.2,3.1,0.4,15,10,0,29.97,,0,0,0,35.4,37.5,41.9,0.15,0.13,0.07
SCHU,2015-12-01 21:10:00 EST,43.11700,-73.57829,103,34.9,34.9,34.9,98.2,34.4,0.002,0.173,0.00,0.002,1.4,2.2,0.5,4,15,2.0,4.5,0.6,9,17,1.4,2.2,0.5,4,15,0,29.97,,0,0,0,35.3,37.5,41.9,0.14,0.13,0.08
SCHU,2015-12-01 21:15:00 EST,43.11700,-73.57829,103,34.9,34.9,34.9,98.3,34.4,0.001,0.174,0.00,0.003,2.2,3.6,1.0,13,11,2.9,5.1,1.1,16,11,2.2,3.6,1.0,13,11,0,29.96,,0,0,0,35.3,37.5,41.9,0.15,0.13,0.08
SCHU,2015-12-01 21:20:00 EST,43.11700,-73.57829,103,34.9,34.9,34.9,98.3,34.5,0.000,0.174,0.00,0.003,1.7,2.5,0.4,11,7,2.3,3.4,0.5,15,9,1.7,2.5,0.4,11,7,0,29.96,,0,0,0,35.3,37.6,41.9,0.15,0.13,0.08
SCHU,2015-12-01 21:25:00 EST,43.11700,-73.57829,103,34.9,34.9,34.9,98.2,34.4,0.000,0.174,0.00,0.003,0.8,2.3,0.6,10,14,1.5,3.6,0.6,12,17,0.8,2.3,0.6,10,14,0,29.96,,0,0,0,35.4,37.5,41.9,0.15,0.13,0.08
SCHU,2015-12-01 21:30:00 EST,43.11700,-73.57829,103,34.9,34.9,34.9,98.2,34.5,0.002,0.176,0.00,0.005,0.9,1.4,0.3,18,13,1.4,2.2,0.3,22,17,0.9,1.4,0.3,18,13,0,29.95,,0,0,0,35.4,37.5,41.9,0.15,0.14,0.07
SCHU,2015-12-01 21:35:00 EST,43.11700,-73.57829,103,35.0,34.9,35.0,98.3,34.5,0.000,0.176,0.00,0.005,1.3,2.1,0.3,30,18,1.9,2.7,0.4,31,17,1.3,2.1,0.3,30,18,0,29.95,,0,0,0,35.4,37.5,41.9,0.15,0.14,0.08
SCHU,2015-12-01 21:40:00 EST,43.11700,-73.57829,103,35.0,35.0,35.0,98.3,34.5,0.001,0.176,0.00,0.006,0.9,1.6,0.4,8,7,1.5,2.5,0.4,11,13,0.9,1.6,0.4,8,7,0,29.94,,0,0,0,35.4,37.5,41.9,0.15,0.13,0.08
SCHU,2015-12-01 21:45:00 EST,43.11700,-73.57829,103,35.0,35.0,35.0,98.3,34.5,0.000,0.176,0.00,0.006,0.9,2.2,0.7,336,11,1.5,3.1,0.7,344,16,0.9,2.2,0.7,336,11,0,29.95,,0,0,0,35.4,37.6,41.9,0.15,0.13,0.08
SCHU,2015-12-01 21:50:00 EST,43.11700,-73.57829,103,35.0,35.0,35.0,98.3,34.5,0.000,0.176,0.00,0.006,0.5,1.5,0.5,352,11,1.2,2.2,0.5,358,17,0.5,1.5,0.5,352,11,0,29.94,,0,0,0,35.5,37.6,41.9,0.15,0.13,0.08
SCHU,2015-12-01 21:55:00 EST,43.11700,-73.57829,103,35.0,35.0,35.0,98.3,34.6,0.000,0.176,0.00,0.006,0.3,1.7,0.5,334,8,0.9,2.7,0.4,341,19,0.3,1.7,0.5,334,8,0,29.94,,0,0,0,35.5,37.5,41.9,0.15,0.13,0.08
SCHU,2015-12-01 22:00:00 EST,43.11700,-73.57829,103,35.0,35.0,35.0,98.3,34.6,0.000,0.176,0.00,0.006,1.5,2.4,0.4,320,9,1.6,2.5,0.4,327,11,1.5,2.4,0.4,320,9,0,29.94,,0,0,0,35.5,37.6,41.9,0.15,0.13,0.07
SCHU,2015-12-01 22:05:00 EST,43.11700,-73.57829,103,35.0,35.0,35.0,98.3,34.6,0.000,0.176,0.00,0.006,1.6,2.7,0.6,336,14,2.1,4.3,0.7,342,16,1.6,2.7,0.6,336,14,0,29.95,,0,0,0,35.5,37.6,41.9,0.15,0.13,0.08
SCHU,2015-12-01 22:10:00 EST,43.11700,-73.57829,103,35.0,35.0,35.0,98.2,34.6,0.000,0.176,0.00,0.004,2.3,3.8,0.6,331,15,2.6,4.3,0.7,337,16,2.3,3.8,0.6,331,15,0,29.94,,0,0,0,35.5,37.6,41.9,0.15,0.13,0.08
SCHU,2015-12-01 22:15:00 EST,43.11700,-73.57829,103,35.0,35.0,35.0,98.2,34.5,0.002,0.178,0.00,0.005,2.1,3.4,0.7,340,17,2.6,4.5,0.9,349,16,2.1,3.4,0.7,340,17,0,29.94,,0,0,0,35.5,37.5,41.9,0.15,0.14,0.08
SCHU,2015-12-01 22:20:00 EST,43.11700,-73.57829,103,35.0,35.0,35.0,98.1,34.5,0.000,0.178,0.00,0.005,2.0,3.1,0.5,343,19,2.5,4.5,0.7,350,18,2.0,3.1,0.5,343,19,0,29.94,,0,0,0,35.6,37.6,41.9,0.15,0.14,0.08
SCHU,2015-12-01 22:25:00 EST,43.11700,-73.57829,103,35.0,35.1,35.0,98.0,34.5,0.001,0.179,0.00,0.006,1.5,2.8,0.6,15,22,2.1,3.8,0.7,21,24,1.5,2.8,0.6,15,22,0,29.94,,0,0,0,35.5,37.6,41.8,0.15,0.13,0.08
SCHU,2015-12-01 22:30:00 EST,43.11700,-73.57829,103,35.0,35.0,35.0,98.1,34.5,0.002,0.181,0.00,0.006,1.5,2.7,0.6,21,12,2.0,3.6,0.7,23,19,1.5,2.7,0.6,21,12,0,29.93,,0,0,0,35.6,37.6,41.8,0.14,0.13,0.08
SCHU,2015-12-01 22:35:00 EST,43.11700,-73.57829,103,35.0,35.0,35.0,98.1,34.5,0.005,0.186,0.00,0.010,0.8,1.4,0.3,26,11,1.4,2.0,0.3,29,12,0.8,1.4,0.3,26,11,0,29.93,,0,0,0,35.6,37.5,41.9,0.15,0.14,0.08
SCHU,2015-12-01 22:40:00 EST,43.11700,-73.57829,103,35.0,35.0,35.0,98.1,34.5,0.004,0.189,0.00,0.013,0.4,1.4,0.4,339,18,1.0,1.8,0.3,347,26,0.4,1.4,0.4,339,18,0,29.93,,0,0,0,35.6,37.5,41.9,0.15,0.13,0.08
SCHU,2015-12-01 22:45:00 EST,43.11700,-73.57829,103,35.0,35.0,35.0,98.2,34.5,0.004,0.193,0.00,0.017,0.5,1.5,0.5,351,15,1.1,2.2,0.5,3,30,0.5,1.5,0.5,351,15,0,29.92,,0,0,0,35.6,37.5,41.9,0.15,0.14,0.07
SCHU,2015-12-01 22:50:00 EST,43.11700,-73.57829,103,35.0,35.0,35.0,98.2,34.5,0.003,0.196,0.00,0.020,0.0,0.0,0.0,0,0,0.8,2.7,0.3,23,39,0.0,0.0,0.0,0,0,0,29.92,,0,0,0,35.6,37.6,41.9,0.15,0.13,0.08
SCHU,2015-12-01 22:55:00 EST,43.11700,-73.57829,103,35.0,35.1,35.0,98.2,34.6,0.003,0.199,0.00,0.022,0.0,0.0,0.0,0,0,0.8,2.2,0.4,355,59,0.0,0.0,0.0,0,0,0,29.92,,0,0,0,35.6,37.6,41.8,0.15,0.13,0.08
SCHU,2015-12-01 23:00:00 EST,43.11700,-73.57829,103,35.0,35.1,35.0,98.3,34.6,0.004,0.203,0.00,0.026,1.2,1.8,0.4,325,13,1.6,2.9,0.5,334,14,1.2,1.8,0.4,325,13,0,29.92,,0,0,0,35.7,37.6,41.9,0.15,0.13,0.07
SCHU,2015-12-01 23:05:00 EST,43.11700,-73.57829,103,35.1,35.1,35.1,98.3,34.6,0.003,0.205,0.00,0.029,1.0,1.9,0.5,334,11,1.5,2.9,0.6,339,16,1.0,1.9,0.5,334,11,0,29.92,,0,0,0,35.7,37.6,41.8,0.15,0.13,0.08
SCHU,2015-12-01 23:10:00 EST,43.11700,-73.57829,103,35.1,35.1,35.1,98.3,34.7,0.002,0.207,0.00,0.031,0.0,0.0,0.0,0,0,0.8,2.0,0.4,12,48,0.0,0.0,0.0,0,0,0,29.92,,0,0,0,35.7,37.6,41.9,0.15,0.13,0.07
SCHU,2015-12-01 23:15:00 EST,43.11700,-73.57829,103,35.1,35.2,35.1,98.4,34.7,0.003,0.210,0.00,0.032,0.0,0.0,0.0,0,0,0.8,1.6,0.3,45,32,0.0,0.0,0.0,0,0,0,29.91,,0,0,0,35.7,37.6,41.8,0.15,0.13,0.08
SCHU,2015-12-01 23:20:00 EST,43.11700,-73.57829,103,35.2,35.2,35.2,98.4,34.8,0.002,0.212,0.00,0.033,0.0,0.0,0.0,0,0,0.8,4.5,0.6,30,66,0.0,0.0,0.0,0,0,0,29.91,,0,0,0,35.7,37.6,41.8,0.15,0.13,0.08
SCHU,2015-12-01 23:25:00 EST,43.11700,-73.57829,103,35.2,35.2,35.2,98.4,34.8,0.004,0.215,0.00,0.036,0.0,0.0,0.0,0,0,0.7,2.0,0.4,28,58,0.0,0.0,0.0,0,0,0,29.91,,0,0,0,35.7,37.6,41.8,0.15,0.13,0.08
SCHU,2015-12-01 23:30:00 EST,43.11700,-73.57829,103,35.2,35.3,35.2,98.4,34.8,0.004,0.219,0.00,0.038,0.0,0.0,0.0,0,0,0.6,1.6,0.3,353,41,0.0,0.0,0.0,0,0,0,29.91,,0,0,0,35.7,37.7,41.8,0.15,0.13,0.08
SCHU,2015-12-01 23:35:00 EST,43.11700,-73.57829,103,35.3,35.3,35.3,98.4,34.9,0.003,0.222,0.00,0.036,0.0,0.0,0.0,0,0,0.8,1.3,0.2,9,27,0.0,0.0,0.0,0,0,0,29.91,,0,0,0,35.7,37.7,41.8,0.15,0.13,0.08
SCHU,2015-12-01 23:40:00 EST,43.11700,-73.57829,103,35.3,35.3,35.3,98.5,34.9,0.002,0.224,0.00,0.034,0.0,0.0,0.0,0,0,0.9,1.3,0.2,358,25,0.0,0.0,0.0,0,0,0,29.91,,0,0,0,35.7,37.7,41.8,0.15,0.13,0.08
SCHU,2015-12-01 23:45:00 EST,43.11700,-73.57829,103,35.3,35.3,35.3,98.5,34.9,0.003,0.226,0.00,0.033,0.0,0.0,0.0,0,0,0.9,1.3,0.2,10,16,0.0,0.0,0.0,0,0,0,29.91,,0,0,0,35.7,37.6,41.8,0.15,0.13,0.08
SCHU,2015-12-01 23:50:00 EST,43.11700,-73.57829,103,35.3,35.3,35.3,98.5,34.9,0.003,0.229,0.00,0.033,0.0,0.0,0.0,0,0,0.8,2.0,0.3,326,19,0.0,0.0,0.0,0,0,0,29.91,,0,0,0,35.7,37.7,41.8,0.15,0.13,0.08
SCHU,2015-12-01 23:55:00 EST,43.11700,-73.57829,103,35.3,35.4,35.3,98.5,34.9,0.004,0.233,0.00,0.034,0.0,0.0,0.0,0,0,0.8,1.3,0.3,5,20,0.0,0.0,0.0,0,0,0,29.91,,0,0,0,35.8,37.7,41.8,0.15,0.14,0.08
SPRA,2015-12-01 00:00:00 EST,42.87427,-74.50859,656,25.2,26.1,25.2,90.5,22.8,0.000,0.000,0.00,0.000,1.3,2.2,0.4,116,14,1.6,2.9,0.5,117,15,1.3,2.2,0.4,116,14,0,29.61,,0,0,0,34.3,40.3,44.4,0.38,0.41,0.41
SPRA,2015-12-01 00:05:00 EST,42.87427,-74.50859,656,25.5,26.8,25.5,90.7,23.2,0.000,0.000,0.00,0.000,0.9,1.9,0.7,111,8,1.3,2.5,0.6,106,31,0.9,1.9,0.7,111,8,0,29.61,,0,0,0,34.3,40.3,44.4,0.38,0.41,0.41
SPRA,2015-12-01 00:10:00 EST,42.87427,-74.50859,656,26.0,26.7,26.0,90.4,23.5,0.000,0.000,0.00,0.000,0.8,1.5,0.5,124,7,1.2,1.8,0.3,124,13,0.8,1.5,0.5,124,7,0,29.61,,0,0,0,34.3,40.3,44.4,0.38,0.41,0.41
SPRA,2015-12-01 00:15:00 EST,42.87427,-74.50859,656,26.5,27.3,26.5,90.4,24.1,0.000,0.000,0.00,0.000,1.1,1.8,0.3,109,11,1.5,2.2,0.3,109,12,1.1,1.8,0.3,109,11,0,29.61,,0,0,0,34.3,40.3,44.4,0.38,0.41,0.41
SPRA,2015-12-01 00:20:00 EST,42.87427,-74.50859,656,27.1,27.8,27.1,88.2,24.1,0.000,0.000,0.00,0.000,1.8,3.0,0.5,108,10,2.1,3.8,0.6,111,11,1.8,3.0,0.5,108,10,0,29.61,,0,0,0,34.3,40.3,44.4,0.38,0.41,0.41
SPRA,2015-12-01 00:25:00 EST,42.87427,-74.50859,656,27.6,27.8,27.6,83.6,23.3,0.000,0.000,0.00,0.000,2.3,3.1,0.4,97,10,2.6,4.0,0.6,98,12,2.3,3.1,0.4,97,10,0,29.61,,0,0,0,34.3,40.3,44.4,0.38,0.41,0.41
SPRA,2015-12-01 00:30:00 EST,42.87427,-74.50859,656,27.6,27.8,27.6,83.8,23.4,0.000,0.000,0.00,0.000,2.4,3.4,0.3,87,6,2.9,3.8,0.4,86,8,2.4,3.4,0.3,87,6,0,29.61,,0,0,0,34.3,40.3,44.4,0.38,0.41,0.41
SPRA,2015-12-01 00:35:00 EST,42.87427,-74.50859,656,27.7,27.8,27.7,84.0,23.5,0.000,0.000,0.00,0.000,2.3,2.8,0.3,75,7,2.9,3.8,0.4,74,8,2.3,2.8,0.3,75,7,0,29.61,,0,0,0,34.3,40.3,44.4,0.38,0.41,0.41
SPRA,2015-12-01 00:40:00 EST,42.87427,-74.50859,656,27.7,27.7,27.7,83.1,23.2,0.000,0.000,0.00,0.000,2.3,2.8,0.2,68,7,2.8,3.8,0.4,67,8,2.3,2.8,0.2,68,7,0,29.61,,0,0,0,34.3,40.3,44.4,0.38,0.41,0.41
SPRA,2015-12-01 00:45:00 EST,42.87427,-74.50859,656,27.5,27.6,27.5,83.2,23.1,0.000,0.000,0.00,0.000,2.0,2.6,0.3,62,5,2.4,3.1,0.3,61,6,2.0,2.6,0.3,62,5,0,29.61,,0,0,0,34.3,40.3,44.4,0.38,0.41,0.41
SPRA,2015-12-01 00:50:00 EST,42.87427,-74.50859,656,27.5,27.5,27.5,83.8,23.2,0.000,0.000,0.00,0.000,1.5,2.3,0.3,71,8,1.9,2.9,0.3,71,9,1.5,2.3,0.3,71,8,0,29.61,,0,0,0,34.3,40.3,44.4,0.38,0.41,0.41
SPRA,2015-12-01 00:55:00 EST,42.87427,-74.50859,656,27.4,27.5,27.4,83.8,23.2,0.000,0.000,0.00,0.000,1.3,1.8,0.2,111,18,1.7,2.5,0.3,112,19,1.3,1.8,0.2,111,18,0,29.61,,0,0,0,34.3,40.3,44.4,0.38,0.41,0.41
SPRA,2015-12-01 01:00:00 EST,42.87427,-74.50859,656,27.6,27.6,27.6,83.2,23.2,0.000,0.000,0.00,0.000,2.0,2.8,0.5,124,15,2.1,3.1,0.5,124,15,2.0,2.8,0.5,124,15,0,29.61,,0,0,0,34.3,40.2,44.4,0.38,0.41,0.41
SPRA,2015-12-01 01:05:00 EST,42.87427,-74.50859,656,27.7,27.8,27.7,81.8,22.9,0.000,0.000,0.00,0.000,1.8,2.8,0.5,99,13,2.2,3.6,0.5,99,14,1.8,2.8,0.5,99,13,0,29.61,,0,0,0,34.3,40.3,44.4,0.38,0.41,0.41
SPRA,2015-12-01 01:10:00 EST,42.87427,-74.50859,656,27.8,27.8,27.8,83.0,23.3,0.000,0.000,0.00,0.000,2.8,4.4,0.8,98,11,3.2,5.1,1.0,99,12,2.8,4.4,0.8,98,11,0,29.61,,0,0,0,34.3,40.2,44.4,0.38,0.41,0.41
SPRA,2015-12-01 01:15:00 EST,42.87427,-74.50859,656,27.9,28.0,23.5,83.8,23.6,0.000,0.000,0.00,0.000,3.9,4.8,0.5,83,11,4.4,5.8,0.6,84,10,3.9,4.8,0.5,83,11,0,29.60,,0,0,0,34.3,40.2,44.4,0.38,0.41,0.41
SPRA,2015-12-01 01:20:00 EST,42.87427,-74.50859,656,28.0,28.1,24.1,84.5,23.9,0.000,0.000,0.00,0.000,3.4,4.7,0.6,66,9,3.8,5.4,0.7,66,10,3.4,4.7,0.6,66,9,0,29.60,,0,0,0,34.3,40.2,44.4,0.38,0.41,0.41
SPRA,2015-12-01 01:25:00 EST,42.87427,-74.50859,656,27.8,27.9,22.9,84.2,23.7,0.000,0.000,0.00,0.000,4.3,5.2,0.4,67,4,4.9,5.8,0.6,68,4,4.3,5.2,0.4,67,4,0,29.60,,0,0,0,34.3,40.2,44.4,0.38,0.41,0.41
SPRA,2015-12-01 01:30:00 EST,42.87427,-74.50859,656,27.9,27.9,23.6,85.3,24.1,0.000,0.000,0.00,0.000,3.8,5.1,0.6,67,7,4.2,6.0,0.8,68,7,3.8,5.1,0.6,67,7,0,29.60,,0,0,0,34.3,40.1,44.4,0.38,0.41,0.41
SPRA,2015-12-01 01:35:00 EST,42.87427,-74.50859,656,28.1,28.2,28.1,83.7,23.8,0.000,0.000,0.00,0.000,2.9,3.8,0.4,87,10,3.5,4.9,0.5,87,11,2.9,3.8,0.4,87,10,0,29.60,,0,0,0,34.3,40.2,44.4,0.38,0.41,0.41
SPRA,2015-12-01 01:40:00 EST,42.87427,-74.50859,656,28.2,28.3,28.2,83.2,23.8,0.000,0.000,0.00,0.000,3.0,4.4,0.7,86,9,3.5,5.8,0.8,86,9,3.0,4.4,0.7,86,9,0,29.60,,0,0,0,34.3,40.1,44.4,0.38,0.41,0.41
SPRA,2015-12-01 01:45:00 EST,42.87427,-74.50859,656,28.3,28.3,25.1,83.7,24.0,0.000,0.000,0.00,0.000,3.0,5.3,0.8,93,12,3.5,6.0,1.0,93,14,3.0,5.3,0.8,93,12,0,29.60,,0,0,0,34.3,40.1,44.4,0.38,0.41,0.41
SPRA,2015-12-01 01:50:00 EST,42.87427,-74.50859,656,28.4,28.3,24.0,82.9,23.8,0.000,0.000,0.00,0.000,3.9,5.6,0.6,83,10,4.5,6.3,0.8,84,11,3.9,5.6,0.6,83,10,0,29.60,,0,0,0,34.3,40.1,44.4,0.38,0.41,0.41
SPRA,2015-12-01 01:55:00 EST,42.87427,-74.50859,656,28.3,28.3,28.3,83.0,23.8,0.000,0.000,0.00,0.000,2.7,3.9,0.6,79,11,3.2,5.1,0.8,79,11,2.7,3.9,0.6,79,11,0,29.60,,0,0,0,34.3,40.1,44.4,0.38,0.41,0.41
SPRA,2015-12-01 02:00:00 EST,42.87427,-74.50859,656,28.4,28.3,28.4,82.7,23.8,0.000,0.000,0.00,0.000,2.7,3.7,0.5,89,8,3.2,4.5,0.6,90,10,2.7,3.7,0.5,89,8,0,29.60,,0,0,0,34.3,40.1,44.4,0.38,0.41,0.41
SPRA,2015-12-01 02:05:00 EST,42.87427,-74.50859,656,28.4,28.4,28.4,83.7,24.1,0.000,0.000,0.00,0.000,2.8,3.8,0.5,84,7,3.3,4.5,0.6,85,8,2.8,3.8,0.5,84,7,0,29.60,,0,0,0,34.3,40.1,44.4,0.38,0.41,0.41
SPRA,2015-12-01 02:10:00 EST,42.87427,-74.50859,656,28.5,28.5,25.2,84.1,24.3,0.000,0.000,0.00,0.000,3.1,4.4,0.4,83,10,3.6,5.1,0.6,84,10,3.1,4.4,0.4,83,10,0,29.60,,0,0,0,34.3,40.1,44.4,0.38,0.41,0.41
SPRA,2015-12-01 02:15:00 EST,42.87427,-74.50859,656,28.5,28.5,25.1,84.3,24.4,0.000,0.000,0.00,0.000,3.2,4.7,0.8,72,8,3.7,5.6,0.8,72,8,3.2,4.7,0.8,72,8,0,29.60,,0,0,0,34.3,40.1,44.4,0.38,0.41,0.41
SPRA,2015-12-01 02:20:00 EST,42.87427,-74.50859,656,28.5,28.5,23.6,83.7,24.2,0.000,0.000,0.00,0.000,4.5,5.6,0.6,66,5,4.9,6.5,0.8,67,6,4.5,5.6,0.6,66,5,0,29.59,,0,0,0,34.3,40.1,44.4,0.38,0.41,0.41
SPRA,2015-12-01 02:25:00 EST,42.87427,-74.50859,656,28.5,28.4,25.0,84.3,24.3,0.000,0.000,0.00,0.000,3.2,5.1,0.6,70,6,3.7,5.8,0.7,70,6,3.2,5.1,0.6,70,6,0,29.59,,0,0,0,34.3,40.1,44.4,0.38,0.41,0.41
SPRA,2015-12-01 02:30:00 EST,42.87427,-74.50859,656,28.6,28.5,28.6,84.2,24.4,0.000,0.000,0.00,0.000,2.5,3.4,0.3,72,9,2.9,4.0,0.5,71,10,2.5,3.4,0.3,72,9,0,29.59,,0,0,0,34.3,40.1,44.4,0.38,0.41,0.41
SPRA,2015-12-01 02:35:00 EST,42.87427,-74.50859,656,28.7,28.7,28.7,84.4,24.6,0.000,0.000,0.00,0.000,2.8,3.8,0.5,68,10,3.2,4.5,0.6,68,10,2.8,3.8,0.5,68,10,0,29.59,,0,0,0,34.3,40.1,44.4,0.38,0.41,0.41
SPRA,2015-12-01 02:40:00 EST,42.87427,-74.50859,656,28.7,28.8,24.9,83.6,24.4,0.000,0.000,0.00,0.000,3.5,6.4,1.1,78,12,4.0,6.9,1.2,79,13,3.5,6.4,1.1,78,12,0,29.59,,0,0,0,34.3,40.1,44.4,0.38,0.41,0.41
SPRA,2015-12-01 02:45:00 EST,42.87427,-74.50859,656,28.6,28.7,28.6,84.5,24.6,0.000,0.000,0.00,0.000,1.6,3.6,0.7,74,20,2.1,4.5,0.8,75,23,1.6,3.6,0.7,74,20,0,29.59,,0,0,0,34.3,40.0,44.4,0.38,0.41,0.41
SPRA,2015-12-01 02:50:00 EST,42.87427,-74.50859,656,28.8,28.8,28.8,83.9,24.6,0.000,0.000,0.00,0.000,2.4,4.2,0.8,98,13,2.8,4.7,0.9,100,13,2.4,4.2,0.8,98,13,0,29.59,,0,0,0,34.3,40.0,44.4,0.38,0.41,0.41
SPRA,2015-12-01 02:55:00 EST,42.87427,-74.50859,656,28.9,28.9,28.9,83.7,24.6,0.000,0.000,0.00,0.000,2.0,3.0,0.6,91,17,2.5,3.8,0.7,92,19,2.0,3.0,0.6,91,17,0,29.59,,0,0,0,34.3,40.0,44.4,0.38,0.41,0.41
SPRA,2015-12-01 03:00:00 EST,42.87427,-74.50859,656,29.0,29.0,29.0,84.2,24.8,0.000,0.000,0.00,0.000,2.0,3.5,0.5,76,11,2.4,4.3,0.6,76,12,2.0,3.5,0.5,76,11,0,29.59,,0,0,0,34.3,40.0,44.4,0.38,0.41,0.41
SPRA,2015-12-01 03:05:00 EST,42.87427,-74.50859,656,29.1,29.0,29.1,84.5,25.0,0.000,0.000,0.00,0.000,2.4,3.1,0.3,65,6,2.8,3.6,0.4,65,7,2.4,3.1,0.3,65,6,0,29.59,,0,0,0,34.3,39.9,44.4,0.38,0.41,0.41
SPRA,2015-12-01 03:10:00 EST,42.87427,-74.50859,656,29.1,29.1,29.1,85.8,25.4,0.000,0.000,0.00,0.000,1.2,2.6,0.9,85,14,1.7,3.1,0.9,88,19,1.2,2.6,0.9,85,14,0,29.59,,0,0,0,34.3,39.9,44.4,0.38,0.41,0.41
SPRA,2015-12-01 03:15:00 EST,42.87427,-74.50859,656,29.1,29.1,29.1,85.7,25.4,0.000,0.000,0.00,0.000,0.7,2.3,0.8,53,3,1.2,2.5,0.5,53,8,0.7,2.3,0.8,53,3,0,29.59,,0,0,0,34.3,39.9,44.4,0.38,0.41,0.41
SPRA,2015-12-01 03:20:00 EST,42.87427,-74.50859,656,29.0,29.1,25.4,86.3,25.5,0.000,0.000,0.00,0.000,3.4,5.3,0.8,52,5,3.5,5.6,0.9,52,5,3.4,5.3,0.8,52,5,0,29.58,,0,0,0,34.4,39.9,44.4,0.38,0.41,0.41
SPRA,2015-12-01 03:25:00 EST,42.87427,-74.50859,656,28.9,29.2,22.7,86.4,25.4,0.000,0.000,0.00,0.000,5.9,7.2,0.6,55,4,5.9,7.2,0.6,55,4,5.9,7.2,0.6,55,4,0,29.57,,0,0,0,34.3,39.9,44.4,0.38,0.41,0.41
SPRA,2015-12-01 03:30:00 EST,42.87427,-74.50859,656,28.7,29.0,23.4,85.7,24.9,0.000,0.000,0.00,0.000,4.8,6.8,1.1,59,11,5.0,7.2,1.1,59,10,4.8,6.8,1.1,59,11,0,29.57,,0,0,0,34.3,39.9,44.4,0.38,0.41,0.41
SPRA,2015-12-01 03:35:00 EST,42.87427,-74.50859,656,28.6,28.9,25.4,85.5,24.8,0.000,0.000,0.00,0.000,3.0,5.0,0.6,77,15,3.5,6.0,0.8,78,14,3.0,5.0,0.6,77,15,0,29.58,,0,0,0,34.3,39.9,44.4,0.38,0.41,0.41
SPRA,2015-12-01 03:40:00 EST,42.87427,-74.50859,656,28.8,29.0,28.8,84.8,24.8,0.000,0.000,0.00,0.000,2.8,5.2,1.3,92,25,3.3,6.0,1.4,94,27,2.8,5.2,1.3,92,25,0,29.58,,0,0,0,34.3,39.9,44.4,0.38,0.41,0.41
SPRA,2015-12-01 03:45:00 EST,42.87427,-74.50859,656,29.0,29.1,29.0,84.2,24.8,0.000,0.000,0.00,0.000,1.2,2.1,0.5,103,17,1.6,2.9,0.6,101,22,1.2,2.1,0.5,103,17,0,29.58,,0,0,0,34.3,39.9,44.3,0.38,0.41,0.41
SPRA,2015-12-01 03:50:00 EST,42.87427,-74.50859,656,29.0,29.1,29.0,84.6,24.9,0.000,0.000,0.00,0.000,1.3,2.0,0.4,76,12,1.7,2.7,0.4,75,14,1.3,2.0,0.4,76,12,0,29.58,,0,0,0,34.3,39.9,44.4,0.38,0.41,0.41
SPRA,2015-12-01 03:55:00 EST,42.87427,-74.50859,656,29.1,29.2,29.1,84.7,25.1,0.000,0.000,0.00,0.000,2.6,5.3,1.4,65,12,3.0,6.0,1.5,65,13,2.6,5.3,1.4,65,12,0,29.58,,0,0,0,34.3,39.9,44.4,0.38,0.41,0.41
SPRA,2015-12-01 04:00:00 EST,42.87427,-74.50859,656,29.1,29.2,24.0,84.6,25.1,0.000,0.000,0.00,0.000,4.7,6.2,0.7,69,10,5.2,6.9,0.8,70,10,4.7,6.2,0.7,69,10,0,29.58,,0,0,0,34.3,39.9,44.4,0.38,0.41,0.41
SPRA,2015-12-01 04:05:00 EST,42.87427,-74.50859,656,29.2,29.2,29.2,85.1,25.2,0.000,0.000,0.00,0.000,2.4,3.8,0.7,90,12,2.9,4.7,0.8,89,13,2.4,3.8,0.7,90,12,0,29.58,,0,0,0,34.3,39.9,44.4,0.38,0.41,0.41
SPRA,2015-12-01 04:10:00 EST,42.87427,-74.50859,656,29.2,29.3,25.3,85.2,25.3,0.000,0.000,0.00,0.000,3.6,5.2,0.7,78,9,4.2,6.0,0.8,79,8,3.6,5.2,0.7,78,9,0,29.58,,0,0,0,34.3,39.9,44.3,0.38,0.41,0.41
SPRA,2015-12-01 04:15:00 EST,42.87427,-74.50859,656,29.4,29.4,24.6,84.4,25.2,0.000,0.000,0.00,0.000,4.4,6.1,1.1,87,9,5.0,7.6,1.2,88,8,4.4,6.1,1.1,87,9,0,29.58,,0,0,0,34.3,39.9,44.3,0.38,0.41,0.41
SPRA,2015-12-01 04:20:00 EST,42.87427,-74.50859,656,29.4,29.4,25.7,84.3,25.3,0.000,0.000,0.00,0.000,3.5,5.5,0.7,86,11,4.1,6.5,0.9,87,10,3.5,5.5,0.7,86,11,0,29.58,,0,0,0,34.3,39.9,44.3,0.38,0.41,0.41
SPRA,2015-12-01 04:25:00 EST,42.87427,-74.50859,656,29.4,29.4,24.6,84.3,25.3,0.000,0.000,0.00,0.000,4.4,5.8,0.8,79,10,5.0,6.9,1.0,81,10,4.4,5.8,0.8,79,10,0,29.58,,0,0,0,34.4,39.9,44.3,0.38,0.41,0.41
SPRA,2015-12-01 04:30:00 EST,42.87427,-74.50859,656,29.4,29.4,24.2,84.9,25.4,0.000,0.000,0.00,0.000,4.9,6.8,0.8,80,10,5.5,7.6,0.9,82,9,4.9,6.8,0.8,80,10,0,29.58,,0,0,0,34.4,39.9,44.3,0.38,0.41,0.41
SPRA,2015-12-01 04:35:00 EST,42.87427,-74.50859,656,29.4,29.4,23.9,85.2,25.5,0.000,0.000,0.00,0.000,5.1,6.7,0.7,75,9,5.8,7.6,0.8,76,9,5.1,6.7,0.7,75,9,0,29.58,,0,0,0,34.4,39.9,44.3,0.38,0.41,0.41
SPRA,2015-12-01 04:40:00 EST,42.87427,-74.50859,656,29.4,29.4,23.9,85.9,25.7,0.000,0.000,0.00,0.000,5.2,6.9,0.9,76,9,5.8,8.1,1.1,77,9,5.2,6.9,0.9,76,9,0,29.57,,0,0,0,34.3,39.9,44.3,0.38,0.41,0.41
SPRA,2015-12-01 04:45:00 EST,42.87427,-74.50859,656,29.4,29.4,23.4,85.8,25.7,0.000,0.000,0.00,0.000,5.8,7.5,0.8,74,8,6.4,8.9,1.1,76,8,5.8,7.5,0.8,74,8,0,29.56,,0,0,0,34.3,39.9,44.3,0.38,0.41,0.41
SPRA,2015-12-01 04:50:00 EST,42.87427,-74.50859,656,29.5,29.4,25.6,86.6,26.0,0.000,0.000,0.00,0.000,3.7,5.3,0.8,86,15,4.1,6.0,1.0,87,15,3.7,5.3,0.8,86,15,0,29.57,,0,0,0,34.4,39.9,44.3,0.38,0.41,0.41
SPRA,2015-12-01 04:55:00 EST,42.87427,-74.50859,656,29.4,29.4,25.5,87.0,26.0,0.000,0.000,0.00,0.000,3.7,6.5,1.0,88,13,4.2,8.1,1.2,89,13,3.7,6.5,1.0,88,13,0,29.57,,0,0,0,34.3,39.9,44.3,0.38,0.41,0.41
SPRA,2015-12-01 05:00:00 EST,42.87427,-74.50859,656,29.5,29.5,23.6,87.0,26.1,0.000,0.000,0.00,0.000,5.6,7.8,1.1,91,14,6.2,9.2,1.3,93,12,5.6,7.8,1.1,91,14,0,29.56,,0,0,0,34.4,39.9,44.3,0.38,0.41,0.41
SPRA,2015-12-01 05:05:00 EST,42.87427,-74.50859,656,29.5,29.5,23.3,87.1,26.1,0.000,0.000,0.00,0.000,6.0,8.5,1.1,85,9,6.6,9.8,1.3,87,8,6.0,8.5,1.1,85,9,0,29.56,,0,0,0,34.4,39.9,44.3,0.38,0.41,0.41
SPRA,2015-12-01 05:10:00 EST,42.87427,-74.50859,656,29.5,29.5,23.4,87.3,26.2,0.000,0.000,0.00,0.000,5.8,8.8,1.1,79,9,6.5,10.5,1.2,81,9,5.8,8.8,1.1,79,9,0,29.56,,0,0,0,34.4,39.8,44.2,0.38,0.41,0.41
SPRA,2015-12-01 05:15:00 EST,42.87427,-74.50859,656,29.5,29.5,24.0,87.0,26.1,0.000,0.000,0.00,0.000,5.1,7.5,1.1,84,11,5.7,8.3,1.2,85,10,5.1,7.5,1.1,84,11,0,29.56,,0,0,0,34.4,39.8,44.2,0.38,0.41,0.41
SPRA,2015-12-01 05:20:00 EST,42.87427,-74.50859,656,29.5,29.6,24.6,86.7,26.1,0.000,0.000,0.00,0.000,4.6,7.7,1.2,92,15,5.2,9.2,1.4,93,15,4.6,7.7,1.2,92,15,0,29.55,,0,0,0,34.4,39.8,44.2,0.38,0.41,0.41
SPRA,2015-12-01 05:25:00 EST,42.87427,-74.50859,656,29.6,29.6,24.0,86.7,26.1,0.000,0.000,0.00,0.000,5.2,6.8,0.9,93,11,5.8,8.3,1.1,94,10,5.2,6.8,0.9,93,11,0,29.55,,0,0,0,34.4,39.8,44.2,0.38,0.41,0.41
SPRA,2015-12-01 05:30:00 EST,42.87427,-74.50859,656,29.6,29.6,24.6,86.8,26.1,0.000,0.000,0.00,0.000,4.7,6.7,1.0,89,14,5.3,8.1,1.1,89,13,4.7,6.7,1.0,89,14,0,29.54,,0,0,0,34.4,39.7,44.2,0.38,0.41,0.41
SPRA,2015-12-01 05:35:00 EST,42.87427,-74.50859,656,29.6,29.6,24.4,86.8,26.1,0.000,0.000,0.00,0.000,4.8,9.9,1.6,86,10,5.4,11.4,1.8,88,10,4.8,9.9,1.6,86,10,0,29.54,,0,0,0,34.4,39.7,44.2,0.38,0.41,0.41
SPRA,2015-12-01 05:40:00 EST,42.87427,-74.50859,656,29.6,29.6,23.7,86.5,26.0,0.000,0.000,0.00,0.000,5.5,8.0,1.0,86,9,6.1,10.1,1.3,87,8,5.5,8.0,1.0,86,9,0,29.54,,0,0,0,34.4,39.7,44.2,0.38,0.41,0.41
SPRA,2015-12-01 05:45:00 EST,42.87427,-74.50859,656,29.6,29.7,26.2,86.6,26.1,0.000,0.000,0.00,0.000,3.3,5.9,1.8,88,15,3.9,7.2,1.9,91,16,3.3,5.9,1.8,88,15,0,29.55,,0,0,0,34.4,39.7,44.2,0.38,0.41,0.41
SPRA,2015-12-01 05:50:00 EST,42.87427,-74.50859,656,29.7,29.8,26.0,86.3,26.2,0.000,0.000,0.00,0.000,3.5,6.2,1.1,96,15,3.9,7.8,1.3,99,13,3.5,6.2,1.1,96,15,0,29.55,,0,0,0,34.4,39.7,44.1,0.38,0.41,0.41
SPRA,2015-12-01 05:55:00 EST,42.87427,-74.50859,656,29.8,29.9,26.7,85.9,26.1,0.000,0.000,0.00,0.000,3.1,5.7,0.9,109,20,3.4,6.3,1.0,109,20,3.1,5.7,0.9,109,20,0,29.55,,0,0,0,34.4,39.7,44.1,0.38,0.41,0.41
SPRA,2015-12-01 06:00:00 EST,42.87427,-74.50859,656,29.8,29.9,25.5,85.5,26.0,0.000,0.000,0.00,0.000,4.1,7.3,1.1,102,11,4.5,7.8,1.3,102,11,4.1,7.3,1.1,102,11,0,29.55,,0,0,0,34.4,39.7,44.1,0.38,0.41,0.41
SPRA,2015-12-01 06:05:00 EST,42.87427,-74.50859,656,29.8,29.9,29.8,85.7,26.0,0.000,0.000,0.00,0.000,2.8,5.8,1.1,108,16,3.1,7.2,1.3,110,15,2.8,5.8,1.1,108,16,0,29.55,,0,0,0,34.4,39.7,44.1,0.38,0.41,0.41
SPRA,2015-12-01 06:10:00 EST,42.87427,-74.50859,656,29.8,29.9,29.8,85.2,25.9,0.000,0.000,0.00,0.000,2.9,5.9,1.1,108,16,3.4,6.9,1.3,111,15,2.9,5.9,1.1,108,16,0,29.55,,0,0,0,34.4,39.7,44.1,0.38,0.41,0.41
SPRA,2015-12-01 06:15:00 EST,42.87427,-74.50859,656,29.7,29.9,26.6,84.8,25.7,0.000,0.000,0.00,0.000,3.1,5.3,0.9,116,18,3.6,5.8,1.0,117,16,3.1,5.3,0.9,116,18,0,29.55,,0,0,0,34.4,39.7,44.1,0.38,0.41,0.41
SPRA,2015-12-01 06:20:00 EST,42.87427,-74.50859,656,29.7,29.8,29.7,84.9,25.7,0.000,0.000,0.00,0.000,2.8,4.2,0.7,121,13,2.9,5.1,0.7,124,12,2.8,4.2,0.7,121,13,0,29.55,,0,0,0,34.4,39.7,44.1,0.38,0.41,0.41
SPRA,2015-12-01 06:25:00 EST,42.87427,-74.50859,656,29.7,29.8,26.2,84.9,25.7,0.000,0.000,0.00,0.000,3.3,5.5,0.6,118,13,3.5,5.8,0.8,119,12,3.3,5.5,0.6,118,13,0,29.56,,0,0,0,34.4,39.7,44.1,0.38,0.41,0.41
SPRA,2015-12-01 06:30:00 EST,42.87427,-74.50859,656,29.6,29.8,26.1,85.2,25.7,0.000,0.000,0.00,0.000,3.4,4.6,0.6,92,11,3.8,5.6,0.8,94,10,3.4,4.6,0.6,92,11,0,29.55,,0,0,0,34.4,39.7,44.1,0.38,0.41,0.41
SPRA,2015-12-01 06:35:00 EST,42.87427,-74.50859,656,29.7,29.8,29.7,85.5,25.8,0.000,0.000,0.00,0.000,2.8,5.1,1.0,110,21,3.2,5.8,1.1,110,20,2.8,5.1,1.0,110,21,0,29.55,,0,0,0,34.4,39.7,44.1,0.38,0.41,0.41
SPRA,2015-12-01 06:40:00 EST,42.87427,-74.50859,656,29.8,29.8,29.8,85.3,25.9,0.000,0.000,0.00,0.000,3.0,5.8,0.9,124,13,3.1,6.0,1.1,127,11,3.0,5.8,0.9,124,13,0,29.55,,0,0,0,34.3,39.7,44.1,0.38,0.41,0.41
SPRA,2015-12-01 06:45:00 EST,42.87427,-74.50859,656,29.8,29.9,29.8,85.1,25.9,0.000,0.000,0.00,0.000,2.5,5.6,1.2,114,18,2.7,6.3,1.4,115,16,2.5,5.6,1.2,114,18,0,29.55,,0,0,0,34.4,39.7,44.1,0.38,0.41,0.41
SPRA,2015-12-01 06:50:00 EST,42.87427,-74.50859,656,29.7,29.9,29.7,85.5,25.9,0.000,0.000,0.00,0.000,2.2,4.3,1.1,91,19,2.7,5.1,1.2,92,19,2.2,4.3,1.1,91,19,0,29.55,,0,0,0,34.4,39.7,44.1,0.38,0.41,0.41
SPRA,2015-12-01 06:55:00 EST,42.87427,-74.50859,656,29.8,30.0,24.6,85.1,25.9,0.000,0.000,0.00,0.000,4.9,7.2,1.3,82,13,5.5,8.7,1.5,84,12,4.9,7.2,1.3,82,13,0,29.55,,0,0,0,34.4,39.7,44.1,0.38,0.41,0.41
SPRA,2015-12-01 07:00:00 EST,42.87427,-74.50859,656,29.9,30.0,25.4,84.5,25.9,0.000,0.000,0.00,0.000,4.3,6.1,0.8,84,10,4.9,6.9,1.0,86,9,4.3,6.1,0.8,84,10,0,29.55,,0,0,0,34.3,39.7,44.1,0.38,0.41,0.41
SPRA,2015-12-01 07:05:00 EST,42.87427,-74.50859,656,30.0,30.0,25.9,84.8,26.0,0.000,0.000,0.00,0.000,3.9,5.3,0.6,80,10,4.5,6.0,0.8,80,10,3.9,5.3,0.6,80,10,1,29.55,,0,0,0,34.4,39.7,44.1,0.38,0.41,0.41
SPRA,2015-12-01 07:10:00 EST,42.87427,-74.50859,656,30.0,29.9,24.8,85.5,26.1,0.000,0.000,0.00,0.000,4.9,7.6,1.1,82,13,5.5,9.4,1.3,85,11,4.9,7.6,1.1,82,13,1,29.54,,0,0,0,34.4,39.7,44.1,0.38,0.41,0.41
SPRA,2015-12-01 07:15:00 EST,42.87427,-74.50859,656,29.9,29.8,24.5,86.2,26.3,0.000,0.000,0.00,0.000,5.1,7.5,0.9,83,13,5.7,8.7,1.1,84,11,5.1,7.5,0.9,83,13,1,29.54,,0,0,0,34.4,39.6,44.1,0.38,0.41,0.41
SPRA,2015-12-01 07:20:00 EST,42.87427,-74.50859,656,29.9,29.8,23.8,86.5,26.3,0.000,0.000,0.00,0.000,5.9,8.5,1.1,85,11,6.6,9.4,1.3,87,9,5.9,8.5,1.1,85,11,3,29.54,,0,0,0,34.4,39.7,44.1,0.38,0.41,0.41
SPRA,2015-12-01 07:25:00 EST,42.87427,-74.50859,656,29.9,29.8,24.3,86.8,26.4,0.000,0.000,0.00,0.000,5.3,7.5,1.0,89,11,5.9,9.2,1.2,90,10,5.3,7.5,1.0,89,11,6,29.53,,0,0,0,34.4,39.6,44.1,0.38,0.41,0.41
SPRA,2015-12-01 07:30:00 EST,42.87427,-74.50859,656,29.9,29.8,24.0,86.7,26.4,0.000,0.000,0.00,0.000,5.7,9.4,1.2,82,11,6.5,9.8,1.3,82,9,5.7,9.4,1.2,82,11,9,29.53,,0,0,0,34.4,39.6,44.1,0.38,0.41,0.41
SPRA,2015-12-01 07:35:00 EST,42.87427,-74.50859,656,30.0,30.0,24.2,86.4,26.5,0.000,0.000,0.00,0.000,5.7,9.0,1.4,84,11,6.4,10.5,1.7,86,9,5.7,9.0,1.4,84,11,11,29.53,,0,0,0,34.4,39.6,44.1,0.38,0.41,0.41
SPRA,2015-12-01 07:40:00 EST,42.87427,-74.50859,656,30.2,30.1,24.6,86.4,26.6,0.000,0.000,0.00,0.000,5.4,9.0,1.3,85,11,6.1,10.5,1.6,86,10,5.4,9.0,1.3,85,11,12,29.53,,0,0,0,34.4,39.6,44.0,0.38,0.41,0.41
SPRA,2015-12-01 07:45:00 EST,42.87427,-74.50859,656,30.3,30.2,24.6,85.9,26.6,0.000,0.000,0.00,0.000,5.6,9.6,1.3,81,15,6.3,10.7,1.5,84,12,5.6,9.6,1.3,81,15,13,29.52,,0,0,0,34.4,39.6,44.1,0.38,0.41,0.41
SPRA,2015-12-01 07:50:00 EST,42.87427,-74.50859,656,30.4,30.4,25.0,85.6,26.6,0.000,0.000,0.00,0.000,5.2,7.9,1.3,83,12,5.8,9.6,1.5,86,13,5.2,7.9,1.3,83,12,14,29.53,,0,0,0,34.4,39.6,44.1,0.38,0.41,0.41
SPRA,2015-12-01 07:55:00 EST,42.87427,-74.50859,656,30.5,30.5,24.0,85.1,26.6,0.000,0.000,0.00,0.000,6.6,9.9,1.7,89,12,7.3,11.0,1.9,91,11,6.6,9.9,1.7,89,12,16,29.53,,0,0,0,34.4,39.6,44.1,0.38,0.41,0.41
SPRA,2015-12-01 08:00:00 EST,42.87427,-74.50859,656,30.7,30.6,23.3,84.5,26.5,0.000,0.000,0.00,0.000,7.9,11.0,1.2,82,11,8.8,13.9,1.6,84,9,7.9,11.0,1.2,82,11,20,29.53,,0,0,0,34.5,39.6,44.1,0.38,0.41,0.41
SPRA,2015-12-01 08:05:00 EST,42.87427,-74.50859,656,30.7,30.6,24.0,84.8,26.7,0.000,0.000,0.00,0.000,7.0,10.1,1.6,81,10,7.7,11.9,1.8,83,9,7.0,10.1,1.6,81,10,21,29.53,,0,0,0,34.5,39.6,44.1,0.38,0.41,0.41
SPRA,2015-12-01 08:10:00 EST,42.87427,-74.50859,656,30.8,30.7,24.4,84.9,26.8,0.000,0.000,0.00,0.000,6.6,9.6,1.6,73,9,7.4,11.0,1.9,74,8,6.6,9.6,1.6,73,9,19,29.53,,0,0,0,34.5,39.6,44.1,0.38,0.41,0.41
SPRA,2015-12-01 08:15:00 EST,42.87427,-74.50859,656,30.9,30.7,26.0,86.3,27.2,0.000,0.000,0.00,0.000,4.7,6.9,1.0,77,14,5.3,8.3,1.2,80,13,4.7,6.9,1.0,77,14,19,29.53,,0,0,0,34.5,39.6,44.1,0.38,0.41,0.41
SPRA,2015-12-01 08:20:00 EST,42.87427,-74.50859,656,30.8,30.7,23.9,85.9,27.1,0.000,0.000,0.00,0.000,7.3,10.7,1.8,78,10,8.1,13.2,2.1,79,9,7.3,10.7,1.8,78,10,20,29.53,,0,0,0,34.4,39.6,44.1,0.38,0.41,0.41
SPRA,2015-12-01 08:25:00 EST,42.87427,-74.50859,656,30.8,30.7,24.1,85.7,27.0,0.000,0.000,0.00,0.000,7.0,9.9,1.6,78,12,7.7,12.3,1.9,80,10,7.0,9.9,1.6,78,12,21,29.53,,0,0,0,34.5,39.6,44.0,0.38,0.41,0.41
SPRA,2015-12-01 08:30:00 EST,42.87427,-74.50859,656,30.8,30.7,24.4,85.7,27.1,0.000,0.000,0.00,0.000,6.6,10.8,1.5,80,10,7.2,12.5,1.7,83,9,6.6,10.8,1.5,80,10,28,29.53,,0,0,0,34.5,39.6,44.0,0.38,0.41,0.41
SPRA,2015-12-01 08:35:00 EST,42.87427,-74.50859,656,30.8,30.7,23.4,86.3,27.2,0.000,0.000,0.00,0.000,8.0,11.4,1.5,75,13,8.9,13.4,1.8,78,13,8.0,11.4,1.5,75,13,30,29.53,,0,0,0,34.5,39.6,44.0,0.38,0.41,0.41
SPRA,2015-12-01 08:40:00 EST,42.87427,-74.50859,656,30.8,30.6,23.6,87.4,27.5,0.000,0.000,0.00,0.000,7.6,10.2,1.2,76,10,8.3,13.0,1.5,78,8,7.6,10.2,1.2,76,10,33,29.53,,0,0,0,34.5,39.6,44.1,0.38,0.41,0.41
SPRA,2015-12-01 08:45:00 EST,42.87427,-74.50859,656,30.8,30.6,23.1,88.2,27.7,0.000,0.000,0.00,0.000,8.5,12.5,2.0,76,10,9.6,15.0,2.4,79,9,8.5,12.5,2.0,76,10,35,29.52,,0,0,0,34.5,39.6,44.1,0.38,0.41,0.41
SPRA,2015-12-01 08:50:00 EST,42.87427,-74.50859,656,30.8,30.6,23.2,88.7,27.8,0.002,0.002,0.00,0.002,8.3,12.8,1.9,78,10,9.5,15.2,2.2,81,9,8.3,12.8,1.9,78,10,39,29.52,,0,0,0,34.5,39.6,44.1,0.38,0.41,0.41
SPRA,2015-12-01 08:55:00 EST,42.87427,-74.50859,656,30.7,30.6,23.2,89.3,28.0,0.001,0.003,0.00,0.003,8.1,11.0,1.6,83,11,9.5,13.0,2.1,83,10,8.1,11.0,1.6,83,11,34,29.52,,0,0,0,34.5,39.6,44.1,0.38,0.41,0.41
SPRA,2015-12-01 09:00:00 EST,42.87427,-74.50859,656,30.7,30.5,25.1,90.4,28.2,0.000,0.003,0.00,0.003,5.5,8.1,0.9,81,10,6.5,10.1,1.3,83,9,5.5,8.1,0.9,81,10,42,29.52,,0,0,0,34.5,39.6,44.0,0.38,0.41,0.41
SPRA,2015-12-01 09:05:00 EST,42.87427,-74.50859,656,30.8,30.6,23.8,90.6,28.3,0.000,0.003,0.00,0.003,7.3,11.0,1.9,77,13,8.4,13.4,2.3,81,13,7.3,11.0,1.9,77,13,44,29.52,,0,0,0,34.5,39.6,44.0,0.38,0.41,0.41
SPRA,2015-12-01 09:10:00 EST,42.87427,-74.50859,656,30.8,30.6,22.9,90.3,28.3,0.000,0.003,0.00,0.003,8.8,13.3,1.6,79,10,10.2,15.2,2.0,82,10,8.8,13.3,1.6,79,10,41,29.52,,0,0,0,34.5,39.6,44.0,0.38,0.41,0.41
SPRA,2015-12-01 09:15:00 EST,42.87427,-74.50859,656,30.8,30.6,24.2,90.3,28.3,0.000,0.003,0.00,0.003,6.8,10.4,2.1,77,14,7.9,13.2,2.5,80,11,6.8,10.4,2.1,77,14,40,29.52,,0,0,0,34.5,39.5,44.0,0.38,0.41,0.41
SPRA,2015-12-01 09:20:00 EST,42.87427,-74.50859,656,30.8,30.7,24.5,90.6,28.4,0.002,0.005,0.00,0.005,6.5,10.9,1.5,76,11,7.5,12.3,1.8,80,11,6.5,10.9,1.5,76,11,34,29.52,,0,0,0,34.5,39.5,44.0,0.38,0.41,0.41
SPRA,2015-12-01 09:25:00 EST,42.87427,-74.50859,656,30.8,30.7,23.9,90.3,28.3,0.000,0.005,0.00,0.005,7.3,10.2,1.2,77,9,8.6,13.0,1.7,80,8,7.3,10.2,1.2,77,9,25,29.52,,0,0,0,34.5,39.5,44.0,0.38,0.41,0.41
SPRA,2015-12-01 09:30:00 EST,42.87427,-74.50859,656,30.9,30.7,24.3,90.3,28.4,0.001,0.006,0.00,0.006,6.8,11.0,1.5,78,12,7.9,13.2,1.9,81,10,6.8,11.0,1.5,78,12,24,29.53,,0,0,0,34.5,39.5,44.0,0.38,0.41,0.41
SPRA,2015-12-01 09:35:00 EST,42.87427,-74.50859,656,30.9,30.7,24.3,90.2,28.3,0.003,0.009,0.00,0.009,6.8,9.7,1.3,87,14,7.9,11.4,1.6,89,12,6.8,9.7,1.3,87,14,25,29.53,,0,0,0,34.5,39.6,44.0,0.38,0.41,0.41
SPRA,2015-12-01 09:40:00 EST,42.87427,-74.50859,656,30.9,30.7,25.3,91.0,28.5,0.001,0.009,0.00,0.009,5.5,7.5,0.7,81,10,6.6,9.4,1.0,83,9,5.5,7.5,0.7,81,10,32,29.52,,0,0,0,34.5,39.6,44.0,0.38,0.41,0.41
SPRA,2015-12-01 09:45:00 EST,42.87427,-74.50859,656,30.9,30.8,25.0,91.5,28.7,0.004,0.013,0.00,0.013,6.0,9.3,1.3,78,10,7.0,11.0,1.7,81,8,6.0,9.3,1.3,78,10,38,29.52,,0,0,0,34.5,39.5,44.0,0.38,0.41,0.41
SPRA,2015-12-01 09:50:00 EST,42.87427,-74.50859,656,31.0,30.8,24.5,91.3,28.8,0.002,0.015,0.00,0.013,6.8,11.9,1.6,84,10,7.9,14.3,1.9,86,9,6.8,11.9,1.6,84,10,49,29.52,,0,0,0,34.5,39.6,44.0,0.38,0.41,0.41
SPRA,2015-12-01 09:55:00 EST,42.87427,-74.50859,656,31.1,30.9,24.5,91.6,29.0,0.002,0.016,0.00,0.014,7.0,11.5,1.9,84,13,8.1,13.2,2.3,86,10,7.0,11.5,1.9,84,13,55,29.52,,0,0,0,34.5,39.5,44.0,0.38,0.41,0.41
SPRA,2015-12-01 10:00:00 EST,42.87427,-74.50859,656,31.2,31.0,24.3,91.6,29.0,0.003,0.020,0.00,0.017,7.3,11.9,2.2,88,12,8.5,13.9,2.6,89,10,7.3,11.9,2.2,88,12,64,29.51,,0,0,0,34.5,39.5,44.0,0.38,0.41,0.41
SPRA,2015-12-01 10:05:00 EST,42.87427,-74.50859,656,31.2,31.0,23.2,91.2,29.0,0.005,0.025,0.00,0.022,9.2,12.9,2.0,86,11,10.6,15.0,2.5,89,11,9.2,12.9,2.0,86,11,55,29.51,,0,0,0,34.5,39.5,44.0,0.38,0.41,0.41
SPRA,2015-12-01 10:10:00 EST,42.87427,-74.50859,656,31.3,31.1,24.2,91.9,29.2,0.002,0.026,0.00,0.024,7.8,12.2,1.8,81,12,8.9,14.5,2.0,84,10,7.8,12.2,1.8,81,12,61,29.50,,0,0,0,34.5,39.5,44.0,0.38,0.41,0.41
SPRA,2015-12-01 10:15:00 EST,42.87427,-74.50859,656,31.5,31.2,24.0,92.4,29.5,0.004,0.030,0.00,0.027,8.3,12.2,1.5,79,11,9.5,13.6,1.8,82,10,8.3,12.2,1.5,79,11,69,29.50,,0,0,0,34.5,39.5,43.9,0.38,0.41,0.41
SPRA,2015-12-01 10:20:00 EST,42.87427,-74.50859,656,31.6,31.3,23.5,92.3,29.6,0.003,0.034,0.00,0.029,9.5,13.8,1.5,76,10,11.0,15.9,1.9,79,8,9.5,13.8,1.5,76,10,77,29.50,,0,0,0,34.6,39.5,44.0,0.38,0.41,0.41
SPRA,2015-12-01 10:25:00 EST,42.87427,-74.50859,656,31.7,31.5,23.9,92.0,29.6,0.001,0.034,0.00,0.030,8.9,15.0,2.5,79,11,10.4,17.2,2.9,83,9,8.9,15.0,2.5,79,11,78,29.50,,0,0,0,34.6,39.5,43.9,0.38,0.41,0.41
SPRA,2015-12-01 10:30:00 EST,42.87427,-74.50859,656,31.8,31.6,24.8,92.9,30.0,0.005,0.039,0.00,0.034,7.6,12.6,2.0,78,12,9.1,15.9,2.4,81,9,7.6,12.6,2.0,78,12,68,29.50,,0,0,0,34.6,39.5,43.9,0.38,0.41,0.41
SPRA,2015-12-01 10:35:00 EST,42.87427,-74.50859,656,31.8,31.6,23.4,92.6,29.9,0.002,0.041,0.00,0.032,10.1,13.9,1.8,76,8,11.6,15.4,2.2,80,7,10.1,13.9,1.8,76,8,58,29.49,,0,0,0,34.6,39.5,44.0,0.38,0.41,0.41
SPRA,2015-12-01 10:40:00 EST,42.87427,-74.50859,656,31.9,31.7,25.0,93.0,30.1,0.002,0.043,0.00,0.034,7.5,11.3,1.5,79,11,8.8,13.9,1.8,82,10,7.5,11.3,1.5,79,11,59,29.49,,0,0,0,34.6,39.5,43.9,0.38,0.41,0.41
SPRA,2015-12-01 10:45:00 EST,42.87427,-74.50859,656,32.0,31.8,24.5,92.9,30.1,0.003,0.046,0.00,0.033,8.5,13.0,1.6,76,11,9.7,14.3,1.9,80,10,8.5,13.0,1.6,76,11,54,29.49,,0,0,0,34.7,39.5,43.9,0.38,0.41,0.41
SPRA,2015-12-01 10:50:00 EST,42.87427,-74.50859,656,32.0,31.9,24.4,93.1,30.3,0.002,0.047,0.00,0.032,8.9,13.3,1.9,79,10,10.2,14.5,2.3,82,8,8.9,13.3,1.9,79,10,58,29.49,,0,0,0,34.7,39.5,43.9,0.38,0.41,0.41
SPRA,2015-12-01 10:55:00 EST,42.87427,-74.50859,656,32.2,32.0,24.5,93.3,30.5,0.000,0.047,0.00,0.031,8.8,13.6,1.7,78,11,10.2,16.3,2.1,81,8,8.8,13.6,1.7,78,11,58,29.49,,0,0,0,34.7,39.5,43.9,0.38,0.41,0.41
SPRA,2015-12-01 11:00:00 EST,42.87427,-74.50859,656,32.3,32.1,24.9,93.5,30.6,0.000,0.047,0.00,0.027,8.5,12.7,1.9,77,10,9.6,14.8,2.1,80,10,8.5,12.7,1.9,77,10,65,29.49,,0,0,0,34.7,39.5,43.9,0.38,0.41,0.41
SPRA,2015-12-01 11:05:00 EST,42.87427,-74.50859,656,32.4,32.2,25.2,93.4,30.7,0.002,0.049,0.00,0.025,8.1,12.6,1.8,79,9,9.3,14.8,2.1,82,8,8.1,12.6,1.8,79,9,67,29.48,,0,0,0,34.7,39.4,43.9,0.38,0.41,0.41
SPRA,2015-12-01 11:10:00 EST,42.87427,-74.50859,656,32.4,32.3,24.4,93.3,30.7,0.001,0.050,0.00,0.024,9.7,12.9,1.7,78,10,11.1,14.8,2.0,81,8,9.7,12.9,1.7,78,10,64,29.48,,0,0,0,34.7,39.4,43.9,0.38,0.41,0.41
SPRA,2015-12-01 11:15:00 EST,42.87427,-74.50859,656,32.5,32.3,24.8,93.4,30.8,0.000,0.050,0.00,0.020,9.1,13.0,1.8,78,9,10.5,14.8,2.1,82,8,9.1,13.0,1.8,78,9,68,29.47,,0,0,0,34.7,39.4,43.9,0.38,0.41,0.41
SPRA,2015-12-01 11:20:00 EST,42.87427,-74.50859,656,32.6,32.4,25.1,93.9,31.0,0.002,0.052,0.00,0.019,8.8,13.2,1.6,80,10,10.1,15.4,2.0,83,7,8.8,13.2,1.6,80,10,56,29.47,,0,0,0,34.7,39.4,43.9,0.38,0.41,0.41
SPRA,2015-12-01 11:25:00 EST,42.87427,-74.50859,656,32.6,32.5,24.9,94.0,31.1,0.002,0.054,0.00,0.019,9.2,14.0,1.7,77,10,10.4,15.4,1.9,80,9,9.2,14.0,1.7,77,10,45,29.46,,0,0,0,34.7,39.4,43.9,0.38,0.41,0.41
SPRA,2015-12-01 11:30:00 EST,42.87427,-74.50859,656,32.6,32.5,24.5,94.1,31.1,0.000,0.054,0.00,0.015,10.0,15.6,2.4,79,9,11.2,17.4,2.7,82,7,10.0,15.6,2.4,79,9,47,29.46,,0,0,0,34.7,39.4,43.9,0.38,0.41,0.41
SPRA,2015-12-01 11:35:00 EST,42.87427,-74.50859,656,32.8,32.6,25.0,94.2,31.3,0.000,0.054,0.00,0.013,9.4,13.4,1.6,82,11,10.7,15.0,1.8,84,7,9.4,13.4,1.6,82,11,51,29.46,,0,0,0,34.7,39.4,43.9,0.38,0.41,0.41
SPRA,2015-12-01 11:40:00 EST,42.87427,-74.50859,656,32.8,32.7,25.4,94.3,31.4,0.000,0.054,0.00,0.011,8.9,12.2,1.4,73,11,10.0,14.1,1.7,78,8,8.9,12.2,1.4,73,11,51,29.45,,0,0,0,34.7,39.4,43.9,0.38,0.41,0.41
SPRA,2015-12-01 11:45:00 EST,42.87427,-74.50859,656,32.9,32.8,24.4,94.5,31.5,0.000,0.054,0.00,0.008,10.9,14.9,1.7,73,8,12.1,16.3,1.8,76,7,10.9,14.9,1.7,73,8,42,29.45,,0,0,0,34.8,39.4,43.9,0.38,0.41,0.41
SPRA,2015-12-01 11:50:00 EST,42.87427,-74.50859,656,33.0,32.8,25.0,94.4,31.5,0.002,0.056,0.00,0.009,9.8,14.2,2.2,77,9,11.1,16.1,2.5,80,7,9.8,14.2,2.2,77,9,51,29.45,,0,0,0,34.8,39.4,43.9,0.38,0.41,0.41
SPRA,2015-12-01 11:55:00 EST,42.87427,-74.50859,656,33.1,32.9,25.4,94.8,31.8,0.000,0.056,0.00,0.009,9.4,14.2,1.9,77,9,10.6,15.9,2.1,80,7,9.4,14.2,1.9,77,9,56,29.45,,0,0,0,34.8,39.4,43.9,0.38,0.41,0.41
SPRA,2015-12-01 12:00:00 EST,42.87427,-74.50859,656,33.1,32.9,26.2,94.8,31.8,0.000,0.056,0.00,0.009,8.0,12.9,1.7,80,11,9.2,15.2,2.1,83,8,8.0,12.9,1.7,80,11,46,29.44,,0,0,0,34.9,39.4,43.9,0.38,0.41,0.41
SPRA,2015-12-01 12:05:00 EST,42.87427,-74.50859,656,33.2,33.0,26.2,95.1,31.9,0.002,0.058,0.00,0.009,8.1,11.8,1.5,76,10,9.3,14.3,1.8,78,8,8.1,11.8,1.5,76,10,45,29.44,,0,0,0,34.9,39.4,43.9,0.38,0.41,0.41
SPRA,2015-12-01 12:10:00 EST,42.87427,-74.50859,656,33.2,33.0,25.6,95.1,31.9,0.005,0.063,0.00,0.013,9.3,12.6,1.6,73,10,10.5,14.8,1.9,77,9,9.3,12.6,1.6,73,10,52,29.44,,0,0,0,34.9,39.4,43.9,0.38,0.41,0.41
SPRA,2015-12-01 12:15:00 EST,42.87427,-74.50859,656,33.3,33.1,26.4,95.3,32.1,0.007,0.070,0.00,0.020,7.9,11.1,1.3,80,13,9.0,13.0,1.6,83,10,7.9,11.1,1.3,80,13,42,29.43,,0,0,0,34.9,39.4,43.9,0.38,0.41,0.41
SPRA,2015-12-01 12:20:00 EST,42.87427,-74.50859,656,33.3,33.1,25.5,95.5,32.1,0.000,0.070,0.00,0.018,9.6,14.4,1.7,73,9,10.8,16.3,2.1,76,8,9.6,14.4,1.7,73,9,45,29.43,,0,0,0,34.9,39.4,43.9,0.38,0.41,0.42
SPRA,2015-12-01 12:25:00 EST,42.87427,-74.50859,656,33.3,33.2,26.0,95.5,32.2,0.000,0.070,0.00,0.016,8.8,12.6,1.4,79,11,10.1,14.5,1.7,82,9,8.8,12.6,1.4,79,11,42,29.43,,0,0,0,34.9,39.4,43.9,0.38,0.41,0.42
SPRA,2015-12-01 12:30:00 EST,42.87427,-74.50859,656,33.3,33.2,26.3,95.5,32.2,0.000,0.070,0.00,0.016,8.3,12.9,1.7,75,11,9.4,14.5,2.0,78,10,8.3,12.9,1.7,75,11,45,29.43,,0,0,0,34.9,39.4,43.9,0.38,0.41,0.41
SPRA,2015-12-01 12:35:00 EST,42.87427,-74.50859,656,33.5,33.3,26.8,95.8,32.4,0.003,0.073,0.00,0.019,7.6,11.2,1.4,76,9,8.8,13.2,1.7,79,8,7.6,11.2,1.4,76,9,46,29.43,,0,0,0,34.9,39.4,43.9,0.38,0.41,0.41
SPRA,2015-12-01 12:40:00 EST,42.87427,-74.50859,656,33.5,33.4,26.6,95.9,32.5,0.001,0.074,0.00,0.020,8.2,11.6,1.4,74,9,9.4,14.3,1.8,77,8,8.2,11.6,1.4,74,9,36,29.43,,0,0,0,34.9,39.4,43.9,0.38,0.41,0.41
SPRA,2015-12-01 12:45:00 EST,42.87427,-74.50859,656,33.6,33.4,26.0,96.1,32.6,0.000,0.074,0.00,0.020,9.4,13.0,1.6,73,8,10.9,15.7,1.8,77,8,9.4,13.0,1.6,73,8,30,29.42,,0,0,0,34.9,39.4,43.9,0.38,0.41,0.41
SPRA,2015-12-01 12:50:00 EST,42.87427,-74.50859,656,33.7,33.5,25.9,96.1,32.7,0.002,0.076,0.00,0.020,9.9,14.3,1.8,75,10,11.3,17.0,2.3,79,9,9.9,14.3,1.8,75,10,38,29.42,,0,0,0,34.9,39.4,43.9,0.38,0.41,0.40
SPRA,2015-12-01 12:55:00 EST,42.87427,-74.50859,656,33.8,33.7,26.0,96.1,32.8,0.000,0.076,0.00,0.020,9.9,13.7,1.6,75,9,11.3,16.1,2.0,78,7,9.9,13.7,1.6,75,9,56,29.42,,0,0,0,34.9,39.4,43.9,0.38,0.41,0.40
SPRA,2015-12-01 13:00:00 EST,42.87427,-74.50859,656,34.0,33.8,26.5,96.1,33.0,0.000,0.076,0.00,0.020,9.5,12.3,1.4,74,9,10.8,14.1,1.8,77,7,9.5,12.3,1.4,74,9,82,29.42,,0,0,0,35.0,39.4,43.9,0.38,0.41,0.41
SPRA,2015-12-01 13:05:00 EST,42.87427,-74.50859,656,34.1,33.9,26.9,96.0,33.1,0.000,0.076,0.00,0.018,8.9,13.1,2.4,73,12,10.3,15.9,2.7,76,10,8.9,13.1,2.4,73,12,68,29.42,,0,0,0,35.1,39.4,43.9,0.38,0.41,0.41
SPRA,2015-12-01 13:10:00 EST,42.87427,-74.50859,656,34.2,34.0,27.0,96.0,33.2,0.000,0.076,0.00,0.013,9.0,13.7,2.1,75,10,10.2,15.7,2.4,77,9,9.0,13.7,2.1,75,10,64,29.41,,0,0,0,35.1,39.4,43.9,0.38,0.41,0.41
SPRA,2015-12-01 13:15:00 EST,42.87427,-74.50859,656,34.3,34.0,27.0,96.0,33.3,0.000,0.076,0.00,0.006,9.2,13.5,1.6,72,8,10.5,15.4,2.0,76,7,9.2,13.5,1.6,72,8,54,29.41,,0,0,0,35.1,39.4,43.9,0.38,0.41,0.40
SPRA,2015-12-01 13:20:00 EST,42.87427,-74.50859,656,34.3,34.1,27.5,96.1,33.3,0.000,0.076,0.00,0.006,8.4,11.8,1.4,75,11,9.6,13.6,1.8,77,9,8.4,11.8,1.4,75,11,45,29.41,,0,0,0,35.2,39.4,43.9,0.38,0.41,0.40
SPRA,2015-12-01 13:25:00 EST,42.87427,-74.50859,656,34.4,34.2,28.1,96.1,33.4,0.000,0.076,0.00,0.006,7.4,12.9,2.2,79,11,8.6,15.2,2.7,82,9,7.4,12.9,2.2,79,11,52,29.41,,0,0,0,35.3,39.4,43.9,0.38,0.41,0.40
SPRA,2015-12-01 13:30:00 EST,42.87427,-74.50859,656,34.6,34.4,27.7,96.2,33.7,0.000,0.076,0.00,0.006,8.7,12.6,1.5,73,11,9.9,14.5,1.9,76,9,8.7,12.6,1.5,73,11,51,29.40,,0,0,0,35.4,39.4,43.9,0.38,0.41,0.40
SPRA,2015-12-01 13:35:00 EST,42.87427,-74.50859,656,34.7,34.5,27.2,96.3,33.7,0.000,0.076,0.00,0.003,9.8,12.9,1.4,70,10,11.2,15.4,1.8,73,8,9.8,12.9,1.4,70,10,54,29.40,,0,0,0,35.4,39.4,43.9,0.38,0.41,0.40
SPRA,2015-12-01 13:40:00 EST,42.87427,-74.50859,656,34.8,34.6,26.9,96.2,33.8,0.000,0.076,0.00,0.002,10.7,13.2,1.2,69,9,12.2,15.2,1.6,73,7,10.7,13.2,1.2,69,9,53,29.39,,0,0,0,35.4,39.4,43.9,0.38,0.41,0.40
SPRA,2015-12-01 13:45:00 EST,42.87427,-74.50859,656,35.0,34.8,26.9,96.1,33.9,0.000,0.076,0.00,0.002,11.0,15.6,2.2,75,8,12.6,18.3,2.6,78,5,11.0,15.6,2.2,75,8,56,29.39,,0,0,0,35.6,39.4,43.9,0.38,0.41,0.40
SPRA,2015-12-01 13:50:00 EST,42.87427,-74.50859,656,35.1,34.9,26.6,96.0,34.0,0.000,0.076,0.00,0.000,12.0,15.2,1.6,71,9,13.6,18.3,1.9,74,7,12.0,15.2,1.6,71,9,57,29.39,,0,0,0,35.7,39.4,43.9,0.38,0.41,0.40
SPRA,2015-12-01 13:55:00 EST,42.87427,-74.50859,656,35.2,35.0,26.7,96.0,34.1,0.000,0.076,0.00,0.000,12.2,15.1,1.5,67,9,13.4,17.4,1.7,70,8,12.2,15.1,1.5,67,9,61,29.38,,0,0,0,35.8,39.4,43.9,0.38,0.41,0.40
SPRA,2015-12-01 14:00:00 EST,42.87427,-74.50859,656,35.3,35.1,27.3,96.0,34.3,0.000,0.076,0.00,0.000,11.2,15.3,1.9,67,7,12.4,17.0,2.2,71,7,11.2,15.3,1.9,67,7,60,29.39,,0,0,0,35.8,39.4,43.9,0.38,0.41,0.40
SPRA,2015-12-01 14:05:00 EST,42.87427,-74.50859,656,35.4,35.3,27.2,95.7,34.3,0.000,0.076,0.00,0.000,11.7,15.5,1.6,65,8,12.8,17.9,1.9,69,7,11.7,15.5,1.6,65,8,58,29.38,,0,0,0,35.8,39.4,43.9,0.38,0.41,0.40
SPRA,2015-12-01 14:10:00 EST,42.87427,-74.50859,656,35.5,35.4,27.4,95.7,34.4,0.000,0.076,0.00,0.000,11.5,14.6,1.4,68,8,12.6,17.0,1.8,71,7,11.5,14.6,1.4,68,8,48,29.39,,0,0,0,36.0,39.4,43.9,0.38,0.41,0.40
SPRA,2015-12-01 14:15:00 EST,42.87427,-74.50859,656,35.6,35.4,27.9,95.5,34.4,0.000,0.076,0.00,0.000,10.6,13.8,1.6,69,8,11.9,16.6,1.9,73,7,10.6,13.8,1.6,69,8,42,29.39,,0,0,0,36.0,39.4,43.9,0.38,0.41,0.40
SPRA,2015-12-01 14:20:00 EST,42.87427,-74.50859,656,35.6,35.5,27.6,95.6,34.5,0.000,0.076,0.00,0.000,11.3,14.5,2.0,66,9,12.3,16.1,2.3,69,9,11.3,14.5,2.0,66,9,39,29.39,,0,0,0,36.0,39.4,43.9,0.38,0.41,0.40
SPRA,2015-12-01 14:25:00 EST,42.87427,-74.50859,656,35.7,35.5,27.8,95.5,34.5,0.000,0.076,0.00,0.000,11.0,15.3,1.8,66,8,12.2,16.8,2.2,69,7,11.0,15.3,1.8,66,8,33,29.39,,0,0,0,36.0,39.4,43.9,0.38,0.41,0.40
SPRA,2015-12-01 14:30:00 EST,42.87427,-74.50859,656,35.7,35.6,28.4,95.5,34.5,0.000,0.076,0.00,0.000,9.8,15.0,1.7,70,9,11.1,16.8,2.2,74,7,9.8,15.0,1.7,70,9,24,29.39,,0,0,0,36.1,39.4,43.9,0.38,0.41,0.40
SPRA,2015-12-01 14:35:00 EST,42.87427,-74.50859,656,35.7,35.6,27.4,95.6,34.5,0.000,0.076,0.00,0.000,11.9,15.6,1.8,72,7,13.6,18.3,2.3,76,6,11.9,15.6,1.8,72,7,27,29.38,,0,0,0,36.1,39.4,43.9,0.38,0.41,0.40
SPRA,2015-12-01 14:40:00 EST,42.87427,-74.50859,656,35.7,35.6,26.9,95.5,34.5,0.000,0.076,0.00,0.000,13.2,17.0,1.9,74,9,14.9,19.0,2.4,75,7,13.2,17.0,1.9,74,9,25,29.38,,0,0,0,36.2,39.4,43.9,0.38,0.41,0.40
SPRA,2015-12-01 14:45:00 EST,42.87427,-74.50859,656,35.7,35.6,27.6,95.5,34.5,0.000,0.076,0.00,0.000,11.5,15.1,1.5,71,7,13.2,17.9,1.8,75,5,11.5,15.1,1.5,71,7,25,29.38,,0,0,0,36.3,39.4,43.9,0.38,0.41,0.40
SPRA,2015-12-01 14:50:00 EST,42.87427,-74.50859,656,35.7,35.6,28.0,95.6,34.5,0.000,0.076,0.00,0.000,10.6,15.2,1.9,71,9,12.0,17.4,2.2,74,7,10.6,15.2,1.9,71,9,28,29.37,,0,0,0,36.3,39.4,43.9,0.38,0.41,0.40
SPRA,2015-12-01 14:55:00 EST,42.87427,-74.50859,656,35.7,35.6,27.9,95.7,34.6,0.000,0.076,0.00,0.000,10.8,14.5,2.2,72,9,12.4,16.8,2.6,75,6,10.8,14.5,2.2,72,9,29,29.37,,0,0,0,36.3,39.4,43.9,0.38,0.41,0.40
SPRA,2015-12-01 15:00:00 EST,42.87427,-74.50859,656,35.8,35.7,27.8,95.5,34.6,0.000,0.076,0.00,0.000,11.4,16.1,1.6,73,9,13.0,18.8,1.9,77,6,11.4,16.1,1.6,73,9,24,29.37,,0,0,0,36.4,39.4,43.9,0.38,0.41,0.40
SPRA,2015-12-01 15:05:00 EST,42.87427,-74.50859,656,35.8,35.7,28.1,95.5,34.6,0.000,0.076,0.00,0.000,10.7,15.0,2.0,75,9,12.3,17.2,2.5,78,8,10.7,15.0,2.0,75,9,20,29.36,,0,0,0,36.5,39.4,43.9,0.38,0.41,0.40
SPRA,2015-12-01 15:10:00 EST,42.87427,-74.50859,656,35.9,35.8,28.0,95.3,34.7,0.000,0.076,0.00,0.000,11.1,16.4,1.9,75,9,12.8,18.8,2.4,78,7,11.1,16.4,1.9,75,9,21,29.36,,0,0,0,36.5,39.4,43.9,0.38,0.41,0.41
SPRA,2015-12-01 15:15:00 EST,42.87427,-74.50859,656,36.0,35.9,28.1,95.2,34.7,0.000,0.076,0.00,0.000,11.1,15.1,1.9,78,8,12.8,17.9,2.4,80,6,11.1,15.1,1.9,78,8,20,29.36,,0,0,0,36.5,39.4,43.9,0.38,0.41,0.41
SPRA,2015-12-01 15:20:00 EST,42.87427,-74.50859,656,36.1,36.0,28.2,95.2,34.8,0.000,0.076,0.00,0.000,11.3,16.1,1.6,70,8,12.9,18.1,2.1,74,6,11.3,16.1,1.6,70,8,20,29.36,,0,0,0,36.6,39.4,43.8,0.38,0.41,0.40
SPRA,2015-12-01 15:25:00 EST,42.87427,-74.50859,656,36.1,36.1,28.2,95.0,34.8,0.000,0.076,0.00,0.000,11.4,14.5,1.7,74,8,13.1,17.7,2.2,76,7,11.4,14.5,1.7,74,8,20,29.36,,0,0,0,36.7,39.4,43.8,0.39,0.41,0.40
SPRA,2015-12-01 15:30:00 EST,42.87427,-74.50859,656,36.2,36.1,28.6,95.2,34.9,0.000,0.076,0.00,0.000,10.8,14.9,1.8,70,7,12.4,17.0,2.1,74,7,10.8,14.9,1.8,70,7,19,29.36,,0,0,0,36.7,39.4,43.8,0.39,0.41,0.40
SPRA,2015-12-01 15:35:00 EST,42.87427,-74.50859,656,36.3,36.2,29.0,95.1,35.0,0.000,0.076,0.00,0.000,10.1,13.2,1.5,68,11,11.4,16.1,1.9,71,10,10.1,13.2,1.5,68,11,17,29.37,,0,0,0,36.7,39.4,43.8,0.39,0.41,0.40
SPRA,2015-12-01 15:40:00 EST,42.87427,-74.50859,656,36.3,36.3,29.5,95.2,35.1,0.000,0.076,0.00,0.000,9.1,12.0,1.7,74,10,10.4,15.7,2.3,76,8,9.1,12.0,1.7,74,10,12,29.37,,0,0,0,36.7,39.4,43.8,0.39,0.41,0.40
SPRA,2015-12-01 15:45:00 EST,42.87427,-74.50859,656,36.4,36.4,29.0,95.1,35.1,0.000,0.076,0.00,0.000,10.3,14.8,2.0,76,9,11.8,17.7,2.7,79,8,10.3,14.8,2.0,76,9,11,29.37,,0,0,0,36.7,39.4,43.8,0.39,0.41,0.40
SPRA,2015-12-01 15:50:00 EST,42.87427,-74.50859,656,36.4,36.4,29.0,95.0,35.1,0.000,0.076,0.00,0.000,10.5,15.0,1.7,74,9,12.0,17.2,2.2,77,8,10.5,15.0,1.7,74,9,9,29.37,,0,0,0,36.8,39.4,43.8,0.39,0.41,0.40
SPRA,2015-12-01 15:55:00 EST,42.87427,-74.50859,656,36.4,36.4,29.6,95.0,35.1,0.000,0.076,0.00,0.000,9.1,14.7,2.6,72,10,10.4,17.0,3.0,76,8,9.1,14.7,2.6,72,10,6,29.37,,0,0,0,36.8,39.4,43.8,0.39,0.41,0.40
SPRA,2015-12-01 16:00:00 EST,42.87427,-74.50859,656,36.5,36.5,29.1,95.1,35.2,0.000,0.076,0.00,0.000,10.5,14.5,1.2,69,7,12.0,17.0,1.7,73,6,10.5,14.5,1.2,69,7,5,29.37,,0,0,0,36.9,39.4,43.8,0.39,0.41,0.40
SPRA,2015-12-01 16:05:00 EST,42.87427,-74.50859,656,36.5,36.5,28.7,94.9,35.2,0.000,0.076,0.00,0.000,11.4,14.6,1.4,71,7,12.9,17.2,1.7,75,6,11.4,14.6,1.4,71,7,4,29.37,,0,0,0,36.9,39.4,43.8,0.39,0.41,0.40
SPRA,2015-12-01 16:10:00 EST,42.87427,-74.50859,656,36.6,36.6,29.0,95.0,35.3,0.000,0.076,0.00,0.000,10.9,14.2,1.4,69,7,12.2,16.3,1.7,72,6,10.9,14.2,1.4,69,7,3,29.36,,0,0,0,36.9,39.4,43.8,0.39,0.41,0.40
SPRA,2015-12-01 16:15:00 EST,42.87427,-74.50859,656,36.6,36.6,29.9,95.1,35.3,0.000,0.076,0.00,0.000,8.9,13.2,2.2,75,10,10.1,15.4,2.7,77,9,8.9,13.2,2.2,75,10,2,29.36,,0,0,0,37.0,39.4,43.8,0.39,0.41,0.40
SPRA,2015-12-01 16:20:00 EST,42.87427,-74.50859,656,36.6,36.6,29.9,95.2,35.4,0.000,0.076,0.00,0.000,9.0,12.5,1.7,77,10,10.3,16.3,2.3,80,8,9.0,12.5,1.7,77,10,1,29.36,,0,0,0,37.0,39.4,43.8,0.39,0.41,0.40
SPRA,2015-12-01 16:25:00 EST,42.87427,-74.50859,656,36.6,36.6,29.5,95.2,35.4,0.000,0.076,0.00,0.000,10.0,13.2,1.3,79,10,11.5,15.7,1.8,82,7,10.0,13.2,1.3,79,10,1,29.36,,0,0,0,37.0,39.4,43.8,0.39,0.41,0.40
SPRA,2015-12-01 16:30:00 EST,42.87427,-74.50859,656,36.7,36.7,30.0,95.2,35.4,0.000,0.076,0.00,0.000,9.1,11.4,1.1,73,9,10.2,14.3,1.4,77,7,9.1,11.4,1.1,73,9,0,29.37,,0,0,0,37.0,39.4,43.7,0.39,0.41,0.40
SPRA,2015-12-01 16:35:00 EST,42.87427,-74.50859,656,36.7,36.7,30.3,95.1,35.4,0.000,0.076,0.00,0.000,8.4,11.6,1.4,73,9,9.6,13.4,1.7,76,8,8.4,11.6,1.4,73,9,0,29.36,,0,0,0,37.0,39.4,43.7,0.39,0.41,0.40
SPRA,2015-12-01 16:40:00 EST,42.87427,-74.50859,656,36.7,36.7,30.0,95.2,35.5,0.000,0.076,0.00,0.000,9.1,13.2,1.9,75,8,10.4,15.2,2.4,78,6,9.1,13.2,1.9,75,8,0,29.36,,0,0,0,37.0,39.4,43.7,0.39,0.41,0.40
SPRA,2015-12-01 16:45:00 EST,42.87427,-74.50859,656,36.7,36.7,29.5,95.1,35.5,0.000,0.076,0.00,0.000,10.3,14.4,1.6,77,8,11.8,16.8,2.2,79,7,10.3,14.4,1.6,77,8,0,29.36,,0,0,0,37.0,39.4,43.7,0.39,0.41,0.40
SPRA,2015-12-01 16:50:00 EST,42.87427,-74.50859,656,36.7,36.7,30.2,95.2,35.5,0.000,0.076,0.00,0.000,8.6,11.8,1.5,77,8,9.9,14.5,2.1,79,7,8.6,11.8,1.5,77,8,0,29.35,,0,0,0,37.0,39.4,43.7,0.39,0.41,0.40
SPRA,2015-12-01 16:55:00 EST,42.87427,-74.50859,656,36.7,36.7,29.8,95.3,35.5,0.000,0.076,0.00,0.000,9.5,13.2,1.5,72,9,10.7,15.2,2.0,76,7,9.5,13.2,1.5,72,9,0,29.35,,0,0,0,37.0,39.4,43.7,0.39,0.41,0.40
SPRA,2015-12-01 17:00:00 EST,42.87427,-74.50859,656,36.8,36.8,30.0,95.4,35.6,0.000,0.076,0.00,0.000,9.2,13.2,1.3,69,7,10.3,14.5,1.6,72,6,9.2,13.2,1.3,69,7,0,29.35,,0,0,0,37.0,39.4,43.7,0.39,0.41,0.40
SPRA,2015-12-01 17:05:00 EST,42.87427,-74.50859,656,36.8,36.8,30.4,95.4,35.6,0.000,0.076,0.00,0.000,8.5,12.6,1.3,75,8,9.7,15.0,1.7,77,7,8.5,12.6,1.3,75,8,0,29.35,,0,0,0,37.1,39.4,43.7,0.39,0.41,0.40
SPRA,2015-12-01 17:10:00 EST,42.87427,-74.50859,656,36.9,36.9,29.9,95.3,35.7,0.000,0.076,0.00,0.000,9.6,13.9,1.7,73,7,11.1,16.8,2.1,77,6,9.6,13.9,1.7,73,7,0,29.35,,0,0,0,37.2,39.4,43.7,0.39,0.41,0.40
SPRA,2015-12-01 17:15:00 EST,42.87427,-74.50859,656,36.9,36.9,30.9,95.3,35.7,0.000,0.076,0.00,0.000,7.9,11.5,1.6,74,11,8.9,13.4,2.0,76,9,7.9,11.5,1.6,74,11,0,29.35,,0,0,0,37.2,39.4,43.7,0.39,0.41,0.40
SPRA,2015-12-01 17:20:00 EST,42.87427,-74.50859,656,37.0,37.0,31.3,95.3,35.7,0.000,0.076,0.00,0.000,7.2,9.9,1.4,79,10,8.2,11.9,1.8,81,7,7.2,9.9,1.4,79,10,0,29.36,,0,0,0,37.2,39.5,43.7,0.39,0.41,0.40
SPRA,2015-12-01 17:25:00 EST,42.87427,-74.50859,656,37.0,37.0,31.3,95.2,35.7,0.000,0.076,0.00,0.000,7.3,10.2,1.1,77,12,8.2,12.8,1.5,80,10,7.3,10.2,1.1,77,12,0,29.36,,0,0,0,37.2,39.4,43.7,0.39,0.41,0.40
SPRA,2015-12-01 17:30:00 EST,42.87427,-74.50859,656,37.0,37.0,30.7,95.3,35.8,0.000,0.076,0.00,0.000,8.5,11.0,1.2,74,8,9.5,13.0,1.5,77,7,8.5,11.0,1.2,74,8,0,29.35,,0,0,0,37.2,39.5,43.7,0.39,0.41,0.40
SPRA,2015-12-01 17:35:00 EST,42.87427,-74.50859,656,37.0,37.1,31.0,95.3,35.8,0.000,0.076,0.00,0.000,7.9,11.9,1.3,72,9,8.7,13.4,1.6,74,8,7.9,11.9,1.3,72,9,0,29.35,,0,0,0,37.2,39.5,43.7,0.39,0.41,0.40
SPRA,2015-12-01 17:40:00 EST,42.87427,-74.50859,656,37.1,37.1,30.9,95.3,35.8,0.000,0.076,0.00,0.000,8.2,11.3,1.3,76,9,9.2,13.6,1.7,79,8,8.2,11.3,1.3,76,9,0,29.35,,0,0,0,37.2,39.5,43.7,0.39,0.41,0.40
SPRA,2015-12-01 17:45:00 EST,42.87427,-74.50859,656,37.1,37.1,31.6,95.3,35.8,0.000,0.076,0.00,0.000,7.0,10.2,1.4,81,11,7.8,12.5,1.7,82,10,7.0,10.2,1.4,81,11,0,29.35,,0,0,0,37.2,39.5,43.7,0.39,0.41,0.40
SPRA,2015-12-01 17:50:00 EST,42.87427,-74.50859,656,37.1,37.1,31.4,95.5,35.9,0.000,0.076,0.00,0.000,7.4,10.1,1.4,74,9,8.3,11.9,1.6,77,8,7.4,10.1,1.4,74,9,0,29.35,,0,0,0,37.2,39.5,43.7,0.39,0.41,0.40
SPRA,2015-12-01 17:55:00 EST,42.87427,-74.50859,656,37.1,37.1,31.5,95.5,36.0,0.000,0.076,0.00,0.000,7.3,11.0,1.5,74,9,8.3,13.2,1.7,77,7,7.3,11.0,1.5,74,9,0,29.35,,0,0,0,37.2,39.5,43.7,0.39,0.41,0.40
SPRA,2015-12-01 18:00:00 EST,42.87427,-74.50859,656,37.2,37.2,31.0,95.5,36.0,0.000,0.076,0.00,0.000,8.2,11.3,1.4,74,10,9.2,13.0,1.8,76,8,8.2,11.3,1.4,74,10,0,29.35,,0,0,0,37.2,39.5,43.7,0.39,0.41,0.40
SPRA,2015-12-01 18:05:00 EST,42.87427,-74.50859,656,37.2,37.2,31.7,95.5,36.0,0.000,0.076,0.00,0.000,7.0,10.5,1.6,78,10,7.9,12.5,1.9,79,7,7.0,10.5,1.6,78,10,0,29.35,,0,0,0,37.2,39.5,43.7,0.39,0.41,0.40
SPRA,2015-12-01 18:10:00 EST,42.87427,-74.50859,656,37.2,37.2,31.5,95.6,36.0,0.000,0.076,0.00,0.000,7.4,9.5,1.2,78,9,8.4,11.0,1.4,81,6,7.4,9.5,1.2,78,9,0,29.35,,0,0,0,37.2,39.5,43.7,0.39,0.41,0.40
SPRA,2015-12-01 18:15:00 EST,42.87427,-74.50859,656,37.2,37.2,31.6,95.6,36.0,0.000,0.076,0.00,0.000,7.2,10.2,1.0,74,9,8.0,11.6,1.2,77,8,7.2,10.2,1.0,74,9,0,29.35,,0,0,0,37.2,39.5,43.7,0.39,0.41,0.40
SPRA,2015-12-01 18:20:00 EST,42.87427,-74.50859,656,37.2,37.2,31.4,95.6,36.1,0.000,0.076,0.00,0.000,7.7,10.4,1.3,78,9,8.6,12.1,1.7,81,6,7.7,10.4,1.3,78,9,0,29.35,,0,0,0,37.2,39.5,43.7,0.39,0.41,0.40
SPRA,2015-12-01 18:25:00 EST,42.87427,-74.50859,656,37.2,37.2,31.7,95.7,36.1,0.000,0.076,0.00,0.000,7.2,10.5,1.3,80,9,8.1,13.0,1.6,83,7,7.2,10.5,1.3,80,9,0,29.35,,0,0,0,37.2,39.5,43.7,0.39,0.41,0.40
SPRA,2015-12-01 18:30:00 EST,42.87427,-74.50859,656,37.2,37.2,31.6,95.8,36.1,0.000,0.076,0.00,0.000,7.3,10.3,1.3,82,9,8.2,11.6,1.7,84,7,7.3,10.3,1.3,82,9,0,29.34,,0,0,0,37.2,39.6,43.7,0.39,0.41,0.40
SPRA,2015-12-01 18:35:00 EST,42.87427,-74.50859,656,37.2,37.2,31.2,95.9,36.2,0.000,0.076,0.00,0.000,8.1,11.0,1.3,79,9,9.1,13.2,1.7,82,7,8.1,11.0,1.3,79,9,0,29.34,,0,0,0,37.3,39.5,43.7,0.39,0.41,0.40
SPRA,2015-12-01 18:40:00 EST,42.87427,-74.50859,656,37.2,37.2,31.2,96.0,36.2,0.000,0.076,0.00,0.000,8.1,11.0,1.1,78,7,9.1,13.0,1.4,80,6,8.1,11.0,1.1,78,7,0,29.34,,0,0,0,37.3,39.6,43.7,0.39,0.41,0.40
SPRA,2015-12-01 18:45:00 EST,42.87427,-74.50859,656,37.3,37.3,31.6,96.0,36.3,0.003,0.079,0.00,0.003,7.5,10.4,1.3,76,8,8.6,12.5,1.8,79,7,7.5,10.4,1.3,76,8,0,29.34,,0,0,0,37.4,39.6,43.7,0.39,0.41,0.40
SPRA,2015-12-01 18:50:00 EST,42.87427,-74.50859,656,37.3,37.4,30.8,96.1,36.3,0.001,0.080,0.00,0.004,9.1,11.2,0.9,68,7,10.2,13.0,1.2,72,6,9.1,11.2,0.9,68,7,0,29.34,,0,0,0,37.4,39.6,43.7,0.39,0.41,0.40
SPRA,2015-12-01 18:55:00 EST,42.87427,-74.50859,656,37.3,37.3,31.4,96.0,36.3,0.000,0.080,0.00,0.004,7.9,10.5,1.3,66,7,8.6,12.3,1.6,69,8,7.9,10.5,1.3,66,7,0,29.34,,0,0,0,37.4,39.6,43.7,0.39,0.41,0.40
SPRA,2015-12-01 19:00:00 EST,42.87427,-74.50859,656,37.3,37.2,31.3,96.2,36.3,0.000,0.080,0.00,0.004,8.0,10.6,1.1,66,7,8.8,11.6,1.1,69,7,8.0,10.6,1.1,66,7,0,29.33,,0,0,0,37.4,39.5,43.7,0.39,0.41,0.40
SPRA,2015-12-01 19:05:00 EST,42.87427,-74.50859,656,37.2,37.2,31.5,96.4,36.3,0.000,0.080,0.00,0.004,7.4,9.6,1.1,69,7,8.3,11.6,1.4,72,7,7.4,9.6,1.1,69,7,0,29.34,,0,0,0,37.4,39.6,43.7,0.39,0.41,0.40
SPRA,2015-12-01 19:10:00 EST,42.87427,-74.50859,656,37.2,37.2,31.4,96.5,36.3,0.000,0.080,0.00,0.004,7.6,10.8,1.4,70,8,8.6,13.9,1.7,74,7,7.6,10.8,1.4,70,8,0,29.34,,0,0,0,37.4,39.5,43.7,0.39,0.41,0.40
SPRA,2015-12-01 19:15:00 EST,42.87427,-74.50859,656,37.1,37.1,30.9,96.7,36.3,0.000,0.080,0.00,0.004,8.3,10.8,1.3,69,8,9.4,12.5,1.4,72,8,8.3,10.8,1.3,69,8,0,29.34,,0,0,0,37.4,39.6,43.7,0.39,0.41,0.40
SPRA,2015-12-01 19:20:00 EST,42.87427,-74.50859,656,37.1,37.1,30.5,96.7,36.2,0.000,0.080,0.00,0.004,9.0,12.2,1.4,76,8,10.2,14.8,1.9,79,7,9.0,12.2,1.4,76,8,0,29.34,,0,0,0,37.5,39.6,43.7,0.39,0.41,0.40
SPRA,2015-12-01 19:25:00 EST,42.87427,-74.50859,656,37.1,37.0,30.8,96.8,36.2,0.000,0.080,0.00,0.004,8.4,12.7,1.9,73,10,9.7,15.7,2.2,78,8,8.4,12.7,1.9,73,10,0,29.34,,0,0,0,37.5,39.6,43.7,0.39,0.41,0.40
SPRA,2015-12-01 19:30:00 EST,42.87427,-74.50859,656,37.1,37.1,30.9,96.9,36.3,0.000,0.080,0.00,0.004,8.3,11.5,1.4,78,10,9.5,14.5,1.9,81,9,8.3,11.5,1.4,78,10,0,29.34,,0,0,0,37.5,39.6,43.7,0.39,0.41,0.40
SPRA,2015-12-01 19:35:00 EST,42.87427,-74.50859,656,37.1,37.0,30.2,96.8,36.2,0.002,0.082,0.00,0.006,9.5,12.1,1.0,79,8,11.0,14.1,1.4,84,5,9.5,12.1,1.0,79,8,0,29.34,,0,0,0,37.6,39.6,43.7,0.39,0.41,0.40
SPRA,2015-12-01 19:40:00 EST,42.87427,-74.50859,656,37.0,37.0,30.6,96.7,36.2,0.000,0.082,0.00,0.006,8.7,13.7,1.5,76,9,10.1,16.6,1.9,79,8,8.7,13.7,1.5,76,9,0,29.33,,0,0,0,37.6,39.6,43.7,0.39,0.41,0.40
SPRA,2015-12-01 19:45:00 EST,42.87427,-74.50859,656,37.0,37.0,29.9,96.6,36.2,0.000,0.082,0.00,0.003,10.1,13.3,1.9,74,7,11.7,15.9,2.3,78,6,10.1,13.3,1.9,74,7,0,29.34,,0,0,0,37.6,39.6,43.7,0.39,0.41,0.40
SPRA,2015-12-01 19:50:00 EST,42.87427,-74.50859,656,37.0,37.0,30.4,96.6,36.2,0.000,0.082,0.00,0.002,9.1,14.5,1.8,75,10,10.4,16.1,2.2,78,7,9.1,14.5,1.8,75,10,0,29.34,,0,0,0,37.6,39.6,43.7,0.39,0.41,0.40
SPRA,2015-12-01 19:55:00 EST,42.87427,-74.50859,656,37.1,37.1,30.5,96.5,36.2,0.000,0.082,0.00,0.002,8.9,12.3,1.4,73,9,10.4,14.8,1.9,77,7,8.9,12.3,1.4,73,9,0,29.34,,0,0,0,37.6,39.6,43.7,0.39,0.41,0.40
SPRA,2015-12-01 20:00:00 EST,42.87427,-74.50859,656,37.1,37.1,30.1,96.5,36.2,0.000,0.082,0.00,0.002,9.9,13.3,1.8,71,6,11.4,15.7,2.2,74,5,9.9,13.3,1.8,71,6,0,29.34,,0,0,0,37.6,39.6,43.7,0.39,0.41,0.40
SPRA,2015-12-01 20:05:00 EST,42.87427,-74.50859,656,37.1,37.1,30.4,96.2,36.1,0.000,0.082,0.00,0.002,9.2,13.3,2.1,73,9,10.6,15.4,2.6,77,7,9.2,13.3,2.1,73,9,0,29.33,,0,0,0,37.6,39.6,43.7,0.39,0.41,0.40
SPRA,2015-12-01 20:10:00 EST,42.87427,-74.50859,656,37.0,37.0,30.2,96.3,36.1,0.000,0.082,0.00,0.002,9.6,13.9,1.7,73,10,11.0,16.1,2.1,75,8,9.6,13.9,1.7,73,10,0,29.33,,0,0,0,37.6,39.6,43.7,0.39,0.41,0.40
SPRA,2015-12-01 20:15:00 EST,42.87427,-74.50859,656,37.1,37.0,30.1,96.3,36.1,0.000,0.082,0.00,0.002,9.8,14.0,2.0,75,8,11.2,17.2,2.4,79,6,9.8,14.0,2.0,75,8,0,29.33,,0,0,0,37.6,39.6,43.7,0.39,0.41,0.40
SPRA,2015-12-01 20:20:00 EST,42.87427,-74.50859,656,37.0,37.0,30.8,96.3,36.1,0.000,0.082,0.00,0.002,8.4,12.5,1.5,77,9,9.6,15.0,1.9,80,8,8.4,12.5,1.5,77,9,0,29.32,,0,0,0,37.6,39.6,43.7,0.39,0.41,0.40
SPRA,2015-12-01 20:25:00 EST,42.87427,-74.50859,656,37.1,37.1,30.7,96.2,36.1,0.000,0.082,0.00,0.002,8.5,12.4,1.6,80,9,9.8,14.8,2.2,82,8,8.5,12.4,1.6,80,9,0,29.32,,0,0,0,37.6,39.6,43.7,0.39,0.41,0.40
SPRA,2015-12-01 20:30:00 EST,42.87427,-74.50859,656,37.1,37.1,30.2,96.2,36.1,0.000,0.082,0.00,0.002,9.6,13.4,1.7,75,10,11.0,16.1,2.1,79,8,9.6,13.4,1.7,75,10,0,29.32,,0,0,0,37.6,39.6,43.7,0.39,0.41,0.40
SPRA,2015-12-01 20:35:00 EST,42.87427,-74.50859,656,37.1,37.1,30.2,96.2,36.2,0.000,0.082,0.00,0.000,9.8,13.8,1.8,72,9,11.3,15.7,2.1,76,7,9.8,13.8,1.8,72,9,0,29.32,,0,0,0,37.6,39.6,43.6,0.39,0.41,0.40
SPRA,2015-12-01 20:40:00 EST,42.87427,-74.50859,656,37.2,37.2,30.1,96.2,36.2,0.000,0.082,0.00,0.000,10.1,14.0,1.7,75,10,11.5,16.1,2.0,79,8,10.1,14.0,1.7,75,10,0,29.32,,0,0,0,37.6,39.7,43.7,0.39,0.41,0.40
SPRA,2015-12-01 20:45:00 EST,42.87427,-74.50859,656,37.2,37.2,30.8,96.1,36.2,0.000,0.082,0.00,0.000,8.9,15.3,2.4,74,10,10.2,17.9,2.9,78,8,8.9,15.3,2.4,74,10,0,29.31,,0,0,0,37.7,39.6,43.7,0.39,0.41,0.40
SPRA,2015-12-01 20:50:00 EST,42.87427,-74.50859,656,37.3,37.2,30.5,96.2,36.3,0.000,0.082,0.00,0.000,9.5,12.3,1.4,78,9,10.9,14.5,1.8,81,8,9.5,12.3,1.4,78,9,0,29.31,,0,0,0,37.7,39.7,43.6,0.39,0.41,0.40
SPRA,2015-12-01 20:55:00 EST,42.87427,-74.50859,656,37.3,37.2,31.2,96.1,36.3,0.000,0.082,0.00,0.000,8.1,12.3,1.6,75,11,9.3,15.2,2.1,78,10,8.1,12.3,1.6,75,11,0,29.31,,0,0,0,37.7,39.7,43.6,0.39,0.41,0.40
SPRA,2015-12-01 21:00:00 EST,42.87427,-74.50859,656,37.3,37.3,30.5,96.3,36.3,0.000,0.082,0.00,0.000,9.4,13.8,1.8,75,10,10.9,15.7,2.2,79,8,9.4,13.8,1.8,75,10,0,29.30,,0,0,0,37.7,39.7,43.7,0.39,0.41,0.40
SPRA,2015-12-01 21:05:00 EST,42.87427,-74.50859,656,37.3,37.3,30.9,96.4,36.4,0.000,0.082,0.00,0.000,8.6,13.1,1.8,77,9,9.9,14.8,2.1,79,7,8.6,13.1,1.8,77,9,0,29.30,,0,0,0,37.7,39.7,43.6,0.39,0.41,0.40
SPRA,2015-12-01 21:10:00 EST,42.87427,-74.50859,656,37.3,37.3,31.5,96.5,36.4,0.000,0.082,0.00,0.000,7.6,10.4,1.2,79,9,8.8,12.3,1.6,83,8,7.6,10.4,1.2,79,9,0,29.31,,0,0,0,37.8,39.7,43.6,0.39,0.41,0.40
SPRA,2015-12-01 21:15:00 EST,42.87427,-74.50859,656,37.3,37.3,32.0,96.5,36.4,0.000,0.082,0.00,0.000,6.8,9.9,1.3,81,10,7.9,12.1,1.6,84,8,6.8,9.9,1.3,81,10,0,29.30,,0,0,0,37.8,39.7,43.6,0.39,0.41,0.40
SPRA,2015-12-01 21:20:00 EST,42.87427,-74.50859,656,37.3,37.3,31.4,96.6,36.4,0.000,0.082,0.00,0.000,7.8,11.3,1.7,75,10,9.1,13.6,2.0,79,10,7.8,11.3,1.7,75,10,0,29.30,,0,0,0,37.8,39.7,43.6,0.39,0.41,0.40
SPRA,2015-12-01 21:25:00 EST,42.87427,-74.50859,656,37.3,37.3,32.0,96.7,36.5,0.000,0.082,0.00,0.000,6.9,9.9,1.4,74,10,7.8,12.3,1.8,77,8,6.9,9.9,1.4,74,10,0,29.30,,0,0,0,37.8,39.7,43.6,0.39,0.41,0.40
SPRA,2015-12-01 21:30:00 EST,42.87427,-74.50859,656,37.4,37.4,30.9,96.8,36.6,0.000,0.082,0.00,0.000,9.0,13.2,2.0,73,8,10.4,15.9,2.3,76,6,9.0,13.2,2.0,73,8,0,29.30,,0,0,0,37.8,39.7,43.6,0.39,0.41,0.41
SPRA,2015-12-01 21:35:00 EST,42.87427,-74.50859,656,37.4,37.4,30.9,96.8,36.6,0.000,0.082,0.00,0.000,9.1,12.9,1.2,77,8,10.6,15.4,1.5,80,6,9.1,12.9,1.2,77,8,0,29.29,,0,0,0,37.8,39.7,43.6,0.39,0.41,0.41
SPRA,2015-12-01 21:40:00 EST,42.87427,-74.50859,656,37.4,37.4,32.5,96.8,36.6,0.000,0.082,0.00,0.000,6.2,9.8,1.4,67,9,7.0,11.4,1.7,71,9,6.2,9.8,1.4,67,9,0,29.30,,0,0,0,37.8,39.7,43.6,0.39,0.41,0.40
SPRA,2015-12-01 21:45:00 EST,42.87427,-74.50859,656,37.4,37.4,32.1,97.0,36.7,0.000,0.082,0.00,0.000,6.9,11.1,2.1,69,9,7.7,13.4,2.5,72,10,6.9,11.1,2.1,69,9,0,29.30,,0,0,0,37.9,39.7,43.6,0.39,0.41,0.40
SPRA,2015-12-01 21:50:00 EST,42.87427,-74.50859,656,37.5,37.5,31.2,97.1,36.8,0.000,0.082,0.00,0.000,8.8,11.8,1.9,72,8,10.0,13.6,2.2,75,7,8.8,11.8,1.9,72,8,0,29.30,,0,0,0,37.9,39.7,43.6,0.39,0.41,0.41
SPRA,2015-12-01 21:55:00 EST,42.87427,-74.50859,656,37.5,37.5,31.5,97.0,36.8,0.000,0.082,0.00,0.000,8.1,11.8,1.7,74,9,9.2,13.9,2.0,77,8,8.1,11.8,1.7,74,9,0,29.29,,0,0,0,37.9,39.7,43.6,0.39,0.41,0.41
SPRA,2015-12-01 22:00:00 EST,42.87427,-74.50859,656,37.5,37.5,31.2,97.0,36.7,0.000,0.082,0.00,0.000,8.6,13.8,1.8,80,10,10.0,16.1,2.2,83,7,8.6,13.8,1.8,80,10,0,29.29,,0,0,0,37.9,39.7,43.6,0.39,0.41,0.41
SPRA,2015-12-01 22:05:00 EST,42.87427,-74.50859,656,37.5,37.5,32.0,97.1,36.7,0.000,0.082,0.00,0.000,7.2,12.8,1.8,82,12,8.3,15.2,2.3,85,10,7.2,12.8,1.8,82,12,0,29.28,,0,0,0,37.9,39.7,43.6,0.39,0.41,0.41
SPRA,2015-12-01 22:10:00 EST,42.87427,-74.50859,656,37.5,37.5,31.7,97.2,36.8,0.000,0.082,0.00,0.000,7.7,10.5,1.7,78,12,8.9,13.2,2.1,81,11,7.7,10.5,1.7,78,12,0,29.28,,0,0,0,37.9,39.7,43.5,0.39,0.41,0.41
SPRA,2015-12-01 22:15:00 EST,42.87427,-74.50859,656,37.5,37.5,31.8,97.3,36.8,0.000,0.082,0.00,0.000,7.5,11.5,1.4,66,9,8.3,13.2,1.7,69,10,7.5,11.5,1.4,66,9,0,29.28,,0,0,0,37.9,39.7,43.6,0.39,0.41,0.41
SPRA,2015-12-01 22:20:00 EST,42.87427,-74.50859,656,37.5,37.5,31.9,97.3,36.8,0.000,0.082,0.00,0.000,7.4,10.2,1.2,68,8,8.3,11.6,1.5,71,8,7.4,10.2,1.2,68,8,0,29.28,,0,0,0,37.9,39.7,43.6,0.39,0.41,0.41
SPRA,2015-12-01 22:25:00 EST,42.87427,-74.50859,656,37.5,37.5,32.0,97.4,36.8,0.002,0.084,0.00,0.002,7.2,11.8,1.5,65,9,8.1,12.5,1.7,68,8,7.2,11.8,1.5,65,9,0,29.28,,0,0,0,37.9,39.7,43.6,0.39,0.41,0.41
SPRA,2015-12-01 22:30:00 EST,42.87427,-74.50859,656,37.5,37.5,32.0,97.4,36.8,0.000,0.084,0.00,0.002,7.2,10.4,1.2,67,9,8.1,11.6,1.4,70,8,7.2,10.4,1.2,67,9,0,29.28,,0,0,0,37.9,39.8,43.6,0.39,0.41,0.41
SPRA,2015-12-01 22:35:00 EST,42.87427,-74.50859,656,37.5,37.5,31.6,97.5,36.9,0.000,0.084,0.00,0.002,8.0,12.1,1.9,68,8,9.0,14.1,2.3,72,7,8.0,12.1,1.9,68,8,0,29.27,,0,0,0,38.0,39.8,43.6,0.39,0.41,0.41
SPRA,2015-12-01 22:40:00 EST,42.87427,-74.50859,656,37.6,37.6,31.6,97.5,36.9,0.000,0.084,0.00,0.002,8.1,11.3,1.4,69,9,9.2,13.9,1.8,72,8,8.1,11.3,1.4,69,9,0,29.27,,0,0,0,38.0,39.8,43.6,0.39,0.41,0.41
SPRA,2015-12-01 22:45:00 EST,42.87427,-74.50859,656,37.6,37.6,32.1,97.5,37.0,0.000,0.084,0.00,0.002,7.3,10.3,1.4,71,9,8.3,12.3,1.8,74,8,7.3,10.3,1.4,71,9,0,29.27,,0,0,0,38.0,39.8,43.6,0.39,0.41,0.41
SPRA,2015-12-01 22:50:00 EST,42.87427,-74.50859,656,37.6,37.6,31.7,97.6,37.0,0.000,0.084,0.00,0.002,8.0,10.6,1.1,71,9,9.0,12.3,1.5,74,7,8.0,10.6,1.1,71,9,0,29.27,,0,0,0,38.0,39.8,43.5,0.39,0.41,0.41
SPRA,2015-12-01 22:55:00 EST,42.87427,-74.50859,656,37.6,37.6,31.4,97.6,37.0,0.000,0.084,0.00,0.002,8.6,11.0,1.2,71,9,9.9,13.2,1.5,75,8,8.6,11.0,1.2,71,9,0,29.27,,0,0,0,38.1,39.8,43.5,0.39,0.41,0.41
SPRA,2015-12-01 23:00:00 EST,42.87427,-74.50859,656,37.6,37.6,31.5,97.6,37.0,0.000,0.084,0.00,0.002,8.4,12.1,1.2,72,8,9.5,13.6,1.4,74,7,8.4,12.1,1.2,72,8,0,29.27,,0,0,0,38.1,39.8,43.5,0.39,0.41,0.41
SPRA,2015-12-01 23:05:00 EST,42.87427,-74.50859,656,37.6,37.6,32.0,97.6,37.0,0.000,0.084,0.00,0.002,7.4,10.6,1.3,76,9,8.5,13.0,1.7,78,8,7.4,10.6,1.3,76,9,0,29.27,,0,0,0,38.1,39.9,43.6,0.39,0.41,0.41
SPRA,2015-12-01 23:10:00 EST,42.87427,-74.50859,656,37.6,37.6,32.3,97.7,37.0,0.000,0.084,0.00,0.002,6.9,8.7,1.1,74,9,8.0,10.7,1.3,77,8,6.9,8.7,1.1,74,9,0,29.26,,0,0,0,38.1,39.9,43.5,0.39,0.41,0.41
SPRA,2015-12-01 23:15:00 EST,42.87427,-74.50859,656,37.6,37.6,32.5,97.8,37.0,0.000,0.084,0.00,0.002,6.6,9.4,1.1,71,8,7.5,11.4,1.3,73,6,6.6,9.4,1.1,71,8,0,29.27,,0,0,0,38.1,39.9,43.5,0.39,0.41,0.41
SPRA,2015-12-01 23:20:00 EST,42.87427,-74.50859,656,37.6,37.5,32.2,97.8,37.0,0.000,0.084,0.00,0.002,7.0,9.3,1.0,72,8,8.1,11.2,1.2,76,7,7.0,9.3,1.0,72,8,0,29.27,,0,0,0,38.1,39.9,43.5,0.39,0.41,0.41
SPRA,2015-12-01 23:25:00 EST,42.87427,-74.50859,656,37.5,37.5,32.0,97.8,37.0,0.000,0.084,0.00,0.000,7.3,10.4,1.2,67,8,8.2,12.1,1.5,71,8,7.3,10.4,1.2,67,8,0,29.27,,0,0,0,38.1,39.9,43.5,0.39,0.41,0.41
SPRA,2015-12-01 23:30:00 EST,42.87427,-74.50859,656,37.5,37.5,31.5,97.8,37.0,0.000,0.084,0.00,0.000,8.2,10.9,1.4,68,9,9.2,12.5,1.6,71,8,8.2,10.9,1.4,68,9,0,29.26,,0,0,0,38.1,39.9,43.5,0.39,0.41,0.41
SPRA,2015-12-01 23:35:00 EST,42.87427,-74.50859,656,37.5,37.5,32.1,97.9,37.0,0.000,0.084,0.00,0.000,7.1,10.0,1.3,66,9,7.8,12.3,1.6,69,9,7.1,10.0,1.3,66,9,0,29.26,,0,0,0,38.1,39.9,43.5,0.39,0.41,0.41
SPRA,2015-12-01 23:40:00 EST,42.87427,-74.50859,656,37.5,37.4,30.8,97.9,36.9,0.002,0.086,0.00,0.002,9.5,11.7,1.0,64,7,10.6,13.2,1.3,67,8,9.5,11.7,1.0,64,7,0,29.26,,0,0,0,38.1,39.9,43.5,0.39,0.41,0.41
SPRA,2015-12-01 23:45:00 EST,42.87427,-74.50859,656,37.5,37.4,31.2,97.9,36.9,0.000,0.086,0.00,0.002,8.6,10.7,1.1,65,8,9.7,12.1,1.3,70,7,8.6,10.7,1.1,65,8,0,29.26,,0,0,0,38.2,39.9,43.5,0.39,0.41,0.41
SPRA,2015-12-01 23:50:00 EST,42.87427,-74.50859,656,37.5,37.4,31.4,97.9,36.9,0.000,0.086,0.00,0.002,8.2,11.5,1.5,70,7,9.5,13.6,1.9,74,6,8.2,11.5,1.5,70,7,0,29.26,,0,0,0,38.2,39.9,43.5,0.39,0.41,0.41
SPRA,2015-12-01 23:55:00 EST,42.87427,-74.50859,656,37.4,37.4,32.2,97.9,36.9,0.000,0.086,0.00,0.002,6.8,12.0,1.8,71,10,7.9,14.1,2.2,75,8,6.8,12.0,1.8,71,10,0,29.25,,0,0,0,38.2,39.9,43.5,0.39,0.41,0.41
WATE,2015-12-01 00:00:00 EST,42.87966,-76.81255,478,40.4,41.1,35.8,66.5,30.2,0.000,0.000,0.00,0.000,6.8,8.8,0.7,143,6,7.2,8.9,0.8,142,7,6.8,8.8,0.7,143,6,0,29.72,,0,0,0,39.0,41.0,45.3,0.35,0.41,0.44
WATE,2015-12-01 00:05:00 EST,42.87966,-76.81255,478,40.7,41.3,35.6,66.2,30.3,0.000,0.000,0.00,0.000,7.8,11.3,1.5,147,7,8.3,11.9,1.6,146,8,7.8,11.3,1.5,147,7,0,29.72,,0,0,0,39.0,41.0,45.3,0.35,0.41,0.44
WATE,2015-12-01 00:10:00 EST,42.87966,-76.81255,478,40.7,41.2,36.6,66.7,30.5,0.000,0.000,0.00,0.000,5.9,7.7,0.7,148,7,6.5,8.7,0.9,148,7,5.9,7.7,0.7,148,7,0,29.72,,0,0,0,39.0,41.0,45.3,0.35,0.41,0.44
WATE,2015-12-01 00:15:00 EST,42.87966,-76.81255,478,40.9,41.3,35.9,66.1,30.4,0.000,0.000,0.00,0.000,7.6,10.0,1.1,145,7,8.2,11.4,1.3,146,7,7.6,10.0,1.1,145,7,0,29.72,,0,0,0,39.0,41.0,45.3,0.35,0.41,0.44
WATE,2015-12-01 00:20:00 EST,42.87966,-76.81255,478,41.1,41.4,35.9,65.0,30.2,0.000,0.000,0.00,0.000,7.9,11.3,1.4,143,9,8.6,11.9,1.5,145,8,7.9,11.3,1.4,143,9,0,29.71,,0,0,0,39.0,41.0,45.3,0.35,0.41,0.44
WATE,2015-12-01 00:25:00 EST,42.87966,-76.81255,478,41.0,41.4,35.7,65.0,30.1,0.000,0.000,0.00,0.000,8.2,11.2,1.5,144,8,8.9,12.8,1.7,145,7,8.2,11.2,1.5,144,8,0,29.71,,0,0,0,39.0,41.0,45.3,0.35,0.41,0.44
WATE,2015-12-01 00:30:00 EST,42.87966,-76.81255,478,40.8,41.3,35.2,65.5,30.2,0.000,0.000,0.00,0.000,8.9,11.6,1.3,146,9,9.6,12.8,1.3,148,9,8.9,11.6,1.3,146,9,0,29.70,,0,0,0,39.0,41.0,45.3,0.35,0.41,0.44
WATE,2015-12-01 00:35:00 EST,42.87966,-76.81255,478,40.7,41.2,35.2,65.9,30.2,0.000,0.000,0.00,0.000,8.6,10.7,1.0,149,8,9.2,11.6,1.1,149,8,8.6,10.7,1.0,149,8,0,29.70,,0,0,0,39.0,41.0,45.3,0.35,0.41,0.44
WATE,2015-12-01 00:40:00 EST,42.87966,-76.81255,478,40.6,41.1,35.1,66.8,30.4,0.000,0.000,0.00,0.000,8.5,11.5,1.5,149,7,9.1,12.5,1.6,150,8,8.5,11.5,1.5,149,7,0,29.70,,0,0,0,39.0,41.0,45.4,0.35,0.42,0.44
WATE,2015-12-01 00:45:00 EST,42.87966,-76.81255,478,40.5,41.1,35.2,67.4,30.6,0.000,0.000,0.00,0.000,8.1,11.9,1.6,153,8,8.8,13.0,1.7,155,8,8.1,11.9,1.6,153,8,0,29.70,,0,0,0,39.0,41.0,45.3,0.35,0.41,0.44
WATE,2015-12-01 00:50:00 EST,42.87966,-76.81255,478,40.6,41.0,35.4,67.8,30.8,0.000,0.000,0.00,0.000,7.8,11.0,1.2,155,9,8.4,13.9,1.4,157,8,7.8,11.0,1.2,155,9,0,29.70,,0,0,0,39.0,41.0,45.3,0.35,0.41,0.44
WATE,2015-12-01 00:55:00 EST,42.87966,-76.81255,478,40.9,41.2,36.0,67.6,31.0,0.000,0.000,0.00,0.000,7.4,11.4,1.5,158,10,8.1,13.0,1.6,159,10,7.4,11.4,1.5,158,10,0,29.70,,0,0,0,39.0,41.0,45.3,0.35,0.41,0.44
WATE,2015-12-01 01:00:00 EST,42.87966,-76.81255,478,41.0,41.2,36.6,67.3,30.9,0.000,0.000,0.00,0.000,6.4,8.8,1.0,149,10,7.0,9.8,1.1,149,10,6.4,8.8,1.0,149,10,0,29.70,,0,0,0,39.0,41.0,45.3,0.35,0.41,0.44
WATE,2015-12-01 01:05:00 EST,42.87966,-76.81255,478,41.2,41.4,35.5,67.0,31.1,0.000,0.000,0.00,0.000,9.0,12.8,1.5,153,10,9.6,13.9,1.8,154,11,9.0,12.8,1.5,153,10,0,29.70,,0,0,0,39.0,41.0,45.3,0.35,0.41,0.44
WATE,2015-12-01 01:10:00 EST,42.87966,-76.81255,478,41.3,41.4,36.4,67.0,31.1,0.000,0.000,0.00,0.000,7.5,9.9,1.2,151,10,8.1,11.6,1.4,152,10,7.5,9.9,1.2,151,10,0,29.70,,0,0,0,39.0,41.0,45.3,0.35,0.41,0.44
WATE,2015-12-01 01:15:00 EST,42.87966,-76.81255,478,41.2,41.5,36.4,67.2,31.2,0.000,0.000,0.00,0.000,7.5,9.9,1.2,148,9,8.1,10.7,1.2,148,9,7.5,9.9,1.2,148,9,0,29.70,,0,0,0,39.0,41.0,45.3,0.35,0.41,0.44
WATE,2015-12-01 01:20:00 EST,42.87966,-76.81255,478,41.3,41.5,35.9,67.1,31.2,0.000,0.000,0.00,0.000,8.6,11.5,1.6,149,7,9.1,12.8,1.6,150,8,8.6,11.5,1.6,149,7,0,29.70,,0,0,0,39.0,41.0,45.3,0.35,0.41,0.44
WATE,2015-12-01 01:25:00 EST,42.87966,-76.81255,478,41.3,41.6,36.0,66.9,31.2,0.000,0.000,0.00,0.000,8.4,12.1,1.3,152,8,9.0,12.5,1.3,153,9,8.4,12.1,1.3,152,8,0,29.70,,0,0,0,39.0,41.0,45.3,0.35,0.41,0.44
WATE,2015-12-01 01:30:00 EST,42.87966,-76.81255,478,41.3,41.5,36.1,67.5,31.3,0.000,0.000,0.00,0.000,8.0,11.3,1.4,151,11,8.8,12.8,1.6,151,11,8.0,11.3,1.4,151,11,0,29.70,,0,0,0,39.0,41.0,45.3,0.35,0.41,0.44
WATE,2015-12-01 01:35:00 EST,42.87966,-76.81255,478,41.2,41.5,36.4,68.4,31.6,0.000,0.000,0.00,0.000,7.4,11.9,1.3,145,9,8.1,12.8,1.4,145,9,7.4,11.9,1.3,145,9,0,29.70,,0,0,0,39.0,41.0,45.3,0.35,0.41,0.44
WATE,2015-12-01 01:40:00 EST,42.87966,-76.81255,478,41.2,41.4,36.6,69.1,31.8,0.000,0.000,0.00,0.000,6.9,12.3,1.7,141,8,7.5,12.8,1.6,141,7,6.9,12.3,1.7,141,8,0,29.70,,0,0,0,39.0,41.0,45.3,0.35,0.41,0.44
WATE,2015-12-01 01:45:00 EST,42.87966,-76.81255,478,41.3,41.5,36.2,68.9,31.8,0.000,0.000,0.00,0.000,7.8,11.3,1.5,144,8,8.4,11.9,1.5,144,7,7.8,11.3,1.5,144,8,0,29.70,,0,0,0,39.0,41.0,45.3,0.35,0.41,0.44
WATE,2015-12-01 01:50:00 EST,42.87966,-76.81255,478,41.2,41.5,35.7,68.6,31.7,0.000,0.000,0.00,0.000,8.8,11.6,1.2,143,10,9.6,12.5,1.3,144,9,8.8,11.6,1.2,143,10,0,29.70,,0,0,0,39.0,41.0,45.3,0.35,0.41,0.44
WATE,2015-12-01 01:55:00 EST,42.87966,-76.81255,478,41.2,41.5,35.3,68.4,31.6,0.000,0.000,0.00,0.000,9.6,13.6,1.9,142,8,10.5,15.7,2.1,143,7,9.6,13.6,1.9,142,8,0,29.70,,0,0,0,39.0,41.0,45.3,0.35,0.41,0.44
WATE,2015-12-01 02:00:00 EST,42.87966,-76.81255,478,41.1,41.4,35.1,69.0,31.7,0.000,0.000,0.00,0.000,9.8,14.2,1.7,138,9,10.6,15.4,1.9,139,7,9.8,14.2,1.7,138,9,0,29.70,,0,0,0,39.1,41.0,45.3,0.35,0.41,0.44
WATE,2015-12-01 02:05:00 EST,42.87966,-76.81255,478,41.0,41.3,35.8,69.6,31.9,0.000,0.000,0.00,0.000,8.1,10.7,1.2,140,8,8.7,12.3,1.4,140,7,8.1,10.7,1.2,140,8,0,29.70,,0,0,0,39.1,41.0,45.3,0.35,0.41,0.44
WATE,2015-12-01 02:10:00 EST,42.87966,-76.81255,478,41.0,41.2,35.7,70.5,32.1,0.000,0.000,0.00,0.000,8.1,13.7,1.6,139,8,8.9,14.8,1.7,139,7,8.1,13.7,1.6,139,8,0,29.70,,0,0,0,39.2,41.0,45.3,0.35,0.41,0.44
WATE,2015-12-01 02:15:00 EST,42.87966,-76.81255,478,41.0,41.2,34.9,70.7,32.2,0.000,0.000,0.00,0.000,10.0,14.0,1.7,142,8,10.9,15.2,1.7,142,8,10.0,14.0,1.7,142,8,0,29.69,,0,0,0,39.2,41.0,45.3,0.35,0.41,0.44
WATE,2015-12-01 02:20:00 EST,42.87966,-76.81255,478,41.1,41.2,34.9,71.0,32.4,0.000,0.000,0.00,0.000,10.2,15.3,2.4,139,8,11.0,16.8,2.6,140,8,10.2,15.3,2.4,139,8,0,29.69,,0,0,0,39.2,41.0,45.3,0.35,0.41,0.44
WATE,2015-12-01 02:25:00 EST,42.87966,-76.81255,478,41.1,41.3,34.3,71.3,32.5,0.000,0.000,0.00,0.000,11.8,15.5,1.4,138,9,12.7,16.8,1.6,139,8,11.8,15.5,1.4,138,9,0,29.69,,0,0,0,39.2,41.1,45.3,0.35,0.41,0.44
WATE,2015-12-01 02:30:00 EST,42.87966,-76.81255,478,41.0,41.1,34.0,72.3,32.8,0.000,0.000,0.00,0.000,12.3,18.6,2.0,141,8,13.1,18.6,2.0,142,8,12.3,18.6,2.0,141,8,0,29.69,,0,0,0,39.2,41.1,45.3,0.35,0.41,0.44
WATE,2015-12-01 02:35:00 EST,42.87966,-76.81255,478,40.7,40.8,33.1,75.3,33.6,0.000,0.000,0.00,0.000,14.1,19.3,2.1,143,7,14.9,19.7,2.1,144,8,14.1,19.3,2.1,143,7,0,29.69,,0,0,0,39.2,41.1,45.3,0.35,0.41,0.44
WATE,2015-12-01 02:40:00 EST,42.87966,-76.81255,478,40.4,40.4,33.2,78.3,34.2,0.000,0.000,0.00,0.000,12.5,17.7,1.7,141,8,13.4,18.3,1.8,143,7,12.5,17.7,1.7,141,8,0,29.69,,0,0,0,39.2,41.1,45.3,0.35,0.41,0.44
WATE,2015-12-01 02:45:00 EST,42.87966,-76.81255,478,39.9,39.9,32.6,81.6,34.8,0.000,0.000,0.00,0.000,12.4,15.4,1.3,139,7,13.1,16.1,1.5,139,7,12.4,15.4,1.3,139,7,0,29.69,,0,0,0,39.2,41.1,45.3,0.35,0.41,0.44
WATE,2015-12-01 02:50:00 EST,42.87966,-76.81255,478,39.4,39.4,32.7,85.6,35.5,0.000,0.000,0.00,0.000,10.5,14.6,1.5,145,9,11.2,15.0,1.5,147,8,10.5,14.6,1.5,145,9,0,29.68,,0,0,0,39.2,41.1,45.3,0.35,0.41,0.44
WATE,2015-12-01 02:55:00 EST,42.87966,-76.81255,478,39.3,39.3,32.5,87.1,35.8,0.000,0.000,0.00,0.000,10.6,14.2,1.8,146,9,11.4,15.7,2.1,148,9,10.6,14.2,1.8,146,9,0,29.68,,0,0,0,39.2,41.1,45.3,0.35,0.41,0.44
WATE,2015-12-01 03:00:00 EST,42.87966,-76.81255,478,39.2,39.2,32.6,88.5,36.1,0.000,0.000,0.00,0.000,10.1,15.8,2.2,144,9,10.7,15.7,2.3,145,9,10.1,15.8,2.2,144,9,0,29.69,,0,0,0,39.2,41.1,45.3,0.35,0.41,0.44
WATE,2015-12-01 03:05:00 EST,42.87966,-76.81255,478,39.1,39.0,32.2,89.8,36.3,0.003,0.003,0.00,0.003,10.6,16.3,2.4,144,10,11.2,17.0,2.3,147,10,10.6,16.3,2.4,144,10,0,29.69,,0,0,0,39.2,41.1,45.3,0.35,0.41,0.44
WATE,2015-12-01 03:10:00 EST,42.87966,-76.81255,478,38.9,38.9,32.9,91.6,36.7,0.002,0.004,0.00,0.004,8.8,11.7,1.5,141,9,9.4,12.8,1.5,143,10,8.8,11.7,1.5,141,9,0,29.69,,0,0,0,39.2,41.1,45.3,0.35,0.41,0.44
WATE,2015-12-01 03:15:00 EST,42.87966,-76.81255,478,39.1,39.0,32.2,92.3,37.0,0.001,0.006,0.00,0.006,10.6,16.0,2.3,159,10,12.1,17.2,2.7,163,9,10.6,16.0,2.3,159,10,0,29.69,,0,0,0,39.2,41.1,45.3,0.35,0.41,0.44
WATE,2015-12-01 03:20:00 EST,42.87966,-76.81255,478,39.1,39.1,32.0,92.2,37.1,0.005,0.010,0.00,0.010,11.5,15.9,2.1,151,9,12.8,16.8,2.1,156,9,11.5,15.9,2.1,151,9,0,29.69,,0,0,0,39.2,41.1,45.3,0.35,0.41,0.44
WATE,2015-12-01 03:25:00 EST,42.87966,-76.81255,478,39.1,39.1,31.8,92.0,37.0,0.003,0.013,0.00,0.013,11.9,16.1,1.7,140,8,12.8,16.8,1.7,144,9,11.9,16.1,1.7,140,8,0,29.69,,0,0,0,39.2,41.1,45.3,0.35,0.41,0.44
WATE,2015-12-01 03:30:00 EST,42.87966,-76.81255,478,39.1,39.0,32.4,92.3,37.0,0.003,0.016,0.00,0.016,10.3,14.0,1.7,139,8,11.4,15.2,1.6,141,9,10.3,14.0,1.7,139,8,0,29.68,,0,0,0,39.2,41.1,45.3,0.35,0.41,0.44
WATE,2015-12-01 03:35:00 EST,42.87966,-76.81255,478,39.0,39.0,32.7,92.8,37.1,0.004,0.020,0.00,0.020,9.5,13.7,1.5,145,8,10.4,16.1,1.6,148,8,9.5,13.7,1.5,145,8,0,29.69,,0,0,0,39.2,41.1,45.3,0.35,0.41,0.44
WATE,2015-12-01 03:40:00 EST,42.87966,-76.81255,478,39.0,38.9,32.9,93.5,37.3,0.002,0.021,0.00,0.021,8.8,11.8,1.4,145,6,9.7,13.4,1.4,149,7,8.8,11.8,1.4,145,6,0,29.69,,0,0,0,39.2,41.1,45.3,0.35,0.41,0.44
WATE,2015-12-01 03:45:00 EST,42.87966,-76.81255,478,38.9,38.9,33.0,93.7,37.3,0.002,0.024,0.00,0.024,8.5,11.8,1.8,135,7,9.4,13.6,1.9,135,8,8.5,11.8,1.8,135,7,0,29.68,,0,0,0,39.3,41.1,45.3,0.35,0.41,0.44
WATE,2015-12-01 03:50:00 EST,42.87966,-76.81255,478,39.0,38.9,33.0,93.2,37.2,0.002,0.025,0.00,0.025,8.6,13.2,1.8,132,8,9.4,13.6,1.9,133,8,8.6,13.2,1.8,132,8,0,29.67,,0,0,0,39.3,41.1,45.3,0.35,0.41,0.44
WATE,2015-12-01 03:55:00 EST,42.87966,-76.81255,478,38.9,38.9,33.0,93.5,37.2,0.003,0.028,0.00,0.028,8.4,11.5,1.4,133,8,9.4,13.0,1.4,135,7,8.4,11.5,1.4,133,8,0,29.67,,0,0,0,39.4,41.1,45.3,0.35,0.41,0.44
WATE,2015-12-01 04:00:00 EST,42.87966,-76.81255,478,38.9,38.8,33.1,94.0,37.3,0.002,0.030,0.00,0.030,8.3,11.0,1.1,130,9,9.2,13.0,1.2,131,9,8.3,11.0,1.1,130,9,0,29.67,,0,0,0,39.4,41.2,45.3,0.35,0.41,0.44
WATE,2015-12-01 04:05:00 EST,42.87966,-76.81255,478,38.8,38.8,33.5,94.6,37.4,0.000,0.030,0.00,0.027,7.4,9.9,0.9,126,7,8.2,10.7,0.9,127,8,7.4,9.9,0.9,126,7,0,29.66,,0,0,0,39.4,41.1,45.3,0.35,0.41,0.44
WATE,2015-12-01 04:10:00 EST,42.87966,-76.81255,478,38.8,38.8,33.7,94.8,37.4,0.001,0.031,0.00,0.026,7.0,10.1,1.1,121,7,7.7,11.2,1.3,124,7,7.0,10.1,1.1,121,7,0,29.66,,0,0,0,39.4,41.2,45.3,0.35,0.41,0.44
WATE,2015-12-01 04:15:00 EST,42.87966,-76.81255,478,38.8,38.8,33.8,94.9,37.5,0.000,0.031,0.00,0.025,6.9,8.8,0.9,125,6,7.6,10.3,0.9,126,5,6.9,8.8,0.9,125,6,0,29.66,,0,0,0,39.4,41.1,45.3,0.35,0.41,0.44
WATE,2015-12-01 04:20:00 EST,42.87966,-76.81255,478,38.9,38.9,34.1,95.0,37.6,0.000,0.031,0.00,0.020,6.5,8.5,0.8,125,6,7.0,9.8,1.0,127,5,6.5,8.5,0.8,125,6,0,29.66,,0,0,0,39.4,41.1,45.3,0.35,0.41,0.44
WATE,2015-12-01 04:25:00 EST,42.87966,-76.81255,478,38.9,38.9,33.8,94.9,37.6,0.000,0.031,0.00,0.017,7.1,9.5,1.0,122,8,7.7,10.1,1.0,122,8,7.1,9.5,1.0,122,8,0,29.65,,0,0,0,39.4,41.2,45.3,0.35,0.41,0.44
WATE,2015-12-01 04:30:00 EST,42.87966,-76.81255,478,39.0,38.9,33.6,94.8,37.6,0.000,0.031,0.00,0.015,7.4,9.5,0.9,112,6,8.3,10.5,0.9,112,6,7.4,9.5,0.9,112,6,0,29.64,,0,0,0,39.4,41.2,45.3,0.35,0.41,0.44
WATE,2015-12-01 04:35:00 EST,42.87966,-76.81255,478,39.0,38.9,33.9,94.7,37.6,0.000,0.031,0.00,0.011,7.0,8.7,0.9,111,10,8.1,10.5,1.0,111,8,7.0,8.7,0.9,111,10,0,29.64,,0,0,0,39.4,41.2,45.3,0.35,0.41,0.44
WATE,2015-12-01 04:40:00 EST,42.87966,-76.81255,478,39.0,38.9,34.4,94.8,37.6,0.002,0.033,0.00,0.011,6.2,8.7,1.0,120,8,6.8,9.6,1.0,121,8,6.2,8.7,1.0,120,8,0,29.64,,0,0,0,39.5,41.2,45.3,0.35,0.41,0.44
WATE,2015-12-01 04:45:00 EST,42.87966,-76.81255,478,39.0,38.9,35.4,95.0,37.7,0.001,0.033,0.00,0.010,4.9,7.3,0.7,123,10,5.4,6.9,0.8,124,10,4.9,7.3,0.7,123,10,0,29.64,,0,0,0,39.5,41.2,45.3,0.35,0.41,0.44
WATE,2015-12-01 04:50:00 EST,42.87966,-76.81255,478,39.0,39.0,35.8,95.1,37.8,0.000,0.033,0.00,0.008,4.4,6.3,0.8,130,9,4.8,7.8,0.9,132,8,4.4,6.3,0.8,130,9,0,29.65,,0,0,0,39.5,41.2,45.3,0.35,0.41,0.44
WATE,2015-12-01 04:55:00 EST,42.87966,-76.81255,478,39.1,39.1,35.4,94.9,37.8,0.000,0.033,0.00,0.006,5.0,6.7,0.9,133,7,5.5,8.1,1.0,134,7,5.0,6.7,0.9,133,7,0,29.65,,0,0,0,39.5,41.2,45.3,0.35,0.41,0.44
WATE,2015-12-01 05:00:00 EST,42.87966,-76.81255,478,39.2,39.1,35.9,94.6,37.8,0.000,0.033,0.00,0.004,4.6,6.1,0.6,130,8,4.9,6.5,0.7,131,7,4.6,6.1,0.6,130,8,0,29.65,,0,0,0,39.6,41.2,45.3,0.35,0.41,0.44
WATE,2015-12-01 05:05:00 EST,42.87966,-76.81255,478,39.3,39.3,35.5,94.5,37.8,0.000,0.033,0.00,0.004,5.1,6.6,0.6,136,11,5.6,8.1,0.8,137,11,5.1,6.6,0.6,136,11,0,29.65,,0,0,0,39.6,41.2,45.3,0.35,0.41,0.44
WATE,2015-12-01 05:10:00 EST,42.87966,-76.81255,478,39.4,39.4,35.5,94.2,37.8,0.000,0.033,0.00,0.003,5.4,7.1,0.8,120,11,5.9,8.1,0.9,121,11,5.4,7.1,0.8,120,11,0,29.64,,0,0,0,39.6,41.2,45.3,0.35,0.41,0.44
WATE,2015-12-01 05:15:00 EST,42.87966,-76.81255,478,39.5,39.5,35.7,93.7,37.8,0.000,0.033,0.00,0.003,5.2,7.5,1.0,116,11,5.9,8.5,1.1,118,12,5.2,7.5,1.0,116,11,0,29.64,,0,0,0,39.6,41.2,45.3,0.35,0.41,0.44
WATE,2015-12-01 05:20:00 EST,42.87966,-76.81255,478,39.6,39.6,35.3,93.2,37.8,0.000,0.033,0.00,0.003,6.0,8.6,1.3,128,10,6.5,9.8,1.3,130,9,6.0,8.6,1.3,128,10,0,29.65,,0,0,0,39.6,41.2,45.3,0.35,0.41,0.44
WATE,2015-12-01 05:25:00 EST,42.87966,-76.81255,478,39.7,39.8,34.9,92.3,37.7,0.000,0.033,0.00,0.003,6.9,11.8,1.8,127,10,7.4,12.3,2.0,129,9,6.9,11.8,1.8,127,10,0,29.64,,0,0,0,39.6,41.2,45.3,0.35,0.41,0.44
WATE,2015-12-01 05:30:00 EST,42.87966,-76.81255,478,39.8,39.8,35.0,92.3,37.8,0.000,0.033,0.00,0.003,6.8,10.1,1.3,128,9,7.3,11.9,1.4,130,8,6.8,10.1,1.3,128,9,0,29.64,,0,0,0,39.6,41.2,45.3,0.35,0.41,0.44
WATE,2015-12-01 05:35:00 EST,42.87966,-76.81255,478,39.9,39.9,35.7,92.2,37.8,0.000,0.033,0.00,0.003,5.9,8.2,1.0,135,7,6.4,8.3,1.0,137,7,5.9,8.2,1.0,135,7,0,29.64,,0,0,0,39.6,41.2,45.3,0.35,0.41,0.44
WATE,2015-12-01 05:40:00 EST,42.87966,-76.81255,478,40.0,40.1,36.0,92.0,37.9,0.000,0.033,0.00,0.001,5.7,7.7,1.0,136,9,6.1,8.5,1.0,137,9,5.7,7.7,1.0,136,9,0,29.64,,0,0,0,39.7,41.2,45.3,0.35,0.41,0.44
WATE,2015-12-01 05:45:00 EST,42.87966,-76.81255,478,40.1,40.2,36.0,91.9,38.0,0.000,0.033,0.00,0.000,5.8,7.2,0.7,129,8,6.3,8.1,0.8,132,7,5.8,7.2,0.7,129,8,0,29.64,,0,0,0,39.7,41.2,45.3,0.35,0.41,0.44
WATE,2015-12-01 05:50:00 EST,42.87966,-76.81255,478,40.2,40.3,35.3,91.9,38.1,0.000,0.033,0.00,0.000,7.2,9.7,1.1,126,9,7.9,10.5,1.2,128,9,7.2,9.7,1.1,126,9,0,29.63,,0,0,0,39.7,41.2,45.3,0.35,0.41,0.44
WATE,2015-12-01 05:55:00 EST,42.87966,-76.81255,478,40.3,40.3,35.6,91.6,38.0,0.000,0.033,0.00,0.000,6.8,10.6,1.5,116,9,7.6,11.6,1.6,116,9,6.8,10.6,1.5,116,9,0,29.62,,0,0,0,39.7,41.2,45.3,0.35,0.41,0.44
WATE,2015-12-01 06:00:00 EST,42.87966,-76.81255,478,40.2,40.3,35.2,91.7,38.0,0.000,0.033,0.00,0.000,7.4,10.4,1.1,109,7,8.5,12.5,1.5,111,8,7.4,10.4,1.1,109,7,0,29.62,,0,0,0,39.7,41.2,45.3,0.35,0.41,0.44
WATE,2015-12-01 06:05:00 EST,42.87966,-76.81255,478,40.2,40.3,35.5,91.2,37.8,0.000,0.033,0.00,0.000,6.8,9.4,1.1,112,8,7.6,11.2,1.4,113,8,6.8,9.4,1.1,112,8,0,29.61,,0,0,0,39.7,41.2,45.3,0.35,0.41,0.44
WATE,2015-12-01 06:10:00 EST,42.87966,-76.81255,478,40.2,40.3,36.4,91.7,38.0,0.000,0.033,0.00,0.000,5.4,7.0,0.8,126,9,5.9,7.8,0.9,127,8,5.4,7.0,0.8,126,9,0,29.62,,0,0,0,39.8,41.2,45.2,0.35,0.41,0.44
WATE,2015-12-01 06:15:00 EST,42.87966,-76.81255,478,40.2,40.3,36.0,91.7,38.0,0.000,0.033,0.00,0.000,6.1,7.3,0.7,124,6,6.5,8.3,0.7,127,6,6.1,7.3,0.7,124,6,0,29.61,,0,0,0,39.7,41.2,45.3,0.35,0.41,0.44
WATE,2015-12-01 06:20:00 EST,42.87966,-76.81255,478,40.2,40.3,36.1,91.9,38.0,0.000,0.033,0.00,0.000,5.9,7.5,0.7,121,6,6.3,8.3,0.8,123,6,5.9,7.5,0.7,121,6,0,29.61,,0,0,0,39.8,41.2,45.3,0.35,0.41,0.44
WATE,2015-12-01 06:25:00 EST,42.87966,-76.81255,478,40.2,40.3,36.3,92.0,38.1,0.000,0.033,0.00,0.000,5.6,7.7,0.9,113,7,6.2,9.4,1.1,114,8,5.6,7.7,0.9,113,7,0,29.60,,0,0,0,39.8,41.2,45.2,0.35,0.41,0.44
WATE,2015-12-01 06:30:00 EST,42.87966,-76.81255,478,40.3,40.3,36.6,92.0,38.1,0.000,0.033,0.00,0.000,5.2,7.5,0.8,112,9,5.9,8.7,1.1,113,8,5.2,7.5,0.8,112,9,0,29.60,,0,0,0,39.9,41.2,45.2,0.35,0.41,0.44
WATE,2015-12-01 06:35:00 EST,42.87966,-76.81255,478,40.3,40.3,36.9,91.8,38.1,0.000,0.033,0.00,0.000,4.9,6.3,0.7,118,6,5.3,7.4,0.9,121,7,4.9,6.3,0.7,118,6,0,29.61,,0,0,0,39.9,41.2,45.2,0.35,0.41,0.44
WATE,2015-12-01 06:40:00 EST,42.87966,-76.81255,478,40.3,40.5,37.0,91.8,38.1,0.000,0.033,0.00,0.000,4.8,6.4,0.8,119,8,5.2,7.8,1.0,121,9,4.8,6.4,0.8,119,8,0,29.61,,0,0,0,39.9,41.2,45.2,0.35,0.41,0.44
WATE,2015-12-01 06:45:00 EST,42.87966,-76.81255,478,40.5,40.6,37.3,91.0,38.1,0.000,0.033,0.00,0.000,4.8,6.9,0.8,117,7,5.2,7.6,0.9,119,8,4.8,6.9,0.8,117,7,0,29.61,,0,0,0,39.9,41.2,45.3,0.35,0.41,0.44
WATE,2015-12-01 06:50:00 EST,42.87966,-76.81255,478,40.5,40.6,37.8,91.3,38.1,0.000,0.033,0.00,0.000,4.1,5.5,0.5,121,7,4.4,6.7,0.6,125,7,4.1,5.5,0.5,121,7,0,29.61,,0,0,0,39.9,41.2,45.2,0.35,0.41,0.44
WATE,2015-12-01 06:55:00 EST,42.87966,-76.81255,478,40.6,40.7,37.3,90.9,38.1,0.000,0.033,0.00,0.000,4.9,6.1,0.6,128,6,5.2,6.7,0.7,131,4,4.9,6.1,0.6,128,6,0,29.61,,0,0,0,39.9,41.3,45.2,0.35,0.41,0.44
WATE,2015-12-01 07:00:00 EST,42.87966,-76.81255,478,40.6,40.7,37.2,91.0,38.2,0.000,0.033,0.00,0.000,5.0,6.9,0.7,120,10,5.5,7.8,0.9,122,11,5.0,6.9,0.7,120,10,0,29.60,,0,0,0,39.9,41.2,45.2,0.35,0.41,0.44
WATE,2015-12-01 07:05:00 EST,42.87966,-76.81255,478,40.7,40.8,37.2,90.8,38.2,0.000,0.033,0.00,0.000,5.1,7.2,0.9,107,10,5.9,8.7,1.2,108,10,5.1,7.2,0.9,107,10,0,29.60,,0,0,0,39.9,41.3,45.2,0.35,0.41,0.44
WATE,2015-12-01 07:10:00 EST,42.87966,-76.81255,478,40.9,41.0,38.0,90.3,38.3,0.000,0.033,0.00,0.000,4.4,6.9,1.1,136,9,4.8,8.1,1.2,138,9,4.4,6.9,1.1,136,9,0,29.61,,0,0,0,39.9,41.3,45.2,0.35,0.41,0.44
WATE,2015-12-01 07:15:00 EST,42.87966,-76.81255,478,40.8,41.0,38.6,90.2,38.2,0.000,0.033,0.00,0.000,3.6,5.3,0.7,145,8,3.9,6.7,0.9,144,8,3.6,5.3,0.7,145,8,0,29.61,,0,0,0,40.0,41.3,45.2,0.35,0.41,0.44
WATE,2015-12-01 07:20:00 EST,42.87966,-76.81255,478,40.9,41.2,38.8,91.1,38.6,0.000,0.033,0.00,0.000,3.6,5.4,0.7,162,9,4.2,6.3,1.0,164,10,3.6,5.4,0.7,162,9,0,29.61,,0,0,0,40.1,41.3,45.2,0.35,0.42,0.44
WATE,2015-12-01 07:25:00 EST,42.87966,-76.81255,478,41.2,41.4,41.2,90.7,38.7,0.000,0.033,0.00,0.000,2.8,3.7,0.3,163,7,3.2,4.5,0.4,164,9,2.8,3.7,0.3,163,7,1,29.61,,0,0,0,40.1,41.3,45.2,0.35,0.41,0.44
WATE,2015-12-01 07:30:00 EST,42.87966,-76.81255,478,41.4,41.6,38.6,90.2,38.8,0.000,0.033,0.00,0.000,4.4,6.6,0.9,157,13,5.0,8.1,1.1,160,13,4.4,6.6,0.9,157,13,1,29.61,,0,0,0,40.1,41.3,45.2,0.35,0.42,0.44
WATE,2015-12-01 07:35:00 EST,42.87966,-76.81255,478,41.5,41.7,37.9,90.0,38.8,0.000,0.033,0.00,0.000,5.4,8.3,1.2,153,9,6.1,8.7,1.4,155,9,5.4,8.3,1.2,153,9,3,29.60,,0,0,0,40.1,41.3,45.2,0.35,0.41,0.44
WATE,2015-12-01 07:40:00 EST,42.87966,-76.81255,478,41.7,41.9,36.7,89.1,38.7,0.000,0.033,0.00,0.000,7.8,12.9,1.9,147,11,8.6,15.4,2.1,149,11,7.8,12.9,1.9,147,11,4,29.60,,0,0,0,40.1,41.4,45.2,0.35,0.41,0.44
WATE,2015-12-01 07:45:00 EST,42.87966,-76.81255,478,41.9,42.0,35.8,87.2,38.4,0.000,0.033,0.00,0.000,10.5,14.5,1.6,137,9,11.5,15.7,1.8,140,9,10.5,14.5,1.6,137,9,5,29.59,,0,0,0,40.1,41.3,45.2,0.35,0.41,0.44
WATE,2015-12-01 07:50:00 EST,42.87966,-76.81255,478,41.9,42.1,36.1,87.4,38.4,0.000,0.033,0.00,0.000,9.8,14.6,1.7,142,8,10.8,15.7,1.8,145,8,9.8,14.6,1.7,142,8,7,29.59,,0,0,0,40.1,41.3,45.2,0.35,0.42,0.44
WATE,2015-12-01 07:55:00 EST,42.87966,-76.81255,478,42.0,42.2,36.4,87.2,38.5,0.000,0.033,0.00,0.000,9.2,14.4,1.9,144,9,10.3,15.2,2.0,146,9,9.2,14.4,1.9,144,9,9,29.59,,0,0,0,40.1,41.4,45.2,0.35,0.41,0.44
WATE,2015-12-01 08:00:00 EST,42.87966,-76.81255,478,42.2,42.4,35.3,86.7,38.5,0.000,0.033,0.00,0.000,12.8,17.8,2.0,152,10,14.1,21.0,2.1,156,10,12.8,17.8,2.0,152,10,10,29.59,,0,0,0,40.1,41.4,45.2,0.35,0.41,0.44
WATE,2015-12-01 08:05:00 EST,42.87966,-76.81255,478,42.2,42.4,35.5,86.3,38.4,0.000,0.033,0.00,0.000,12.4,17.8,2.1,151,9,13.5,20.6,2.5,155,9,12.4,17.8,2.1,151,9,12,29.60,,0,0,0,40.2,41.3,45.2,0.35,0.41,0.44
WATE,2015-12-01 08:10:00 EST,42.87966,-76.81255,478,42.3,42.5,34.8,85.6,38.3,0.000,0.033,0.00,0.000,14.9,21.8,2.7,145,8,16.0,22.8,2.6,147,9,14.9,21.8,2.7,145,8,14,29.59,,0,0,0,40.3,41.4,45.2,0.35,0.41,0.44
WATE,2015-12-01 08:15:00 EST,42.87966,-76.81255,478,42.3,42.5,34.3,85.0,38.1,0.000,0.033,0.00,0.000,16.9,21.3,2.5,147,8,17.7,22.1,2.4,149,9,16.9,21.3,2.5,147,8,18,29.59,,0,0,0,40.3,41.4,45.2,0.35,0.42,0.44
WATE,2015-12-01 08:20:00 EST,42.87966,-76.81255,478,42.3,42.5,34.7,85.4,38.3,0.000,0.033,0.00,0.000,15.3,19.1,2.0,147,6,16.4,21.3,2.2,149,7,15.3,19.1,2.0,147,6,20,29.59,,0,0,0,40.3,41.4,45.2,0.35,0.42,0.44
WATE,2015-12-01 08:25:00 EST,42.87966,-76.81255,478,42.4,42.6,35.1,85.4,38.4,0.000,0.033,0.00,0.000,14.6,20.2,2.6,148,6,15.3,21.5,2.8,150,6,14.6,20.2,2.6,148,6,20,29.59,,0,0,0,40.3,41.4,45.2,0.35,0.41,0.44
WATE,2015-12-01 08:30:00 EST,42.87966,-76.81255,478,42.5,42.7,35.1,85.5,38.5,0.000,0.033,0.00,0.000,14.7,18.8,2.1,151,9,15.5,20.4,2.3,154,9,14.7,18.8,2.1,151,9,20,29.59,,0,0,0,40.3,41.4,45.2,0.35,0.42,0.44
WATE,2015-12-01 08:35:00 EST,42.87966,-76.81255,478,42.4,42.6,35.1,85.9,38.5,0.000,0.033,0.00,0.000,14.4,18.3,1.8,150,9,15.0,20.4,1.9,151,8,14.4,18.3,1.8,150,9,21,29.59,,0,0,0,40.3,41.4,45.2,0.35,0.41,0.44
WATE,2015-12-01 08:40:00 EST,42.87966,-76.81255,478,42.4,42.5,35.2,86.6,38.7,0.000,0.033,0.00,0.000,14.0,18.9,2.2,147,11,14.8,20.8,2.3,149,11,14.0,18.9,2.2,147,11,21,29.59,,0,0,0,40.4,41.4,45.2,0.35,0.42,0.44
WATE,2015-12-01 08:45:00 EST,42.87966,-76.81255,478,42.3,42.4,35.7,87.5,38.9,0.000,0.033,0.00,0.000,12.0,16.1,1.7,146,8,12.8,17.7,1.9,147,8,12.0,16.1,1.7,146,8,23,29.59,,0,0,0,40.5,41.3,45.2,0.35,0.41,0.44
WATE,2015-12-01 08:50:00 EST,42.87966,-76.81255,478,42.3,42.3,36.3,88.0,39.0,0.000,0.033,0.00,0.000,10.6,15.6,1.8,147,10,11.3,15.9,1.9,150,10,10.6,15.6,1.8,147,10,27,29.58,,0,0,0,40.5,41.4,45.2,0.35,0.42,0.44
WATE,2015-12-01 08:55:00 EST,42.87966,-76.81255,478,42.3,42.4,35.9,88.0,39.0,0.000,0.033,0.00,0.000,11.7,17.0,1.8,139,11,12.8,18.3,1.9,139,11,11.7,17.0,1.8,139,11,28,29.58,,0,0,0,40.5,41.4,45.2,0.35,0.42,0.44
WATE,2015-12-01 09:00:00 EST,42.87966,-76.81255,478,42.4,42.5,35.9,87.7,39.0,0.000,0.033,0.00,0.000,12.0,17.0,2.1,139,7,13.1,18.6,2.2,140,7,12.0,17.0,2.1,139,7,27,29.58,,0,0,0,40.5,41.4,45.2,0.35,0.42,0.44
WATE,2015-12-01 09:05:00 EST,42.87966,-76.81255,478,42.5,42.6,36.3,87.5,39.0,0.000,0.033,0.00,0.000,11.2,16.5,2.3,145,8,11.9,18.1,2.5,147,8,11.2,16.5,2.3,145,8,27,29.59,,0,0,0,40.6,41.4,45.1,0.35,0.41,0.44
WATE,2015-12-01 09:10:00 EST,42.87966,-76.81255,478,42.6,42.7,35.7,87.0,39.0,0.000,0.033,0.00,0.000,13.4,17.3,1.6,144,9,14.5,18.8,1.9,146,9,13.4,17.3,1.6,144,9,26,29.59,,0,0,0,40.6,41.4,45.2,0.35,0.41,0.44
WATE,2015-12-01 09:15:00 EST,42.87966,-76.81255,478,42.7,42.8,35.7,86.6,39.0,0.000,0.033,0.00,0.000,13.5,17.5,1.9,145,9,14.5,19.2,1.9,146,8,13.5,17.5,1.9,145,9,27,29.59,,0,0,0,40.6,41.4,45.2,0.35,0.41,0.44
WATE,2015-12-01 09:20:00 EST,42.87966,-76.81255,478,42.8,42.9,35.9,86.8,39.1,0.000,0.033,0.00,0.000,13.1,18.8,2.1,148,9,13.9,19.5,2.4,149,10,13.1,18.8,2.1,148,9,27,29.58,,0,0,0,40.6,41.4,45.2,0.35,0.41,0.44
WATE,2015-12-01 09:25:00 EST,42.87966,-76.81255,478,42.9,43.0,35.4,86.4,39.1,0.000,0.033,0.00,0.000,15.2,22.1,3.2,144,9,16.4,24.6,3.3,146,8,15.2,22.1,3.2,144,9,32,29.57,,0,0,0,40.7,41.4,45.2,0.35,0.42,0.44
WATE,2015-12-01 09:30:00 EST,42.87966,-76.81255,478,43.0,43.0,35.9,86.3,39.2,0.000,0.033,0.00,0.000,14.1,19.6,2.3,148,7,15.0,20.8,2.4,151,8,14.1,19.6,2.3,148,7,37,29.57,,0,0,0,40.8,41.4,45.2,0.35,0.42,0.44
WATE,2015-12-01 09:35:00 EST,42.87966,-76.81255,478,43.0,43.1,36.8,86.6,39.3,0.000,0.033,0.00,0.000,11.6,17.8,2.6,149,10,12.4,19.7,2.8,150,10,11.6,17.8,2.6,149,10,40,29.57,,0,0,0,40.8,41.4,45.2,0.35,0.41,0.44
WATE,2015-12-01 09:40:00 EST,42.87966,-76.81255,478,43.1,43.2,36.8,86.9,39.5,0.000,0.033,0.00,0.000,12.1,16.9,1.8,149,11,12.9,18.1,2.0,151,11,12.1,16.9,1.8,149,11,46,29.57,,0,0,0,40.8,41.4,45.2,0.35,0.41,0.44
WATE,2015-12-01 09:45:00 EST,42.87966,-76.81255,478,43.3,43.3,37.0,86.7,39.6,0.000,0.033,0.00,0.000,11.9,17.0,2.3,152,11,12.7,18.3,2.4,155,11,11.9,17.0,2.3,152,11,43,29.57,,0,0,0,40.8,41.4,45.2,0.35,0.42,0.44
WATE,2015-12-01 09:50:00 EST,42.87966,-76.81255,478,43.4,43.4,37.6,86.8,39.7,0.000,0.033,0.00,0.000,10.7,14.8,1.7,152,9,11.5,16.3,1.8,154,9,10.7,14.8,1.7,152,9,51,29.57,,0,0,0,40.9,41.4,45.1,0.35,0.41,0.44
WATE,2015-12-01 09:55:00 EST,42.87966,-76.81255,478,43.5,43.5,37.3,86.8,39.8,0.000,0.033,0.00,0.000,12.0,18.1,1.9,153,8,12.7,18.6,2.1,155,9,12.0,18.1,1.9,153,8,55,29.57,,0,0,0,41.0,41.4,45.1,0.35,0.42,0.44
WATE,2015-12-01 10:00:00 EST,42.87966,-76.81255,478,43.6,43.6,37.4,86.7,39.9,0.000,0.033,0.00,0.000,12.1,18.4,2.0,153,9,12.8,20.4,2.2,155,9,12.1,18.4,2.0,153,9,50,29.57,,0,0,0,41.0,41.4,45.1,0.35,0.41,0.44
WATE,2015-12-01 10:05:00 EST,42.87966,-76.81255,478,43.7,43.7,37.0,86.2,39.9,0.000,0.033,0.00,0.000,13.7,19.8,2.7,157,10,14.6,20.8,2.9,160,9,13.7,19.8,2.7,157,10,39,29.57,,0,0,0,41.0,41.4,45.1,0.35,0.42,0.44
WATE,2015-12-01 10:10:00 EST,42.87966,-76.81255,478,43.8,43.8,37.3,86.5,40.0,0.000,0.033,0.00,0.000,12.9,18.9,2.7,158,10,13.8,21.7,2.9,162,8,12.9,18.9,2.7,158,10,34,29.57,,0,0,0,41.0,41.4,45.2,0.35,0.42,0.44
WATE,2015-12-01 10:15:00 EST,42.87966,-76.81255,478,43.9,43.9,37.8,86.4,40.1,0.000,0.033,0.00,0.000,11.8,16.4,2.1,154,10,12.5,17.2,2.2,157,10,11.8,16.4,2.1,154,10,33,29.56,,0,0,0,41.1,41.5,45.1,0.35,0.41,0.44
WATE,2015-12-01 10:20:00 EST,42.87966,-76.81255,478,43.9,44.0,37.9,86.4,40.1,0.000,0.033,0.00,0.000,11.5,17.6,1.9,155,11,12.3,19.7,2.1,156,10,11.5,17.6,1.9,155,11,32,29.56,,0,0,0,41.2,41.5,45.1,0.35,0.42,0.44
WATE,2015-12-01 10:25:00 EST,42.87966,-76.81255,478,44.0,44.1,37.2,86.3,40.2,0.000,0.033,0.00,0.000,14.1,19.7,2.1,152,10,14.9,19.7,2.3,154,10,14.1,19.7,2.1,152,10,32,29.56,,0,0,0,41.2,41.5,45.1,0.35,0.42,0.44
WATE,2015-12-01 10:30:00 EST,42.87966,-76.81255,478,44.2,44.3,37.1,85.9,40.2,0.000,0.033,0.00,0.000,15.5,20.8,2.2,153,9,16.3,21.9,2.3,155,8,15.5,20.8,2.2,153,9,40,29.55,,0,0,0,41.2,41.5,45.1,0.35,0.41,0.44
WATE,2015-12-01 10:35:00 EST,42.87966,-76.81255,478,44.3,44.4,37.8,86.0,40.4,0.000,0.033,0.00,0.000,13.7,19.7,2.6,151,9,14.4,21.3,2.7,153,9,13.7,19.7,2.6,151,9,44,29.55,,0,0,0,41.4,41.5,45.1,0.35,0.42,0.44
WATE,2015-12-01 10:40:00 EST,42.87966,-76.81255,478,44.5,44.6,38.2,86.0,40.6,0.000,0.033,0.00,0.000,13.0,18.0,2.1,154,9,13.8,20.6,2.5,156,9,13.0,18.0,2.1,154,9,60,29.55,,0,0,0,41.4,41.5,45.1,0.35,0.42,0.44
WATE,2015-12-01 10:45:00 EST,42.87966,-76.81255,478,44.8,44.8,39.3,86.0,40.9,0.000,0.033,0.00,0.000,10.8,15.8,2.0,153,12,11.7,17.9,2.1,155,11,10.8,15.8,2.0,153,12,74,29.55,,0,0,0,41.4,41.5,45.1,0.35,0.42,0.44
WATE,2015-12-01 10:50:00 EST,42.87966,-76.81255,478,45.0,45.0,38.4,85.1,40.8,0.000,0.033,0.00,0.000,14.5,23.1,3.3,155,9,15.4,25.3,3.2,157,9,14.5,23.1,3.3,155,9,64,29.55,,0,0,0,41.4,41.5,45.1,0.35,0.42,0.44
WATE,2015-12-01 10:55:00 EST,42.87966,-76.81255,478,45.2,45.2,38.7,84.5,40.8,0.000,0.033,0.00,0.000,14.2,20.8,2.7,158,11,15.0,22.4,3.1,160,10,14.2,20.8,2.7,158,11,49,29.54,,0,0,0,41.5,41.5,45.1,0.35,0.42,0.44
WATE,2015-12-01 11:00:00 EST,42.87966,-76.81255,478,45.2,45.2,39.8,85.0,41.0,0.000,0.033,0.00,0.000,10.8,15.9,1.7,159,11,11.6,17.2,1.9,161,10,10.8,15.9,1.7,159,11,53,29.54,,0,0,0,41.5,41.5,45.1,0.35,0.42,0.44
WATE,2015-12-01 11:05:00 EST,42.87966,-76.81255,478,45.3,45.3,39.0,84.9,41.1,0.000,0.033,0.00,0.000,13.7,19.3,2.7,158,10,14.6,19.7,2.7,161,9,13.7,19.3,2.7,158,10,68,29.54,,0,0,0,41.5,41.5,45.1,0.35,0.42,0.44
WATE,2015-12-01 11:10:00 EST,42.87966,-76.81255,478,45.4,45.4,39.0,85.2,41.2,0.000,0.033,0.00,0.000,14.1,22.1,3.2,154,9,14.9,23.5,3.3,158,9,14.1,22.1,3.2,154,9,88,29.54,,0,0,0,41.6,41.5,45.1,0.35,0.42,0.44
WATE,2015-12-01 11:15:00 EST,42.87966,-76.81255,478,45.4,45.3,38.8,86.3,41.5,0.000,0.033,0.00,0.000,14.6,23.5,3.7,158,10,15.5,24.6,3.7,160,9,14.6,23.5,3.7,158,10,88,29.53,,0,0,0,41.7,41.5,45.1,0.35,0.41,0.44
WATE,2015-12-01 11:20:00 EST,42.87966,-76.81255,478,45.2,45.2,39.0,87.6,41.8,0.000,0.033,0.00,0.000,13.5,20.9,2.7,158,8,14.3,21.5,2.8,159,9,13.5,20.9,2.7,158,8,72,29.53,,0,0,0,41.7,41.6,45.1,0.35,0.42,0.44
WATE,2015-12-01 11:25:00 EST,42.87966,-76.81255,478,45.2,45.1,38.5,88.2,41.9,0.000,0.033,0.00,0.000,14.9,20.9,3.3,157,10,15.5,23.0,3.6,160,9,14.9,20.9,3.3,157,10,67,29.52,,0,0,0,41.7,41.5,45.1,0.35,0.42,0.44
WATE,2015-12-01 11:30:00 EST,42.87966,-76.81255,478,45.2,45.1,38.8,88.8,42.1,0.000,0.033,0.00,0.000,13.9,20.5,2.8,162,10,15.3,23.0,3.3,165,9,13.9,20.5,2.8,162,10,73,29.52,,0,0,0,41.9,41.5,45.1,0.35,0.41,0.44
WATE,2015-12-01 11:35:00 EST,42.87966,-76.81255,478,45.3,45.2,38.7,88.9,42.2,0.000,0.033,0.00,0.000,14.6,22.2,3.0,160,11,16.2,25.3,3.4,164,9,14.6,22.2,3.0,160,11,75,29.52,,0,0,0,41.9,41.6,45.1,0.35,0.41,0.44
WATE,2015-12-01 11:40:00 EST,42.87966,-76.81255,478,45.4,45.3,38.6,88.8,42.3,0.002,0.035,0.00,0.002,15.6,24.5,3.2,158,11,17.0,27.1,3.4,161,11,15.6,24.5,3.2,158,11,67,29.51,,0,0,0,42.0,41.6,45.1,0.35,0.42,0.44
WATE,2015-12-01 11:45:00 EST,42.87966,-76.81255,478,45.4,45.4,38.9,88.8,42.3,0.000,0.035,0.00,0.002,14.6,22.0,2.5,158,11,16.1,23.3,2.7,163,10,14.6,22.0,2.5,158,11,59,29.51,,0,0,0,42.1,41.6,45.1,0.35,0.41,0.44
WATE,2015-12-01 11:50:00 EST,42.87966,-76.81255,478,45.6,45.5,39.3,88.4,42.3,0.000,0.035,0.00,0.002,13.9,22.2,2.5,159,12,15.2,21.7,2.6,164,12,13.9,22.2,2.5,159,12,48,29.51,,0,0,0,42.1,41.6,45.1,0.35,0.42,0.44
WATE,2015-12-01 11:55:00 EST,42.87966,-76.81255,478,45.7,45.7,39.3,87.8,42.3,0.000,0.035,0.00,0.002,14.5,21.3,3.1,162,11,16.0,25.5,3.6,166,10,14.5,21.3,3.1,162,11,48,29.50,,0,0,0,42.1,41.7,45.1,0.35,0.42,0.44
WATE,2015-12-01 12:00:00 EST,42.87966,-76.81255,478,45.8,45.8,39.7,87.2,42.3,0.000,0.035,0.00,0.002,13.7,19.2,2.4,159,11,15.1,22.8,2.8,162,10,13.7,19.2,2.4,159,11,44,29.50,,0,0,0,42.2,41.7,45.1,0.35,0.41,0.44
WATE,2015-12-01 12:05:00 EST,42.87966,-76.81255,478,45.9,46.0,40.0,87.3,42.4,0.000,0.035,0.00,0.002,13.1,19.9,3.0,162,11,14.7,22.4,3.4,165,9,13.1,19.9,3.0,162,11,48,29.49,,0,0,0,42.3,41.7,45.1,0.35,0.42,0.44
WATE,2015-12-01 12:10:00 EST,42.87966,-76.81255,478,46.1,46.2,39.6,86.3,42.3,0.000,0.035,0.00,0.002,15.2,22.6,2.8,156,11,16.8,26.2,3.3,160,9,15.2,22.6,2.8,156,11,50,29.49,,0,0,0,42.3,41.7,45.1,0.35,0.42,0.44
WATE,2015-12-01 12:15:00 EST,42.87966,-76.81255,478,46.2,46.3,40.2,86.1,42.3,0.000,0.035,0.00,0.002,13.6,20.2,2.7,156,11,14.8,22.1,2.8,160,10,13.6,20.2,2.7,156,11,40,29.49,,0,0,0,42.3,41.7,45.1,0.35,0.42,0.44
WATE,2015-12-01 12:20:00 EST,42.87966,-76.81255,478,46.3,46.4,39.4,85.8,42.3,0.000,0.035,0.00,0.002,17.0,23.4,2.7,155,10,18.6,26.4,3.1,158,9,17.0,23.4,2.7,155,10,51,29.49,,0,0,0,42.4,41.7,45.1,0.35,0.42,0.44
WATE,2015-12-01 12:25:00 EST,42.87966,-76.81255,478,46.4,46.4,40.0,85.7,42.4,0.000,0.035,0.00,0.002,15.4,21.2,2.3,156,10,16.8,22.8,2.5,159,9,15.4,21.2,2.3,156,10,59,29.48,,0,0,0,42.4,41.7,45.1,0.35,0.42,0.44
WATE,2015-12-01 12:30:00 EST,42.87966,-76.81255,478,46.6,46.6,40.1,85.2,42.4,0.000,0.035,0.00,0.002,15.4,22.7,3.0,159,10,17.1,25.5,3.3,163,9,15.4,22.7,3.0,159,10,46,29.48,,0,0,0,42.4,41.7,45.1,0.35,0.42,0.44
WATE,2015-12-01 12:35:00 EST,42.87966,-76.81255,478,46.6,46.7,40.3,85.3,42.4,0.000,0.035,0.00,0.002,15.0,22.1,2.6,158,12,16.7,24.6,3.1,161,12,15.0,22.1,2.6,158,12,53,29.47,,0,0,0,42.5,41.7,45.1,0.35,0.42,0.44
WATE,2015-12-01 12:40:00 EST,42.87966,-76.81255,478,46.8,46.8,40.8,85.1,42.5,0.000,0.035,0.00,0.000,14.1,22.4,2.9,156,9,15.3,24.8,3.2,160,7,14.1,22.4,2.9,156,9,74,29.47,,0,0,0,42.6,41.7,45.1,0.35,0.42,0.44
WATE,2015-12-01 12:45:00 EST,42.87966,-76.81255,478,46.9,46.9,40.5,85.0,42.7,0.000,0.035,0.00,0.000,16.0,20.3,2.1,154,10,17.3,23.0,2.4,158,9,16.0,20.3,2.1,154,10,87,29.46,,0,0,0,42.6,41.7,45.1,0.35,0.42,0.44
WATE,2015-12-01 12:50:00 EST,42.87966,-76.81255,478,47.0,47.0,40.2,84.9,42.7,0.000,0.035,0.00,0.000,17.7,23.5,2.7,153,9,18.9,26.4,2.9,155,9,17.7,23.5,2.7,153,9,96,29.45,,0,0,0,42.6,41.7,45.1,0.35,0.42,0.44
WATE,2015-12-01 12:55:00 EST,42.87966,-76.81255,478,47.2,47.2,40.4,84.7,42.8,0.000,0.035,0.00,0.000,17.8,25.1,3.1,157,9,19.2,27.7,3.5,160,8,17.8,25.1,3.1,157,9,95,29.45,,0,0,0,42.7,41.7,45.1,0.35,0.42,0.44
WATE,2015-12-01 13:00:00 EST,42.87966,-76.81255,478,47.3,47.3,41.1,84.5,42.9,0.000,0.035,0.00,0.000,15.2,21.6,2.7,162,11,16.6,26.6,3.2,165,10,15.2,21.6,2.7,162,11,89,29.45,,0,0,0,42.8,41.8,45.1,0.35,0.42,0.44
WATE,2015-12-01 13:05:00 EST,42.87966,-76.81255,478,47.4,47.4,40.7,84.5,43.0,0.000,0.035,0.00,0.000,17.3,26.5,3.2,158,10,18.4,29.1,3.5,161,10,17.3,26.5,3.2,158,10,86,29.45,,0,0,0,42.8,41.8,45.1,0.35,0.42,0.44
WATE,2015-12-01 13:10:00 EST,42.87966,-76.81255,478,47.4,47.4,40.6,84.4,43.0,0.000,0.035,0.00,0.000,18.1,24.2,2.4,157,10,18.9,26.6,2.7,162,9,18.1,24.2,2.4,157,10,76,29.45,,0,0,0,42.8,41.8,45.1,0.35,0.42,0.44
WATE,2015-12-01 13:15:00 EST,42.87966,-76.81255,478,47.5,47.5,40.5,84.3,43.0,0.000,0.035,0.00,0.000,19.0,25.3,3.2,156,7,20.0,26.6,3.5,159,8,19.0,25.3,3.2,156,7,73,29.45,,0,0,0,42.9,41.8,45.1,0.35,0.42,0.44
WATE,2015-12-01 13:20:00 EST,42.87966,-76.81255,478,47.5,47.5,41.0,84.3,43.0,0.000,0.035,0.00,0.000,17.1,27.3,3.8,162,11,18.0,30.0,4.4,164,10,17.1,27.3,3.8,162,11,71,29.45,,0,0,0,43.0,41.9,45.1,0.35,0.42,0.44
WATE,2015-12-01 13:25:00 EST,42.87966,-76.81255,478,47.6,47.6,41.6,84.1,43.1,0.000,0.035,0.00,0.000,14.9,20.5,2.3,165,11,16.1,22.6,2.7,167,10,14.9,20.5,2.3,165,11,75,29.45,,0,0,0,43.0,41.9,45.1,0.35,0.42,0.44
WATE,2015-12-01 13:30:00 EST,42.87966,-76.81255,478,47.7,47.6,42.0,84.3,43.2,0.000,0.035,0.00,0.000,13.8,21.3,3.0,164,11,14.9,21.9,3.2,167,10,13.8,21.3,3.0,164,11,76,29.45,,0,0,0,43.0,41.9,45.1,0.35,0.42,0.44
WATE,2015-12-01 13:35:00 EST,42.87966,-76.81255,478,47.7,47.7,41.7,84.6,43.3,0.000,0.035,0.00,0.000,15.1,23.5,2.8,166,10,16.3,26.4,3.0,169,8,15.1,23.5,2.8,166,10,72,29.45,,0,0,0,43.1,41.9,45.1,0.35,0.42,0.44
WATE,2015-12-01 13:40:00 EST,42.87966,-76.81255,478,47.8,47.7,41.7,84.5,43.3,0.000,0.035,0.00,0.000,15.3,23.1,2.9,165,10,16.5,25.1,3.1,168,8,15.3,23.1,2.9,165,10,65,29.45,,0,0,0,43.2,41.9,45.1,0.35,0.42,0.44
WATE,2015-12-01 13:45:00 EST,42.87966,-76.81255,478,47.8,47.7,42.6,84.6,43.4,0.000,0.035,0.00,0.000,12.2,18.6,2.5,171,10,13.1,20.6,2.9,173,8,12.2,18.6,2.5,171,10,51,29.45,,0,0,0,43.2,41.9,45.1,0.35,0.42,0.44
WATE,2015-12-01 13:50:00 EST,42.87966,-76.81255,478,47.8,47.8,42.4,84.5,43.4,0.000,0.035,0.00,0.000,13.0,17.3,2.0,172,12,13.9,21.3,2.4,175,10,13.0,17.3,2.0,172,12,40,29.45,,0,0,0,43.2,41.9,45.1,0.35,0.41,0.44
WATE,2015-12-01 13:55:00 EST,42.87966,-76.81255,478,47.8,47.8,42.8,84.9,43.5,0.000,0.035,0.00,0.000,11.6,18.0,2.3,172,10,12.5,19.5,2.5,174,8,11.6,18.0,2.3,172,10,45,29.45,,0,0,0,43.3,41.9,45.1,0.35,0.41,0.44
WATE,2015-12-01 14:00:00 EST,42.87966,-76.81255,478,47.9,47.9,42.2,85.2,43.6,0.000,0.035,0.00,0.000,13.9,17.9,2.1,175,9,14.8,18.8,2.2,179,8,13.9,17.9,2.1,175,9,57,29.44,,0,0,0,43.3,41.9,45.1,0.35,0.42,0.44
WATE,2015-12-01 14:05:00 EST,42.87966,-76.81255,478,48.0,48.0,42.4,84.9,43.7,0.000,0.035,0.00,0.000,13.8,19.9,2.2,173,9,14.8,21.3,2.5,175,7,13.8,19.9,2.2,173,9,64,29.44,,0,0,0,43.3,42.0,45.1,0.35,0.42,0.44
WATE,2015-12-01 14:10:00 EST,42.87966,-76.81255,478,48.1,48.1,42.5,84.7,43.7,0.000,0.035,0.00,0.000,13.7,18.4,2.4,177,8,14.5,20.4,2.7,178,7,13.7,18.4,2.4,177,8,64,29.43,,0,0,0,43.3,42.0,45.1,0.35,0.41,0.44
WATE,2015-12-01 14:15:00 EST,42.87966,-76.81255,478,48.2,48.2,42.9,84.6,43.8,0.000,0.035,0.00,0.000,12.7,17.0,1.8,178,9,13.6,20.4,2.0,180,8,12.7,17.0,1.8,178,9,64,29.43,,0,0,0,43.4,42.0,45.1,0.35,0.41,0.44
WATE,2015-12-01 14:20:00 EST,42.87966,-76.81255,478,48.3,48.3,43.3,84.3,43.8,0.000,0.035,0.00,0.000,12.0,16.9,2.0,178,9,13.1,20.4,2.3,181,8,12.0,16.9,2.0,178,9,55,29.43,,0,0,0,43.5,42.0,45.1,0.35,0.42,0.44
WATE,2015-12-01 14:25:00 EST,42.87966,-76.81255,478,48.4,48.4,43.4,84.3,43.9,0.000,0.035,0.00,0.000,11.8,17.3,2.5,179,10,12.8,18.8,2.5,183,8,11.8,17.3,2.5,179,10,39,29.43,,0,0,0,43.5,42.1,45.1,0.35,0.42,0.44
WATE,2015-12-01 14:30:00 EST,42.87966,-76.81255,478,48.5,48.5,43.6,84.1,43.9,0.000,0.035,0.00,0.000,11.5,17.5,2.5,182,10,12.5,20.4,2.9,184,9,11.5,17.5,2.5,182,10,31,29.43,,0,0,0,43.5,42.1,45.1,0.35,0.42,0.44
WATE,2015-12-01 14:35:00 EST,42.87966,-76.81255,478,48.6,48.6,44.2,83.9,43.9,0.000,0.035,0.00,0.000,10.2,15.8,2.3,183,8,11.2,17.9,2.4,185,7,10.2,15.8,2.3,183,8,21,29.43,,0,0,0,43.5,42.1,45.1,0.35,0.42,0.44
WATE,2015-12-01 14:40:00 EST,42.87966,-76.81255,478,48.7,48.8,44.0,83.4,43.9,0.000,0.035,0.00,0.000,11.3,19.4,2.5,182,12,12.2,21.0,2.8,184,11,11.3,19.4,2.5,182,12,19,29.44,,0,0,0,43.6,42.1,45.1,0.35,0.41,0.44
WATE,2015-12-01 14:45:00 EST,42.87966,-76.81255,478,48.6,48.7,44.0,84.0,44.0,0.000,0.035,0.00,0.000,11.0,17.0,2.8,179,11,11.9,20.6,3.1,181,10,11.0,17.0,2.8,179,11,19,29.44,,0,0,0,43.7,42.1,45.1,0.35,0.41,0.44
WATE,2015-12-01 14:50:00 EST,42.87966,-76.81255,478,48.4,48.6,44.0,85.7,44.4,0.000,0.035,0.00,0.000,10.2,17.2,1.9,176,10,10.8,19.2,2.2,179,9,10.2,17.2,1.9,176,10,22,29.44,,0,0,0,43.7,42.1,45.1,0.35,0.41,0.44
WATE,2015-12-01 14:55:00 EST,42.87966,-76.81255,478,48.5,48.6,44.4,86.0,44.5,0.000,0.035,0.00,0.000,9.1,13.5,1.7,178,11,9.8,14.3,1.8,181,8,9.1,13.5,1.7,178,11,22,29.44,,0,0,0,43.7,42.1,45.1,0.35,0.41,0.44
WATE,2015-12-01 15:00:00 EST,42.87966,-76.81255,478,48.4,48.5,44.6,87.0,44.7,0.007,0.043,0.00,0.007,8.4,11.8,1.5,174,10,9.3,14.3,1.8,177,8,8.4,11.8,1.5,174,10,26,29.43,,0,0,0,43.7,42.1,45.1,0.35,0.42,0.44
WATE,2015-12-01 15:05:00 EST,42.87966,-76.81255,478,48.3,48.4,44.1,88.2,45.0,0.002,0.044,0.00,0.009,9.7,13.3,1.8,169,10,11.1,15.9,2.3,172,9,9.7,13.3,1.8,169,10,27,29.43,,0,0,0,43.7,42.1,45.1,0.35,0.41,0.44
WATE,2015-12-01 15:10:00 EST,42.87966,-76.81255,478,48.3,48.4,44.3,88.7,45.1,0.000,0.044,0.00,0.009,8.9,14.4,2.5,169,11,10.2,16.8,2.9,172,9,8.9,14.4,2.5,169,11,27,29.43,,0,0,0,43.8,42.2,45.1,0.35,0.41,0.44
WATE,2015-12-01 15:15:00 EST,42.87966,-76.81255,478,48.4,48.5,44.0,88.7,45.2,0.000,0.044,0.00,0.009,10.1,14.2,2.0,172,11,11.4,17.0,2.5,176,8,10.1,14.2,2.0,172,11,26,29.43,,0,0,0,43.9,42.2,45.1,0.35,0.41,0.44
WATE,2015-12-01 15:20:00 EST,42.87966,-76.81255,478,48.5,48.6,44.0,88.3,45.2,0.000,0.044,0.00,0.009,10.6,16.5,2.6,167,11,12.1,19.5,3.1,171,10,10.6,16.5,2.6,167,11,31,29.43,,0,0,0,43.9,42.2,45.1,0.35,0.41,0.44
WATE,2015-12-01 15:25:00 EST,42.87966,-76.81255,478,48.6,48.7,43.5,88.0,45.2,0.000,0.044,0.00,0.009,12.5,17.6,2.2,167,11,14.2,20.4,2.7,170,11,12.5,17.6,2.2,167,11,38,29.43,,0,0,0,43.9,42.3,45.1,0.35,0.41,0.44
WATE,2015-12-01 15:30:00 EST,42.87966,-76.81255,478,48.6,48.7,43.6,88.4,45.3,0.000,0.044,0.00,0.009,12.0,18.0,2.3,160,10,13.6,21.3,2.6,164,9,12.0,18.0,2.3,160,10,36,29.42,,0,0,0,43.9,42.3,45.1,0.35,0.41,0.44
WATE,2015-12-01 15:35:00 EST,42.87966,-76.81255,478,48.6,48.7,43.2,88.6,45.4,0.000,0.044,0.00,0.009,13.6,19.8,2.6,162,9,15.3,22.8,3.0,166,9,13.6,19.8,2.6,162,9,31,29.42,,0,0,0,43.9,42.3,45.1,0.35,0.42,0.44
WATE,2015-12-01 15:40:00 EST,42.87966,-76.81255,478,48.6,48.7,44.0,88.7,45.4,0.000,0.044,0.00,0.009,10.9,16.0,1.8,164,11,12.2,18.3,2.1,168,10,10.9,16.0,1.8,164,11,26,29.42,,0,0,0,43.9,42.3,45.1,0.35,0.42,0.44
WATE,2015-12-01 15:45:00 EST,42.87966,-76.81255,478,48.7,48.8,43.6,88.6,45.5,0.000,0.044,0.00,0.009,12.5,17.5,2.3,160,11,14.1,19.2,2.7,165,10,12.5,17.5,2.3,160,11,22,29.42,,0,0,0,44.0,42.3,45.1,0.35,0.42,0.44
WATE,2015-12-01 15:50:00 EST,42.87966,-76.81255,478,48.7,48.8,43.4,88.6,45.5,0.000,0.044,0.00,0.009,13.3,21.0,2.6,161,10,14.8,22.6,2.7,165,8,13.3,21.0,2.6,161,10,21,29.42,,0,0,0,44.0,42.3,45.1,0.35,0.42,0.44
WATE,2015-12-01 15:55:00 EST,42.87966,-76.81255,478,48.7,48.8,42.8,88.6,45.5,0.000,0.044,0.00,0.009,16.0,21.7,2.6,160,9,17.7,23.0,2.8,162,9,16.0,21.7,2.6,160,9,15,29.42,,0,0,0,44.1,42.4,45.1,0.35,0.42,0.44
WATE,2015-12-01 16:00:00 EST,42.87966,-76.81255,478,48.8,48.9,42.9,88.3,45.5,0.000,0.044,0.00,0.002,15.6,25.2,3.6,161,11,16.9,26.8,4.0,164,9,15.6,25.2,3.6,161,11,13,29.42,,0,0,0,44.1,42.4,45.1,0.35,0.42,0.44
WATE,2015-12-01 16:05:00 EST,42.87966,-76.81255,478,48.7,48.8,43.7,88.8,45.5,0.000,0.044,0.00,0.000,12.3,18.3,2.5,163,11,13.6,21.3,3.0,165,10,12.3,18.3,2.5,163,11,16,29.42,,0,0,0,44.1,42.4,45.1,0.35,0.42,0.44
WATE,2015-12-01 16:10:00 EST,42.87966,-76.81255,478,48.7,48.7,43.8,89.1,45.6,0.000,0.044,0.00,0.000,11.9,17.5,2.6,162,13,12.8,20.6,2.8,165,11,11.9,17.5,2.6,162,13,14,29.42,,0,0,0,44.2,42.4,45.1,0.35,0.42,0.44
WATE,2015-12-01 16:15:00 EST,42.87966,-76.81255,478,48.6,48.7,43.7,89.4,45.6,0.000,0.044,0.00,0.000,11.8,15.9,2.5,169,13,13.1,18.8,3.0,172,11,11.8,15.9,2.5,169,13,9,29.42,,0,0,0,44.3,42.4,45.1,0.35,0.42,0.44
WATE,2015-12-01 16:20:00 EST,42.87966,-76.81255,478,48.6,48.7,43.5,89.5,45.7,0.000,0.044,0.00,0.000,12.6,18.4,2.2,167,12,13.9,20.1,2.8,171,11,12.6,18.4,2.2,167,12,4,29.43,,0,0,0,44.4,42.4,45.1,0.35,0.42,0.44
WATE,2015-12-01 16:25:00 EST,42.87966,-76.81255,478,48.5,48.6,43.7,89.7,45.7,0.000,0.044,0.00,0.000,11.8,17.1,2.1,169,13,12.9,20.8,2.5,172,11,11.8,17.1,2.1,169,13,3,29.43,,0,0,0,44.4,42.4,45.1,0.35,0.42,0.44
WATE,2015-12-01 16:30:00 EST,42.87966,-76.81255,478,48.4,48.6,43.4,90.3,45.7,0.000,0.044,0.00,0.000,12.1,17.2,2.5,165,14,13.2,19.9,2.8,168,13,12.1,17.2,2.5,165,14,2,29.42,,0,0,0,44.4,42.4,45.1,0.35,0.42,0.44
WATE,2015-12-01 16:35:00 EST,42.87966,-76.81255,478,48.5,48.6,43.1,90.4,45.8,0.000,0.044,0.00,0.000,13.5,21.7,2.8,165,10,14.9,24.2,3.1,169,9,13.5,21.7,2.8,165,10,1,29.42,,0,0,0,44.4,42.4,45.1,0.35,0.42,0.44
WATE,2015-12-01 16:40:00 EST,42.87966,-76.81255,478,48.5,48.6,43.2,90.3,45.8,0.000,0.044,0.00,0.000,13.2,20.9,2.7,168,10,14.5,23.5,3.4,171,8,13.2,20.9,2.7,168,10,1,29.42,,0,0,0,44.4,42.4,45.1,0.35,0.42,0.44
WATE,2015-12-01 16:45:00 EST,42.87966,-76.81255,478,48.5,48.6,43.3,90.2,45.8,0.000,0.044,0.00,0.000,12.8,18.6,2.4,166,11,14.1,20.8,2.8,170,11,12.8,18.6,2.4,166,11,0,29.42,,0,0,0,44.4,42.4,45.1,0.35,0.42,0.44
WATE,2015-12-01 16:50:00 EST,42.87966,-76.81255,478,48.4,48.5,43.4,90.4,45.8,0.000,0.044,0.00,0.000,12.3,16.8,1.8,167,10,13.2,19.2,2.1,170,9,12.3,16.8,1.8,167,10,0,29.42,,0,0,0,44.4,42.4,45.1,0.35,0.42,0.44
WATE,2015-12-01 16:55:00 EST,42.87966,-76.81255,478,48.4,48.5,43.2,90.6,45.8,0.000,0.044,0.00,0.000,12.8,17.5,2.2,162,11,14.0,19.9,2.4,165,10,12.8,17.5,2.2,162,11,0,29.42,,0,0,0,44.4,42.5,45.1,0.35,0.42,0.44
WATE,2015-12-01 17:00:00 EST,42.87966,-76.81255,478,48.4,48.5,42.8,90.9,45.8,0.000,0.044,0.00,0.000,14.2,22.1,2.8,165,9,15.6,25.3,3.3,167,9,14.2,22.1,2.8,165,9,0,29.41,,0,0,0,44.5,42.5,45.1,0.35,0.42,0.44
WATE,2015-12-01 17:05:00 EST,42.87966,-76.81255,478,48.4,48.5,42.4,90.6,45.8,0.000,0.044,0.00,0.000,15.8,22.1,2.9,161,11,17.1,25.1,3.4,164,9,15.8,22.1,2.9,161,11,0,29.41,,0,0,0,44.5,42.5,45.1,0.35,0.42,0.44
WATE,2015-12-01 17:10:00 EST,42.87966,-76.81255,478,48.3,48.4,43.1,91.1,45.8,0.000,0.044,0.00,0.000,12.4,17.6,2.2,166,13,13.7,18.6,2.5,168,12,12.4,17.6,2.2,166,13,0,29.41,,0,0,0,44.5,42.6,45.1,0.35,0.42,0.44
WATE,2015-12-01 17:15:00 EST,42.87966,-76.81255,478,48.3,48.4,43.0,91.0,45.8,0.000,0.044,0.00,0.000,13.0,20.0,2.3,161,10,14.1,24.2,2.8,163,9,13.0,20.0,2.3,161,10,0,29.40,,0,0,0,44.6,42.6,45.1,0.35,0.42,0.44
WATE,2015-12-01 17:20:00 EST,42.87966,-76.81255,478,48.4,48.5,42.7,90.6,45.8,0.000,0.044,0.00,0.000,14.6,20.7,2.6,159,10,15.8,22.1,2.8,162,9,14.6,20.7,2.6,159,10,0,29.40,,0,0,0,44.6,42.6,45.1,0.35,0.42,0.44
WATE,2015-12-01 17:25:00 EST,42.87966,-76.81255,478,48.5,48.6,43.1,90.0,45.7,0.000,0.044,0.00,0.000,13.5,19.8,2.5,161,13,14.6,21.7,2.9,166,12,13.5,19.8,2.5,161,13,0,29.40,,0,0,0,44.6,42.6,45.1,0.35,0.42,0.44
WATE,2015-12-01 17:30:00 EST,42.87966,-76.81255,478,48.5,48.7,43.5,89.3,45.5,0.000,0.044,0.00,0.000,12.3,20.3,2.7,159,12,13.3,23.0,3.0,163,11,12.3,20.3,2.7,159,12,0,29.40,,0,0,0,44.6,42.6,45.1,0.35,0.42,0.44
WATE,2015-12-01 17:35:00 EST,42.87966,-76.81255,478,48.7,48.8,43.9,88.6,45.4,0.000,0.044,0.00,0.000,11.3,20.5,3.1,158,13,12.3,21.7,3.3,161,13,11.3,20.5,3.1,158,13,0,29.40,,0,0,0,44.6,42.6,45.1,0.35,0.42,0.44
WATE,2015-12-01 17:40:00 EST,42.87966,-76.81255,478,48.9,49.0,43.5,87.3,45.3,0.000,0.044,0.00,0.000,13.7,22.8,4.0,164,13,14.8,25.5,4.3,167,11,13.7,22.8,4.0,164,13,0,29.40,,0,0,0,44.6,42.6,45.1,0.35,0.42,0.44
WATE,2015-12-01 17:45:00 EST,42.87966,-76.81255,478,49.0,49.1,43.1,86.8,45.2,0.000,0.044,0.00,0.000,16.1,25.1,3.0,162,13,17.3,27.5,3.1,166,11,16.1,25.1,3.0,162,13,0,29.40,,0,0,0,44.6,42.7,45.1,0.35,0.42,0.44
WATE,2015-12-01 17:50:00 EST,42.87966,-76.81255,478,48.9,49.0,43.2,86.9,45.2,0.000,0.044,0.00,0.000,15.2,23.2,2.9,165,11,16.5,25.9,3.3,168,9,15.2,23.2,2.9,165,11,0,29.40,,0,0,0,44.6,42.7,45.1,0.35,0.42,0.44
WATE,2015-12-01 17:55:00 EST,42.87966,-76.81255,478,48.8,48.9,43.7,87.5,45.2,0.000,0.044,0.00,0.000,12.7,19.9,3.0,163,10,13.8,22.6,3.3,166,10,12.7,19.9,3.0,163,10,0,29.40,,0,0,0,44.6,42.7,45.1,0.35,0.42,0.44
WATE,2015-12-01 18:00:00 EST,42.87966,-76.81255,478,48.7,48.8,43.3,88.0,45.3,0.000,0.044,0.00,0.000,13.7,21.3,3.3,166,12,15.0,23.7,3.8,170,9,13.7,21.3,3.3,166,12,0,29.40,,0,0,0,44.6,42.7,45.1,0.35,0.42,0.44
WATE,2015-12-01 18:05:00 EST,42.87966,-76.81255,478,48.7,48.8,42.5,87.8,45.3,0.000,0.044,0.00,0.000,16.9,25.8,3.3,172,12,18.2,28.0,3.5,175,11,16.9,25.8,3.3,172,12,0,29.40,,0,0,0,44.6,42.8,45.1,0.35,0.42,0.44
WATE,2015-12-01 18:10:00 EST,42.87966,-76.81255,478,48.7,48.8,42.6,87.9,45.3,0.000,0.044,0.00,0.000,16.6,24.0,2.9,167,10,17.6,26.2,3.5,170,9,16.6,24.0,2.9,167,10,0,29.40,,0,0,0,44.6,42.8,45.1,0.35,0.42,0.44
WATE,2015-12-01 18:15:00 EST,42.87966,-76.81255,478,48.7,48.8,42.7,87.8,45.3,0.000,0.044,0.00,0.000,16.3,25.5,3.8,168,10,17.7,28.2,4.1,171,9,16.3,25.5,3.8,168,10,0,29.40,,0,0,0,44.7,42.8,45.1,0.35,0.42,0.44
WATE,2015-12-01 18:20:00 EST,42.87966,-76.81255,478,48.7,48.8,42.6,87.8,45.2,0.000,0.044,0.00,0.000,16.3,22.2,2.9,166,11,17.6,24.4,3.2,170,10,16.3,22.2,2.9,166,11,0,29.40,,0,0,0,44.6,42.8,45.1,0.35,0.42,0.44
WATE,2015-12-01 18:25:00 EST,42.87966,-76.81255,478,48.7,48.8,42.3,87.9,45.2,0.000,0.044,0.00,0.000,17.7,26.8,3.3,170,10,19.0,28.4,3.7,172,9,17.7,26.8,3.3,170,10,0,29.40,,0,0,0,44.7,42.8,45.1,0.35,0.42,0.44
WATE,2015-12-01 18:30:00 EST,42.87966,-76.81255,478,48.7,48.8,42.6,87.9,45.2,0.000,0.044,0.00,0.000,16.3,22.8,3.1,172,10,17.3,24.2,3.4,174,10,16.3,22.8,3.1,172,10,0,29.40,,0,0,0,44.7,42.8,45.1,0.35,0.42,0.44
WATE,2015-12-01 18:35:00 EST,42.87966,-76.81255,478,48.7,48.8,42.9,87.6,45.1,0.000,0.044,0.00,0.000,15.1,20.8,2.5,172,9,16.1,23.0,2.9,175,8,15.1,20.8,2.5,172,9,0,29.39,,0,0,0,44.7,42.8,45.1,0.35,0.42,0.44
WATE,2015-12-01 18:40:00 EST,42.87966,-76.81255,478,48.7,48.9,42.5,87.3,45.1,0.000,0.044,0.00,0.000,17.3,24.5,3.1,170,9,18.5,28.0,3.4,173,7,17.3,24.5,3.1,170,9,0,29.39,,0,0,0,44.8,42.8,45.1,0.35,0.41,0.44
WATE,2015-12-01 18:45:00 EST,42.87966,-76.81255,478,48.8,49.0,42.2,86.6,45.0,0.000,0.044,0.00,0.000,19.3,28.6,3.1,170,11,20.6,32.0,3.7,172,9,19.3,28.6,3.1,170,11,0,29.39,,0,0,0,44.8,42.8,45.1,0.35,0.42,0.44
WATE,2015-12-01 18:50:00 EST,42.87966,-76.81255,478,48.9,49.0,42.3,86.2,44.9,0.000,0.044,0.00,0.000,18.8,26.0,3.1,170,10,20.2,28.0,3.7,172,8,18.8,26.0,3.1,170,10,0,29.39,,0,0,0,44.8,42.8,45.1,0.35,0.41,0.44
WATE,2015-12-01 18:55:00 EST,42.87966,-76.81255,478,48.8,48.9,42.7,86.3,44.9,0.000,0.044,0.00,0.000,16.6,22.8,3.0,169,12,17.6,25.7,3.4,172,8,16.6,22.8,3.0,169,12,0,29.38,,0,0,0,44.8,42.8,45.1,0.35,0.41,0.44
WATE,2015-12-01 19:00:00 EST,42.87966,-76.81255,478,48.8,48.9,42.7,86.1,44.8,0.000,0.044,0.00,0.000,16.5,25.5,3.1,169,11,17.7,29.5,3.6,172,9,16.5,25.5,3.1,169,11,0,29.38,,0,0,0,44.8,42.9,45.1,0.35,0.41,0.44
WATE,2015-12-01 19:05:00 EST,42.87966,-76.81255,478,48.7,48.9,42.9,86.0,44.7,0.000,0.044,0.00,0.000,15.5,25.9,3.6,170,10,16.7,28.6,4.1,171,8,15.5,25.9,3.6,170,10,0,29.38,,0,0,0,44.8,42.9,45.1,0.35,0.42,0.44
WATE,2015-12-01 19:10:00 EST,42.87966,-76.81255,478,48.6,48.8,42.9,86.3,44.7,0.000,0.044,0.00,0.000,14.8,22.0,2.6,167,10,16.0,25.3,2.9,171,9,14.8,22.0,2.6,167,10,0,29.38,,0,0,0,44.8,42.9,45.1,0.35,0.41,0.44
WATE,2015-12-01 19:15:00 EST,42.87966,-76.81255,478,48.7,48.9,42.5,85.7,44.7,0.000,0.044,0.00,0.000,17.1,25.9,3.9,169,11,18.5,28.4,4.3,172,8,17.1,25.9,3.9,169,11,0,29.38,,0,0,0,44.8,43.0,45.1,0.35,0.41,0.44
WATE,2015-12-01 19:20:00 EST,42.87966,-76.81255,478,48.8,48.9,42.7,85.6,44.7,0.000,0.044,0.00,0.000,16.5,22.7,2.5,173,9,18.0,25.9,3.0,175,7,16.5,22.7,2.5,173,9,0,29.38,,0,0,0,44.8,43.0,45.1,0.35,0.42,0.44
WATE,2015-12-01 19:25:00 EST,42.87966,-76.81255,478,48.8,48.9,42.9,85.6,44.7,0.000,0.044,0.00,0.000,16.0,22.2,2.2,172,10,17.3,23.9,2.7,174,8,16.0,22.2,2.2,172,10,0,29.38,,0,0,0,44.8,43.0,45.1,0.35,0.41,0.44
WATE,2015-12-01 19:30:00 EST,42.87966,-76.81255,478,48.8,48.9,43.0,85.5,44.6,0.000,0.044,0.00,0.000,15.5,22.8,2.9,167,12,16.4,24.2,3.3,170,9,15.5,22.8,2.9,167,12,0,29.38,,0,0,0,44.8,43.0,45.1,0.35,0.41,0.44
WATE,2015-12-01 19:35:00 EST,42.87966,-76.81255,478,48.8,49.0,42.9,85.3,44.6,0.000,0.044,0.00,0.000,15.7,25.0,3.5,171,12,17.0,29.3,4.2,174,10,15.7,25.0,3.5,171,12,0,29.38,,0,0,0,44.8,43.0,45.1,0.35,0.41,0.44
WATE,2015-12-01 19:40:00 EST,42.87966,-76.81255,478,48.7,48.9,42.8,85.5,44.6,0.000,0.044,0.00,0.000,15.7,21.3,2.7,170,10,16.8,22.6,3.2,172,9,15.7,21.3,2.7,170,10,0,29.38,,0,0,0,44.8,43.0,45.1,0.35,0.42,0.44
WATE,2015-12-01 19:45:00 EST,42.87966,-76.81255,478,48.8,48.9,42.8,85.4,44.6,0.000,0.044,0.00,0.000,16.2,23.3,3.0,169,11,17.3,26.2,3.6,172,10,16.2,23.3,3.0,169,11,0,29.38,,0,0,0,44.8,43.0,45.1,0.35,0.41,0.44
WATE,2015-12-01 19:50:00 EST,42.87966,-76.81255,478,48.7,48.9,42.9,85.5,44.5,0.000,0.044,0.00,0.000,15.1,22.1,2.9,170,10,16.2,23.3,3.3,173,8,15.1,22.1,2.9,170,10,0,29.38,,0,0,0,44.8,43.0,45.1,0.35,0.41,0.44
WATE,2015-12-01 19:55:00 EST,42.87966,-76.81255,478,48.9,49.0,42.7,85.2,44.6,0.000,0.044,0.00,0.000,17.2,23.8,2.7,169,9,18.3,26.8,3.1,172,7,17.2,23.8,2.7,169,9,0,29.38,,0,0,0,44.8,43.0,45.1,0.35,0.41,0.44
WATE,2015-12-01 20:00:00 EST,42.87966,-76.81255,478,48.9,49.0,42.9,85.1,44.6,0.000,0.044,0.00,0.000,16.3,22.4,2.8,168,12,17.6,24.6,3.2,170,10,16.3,22.4,2.8,168,12,0,29.38,,0,0,0,44.8,43.0,45.1,0.35,0.41,0.44
WATE,2015-12-01 20:05:00 EST,42.87966,-76.81255,478,48.8,49.0,42.8,85.2,44.6,0.000,0.044,0.00,0.000,16.3,23.9,2.8,167,9,17.5,26.8,3.1,169,9,16.3,23.9,2.8,167,9,0,29.38,,0,0,0,44.8,43.1,45.1,0.35,0.42,0.44
WATE,2015-12-01 20:10:00 EST,42.87966,-76.81255,478,48.8,49.0,42.5,85.1,44.6,0.000,0.044,0.00,0.000,18.0,25.1,2.9,165,9,19.3,27.5,3.2,167,7,18.0,25.1,2.9,165,9,0,29.38,,0,0,0,44.8,43.1,45.1,0.35,0.41,0.44
WATE,2015-12-01 20:15:00 EST,42.87966,-76.81255,478,48.8,48.9,42.8,85.2,44.6,0.000,0.044,0.00,0.000,16.2,23.3,3.2,167,12,17.4,26.4,3.6,170,11,16.2,23.3,3.2,167,12,0,29.38,,0,0,0,44.8,43.1,45.1,0.35,0.41,0.44
WATE,2015-12-01 20:20:00 EST,42.87966,-76.81255,478,48.8,49.0,42.7,85.1,44.6,0.000,0.044,0.00,0.000,16.7,24.3,2.7,165,10,18.0,26.4,3.1,169,9,16.7,24.3,2.7,165,10,0,29.37,,0,0,0,44.8,43.2,45.1,0.35,0.41,0.44
WATE,2015-12-01 20:25:00 EST,42.87966,-76.81255,478,48.9,49.0,42.4,84.9,44.6,0.000,0.044,0.00,0.000,18.9,27.2,3.0,165,10,20.4,30.4,3.4,169,8,18.9,27.2,3.0,165,10,0,29.37,,0,0,0,44.9,43.1,45.1,0.35,0.41,0.44
WATE,2015-12-01 20:30:00 EST,42.87966,-76.81255,478,48.8,49.0,42.4,85.3,44.6,0.000,0.044,0.00,0.000,18.1,25.6,3.7,168,9,19.3,28.2,3.9,171,8,18.1,25.6,3.7,168,9,0,29.37,,0,0,0,44.9,43.1,45.1,0.35,0.41,0.44
WATE,2015-12-01 20:35:00 EST,42.87966,-76.81255,478,48.8,48.9,42.5,85.1,44.6,0.000,0.044,0.00,0.000,18.0,25.8,3.2,164,9,19.0,28.9,3.6,165,9,18.0,25.8,3.2,164,9,0,29.37,,0,0,0,44.9,43.2,45.1,0.35,0.41,0.44
WATE,2015-12-01 20:40:00 EST,42.87966,-76.81255,478,48.9,49.0,42.1,85.2,44.6,0.000,0.044,0.00,0.000,19.9,29.0,3.4,163,9,21.3,31.8,3.9,164,8,19.9,29.0,3.4,163,9,0,29.36,,0,0,0,45.0,43.2,45.1,0.35,0.41,0.44
WATE,2015-12-01 20:45:00 EST,42.87966,-76.81255,478,48.8,48.9,42.6,85.3,44.6,0.000,0.044,0.00,0.000,17.4,23.8,2.5,159,10,18.4,25.5,3.0,163,9,17.4,23.8,2.5,159,10,0,29.36,,0,0,0,44.9,43.2,45.1,0.35,0.41,0.44
WATE,2015-12-01 20:50:00 EST,42.87966,-76.81255,478,48.9,49.0,42.5,85.2,44.6,0.000,0.044,0.00,0.000,18.2,27.4,3.7,165,11,19.5,31.1,3.9,168,9,18.2,27.4,3.7,165,11,0,29.36,,0,0,0,45.0,43.2,45.1,0.35,0.41,0.44
WATE,2015-12-01 20:55:00 EST,42.87966,-76.81255,478,48.9,49.0,42.9,85.1,44.6,0.000,0.044,0.00,0.000,16.4,24.2,2.7,167,11,17.6,26.2,3.2,169,9,16.4,24.2,2.7,167,11,0,29.36,,0,0,0,45.0,43.2,45.1,0.35,0.42,0.44
WATE,2015-12-01 21:00:00 EST,42.87966,-76.81255,478,48.8,48.9,42.9,85.4,44.6,0.000,0.044,0.00,0.000,15.8,23.5,3.4,168,11,17.1,25.5,3.5,172,9,15.8,23.5,3.4,168,11,0,29.36,,0,0,0,45.0,43.2,45.1,0.35,0.41,0.44
WATE,2015-12-01 21:05:00 EST,42.87966,-76.81255,478,48.5,48.6,42.5,86.7,44.7,0.000,0.044,0.00,0.000,16.2,26.2,3.4,170,9,17.7,29.1,3.9,171,9,16.2,26.2,3.4,170,9,0,29.36,,0,0,0,45.0,43.2,45.1,0.35,0.41,0.44
WATE,2015-12-01 21:10:00 EST,42.87966,-76.81255,478,48.2,48.3,42.2,88.4,45.0,0.003,0.048,0.28,0.003,16.0,26.5,3.6,166,11,18.0,25.1,3.9,170,9,16.0,26.5,3.6,166,11,0,29.36,,0,0,0,45.0,43.2,45.1,0.35,0.41,0.44
WATE,2015-12-01 21:15:00 EST,42.87966,-76.81255,478,48.1,48.2,41.6,89.0,45.1,0.002,0.049,0.00,0.005,17.8,26.7,3.2,168,10,19.9,30.0,3.7,170,8,17.8,26.7,3.2,168,10,0,29.36,,0,0,0,45.0,43.2,45.1,0.35,0.41,0.44
WATE,2015-12-01 21:20:00 EST,42.87966,-76.81255,478,48.1,48.1,41.9,89.6,45.2,0.001,0.050,0.00,0.006,16.3,22.2,2.4,163,10,18.2,25.1,2.9,166,9,16.3,22.2,2.4,163,10,0,29.36,,0,0,0,45.0,43.2,45.1,0.35,0.42,0.44
WATE,2015-12-01 21:25:00 EST,42.87966,-76.81255,478,48.0,48.1,41.9,89.7,45.2,0.000,0.050,0.00,0.006,15.8,23.5,2.9,160,9,17.8,25.5,3.2,164,7,15.8,23.5,2.9,160,9,0,29.35,,0,0,0,45.0,43.3,45.1,0.35,0.42,0.44
WATE,2015-12-01 21:30:00 EST,42.87966,-76.81255,478,48.1,48.1,42.0,89.5,45.1,0.000,0.050,0.00,0.006,15.8,22.5,2.8,160,10,17.3,24.8,3.1,165,10,15.8,22.5,2.8,160,10,0,29.35,,0,0,0,45.0,43.3,45.1,0.35,0.42,0.44
WATE,2015-12-01 21:35:00 EST,42.87966,-76.81255,478,48.1,48.2,42.7,89.3,45.1,0.000,0.050,0.00,0.006,13.1,18.6,2.1,165,11,14.8,21.5,2.6,168,10,13.1,18.6,2.1,165,11,0,29.35,,0,0,0,45.1,43.3,45.1,0.35,0.42,0.44
WATE,2015-12-01 21:40:00 EST,42.87966,-76.81255,478,48.2,48.3,42.1,88.5,45.0,0.000,0.050,0.00,0.006,16.3,24.0,3.3,165,12,17.9,26.4,3.6,169,10,16.3,24.0,3.3,165,12,0,29.36,,0,0,0,45.1,43.3,45.1,0.35,0.42,0.44
WATE,2015-12-01 21:45:00 EST,42.87966,-76.81255,478,48.2,48.4,42.2,88.3,45.0,0.000,0.050,0.00,0.006,15.9,22.3,3.0,165,11,17.6,25.7,3.4,167,10,15.9,22.3,3.0,165,11,0,29.35,,0,0,0,45.1,43.3,45.1,0.35,0.42,0.44
WATE,2015-12-01 21:50:00 EST,42.87966,-76.81255,478,48.3,48.5,42.4,87.9,44.9,0.000,0.050,0.00,0.006,15.4,20.8,2.3,165,11,17.2,25.1,2.8,168,10,15.4,20.8,2.3,165,11,0,29.35,,0,0,0,45.1,43.3,45.1,0.35,0.42,0.44
WATE,2015-12-01 21:55:00 EST,42.87966,-76.81255,478,48.4,48.5,43.3,87.5,44.9,0.000,0.050,0.00,0.006,12.5,20.6,2.8,165,13,14.0,22.8,3.3,169,10,12.5,20.6,2.8,165,13,0,29.36,,0,0,0,45.1,43.3,45.1,0.35,0.42,0.44
WATE,2015-12-01 22:00:00 EST,42.87966,-76.81255,478,48.5,48.6,42.7,87.3,44.9,0.000,0.050,0.00,0.006,15.1,22.6,3.0,166,11,16.9,25.7,3.5,170,10,15.1,22.6,3.0,166,11,0,29.35,,0,0,0,45.1,43.3,45.1,0.35,0.42,0.44
WATE,2015-12-01 22:05:00 EST,42.87966,-76.81255,478,48.4,48.6,42.7,87.2,44.8,0.000,0.050,0.00,0.006,14.8,23.8,3.4,166,12,16.4,26.4,3.7,168,11,14.8,23.8,3.4,166,12,0,29.35,,0,0,0,45.1,43.3,45.1,0.35,0.42,0.44
WATE,2015-12-01 22:10:00 EST,42.87966,-76.81255,478,48.2,48.3,42.8,88.1,44.9,0.000,0.050,0.00,0.002,13.3,21.0,2.9,166,11,14.9,24.8,3.6,170,10,13.3,21.0,2.9,166,11,0,29.35,,0,0,0,45.1,43.3,45.1,0.35,0.42,0.44
WATE,2015-12-01 22:15:00 EST,42.87966,-76.81255,478,48.0,48.1,42.0,89.4,45.1,0.000,0.050,0.00,0.001,15.5,24.2,3.1,167,10,17.6,28.4,3.8,169,7,15.5,24.2,3.1,167,10,0,29.35,,0,0,0,45.1,43.4,45.1,0.35,0.42,0.44
WATE,2015-12-01 22:20:00 EST,42.87966,-76.81255,478,47.8,47.8,42.1,90.6,45.2,0.007,0.057,0.00,0.007,14.1,22.5,3.2,167,11,16.5,25.5,4.0,171,9,14.1,22.5,3.2,167,11,0,29.35,,0,0,0,45.1,43.4,45.1,0.35,0.42,0.44
WATE,2015-12-01 22:25:00 EST,42.87966,-76.81255,478,47.7,47.8,41.9,91.5,45.4,0.000,0.057,0.00,0.007,14.4,20.8,2.9,164,11,16.3,24.8,3.2,168,10,14.4,20.8,2.9,164,11,0,29.35,,0,0,0,45.1,43.4,45.1,0.35,0.42,0.44
WATE,2015-12-01 22:30:00 EST,42.87966,-76.81255,478,47.9,48.0,42.6,90.5,45.3,0.000,0.057,0.00,0.007,12.8,19.7,2.5,168,9,14.9,22.1,3.0,172,8,12.8,19.7,2.5,168,9,0,29.35,,0,0,0,45.1,43.4,45.1,0.35,0.42,0.44
WATE,2015-12-01 22:35:00 EST,42.87966,-76.81255,478,48.2,48.2,42.3,89.3,45.1,0.002,0.059,0.00,0.009,14.7,20.7,3.0,170,10,16.9,25.3,3.5,173,7,14.7,20.7,3.0,170,10,0,29.35,,0,0,0,45.1,43.5,45.1,0.35,0.42,0.44
WATE,2015-12-01 22:40:00 EST,42.87966,-76.81255,478,48.2,48.2,42.3,89.0,45.1,0.004,0.063,0.00,0.013,15.0,20.5,2.3,169,10,17.1,23.3,2.7,172,8,15.0,20.5,2.3,169,10,0,29.35,,0,0,0,45.1,43.5,45.1,0.35,0.42,0.44
WATE,2015-12-01 22:45:00 EST,42.87966,-76.81255,478,48.2,48.3,42.4,88.7,45.0,0.002,0.065,0.00,0.015,14.9,23.5,2.9,172,11,16.5,27.7,3.2,174,9,14.9,23.5,2.9,172,11,0,29.35,,0,0,0,45.1,43.5,45.1,0.35,0.42,0.44
WATE,2015-12-01 22:50:00 EST,42.87966,-76.81255,478,48.2,48.3,42.5,88.9,45.1,0.000,0.065,0.00,0.015,14.5,20.1,2.3,168,11,16.1,22.1,2.8,172,8,14.5,20.1,2.3,168,11,0,29.35,,0,0,0,45.1,43.5,45.1,0.35,0.42,0.44
WATE,2015-12-01 22:55:00 EST,42.87966,-76.81255,478,48.3,48.4,43.0,88.7,45.1,0.000,0.065,0.00,0.015,12.8,20.7,2.7,168,11,14.6,23.3,3.0,172,9,12.8,20.7,2.7,168,11,0,29.35,,0,0,0,45.1,43.5,45.1,0.35,0.42,0.44
WATE,2015-12-01 23:00:00 EST,42.87966,-76.81255,478,48.2,48.3,42.5,89.0,45.2,0.004,0.069,0.00,0.019,14.5,22.1,3.5,167,12,16.2,23.7,3.9,170,11,14.5,22.1,3.5,167,12,0,29.35,,0,0,0,45.1,43.5,45.1,0.35,0.42,0.44
WATE,2015-12-01 23:05:00 EST,42.87966,-76.81255,478,48.2,48.3,42.6,89.6,45.3,0.001,0.069,0.00,0.019,14.0,20.3,2.6,166,13,16.0,21.7,2.9,171,10,14.0,20.3,2.6,166,13,0,29.34,,0,0,0,45.2,43.5,45.1,0.35,0.42,0.44
WATE,2015-12-01 23:10:00 EST,42.87966,-76.81255,478,48.2,48.4,42.6,89.6,45.3,0.000,0.069,0.00,0.019,14.2,20.6,3.1,168,11,16.0,23.5,3.7,172,9,14.2,20.6,3.1,168,11,0,29.34,,0,0,0,45.2,43.5,45.1,0.35,0.42,0.44
WATE,2015-12-01 23:15:00 EST,42.87966,-76.81255,478,48.3,48.4,43.0,89.6,45.3,0.000,0.069,0.00,0.019,12.9,18.9,2.6,170,10,14.9,24.4,3.1,173,9,12.9,18.9,2.6,170,10,0,29.34,,0,0,0,45.3,43.5,45.1,0.35,0.42,0.44
WATE,2015-12-01 23:20:00 EST,42.87966,-76.81255,478,48.3,48.4,42.6,89.6,45.4,0.000,0.069,0.00,0.012,14.6,22.7,3.2,172,10,16.7,24.6,3.6,174,8,14.6,22.7,3.2,172,10,0,29.34,,0,0,0,45.3,43.5,45.1,0.35,0.42,0.44
WATE,2015-12-01 23:25:00 EST,42.87966,-76.81255,478,48.3,48.3,42.9,90.0,45.5,0.000,0.069,0.00,0.012,13.0,18.6,2.4,170,10,14.9,20.8,2.8,174,8,13.0,18.6,2.4,170,10,0,29.34,,0,0,0,45.3,43.5,45.1,0.35,0.42,0.44
WATE,2015-12-01 23:30:00 EST,42.87966,-76.81255,478,48.2,48.3,42.7,90.5,45.6,0.000,0.069,0.00,0.012,13.6,21.6,3.1,171,9,15.7,25.7,3.6,174,8,13.6,21.6,3.1,171,9,0,29.34,,0,0,0,45.3,43.5,45.1,0.35,0.42,0.44
WATE,2015-12-01 23:35:00 EST,42.87966,-76.81255,478,48.1,48.2,42.9,91.2,45.7,0.003,0.072,0.00,0.013,12.4,18.8,2.5,171,9,14.6,21.9,2.8,174,7,12.4,18.8,2.5,171,9,0,29.34,,0,0,0,45.3,43.5,45.2,0.35,0.42,0.44
WATE,2015-12-01 23:40:00 EST,42.87966,-76.81255,478,48.1,48.2,43.0,91.4,45.7,0.001,0.073,0.00,0.010,12.2,18.9,2.9,171,10,14.3,21.9,3.3,174,8,12.2,18.9,2.9,171,10,0,29.34,,0,0,0,45.3,43.5,45.1,0.35,0.42,0.44
WATE,2015-12-01 23:45:00 EST,42.87966,-76.81255,478,48.1,48.2,43.0,91.6,45.8,0.001,0.074,0.00,0.009,12.3,16.1,2.0,168,10,14.3,18.8,2.1,172,7,12.3,16.1,2.0,168,10,0,29.34,,0,0,0,45.3,43.5,45.1,0.35,0.42,0.44
WATE,2015-12-01 23:50:00 EST,42.87966,-76.81255,478,48.2,48.2,42.9,91.3,45.8,0.002,0.076,0.00,0.011,12.9,19.4,2.2,175,12,14.7,21.9,2.5,177,9,12.9,19.4,2.2,175,12,0,29.34,,0,0,0,45.3,43.5,45.1,0.35,0.42,0.44
WATE,2015-12-01 23:55:00 EST,42.87966,-76.81255,478,48.1,48.2,43.0,91.5,45.7,0.005,0.081,0.00,0.017,12.1,18.6,2.5,178,9,14.1,22.8,2.7,181,8,12.1,18.6,2.5,178,9,0,29.34,,0,0,0,45.3,43.5,45.1,0.35,0.42,0.44
WEST,2015-12-01 00:00:00 EST,43.10647,-75.46146,655,31.8,31.8,26.5,72.0,23.8,0.000,0.000,0.00,0.000,5.3,8.4,1.1,79,10,6.1,9.4,1.3,78,10,5.3,8.4,1.1,79,10,0,29.58,,0,0,0,37.3,42.3,44.6,0.31,0.31,0.29
WEST,2015-12-01 00:05:00 EST,43.10647,-75.46146,655,31.8,31.9,26.4,71.6,23.7,0.000,0.000,0.00,0.000,5.5,8.3,1.2,83,10,6.2,9.4,1.4,82,10,5.5,8.3,1.2,83,10,0,29.58,,0,0,0,37.3,42.3,44.5,0.31,0.31,0.29
WEST,2015-12-01 00:10:00 EST,43.10647,-75.46146,655,31.8,31.9,26.5,71.5,23.6,0.000,0.000,0.00,0.000,5.4,8.3,0.9,91,11,6.2,10.3,1.2,88,11,5.4,8.3,0.9,91,11,0,29.59,,0,0,0,37.3,42.3,44.6,0.32,0.31,0.29
WEST,2015-12-01 00:15:00 EST,43.10647,-75.46146,655,31.8,31.9,26.7,71.4,23.6,0.000,0.000,0.00,0.000,5.2,8.3,1.2,88,11,6.0,10.5,1.5,87,11,5.2,8.3,1.2,88,11,0,29.58,,0,0,0,37.3,42.2,44.5,0.32,0.31,0.29
WEST,2015-12-01 00:20:00 EST,43.10647,-75.46146,655,31.8,31.8,27.4,71.9,23.7,0.000,0.000,0.00,0.000,4.3,6.8,0.9,93,12,5.0,8.7,1.2,91,11,4.3,6.8,0.9,93,12,0,29.58,,0,0,0,37.3,42.3,44.6,0.33,0.31,0.29
WEST,2015-12-01 00:25:00 EST,43.10647,-75.46146,655,31.8,31.8,26.3,71.8,23.7,0.000,0.000,0.00,0.000,5.6,8.4,1.1,85,9,6.3,9.6,1.3,84,10,5.6,8.4,1.1,85,9,0,29.58,,0,0,0,37.3,42.2,44.5,0.32,0.31,0.29
WEST,2015-12-01 00:30:00 EST,43.10647,-75.46146,655,31.8,31.9,26.9,72.5,24.0,0.000,0.000,0.00,0.000,5.0,6.9,0.8,81,9,5.7,7.8,0.9,80,8,5.0,6.9,0.8,81,9,0,29.58,,0,0,0,37.3,42.2,44.5,0.31,0.31,0.29
WEST,2015-12-01 00:35:00 EST,43.10647,-75.46146,655,31.9,31.9,27.5,72.3,24.0,0.000,0.000,0.00,0.000,4.4,6.3,0.9,86,10,5.0,7.4,1.1,85,10,4.4,6.3,0.9,86,10,0,29.58,,0,0,0,37.3,42.3,44.5,0.31,0.31,0.29
WEST,2015-12-01 00:40:00 EST,43.10647,-75.46146,655,31.9,32.0,27.7,72.4,24.1,0.000,0.000,0.00,0.000,4.3,6.6,1.0,87,10,4.8,7.8,1.1,86,10,4.3,6.6,1.0,87,10,0,29.58,,0,0,0,37.2,42.2,44.5,0.31,0.31,0.29
WEST,2015-12-01 00:45:00 EST,43.10647,-75.46146,655,32.0,32.1,26.6,72.5,24.2,0.000,0.000,0.00,0.000,5.5,8.7,1.3,87,9,6.2,9.6,1.4,86,9,5.5,8.7,1.3,87,9,0,29.58,,0,0,0,37.3,42.2,44.5,0.31,0.31,0.29
WEST,2015-12-01 00:50:00 EST,43.10647,-75.46146,655,32.1,32.2,25.9,72.0,24.1,0.000,0.000,0.00,0.000,6.5,10.0,1.2,83,9,7.3,11.2,1.5,83,8,6.5,10.0,1.2,83,9,0,29.57,,0,0,0,37.3,42.3,44.5,0.31,0.31,0.29
WEST,2015-12-01 00:55:00 EST,43.10647,-75.46146,655,32.1,32.2,25.9,71.7,24.1,0.000,0.000,0.00,0.000,6.7,9.3,1.1,90,11,7.5,11.4,1.5,89,10,6.7,9.3,1.1,90,11,0,29.57,,0,0,0,37.3,42.2,44.6,0.31,0.31,0.29
WEST,2015-12-01 01:00:00 EST,43.10647,-75.46146,655,32.2,32.3,25.8,71.7,24.1,0.000,0.000,0.00,0.000,7.0,10.5,1.5,78,9,7.9,12.5,1.7,77,8,7.0,10.5,1.5,78,9,0,29.57,,0,0,0,37.2,42.2,44.5,0.31,0.31,0.29
WEST,2015-12-01 01:05:00 EST,43.10647,-75.46146,655,32.3,32.3,25.5,71.5,24.1,0.000,0.000,0.00,0.000,7.5,9.6,1.2,77,9,8.3,11.2,1.4,77,9,7.5,9.6,1.2,77,9,0,29.57,,0,0,0,37.2,42.2,44.5,0.31,0.31,0.29
WEST,2015-12-01 01:10:00 EST,43.10647,-75.46146,655,32.3,32.4,26.8,71.3,24.1,0.000,0.000,0.00,0.000,5.8,8.5,0.9,82,11,6.5,10.1,1.1,81,10,5.8,8.5,0.9,82,11,0,29.57,,0,0,0,37.2,42.2,44.5,0.31,0.31,0.29
WEST,2015-12-01 01:15:00 EST,43.10647,-75.46146,655,32.3,32.4,26.9,71.4,24.1,0.000,0.000,0.00,0.000,5.5,8.5,1.3,87,11,6.3,9.8,1.5,85,9,5.5,8.5,1.3,87,11,0,29.57,,0,0,0,37.2,42.2,44.5,0.31,0.31,0.29
WEST,2015-12-01 01:20:00 EST,43.10647,-75.46146,655,32.3,32.4,27.7,71.6,24.2,0.000,0.000,0.00,0.000,4.8,8.0,1.1,90,11,5.4,8.7,1.3,88,10,4.8,8.0,1.1,90,11,0,29.57,,0,0,0,37.2,42.2,44.5,0.31,0.31,0.29
WEST,2015-12-01 01:25:00 EST,43.10647,-75.46146,655,32.4,32.5,26.9,71.7,24.3,0.000,0.000,0.00,0.000,5.8,9.1,1.2,86,11,6.6,10.1,1.3,85,11,5.8,9.1,1.2,86,11,0,29.56,,0,0,0,37.2,42.2,44.5,0.31,0.31,0.29
WEST,2015-12-01 01:30:00 EST,43.10647,-75.46146,655,32.4,32.5,26.0,71.6,24.3,0.000,0.000,0.00,0.000,7.0,9.9,1.1,82,9,7.9,11.4,1.4,80,8,7.0,9.9,1.1,82,9,0,29.56,,0,0,0,37.2,42.2,44.5,0.31,0.31,0.29
WEST,2015-12-01 01:35:00 EST,43.10647,-75.46146,655,32.4,32.5,27.0,71.8,24.3,0.000,0.000,0.00,0.000,5.7,8.0,1.0,87,10,6.4,9.6,1.3,85,9,5.7,8.0,1.0,87,10,0,29.56,,0,0,0,37.2,42.2,44.5,0.31,0.31,0.29
WEST,2015-12-01 01:40:00 EST,43.10647,-75.46146,655,32.4,32.6,26.5,71.6,24.3,0.000,0.000,0.00,0.000,6.3,9.4,1.1,92,12,7.2,11.4,1.5,90,10,6.3,9.4,1.1,92,12,0,29.56,,0,0,0,37.2,42.2,44.5,0.31,0.31,0.29
WEST,2015-12-01 01:45:00 EST,43.10647,-75.46146,655,32.4,32.6,25.9,71.7,24.3,0.000,0.000,0.00,0.000,7.1,9.1,0.9,90,10,8.0,10.7,1.1,89,10,7.1,9.1,0.9,90,10,0,29.56,,0,0,0,37.2,42.2,44.5,0.31,0.31,0.29
WEST,2015-12-01 01:50:00 EST,43.10647,-75.46146,655,32.4,32.5,26.0,71.8,24.3,0.000,0.000,0.00,0.000,7.0,9.1,0.8,87,11,7.8,10.1,1.1,86,10,7.0,9.1,0.8,87,11,0,29.56,,0,0,0,37.2,42.2,44.5,0.31,0.31,0.29
WEST,2015-12-01 01:55:00 EST,43.10647,-75.46146,655,32.3,32.5,26.3,72.4,24.4,0.000,0.000,0.00,0.000,6.4,9.8,1.3,84,9,7.3,11.2,1.4,81,8,6.4,9.8,1.3,84,9,0,29.56,,0,0,0,37.2,42.2,44.5,0.31,0.31,0.29
WEST,2015-12-01 02:00:00 EST,43.10647,-75.46146,655,32.2,32.4,26.2,72.7,24.4,0.000,0.000,0.00,0.000,6.3,8.7,0.9,90,10,7.0,9.6,1.1,88,9,6.3,8.7,0.9,90,10,0,29.56,,0,0,0,37.2,42.2,44.5,0.31,0.31,0.29
WEST,2015-12-01 02:05:00 EST,43.10647,-75.46146,655,32.2,32.4,26.3,73.1,24.6,0.000,0.000,0.00,0.000,6.2,9.2,1.4,82,10,6.9,11.0,1.7,82,10,6.2,9.2,1.4,82,10,0,29.56,,0,0,0,37.2,42.1,44.5,0.31,0.31,0.29
WEST,2015-12-01 02:10:00 EST,43.10647,-75.46146,655,32.2,32.4,26.9,73.1,24.5,0.000,0.000,0.00,0.000,5.4,9.2,1.7,91,13,6.1,10.1,1.8,90,11,5.4,9.2,1.7,91,13,0,29.56,,0,0,0,37.2,42.1,44.5,0.31,0.31,0.29
WEST,2015-12-01 02:15:00 EST,43.10647,-75.46146,655,32.2,32.4,28.0,73.1,24.5,0.000,0.000,0.00,0.000,4.3,8.6,1.5,97,10,4.9,9.8,1.7,97,10,4.3,8.6,1.5,97,10,0,29.56,,0,0,0,37.2,42.1,44.5,0.31,0.31,0.29
WEST,2015-12-01 02:20:00 EST,43.10647,-75.46146,655,32.1,32.3,27.3,73.7,24.7,0.000,0.000,0.00,0.000,4.9,8.2,1.3,92,10,5.6,10.3,1.5,90,9,4.9,8.2,1.3,92,10,0,29.56,,0,0,0,37.2,42.1,44.5,0.31,0.31,0.29
WEST,2015-12-01 02:25:00 EST,43.10647,-75.46146,655,32.2,32.3,27.4,73.7,24.7,0.000,0.000,0.00,0.000,4.8,7.5,1.2,93,9,5.5,8.5,1.4,92,8,4.8,7.5,1.2,93,9,0,29.56,,0,0,0,37.2,42.1,44.5,0.31,0.31,0.29
WEST,2015-12-01 02:30:00 EST,43.10647,-75.46146,655,32.1,32.3,26.9,74.0,24.7,0.000,0.000,0.00,0.000,5.4,7.7,1.0,86,11,6.1,9.2,1.1,85,10,5.4,7.7,1.0,86,11,0,29.56,,0,0,0,37.2,42.1,44.4,0.31,0.31,0.29
WEST,2015-12-01 02:35:00 EST,43.10647,-75.46146,655,32.1,32.3,26.0,74.0,24.7,0.000,0.000,0.00,0.000,6.4,9.1,1.0,86,9,7.2,10.5,1.3,84,9,6.4,9.1,1.0,86,9,0,29.56,,0,0,0,37.2,42.1,44.5,0.31,0.31,0.29
WEST,2015-12-01 02:40:00 EST,43.10647,-75.46146,655,32.1,32.3,26.3,74.2,24.8,0.000,0.000,0.00,0.000,6.0,9.0,1.5,88,12,6.8,11.4,1.8,87,10,6.0,9.0,1.5,88,12,0,29.56,,0,0,0,37.2,42.1,44.5,0.31,0.31,0.29
WEST,2015-12-01 02:45:00 EST,43.10647,-75.46146,655,32.1,32.3,25.6,74.2,24.8,0.000,0.000,0.00,0.000,6.9,9.9,1.2,89,9,7.7,11.6,1.4,88,8,6.9,9.9,1.2,89,9,0,29.56,,0,0,0,37.2,42.1,44.5,0.31,0.31,0.29
WEST,2015-12-01 02:50:00 EST,43.10647,-75.46146,655,32.1,32.3,25.3,74.3,24.8,0.000,0.000,0.00,0.000,7.4,10.7,1.0,94,11,8.3,12.1,1.3,92,10,7.4,10.7,1.0,94,11,0,29.55,,0,0,0,37.2,42.1,44.5,0.31,0.31,0.29
WEST,2015-12-01 02:55:00 EST,43.10647,-75.46146,655,32.1,32.2,25.6,74.4,24.8,0.000,0.000,0.00,0.000,7.0,9.3,1.0,93,9,7.8,11.0,1.3,93,7,7.0,9.3,1.0,93,9,0,29.55,,0,0,0,37.2,42.1,44.4,0.31,0.31,0.29
WEST,2015-12-01 03:00:00 EST,43.10647,-75.46146,655,32.1,32.2,25.2,74.5,24.9,0.000,0.000,0.00,0.000,7.5,10.5,1.0,92,9,8.4,12.1,1.3,91,9,7.5,10.5,1.0,92,9,0,29.55,,0,0,0,37.2,42.1,44.4,0.31,0.31,0.29
WEST,2015-12-01 03:05:00 EST,43.10647,-75.46146,655,32.0,32.2,25.6,74.7,24.9,0.000,0.000,0.00,0.000,6.8,10.2,1.1,95,10,7.6,12.3,1.4,93,8,6.8,10.2,1.1,95,10,0,29.55,,0,0,0,37.2,42.1,44.4,0.31,0.31,0.29
WEST,2015-12-01 03:10:00 EST,43.10647,-75.46146,655,32.0,32.2,25.2,74.7,24.9,0.000,0.000,0.00,0.000,7.6,10.0,1.1,97,9,8.5,12.1,1.4,95,8,7.6,10.0,1.1,97,9,0,29.55,,0,0,0,37.2,42.1,44.4,0.31,0.31,0.29
WEST,2015-12-01 03:15:00 EST,43.10647,-75.46146,655,32.0,32.2,25.8,75.1,25.0,0.000,0.000,0.00,0.000,6.6,9.4,1.3,90,10,7.4,11.9,1.6,87,9,6.6,9.4,1.3,90,10,0,29.54,,0,0,0,37.2,42.1,44.5,0.31,0.31,0.29
WEST,2015-12-01 03:20:00 EST,43.10647,-75.46146,655,32.1,32.2,25.8,75.2,25.1,0.000,0.000,0.00,0.000,6.6,11.4,1.8,99,10,7.4,13.0,2.0,97,10,6.6,11.4,1.8,99,10,0,29.54,,0,0,0,37.2,42.1,44.5,0.31,0.31,0.29
WEST,2015-12-01 03:25:00 EST,43.10647,-75.46146,655,32.2,32.3,25.6,75.1,25.2,0.000,0.000,0.00,0.000,7.1,11.5,1.4,96,9,7.9,13.2,1.7,95,8,7.1,11.5,1.4,96,9,0,29.54,,0,0,0,37.2,42.1,44.5,0.31,0.31,0.29
WEST,2015-12-01 03:30:00 EST,43.10647,-75.46146,655,32.2,32.3,25.8,75.0,25.2,0.000,0.000,0.00,0.000,6.9,9.5,1.3,98,12,7.8,11.2,1.5,96,10,6.9,9.5,1.3,98,12,0,29.54,,0,0,0,37.2,42.1,44.4,0.31,0.31,0.29
WEST,2015-12-01 03:35:00 EST,43.10647,-75.46146,655,32.2,32.3,26.4,75.2,25.2,0.000,0.000,0.00,0.000,6.0,11.2,1.7,101,13,6.8,13.6,2.0,100,11,6.0,11.2,1.7,101,13,0,29.54,,0,0,0,37.2,42.1,44.5,0.31,0.31,0.29
WEST,2015-12-01 03:40:00 EST,43.10647,-75.46146,655,32.2,32.3,25.0,74.9,25.1,0.000,0.000,0.00,0.000,8.1,10.7,1.5,100,10,9.1,12.5,1.9,98,9,8.1,10.7,1.5,100,10,0,29.54,,0,0,0,37.2,42.1,44.4,0.31,0.31,0.29
WEST,2015-12-01 03:45:00 EST,43.10647,-75.46146,655,32.2,32.3,24.9,74.7,25.0,0.000,0.000,0.00,0.000,8.3,12.6,1.8,104,12,9.2,13.2,2.0,102,10,8.3,12.6,1.8,104,12,0,29.54,,0,0,0,37.2,42.1,44.5,0.31,0.31,0.29
WEST,2015-12-01 03:50:00 EST,43.10647,-75.46146,655,32.2,32.2,25.1,74.7,25.0,0.000,0.000,0.00,0.000,7.9,11.0,1.8,103,11,8.9,13.2,2.3,100,10,7.9,11.0,1.8,103,11,0,29.54,,0,0,0,37.2,42.1,44.4,0.31,0.31,0.29
WEST,2015-12-01 03:55:00 EST,43.10647,-75.46146,655,32.2,32.3,25.9,74.9,25.1,0.000,0.000,0.00,0.000,6.8,11.7,1.4,102,11,7.6,14.3,1.7,100,10,6.8,11.7,1.4,102,11,0,29.54,,0,0,0,37.2,42.1,44.5,0.31,0.31,0.29
WEST,2015-12-01 04:00:00 EST,43.10647,-75.46146,655,32.3,32.3,25.3,74.7,25.1,0.000,0.000,0.00,0.000,7.8,11.0,1.5,99,10,8.7,13.6,1.8,98,9,7.8,11.0,1.5,99,10,0,29.54,,0,0,0,37.2,42.1,44.4,0.31,0.31,0.29
WEST,2015-12-01 04:05:00 EST,43.10647,-75.46146,655,32.3,32.4,26.2,74.4,25.1,0.000,0.000,0.00,0.000,6.5,9.9,1.7,100,12,7.3,12.1,1.9,99,10,6.5,9.9,1.7,100,12,0,29.54,,0,0,0,37.2,42.1,44.4,0.31,0.31,0.29
WEST,2015-12-01 04:10:00 EST,43.10647,-75.46146,655,32.4,32.5,26.6,74.2,25.1,0.000,0.000,0.00,0.000,6.1,9.9,1.5,104,11,6.9,10.5,1.7,102,9,6.1,9.9,1.5,104,11,0,29.54,,0,0,0,37.2,42.1,44.4,0.31,0.31,0.29
WEST,2015-12-01 04:15:00 EST,43.10647,-75.46146,655,32.5,32.6,26.3,73.9,25.1,0.000,0.000,0.00,0.000,6.6,10.2,1.3,100,11,7.4,12.1,1.5,99,9,6.6,10.2,1.3,100,11,0,29.54,,0,0,0,37.2,42.1,44.4,0.31,0.31,0.29
WEST,2015-12-01 04:20:00 EST,43.10647,-75.46146,655,32.6,32.6,26.7,73.9,25.2,0.000,0.000,0.00,0.000,6.3,9.6,1.8,97,14,7.0,12.3,2.0,96,13,6.3,9.6,1.8,97,14,0,29.54,,0,0,0,37.2,42.1,44.4,0.31,0.31,0.29
WEST,2015-12-01 04:25:00 EST,43.10647,-75.46146,655,32.6,32.7,26.4,73.9,25.2,0.000,0.000,0.00,0.000,6.8,10.4,1.5,95,11,7.5,12.1,1.8,93,10,6.8,10.4,1.5,95,11,0,29.53,,0,0,0,37.2,42.1,44.4,0.31,0.31,0.29
WEST,2015-12-01 04:30:00 EST,43.10647,-75.46146,655,32.7,32.8,27.7,74.0,25.3,0.000,0.000,0.00,0.000,5.2,8.8,1.4,94,12,5.9,9.8,1.5,94,11,5.2,8.8,1.4,94,12,0,29.53,,0,0,0,37.2,42.1,44.4,0.31,0.31,0.29
WEST,2015-12-01 04:35:00 EST,43.10647,-75.46146,655,32.8,32.8,27.2,73.6,25.3,0.000,0.000,0.00,0.000,5.9,8.5,1.0,96,10,6.6,9.8,1.3,94,10,5.9,8.5,1.0,96,10,0,29.53,,0,0,0,37.2,42.0,44.4,0.31,0.31,0.29
WEST,2015-12-01 04:40:00 EST,43.10647,-75.46146,655,32.9,33.0,26.7,72.9,25.1,0.000,0.000,0.00,0.000,6.8,9.5,1.5,96,11,7.7,11.6,1.8,92,11,6.8,9.5,1.5,96,11,0,29.53,,0,0,0,37.2,42.1,44.4,0.31,0.31,0.29
WEST,2015-12-01 04:45:00 EST,43.10647,-75.46146,655,32.9,33.0,26.7,72.5,25.0,0.000,0.000,0.00,0.000,6.9,10.4,1.4,97,11,7.7,11.9,1.6,96,10,6.9,10.4,1.4,97,11,0,29.52,,0,0,0,37.2,42.0,44.4,0.31,0.31,0.29
WEST,2015-12-01 04:50:00 EST,43.10647,-75.46146,655,32.9,33.1,26.1,72.0,24.9,0.000,0.000,0.00,0.000,7.8,11.1,1.4,95,11,8.7,12.8,1.7,94,10,7.8,11.1,1.4,95,11,0,29.52,,0,0,0,37.2,42.0,44.4,0.31,0.31,0.29
WEST,2015-12-01 04:55:00 EST,43.10647,-75.46146,655,33.0,33.1,25.7,71.3,24.7,0.000,0.000,0.00,0.000,8.5,11.6,1.4,97,11,9.5,13.4,1.8,95,9,8.5,11.6,1.4,97,11,0,29.52,,0,0,0,37.2,42.0,44.4,0.31,0.31,0.29
WEST,2015-12-01 05:00:00 EST,43.10647,-75.46146,655,33.0,33.1,26.0,71.0,24.6,0.000,0.000,0.00,0.000,8.1,11.3,1.4,95,11,9.3,13.6,1.7,93,10,8.1,11.3,1.4,95,11,0,29.51,,0,0,0,37.2,42.0,44.3,0.31,0.31,0.29
WEST,2015-12-01 05:05:00 EST,43.10647,-75.46146,655,33.0,33.1,25.5,71.2,24.7,0.000,0.000,0.00,0.000,8.9,12.9,1.5,96,12,9.9,15.0,1.8,95,10,8.9,12.9,1.5,96,12,0,29.51,,0,0,0,37.2,42.0,44.4,0.31,0.31,0.29
WEST,2015-12-01 05:10:00 EST,43.10647,-75.46146,655,33.0,33.1,25.9,71.6,24.8,0.000,0.000,0.00,0.000,8.2,14.4,2.0,95,13,9.2,16.1,2.4,92,12,8.2,14.4,2.0,95,13,0,29.50,,0,0,0,37.2,42.0,44.3,0.31,0.31,0.29
WEST,2015-12-01 05:15:00 EST,43.10647,-75.46146,655,32.9,33.0,26.5,72.1,24.9,0.000,0.000,0.00,0.000,7.2,11.5,1.7,93,11,8.0,13.0,1.9,92,10,7.2,11.5,1.7,93,11,0,29.50,,0,0,0,37.2,42.0,44.3,0.31,0.31,0.29
WEST,2015-12-01 05:20:00 EST,43.10647,-75.46146,655,32.9,32.9,25.3,72.0,24.8,0.000,0.000,0.00,0.000,9.0,13.4,2.1,95,11,10.1,16.3,2.5,95,11,9.0,13.4,2.1,95,11,0,29.50,,0,0,0,37.2,42.0,44.4,0.31,0.31,0.29
WEST,2015-12-01 05:25:00 EST,43.10647,-75.46146,655,32.8,32.9,25.2,72.1,24.9,0.000,0.000,0.00,0.000,9.1,13.8,1.8,99,10,10.2,16.1,2.1,96,8,9.1,13.8,1.8,99,10,0,29.50,,0,0,0,37.2,42.0,44.4,0.31,0.31,0.29
WEST,2015-12-01 05:30:00 EST,43.10647,-75.46146,655,32.8,32.9,25.2,72.5,25.0,0.000,0.000,0.00,0.000,9.1,13.7,1.7,96,11,10.2,15.7,2.1,94,10,9.1,13.7,1.7,96,11,0,29.50,,0,0,0,37.2,42.0,44.4,0.31,0.31,0.29
WEST,2015-12-01 05:35:00 EST,43.10647,-75.46146,655,32.8,32.9,25.7,72.7,25.0,0.000,0.000,0.00,0.000,8.2,11.3,1.2,98,11,9.3,13.4,1.6,97,10,8.2,11.3,1.2,98,11,0,29.51,,0,0,0,37.2,42.0,44.4,0.31,0.31,0.29
WEST,2015-12-01 05:40:00 EST,43.10647,-75.46146,655,32.9,33.0,25.7,73.0,25.2,0.000,0.000,0.00,0.000,8.5,12.2,1.9,96,10,9.5,13.6,2.2,95,10,8.5,12.2,1.9,96,10,0,29.50,,0,0,0,37.2,42.0,44.3,0.31,0.31,0.29
WEST,2015-12-01 05:45:00 EST,43.10647,-75.46146,655,33.1,33.2,26.0,72.7,25.3,0.000,0.000,0.00,0.000,8.3,12.0,1.3,98,10,9.2,13.9,1.6,96,9,8.3,12.0,1.3,98,10,0,29.51,,0,0,0,37.2,42.0,44.4,0.31,0.31,0.29
WEST,2015-12-01 05:50:00 EST,43.10647,-75.46146,655,33.1,33.2,26.4,73.3,25.5,0.000,0.000,0.00,0.000,7.8,11.6,1.6,98,11,8.8,13.4,2.0,96,9,7.8,11.6,1.6,98,11,0,29.51,,0,0,0,37.2,42.0,44.4,0.31,0.31,0.29
WEST,2015-12-01 05:55:00 EST,43.10647,-75.46146,655,33.1,33.2,26.3,74.2,25.8,0.000,0.000,0.00,0.000,7.8,10.4,1.2,95,11,8.7,12.5,1.5,94,10,7.8,10.4,1.2,95,11,0,29.51,,0,0,0,37.2,41.9,44.3,0.31,0.31,0.29
WEST,2015-12-01 06:00:00 EST,43.10647,-75.46146,655,33.1,33.2,27.4,74.1,25.8,0.000,0.000,0.00,0.000,6.3,9.0,1.0,98,12,7.0,9.6,1.2,96,11,6.3,9.0,1.0,98,12,0,29.51,,0,0,0,37.2,42.0,44.4,0.31,0.31,0.29
WEST,2015-12-01 06:05:00 EST,43.10647,-75.46146,655,33.0,33.1,26.5,75.1,26.0,0.000,0.000,0.00,0.000,7.4,10.6,1.5,96,11,8.4,13.0,1.8,95,11,7.4,10.6,1.5,96,11,0,29.51,,0,0,0,37.2,41.9,44.4,0.31,0.31,0.29
WEST,2015-12-01 06:10:00 EST,43.10647,-75.46146,655,32.7,32.8,26.7,78.0,26.6,0.000,0.000,0.00,0.000,6.5,9.2,1.1,95,12,7.3,11.2,1.3,93,11,6.5,9.2,1.1,95,12,0,29.51,,0,0,0,37.2,41.9,44.4,0.31,0.31,0.29
WEST,2015-12-01 06:15:00 EST,43.10647,-75.46146,655,32.5,32.6,25.9,81.1,27.3,0.000,0.000,0.00,0.000,7.2,9.7,1.2,94,10,7.9,12.3,1.4,93,9,7.2,9.7,1.2,94,10,0,29.51,,0,0,0,37.2,41.9,44.3,0.31,0.31,0.29
WEST,2015-12-01 06:20:00 EST,43.10647,-75.46146,655,32.4,32.6,25.8,82.4,27.6,0.000,0.000,0.00,0.000,7.2,10.2,1.5,94,11,8.0,12.1,1.8,93,11,7.2,10.2,1.5,94,11,0,29.51,,0,0,0,37.2,41.9,44.4,0.31,0.31,0.29
WEST,2015-12-01 06:25:00 EST,43.10647,-75.46146,655,32.3,32.5,26.0,83.0,27.7,0.002,0.002,0.00,0.002,6.9,10.5,1.5,95,12,7.7,12.1,1.7,95,10,6.9,10.5,1.5,95,12,0,29.51,,0,0,0,37.2,41.9,44.3,0.31,0.31,0.29
WEST,2015-12-01 06:30:00 EST,43.10647,-75.46146,655,32.2,32.3,25.8,84.3,28.0,0.001,0.003,0.00,0.003,6.8,10.9,1.2,95,10,7.9,12.8,1.5,95,10,6.8,10.9,1.2,95,10,0,29.51,,0,0,0,37.2,41.9,44.3,0.31,0.31,0.29
WEST,2015-12-01 06:35:00 EST,43.10647,-75.46146,655,32.1,32.3,25.1,86.1,28.4,0.000,0.003,0.00,0.003,7.8,12.4,1.8,90,12,9.0,14.8,2.2,88,10,7.8,12.4,1.8,90,12,0,29.50,,0,0,0,37.2,41.9,44.3,0.31,0.31,0.29
WEST,2015-12-01 06:40:00 EST,43.10647,-75.46146,655,32.0,32.1,24.6,87.7,28.7,0.000,0.003,0.00,0.003,8.3,12.3,1.7,84,11,9.8,14.8,2.2,83,8,8.3,12.3,1.7,84,11,0,29.50,,0,0,0,37.2,41.9,44.3,0.31,0.31,0.29
WEST,2015-12-01 06:45:00 EST,43.10647,-75.46146,655,31.9,32.0,24.9,88.5,28.9,0.000,0.003,0.00,0.003,7.7,11.0,1.2,90,13,9.0,13.2,1.6,88,11,7.7,11.0,1.2,90,13,0,29.50,,0,0,0,37.2,41.9,44.3,0.31,0.31,0.29
WEST,2015-12-01 06:50:00 EST,43.10647,-75.46146,655,31.8,31.9,24.9,89.6,29.1,0.002,0.005,0.00,0.005,7.5,13.0,1.6,91,12,8.7,14.5,1.9,90,11,7.5,13.0,1.6,91,12,0,29.49,,0,0,0,37.3,41.9,44.3,0.31,0.31,0.29
WEST,2015-12-01 06:55:00 EST,43.10647,-75.46146,655,31.6,31.7,24.9,91.0,29.3,0.001,0.006,0.00,0.006,7.2,12.7,2.1,85,12,8.4,15.4,2.6,84,12,7.2,12.7,2.1,85,12,0,29.49,,0,0,0,37.3,41.9,44.3,0.31,0.31,0.29
WEST,2015-12-01 07:00:00 EST,43.10647,-75.46146,655,31.5,31.5,23.7,91.9,29.4,0.001,0.006,0.00,0.006,8.9,13.5,1.7,86,13,10.4,15.7,2.2,85,10,8.9,13.5,1.7,86,13,0,29.49,,0,0,0,37.2,41.9,44.3,0.31,0.31,0.29
WEST,2015-12-01 07:05:00 EST,43.10647,-75.46146,655,31.3,31.4,23.5,92.6,29.4,0.000,0.006,0.00,0.006,8.9,14.2,2.2,87,13,10.6,17.0,2.6,87,10,8.9,14.2,2.2,87,13,0,29.49,,0,0,0,37.3,41.9,44.3,0.31,0.31,0.29
WEST,2015-12-01 07:10:00 EST,43.10647,-75.46146,655,31.3,31.3,22.8,93.0,29.5,0.002,0.008,0.00,0.008,10.1,14.9,2.1,90,12,11.9,17.7,2.5,89,11,10.1,14.9,2.1,90,12,0,29.48,,0,0,0,37.3,41.9,44.2,0.31,0.31,0.29
WEST,2015-12-01 07:15:00 EST,43.10647,-75.46146,655,31.2,31.3,22.9,93.4,29.6,0.002,0.010,0.00,0.010,9.9,15.3,2.3,86,14,11.9,19.0,2.9,87,10,9.9,15.3,2.3,86,14,0,29.48,,0,0,0,37.3,41.9,44.3,0.31,0.31,0.29
WEST,2015-12-01 07:20:00 EST,43.10647,-75.46146,655,31.2,31.3,23.7,93.9,29.7,0.000,0.010,0.00,0.010,8.3,12.9,2.2,89,11,10.0,15.9,2.7,89,7,8.3,12.9,2.2,89,11,1,29.48,,0,0,0,37.3,41.9,44.2,0.31,0.31,0.29
WEST,2015-12-01 07:25:00 EST,43.10647,-75.46146,655,31.2,31.2,23.6,94.5,29.8,0.000,0.010,0.00,0.008,8.5,13.4,1.5,87,12,10.2,16.1,1.9,86,10,8.5,13.4,1.5,87,12,1,29.48,,0,0,0,37.3,41.9,44.3,0.31,0.31,0.29
WEST,2015-12-01 07:30:00 EST,43.10647,-75.46146,655,31.3,31.3,23.8,94.7,29.9,0.002,0.012,0.00,0.009,8.3,12.9,1.8,84,12,10.1,16.1,2.2,84,11,8.3,12.9,1.8,84,12,1,29.48,,0,0,0,37.3,41.9,44.2,0.31,0.31,0.29
WEST,2015-12-01 07:35:00 EST,43.10647,-75.46146,655,31.3,31.3,23.8,94.7,29.9,0.001,0.013,0.00,0.010,8.3,13.4,2.0,84,11,10.2,17.2,2.4,83,9,8.3,13.4,2.0,84,11,2,29.49,,0,0,0,37.3,41.9,44.2,0.31,0.31,0.29
WEST,2015-12-01 07:40:00 EST,43.10647,-75.46146,655,31.2,31.2,23.1,94.6,29.9,0.000,0.013,0.00,0.010,9.4,13.2,2.0,86,12,11.3,15.7,2.5,86,10,9.4,13.2,2.0,86,12,2,29.49,,0,0,0,37.3,41.9,44.3,0.31,0.31,0.29
WEST,2015-12-01 07:45:00 EST,43.10647,-75.46146,655,31.2,31.2,23.1,94.6,29.8,0.000,0.013,0.00,0.010,9.4,14.1,1.8,81,10,11.4,17.0,2.2,82,7,9.4,14.1,1.8,81,10,3,29.49,,0,0,0,37.3,41.9,44.1,0.31,0.31,0.29
WEST,2015-12-01 07:50:00 EST,43.10647,-75.46146,655,31.2,31.2,22.9,94.5,29.8,0.000,0.013,0.00,0.008,9.7,14.4,1.8,82,10,11.6,18.6,2.3,83,7,9.7,14.4,1.8,82,10,4,29.48,,0,0,0,37.3,41.9,44.2,0.31,0.31,0.29
WEST,2015-12-01 07:55:00 EST,43.10647,-75.46146,655,31.2,31.2,22.9,94.5,29.8,0.002,0.015,0.00,0.009,9.8,14.5,1.9,83,11,11.9,18.3,2.3,83,8,9.8,14.5,1.9,83,11,5,29.48,,0,0,0,37.3,41.9,44.2,0.31,0.31,0.29
WEST,2015-12-01 08:00:00 EST,43.10647,-75.46146,655,31.3,31.3,23.2,94.2,29.8,0.001,0.016,0.00,0.009,9.3,14.3,1.5,82,11,11.3,17.4,1.9,83,9,9.3,14.3,1.5,82,11,5,29.48,,0,0,0,37.3,41.9,44.2,0.31,0.31,0.29
WEST,2015-12-01 08:05:00 EST,43.10647,-75.46146,655,31.3,31.3,23.7,94.0,29.8,0.000,0.016,0.00,0.009,8.5,13.4,1.7,82,11,10.4,15.7,2.1,84,8,8.5,13.4,1.7,82,11,6,29.48,,0,0,0,37.3,41.9,44.2,0.31,0.31,0.29
WEST,2015-12-01 08:10:00 EST,43.10647,-75.46146,655,31.3,31.3,23.9,93.7,29.7,0.000,0.016,0.00,0.007,8.2,14.5,2.0,85,10,10.1,18.3,2.4,85,7,8.2,14.5,2.0,85,10,11,29.48,,0,0,0,37.3,41.9,44.2,0.31,0.31,0.29
WEST,2015-12-01 08:15:00 EST,43.10647,-75.46146,655,31.4,31.3,24.1,94.0,29.8,0.003,0.019,0.00,0.009,8.0,12.8,1.4,86,12,10.2,15.4,1.8,86,9,8.0,12.8,1.4,86,12,14,29.48,,0,0,0,37.3,41.9,44.2,0.31,0.31,0.29
WEST,2015-12-01 08:20:00 EST,43.10647,-75.46146,655,31.4,31.4,23.2,93.8,29.8,0.001,0.020,0.00,0.010,9.6,12.9,1.4,83,11,12.2,16.8,2.0,83,9,9.6,12.9,1.4,83,11,15,29.48,,0,0,0,37.3,41.9,44.3,0.31,0.31,0.29
WEST,2015-12-01 08:25:00 EST,43.10647,-75.46146,655,31.5,31.5,24.1,93.8,29.9,0.000,0.020,0.00,0.010,8.2,11.0,1.5,91,14,10.7,14.8,2.0,91,10,8.2,11.0,1.5,91,14,16,29.48,,0,0,0,37.4,41.9,44.2,0.31,0.31,0.29
WEST,2015-12-01 08:30:00 EST,43.10647,-75.46146,655,31.5,31.5,23.3,93.5,29.8,0.003,0.022,0.00,0.010,9.7,14.3,2.0,88,13,12.7,19.0,2.7,87,9,9.7,14.3,2.0,88,13,17,29.48,,0,0,0,37.3,41.9,44.2,0.31,0.31,0.29
WEST,2015-12-01 08:35:00 EST,43.10647,-75.46146,655,31.6,31.5,23.3,93.4,29.9,0.001,0.023,0.00,0.010,9.7,13.8,1.7,92,11,11.9,17.9,2.2,91,10,9.7,13.8,1.7,92,11,23,29.48,,0,0,0,37.3,41.9,44.2,0.31,0.31,0.29
WEST,2015-12-01 08:40:00 EST,43.10647,-75.46146,655,31.6,31.6,23.3,93.5,30.0,0.003,0.026,0.00,0.013,9.9,15.5,1.6,88,11,12.0,18.6,2.0,88,9,9.9,15.5,1.6,88,11,27,29.48,,0,0,0,37.3,41.9,44.1,0.31,0.31,0.29
WEST,2015-12-01 08:45:00 EST,43.10647,-75.46146,655,31.6,31.6,23.6,93.3,29.9,0.002,0.028,0.00,0.015,9.4,15.4,2.0,94,11,11.8,18.8,2.4,92,9,9.4,15.4,2.0,94,11,27,29.48,,0,0,0,37.3,41.9,44.2,0.31,0.31,0.29
WEST,2015-12-01 08:50:00 EST,43.10647,-75.46146,655,31.6,31.6,23.6,93.6,30.0,0.003,0.031,0.00,0.017,9.5,15.2,2.1,92,12,12.1,19.5,2.6,92,8,9.5,15.2,2.1,92,12,21,29.47,,0,0,0,37.4,41.9,44.1,0.31,0.31,0.29
WEST,2015-12-01 08:55:00 EST,43.10647,-75.46146,655,31.7,31.6,23.1,94.0,30.1,0.002,0.033,0.00,0.018,10.4,15.1,2.1,90,14,13.4,19.7,2.6,90,9,10.4,15.1,2.1,90,14,17,29.47,,0,0,0,37.4,41.8,44.1,0.31,0.31,0.29
WEST,2015-12-01 09:00:00 EST,43.10647,-75.46146,655,31.6,31.6,22.5,94.5,30.2,0.003,0.035,0.00,0.019,11.5,16.7,2.2,87,11,13.9,19.2,2.4,88,8,11.5,16.7,2.2,87,11,15,29.47,,0,0,0,37.4,41.9,44.1,0.31,0.31,0.29
WEST,2015-12-01 09:05:00 EST,43.10647,-75.46146,655,31.6,31.6,22.5,94.5,30.2,0.001,0.036,0.00,0.020,11.4,17.0,2.3,96,10,14.3,20.8,2.6,94,9,11.4,17.0,2.3,96,10,17,29.47,,0,0,0,37.4,41.8,44.2,0.31,0.31,0.29
WEST,2015-12-01 09:10:00 EST,43.10647,-75.46146,655,31.6,31.6,22.6,94.6,30.2,0.000,0.036,0.00,0.020,11.2,16.2,2.3,94,12,14.4,21.9,3.0,92,9,11.2,16.2,2.3,94,12,16,29.47,,0,0,0,37.4,41.8,44.1,0.31,0.31,0.29
WEST,2015-12-01 09:15:00 EST,43.10647,-75.46146,655,31.7,31.6,23.6,95.0,30.4,0.003,0.039,0.00,0.020,9.5,13.1,1.8,91,13,11.4,16.6,2.2,91,9,9.5,13.1,1.8,91,13,19,29.47,,0,0,0,37.4,41.8,44.1,0.30,0.31,0.29
WEST,2015-12-01 09:20:00 EST,43.10647,-75.46146,655,31.7,31.7,23.5,95.1,30.5,0.001,0.040,0.00,0.020,9.7,14.3,1.8,91,14,11.3,16.3,2.0,90,10,9.7,14.3,1.8,91,14,21,29.47,,0,0,0,37.4,41.8,44.1,0.30,0.31,0.29
WEST,2015-12-01 09:25:00 EST,43.10647,-75.46146,655,31.7,31.7,23.2,95.1,30.5,0.012,0.051,0.00,0.032,10.3,15.3,2.4,84,12,11.9,18.3,2.7,85,10,10.3,15.3,2.4,84,12,26,29.46,,0,0,0,37.4,41.9,44.1,0.31,0.31,0.29
WEST,2015-12-01 09:30:00 EST,43.10647,-75.46146,655,31.8,31.8,23.9,95.2,30.6,0.002,0.053,0.00,0.031,9.2,15.1,2.1,90,12,10.6,18.3,2.4,89,10,9.2,15.1,2.1,90,12,23,29.46,,0,0,0,37.4,41.8,44.1,0.31,0.31,0.29
WEST,2015-12-01 09:35:00 EST,43.10647,-75.46146,655,31.9,31.9,23.9,95.2,30.7,0.000,0.053,0.00,0.030,9.4,16.7,2.4,93,14,11.1,19.2,2.8,91,11,9.4,16.7,2.4,93,14,20,29.46,,0,0,0,37.4,41.8,44.1,0.31,0.31,0.29
WEST,2015-12-01 09:40:00 EST,43.10647,-75.46146,655,32.0,32.0,23.8,94.9,30.7,0.000,0.053,0.00,0.027,9.8,17.0,2.4,83,12,11.7,20.1,2.9,84,10,9.8,17.0,2.4,83,12,25,29.46,,0,0,0,37.4,41.8,44.1,0.30,0.31,0.29
WEST,2015-12-01 09:45:00 EST,43.10647,-75.46146,655,32.2,32.2,25.0,94.8,30.8,0.000,0.053,0.00,0.025,8.0,11.9,1.7,81,14,9.6,14.8,2.1,82,11,8.0,11.9,1.7,81,14,24,29.46,,0,0,0,37.4,41.8,44.1,0.31,0.31,0.29
WEST,2015-12-01 09:50:00 EST,43.10647,-75.46146,655,32.3,32.3,24.2,94.6,30.9,0.000,0.053,0.00,0.023,9.7,15.4,2.3,91,12,11.6,18.1,2.8,90,9,9.7,15.4,2.3,91,12,29,29.46,,0,0,0,37.4,41.8,44.0,0.31,0.31,0.29
WEST,2015-12-01 09:55:00 EST,43.10647,-75.46146,655,32.4,32.4,24.0,94.4,30.9,0.000,0.053,0.00,0.021,10.4,18.2,2.1,95,12,12.3,20.6,2.6,94,9,10.4,18.2,2.1,95,12,33,29.46,,0,0,0,37.4,41.8,44.1,0.31,0.31,0.29
WEST,2015-12-01 10:00:00 EST,43.10647,-75.46146,655,32.5,32.5,24.2,94.2,31.0,0.000,0.053,0.00,0.018,10.2,14.0,1.7,94,14,11.8,16.3,2.3,93,10,10.2,14.0,1.7,94,14,36,29.45,,0,0,0,37.5,41.8,44.0,0.31,0.31,0.29
WEST,2015-12-01 10:05:00 EST,43.10647,-75.46146,655,32.6,32.6,24.9,93.9,31.0,0.000,0.053,0.00,0.017,9.0,14.2,2.1,87,14,10.6,16.6,2.5,86,11,9.0,14.2,2.1,87,14,38,29.46,,0,0,0,37.5,41.8,44.1,0.31,0.31,0.29
WEST,2015-12-01 10:10:00 EST,43.10647,-75.46146,655,32.7,32.7,24.3,93.9,31.1,0.000,0.053,0.00,0.017,10.4,17.6,2.9,86,11,12.3,20.8,3.4,85,9,10.4,17.6,2.9,86,11,45,29.45,,0,0,0,37.4,41.8,44.1,0.31,0.31,0.29
WEST,2015-12-01 10:15:00 EST,43.10647,-75.46146,655,32.8,32.8,25.7,93.9,31.2,0.000,0.053,0.00,0.015,8.2,12.4,1.6,87,13,9.8,15.4,2.0,87,10,8.2,12.4,1.6,87,13,45,29.45,,0,0,0,37.5,41.8,44.1,0.31,0.31,0.29
WEST,2015-12-01 10:20:00 EST,43.10647,-75.46146,655,32.9,32.9,25.0,94.0,31.4,0.000,0.053,0.00,0.014,9.7,14.8,2.4,89,13,11.4,17.9,2.8,89,11,9.7,14.8,2.4,89,13,55,29.45,,0,0,0,37.5,41.7,44.1,0.31,0.31,0.29
WEST,2015-12-01 10:25:00 EST,43.10647,-75.46146,655,33.0,33.0,25.4,94.1,31.5,0.000,0.053,0.00,0.002,9.2,15.1,2.3,85,11,10.9,17.9,2.7,85,10,9.2,15.1,2.3,85,11,60,29.44,,0,0,0,37.5,41.8,44.1,0.31,0.31,0.29
WEST,2015-12-01 10:30:00 EST,43.10647,-75.46146,655,33.1,33.0,25.6,93.6,31.5,0.000,0.053,0.00,0.000,9.1,14.5,1.6,85,14,10.6,16.6,1.9,85,11,9.1,14.5,1.6,85,14,60,29.45,,0,0,0,37.5,41.7,44.1,0.31,0.31,0.29
WEST,2015-12-01 10:35:00 EST,43.10647,-75.46146,655,33.2,33.1,25.5,93.6,31.6,0.000,0.053,0.00,0.000,9.6,13.2,2.1,80,10,11.3,15.7,2.5,81,7,9.6,13.2,2.1,80,10,52,29.45,,0,0,0,37.5,41.7,44.0,0.31,0.31,0.29
WEST,2015-12-01 10:40:00 EST,43.10647,-75.46146,655,33.2,33.1,25.3,93.3,31.5,0.000,0.053,0.00,0.000,9.8,13.7,1.7,85,11,11.6,16.3,2.0,84,8,9.8,13.7,1.7,85,11,48,29.44,,0,0,0,37.5,41.8,44.0,0.31,0.31,0.29
WEST,2015-12-01 10:45:00 EST,43.10647,-75.46146,655,33.2,33.2,25.1,93.6,31.6,0.000,0.053,0.00,0.000,10.4,17.9,2.2,89,12,12.2,20.6,2.5,86,9,10.4,17.9,2.2,89,12,47,29.44,,0,0,0,37.6,41.7,44.1,0.31,0.31,0.29
WEST,2015-12-01 10:50:00 EST,43.10647,-75.46146,655,33.3,33.3,25.4,93.4,31.6,0.000,0.053,0.00,0.000,10.0,15.4,1.9,87,11,11.7,17.7,2.2,87,8,10.0,15.4,1.9,87,11,48,29.44,,0,0,0,37.6,41.7,44.0,0.31,0.31,0.29
WEST,2015-12-01 10:55:00 EST,43.10647,-75.46146,655,33.5,33.4,25.3,93.6,31.8,0.000,0.053,0.00,0.000,10.4,15.0,2.0,85,13,12.2,16.8,2.2,84,11,10.4,15.0,2.0,85,13,57,29.44,,0,0,0,37.6,41.7,44.0,0.31,0.31,0.29
WEST,2015-12-01 11:00:00 EST,43.10647,-75.46146,655,33.6,33.5,25.8,93.7,32.0,0.003,0.056,0.00,0.003,9.8,15.3,1.9,90,13,11.6,19.0,2.4,89,10,9.8,15.3,1.9,90,13,66,29.43,,0,0,0,37.7,41.7,44.0,0.31,0.31,0.29
WEST,2015-12-01 11:05:00 EST,43.10647,-75.46146,655,33.7,33.6,25.7,93.5,32.0,0.001,0.057,0.00,0.003,10.3,16.1,2.3,87,11,12.0,18.1,2.6,88,9,10.3,16.1,2.3,87,11,68,29.43,,0,0,0,37.7,41.7,44.0,0.31,0.31,0.29
WEST,2015-12-01 11:10:00 EST,43.10647,-75.46146,655,33.7,33.7,25.8,93.3,32.0,0.000,0.057,0.00,0.003,10.2,14.5,1.7,92,11,12.0,17.2,2.1,91,9,10.2,14.5,1.7,92,11,58,29.42,,0,0,0,37.8,41.7,44.0,0.31,0.31,0.29
WEST,2015-12-01 11:15:00 EST,43.10647,-75.46146,655,33.8,33.7,25.6,93.5,32.1,0.000,0.057,0.00,0.003,10.8,17.0,2.2,95,13,12.4,19.7,2.4,93,11,10.8,17.0,2.2,95,13,56,29.42,,0,0,0,37.8,41.7,44.0,0.31,0.31,0.29
WEST,2015-12-01 11:20:00 EST,43.10647,-75.46146,655,33.8,33.8,25.3,93.5,32.2,0.002,0.059,0.00,0.006,11.6,18.6,2.6,89,12,13.3,21.0,2.9,86,10,11.6,18.6,2.6,89,12,46,29.42,,0,0,0,37.8,41.7,44.0,0.31,0.31,0.29
WEST,2015-12-01 11:25:00 EST,43.10647,-75.46146,655,33.8,33.8,25.9,93.6,32.2,0.008,0.067,0.00,0.013,10.1,16.6,2.4,89,13,11.6,18.1,2.7,88,10,10.1,16.6,2.4,89,13,39,29.42,,0,0,0,37.9,41.7,44.0,0.31,0.31,0.29
WEST,2015-12-01 11:30:00 EST,43.10647,-75.46146,655,33.8,33.8,25.4,93.8,32.2,0.002,0.068,0.00,0.015,11.2,16.4,2.2,88,12,12.9,18.1,2.5,88,10,11.2,16.4,2.2,88,12,35,29.42,,0,0,0,37.8,41.7,44.0,0.31,0.31,0.29
WEST,2015-12-01 11:35:00 EST,43.10647,-75.46146,655,33.8,33.9,25.3,93.7,32.2,0.000,0.068,0.00,0.015,11.6,15.9,1.8,94,11,13.3,18.1,1.9,91,9,11.6,15.9,1.8,94,11,38,29.41,,0,0,0,37.9,41.7,44.0,0.31,0.31,0.29
WEST,2015-12-01 11:40:00 EST,43.10647,-75.46146,655,33.9,33.9,25.2,93.6,32.3,0.000,0.068,0.00,0.015,11.9,17.5,2.2,92,12,13.5,19.0,2.5,90,9,11.9,17.5,2.2,92,12,49,29.41,,0,0,0,37.8,41.7,44.0,0.31,0.31,0.29
WEST,2015-12-01 11:45:00 EST,43.10647,-75.46146,655,34.0,34.0,25.4,93.6,32.3,0.003,0.071,0.00,0.018,11.7,16.4,2.3,92,10,13.4,18.6,2.7,92,9,11.7,16.4,2.3,92,10,46,29.41,,0,0,0,37.9,41.7,44.0,0.31,0.31,0.29
WEST,2015-12-01 11:50:00 EST,43.10647,-75.46146,655,34.0,34.0,25.5,93.8,32.4,0.002,0.073,0.00,0.020,11.6,17.4,2.1,90,12,13.2,19.9,2.5,89,10,11.6,17.4,2.1,90,12,52,29.40,,0,0,0,37.9,41.7,44.0,0.31,0.31,0.29
WEST,2015-12-01 11:55:00 EST,43.10647,-75.46146,655,34.1,34.0,25.2,93.7,32.4,0.000,0.073,0.00,0.020,12.4,17.9,2.4,91,11,14.1,20.1,2.6,92,9,12.4,17.9,2.4,91,11,63,29.39,,0,0,0,38.0,41.7,44.0,0.31,0.31,0.29
WEST,2015-12-01 12:00:00 EST,43.10647,-75.46146,655,34.2,34.1,25.4,93.9,32.6,0.000,0.073,0.00,0.017,12.4,15.8,1.9,91,12,14.1,18.8,2.2,89,9,12.4,15.8,1.9,91,12,82,29.39,,0,0,0,38.0,41.7,44.0,0.31,0.31,0.29
WEST,2015-12-01 12:05:00 EST,43.10647,-75.46146,655,34.4,34.3,26.5,94.1,32.9,0.000,0.073,0.00,0.016,10.5,17.0,2.1,88,13,12.1,19.2,2.5,88,11,10.5,17.0,2.1,88,13,90,29.39,,0,0,0,38.0,41.7,44.0,0.31,0.31,0.29
WEST,2015-12-01 12:10:00 EST,43.10647,-75.46146,655,34.5,34.4,26.4,94.2,33.0,0.005,0.078,0.00,0.022,10.9,18.3,2.2,92,10,12.6,20.6,2.5,91,9,10.9,18.3,2.2,92,10,74,29.38,,0,0,0,38.0,41.7,44.0,0.31,0.31,0.29
WEST,2015-12-01 12:15:00 EST,43.10647,-75.46146,655,34.4,34.3,25.7,93.9,32.9,0.006,0.084,0.00,0.027,12.2,18.7,2.6,96,10,14.7,21.5,3.2,93,9,12.2,18.7,2.6,96,10,71,29.38,,0,0,0,38.1,41.7,43.9,0.31,0.31,0.29
WEST,2015-12-01 12:20:00 EST,43.10647,-75.46146,655,34.5,34.4,26.5,94.1,32.9,0.000,0.084,0.00,0.025,10.6,14.6,1.9,94,10,12.8,17.2,2.2,92,8,10.6,14.6,1.9,94,10,59,29.38,,0,0,0,38.1,41.7,44.0,0.31,0.31,0.29
WEST,2015-12-01 12:25:00 EST,43.10647,-75.46146,655,34.6,34.5,26.8,94.3,33.1,0.000,0.084,0.00,0.017,10.3,14.5,1.5,87,10,12.5,17.2,1.9,86,8,10.3,14.5,1.5,87,10,45,29.38,,0,0,0,38.1,41.7,44.0,0.31,0.31,0.29
WEST,2015-12-01 12:30:00 EST,43.10647,-75.46146,655,34.6,34.6,26.8,94.2,33.1,0.000,0.084,0.00,0.016,10.3,16.7,1.6,93,10,12.2,20.8,2.1,91,7,10.3,16.7,1.6,93,10,52,29.38,,0,0,0,38.1,41.7,44.0,0.31,0.31,0.29
WEST,2015-12-01 12:35:00 EST,43.10647,-75.46146,655,34.7,34.7,26.4,94.2,33.2,0.000,0.084,0.00,0.016,11.6,17.3,2.3,97,12,13.6,19.2,2.8,94,8,11.6,17.3,2.3,97,12,73,29.37,,0,0,0,38.2,41.7,44.0,0.31,0.31,0.29
WEST,2015-12-01 12:40:00 EST,43.10647,-75.46146,655,34.8,34.7,25.6,93.3,33.1,0.000,0.084,0.00,0.016,13.9,19.1,2.3,95,10,16.1,22.6,2.6,94,7,13.9,19.1,2.3,95,10,69,29.37,,0,0,0,38.2,41.7,44.0,0.31,0.31,0.29
WEST,2015-12-01 12:45:00 EST,43.10647,-75.46146,655,34.9,34.8,26.3,93.6,33.3,0.000,0.084,0.00,0.013,12.3,18.9,2.6,94,10,14.0,21.3,3.0,92,8,12.3,18.9,2.6,94,10,72,29.36,,0,0,0,38.2,41.7,44.0,0.31,0.31,0.29
WEST,2015-12-01 12:50:00 EST,43.10647,-75.46146,655,35.0,34.9,26.8,93.5,33.3,0.000,0.084,0.00,0.011,11.4,16.1,2.0,90,11,13.1,18.8,2.3,88,9,11.4,16.1,2.0,90,11,52,29.37,,0,0,0,38.3,41.7,43.9,0.31,0.31,0.29
WEST,2015-12-01 12:55:00 EST,43.10647,-75.46146,655,35.0,35.0,26.7,93.7,33.4,0.000,0.084,0.00,0.011,11.7,16.5,1.9,89,10,13.5,19.0,2.3,89,8,11.7,16.5,1.9,89,10,39,29.37,,0,0,0,38.3,41.7,44.0,0.31,0.31,0.29
WEST,2015-12-01 13:00:00 EST,43.10647,-75.46146,655,35.1,35.1,27.4,93.5,33.4,0.000,0.084,0.00,0.011,10.3,14.8,2.1,89,13,12.0,17.7,2.5,88,10,10.3,14.8,2.1,89,13,39,29.36,,0,0,0,38.3,41.7,43.9,0.31,0.31,0.29
WEST,2015-12-01 13:05:00 EST,43.10647,-75.46146,655,35.2,35.2,27.5,93.8,33.6,0.000,0.084,0.00,0.011,10.4,14.7,2.0,90,12,12.0,17.7,2.4,88,9,10.4,14.7,2.0,90,12,37,29.36,,0,0,0,38.4,41.7,44.0,0.31,0.31,0.29
WEST,2015-12-01 13:10:00 EST,43.10647,-75.46146,655,35.3,35.3,26.9,93.7,33.6,0.000,0.084,0.00,0.006,11.9,17.0,2.3,95,12,13.7,20.4,2.7,92,10,11.9,17.0,2.3,95,12,39,29.36,,0,0,0,38.4,41.7,43.9,0.31,0.31,0.29
WEST,2015-12-01 13:15:00 EST,43.10647,-75.46146,655,35.3,35.3,26.9,93.2,33.6,0.000,0.084,0.00,0.000,12.2,16.8,2.0,97,10,14.0,20.4,2.5,95,7,12.2,16.8,2.0,97,10,50,29.36,,0,0,0,38.4,41.7,43.9,0.32,0.31,0.29
WEST,2015-12-01 13:20:00 EST,43.10647,-75.46146,655,35.5,35.4,27.0,93.5,33.8,0.000,0.084,0.00,0.000,12.4,17.6,2.6,93,9,14.3,21.0,3.1,91,7,12.4,17.6,2.6,93,9,59,29.35,,0,0,0,38.5,41.7,43.9,0.32,0.31,0.29
WEST,2015-12-01 13:25:00 EST,43.10647,-75.46146,655,35.6,35.6,27.3,93.1,33.8,0.000,0.084,0.00,0.000,12.1,17.1,1.9,94,11,14.0,20.4,2.3,92,9,12.1,17.1,1.9,94,11,54,29.35,,0,0,0,38.5,41.7,43.9,0.32,0.31,0.29
WEST,2015-12-01 13:30:00 EST,43.10647,-75.46146,655,35.7,35.7,27.8,93.3,34.0,0.000,0.084,0.00,0.000,11.2,17.4,2.6,92,11,13.1,20.6,3.1,91,8,11.2,17.4,2.6,92,11,50,29.35,,0,0,0,38.5,41.7,43.9,0.32,0.31,0.29
WEST,2015-12-01 13:35:00 EST,43.10647,-75.46146,655,35.8,35.7,27.6,93.5,34.1,0.000,0.084,0.00,0.000,11.8,17.1,2.3,93,10,13.7,19.9,2.7,91,8,11.8,17.1,2.3,93,10,42,29.34,,0,0,0,38.5,41.7,43.9,0.32,0.31,0.29
WEST,2015-12-01 13:40:00 EST,43.10647,-75.46146,655,35.8,35.8,27.4,93.3,34.1,0.000,0.084,0.00,0.000,12.4,18.8,2.1,96,10,14.3,21.9,2.5,95,7,12.4,18.8,2.1,96,10,40,29.34,,0,0,0,38.5,41.7,43.9,0.32,0.31,0.29
WEST,2015-12-01 13:45:00 EST,43.10647,-75.46146,655,35.9,35.9,27.2,93.2,34.1,0.000,0.084,0.00,0.000,13.2,19.0,2.0,94,10,15.2,21.7,2.6,92,8,13.2,19.0,2.0,94,10,42,29.34,,0,0,0,38.5,41.7,44.0,0.31,0.31,0.29
WEST,2015-12-01 13:50:00 EST,43.10647,-75.46146,655,35.9,35.9,26.7,93.0,34.1,0.000,0.084,0.00,0.000,14.6,22.9,3.7,99,9,16.6,25.5,4.2,95,6,14.6,22.9,3.7,99,9,39,29.33,,0,0,0,38.6,41.7,43.9,0.31,0.31,0.29
WEST,2015-12-01 13:55:00 EST,43.10647,-75.46146,655,36.0,36.0,26.9,92.8,34.1,0.000,0.084,0.00,0.000,14.4,20.5,2.2,96,10,16.5,22.6,2.6,94,7,14.4,20.5,2.2,96,10,36,29.33,,0,0,0,38.6,41.7,43.9,0.31,0.31,0.29
WEST,2015-12-01 14:00:00 EST,43.10647,-75.46146,655,36.0,36.1,27.5,92.8,34.2,0.000,0.084,0.00,0.000,12.9,18.7,2.8,96,9,14.8,21.5,3.4,95,8,12.9,18.7,2.8,96,9,37,29.33,,0,0,0,38.6,41.7,43.9,0.31,0.31,0.29
WEST,2015-12-01 14:05:00 EST,43.10647,-75.46146,655,36.1,36.1,27.3,92.7,34.2,0.000,0.084,0.00,0.000,13.4,19.6,2.4,97,9,15.4,22.8,2.9,95,7,13.4,19.6,2.4,97,9,35,29.33,,0,0,0,38.7,41.7,43.9,0.31,0.31,0.29
WEST,2015-12-01 14:10:00 EST,43.10647,-75.46146,655,36.1,36.2,27.0,92.5,34.2,0.000,0.084,0.00,0.000,14.6,22.0,2.9,98,10,16.7,24.6,3.2,95,8,14.6,22.0,2.9,98,10,37,29.33,,0,0,0,38.7,41.7,43.9,0.31,0.31,0.29
WEST,2015-12-01 14:15:00 EST,43.10647,-75.46146,655,36.2,36.3,27.9,92.7,34.3,0.000,0.084,0.00,0.000,12.5,18.6,2.4,96,12,14.3,21.7,2.9,94,9,12.5,18.6,2.4,96,12,41,29.33,,0,0,0,38.7,41.7,43.9,0.31,0.31,0.29
WEST,2015-12-01 14:20:00 EST,43.10647,-75.46146,655,36.3,36.3,28.5,93.1,34.5,0.000,0.084,0.00,0.000,11.2,17.8,2.5,93,13,12.9,21.5,3.1,92,10,11.2,17.8,2.5,93,13,42,29.33,,0,0,0,38.7,41.7,43.9,0.30,0.31,0.29
WEST,2015-12-01 14:25:00 EST,43.10647,-75.46146,655,36.4,36.4,28.6,93.2,34.6,0.000,0.084,0.00,0.000,11.2,15.9,2.0,92,11,12.8,19.2,2.4,90,9,11.2,15.9,2.0,92,11,39,29.33,,0,0,0,38.7,41.7,43.9,0.30,0.31,0.29
WEST,2015-12-01 14:30:00 EST,43.10647,-75.46146,655,36.5,36.5,28.4,93.0,34.7,0.000,0.084,0.00,0.000,12.0,16.8,2.6,93,12,13.9,19.9,3.2,91,9,12.0,16.8,2.6,93,12,39,29.33,,0,0,0,38.7,41.7,43.9,0.31,0.31,0.29
WEST,2015-12-01 14:35:00 EST,43.10647,-75.46146,655,36.6,36.6,28.8,93.3,34.8,0.000,0.084,0.00,0.000,11.4,18.5,2.5,86,11,13.2,20.4,3.0,84,10,11.4,18.5,2.5,86,11,32,29.33,,0,0,0,38.7,41.7,43.9,0.31,0.31,0.29
WEST,2015-12-01 14:40:00 EST,43.10647,-75.46146,655,36.6,36.7,28.9,93.1,34.8,0.000,0.084,0.00,0.000,11.2,16.6,2.4,89,12,13.0,18.6,3.0,89,10,11.2,16.6,2.4,89,12,21,29.33,,0,0,0,38.7,41.7,43.9,0.31,0.31,0.29
WEST,2015-12-01 14:45:00 EST,43.10647,-75.46146,655,36.6,36.7,29.2,93.2,34.9,0.000,0.084,0.00,0.000,10.7,15.3,1.7,95,12,12.2,17.4,2.2,93,9,10.7,15.3,1.7,95,12,20,29.32,,0,0,0,38.8,41.7,43.9,0.31,0.31,0.29
WEST,2015-12-01 14:50:00 EST,43.10647,-75.46146,655,36.7,36.7,28.7,93.4,34.9,0.000,0.084,0.00,0.000,11.8,18.5,2.2,95,9,13.4,20.8,2.7,94,8,11.8,18.5,2.2,95,9,22,29.32,,0,0,0,38.8,41.7,43.9,0.31,0.31,0.29
WEST,2015-12-01 14:55:00 EST,43.10647,-75.46146,655,36.7,36.7,29.1,93.6,35.0,0.000,0.084,0.00,0.000,11.0,17.0,2.4,95,11,12.5,20.4,3.1,92,9,11.0,17.0,2.4,95,11,18,29.32,,0,0,0,38.9,41.7,43.9,0.31,0.31,0.29
WEST,2015-12-01 15:00:00 EST,43.10647,-75.46146,655,36.6,36.7,29.4,93.6,35.0,0.000,0.084,0.00,0.000,10.3,16.1,1.7,94,12,11.8,19.2,2.2,93,10,10.3,16.1,1.7,94,12,14,29.32,,0,0,0,38.9,41.7,43.9,0.31,0.31,0.29
WEST,2015-12-01 15:05:00 EST,43.10647,-75.46146,655,36.7,36.7,28.9,93.9,35.1,0.004,0.088,0.00,0.004,11.3,17.4,2.3,92,13,13.1,21.3,2.9,90,10,11.3,17.4,2.3,92,13,12,29.32,,0,0,0,38.9,41.7,43.9,0.31,0.31,0.29
WEST,2015-12-01 15:10:00 EST,43.10647,-75.46146,655,36.7,36.8,28.9,94.1,35.1,0.000,0.088,0.00,0.004,11.3,14.6,1.6,94,11,12.9,17.9,2.2,92,9,11.3,14.6,1.6,94,11,11,29.32,,0,0,0,38.9,41.7,43.9,0.31,0.31,0.29
WEST,2015-12-01 15:15:00 EST,43.10647,-75.46146,655,36.7,36.8,28.9,94.1,35.2,0.000,0.088,0.00,0.004,11.5,15.9,2.2,89,11,13.4,18.8,2.8,89,8,11.5,15.9,2.2,89,11,10,29.32,,0,0,0,38.9,41.7,43.9,0.31,0.31,0.29
WEST,2015-12-01 15:20:00 EST,43.10647,-75.46146,655,36.7,36.8,28.9,93.9,35.2,0.000,0.088,0.00,0.004,11.6,18.4,2.6,96,12,13.3,21.9,3.1,94,9,11.6,18.4,2.6,96,12,12,29.32,,0,0,0,38.9,41.7,43.9,0.31,0.31,0.29
WEST,2015-12-01 15:25:00 EST,43.10647,-75.46146,655,36.7,36.8,28.9,94.3,35.2,0.000,0.088,0.00,0.004,11.5,17.2,2.4,95,10,13.2,20.1,2.9,94,8,11.5,17.2,2.4,95,10,12,29.32,,0,0,0,38.9,41.7,43.9,0.31,0.31,0.29
WEST,2015-12-01 15:30:00 EST,43.10647,-75.46146,655,36.8,36.9,28.6,94.4,35.3,0.002,0.090,0.00,0.006,12.4,17.7,2.0,95,10,14.2,20.4,2.5,95,8,12.4,17.7,2.0,95,10,10,29.32,,0,0,0,38.9,41.7,43.9,0.31,0.31,0.29
WEST,2015-12-01 15:35:00 EST,43.10647,-75.46146,655,36.8,36.9,29.4,94.3,35.4,0.001,0.091,0.00,0.007,10.8,17.1,2.1,90,11,12.5,19.7,2.5,91,8,10.8,17.1,2.1,90,11,8,29.32,,0,0,0,39.0,41.7,43.9,0.31,0.31,0.29
WEST,2015-12-01 15:40:00 EST,43.10647,-75.46146,655,36.9,37.0,29.3,94.6,35.5,0.002,0.093,0.00,0.009,11.0,14.9,2.0,94,13,13.5,17.9,2.5,91,10,11.0,14.9,2.0,94,13,9,29.32,,0,0,0,39.0,41.7,43.9,0.31,0.31,0.29
WEST,2015-12-01 15:45:00 EST,43.10647,-75.46146,655,36.9,37.0,29.4,94.6,35.5,0.003,0.096,0.00,0.012,11.0,17.0,2.4,93,11,13.4,20.4,2.9,91,8,11.0,17.0,2.4,93,11,9,29.32,,0,0,0,39.0,41.7,43.9,0.31,0.31,0.29
WEST,2015-12-01 15:50:00 EST,43.10647,-75.46146,655,36.9,37.0,30.5,95.0,35.6,0.001,0.096,0.00,0.012,8.6,13.3,1.7,90,11,10.4,17.0,2.1,89,9,8.6,13.3,1.7,90,11,7,29.32,,0,0,0,39.0,41.7,43.9,0.31,0.31,0.29
WEST,2015-12-01 15:55:00 EST,43.10647,-75.46146,655,37.0,37.1,29.9,95.1,35.7,0.000,0.096,0.00,0.012,9.9,14.7,1.8,94,11,12.0,17.9,2.3,91,8,9.9,14.7,1.8,94,11,5,29.32,,0,0,0,39.0,41.7,43.9,0.31,0.31,0.29
WEST,2015-12-01 16:00:00 EST,43.10647,-75.46146,655,37.0,37.2,29.5,94.9,35.7,0.000,0.096,0.00,0.012,11.2,16.7,2.1,94,9,13.3,19.7,2.5,94,7,11.2,16.7,2.1,94,9,4,29.32,,0,0,0,39.0,41.8,43.9,0.31,0.31,0.29
WEST,2015-12-01 16:05:00 EST,43.10647,-75.46146,655,37.1,37.2,30.2,94.8,35.8,0.000,0.096,0.00,0.008,9.8,13.4,1.6,95,13,11.5,16.1,2.0,94,11,9.8,13.4,1.6,95,13,3,29.32,,0,0,0,39.1,41.8,43.9,0.31,0.31,0.29
WEST,2015-12-01 16:10:00 EST,43.10647,-75.46146,655,37.2,37.3,30.3,94.9,35.8,0.000,0.096,0.00,0.008,9.7,14.4,2.2,94,12,11.4,17.2,2.6,93,8,9.7,14.4,2.2,94,12,3,29.32,,0,0,0,39.1,41.8,43.9,0.31,0.31,0.29
WEST,2015-12-01 16:15:00 EST,43.10647,-75.46146,655,37.2,37.3,30.1,94.8,35.9,0.000,0.096,0.00,0.008,10.2,14.8,1.9,93,9,11.8,17.2,2.4,93,8,10.2,14.8,1.9,93,9,2,29.32,,0,0,0,39.1,41.8,43.9,0.31,0.31,0.29
WEST,2015-12-01 16:20:00 EST,43.10647,-75.46146,655,37.2,37.4,30.0,94.7,35.9,0.000,0.096,0.00,0.008,10.5,15.5,1.9,95,11,12.1,17.7,2.3,94,7,10.5,15.5,1.9,95,11,1,29.32,,0,0,0,39.1,41.8,43.9,0.31,0.31,0.29
WEST,2015-12-01 16:25:00 EST,43.10647,-75.46146,655,37.3,37.4,30.2,94.6,35.9,0.000,0.096,0.00,0.008,10.2,17.0,2.3,99,12,11.6,18.8,2.7,97,10,10.2,17.0,2.3,99,12,1,29.32,,0,0,0,39.1,41.7,43.9,0.31,0.31,0.29
WEST,2015-12-01 16:30:00 EST,43.10647,-75.46146,655,37.3,37.4,29.9,94.5,35.9,0.002,0.098,0.00,0.008,10.9,15.1,2.1,96,11,12.5,18.8,2.7,94,9,10.9,15.1,2.1,96,11,1,29.31,,0,0,0,39.0,41.8,43.9,0.31,0.31,0.29
WEST,2015-12-01 16:35:00 EST,43.10647,-75.46146,655,37.3,37.4,30.0,94.6,35.9,0.002,0.100,0.00,0.009,10.7,15.7,1.7,94,11,12.2,18.3,2.1,94,8,10.7,15.7,1.7,94,11,0,29.31,,0,0,0,39.1,41.8,43.9,0.31,0.31,0.29
WEST,2015-12-01 16:40:00 EST,43.10647,-75.46146,655,37.4,37.5,29.6,94.5,35.9,0.001,0.101,0.00,0.008,11.9,17.5,2.4,94,10,13.6,20.6,2.8,93,7,11.9,17.5,2.4,94,10,0,29.31,,0,0,0,39.1,41.8,43.9,0.32,0.31,0.29
WEST,2015-12-01 16:45:00 EST,43.10647,-75.46146,655,37.4,37.5,29.7,94.4,35.9,0.003,0.104,0.00,0.008,11.6,16.7,2.2,98,11,13.2,18.8,2.6,95,9,11.6,16.7,2.2,98,11,0,29.31,,0,0,0,39.1,41.8,43.9,0.32,0.31,0.29
WEST,2015-12-01 16:50:00 EST,43.10647,-75.46146,655,37.3,37.5,30.5,94.6,35.9,0.003,0.106,0.00,0.010,9.6,13.6,1.7,95,11,11.2,16.3,2.0,93,8,9.6,13.6,1.7,95,11,0,29.31,,0,0,0,39.1,41.8,43.9,0.32,0.31,0.29
WEST,2015-12-01 16:55:00 EST,43.10647,-75.46146,655,37.4,37.5,29.9,94.6,36.0,0.005,0.111,0.00,0.015,11.1,16.7,2.1,93,9,13.3,19.2,2.5,92,7,11.1,16.7,2.1,93,9,0,29.31,,0,0,0,39.2,41.8,43.9,0.33,0.31,0.29
WEST,2015-12-01 17:00:00 EST,43.10647,-75.46146,655,37.3,37.5,30.6,94.9,36.0,0.004,0.116,0.00,0.019,9.4,14.2,2.0,95,12,11.8,17.9,2.4,93,9,9.4,14.2,2.0,95,12,0,29.31,,0,0,0,39.1,41.8,43.9,0.33,0.31,0.29
WEST,2015-12-01 17:05:00 EST,43.10647,-75.46146,655,37.4,37.5,30.9,95.1,36.1,0.000,0.116,0.00,0.019,8.9,14.8,2.1,93,10,10.6,17.7,2.6,90,9,8.9,14.8,2.1,93,10,0,29.31,,0,0,0,39.1,41.8,43.9,0.33,0.31,0.29
WEST,2015-12-01 17:10:00 EST,43.10647,-75.46146,655,37.4,37.5,30.5,95.3,36.2,0.000,0.116,0.00,0.019,9.9,13.4,1.7,94,11,11.6,16.1,2.1,93,8,9.9,13.4,1.7,94,11,0,29.31,,0,0,0,39.2,41.8,43.8,0.33,0.31,0.29
WEST,2015-12-01 17:15:00 EST,43.10647,-75.46146,655,37.4,37.6,31.3,95.3,36.2,0.002,0.118,0.00,0.021,8.3,13.6,1.7,95,11,9.7,15.2,2.1,92,9,8.3,13.6,1.7,95,11,0,29.31,,0,0,0,39.2,41.8,43.8,0.33,0.31,0.29
WEST,2015-12-01 17:20:00 EST,43.10647,-75.46146,655,37.4,37.6,30.8,95.4,36.2,0.002,0.119,0.00,0.023,9.4,15.1,2.0,99,11,10.9,17.4,2.4,96,8,9.4,15.1,2.0,99,11,0,29.31,,0,0,0,39.2,41.8,43.9,0.33,0.31,0.29
WEST,2015-12-01 17:25:00 EST,43.10647,-75.46146,655,37.5,37.7,30.6,95.2,36.3,0.001,0.120,0.00,0.024,9.9,13.8,1.6,95,11,11.5,15.7,1.9,92,8,9.9,13.8,1.6,95,11,0,29.30,,0,0,0,39.2,41.8,43.9,0.33,0.31,0.29
WEST,2015-12-01 17:30:00 EST,43.10647,-75.46146,655,37.6,37.7,30.3,95.1,36.3,0.005,0.125,0.00,0.027,10.7,16.6,2.3,98,15,12.2,18.8,2.8,95,10,10.7,16.6,2.3,98,15,0,29.30,,0,0,0,39.2,41.8,43.8,0.34,0.31,0.29
WEST,2015-12-01 17:35:00 EST,43.10647,-75.46146,655,37.6,37.7,30.5,95.0,36.3,0.006,0.131,0.00,0.031,10.5,14.4,1.8,96,12,12.6,18.8,2.4,95,10,10.5,14.4,1.8,96,12,0,29.30,,0,0,0,39.2,41.9,43.9,0.34,0.31,0.29
WEST,2015-12-01 17:40:00 EST,43.10647,-75.46146,655,37.6,37.7,31.1,95.2,36.3,0.002,0.133,0.00,0.032,9.1,13.7,2.0,101,11,11.3,17.0,2.6,99,9,9.1,13.7,2.0,101,11,0,29.30,,0,0,0,39.2,41.8,43.9,0.34,0.31,0.29
WEST,2015-12-01 17:45:00 EST,43.10647,-75.46146,655,37.6,37.8,30.8,95.2,36.4,0.003,0.136,0.00,0.032,9.8,13.6,1.9,98,13,12.1,17.0,2.4,95,10,9.8,13.6,1.9,98,13,0,29.30,,0,0,0,39.2,41.8,43.9,0.34,0.31,0.29
WEST,2015-12-01 17:50:00 EST,43.10647,-75.46146,655,37.7,37.8,30.7,95.1,36.4,0.002,0.138,0.00,0.031,10.1,18.3,2.7,93,12,12.7,22.1,3.4,92,9,10.1,18.3,2.7,93,12,0,29.30,,0,0,0,39.2,41.8,43.8,0.34,0.31,0.29
WEST,2015-12-01 17:55:00 EST,43.10647,-75.46146,655,37.7,37.8,31.8,95.3,36.4,0.003,0.140,0.00,0.029,7.8,12.1,2.2,106,12,10.2,16.3,2.8,101,8,7.8,12.1,2.2,106,12,0,29.30,,0,0,0,39.2,41.8,43.8,0.34,0.31,0.29
WEST,2015-12-01 18:00:00 EST,43.10647,-75.46146,655,37.7,37.8,31.3,95.4,36.5,0.004,0.145,0.00,0.029,8.8,13.8,1.9,102,13,11.4,20.4,2.8,98,10,8.8,13.8,1.9,102,13,0,29.30,,0,0,0,39.2,41.9,43.9,0.34,0.31,0.29
WEST,2015-12-01 18:05:00 EST,43.10647,-75.46146,655,37.7,37.8,31.0,95.5,36.5,0.005,0.150,0.00,0.034,9.5,15.9,1.7,99,12,13.0,21.9,3.1,97,10,9.5,15.9,1.7,99,12,0,29.30,,0,0,0,39.2,41.8,43.9,0.34,0.31,0.29
WEST,2015-12-01 18:10:00 EST,43.10647,-75.46146,655,37.7,37.8,30.4,95.6,36.5,0.003,0.152,0.00,0.037,10.8,15.3,1.9,99,12,14.0,21.3,2.7,97,8,10.8,15.3,1.9,99,12,0,29.29,,0,0,0,39.2,41.9,43.9,0.35,0.31,0.29
WEST,2015-12-01 18:15:00 EST,43.10647,-75.46146,655,37.7,37.8,30.5,95.6,36.5,0.004,0.156,0.00,0.038,10.5,16.1,2.5,98,12,13.0,23.0,3.4,95,9,10.5,16.1,2.5,98,12,0,29.29,,0,0,0,39.2,41.9,43.9,0.35,0.31,0.29
WEST,2015-12-01 18:20:00 EST,43.10647,-75.46146,655,37.7,37.9,31.5,95.7,36.6,0.000,0.156,0.00,0.037,8.5,13.3,1.6,103,12,10.2,16.1,2.0,99,10,8.5,13.3,1.6,103,12,0,29.29,,0,0,0,39.2,41.9,43.8,0.35,0.31,0.29
WEST,2015-12-01 18:25:00 EST,43.10647,-75.46146,655,37.8,37.9,31.4,95.6,36.7,0.000,0.156,0.00,0.036,8.9,13.9,1.9,98,9,10.7,17.4,2.4,96,7,8.9,13.9,1.9,98,9,0,29.29,,0,0,0,39.2,41.9,43.8,0.35,0.31,0.29
WEST,2015-12-01 18:30:00 EST,43.10647,-75.46146,655,37.9,38.0,30.8,95.4,36.7,0.002,0.158,0.00,0.033,10.5,15.4,2.2,101,13,12.6,18.6,2.8,96,9,10.5,15.4,2.2,101,13,0,29.29,,0,0,0,39.2,41.9,43.8,0.35,0.31,0.29
WEST,2015-12-01 18:35:00 EST,43.10647,-75.46146,655,38.0,38.1,31.2,95.3,36.7,0.000,0.158,0.00,0.027,9.8,14.6,1.8,98,9,11.6,18.1,2.3,95,7,9.8,14.6,1.8,98,9,0,29.29,,0,0,0,39.2,41.9,43.8,0.35,0.31,0.29
WEST,2015-12-01 18:40:00 EST,43.10647,-75.46146,655,38.0,38.1,30.8,95.2,36.8,0.000,0.158,0.00,0.025,10.8,15.3,1.8,100,10,12.8,18.3,2.2,98,7,10.8,15.3,1.8,100,10,0,29.29,,0,0,0,39.2,41.9,43.9,0.35,0.31,0.29
WEST,2015-12-01 18:45:00 EST,43.10647,-75.46146,655,38.1,38.2,30.9,95.1,36.8,0.000,0.158,0.00,0.022,10.7,17.5,2.0,100,10,12.5,20.4,2.5,97,7,10.7,17.5,2.0,100,10,0,29.29,,0,0,0,39.2,41.9,43.8,0.35,0.31,0.29
WEST,2015-12-01 18:50:00 EST,43.10647,-75.46146,655,38.1,38.2,30.7,95.1,36.8,0.002,0.160,0.00,0.023,11.4,16.4,2.4,96,10,13.0,19.5,2.8,94,8,11.4,16.4,2.4,96,10,0,29.29,,0,0,0,39.2,41.9,43.8,0.35,0.31,0.29
WEST,2015-12-01 18:55:00 EST,43.10647,-75.46146,655,38.1,38.2,30.8,95.0,36.8,0.000,0.160,0.00,0.020,11.1,16.8,1.9,98,10,12.9,19.0,2.4,96,7,11.1,16.8,1.9,98,10,0,29.29,,0,0,0,39.2,41.9,43.9,0.36,0.31,0.29
WEST,2015-12-01 19:00:00 EST,43.10647,-75.46146,655,38.2,38.3,31.3,95.2,36.9,0.000,0.160,0.00,0.016,10.2,14.1,1.7,97,11,11.7,17.2,2.2,95,8,10.2,14.1,1.7,97,11,0,29.28,,0,0,0,39.2,41.9,43.9,0.36,0.31,0.29
WEST,2015-12-01 19:05:00 EST,43.10647,-75.46146,655,38.2,38.3,30.8,95.2,37.0,0.000,0.160,0.00,0.011,11.4,15.7,1.8,94,11,13.3,19.5,2.3,92,7,11.4,15.7,1.8,94,11,0,29.28,,0,0,0,39.3,41.9,43.9,0.36,0.31,0.29
WEST,2015-12-01 19:10:00 EST,43.10647,-75.46146,655,38.3,38.4,30.9,95.0,37.0,0.000,0.160,0.00,0.008,11.4,16.4,2.1,94,9,13.1,19.2,2.6,93,7,11.4,16.4,2.1,94,9,0,29.28,,0,0,0,39.3,41.9,43.8,0.36,0.31,0.29
WEST,2015-12-01 19:15:00 EST,43.10647,-75.46146,655,38.3,38.4,31.2,94.9,37.0,0.000,0.160,0.00,0.004,10.9,15.0,1.8,97,10,12.5,17.4,2.3,95,7,10.9,15.0,1.8,97,10,0,29.29,,0,0,0,39.3,41.9,43.9,0.36,0.31,0.29
WEST,2015-12-01 19:20:00 EST,43.10647,-75.46146,655,38.4,38.5,31.2,94.8,37.0,0.000,0.160,0.00,0.004,11.0,15.5,1.7,95,9,12.7,18.3,2.1,93,8,11.0,15.5,1.7,95,9,0,29.28,,0,0,0,39.3,41.9,43.8,0.36,0.31,0.29
WEST,2015-12-01 19:25:00 EST,43.10647,-75.46146,655,38.4,38.6,31.3,94.8,37.1,0.000,0.160,0.00,0.004,11.0,16.8,1.9,94,9,12.6,19.5,2.3,94,7,11.0,16.8,1.9,94,9,0,29.28,,0,0,0,39.3,41.9,43.8,0.36,0.31,0.29
WEST,2015-12-01 19:30:00 EST,43.10647,-75.46146,655,38.5,38.6,31.0,94.7,37.1,0.000,0.160,0.00,0.002,11.7,16.9,1.9,94,10,13.4,19.2,2.3,92,7,11.7,16.9,1.9,94,10,0,29.28,,0,0,0,39.3,41.9,43.8,0.36,0.31,0.29
WEST,2015-12-01 19:35:00 EST,43.10647,-75.46146,655,38.5,38.7,31.6,94.6,37.1,0.000,0.160,0.00,0.002,10.5,14.4,1.5,93,10,12.1,17.9,1.9,92,6,10.5,14.4,1.5,93,10,0,29.29,,0,0,0,39.3,41.9,43.9,0.36,0.31,0.29
WEST,2015-12-01 19:40:00 EST,43.10647,-75.46146,655,38.6,38.7,32.1,94.6,37.2,0.000,0.160,0.00,0.002,9.6,14.0,1.7,93,10,11.0,16.1,2.0,92,7,9.6,14.0,1.7,93,10,0,29.28,,0,0,0,39.4,41.9,43.8,0.36,0.31,0.29
WEST,2015-12-01 19:45:00 EST,43.10647,-75.46146,655,38.6,38.7,31.4,94.8,37.2,0.000,0.160,0.00,0.002,11.1,16.1,2.1,93,9,12.8,19.2,2.6,92,7,11.1,16.1,2.1,93,9,0,29.28,,0,0,0,39.4,41.9,43.8,0.35,0.31,0.29
WEST,2015-12-01 19:50:00 EST,43.10647,-75.46146,655,38.6,38.8,31.4,94.5,37.2,0.000,0.160,0.00,0.000,11.4,14.6,1.5,96,9,13.1,17.7,2.0,94,6,11.4,14.6,1.5,96,9,0,29.28,,0,0,0,39.4,41.9,43.8,0.35,0.31,0.29
WEST,2015-12-01 19:55:00 EST,43.10647,-75.46146,655,38.6,38.8,31.5,94.6,37.2,0.000,0.160,0.00,0.000,11.1,16.0,1.9,95,10,12.8,18.3,2.3,94,7,11.1,16.0,1.9,95,10,0,29.27,,0,0,0,39.4,41.9,43.8,0.35,0.31,0.29
WEST,2015-12-01 20:00:00 EST,43.10647,-75.46146,655,38.7,38.8,30.9,94.6,37.2,0.000,0.160,0.00,0.000,12.7,16.5,1.9,93,9,14.7,19.9,2.3,93,7,12.7,16.5,1.9,93,9,0,29.27,,0,0,0,39.4,41.9,43.9,0.35,0.31,0.29
WEST,2015-12-01 20:05:00 EST,43.10647,-75.46146,655,38.7,38.8,31.3,94.6,37.3,0.000,0.160,0.00,0.000,11.7,17.2,2.0,97,10,13.5,19.2,2.4,94,7,11.7,17.2,2.0,97,10,0,29.26,,0,0,0,39.5,41.9,43.8,0.35,0.31,0.29
WEST,2015-12-01 20:10:00 EST,43.10647,-75.46146,655,38.6,38.8,31.5,94.6,37.2,0.000,0.160,0.00,0.000,11.0,15.6,1.9,98,10,12.7,18.3,2.4,97,7,11.0,15.6,1.9,98,10,0,29.26,,0,0,0,39.5,41.9,43.8,0.35,0.31,0.29
WEST,2015-12-01 20:15:00 EST,43.10647,-75.46146,655,38.6,38.8,31.7,94.6,37.2,0.000,0.160,0.00,0.000,10.7,15.1,1.7,101,11,12.3,17.9,2.1,99,9,10.7,15.1,1.7,101,11,0,29.27,,0,0,0,39.5,41.9,43.8,0.35,0.31,0.29
WEST,2015-12-01 20:20:00 EST,43.10647,-75.46146,655,38.7,38.8,32.0,94.5,37.2,0.000,0.160,0.00,0.000,10.1,14.0,2.0,100,11,11.6,16.3,2.4,97,8,10.1,14.0,2.0,100,11,0,29.26,,0,0,0,39.5,41.9,43.9,0.35,0.31,0.29
WEST,2015-12-01 20:25:00 EST,43.10647,-75.46146,655,38.7,38.8,32.0,94.7,37.3,0.000,0.160,0.00,0.000,10.1,14.7,1.9,98,13,11.5,16.1,2.3,96,10,10.1,14.7,1.9,98,13,0,29.26,,0,0,0,39.5,41.9,43.8,0.35,0.31,0.29
WEST,2015-12-01 20:30:00 EST,43.10647,-75.46146,655,38.7,38.9,31.3,94.7,37.3,0.000,0.160,0.00,0.000,11.8,16.6,2.7,94,9,13.6,19.0,3.2,94,7,11.8,16.6,2.7,94,9,0,29.26,,0,0,0,39.5,41.9,43.8,0.35,0.31,0.29
WEST,2015-12-01 20:35:00 EST,43.10647,-75.46146,655,38.8,38.9,31.8,94.5,37.3,0.000,0.160,0.00,0.000,10.8,14.2,1.5,94,10,12.6,16.6,2.0,94,7,10.8,14.2,1.5,94,10,0,29.26,,0,0,0,39.5,41.9,43.9,0.35,0.31,0.29
WEST,2015-12-01 20:40:00 EST,43.10647,-75.46146,655,38.8,39.0,32.1,94.6,37.4,0.000,0.160,0.00,0.000,10.2,14.5,1.7,95,9,11.8,17.4,2.2,94,7,10.2,14.5,1.7,95,9,0,29.26,,0,0,0,39.5,41.9,43.8,0.35,0.31,0.29
WEST,2015-12-01 20:45:00 EST,43.10647,-75.46146,655,38.9,39.0,32.4,94.6,37.5,0.000,0.160,0.00,0.000,9.6,14.7,2.2,99,10,11.1,17.7,2.6,97,8,9.6,14.7,2.2,99,10,0,29.25,,0,0,0,39.6,41.9,43.8,0.35,0.31,0.29
WEST,2015-12-01 20:50:00 EST,43.10647,-75.46146,655,38.9,39.1,32.3,94.6,37.5,0.000,0.160,0.00,0.000,10.0,13.7,1.6,96,11,11.6,16.6,2.0,95,8,10.0,13.7,1.6,96,11,0,29.25,,0,0,0,39.6,41.9,43.8,0.35,0.31,0.29
WEST,2015-12-01 20:55:00 EST,43.10647,-75.46146,655,39.0,39.1,32.1,94.4,37.5,0.000,0.160,0.00,0.000,10.8,15.7,2.0,95,9,12.4,18.1,2.5,93,7,10.8,15.7,2.0,95,9,0,29.25,,0,0,0,39.6,41.9,43.8,0.35,0.31,0.29
WEST,2015-12-01 21:00:00 EST,43.10647,-75.46146,655,39.0,39.1,31.5,94.3,37.5,0.000,0.160,0.00,0.000,12.1,17.0,2.1,94,10,14.0,20.4,2.5,92,8,12.1,17.0,2.1,94,10,0,29.24,,0,0,0,39.6,41.9,43.8,0.35,0.31,0.29
WEST,2015-12-01 21:05:00 EST,43.10647,-75.46146,655,39.0,39.1,31.5,94.2,37.4,0.000,0.160,0.00,0.000,12.1,18.4,2.2,97,9,14.1,22.1,2.7,95,6,12.1,18.4,2.2,97,9,0,29.24,,0,0,0,39.6,41.9,43.8,0.35,0.31,0.29
WEST,2015-12-01 21:10:00 EST,43.10647,-75.46146,655,39.0,39.1,31.9,94.2,37.5,0.000,0.160,0.00,0.000,11.1,16.1,1.7,94,12,12.9,19.2,2.2,93,9,11.1,16.1,1.7,94,12,0,29.24,,0,0,0,39.6,41.9,43.8,0.35,0.31,0.29
WEST,2015-12-01 21:15:00 EST,43.10647,-75.46146,655,39.0,39.1,31.9,94.5,37.5,0.000,0.160,0.00,0.000,11.2,14.7,1.6,91,10,12.8,17.4,2.0,90,8,11.2,14.7,1.6,91,10,0,29.24,,0,0,0,39.6,42.0,43.8,0.35,0.31,0.29
WEST,2015-12-01 21:20:00 EST,43.10647,-75.46146,655,39.0,39.2,32.8,94.7,37.6,0.000,0.160,0.00,0.000,9.2,13.2,1.7,89,11,10.7,15.4,2.1,89,8,9.2,13.2,1.7,89,11,0,29.25,,0,0,0,39.6,42.0,43.8,0.35,0.31,0.29
WEST,2015-12-01 21:25:00 EST,43.10647,-75.46146,655,39.1,39.2,32.9,94.5,37.7,0.000,0.160,0.00,0.000,9.2,12.6,1.3,91,10,10.6,14.8,1.7,90,7,9.2,12.6,1.3,91,10,0,29.25,,0,0,0,39.6,42.0,43.8,0.35,0.31,0.29
WEST,2015-12-01 21:30:00 EST,43.10647,-75.46146,655,39.1,39.2,32.7,94.6,37.7,0.000,0.160,0.00,0.000,9.6,15.8,1.8,92,13,11.2,18.6,2.3,91,9,9.6,15.8,1.8,92,13,0,29.24,,0,0,0,39.7,42.0,43.8,0.35,0.31,0.29
WEST,2015-12-01 21:35:00 EST,43.10647,-75.46146,655,39.1,39.2,32.4,94.6,37.7,0.000,0.160,0.00,0.000,10.2,14.7,1.8,97,10,11.8,17.7,2.3,96,9,10.2,14.7,1.8,97,10,0,29.24,,0,0,0,39.7,42.0,43.8,0.35,0.31,0.29
WEST,2015-12-01 21:40:00 EST,43.10647,-75.46146,655,39.1,39.3,32.2,94.2,37.6,0.000,0.160,0.00,0.000,10.9,16.3,2.1,94,10,12.5,19.7,2.7,93,8,10.9,16.3,2.1,94,10,0,29.23,,0,0,0,39.7,42.0,43.8,0.35,0.31,0.29
WEST,2015-12-01 21:45:00 EST,43.10647,-75.46146,655,39.0,39.2,32.1,94.4,37.6,0.000,0.160,0.00,0.000,10.8,15.7,1.8,95,11,12.5,18.6,2.4,93,8,10.8,15.7,1.8,95,11,0,29.23,,0,0,0,39.7,42.0,43.8,0.35,0.31,0.29
WEST,2015-12-01 21:50:00 EST,43.10647,-75.46146,655,39.1,39.2,32.9,94.7,37.7,0.000,0.160,0.00,0.000,9.1,16.1,2.1,97,14,10.6,19.5,2.6,95,9,9.1,16.1,2.1,97,14,0,29.23,,0,0,0,39.7,42.0,43.8,0.35,0.31,0.29
WEST,2015-12-01 21:55:00 EST,43.10647,-75.46146,655,39.2,39.3,32.9,94.5,37.7,0.000,0.160,0.00,0.000,9.3,14.4,1.7,91,13,10.6,17.7,2.2,90,10,9.3,14.4,1.7,91,13,0,29.22,,0,0,0,39.8,42.0,43.8,0.35,0.31,0.29
WEST,2015-12-01 22:00:00 EST,43.10647,-75.46146,655,39.2,39.3,33.3,94.5,37.7,0.000,0.160,0.00,0.000,8.6,14.5,1.8,94,10,9.8,16.1,2.3,92,7,8.6,14.5,1.8,94,10,0,29.22,,0,0,0,39.8,42.0,43.8,0.35,0.31,0.29
WEST,2015-12-01 22:05:00 EST,43.10647,-75.46146,655,39.2,39.3,33.5,94.5,37.8,0.000,0.160,0.00,0.000,8.2,12.0,1.4,101,13,9.5,15.4,1.9,98,11,8.2,12.0,1.4,101,13,0,29.22,,0,0,0,39.8,42.0,43.8,0.35,0.31,0.29
WEST,2015-12-01 22:10:00 EST,43.10647,-75.46146,655,39.2,39.4,33.6,94.4,37.7,0.000,0.160,0.00,0.000,8.0,12.2,1.8,95,12,9.3,14.3,2.2,94,10,8.0,12.2,1.8,95,12,0,29.23,,0,0,0,39.8,42.0,43.8,0.35,0.31,0.29
WEST,2015-12-01 22:15:00 EST,43.10647,-75.46146,655,39.2,39.4,33.7,94.3,37.7,0.000,0.160,0.00,0.000,8.0,11.7,1.7,96,12,9.1,13.9,2.2,94,10,8.0,11.7,1.7,96,12,0,29.22,,0,0,0,39.8,42.0,43.8,0.35,0.31,0.29
WEST,2015-12-01 22:20:00 EST,43.10647,-75.46146,655,39.2,39.4,33.0,94.4,37.7,0.000,0.160,0.00,0.000,9.4,14.2,1.4,95,10,10.7,15.7,1.7,94,7,9.4,14.2,1.4,95,10,0,29.22,,0,0,0,39.8,42.0,43.8,0.35,0.31,0.29
WEST,2015-12-01 22:25:00 EST,43.10647,-75.46146,655,39.2,39.3,33.0,94.4,37.7,0.000,0.160,0.00,0.000,9.3,15.0,2.0,95,11,10.7,18.3,2.5,95,10,9.3,15.0,2.0,95,11,0,29.22,,0,0,0,39.8,42.0,43.8,0.35,0.31,0.29
WEST,2015-12-01 22:30:00 EST,43.10647,-75.46146,655,39.2,39.3,33.1,94.3,37.7,0.000,0.160,0.00,0.000,9.0,13.2,1.9,99,13,10.4,16.1,2.5,96,10,9.0,13.2,1.9,99,13,0,29.22,,0,0,0,39.9,42.0,43.8,0.35,0.31,0.29
WEST,2015-12-01 22:35:00 EST,43.10647,-75.46146,655,39.1,39.3,33.1,94.3,37.7,0.000,0.160,0.00,0.000,9.0,12.5,1.3,96,9,10.3,14.8,1.7,95,7,9.0,12.5,1.3,96,9,0,29.22,,0,0,0,39.9,42.0,43.8,0.35,0.31,0.29
WEST,2015-12-01 22:40:00 EST,43.10647,-75.46146,655,39.2,39.3,33.3,94.4,37.7,0.000,0.160,0.00,0.000,8.4,11.8,1.7,88,8,9.7,14.1,2.1,89,7,8.4,11.8,1.7,88,8,0,29.22,,0,0,0,39.9,42.0,43.8,0.35,0.31,0.29
WEST,2015-12-01 22:45:00 EST,43.10647,-75.46146,655,39.2,39.3,33.2,94.4,37.7,0.000,0.160,0.00,0.000,8.9,12.1,1.4,81,7,10.2,15.0,1.8,81,8,8.9,12.1,1.4,81,7,0,29.22,,0,0,0,39.9,42.0,43.8,0.35,0.31,0.29
WEST,2015-12-01 22:50:00 EST,43.10647,-75.46146,655,39.2,39.4,33.3,94.6,37.8,0.000,0.160,0.00,0.000,8.7,12.3,1.8,85,12,10.0,14.3,2.1,84,10,8.7,12.3,1.8,85,12,0,29.22,,0,0,0,39.9,42.1,43.8,0.35,0.31,0.29
WEST,2015-12-01 22:55:00 EST,43.10647,-75.46146,655,39.2,39.4,32.9,94.7,37.8,0.002,0.162,0.00,0.002,9.4,12.9,1.6,90,9,11.0,15.4,2.0,90,7,9.4,12.9,1.6,90,9,0,29.22,,0,0,0,39.9,42.1,43.8,0.35,0.31,0.29
WEST,2015-12-01 23:00:00 EST,43.10647,-75.46146,655,39.2,39.3,33.3,94.8,37.8,0.002,0.164,0.00,0.004,8.7,12.8,1.6,87,9,10.2,15.2,2.1,87,7,8.7,12.8,1.6,87,9,0,29.22,,0,0,0,39.9,42.0,43.8,0.35,0.31,0.29
WEST,2015-12-01 23:05:00 EST,43.10647,-75.46146,655,39.2,39.3,32.8,95.2,37.9,0.004,0.168,0.00,0.008,9.7,14.5,1.7,87,9,11.8,16.1,2.0,86,7,9.7,14.5,1.7,87,9,0,29.22,,0,0,0,39.9,42.1,43.8,0.35,0.31,0.29
WEST,2015-12-01 23:10:00 EST,43.10647,-75.46146,655,39.1,39.2,33.5,95.5,37.9,0.007,0.175,0.00,0.015,8.0,12.1,1.4,97,13,9.9,15.0,1.7,96,9,8.0,12.1,1.4,97,13,0,29.22,,0,0,0,40.0,42.1,43.8,0.35,0.31,0.29
WEST,2015-12-01 23:15:00 EST,43.10647,-75.46146,655,39.0,39.2,33.3,95.8,37.9,0.009,0.184,0.00,0.023,8.1,11.9,1.5,95,11,10.0,14.3,1.8,93,9,8.1,11.9,1.5,95,11,0,29.22,,0,0,0,40.0,42.1,43.8,0.35,0.31,0.29
WEST,2015-12-01 23:20:00 EST,43.10647,-75.46146,655,39.0,39.1,33.6,96.0,38.0,0.008,0.192,0.00,0.032,7.6,10.1,1.1,91,10,9.4,13.2,1.6,90,8,7.6,10.1,1.1,91,10,0,29.22,,0,0,0,40.0,42.1,43.8,0.35,0.31,0.29
WEST,2015-12-01 23:25:00 EST,43.10647,-75.46146,655,39.0,39.1,33.4,96.3,38.0,0.012,0.204,0.00,0.043,8.0,13.4,1.6,91,10,9.8,16.6,2.1,91,7,8.0,13.4,1.6,91,10,0,29.22,,0,0,0,40.0,42.1,43.8,0.35,0.31,0.29
WEST,2015-12-01 23:30:00 EST,43.10647,-75.46146,655,38.9,39.0,33.8,96.4,38.0,0.015,0.219,0.00,0.059,7.1,10.1,1.5,88,12,8.6,12.3,1.9,88,10,7.1,10.1,1.5,88,12,0,29.22,,0,0,0,40.0,42.0,43.8,0.36,0.31,0.29
WEST,2015-12-01 23:35:00 EST,43.10647,-75.46146,655,38.9,39.0,33.2,96.6,38.0,0.011,0.230,0.00,0.069,8.0,11.8,1.3,86,10,9.7,14.1,1.6,85,8,8.0,11.8,1.3,86,10,0,29.21,,0,0,0,40.0,42.1,43.8,0.37,0.31,0.29
WEST,2015-12-01 23:40:00 EST,43.10647,-75.46146,655,38.9,39.0,33.8,96.8,38.1,0.001,0.231,0.00,0.070,7.1,12.1,1.7,93,11,8.7,14.5,2.1,87,10,7.1,12.1,1.7,93,11,0,29.20,,0,0,0,40.0,42.1,43.8,0.37,0.31,0.29
WEST,2015-12-01 23:45:00 EST,43.10647,-75.46146,655,38.9,39.0,33.9,97.0,38.2,0.000,0.231,0.00,0.070,7.0,10.4,1.4,94,16,8.6,13.2,1.7,89,14,7.0,10.4,1.4,94,16,0,29.21,,0,0,0,40.0,42.1,43.8,0.37,0.31,0.29
WEST,2015-12-01 23:50:00 EST,43.10647,-75.46146,655,39.0,39.1,35.2,96.9,38.2,0.000,0.231,0.00,0.070,5.0,10.2,2.1,93,13,6.2,12.1,2.5,88,12,5.0,10.2,2.1,93,13,0,29.21,,0,0,0,40.0,42.1,43.8,0.37,0.31,0.29
WEST,2015-12-01 23:55:00 EST,43.10647,-75.46146,655,39.0,39.1,34.7,97.0,38.2,0.000,0.231,0.00,0.068,5.8,8.6,1.2,100,11,6.9,10.5,1.5,94,10,5.8,8.6,1.2,100,11,0,29.21,,0,0,0,40.1,42.1,43.9,0.37,0.31,0.29
WHIT,2015-12-01 00:00:00 EST,43.48507,-73.42307,120,19.2,20.7,19.2,94.5,17.8,0.000,0.000,0.00,0.000,0.3,0.9,0.3,9,21,1.0,1.6,0.2,21,23,0.3,0.9,0.3,9,21,0,30.24,,0,0,0,38.5,42.8,45.5,0.47,0.70,0.76
WHIT,2015-12-01 00:05:00 EST,43.48507,-73.42307,120,18.5,20.4,18.5,94.4,17.1,0.000,0.000,0.00,0.000,0.5,0.9,0.2,63,15,1.1,1.6,0.2,75,14,0.5,0.9,0.2,63,15,0,30.24,,0,0,0,38.5,42.8,45.5,0.47,0.71,0.76
WHIT,2015-12-01 00:10:00 EST,43.48507,-73.42307,120,17.8,20.1,17.8,94.3,16.4,0.000,0.000,0.00,0.000,0.2,0.6,0.2,97,5,0.9,1.3,0.2,113,9,0.2,0.6,0.2,97,5,0,30.24,,0,0,0,38.5,42.8,45.5,0.47,0.71,0.76
WHIT,2015-12-01 00:15:00 EST,43.48507,-73.42307,120,17.3,20.2,17.3,92.4,15.5,0.000,0.000,0.00,0.000,0.4,0.8,0.2,101,1,1.0,1.6,0.2,100,7,0.4,0.8,0.2,101,1,0,30.24,,0,0,0,38.5,42.8,45.5,0.47,0.70,0.76
WHIT,2015-12-01 00:20:00 EST,43.48507,-73.42307,120,17.4,20.0,17.4,92.9,15.7,0.000,0.000,0.00,0.000,0.0,0.0,0.0,0,0,0.7,0.9,0.1,153,19,0.0,0.0,0.0,0,0,0,30.24,,0,0,0,38.5,42.8,45.5,0.47,0.71,0.76
WHIT,2015-12-01 00:25:00 EST,43.48507,-73.42307,120,17.9,20.3,17.9,93.5,16.4,0.000,0.000,0.00,0.000,0.2,0.7,0.3,213,1,0.8,1.3,0.2,222,11,0.2,0.7,0.3,213,1,0,30.24,,0,0,0,38.5,42.8,45.5,0.47,0.71,0.76
WHIT,2015-12-01 00:30:00 EST,43.48507,-73.42307,120,18.7,20.4,18.7,94.7,17.4,0.000,0.000,0.00,0.000,0.2,1.0,0.3,248,8,0.9,1.8,0.4,244,30,0.2,1.0,0.3,248,8,0,30.24,,0,0,0,38.4,42.8,45.5,0.47,0.71,0.76
WHIT,2015-12-01 00:35:00 EST,43.48507,-73.42307,120,18.2,19.9,18.2,94.4,16.8,0.000,0.000,0.00,0.000,0.1,0.6,0.1,301,53,0.8,1.6,0.2,325,49,0.1,0.6,0.1,301,53,0,30.24,,0,0,0,38.4,42.7,45.5,0.47,0.71,0.76
WHIT,2015-12-01 00:40:00 EST,43.48507,-73.42307,120,17.8,20.0,17.8,93.5,16.3,0.000,0.000,0.00,0.000,0.9,1.2,0.2,16,3,1.4,2.0,0.2,24,9,0.9,1.2,0.2,16,3,0,30.24,,0,0,0,38.4,42.7,45.5,0.47,0.71,0.76
WHIT,2015-12-01 00:45:00 EST,43.48507,-73.42307,120,18.5,20.5,18.5,93.5,17.0,0.000,0.000,0.00,0.000,0.3,1.2,0.4,15,0,0.9,1.8,0.4,356,26,0.3,1.2,0.4,15,0,0,30.24,,0,0,0,38.3,42.7,45.5,0.47,0.71,0.76
WHIT,2015-12-01 00:50:00 EST,43.48507,-73.42307,120,18.9,20.7,18.9,94.8,17.7,0.000,0.000,0.00,0.000,0.2,0.9,0.3,308,9,0.9,1.3,0.2,316,15,0.2,0.9,0.3,308,9,0,30.24,,0,0,0,38.3,42.7,45.5,0.47,0.71,0.76
WHIT,2015-12-01 00:55:00 EST,43.48507,-73.42307,120,18.5,19.8,18.5,94.2,17.1,0.000,0.000,0.00,0.000,0.6,1.2,0.3,289,3,1.1,1.8,0.2,298,8,0.6,1.2,0.3,289,3,0,30.24,,0,0,0,38.3,42.7,45.5,0.47,0.70,0.76
WHIT,2015-12-01 01:00:00 EST,43.48507,-73.42307,120,18.4,19.8,18.4,93.7,16.9,0.000,0.000,0.00,0.000,0.1,0.1,0.0,292,2,0.6,0.9,0.2,339,23,0.1,0.1,0.0,292,2,0,30.24,,0,0,0,38.3,42.7,45.5,0.47,0.71,0.76
WHIT,2015-12-01 01:05:00 EST,43.48507,-73.42307,120,17.3,19.8,17.3,92.9,15.6,0.000,0.000,0.00,0.000,0.5,1.2,0.5,70,17,1.3,2.0,0.4,69,19,0.5,1.2,0.5,70,17,0,30.24,,0,0,0,38.3,42.7,45.5,0.47,0.70,0.76
WHIT,2015-12-01 01:10:00 EST,43.48507,-73.42307,120,17.8,19.8,17.8,94.0,16.4,0.000,0.000,0.00,0.000,1.4,1.8,0.2,80,2,1.9,2.5,0.3,87,4,1.4,1.8,0.2,80,2,0,30.24,,0,0,0,38.3,42.7,45.5,0.47,0.71,0.76
WHIT,2015-12-01 01:15:00 EST,43.48507,-73.42307,120,17.3,19.7,17.3,93.4,15.7,0.000,0.000,0.00,0.000,0.7,1.2,0.3,82,0,1.2,1.8,0.2,85,9,0.7,1.2,0.3,82,0,0,30.24,,0,0,0,38.3,42.7,45.5,0.47,0.71,0.76
WHIT,2015-12-01 01:20:00 EST,43.48507,-73.42307,120,17.3,19.4,17.3,92.2,15.4,0.000,0.000,0.00,0.000,0.1,0.9,0.2,324,3,0.8,1.6,0.3,7,31,0.1,0.9,0.2,324,3,0,30.24,,0,0,0,38.3,42.7,45.5,0.47,0.71,0.76
WHIT,2015-12-01 01:25:00 EST,43.48507,-73.42307,120,18.6,19.3,18.6,93.8,17.1,0.000,0.000,0.00,0.000,0.9,1.2,0.3,323,5,1.3,2.0,0.3,325,7,0.9,1.2,0.3,323,5,0,30.24,,0,0,0,38.3,42.7,45.5,0.47,0.71,0.76
WHIT,2015-12-01 01:30:00 EST,43.48507,-73.42307,120,18.5,19.2,18.5,94.5,17.2,0.000,0.000,0.00,0.000,0.5,0.8,0.1,307,0,1.0,1.3,0.1,324,10,0.5,0.8,0.1,307,0,0,30.25,,0,0,0,38.3,42.6,45.5,0.47,0.71,0.76
WHIT,2015-12-01 01:35:00 EST,43.48507,-73.42307,120,18.5,19.2,18.5,94.0,17.1,0.000,0.000,0.00,0.000,0.3,0.8,0.3,315,2,0.7,1.3,0.3,339,28,0.3,0.8,0.3,315,2,0,30.25,,0,0,0,38.3,42.7,45.5,0.47,0.71,0.76
WHIT,2015-12-01 01:40:00 EST,43.48507,-73.42307,120,18.6,19.5,18.6,93.8,17.2,0.000,0.000,0.00,0.000,0.1,0.1,0.0,315,0,0.5,1.1,0.2,339,28,0.1,0.1,0.0,315,0,0,30.25,,0,0,0,38.3,42.6,45.5,0.47,0.71,0.76
WHIT,2015-12-01 01:45:00 EST,43.48507,-73.42307,120,18.5,19.5,18.5,93.8,17.0,0.000,0.000,0.00,0.000,0.1,0.1,0.0,315,0,0.4,1.6,0.3,305,57,0.1,0.1,0.0,315,0,0,30.25,,0,0,0,38.3,42.6,45.5,0.47,0.71,0.76
WHIT,2015-12-01 01:50:00 EST,43.48507,-73.42307,120,18.6,19.6,18.6,93.6,17.1,0.000,0.000,0.00,0.000,0.3,0.7,0.2,269,6,0.9,1.3,0.2,279,12,0.3,0.7,0.2,269,6,0,30.25,,0,0,0,38.2,42.6,45.5,0.47,0.71,0.76
WHIT,2015-12-01 01:55:00 EST,43.48507,-73.42307,120,18.1,19.8,18.1,93.3,16.4,0.000,0.000,0.00,0.000,0.1,0.1,0.0,270,0,0.3,1.1,0.2,321,61,0.1,0.1,0.0,270,0,0,30.25,,0,0,0,38.2,42.6,45.5,0.47,0.71,0.76
WHIT,2015-12-01 02:00:00 EST,43.48507,-73.42307,120,17.6,19.8,17.6,92.9,15.9,0.000,0.000,0.00,0.000,0.4,1.0,0.3,61,27,1.2,1.8,0.4,65,11,0.4,1.0,0.3,61,27,0,30.25,,0,0,0,38.2,42.6,45.5,0.47,0.71,0.76
WHIT,2015-12-01 02:05:00 EST,43.48507,-73.42307,120,17.5,19.4,17.5,93.3,15.9,0.000,0.000,0.00,0.000,0.5,1.2,0.5,67,0,1.2,1.8,0.4,52,13,0.5,1.2,0.5,67,0,0,30.25,,0,0,0,38.1,42.6,45.5,0.47,0.71,0.76
WHIT,2015-12-01 02:10:00 EST,43.48507,-73.42307,120,17.7,19.5,17.7,92.4,15.9,0.000,0.000,0.00,0.000,0.4,1.1,0.4,346,14,1.2,1.6,0.2,358,23,0.4,1.1,0.4,346,14,0,30.25,,0,0,0,38.1,42.6,45.5,0.47,0.70,0.76
WHIT,2015-12-01 02:15:00 EST,43.48507,-73.42307,120,18.3,19.4,18.3,93.6,16.8,0.000,0.000,0.00,0.000,0.3,0.9,0.3,310,4,0.8,1.3,0.2,310,15,0.3,0.9,0.3,310,4,0,30.25,,0,0,0,38.1,42.6,45.5,0.47,0.71,0.76
WHIT,2015-12-01 02:20:00 EST,43.48507,-73.42307,120,17.9,19.2,17.9,94.0,16.5,0.000,0.000,0.00,0.000,0.1,0.1,0.0,308,0,0.4,1.6,0.2,316,45,0.1,0.1,0.0,308,0,0,30.25,,0,0,0,38.1,42.6,45.5,0.47,0.71,0.76
WHIT,2015-12-01 02:25:00 EST,43.48507,-73.42307,120,18.1,19.2,18.1,93.3,16.5,0.000,0.000,0.00,0.000,0.1,0.1,0.0,306,11,0.4,2.2,0.3,169,49,0.1,0.1,0.0,306,11,0,30.25,,0,0,0,38.1,42.6,45.5,0.47,0.71,0.76
WHIT,2015-12-01 02:30:00 EST,43.48507,-73.42307,120,18.8,20.2,18.8,94.4,17.4,0.000,0.000,0.00,0.000,0.0,0.0,0.0,0,0,0.6,4.9,0.6,1,65,0.0,0.0,0.0,0,0,0,30.24,,0,0,0,38.1,42.6,45.5,0.47,0.70,0.76
WHIT,2015-12-01 02:35:00 EST,43.48507,-73.42307,120,18.4,20.0,18.4,94.2,17.0,0.000,0.000,0.00,0.000,0.0,0.0,0.0,0,0,0.4,1.8,0.3,20,50,0.0,0.0,0.0,0,0,0,30.24,,0,0,0,38.1,42.6,45.5,0.47,0.71,0.76
WHIT,2015-12-01 02:40:00 EST,43.48507,-73.42307,120,17.5,19.8,17.5,93.1,15.9,0.000,0.000,0.00,0.000,0.0,0.0,0.0,0,0,0.7,1.3,0.3,335,26,0.0,0.0,0.0,0,0,0,30.24,,0,0,0,38.1,42.6,45.5,0.47,0.71,0.76
WHIT,2015-12-01 02:45:00 EST,43.48507,-73.42307,120,17.4,19.5,17.4,92.0,15.4,0.000,0.000,0.00,0.000,0.0,0.0,0.0,0,0,0.5,0.9,0.1,31,30,0.0,0.0,0.0,0,0,0,30.24,,0,0,0,38.1,42.6,45.5,0.47,0.71,0.76
WHIT,2015-12-01 02:50:00 EST,43.48507,-73.42307,120,17.9,19.3,17.9,93.1,16.2,0.000,0.000,0.00,0.000,0.0,0.0,0.0,0,0,0.8,1.3,0.2,24,23,0.0,0.0,0.0,0,0,0,30.24,,0,0,0,38.1,42.6,45.5,0.47,0.71,0.76
WHIT,2015-12-01 02:55:00 EST,43.48507,-73.42307,120,17.1,19.3,17.1,93.2,15.5,0.000,0.000,0.00,0.000,0.8,1.5,0.6,35,0,1.5,2.0,0.3,31,16,0.8,1.5,0.6,35,0,0,30.24,,0,0,0,38.1,42.6,45.5,0.47,0.71,0.76
WHIT,2015-12-01 03:00:00 EST,43.48507,-73.42307,120,16.9,19.2,16.9,92.9,15.2,0.000,0.000,0.00,0.000,1.1,1.8,0.2,19,7,1.6,2.2,0.2,20,9,1.1,1.8,0.2,19,7,0,30.24,,0,0,0,38.0,42.6,45.5,0.47,0.71,0.76
WHIT,2015-12-01 03:05:00 EST,43.48507,-73.42307,120,17.1,20.2,17.1,92.3,15.2,0.000,0.000,0.00,0.000,1.7,2.6,0.3,12,9,2.2,3.1,0.4,17,11,1.7,2.6,0.3,12,9,0,30.24,,0,0,0,38.0,42.6,45.5,0.47,0.71,0.76
WHIT,2015-12-01 03:10:00 EST,43.48507,-73.42307,120,18.1,19.5,18.1,93.4,16.5,0.000,0.000,0.00,0.000,0.8,2.1,0.4,340,18,1.4,2.7,0.4,342,16,0.8,2.1,0.4,340,18,0,30.23,,0,0,0,38.0,42.6,45.5,0.47,0.71,0.76
WHIT,2015-12-01 03:15:00 EST,43.48507,-73.42307,120,18.7,20.1,18.7,94.7,17.4,0.000,0.000,0.00,0.000,1.4,2.3,0.4,9,11,1.9,2.7,0.4,14,13,1.4,2.3,0.4,9,11,0,30.23,,0,0,0,38.0,42.6,45.5,0.47,0.71,0.76
WHIT,2015-12-01 03:20:00 EST,43.48507,-73.42307,120,18.1,19.9,18.1,94.2,16.8,0.000,0.000,0.00,0.000,0.8,2.4,0.7,8,11,1.4,2.7,0.6,4,26,0.8,2.4,0.7,8,11,0,30.23,,0,0,0,38.0,42.6,45.5,0.47,0.71,0.76
WHIT,2015-12-01 03:25:00 EST,43.48507,-73.42307,120,17.5,18.9,17.5,91.9,15.5,0.000,0.000,0.00,0.000,0.3,0.7,0.2,290,3,0.8,1.3,0.3,300,17,0.3,0.7,0.2,290,3,0,30.23,,0,0,0,38.0,42.6,45.5,0.47,0.71,0.76
WHIT,2015-12-01 03:30:00 EST,43.48507,-73.42307,120,18.3,18.8,18.3,92.8,16.5,0.000,0.000,0.00,0.000,0.0,0.1,0.0,283,8,0.5,1.8,0.3,75,67,0.0,0.1,0.0,283,8,0,30.23,,0,0,0,37.9,42.6,45.5,0.47,0.71,0.76
WHIT,2015-12-01 03:35:00 EST,43.48507,-73.42307,120,17.7,19.2,17.7,93.2,16.0,0.000,0.000,0.00,0.000,0.0,0.0,0.0,0,0,0.9,1.3,0.1,12,16,0.0,0.0,0.0,0,0,0,30.23,,0,0,0,37.9,42.6,45.5,0.47,0.71,0.76
WHIT,2015-12-01 03:40:00 EST,43.48507,-73.42307,120,17.5,19.0,17.5,92.3,15.6,0.000,0.000,0.00,0.000,0.4,0.9,0.3,22,3,1.2,1.6,0.1,17,9,0.4,0.9,0.3,22,3,0,30.22,,0,0,0,37.9,42.6,45.5,0.47,0.71,0.76
WHIT,2015-12-01 03:45:00 EST,43.48507,-73.42307,120,17.2,19.2,17.2,91.3,15.1,0.000,0.000,0.00,0.000,0.0,0.5,0.1,8,6,0.8,1.3,0.3,342,20,0.0,0.5,0.1,8,6,0,30.22,,0,0,0,37.9,42.6,45.5,0.47,0.71,0.76
WHIT,2015-12-01 03:50:00 EST,43.48507,-73.42307,120,17.7,19.0,17.7,91.7,15.7,0.000,0.000,0.00,0.000,0.7,1.2,0.4,283,5,1.2,1.8,0.2,293,9,0.7,1.2,0.4,283,5,0,30.22,,0,0,0,37.9,42.6,45.5,0.47,0.71,0.76
WHIT,2015-12-01 03:55:00 EST,43.48507,-73.42307,120,17.8,19.1,17.8,93.4,16.2,0.000,0.000,0.00,0.000,0.8,1.2,0.2,304,15,1.3,1.6,0.2,313,17,0.8,1.2,0.2,304,15,0,30.22,,0,0,0,37.9,42.6,45.5,0.47,0.71,0.76
WHIT,2015-12-01 04:00:00 EST,43.48507,-73.42307,120,18.4,19.4,18.4,93.7,16.9,0.000,0.000,0.00,0.000,1.0,1.4,0.3,346,14,1.6,2.2,0.3,354,17,1.0,1.4,0.3,346,14,0,30.22,,0,0,0,37.9,42.6,45.5,0.47,0.71,0.76
WHIT,2015-12-01 04:05:00 EST,43.48507,-73.42307,120,18.6,19.5,18.6,94.1,17.2,0.000,0.000,0.00,0.000,0.4,0.9,0.3,8,1,1.0,1.6,0.3,8,18,0.4,0.9,0.3,8,1,0,30.22,,0,0,0,37.9,42.6,45.5,0.47,0.71,0.76
WHIT,2015-12-01 04:10:00 EST,43.48507,-73.42307,120,19.0,19.7,19.0,93.8,17.5,0.000,0.000,0.00,0.000,0.9,1.7,0.6,25,13,1.5,2.2,0.4,28,18,0.9,1.7,0.6,25,13,0,30.22,,0,0,0,37.9,42.6,45.5,0.47,0.71,0.76
WHIT,2015-12-01 04:15:00 EST,43.48507,-73.42307,120,19.0,19.9,19.0,93.9,17.5,0.000,0.000,0.00,0.000,0.6,1.4,0.4,346,14,1.2,2.5,0.4,352,20,0.6,1.4,0.4,346,14,0,30.22,,0,0,0,37.9,42.6,45.5,0.47,0.71,0.76
WHIT,2015-12-01 04:20:00 EST,43.48507,-73.42307,120,18.1,19.0,18.1,92.3,16.3,0.000,0.000,0.00,0.000,0.6,1.2,0.3,81,18,1.2,1.8,0.3,81,21,0.6,1.2,0.3,81,18,0,30.22,,0,0,0,37.9,42.6,45.5,0.47,0.71,0.76
WHIT,2015-12-01 04:25:00 EST,43.48507,-73.42307,120,18.6,19.4,18.6,92.8,16.9,0.000,0.000,0.00,0.000,0.1,0.6,0.2,101,1,0.6,1.3,0.3,81,37,0.1,0.6,0.2,101,1,0,30.22,,0,0,0,37.9,42.6,45.5,0.47,0.71,0.76
WHIT,2015-12-01 04:30:00 EST,43.48507,-73.42307,120,18.5,19.4,18.5,92.7,16.8,0.000,0.000,0.00,0.000,0.0,0.0,0.0,0,0,0.5,1.1,0.3,346,32,0.0,0.0,0.0,0,0,0,30.22,,0,0,0,37.8,42.5,45.5,0.47,0.71,0.76
WHIT,2015-12-01 04:35:00 EST,43.48507,-73.42307,120,18.9,19.4,18.9,92.7,17.1,0.000,0.000,0.00,0.000,0.1,0.7,0.2,47,1,1.1,1.6,0.1,15,18,0.1,0.7,0.2,47,1,0,30.22,,0,0,0,37.8,42.6,45.5,0.47,0.71,0.76
WHIT,2015-12-01 04:40:00 EST,43.48507,-73.42307,120,19.2,19.7,19.2,93.3,17.6,0.000,0.000,0.00,0.000,0.8,1.5,0.5,11,14,1.5,2.2,0.4,12,18,0.8,1.5,0.5,11,14,0,30.22,,0,0,0,37.8,42.6,45.5,0.47,0.71,0.76
WHIT,2015-12-01 04:45:00 EST,43.48507,-73.42307,120,19.3,20.2,19.3,92.9,17.5,0.000,0.000,0.00,0.000,0.7,1.6,0.6,8,10,1.4,2.5,0.5,5,17,0.7,1.6,0.6,8,10,0,30.22,,0,0,0,37.8,42.5,45.5,0.47,0.71,0.76
WHIT,2015-12-01 04:50:00 EST,43.48507,-73.42307,120,19.3,20.1,19.3,92.5,17.5,0.000,0.000,0.00,0.000,0.7,1.8,0.5,319,21,1.3,2.5,0.4,333,23,0.7,1.8,0.5,319,21,0,30.22,,0,0,0,37.8,42.5,45.5,0.47,0.71,0.76
WHIT,2015-12-01 04:55:00 EST,43.48507,-73.42307,120,19.4,20.1,19.4,92.9,17.7,0.000,0.000,0.00,0.000,0.6,1.3,0.3,313,18,1.2,2.0,0.3,321,20,0.6,1.3,0.3,313,18,0,30.22,,0,0,0,37.8,42.5,45.5,0.47,0.71,0.76
WHIT,2015-12-01 05:00:00 EST,43.48507,-73.42307,120,19.3,20.3,19.3,92.5,17.4,0.000,0.000,0.00,0.000,1.0,2.3,0.6,350,17,1.6,3.4,0.6,355,16,1.0,2.3,0.6,350,17,0,30.22,,0,0,0,37.8,42.5,45.5,0.47,0.71,0.76
WHIT,2015-12-01 05:05:00 EST,43.48507,-73.42307,120,19.0,20.4,19.0,92.4,17.2,0.000,0.000,0.00,0.000,1.8,3.2,0.5,19,12,2.2,3.4,0.5,26,8,1.8,3.2,0.5,19,12,0,30.22,,0,0,0,37.8,42.5,45.5,0.47,0.71,0.76
WHIT,2015-12-01 05:10:00 EST,43.48507,-73.42307,120,18.8,20.6,18.8,92.0,16.8,0.000,0.000,0.00,0.000,1.4,2.3,0.4,4,12,2.0,2.9,0.4,10,13,1.4,2.3,0.4,4,12,0,30.22,,0,0,0,37.8,42.5,45.5,0.47,0.71,0.76
WHIT,2015-12-01 05:15:00 EST,43.48507,-73.42307,120,18.8,20.5,18.8,92.0,16.9,0.000,0.000,0.00,0.000,0.8,1.7,0.5,333,25,1.5,2.5,0.4,335,26,0.8,1.7,0.5,333,25,0,30.22,,0,0,0,37.8,42.5,45.5,0.47,0.71,0.76
WHIT,2015-12-01 05:20:00 EST,43.48507,-73.42307,120,19.9,20.3,19.9,93.5,18.3,0.000,0.000,0.00,0.000,1.3,1.8,0.3,311,9,1.6,2.2,0.3,318,11,1.3,1.8,0.3,311,9,0,30.23,,0,0,0,37.8,42.4,45.5,0.47,0.71,0.76
WHIT,2015-12-01 05:25:00 EST,43.48507,-73.42307,120,20.3,20.2,20.3,94.2,18.9,0.000,0.000,0.00,0.000,1.2,1.7,0.3,318,9,1.5,2.2,0.3,324,11,1.2,1.7,0.3,318,9,0,30.23,,0,0,0,37.7,42.5,45.5,0.47,0.71,0.76
WHIT,2015-12-01 05:30:00 EST,43.48507,-73.42307,120,20.4,20.4,20.4,93.9,19.0,0.000,0.000,0.00,0.000,1.2,4.2,1.2,30,19,1.7,4.9,1.1,33,23,1.2,4.2,1.2,30,19,0,30.22,,0,0,0,37.8,42.5,45.5,0.47,0.71,0.76
WHIT,2015-12-01 05:35:00 EST,43.48507,-73.42307,120,20.4,20.8,20.4,93.4,18.8,0.000,0.000,0.00,0.000,3.0,4.7,0.7,23,12,3.5,5.4,0.9,31,12,3.0,4.7,0.7,23,12,0,30.21,,0,0,0,37.8,42.5,45.5,0.47,0.71,0.76
WHIT,2015-12-01 05:40:00 EST,43.48507,-73.42307,120,20.6,21.1,20.6,93.3,19.0,0.000,0.000,0.00,0.000,2.9,5.3,1.1,1,13,3.6,6.5,1.3,9,14,2.9,5.3,1.1,1,13,0,30.21,,0,0,0,37.7,42.4,45.5,0.47,0.71,0.76
WHIT,2015-12-01 05:45:00 EST,43.48507,-73.42307,120,20.8,21.1,20.8,93.3,19.2,0.000,0.000,0.00,0.000,1.4,3.7,0.7,322,27,1.9,4.3,0.8,329,27,1.4,3.7,0.7,322,27,0,30.21,,0,0,0,37.7,42.4,45.5,0.47,0.71,0.76
WHIT,2015-12-01 05:50:00 EST,43.48507,-73.42307,120,20.4,20.6,20.4,92.3,18.5,0.000,0.000,0.00,0.000,1.7,2.6,0.4,352,18,2.2,4.0,0.6,357,18,1.7,2.6,0.4,352,18,0,30.20,,0,0,0,37.7,42.5,45.5,0.47,0.71,0.76
WHIT,2015-12-01 05:55:00 EST,43.48507,-73.42307,120,20.4,20.7,20.4,92.5,18.6,0.000,0.000,0.00,0.000,2.1,3.7,0.7,359,15,2.6,4.5,0.8,4,14,2.1,3.7,0.7,359,15,0,30.20,,0,0,0,37.6,42.4,45.5,0.47,0.71,0.76
WHIT,2015-12-01 06:00:00 EST,43.48507,-73.42307,120,20.5,20.8,20.5,92.9,18.7,0.000,0.000,0.00,0.000,2.6,5.0,1.0,10,16,3.2,6.7,1.2,17,16,2.6,5.0,1.0,10,16,0,30.19,,0,0,0,37.6,42.4,45.5,0.47,0.71,0.76
WHIT,2015-12-01 06:05:00 EST,43.48507,-73.42307,120,20.6,20.8,20.6,92.9,18.9,0.000,0.000,0.00,0.000,2.9,5.6,1.5,359,17,3.8,6.9,1.6,5,18,2.9,5.6,1.5,359,17,0,30.19,,0,0,0,37.6,42.4,45.5,0.47,0.71,0.76
WHIT,2015-12-01 06:10:00 EST,43.48507,-73.42307,120,20.6,20.8,16.1,92.8,18.8,0.000,0.000,0.00,0.000,3.1,4.7,1.1,1,14,4.0,6.0,1.3,5,12,3.1,4.7,1.1,1,14,0,30.19,,0,0,0,37.6,42.4,45.5,0.47,0.71,0.76
WHIT,2015-12-01 06:15:00 EST,43.48507,-73.42307,120,20.8,20.9,20.8,92.9,19.0,0.000,0.000,0.00,0.000,1.8,3.7,1.0,0,17,2.4,5.8,1.1,6,16,1.8,3.7,1.0,0,17,0,30.19,,0,0,0,37.6,42.4,45.5,0.47,0.71,0.76
WHIT,2015-12-01 06:20:00 EST,43.48507,-73.42307,120,21.0,21.0,21.0,93.1,19.4,0.000,0.000,0.00,0.000,1.5,2.7,0.5,317,26,1.8,2.9,0.5,322,26,1.5,2.7,0.5,317,26,0,30.20,,0,0,0,37.6,42.4,45.5,0.47,0.71,0.76
WHIT,2015-12-01 06:25:00 EST,43.48507,-73.42307,120,20.9,20.8,20.9,93.0,19.2,0.000,0.000,0.00,0.000,1.9,2.9,0.7,296,16,2.3,3.6,0.6,306,16,1.9,2.9,0.7,296,16,0,30.20,,0,0,0,37.6,42.4,45.5,0.47,0.71,0.76
WHIT,2015-12-01 06:30:00 EST,43.48507,-73.42307,120,21.0,20.8,21.0,92.9,19.3,0.000,0.000,0.00,0.000,1.0,1.8,0.5,20,19,1.5,2.7,0.4,20,24,1.0,1.8,0.5,20,19,0,30.19,,0,0,0,37.6,42.4,45.5,0.47,0.71,0.76
WHIT,2015-12-01 06:35:00 EST,43.48507,-73.42307,120,21.0,20.8,21.0,92.8,19.2,0.000,0.000,0.00,0.000,0.2,0.9,0.3,39,2,0.9,1.8,0.2,32,15,0.2,0.9,0.3,39,2,0,30.19,,0,0,0,37.6,42.4,45.5,0.47,0.71,0.76
WHIT,2015-12-01 06:40:00 EST,43.48507,-73.42307,120,21.1,21.1,21.1,92.8,19.4,0.000,0.000,0.00,0.000,0.0,0.0,0.0,0,0,0.5,1.8,0.3,357,58,0.0,0.0,0.0,0,0,0,30.19,,0,0,0,37.6,42.4,45.5,0.47,0.71,0.76
WHIT,2015-12-01 06:45:00 EST,43.48507,-73.42307,120,21.4,21.2,21.4,93.3,19.8,0.000,0.000,0.00,0.000,0.3,1.5,0.4,197,6,0.9,3.4,0.5,194,32,0.3,1.5,0.4,197,6,0,30.20,,0,0,0,37.6,42.4,45.5,0.47,0.71,0.76
WHIT,2015-12-01 06:50:00 EST,43.48507,-73.42307,120,21.8,21.6,21.8,93.6,20.2,0.000,0.000,0.00,0.000,0.8,1.5,0.3,259,51,1.2,2.0,0.3,289,52,0.8,1.5,0.3,259,51,0,30.20,,0,0,0,37.6,42.4,45.5,0.47,0.71,0.76
WHIT,2015-12-01 06:55:00 EST,43.48507,-73.42307,120,22.1,21.9,22.1,93.6,20.5,0.000,0.000,0.00,0.000,1.0,2.5,0.8,4,11,1.6,3.6,0.8,5,19,1.0,2.5,0.8,4,11,1,30.20,,0,0,0,37.6,42.4,45.5,0.47,0.71,0.76
WHIT,2015-12-01 07:00:00 EST,43.48507,-73.42307,120,22.4,22.1,22.4,93.7,20.9,0.000,0.000,0.00,0.000,0.0,0.1,0.0,286,26,0.7,1.8,0.3,324,68,0.0,0.1,0.0,286,26,1,30.20,,0,0,0,37.6,42.4,45.5,0.47,0.71,0.76
WHIT,2015-12-01 07:05:00 EST,43.48507,-73.42307,120,22.5,22.3,22.5,93.5,20.9,0.000,0.000,0.00,0.000,0.1,0.1,0.0,260,2,0.5,1.8,0.3,308,58,0.1,0.1,0.0,260,2,1,30.20,,0,0,0,37.6,42.4,45.5,0.47,0.71,0.76
WHIT,2015-12-01 07:10:00 EST,43.48507,-73.42307,120,22.7,22.4,22.7,93.5,21.1,0.000,0.000,0.00,0.000,0.2,1.2,0.4,13,18,1.0,1.6,0.3,34,24,0.2,1.2,0.4,13,18,1,30.20,,0,0,0,37.6,42.4,45.5,0.47,0.71,0.76
WHIT,2015-12-01 07:15:00 EST,43.48507,-73.42307,120,22.7,22.4,22.7,93.2,21.0,0.000,0.000,0.00,0.000,0.8,1.6,0.6,27,11,1.4,2.2,0.5,37,17,0.8,1.6,0.6,27,11,2,30.20,,0,0,0,37.6,42.4,45.5,0.47,0.71,0.76
WHIT,2015-12-01 07:20:00 EST,43.48507,-73.42307,120,22.8,22.5,22.8,93.1,21.1,0.000,0.000,0.00,0.000,0.1,1.1,0.3,48,13,0.9,1.6,0.2,36,26,0.1,1.1,0.3,48,13,3,30.20,,0,0,0,37.6,42.4,45.5,0.47,0.71,0.76
WHIT,2015-12-01 07:25:00 EST,43.48507,-73.42307,120,23.0,22.7,23.0,93.3,21.4,0.000,0.000,0.00,0.000,0.4,0.9,0.3,37,10,1.0,1.8,0.3,40,17,0.4,0.9,0.3,37,10,5,30.19,,0,0,0,37.5,42.4,45.5,0.47,0.71,0.76
WHIT,2015-12-01 07:30:00 EST,43.48507,-73.42307,120,23.2,22.9,23.2,93.6,21.7,0.000,0.000,0.00,0.000,1.2,2.0,0.6,12,11,1.8,2.5,0.5,21,16,1.2,2.0,0.6,12,11,6,30.19,,0,0,0,37.5,42.4,45.5,0.47,0.71,0.76
WHIT,2015-12-01 07:35:00 EST,43.48507,-73.42307,120,23.5,23.2,23.5,93.7,21.9,0.000,0.000,0.00,0.000,1.5,2.6,0.5,357,14,2.0,2.9,0.5,3,15,1.5,2.6,0.5,357,14,8,30.19,,0,0,0,37.5,42.4,45.5,0.46,0.71,0.76
WHIT,2015-12-01 07:40:00 EST,43.48507,-73.42307,120,23.7,23.4,23.7,93.4,22.0,0.000,0.000,0.00,0.000,2.2,3.6,0.8,11,15,2.6,4.3,0.7,17,16,2.2,3.6,0.8,11,15,10,30.18,,0,0,0,37.4,42.4,45.5,0.47,0.71,0.76
WHIT,2015-12-01 07:45:00 EST,43.48507,-73.42307,120,23.7,23.4,19.7,93.0,22.0,0.000,0.000,0.00,0.000,3.1,5.3,0.9,5,9,3.7,6.3,1.2,10,10,3.1,5.3,0.9,5,9,13,30.18,,0,0,0,37.4,42.4,45.5,0.47,0.71,0.76
WHIT,2015-12-01 07:50:00 EST,43.48507,-73.42307,120,23.8,23.5,19.6,92.5,21.9,0.000,0.000,0.00,0.000,3.2,4.9,0.9,360,13,3.9,6.0,1.1,5,12,3.2,4.9,0.9,360,13,18,30.18,,0,0,0,37.4,42.4,45.5,0.47,0.71,0.76
WHIT,2015-12-01 07:55:00 EST,43.48507,-73.42307,120,24.0,23.7,20.2,92.8,22.2,0.000,0.000,0.00,0.000,3.0,4.4,0.6,339,15,3.8,6.0,0.9,346,12,3.0,4.4,0.6,339,15,24,30.17,,0,0,0,37.4,42.4,45.5,0.47,0.71,0.76
WHIT,2015-12-01 08:00:00 EST,43.48507,-73.42307,120,24.2,24.0,24.2,92.8,22.5,0.000,0.000,0.00,0.000,2.7,4.3,0.7,355,21,3.4,5.8,0.9,1,20,2.7,4.3,0.7,355,21,26,30.18,,0,0,0,37.4,42.4,45.5,0.47,0.71,0.76
WHIT,2015-12-01 08:05:00 EST,43.48507,-73.42307,120,24.3,24.1,24.3,92.7,22.5,0.000,0.000,0.00,0.000,3.0,5.3,0.9,358,17,3.5,6.0,1.0,4,13,3.0,5.3,0.9,358,17,28,30.18,,0,0,0,37.4,42.4,45.5,0.47,0.71,0.76
WHIT,2015-12-01 08:10:00 EST,43.48507,-73.42307,120,24.5,24.2,24.5,92.6,22.7,0.000,0.000,0.00,0.000,2.1,3.8,0.8,355,19,2.7,5.6,0.9,357,16,2.1,3.8,0.8,355,19,33,30.18,,0,0,0,37.4,42.4,45.5,0.46,0.71,0.76
WHIT,2015-12-01 08:15:00 EST,43.48507,-73.42307,120,24.8,24.5,24.8,93.3,23.1,0.000,0.000,0.00,0.000,1.4,3.3,1.0,14,20,2.1,4.3,0.9,18,24,1.4,3.3,1.0,14,20,41,30.18,,0,0,0,37.4,42.4,45.5,0.47,0.71,0.76
WHIT,2015-12-01 08:20:00 EST,43.48507,-73.42307,120,24.8,24.5,24.8,92.6,23.0,0.000,0.000,0.00,0.000,2.2,3.9,0.9,21,11,2.6,4.5,0.9,27,12,2.2,3.9,0.9,21,11,45,30.18,,0,0,0,37.4,42.4,45.5,0.46,0.70,0.76
WHIT,2015-12-01 08:25:00 EST,43.48507,-73.42307,120,24.8,24.5,24.8,92.5,23.0,0.000,0.000,0.00,0.000,2.1,3.7,0.7,25,16,2.5,4.5,0.8,31,15,2.1,3.7,0.7,25,16,39,30.18,,0,0,0,37.4,42.4,45.5,0.47,0.70,0.76
WHIT,2015-12-01 08:30:00 EST,43.48507,-73.42307,120,24.9,24.7,24.9,92.2,22.9,0.000,0.000,0.00,0.000,2.9,4.0,0.7,12,14,3.6,4.9,0.7,19,15,2.9,4.0,0.7,12,14,44,30.18,,0,0,0,37.4,42.4,45.5,0.47,0.70,0.76
WHIT,2015-12-01 08:35:00 EST,43.48507,-73.42307,120,25.1,24.8,25.1,91.8,23.0,0.000,0.000,0.00,0.000,2.9,4.0,0.5,348,13,3.6,5.1,0.8,355,12,2.9,4.0,0.5,348,13,46,30.17,,0,0,0,37.4,42.4,45.5,0.46,0.70,0.76
WHIT,2015-12-01 08:40:00 EST,43.48507,-73.42307,120,25.3,25.1,25.3,92.0,23.3,0.000,0.000,0.00,0.000,2.1,3.1,0.6,340,11,2.8,4.3,0.7,347,10,2.1,3.1,0.6,340,11,49,30.17,,0,0,0,37.4,42.4,45.5,0.46,0.70,0.76
WHIT,2015-12-01 08:45:00 EST,43.48507,-73.42307,120,25.5,25.4,25.5,91.8,23.5,0.000,0.000,0.00,0.000,2.6,3.9,0.6,342,14,3.3,5.1,0.9,348,11,2.6,3.9,0.6,342,14,63,30.17,,0,0,0,37.4,42.3,45.5,0.46,0.70,0.76
WHIT,2015-12-01 08:50:00 EST,43.48507,-73.42307,120,25.7,25.7,25.7,91.9,23.7,0.000,0.000,0.00,0.000,2.2,3.6,0.6,336,20,2.7,5.1,0.8,344,20,2.2,3.6,0.6,336,20,74,30.17,,0,0,0,37.4,42.3,45.4,0.46,0.71,0.76
WHIT,2015-12-01 08:55:00 EST,43.48507,-73.42307,120,26.2,26.1,26.2,92.5,24.3,0.000,0.000,0.00,0.000,1.3,3.1,0.7,3,18,1.9,4.0,0.8,7,21,1.3,3.1,0.7,3,18,76,30.17,,0,0,0,37.4,42.3,45.5,0.47,0.70,0.76
WHIT,2015-12-01 09:00:00 EST,43.48507,-73.42307,120,26.2,26.1,26.2,91.5,24.1,0.000,0.000,0.00,0.000,2.2,3.8,0.7,2,23,2.8,4.7,0.8,8,19,2.2,3.8,0.7,2,23,80,30.17,,0,0,0,37.4,42.3,45.5,0.46,0.70,0.76
WHIT,2015-12-01 09:05:00 EST,43.48507,-73.42307,120,26.4,26.2,26.4,91.1,24.1,0.000,0.000,0.00,0.000,2.9,5.2,1.0,352,17,3.4,6.7,1.1,360,17,2.9,5.2,1.0,352,17,86,30.17,,0,0,0,37.3,42.3,45.5,0.47,0.70,0.76
WHIT,2015-12-01 09:10:00 EST,43.48507,-73.42307,120,26.5,26.3,26.5,90.9,24.2,0.000,0.000,0.00,0.000,2.7,3.9,0.6,350,19,3.3,4.9,0.8,355,19,2.7,3.9,0.6,350,19,82,30.17,,0,0,0,37.4,42.3,45.5,0.47,0.70,0.76
WHIT,2015-12-01 09:15:00 EST,43.48507,-73.42307,120,26.8,26.6,26.8,91.0,24.6,0.000,0.000,0.00,0.000,2.5,4.8,1.1,348,17,3.1,5.6,1.3,355,15,2.5,4.8,1.1,348,17,70,30.17,,0,0,0,37.3,42.3,45.5,0.46,0.70,0.76
WHIT,2015-12-01 09:20:00 EST,43.48507,-73.42307,120,26.9,26.7,26.9,91.1,24.7,0.000,0.000,0.00,0.000,2.6,4.2,0.6,353,17,3.2,5.4,0.8,360,14,2.6,4.2,0.6,353,17,62,30.17,,0,0,0,37.3,42.3,45.5,0.46,0.70,0.76
WHIT,2015-12-01 09:25:00 EST,43.48507,-73.42307,120,27.2,26.9,27.2,90.4,24.7,0.000,0.000,0.00,0.000,1.7,3.1,0.8,2,17,2.1,3.8,0.8,7,19,1.7,3.1,0.8,2,17,74,30.16,,0,0,0,37.3,42.3,45.5,0.46,0.70,0.76
WHIT,2015-12-01 09:30:00 EST,43.48507,-73.42307,120,27.4,27.1,27.4,90.5,25.0,0.000,0.000,0.00,0.000,1.9,3.6,0.9,14,19,2.3,4.3,0.9,21,19,1.9,3.6,0.9,14,19,67,30.17,,0,0,0,37.3,42.3,45.5,0.47,0.70,0.76
WHIT,2015-12-01 09:35:00 EST,43.48507,-73.42307,120,27.6,27.3,27.6,90.1,25.1,0.000,0.000,0.00,0.000,1.4,2.9,0.6,354,18,1.8,3.6,0.6,358,20,1.4,2.9,0.6,354,18,59,30.17,,0,0,0,37.3,42.3,45.5,0.47,0.70,0.76
WHIT,2015-12-01 09:40:00 EST,43.48507,-73.42307,120,27.8,27.5,27.8,90.0,25.2,0.000,0.000,0.00,0.000,1.9,3.4,0.5,326,16,2.4,4.3,0.7,333,17,1.9,3.4,0.5,326,16,56,30.17,,0,0,0,37.3,42.3,45.4,0.47,0.70,0.76
WHIT,2015-12-01 09:45:00 EST,43.48507,-73.42307,120,27.8,27.4,27.8,89.7,25.2,0.000,0.000,0.00,0.000,2.4,3.7,0.6,325,12,2.7,4.3,0.7,333,12,2.4,3.7,0.6,325,12,55,30.17,,0,0,0,37.3,42.3,45.5,0.46,0.70,0.76
WHIT,2015-12-01 09:50:00 EST,43.48507,-73.42307,120,27.9,27.5,27.9,89.7,25.3,0.000,0.000,0.00,0.000,1.6,2.5,0.6,336,8,2.2,3.4,0.7,344,10,1.6,2.5,0.6,336,8,53,30.17,,0,0,0,37.2,42.3,45.5,0.47,0.70,0.76
WHIT,2015-12-01 09:55:00 EST,43.48507,-73.42307,120,28.1,27.9,28.1,90.3,25.7,0.000,0.000,0.00,0.000,0.4,1.0,0.4,326,12,1.0,1.8,0.3,346,35,0.4,1.0,0.4,326,12,52,30.17,,0,0,0,37.2,42.3,45.5,0.47,0.70,0.76
WHIT,2015-12-01 10:00:00 EST,43.48507,-73.42307,120,28.2,27.9,28.2,90.4,25.8,0.000,0.000,0.00,0.000,0.7,1.8,0.5,19,19,1.4,2.9,0.5,22,22,0.7,1.8,0.5,19,19,47,30.16,,0,0,0,37.2,42.3,45.4,0.46,0.70,0.76
WHIT,2015-12-01 10:05:00 EST,43.48507,-73.42307,120,28.3,27.9,28.3,90.1,25.8,0.000,0.000,0.00,0.000,0.6,1.3,0.4,58,18,1.1,2.2,0.4,60,19,0.6,1.3,0.4,58,18,48,30.16,,0,0,0,37.2,42.3,45.5,0.46,0.70,0.76
WHIT,2015-12-01 10:10:00 EST,43.48507,-73.42307,120,28.4,28.0,28.4,90.1,25.9,0.000,0.000,0.00,0.000,0.0,0.0,0.0,0,0,0.5,1.3,0.2,140,64,0.0,0.0,0.0,0,0,46,30.16,,0,0,0,37.2,42.3,45.4,0.47,0.70,0.76
WHIT,2015-12-01 10:15:00 EST,43.48507,-73.42307,120,28.4,28.1,28.4,90.4,26.0,0.000,0.000,0.00,0.000,0.0,0.0,0.0,0,0,0.5,1.1,0.2,269,37,0.0,0.0,0.0,0,0,50,30.16,,0,0,0,37.2,42.3,45.4,0.46,0.70,0.76
WHIT,2015-12-01 10:20:00 EST,43.48507,-73.42307,120,28.6,28.2,28.6,89.9,26.0,0.000,0.000,0.00,0.000,0.3,1.5,0.4,247,6,0.9,2.0,0.4,262,21,0.3,1.5,0.4,247,6,45,30.16,,0,0,0,37.2,42.3,45.4,0.47,0.70,0.76
WHIT,2015-12-01 10:25:00 EST,43.48507,-73.42307,120,28.6,28.2,28.6,89.5,25.9,0.000,0.000,0.00,0.000,0.4,1.5,0.5,239,11,0.7,2.0,0.5,232,29,0.4,1.5,0.5,239,11,43,30.16,,0,0,0,37.2,42.3,45.4,0.46,0.70,0.76
WHIT,2015-12-01 10:30:00 EST,43.48507,-73.42307,120,28.6,28.4,28.6,89.4,25.9,0.000,0.000,0.00,0.000,0.1,0.1,0.0,221,0,0.5,1.6,0.3,341,62,0.1,0.1,0.0,221,0,45,30.15,,0,0,0,37.2,42.3,45.5,0.47,0.70,0.76
WHIT,2015-12-01 10:35:00 EST,43.48507,-73.42307,120,29.1,28.6,29.1,89.9,26.5,0.000,0.000,0.00,0.000,0.0,0.1,0.0,221,4,0.6,1.3,0.3,227,55,0.0,0.1,0.0,221,4,41,30.16,,0,0,0,37.2,42.3,45.4,0.46,0.70,0.76
WHIT,2015-12-01 10:40:00 EST,43.48507,-73.42307,120,29.1,28.8,29.1,90.2,26.6,0.000,0.000,0.00,0.000,0.0,0.0,0.0,0,0,0.6,1.6,0.3,105,45,0.0,0.0,0.0,0,0,41,30.16,,0,0,0,37.2,42.3,45.4,0.47,0.70,0.76
WHIT,2015-12-01 10:45:00 EST,43.48507,-73.42307,120,29.2,28.9,29.2,89.8,26.6,0.000,0.000,0.00,0.000,0.0,0.0,0.0,0,0,0.7,1.3,0.3,105,36,0.0,0.0,0.0,0,0,47,30.15,,0,0,0,37.2,42.2,45.4,0.47,0.70,0.76
WHIT,2015-12-01 10:50:00 EST,43.48507,-73.42307,120,29.2,28.8,29.2,88.9,26.4,0.000,0.000,0.00,0.000,0.1,0.8,0.3,91,5,0.8,2.0,0.3,81,31,0.1,0.8,0.3,91,5,54,30.15,,0,0,0,37.2,42.3,45.4,0.47,0.70,0.76
WHIT,2015-12-01 10:55:00 EST,43.48507,-73.42307,120,29.4,29.0,29.4,89.3,26.6,0.000,0.000,0.00,0.000,0.0,0.0,0.0,0,0,0.6,1.1,0.2,345,41,0.0,0.0,0.0,0,0,58,30.14,,0,0,0,37.2,42.2,45.4,0.46,0.70,0.76
WHIT,2015-12-01 11:00:00 EST,43.48507,-73.42307,120,29.5,29.2,29.5,89.2,26.7,0.000,0.000,0.00,0.000,0.4,1.5,0.5,287,30,1.1,2.2,0.5,309,37,0.4,1.5,0.5,287,30,56,30.14,,0,0,0,37.2,42.2,45.4,0.47,0.70,0.76
WHIT,2015-12-01 11:05:00 EST,43.48507,-73.42307,120,29.5,29.2,29.5,88.3,26.5,0.000,0.000,0.00,0.000,0.2,0.8,0.2,258,0,0.8,1.6,0.3,275,18,0.2,0.8,0.2,258,0,53,30.14,,0,0,0,37.2,42.2,45.4,0.47,0.70,0.76
WHIT,2015-12-01 11:10:00 EST,43.48507,-73.42307,120,29.8,29.4,29.8,89.5,27.0,0.000,0.000,0.00,0.000,0.1,0.8,0.2,249,18,0.8,2.0,0.4,247,40,0.1,0.8,0.2,249,18,50,30.14,,0,0,0,37.2,42.2,45.4,0.47,0.70,0.76
WHIT,2015-12-01 11:15:00 EST,43.48507,-73.42307,120,29.8,29.5,29.8,88.0,26.6,0.000,0.000,0.00,0.000,0.1,0.1,0.0,219,5,0.6,1.3,0.3,214,50,0.1,0.1,0.0,219,5,45,30.13,,0,0,0,37.2,42.2,45.4,0.47,0.70,0.76
WHIT,2015-12-01 11:20:00 EST,43.48507,-73.42307,120,30.0,29.7,30.0,88.3,26.9,0.000,0.000,0.00,0.000,0.0,0.1,0.0,165,0,0.6,1.1,0.3,103,47,0.0,0.1,0.0,165,0,51,30.13,,0,0,0,37.2,42.2,45.4,0.47,0.70,0.76
WHIT,2015-12-01 11:25:00 EST,43.48507,-73.42307,120,30.2,29.8,30.2,88.0,27.1,0.000,0.000,0.00,0.000,0.0,0.1,0.0,115,0,0.6,2.0,0.3,354,57,0.0,0.1,0.0,115,0,63,30.13,,0,0,0,37.2,42.2,45.4,0.47,0.70,0.76
WHIT,2015-12-01 11:30:00 EST,43.48507,-73.42307,120,30.3,29.9,30.3,87.5,27.0,0.000,0.000,0.00,0.000,0.4,1.5,0.5,310,8,1.0,1.8,0.4,318,21,0.4,1.5,0.5,310,8,62,30.13,,0,0,0,37.2,42.2,45.4,0.47,0.70,0.76
WHIT,2015-12-01 11:35:00 EST,43.48507,-73.42307,120,30.2,30.0,30.2,86.5,26.6,0.000,0.000,0.00,0.000,0.7,1.3,0.2,309,12,1.0,1.8,0.2,322,16,0.7,1.3,0.2,309,12,61,30.13,,0,0,0,37.2,42.1,45.4,0.46,0.70,0.76
WHIT,2015-12-01 11:40:00 EST,43.48507,-73.42307,120,30.3,30.1,30.3,86.7,26.8,0.003,0.003,0.00,0.003,1.0,1.7,0.3,325,12,1.4,2.2,0.3,333,13,1.0,1.7,0.3,325,12,67,30.12,,0,0,0,37.2,42.1,45.3,0.47,0.70,0.76
WHIT,2015-12-01 11:45:00 EST,43.48507,-73.42307,120,30.5,30.2,30.5,87.0,27.0,0.000,0.003,0.00,0.003,1.1,1.7,0.3,326,17,1.4,2.5,0.4,336,17,1.1,1.7,0.3,326,17,73,30.12,,0,0,0,37.2,42.1,45.3,0.46,0.70,0.76
WHIT,2015-12-01 11:50:00 EST,43.48507,-73.42307,120,30.6,30.3,30.6,87.6,27.4,0.000,0.003,0.00,0.003,0.8,1.2,0.3,344,20,1.3,2.2,0.3,348,21,0.8,1.2,0.3,344,20,66,30.12,,0,0,0,37.2,42.1,45.3,0.46,0.70,0.76
WHIT,2015-12-01 11:55:00 EST,43.48507,-73.42307,120,30.7,30.4,30.7,88.6,27.8,0.000,0.003,0.00,0.003,1.2,1.8,0.4,358,14,1.8,2.7,0.3,4,14,1.2,1.8,0.4,358,14,58,30.11,,0,0,0,37.2,42.1,45.3,0.46,0.70,0.76
WHIT,2015-12-01 12:00:00 EST,43.48507,-73.42307,120,30.8,30.4,30.8,87.7,27.6,0.000,0.003,0.00,0.003,1.1,2.1,0.5,1,14,1.6,2.7,0.5,5,15,1.1,2.1,0.5,1,14,80,30.10,,0,0,0,37.2,42.1,45.3,0.47,0.70,0.76
WHIT,2015-12-01 12:05:00 EST,43.48507,-73.42307,120,31.0,30.7,31.0,88.9,28.2,0.005,0.008,0.00,0.008,1.1,2.3,0.7,3,11,1.7,2.7,0.6,5,16,1.1,2.3,0.7,3,11,108,30.10,,0,0,0,37.2,42.1,45.4,0.47,0.70,0.76
WHIT,2015-12-01 12:10:00 EST,43.48507,-73.42307,120,31.2,30.7,31.2,89.5,28.5,0.000,0.008,0.00,0.008,1.5,2.1,0.3,30,14,1.9,2.7,0.4,37,14,1.5,2.1,0.3,30,14,102,30.10,,0,0,0,37.2,42.1,45.3,0.46,0.70,0.76
WHIT,2015-12-01 12:15:00 EST,43.48507,-73.42307,120,31.5,30.9,31.5,89.6,28.8,0.000,0.008,0.00,0.008,1.4,2.4,0.3,13,14,1.8,2.7,0.4,17,15,1.4,2.4,0.3,13,14,93,30.10,,0,0,0,37.2,42.1,45.3,0.47,0.70,0.76
WHIT,2015-12-01 12:20:00 EST,43.48507,-73.42307,120,31.6,31.2,31.6,89.5,28.9,0.000,0.008,0.00,0.008,0.3,1.6,0.5,350,8,0.9,2.5,0.5,3,46,0.3,1.6,0.5,350,8,96,30.10,,0,0,0,37.2,42.1,45.3,0.47,0.70,0.76
WHIT,2015-12-01 12:25:00 EST,43.48507,-73.42307,120,31.8,31.3,31.8,89.8,29.1,0.000,0.008,0.00,0.008,0.0,0.5,0.1,58,2,0.7,1.6,0.3,31,44,0.0,0.5,0.1,58,2,96,30.09,,0,0,0,37.2,42.1,45.3,0.46,0.70,0.76
WHIT,2015-12-01 12:30:00 EST,43.48507,-73.42307,120,31.8,31.4,31.8,87.5,28.5,0.000,0.008,0.00,0.008,0.0,0.5,0.1,50,0,0.7,1.6,0.3,53,39,0.0,0.5,0.1,50,0,105,30.09,,0,0,0,37.2,42.1,45.3,0.47,0.70,0.76
WHIT,2015-12-01 12:35:00 EST,43.48507,-73.42307,120,31.9,31.6,31.9,86.9,28.4,0.000,0.008,0.00,0.008,0.2,0.8,0.3,180,5,0.8,1.8,0.4,179,50,0.2,0.8,0.3,180,5,114,30.09,,0,0,0,37.2,42.1,45.3,0.47,0.70,0.76
WHIT,2015-12-01 12:40:00 EST,43.48507,-73.42307,120,32.1,31.7,32.1,87.9,28.9,0.000,0.008,0.00,0.005,0.1,0.6,0.2,199,8,0.8,2.2,0.3,189,48,0.1,0.6,0.2,199,8,116,30.08,,0,0,0,37.2,42.1,45.3,0.47,0.70,0.76
WHIT,2015-12-01 12:45:00 EST,43.48507,-73.42307,120,32.2,31.8,32.2,87.5,28.9,0.000,0.008,0.00,0.005,1.5,2.7,0.8,250,24,1.9,3.6,0.7,251,34,1.5,2.7,0.8,250,24,124,30.08,,0,0,0,37.2,42.1,45.3,0.46,0.70,0.76
WHIT,2015-12-01 12:50:00 EST,43.48507,-73.42307,120,32.3,31.9,32.3,87.6,29.0,0.000,0.008,0.00,0.005,1.5,2.6,0.7,271,12,1.8,3.1,0.7,280,15,1.5,2.6,0.7,271,12,117,30.08,,0,0,0,37.2,42.1,45.3,0.47,0.70,0.76
WHIT,2015-12-01 12:55:00 EST,43.48507,-73.42307,120,32.6,32.1,32.6,88.5,29.5,0.000,0.008,0.00,0.005,1.1,2.1,0.7,278,19,1.6,2.7,0.5,287,22,1.1,2.1,0.7,278,19,103,30.08,,0,0,0,37.2,42.1,45.3,0.47,0.70,0.76
WHIT,2015-12-01 13:00:00 EST,43.48507,-73.42307,120,32.8,32.3,32.8,88.4,29.8,0.000,0.008,0.00,0.005,1.2,2.3,0.5,293,24,1.6,3.1,0.4,298,25,1.2,2.3,0.5,293,24,94,30.08,,0,0,0,37.2,42.1,45.3,0.47,0.70,0.76
WHIT,2015-12-01 13:05:00 EST,43.48507,-73.42307,120,32.8,32.4,32.8,87.4,29.4,0.000,0.008,0.00,0.000,1.3,2.0,0.3,327,17,1.6,2.9,0.4,334,17,1.3,2.0,0.3,327,17,88,30.08,,0,0,0,37.2,42.1,45.3,0.47,0.70,0.76
WHIT,2015-12-01 13:10:00 EST,43.48507,-73.42307,120,32.9,32.6,32.9,88.1,29.8,0.000,0.008,0.00,0.000,1.1,2.1,0.5,1,17,1.6,2.9,0.6,7,19,1.1,2.1,0.5,1,17,82,30.08,,0,0,0,37.2,42.1,45.3,0.47,0.70,0.76
WHIT,2015-12-01 13:15:00 EST,43.48507,-73.42307,120,32.9,32.4,32.9,87.9,29.7,0.000,0.008,0.00,0.000,1.5,2.4,0.4,13,9,1.9,3.1,0.4,19,11,1.5,2.4,0.4,13,9,66,30.08,,0,0,0,37.2,42.1,45.3,0.47,0.70,0.76
WHIT,2015-12-01 13:20:00 EST,43.48507,-73.42307,120,32.8,32.5,32.8,87.8,29.6,0.000,0.008,0.00,0.000,1.0,2.5,0.6,32,27,1.3,3.1,0.5,28,30,1.0,2.5,0.6,32,27,50,30.08,,0,0,0,37.2,42.1,45.3,0.47,0.70,0.76
WHIT,2015-12-01 13:25:00 EST,43.48507,-73.42307,120,32.9,32.5,32.9,88.4,29.8,0.000,0.008,0.00,0.000,0.5,1.4,0.4,39,7,0.9,1.6,0.3,46,23,0.5,1.4,0.4,39,7,59,30.07,,0,0,0,37.2,42.1,45.3,0.47,0.70,0.76
WHIT,2015-12-01 13:30:00 EST,43.48507,-73.42307,120,33.1,32.5,33.1,89.1,30.2,0.004,0.012,0.00,0.004,0.1,0.9,0.3,43,5,0.9,1.6,0.4,68,44,0.1,0.9,0.3,43,5,75,30.06,,0,0,0,37.2,42.1,45.3,0.47,0.70,0.76
WHIT,2015-12-01 13:35:00 EST,43.48507,-73.42307,120,33.1,32.6,33.1,88.2,30.0,0.002,0.015,0.00,0.007,0.1,0.7,0.2,56,14,0.9,1.6,0.3,63,25,0.1,0.7,0.2,56,14,67,30.06,,0,0,0,37.2,42.1,45.3,0.47,0.70,0.76
WHIT,2015-12-01 13:40:00 EST,43.48507,-73.42307,120,33.0,32.6,33.0,88.9,30.1,0.001,0.016,0.00,0.007,0.0,0.0,0.0,0,0,0.5,1.3,0.3,95,67,0.0,0.0,0.0,0,0,54,30.06,,0,0,0,37.2,42.1,45.3,0.47,0.70,0.76
WHIT,2015-12-01 13:45:00 EST,43.48507,-73.42307,120,32.9,32.5,32.9,89.3,30.1,0.005,0.021,0.00,0.013,0.2,1.5,0.4,260,3,0.8,1.8,0.5,234,48,0.2,1.5,0.4,260,3,38,30.06,,0,0,0,37.2,42.1,45.3,0.47,0.70,0.76
WHIT,2015-12-01 13:50:00 EST,43.48507,-73.42307,120,32.8,32.4,32.8,88.8,29.8,0.007,0.028,0.00,0.020,0.3,1.2,0.3,266,0,0.6,1.8,0.4,274,51,0.3,1.2,0.3,266,0,26,30.06,,0,0,0,37.2,42.1,45.3,0.47,0.70,0.76
WHIT,2015-12-01 13:55:00 EST,43.48507,-73.42307,120,32.7,32.4,32.7,88.3,29.6,0.002,0.030,0.00,0.022,0.1,0.1,0.0,266,0,0.4,1.3,0.3,149,68,0.1,0.1,0.0,266,0,28,30.06,,0,0,0,37.2,42.1,45.3,0.47,0.70,0.76
WHIT,2015-12-01 14:00:00 EST,43.48507,-73.42307,120,32.7,32.5,32.7,90.3,30.2,0.009,0.039,0.00,0.030,0.3,1.0,0.3,331,26,0.8,1.6,0.4,340,24,0.3,1.0,0.3,331,26,32,30.06,,0,0,0,37.2,42.1,45.3,0.47,0.71,0.76
WHIT,2015-12-01 14:05:00 EST,43.48507,-73.42307,120,32.6,32.3,32.6,91.9,30.6,0.008,0.046,0.00,0.038,1.2,1.5,0.2,13,21,1.5,2.2,0.3,17,20,1.2,1.5,0.2,13,21,35,30.05,,0,0,0,37.2,42.1,45.3,0.47,0.71,0.76
WHIT,2015-12-01 14:10:00 EST,43.48507,-73.42307,120,32.6,32.3,32.6,91.8,30.4,0.007,0.053,0.00,0.045,0.5,0.9,0.3,356,13,1.1,1.6,0.2,360,14,0.5,0.9,0.3,356,13,41,30.05,,0,0,0,37.2,42.0,45.3,0.47,0.70,0.76
WHIT,2015-12-01 14:15:00 EST,43.48507,-73.42307,120,32.6,32.3,32.6,92.2,30.6,0.003,0.056,0.00,0.047,0.6,1.0,0.4,44,16,1.1,1.8,0.3,47,14,0.6,1.0,0.4,44,16,44,30.04,,0,0,0,37.2,42.0,45.3,0.47,0.70,0.76
WHIT,2015-12-01 14:20:00 EST,43.48507,-73.42307,120,32.6,32.3,32.6,92.1,30.5,0.002,0.057,0.00,0.049,0.0,0.0,0.0,0,0,0.7,1.3,0.2,7,21,0.0,0.0,0.0,0,0,34,30.04,,0,0,0,37.2,42.0,45.3,0.47,0.70,0.76
WHIT,2015-12-01 14:25:00 EST,43.48507,-73.42307,120,32.6,32.4,32.6,92.4,30.6,0.004,0.061,0.00,0.053,0.1,0.6,0.2,328,6,0.8,1.3,0.2,341,19,0.1,0.6,0.2,328,6,32,30.04,,0,0,0,37.2,42.0,45.3,0.47,0.71,0.76
WHIT,2015-12-01 14:30:00 EST,43.48507,-73.42307,120,32.6,32.4,32.6,93.2,30.9,0.003,0.065,0.00,0.052,0.1,0.4,0.0,314,19,0.7,1.1,0.2,323,27,0.1,0.4,0.0,314,19,24,30.04,,0,0,0,37.2,42.0,45.3,0.47,0.71,0.76
WHIT,2015-12-01 14:35:00 EST,43.48507,-73.42307,120,32.6,32.4,32.6,93.9,31.1,0.004,0.068,0.00,0.053,0.8,1.2,0.2,278,9,1.2,1.6,0.3,285,11,0.8,1.2,0.2,278,9,18,30.05,,0,0,0,37.2,42.0,45.3,0.47,0.71,0.76
WHIT,2015-12-01 14:40:00 EST,43.48507,-73.42307,120,32.7,32.5,32.7,94.4,31.2,0.005,0.073,0.00,0.057,0.7,1.6,0.5,278,7,1.1,2.0,0.5,290,14,0.7,1.6,0.5,278,7,17,30.05,,0,0,0,37.2,42.0,45.3,0.47,0.71,0.76
WHIT,2015-12-01 14:45:00 EST,43.48507,-73.42307,120,32.8,32.6,32.8,95.0,31.6,0.010,0.083,0.00,0.062,0.1,0.1,0.0,271,2,0.7,1.3,0.3,87,23,0.1,0.1,0.0,271,2,19,30.04,,0,0,0,37.2,41.9,45.3,0.47,0.71,0.76
WHIT,2015-12-01 14:50:00 EST,43.48507,-73.42307,120,32.9,32.5,32.9,95.6,31.8,0.006,0.090,0.00,0.061,1.0,1.7,0.4,105,34,1.5,2.5,0.4,102,11,1.0,1.7,0.4,105,34,22,30.04,,0,0,0,37.2,41.9,45.3,0.47,0.71,0.76
WHIT,2015-12-01 14:55:00 EST,43.48507,-73.42307,120,32.7,32.4,32.7,95.9,31.7,0.004,0.093,0.00,0.063,0.7,1.7,0.6,110,4,1.2,2.0,0.5,102,17,0.7,1.7,0.6,110,4,21,30.04,,0,0,0,37.2,41.9,45.3,0.47,0.71,0.76
WHIT,2015-12-01 15:00:00 EST,43.48507,-73.42307,120,32.7,32.4,32.7,96.1,31.7,0.004,0.097,0.00,0.058,0.7,1.3,0.5,79,4,1.3,2.0,0.4,77,10,0.7,1.3,0.5,79,4,18,30.03,,0,0,0,37.2,41.9,45.3,0.47,0.71,0.76
WHIT,2015-12-01 15:05:00 EST,43.48507,-73.42307,120,32.7,32.4,32.7,96.3,31.8,0.003,0.100,0.00,0.053,0.4,1.0,0.4,79,0,1.0,1.6,0.3,80,10,0.4,1.0,0.4,79,0,15,30.03,,0,0,0,37.2,41.9,45.3,0.47,0.70,0.76
WHIT,2015-12-01 15:10:00 EST,43.48507,-73.42307,120,32.7,32.4,32.7,96.4,31.8,0.002,0.101,0.00,0.048,0.0,0.0,0.0,0,0,0.8,1.3,0.2,94,11,0.0,0.0,0.0,0,0,14,30.03,,0,0,0,37.2,41.9,45.3,0.47,0.70,0.76
WHIT,2015-12-01 15:15:00 EST,43.48507,-73.42307,120,32.6,32.4,32.6,96.4,31.7,0.004,0.105,0.00,0.049,0.0,0.0,0.0,0,0,0.4,2.0,0.3,130,63,0.0,0.0,0.0,0,0,11,30.03,,0,0,0,37.2,41.9,45.3,0.47,0.70,0.76
WHIT,2015-12-01 15:20:00 EST,43.48507,-73.42307,120,32.7,32.5,32.7,96.5,31.8,0.003,0.108,0.00,0.051,0.0,0.7,0.1,334,1,0.7,2.5,0.5,8,43,0.0,0.7,0.1,334,1,11,30.03,,0,0,0,37.2,41.9,45.3,0.47,0.70,0.76
WHIT,2015-12-01 15:25:00 EST,43.48507,-73.42307,120,32.7,32.5,32.7,96.5,31.8,0.003,0.111,0.00,0.049,0.7,1.0,0.3,329,11,1.0,1.6,0.4,334,13,0.7,1.0,0.3,329,11,8,30.03,,0,0,0,37.2,41.9,45.3,0.48,0.70,0.76
WHIT,2015-12-01 15:30:00 EST,43.48507,-73.42307,120,32.7,32.6,32.7,96.6,31.8,0.006,0.116,0.00,0.052,0.4,1.2,0.4,315,5,0.8,1.3,0.3,329,15,0.4,1.2,0.4,315,5,6,30.03,,0,0,0,37.2,41.9,45.3,0.48,0.70,0.76
WHIT,2015-12-01 15:35:00 EST,43.48507,-73.42307,120,32.8,32.6,32.8,96.8,32.0,0.002,0.118,0.00,0.050,0.3,1.0,0.3,357,17,0.9,1.3,0.2,1,19,0.3,1.0,0.3,357,17,5,30.02,,0,0,0,37.2,41.9,45.3,0.48,0.70,0.76
WHIT,2015-12-01 15:40:00 EST,43.48507,-73.42307,120,32.8,32.6,32.8,96.9,32.0,0.002,0.120,0.00,0.047,0.2,0.7,0.3,3,15,1.0,1.6,0.3,2,18,0.2,0.7,0.3,3,15,4,30.02,,0,0,0,37.2,41.9,45.3,0.48,0.70,0.76
WHIT,2015-12-01 15:45:00 EST,43.48507,-73.42307,120,32.8,32.7,32.8,97.0,32.1,0.003,0.123,0.00,0.039,0.1,0.4,0.1,330,4,0.6,2.0,0.3,4,34,0.1,0.4,0.1,330,4,3,30.03,,0,0,0,37.2,41.9,45.3,0.48,0.70,0.76
WHIT,2015-12-01 15:50:00 EST,43.48507,-73.42307,120,32.8,32.6,32.8,97.1,32.1,0.001,0.124,0.00,0.034,0.1,0.8,0.3,18,0,1.1,1.6,0.3,17,15,0.1,0.8,0.3,18,0,3,30.03,,0,0,0,37.2,41.9,45.3,0.48,0.70,0.76
WHIT,2015-12-01 15:55:00 EST,43.48507,-73.42307,120,32.8,32.6,32.8,97.1,32.1,0.004,0.127,0.00,0.034,0.9,1.4,0.2,42,8,1.2,1.8,0.2,50,12,0.9,1.4,0.2,42,8,2,30.02,,0,0,0,37.2,41.9,45.3,0.48,0.70,0.76
WHIT,2015-12-01 16:00:00 EST,43.48507,-73.42307,120,32.8,32.6,32.8,97.2,32.1,0.002,0.129,0.00,0.032,0.4,1.5,0.5,45,9,1.0,1.8,0.3,50,14,0.4,1.5,0.5,45,9,1,30.03,,0,0,0,37.2,41.9,45.3,0.48,0.70,0.76
WHIT,2015-12-01 16:05:00 EST,43.48507,-73.42307,120,32.8,32.6,32.8,97.2,32.1,0.001,0.130,0.00,0.030,0.5,1.3,0.5,50,7,1.1,2.0,0.3,56,16,0.5,1.3,0.5,50,7,1,30.03,,0,0,0,37.2,41.9,45.3,0.48,0.70,0.76
WHIT,2015-12-01 16:10:00 EST,43.48507,-73.42307,120,32.8,32.6,32.8,97.3,32.1,0.002,0.132,0.00,0.030,0.0,0.0,0.0,0,0,0.9,1.1,0.1,78,14,0.0,0.0,0.0,0,0,1,30.03,,0,0,0,37.2,41.9,45.3,0.48,0.70,0.76
WHIT,2015-12-01 16:15:00 EST,43.48507,-73.42307,120,32.8,32.6,32.8,97.3,32.1,0.000,0.132,0.00,0.027,0.0,0.0,0.0,0,0,0.8,1.3,0.3,129,25,0.0,0.0,0.0,0,0,0,30.03,,0,0,0,37.2,41.8,45.3,0.48,0.70,0.76
WHIT,2015-12-01 16:20:00 EST,43.48507,-73.42307,120,32.8,32.6,32.8,97.3,32.1,0.002,0.133,0.00,0.026,0.0,0.0,0.0,0,0,0.4,1.3,0.3,221,67,0.0,0.0,0.0,0,0,0,30.02,,0,0,0,37.2,41.9,45.3,0.48,0.70,0.76
WHIT,2015-12-01 16:25:00 EST,43.48507,-73.42307,120,32.8,32.6,32.8,97.4,32.1,0.000,0.133,0.00,0.023,0.0,0.0,0.0,0,0,0.4,1.1,0.3,240,47,0.0,0.0,0.0,0,0,0,30.02,,0,0,0,37.2,41.8,45.3,0.48,0.70,0.76
WHIT,2015-12-01 16:30:00 EST,43.48507,-73.42307,120,32.8,32.6,32.8,97.4,32.1,0.000,0.133,0.00,0.017,0.2,0.8,0.3,290,5,0.9,1.3,0.2,292,20,0.2,0.8,0.3,290,5,0,30.02,,0,0,0,37.2,41.8,45.3,0.48,0.70,0.76
WHIT,2015-12-01 16:35:00 EST,43.48507,-73.42307,120,32.7,32.6,32.7,97.4,32.1,0.003,0.136,0.00,0.018,1.0,1.3,0.2,322,7,1.3,1.8,0.3,333,9,1.0,1.3,0.2,322,7,0,30.02,,0,0,0,37.1,41.8,45.3,0.48,0.70,0.76
WHIT,2015-12-01 16:40:00 EST,43.48507,-73.42307,120,32.7,32.5,32.7,97.5,32.1,0.002,0.138,0.00,0.018,1.4,2.0,0.3,323,6,1.6,2.5,0.4,331,10,1.4,2.0,0.3,323,6,0,30.01,,0,0,0,37.2,41.8,45.3,0.48,0.70,0.76
WHIT,2015-12-01 16:45:00 EST,43.48507,-73.42307,120,32.7,32.5,32.7,97.5,32.0,0.003,0.141,0.00,0.018,1.1,2.0,0.4,338,13,1.6,3.1,0.5,346,14,1.1,2.0,0.4,338,13,0,30.01,,0,0,0,37.1,41.8,45.3,0.48,0.71,0.76
WHIT,2015-12-01 16:50:00 EST,43.48507,-73.42307,120,32.7,32.5,32.7,97.6,32.0,0.002,0.142,0.00,0.019,1.1,1.7,0.3,11,11,1.5,2.2,0.4,18,12,1.1,1.7,0.3,11,11,0,30.00,,0,0,0,37.1,41.7,45.3,0.48,0.71,0.76
WHIT,2015-12-01 16:55:00 EST,43.48507,-73.42307,120,32.7,32.5,32.7,97.6,32.1,0.000,0.142,0.00,0.015,0.6,1.6,0.5,12,8,1.1,2.0,0.4,11,23,0.6,1.6,0.5,12,8,0,30.00,,0,0,0,37.1,41.7,45.3,0.48,0.70,0.76
WHIT,2015-12-01 17:00:00 EST,43.48507,-73.42307,120,32.7,32.5,32.7,97.7,32.1,0.000,0.142,0.00,0.013,1.3,2.5,0.7,340,15,1.8,3.1,0.7,345,16,1.3,2.5,0.7,340,15,0,30.01,,0,0,0,37.1,41.7,45.3,0.48,0.70,0.76
WHIT,2015-12-01 17:05:00 EST,43.48507,-73.42307,120,32.7,32.5,32.7,97.7,32.1,0.000,0.142,0.00,0.013,1.6,2.4,0.4,341,10,2.0,3.1,0.5,348,10,1.6,2.4,0.4,341,10,0,30.01,,0,0,0,37.1,41.7,45.3,0.48,0.70,0.76
WHIT,2015-12-01 17:10:00 EST,43.48507,-73.42307,120,32.7,32.5,32.7,97.7,32.1,0.002,0.144,0.00,0.013,1.6,2.7,0.7,19,20,1.9,3.4,0.6,21,22,1.6,2.7,0.7,19,20,0,30.00,,0,0,0,37.0,41.7,45.3,0.48,0.70,0.76
WHIT,2015-12-01 17:15:00 EST,43.48507,-73.42307,120,32.7,32.5,32.7,97.8,32.1,0.000,0.144,0.00,0.013,1.4,3.1,0.7,6,13,1.8,3.8,0.8,11,16,1.4,3.1,0.7,6,13,0,30.00,,0,0,0,37.0,41.7,45.3,0.48,0.70,0.76
WHIT,2015-12-01 17:20:00 EST,43.48507,-73.42307,120,32.7,32.5,32.7,97.8,32.1,0.000,0.144,0.00,0.011,2.0,3.0,0.5,7,13,2.4,3.6,0.6,12,13,2.0,3.0,0.5,7,13,0,30.00,,0,0,0,37.0,41.7,45.3,0.48,0.70,0.76
WHIT,2015-12-01 17:25:00 EST,43.48507,-73.42307,120,32.7,32.5,32.7,97.8,32.2,0.000,0.144,0.00,0.011,0.7,1.9,0.4,2,16,1.2,2.7,0.4,13,23,0.7,1.9,0.4,2,16,0,30.00,,0,0,0,37.1,41.7,45.3,0.48,0.71,0.76
WHIT,2015-12-01 17:30:00 EST,43.48507,-73.42307,120,32.7,32.6,32.7,97.8,32.2,0.000,0.144,0.00,0.011,0.2,0.6,0.2,329,10,0.8,1.3,0.3,343,26,0.2,0.6,0.2,329,10,0,29.99,,0,0,0,37.0,41.7,45.3,0.48,0.71,0.76
WHIT,2015-12-01 17:35:00 EST,43.48507,-73.42307,120,32.7,32.7,32.7,97.8,32.2,0.002,0.146,0.00,0.010,0.6,1.2,0.2,314,7,1.0,1.6,0.3,328,12,0.6,1.2,0.2,314,7,0,29.99,,0,0,0,37.1,41.7,45.3,0.48,0.70,0.76
WHIT,2015-12-01 17:40:00 EST,43.48507,-73.42307,120,32.7,32.6,32.7,97.8,32.2,0.001,0.147,0.00,0.009,1.3,1.8,0.2,316,10,1.5,2.0,0.2,324,11,1.3,1.8,0.2,316,10,0,29.99,,0,0,0,37.0,41.7,45.3,0.48,0.70,0.76
WHIT,2015-12-01 17:45:00 EST,43.48507,-73.42307,120,32.7,32.5,32.7,97.8,32.2,0.001,0.148,0.00,0.007,1.1,2.0,0.5,322,9,1.4,2.5,0.5,330,12,1.1,2.0,0.5,322,9,0,29.99,,0,0,0,37.0,41.7,45.3,0.48,0.71,0.76
WHIT,2015-12-01 17:50:00 EST,43.48507,-73.42307,120,32.7,32.6,32.7,97.8,32.2,0.000,0.148,0.00,0.006,0.3,1.0,0.3,9,26,0.8,1.6,0.3,1,36,0.3,1.0,0.3,9,26,0,30.00,,0,0,0,37.0,41.7,45.3,0.48,0.71,0.76
WHIT,2015-12-01 17:55:00 EST,43.48507,-73.42307,120,32.8,32.6,32.8,97.8,32.2,0.002,0.150,0.00,0.008,1.0,1.3,0.2,33,11,1.3,1.6,0.2,36,13,1.0,1.3,0.2,33,11,0,29.99,,0,0,0,37.0,41.7,45.3,0.48,0.71,0.76
WHIT,2015-12-01 18:00:00 EST,43.48507,-73.42307,120,32.8,32.6,32.8,97.8,32.3,0.000,0.150,0.00,0.008,0.9,1.8,0.3,1,17,1.4,2.7,0.4,1,16,0.9,1.8,0.3,1,17,0,29.99,,0,0,0,37.0,41.7,45.3,0.48,0.70,0.76
WHIT,2015-12-01 18:05:00 EST,43.48507,-73.42307,120,32.8,32.6,32.8,97.9,32.2,0.001,0.151,0.00,0.008,0.7,1.6,0.5,357,7,1.2,2.2,0.5,7,20,0.7,1.6,0.5,357,7,0,30.00,,0,0,0,37.1,41.7,45.3,0.48,0.71,0.76
WHIT,2015-12-01 18:10:00 EST,43.48507,-73.42307,120,32.8,32.6,32.8,97.9,32.3,0.000,0.151,0.00,0.007,0.4,1.1,0.4,71,7,1.1,1.8,0.3,71,18,0.4,1.1,0.4,71,7,0,29.99,,0,0,0,37.0,41.7,45.2,0.48,0.71,0.76
WHIT,2015-12-01 18:15:00 EST,43.48507,-73.42307,120,32.8,32.6,32.8,97.8,32.3,0.000,0.151,0.00,0.007,0.7,1.1,0.3,6,23,1.2,1.6,0.2,10,20,0.7,1.1,0.3,6,23,0,29.99,,0,0,0,37.0,41.7,45.3,0.48,0.71,0.76
WHIT,2015-12-01 18:20:00 EST,43.48507,-73.42307,120,32.8,32.7,32.8,97.9,32.3,0.000,0.151,0.00,0.007,0.6,0.9,0.2,335,9,1.0,1.3,0.2,339,12,0.6,0.9,0.2,335,9,0,29.99,,0,0,0,37.0,41.7,45.2,0.48,0.71,0.76
WHIT,2015-12-01 18:25:00 EST,43.48507,-73.42307,120,32.8,32.7,32.8,97.9,32.3,0.002,0.153,0.00,0.009,0.2,0.8,0.2,320,0,0.6,1.3,0.3,333,31,0.2,0.8,0.2,320,0,0,29.99,,0,0,0,37.0,41.7,45.2,0.48,0.71,0.76
WHIT,2015-12-01 18:30:00 EST,43.48507,-73.42307,120,32.8,32.6,32.8,97.9,32.3,0.003,0.155,0.00,0.011,0.1,0.7,0.1,291,18,0.7,1.6,0.3,271,33,0.1,0.7,0.1,291,18,0,29.99,,0,0,0,37.0,41.7,45.2,0.48,0.70,0.76
WHIT,2015-12-01 18:35:00 EST,43.48507,-73.42307,120,32.8,32.7,32.8,97.9,32.3,0.005,0.160,0.00,0.014,0.2,0.8,0.3,262,2,0.8,1.3,0.2,289,22,0.2,0.8,0.3,262,2,0,29.99,,0,0,0,37.0,41.7,45.2,0.48,0.71,0.76
WHIT,2015-12-01 18:40:00 EST,43.48507,-73.42307,120,32.8,32.7,32.8,97.9,32.3,0.004,0.164,0.00,0.017,0.1,0.1,0.0,261,0,1.0,1.6,0.2,317,18,0.1,0.1,0.0,261,0,0,29.99,,0,0,0,37.0,41.7,45.2,0.48,0.71,0.76
WHIT,2015-12-01 18:45:00 EST,43.48507,-73.42307,120,32.8,32.7,32.8,97.9,32.3,0.003,0.167,0.00,0.019,0.1,0.1,0.0,261,0,0.6,1.3,0.3,314,39,0.1,0.1,0.0,261,0,0,29.99,,0,0,0,37.0,41.7,45.2,0.48,0.71,0.76
WHIT,2015-12-01 18:50:00 EST,43.48507,-73.42307,120,32.9,32.7,32.9,97.9,32.4,0.001,0.168,0.00,0.020,0.1,0.1,0.0,261,0,0.5,1.3,0.2,82,63,0.1,0.1,0.0,261,0,0,29.99,,0,0,0,37.0,41.7,45.2,0.48,0.71,0.76
WHIT,2015-12-01 18:55:00 EST,43.48507,-73.42307,120,32.9,32.8,32.9,97.9,32.4,0.008,0.176,0.00,0.026,0.0,0.1,0.0,260,7,0.8,1.1,0.3,97,49,0.0,0.1,0.0,260,7,0,29.99,,0,0,0,37.0,41.7,45.2,0.48,0.71,0.76
WHIT,2015-12-01 19:00:00 EST,43.48507,-73.42307,120,33.0,32.7,33.0,97.9,32.4,0.010,0.186,0.00,0.036,0.0,0.0,0.0,0,0,1.0,1.6,0.3,85,24,0.0,0.0,0.0,0,0,0,29.99,,0,0,0,37.0,41.7,45.2,0.48,0.70,0.76
WHIT,2015-12-01 19:05:00 EST,43.48507,-73.42307,120,32.9,32.7,32.9,97.9,32.4,0.004,0.190,0.00,0.039,0.0,0.0,0.0,0,0,0.7,1.8,0.4,167,43,0.0,0.0,0.0,0,0,0,29.99,,0,0,0,37.0,41.7,45.2,0.48,0.70,0.76
WHIT,2015-12-01 19:10:00 EST,43.48507,-73.42307,120,32.9,32.8,32.9,97.9,32.4,0.003,0.193,0.00,0.042,0.0,0.0,0.0,0,0,0.5,1.8,0.3,203,62,0.0,0.0,0.0,0,0,0,29.99,,0,0,0,37.0,41.7,45.1,0.48,0.70,0.76
WHIT,2015-12-01 19:15:00 EST,43.48507,-73.42307,120,32.9,32.8,32.9,98.0,32.4,0.007,0.200,0.00,0.050,0.0,0.0,0.0,0,0,0.6,1.1,0.2,184,28,0.0,0.0,0.0,0,0,0,29.99,,0,0,0,37.0,41.7,45.2,0.48,0.71,0.76
WHIT,2015-12-01 19:20:00 EST,43.48507,-73.42307,120,33.0,32.8,33.0,97.9,32.5,0.009,0.209,0.00,0.059,0.0,0.0,0.0,0,0,0.8,1.3,0.2,159,18,0.0,0.0,0.0,0,0,0,29.98,,0,0,0,37.0,41.7,45.2,0.49,0.71,0.76
WHIT,2015-12-01 19:25:00 EST,43.48507,-73.42307,120,33.0,32.8,33.0,97.9,32.5,0.009,0.219,0.00,0.066,0.5,1.0,0.3,138,6,1.1,1.3,0.2,136,10,0.5,1.0,0.3,138,6,0,29.98,,0,0,0,37.0,41.7,45.2,0.49,0.71,0.76
WHIT,2015-12-01 19:30:00 EST,43.48507,-73.42307,120,33.0,32.8,33.0,97.9,32.4,0.006,0.224,0.00,0.069,0.9,1.2,0.3,144,4,1.2,1.6,0.3,145,6,0.9,1.2,0.3,144,4,0,29.98,,0,0,0,37.0,41.7,45.1,0.49,0.71,0.76
WHIT,2015-12-01 19:35:00 EST,43.48507,-73.42307,120,33.0,32.8,33.0,98.0,32.5,0.010,0.234,0.00,0.074,0.9,1.2,0.2,157,5,1.4,2.0,0.2,161,8,0.9,1.2,0.2,157,5,0,29.98,,0,0,0,37.0,41.7,45.1,0.49,0.70,0.76
WHIT,2015-12-01 19:40:00 EST,43.48507,-73.42307,120,33.0,32.8,33.0,98.0,32.5,0.012,0.246,0.00,0.082,0.3,0.9,0.3,162,0,0.9,1.6,0.2,151,19,0.3,0.9,0.3,162,0,0,29.98,,0,0,0,37.0,41.7,45.2,0.50,0.70,0.76
WHIT,2015-12-01 19:45:00 EST,43.48507,-73.42307,120,33.0,32.8,33.0,98.0,32.5,0.003,0.249,0.00,0.082,0.0,0.0,0.0,0,0,0.8,1.1,0.2,103,14,0.0,0.0,0.0,0,0,0,29.98,,0,0,0,37.0,41.7,45.1,0.50,0.71,0.76
WHIT,2015-12-01 19:50:00 EST,43.48507,-73.42307,120,33.0,32.8,33.0,98.0,32.5,0.004,0.253,0.00,0.086,0.0,0.0,0.0,0,0,0.7,0.9,0.2,151,31,0.0,0.0,0.0,0,0,0,29.98,,0,0,0,37.0,41.7,45.2,0.50,0.71,0.76
WHIT,2015-12-01 19:55:00 EST,43.48507,-73.42307,120,33.0,32.8,33.0,98.0,32.5,0.002,0.255,0.00,0.079,0.5,0.9,0.4,154,1,1.2,1.6,0.2,155,8,0.5,0.9,0.4,154,1,0,29.98,,0,0,0,37.0,41.7,45.1,0.50,0.71,0.76
WHIT,2015-12-01 20:00:00 EST,43.48507,-73.42307,120,33.1,32.9,33.1,98.0,32.6,0.002,0.257,0.00,0.071,0.8,1.1,0.2,154,2,1.1,1.6,0.2,147,8,0.8,1.1,0.2,154,2,0,29.98,,0,0,0,37.0,41.6,45.1,0.50,0.70,0.76
WHIT,2015-12-01 20:05:00 EST,43.48507,-73.42307,120,33.1,33.0,33.1,98.0,32.6,0.004,0.261,0.00,0.071,0.3,0.7,0.3,141,2,0.8,1.3,0.2,135,11,0.3,0.7,0.3,141,2,0,29.97,,0,0,0,37.0,41.6,45.1,0.50,0.70,0.76
WHIT,2015-12-01 20:10:00 EST,43.48507,-73.42307,120,33.2,33.0,33.2,98.0,32.7,0.002,0.262,0.00,0.069,0.0,0.1,0.0,139,0,0.8,1.1,0.2,128,11,0.0,0.1,0.0,139,0,0,29.97,,0,0,0,37.0,41.7,45.1,0.50,0.71,0.76
WHIT,2015-12-01 20:15:00 EST,43.48507,-73.42307,120,33.2,33.0,33.2,98.1,32.7,0.008,0.270,0.00,0.070,0.8,1.4,0.4,119,6,1.3,1.8,0.3,116,9,0.8,1.4,0.4,119,6,0,29.97,,0,0,0,37.0,41.6,45.1,0.50,0.71,0.76
WHIT,2015-12-01 20:20:00 EST,43.48507,-73.42307,120,33.2,33.0,33.2,98.1,32.7,0.009,0.279,0.00,0.069,0.3,0.9,0.3,118,5,0.8,1.3,0.3,127,22,0.3,0.9,0.3,118,5,0,29.96,,0,0,0,37.0,41.6,45.1,0.50,0.70,0.76
WHIT,2015-12-01 20:25:00 EST,43.48507,-73.42307,120,33.2,33.0,33.2,98.1,32.7,0.015,0.293,0.00,0.075,0.0,0.0,0.0,0,0,0.5,2.0,0.3,283,67,0.0,0.0,0.0,0,0,0,29.96,,0,0,0,37.0,41.6,45.1,0.50,0.71,0.76
WHIT,2015-12-01 20:30:00 EST,43.48507,-73.42307,120,33.3,33.1,33.3,98.1,32.8,0.008,0.301,0.00,0.077,0.0,0.0,0.0,0,0,0.5,1.3,0.3,337,34,0.0,0.0,0.0,0,0,0,29.96,,0,0,0,37.0,41.6,45.1,0.50,0.70,0.76
WHIT,2015-12-01 20:35:00 EST,43.48507,-73.42307,120,33.3,33.1,33.3,98.1,32.8,0.004,0.305,0.00,0.071,0.0,0.0,0.0,0,0,0.9,1.3,0.2,350,14,0.0,0.0,0.0,0,0,0,29.96,,0,0,0,37.0,41.6,45.1,0.50,0.71,0.76
WHIT,2015-12-01 20:40:00 EST,43.48507,-73.42307,120,33.3,33.1,33.3,98.1,32.8,0.006,0.311,0.00,0.065,0.1,0.6,0.2,49,0,0.9,1.1,0.2,44,20,0.1,0.6,0.2,49,0,0,29.96,,0,0,0,37.0,41.6,45.1,0.50,0.71,0.76
WHIT,2015-12-01 20:45:00 EST,43.48507,-73.42307,120,33.3,33.1,33.3,98.1,32.8,0.005,0.316,0.00,0.067,0.0,0.0,0.0,0,0,0.6,1.1,0.2,18,26,0.0,0.0,0.0,0,0,0,29.96,,0,0,0,37.0,41.6,45.1,0.50,0.71,0.76
WHIT,2015-12-01 20:50:00 EST,43.48507,-73.42307,120,33.3,33.2,33.3,98.1,32.9,0.005,0.321,0.00,0.067,0.0,0.0,0.0,0,0,0.5,1.1,0.2,345,26,0.0,0.0,0.0,0,0,0,29.95,,0,0,0,37.0,41.6,45.1,0.50,0.70,0.76
WHIT,2015-12-01 20:55:00 EST,43.48507,-73.42307,120,33.3,33.2,33.3,98.1,32.9,0.002,0.323,0.00,0.067,0.0,0.0,0.0,0,0,0.5,1.1,0.2,347,32,0.0,0.0,0.0,0,0,0,29.95,,0,0,0,37.0,41.6,45.1,0.50,0.71,0.76
WHIT,2015-12-01 21:00:00 EST,43.48507,-73.42307,120,33.3,33.2,33.3,98.1,32.9,0.001,0.323,0.00,0.066,0.0,0.0,0.0,0,0,0.5,1.6,0.3,4,25,0.0,0.0,0.0,0,0,0,29.95,,0,0,0,37.0,41.5,45.1,0.50,0.70,0.76
WHIT,2015-12-01 21:05:00 EST,43.48507,-73.42307,120,33.3,33.2,33.3,98.1,32.9,0.002,0.325,0.00,0.065,0.0,0.0,0.0,0,0,0.7,1.3,0.3,5,14,0.0,0.0,0.0,0,0,0,29.95,,0,0,0,37.0,41.6,45.1,0.50,0.71,0.76
WHIT,2015-12-01 21:10:00 EST,43.48507,-73.42307,120,33.4,33.2,33.4,98.1,32.9,0.002,0.327,0.00,0.065,0.0,0.1,0.0,305,5,0.8,1.3,0.2,338,23,0.0,0.1,0.0,305,5,0,29.95,,0,0,0,37.0,41.5,45.1,0.50,0.71,0.76
WHIT,2015-12-01 21:15:00 EST,43.48507,-73.42307,120,33.4,33.2,33.4,98.2,32.9,0.000,0.327,0.00,0.057,0.0,0.1,0.0,305,8,0.8,1.3,0.2,28,19,0.0,0.1,0.0,305,8,0,29.94,,0,0,0,37.0,41.5,45.1,0.50,0.71,0.76
WHIT,2015-12-01 21:20:00 EST,43.48507,-73.42307,120,33.4,33.2,33.4,98.2,32.9,0.000,0.327,0.00,0.049,0.0,0.0,0.0,0,0,0.8,1.3,0.2,0,22,0.0,0.0,0.0,0,0,0,29.94,,0,0,0,37.0,41.5,45.1,0.50,0.71,0.76
WHIT,2015-12-01 21:25:00 EST,43.48507,-73.42307,120,33.4,33.2,33.4,98.1,32.9,0.000,0.327,0.00,0.034,0.0,0.0,0.0,0,0,0.6,2.7,0.5,11,72,0.0,0.0,0.0,0,0,0,29.94,,0,0,0,37.0,41.5,45.1,0.50,0.71,0.76
WHIT,2015-12-01 21:30:00 EST,43.48507,-73.42307,120,33.4,33.2,33.4,98.2,32.9,0.003,0.330,0.00,0.029,0.0,0.0,0.0,0,0,0.5,1.3,0.3,295,47,0.0,0.0,0.0,0,0,0,29.94,,0,0,0,37.0,41.5,45.1,0.50,0.70,0.76
WHIT,2015-12-01 21:35:00 EST,43.48507,-73.42307,120,33.4,33.2,33.4,98.1,32.9,0.001,0.331,0.00,0.026,0.0,0.0,0.0,0,0,0.7,2.7,0.5,354,58,0.0,0.0,0.0,0,0,0,29.93,,0,0,0,37.0,41.5,45.1,0.50,0.71,0.76
WHIT,2015-12-01 21:40:00 EST,43.48507,-73.42307,120,33.4,33.3,33.4,98.1,32.9,0.000,0.331,0.00,0.020,0.0,0.1,0.0,291,11,0.9,1.6,0.2,300,21,0.0,0.1,0.0,291,11,0,29.93,,0,0,0,37.0,41.5,45.1,0.50,0.70,0.76
WHIT,2015-12-01 21:45:00 EST,43.48507,-73.42307,120,33.4,33.3,33.4,98.1,33.0,0.002,0.333,0.00,0.017,0.5,0.9,0.3,281,0,0.9,1.3,0.3,304,15,0.5,0.9,0.3,281,0,0,29.93,,0,0,0,37.0,41.5,45.1,0.50,0.70,0.76
WHIT,2015-12-01 21:50:00 EST,43.48507,-73.42307,120,33.5,33.3,33.5,98.1,33.0,0.001,0.334,0.00,0.013,0.1,0.1,0.0,282,0,0.6,1.6,0.3,354,57,0.1,0.1,0.0,282,0,0,29.92,,0,0,0,37.0,41.5,45.1,0.50,0.70,0.76
WHIT,2015-12-01 21:55:00 EST,43.48507,-73.42307,120,33.4,33.2,33.4,98.1,33.0,0.000,0.334,0.00,0.011,0.1,0.1,0.0,282,0,0.7,5.1,0.7,55,68,0.1,0.1,0.0,282,0,0,29.92,,0,0,0,37.0,41.5,45.1,0.50,0.70,0.76
WHIT,2015-12-01 22:00:00 EST,43.48507,-73.42307,120,33.4,33.3,33.4,98.2,33.0,0.000,0.334,0.00,0.010,0.1,0.1,0.0,278,7,0.7,1.3,0.3,173,22,0.1,0.1,0.0,278,7,0,29.92,,0,0,0,37.0,41.5,45.1,0.50,0.71,0.76
WHIT,2015-12-01 22:05:00 EST,43.48507,-73.42307,120,33.5,33.3,33.5,98.2,33.1,0.002,0.336,0.00,0.010,0.1,1.3,0.3,165,0,1.4,2.2,0.3,174,10,0.1,1.3,0.3,165,0,0,29.92,,0,0,0,37.0,41.5,45.1,0.50,0.70,0.76
WHIT,2015-12-01 22:10:00 EST,43.48507,-73.42307,120,33.6,33.4,33.6,98.2,33.1,0.002,0.337,0.00,0.010,1.3,1.5,0.2,158,8,1.7,2.0,0.2,159,11,1.3,1.5,0.2,158,8,0,29.92,,0,0,0,37.0,41.5,45.1,0.50,0.71,0.76
WHIT,2015-12-01 22:15:00 EST,43.48507,-73.42307,120,33.6,33.4,33.6,98.2,33.1,0.004,0.341,0.00,0.014,0.5,1.2,0.4,141,7,1.0,1.6,0.3,134,20,0.5,1.2,0.4,141,7,0,29.92,,0,0,0,36.9,41.5,45.1,0.50,0.71,0.76
WHIT,2015-12-01 22:20:00 EST,43.48507,-73.42307,120,33.6,33.4,33.6,98.2,33.1,0.002,0.343,0.00,0.016,0.0,0.3,0.0,160,3,0.7,1.3,0.3,136,32,0.0,0.3,0.0,160,3,0,29.92,,0,0,0,36.9,41.5,45.1,0.50,0.70,0.76
WHIT,2015-12-01 22:25:00 EST,43.48507,-73.42307,120,33.6,33.4,33.6,98.2,33.2,0.002,0.345,0.00,0.018,0.0,0.0,0.0,0,0,0.7,1.1,0.2,202,25,0.0,0.0,0.0,0,0,0,29.92,,0,0,0,36.9,41.5,45.1,0.50,0.70,0.76
WHIT,2015-12-01 22:30:00 EST,43.48507,-73.42307,120,33.7,33.4,33.7,98.2,33.2,0.005,0.350,0.00,0.020,0.3,0.7,0.3,196,1,0.9,1.3,0.2,211,13,0.3,0.7,0.3,196,1,0,29.91,,0,0,0,36.9,41.5,45.1,0.50,0.71,0.76
WHIT,2015-12-01 22:35:00 EST,43.48507,-73.42307,120,33.6,33.4,33.6,98.2,33.2,0.007,0.357,0.00,0.026,0.0,0.0,0.0,0,0,0.6,1.1,0.2,194,17,0.0,0.0,0.0,0,0,0,29.91,,0,0,0,36.9,41.5,45.1,0.50,0.70,0.76
WHIT,2015-12-01 22:40:00 EST,43.48507,-73.42307,120,33.7,33.5,33.7,98.2,33.2,0.003,0.360,0.00,0.029,0.0,0.0,0.0,0,0,0.5,1.1,0.2,173,31,0.0,0.0,0.0,0,0,0,29.91,,0,0,0,36.9,41.5,45.1,0.50,0.71,0.76
WHIT,2015-12-01 22:45:00 EST,43.48507,-73.42307,120,33.7,33.5,33.7,98.2,33.3,0.002,0.361,0.00,0.029,0.0,0.0,0.0,0,0,0.5,1.8,0.3,202,69,0.0,0.0,0.0,0,0,0,29.90,,0,0,0,36.9,41.5,45.1,0.50,0.71,0.76
WHIT,2015-12-01 22:50:00 EST,43.48507,-73.42307,120,33.7,33.5,33.7,98.2,33.2,0.003,0.364,0.00,0.030,0.0,0.1,0.0,197,0,0.4,1.8,0.3,233,66,0.0,0.1,0.0,197,0,0,29.90,,0,0,0,36.9,41.5,45.1,0.50,0.71,0.76
WHIT,2015-12-01 22:55:00 EST,43.48507,-73.42307,120,33.8,33.6,33.8,98.2,33.3,0.002,0.366,0.00,0.032,0.0,0.0,0.0,0,0,0.5,0.9,0.2,255,35,0.0,0.0,0.0,0,0,0,29.90,,0,0,0,36.9,41.5,45.1,0.50,0.71,0.76
WHIT,2015-12-01 23:00:00 EST,43.48507,-73.42307,120,33.8,33.6,33.8,98.2,33.4,0.003,0.369,0.00,0.035,0.0,0.0,0.0,0,0,0.6,1.6,0.2,200,56,0.0,0.0,0.0,0,0,0,29.90,,0,0,0,36.9,41.5,45.1,0.50,0.70,0.76
WHIT,2015-12-01 23:05:00 EST,43.48507,-73.42307,120,33.9,33.7,33.9,98.2,33.4,0.004,0.373,0.00,0.037,0.0,0.5,0.1,126,3,0.8,1.3,0.2,116,11,0.0,0.5,0.1,126,3,0,29.90,,0,0,0,36.9,41.5,45.1,0.50,0.71,0.76
WHIT,2015-12-01 23:10:00 EST,43.48507,-73.42307,120,33.9,33.7,33.9,98.2,33.4,0.003,0.376,0.00,0.038,0.0,0.0,0.0,0,0,0.9,1.1,0.1,109,9,0.0,0.0,0.0,0,0,0,29.89,,0,0,0,36.9,41.5,45.1,0.50,0.70,0.76
WHIT,2015-12-01 23:15:00 EST,43.48507,-73.42307,120,33.8,33.6,33.8,98.3,33.4,0.003,0.379,0.00,0.038,0.0,0.0,0.0,0,0,1.0,1.3,0.1,131,9,0.0,0.0,0.0,0,0,0,29.89,,0,0,0,36.9,41.5,45.1,0.50,0.70,0.76
WHIT,2015-12-01 23:20:00 EST,43.48507,-73.42307,120,33.8,33.7,33.8,98.3,33.4,0.003,0.382,0.00,0.039,0.0,0.0,0.0,0,0,0.6,1.1,0.2,192,29,0.0,0.0,0.0,0,0,0,29.89,,0,0,0,36.9,41.5,45.1,0.51,0.71,0.76
WHIT,2015-12-01 23:25:00 EST,43.48507,-73.42307,120,33.9,33.7,33.9,98.2,33.4,0.002,0.384,0.00,0.039,0.0,0.0,0.0,0,0,0.4,1.6,0.2,196,44,0.0,0.0,0.0,0,0,0,29.89,,0,0,0,36.9,41.4,45.1,0.51,0.70,0.76
WHIT,2015-12-01 23:30:00 EST,43.48507,-73.42307,120,34.0,33.7,34.0,98.3,33.5,0.002,0.385,0.00,0.036,0.0,0.0,0.0,0,0,0.6,1.1,0.2,211,36,0.0,0.0,0.0,0,0,0,29.89,,0,0,0,36.9,41.4,45.1,0.51,0.70,0.76
WHIT,2015-12-01 23:35:00 EST,43.48507,-73.42307,120,34.0,33.8,34.0,98.3,33.6,0.000,0.385,0.00,0.029,0.0,0.0,0.0,0,0,0.5,1.6,0.3,212,39,0.0,0.0,0.0,0,0,0,29.89,,0,0,0,36.9,41.4,45.1,0.51,0.71,0.76
WHIT,2015-12-01 23:40:00 EST,43.48507,-73.42307,120,34.1,33.9,34.1,98.3,33.6,0.003,0.388,0.00,0.028,0.0,0.0,0.0,0,0,0.5,1.1,0.2,202,28,0.0,0.0,0.0,0,0,0,29.89,,0,0,0,36.9,41.4,45.1,0.51,0.70,0.76
WHIT,2015-12-01 23:45:00 EST,43.48507,-73.42307,120,34.1,33.9,34.1,98.3,33.7,0.002,0.390,0.00,0.028,0.0,0.0,0.0,0,0,0.7,1.1,0.2,160,23,0.0,0.0,0.0,0,0,0,29.89,,0,0,0,36.9,41.4,45.1,0.51,0.70,0.76
WHIT,2015-12-01 23:50:00 EST,43.48507,-73.42307,120,34.1,33.9,34.1,98.3,33.6,0.001,0.391,0.00,0.027,0.0,0.0,0.0,0,0,0.9,1.1,0.1,120,7,0.0,0.0,0.0,0,0,0,29.88,,0,0,0,36.9,41.4,45.1,0.51,0.70,0.76
WHIT,2015-12-01 23:55:00 EST,43.48507,-73.42307,120,34.0,33.8,34.0,98.3,33.6,0.003,0.394,0.00,0.028,0.0,0.0,0.0,0,0,0.7,1.1,0.2,113,9,0.0,0.0,0.0,0,0,0,29.88,,0,0,0,36.9,41.4,45.1,0.51,0.70,0.76
