station,time,latitude [degrees_north],longitude [degrees_east],elevation [feet],temp_2m [degF],temp_9m [degF],apparent_temperature [degF],relative_humidity [percent],dewpoint [degF],precip_incremental [inch],precip_local [inch],precip_max_intensity [inch/hour],precip_1hr [inch],avg_wind_speed_prop [mile/hr],max_wind_speed_prop [mile/hr],wind_speed_stddev_prop [mile/hr],wind_direction_prop [degrees],wind_direction_stddev_prop [degrees],avg_wind_speed_sonic [mile/hr],max_wind_speed_sonic [mile/hr],wind_speed_stddev_sonic [mile/hr],wind_direction_sonic [degrees],wind_direction_stddev_sonic [degrees],avg_wind_speed_merge [mile/hr],max_wind_speed_merge [mile/hr],wind_speed_stddev_merge [mile/hr],wind_direction_merge [degrees],wind_direction_stddev_merge [degrees],solar_insolation [W/m^2],station_pressure [inHg],snow_depth,frozen_soil_05cm,frozen_soil_25cm,frozen_soil_50cm,soil_temp_05cm,soil_temp_25cm,soil_temp_50cm,soil_moisture_05cm,soil_moisture_25cm,soil_moisture_50cm
SCHU,2015-09-13 00:00:00 EDT,43.11700,-73.57829,103,63.9,63.9,63.9,97.8,63.2,0.002,0.635,0.00,0.047,2.4,4.8,0.9,329,27,2.8,7.2,1.2,341,26,2.4,4.8,0.9,329,27,0,29.58,,,,,,,,,,
SCHU,2015-09-13 00:05:00 EDT,43.11700,-73.57829,103,63.9,63.9,63.9,98.0,63.3,0.004,0.004,0.00,0.044,2.6,6.3,1.3,343,27,3.4,6.9,1.5,351,23,2.6,6.3,1.3,343,27,0,29.58,,,,,,,,,,
SCHU,2015-09-13 00:10:00 EDT,43.11700,-73.57829,103,64.0,63.9,64.0,98.0,63.4,0.005,0.009,0.00,0.044,3.4,7.8,1.5,8,28,4.2,8.1,1.5,16,23,3.4,7.8,1.5,8,28,0,29.58,,,,,,,,,,
SCHU,2015-09-13 00:15:00 EDT,43.11700,-73.57829,103,64.0,64.0,64.0,98.0,63.4,0.009,0.018,0.00,0.047,3.5,6.4,1.4,15,25,4.3,7.2,1.6,22,21,3.5,6.4,1.4,15,25,0,29.57,,,,,,,,,,
SCHU,2015-09-13 00:20:00 EDT,43.11700,-73.57829,103,63.9,63.9,63.9,98.0,63.3,0.011,0.029,0.00,0.054,3.8,6.7,1.4,14,23,4.7,8.1,1.6,21,17,3.8,6.7,1.4,14,23,0,29.57,,,,,,,,,,
SCHU,2015-09-13 00:25:00 EDT,43.11700,-73.57829,103,63.9,63.8,63.9,98.1,63.3,0.005,0.033,0.00,0.055,2.6,7.0,1.6,13,24,3.4,7.8,1.8,20,31,2.6,7.0,1.6,13,24,0,29.57,,,,,,,,,,
SCHU,2015-09-13 00:30:00 EDT,43.11700,-73.57829,103,63.8,63.8,63.8,98.1,63.2,0.003,0.036,0.00,0.057,1.0,4.4,1.2,12,31,1.7,6.5,1.3,23,50,1.0,4.4,1.2,12,31,0,29.57,,,,,,,,,,
SCHU,2015-09-13 00:35:00 EDT,43.11700,-73.57829,103,63.8,63.8,63.8,98.0,63.2,0.001,0.037,0.00,0.055,1.5,4.7,1.1,318,19,1.9,5.1,1.1,332,24,1.5,4.7,1.1,318,19,0,29.58,,,,,,,,,,
SCHU,2015-09-13 00:40:00 EDT,43.11700,-73.57829,103,63.8,63.8,63.8,97.9,63.2,0.010,0.047,0.00,0.063,1.8,4.5,1.2,9,22,2.5,5.1,1.4,16,30,1.8,4.5,1.2,9,22,0,29.58,,,,,,,,,,
SCHU,2015-09-13 00:45:00 EDT,43.11700,-73.57829,103,63.8,63.8,63.8,98.2,63.3,0.030,0.077,0.43,0.088,1.6,5.2,1.3,12,21,2.6,6.0,1.5,21,27,1.6,5.2,1.3,12,21,0,29.57,,,,,,,,,,
SCHU,2015-09-13 00:50:00 EDT,43.11700,-73.57829,103,63.7,63.7,63.7,98.1,63.2,0.012,0.089,0.31,0.096,1.7,5.0,1.1,340,35,2.3,6.9,1.4,352,38,1.7,5.0,1.1,340,35,0,29.58,,,,,,,,,,
SCHU,2015-09-13 00:55:00 EDT,43.11700,-73.57829,103,63.8,63.8,63.8,98.2,63.3,0.012,0.101,0.00,0.103,1.9,5.0,1.2,6,37,2.7,6.5,1.3,11,40,1.9,5.0,1.2,6,37,0,29.57,,,,,,,,,,
SCHU,2015-09-13 01:00:00 EDT,43.11700,-73.57829,103,63.8,63.8,63.8,98.3,63.3,0.014,0.115,0.24,0.115,1.8,3.5,1.0,92,39,2.5,4.7,0.9,87,40,1.8,3.5,1.0,92,39,0,29.57,,,,,,,,,,
SCHU,2015-09-13 01:05:00 EDT,43.11700,-73.57829,103,63.8,63.8,63.8,98.4,63.3,0.018,0.133,0.29,0.129,1.9,3.5,0.9,99,22,2.5,4.7,0.9,96,23,1.9,3.5,0.9,99,22,0,29.57,,,,,,,,,,
SCHU,2015-09-13 01:10:00 EDT,43.11700,-73.57829,103,63.6,63.6,63.6,98.1,63.1,0.014,0.147,0.28,0.139,0.9,2.9,0.9,132,38,1.5,4.5,0.8,111,51,0.9,2.9,0.9,132,38,0,29.56,,,,,,,,,,
SCHU,2015-09-13 01:15:00 EDT,43.11700,-73.57829,103,63.6,63.6,63.6,98.0,63.1,0.012,0.159,0.00,0.141,1.0,5.3,0.8,5,40,1.7,6.5,0.9,15,42,1.0,5.3,0.8,5,40,0,29.57,,,,,,,,,,
SCHU,2015-09-13 01:20:00 EDT,43.11700,-73.57829,103,63.6,63.6,63.6,98.1,63.1,0.008,0.167,0.00,0.138,1.9,4.2,1.1,359,31,2.6,5.4,1.2,7,29,1.9,4.2,1.1,359,31,0,29.57,,,,,,,,,,
SCHU,2015-09-13 01:25:00 EDT,43.11700,-73.57829,103,63.7,63.7,63.7,98.2,63.2,0.010,0.177,0.00,0.144,2.6,5.4,1.1,18,23,3.4,7.2,1.3,25,22,2.6,5.4,1.1,18,23,0,29.56,,,,,,,,,,
SCHU,2015-09-13 01:30:00 EDT,43.11700,-73.57829,103,63.6,63.6,63.6,98.3,63.1,0.028,0.205,0.43,0.169,1.3,2.9,0.8,34,29,2.1,4.3,0.8,41,26,1.3,2.9,0.8,34,29,0,29.56,,,,,,,,,,
SCHU,2015-09-13 01:35:00 EDT,43.11700,-73.57829,103,63.5,63.6,63.5,98.2,63.0,0.013,0.218,0.34,0.181,1.8,3.7,0.8,7,27,2.5,4.9,0.9,18,23,1.8,3.7,0.8,7,27,0,29.56,,,,,,,,,,
SCHU,2015-09-13 01:40:00 EDT,43.11700,-73.57829,103,63.5,63.5,63.5,98.3,63.0,0.009,0.227,0.24,0.180,2.3,4.5,0.9,355,23,3.3,6.0,1.1,5,22,2.3,4.5,0.9,355,23,0,29.56,,,,,,,,,,
SCHU,2015-09-13 01:45:00 EDT,43.11700,-73.57829,103,63.4,63.5,63.4,98.3,63.0,0.011,0.239,0.00,0.162,2.5,5.9,1.2,338,33,3.0,6.7,1.3,350,29,2.5,5.9,1.2,338,33,0,29.56,,,,,,,,,,
SCHU,2015-09-13 01:50:00 EDT,43.11700,-73.57829,103,63.5,63.5,63.5,98.4,63.1,0.011,0.250,0.00,0.161,1.7,5.7,1.3,35,27,2.6,7.6,1.4,39,31,1.7,5.7,1.3,35,27,0,29.55,,,,,,,,,,
SCHU,2015-09-13 01:55:00 EDT,43.11700,-73.57829,103,63.6,63.6,63.6,98.3,63.1,0.009,0.258,0.00,0.158,2.1,3.7,0.8,28,18,2.5,4.7,0.8,33,16,2.1,3.7,0.8,28,18,0,29.55,,,,,,,,,,
SCHU,2015-09-13 02:00:00 EDT,43.11700,-73.57829,103,63.5,63.5,63.5,98.1,62.9,0.005,0.263,0.00,0.148,1.6,3.1,0.8,353,19,2.3,6.7,1.0,3,19,1.6,3.1,0.8,353,19,0,29.55,,,,,,,,,,
SCHU,2015-09-13 02:05:00 EDT,43.11700,-73.57829,103,63.4,63.4,63.4,98.2,62.9,0.007,0.270,0.00,0.137,2.9,4.9,1.2,358,19,3.6,6.3,1.2,8,18,2.9,4.9,1.2,358,19,0,29.55,,,,,,,,,,
SCHU,2015-09-13 02:10:00 EDT,43.11700,-73.57829,103,63.4,63.4,63.4,98.3,63.0,0.006,0.276,0.00,0.129,4.1,6.9,1.1,2,21,5.0,8.5,1.5,9,13,4.1,6.9,1.1,2,21,0,29.55,,,,,,,,,,
SCHU,2015-09-13 02:15:00 EDT,43.11700,-73.57829,103,63.4,63.4,63.4,98.4,63.0,0.008,0.284,0.00,0.125,3.4,6.8,1.3,5,23,4.2,7.6,1.5,11,20,3.4,6.8,1.3,5,23,0,29.55,,,,,,,,,,
SCHU,2015-09-13 02:20:00 EDT,43.11700,-73.57829,103,63.3,63.3,63.3,98.2,62.8,0.005,0.289,0.00,0.122,3.4,6.6,1.3,335,24,3.9,8.3,1.5,346,21,3.4,6.6,1.3,335,24,0,29.55,,,,,,,,,,
SCHU,2015-09-13 02:25:00 EDT,43.11700,-73.57829,103,63.3,63.2,63.3,98.2,62.8,0.001,0.290,0.00,0.112,2.9,6.4,1.4,314,25,3.4,7.2,1.6,323,25,2.9,6.4,1.4,314,25,0,29.55,,,,,,,,,,
SCHU,2015-09-13 02:30:00 EDT,43.11700,-73.57829,103,63.4,63.4,63.4,98.2,62.9,0.013,0.302,0.34,0.098,3.9,8.3,1.6,330,24,4.5,8.9,1.8,343,20,3.9,8.3,1.6,330,24,0,29.55,,,,,,,,,,
SCHU,2015-09-13 02:35:00 EDT,43.11700,-73.57829,103,63.5,63.5,63.5,98.1,62.9,0.028,0.330,0.42,0.113,2.9,5.6,1.2,12,27,3.6,6.7,1.4,19,23,2.9,5.6,1.2,12,27,0,29.55,,,,,,,,,,
SCHU,2015-09-13 02:40:00 EDT,43.11700,-73.57829,103,63.5,63.5,63.5,98.1,62.9,0.015,0.345,0.24,0.118,2.0,4.4,0.9,332,27,2.5,5.1,1.0,341,29,2.0,4.4,0.9,332,27,0,29.55,,,,,,,,,,
SCHU,2015-09-13 02:45:00 EDT,43.11700,-73.57829,103,63.4,63.4,63.4,98.1,62.9,0.016,0.361,0.30,0.123,2.0,3.9,1.0,313,25,2.5,4.5,1.0,326,38,2.0,3.9,1.0,313,25,0,29.55,,,,,,,,,,
SCHU,2015-09-13 02:50:00 EDT,43.11700,-73.57829,103,63.5,63.5,63.5,98.2,63.0,0.006,0.368,0.00,0.118,1.7,4.4,1.0,333,29,2.1,5.8,1.0,345,31,1.7,4.4,1.0,333,29,0,29.55,,,,,,,,,,
SCHU,2015-09-13 02:55:00 EDT,43.11700,-73.57829,103,63.5,63.5,63.5,98.2,63.0,0.018,0.386,0.43,0.127,0.9,3.3,0.9,290,27,1.3,4.5,0.8,309,41,0.9,3.3,0.9,290,27,0,29.56,,,,,,,,,,
SCHU,2015-09-13 03:00:00 EDT,43.11700,-73.57829,103,63.4,63.4,63.4,98.2,62.9,0.036,0.422,0.62,0.159,1.5,3.9,1.0,290,32,2.0,4.7,1.1,304,39,1.5,3.9,1.0,290,32,0,29.56,,,,,,,,,,
SCHU,2015-09-13 03:05:00 EDT,43.11700,-73.57829,103,63.3,63.3,63.3,97.9,62.7,0.016,0.439,0.36,0.168,0.5,2.1,0.6,265,35,1.0,2.9,0.5,286,60,0.5,2.1,0.6,265,35,0,29.55,,,,,,,,,,
SCHU,2015-09-13 03:10:00 EDT,43.11700,-73.57829,103,63.2,63.2,63.2,98.0,62.7,0.005,0.443,0.00,0.167,1.3,2.9,0.8,243,40,1.8,6.7,1.0,246,54,1.3,2.9,0.8,243,40,0,29.56,,,,,,,,,,
SCHU,2015-09-13 03:15:00 EDT,43.11700,-73.57829,103,63.3,63.3,63.3,97.6,62.6,0.006,0.449,0.00,0.165,2.5,5.5,1.4,47,41,3.3,7.6,1.5,57,41,2.5,5.5,1.4,47,41,0,29.56,,,,,,,,,,
SCHU,2015-09-13 03:20:00 EDT,43.11700,-73.57829,103,63.4,63.5,63.4,97.6,62.7,0.014,0.463,0.00,0.174,1.9,3.4,0.7,34,19,2.4,4.5,0.8,42,21,1.9,3.4,0.7,34,19,0,29.56,,,,,,,,,,
SCHU,2015-09-13 03:25:00 EDT,43.11700,-73.57829,103,63.4,63.4,63.4,98.2,62.9,0.007,0.470,0.00,0.180,3.1,5.4,1.4,346,19,4.0,6.9,1.7,356,17,3.1,5.4,1.4,346,19,0,29.56,,,,,,,,,,
SCHU,2015-09-13 03:30:00 EDT,43.11700,-73.57829,103,63.3,63.3,63.3,98.1,62.8,0.005,0.475,0.00,0.173,1.5,3.7,1.0,259,60,2.0,5.4,1.0,273,70,1.5,3.7,1.0,259,60,0,29.56,,,,,,,,,,
SCHU,2015-09-13 03:35:00 EDT,43.11700,-73.57829,103,63.3,63.4,63.3,97.5,62.6,0.005,0.480,0.00,0.150,3.3,6.2,1.8,334,42,3.9,7.2,1.8,346,40,3.3,6.2,1.8,334,42,0,29.56,,,,,,,,,,
SCHU,2015-09-13 03:40:00 EDT,43.11700,-73.57829,103,63.4,63.5,63.4,97.1,62.5,0.011,0.491,0.00,0.146,2.4,4.2,1.3,154,19,3.0,7.2,1.3,150,26,2.4,4.2,1.3,154,19,0,29.56,,,,,,,,,,
SCHU,2015-09-13 03:45:00 EDT,43.11700,-73.57829,103,63.5,63.8,63.5,96.5,62.5,0.005,0.496,0.00,0.135,1.5,3.4,1.0,168,23,2.0,4.0,1.0,163,36,1.5,3.4,1.0,168,23,0,29.56,,,,,,,,,,
SCHU,2015-09-13 03:50:00 EDT,43.11700,-73.57829,103,63.5,63.7,63.5,95.2,62.0,0.008,0.504,0.00,0.136,2.3,4.5,0.8,148,26,2.7,9.6,1.2,145,27,2.3,4.5,0.8,148,26,0,29.56,,,,,,,,,,
SCHU,2015-09-13 03:55:00 EDT,43.11700,-73.57829,103,63.4,63.5,63.4,94.5,61.8,0.007,0.511,0.00,0.125,2.9,6.4,1.2,146,20,3.3,8.3,1.5,144,19,2.9,6.4,1.2,146,20,0,29.56,,,,,,,,,,
SCHU,2015-09-13 04:00:00 EDT,43.11700,-73.57829,103,63.1,63.2,63.1,92.6,61.0,0.004,0.515,0.00,0.093,3.5,8.8,1.8,152,24,4.2,10.7,2.0,152,26,3.5,8.8,1.8,152,24,0,29.56,,,,,,,,,,
SCHU,2015-09-13 04:05:00 EDT,43.11700,-73.57829,103,62.8,62.9,62.8,93.4,60.9,0.003,0.518,0.00,0.079,3.7,7.2,1.5,144,33,4.4,9.2,1.8,142,32,3.7,7.2,1.5,144,33,0,29.56,,,,,,,,,,
SCHU,2015-09-13 04:10:00 EDT,43.11700,-73.57829,103,62.6,62.7,62.6,93.1,60.5,0.012,0.531,0.00,0.087,4.0,11.2,2.4,145,20,4.7,12.5,2.6,145,22,4.0,11.2,2.4,145,20,0,29.56,,,,,,,,,,
SCHU,2015-09-13 04:15:00 EDT,43.11700,-73.57829,103,62.3,62.3,62.3,94.1,60.5,0.009,0.539,0.00,0.090,3.2,6.5,1.2,157,32,3.6,7.6,1.5,154,33,3.2,6.5,1.2,157,32,0,29.56,,,,,,,,,,
SCHU,2015-09-13 04:20:00 EDT,43.11700,-73.57829,103,62.1,62.1,62.1,94.9,60.6,0.006,0.545,0.00,0.083,4.0,7.9,1.4,153,18,4.5,9.2,1.6,152,18,4.0,7.9,1.4,153,18,0,29.56,,,,,,,,,,
SCHU,2015-09-13 04:25:00 EDT,43.11700,-73.57829,103,62.0,62.0,62.0,95.6,60.7,0.002,0.547,0.00,0.077,1.9,4.2,0.8,164,25,2.2,4.5,0.8,160,26,1.9,4.2,0.8,164,25,0,29.56,,,,,,,,,,
SCHU,2015-09-13 04:30:00 EDT,43.11700,-73.57829,103,62.0,62.1,62.0,96.1,60.9,0.001,0.548,0.00,0.073,1.6,3.4,0.7,102,44,2.2,4.0,0.8,100,43,1.6,3.4,0.7,102,44,0,29.55,,,,,,,,,,
SCHU,2015-09-13 04:35:00 EDT,43.11700,-73.57829,103,62.2,62.2,62.2,97.1,61.3,0.000,0.548,0.00,0.068,0.8,2.1,0.7,116,28,1.4,2.9,0.6,101,39,0.8,2.1,0.7,116,28,0,29.55,,,,,,,,,,
SCHU,2015-09-13 04:40:00 EDT,43.11700,-73.57829,103,62.1,62.2,62.1,96.4,61.0,0.000,0.548,0.00,0.057,1.9,3.8,1.0,201,25,2.2,4.0,0.9,200,31,1.9,3.8,1.0,201,25,0,29.56,,,,,,,,,,
SCHU,2015-09-13 04:45:00 EDT,43.11700,-73.57829,103,62.1,62.3,62.1,96.0,60.9,0.000,0.548,0.00,0.052,1.4,3.4,1.0,114,33,2.0,4.5,1.1,112,41,1.4,3.4,1.0,114,33,0,29.55,,,,,,,,,,
SCHU,2015-09-13 04:50:00 EDT,43.11700,-73.57829,103,62.0,62.2,62.0,95.9,60.9,0.000,0.548,0.00,0.044,1.6,2.6,0.6,189,19,1.7,3.6,0.7,183,24,1.6,2.6,0.6,189,19,0,29.55,,,,,,,,,,
SCHU,2015-09-13 04:55:00 EDT,43.11700,-73.57829,103,62.3,62.4,62.3,95.3,60.9,0.000,0.548,0.00,0.037,1.5,2.7,0.7,138,15,1.8,2.9,0.6,134,19,1.5,2.7,0.7,138,15,0,29.56,,,,,,,,,,
SCHU,2015-09-13 05:00:00 EDT,43.11700,-73.57829,103,62.1,62.4,62.1,95.9,60.9,0.000,0.548,0.00,0.033,0.4,1.5,0.4,84,41,1.3,3.1,0.5,97,48,0.4,1.5,0.4,84,41,0,29.56,,,,,,,,,,
SCHU,2015-09-13 05:05:00 EDT,43.11700,-73.57829,103,62.3,62.6,62.3,95.4,61.0,0.000,0.548,0.00,0.030,1.0,2.3,0.6,94,28,1.7,6.7,0.8,88,24,1.0,2.3,0.6,94,28,0,29.56,,,,,,,,,,
SCHU,2015-09-13 05:10:00 EDT,43.11700,-73.57829,103,62.4,62.6,62.4,96.3,61.3,0.000,0.548,0.00,0.018,0.6,1.6,0.5,30,21,1.4,2.5,0.4,42,14,0.6,1.6,0.5,30,21,0,29.56,,,,,,,,,,
SCHU,2015-09-13 05:15:00 EDT,43.11700,-73.57829,103,62.2,62.3,62.2,96.6,61.2,0.000,0.548,0.00,0.009,0.1,0.9,0.2,41,1,0.7,1.8,0.4,79,49,0.1,0.9,0.2,41,1,0,29.56,,,,,,,,,,
SCHU,2015-09-13 05:20:00 EDT,43.11700,-73.57829,103,61.8,62.1,61.8,96.5,60.8,0.000,0.548,0.00,0.003,0.2,1.0,0.3,157,28,0.9,4.9,0.6,142,63,0.2,1.0,0.3,157,28,0,29.56,,,,,,,,,,
SCHU,2015-09-13 05:25:00 EDT,43.11700,-73.57829,103,61.8,62.0,61.8,97.5,61.1,0.000,0.548,0.00,0.001,1.4,2.4,0.7,70,10,2.1,3.6,0.8,71,12,1.4,2.4,0.7,70,10,0,29.56,,,,,,,,,,
SCHU,2015-09-13 05:30:00 EDT,43.11700,-73.57829,103,62.0,62.1,62.0,97.0,61.2,0.000,0.548,0.00,0.000,0.7,3.1,0.8,46,24,1.4,3.8,0.8,43,40,0.7,3.1,0.8,46,24,0,29.57,,,,,,,,,,
SCHU,2015-09-13 05:35:00 EDT,43.11700,-73.57829,103,62.0,62.1,62.0,96.6,61.0,0.002,0.550,0.00,0.002,0.0,0.5,0.1,45,1,0.8,1.8,0.3,48,29,0.0,0.5,0.1,45,1,0,29.57,,,,,,,,,,
SCHU,2015-09-13 05:40:00 EDT,43.11700,-73.57829,103,62.0,62.2,62.0,97.0,61.2,0.001,0.551,0.00,0.003,1.0,1.9,0.4,25,20,1.5,2.2,0.3,35,18,1.0,1.9,0.4,25,20,0,29.56,,,,,,,,,,
SCHU,2015-09-13 05:45:00 EDT,43.11700,-73.57829,103,62.0,62.0,62.0,97.1,61.2,0.000,0.551,0.00,0.003,1.2,2.3,0.5,22,14,1.7,2.9,0.5,33,16,1.2,2.3,0.5,22,14,0,29.56,,,,,,,,,,
SCHU,2015-09-13 05:50:00 EDT,43.11700,-73.57829,103,61.9,61.9,61.9,97.1,61.0,0.003,0.554,0.00,0.006,0.0,0.0,0.0,0,0,0.8,2.0,0.3,2,40,0.0,0.0,0.0,0,0,0,29.56,,,,,,,,,,
SCHU,2015-09-13 05:55:00 EDT,43.11700,-73.57829,103,61.7,61.8,61.7,97.6,61.0,0.001,0.555,0.00,0.007,0.0,0.0,0.0,0,0,1.0,1.8,0.3,336,23,0.0,0.0,0.0,0,0,0,29.56,,,,,,,,,,
SCHU,2015-09-13 06:00:00 EDT,43.11700,-73.57829,103,61.7,61.7,61.7,98.1,61.1,0.000,0.555,0.00,0.007,0.0,0.0,0.0,0,0,0.6,4.7,0.5,11,48,0.0,0.0,0.0,0,0,0,29.56,,,,,,,,,,
SCHU,2015-09-13 06:05:00 EDT,43.11700,-73.57829,103,61.7,61.7,61.7,98.4,61.2,0.000,0.555,0.00,0.007,0.3,1.0,0.4,313,9,0.9,4.0,0.4,343,24,0.3,1.0,0.4,313,9,0,29.56,,,,,,,,,,
SCHU,2015-09-13 06:10:00 EDT,43.11700,-73.57829,103,61.6,61.7,61.6,98.4,61.1,0.000,0.555,0.00,0.007,0.8,1.3,0.4,315,12,1.1,1.8,0.3,321,18,0.8,1.3,0.4,315,12,0,29.56,,,,,,,,,,
SCHU,2015-09-13 06:15:00 EDT,43.11700,-73.57829,103,61.6,61.8,61.6,98.4,61.2,0.000,0.555,0.00,0.007,1.5,2.6,0.5,336,8,2.0,3.6,0.7,348,11,1.5,2.6,0.5,336,8,0,29.56,,,,,,,,,,
SCHU,2015-09-13 06:20:00 EDT,43.11700,-73.57829,103,61.8,61.8,61.8,98.3,61.3,0.000,0.555,0.00,0.007,0.6,1.5,0.5,344,3,1.3,2.0,0.4,353,15,0.6,1.5,0.5,344,3,0,29.56,,,,,,,,,,
SCHU,2015-09-13 06:25:00 EDT,43.11700,-73.57829,103,61.6,61.6,61.6,98.4,61.2,0.000,0.555,0.00,0.007,0.4,1.2,0.4,317,11,1.1,1.8,0.3,314,26,0.4,1.2,0.4,317,11,0,29.56,,,,,,,,,,
SCHU,2015-09-13 06:30:00 EDT,43.11700,-73.57829,103,61.7,61.8,61.7,98.5,61.3,0.000,0.555,0.00,0.007,0.8,1.3,0.4,334,16,1.3,2.2,0.3,350,20,0.8,1.3,0.4,334,16,0,29.56,,,,,,,,,,
SCHU,2015-09-13 06:35:00 EDT,43.11700,-73.57829,103,61.7,61.8,61.7,98.6,61.3,0.000,0.555,0.00,0.005,1.3,2.1,0.4,332,14,2.0,7.6,0.8,349,11,1.3,2.1,0.4,332,14,0,29.56,,,,,,,,,,
SCHU,2015-09-13 06:40:00 EDT,43.11700,-73.57829,103,61.9,62.0,61.9,98.4,61.4,0.000,0.555,0.00,0.004,1.6,2.7,0.7,0,18,2.2,3.8,0.9,11,18,1.6,2.7,0.7,0,18,1,29.56,,,,,,,,,,
SCHU,2015-09-13 06:45:00 EDT,43.11700,-73.57829,103,61.9,62.0,61.9,98.2,61.4,0.000,0.555,0.00,0.004,1.4,3.2,1.0,320,10,1.8,5.6,0.9,330,16,1.4,3.2,1.0,320,10,1,29.56,,,,,,,,,,
SCHU,2015-09-13 06:50:00 EDT,43.11700,-73.57829,103,61.9,62.1,61.9,97.9,61.3,0.000,0.555,0.00,0.001,2.5,4.2,1.0,344,12,3.2,5.6,1.1,354,13,2.5,4.2,1.0,344,12,2,29.57,,,,,,,,,,
SCHU,2015-09-13 06:55:00 EDT,43.11700,-73.57829,103,62.0,62.3,62.0,97.1,61.2,0.000,0.555,0.00,0.000,2.2,4.1,0.9,327,20,2.6,5.6,1.0,339,21,2.2,4.1,0.9,327,20,2,29.57,,,,,,,,,,
SCHU,2015-09-13 07:00:00 EDT,43.11700,-73.57829,103,61.9,61.9,61.9,97.2,61.1,0.000,0.555,0.00,0.000,2.1,4.1,0.8,320,18,2.3,5.1,0.9,332,18,2.1,4.1,0.8,320,18,2,29.57,,,,,,,,,,
SCHU,2015-09-13 07:05:00 EDT,43.11700,-73.57829,103,61.7,61.7,61.7,97.4,61.0,0.000,0.555,0.00,0.000,2.9,6.6,1.2,349,26,3.8,8.9,1.5,358,22,2.9,6.6,1.2,349,26,3,29.57,,,,,,,,,,
SCHU,2015-09-13 07:10:00 EDT,43.11700,-73.57829,103,61.6,61.6,61.6,97.5,60.9,0.000,0.555,0.00,0.000,2.4,4.5,0.9,354,35,2.9,6.3,1.2,5,31,2.4,4.5,0.9,354,35,4,29.57,,,,,,,,,,
SCHU,2015-09-13 07:15:00 EDT,43.11700,-73.57829,103,61.6,61.5,61.6,97.4,60.8,0.000,0.555,0.00,0.000,0.7,1.8,0.6,332,38,1.4,4.9,0.7,1,53,0.7,1.8,0.6,332,38,6,29.57,,,,,,,,,,
SCHU,2015-09-13 07:20:00 EDT,43.11700,-73.57829,103,61.6,61.6,61.6,97.6,60.9,0.000,0.555,0.00,0.000,1.6,3.5,1.0,348,22,2.1,4.5,1.0,357,21,1.6,3.5,1.0,348,22,9,29.57,,,,,,,,,,
SCHU,2015-09-13 07:25:00 EDT,43.11700,-73.57829,103,61.6,61.5,61.6,97.5,60.9,0.000,0.555,0.00,0.000,1.8,3.9,0.9,331,21,2.1,5.6,0.9,344,25,1.8,3.9,0.9,331,21,14,29.57,,,,,,,,,,
SCHU,2015-09-13 07:30:00 EDT,43.11700,-73.57829,103,61.5,61.4,61.5,97.3,60.8,0.000,0.555,0.00,0.000,2.4,4.5,0.8,319,31,2.7,5.6,0.9,331,33,2.4,4.5,0.8,319,31,14,29.58,,,,,,,,,,
SCHU,2015-09-13 07:35:00 EDT,43.11700,-73.57829,103,61.5,61.4,61.5,97.2,60.7,0.000,0.555,0.00,0.000,1.7,3.1,1.0,337,20,2.3,4.9,1.1,350,20,1.7,3.1,1.0,337,20,19,29.58,,,,,,,,,,
SCHU,2015-09-13 07:40:00 EDT,43.11700,-73.57829,103,61.5,61.4,61.5,97.5,60.8,0.000,0.555,0.00,0.000,1.4,2.6,0.6,322,29,1.7,3.6,0.6,331,33,1.4,2.6,0.6,322,29,13,29.58,,,,,,,,,,
SCHU,2015-09-13 07:45:00 EDT,43.11700,-73.57829,103,61.5,61.4,61.5,97.4,60.8,0.000,0.555,0.00,0.000,1.3,3.4,1.1,332,25,1.9,4.5,1.0,347,39,1.3,3.4,1.1,332,25,12,29.58,,,,,,,,,,
SCHU,2015-09-13 07:50:00 EDT,43.11700,-73.57829,103,61.5,61.5,61.5,97.4,60.8,0.002,0.557,0.00,0.002,2.5,4.2,1.0,314,18,2.6,5.1,1.1,322,22,2.5,4.2,1.0,314,18,17,29.58,,,,,,,,,,
SCHU,2015-09-13 07:55:00 EDT,43.11700,-73.57829,103,61.6,61.5,61.6,97.7,61.0,0.000,0.557,0.00,0.002,1.8,4.9,1.4,10,42,2.5,5.8,1.5,22,47,1.8,4.9,1.4,10,42,12,29.58,,,,,,,,,,
SCHU,2015-09-13 08:00:00 EDT,43.11700,-73.57829,103,61.7,61.6,61.7,98.1,61.1,0.001,0.558,0.00,0.003,1.8,3.6,0.6,338,31,2.3,4.5,0.9,349,32,1.8,3.6,0.6,338,31,12,29.58,,,,,,,,,,
SCHU,2015-09-13 08:05:00 EDT,43.11700,-73.57829,103,61.5,61.3,61.5,97.5,60.7,0.000,0.558,0.00,0.003,2.6,5.5,1.4,356,24,3.1,6.5,1.4,7,25,2.6,5.5,1.4,356,24,18,29.58,,,,,,,,,,
SCHU,2015-09-13 08:10:00 EDT,43.11700,-73.57829,103,61.5,61.4,61.5,97.5,60.8,0.000,0.558,0.00,0.003,0.6,2.5,0.7,10,20,1.4,3.4,0.7,31,30,0.6,2.5,0.7,10,20,25,29.58,,,,,,,,,,
SCHU,2015-09-13 08:15:00 EDT,43.11700,-73.57829,103,61.7,61.6,61.7,97.8,61.1,0.000,0.558,0.00,0.003,0.3,1.5,0.4,63,29,1.1,2.9,0.5,73,39,0.3,1.5,0.4,63,29,30,29.58,,,,,,,,,,
SCHU,2015-09-13 08:20:00 EDT,43.11700,-73.57829,103,61.8,61.7,61.8,97.9,61.2,0.000,0.558,0.00,0.003,0.6,1.8,0.7,291,16,1.2,4.5,0.6,319,46,0.6,1.8,0.7,291,16,24,29.58,,,,,,,,,,
SCHU,2015-09-13 08:25:00 EDT,43.11700,-73.57829,103,61.7,61.6,61.7,97.9,61.1,0.000,0.558,0.00,0.003,1.4,2.0,0.2,323,20,1.6,2.7,0.5,340,20,1.4,2.0,0.2,323,20,22,29.58,,,,,,,,,,
SCHU,2015-09-13 08:30:00 EDT,43.11700,-73.57829,103,61.8,61.7,61.8,97.7,61.1,0.000,0.558,0.00,0.003,2.3,4.0,0.6,327,23,2.8,5.4,1.0,338,24,2.3,4.0,0.6,327,23,26,29.58,,,,,,,,,,
SCHU,2015-09-13 08:35:00 EDT,43.11700,-73.57829,103,61.8,61.6,61.8,97.8,61.2,0.000,0.558,0.00,0.003,1.4,3.3,0.8,303,16,1.7,3.1,0.6,312,26,1.4,3.3,0.8,303,16,41,29.58,,,,,,,,,,
SCHU,2015-09-13 08:40:00 EDT,43.11700,-73.57829,103,61.8,61.7,61.8,97.6,61.1,0.000,0.558,0.00,0.003,0.6,3.1,1.0,331,8,1.1,3.4,0.9,354,33,0.6,3.1,1.0,331,8,35,29.58,,,,,,,,,,
SCHU,2015-09-13 08:45:00 EDT,43.11700,-73.57829,103,61.9,61.8,61.9,97.4,61.2,0.004,0.562,0.00,0.007,0.1,1.1,0.3,287,5,0.7,1.6,0.3,344,41,0.1,1.1,0.3,287,5,40,29.58,,,,,,,,,,
SCHU,2015-09-13 08:50:00 EDT,43.11700,-73.57829,103,62.0,61.9,62.0,97.2,61.2,0.000,0.562,0.00,0.005,0.1,1.0,0.3,96,8,0.8,1.8,0.4,67,50,0.1,1.0,0.3,96,8,54,29.58,,,,,,,,,,
SCHU,2015-09-13 08:55:00 EDT,43.11700,-73.57829,103,62.5,62.2,62.5,97.5,61.8,0.000,0.562,0.00,0.005,0.2,1.3,0.4,65,3,1.2,2.5,0.5,57,16,0.2,1.3,0.4,65,3,71,29.58,,,,,,,,,,
SCHU,2015-09-13 09:00:00 EDT,43.11700,-73.57829,103,62.5,62.3,62.5,96.9,61.6,0.000,0.562,0.00,0.004,1.0,2.2,0.7,120,27,1.6,3.1,0.6,104,35,1.0,2.2,0.7,120,27,75,29.58,,,,,,,,,,
SCHU,2015-09-13 09:05:00 EDT,43.11700,-73.57829,103,62.7,62.5,62.7,96.3,61.6,0.000,0.562,0.00,0.004,0.5,1.8,0.5,290,35,1.1,2.2,0.4,314,53,0.5,1.8,0.5,290,35,75,29.58,,,,,,,,,,
SCHU,2015-09-13 09:10:00 EDT,43.11700,-73.57829,103,63.2,62.9,63.2,96.2,62.1,0.000,0.562,0.00,0.004,1.4,3.7,1.0,123,47,2.0,4.7,1.0,120,51,1.4,3.7,1.0,123,47,66,29.58,,,,,,,,,,
SCHU,2015-09-13 09:15:00 EDT,43.11700,-73.57829,103,63.5,63.3,63.5,95.5,62.2,0.000,0.562,0.00,0.004,1.3,2.8,1.0,81,15,1.9,4.5,1.1,79,19,1.3,2.8,1.0,81,15,79,29.58,,,,,,,,,,
SCHU,2015-09-13 09:20:00 EDT,43.11700,-73.57829,103,63.8,63.6,63.8,95.6,62.5,0.000,0.562,0.00,0.004,0.4,1.3,0.4,16,9,1.2,4.3,0.5,28,17,0.4,1.3,0.4,16,9,73,29.58,,,,,,,,,,
SCHU,2015-09-13 09:25:00 EDT,43.11700,-73.57829,103,64.0,63.8,64.0,94.8,62.5,0.000,0.562,0.00,0.004,0.0,0.7,0.2,70,0,1.0,3.8,0.5,44,34,0.0,0.7,0.2,70,0,58,29.58,,,,,,,,,,
SCHU,2015-09-13 09:30:00 EDT,43.11700,-73.57829,103,64.1,63.8,64.1,95.0,62.6,0.000,0.562,0.00,0.004,0.0,0.1,0.0,70,0,0.8,1.8,0.3,327,37,0.0,0.1,0.0,70,0,66,29.58,,,,,,,,,,
SCHU,2015-09-13 09:35:00 EDT,43.11700,-73.57829,103,64.2,64.1,64.2,94.3,62.5,0.000,0.562,0.00,0.004,0.1,0.9,0.2,3,15,0.9,1.8,0.4,25,43,0.1,0.9,0.2,3,15,57,29.59,,,,,,,,,,
SCHU,2015-09-13 09:40:00 EDT,43.11700,-73.57829,103,64.3,64.2,64.3,95.1,62.9,0.000,0.562,0.00,0.004,1.1,1.8,0.5,324,11,1.4,2.5,0.4,336,16,1.1,1.8,0.5,324,11,53,29.59,,,,,,,,,,
SCHU,2015-09-13 09:45:00 EDT,43.11700,-73.57829,103,64.3,64.3,64.3,94.1,62.5,0.000,0.562,0.00,0.000,0.8,2.3,0.7,302,18,1.3,2.9,0.5,336,32,0.8,2.3,0.7,302,18,36,29.59,,,,,,,,,,
SCHU,2015-09-13 09:50:00 EDT,43.11700,-73.57829,103,64.1,64.2,64.1,95.8,62.9,0.000,0.562,0.00,0.000,1.7,3.3,0.7,327,7,2.0,3.8,0.5,341,11,1.7,3.3,0.7,327,7,43,29.59,,,,,,,,,,
SCHU,2015-09-13 09:55:00 EDT,43.11700,-73.57829,103,64.1,64.2,64.1,94.4,62.5,0.000,0.562,0.00,0.000,1.9,3.7,1.0,321,9,2.0,4.3,0.9,332,11,1.9,3.7,1.0,321,9,48,29.59,,,,,,,,,,
SCHU,2015-09-13 10:00:00 EDT,43.11700,-73.57829,103,64.4,64.2,64.4,94.9,62.9,0.000,0.562,0.00,0.000,1.6,3.4,0.6,351,9,2.3,4.3,0.7,2,11,1.6,3.4,0.6,351,9,38,29.59,,,,,,,,,,
SCHU,2015-09-13 10:05:00 EDT,43.11700,-73.57829,103,64.4,64.4,64.4,94.1,62.7,0.000,0.562,0.00,0.000,0.7,2.1,0.6,356,7,1.5,3.1,0.5,25,29,0.7,2.1,0.6,356,7,33,29.59,,,,,,,,,,
SCHU,2015-09-13 10:10:00 EDT,43.11700,-73.57829,103,64.7,64.4,64.7,94.9,63.1,0.000,0.562,0.00,0.000,0.0,0.5,0.1,74,0,1.0,4.7,0.7,45,30,0.0,0.5,0.1,74,0,58,29.59,,,,,,,,,,
SCHU,2015-09-13 10:15:00 EDT,43.11700,-73.57829,103,64.8,64.6,64.8,92.9,62.7,0.000,0.562,0.00,0.000,0.2,1.2,0.3,111,1,1.1,2.0,0.3,79,26,0.2,1.2,0.3,111,1,69,29.59,,,,,,,,,,
SCHU,2015-09-13 10:20:00 EDT,43.11700,-73.57829,103,65.1,64.9,65.1,92.9,63.0,0.000,0.562,0.00,0.000,0.0,0.9,0.2,109,0,0.7,1.6,0.3,94,26,0.0,0.9,0.2,109,0,81,29.59,,,,,,,,,,
SCHU,2015-09-13 10:25:00 EDT,43.11700,-73.57829,103,65.4,65.1,65.4,91.7,62.9,0.000,0.562,0.00,0.000,0.5,1.6,0.5,40,14,1.3,2.7,0.5,54,21,0.5,1.6,0.5,40,14,185,29.59,,,,,,,,,,
SCHU,2015-09-13 10:30:00 EDT,43.11700,-73.57829,103,65.8,65.2,65.8,91.1,63.2,0.000,0.562,0.00,0.000,0.2,1.0,0.3,302,38,0.8,1.8,0.4,351,61,0.2,1.0,0.3,302,38,297,29.59,,,,,,,,,,
SCHU,2015-09-13 10:35:00 EDT,43.11700,-73.57829,103,66.5,65.9,66.5,88.1,62.9,0.000,0.562,0.00,0.000,0.6,2.0,0.5,83,51,1.2,2.7,0.5,79,49,0.6,2.0,0.5,83,51,215,29.59,,,,,,,,,,
SCHU,2015-09-13 10:40:00 EDT,43.11700,-73.57829,103,66.6,66.3,66.6,87.4,62.8,0.000,0.562,0.00,0.000,0.0,0.4,0.0,13,0,0.8,1.8,0.4,66,46,0.0,0.4,0.0,13,0,231,29.59,,,,,,,,,,
SCHU,2015-09-13 10:45:00 EDT,43.11700,-73.57829,103,67.2,66.7,67.2,84.9,62.5,0.000,0.562,0.00,0.000,1.5,3.6,1.1,149,23,2.2,4.3,0.9,138,34,1.5,3.6,1.1,149,23,211,29.59,,,,,,,,,,
SCHU,2015-09-13 10:50:00 EDT,43.11700,-73.57829,103,67.0,66.7,67.0,83.4,61.8,0.000,0.562,0.00,0.000,1.4,2.9,0.6,162,21,1.9,3.6,0.6,155,24,1.4,2.9,0.6,162,21,187,29.59,,,,,,,,,,
SCHU,2015-09-13 10:55:00 EDT,43.11700,-73.57829,103,67.3,67.1,67.3,83.5,62.1,0.000,0.562,0.00,0.000,1.5,3.1,0.9,162,12,2.0,3.8,0.8,156,25,1.5,3.1,0.9,162,12,182,29.59,,,,,,,,,,
SCHU,2015-09-13 11:00:00 EDT,43.11700,-73.57829,103,67.5,67.2,67.5,83.5,62.4,0.000,0.562,0.00,0.000,0.9,4.2,1.1,152,20,1.4,5.6,1.2,140,36,0.9,4.2,1.1,152,20,207,29.58,,,,,,,,,,
SCHU,2015-09-13 11:05:00 EDT,43.11700,-73.57829,103,68.0,67.3,68.0,83.3,62.8,0.000,0.562,0.00,0.000,1.7,3.0,0.8,130,35,2.2,4.0,0.8,124,33,1.7,3.0,0.8,130,35,185,29.59,,,,,,,,,,
SCHU,2015-09-13 11:10:00 EDT,43.11700,-73.57829,103,68.1,67.6,68.1,84.2,63.1,0.000,0.562,0.00,0.000,1.5,3.0,0.8,200,22,1.8,3.8,0.8,190,28,1.5,3.0,0.8,200,22,190,29.58,,,,,,,,,,
SCHU,2015-09-13 11:15:00 EDT,43.11700,-73.57829,103,68.0,67.6,68.0,83.3,62.8,0.000,0.562,0.00,0.000,1.3,2.6,0.7,180,29,1.5,3.4,0.7,165,34,1.3,2.6,0.7,180,29,170,29.58,,,,,,,,,,
SCHU,2015-09-13 11:20:00 EDT,43.11700,-73.57829,103,67.9,67.5,67.9,81.8,62.1,0.000,0.562,0.00,0.000,3.2,5.4,1.0,241,20,3.3,6.5,1.2,246,24,3.2,5.4,1.0,241,20,141,29.58,,,,,,,,,,
SCHU,2015-09-13 11:25:00 EDT,43.11700,-73.57829,103,67.7,67.5,67.7,82.9,62.3,0.000,0.562,0.00,0.000,1.7,3.6,0.9,201,27,1.8,4.0,0.7,189,35,1.7,3.6,0.9,201,27,151,29.58,,,,,,,,,,
SCHU,2015-09-13 11:30:00 EDT,43.11700,-73.57829,103,68.0,67.8,68.0,81.9,62.2,0.000,0.562,0.00,0.000,1.4,4.0,1.0,170,34,2.0,5.1,1.1,154,38,1.4,4.0,1.0,170,34,145,29.58,,,,,,,,,,
SCHU,2015-09-13 11:35:00 EDT,43.11700,-73.57829,103,68.2,67.9,68.2,83.0,62.8,0.000,0.562,0.00,0.000,2.1,3.7,0.8,231,30,2.4,4.7,0.8,226,37,2.1,3.7,0.8,231,30,124,29.58,,,,,,,,,,
SCHU,2015-09-13 11:40:00 EDT,43.11700,-73.57829,103,68.1,67.8,68.1,82.6,62.6,0.000,0.562,0.00,0.000,1.2,2.6,0.8,189,18,1.5,3.1,0.6,176,28,1.2,2.6,0.8,189,18,102,29.58,,,,,,,,,,
SCHU,2015-09-13 11:45:00 EDT,43.11700,-73.57829,103,67.9,67.6,67.9,82.9,62.5,0.000,0.562,0.00,0.000,1.3,3.2,0.8,217,18,1.3,3.4,0.7,217,33,1.3,3.2,0.8,217,18,145,29.58,,,,,,,,,,
SCHU,2015-09-13 11:50:00 EDT,43.11700,-73.57829,103,68.0,67.7,68.0,84.2,63.1,0.000,0.562,0.00,0.000,1.2,2.7,0.7,222,18,1.3,2.7,0.5,218,26,1.2,2.7,0.7,222,18,126,29.59,,,,,,,,,,
SCHU,2015-09-13 11:55:00 EDT,43.11700,-73.57829,103,68.2,67.7,68.2,84.0,63.2,0.000,0.562,0.00,0.000,1.2,2.8,0.9,301,24,1.6,2.9,0.7,323,38,1.2,2.8,0.9,301,24,274,29.58,,,,,,,,,,
SCHU,2015-09-13 12:00:00 EDT,43.11700,-73.57829,103,68.6,68.0,68.6,83.6,63.4,0.000,0.562,0.00,0.000,1.8,3.8,0.8,288,21,2.0,4.7,0.7,304,28,1.8,3.8,0.8,288,21,493,29.58,,,,,,,,,,
SCHU,2015-09-13 12:05:00 EDT,43.11700,-73.57829,103,69.6,68.7,69.6,81.2,63.6,0.000,0.562,0.00,0.000,1.9,3.5,0.8,263,19,2.1,4.0,0.9,271,23,1.9,3.5,0.8,263,19,679,29.58,,,,,,,,,,
SCHU,2015-09-13 12:10:00 EDT,43.11700,-73.57829,103,69.1,68.5,69.1,79.3,62.4,0.000,0.562,0.00,0.000,1.2,2.8,0.7,274,15,1.5,2.9,0.7,283,26,1.2,2.8,0.7,274,15,396,29.58,,,,,,,,,,
SCHU,2015-09-13 12:15:00 EDT,43.11700,-73.57829,103,69.6,68.9,69.6,80.4,63.3,0.000,0.562,0.00,0.000,0.7,1.8,0.7,259,33,1.2,2.0,0.5,270,57,0.7,1.8,0.7,259,33,292,29.58,,,,,,,,,,
SCHU,2015-09-13 12:20:00 EDT,43.11700,-73.57829,103,69.7,69.3,69.7,78.9,62.9,0.000,0.562,0.00,0.000,1.9,4.7,1.2,199,29,2.3,5.4,1.1,192,33,1.9,4.7,1.2,199,29,415,29.58,,,,,,,,,,
SCHU,2015-09-13 12:25:00 EDT,43.11700,-73.57829,103,70.1,69.5,70.1,79.1,63.3,0.000,0.562,0.00,0.000,2.0,6.2,1.3,154,19,2.6,6.7,1.4,149,20,2.0,6.2,1.3,154,19,316,29.58,,,,,,,,,,
SCHU,2015-09-13 12:30:00 EDT,43.11700,-73.57829,103,70.3,69.4,70.3,79.1,63.5,0.000,0.562,0.00,0.000,2.6,4.5,0.7,104,41,3.3,5.6,0.8,103,38,2.6,4.5,0.7,104,41,543,29.58,,,,,,,,,,
SCHU,2015-09-13 12:35:00 EDT,43.11700,-73.57829,103,71.4,70.2,71.4,79.3,64.6,0.000,0.562,0.00,0.000,1.9,3.9,0.9,84,39,2.7,4.9,0.9,83,33,1.9,3.9,0.9,84,39,574,29.58,,,,,,,,,,
SCHU,2015-09-13 12:40:00 EDT,43.11700,-73.57829,103,71.5,70.2,71.5,77.1,63.9,0.000,0.562,0.00,0.000,1.9,3.7,1.2,121,29,2.4,4.7,1.4,118,36,1.9,3.7,1.2,121,29,746,29.58,,,,,,,,,,
SCHU,2015-09-13 12:45:00 EDT,43.11700,-73.57829,103,71.2,70.7,71.2,77.9,63.9,0.000,0.562,0.00,0.000,2.1,5.8,1.7,159,21,2.9,9.6,1.8,155,29,2.1,5.8,1.7,159,21,391,29.58,,,,,,,,,,
SCHU,2015-09-13 12:50:00 EDT,43.11700,-73.57829,103,71.6,70.8,71.6,77.7,64.2,0.000,0.562,0.00,0.000,1.5,4.0,1.1,148,34,2.2,4.5,1.1,139,43,1.5,4.0,1.1,148,34,300,29.58,,,,,,,,,,
SCHU,2015-09-13 12:55:00 EDT,43.11700,-73.57829,103,72.5,71.5,72.5,78.6,65.5,0.000,0.562,0.00,0.000,2.7,6.1,1.2,131,29,3.4,6.7,1.2,124,29,2.7,6.1,1.2,131,29,405,29.57,,,,,,,,,,
SCHU,2015-09-13 13:00:00 EDT,43.11700,-73.57829,103,72.9,72.2,72.9,75.2,64.6,0.000,0.562,0.00,0.000,3.6,6.9,1.5,139,25,4.7,9.2,1.7,135,25,3.6,6.9,1.5,139,25,443,29.57,,,,,,,,,,
SCHU,2015-09-13 13:05:00 EDT,43.11700,-73.57829,103,73.8,72.7,73.8,72.7,64.5,0.000,0.562,0.00,0.000,3.9,6.4,1.3,132,32,4.7,8.3,1.7,127,28,3.9,6.4,1.3,132,32,550,29.56,,,,,,,,,,
SCHU,2015-09-13 13:10:00 EDT,43.11700,-73.57829,103,73.4,72.7,73.4,74.3,64.7,0.000,0.562,0.00,0.000,2.9,6.6,1.6,135,24,3.5,8.9,1.7,132,21,2.9,6.6,1.6,135,24,611,29.56,,,,,,,,,,
SCHU,2015-09-13 13:15:00 EDT,43.11700,-73.57829,103,73.9,73.1,73.9,71.9,64.2,0.000,0.562,0.00,0.000,3.5,6.9,1.6,167,37,4.2,8.5,1.7,162,37,3.5,6.9,1.6,167,37,582,29.56,,,,,,,,,,
SCHU,2015-09-13 13:20:00 EDT,43.11700,-73.57829,103,74.4,73.7,74.4,70.7,64.3,0.000,0.562,0.00,0.000,3.4,6.5,1.2,157,23,3.9,8.3,1.4,153,21,3.4,6.5,1.2,157,23,421,29.55,,,,,,,,,,
SCHU,2015-09-13 13:25:00 EDT,43.11700,-73.57829,103,75.3,74.1,75.3,69.8,64.8,0.000,0.562,0.00,0.000,3.3,7.4,1.6,151,30,3.9,8.7,1.7,146,28,3.3,7.4,1.6,151,30,900,29.55,,,,,,,,,,
SCHU,2015-09-13 13:30:00 EDT,43.11700,-73.57829,103,75.5,74.6,75.5,65.6,63.2,0.000,0.562,0.00,0.000,5.1,13.3,2.6,161,26,5.8,15.0,2.8,158,25,5.1,13.3,2.6,161,26,632,29.55,,,,,,,,,,
SCHU,2015-09-13 13:35:00 EDT,43.11700,-73.57829,103,75.3,74.7,75.3,64.7,62.6,0.000,0.562,0.00,0.000,4.6,9.7,2.2,170,22,5.2,11.4,2.4,166,24,4.6,9.7,2.2,170,22,635,29.55,,,,,,,,,,
SCHU,2015-09-13 13:40:00 EDT,43.11700,-73.57829,103,75.4,74.7,75.4,64.9,62.8,0.000,0.562,0.00,0.000,7.3,12.9,2.3,166,27,8.3,16.1,2.7,165,25,7.3,12.9,2.3,166,27,666,29.55,,,,,,,,,,
SCHU,2015-09-13 13:45:00 EDT,43.11700,-73.57829,103,76.1,75.1,76.1,67.1,64.4,0.000,0.562,0.00,0.000,4.3,9.4,1.7,129,24,5.2,10.7,1.8,130,22,4.3,9.4,1.7,129,24,799,29.55,,,,,,,,,,
SCHU,2015-09-13 13:50:00 EDT,43.11700,-73.57829,103,76.3,75.4,76.3,66.7,64.4,0.000,0.562,0.00,0.000,4.2,7.7,1.5,155,31,4.8,8.5,1.7,151,29,4.2,7.7,1.5,155,31,664,29.55,,,,,,,,,,
SCHU,2015-09-13 13:55:00 EDT,43.11700,-73.57829,103,76.3,75.5,76.3,63.5,63.0,0.000,0.562,0.00,0.000,5.9,11.1,1.4,157,23,6.7,11.4,1.6,154,21,5.9,11.1,1.4,157,23,616,29.54,,,,,,,,,,
SCHU,2015-09-13 14:00:00 EDT,43.11700,-73.57829,103,76.4,75.5,76.4,62.0,62.4,0.000,0.562,0.00,0.000,6.2,13.4,2.5,173,30,7.3,14.3,3.0,175,27,6.2,13.4,2.5,173,30,657,29.55,,,,,,,,,,
SCHU,2015-09-13 14:05:00 EDT,43.11700,-73.57829,103,77.2,76.1,77.2,61.2,62.8,0.000,0.562,0.00,0.000,5.5,15.3,2.5,173,25,6.5,15.7,2.7,172,25,5.5,15.3,2.5,173,25,816,29.55,,,,,,,,,,
SCHU,2015-09-13 14:10:00 EDT,43.11700,-73.57829,103,76.5,76.0,76.5,58.8,61.0,0.000,0.562,0.00,0.000,5.2,13.2,2.2,210,34,5.6,16.3,2.8,211,36,5.2,13.2,2.2,210,34,351,29.55,,,,,,,,,,
SCHU,2015-09-13 14:15:00 EDT,43.11700,-73.57829,103,75.4,75.1,75.4,59.8,60.5,0.000,0.562,0.00,0.000,5.8,11.2,2.6,192,34,6.8,13.4,2.8,188,33,5.8,11.2,2.6,192,34,382,29.55,,,,,,,,,,
SCHU,2015-09-13 14:20:00 EDT,43.11700,-73.57829,103,75.9,75.4,75.9,60.9,61.4,0.000,0.562,0.00,0.000,4.1,9.9,2.0,210,36,4.5,11.2,2.2,209,43,4.1,9.9,2.0,210,36,388,29.55,,,,,,,,,,
SCHU,2015-09-13 14:25:00 EDT,43.11700,-73.57829,103,71.8,71.4,71.8,66.3,60.0,0.000,0.562,0.00,0.000,7.7,17.6,4.1,278,23,8.7,19.5,4.6,283,22,7.7,17.6,4.1,278,23,222,29.56,,,,,,,,,,
SCHU,2015-09-13 14:30:00 EDT,43.11700,-73.57829,103,70.6,70.1,70.6,71.7,61.0,0.000,0.562,0.00,0.000,3.9,10.1,2.0,263,43,4.6,12.1,2.4,261,47,3.9,10.1,2.0,263,43,228,29.56,,,,,,,,,,
SCHU,2015-09-13 14:35:00 EDT,43.11700,-73.57829,103,69.8,69.2,69.8,70.9,59.9,0.000,0.562,0.00,0.000,5.5,12.1,2.4,268,32,5.9,14.1,2.9,272,34,5.5,12.1,2.4,268,32,577,29.57,,,,,,,,,,
SCHU,2015-09-13 14:40:00 EDT,43.11700,-73.57829,103,71.3,70.2,71.3,70.7,61.3,0.000,0.562,0.00,0.000,3.7,7.2,1.5,278,34,4.6,9.4,1.9,286,37,3.7,7.2,1.5,278,34,829,29.57,,,,,,,,,,
SCHU,2015-09-13 14:45:00 EDT,43.11700,-73.57829,103,71.5,70.7,71.5,68.3,60.5,0.000,0.562,0.00,0.000,4.3,9.8,2.3,270,31,5.0,11.9,2.5,276,32,4.3,9.8,2.3,270,31,857,29.57,,,,,,,,,,
SCHU,2015-09-13 14:50:00 EDT,43.11700,-73.57829,103,72.2,71.2,72.2,68.6,61.3,0.000,0.562,0.00,0.000,3.4,9.7,2.1,277,40,4.3,9.8,2.0,286,48,3.4,9.7,2.1,277,40,814,29.57,,,,,,,,,,
SCHU,2015-09-13 14:55:00 EDT,43.11700,-73.57829,103,71.1,70.4,71.1,70.1,60.8,0.000,0.562,0.00,0.000,2.3,5.9,1.5,286,36,3.0,6.5,1.4,294,53,2.3,5.9,1.5,286,36,233,29.56,,,,,,,,,,
SCHU,2015-09-13 15:00:00 EDT,43.11700,-73.57829,103,70.6,69.9,70.6,72.1,61.1,0.000,0.562,0.00,0.000,3.6,10.0,2.4,280,35,4.0,10.5,2.5,281,42,3.6,10.0,2.4,280,35,496,29.56,,,,,,,,,,
SCHU,2015-09-13 15:05:00 EDT,43.11700,-73.57829,103,71.1,70.4,71.1,71.2,61.3,0.000,0.562,0.00,0.000,3.7,9.9,2.7,258,39,4.4,11.6,2.7,260,41,3.7,9.9,2.7,258,39,724,29.56,,,,,,,,,,
SCHU,2015-09-13 15:10:00 EDT,43.11700,-73.57829,103,70.7,70.1,70.7,70.9,60.8,0.000,0.562,0.00,0.000,3.6,10.7,2.1,280,34,4.3,13.6,2.3,289,38,3.6,10.7,2.1,280,34,318,29.56,,,,,,,,,,
SCHU,2015-09-13 15:15:00 EDT,43.11700,-73.57829,103,71.2,70.4,71.2,72.6,61.9,0.000,0.562,0.00,0.000,3.1,6.5,1.6,305,36,3.7,7.6,1.7,315,38,3.1,6.5,1.6,305,36,540,29.56,,,,,,,,,,
SCHU,2015-09-13 15:20:00 EDT,43.11700,-73.57829,103,70.5,70.0,70.5,72.2,61.1,0.000,0.562,0.00,0.000,1.7,6.6,1.3,258,55,2.5,8.9,1.4,264,68,1.7,6.6,1.3,258,55,176,29.56,,,,,,,,,,
SCHU,2015-09-13 15:25:00 EDT,43.11700,-73.57829,103,69.3,69.0,69.3,74.7,60.9,0.000,0.562,0.00,0.000,1.4,4.2,0.9,292,39,1.9,5.1,0.9,308,54,1.4,4.2,0.9,292,39,121,29.56,,,,,,,,,,
SCHU,2015-09-13 15:30:00 EDT,43.11700,-73.57829,103,68.6,68.4,68.6,77.6,61.3,0.000,0.562,0.00,0.000,2.4,5.0,0.9,288,31,2.8,6.0,1.1,298,37,2.4,5.0,0.9,288,31,93,29.56,,,,,,,,,,
SCHU,2015-09-13 15:35:00 EDT,43.11700,-73.57829,103,68.3,68.1,68.3,78.5,61.4,0.000,0.562,0.00,0.000,2.6,5.6,1.0,307,28,3.0,5.6,1.0,322,30,2.6,5.6,1.0,307,28,66,29.57,,,,,,,,,,
SCHU,2015-09-13 15:40:00 EDT,43.11700,-73.57829,103,67.9,67.8,67.9,80.1,61.5,0.000,0.562,0.00,0.000,2.6,4.5,0.8,180,40,2.9,5.4,1.0,176,42,2.6,4.5,0.8,180,40,30,29.57,,,,,,,,,,
SCHU,2015-09-13 15:45:00 EDT,43.11700,-73.57829,103,67.3,67.3,67.3,82.7,61.9,0.023,0.585,0.69,0.023,3.3,6.0,1.3,146,14,3.7,6.9,1.4,142,15,3.3,6.0,1.3,146,14,29,29.58,,,,,,,,,,
SCHU,2015-09-13 15:50:00 EDT,43.11700,-73.57829,103,66.6,66.7,66.6,85.9,62.3,0.006,0.591,0.00,0.029,2.9,6.7,1.6,167,13,3.4,7.4,1.8,163,15,2.9,6.7,1.6,167,13,40,29.59,,,,,,,,,,
SCHU,2015-09-13 15:55:00 EDT,43.11700,-73.57829,103,66.3,66.6,66.3,88.0,62.7,0.005,0.596,0.00,0.034,3.7,8.0,1.8,142,23,4.2,9.6,2.1,140,21,3.7,8.0,1.8,142,23,94,29.59,,,,,,,,,,
SCHU,2015-09-13 16:00:00 EDT,43.11700,-73.57829,103,66.7,66.5,66.7,88.0,63.0,0.000,0.596,0.00,0.034,2.0,3.4,0.9,156,16,2.6,4.0,0.8,149,19,2.0,3.4,0.9,156,16,125,29.58,,,,,,,,,,
SCHU,2015-09-13 16:05:00 EDT,43.11700,-73.57829,103,66.4,66.1,66.4,90.3,63.5,0.000,0.596,0.00,0.034,3.0,4.9,0.8,165,26,3.3,5.6,1.0,159,27,3.0,4.9,0.8,165,26,125,29.59,,,,,,,,,,
SCHU,2015-09-13 16:10:00 EDT,43.11700,-73.57829,103,66.4,66.3,66.4,89.0,63.0,0.000,0.596,0.00,0.034,2.7,6.7,1.3,197,43,2.9,7.2,1.5,190,46,2.7,6.7,1.3,197,43,113,29.59,,,,,,,,,,
SCHU,2015-09-13 16:15:00 EDT,43.11700,-73.57829,103,66.7,66.5,66.7,87.7,62.9,0.000,0.596,0.00,0.034,2.2,5.3,1.2,187,24,2.7,6.5,1.3,177,30,2.2,5.3,1.2,187,24,185,29.58,,,,,,,,,,
SCHU,2015-09-13 16:20:00 EDT,43.11700,-73.57829,103,66.7,66.5,66.7,89.4,63.5,0.000,0.596,0.00,0.034,1.4,4.2,1.1,225,33,1.9,5.1,1.2,233,51,1.4,4.2,1.1,225,33,204,29.59,,,,,,,,,,
SCHU,2015-09-13 16:25:00 EDT,43.11700,-73.57829,103,66.9,66.6,66.9,87.7,63.1,0.000,0.596,0.00,0.034,1.2,2.6,0.8,213,27,1.5,3.1,0.8,208,40,1.2,2.6,0.8,213,27,126,29.59,,,,,,,,,,
SCHU,2015-09-13 16:30:00 EDT,43.11700,-73.57829,103,67.4,67.1,67.4,86.8,63.3,0.000,0.596,0.00,0.034,0.6,1.8,0.6,252,48,1.2,2.9,0.5,317,66,0.6,1.8,0.6,252,48,498,29.59,,,,,,,,,,
SCHU,2015-09-13 16:35:00 EDT,43.11700,-73.57829,103,68.7,68.2,68.7,84.2,63.8,0.000,0.596,0.00,0.034,1.2,4.2,1.0,221,39,1.6,5.6,0.9,203,61,1.2,4.2,1.0,221,39,430,29.58,,,,,,,,,,
SCHU,2015-09-13 16:40:00 EDT,43.11700,-73.57829,103,68.7,68.4,68.7,79.3,62.0,0.000,0.596,0.00,0.034,2.1,5.4,1.0,198,39,2.4,5.1,1.0,192,41,2.1,5.4,1.0,198,39,417,29.59,,,,,,,,,,
SCHU,2015-09-13 16:45:00 EDT,43.11700,-73.57829,103,68.7,68.5,68.7,77.9,61.6,0.000,0.596,0.00,0.011,2.2,5.6,1.1,202,37,2.7,6.5,1.3,202,38,2.2,5.6,1.1,202,37,195,29.59,,,,,,,,,,
SCHU,2015-09-13 16:50:00 EDT,43.11700,-73.57829,103,67.9,67.9,67.9,79.2,61.2,0.000,0.596,0.00,0.005,1.9,4.0,0.9,190,23,2.2,4.5,0.9,186,29,1.9,4.0,0.9,190,23,124,29.59,,,,,,,,,,
SCHU,2015-09-13 16:55:00 EDT,43.11700,-73.57829,103,67.8,67.8,67.8,80.3,61.5,0.000,0.596,0.00,0.000,1.5,4.5,0.9,247,40,1.8,5.1,1.0,252,50,1.5,4.5,0.9,247,40,154,29.59,,,,,,,,,,
SCHU,2015-09-13 17:00:00 EDT,43.11700,-73.57829,103,68.0,67.9,68.0,80.9,61.9,0.000,0.596,0.00,0.000,1.0,3.8,1.0,189,26,1.5,5.4,0.9,179,40,1.0,3.8,1.0,189,26,148,29.58,,,,,,,,,,
SCHU,2015-09-13 17:05:00 EDT,43.11700,-73.57829,103,68.3,68.1,68.3,79.4,61.7,0.000,0.596,0.00,0.000,0.8,2.3,0.8,176,28,1.3,3.4,0.6,170,58,0.8,2.3,0.8,176,28,228,29.59,,,,,,,,,,
SCHU,2015-09-13 17:10:00 EDT,43.11700,-73.57829,103,69.3,68.8,69.3,76.3,61.5,0.000,0.596,0.00,0.000,2.5,6.3,1.2,207,46,3.0,6.9,1.2,199,49,2.5,6.3,1.2,207,46,330,29.59,,,,,,,,,,
SCHU,2015-09-13 17:15:00 EDT,43.11700,-73.57829,103,69.3,69.0,69.3,76.0,61.5,0.000,0.596,0.00,0.000,2.4,6.6,1.5,240,32,2.9,9.2,1.7,243,40,2.4,6.6,1.5,240,32,238,29.59,,,,,,,,,,
SCHU,2015-09-13 17:20:00 EDT,43.11700,-73.57829,103,68.9,68.7,68.9,75.8,61.0,0.000,0.596,0.00,0.000,1.4,4.3,1.3,189,34,2.0,5.6,1.1,182,51,1.4,4.3,1.3,189,34,108,29.59,,,,,,,,,,
SCHU,2015-09-13 17:25:00 EDT,43.11700,-73.57829,103,68.3,68.3,68.3,75.1,60.1,0.000,0.596,0.00,0.000,2.1,6.4,1.6,222,48,2.7,8.5,1.7,231,57,2.1,6.4,1.6,222,48,113,29.60,,,,,,,,,,
SCHU,2015-09-13 17:30:00 EDT,43.11700,-73.57829,103,68.4,68.3,68.4,74.5,60.0,0.000,0.596,0.00,0.000,2.2,6.7,1.4,251,38,2.7,9.6,1.7,254,49,2.2,6.7,1.4,251,38,147,29.60,,,,,,,,,,
SCHU,2015-09-13 17:35:00 EDT,43.11700,-73.57829,103,68.2,68.2,68.2,72.1,58.9,0.000,0.596,0.00,0.000,3.3,7.7,1.5,274,39,3.9,9.4,1.6,279,38,3.3,7.7,1.5,274,39,146,29.60,,,,,,,,,,
SCHU,2015-09-13 17:40:00 EDT,43.11700,-73.57829,103,68.0,68.0,68.0,71.4,58.4,0.000,0.596,0.00,0.000,1.9,7.2,1.4,245,43,2.3,6.9,1.4,243,53,1.9,7.2,1.4,245,43,107,29.60,,,,,,,,,,
SCHU,2015-09-13 17:45:00 EDT,43.11700,-73.57829,103,67.4,67.5,67.4,72.0,58.1,0.000,0.596,0.00,0.000,1.1,4.2,1.1,261,34,1.6,4.3,0.9,263,55,1.1,4.2,1.1,261,34,57,29.60,,,,,,,,,,
SCHU,2015-09-13 17:50:00 EDT,43.11700,-73.57829,103,66.8,67.2,66.8,75.1,58.7,0.000,0.596,0.00,0.000,1.8,4.1,1.0,258,34,2.1,5.6,1.1,259,40,1.8,4.1,1.0,258,34,47,29.60,,,,,,,,,,
SCHU,2015-09-13 17:55:00 EDT,43.11700,-73.57829,103,66.2,66.8,66.2,76.8,58.7,0.000,0.596,0.00,0.000,2.1,6.4,1.3,206,32,2.6,7.2,1.4,198,40,2.1,6.4,1.3,206,32,63,29.60,,,,,,,,,,
SCHU,2015-09-13 18:00:00 EDT,43.11700,-73.57829,103,66.6,66.9,66.6,73.5,57.9,0.000,0.596,0.00,0.000,3.3,7.1,1.7,261,30,3.6,7.4,1.7,264,33,3.3,7.1,1.7,261,30,52,29.61,,,,,,,,,,
SCHU,2015-09-13 18:05:00 EDT,43.11700,-73.57829,103,65.6,66.6,65.6,78.6,58.8,0.000,0.596,0.00,0.000,1.1,3.6,1.0,205,31,1.6,4.7,1.1,193,44,1.1,3.6,1.0,205,31,37,29.61,,,,,,,,,,
SCHU,2015-09-13 18:10:00 EDT,43.11700,-73.57829,103,65.6,66.4,65.6,78.3,58.7,0.000,0.596,0.00,0.000,1.6,3.6,0.8,184,34,1.9,4.9,0.9,175,36,1.6,3.6,0.8,184,34,21,29.61,,,,,,,,,,
SCHU,2015-09-13 18:15:00 EDT,43.11700,-73.57829,103,65.9,66.4,65.9,75.3,57.9,0.000,0.596,0.00,0.000,2.3,5.8,1.3,215,34,2.6,6.5,1.5,210,40,2.3,5.8,1.3,215,34,28,29.61,,,,,,,,,,
SCHU,2015-09-13 18:20:00 EDT,43.11700,-73.57829,103,66.0,66.1,66.0,73.2,57.1,0.000,0.596,0.00,0.000,2.8,6.3,1.4,202,24,3.1,7.2,1.4,197,31,2.8,6.3,1.4,202,24,50,29.61,,,,,,,,,,
SCHU,2015-09-13 18:25:00 EDT,43.11700,-73.57829,103,65.8,65.9,65.8,72.2,56.6,0.000,0.596,0.00,0.000,2.3,5.4,1.1,193,28,2.7,6.7,1.1,191,27,2.3,5.4,1.1,193,28,29,29.62,,,,,,,,,,
SCHU,2015-09-13 18:30:00 EDT,43.11700,-73.57829,103,65.4,65.6,65.4,72.6,56.4,0.000,0.596,0.00,0.000,2.8,5.7,1.4,224,25,3.0,6.7,1.5,227,32,2.8,5.7,1.4,224,25,26,29.62,,,,,,,,,,
SCHU,2015-09-13 18:35:00 EDT,43.11700,-73.57829,103,65.0,65.2,65.0,75.9,57.2,0.000,0.596,0.00,0.000,1.5,4.2,1.0,246,38,1.9,4.7,1.0,249,48,1.5,4.2,1.0,246,38,31,29.62,,,,,,,,,,
SCHU,2015-09-13 18:40:00 EDT,43.11700,-73.57829,103,65.0,65.1,65.0,74.2,56.6,0.000,0.596,0.00,0.000,1.4,4.1,1.1,210,42,1.9,6.0,1.1,211,51,1.4,4.1,1.1,210,42,17,29.62,,,,,,,,,,
SCHU,2015-09-13 18:45:00 EDT,43.11700,-73.57829,103,64.8,64.9,64.8,73.9,56.3,0.000,0.596,0.00,0.000,2.9,9.1,1.9,234,30,3.2,9.4,1.9,236,32,2.9,9.1,1.9,234,30,8,29.63,,,,,,,,,,
SCHU,2015-09-13 18:50:00 EDT,43.11700,-73.57829,103,64.7,64.8,64.7,72.8,55.8,0.000,0.596,0.00,0.000,2.5,5.8,1.4,202,32,3.0,8.1,1.7,201,33,2.5,5.8,1.4,202,32,7,29.63,,,,,,,,,,
SCHU,2015-09-13 18:55:00 EDT,43.11700,-73.57829,103,64.5,64.7,64.5,73.4,55.8,0.000,0.596,0.00,0.000,2.0,6.4,1.6,218,40,2.5,6.7,1.5,221,50,2.0,6.4,1.6,218,40,5,29.63,,,,,,,,,,
SCHU,2015-09-13 19:00:00 EDT,43.11700,-73.57829,103,63.9,64.3,63.9,76.2,56.3,0.000,0.596,0.00,0.000,1.6,5.3,1.3,266,31,2.1,6.0,1.3,267,39,1.6,5.3,1.3,266,31,4,29.63,,,,,,,,,,
SCHU,2015-09-13 19:05:00 EDT,43.11700,-73.57829,103,63.8,64.2,63.8,76.1,56.1,0.000,0.596,0.00,0.000,3.3,7.5,1.5,243,26,3.5,8.3,1.7,249,27,3.3,7.5,1.5,243,26,10,29.63,,,,,,,,,,
SCHU,2015-09-13 19:10:00 EDT,43.11700,-73.57829,103,63.5,64.0,63.5,78.8,56.8,0.000,0.596,0.00,0.000,0.7,3.4,0.9,261,21,1.2,4.7,0.8,279,52,0.7,3.4,0.9,261,21,5,29.63,,,,,,,,,,
SCHU,2015-09-13 19:15:00 EDT,43.11700,-73.57829,103,63.3,63.7,63.3,78.7,56.5,0.000,0.596,0.00,0.000,1.7,5.5,1.3,250,43,2.2,6.3,1.4,258,54,1.7,5.5,1.3,250,43,1,29.63,,,,,,,,,,
SCHU,2015-09-13 19:20:00 EDT,43.11700,-73.57829,103,62.8,63.4,62.8,80.6,56.8,0.000,0.596,0.00,0.000,1.5,5.0,1.1,261,26,1.9,5.4,1.1,263,31,1.5,5.0,1.1,261,26,1,29.63,,,,,,,,,,
SCHU,2015-09-13 19:25:00 EDT,43.11700,-73.57829,103,62.9,63.4,62.9,79.7,56.6,0.000,0.596,0.00,0.000,2.6,4.7,0.8,259,19,2.8,5.4,1.0,263,25,2.6,4.7,0.8,259,19,0,29.63,,,,,,,,,,
SCHU,2015-09-13 19:30:00 EDT,43.11700,-73.57829,103,62.9,63.2,62.9,79.7,56.5,0.000,0.596,0.00,0.000,3.8,11.2,1.7,265,30,4.2,11.0,1.9,269,33,3.8,11.2,1.7,265,30,0,29.63,,,,,,,,,,
SCHU,2015-09-13 19:35:00 EDT,43.11700,-73.57829,103,63.0,63.2,63.0,76.9,55.6,0.000,0.596,0.00,0.000,2.8,5.9,1.5,277,32,3.3,6.5,1.5,283,36,2.8,5.9,1.5,277,32,0,29.63,,,,,,,,,,
SCHU,2015-09-13 19:40:00 EDT,43.11700,-73.57829,103,62.9,63.0,62.9,75.8,55.2,0.000,0.596,0.00,0.000,3.0,10.0,2.2,267,33,3.8,12.3,2.4,274,37,3.0,10.0,2.2,267,33,0,29.63,,,,,,,,,,
SCHU,2015-09-13 19:45:00 EDT,43.11700,-73.57829,103,62.8,62.9,62.8,72.2,53.7,0.000,0.596,0.00,0.000,5.6,13.5,2.4,287,26,6.2,14.8,2.9,292,25,5.6,13.5,2.4,287,26,0,29.64,,,,,,,,,,
SCHU,2015-09-13 19:50:00 EDT,43.11700,-73.57829,103,62.6,62.7,62.6,71.4,53.2,0.000,0.596,0.00,0.000,3.3,7.7,1.5,278,50,3.8,8.5,1.7,292,55,3.3,7.7,1.5,278,50,0,29.64,,,,,,,,,,
SCHU,2015-09-13 19:55:00 EDT,43.11700,-73.57829,103,62.4,62.5,62.4,71.0,52.9,0.000,0.596,0.00,0.000,4.4,10.4,2.3,284,32,5.1,12.3,2.6,287,35,4.4,10.4,2.3,284,32,0,29.65,,,,,,,,,,
SCHU,2015-09-13 20:00:00 EDT,43.11700,-73.57829,103,62.4,62.5,62.4,69.9,52.5,0.000,0.596,0.00,0.000,4.7,10.2,1.8,287,27,5.5,11.2,2.0,288,28,4.7,10.2,1.8,287,27,0,29.66,,,,,,,,,,
SCHU,2015-09-13 20:05:00 EDT,43.11700,-73.57829,103,62.3,62.4,62.3,70.7,52.7,0.000,0.596,0.00,0.000,3.4,6.4,1.5,275,23,4.0,8.9,1.6,281,25,3.4,6.4,1.5,275,23,0,29.67,,,,,,,,,,
SCHU,2015-09-13 20:10:00 EDT,43.11700,-73.57829,103,62.2,62.3,62.2,70.4,52.5,0.000,0.596,0.00,0.000,3.6,7.4,1.8,289,23,4.1,8.3,1.9,298,24,3.6,7.4,1.8,289,23,0,29.67,,,,,,,,,,
SCHU,2015-09-13 20:15:00 EDT,43.11700,-73.57829,103,62.1,62.4,62.1,70.9,52.6,0.000,0.596,0.00,0.000,4.2,10.5,2.0,270,35,4.8,10.7,2.1,276,38,4.2,10.5,2.0,270,35,0,29.67,,,,,,,,,,
SCHU,2015-09-13 20:20:00 EDT,43.11700,-73.57829,103,62.2,62.3,62.2,69.9,52.3,0.000,0.596,0.00,0.000,2.9,6.4,1.4,281,31,3.1,6.9,1.6,289,34,2.9,6.4,1.4,281,31,0,29.67,,,,,,,,,,
SCHU,2015-09-13 20:25:00 EDT,43.11700,-73.57829,103,62.1,62.1,62.1,70.5,52.4,0.000,0.596,0.00,0.000,2.1,5.0,1.0,284,28,2.4,6.5,1.2,291,32,2.1,5.0,1.0,284,28,0,29.66,,,,,,,,,,
SCHU,2015-09-13 20:30:00 EDT,43.11700,-73.57829,103,61.9,62.1,61.9,71.6,52.6,0.000,0.596,0.00,0.000,1.5,3.7,1.0,283,34,2.1,7.8,1.0,290,48,1.5,3.7,1.0,283,34,0,29.66,,,,,,,,,,
SCHU,2015-09-13 20:35:00 EDT,43.11700,-73.57829,103,61.8,61.9,61.8,71.8,52.6,0.000,0.596,0.00,0.000,1.9,5.8,1.7,257,32,2.4,7.2,1.7,261,41,1.9,5.8,1.7,257,32,0,29.67,,,,,,,,,,
SCHU,2015-09-13 20:40:00 EDT,43.11700,-73.57829,103,61.4,61.8,61.4,73.8,52.9,0.000,0.596,0.00,0.000,1.7,4.6,1.1,240,37,2.2,5.4,1.1,240,48,1.7,4.6,1.1,240,37,0,29.68,,,,,,,,,,
SCHU,2015-09-13 20:45:00 EDT,43.11700,-73.57829,103,60.9,61.7,60.9,76.5,53.4,0.000,0.596,0.00,0.000,1.2,4.7,1.3,245,32,1.6,5.4,1.2,237,52,1.2,4.7,1.3,245,32,0,29.68,,,,,,,,,,
SCHU,2015-09-13 20:50:00 EDT,43.11700,-73.57829,103,61.4,61.6,61.4,73.4,52.8,0.000,0.596,0.00,0.000,1.5,4.2,1.2,277,31,2.0,5.1,1.2,288,50,1.5,4.2,1.2,277,31,0,29.68,,,,,,,,,,
SCHU,2015-09-13 20:55:00 EDT,43.11700,-73.57829,103,61.7,61.9,61.7,71.3,52.3,0.000,0.596,0.00,0.000,1.5,5.9,1.2,292,40,2.2,6.0,1.2,314,46,1.5,5.9,1.2,292,40,0,29.69,,,,,,,,,,
SCHU,2015-09-13 21:00:00 EDT,43.11700,-73.57829,103,61.7,61.9,61.7,70.6,52.0,0.000,0.596,0.00,0.000,1.8,4.2,1.0,268,22,2.1,5.1,1.0,269,25,1.8,4.2,1.0,268,22,0,29.69,,,,,,,,,,
SCHU,2015-09-13 21:05:00 EDT,43.11700,-73.57829,103,61.2,61.6,61.2,73.8,52.7,0.000,0.596,0.00,0.000,1.2,3.5,0.8,261,22,1.4,3.4,0.7,272,32,1.2,3.5,0.8,261,22,0,29.69,,,,,,,,,,
SCHU,2015-09-13 21:10:00 EDT,43.11700,-73.57829,103,60.6,61.3,60.6,78.1,53.7,0.000,0.596,0.00,0.000,1.1,3.6,1.0,275,23,1.4,3.8,0.7,289,32,1.1,3.6,1.0,275,23,0,29.69,,,,,,,,,,
SCHU,2015-09-13 21:15:00 EDT,43.11700,-73.57829,103,60.4,61.0,60.4,78.0,53.5,0.000,0.596,0.00,0.000,0.7,2.4,0.7,287,18,1.0,2.7,0.6,284,33,0.7,2.4,0.7,287,18,0,29.69,,,,,,,,,,
SCHU,2015-09-13 21:20:00 EDT,43.11700,-73.57829,103,59.7,60.7,59.7,83.4,54.6,0.000,0.596,0.00,0.000,0.0,0.0,0.0,0,0,0.6,5.8,0.6,7,62,0.0,0.0,0.0,0,0,0,29.69,,,,,,,,,,
SCHU,2015-09-13 21:25:00 EDT,43.11700,-73.57829,103,60.0,60.8,60.0,82.6,54.7,0.000,0.596,0.00,0.000,0.3,1.8,0.5,296,17,0.8,4.9,0.6,318,50,0.3,1.8,0.5,296,17,0,29.69,,,,,,,,,,
SCHU,2015-09-13 21:30:00 EDT,43.11700,-73.57829,103,59.8,60.5,59.8,79.1,53.3,0.000,0.596,0.00,0.000,1.6,2.8,0.7,307,13,1.8,2.7,0.6,321,19,1.6,2.8,0.7,307,13,0,29.68,,,,,,,,,,
SCHU,2015-09-13 21:35:00 EDT,43.11700,-73.57829,103,59.1,60.0,59.1,83.6,54.2,0.003,0.599,0.00,0.003,1.1,2.1,0.6,319,12,1.4,2.9,0.6,333,19,1.1,2.1,0.6,319,12,0,29.67,,,,,,,,,,
SCHU,2015-09-13 21:40:00 EDT,43.11700,-73.57829,103,59.5,60.1,59.5,84.6,54.8,0.002,0.600,0.00,0.005,1.1,5.6,1.5,283,31,1.6,6.7,1.5,300,46,1.1,5.6,1.5,283,31,0,29.67,,,,,,,,,,
SCHU,2015-09-13 21:45:00 EDT,43.11700,-73.57829,103,58.8,60.1,58.8,85.5,54.5,0.001,0.601,0.00,0.006,1.6,3.2,0.7,293,24,1.7,3.8,0.7,303,27,1.6,3.2,0.7,293,24,0,29.67,,,,,,,,,,
SCHU,2015-09-13 21:50:00 EDT,43.11700,-73.57829,103,58.0,59.0,58.0,89.3,54.9,0.004,0.605,0.00,0.010,0.5,1.2,0.3,260,15,0.8,1.8,0.3,259,28,0.5,1.2,0.3,260,15,0,29.66,,,,,,,,,,
SCHU,2015-09-13 21:55:00 EDT,43.11700,-73.57829,103,58.1,58.9,58.1,89.7,55.1,0.001,0.606,0.00,0.011,1.3,2.6,0.5,251,23,1.5,2.9,0.4,253,32,1.3,2.6,0.5,251,23,0,29.66,,,,,,,,,,
SCHU,2015-09-13 22:00:00 EDT,43.11700,-73.57829,103,57.6,59.0,57.6,92.9,55.6,0.000,0.606,0.00,0.011,1.4,2.0,0.2,193,23,1.7,2.5,0.3,183,25,1.4,2.0,0.2,193,23,0,29.67,,,,,,,,,,
SCHU,2015-09-13 22:05:00 EDT,43.11700,-73.57829,103,57.6,58.4,57.6,94.6,56.0,0.000,0.606,0.00,0.011,2.0,2.6,0.4,166,8,2.4,3.4,0.5,161,10,2.0,2.6,0.4,166,8,0,29.68,,,,,,,,,,
SCHU,2015-09-13 22:10:00 EDT,43.11700,-73.57829,103,57.7,58.2,57.7,95.2,56.4,0.000,0.606,0.00,0.011,1.8,2.6,0.4,154,8,2.2,4.0,0.6,149,9,1.8,2.6,0.4,154,8,0,29.68,,,,,,,,,,
SCHU,2015-09-13 22:15:00 EDT,43.11700,-73.57829,103,57.9,58.4,57.9,94.0,56.2,0.000,0.606,0.00,0.011,1.0,2.0,0.5,162,16,1.4,2.7,0.5,162,21,1.0,2.0,0.5,162,16,0,29.68,,,,,,,,,,
SCHU,2015-09-13 22:20:00 EDT,43.11700,-73.57829,103,58.0,58.4,58.0,95.6,56.7,0.000,0.606,0.00,0.011,0.2,0.9,0.3,181,0,0.8,2.2,0.3,184,35,0.2,0.9,0.3,181,0,0,29.68,,,,,,,,,,
SCHU,2015-09-13 22:25:00 EDT,43.11700,-73.57829,103,58.2,58.6,58.2,95.8,57.0,0.000,0.606,0.00,0.011,0.3,1.0,0.4,106,9,1.4,5.6,0.5,92,16,0.3,1.0,0.4,106,9,0,29.68,,,,,,,,,,
SCHU,2015-09-13 22:30:00 EDT,43.11700,-73.57829,103,58.0,58.4,58.0,96.2,56.9,0.000,0.606,0.00,0.011,1.4,2.4,0.5,143,16,1.8,2.9,0.5,134,18,1.4,2.4,0.5,143,16,0,29.69,,,,,,,,,,
SCHU,2015-09-13 22:35:00 EDT,43.11700,-73.57829,103,57.9,58.1,57.9,96.8,57.0,0.000,0.606,0.00,0.007,1.7,3.4,0.6,156,10,2.1,4.3,0.7,149,15,1.7,3.4,0.6,156,10,0,29.69,,,,,,,,,,
SCHU,2015-09-13 22:40:00 EDT,43.11700,-73.57829,103,58.3,58.5,58.3,96.0,57.1,0.003,0.610,0.00,0.009,2.2,3.5,0.8,143,10,2.4,4.3,0.8,138,11,2.2,3.5,0.8,143,10,0,29.70,,,,,,,,,,
SCHU,2015-09-13 22:45:00 EDT,43.11700,-73.57829,103,58.5,58.5,58.5,95.6,57.2,0.000,0.610,0.00,0.008,0.9,1.6,0.3,151,11,1.3,2.5,0.4,141,17,0.9,1.6,0.3,151,11,0,29.69,,,,,,,,,,
SCHU,2015-09-13 22:50:00 EDT,43.11700,-73.57829,103,58.4,58.4,58.4,95.5,57.1,0.000,0.610,0.00,0.004,1.6,2.6,0.4,141,8,1.9,2.9,0.5,134,9,1.6,2.6,0.4,141,8,0,29.69,,,,,,,,,,
SCHU,2015-09-13 22:55:00 EDT,43.11700,-73.57829,103,58.4,58.4,58.4,95.7,57.1,0.000,0.610,0.00,0.003,1.3,2.0,0.3,136,10,1.7,7.6,0.7,129,12,1.3,2.0,0.3,136,10,0,29.69,,,,,,,,,,
SCHU,2015-09-13 23:00:00 EDT,43.11700,-73.57829,103,58.4,58.5,58.4,96.1,57.3,0.000,0.610,0.00,0.003,1.4,2.6,0.4,138,10,1.7,2.9,0.4,132,11,1.4,2.6,0.4,138,10,0,29.69,,,,,,,,,,
SCHU,2015-09-13 23:05:00 EDT,43.11700,-73.57829,103,58.4,58.4,58.4,95.4,57.1,0.000,0.610,0.00,0.003,2.1,3.1,0.4,122,10,2.4,3.6,0.4,122,10,2.1,3.1,0.4,122,10,0,29.70,,,,,,,,,,
SCHU,2015-09-13 23:10:00 EDT,43.11700,-73.57829,103,58.4,58.4,58.4,94.4,56.8,0.000,0.610,0.00,0.003,1.8,2.7,0.5,129,15,2.2,3.1,0.5,126,15,1.8,2.7,0.5,129,15,0,29.69,,,,,,,,,,
SCHU,2015-09-13 23:15:00 EDT,43.11700,-73.57829,103,58.3,58.3,58.3,94.6,56.8,0.000,0.610,0.00,0.003,1.9,3.1,0.4,148,11,2.2,3.6,0.5,143,11,1.9,3.1,0.4,148,11,0,29.69,,,,,,,,,,
SCHU,2015-09-13 23:20:00 EDT,43.11700,-73.57829,103,58.4,58.4,58.4,95.5,57.1,0.000,0.610,0.00,0.003,2.1,3.7,0.6,159,12,2.5,4.5,0.7,153,14,2.1,3.7,0.6,159,12,0,29.69,,,,,,,,,,
SCHU,2015-09-13 23:25:00 EDT,43.11700,-73.57829,103,58.7,58.7,58.7,95.0,57.3,0.000,0.610,0.00,0.003,2.2,4.6,0.9,188,24,2.6,4.7,0.9,181,26,2.2,4.6,0.9,188,24,0,29.69,,,,,,,,,,
SCHU,2015-09-13 23:30:00 EDT,43.11700,-73.57829,103,58.8,58.8,58.8,93.9,57.1,0.000,0.610,0.00,0.003,2.3,4.7,0.8,169,19,2.7,5.4,1.0,167,21,2.3,4.7,0.8,169,19,0,29.69,,,,,,,,,,
SCHU,2015-09-13 23:35:00 EDT,43.11700,-73.57829,103,58.7,58.8,58.7,94.3,57.1,0.000,0.610,0.00,0.003,1.4,3.1,0.8,182,23,1.6,4.0,0.7,174,27,1.4,3.1,0.8,182,23,0,29.69,,,,,,,,,,
SCHU,2015-09-13 23:40:00 EDT,43.11700,-73.57829,103,58.6,58.7,58.6,94.9,57.1,0.000,0.610,0.00,0.000,1.3,3.6,0.9,205,30,1.5,4.3,0.8,200,35,1.3,3.6,0.9,205,30,0,29.69,,,,,,,,,,
SCHU,2015-09-13 23:45:00 EDT,43.11700,-73.57829,103,58.6,58.6,58.6,94.0,56.8,0.000,0.610,0.00,0.000,1.8,4.8,0.8,194,35,2.0,4.5,0.8,192,36,1.8,4.8,0.8,194,35,0,29.69,,,,,,,,,,
SCHU,2015-09-13 23:50:00 EDT,43.11700,-73.57829,103,58.5,58.5,58.5,93.0,56.5,0.000,0.610,0.00,0.000,1.8,3.5,0.7,181,24,2.1,4.3,0.9,177,27,1.8,3.5,0.7,181,24,0,29.69,,,,,,,,,,
SCHU,2015-09-13 23:55:00 EDT,43.11700,-73.57829,103,58.4,58.4,58.4,92.5,56.2,0.000,0.610,0.00,0.000,1.0,5.0,1.3,173,23,1.5,6.0,1.2,174,35,1.0,5.0,1.3,173,23,0,29.69,,,,,,,,,,
WHIT,2015-09-13 00:00:00 EDT,43.48507,-73.42307,120,63.5,63.4,63.5,95.9,62.3,0.002,,0.00,0.030,2.6,3.9,0.6,2,22,3.1,4.9,0.8,9,21,2.6,3.9,0.6,2,22,0,29.57,,,,,,,,,,
WHIT,2015-09-13 00:05:00 EDT,43.48507,-73.42307,120,63.4,63.3,63.4,96.2,62.3,0.004,0.004,0.00,0.026,2.9,6.5,1.6,0,20,3.6,7.8,1.9,6,18,2.9,6.5,1.6,0,20,0,29.57,,,,,,,,,,
WHIT,2015-09-13 00:10:00 EDT,43.48507,-73.42307,120,63.4,63.3,63.4,95.9,62.2,0.002,0.006,0.00,0.021,3.4,5.9,0.7,30,22,3.8,6.5,0.9,35,20,3.4,5.9,0.7,30,22,0,29.57,,,,,,,,,,
WHIT,2015-09-13 00:15:00 EDT,43.48507,-73.42307,120,63.3,63.2,63.3,95.5,62.0,0.001,0.006,0.00,0.017,2.4,4.2,1.0,35,28,2.8,5.1,1.0,42,27,2.4,4.2,1.0,35,28,0,29.57,,,,,,,,,,
WHIT,2015-09-13 00:20:00 EDT,43.48507,-73.42307,120,63.2,63.1,63.2,95.8,61.9,0.000,0.006,0.00,0.016,2.8,5.3,1.2,16,17,3.2,7.4,1.4,22,16,2.8,5.3,1.2,16,17,0,29.57,,,,,,,,,,
WHIT,2015-09-13 00:25:00 EDT,43.48507,-73.42307,120,63.2,63.1,63.2,96.3,62.1,0.003,0.009,0.00,0.019,4.6,7.0,1.1,5,20,5.3,8.5,1.4,11,10,4.6,7.0,1.1,5,20,0,29.57,,,,,,,,,,
WHIT,2015-09-13 00:30:00 EDT,43.48507,-73.42307,120,63.3,63.2,63.3,96.0,62.1,0.005,0.014,0.00,0.024,3.1,5.1,0.9,19,20,3.6,5.6,0.9,22,18,3.1,5.1,0.9,19,20,0,29.57,,,,,,,,,,
WHIT,2015-09-13 00:35:00 EDT,43.48507,-73.42307,120,63.3,63.3,63.3,96.0,62.2,0.002,0.016,0.00,0.024,3.9,5.9,0.9,3,18,4.7,6.3,1.0,8,12,3.9,5.9,0.9,3,18,0,29.57,,,,,,,,,,
WHIT,2015-09-13 00:40:00 EDT,43.48507,-73.42307,120,63.2,63.2,63.2,95.8,62.0,0.003,0.019,0.00,0.025,4.0,6.9,1.0,9,18,4.7,7.8,1.3,13,14,4.0,6.9,1.0,9,18,0,29.57,,,,,,,,,,
WHIT,2015-09-13 00:45:00 EDT,43.48507,-73.42307,120,63.3,63.2,63.3,95.9,62.1,0.005,0.024,0.00,0.029,3.3,4.7,0.7,355,18,3.8,6.7,0.9,1,14,3.3,4.7,0.7,355,18,0,29.57,,,,,,,,,,
WHIT,2015-09-13 00:50:00 EDT,43.48507,-73.42307,120,63.3,63.3,63.3,96.1,62.2,0.008,0.032,0.00,0.037,3.8,6.6,1.2,353,22,4.6,8.7,1.6,360,13,3.8,6.6,1.2,353,22,0,29.57,,,,,,,,,,
WHIT,2015-09-13 00:55:00 EDT,43.48507,-73.42307,120,63.2,63.2,63.2,95.7,62.0,0.002,0.033,0.00,0.035,4.0,6.6,1.2,14,17,4.6,8.5,1.4,19,15,4.0,6.6,1.2,14,17,0,29.57,,,,,,,,,,
WHIT,2015-09-13 01:00:00 EDT,43.48507,-73.42307,120,63.0,62.9,63.0,95.7,61.7,0.011,0.045,0.00,0.045,3.9,6.7,1.2,14,14,4.5,8.5,1.4,19,13,3.9,6.7,1.2,14,14,0,29.57,,,,,,,,,,
WHIT,2015-09-13 01:05:00 EDT,43.48507,-73.42307,120,62.9,62.8,62.9,96.0,61.7,0.018,0.062,0.29,0.059,3.7,6.0,1.0,10,20,4.1,7.2,1.2,13,11,3.7,6.0,1.0,10,20,0,29.57,,,,,,,,,,
WHIT,2015-09-13 01:10:00 EDT,43.48507,-73.42307,120,62.9,62.9,62.9,96.2,61.8,0.017,0.080,0.00,0.074,3.0,4.6,0.7,14,17,3.6,5.6,0.9,18,15,3.0,4.6,0.7,14,17,0,29.57,,,,,,,,,,
WHIT,2015-09-13 01:15:00 EDT,43.48507,-73.42307,120,62.9,62.8,62.9,96.1,61.8,0.018,0.097,0.28,0.091,4.3,7.9,1.0,10,14,5.0,9.6,1.4,14,12,4.3,7.9,1.0,10,14,0,29.57,,,,,,,,,,
WHIT,2015-09-13 01:20:00 EDT,43.48507,-73.42307,120,62.7,62.6,62.7,95.9,61.5,0.016,0.113,0.00,0.106,5.4,7.5,1.1,17,13,6.0,8.9,1.4,21,13,5.4,7.5,1.1,17,13,0,29.56,,,,,,,,,,
WHIT,2015-09-13 01:25:00 EDT,43.48507,-73.42307,120,62.6,62.5,62.6,95.9,61.4,0.018,0.131,0.28,0.122,4.8,7.7,1.2,15,17,5.4,9.6,1.5,21,15,4.8,7.7,1.2,15,17,0,29.56,,,,,,,,,,
WHIT,2015-09-13 01:30:00 EDT,43.48507,-73.42307,120,62.5,62.4,62.5,96.0,61.4,0.013,0.144,0.00,0.130,5.5,8.5,1.4,15,15,6.4,10.7,1.6,18,12,5.5,8.5,1.4,15,15,0,29.56,,,,,,,,,,
WHIT,2015-09-13 01:35:00 EDT,43.48507,-73.42307,120,62.4,62.4,62.4,96.5,61.4,0.009,0.153,0.00,0.138,4.6,8.0,1.4,10,16,5.3,10.1,1.7,15,15,4.6,8.0,1.4,10,16,0,29.56,,,,,,,,,,
WHIT,2015-09-13 01:40:00 EDT,43.48507,-73.42307,120,62.3,62.2,62.3,96.7,61.4,0.009,0.162,0.00,0.144,3.2,6.2,1.0,15,14,3.9,7.6,1.4,20,12,3.2,6.2,1.0,15,14,0,29.56,,,,,,,,,,
WHIT,2015-09-13 01:45:00 EDT,43.48507,-73.42307,120,62.3,62.2,62.3,96.9,61.4,0.008,0.171,0.00,0.147,4.7,7.5,1.1,12,14,5.3,8.9,1.3,16,12,4.7,7.5,1.1,12,14,0,29.56,,,,,,,,,,
WHIT,2015-09-13 01:50:00 EDT,43.48507,-73.42307,120,62.2,62.1,62.2,96.9,61.3,0.004,0.174,0.00,0.143,4.7,6.2,0.8,18,14,5.3,7.6,1.1,22,13,4.7,6.2,0.8,18,14,0,29.56,,,,,,,,,,
WHIT,2015-09-13 01:55:00 EDT,43.48507,-73.42307,120,62.2,62.1,62.2,96.9,61.3,0.000,0.174,0.00,0.141,4.5,8.0,1.3,27,31,5.1,9.2,1.6,35,29,4.5,8.0,1.3,27,31,0,29.56,,,,,,,,,,
WHIT,2015-09-13 02:00:00 EDT,43.48507,-73.42307,120,62.3,62.2,62.3,96.3,61.2,0.006,0.181,0.00,0.136,2.3,4.2,1.1,58,20,2.7,4.9,1.1,62,21,2.3,4.2,1.1,58,20,0,29.56,,,,,,,,,,
WHIT,2015-09-13 02:05:00 EDT,43.48507,-73.42307,120,62.4,62.3,62.4,95.7,61.1,0.003,0.183,0.00,0.121,1.8,3.8,0.9,43,19,2.1,4.9,0.9,49,20,1.8,3.8,0.9,43,19,0,29.56,,,,,,,,,,
WHIT,2015-09-13 02:10:00 EDT,43.48507,-73.42307,120,62.2,62.2,62.2,95.6,61.0,0.002,0.185,0.00,0.106,1.1,2.4,0.7,104,17,1.5,2.9,0.6,100,18,1.1,2.4,0.7,104,17,0,29.56,,,,,,,,,,
WHIT,2015-09-13 02:15:00 EDT,43.48507,-73.42307,120,62.2,62.2,62.2,96.0,61.0,0.009,0.194,0.00,0.097,2.5,4.7,0.8,11,27,3.0,6.3,1.2,15,26,2.5,4.7,0.8,11,27,0,29.56,,,,,,,,,,
WHIT,2015-09-13 02:20:00 EDT,43.48507,-73.42307,120,62.7,62.8,62.7,92.6,60.5,0.002,0.196,0.00,0.084,4.3,8.3,1.5,16,18,4.9,8.7,1.6,21,17,4.3,8.3,1.5,16,18,0,29.56,,,,,,,,,,
WHIT,2015-09-13 02:25:00 EDT,43.48507,-73.42307,120,62.4,62.7,62.4,93.4,60.5,0.000,0.196,0.00,0.065,4.3,7.0,1.2,353,16,5.0,8.7,1.5,0,9,4.3,7.0,1.2,353,16,0,29.56,,,,,,,,,,
WHIT,2015-09-13 02:30:00 EDT,43.48507,-73.42307,120,62.2,62.4,62.2,94.3,60.5,0.002,0.198,0.00,0.054,3.6,5.4,0.6,0,10,4.3,6.0,0.8,5,8,3.6,5.4,0.6,0,10,0,29.55,,,,,,,,,,
WHIT,2015-09-13 02:35:00 EDT,43.48507,-73.42307,120,62.0,62.1,62.0,95.3,60.6,0.002,0.200,0.00,0.047,3.6,5.3,0.6,3,11,4.3,6.5,0.8,8,9,3.6,5.3,0.6,3,11,0,29.55,,,,,,,,,,
WHIT,2015-09-13 02:40:00 EDT,43.48507,-73.42307,120,61.9,61.9,61.9,96.0,60.8,0.001,0.201,0.00,0.039,3.8,6.4,0.9,1,17,4.6,8.1,1.1,6,14,3.8,6.4,0.9,1,17,0,29.54,,,,,,,,,,
WHIT,2015-09-13 02:45:00 EDT,43.48507,-73.42307,120,61.9,61.9,61.9,95.4,60.6,0.000,0.201,0.00,0.030,2.6,4.2,0.6,344,14,3.1,4.9,0.7,352,11,2.6,4.2,0.6,344,14,0,29.55,,,,,,,,,,
WHIT,2015-09-13 02:50:00 EDT,43.48507,-73.42307,120,61.8,61.8,61.8,95.7,60.6,0.000,0.201,0.00,0.026,2.2,3.8,0.7,336,16,2.7,4.7,0.8,344,16,2.2,3.8,0.7,336,16,0,29.55,,,,,,,,,,
WHIT,2015-09-13 02:55:00 EDT,43.48507,-73.42307,120,61.8,61.7,61.8,95.8,60.6,0.000,0.201,0.00,0.026,2.5,5.0,1.2,349,15,3.0,6.3,1.3,356,14,2.5,5.0,1.2,349,15,0,29.55,,,,,,,,,,
WHIT,2015-09-13 03:00:00 EDT,43.48507,-73.42307,120,61.8,61.8,61.8,94.8,60.3,0.005,0.206,0.00,0.025,3.5,5.1,0.7,7,11,4.1,5.8,1.0,10,9,3.5,5.1,0.7,7,11,0,29.55,,,,,,,,,,
WHIT,2015-09-13 03:05:00 EDT,43.48507,-73.42307,120,61.8,61.8,61.8,95.5,60.5,0.005,0.210,0.00,0.027,3.2,4.9,0.7,360,14,3.9,6.3,0.9,6,12,3.2,4.9,0.7,360,14,0,29.55,,,,,,,,,,
WHIT,2015-09-13 03:10:00 EDT,43.48507,-73.42307,120,61.8,61.7,61.8,95.2,60.4,0.006,0.217,0.00,0.031,3.5,5.1,0.7,341,14,4.2,6.7,1.1,351,11,3.5,5.1,0.7,341,14,0,29.55,,,,,,,,,,
WHIT,2015-09-13 03:15:00 EDT,43.48507,-73.42307,120,61.4,61.3,61.4,94.4,59.8,0.013,0.229,0.00,0.035,3.3,5.3,1.1,344,19,4.1,7.4,1.4,353,13,3.3,5.3,1.1,344,19,0,29.55,,,,,,,,,,
WHIT,2015-09-13 03:20:00 EDT,43.48507,-73.42307,120,61.3,61.3,61.3,94.5,59.7,0.013,0.243,0.26,0.046,3.7,5.6,0.8,335,16,4.3,6.7,1.1,345,13,3.7,5.6,0.8,335,16,0,29.55,,,,,,,,,,
WHIT,2015-09-13 03:25:00 EDT,43.48507,-73.42307,120,61.2,61.2,61.2,94.5,59.6,0.011,0.253,0.30,0.057,2.9,5.0,0.9,344,20,3.4,6.3,1.2,351,13,2.9,5.0,0.9,344,20,0,29.55,,,,,,,,,,
WHIT,2015-09-13 03:30:00 EDT,43.48507,-73.42307,120,61.1,61.1,61.1,94.8,59.6,0.002,0.255,0.00,0.057,3.0,5.0,1.0,351,17,3.7,6.3,1.2,358,13,3.0,5.0,1.0,351,17,0,29.55,,,,,,,,,,
WHIT,2015-09-13 03:35:00 EDT,43.48507,-73.42307,120,61.1,61.0,61.1,94.1,59.4,0.006,0.261,0.00,0.061,1.8,3.3,0.5,330,25,2.1,4.5,0.7,339,25,1.8,3.3,0.5,330,25,0,29.55,,,,,,,,,,
WHIT,2015-09-13 03:40:00 EDT,43.48507,-73.42307,120,60.9,60.8,60.9,94.9,59.5,0.007,0.269,0.00,0.068,0.6,1.9,0.6,304,19,1.2,2.5,0.6,317,27,0.6,1.9,0.6,304,19,0,29.55,,,,,,,,,,
WHIT,2015-09-13 03:45:00 EDT,43.48507,-73.42307,120,60.8,60.7,60.8,95.6,59.6,0.002,0.270,0.00,0.069,0.4,1.2,0.3,293,17,0.9,1.8,0.3,307,23,0.4,1.2,0.3,293,17,0,29.55,,,,,,,,,,
WHIT,2015-09-13 03:50:00 EDT,43.48507,-73.42307,120,60.9,60.8,60.9,95.5,59.6,0.000,0.270,0.00,0.069,1.2,2.4,0.6,343,15,1.6,3.1,0.5,351,19,1.2,2.4,0.6,343,15,0,29.55,,,,,,,,,,
WHIT,2015-09-13 03:55:00 EDT,43.48507,-73.42307,120,60.9,60.8,60.9,95.1,59.5,0.005,0.275,0.00,0.074,1.2,2.7,0.8,356,20,1.7,3.6,0.7,360,24,1.2,2.7,0.8,356,20,0,29.55,,,,,,,,,,
WHIT,2015-09-13 04:00:00 EDT,43.48507,-73.42307,120,60.6,60.6,60.6,95.2,59.3,0.001,0.276,0.00,0.070,1.9,3.4,0.6,32,11,2.0,3.8,0.6,38,13,1.9,3.4,0.6,32,11,0,29.55,,,,,,,,,,
WHIT,2015-09-13 04:05:00 EDT,43.48507,-73.42307,120,60.6,60.5,60.6,95.6,59.3,0.000,0.276,0.00,0.066,2.5,3.9,0.6,4,16,3.0,4.9,0.8,9,15,2.5,3.9,0.6,4,16,0,29.55,,,,,,,,,,
WHIT,2015-09-13 04:10:00 EDT,43.48507,-73.42307,120,60.6,60.4,60.6,96.0,59.4,0.000,0.276,0.00,0.059,1.8,3.5,0.8,3,18,2.1,4.3,0.9,7,19,1.8,3.5,0.8,3,18,0,29.55,,,,,,,,,,
WHIT,2015-09-13 04:15:00 EDT,43.48507,-73.42307,120,60.7,60.5,60.7,96.5,59.7,0.000,0.276,0.00,0.047,0.9,2.3,0.7,309,28,1.5,2.7,0.6,322,31,0.9,2.3,0.7,309,28,0,29.55,,,,,,,,,,
WHIT,2015-09-13 04:20:00 EDT,43.48507,-73.42307,120,60.6,60.4,60.6,96.1,59.4,0.000,0.276,0.00,0.033,1.8,4.4,1.2,20,19,2.1,4.9,1.1,26,21,1.8,4.4,1.2,20,19,0,29.55,,,,,,,,,,
WHIT,2015-09-13 04:25:00 EDT,43.48507,-73.42307,120,60.4,60.3,60.4,95.6,59.1,0.002,0.278,0.00,0.025,3.2,4.7,1.1,49,17,3.6,5.8,1.2,55,17,3.2,4.7,1.1,49,17,0,29.55,,,,,,,,,,
WHIT,2015-09-13 04:30:00 EDT,43.48507,-73.42307,120,60.5,60.4,60.5,94.9,59.0,0.002,0.280,0.00,0.025,3.5,7.1,1.5,12,27,4.1,8.9,2.0,16,24,3.5,7.1,1.5,12,27,0,29.55,,,,,,,,,,
WHIT,2015-09-13 04:35:00 EDT,43.48507,-73.42307,120,60.4,60.4,60.4,94.7,58.9,0.002,0.281,0.00,0.020,2.9,5.5,1.5,21,28,3.2,6.7,1.5,27,28,2.9,5.5,1.5,21,28,0,29.55,,,,,,,,,,
WHIT,2015-09-13 04:40:00 EDT,43.48507,-73.42307,120,60.4,60.3,60.4,94.5,58.8,0.000,0.281,0.00,0.013,1.8,3.4,0.9,51,39,2.2,4.0,0.8,54,38,1.8,3.4,0.9,51,39,0,29.55,,,,,,,,,,
WHIT,2015-09-13 04:45:00 EDT,43.48507,-73.42307,120,60.4,60.3,60.4,94.8,58.9,0.000,0.281,0.00,0.011,2.3,4.5,1.1,19,22,2.7,5.4,1.0,21,21,2.3,4.5,1.1,19,22,0,29.55,,,,,,,,,,
WHIT,2015-09-13 04:50:00 EDT,43.48507,-73.42307,120,60.3,60.3,60.3,94.4,58.7,0.003,0.285,0.00,0.014,1.5,2.8,0.5,62,29,1.8,3.6,0.5,68,27,1.5,2.8,0.5,62,29,0,29.56,,,,,,,,,,
WHIT,2015-09-13 04:55:00 EDT,43.48507,-73.42307,120,60.3,60.1,60.3,94.5,58.7,0.003,0.287,0.00,0.012,0.7,2.3,0.7,66,18,1.2,2.7,0.6,61,35,0.7,2.3,0.7,66,18,0,29.56,,,,,,,,,,
WHIT,2015-09-13 05:00:00 EDT,43.48507,-73.42307,120,60.2,60.1,60.2,94.5,58.6,0.003,0.290,0.00,0.014,2.7,4.2,0.6,359,15,3.3,5.1,0.7,4,13,2.7,4.2,0.6,359,15,0,29.56,,,,,,,,,,
WHIT,2015-09-13 05:05:00 EDT,43.48507,-73.42307,120,60.0,59.8,60.0,95.4,58.7,0.003,0.293,0.00,0.017,2.5,4.2,0.8,12,15,3.0,5.1,0.9,16,12,2.5,4.2,0.8,12,15,0,29.56,,,,,,,,,,
WHIT,2015-09-13 05:10:00 EDT,43.48507,-73.42307,120,59.9,59.8,59.9,96.2,58.8,0.004,0.296,0.00,0.020,2.3,3.9,0.8,6,14,2.8,5.1,1.0,11,13,2.3,3.9,0.8,6,14,0,29.56,,,,,,,,,,
WHIT,2015-09-13 05:15:00 EDT,43.48507,-73.42307,120,59.9,59.8,59.9,96.4,58.9,0.002,0.298,0.00,0.022,3.1,4.9,0.7,19,17,3.6,5.8,0.8,22,14,3.1,4.9,0.7,19,17,0,29.56,,,,,,,,,,
WHIT,2015-09-13 05:20:00 EDT,43.48507,-73.42307,120,59.9,59.8,59.9,96.5,58.9,0.004,0.302,0.00,0.026,2.7,4.2,0.9,4,18,3.2,5.4,1.1,7,16,2.7,4.2,0.9,4,18,0,29.56,,,,,,,,,,
WHIT,2015-09-13 05:25:00 EDT,43.48507,-73.42307,120,60.0,59.8,60.0,97.1,59.2,0.003,0.305,0.00,0.027,2.0,3.8,0.7,327,18,2.4,4.5,0.9,340,19,2.0,3.8,0.7,327,18,0,29.56,,,,,,,,,,
WHIT,2015-09-13 05:30:00 EDT,43.48507,-73.42307,120,59.9,59.7,59.9,97.3,59.2,0.003,0.308,0.00,0.028,2.6,4.8,0.9,339,17,3.0,5.6,1.2,347,15,2.6,4.8,0.9,339,17,0,29.56,,,,,,,,,,
WHIT,2015-09-13 05:35:00 EDT,43.48507,-73.42307,120,59.9,59.8,59.9,97.5,59.2,0.001,0.309,0.00,0.027,3.6,5.9,1.1,5,16,4.3,6.9,1.3,11,15,3.6,5.9,1.1,5,16,0,29.56,,,,,,,,,,
WHIT,2015-09-13 05:40:00 EDT,43.48507,-73.42307,120,59.9,59.8,59.9,97.4,59.2,0.001,0.309,0.00,0.028,4.0,6.4,1.1,17,16,4.5,7.4,1.3,23,16,4.0,6.4,1.1,17,16,0,29.56,,,,,,,,,,
WHIT,2015-09-13 05:45:00 EDT,43.48507,-73.42307,120,59.9,59.7,59.9,97.4,59.1,0.004,0.314,0.00,0.032,3.2,5.7,0.9,19,20,3.9,6.9,1.2,24,18,3.2,5.7,0.9,19,20,0,29.56,,,,,,,,,,
WHIT,2015-09-13 05:50:00 EDT,43.48507,-73.42307,120,59.8,59.6,59.8,97.4,59.1,0.005,0.319,0.00,0.034,3.7,5.8,1.0,10,16,4.5,7.2,1.3,15,13,3.7,5.8,1.0,10,16,0,29.55,,,,,,,,,,
WHIT,2015-09-13 05:55:00 EDT,43.48507,-73.42307,120,59.8,59.6,59.8,97.4,59.1,0.003,0.322,0.00,0.035,4.2,5.6,0.7,15,13,4.9,6.5,0.9,19,11,4.2,5.6,0.7,15,13,0,29.55,,,,,,,,,,
WHIT,2015-09-13 06:00:00 EDT,43.48507,-73.42307,120,59.8,59.7,59.8,97.4,59.1,0.000,0.322,0.00,0.032,4.2,6.2,0.9,11,16,4.8,7.8,1.1,16,14,4.2,6.2,0.9,11,16,0,29.55,,,,,,,,,,
WHIT,2015-09-13 06:05:00 EDT,43.48507,-73.42307,120,59.8,59.7,59.8,97.2,59.0,0.000,0.322,0.00,0.029,3.3,5.6,1.1,13,22,3.9,7.4,1.3,16,12,3.3,5.6,1.1,13,22,0,29.56,,,,,,,,,,
WHIT,2015-09-13 06:10:00 EDT,43.48507,-73.42307,120,59.9,59.7,59.9,96.9,59.0,0.000,0.322,0.00,0.025,3.5,6.4,1.2,20,15,4.1,8.1,1.4,23,15,3.5,6.4,1.2,20,15,0,29.56,,,,,,,,,,
WHIT,2015-09-13 06:15:00 EDT,43.48507,-73.42307,120,59.8,59.7,59.8,96.7,58.9,0.000,0.322,0.00,0.023,2.8,4.9,0.8,46,17,3.1,5.1,0.9,52,15,2.8,4.9,0.8,46,17,0,29.56,,,,,,,,,,
WHIT,2015-09-13 06:20:00 EDT,43.48507,-73.42307,120,59.9,59.8,59.9,96.6,58.9,0.000,0.322,0.00,0.020,1.5,3.4,0.9,36,25,1.9,3.8,0.7,41,26,1.5,3.4,0.9,36,25,0,29.56,,,,,,,,,,
WHIT,2015-09-13 06:25:00 EDT,43.48507,-73.42307,120,60.1,60.0,60.1,95.6,58.8,0.000,0.322,0.00,0.017,2.6,5.2,0.8,42,17,2.8,4.7,0.7,46,16,2.6,5.2,0.8,42,17,0,29.56,,,,,,,,,,
WHIT,2015-09-13 06:30:00 EDT,43.48507,-73.42307,120,60.0,60.0,60.0,95.7,58.8,0.000,0.322,0.00,0.014,2.4,3.8,0.5,48,26,2.7,4.7,0.7,52,26,2.4,3.8,0.5,48,26,0,29.56,,,,,,,,,,
WHIT,2015-09-13 06:35:00 EDT,43.48507,-73.42307,120,60.0,59.9,60.0,96.0,58.8,0.000,0.322,0.00,0.013,2.1,4.4,1.3,355,13,2.5,5.6,1.4,1,14,2.1,4.4,1.3,355,13,0,29.56,,,,,,,,,,
WHIT,2015-09-13 06:40:00 EDT,43.48507,-73.42307,120,60.0,59.9,60.0,96.4,59.0,0.004,0.325,0.00,0.016,0.2,0.7,0.2,188,13,0.8,1.6,0.3,181,35,0.2,0.7,0.2,188,13,1,29.56,,,,,,,,,,
WHIT,2015-09-13 06:45:00 EDT,43.48507,-73.42307,120,60.1,59.9,60.1,96.3,59.0,0.000,0.325,0.00,0.012,1.4,3.7,1.3,15,15,1.8,4.5,1.2,17,35,1.4,3.7,1.3,15,15,1,29.56,,,,,,,,,,
WHIT,2015-09-13 06:50:00 EDT,43.48507,-73.42307,120,60.0,59.8,60.0,96.7,59.1,0.000,0.325,0.00,0.006,2.2,3.7,0.7,315,21,2.4,4.5,0.7,323,21,2.2,3.7,0.7,315,21,2,29.56,,,,,,,,,,
WHIT,2015-09-13 06:55:00 EDT,43.48507,-73.42307,120,59.9,59.7,59.9,97.3,59.2,0.000,0.325,0.00,0.004,1.6,3.1,0.6,1,21,2.1,4.3,0.7,9,19,1.6,3.1,0.6,1,21,3,29.55,,,,,,,,,,
WHIT,2015-09-13 07:00:00 EDT,43.48507,-73.42307,120,60.0,59.8,60.0,97.4,59.3,0.000,0.325,0.00,0.004,2.2,4.7,0.9,359,25,2.7,5.8,1.0,4,21,2.2,4.7,0.9,359,25,3,29.56,,,,,,,,,,
WHIT,2015-09-13 07:05:00 EDT,43.48507,-73.42307,120,60.1,59.9,60.1,97.5,59.4,0.000,0.325,0.00,0.004,1.9,3.7,0.7,25,18,2.4,4.7,0.9,29,19,1.9,3.7,0.7,25,18,3,29.56,,,,,,,,,,
WHIT,2015-09-13 07:10:00 EDT,43.48507,-73.42307,120,60.1,59.9,60.1,97.5,59.4,0.000,0.325,0.00,0.004,1.6,2.6,0.5,0,21,2.1,4.0,0.7,4,20,1.6,2.6,0.5,0,21,4,29.56,,,,,,,,,,
WHIT,2015-09-13 07:15:00 EDT,43.48507,-73.42307,120,60.2,60.0,60.2,97.7,59.5,0.000,0.325,0.00,0.004,1.0,2.6,0.8,51,50,1.5,3.8,0.8,54,53,1.0,2.6,0.8,51,50,5,29.56,,,,,,,,,,
WHIT,2015-09-13 07:20:00 EDT,43.48507,-73.42307,120,60.1,59.8,60.1,97.5,59.3,0.000,0.325,0.00,0.004,2.2,3.5,0.8,7,22,2.7,4.7,0.9,10,20,2.2,3.5,0.8,7,22,9,29.56,,,,,,,,,,
WHIT,2015-09-13 07:25:00 EDT,43.48507,-73.42307,120,60.1,59.9,60.1,97.5,59.4,0.000,0.325,0.00,0.004,1.8,3.4,0.8,46,26,2.3,4.9,0.9,48,26,1.8,3.4,0.8,46,26,10,29.56,,,,,,,,,,
WHIT,2015-09-13 07:30:00 EDT,43.48507,-73.42307,120,60.2,60.0,60.2,97.2,59.4,0.000,0.325,0.00,0.004,1.5,2.8,0.6,348,23,2.0,3.6,0.8,355,19,1.5,2.8,0.6,348,23,15,29.56,,,,,,,,,,
WHIT,2015-09-13 07:35:00 EDT,43.48507,-73.42307,120,60.3,60.1,60.3,97.1,59.5,0.000,0.325,0.00,0.004,0.6,1.7,0.5,35,24,1.2,2.5,0.4,43,28,0.6,1.7,0.5,35,24,13,29.56,,,,,,,,,,
WHIT,2015-09-13 07:40:00 EDT,43.48507,-73.42307,120,60.4,60.2,60.4,96.9,59.6,0.002,0.327,0.00,0.002,1.8,3.1,0.6,7,15,2.2,4.0,0.7,11,15,1.8,3.1,0.6,7,15,16,29.56,,,,,,,,,,
WHIT,2015-09-13 07:45:00 EDT,43.48507,-73.42307,120,60.5,60.3,60.5,96.9,59.7,0.001,0.328,0.00,0.003,0.6,2.0,0.6,44,44,1.2,2.5,0.4,51,38,0.6,2.0,0.6,44,44,28,29.56,,,,,,,,,,
WHIT,2015-09-13 07:50:00 EDT,43.48507,-73.42307,120,60.6,60.3,60.6,97.0,59.8,0.000,0.328,0.00,0.003,1.2,1.9,0.3,48,21,1.5,2.7,0.4,52,23,1.2,1.9,0.3,48,21,26,29.56,,,,,,,,,,
WHIT,2015-09-13 07:55:00 EDT,43.48507,-73.42307,120,60.6,60.3,60.6,97.0,59.7,0.000,0.328,0.00,0.003,0.8,2.3,0.7,27,18,1.2,2.5,0.5,34,26,0.8,2.3,0.7,27,18,27,29.56,,,,,,,,,,
WHIT,2015-09-13 08:00:00 EDT,43.48507,-73.42307,120,60.7,60.4,60.7,97.0,59.9,0.000,0.328,0.00,0.003,1.2,2.6,0.8,27,16,1.7,3.6,0.7,37,19,1.2,2.6,0.8,27,16,25,29.56,,,,,,,,,,
WHIT,2015-09-13 08:05:00 EDT,43.48507,-73.42307,120,60.8,60.5,60.8,96.8,59.8,0.000,0.328,0.00,0.003,1.0,2.8,0.6,11,29,1.7,4.7,0.8,12,29,1.0,2.8,0.6,11,29,26,29.56,,,,,,,,,,
WHIT,2015-09-13 08:10:00 EDT,43.48507,-73.42307,120,60.8,60.5,60.8,96.3,59.7,0.000,0.328,0.00,0.003,1.1,2.8,1.0,19,12,1.5,3.1,0.9,19,27,1.1,2.8,1.0,19,12,24,29.56,,,,,,,,,,
WHIT,2015-09-13 08:15:00 EDT,43.48507,-73.42307,120,60.9,60.6,60.9,96.5,59.9,0.000,0.328,0.00,0.003,0.2,1.3,0.3,64,22,0.7,2.0,0.4,87,24,0.2,1.3,0.3,64,22,24,29.56,,,,,,,,,,
WHIT,2015-09-13 08:20:00 EDT,43.48507,-73.42307,120,60.9,60.6,60.9,96.3,59.8,0.000,0.328,0.00,0.003,0.5,2.5,0.8,38,13,1.2,2.9,0.7,43,17,0.5,2.5,0.8,38,13,28,29.56,,,,,,,,,,
WHIT,2015-09-13 08:25:00 EDT,43.48507,-73.42307,120,60.8,60.5,60.8,95.9,59.7,0.000,0.328,0.00,0.003,2.0,2.8,0.4,29,8,2.2,3.1,0.4,35,9,2.0,2.8,0.4,29,8,28,29.56,,,,,,,,,,
WHIT,2015-09-13 08:30:00 EDT,43.48507,-73.42307,120,60.9,60.5,60.9,96.4,59.9,0.000,0.328,0.00,0.003,2.2,3.0,0.4,48,10,2.3,3.6,0.4,53,10,2.2,3.0,0.4,48,10,37,29.57,,,,,,,,,,
WHIT,2015-09-13 08:35:00 EDT,43.48507,-73.42307,120,61.0,60.7,61.0,96.7,60.0,0.000,0.328,0.00,0.003,2.2,3.4,0.5,44,14,2.4,3.6,0.5,48,13,2.2,3.4,0.5,44,14,51,29.56,,,,,,,,,,
WHIT,2015-09-13 08:40:00 EDT,43.48507,-73.42307,120,61.1,60.8,61.1,96.8,60.2,0.000,0.328,0.00,0.001,1.4,2.3,0.5,345,24,1.9,3.1,0.5,353,23,1.4,2.3,0.5,345,24,52,29.57,,,,,,,,,,
WHIT,2015-09-13 08:45:00 EDT,43.48507,-73.42307,120,61.3,60.9,61.3,96.2,60.2,0.000,0.328,0.00,0.000,1.0,2.8,0.7,309,22,1.4,3.6,0.6,317,25,1.0,2.8,0.7,309,22,53,29.57,,,,,,,,,,
WHIT,2015-09-13 08:50:00 EDT,43.48507,-73.42307,120,61.4,61.0,61.4,96.6,60.4,0.000,0.328,0.00,0.000,1.1,2.0,0.5,359,30,1.6,2.7,0.5,9,29,1.1,2.0,0.5,359,30,32,29.57,,,,,,,,,,
WHIT,2015-09-13 08:55:00 EDT,43.48507,-73.42307,120,61.4,61.0,61.4,96.1,60.2,0.000,0.328,0.00,0.000,1.5,3.1,0.8,1,16,1.9,4.0,0.9,5,17,1.5,3.1,0.8,1,16,42,29.57,,,,,,,,,,
WHIT,2015-09-13 09:00:00 EDT,43.48507,-73.42307,120,61.4,61.0,61.4,96.1,60.3,0.000,0.328,0.00,0.000,1.7,2.8,0.5,13,19,2.1,3.4,0.5,19,20,1.7,2.8,0.5,13,19,49,29.57,,,,,,,,,,
WHIT,2015-09-13 09:05:00 EDT,43.48507,-73.42307,120,61.5,61.1,61.5,95.7,60.3,0.000,0.328,0.00,0.000,2.6,4.4,0.8,24,11,2.8,4.9,0.8,31,13,2.6,4.4,0.8,24,11,63,29.57,,,,,,,,,,
WHIT,2015-09-13 09:10:00 EDT,43.48507,-73.42307,120,61.6,61.2,61.6,95.4,60.3,0.000,0.328,0.00,0.000,3.3,4.4,0.6,14,9,3.7,5.4,0.9,18,10,3.3,4.4,0.6,14,9,69,29.57,,,,,,,,,,
WHIT,2015-09-13 09:15:00 EDT,43.48507,-73.42307,120,61.6,61.3,61.6,95.6,60.3,0.000,0.328,0.00,0.000,1.9,4.5,0.7,358,20,2.4,5.4,0.8,3,17,1.9,4.5,0.7,358,20,66,29.57,,,,,,,,,,
WHIT,2015-09-13 09:20:00 EDT,43.48507,-73.42307,120,61.6,61.2,61.6,95.6,60.4,0.000,0.328,0.00,0.000,2.6,4.6,1.1,9,11,3.1,5.4,1.2,15,11,2.6,4.6,1.1,9,11,85,29.57,,,,,,,,,,
WHIT,2015-09-13 09:25:00 EDT,43.48507,-73.42307,120,61.8,61.4,61.8,95.5,60.5,0.000,0.328,0.00,0.000,2.1,3.7,0.7,43,20,2.4,4.0,0.6,46,22,2.1,3.7,0.7,43,20,83,29.57,,,,,,,,,,
WHIT,2015-09-13 09:30:00 EDT,43.48507,-73.42307,120,62.0,61.5,62.0,95.4,60.7,0.000,0.328,0.00,0.000,1.9,4.7,1.3,26,19,2.4,4.9,1.2,32,21,1.9,4.7,1.3,26,19,87,29.57,,,,,,,,,,
WHIT,2015-09-13 09:35:00 EDT,43.48507,-73.42307,120,62.0,61.5,62.0,94.7,60.5,0.000,0.328,0.00,0.000,2.0,3.1,0.4,31,21,2.3,3.8,0.5,38,21,2.0,3.1,0.4,31,21,75,29.57,,,,,,,,,,
WHIT,2015-09-13 09:40:00 EDT,43.48507,-73.42307,120,62.0,61.6,62.0,94.5,60.4,0.000,0.328,0.00,0.000,2.5,3.9,0.9,10,17,3.0,5.1,0.8,14,15,2.5,3.9,0.9,10,17,75,29.57,,,,,,,,,,
WHIT,2015-09-13 09:45:00 EDT,43.48507,-73.42307,120,62.2,61.7,62.2,94.0,60.4,0.000,0.328,0.00,0.000,2.1,3.7,0.7,39,14,2.3,4.5,0.7,46,13,2.1,3.7,0.7,39,14,105,29.57,,,,,,,,,,
WHIT,2015-09-13 09:50:00 EDT,43.48507,-73.42307,120,62.4,61.9,62.4,94.8,60.9,0.000,0.328,0.00,0.000,1.6,3.1,0.7,18,14,2.0,3.6,0.7,23,17,1.6,3.1,0.7,18,14,92,29.57,,,,,,,,,,
WHIT,2015-09-13 09:55:00 EDT,43.48507,-73.42307,120,62.5,62.0,62.5,94.7,61.0,0.000,0.328,0.00,0.000,2.1,3.7,0.5,358,15,2.5,4.9,0.8,6,14,2.1,3.7,0.5,358,15,81,29.57,,,,,,,,,,
WHIT,2015-09-13 10:00:00 EDT,43.48507,-73.42307,120,62.6,62.1,62.6,95.0,61.1,0.000,0.328,0.00,0.000,1.6,2.8,0.6,10,14,2.1,3.8,0.6,16,16,1.6,2.8,0.6,10,14,77,29.57,,,,,,,,,,
WHIT,2015-09-13 10:05:00 EDT,43.48507,-73.42307,120,62.5,62.1,62.5,94.3,60.9,0.000,0.328,0.00,0.000,0.8,2.0,0.5,9,37,1.4,2.7,0.5,19,37,0.8,2.0,0.5,9,37,84,29.57,,,,,,,,,,
WHIT,2015-09-13 10:10:00 EDT,43.48507,-73.42307,120,62.6,62.1,62.6,94.2,60.9,0.000,0.328,0.00,0.000,0.8,1.8,0.6,11,5,1.3,2.5,0.5,20,16,0.8,1.8,0.6,11,5,88,29.58,,,,,,,,,,
WHIT,2015-09-13 10:15:00 EDT,43.48507,-73.42307,120,62.7,62.3,62.7,94.4,61.1,0.000,0.328,0.00,0.000,0.2,1.9,0.4,8,1,0.8,2.7,0.6,31,43,0.2,1.9,0.4,8,1,82,29.58,,,,,,,,,,
WHIT,2015-09-13 10:20:00 EDT,43.48507,-73.42307,120,62.8,62.3,62.8,93.4,60.8,0.000,0.328,0.00,0.000,1.4,2.0,0.4,26,16,1.6,2.7,0.4,32,17,1.4,2.0,0.4,26,16,69,29.57,,,,,,,,,,
WHIT,2015-09-13 10:25:00 EDT,43.48507,-73.42307,120,63.0,62.5,63.0,93.8,61.1,0.000,0.328,0.00,0.000,0.7,2.0,0.6,49,22,1.2,3.1,0.5,42,35,0.7,2.0,0.6,49,22,105,29.58,,,,,,,,,,
WHIT,2015-09-13 10:30:00 EDT,43.48507,-73.42307,120,63.0,62.6,63.0,93.4,61.1,0.000,0.328,0.00,0.000,0.0,0.0,0.0,0,0,0.6,1.1,0.2,244,38,0.0,0.0,0.0,0,0,91,29.58,,,,,,,,,,
WHIT,2015-09-13 10:35:00 EDT,43.48507,-73.42307,120,63.1,62.7,63.1,92.7,60.9,0.000,0.328,0.00,0.000,0.0,0.9,0.1,112,9,0.6,1.3,0.3,136,52,0.0,0.9,0.1,112,9,116,29.58,,,,,,,,,,
WHIT,2015-09-13 10:40:00 EDT,43.48507,-73.42307,120,63.6,63.0,63.6,94.0,61.9,0.000,0.328,0.00,0.000,1.1,2.0,0.4,96,15,1.6,2.5,0.4,99,17,1.1,2.0,0.4,96,15,101,29.58,,,,,,,,,,
WHIT,2015-09-13 10:45:00 EDT,43.48507,-73.42307,120,63.5,63.0,63.5,92.3,61.2,0.000,0.328,0.00,0.000,0.2,1.5,0.4,44,17,0.9,2.0,0.3,65,23,0.2,1.5,0.4,44,17,112,29.58,,,,,,,,,,
WHIT,2015-09-13 10:50:00 EDT,43.48507,-73.42307,120,63.7,63.0,63.7,92.3,61.4,0.000,0.328,0.00,0.000,1.6,2.7,0.4,63,9,2.0,3.4,0.5,67,11,1.6,2.7,0.4,63,9,115,29.58,,,,,,,,,,
WHIT,2015-09-13 10:55:00 EDT,43.48507,-73.42307,120,63.7,63.2,63.7,92.2,61.4,0.000,0.328,0.00,0.000,0.8,2.0,0.6,23,18,1.3,2.5,0.5,20,23,0.8,2.0,0.6,23,18,118,29.58,,,,,,,,,,
WHIT,2015-09-13 11:00:00 EDT,43.48507,-73.42307,120,63.7,63.3,63.7,90.7,60.9,0.000,0.328,0.00,0.000,1.0,1.5,0.3,2,13,1.4,2.0,0.3,6,15,1.0,1.5,0.3,2,13,98,29.58,,,,,,,,,,
WHIT,2015-09-13 11:05:00 EDT,43.48507,-73.42307,120,64.0,63.4,64.0,90.6,61.2,0.000,0.328,0.00,0.000,0.7,1.5,0.4,10,5,1.2,2.0,0.4,14,12,0.7,1.5,0.4,10,5,150,29.58,,,,,,,,,,
WHIT,2015-09-13 11:10:00 EDT,43.48507,-73.42307,120,64.1,63.5,64.1,89.6,61.0,0.000,0.328,0.00,0.000,1.2,2.0,0.6,7,12,1.5,2.5,0.5,15,13,1.2,2.0,0.6,7,12,149,29.58,,,,,,,,,,
WHIT,2015-09-13 11:15:00 EDT,43.48507,-73.42307,120,64.5,63.9,64.5,90.0,61.5,0.000,0.328,0.00,0.000,1.1,2.4,0.5,54,13,1.7,3.1,0.5,59,17,1.1,2.4,0.5,54,13,216,29.58,,,,,,,,,,
WHIT,2015-09-13 11:20:00 EDT,43.48507,-73.42307,120,65.2,64.2,65.2,89.3,62.0,0.000,0.328,0.00,0.000,1.3,2.7,0.7,19,14,1.8,3.6,0.7,26,18,1.3,2.7,0.7,19,14,365,29.57,,,,,,,,,,
WHIT,2015-09-13 11:25:00 EDT,43.48507,-73.42307,120,64.9,64.2,64.9,87.9,61.3,0.000,0.328,0.00,0.000,1.1,2.6,0.7,331,44,1.7,3.1,0.7,326,44,1.1,2.6,0.7,331,44,271,29.57,,,,,,,,,,
WHIT,2015-09-13 11:30:00 EDT,43.48507,-73.42307,120,64.9,64.2,64.9,87.8,61.2,0.000,0.328,0.00,0.000,0.5,1.5,0.4,245,14,1.0,2.0,0.4,252,30,0.5,1.5,0.4,245,14,219,29.57,,,,,,,,,,
WHIT,2015-09-13 11:35:00 EDT,43.48507,-73.42307,120,65.3,64.7,65.3,88.8,61.9,0.000,0.328,0.00,0.000,0.4,1.5,0.4,212,30,0.9,2.5,0.5,228,58,0.4,1.5,0.4,212,30,268,29.57,,,,,,,,,,
WHIT,2015-09-13 11:40:00 EDT,43.48507,-73.42307,120,65.7,65.1,65.7,87.1,61.7,0.000,0.328,0.00,0.000,1.5,3.3,0.7,291,32,1.8,3.6,0.8,302,32,1.5,3.3,0.7,291,32,268,29.57,,,,,,,,,,
WHIT,2015-09-13 11:45:00 EDT,43.48507,-73.42307,120,65.6,65.1,65.6,87.1,61.7,0.000,0.328,0.00,0.000,1.1,2.5,0.6,340,30,1.7,3.1,0.6,358,31,1.1,2.5,0.6,340,30,280,29.57,,,,,,,,,,
WHIT,2015-09-13 11:50:00 EDT,43.48507,-73.42307,120,65.8,65.3,65.8,86.9,61.8,0.000,0.328,0.00,0.000,2.4,3.7,0.6,297,30,2.5,4.0,0.6,306,31,2.4,3.7,0.6,297,30,247,29.57,,,,,,,,,,
WHIT,2015-09-13 11:55:00 EDT,43.48507,-73.42307,120,65.9,65.3,65.9,85.9,61.6,0.000,0.328,0.00,0.000,1.6,3.0,0.5,259,19,1.9,3.6,0.6,266,21,1.6,3.0,0.5,259,19,187,29.57,,,,,,,,,,
WHIT,2015-09-13 12:00:00 EDT,43.48507,-73.42307,120,66.0,65.4,66.0,83.3,60.8,0.000,0.328,0.00,0.000,1.2,2.5,0.7,270,16,1.5,3.1,0.7,281,20,1.2,2.5,0.7,270,16,190,29.57,,,,,,,,,,
WHIT,2015-09-13 12:05:00 EDT,43.48507,-73.42307,120,66.3,65.7,66.3,84.4,61.5,0.000,0.328,0.00,0.000,1.0,2.3,0.8,324,15,1.4,2.9,0.6,337,22,1.0,2.3,0.8,324,15,169,29.57,,,,,,,,,,
WHIT,2015-09-13 12:10:00 EDT,43.48507,-73.42307,120,66.2,65.8,66.2,85.0,61.6,0.000,0.328,0.00,0.000,0.8,1.9,0.6,333,17,1.3,2.7,0.6,344,22,0.8,1.9,0.6,333,17,212,29.57,,,,,,,,,,
WHIT,2015-09-13 12:15:00 EDT,43.48507,-73.42307,120,66.6,66.0,66.6,84.7,61.9,0.000,0.328,0.00,0.000,1.6,2.8,0.5,217,30,1.9,3.1,0.6,222,32,1.6,2.8,0.5,217,30,217,29.57,,,,,,,,,,
WHIT,2015-09-13 12:20:00 EDT,43.48507,-73.42307,120,66.7,66.1,66.7,84.2,61.8,0.000,0.328,0.00,0.000,1.2,2.4,0.5,197,21,1.6,3.4,0.6,205,25,1.2,2.4,0.5,197,21,212,29.57,,,,,,,,,,
WHIT,2015-09-13 12:25:00 EDT,43.48507,-73.42307,120,67.0,66.4,67.0,84.9,62.3,0.000,0.328,0.00,0.000,0.7,2.1,0.6,231,25,1.2,2.7,0.5,244,34,0.7,2.1,0.6,231,25,279,29.57,,,,,,,,,,
WHIT,2015-09-13 12:30:00 EDT,43.48507,-73.42307,120,67.1,66.6,67.1,83.7,62.0,0.000,0.328,0.00,0.000,2.1,3.4,0.5,250,23,2.4,4.0,0.6,257,24,2.1,3.4,0.5,250,23,180,29.57,,,,,,,,,,
WHIT,2015-09-13 12:35:00 EDT,43.48507,-73.42307,120,67.0,66.5,67.0,82.8,61.6,0.000,0.328,0.00,0.000,0.9,2.2,0.6,237,16,1.3,2.7,0.5,245,25,0.9,2.2,0.6,237,16,185,29.57,,,,,,,,,,
WHIT,2015-09-13 12:40:00 EDT,43.48507,-73.42307,120,67.0,66.6,67.0,82.3,61.4,0.000,0.328,0.00,0.000,1.3,2.3,0.6,247,15,1.6,2.5,0.6,256,17,1.3,2.3,0.6,247,15,138,29.57,,,,,,,,,,
WHIT,2015-09-13 12:45:00 EDT,43.48507,-73.42307,120,67.1,66.6,67.1,82.9,61.8,0.000,0.328,0.00,0.000,2.7,3.7,0.6,224,9,2.6,4.3,0.6,228,9,2.7,3.7,0.6,224,9,151,29.57,,,,,,,,,,
WHIT,2015-09-13 12:50:00 EDT,43.48507,-73.42307,120,67.1,66.8,67.1,82.5,61.6,0.000,0.328,0.00,0.000,0.5,1.8,0.6,264,25,1.0,2.2,0.5,262,52,0.5,1.8,0.6,264,25,249,29.57,,,,,,,,,,
WHIT,2015-09-13 12:55:00 EDT,43.48507,-73.42307,120,67.9,67.3,67.9,82.6,62.4,0.000,0.328,0.00,0.000,0.5,1.4,0.5,145,19,1.1,2.2,0.5,146,33,0.5,1.4,0.5,145,19,247,29.57,,,,,,,,,,
WHIT,2015-09-13 13:00:00 EDT,43.48507,-73.42307,120,67.4,67.0,67.4,81.1,61.4,0.000,0.328,0.00,0.000,0.6,2.0,0.7,194,5,1.2,2.7,0.6,214,34,0.6,2.0,0.7,194,5,174,29.57,,,,,,,,,,
WHIT,2015-09-13 13:05:00 EDT,43.48507,-73.42307,120,67.9,67.3,67.9,81.4,62.0,0.000,0.328,0.00,0.000,1.2,2.0,0.7,120,20,1.5,2.7,0.6,122,23,1.2,2.0,0.7,120,20,148,29.57,,,,,,,,,,
WHIT,2015-09-13 13:10:00 EDT,43.48507,-73.42307,120,67.8,67.2,67.8,81.8,62.0,0.000,0.328,0.00,0.000,0.3,1.8,0.6,118,20,0.8,2.5,0.5,80,73,0.3,1.8,0.6,118,20,162,29.56,,,,,,,,,,
WHIT,2015-09-13 13:15:00 EDT,43.48507,-73.42307,120,67.7,67.2,67.7,81.7,61.9,0.000,0.328,0.00,0.000,0.3,1.6,0.4,36,20,0.7,1.8,0.4,31,34,0.3,1.6,0.4,36,20,129,29.56,,,,,,,,,,
WHIT,2015-09-13 13:20:00 EDT,43.48507,-73.42307,120,67.8,67.4,67.8,81.7,62.0,0.000,0.328,0.00,0.000,0.3,2.0,0.5,287,19,0.9,2.9,0.5,267,63,0.3,2.0,0.5,287,19,226,29.56,,,,,,,,,,
WHIT,2015-09-13 13:25:00 EDT,43.48507,-73.42307,120,68.3,67.7,68.3,82.4,62.7,0.000,0.328,0.00,0.000,1.5,3.6,0.8,283,24,1.9,4.9,0.9,294,27,1.5,3.6,0.8,283,24,304,29.56,,,,,,,,,,
WHIT,2015-09-13 13:30:00 EDT,43.48507,-73.42307,120,68.8,68.2,68.8,82.6,63.2,0.000,0.328,0.00,0.000,1.4,2.6,0.6,292,29,1.9,3.4,0.7,300,32,1.4,2.6,0.6,292,29,611,29.56,,,,,,,,,,
WHIT,2015-09-13 13:35:00 EDT,43.48507,-73.42307,120,69.1,68.4,69.1,81.0,63.0,0.000,0.328,0.00,0.000,2.3,5.0,0.9,323,34,2.6,6.0,1.1,338,32,2.3,5.0,0.9,323,34,291,29.56,,,,,,,,,,
WHIT,2015-09-13 13:40:00 EDT,43.48507,-73.42307,120,69.4,68.4,69.4,81.5,63.5,0.000,0.328,0.00,0.000,1.9,3.4,0.9,24,33,2.3,4.5,0.9,30,32,1.9,3.4,0.9,24,33,630,29.55,,,,,,,,,,
WHIT,2015-09-13 13:45:00 EDT,43.48507,-73.42307,120,70.5,69.4,70.5,80.9,64.4,0.000,0.328,0.00,0.000,1.1,2.5,0.6,356,34,1.6,3.6,0.7,9,32,1.1,2.5,0.6,356,34,653,29.55,,,,,,,,,,
WHIT,2015-09-13 13:50:00 EDT,43.48507,-73.42307,120,71.6,70.0,71.6,76.9,64.0,0.000,0.328,0.00,0.000,2.8,5.1,1.0,63,32,3.3,6.5,1.2,72,30,2.8,5.1,1.0,63,32,700,29.54,,,,,,,,,,
WHIT,2015-09-13 13:55:00 EDT,43.48507,-73.42307,120,72.5,70.6,72.5,73.2,63.5,0.000,0.328,0.00,0.000,2.7,6.3,1.2,99,24,3.3,7.8,1.3,102,26,2.7,6.3,1.2,99,24,721,29.54,,,,,,,,,,
WHIT,2015-09-13 14:00:00 EDT,43.48507,-73.42307,120,73.2,71.6,73.2,72.0,63.7,0.000,0.328,0.00,0.000,2.0,5.1,1.4,68,33,2.5,6.0,1.4,79,32,2.0,5.1,1.4,68,33,746,29.54,,,,,,,,,,
WHIT,2015-09-13 14:05:00 EDT,43.48507,-73.42307,120,72.7,71.6,72.7,67.8,61.5,0.000,0.328,0.00,0.000,2.7,5.5,1.2,310,56,3.1,6.9,1.4,319,56,2.7,5.5,1.2,310,56,731,29.53,,,,,,,,,,
WHIT,2015-09-13 14:10:00 EDT,43.48507,-73.42307,120,73.1,72.3,73.1,69.8,62.7,0.000,0.328,0.00,0.000,2.5,4.8,1.2,17,63,3.1,6.7,1.6,21,63,2.5,4.8,1.2,17,63,472,29.53,,,,,,,,,,
WHIT,2015-09-13 14:15:00 EDT,43.48507,-73.42307,120,72.8,72.2,72.8,68.4,61.8,0.000,0.328,0.00,0.000,1.8,4.7,1.3,110,39,2.3,6.0,1.3,107,40,1.8,4.7,1.3,110,39,243,29.53,,,,,,,,,,
WHIT,2015-09-13 14:20:00 EDT,43.48507,-73.42307,120,72.6,71.9,72.6,68.1,61.5,0.000,0.328,0.00,0.000,1.7,4.1,1.2,122,26,2.2,4.9,1.1,128,27,1.7,4.1,1.2,122,26,232,29.53,,,,,,,,,,
WHIT,2015-09-13 14:25:00 EDT,43.48507,-73.42307,120,72.8,72.1,72.8,68.4,61.8,0.000,0.328,0.00,0.000,2.8,5.3,1.3,116,18,3.0,5.6,1.1,118,19,2.8,5.3,1.3,116,18,308,29.53,,,,,,,,,,
WHIT,2015-09-13 14:30:00 EDT,43.48507,-73.42307,120,72.9,72.3,72.9,68.8,62.0,0.000,0.328,0.00,0.000,1.5,3.6,0.7,134,36,2.0,3.8,0.7,135,36,1.5,3.6,0.7,134,36,172,29.53,,,,,,,,,,
WHIT,2015-09-13 14:35:00 EDT,43.48507,-73.42307,120,72.5,72.1,72.5,68.3,61.5,0.000,0.328,0.00,0.000,2.1,4.5,1.3,73,19,2.5,5.1,1.2,80,19,2.1,4.5,1.3,73,19,101,29.52,,,,,,,,,,
WHIT,2015-09-13 14:40:00 EDT,43.48507,-73.42307,120,72.2,72.0,72.2,68.7,61.4,0.000,0.328,0.00,0.000,2.8,4.8,0.8,9,33,3.3,5.4,0.9,16,32,2.8,4.8,0.8,9,33,85,29.52,,,,,,,,,,
WHIT,2015-09-13 14:45:00 EDT,43.48507,-73.42307,120,71.4,71.6,71.4,73.3,62.4,0.000,0.328,0.00,0.000,3.0,4.2,0.5,345,35,3.3,5.1,0.7,353,34,3.0,4.2,0.5,345,35,39,29.52,,,,,,,,,,
WHIT,2015-09-13 14:50:00 EDT,43.48507,-73.42307,120,69.5,69.6,69.5,77.7,62.3,0.229,0.557,8.21,0.229,14.6,40.1,9.7,253,13,14.1,42.1,8.9,259,10,14.6,40.1,9.7,253,13,17,29.55,,,,,,,,,,
WHIT,2015-09-13 14:55:00 EDT,43.48507,-73.42307,120,64.0,63.4,64.0,86.6,60.0,0.349,0.906,7.72,0.578,6.7,23.5,5.1,235,22,,,,,,6.7,23.5,5.1,235,22,59,29.56,,,,,,,,,,
WHIT,2015-09-13 15:00:00 EDT,43.48507,-73.42307,120,64.4,63.6,64.4,91.9,62.0,0.018,0.924,1.24,0.596,4.4,7.7,1.4,246,31,5.2,10.3,1.7,256,30,4.4,7.7,1.4,246,31,149,29.55,,,,,,,,,,
WHIT,2015-09-13 15:05:00 EDT,43.48507,-73.42307,120,64.7,63.7,64.7,91.8,62.2,0.013,0.937,0.33,0.609,6.3,10.6,1.8,169,20,7.6,12.5,2.4,175,18,6.3,10.6,1.8,169,20,68,29.55,,,,,,,,,,
WHIT,2015-09-13 15:10:00 EDT,43.48507,-73.42307,120,63.8,63.0,63.8,92.7,61.6,0.131,1.068,2.69,0.740,5.9,10.4,1.6,185,16,7.8,13.2,1.9,189,14,5.9,10.4,1.6,185,16,105,29.55,,,,,,,,,,
WHIT,2015-09-13 15:15:00 EDT,43.48507,-73.42307,120,64.1,63.4,64.1,93.7,62.2,0.008,1.076,0.27,0.748,5.0,8.9,1.7,210,11,5.6,9.8,1.9,213,14,5.0,8.9,1.7,210,11,220,29.54,,,,,,,,,,
WHIT,2015-09-13 15:20:00 EDT,43.48507,-73.42307,120,64.9,64.2,64.9,93.9,63.1,0.000,1.076,0.00,0.748,3.8,6.4,1.0,187,27,4.6,8.3,1.3,188,27,3.8,6.4,1.0,187,27,478,29.54,,,,,,,,,,
WHIT,2015-09-13 15:25:00 EDT,43.48507,-73.42307,120,65.3,64.6,65.3,93.9,63.5,0.000,1.076,0.00,0.748,4.0,5.7,0.7,146,15,4.7,6.7,1.0,149,17,4.0,5.7,0.7,146,15,583,29.55,,,,,,,,,,
WHIT,2015-09-13 15:30:00 EDT,43.48507,-73.42307,120,66.2,65.4,66.2,93.4,64.3,0.000,1.076,0.00,0.748,3.0,4.6,0.9,134,22,3.6,6.0,1.0,136,22,3.0,4.6,0.9,134,22,450,29.54,,,,,,,,,,
WHIT,2015-09-13 15:35:00 EDT,43.48507,-73.42307,120,67.0,66.1,67.0,91.4,64.4,0.000,1.076,0.00,0.748,4.7,7.3,1.2,134,19,5.3,9.2,1.4,139,19,4.7,7.3,1.2,134,19,600,29.54,,,,,,,,,,
WHIT,2015-09-13 15:40:00 EDT,43.48507,-73.42307,120,67.4,66.8,67.4,91.1,64.7,0.000,1.076,0.00,0.748,3.7,6.1,1.2,145,17,4.2,7.8,1.5,150,17,3.7,6.1,1.2,145,17,363,29.54,,,,,,,,,,
WHIT,2015-09-13 15:45:00 EDT,43.48507,-73.42307,120,67.5,67.1,67.5,91.6,65.0,0.000,1.076,0.00,0.748,3.1,5.4,1.0,131,21,3.6,6.5,1.1,136,20,3.1,5.4,1.0,131,21,201,29.54,,,,,,,,,,
WHIT,2015-09-13 15:50:00 EDT,43.48507,-73.42307,120,67.6,67.1,67.6,92.5,65.4,0.000,1.076,0.00,0.519,1.6,4.7,1.0,119,29,2.4,5.1,1.2,125,30,1.6,4.7,1.0,119,29,149,29.54,,,,,,,,,,
WHIT,2015-09-13 15:55:00 EDT,43.48507,-73.42307,120,66.5,66.1,66.5,92.4,64.3,0.020,1.097,0.99,0.190,3.1,7.4,1.8,134,23,3.8,7.6,1.7,138,23,3.1,7.4,1.8,134,23,142,29.55,,,,,,,,,,
WHIT,2015-09-13 16:00:00 EDT,43.48507,-73.42307,120,66.1,65.7,66.1,93.3,64.1,0.000,1.097,0.00,0.172,2.3,6.2,1.6,123,22,2.7,5.6,1.3,124,27,2.3,6.2,1.6,123,22,91,29.55,,,,,,,,,,
WHIT,2015-09-13 16:05:00 EDT,43.48507,-73.42307,120,65.9,65.6,65.9,93.8,64.1,0.000,1.097,0.00,0.160,1.3,3.1,0.7,175,17,1.8,3.6,0.8,177,19,1.3,3.1,0.7,175,17,44,29.55,,,,,,,,,,
WHIT,2015-09-13 16:10:00 EDT,43.48507,-73.42307,120,66.0,65.7,66.0,94.4,64.3,0.000,1.097,0.00,0.029,1.4,2.6,0.5,181,28,1.6,3.1,0.5,184,30,1.4,2.6,0.5,181,28,66,29.55,,,,,,,,,,
WHIT,2015-09-13 16:15:00 EDT,43.48507,-73.42307,120,66.2,65.9,66.2,94.4,64.5,0.000,1.097,0.00,0.020,0.7,2.6,0.7,211,14,0.9,2.7,0.6,221,28,0.7,2.6,0.7,211,14,48,29.55,,,,,,,,,,
WHIT,2015-09-13 16:20:00 EDT,43.48507,-73.42307,120,66.0,65.8,66.0,93.3,64.1,0.000,1.097,0.00,0.020,2.6,3.7,0.7,201,7,2.8,4.7,0.8,205,10,2.6,3.7,0.7,201,7,36,29.56,,,,,,,,,,
WHIT,2015-09-13 16:25:00 EDT,43.48507,-73.42307,120,65.7,65.5,65.7,93.0,63.6,0.000,1.097,0.00,0.020,3.9,6.8,1.0,192,10,4.2,7.8,1.1,195,10,3.9,6.8,1.0,192,10,39,29.56,,,,,,,,,,
WHIT,2015-09-13 16:30:00 EDT,43.48507,-73.42307,120,65.4,65.1,65.4,93.9,63.6,0.000,1.097,0.00,0.020,3.5,5.4,1.0,189,16,3.8,5.8,1.0,191,15,3.5,5.4,1.0,189,16,72,29.56,,,,,,,,,,
WHIT,2015-09-13 16:35:00 EDT,43.48507,-73.42307,120,65.3,65.0,65.3,94.5,63.7,0.000,1.097,0.00,0.020,4.1,6.9,0.9,184,14,4.5,7.6,1.1,186,13,4.1,6.9,0.9,184,14,110,29.57,,,,,,,,,,
WHIT,2015-09-13 16:40:00 EDT,43.48507,-73.42307,120,65.6,65.2,65.6,93.9,63.8,0.017,1.114,0.00,0.038,2.5,4.5,0.7,142,15,2.8,5.1,0.9,143,13,2.5,4.5,0.7,142,15,284,29.56,,,,,,,,,,
WHIT,2015-09-13 16:45:00 EDT,43.48507,-73.42307,120,66.3,65.7,66.3,93.1,64.3,0.000,1.114,0.00,0.038,1.7,2.7,0.5,141,20,1.9,3.4,0.5,139,20,1.7,2.7,0.5,141,20,475,29.56,,,,,,,,,,
WHIT,2015-09-13 16:50:00 EDT,43.48507,-73.42307,120,66.9,66.4,66.9,91.8,64.4,0.000,1.114,0.00,0.038,1.8,4.0,1.1,173,22,2.2,4.7,1.1,168,26,1.8,4.0,1.1,173,22,460,29.56,,,,,,,,,,
WHIT,2015-09-13 16:55:00 EDT,43.48507,-73.42307,120,67.3,66.6,67.3,91.4,64.7,0.000,1.114,0.00,0.017,2.7,5.0,1.0,190,22,3.0,5.4,1.0,190,23,2.7,5.0,1.0,190,22,249,29.56,,,,,,,,,,
WHIT,2015-09-13 17:00:00 EDT,43.48507,-73.42307,120,66.8,66.4,66.8,90.9,64.1,0.000,1.114,0.00,0.017,1.8,3.7,1.2,210,24,2.0,3.8,1.0,214,31,1.8,3.7,1.2,210,24,99,29.56,,,,,,,,,,
WHIT,2015-09-13 17:05:00 EDT,43.48507,-73.42307,120,66.7,66.4,66.7,91.9,64.2,0.000,1.114,0.00,0.017,1.4,3.1,0.7,226,20,1.3,3.1,0.6,230,25,1.4,3.1,0.7,226,20,88,29.56,,,,,,,,,,
WHIT,2015-09-13 17:10:00 EDT,43.48507,-73.42307,120,66.6,66.3,66.6,92.2,64.3,0.000,1.114,0.00,0.017,2.5,3.4,0.6,216,11,2.1,3.6,0.6,222,9,2.5,3.4,0.6,216,11,70,29.56,,,,,,,,,,
WHIT,2015-09-13 17:15:00 EDT,43.48507,-73.42307,120,66.7,66.4,66.7,93.0,64.6,0.000,1.114,0.00,0.017,2.3,4.7,1.2,199,13,2.4,4.9,1.1,203,15,2.3,4.7,1.2,199,13,95,29.56,,,,,,,,,,
WHIT,2015-09-13 17:20:00 EDT,43.48507,-73.42307,120,66.8,66.4,66.8,93.1,64.7,0.000,1.114,0.00,0.017,2.9,4.5,0.9,204,13,3.0,5.6,1.0,207,14,2.9,4.5,0.9,204,13,221,29.57,,,,,,,,,,
WHIT,2015-09-13 17:25:00 EDT,43.48507,-73.42307,120,67.5,66.9,67.5,92.7,65.3,0.000,1.114,0.00,0.017,1.6,3.9,0.8,210,15,1.9,4.3,0.7,215,17,1.6,3.9,0.8,210,15,301,29.57,,,,,,,,,,
WHIT,2015-09-13 17:30:00 EDT,43.48507,-73.42307,120,67.6,67.0,67.6,91.1,64.9,0.000,1.114,0.00,0.017,3.7,5.9,1.1,185,12,4.1,7.2,1.5,186,11,3.7,5.9,1.1,185,12,179,29.57,,,,,,,,,,
WHIT,2015-09-13 17:35:00 EDT,43.48507,-73.42307,120,67.1,66.7,67.1,89.9,64.0,0.000,1.114,0.00,0.017,4.0,6.3,1.1,188,13,4.5,6.9,1.2,189,11,4.0,6.3,1.1,188,13,112,29.57,,,,,,,,,,
WHIT,2015-09-13 17:40:00 EDT,43.48507,-73.42307,120,67.0,66.8,67.0,90.3,64.1,0.000,1.114,0.00,0.000,3.5,5.6,0.8,180,14,4.1,6.7,1.0,184,13,3.5,5.6,0.8,180,14,73,29.57,,,,,,,,,,
WHIT,2015-09-13 17:45:00 EDT,43.48507,-73.42307,120,66.8,66.6,66.8,89.8,63.7,0.000,1.114,0.00,0.000,2.7,5.3,1.1,179,12,3.1,6.5,1.2,182,12,2.7,5.3,1.1,179,12,53,29.57,,,,,,,,,,
WHIT,2015-09-13 17:50:00 EDT,43.48507,-73.42307,120,66.7,66.5,66.7,91.9,64.3,0.000,1.114,0.00,0.000,2.5,4.0,0.6,176,11,2.9,4.7,0.7,178,12,2.5,4.0,0.6,176,11,47,29.57,,,,,,,,,,
WHIT,2015-09-13 17:55:00 EDT,43.48507,-73.42307,120,66.6,66.4,66.6,93.1,64.6,0.000,1.114,0.00,0.000,2.5,3.1,0.4,174,9,2.9,4.0,0.5,177,8,2.5,3.1,0.4,174,9,35,29.57,,,,,,,,,,
WHIT,2015-09-13 18:00:00 EDT,43.48507,-73.42307,120,66.4,66.2,66.4,94.3,64.8,0.000,1.114,0.00,0.000,2.1,3.1,0.5,163,11,2.5,4.0,0.6,167,14,2.1,3.1,0.5,163,11,18,29.58,,,,,,,,,,
WHIT,2015-09-13 18:05:00 EDT,43.48507,-73.42307,120,66.4,66.2,66.4,93.7,64.5,0.000,1.114,0.00,0.000,1.5,2.7,0.4,165,25,1.9,3.1,0.4,171,26,1.5,2.7,0.4,165,25,18,29.58,,,,,,,,,,
WHIT,2015-09-13 18:10:00 EDT,43.48507,-73.42307,120,66.4,66.2,66.4,94.7,64.8,0.000,1.114,0.00,0.000,0.2,1.4,0.4,199,0,0.6,1.3,0.3,173,47,0.2,1.4,0.4,199,0,12,29.58,,,,,,,,,,
WHIT,2015-09-13 18:15:00 EDT,43.48507,-73.42307,120,66.4,66.1,66.4,95.1,65.0,0.000,1.114,0.00,0.000,0.0,0.0,0.0,0,0,0.9,1.3,0.3,93,20,0.0,0.0,0.0,0,0,6,29.58,,,,,,,,,,
WHIT,2015-09-13 18:20:00 EDT,43.48507,-73.42307,120,66.2,66.1,66.2,95.6,64.9,0.000,1.114,0.00,0.000,0.5,2.0,0.7,294,5,0.9,2.0,0.5,311,42,0.5,2.0,0.7,294,5,3,29.58,,,,,,,,,,
WHIT,2015-09-13 18:25:00 EDT,43.48507,-73.42307,120,65.9,65.8,65.9,96.1,64.8,0.000,1.114,0.00,0.000,0.7,1.5,0.5,330,30,1.2,2.0,0.3,352,28,0.7,1.5,0.5,330,30,3,29.58,,,,,,,,,,
WHIT,2015-09-13 18:30:00 EDT,43.48507,-73.42307,120,65.8,65.7,65.8,96.6,64.8,0.000,1.114,0.00,0.000,2.2,3.1,0.6,14,7,2.4,3.6,0.6,23,8,2.2,3.1,0.6,14,7,3,29.58,,,,,,,,,,
WHIT,2015-09-13 18:35:00 EDT,43.48507,-73.42307,120,65.6,65.5,65.6,96.8,64.7,0.000,1.114,0.00,0.000,1.8,3.4,0.9,6,8,2.1,3.6,0.9,12,10,1.8,3.4,0.9,6,8,3,29.57,,,,,,,,,,
WHIT,2015-09-13 18:40:00 EDT,43.48507,-73.42307,120,65.7,65.5,65.7,97.1,64.9,0.000,1.114,0.00,0.000,1.2,2.4,0.6,293,33,1.5,3.1,0.6,303,33,1.2,2.4,0.6,293,33,2,29.58,,,,,,,,,,
WHIT,2015-09-13 18:45:00 EDT,43.48507,-73.42307,120,65.6,65.3,65.6,97.3,64.8,0.000,1.114,0.00,0.000,1.7,3.4,0.6,272,10,2.0,4.3,0.7,280,11,1.7,3.4,0.6,272,10,4,29.58,,,,,,,,,,
WHIT,2015-09-13 18:50:00 EDT,43.48507,-73.42307,120,65.6,65.4,65.6,97.2,64.8,0.000,1.114,0.00,0.000,0.4,1.1,0.3,279,19,1.0,1.8,0.3,300,34,0.4,1.1,0.3,279,19,9,29.59,,,,,,,,,,
WHIT,2015-09-13 18:55:00 EDT,43.48507,-73.42307,120,65.6,65.5,65.6,96.8,64.7,0.000,1.114,0.00,0.000,0.1,0.7,0.2,314,23,0.7,1.8,0.4,346,56,0.1,0.7,0.2,314,23,12,29.59,,,,,,,,,,
WHIT,2015-09-13 19:00:00 EDT,43.48507,-73.42307,120,65.6,65.5,65.6,96.4,64.5,0.000,1.114,0.00,0.000,0.4,2.8,0.7,201,28,1.1,3.6,0.8,187,57,0.4,2.8,0.7,201,28,11,29.59,,,,,,,,,,
WHIT,2015-09-13 19:05:00 EDT,43.48507,-73.42307,120,66.0,66.1,66.0,85.6,61.6,0.000,1.114,0.00,0.000,3.3,5.9,1.3,209,15,3.7,7.4,1.5,214,16,3.3,5.9,1.3,209,15,15,29.59,,,,,,,,,,
WHIT,2015-09-13 19:10:00 EDT,43.48507,-73.42307,120,65.6,65.7,65.6,80.1,59.3,0.000,1.114,0.00,0.000,5.0,8.1,1.3,217,14,5.4,8.7,1.4,221,15,5.0,8.1,1.3,217,14,5,29.60,,,,,,,,,,
WHIT,2015-09-13 19:15:00 EDT,43.48507,-73.42307,120,64.8,65.1,64.8,79.3,58.3,0.000,1.114,0.00,0.000,5.5,10.2,1.5,242,14,6.3,12.1,1.9,250,14,5.5,10.2,1.5,242,14,0,29.60,,,,,,,,,,
WHIT,2015-09-13 19:20:00 EDT,43.48507,-73.42307,120,64.3,64.5,64.3,79.9,57.9,0.000,1.114,0.00,0.000,5.9,8.8,1.2,239,12,6.5,8.7,1.2,247,13,5.9,8.8,1.2,239,12,0,29.60,,,,,,,,,,
WHIT,2015-09-13 19:25:00 EDT,43.48507,-73.42307,120,63.9,64.2,63.9,81.0,58.0,0.000,1.114,0.00,0.000,2.3,4.7,1.1,230,32,2.7,6.5,1.2,232,34,2.3,4.7,1.1,230,32,0,29.60,,,,,,,,,,
WHIT,2015-09-13 19:30:00 EDT,43.48507,-73.42307,120,62.9,63.8,62.9,85.5,58.5,0.000,1.114,0.00,0.000,0.9,2.6,0.6,196,30,1.5,2.9,0.5,195,35,0.9,2.6,0.6,196,30,0,29.60,,,,,,,,,,
WHIT,2015-09-13 19:35:00 EDT,43.48507,-73.42307,120,63.0,63.4,63.0,84.6,58.3,0.000,1.114,0.00,0.000,1.5,3.4,0.9,170,43,1.9,3.6,0.8,165,43,1.5,3.4,0.9,170,43,0,29.60,,,,,,,,,,
WHIT,2015-09-13 19:40:00 EDT,43.48507,-73.42307,120,62.5,62.7,62.5,87.0,58.5,0.000,1.114,0.00,0.000,0.9,2.0,0.6,94,29,1.3,2.7,0.6,95,38,0.9,2.0,0.6,94,29,0,29.59,,,,,,,,,,
WHIT,2015-09-13 19:45:00 EDT,43.48507,-73.42307,120,62.0,62.3,62.0,88.3,58.5,0.000,1.114,0.00,0.000,3.4,4.9,1.1,96,12,3.7,6.0,1.2,100,11,3.4,4.9,1.1,96,12,0,29.59,,,,,,,,,,
WHIT,2015-09-13 19:50:00 EDT,43.48507,-73.42307,120,61.5,61.8,61.5,91.2,58.9,0.000,1.114,0.00,0.000,4.1,6.5,1.1,93,14,4.5,7.4,1.2,97,14,4.1,6.5,1.1,93,14,0,29.59,,,,,,,,,,
WHIT,2015-09-13 19:55:00 EDT,43.48507,-73.42307,120,61.0,61.1,61.0,93.4,59.1,0.000,1.114,0.00,0.000,3.0,6.7,1.5,114,12,3.2,6.9,1.5,117,11,3.0,6.7,1.5,114,12,0,29.60,,,,,,,,,,
WHIT,2015-09-13 20:00:00 EDT,43.48507,-73.42307,120,60.8,61.0,60.8,93.2,58.9,0.000,1.114,0.00,0.000,3.0,5.0,0.8,163,30,3.1,5.1,0.9,167,31,3.0,5.0,0.8,163,30,0,29.60,,,,,,,,,,
WHIT,2015-09-13 20:05:00 EDT,43.48507,-73.42307,120,61.1,61.7,61.1,90.5,58.3,0.000,1.114,0.00,0.000,4.8,6.4,0.9,180,12,5.3,7.2,1.1,184,12,4.8,6.4,0.9,180,12,0,29.60,,,,,,,,,,
WHIT,2015-09-13 20:10:00 EDT,43.48507,-73.42307,120,60.9,61.4,60.9,91.0,58.3,0.000,1.114,0.00,0.000,3.3,6.1,1.7,155,19,3.8,7.4,1.8,160,21,3.3,6.1,1.7,155,19,0,29.60,,,,,,,,,,
WHIT,2015-09-13 20:15:00 EDT,43.48507,-73.42307,120,61.0,61.3,61.0,89.1,57.8,0.000,1.114,0.00,0.000,5.4,7.7,1.3,176,11,6.1,9.2,1.6,180,10,5.4,7.7,1.3,176,11,0,29.61,,,,,,,,,,
WHIT,2015-09-13 20:20:00 EDT,43.48507,-73.42307,120,61.0,61.2,61.0,88.2,57.5,0.000,1.114,0.00,0.000,5.1,7.3,1.0,185,23,5.5,8.3,1.2,189,23,5.1,7.3,1.0,185,23,0,29.62,,,,,,,,,,
WHIT,2015-09-13 20:25:00 EDT,43.48507,-73.42307,120,61.5,61.7,61.5,84.0,56.6,0.000,1.114,0.00,0.000,3.8,8.5,2.9,187,21,4.5,10.5,3.0,192,28,3.8,8.5,2.9,187,21,0,29.62,,,,,,,,,,
WHIT,2015-09-13 20:30:00 EDT,43.48507,-73.42307,120,61.5,61.8,61.5,83.8,56.6,0.000,1.114,0.00,0.000,1.0,2.8,0.8,191,58,1.6,3.8,0.8,203,67,1.0,2.8,0.8,191,58,0,29.62,,,,,,,,,,
WHIT,2015-09-13 20:35:00 EDT,43.48507,-73.42307,120,61.4,61.5,61.4,83.4,56.3,0.000,1.114,0.00,0.000,2.4,6.7,1.1,125,25,2.7,6.7,1.2,127,22,2.4,6.7,1.1,125,25,0,29.63,,,,,,,,,,
WHIT,2015-09-13 20:40:00 EDT,43.48507,-73.42307,120,61.1,61.1,61.1,83.6,56.1,0.000,1.114,0.00,0.000,5.5,7.7,1.1,128,17,5.9,8.9,1.3,134,16,5.5,7.7,1.1,128,17,0,29.63,,,,,,,,,,
WHIT,2015-09-13 20:45:00 EDT,43.48507,-73.42307,120,60.7,60.7,60.7,85.2,56.3,0.000,1.114,0.00,0.000,5.4,9.4,1.7,142,19,6.1,9.8,1.7,149,19,5.4,9.4,1.7,142,19,0,29.63,,,,,,,,,,
WHIT,2015-09-13 20:50:00 EDT,43.48507,-73.42307,120,60.5,60.6,60.5,86.1,56.3,0.000,1.114,0.00,0.000,5.6,9.7,1.4,150,19,6.3,11.4,1.6,155,18,5.6,9.7,1.4,150,19,0,29.64,,,,,,,,,,
WHIT,2015-09-13 20:55:00 EDT,43.48507,-73.42307,120,60.5,60.7,60.5,85.0,56.0,0.000,1.114,0.00,0.000,4.1,8.8,1.4,156,20,4.6,9.6,1.6,160,20,4.1,8.8,1.4,156,20,0,29.64,,,,,,,,,,
WHIT,2015-09-13 21:00:00 EDT,43.48507,-73.42307,120,60.6,60.9,60.6,83.5,55.6,0.000,1.114,0.00,0.000,4.3,7.2,1.2,145,15,4.8,8.3,1.4,150,15,4.3,7.2,1.2,145,15,0,29.64,,,,,,,,,,
WHIT,2015-09-13 21:05:00 EDT,43.48507,-73.42307,120,60.3,60.3,60.3,85.2,55.8,0.000,1.114,0.00,0.000,3.4,5.4,0.9,137,16,3.8,5.8,1.1,140,14,3.4,5.4,0.9,137,16,0,29.64,,,,,,,,,,
WHIT,2015-09-13 21:10:00 EDT,43.48507,-73.42307,120,59.9,60.1,59.9,87.0,56.1,0.000,1.114,0.00,0.000,3.9,6.6,1.2,146,15,4.3,7.8,1.4,151,16,3.9,6.6,1.2,146,15,0,29.64,,,,,,,,,,
WHIT,2015-09-13 21:15:00 EDT,43.48507,-73.42307,120,60.1,60.4,60.1,85.5,55.8,0.000,1.114,0.00,0.000,5.6,8.8,1.6,174,14,6.6,10.3,1.8,178,11,5.6,8.8,1.6,174,14,0,29.65,,,,,,,,,,
WHIT,2015-09-13 21:20:00 EDT,43.48507,-73.42307,120,60.5,60.6,60.5,82.7,55.2,0.000,1.114,0.00,0.000,5.4,8.8,1.4,167,12,6.2,9.4,1.6,173,12,5.4,8.8,1.4,167,12,0,29.65,,,,,,,,,,
WHIT,2015-09-13 21:25:00 EDT,43.48507,-73.42307,120,60.5,60.6,60.5,82.1,55.0,0.000,1.114,0.00,0.000,6.5,8.5,1.0,162,10,7.6,10.3,1.3,167,9,6.5,8.5,1.0,162,10,0,29.66,,,,,,,,,,
WHIT,2015-09-13 21:30:00 EDT,43.48507,-73.42307,120,60.2,60.4,60.2,82.8,54.9,0.000,1.114,0.00,0.000,5.9,9.3,1.4,173,10,6.9,11.9,1.8,178,8,5.9,9.3,1.4,173,10,0,29.66,,,,,,,,,,
WHIT,2015-09-13 21:35:00 EDT,43.48507,-73.42307,120,60.2,60.4,60.2,82.2,54.7,0.000,1.114,0.00,0.000,6.9,10.0,1.4,174,10,7.9,11.9,1.7,178,8,6.9,10.0,1.4,174,10,0,29.66,,,,,,,,,,
WHIT,2015-09-13 21:40:00 EDT,43.48507,-73.42307,120,60.0,60.2,60.0,82.4,54.7,0.000,1.114,0.00,0.000,5.2,8.1,1.4,156,15,6.0,9.6,1.7,161,14,5.2,8.1,1.4,156,15,0,29.66,,,,,,,,,,
WHIT,2015-09-13 21:45:00 EDT,43.48507,-73.42307,120,59.6,59.7,59.6,83.9,54.8,0.000,1.114,0.00,0.000,3.4,4.9,0.7,133,15,3.6,5.8,0.8,138,13,3.4,4.9,0.7,133,15,0,29.65,,,,,,,,,,
WHIT,2015-09-13 21:50:00 EDT,43.48507,-73.42307,120,59.3,59.5,59.3,85.6,55.0,0.000,1.114,0.00,0.000,3.0,4.7,0.7,102,21,3.2,4.7,0.7,106,19,3.0,4.7,0.7,102,21,0,29.65,,,,,,,,,,
WHIT,2015-09-13 21:55:00 EDT,43.48507,-73.42307,120,59.0,59.2,59.0,86.7,55.0,0.000,1.114,0.00,0.000,1.6,3.0,0.5,133,20,1.9,3.1,0.6,136,22,1.6,3.0,0.5,133,20,0,29.63,,,,,,,,,,
WHIT,2015-09-13 22:00:00 EDT,43.48507,-73.42307,120,58.9,59.1,58.9,87.5,55.2,0.000,1.114,0.00,0.000,3.7,5.7,0.7,157,6,4.2,6.7,0.8,161,6,3.7,5.7,0.7,157,6,0,29.62,,,,,,,,,,
WHIT,2015-09-13 22:05:00 EDT,43.48507,-73.42307,120,58.7,58.8,58.7,88.5,55.3,0.000,1.114,0.00,0.000,4.7,6.2,0.8,150,10,5.2,6.9,1.0,154,11,4.7,6.2,0.8,150,10,0,29.62,,,,,,,,,,
WHIT,2015-09-13 22:10:00 EDT,43.48507,-73.42307,120,58.6,58.5,58.6,89.1,55.3,0.004,1.118,0.00,0.004,2.2,5.5,1.6,140,30,2.7,6.7,1.6,140,36,2.2,5.5,1.6,140,30,0,29.63,,,,,,,,,,
WHIT,2015-09-13 22:15:00 EDT,43.48507,-73.42307,120,58.5,58.5,58.5,89.0,55.3,0.002,1.119,0.00,0.005,4.8,8.1,1.0,168,11,5.4,9.6,1.4,172,10,4.8,8.1,1.0,168,11,0,29.63,,,,,,,,,,
WHIT,2015-09-13 22:20:00 EDT,43.48507,-73.42307,120,58.2,58.1,58.2,90.3,55.3,0.000,1.119,0.00,0.005,5.3,8.4,1.5,159,13,5.8,9.6,1.8,164,12,5.3,8.4,1.5,159,13,0,29.64,,,,,,,,,,
WHIT,2015-09-13 22:25:00 EDT,43.48507,-73.42307,120,58.2,58.2,58.2,90.4,55.4,0.000,1.119,0.00,0.005,3.4,6.4,1.5,157,15,3.8,6.9,1.6,161,15,3.4,6.4,1.5,157,15,0,29.64,,,,,,,,,,
WHIT,2015-09-13 22:30:00 EDT,43.48507,-73.42307,120,58.2,58.3,58.2,89.8,55.3,0.000,1.119,0.00,0.005,2.9,5.8,0.9,161,18,3.3,6.3,0.9,164,17,2.9,5.8,0.9,161,18,0,29.65,,,,,,,,,,
WHIT,2015-09-13 22:35:00 EDT,43.48507,-73.42307,120,58.2,58.2,58.2,89.8,55.2,0.000,1.119,0.00,0.005,2.1,5.1,1.0,148,16,2.4,6.3,1.1,150,16,2.1,5.1,1.0,148,16,0,29.66,,,,,,,,,,
WHIT,2015-09-13 22:40:00 EDT,43.48507,-73.42307,120,58.1,58.0,58.1,90.1,55.2,0.000,1.119,0.00,0.005,2.1,3.7,0.9,151,10,2.5,4.3,1.0,153,11,2.1,3.7,0.9,151,10,0,29.66,,,,,,,,,,
WHIT,2015-09-13 22:45:00 EDT,43.48507,-73.42307,120,57.9,57.9,57.9,90.9,55.3,0.003,1.122,0.00,0.008,2.7,3.7,0.4,170,11,3.1,4.3,0.5,174,11,2.7,3.7,0.4,170,11,0,29.66,,,,,,,,,,
WHIT,2015-09-13 22:50:00 EDT,43.48507,-73.42307,120,57.9,58.0,57.9,91.5,55.5,0.001,1.123,0.00,0.009,2.5,3.6,0.7,212,24,2.7,4.5,0.7,218,26,2.5,3.6,0.7,212,24,0,29.66,,,,,,,,,,
WHIT,2015-09-13 22:55:00 EDT,43.48507,-73.42307,120,57.9,57.8,57.9,93.2,55.9,0.001,1.123,0.00,0.009,2.6,4.3,1.0,264,19,3.0,5.4,1.0,272,18,2.6,4.3,1.0,264,19,0,29.66,,,,,,,,,,
WHIT,2015-09-13 23:00:00 EDT,43.48507,-73.42307,120,57.8,57.7,57.8,93.2,55.9,0.003,1.127,0.00,0.013,2.5,4.5,1.0,259,21,2.8,5.6,1.2,266,22,2.5,4.5,1.0,259,21,0,29.65,,,,,,,,,,
WHIT,2015-09-13 23:05:00 EDT,43.48507,-73.42307,120,57.8,57.7,57.8,92.5,55.6,0.001,1.127,0.00,0.014,2.0,3.7,0.7,167,26,2.3,4.7,0.7,172,30,2.0,3.7,0.7,167,26,0,29.65,,,,,,,,,,
WHIT,2015-09-13 23:10:00 EDT,43.48507,-73.42307,120,57.4,57.4,57.4,93.7,55.6,0.000,1.127,0.00,0.010,3.6,4.6,0.5,148,9,3.9,5.8,0.7,150,11,3.6,4.6,0.5,148,9,0,29.66,,,,,,,,,,
WHIT,2015-09-13 23:15:00 EDT,43.48507,-73.42307,120,57.4,57.5,57.4,93.9,55.7,0.000,1.127,0.00,0.008,5.6,7.3,0.9,174,7,6.4,8.7,1.1,177,6,5.6,7.3,0.9,174,7,0,29.66,,,,,,,,,,
WHIT,2015-09-13 23:20:00 EDT,43.48507,-73.42307,120,57.4,57.4,57.4,94.0,55.7,0.000,1.127,0.00,0.008,4.2,6.9,1.3,189,9,4.6,8.1,1.6,192,10,4.2,6.9,1.3,189,9,0,29.66,,,,,,,,,,
WHIT,2015-09-13 23:25:00 EDT,43.48507,-73.42307,120,57.4,57.3,57.4,93.4,55.5,0.002,1.130,0.00,0.011,1.6,3.1,0.7,191,15,1.8,3.8,0.8,196,17,1.6,3.1,0.7,191,15,0,29.66,,,,,,,,,,
WHIT,2015-09-13 23:30:00 EDT,43.48507,-73.42307,120,57.4,57.3,57.4,94.2,55.7,0.000,1.130,0.00,0.011,1.0,3.1,1.0,222,25,1.3,3.1,0.8,240,37,1.0,3.1,1.0,222,25,0,29.65,,,,,,,,,,
WHIT,2015-09-13 23:35:00 EDT,43.48507,-73.42307,120,57.4,57.4,57.4,94.4,55.9,0.000,1.130,0.00,0.011,1.2,3.8,1.1,207,31,1.7,4.3,0.9,218,38,1.2,3.8,1.1,207,31,0,29.65,,,,,,,,,,
WHIT,2015-09-13 23:40:00 EDT,43.48507,-73.42307,120,57.1,57.2,57.1,94.5,55.5,0.000,1.130,0.00,0.011,2.8,4.6,0.9,151,10,3.2,5.1,1.0,154,12,2.8,4.6,0.9,151,10,0,29.66,,,,,,,,,,
WHIT,2015-09-13 23:45:00 EDT,43.48507,-73.42307,120,57.1,57.0,57.1,94.8,55.6,0.000,1.130,0.00,0.008,2.9,4.4,0.6,150,8,3.2,4.5,0.7,154,10,2.9,4.4,0.6,150,8,0,29.66,,,,,,,,,,
WHIT,2015-09-13 23:50:00 EDT,43.48507,-73.42307,120,56.9,56.8,56.9,94.9,55.5,0.000,1.130,0.00,0.007,3.0,4.3,0.7,150,9,3.4,5.4,0.8,153,9,3.0,4.3,0.7,150,9,0,29.66,,,,,,,,,,
WHIT,2015-09-13 23:55:00 EDT,43.48507,-73.42307,120,56.8,56.8,56.8,95.4,55.5,0.000,1.130,0.00,0.006,3.7,5.3,0.8,172,11,4.3,7.4,0.9,175,10,3.7,5.3,0.8,172,11,0,29.66,,,,,,,,,,
