station,time,latitude [degrees_north],longitude [degrees_east],elevation [feet],temp_2m [degF],temp_9m [degF],apparent_temperature [degF],relative_humidity [percent],dewpoint [degF],precip_incremental [inch],precip_local [inch],precip_max_intensity [inch/hour],precip_1hr [inch],avg_wind_speed_prop [mile/hr],max_wind_speed_prop [mile/hr],wind_speed_stddev_prop [mile/hr],wind_direction_prop [degrees],wind_direction_stddev_prop [degrees],avg_wind_speed_sonic [mile/hr],max_wind_speed_sonic [mile/hr],wind_speed_stddev_sonic [mile/hr],wind_direction_sonic [degrees],wind_direction_stddev_sonic [degrees],avg_wind_speed_merge [mile/hr],max_wind_speed_merge [mile/hr],wind_speed_stddev_merge [mile/hr],wind_direction_merge [degrees],wind_direction_stddev_merge [degrees],solar_insolation [W/m^2],station_pressure [inHg],snow_depth,frozen_soil_05cm [bit],frozen_soil_25cm [bit],frozen_soil_50cm [bit],soil_temp_05cm [degF],soil_temp_25cm [degF],soil_temp_50cm [degF],soil_moisture_05cm [m^3/m^3],soil_moisture_25cm [m^3/m^3],soil_moisture_50cm [m^3/m^3]
SCHU,2015-10-29 00:00:00 EDT,43.11700,-73.57829,103,49.9,49.9,48.5,98.7,49.5,0.018,1.171,0.38,0.258,4.4,10.0,2.4,346,35,5.1,11.9,3.0,350,32,4.4,10.0,2.4,346,35,0,29.52,,,,,,,,,,
SCHU,2015-10-29 00:05:00 EDT,43.11700,-73.57829,103,49.9,49.9,49.9,98.6,49.5,0.018,0.018,0.30,0.246,2.5,5.3,1.3,356,18,3.1,5.8,1.4,0,20,2.5,5.3,1.3,356,18,0,29.51,,,,,,,,,,
SCHU,2015-10-29 00:10:00 EDT,43.11700,-73.57829,103,49.9,49.9,49.9,98.5,49.5,0.010,0.029,0.00,0.228,2.8,5.5,1.2,341,18,3.6,7.8,1.4,347,20,2.8,5.5,1.2,341,18,0,29.51,,,,,,,,,,
SCHU,2015-10-29 00:15:00 EDT,43.11700,-73.57829,103,50.0,50.1,50.0,98.6,49.6,0.014,0.042,0.00,0.222,2.0,4.5,1.0,353,21,2.8,5.8,1.2,359,20,2.0,4.5,1.0,353,21,0,29.50,,,,,,,,,,
SCHU,2015-10-29 00:20:00 EDT,43.11700,-73.57829,103,50.0,50.0,50.0,98.7,49.6,0.005,0.047,0.00,0.206,2.0,5.0,1.1,323,14,2.3,5.4,1.1,330,17,2.0,5.0,1.1,323,14,0,29.49,,,,,,,,,,
SCHU,2015-10-29 00:25:00 EDT,43.11700,-73.57829,103,50.0,50.1,50.0,98.8,49.7,0.020,0.067,0.33,0.205,2.3,3.9,0.8,346,21,2.8,4.9,0.8,352,21,2.3,3.9,0.8,346,21,0,29.49,,,,,,,,,,
SCHU,2015-10-29 00:30:00 EDT,43.11700,-73.57829,103,50.1,50.2,50.1,98.8,49.8,0.018,0.085,0.26,0.210,2.1,5.0,1.3,354,22,2.8,6.9,1.5,360,22,2.1,5.0,1.3,354,22,0,29.47,,,,,,,,,,
SCHU,2015-10-29 00:35:00 EDT,43.11700,-73.57829,103,50.1,50.2,50.1,98.8,49.8,0.012,0.097,0.00,0.200,1.7,4.2,1.2,344,27,2.3,6.5,1.2,356,29,1.7,4.2,1.2,344,27,0,29.46,,,,,,,,,,
SCHU,2015-10-29 00:40:00 EDT,43.11700,-73.57829,103,50.3,50.4,50.3,98.9,50.0,0.032,0.129,0.69,0.184,2.5,4.8,0.8,296,32,2.7,5.4,0.9,302,35,2.5,4.8,0.8,296,32,0,29.46,,,,,,,,,,
SCHU,2015-10-29 00:45:00 EDT,43.11700,-73.57829,103,50.4,50.4,50.4,98.8,50.1,0.042,0.172,1.24,0.212,3.0,6.2,1.4,345,23,3.7,6.9,1.5,351,25,3.0,6.2,1.4,345,23,0,29.44,,,,,,,,,,
SCHU,2015-10-29 00:50:00 EDT,43.11700,-73.57829,103,50.7,50.9,50.7,98.9,50.4,0.001,0.172,0.00,0.202,0.7,3.9,1.1,35,33,1.6,4.9,1.2,38,45,0.7,3.9,1.1,35,33,0,29.44,,,,,,,,,,
SCHU,2015-10-29 00:55:00 EDT,43.11700,-73.57829,103,51.0,51.1,51.0,99.0,50.7,0.001,0.173,0.00,0.191,1.6,3.6,0.9,34,37,2.4,5.4,0.9,36,34,1.6,3.6,0.9,34,37,0,29.42,,,,,,,,,,
SCHU,2015-10-29 01:00:00 EDT,43.11700,-73.57829,103,51.1,51.2,51.1,98.9,50.8,0.004,0.177,0.00,0.177,2.2,4.1,1.0,354,34,2.8,6.9,1.1,4,33,2.2,4.1,1.0,354,34,0,29.42,,,,,,,,,,
SCHU,2015-10-29 01:05:00 EDT,43.11700,-73.57829,103,51.1,51.3,51.1,98.8,50.8,0.002,0.179,0.00,0.160,2.4,4.1,0.8,322,22,2.7,4.5,0.9,329,21,2.4,4.1,0.8,322,22,0,29.41,,,,,,,,,,
SCHU,2015-10-29 01:10:00 EDT,43.11700,-73.57829,103,51.2,51.4,51.2,98.8,50.8,0.000,0.179,0.00,0.150,2.7,4.5,0.9,333,16,3.2,5.8,1.2,340,16,2.7,4.5,0.9,333,16,0,29.41,,,,,,,,,,
SCHU,2015-10-29 01:15:00 EDT,43.11700,-73.57829,103,51.1,51.3,51.1,98.8,50.8,0.000,0.179,0.00,0.137,3.1,5.8,1.0,320,19,3.1,6.0,1.1,327,20,3.1,5.8,1.0,320,19,0,29.41,,,,,,,,,,
SCHU,2015-10-29 01:20:00 EDT,43.11700,-73.57829,103,51.1,51.2,51.1,98.7,50.8,0.000,0.179,0.00,0.131,4.2,8.3,1.6,345,28,4.9,8.5,1.7,351,29,4.2,8.3,1.6,345,28,0,29.40,,,,,,,,,,
SCHU,2015-10-29 01:25:00 EDT,43.11700,-73.57829,103,51.1,51.1,51.1,98.7,50.7,0.002,0.181,0.00,0.114,3.2,6.4,1.7,338,32,3.8,8.1,1.9,349,33,3.2,6.4,1.7,338,32,0,29.39,,,,,,,,,,
SCHU,2015-10-29 01:30:00 EDT,43.11700,-73.57829,103,51.1,51.2,51.1,98.7,50.8,0.009,0.189,0.00,0.104,4.2,7.4,1.1,326,11,4.5,9.2,1.3,332,12,4.2,7.4,1.1,326,11,0,29.39,,,,,,,,,,
SCHU,2015-10-29 01:35:00 EDT,43.11700,-73.57829,103,51.4,51.4,51.4,98.9,51.0,0.015,0.204,0.37,0.107,4.2,8.1,1.6,335,35,4.9,9.6,1.9,343,33,4.2,8.1,1.6,335,35,0,29.38,,,,,,,,,,
SCHU,2015-10-29 01:40:00 EDT,43.11700,-73.57829,103,51.5,51.6,51.5,98.9,51.2,0.002,0.206,0.00,0.077,3.4,5.6,1.2,307,27,3.7,7.4,1.4,313,27,3.4,5.6,1.2,307,27,0,29.38,,,,,,,,,,
SCHU,2015-10-29 01:45:00 EDT,43.11700,-73.57829,103,51.8,51.8,51.8,99.0,51.5,0.004,0.210,0.00,0.038,3.4,8.1,1.4,318,31,3.8,9.6,1.7,325,33,3.4,8.1,1.4,318,31,0,29.38,,,,,,,,,,
SCHU,2015-10-29 01:50:00 EDT,43.11700,-73.57829,103,51.9,52.1,51.9,99.0,51.6,0.006,0.216,0.00,0.044,5.6,12.5,2.1,291,23,6.2,12.5,2.4,291,22,5.6,12.5,2.1,291,23,0,29.40,,,,,,,,,,
SCHU,2015-10-29 01:55:00 EDT,43.11700,-73.57829,103,52.1,52.2,52.1,98.8,51.8,0.017,0.233,0.31,0.060,4.7,11.3,2.4,302,35,5.5,12.3,2.7,304,37,4.7,11.3,2.4,302,35,0,29.40,,,,,,,,,,
SCHU,2015-10-29 02:00:00 EDT,43.11700,-73.57829,103,52.3,52.4,52.3,98.5,51.9,0.008,0.241,0.00,0.065,1.7,3.7,1.1,40,34,2.5,4.9,1.3,46,36,1.7,3.7,1.1,40,34,0,29.39,,,,,,,,,,
SCHU,2015-10-29 02:05:00 EDT,43.11700,-73.57829,103,52.0,52.3,52.0,98.2,51.5,0.006,0.248,0.00,0.069,0.7,2.4,0.8,72,24,1.2,3.4,0.8,86,44,0.7,2.4,0.8,72,24,0,29.39,,,,,,,,,,
SCHU,2015-10-29 02:10:00 EDT,43.11700,-73.57829,103,52.0,52.3,52.0,98.4,51.6,0.000,0.248,0.00,0.069,2.3,3.3,0.6,118,9,2.9,4.0,0.6,113,10,2.3,3.3,0.6,118,9,0,29.39,,,,,,,,,,
SCHU,2015-10-29 02:15:00 EDT,43.11700,-73.57829,103,51.8,52.1,51.8,98.5,51.4,0.000,0.248,0.00,0.069,0.9,2.0,0.6,98,8,1.5,2.7,0.6,91,27,0.9,2.0,0.6,98,8,0,29.39,,,,,,,,,,
SCHU,2015-10-29 02:20:00 EDT,43.11700,-73.57829,103,52.1,52.3,52.1,98.8,51.7,0.000,0.248,0.00,0.069,1.4,3.1,0.9,161,13,1.9,3.6,0.8,150,26,1.4,3.1,0.9,161,13,0,29.39,,,,,,,,,,
SCHU,2015-10-29 02:25:00 EDT,43.11700,-73.57829,103,52.1,52.4,52.1,98.8,51.8,0.000,0.248,0.00,0.067,1.9,3.1,0.4,164,12,2.3,4.9,0.6,154,13,1.9,3.1,0.4,164,12,0,29.39,,,,,,,,,,
SCHU,2015-10-29 02:30:00 EDT,43.11700,-73.57829,103,52.0,52.2,52.0,98.8,51.6,0.000,0.248,0.00,0.058,1.3,2.3,0.4,181,6,1.6,2.7,0.5,176,12,1.3,2.3,0.4,181,6,0,29.38,,,,,,,,,,
SCHU,2015-10-29 02:35:00 EDT,43.11700,-73.57829,103,52.0,52.2,52.0,98.9,51.7,0.000,0.248,0.00,0.044,2.5,3.7,0.6,163,14,2.7,4.7,0.7,155,16,2.5,3.7,0.6,163,14,0,29.38,,,,,,,,,,
SCHU,2015-10-29 02:40:00 EDT,43.11700,-73.57829,103,52.0,52.4,52.0,99.0,51.8,0.000,0.248,0.00,0.041,1.4,3.5,0.9,138,15,1.9,4.7,0.9,129,16,1.4,3.5,0.9,138,15,0,29.38,,,,,,,,,,
SCHU,2015-10-29 02:45:00 EDT,43.11700,-73.57829,103,51.7,52.3,51.7,98.8,51.3,0.000,0.248,0.00,0.038,0.2,1.2,0.3,137,10,1.0,2.0,0.4,99,30,0.2,1.2,0.3,137,10,0,29.38,,,,,,,,,,
SCHU,2015-10-29 02:50:00 EDT,43.11700,-73.57829,103,51.8,52.2,51.8,99.0,51.5,0.000,0.248,0.00,0.031,0.1,1.0,0.3,147,5,0.6,2.0,0.3,131,64,0.1,1.0,0.3,147,5,0,29.38,,,,,,,,,,
SCHU,2015-10-29 02:55:00 EDT,43.11700,-73.57829,103,51.9,52.3,51.9,99.0,51.7,0.000,0.248,0.00,0.014,0.0,0.0,0.0,0,0,0.5,0.9,0.2,345,37,0.0,0.0,0.0,0,0,0,29.37,,,,,,,,,,
SCHU,2015-10-29 03:00:00 EDT,43.11700,-73.57829,103,52.0,52.4,52.0,99.1,51.8,0.000,0.248,0.00,0.006,0.0,0.0,0.0,0,0,0.5,1.1,0.3,78,43,0.0,0.0,0.0,0,0,0,29.37,,,,,,,,,,
SCHU,2015-10-29 03:05:00 EDT,43.11700,-73.57829,103,51.9,52.3,51.9,99.1,51.7,0.000,0.248,0.00,0.000,0.2,1.1,0.3,124,0,1.0,3.8,0.5,111,16,0.2,1.1,0.3,124,0,0,29.37,,,,,,,,,,
SCHU,2015-10-29 03:10:00 EDT,43.11700,-73.57829,103,51.9,52.1,51.9,99.1,51.7,0.000,0.248,0.00,0.000,0.1,0.7,0.2,124,0,0.8,1.6,0.3,144,20,0.1,0.7,0.2,124,0,0,29.36,,,,,,,,,,
SCHU,2015-10-29 03:15:00 EDT,43.11700,-73.57829,103,51.9,52.2,51.9,99.2,51.6,0.000,0.248,0.00,0.000,1.5,2.3,0.7,133,5,1.8,2.7,0.5,130,7,1.5,2.3,0.7,133,5,0,29.36,,,,,,,,,,
SCHU,2015-10-29 03:20:00 EDT,43.11700,-73.57829,103,51.4,52.1,51.4,99.0,51.2,0.000,0.248,0.00,0.000,1.4,2.3,0.7,140,6,1.6,3.1,0.6,136,11,1.4,2.3,0.7,140,6,0,29.35,,,,,,,,,,
SCHU,2015-10-29 03:25:00 EDT,43.11700,-73.57829,103,51.7,52.0,51.7,99.2,51.5,0.000,0.248,0.00,0.000,1.6,3.9,1.0,292,28,1.8,5.4,0.8,288,36,1.6,3.9,1.0,292,28,0,29.34,,,,,,,,,,
SCHU,2015-10-29 03:30:00 EDT,43.11700,-73.57829,103,51.6,52.0,51.6,99.3,51.4,0.000,0.248,0.00,0.000,2.5,3.6,0.4,316,12,2.5,4.0,0.5,323,14,2.5,3.6,0.4,316,12,0,29.35,,,,,,,,,,
SCHU,2015-10-29 03:35:00 EDT,43.11700,-73.57829,103,51.6,52.0,51.6,99.3,51.4,0.000,0.248,0.00,0.000,2.4,3.7,0.6,341,16,2.7,4.7,0.7,346,17,2.4,3.7,0.6,341,16,0,29.35,,,,,,,,,,
SCHU,2015-10-29 03:40:00 EDT,43.11700,-73.57829,103,52.0,52.4,52.0,99.4,51.8,0.000,0.248,0.00,0.000,3.9,8.7,1.9,298,35,4.5,11.0,2.3,302,36,3.9,8.7,1.9,298,35,0,29.36,,,,,,,,,,
SCHU,2015-10-29 03:45:00 EDT,43.11700,-73.57829,103,53.6,54.1,53.6,99.6,53.5,0.109,0.357,3.15,0.109,3.8,12.5,2.7,268,30,4.5,15.0,2.9,266,34,3.8,12.5,2.7,268,30,0,29.37,,,,,,,,,,
SCHU,2015-10-29 03:50:00 EDT,43.11700,-73.57829,103,54.3,55.1,54.3,99.7,54.2,0.001,0.358,0.00,0.110,3.7,6.0,0.9,138,21,4.3,7.4,1.1,130,22,3.7,6.0,0.9,138,21,0,29.36,,,,,,,,,,
SCHU,2015-10-29 03:55:00 EDT,43.11700,-73.57829,103,53.8,55.6,53.8,99.5,53.6,0.001,0.359,0.00,0.111,2.8,4.0,0.5,121,15,3.1,4.7,0.7,115,13,2.8,4.0,0.5,121,15,0,29.35,,,,,,,,,,
SCHU,2015-10-29 04:00:00 EDT,43.11700,-73.57829,103,53.6,54.8,53.6,99.3,53.4,0.002,0.361,0.00,0.113,2.2,3.2,0.4,122,12,2.4,3.6,0.5,117,11,2.2,3.2,0.4,122,12,0,29.35,,,,,,,,,,
SCHU,2015-10-29 04:05:00 EDT,43.11700,-73.57829,103,53.3,54.7,53.3,99.2,53.1,0.004,0.365,0.00,0.117,0.5,2.1,0.6,133,27,1.0,2.5,0.5,163,68,0.5,2.1,0.6,133,27,0,29.36,,,,,,,,,,
SCHU,2015-10-29 04:10:00 EDT,43.11700,-73.57829,103,53.3,54.8,53.3,99.2,53.1,0.007,0.372,0.00,0.124,1.1,2.2,0.6,312,10,1.5,5.8,0.7,321,28,1.1,2.2,0.6,312,10,0,29.35,,,,,,,,,,
SCHU,2015-10-29 04:15:00 EDT,43.11700,-73.57829,103,53.4,54.8,53.4,99.3,53.2,0.013,0.385,0.00,0.138,1.2,1.8,0.3,330,8,1.5,2.5,0.4,339,13,1.2,1.8,0.3,330,8,0,29.35,,,,,,,,,,
SCHU,2015-10-29 04:20:00 EDT,43.11700,-73.57829,103,53.5,54.7,53.5,99.3,53.3,0.003,0.388,0.00,0.140,1.2,1.5,0.2,325,21,1.5,7.8,0.7,334,24,1.2,1.5,0.2,325,21,0,29.36,,,,,,,,,,
SCHU,2015-10-29 04:25:00 EDT,43.11700,-73.57829,103,53.7,54.6,53.7,99.4,53.5,0.000,0.388,0.00,0.140,0.1,0.7,0.2,299,0,0.8,3.1,0.5,5,32,0.1,0.7,0.2,299,0,0,29.36,,,,,,,,,,
SCHU,2015-10-29 04:30:00 EDT,43.11700,-73.57829,103,53.3,54.3,53.3,99.3,53.1,0.000,0.388,0.00,0.140,0.4,1.5,0.5,3,0,1.3,2.5,0.5,27,18,0.4,1.5,0.5,3,0,0,29.36,,,,,,,,,,
SCHU,2015-10-29 04:35:00 EDT,43.11700,-73.57829,103,53.2,54.5,53.2,99.2,53.0,0.003,0.391,0.00,0.143,1.0,1.5,0.4,30,12,1.6,2.5,0.3,31,19,1.0,1.5,0.4,30,12,0,29.36,,,,,,,,,,
SCHU,2015-10-29 04:40:00 EDT,43.11700,-73.57829,103,52.6,54.3,52.6,99.2,52.4,0.001,0.392,0.00,0.144,1.3,1.5,0.1,337,2,1.6,2.2,0.2,352,11,1.3,1.5,0.1,337,2,0,29.37,,,,,,,,,,
SCHU,2015-10-29 04:45:00 EDT,43.11700,-73.57829,103,52.8,54.2,52.8,99.2,52.6,0.000,0.392,0.00,0.035,1.3,1.8,0.2,339,13,1.6,2.5,0.3,345,20,1.3,1.8,0.2,339,13,0,29.37,,,,,,,,,,
SCHU,2015-10-29 04:50:00 EDT,43.11700,-73.57829,103,53.1,54.1,53.1,99.4,53.0,0.000,0.392,0.00,0.034,0.3,1.5,0.5,329,0,0.7,1.8,0.3,274,41,0.3,1.5,0.5,329,0,0,29.37,,,,,,,,,,
SCHU,2015-10-29 04:55:00 EDT,43.11700,-73.57829,103,53.1,54.3,53.1,99.4,52.9,0.000,0.392,0.00,0.033,0.3,1.8,0.6,323,2,0.8,3.4,0.5,296,38,0.3,1.8,0.6,323,2,0,29.38,,,,,,,,,,
SCHU,2015-10-29 05:00:00 EDT,43.11700,-73.57829,103,53.0,54.0,53.0,99.4,52.8,0.006,0.398,0.00,0.037,1.1,2.0,0.5,331,14,1.5,2.5,0.5,346,14,1.1,2.0,0.5,331,14,0,29.38,,,,,,,,,,
SCHU,2015-10-29 05:05:00 EDT,43.11700,-73.57829,103,53.3,53.9,53.3,99.5,53.1,0.008,0.406,0.00,0.041,1.1,2.1,0.6,346,9,1.6,2.9,0.6,2,16,1.1,2.1,0.6,346,9,0,29.38,,,,,,,,,,
SCHU,2015-10-29 05:10:00 EDT,43.11700,-73.57829,103,53.1,53.8,53.1,99.4,52.9,0.009,0.414,0.00,0.042,0.1,0.9,0.2,44,12,0.9,2.5,0.5,64,26,0.1,0.9,0.2,44,12,0,29.38,,,,,,,,,,
SCHU,2015-10-29 05:15:00 EDT,43.11700,-73.57829,103,53.0,53.8,53.0,99.5,52.9,0.008,0.423,0.00,0.038,0.4,1.2,0.5,71,6,1.2,2.5,0.7,90,29,0.4,1.2,0.5,71,6,0,29.39,,,,,,,,,,
SCHU,2015-10-29 05:20:00 EDT,43.11700,-73.57829,103,53.1,53.9,53.1,99.5,53.0,0.005,0.428,0.00,0.040,1.1,2.4,0.8,129,24,1.5,4.5,0.7,149,49,1.1,2.4,0.8,129,24,0,29.40,,,,,,,,,,
SCHU,2015-10-29 05:25:00 EDT,43.11700,-73.57829,103,53.1,54.3,53.1,99.5,53.0,0.001,0.429,0.00,0.041,0.4,2.1,0.7,103,11,1.3,2.9,0.7,61,42,0.4,2.1,0.7,103,11,0,29.39,,,,,,,,,,
SCHU,2015-10-29 05:30:00 EDT,43.11700,-73.57829,103,53.0,54.3,53.0,99.5,52.9,0.001,0.430,0.00,0.042,0.6,1.9,0.5,138,49,1.1,2.9,0.6,125,62,0.6,1.9,0.5,138,49,0,29.39,,,,,,,,,,
SCHU,2015-10-29 05:35:00 EDT,43.11700,-73.57829,103,53.1,54.5,53.1,99.5,52.9,0.000,0.430,0.00,0.039,0.4,1.6,0.6,79,18,1.1,2.7,0.7,85,38,0.4,1.6,0.6,79,18,0,29.38,,,,,,,,,,
SCHU,2015-10-29 05:40:00 EDT,43.11700,-73.57829,103,52.7,54.1,52.7,99.4,52.5,0.000,0.430,0.00,0.038,0.2,1.4,0.4,75,1,0.7,6.9,0.8,80,38,0.2,1.4,0.4,75,1,0,29.38,,,,,,,,,,
SCHU,2015-10-29 05:45:00 EDT,43.11700,-73.57829,103,52.7,54.1,52.7,99.5,52.6,0.000,0.430,0.00,0.038,0.0,0.0,0.0,0,0,0.7,1.1,0.2,55,44,0.0,0.0,0.0,0,0,0,29.37,,,,,,,,,,
SCHU,2015-10-29 05:50:00 EDT,43.11700,-73.57829,103,53.1,54.3,53.1,99.5,53.0,0.000,0.430,0.00,0.038,1.6,2.8,0.8,269,13,1.8,3.4,0.6,272,21,1.6,2.8,0.8,269,13,0,29.38,,,,,,,,,,
SCHU,2015-10-29 05:55:00 EDT,43.11700,-73.57829,103,52.8,54.2,52.8,99.5,52.6,0.000,0.430,0.00,0.038,2.0,2.8,0.4,326,44,2.3,3.1,0.5,342,46,2.0,2.8,0.4,326,44,0,29.38,,,,,,,,,,
SCHU,2015-10-29 06:00:00 EDT,43.11700,-73.57829,103,52.7,53.8,52.7,99.5,52.6,0.000,0.430,0.00,0.032,2.4,4.7,1.0,25,8,3.1,6.3,1.2,31,10,2.4,4.7,1.0,25,8,0,29.36,,,,,,,,,,
SCHU,2015-10-29 06:05:00 EDT,43.11700,-73.57829,103,52.7,53.8,52.7,99.5,52.6,0.000,0.430,0.00,0.024,1.0,1.9,0.7,292,34,1.5,2.2,0.4,304,45,1.0,1.9,0.7,292,34,0,29.36,,,,,,,,,,
SCHU,2015-10-29 06:10:00 EDT,43.11700,-73.57829,103,52.5,53.7,52.5,99.5,52.4,0.000,0.430,0.00,0.015,1.3,2.1,0.4,263,16,1.4,2.5,0.4,261,27,1.3,2.1,0.4,263,16,0,29.36,,,,,,,,,,
SCHU,2015-10-29 06:15:00 EDT,43.11700,-73.57829,103,52.4,53.7,52.4,99.5,52.3,0.000,0.430,0.00,0.007,1.4,2.8,1.1,229,5,1.6,3.1,0.9,218,16,1.4,2.8,1.1,229,5,0,29.37,,,,,,,,,,
SCHU,2015-10-29 06:20:00 EDT,43.11700,-73.57829,103,52.8,54.3,52.8,99.6,52.7,0.000,0.430,0.00,0.002,0.8,2.4,0.7,223,36,1.4,2.5,0.4,120,65,0.8,2.4,0.7,223,36,0,29.38,,,,,,,,,,
SCHU,2015-10-29 06:25:00 EDT,43.11700,-73.57829,103,52.4,53.4,52.4,99.5,52.3,0.000,0.430,0.00,0.001,0.5,1.7,0.5,52,9,1.2,2.2,0.4,52,11,0.5,1.7,0.5,52,9,0,29.38,,,,,,,,,,
SCHU,2015-10-29 06:30:00 EDT,43.11700,-73.57829,103,52.5,53.4,52.5,99.5,52.3,0.000,0.430,0.00,0.000,2.3,4.1,1.0,17,14,2.7,4.9,1.1,20,14,2.3,4.1,1.0,17,14,0,29.35,,,,,,,,,,
SCHU,2015-10-29 06:35:00 EDT,43.11700,-73.57829,103,52.3,53.5,52.3,99.6,52.2,0.000,0.430,0.00,0.000,1.1,2.3,0.7,259,34,1.3,2.7,0.5,249,45,1.1,2.3,0.7,259,34,0,29.35,,,,,,,,,,
SCHU,2015-10-29 06:40:00 EDT,43.11700,-73.57829,103,52.6,53.5,52.6,99.6,52.5,0.000,0.430,0.00,0.000,2.3,4.3,1.3,240,6,2.4,4.7,1.2,231,15,2.3,4.3,1.3,240,6,0,29.36,,,,,,,,,,
SCHU,2015-10-29 06:45:00 EDT,43.11700,-73.57829,103,52.6,53.5,52.6,99.6,52.5,0.000,0.430,0.00,0.000,0.8,1.9,0.6,76,11,1.4,2.7,0.7,77,17,0.8,1.9,0.6,76,11,0,29.36,,,,,,,,,,
SCHU,2015-10-29 06:50:00 EDT,43.11700,-73.57829,103,52.3,53.3,52.3,99.6,52.2,0.000,0.430,0.00,0.000,0.8,2.2,0.7,49,6,1.3,3.1,0.8,46,19,0.8,2.2,0.7,49,6,0,29.36,,,,,,,,,,
SCHU,2015-10-29 06:55:00 EDT,43.11700,-73.57829,103,52.2,53.3,52.2,99.6,52.1,0.000,0.430,0.00,0.000,0.0,0.0,0.0,0,0,0.8,1.6,0.4,77,40,0.0,0.0,0.0,0,0,0,29.35,,,,,,,,,,
SCHU,2015-10-29 07:00:00 EDT,43.11700,-73.57829,103,52.2,53.1,52.2,99.6,52.1,0.000,0.430,0.00,0.000,0.2,0.8,0.3,35,0,0.7,1.1,0.2,225,26,0.2,0.8,0.3,35,0,0,29.35,,,,,,,,,,
SCHU,2015-10-29 07:05:00 EDT,43.11700,-73.57829,103,52.1,53.1,52.1,99.6,52.0,0.000,0.430,0.00,0.000,0.0,0.6,0.1,35,0,0.5,4.9,0.5,184,36,0.0,0.6,0.1,35,0,0,29.35,,,,,,,,,,
SCHU,2015-10-29 07:10:00 EDT,43.11700,-73.57829,103,52.1,53.2,52.1,99.6,52.0,0.000,0.430,0.00,0.000,0.0,0.0,0.0,0,0,0.5,1.1,0.3,113,29,0.0,0.0,0.0,0,0,0,29.35,,,,,,,,,,
SCHU,2015-10-29 07:15:00 EDT,43.11700,-73.57829,103,51.6,52.8,51.6,99.6,51.5,0.000,0.430,0.00,0.000,0.0,0.0,0.0,0,0,0.4,0.9,0.2,58,48,0.0,0.0,0.0,0,0,0,29.35,,,,,,,,,,
SCHU,2015-10-29 07:20:00 EDT,43.11700,-73.57829,103,51.7,52.9,51.7,99.6,51.6,0.000,0.430,0.00,0.000,0.0,0.0,0.0,0,0,0.8,1.6,0.3,67,11,0.0,0.0,0.0,0,0,1,29.35,,,,,,,,,,
SCHU,2015-10-29 07:25:00 EDT,43.11700,-73.57829,103,51.2,52.4,51.2,99.5,51.1,0.000,0.430,0.00,0.000,0.0,0.0,0.0,0,0,0.4,4.7,0.5,286,47,0.0,0.0,0.0,0,0,1,29.35,,,,,,,,,,
SCHU,2015-10-29 07:30:00 EDT,43.11700,-73.57829,103,51.7,52.6,51.7,99.6,51.6,0.000,0.430,0.00,0.000,0.0,0.0,0.0,0,0,0.3,0.7,0.2,213,48,0.0,0.0,0.0,0,0,2,29.35,,,,,,,,,,
SCHU,2015-10-29 07:35:00 EDT,43.11700,-73.57829,103,51.8,52.7,51.8,99.7,51.7,0.000,0.430,0.00,0.000,0.0,0.0,0.0,0,0,0.8,1.6,0.4,114,12,0.0,0.0,0.0,0,0,3,29.35,,,,,,,,,,
SCHU,2015-10-29 07:40:00 EDT,43.11700,-73.57829,103,51.3,52.6,51.3,99.6,51.2,0.000,0.430,0.00,0.000,0.5,1.0,0.3,134,0,1.2,1.8,0.2,137,10,0.5,1.0,0.3,134,0,4,29.35,,,,,,,,,,
SCHU,2015-10-29 07:45:00 EDT,43.11700,-73.57829,103,51.0,52.5,51.0,99.5,50.9,0.000,0.430,0.00,0.000,1.2,1.7,0.2,134,0,1.6,2.0,0.2,134,6,1.2,1.7,0.2,134,0,6,29.35,,,,,,,,,,
SCHU,2015-10-29 07:50:00 EDT,43.11700,-73.57829,103,50.9,52.4,50.9,99.6,50.8,0.000,0.430,0.00,0.000,1.7,2.3,0.3,139,10,1.9,2.7,0.4,133,9,1.7,2.3,0.3,139,10,19,29.36,,,,,,,,,,
SCHU,2015-10-29 07:55:00 EDT,43.11700,-73.57829,103,51.2,52.3,51.2,99.6,51.1,0.000,0.430,0.00,0.000,0.9,1.5,0.2,148,5,1.3,1.8,0.3,136,13,0.9,1.5,0.2,148,5,25,29.36,,,,,,,,,,
SCHU,2015-10-29 08:00:00 EDT,43.11700,-73.57829,103,51.4,52.3,51.4,99.6,51.3,0.000,0.430,0.00,0.000,0.4,0.9,0.3,139,0,0.8,1.3,0.4,129,16,0.4,0.9,0.3,139,0,43,29.36,,,,,,,,,,
SCHU,2015-10-29 08:05:00 EDT,43.11700,-73.57829,103,51.6,52.0,51.6,99.6,51.5,0.000,0.430,0.00,0.000,0.0,0.5,0.1,107,0,0.8,1.6,0.2,154,15,0.0,0.5,0.1,107,0,51,29.36,,,,,,,,,,
SCHU,2015-10-29 08:10:00 EDT,43.11700,-73.57829,103,52.0,52.3,52.0,99.7,51.9,0.000,0.430,0.00,0.000,0.2,1.2,0.3,144,9,0.8,1.6,0.2,140,20,0.2,1.2,0.3,144,9,61,29.35,,,,,,,,,,
SCHU,2015-10-29 08:15:00 EDT,43.11700,-73.57829,103,52.2,52.8,52.2,99.6,52.1,0.000,0.430,0.00,0.000,0.1,0.7,0.2,119,2,0.7,1.6,0.3,97,17,0.1,0.7,0.2,119,2,61,29.35,,,,,,,,,,
SCHU,2015-10-29 08:20:00 EDT,43.11700,-73.57829,103,52.3,53.5,52.3,99.6,52.2,0.000,0.430,0.00,0.000,0.0,0.7,0.2,177,1,0.6,2.9,0.5,137,41,0.0,0.7,0.2,177,1,55,29.35,,,,,,,,,,
SCHU,2015-10-29 08:25:00 EDT,43.11700,-73.57829,103,52.9,53.7,52.9,99.7,52.9,0.000,0.430,0.00,0.000,0.9,1.5,0.2,179,8,1.2,2.0,0.2,164,13,0.9,1.5,0.2,179,8,59,29.36,,,,,,,,,,
SCHU,2015-10-29 08:30:00 EDT,43.11700,-73.57829,103,53.4,53.7,53.4,99.7,53.3,0.000,0.430,0.00,0.000,0.9,1.5,0.4,164,16,1.2,1.8,0.3,141,11,0.9,1.5,0.4,164,16,59,29.36,,,,,,,,,,
SCHU,2015-10-29 08:35:00 EDT,43.11700,-73.57829,103,53.2,53.8,53.2,99.6,53.1,0.000,0.430,0.00,0.000,1.6,2.6,0.4,120,11,2.1,3.6,0.5,111,12,1.6,2.6,0.4,120,11,63,29.36,,,,,,,,,,
SCHU,2015-10-29 08:40:00 EDT,43.11700,-73.57829,103,53.5,54.3,53.5,99.7,53.4,0.000,0.430,0.00,0.000,2.1,3.0,0.3,122,6,2.5,3.6,0.4,117,8,2.1,3.0,0.3,122,6,63,29.36,,,,,,,,,,
SCHU,2015-10-29 08:45:00 EDT,43.11700,-73.57829,103,53.7,54.2,53.7,99.7,53.6,0.000,0.430,0.00,0.000,1.6,2.1,0.3,139,14,1.9,3.4,0.4,134,12,1.6,2.1,0.3,139,14,68,29.37,,,,,,,,,,
SCHU,2015-10-29 08:50:00 EDT,43.11700,-73.57829,103,54.2,54.5,54.2,99.7,54.1,0.000,0.430,0.00,0.000,1.4,2.5,0.3,160,8,1.7,2.9,0.4,149,12,1.4,2.5,0.3,160,8,66,29.37,,,,,,,,,,
SCHU,2015-10-29 08:55:00 EDT,43.11700,-73.57829,103,54.9,54.8,54.9,99.8,54.8,0.000,0.430,0.00,0.000,0.9,1.5,0.3,143,13,1.3,2.0,0.3,131,16,0.9,1.5,0.3,143,13,74,29.37,,,,,,,,,,
SCHU,2015-10-29 09:00:00 EDT,43.11700,-73.57829,103,54.6,55.0,54.6,99.6,54.5,0.000,0.430,0.00,0.000,1.2,3.2,0.9,145,10,1.7,4.0,0.8,132,18,1.2,3.2,0.9,145,10,85,29.37,,,,,,,,,,
SCHU,2015-10-29 09:05:00 EDT,43.11700,-73.57829,103,55.1,55.6,55.1,99.7,55.0,0.000,0.430,0.00,0.000,2.3,3.4,0.6,146,13,2.7,4.0,0.6,137,12,2.3,3.4,0.6,146,13,95,29.37,,,,,,,,,,
SCHU,2015-10-29 09:10:00 EDT,43.11700,-73.57829,103,55.9,56.1,55.9,99.7,55.8,0.000,0.430,0.00,0.000,3.0,4.1,0.5,146,14,3.4,5.4,0.7,140,14,3.0,4.1,0.5,146,14,106,29.38,,,,,,,,,,
SCHU,2015-10-29 09:15:00 EDT,43.11700,-73.57829,103,56.1,56.6,56.1,99.7,56.1,0.000,0.430,0.00,0.000,3.3,4.9,0.7,153,14,3.8,6.5,0.9,146,13,3.3,4.9,0.7,153,14,39,29.38,,,,,,,,,,
SCHU,2015-10-29 09:20:00 EDT,43.11700,-73.57829,103,56.2,56.9,56.2,99.7,56.1,0.000,0.430,0.00,0.000,3.3,5.0,0.7,151,14,3.8,6.7,0.9,144,14,3.3,5.0,0.7,151,14,51,29.38,,,,,,,,,,
SCHU,2015-10-29 09:25:00 EDT,43.11700,-73.57829,103,56.8,57.1,56.8,99.7,56.7,0.000,0.430,0.00,0.000,2.5,4.5,1.0,156,12,3.0,5.4,1.1,148,13,2.5,4.5,1.0,156,12,80,29.38,,,,,,,,,,
SCHU,2015-10-29 09:30:00 EDT,43.11700,-73.57829,103,57.3,57.4,57.3,99.7,57.2,0.000,0.430,0.00,0.000,2.3,4.3,0.9,162,14,2.7,4.7,1.0,155,14,2.3,4.3,0.9,162,14,117,29.38,,,,,,,,,,
SCHU,2015-10-29 09:35:00 EDT,43.11700,-73.57829,103,57.6,57.7,57.6,99.7,57.5,0.000,0.430,0.00,0.000,2.2,3.2,0.5,169,15,2.5,4.5,0.7,159,16,2.2,3.2,0.5,169,15,81,29.38,,,,,,,,,,
SCHU,2015-10-29 09:40:00 EDT,43.11700,-73.57829,103,58.0,58.1,58.0,99.6,57.9,0.000,0.430,0.00,0.000,0.9,2.4,0.7,157,14,1.3,3.1,0.6,146,22,0.9,2.4,0.7,157,14,121,29.38,,,,,,,,,,
SCHU,2015-10-29 09:45:00 EDT,43.11700,-73.57829,103,58.4,58.5,58.4,99.6,58.3,0.000,0.430,0.00,0.000,1.5,2.6,0.4,154,15,1.8,3.8,0.6,143,16,1.5,2.6,0.4,154,15,120,29.38,,,,,,,,,,
SCHU,2015-10-29 09:50:00 EDT,43.11700,-73.57829,103,58.7,58.9,58.7,99.6,58.6,0.000,0.430,0.00,0.000,1.7,3.5,0.9,161,20,2.1,4.3,0.9,150,22,1.7,3.5,0.9,161,20,63,29.38,,,,,,,,,,
SCHU,2015-10-29 09:55:00 EDT,43.11700,-73.57829,103,58.9,59.3,58.9,99.6,58.8,0.000,0.430,0.00,0.000,3.1,4.7,0.8,155,12,3.6,6.0,0.9,147,11,3.1,4.7,0.8,155,12,60,29.38,,,,,,,,,,
SCHU,2015-10-29 10:00:00 EDT,43.11700,-73.57829,103,59.3,59.7,59.3,99.6,59.2,0.000,0.430,0.00,0.000,3.0,4.7,0.7,163,16,3.3,6.7,0.8,153,16,3.0,4.7,0.7,163,16,208,29.38,,,,,,,,,,
SCHU,2015-10-29 10:05:00 EDT,43.11700,-73.57829,103,60.6,60.4,60.6,99.4,60.5,0.000,0.430,0.00,0.000,1.7,3.4,0.8,168,19,2.1,4.3,0.8,156,21,1.7,3.4,0.8,168,19,343,29.38,,,,,,,,,,
SCHU,2015-10-29 10:10:00 EDT,43.11700,-73.57829,103,61.9,61.5,61.9,99.0,61.6,0.000,0.430,0.00,0.000,1.7,3.4,0.6,172,23,2.2,4.0,0.8,157,22,1.7,3.4,0.6,172,23,359,29.38,,,,,,,,,,
SCHU,2015-10-29 10:15:00 EDT,43.11700,-73.57829,103,62.5,62.2,62.5,97.0,61.7,0.000,0.430,0.00,0.000,2.6,4.5,0.9,158,20,3.2,5.8,1.0,146,18,2.6,4.5,0.9,158,20,319,29.38,,,,,,,,,,
SCHU,2015-10-29 10:20:00 EDT,43.11700,-73.57829,103,62.4,62.3,62.4,93.5,60.5,0.000,0.430,0.00,0.000,3.3,5.3,0.9,157,19,3.8,6.0,0.9,148,18,3.3,5.3,0.9,157,19,109,29.38,,,,,,,,,,
SCHU,2015-10-29 10:25:00 EDT,43.11700,-73.57829,103,62.1,62.2,62.1,93.1,60.1,0.000,0.430,0.00,0.000,3.8,6.0,1.1,153,15,4.3,7.4,1.3,145,14,3.8,6.0,1.1,153,15,120,29.37,,,,,,,,,,
SCHU,2015-10-29 10:30:00 EDT,43.11700,-73.57829,103,62.6,62.4,62.6,93.2,60.6,0.000,0.430,0.00,0.000,2.9,6.2,1.4,149,19,3.5,6.9,1.5,140,19,2.9,6.2,1.4,149,19,259,29.37,,,,,,,,,,
SCHU,2015-10-29 10:35:00 EDT,43.11700,-73.57829,103,63.4,63.0,63.4,90.7,60.6,0.000,0.430,0.00,0.000,3.3,5.5,0.9,156,21,3.7,6.0,1.0,146,19,3.3,5.5,0.9,156,21,451,29.37,,,,,,,,,,
SCHU,2015-10-29 10:40:00 EDT,43.11700,-73.57829,103,63.5,63.4,63.5,89.7,60.4,0.000,0.430,0.00,0.000,1.5,4.7,1.2,166,25,2.1,4.9,1.1,154,29,1.5,4.7,1.2,166,25,115,29.37,,,,,,,,,,
SCHU,2015-10-29 10:45:00 EDT,43.11700,-73.57829,103,63.5,63.5,63.5,89.4,60.4,0.000,0.430,0.00,0.000,0.9,3.8,1.0,169,19,1.3,3.8,0.9,156,25,0.9,3.8,1.0,169,19,122,29.37,,,,,,,,,,
SCHU,2015-10-29 10:50:00 EDT,43.11700,-73.57829,103,63.6,63.6,63.6,89.5,60.5,0.000,0.430,0.00,0.000,0.4,1.5,0.5,175,28,0.9,2.2,0.5,141,66,0.4,1.5,0.5,175,28,113,29.37,,,,,,,,,,
SCHU,2015-10-29 10:55:00 EDT,43.11700,-73.57829,103,63.6,63.5,63.6,86.5,59.5,0.000,0.430,0.00,0.000,2.9,7.0,1.2,204,39,3.3,8.9,1.3,191,42,2.9,7.0,1.2,204,39,368,29.37,,,,,,,,,,
SCHU,2015-10-29 11:00:00 EDT,43.11700,-73.57829,103,64.1,64.0,64.1,83.3,58.9,0.000,0.430,0.00,0.000,2.9,12.9,2.5,203,43,3.5,14.5,2.8,195,48,2.9,12.9,2.5,203,43,263,29.36,,,,,,,,,,
SCHU,2015-10-29 11:05:00 EDT,43.11700,-73.57829,103,65.3,63.5,65.3,77.7,58.1,0.000,0.430,0.00,0.000,4.6,13.2,1.8,211,29,5.0,14.8,2.0,203,31,4.6,13.2,1.8,211,29,211,29.36,,,,,,,,,,
SCHU,2015-10-29 11:10:00 EDT,43.11700,-73.57829,103,67.1,63.4,67.1,74.1,58.6,0.000,0.430,0.00,0.000,5.1,11.1,2.4,212,27,5.4,13.0,2.5,204,30,5.1,11.1,2.4,212,27,397,29.36,,,,,,,,,,
SCHU,2015-10-29 11:15:00 EDT,43.11700,-73.57829,103,67.3,63.5,67.3,72.8,58.2,0.000,0.430,0.00,0.000,4.8,12.4,2.7,230,27,5.1,14.8,2.9,225,29,4.8,12.4,2.7,230,27,219,29.36,,,,,,,,,,
SCHU,2015-10-29 11:20:00 EDT,43.11700,-73.57829,103,66.7,63.3,66.7,73.9,58.2,0.000,0.430,0.00,0.000,3.7,9.3,1.6,221,28,4.0,10.1,1.9,214,28,3.7,9.3,1.6,221,28,214,29.36,,,,,,,,,,
SCHU,2015-10-29 11:25:00 EDT,43.11700,-73.57829,103,67.0,63.2,67.0,73.5,58.3,0.000,0.430,0.00,0.000,3.9,8.5,1.5,240,25,3.9,8.7,1.7,236,27,3.9,8.5,1.5,240,25,212,29.36,,,,,,,,,,
SCHU,2015-10-29 11:30:00 EDT,43.11700,-73.57829,103,66.8,65.6,66.8,73.2,57.9,0.000,0.430,0.00,0.000,2.9,6.5,1.7,240,21,3.0,6.0,1.6,239,26,2.9,6.5,1.7,240,21,120,29.36,,,,,,,,,,
SCHU,2015-10-29 11:35:00 EDT,43.11700,-73.57829,103,66.7,66.9,66.7,72.8,57.7,0.000,0.430,0.00,0.000,3.9,6.4,0.9,246,21,4.0,6.7,1.1,247,22,3.9,6.4,0.9,246,21,79,29.35,,,,,,,,,,
SCHU,2015-10-29 11:40:00 EDT,43.11700,-73.57829,103,66.2,66.7,66.2,74.9,58.0,0.000,0.430,0.00,0.000,3.2,5.7,0.9,262,13,3.2,6.5,1.1,264,13,3.2,5.7,0.9,262,13,88,29.35,,,,,,,,,,
SCHU,2015-10-29 11:45:00 EDT,43.11700,-73.57829,103,66.0,66.5,66.0,75.7,58.1,0.000,0.430,0.00,0.000,4.0,8.0,1.4,258,14,4.1,10.3,1.7,258,15,4.0,8.0,1.4,258,14,62,29.36,,,,,,,,,,
SCHU,2015-10-29 11:50:00 EDT,43.11700,-73.57829,103,64.1,64.7,64.1,78.5,57.3,0.111,0.540,2.52,0.111,9.2,25.2,4.0,257,25,9.9,29.5,4.3,258,23,9.2,25.2,4.0,257,25,23,29.38,,,,,,,,,,
SCHU,2015-10-29 11:55:00 EDT,43.11700,-73.57829,103,60.3,60.6,60.3,82.7,55.1,0.069,0.610,1.46,0.180,7.9,18.0,3.9,240,26,8.7,20.8,4.6,241,26,7.9,18.0,3.9,240,26,49,29.38,,,,,,,,,,
SCHU,2015-10-29 12:00:00 EDT,43.11700,-73.57829,103,60.3,60.7,60.3,85.9,56.1,0.000,0.610,0.00,0.180,4.6,10.7,2.0,266,24,4.7,14.8,2.4,269,21,4.6,10.7,2.0,266,24,102,29.37,,,,,,,,,,
SCHU,2015-10-29 12:05:00 EDT,43.11700,-73.57829,103,60.3,60.6,60.3,88.5,56.8,0.000,0.610,0.00,0.180,4.8,10.8,1.9,256,27,4.8,11.4,2.2,256,27,4.8,10.8,1.9,256,27,118,29.37,,,,,,,,,,
SCHU,2015-10-29 12:10:00 EDT,43.11700,-73.57829,103,60.8,61.0,60.8,87.5,57.0,0.011,0.621,0.00,0.191,3.4,8.3,1.3,211,33,3.6,9.2,1.5,201,36,3.4,8.3,1.3,211,33,128,29.37,,,,,,,,,,
SCHU,2015-10-29 12:15:00 EDT,43.11700,-73.57829,103,61.0,61.1,61.0,87.6,57.3,0.002,0.623,0.00,0.193,2.7,5.4,0.9,188,38,3.0,6.5,1.2,177,40,2.7,5.4,0.9,188,38,141,29.36,,,,,,,,,,
SCHU,2015-10-29 12:20:00 EDT,43.11700,-73.57829,103,61.6,61.7,61.6,84.7,56.9,0.000,0.623,0.00,0.193,5.7,15.0,2.7,199,23,6.2,15.4,2.9,194,24,5.7,15.0,2.7,199,23,144,29.36,,,,,,,,,,
SCHU,2015-10-29 12:25:00 EDT,43.11700,-73.57829,103,61.7,61.9,61.7,82.4,56.3,0.000,0.623,0.00,0.193,5.1,14.5,2.9,199,26,5.5,17.2,2.9,191,28,5.1,14.5,2.9,199,26,150,29.36,,,,,,,,,,
SCHU,2015-10-29 12:30:00 EDT,43.11700,-73.57829,103,61.8,61.9,61.8,81.0,55.9,0.000,0.623,0.00,0.193,5.1,10.7,2.5,204,24,5.4,12.3,2.5,198,25,5.1,10.7,2.5,204,24,143,29.36,,,,,,,,,,
SCHU,2015-10-29 12:35:00 EDT,43.11700,-73.57829,103,61.7,61.7,61.7,81.2,55.9,0.000,0.623,0.00,0.193,4.0,9.2,1.8,191,30,4.6,11.2,2.2,183,29,4.0,9.2,1.8,191,30,183,29.36,,,,,,,,,,
SCHU,2015-10-29 12:40:00 EDT,43.11700,-73.57829,103,61.9,61.8,61.9,81.5,56.2,0.000,0.623,0.00,0.193,6.4,13.8,2.6,201,20,7.1,17.2,2.9,195,20,6.4,13.8,2.6,201,20,265,29.36,,,,,,,,,,
SCHU,2015-10-29 12:45:00 EDT,43.11700,-73.57829,103,62.2,62.1,62.2,79.7,55.8,0.000,0.623,0.00,0.193,7.4,14.1,2.9,197,18,8.1,16.6,3.3,191,20,7.4,14.1,2.9,197,18,243,29.35,,,,,,,,,,
SCHU,2015-10-29 12:50:00 EDT,43.11700,-73.57829,103,62.4,62.3,62.4,79.4,55.9,0.000,0.623,0.00,0.083,5.7,9.4,1.4,200,18,6.1,11.2,1.8,195,17,5.7,9.4,1.4,200,18,280,29.35,,,,,,,,,,
SCHU,2015-10-29 12:55:00 EDT,43.11700,-73.57829,103,62.6,62.5,62.6,80.4,56.5,0.000,0.623,0.00,0.013,3.8,8.5,2.1,196,31,4.3,9.6,2.4,189,33,3.8,8.5,2.1,196,31,232,29.36,,,,,,,,,,
SCHU,2015-10-29 13:00:00 EDT,43.11700,-73.57829,103,62.8,62.7,62.8,79.0,56.2,0.000,0.623,0.00,0.013,2.4,6.1,1.6,212,33,2.7,8.5,1.8,202,38,2.4,6.1,1.6,212,33,202,29.36,,,,,,,,,,
SCHU,2015-10-29 13:05:00 EDT,43.11700,-73.57829,103,62.9,62.9,62.9,77.4,55.7,0.000,0.623,0.00,0.013,3.1,5.1,0.9,212,28,3.3,6.7,1.2,203,27,3.1,5.1,0.9,212,28,152,29.36,,,,,,,,,,
SCHU,2015-10-29 13:10:00 EDT,43.11700,-73.57829,103,63.0,63.0,63.0,77.7,55.9,0.000,0.623,0.00,0.002,1.5,4.5,1.2,267,39,1.9,4.3,0.9,276,60,1.5,4.5,1.2,267,39,88,29.36,,,,,,,,,,
SCHU,2015-10-29 13:15:00 EDT,43.11700,-73.57829,103,62.5,62.7,62.5,78.9,55.8,0.000,0.623,0.00,0.000,3.1,6.8,1.4,271,19,3.2,7.6,1.5,274,21,3.1,6.8,1.4,271,19,63,29.36,,,,,,,,,,
SCHU,2015-10-29 13:20:00 EDT,43.11700,-73.57829,103,62.6,62.6,62.6,78.2,55.7,0.000,0.623,0.00,0.000,2.7,4.7,0.9,297,33,2.8,5.4,1.0,303,34,2.7,4.7,0.9,297,33,125,29.36,,,,,,,,,,
SCHU,2015-10-29 13:25:00 EDT,43.11700,-73.57829,103,62.5,62.7,62.5,79.8,56.2,0.000,0.623,0.00,0.000,3.6,7.2,1.5,267,28,3.7,8.9,1.8,268,30,3.6,7.2,1.5,267,28,129,29.35,,,,,,,,,,
SCHU,2015-10-29 13:30:00 EDT,43.11700,-73.57829,103,62.8,62.8,62.8,77.5,55.7,0.000,0.623,0.00,0.000,3.2,7.4,1.6,214,20,3.2,7.6,1.6,208,27,3.2,7.4,1.6,214,20,229,29.35,,,,,,,,,,
SCHU,2015-10-29 13:35:00 EDT,43.11700,-73.57829,103,63.4,63.1,63.4,75.7,55.5,0.000,0.623,0.00,0.000,2.3,3.9,0.9,193,35,2.4,5.4,1.0,177,39,2.3,3.9,0.9,193,35,285,29.34,,,,,,,,,,
SCHU,2015-10-29 13:40:00 EDT,43.11700,-73.57829,103,64.0,63.6,64.0,75.0,55.9,0.000,0.623,0.00,0.000,2.4,4.5,0.9,202,19,2.5,4.5,0.9,194,22,2.4,4.5,0.9,202,19,513,29.34,,,,,,,,,,
SCHU,2015-10-29 13:45:00 EDT,43.11700,-73.57829,103,64.7,64.3,64.7,71.3,55.2,0.000,0.623,0.00,0.000,2.1,5.1,1.2,225,35,2.4,6.3,1.2,220,47,2.1,5.1,1.2,225,35,430,29.34,,,,,,,,,,
SCHU,2015-10-29 13:50:00 EDT,43.11700,-73.57829,103,64.5,64.3,64.5,70.1,54.5,0.000,0.623,0.00,0.000,3.3,8.1,1.4,227,28,3.4,7.4,1.5,219,30,3.3,8.1,1.4,227,28,258,29.34,,,,,,,,,,
SCHU,2015-10-29 13:55:00 EDT,43.11700,-73.57829,103,63.9,63.9,63.9,71.3,54.4,0.000,0.623,0.00,0.000,3.1,7.3,1.2,248,26,3.1,7.6,1.3,247,30,3.1,7.3,1.2,248,26,99,29.34,,,,,,,,,,
SCHU,2015-10-29 14:00:00 EDT,43.11700,-73.57829,103,63.6,63.7,63.6,72.7,54.6,0.000,0.623,0.00,0.000,3.8,6.6,1.2,310,37,4.3,9.2,1.6,318,40,3.8,6.6,1.2,310,37,78,29.34,,,,,,,,,,
SCHU,2015-10-29 14:05:00 EDT,43.11700,-73.57829,103,63.1,63.3,63.1,71.7,53.8,0.000,0.623,0.00,0.000,5.3,13.4,3.3,271,23,5.8,14.5,3.6,272,25,5.3,13.4,3.3,271,23,59,29.34,,,,,,,,,,
SCHU,2015-10-29 14:10:00 EDT,43.11700,-73.57829,103,63.1,63.3,63.1,69.3,52.9,0.000,0.623,0.00,0.000,4.8,10.9,1.8,275,25,5.2,13.6,2.1,275,25,4.8,10.9,1.8,275,25,63,29.34,,,,,,,,,,
SCHU,2015-10-29 14:15:00 EDT,43.11700,-73.57829,103,62.9,63.2,62.9,68.4,52.3,0.000,0.623,0.00,0.000,6.5,13.8,3.1,284,20,7.2,15.9,3.6,285,20,6.5,13.8,3.1,284,20,86,29.34,,,,,,,,,,
SCHU,2015-10-29 14:20:00 EDT,43.11700,-73.57829,103,62.7,62.9,62.7,66.7,51.5,0.000,0.623,0.00,0.000,7.0,15.0,3.1,281,23,7.7,16.6,3.4,282,23,7.0,15.0,3.1,281,23,134,29.35,,,,,,,,,,
SCHU,2015-10-29 14:25:00 EDT,43.11700,-73.57829,103,62.6,62.7,62.6,63.5,50.1,0.000,0.623,0.00,0.000,5.9,10.6,2.4,276,22,6.6,15.2,2.7,278,24,5.9,10.6,2.4,276,22,167,29.35,,,,,,,,,,
SCHU,2015-10-29 14:30:00 EDT,43.11700,-73.57829,103,62.5,62.5,62.5,61.3,49.0,0.000,0.623,0.00,0.000,8.2,16.2,3.1,280,22,9.0,18.3,3.5,279,22,8.2,16.2,3.1,280,22,193,29.35,,,,,,,,,,
SCHU,2015-10-29 14:35:00 EDT,43.11700,-73.57829,103,62.6,62.7,62.6,59.8,48.5,0.000,0.623,0.00,0.000,7.1,13.7,2.6,280,21,,,,0,0,7.1,13.7,2.6,280,21,311,29.35,,,,,,,,,,
SCHU,2015-10-29 14:40:00 EDT,43.11700,-73.57829,103,63.2,63.0,63.2,58.4,48.4,0.000,0.623,0.00,0.000,6.5,11.7,1.9,271,34,7.2,13.2,2.2,272,33,6.5,11.7,1.9,271,34,412,29.35,,,,,,,,,,
SCHU,2015-10-29 14:45:00 EDT,43.11700,-73.57829,103,63.3,63.0,63.3,57.0,47.8,0.000,0.623,0.00,0.000,7.6,16.0,2.8,268,18,,,,0,0,7.6,16.0,2.8,268,18,469,29.35,,,,,,,,,,
SCHU,2015-10-29 14:50:00 EDT,43.11700,-73.57829,103,63.4,63.1,63.4,55.7,47.3,0.000,0.623,0.00,0.000,6.4,11.3,1.9,252,22,,,,0,0,6.4,11.3,1.9,252,22,449,29.35,,,,,,,,,,
SCHU,2015-10-29 14:55:00 EDT,43.11700,-73.57829,103,63.5,63.1,63.5,55.7,47.3,0.000,0.623,0.00,0.000,4.7,13.4,3.0,246,29,5.2,13.4,2.9,244,28,4.7,13.4,3.0,246,29,421,29.36,,,,,,,,,,
SCHU,2015-10-29 15:00:00 EDT,43.11700,-73.57829,103,62.8,62.6,62.8,54.8,46.3,0.000,0.623,0.00,0.000,8.4,14.5,3.2,273,25,9.2,16.6,3.4,273,25,8.4,14.5,3.2,273,25,343,29.36,,,,,,,,,,
SCHU,2015-10-29 15:05:00 EDT,43.11700,-73.57829,103,62.2,62.0,62.2,55.4,46.0,0.000,0.623,0.00,0.000,8.3,16.4,3.1,262,25,,,,0,0,8.3,16.4,3.1,262,25,317,29.36,,,,,,,,,,
SCHU,2015-10-29 15:10:00 EDT,43.11700,-73.57829,103,61.9,61.7,61.9,56.3,46.1,0.000,0.623,0.00,0.000,6.0,12.9,2.8,250,21,6.4,15.0,3.1,252,21,6.0,12.9,2.8,250,21,311,29.36,,,,,,,,,,
SCHU,2015-10-29 15:15:00 EDT,43.11700,-73.57829,103,62.0,61.8,62.0,55.9,46.1,0.000,0.623,0.00,0.000,9.7,19.0,4.0,269,24,10.4,20.4,4.3,268,24,9.7,19.0,4.0,269,24,397,29.35,,,,,,,,,,
SCHU,2015-10-29 15:20:00 EDT,43.11700,-73.57829,103,61.8,61.6,61.8,56.1,46.0,0.000,0.623,0.00,0.000,5.6,12.7,3.3,270,27,6.2,15.7,3.7,270,28,5.6,12.7,3.3,270,27,268,29.36,,,,,,,,,,
SCHU,2015-10-29 15:25:00 EDT,43.11700,-73.57829,103,60.9,60.8,60.9,57.1,45.6,0.000,0.623,0.00,0.000,6.2,11.7,2.0,265,23,6.7,12.3,2.2,266,23,6.2,11.7,2.0,265,23,155,29.36,,,,,,,,,,
SCHU,2015-10-29 15:30:00 EDT,43.11700,-73.57829,103,60.4,60.4,60.4,58.6,45.8,0.000,0.623,0.00,0.000,6.7,12.3,2.2,265,19,7.3,13.4,2.4,265,18,6.7,12.3,2.2,265,19,114,29.36,,,,,,,,,,
SCHU,2015-10-29 15:35:00 EDT,43.11700,-73.57829,103,59.9,60.0,59.9,60.8,46.3,0.000,0.623,0.00,0.000,6.0,12.3,2.4,280,29,6.3,12.5,2.5,280,31,6.0,12.3,2.4,280,29,73,29.37,,,,,,,,,,
SCHU,2015-10-29 15:40:00 EDT,43.11700,-73.57829,103,59.4,59.4,59.4,60.3,45.6,0.000,0.623,0.00,0.000,8.0,18.4,3.6,268,21,8.8,22.4,4.0,270,23,8.0,18.4,3.6,268,21,114,29.38,,,,,,,,,,
SCHU,2015-10-29 15:45:00 EDT,43.11700,-73.57829,103,59.4,59.3,59.4,60.6,45.8,0.000,0.623,0.00,0.000,8.0,16.5,3.1,259,22,8.7,18.3,3.3,261,24,8.0,16.5,3.1,259,22,261,29.39,,,,,,,,,,
SCHU,2015-10-29 15:50:00 EDT,43.11700,-73.57829,103,59.1,59.0,59.1,63.3,46.7,0.000,0.623,0.00,0.000,6.1,12.6,3.0,260,30,6.4,13.0,3.2,259,29,6.1,12.6,3.0,260,30,280,29.39,,,,,,,,,,
SCHU,2015-10-29 15:55:00 EDT,43.11700,-73.57829,103,59.0,58.8,59.0,61.8,45.9,0.000,0.623,0.00,0.000,5.5,11.1,2.2,260,28,5.8,13.2,2.3,259,27,5.5,11.1,2.2,260,28,276,29.39,,,,,,,,,,
SCHU,2015-10-29 16:00:00 EDT,43.11700,-73.57829,103,58.9,58.7,58.9,61.8,45.8,0.000,0.623,0.00,0.000,4.5,10.7,2.5,263,23,5.0,12.3,2.6,264,25,4.5,10.7,2.5,263,23,239,29.39,,,,,,,,,,
SCHU,2015-10-29 16:05:00 EDT,43.11700,-73.57829,103,58.7,58.6,58.7,60.3,45.0,0.000,0.623,0.00,0.000,8.6,15.3,2.6,266,17,9.3,17.2,3.4,267,14,8.6,15.3,2.6,266,17,284,29.39,,,,,,,,,,
SCHU,2015-10-29 16:10:00 EDT,43.11700,-73.57829,103,58.3,58.2,58.3,56.2,42.7,0.000,0.623,0.00,0.000,8.4,18.3,3.0,260,24,,,,0,0,8.4,18.3,3.0,260,24,269,29.39,,,,,,,,,,
SCHU,2015-10-29 16:15:00 EDT,43.11700,-73.57829,103,58.1,58.0,58.1,56.0,42.5,0.000,0.623,0.00,0.000,4.6,12.9,2.3,262,26,4.9,14.8,2.6,260,26,4.6,12.9,2.3,262,26,219,29.40,,,,,,,,,,
SCHU,2015-10-29 16:20:00 EDT,43.11700,-73.57829,103,57.9,57.8,57.9,55.5,42.0,0.000,0.623,0.00,0.000,4.0,8.3,1.8,268,21,4.3,10.5,2.2,269,22,4.0,8.3,1.8,268,21,200,29.40,,,,,,,,,,
SCHU,2015-10-29 16:25:00 EDT,43.11700,-73.57829,103,57.8,57.8,57.8,54.5,41.5,0.000,0.623,0.00,0.000,5.3,9.7,1.7,264,19,5.8,10.5,1.9,264,20,5.3,9.7,1.7,264,19,212,29.40,,,,,,,,,,
SCHU,2015-10-29 16:30:00 EDT,43.11700,-73.57829,103,57.7,57.7,57.7,52.8,40.6,0.000,0.623,0.00,0.000,7.9,14.5,2.5,263,16,,,,0,0,7.9,14.5,2.5,263,16,199,29.40,,,,,,,,,,
SCHU,2015-10-29 16:35:00 EDT,43.11700,-73.57829,103,57.5,57.6,57.5,52.8,40.4,0.000,0.623,0.00,0.000,6.6,14.0,2.7,268,19,7.1,15.2,2.8,268,19,6.6,14.0,2.7,268,19,184,29.41,,,,,,,,,,
SCHU,2015-10-29 16:40:00 EDT,43.11700,-73.57829,103,57.4,57.5,57.4,52.1,40.0,0.000,0.623,0.00,0.000,5.6,12.8,2.2,272,20,6.2,14.5,2.6,273,19,5.6,12.8,2.2,272,20,172,29.41,,,,,,,,,,
SCHU,2015-10-29 16:45:00 EDT,43.11700,-73.57829,103,57.2,57.4,57.2,52.2,39.8,0.000,0.623,0.00,0.000,4.9,8.8,1.5,267,24,5.2,10.5,1.7,268,25,4.9,8.8,1.5,267,24,159,29.41,,,,,,,,,,
SCHU,2015-10-29 16:50:00 EDT,43.11700,-73.57829,103,57.0,57.2,57.0,52.1,39.6,0.000,0.623,0.00,0.000,5.6,9.9,1.8,264,21,6.0,10.7,2.0,264,21,5.6,9.9,1.8,264,21,146,29.41,,,,,,,,,,
SCHU,2015-10-29 16:55:00 EDT,43.11700,-73.57829,103,56.9,57.2,56.9,51.5,39.2,0.000,0.623,0.00,0.000,6.4,12.2,1.6,272,17,6.9,15.0,2.1,272,15,6.4,12.2,1.6,272,17,86,29.41,,,,,,,,,,
SCHU,2015-10-29 17:00:00 EDT,43.11700,-73.57829,103,56.4,56.9,56.4,53.5,39.8,0.000,0.623,0.00,0.000,4.0,8.0,1.6,264,21,4.2,9.4,1.8,264,21,4.0,8.0,1.6,264,21,48,29.41,,,,,,,,,,
SCHU,2015-10-29 17:05:00 EDT,43.11700,-73.57829,103,56.4,56.9,56.4,52.9,39.4,0.000,0.623,0.00,0.000,4.8,9.7,1.8,269,23,5.2,11.2,2.1,274,23,4.8,9.7,1.8,269,23,25,29.41,,,,,,,,,,
SCHU,2015-10-29 17:10:00 EDT,43.11700,-73.57829,103,55.6,56.4,55.6,54.1,39.2,0.000,0.623,0.00,0.000,2.9,6.8,1.5,266,31,3.1,7.2,1.6,265,36,2.9,6.8,1.5,266,31,15,29.42,,,,,,,,,,
SCHU,2015-10-29 17:15:00 EDT,43.11700,-73.57829,103,55.5,56.4,55.5,53.0,38.7,0.000,0.623,0.00,0.000,4.7,8.7,1.9,264,20,5.1,10.1,2.1,263,20,4.7,8.7,1.9,264,20,20,29.41,,,,,,,,,,
SCHU,2015-10-29 17:20:00 EDT,43.11700,-73.57829,103,55.6,56.3,55.6,51.9,38.2,0.000,0.623,0.00,0.000,4.1,7.8,1.7,268,21,4.4,8.5,1.8,268,21,4.1,7.8,1.7,268,21,29,29.42,,,,,,,,,,
SCHU,2015-10-29 17:25:00 EDT,43.11700,-73.57829,103,55.0,55.9,55.0,52.8,38.1,0.000,0.623,0.00,0.000,2.3,5.7,0.9,253,26,2.4,5.8,1.1,249,29,2.3,5.7,0.9,253,26,22,29.42,,,,,,,,,,
SCHU,2015-10-29 17:30:00 EDT,43.11700,-73.57829,103,53.9,55.7,53.9,54.5,37.8,0.000,0.623,0.00,0.000,2.5,4.6,1.0,245,25,2.5,5.4,1.1,242,28,2.5,4.6,1.0,245,25,18,29.42,,,,,,,,,,
SCHU,2015-10-29 17:35:00 EDT,43.11700,-73.57829,103,53.1,55.5,53.1,57.7,38.6,0.000,0.623,0.00,0.000,2.3,4.2,1.0,264,22,2.4,5.4,1.0,265,25,2.3,4.2,1.0,264,22,15,29.42,,,,,,,,,,
SCHU,2015-10-29 17:40:00 EDT,43.11700,-73.57829,103,52.8,55.2,52.8,59.0,38.9,0.000,0.623,0.00,0.000,2.0,3.1,0.6,260,14,2.1,3.4,0.6,261,16,2.0,3.1,0.6,260,14,11,29.42,,,,,,,,,,
SCHU,2015-10-29 17:45:00 EDT,43.11700,-73.57829,103,51.8,55.0,51.8,62.5,39.4,0.000,0.623,0.00,0.000,2.1,3.6,0.4,261,13,2.1,4.7,0.5,258,16,2.1,3.6,0.4,261,13,7,29.42,,,,,,,,,,
SCHU,2015-10-29 17:50:00 EDT,43.11700,-73.57829,103,50.9,54.8,50.9,65.1,39.6,0.000,0.623,0.00,0.000,2.4,4.5,0.9,256,15,2.5,4.9,0.9,254,16,2.4,4.5,0.9,256,15,6,29.42,,,,,,,,,,
SCHU,2015-10-29 17:55:00 EDT,43.11700,-73.57829,103,50.1,54.3,50.1,69.7,40.6,0.000,0.623,0.00,0.000,1.5,3.3,0.5,240,13,1.4,2.9,0.5,232,16,1.5,3.3,0.5,240,13,6,29.42,,,,,,,,,,
SCHU,2015-10-29 18:00:00 EDT,43.11700,-73.57829,103,50.0,54.0,50.0,73.6,41.9,0.000,0.623,0.00,0.000,1.3,2.8,0.5,205,21,1.6,4.9,0.8,194,25,1.3,2.8,0.5,205,21,5,29.43,,,,,,,,,,
SCHU,2015-10-29 18:05:00 EDT,43.11700,-73.57829,103,48.8,53.1,48.8,76.5,41.7,0.000,0.623,0.00,0.000,1.0,2.6,0.5,225,26,1.2,3.8,0.5,216,33,1.0,2.6,0.5,225,26,2,29.43,,,,,,,,,,
SCHU,2015-10-29 18:10:00 EDT,43.11700,-73.57829,103,49.0,52.3,49.0,76.0,41.7,0.000,0.623,0.00,0.000,1.2,2.6,0.4,242,14,1.2,3.6,0.4,235,18,1.2,2.6,0.4,242,14,1,29.43,,,,,,,,,,
SCHU,2015-10-29 18:15:00 EDT,43.11700,-73.57829,103,47.9,52.8,47.9,77.7,41.2,0.000,0.623,0.00,0.000,0.9,2.0,0.4,260,15,1.1,2.2,0.4,257,20,0.9,2.0,0.4,260,15,0,29.43,,,,,,,,,,
SCHU,2015-10-29 18:20:00 EDT,43.11700,-73.57829,103,47.5,52.1,47.5,79.2,41.4,0.000,0.623,0.00,0.000,1.4,2.0,0.3,260,8,1.4,2.0,0.3,257,13,1.4,2.0,0.3,260,8,0,29.43,,,,,,,,,,
SCHU,2015-10-29 18:25:00 EDT,43.11700,-73.57829,103,46.8,52.1,46.8,84.2,42.3,0.000,0.623,0.00,0.000,0.9,2.0,0.2,245,6,1.0,1.8,0.2,245,13,0.9,2.0,0.2,245,6,0,29.44,,,,,,,,,,
SCHU,2015-10-29 18:30:00 EDT,43.11700,-73.57829,103,46.9,51.9,46.9,82.6,41.9,0.000,0.623,0.00,0.000,0.6,1.7,0.5,233,7,0.8,1.8,0.3,213,23,0.6,1.7,0.5,233,7,0,29.44,,,,,,,,,,
SCHU,2015-10-29 18:35:00 EDT,43.11700,-73.57829,103,46.9,51.3,46.9,81.5,41.5,0.000,0.623,0.00,0.000,0.3,1.4,0.3,226,0,0.7,1.8,0.3,245,28,0.3,1.4,0.3,226,0,0,29.44,,,,,,,,,,
SCHU,2015-10-29 18:40:00 EDT,43.11700,-73.57829,103,46.0,50.6,46.0,84.8,41.7,0.000,0.623,0.00,0.000,0.4,1.7,0.5,226,0,0.7,1.8,0.4,235,27,0.4,1.7,0.5,226,0,0,29.44,,,,,,,,,,
SCHU,2015-10-29 18:45:00 EDT,43.11700,-73.57829,103,45.5,50.1,45.5,85.9,41.5,0.000,0.623,0.00,0.000,1.0,1.7,0.5,264,23,1.3,4.7,0.5,276,33,1.0,1.7,0.5,264,23,0,29.44,,,,,,,,,,
SCHU,2015-10-29 18:50:00 EDT,43.11700,-73.57829,103,46.6,49.1,46.6,85.3,42.4,0.000,0.623,0.00,0.000,0.1,0.7,0.2,74,17,1.0,1.6,0.3,49,25,0.1,0.7,0.2,74,17,0,29.44,,,,,,,,,,
SCHU,2015-10-29 18:55:00 EDT,43.11700,-73.57829,103,45.0,48.1,45.0,88.3,41.8,0.000,0.623,0.00,0.000,0.0,0.0,0.0,0,0,0.7,11.9,1.2,54,40,0.0,0.0,0.0,0,0,0,29.44,,,,,,,,,,
SCHU,2015-10-29 19:00:00 EDT,43.11700,-73.57829,103,45.4,48.0,45.4,87.0,41.7,0.000,0.623,0.00,0.000,1.2,1.7,0.4,134,11,1.6,2.2,0.4,126,10,1.2,1.7,0.4,134,11,0,29.44,,,,,,,,,,
SCHU,2015-10-29 19:05:00 EDT,43.11700,-73.57829,103,44.9,47.5,44.9,89.1,41.9,0.000,0.623,0.00,0.000,0.8,1.4,0.3,151,8,1.3,1.8,0.2,136,11,0.8,1.4,0.3,151,8,0,29.44,,,,,,,,,,
SCHU,2015-10-29 19:10:00 EDT,43.11700,-73.57829,103,44.5,46.7,44.5,87.6,41.1,0.000,0.623,0.00,0.000,0.3,1.1,0.3,158,0,1.1,4.5,0.5,115,10,0.3,1.1,0.3,158,0,0,29.44,,,,,,,,,,
SCHU,2015-10-29 19:15:00 EDT,43.11700,-73.57829,103,45.2,46.6,45.2,88.8,42.1,0.000,0.623,0.00,0.000,0.0,0.0,0.0,0,0,0.5,1.1,0.2,109,29,0.0,0.0,0.0,0,0,0,29.45,,,,,,,,,,
SCHU,2015-10-29 19:20:00 EDT,43.11700,-73.57829,103,44.4,46.6,44.4,90.7,41.8,0.000,0.623,0.00,0.000,0.0,0.0,0.0,0,0,0.4,1.6,0.3,62,59,0.0,0.0,0.0,0,0,0,29.45,,,,,,,,,,
SCHU,2015-10-29 19:25:00 EDT,43.11700,-73.57829,103,44.3,46.6,44.3,91.6,42.0,0.000,0.623,0.00,0.000,0.0,0.0,0.0,0,0,0.6,2.0,0.3,45,50,0.0,0.0,0.0,0,0,0,29.46,,,,,,,,,,
SCHU,2015-10-29 19:30:00 EDT,43.11700,-73.57829,103,44.3,46.6,44.3,91.6,42.0,0.000,0.623,0.00,0.000,0.0,0.0,0.0,0,0,0.6,1.6,0.3,52,25,0.0,0.0,0.0,0,0,0,29.46,,,,,,,,,,
SCHU,2015-10-29 19:35:00 EDT,43.11700,-73.57829,103,44.4,46.7,44.4,92.0,42.2,0.000,0.623,0.00,0.000,0.0,0.0,0.0,0,0,0.6,1.6,0.2,22,30,0.0,0.0,0.0,0,0,0,29.46,,,,,,,,,,
SCHU,2015-10-29 19:40:00 EDT,43.11700,-73.57829,103,44.7,46.7,44.7,91.6,42.4,0.000,0.623,0.00,0.000,0.0,0.0,0.0,0,0,0.4,1.1,0.2,334,53,0.0,0.0,0.0,0,0,0,29.46,,,,,,,,,,
SCHU,2015-10-29 19:45:00 EDT,43.11700,-73.57829,103,44.6,46.8,44.6,92.2,42.5,0.000,0.623,0.00,0.000,0.3,1.6,0.5,277,3,0.7,1.8,0.4,296,28,0.3,1.6,0.5,277,3,0,29.47,,,,,,,,,,
SCHU,2015-10-29 19:50:00 EDT,43.11700,-73.57829,103,45.0,47.1,45.0,90.4,42.3,0.000,0.623,0.00,0.000,0.9,2.6,0.7,294,38,1.3,2.9,0.6,305,54,0.9,2.6,0.7,294,38,0,29.47,,,,,,,,,,
SCHU,2015-10-29 19:55:00 EDT,43.11700,-73.57829,103,45.8,47.9,45.8,88.6,42.6,0.000,0.623,0.00,0.000,0.6,3.1,0.5,327,34,1.1,3.6,0.5,339,40,0.6,3.1,0.5,327,34,0,29.47,,,,,,,,,,
SCHU,2015-10-29 20:00:00 EDT,43.11700,-73.57829,103,45.2,48.5,45.2,88.4,42.0,0.000,0.623,0.00,0.000,0.1,2.3,0.4,251,6,0.6,3.1,0.4,36,56,0.1,2.3,0.4,251,6,0,29.47,,,,,,,,,,
SCHU,2015-10-29 20:05:00 EDT,43.11700,-73.57829,103,45.1,48.4,45.1,88.3,41.8,0.000,0.623,0.00,0.000,0.0,0.0,0.0,0,0,0.6,1.6,0.3,54,70,0.0,0.0,0.0,0,0,0,29.48,,,,,,,,,,
SCHU,2015-10-29 20:10:00 EDT,43.11700,-73.57829,103,45.2,49.2,45.2,88.5,42.0,0.000,0.623,0.00,0.000,0.1,1.5,0.3,280,10,0.7,2.7,0.5,314,60,0.1,1.5,0.3,280,10,0,29.48,,,,,,,,,,
SCHU,2015-10-29 20:15:00 EDT,43.11700,-73.57829,103,46.0,50.7,46.0,87.9,42.6,0.000,0.623,0.00,0.000,1.1,2.0,0.5,259,9,1.3,6.3,0.7,257,26,1.1,2.0,0.5,259,9,0,29.48,,,,,,,,,,
SCHU,2015-10-29 20:20:00 EDT,43.11700,-73.57829,103,46.3,50.4,46.3,88.0,42.9,0.000,0.623,0.00,0.000,0.3,1.2,0.4,231,7,0.7,1.6,0.3,237,46,0.3,1.2,0.4,231,7,0,29.49,,,,,,,,,,
SCHU,2015-10-29 20:25:00 EDT,43.11700,-73.57829,103,46.5,50.8,46.5,85.1,42.2,0.000,0.623,0.00,0.000,1.3,2.6,0.7,196,27,1.6,2.7,0.6,184,33,1.3,2.6,0.7,196,27,0,29.49,,,,,,,,,,
SCHU,2015-10-29 20:30:00 EDT,43.11700,-73.57829,103,46.0,50.7,46.0,85.7,42.0,0.000,0.623,0.00,0.000,1.4,2.0,0.2,187,17,1.7,2.7,0.3,176,19,1.4,2.0,0.2,187,17,0,29.49,,,,,,,,,,
SCHU,2015-10-29 20:35:00 EDT,43.11700,-73.57829,103,46.3,50.2,46.3,89.4,43.3,0.000,0.623,0.00,0.000,0.9,2.1,0.6,186,17,1.3,2.7,0.6,169,22,0.9,2.1,0.6,186,17,0,29.49,,,,,,,,,,
SCHU,2015-10-29 20:40:00 EDT,43.11700,-73.57829,103,46.1,49.7,46.1,85.1,41.9,0.000,0.623,0.00,0.000,1.5,2.8,0.7,135,45,1.9,3.4,0.6,117,43,1.5,2.8,0.7,135,45,0,29.49,,,,,,,,,,
SCHU,2015-10-29 20:45:00 EDT,43.11700,-73.57829,103,46.7,49.7,46.7,86.8,42.9,0.000,0.623,0.00,0.000,1.6,5.4,1.5,215,39,1.9,5.8,1.5,208,48,1.6,5.4,1.5,215,39,0,29.49,,,,,,,,,,
SCHU,2015-10-29 20:50:00 EDT,43.11700,-73.57829,103,47.4,49.6,47.4,76.7,40.5,0.000,0.623,0.00,0.000,1.9,3.1,0.5,210,21,2.0,3.6,0.5,202,25,1.9,3.1,0.5,210,21,0,29.49,,,,,,,,,,
SCHU,2015-10-29 20:55:00 EDT,43.11700,-73.57829,103,46.4,48.6,46.4,79.7,40.4,0.000,0.623,0.00,0.000,1.4,2.5,0.5,174,26,1.7,2.9,0.5,160,28,1.4,2.5,0.5,174,26,0,29.49,,,,,,,,,,
SCHU,2015-10-29 21:00:00 EDT,43.11700,-73.57829,103,45.9,48.6,45.9,79.5,40.0,0.000,0.623,0.00,0.000,0.5,2.3,0.7,144,13,1.1,2.7,0.6,125,40,0.5,2.3,0.7,144,13,0,29.49,,,,,,,,,,
SCHU,2015-10-29 21:05:00 EDT,43.11700,-73.57829,103,45.2,48.0,45.2,83.0,40.4,0.000,0.623,0.00,0.000,0.2,1.2,0.3,233,20,0.7,1.6,0.3,207,44,0.2,1.2,0.3,233,20,0,29.49,,,,,,,,,,
SCHU,2015-10-29 21:10:00 EDT,43.11700,-73.57829,103,44.6,48.1,44.6,83.0,39.7,0.000,0.623,0.00,0.000,0.8,1.8,0.4,205,34,1.1,2.0,0.3,189,40,0.8,1.8,0.4,205,34,0,29.49,,,,,,,,,,
SCHU,2015-10-29 21:15:00 EDT,43.11700,-73.57829,103,43.9,47.7,43.9,84.3,39.5,0.000,0.623,0.00,0.000,0.8,1.5,0.4,196,12,1.1,1.8,0.4,183,22,0.8,1.5,0.4,196,12,0,29.49,,,,,,,,,,
SCHU,2015-10-29 21:20:00 EDT,43.11700,-73.57829,103,43.6,47.4,43.6,83.9,39.0,0.000,0.623,0.00,0.000,1.4,2.3,0.5,159,18,1.7,2.9,0.5,147,17,1.4,2.3,0.5,159,18,0,29.49,,,,,,,,,,
SCHU,2015-10-29 21:25:00 EDT,43.11700,-73.57829,103,43.5,47.4,43.5,83.7,38.9,0.000,0.623,0.00,0.000,0.8,2.0,0.6,163,13,1.2,2.7,0.5,149,21,0.8,2.0,0.6,163,13,0,29.50,,,,,,,,,,
SCHU,2015-10-29 21:30:00 EDT,43.11700,-73.57829,103,43.1,47.1,43.1,84.0,38.6,0.000,0.623,0.00,0.000,0.6,1.5,0.4,173,16,1.1,2.0,0.4,154,26,0.6,1.5,0.4,173,16,0,29.50,,,,,,,,,,
SCHU,2015-10-29 21:35:00 EDT,43.11700,-73.57829,103,42.9,47.0,42.9,82.9,38.1,0.000,0.623,0.00,0.000,0.2,0.9,0.3,204,21,0.7,1.6,0.3,175,58,0.2,0.9,0.3,204,21,0,29.50,,,,,,,,,,
SCHU,2015-10-29 21:40:00 EDT,43.11700,-73.57829,103,43.8,46.7,43.8,81.2,38.4,0.000,0.623,0.00,0.000,0.3,0.9,0.3,95,10,1.1,2.0,0.4,87,16,0.3,0.9,0.3,95,10,0,29.51,,,,,,,,,,
SCHU,2015-10-29 21:45:00 EDT,43.11700,-73.57829,103,42.8,46.6,42.8,82.2,37.8,0.000,0.623,0.00,0.000,0.6,3.1,0.9,201,25,1.2,3.6,0.8,168,58,0.6,3.1,0.9,201,25,0,29.51,,,,,,,,,,
SCHU,2015-10-29 21:50:00 EDT,43.11700,-73.57829,103,43.6,47.3,43.6,80.6,38.0,0.000,0.623,0.00,0.000,0.8,2.2,0.7,162,27,1.3,2.5,0.6,149,35,0.8,2.2,0.7,162,27,0,29.52,,,,,,,,,,
SCHU,2015-10-29 21:55:00 EDT,43.11700,-73.57829,103,42.8,46.5,42.8,83.0,38.0,0.000,0.623,0.00,0.000,0.9,2.4,0.7,175,20,1.3,2.9,0.6,171,32,0.9,2.4,0.7,175,20,0,29.52,,,,,,,,,,
SCHU,2015-10-29 22:00:00 EDT,43.11700,-73.57829,103,43.8,47.2,43.8,80.7,38.3,0.000,0.623,0.00,0.000,1.2,3.4,0.8,231,42,1.3,3.6,0.8,228,54,1.2,3.4,0.8,231,42,0,29.53,,,,,,,,,,
SCHU,2015-10-29 22:05:00 EDT,43.11700,-73.57829,103,43.2,47.8,43.2,82.4,38.2,0.000,0.623,0.00,0.000,0.8,2.0,0.7,289,57,1.3,3.6,0.7,330,74,0.8,2.0,0.7,289,57,0,29.53,,,,,,,,,,
SCHU,2015-10-29 22:10:00 EDT,43.11700,-73.57829,103,43.0,48.3,43.0,80.3,37.4,0.000,0.623,0.00,0.000,0.8,6.2,1.3,235,14,1.3,6.3,1.2,232,56,0.8,6.2,1.3,235,14,0,29.54,,,,,,,,,,
SCHU,2015-10-29 22:15:00 EDT,43.11700,-73.57829,103,43.8,47.7,43.8,76.0,36.7,0.000,0.623,0.00,0.000,0.6,6.6,1.2,238,22,1.2,6.7,1.1,256,71,0.6,6.6,1.2,238,22,0,29.54,,,,,,,,,,
SCHU,2015-10-29 22:20:00 EDT,43.11700,-73.57829,103,44.8,47.6,44.8,71.0,36.0,0.000,0.623,0.00,0.000,2.0,4.7,1.4,233,36,2.3,5.8,1.4,230,45,2.0,4.7,1.4,233,36,0,29.55,,,,,,,,,,
SCHU,2015-10-29 22:25:00 EDT,43.11700,-73.57829,103,45.1,48.0,45.1,70.8,36.2,0.000,0.623,0.00,0.000,2.9,9.0,2.0,241,50,3.4,9.4,2.2,237,57,2.9,9.0,2.0,241,50,0,29.55,,,,,,,,,,
SCHU,2015-10-29 22:30:00 EDT,43.11700,-73.57829,103,47.1,49.3,46.3,63.3,35.3,0.000,0.623,0.00,0.000,3.2,7.2,1.5,271,27,3.4,7.2,1.5,273,28,3.2,7.2,1.5,271,27,0,29.55,,,,,,,,,,
SCHU,2015-10-29 22:35:00 EDT,43.11700,-73.57829,103,48.0,49.8,48.0,59.2,34.4,0.000,0.623,0.00,0.000,3.0,5.8,1.1,257,29,3.2,6.9,1.1,258,38,3.0,5.8,1.1,257,29,0,29.55,,,,,,,,,,
SCHU,2015-10-29 22:40:00 EDT,43.11700,-73.57829,103,47.2,49.6,47.2,63.0,35.3,0.000,0.623,0.00,0.000,2.0,5.8,1.4,246,64,2.7,6.9,1.4,239,72,2.0,5.8,1.4,246,64,0,29.56,,,,,,,,,,
SCHU,2015-10-29 22:45:00 EDT,43.11700,-73.57829,103,49.1,50.1,47.9,56.6,34.3,0.000,0.623,0.00,0.000,3.9,9.7,1.6,264,21,4.0,9.6,1.7,264,20,3.9,9.7,1.6,264,21,0,29.56,,,,,,,,,,
SCHU,2015-10-29 22:50:00 EDT,43.11700,-73.57829,103,48.6,50.1,47.2,56.7,33.9,0.000,0.623,0.00,0.000,4.1,8.1,1.6,282,38,4.5,8.9,1.8,283,39,4.1,8.1,1.6,282,38,0,29.56,,,,,,,,,,
SCHU,2015-10-29 22:55:00 EDT,43.11700,-73.57829,103,49.1,50.0,47.6,55.7,34.0,0.000,0.623,0.00,0.000,4.4,9.1,1.9,258,30,4.7,11.4,2.2,260,32,4.4,9.1,1.9,258,30,0,29.56,,,,,,,,,,
SCHU,2015-10-29 23:00:00 EDT,43.11700,-73.57829,103,49.2,50.0,48.5,55.0,33.7,0.000,0.623,0.00,0.000,3.3,8.8,2.0,271,26,3.6,10.3,2.2,271,28,3.3,8.8,2.0,271,26,0,29.57,,,,,,,,,,
SCHU,2015-10-29 23:05:00 EDT,43.11700,-73.57829,103,49.0,49.7,49.0,55.1,33.6,0.000,0.623,0.00,0.000,2.8,9.1,1.7,256,27,3.2,7.6,1.8,256,28,2.8,9.1,1.7,256,27,0,29.57,,,,,,,,,,
SCHU,2015-10-29 23:10:00 EDT,43.11700,-73.57829,103,49.0,49.9,46.9,55.8,33.9,0.000,0.623,0.00,0.000,5.1,12.8,2.5,282,34,5.6,15.2,2.8,281,36,5.1,12.8,2.5,282,34,0,29.56,,,,,,,,,,
SCHU,2015-10-29 23:15:00 EDT,43.11700,-73.57829,103,49.2,49.9,47.4,55.7,34.0,0.000,0.623,0.00,0.000,4.8,12.7,2.4,251,29,5.2,14.5,2.5,250,31,4.8,12.7,2.4,251,29,0,29.56,,,,,,,,,,
SCHU,2015-10-29 23:20:00 EDT,43.11700,-73.57829,103,49.2,49.9,46.3,56.0,34.2,0.000,0.623,0.00,0.000,6.8,14.4,2.7,259,22,7.5,15.2,2.8,258,22,6.8,14.4,2.7,259,22,0,29.56,,,,,,,,,,
SCHU,2015-10-29 23:25:00 EDT,43.11700,-73.57829,103,49.2,49.8,47.1,56.0,34.1,0.000,0.623,0.00,0.000,5.3,11.7,2.7,245,31,5.8,12.5,2.6,243,35,5.3,11.7,2.7,245,31,0,29.56,,,,,,,,,,
SCHU,2015-10-29 23:30:00 EDT,43.11700,-73.57829,103,49.2,49.8,46.0,56.1,34.2,0.000,0.623,0.00,0.000,7.6,16.1,3.4,251,34,8.3,18.1,3.3,252,32,7.6,16.1,3.4,251,34,0,29.56,,,,,,,,,,
SCHU,2015-10-29 23:35:00 EDT,43.11700,-73.57829,103,49.3,49.9,46.8,55.8,34.2,0.000,0.623,0.00,0.000,6.0,12.5,2.8,250,26,6.8,14.8,3.1,250,29,6.0,12.5,2.8,250,26,0,29.56,,,,,,,,,,
SCHU,2015-10-29 23:40:00 EDT,43.11700,-73.57829,103,48.9,49.5,46.9,56.8,34.2,0.000,0.623,0.00,0.000,5.0,8.5,1.4,242,31,5.3,8.5,1.4,240,31,5.0,8.5,1.4,242,31,0,29.56,,,,,,,,,,
SCHU,2015-10-29 23:45:00 EDT,43.11700,-73.57829,103,48.7,49.3,46.2,57.1,34.2,0.000,0.623,0.00,0.000,5.8,15.5,3.0,225,39,6.5,15.0,2.9,221,40,5.8,15.5,3.0,225,39,0,29.57,,,,,,,,,,
SCHU,2015-10-29 23:50:00 EDT,43.11700,-73.57829,103,48.9,49.4,47.8,57.0,34.3,0.000,0.623,0.00,0.000,3.8,9.1,1.6,239,30,4.0,9.2,1.8,239,32,3.8,9.1,1.6,239,30,0,29.57,,,,,,,,,,
SCHU,2015-10-29 23:55:00 EDT,43.11700,-73.57829,103,48.8,49.5,48.0,57.0,34.2,0.000,0.623,0.00,0.000,3.4,6.9,1.5,254,40,3.9,8.5,1.6,255,43,3.4,6.9,1.5,254,40,0,29.57,,,,,,,,,,
WHIT,2015-10-29 00:00:00 EDT,43.48507,-73.42307,120,50.4,50.4,50.4,98.5,50.0,0.059,1.321,1.16,0.381,5.5,8.6,1.0,10,11,5.9,8.9,1.1,15,9,5.5,8.6,1.0,10,11,0,29.51,,,,,,,,,,
WHIT,2015-10-29 00:05:00 EDT,43.48507,-73.42307,120,50.6,50.7,50.6,98.5,50.2,0.040,0.040,0.75,0.400,4.3,7.8,1.5,4,18,4.5,8.5,1.6,10,15,4.3,7.8,1.5,4,18,0,29.50,,,,,,,,,,
WHIT,2015-10-29 00:10:00 EDT,43.48507,-73.42307,120,50.5,50.5,50.5,98.5,50.1,0.009,0.049,0.00,0.369,4.4,7.5,1.4,3,17,4.6,9.6,1.6,10,12,4.4,7.5,1.4,3,17,0,29.50,,,,,,,,,,
WHIT,2015-10-29 00:15:00 EDT,43.48507,-73.42307,120,50.7,50.6,50.7,98.5,50.3,0.008,0.057,0.00,0.342,2.1,3.6,0.5,22,20,2.5,4.7,0.8,24,16,2.1,3.6,0.5,22,20,0,29.49,,,,,,,,,,
WHIT,2015-10-29 00:20:00 EDT,43.48507,-73.42307,120,50.6,50.5,50.6,98.5,50.2,0.008,0.064,0.00,0.294,0.8,2.3,0.6,18,35,1.3,3.4,0.6,29,49,0.8,2.3,0.6,18,35,0,29.49,,,,,,,,,,
WHIT,2015-10-29 00:25:00 EDT,43.48507,-73.42307,120,50.6,50.6,50.6,98.5,50.2,0.016,0.080,0.00,0.270,1.9,4.5,1.4,332,43,2.4,5.4,1.5,339,46,1.9,4.5,1.4,332,43,0,29.48,,,,,,,,,,
WHIT,2015-10-29 00:30:00 EDT,43.48507,-73.42307,120,50.6,50.5,50.6,98.5,50.2,0.015,0.095,0.25,0.257,2.8,5.0,1.2,358,27,3.1,5.4,1.2,2,29,2.8,5.0,1.2,358,27,0,29.48,,,,,,,,,,
WHIT,2015-10-29 00:35:00 EDT,43.48507,-73.42307,120,50.7,50.6,50.7,98.5,50.3,0.016,0.111,0.00,0.251,3.5,5.8,1.1,10,19,4.0,6.9,1.3,14,17,3.5,5.8,1.1,10,19,0,29.47,,,,,,,,,,
WHIT,2015-10-29 00:40:00 EDT,43.48507,-73.42307,120,50.7,50.6,50.7,98.5,50.3,0.019,0.130,0.32,0.249,4.2,6.3,0.9,11,22,4.7,7.8,1.2,15,12,4.2,6.3,0.9,11,22,0,29.46,,,,,,,,,,
WHIT,2015-10-29 00:45:00 EDT,43.48507,-73.42307,120,50.7,50.6,50.7,98.5,50.3,0.017,0.148,0.34,0.244,2.9,5.8,1.0,359,21,3.3,6.0,1.2,5,18,2.9,5.8,1.0,359,21,0,29.46,,,,,,,,,,
WHIT,2015-10-29 00:50:00 EDT,43.48507,-73.42307,120,50.6,50.5,50.6,98.5,50.2,0.030,0.178,0.38,0.258,4.1,6.6,1.3,15,10,4.5,7.6,1.4,20,10,4.1,6.6,1.3,15,10,0,29.45,,,,,,,,,,
WHIT,2015-10-29 00:55:00 EDT,43.48507,-73.42307,120,50.6,50.5,50.6,98.5,50.2,0.026,0.204,0.38,0.263,4.1,5.9,0.8,19,18,4.4,7.2,0.9,24,15,4.1,5.9,0.8,19,18,0,29.44,,,,,,,,,,
WHIT,2015-10-29 01:00:00 EDT,43.48507,-73.42307,120,50.7,50.7,50.7,98.5,50.4,0.017,0.221,0.26,0.221,3.1,5.8,1.0,6,22,3.3,7.4,1.3,12,20,3.1,5.8,1.0,6,22,0,29.43,,,,,,,,,,
WHIT,2015-10-29 01:05:00 EDT,43.48507,-73.42307,120,50.8,50.7,50.8,98.5,50.4,0.058,0.279,1.33,0.240,2.8,5.3,0.9,355,17,3.4,6.5,1.0,4,14,2.8,5.3,0.9,355,17,0,29.43,,,,,,,,,,
WHIT,2015-10-29 01:10:00 EDT,43.48507,-73.42307,120,50.8,50.8,50.8,98.6,50.4,0.117,0.396,2.38,0.347,3.9,6.4,1.1,11,29,4.1,7.6,1.2,15,30,3.9,6.4,1.1,11,29,0,29.42,,,,,,,,,,
WHIT,2015-10-29 01:15:00 EDT,43.48507,-73.42307,120,51.0,51.0,51.0,98.6,50.7,0.007,0.403,0.25,0.347,6.1,9.4,1.4,356,17,6.5,11.0,1.6,3,13,6.1,9.4,1.4,356,17,0,29.41,,,,,,,,,,
WHIT,2015-10-29 01:20:00 EDT,43.48507,-73.42307,120,51.1,51.1,51.1,98.6,50.7,0.001,0.404,0.00,0.340,4.7,8.0,1.7,2,20,5.4,10.5,2.1,9,15,4.7,8.0,1.7,2,20,0,29.40,,,,,,,,,,
WHIT,2015-10-29 01:25:00 EDT,43.48507,-73.42307,120,51.1,51.0,51.1,98.6,50.7,0.004,0.408,0.00,0.328,4.7,8.1,1.4,352,17,5.2,9.2,1.6,1,14,4.7,8.1,1.4,352,17,0,29.40,,,,,,,,,,
WHIT,2015-10-29 01:30:00 EDT,43.48507,-73.42307,120,51.1,51.1,51.1,98.6,50.7,0.001,0.409,0.00,0.314,4.0,8.5,1.4,7,19,4.5,8.5,1.5,13,19,4.0,8.5,1.4,7,19,0,29.39,,,,,,,,,,
WHIT,2015-10-29 01:35:00 EDT,43.48507,-73.42307,120,51.2,51.1,51.2,98.5,50.8,0.000,0.409,0.00,0.298,5.2,10.2,2.0,353,24,6.1,12.1,2.3,0,15,5.2,10.2,2.0,353,24,0,29.38,,,,,,,,,,
WHIT,2015-10-29 01:40:00 EDT,43.48507,-73.42307,120,51.3,51.1,51.3,98.5,50.9,0.000,0.409,0.00,0.279,5.0,8.8,1.3,1,21,5.6,9.8,1.5,7,18,5.0,8.8,1.3,1,21,0,29.38,,,,,,,,,,
WHIT,2015-10-29 01:45:00 EDT,43.48507,-73.42307,120,51.3,51.2,51.3,98.5,50.9,0.000,0.409,0.00,0.261,5.6,8.5,1.4,0,17,6.5,11.2,1.7,6,14,5.6,8.5,1.4,0,17,0,29.37,,,,,,,,,,
WHIT,2015-10-29 01:50:00 EDT,43.48507,-73.42307,120,51.3,51.2,51.3,98.5,50.9,0.014,0.423,0.27,0.245,4.6,8.0,1.6,22,14,5.2,8.1,1.4,26,15,4.6,8.0,1.6,22,14,0,29.37,,,,,,,,,,
WHIT,2015-10-29 01:55:00 EDT,43.48507,-73.42307,120,51.4,51.3,51.4,98.5,51.0,0.025,0.449,0.57,0.245,5.3,9.4,1.5,347,27,5.6,9.6,1.5,354,22,5.3,9.4,1.5,347,27,0,29.36,,,,,,,,,,
WHIT,2015-10-29 02:00:00 EDT,43.48507,-73.42307,120,51.2,51.1,51.2,98.4,50.8,0.007,0.456,0.00,0.235,4.0,6.9,1.9,325,16,4.4,7.6,1.9,338,19,4.0,6.9,1.9,325,16,0,29.36,,,,,,,,,,
WHIT,2015-10-29 02:05:00 EDT,43.48507,-73.42307,120,51.3,51.2,51.3,98.4,50.8,0.014,0.470,0.30,0.190,5.2,7.6,1.4,320,28,5.3,8.5,1.5,327,29,5.2,7.6,1.4,320,28,0,29.37,,,,,,,,,,
WHIT,2015-10-29 02:10:00 EDT,43.48507,-73.42307,120,52.2,52.6,52.2,98.6,51.8,0.023,0.493,0.49,0.097,4.1,6.2,0.8,26,20,4.3,6.7,0.9,33,20,4.1,6.2,0.8,26,20,0,29.36,,,,,,,,,,
WHIT,2015-10-29 02:15:00 EDT,43.48507,-73.42307,120,52.3,52.7,52.3,98.6,51.9,0.009,0.502,0.00,0.098,4.4,8.5,1.6,14,29,4.6,8.5,1.5,18,29,4.4,8.5,1.6,14,29,0,29.35,,,,,,,,,,
WHIT,2015-10-29 02:20:00 EDT,43.48507,-73.42307,120,52.9,53.4,52.9,98.6,52.6,0.011,0.513,0.25,0.109,2.3,5.7,1.4,23,37,2.6,5.8,1.3,33,37,2.3,5.7,1.4,23,37,0,29.35,,,,,,,,,,
WHIT,2015-10-29 02:25:00 EDT,43.48507,-73.42307,120,53.1,53.5,53.1,98.6,52.7,0.010,0.523,0.00,0.115,1.4,2.5,0.6,237,48,1.8,3.4,0.5,238,58,1.4,2.5,0.6,237,48,0,29.35,,,,,,,,,,
WHIT,2015-10-29 02:30:00 EDT,43.48507,-73.42307,120,53.1,53.7,53.1,98.5,52.7,0.010,0.533,0.00,0.124,2.9,5.5,0.8,155,30,3.2,6.3,0.8,159,32,2.9,5.5,0.8,155,30,0,29.35,,,,,,,,,,
WHIT,2015-10-29 02:35:00 EDT,43.48507,-73.42307,120,52.8,53.0,52.8,98.4,52.4,0.009,0.541,0.00,0.132,3.4,4.5,0.5,189,8,3.7,5.4,0.5,194,8,3.4,4.5,0.5,189,8,0,29.36,,,,,,,,,,
WHIT,2015-10-29 02:40:00 EDT,43.48507,-73.42307,120,52.9,53.1,52.9,98.5,52.5,0.007,0.549,0.00,0.139,3.5,4.5,0.5,187,18,3.8,5.1,0.6,192,18,3.5,4.5,0.5,187,18,0,29.36,,,,,,,,,,
WHIT,2015-10-29 02:45:00 EDT,43.48507,-73.42307,120,53.2,53.3,53.2,98.5,52.8,0.000,0.549,0.00,0.139,3.6,6.6,1.1,187,13,3.9,7.4,1.3,192,13,3.6,6.6,1.1,187,13,0,29.36,,,,,,,,,,
WHIT,2015-10-29 02:50:00 EDT,43.48507,-73.42307,120,53.2,53.2,53.2,98.5,52.8,0.000,0.549,0.00,0.125,3.0,3.7,0.3,197,7,3.2,4.3,0.5,204,8,3.0,3.7,0.3,197,7,0,29.36,,,,,,,,,,
WHIT,2015-10-29 02:55:00 EDT,43.48507,-73.42307,120,53.6,53.7,53.6,98.5,53.2,0.000,0.549,0.00,0.100,2.1,4.0,0.7,203,12,2.2,4.9,0.8,210,12,2.1,4.0,0.7,203,12,0,29.35,,,,,,,,,,
WHIT,2015-10-29 03:00:00 EDT,43.48507,-73.42307,120,53.8,53.9,53.8,98.4,53.3,0.000,0.549,0.00,0.093,2.7,3.9,0.6,183,14,3.0,4.3,0.6,189,14,2.7,3.9,0.6,183,14,0,29.35,,,,,,,,,,
WHIT,2015-10-29 03:05:00 EDT,43.48507,-73.42307,120,53.7,53.8,53.7,98.3,53.3,0.000,0.549,0.00,0.079,1.1,2.8,0.9,176,11,1.5,3.4,0.7,181,16,1.1,2.8,0.9,176,11,0,29.35,,,,,,,,,,
WHIT,2015-10-29 03:10:00 EDT,43.48507,-73.42307,120,53.4,53.6,53.4,98.1,52.9,0.000,0.549,0.00,0.056,1.5,2.6,0.5,158,21,1.8,3.1,0.5,161,24,1.5,2.6,0.5,158,21,0,29.34,,,,,,,,,,
WHIT,2015-10-29 03:15:00 EDT,43.48507,-73.42307,120,53.1,53.4,53.1,98.1,52.6,0.000,0.549,0.00,0.047,0.5,1.2,0.3,162,18,1.0,1.6,0.2,151,32,0.5,1.2,0.3,162,18,0,29.34,,,,,,,,,,
WHIT,2015-10-29 03:20:00 EDT,43.48507,-73.42307,120,53.0,53.2,53.0,98.1,52.5,0.000,0.549,0.00,0.036,0.8,1.5,0.4,107,10,1.4,2.2,0.4,105,12,0.8,1.5,0.4,107,10,0,29.34,,,,,,,,,,
WHIT,2015-10-29 03:25:00 EDT,43.48507,-73.42307,120,52.7,52.9,52.7,98.1,52.2,0.000,0.549,0.00,0.026,1.0,1.4,0.2,92,16,1.5,2.0,0.2,88,16,1.0,1.4,0.2,92,16,0,29.34,,,,,,,,,,
WHIT,2015-10-29 03:30:00 EDT,43.48507,-73.42307,120,52.6,52.6,52.6,98.1,52.1,0.000,0.549,0.00,0.016,0.6,1.2,0.5,71,3,1.1,2.0,0.5,69,13,0.6,1.2,0.5,71,3,0,29.34,,,,,,,,,,
WHIT,2015-10-29 03:35:00 EDT,43.48507,-73.42307,120,52.5,52.7,52.5,98.2,52.1,0.000,0.549,0.00,0.007,1.3,1.9,0.3,80,5,1.9,2.7,0.3,81,6,1.3,1.9,0.3,80,5,0,29.34,,,,,,,,,,
WHIT,2015-10-29 03:40:00 EDT,43.48507,-73.42307,120,52.5,52.7,52.5,98.3,52.0,0.000,0.549,0.00,0.000,1.2,1.6,0.2,88,12,1.7,2.5,0.2,87,11,1.2,1.6,0.2,88,12,0,29.33,,,,,,,,,,
WHIT,2015-10-29 03:45:00 EDT,43.48507,-73.42307,120,52.4,52.5,52.4,98.3,51.9,0.000,0.549,0.00,0.000,0.3,1.1,0.3,109,4,0.8,1.6,0.4,120,35,0.3,1.1,0.3,109,4,0,29.33,,,,,,,,,,
WHIT,2015-10-29 03:50:00 EDT,43.48507,-73.42307,120,52.4,52.3,52.4,98.4,52.0,0.000,0.549,0.00,0.000,0.4,1.2,0.4,125,7,0.8,1.6,0.4,123,29,0.4,1.2,0.4,125,7,0,29.33,,,,,,,,,,
WHIT,2015-10-29 03:55:00 EDT,43.48507,-73.42307,120,52.3,52.3,52.3,98.4,51.9,0.005,0.553,0.00,0.005,0.9,3.6,1.1,253,22,1.4,4.3,1.0,253,50,0.9,3.6,1.1,253,22,0,29.33,,,,,,,,,,
WHIT,2015-10-29 04:00:00 EDT,43.48507,-73.42307,120,52.5,52.6,52.5,98.5,52.1,0.135,0.688,2.72,0.139,2.7,5.6,1.9,270,22,3.2,6.5,2.0,276,35,2.7,5.6,1.9,270,22,0,29.34,,,,,,,,,,
WHIT,2015-10-29 04:05:00 EDT,43.48507,-73.42307,120,52.7,52.7,52.7,98.6,52.3,0.009,0.697,0.32,0.149,2.6,3.7,0.7,130,9,2.7,4.0,0.7,133,8,2.6,3.7,0.7,130,9,0,29.34,,,,,,,,,,
WHIT,2015-10-29 04:10:00 EDT,43.48507,-73.42307,120,52.7,52.7,52.7,98.6,52.3,0.004,0.702,0.00,0.153,3.1,6.1,1.5,129,16,3.3,6.5,1.4,134,19,3.1,6.1,1.5,129,16,0,29.33,,,,,,,,,,
WHIT,2015-10-29 04:15:00 EDT,43.48507,-73.42307,120,52.9,53.1,52.9,98.7,52.6,0.005,0.707,0.00,0.158,2.5,5.7,1.1,144,16,2.7,6.0,1.2,147,17,2.5,5.7,1.1,144,16,0,29.32,,,,,,,,,,
WHIT,2015-10-29 04:20:00 EDT,43.48507,-73.42307,120,53.1,53.4,53.1,98.7,52.8,0.003,0.710,0.00,0.161,2.9,4.9,1.1,194,25,3.1,4.9,1.1,196,26,2.9,4.9,1.1,194,25,0,29.33,,,,,,,,,,
WHIT,2015-10-29 04:25:00 EDT,43.48507,-73.42307,120,53.4,53.9,53.4,98.8,53.0,0.000,0.710,0.00,0.161,2.8,3.6,0.4,159,32,3.2,4.3,0.6,163,32,2.8,3.6,0.4,159,32,0,29.32,,,,,,,,,,
WHIT,2015-10-29 04:30:00 EDT,43.48507,-73.42307,120,53.8,54.3,53.8,98.8,53.5,0.002,0.711,0.00,0.163,2.2,4.4,1.2,124,23,2.5,5.1,1.3,126,27,2.2,4.4,1.2,124,23,0,29.31,,,,,,,,,,
WHIT,2015-10-29 04:35:00 EDT,43.48507,-73.42307,120,53.7,54.2,53.7,98.7,53.4,0.001,0.712,0.00,0.164,3.7,5.8,1.7,255,25,4.0,6.5,1.6,264,27,3.7,5.8,1.7,255,25,0,29.33,,,,,,,,,,
WHIT,2015-10-29 04:40:00 EDT,43.48507,-73.42307,120,54.6,55.0,54.6,98.9,54.3,0.000,0.712,0.00,0.164,5.8,10.2,1.8,167,13,6.7,11.9,2.0,173,11,5.8,10.2,1.8,167,13,0,29.33,,,,,,,,,,
WHIT,2015-10-29 04:45:00 EDT,43.48507,-73.42307,120,55.2,55.6,55.2,98.9,54.9,0.000,0.712,0.00,0.164,6.7,11.0,1.4,152,11,7.3,12.1,1.7,159,11,6.7,11.0,1.4,152,11,0,29.33,,,,,,,,,,
WHIT,2015-10-29 04:50:00 EDT,43.48507,-73.42307,120,55.7,55.9,55.7,98.8,55.3,0.000,0.712,0.00,0.164,6.6,10.7,1.5,164,13,7.5,13.0,1.8,171,10,6.6,10.7,1.5,164,13,0,29.33,,,,,,,,,,
WHIT,2015-10-29 04:55:00 EDT,43.48507,-73.42307,120,56.2,56.4,56.2,98.7,55.8,0.000,0.712,0.00,0.159,9.1,14.2,1.8,180,10,10.2,15.2,2.0,183,6,9.1,14.2,1.8,180,10,0,29.34,,,,,,,,,,
WHIT,2015-10-29 05:00:00 EDT,43.48507,-73.42307,120,56.2,56.2,56.2,97.5,55.5,0.000,0.712,0.00,0.024,9.0,13.8,2.1,190,11,10.0,15.4,2.4,191,8,9.0,13.8,2.1,190,11,0,29.35,,,,,,,,,,
WHIT,2015-10-29 05:05:00 EDT,43.48507,-73.42307,120,55.7,55.7,55.7,96.2,54.6,0.000,0.712,0.00,0.015,8.4,12.5,1.5,211,12,8.7,12.3,1.6,213,11,8.4,12.5,1.5,211,12,0,29.35,,,,,,,,,,
WHIT,2015-10-29 05:10:00 EDT,43.48507,-73.42307,120,55.3,55.4,55.3,96.2,54.3,0.000,0.712,0.00,0.011,7.0,9.9,1.2,216,13,7.2,11.2,1.4,218,11,7.0,9.9,1.2,216,13,0,29.35,,,,,,,,,,
WHIT,2015-10-29 05:15:00 EDT,43.48507,-73.42307,120,55.2,55.2,55.2,96.3,54.2,0.000,0.712,0.00,0.006,6.6,9.9,1.3,206,12,7.0,10.1,1.4,207,11,6.6,9.9,1.3,206,12,0,29.35,,,,,,,,,,
WHIT,2015-10-29 05:20:00 EDT,43.48507,-73.42307,120,55.1,55.1,55.1,96.5,54.1,0.000,0.712,0.00,0.003,4.9,6.9,1.2,193,12,5.6,8.3,1.2,195,10,4.9,6.9,1.2,193,12,0,29.35,,,,,,,,,,
WHIT,2015-10-29 05:25:00 EDT,43.48507,-73.42307,120,55.0,55.1,55.0,96.6,54.1,0.006,0.719,0.00,0.009,6.0,9.1,1.3,181,11,6.7,11.0,1.5,184,9,6.0,9.1,1.3,181,11,0,29.36,,,,,,,,,,
WHIT,2015-10-29 05:30:00 EDT,43.48507,-73.42307,120,55.1,55.2,55.1,96.8,54.2,0.003,0.721,0.00,0.010,4.6,7.7,1.2,194,15,5.0,8.3,1.4,197,13,4.6,7.7,1.2,194,15,0,29.37,,,,,,,,,,
WHIT,2015-10-29 05:35:00 EDT,43.48507,-73.42307,120,55.2,55.3,55.2,97.0,54.4,0.000,0.721,0.00,0.009,5.0,6.7,1.0,178,12,5.7,7.6,1.2,184,10,5.0,6.7,1.0,178,12,0,29.37,,,,,,,,,,
WHIT,2015-10-29 05:40:00 EDT,43.48507,-73.42307,120,55.4,55.5,55.4,97.1,54.6,0.000,0.721,0.00,0.009,4.4,6.6,1.0,163,12,5.2,8.1,1.2,169,12,4.4,6.6,1.0,163,12,0,29.36,,,,,,,,,,
WHIT,2015-10-29 05:45:00 EDT,43.48507,-73.42307,120,55.6,55.7,55.6,97.3,54.9,0.003,0.724,0.00,0.012,4.1,6.3,0.7,171,11,4.8,6.9,0.8,177,9,4.1,6.3,0.7,171,11,0,29.36,,,,,,,,,,
WHIT,2015-10-29 05:50:00 EDT,43.48507,-73.42307,120,55.8,56.0,55.8,97.4,55.1,0.001,0.725,0.00,0.013,4.9,6.8,0.9,155,13,5.5,8.1,1.1,161,13,4.9,6.8,0.9,155,13,0,29.36,,,,,,,,,,
WHIT,2015-10-29 05:55:00 EDT,43.48507,-73.42307,120,55.8,56.2,55.8,97.4,55.1,0.000,0.725,0.00,0.013,3.5,5.6,0.8,167,18,4.2,7.2,1.0,172,15,3.5,5.6,0.8,167,18,0,29.35,,,,,,,,,,
WHIT,2015-10-29 06:00:00 EDT,43.48507,-73.42307,120,55.9,56.3,55.9,97.4,55.1,0.000,0.725,0.00,0.013,3.6,5.4,1.0,165,20,4.3,6.7,1.2,171,18,3.6,5.4,1.0,165,20,0,29.35,,,,,,,,,,
WHIT,2015-10-29 06:05:00 EDT,43.48507,-73.42307,120,55.9,56.2,55.9,97.3,55.1,0.000,0.725,0.00,0.013,4.0,6.1,0.8,170,16,4.6,8.1,1.1,175,15,4.0,6.1,0.8,170,16,0,29.35,,,,,,,,,,
WHIT,2015-10-29 06:10:00 EDT,43.48507,-73.42307,120,56.1,56.4,56.1,97.4,55.3,0.000,0.725,0.00,0.013,3.8,6.5,1.4,195,12,4.4,7.8,1.5,197,9,3.8,6.5,1.4,195,12,0,29.36,,,,,,,,,,
WHIT,2015-10-29 06:15:00 EDT,43.48507,-73.42307,120,56.1,56.4,56.1,97.2,55.3,0.000,0.725,0.00,0.013,1.8,3.8,0.5,146,22,2.3,4.5,0.6,151,22,1.8,3.8,0.5,146,22,0,29.34,,,,,,,,,,
WHIT,2015-10-29 06:20:00 EDT,43.48507,-73.42307,120,56.0,56.4,56.0,97.1,55.2,0.000,0.725,0.00,0.013,2.2,2.9,0.5,161,14,2.6,3.6,0.6,165,14,2.2,2.9,0.5,161,14,0,29.34,,,,,,,,,,
WHIT,2015-10-29 06:25:00 EDT,43.48507,-73.42307,120,55.3,56.3,55.3,96.7,54.4,0.000,0.725,0.00,0.006,3.7,5.3,0.7,100,20,4.2,6.3,1.0,105,18,3.7,5.3,0.7,100,20,0,29.31,,,,,,,,,,
WHIT,2015-10-29 06:30:00 EDT,43.48507,-73.42307,120,55.1,55.9,55.1,97.3,54.4,0.000,0.725,0.00,0.004,4.1,6.8,1.8,209,32,4.4,7.6,1.8,212,33,4.1,6.8,1.8,209,32,0,29.34,,,,,,,,,,
WHIT,2015-10-29 06:35:00 EDT,43.48507,-73.42307,120,55.3,55.5,55.3,97.6,54.6,0.000,0.725,0.00,0.004,2.5,5.0,1.2,223,31,2.8,5.8,1.3,231,34,2.5,5.0,1.2,223,31,0,29.35,,,,,,,,,,
WHIT,2015-10-29 06:40:00 EDT,43.48507,-73.42307,120,55.5,55.9,55.5,97.8,54.9,0.000,0.725,0.00,0.004,5.3,8.5,1.1,172,13,6.0,9.8,1.3,177,10,5.3,8.5,1.1,172,13,0,29.36,,,,,,,,,,
WHIT,2015-10-29 06:45:00 EDT,43.48507,-73.42307,120,56.0,56.2,56.0,97.9,55.4,0.000,0.725,0.00,0.001,2.6,6.1,1.3,156,38,3.1,6.3,1.3,159,40,2.6,6.1,1.3,156,38,0,29.33,,,,,,,,,,
WHIT,2015-10-29 06:50:00 EDT,43.48507,-73.42307,120,55.6,56.2,55.6,97.6,54.9,0.000,0.725,0.00,0.000,2.2,4.1,1.1,90,15,2.7,4.5,1.0,95,15,2.2,4.1,1.1,90,15,0,29.31,,,,,,,,,,
WHIT,2015-10-29 06:55:00 EDT,43.48507,-73.42307,120,55.2,56.5,55.2,97.4,54.5,0.000,0.725,0.00,0.000,4.6,6.9,1.4,170,17,5.0,7.8,1.5,174,17,4.6,6.9,1.4,170,17,0,29.33,,,,,,,,,,
WHIT,2015-10-29 07:00:00 EDT,43.48507,-73.42307,120,56.0,56.8,56.0,98.0,55.5,0.000,0.725,0.00,0.000,4.3,6.7,1.2,160,15,4.9,9.6,1.4,166,14,4.3,6.7,1.2,160,15,0,29.33,,,,,,,,,,
WHIT,2015-10-29 07:05:00 EDT,43.48507,-73.42307,120,56.5,56.9,56.5,97.9,55.9,0.000,0.725,0.00,0.000,3.4,6.9,1.2,158,19,3.9,8.1,1.2,160,16,3.4,6.9,1.2,158,19,0,29.32,,,,,,,,,,
WHIT,2015-10-29 07:10:00 EDT,43.48507,-73.42307,120,56.2,56.9,56.2,97.4,55.4,0.000,0.725,0.00,0.000,2.7,4.2,0.5,153,15,3.1,4.7,0.7,158,14,2.7,4.2,0.5,153,15,0,29.32,,,,,,,,,,
WHIT,2015-10-29 07:15:00 EDT,43.48507,-73.42307,120,56.2,57.1,56.2,97.5,55.5,0.000,0.725,0.00,0.000,3.2,4.8,0.7,162,13,3.6,5.6,0.8,166,12,3.2,4.8,0.7,162,13,0,29.32,,,,,,,,,,
WHIT,2015-10-29 07:20:00 EDT,43.48507,-73.42307,120,55.5,56.9,55.5,97.0,54.7,0.000,0.725,0.00,0.000,3.7,6.1,0.9,146,12,4.1,6.5,1.1,148,11,3.7,6.1,0.9,146,12,1,29.31,,,,,,,,,,
WHIT,2015-10-29 07:25:00 EDT,43.48507,-73.42307,120,54.8,56.7,54.8,97.1,54.0,0.000,0.725,0.00,0.000,3.9,5.8,0.7,148,13,4.3,6.3,0.8,153,12,3.9,5.8,0.7,148,13,2,29.31,,,,,,,,,,
WHIT,2015-10-29 07:30:00 EDT,43.48507,-73.42307,120,54.6,56.5,54.6,97.3,53.9,0.000,0.725,0.00,0.000,3.5,5.8,0.9,159,15,4.0,6.3,0.9,163,15,3.5,5.8,0.9,159,15,3,29.32,,,,,,,,,,
WHIT,2015-10-29 07:35:00 EDT,43.48507,-73.42307,120,55.4,56.6,55.4,98.0,54.8,0.000,0.725,0.00,0.000,4.0,5.8,0.7,171,15,4.3,7.4,0.8,177,12,4.0,5.8,0.7,171,15,3,29.32,,,,,,,,,,
WHIT,2015-10-29 07:40:00 EDT,43.48507,-73.42307,120,55.9,56.8,55.9,97.9,55.3,0.000,0.725,0.00,0.000,4.1,6.4,0.8,153,13,4.5,7.4,1.1,157,12,4.1,6.4,0.8,153,13,3,29.32,,,,,,,,,,
WHIT,2015-10-29 07:45:00 EDT,43.48507,-73.42307,120,55.9,56.8,55.9,97.7,55.2,0.000,0.725,0.00,0.000,3.8,5.3,0.7,151,12,4.1,6.0,0.8,155,11,3.8,5.3,0.7,151,12,4,29.33,,,,,,,,,,
WHIT,2015-10-29 07:50:00 EDT,43.48507,-73.42307,120,56.1,56.8,56.1,97.6,55.4,0.000,0.725,0.00,0.000,3.5,5.0,0.7,150,14,3.6,6.0,0.8,153,13,3.5,5.0,0.7,150,14,5,29.33,,,,,,,,,,
WHIT,2015-10-29 07:55:00 EDT,43.48507,-73.42307,120,56.6,57.0,56.6,97.7,55.9,0.000,0.725,0.00,0.000,4.0,5.7,0.7,157,12,4.3,6.3,0.9,161,10,4.0,5.7,0.7,157,12,6,29.33,,,,,,,,,,
WHIT,2015-10-29 08:00:00 EDT,43.48507,-73.42307,120,56.8,57.2,56.8,97.5,56.1,0.000,0.725,0.00,0.000,4.9,7.0,0.9,149,10,5.3,7.2,1.0,155,8,4.9,7.0,0.9,149,10,9,29.33,,,,,,,,,,
WHIT,2015-10-29 08:05:00 EDT,43.48507,-73.42307,120,57.0,57.3,57.0,97.0,56.1,0.000,0.725,0.00,0.000,4.3,6.2,0.7,156,11,4.6,6.9,0.9,160,11,4.3,6.2,0.7,156,11,7,29.33,,,,,,,,,,
WHIT,2015-10-29 08:10:00 EDT,43.48507,-73.42307,120,57.0,57.2,57.0,96.6,56.1,0.000,0.725,0.00,0.000,3.5,4.8,0.7,160,9,3.8,5.6,0.7,162,10,3.5,4.8,0.7,160,9,10,29.33,,,,,,,,,,
WHIT,2015-10-29 08:15:00 EDT,43.48507,-73.42307,120,56.7,57.0,56.7,96.3,55.7,0.000,0.725,0.00,0.000,3.4,4.5,0.5,156,9,3.8,5.1,0.5,159,9,3.4,4.5,0.5,156,9,18,29.33,,,,,,,,,,
WHIT,2015-10-29 08:20:00 EDT,43.48507,-73.42307,120,56.4,56.8,56.4,96.3,55.4,0.000,0.725,0.00,0.000,2.7,4.0,0.7,163,11,2.8,4.5,0.7,168,12,2.7,4.0,0.7,163,11,42,29.33,,,,,,,,,,
WHIT,2015-10-29 08:25:00 EDT,43.48507,-73.42307,120,56.4,56.7,56.4,96.8,55.5,0.000,0.725,0.00,0.000,2.7,3.9,0.6,166,11,2.8,4.5,0.8,169,12,2.7,3.9,0.6,166,11,31,29.33,,,,,,,,,,
WHIT,2015-10-29 08:30:00 EDT,43.48507,-73.42307,120,56.5,56.5,56.5,97.1,55.7,0.000,0.725,0.00,0.000,1.4,2.3,0.3,167,8,1.7,2.9,0.4,170,11,1.4,2.3,0.3,167,8,31,29.33,,,,,,,,,,
WHIT,2015-10-29 08:35:00 EDT,43.48507,-73.42307,120,56.3,56.4,56.3,97.2,55.6,0.000,0.725,0.00,0.000,1.7,2.5,0.4,168,11,1.9,2.9,0.4,172,13,1.7,2.5,0.4,168,11,36,29.33,,,,,,,,,,
WHIT,2015-10-29 08:40:00 EDT,43.48507,-73.42307,120,56.4,56.4,56.4,97.5,55.7,0.000,0.725,0.00,0.000,1.8,3.3,0.7,168,10,2.0,3.6,0.7,173,12,1.8,3.3,0.7,168,10,37,29.34,,,,,,,,,,
WHIT,2015-10-29 08:45:00 EDT,43.48507,-73.42307,120,56.6,56.8,56.6,97.7,56.0,0.000,0.725,0.00,0.000,2.3,3.5,0.6,152,10,2.6,4.7,0.7,154,11,2.3,3.5,0.6,152,10,42,29.34,,,,,,,,,,
WHIT,2015-10-29 08:50:00 EDT,43.48507,-73.42307,120,57.1,57.2,57.1,97.9,56.5,0.000,0.725,0.00,0.000,3.6,5.8,0.8,155,14,3.9,5.8,0.9,158,14,3.6,5.8,0.8,155,14,38,29.34,,,,,,,,,,
WHIT,2015-10-29 08:55:00 EDT,43.48507,-73.42307,120,57.7,57.6,57.7,97.5,57.0,0.000,0.725,0.00,0.000,5.0,8.4,1.4,160,15,5.5,9.4,1.6,164,14,5.0,8.4,1.4,160,15,78,29.34,,,,,,,,,,
WHIT,2015-10-29 09:00:00 EDT,43.48507,-73.42307,120,57.9,57.8,57.9,96.6,57.0,0.000,0.725,0.00,0.000,4.1,6.4,0.8,168,15,4.5,6.5,0.9,172,12,4.1,6.4,0.8,168,15,72,29.34,,,,,,,,,,
WHIT,2015-10-29 09:05:00 EDT,43.48507,-73.42307,120,58.0,57.9,58.0,96.0,56.9,0.000,0.725,0.00,0.000,4.0,6.5,1.1,173,12,4.2,6.9,1.2,175,11,4.0,6.5,1.1,173,12,56,29.34,,,,,,,,,,
WHIT,2015-10-29 09:10:00 EDT,43.48507,-73.42307,120,58.1,58.0,58.1,95.5,56.9,0.000,0.725,0.00,0.000,6.2,8.0,0.8,173,9,6.6,8.7,0.9,177,7,6.2,8.0,0.8,173,9,48,29.34,,,,,,,,,,
WHIT,2015-10-29 09:15:00 EDT,43.48507,-73.42307,120,58.2,58.0,58.2,95.1,56.8,0.000,0.725,0.00,0.000,6.3,8.4,0.8,171,9,6.8,8.7,0.8,175,7,6.3,8.4,0.8,171,9,98,29.34,,,,,,,,,,
WHIT,2015-10-29 09:20:00 EDT,43.48507,-73.42307,120,58.4,58.1,58.4,95.2,57.0,0.000,0.725,0.00,0.000,5.6,7.3,0.8,172,13,6.0,7.8,0.8,177,11,5.6,7.3,0.8,172,13,95,29.35,,,,,,,,,,
WHIT,2015-10-29 09:25:00 EDT,43.48507,-73.42307,120,58.6,58.4,58.6,94.9,57.1,0.000,0.725,0.00,0.000,5.4,8.2,1.3,182,12,6.0,9.2,1.3,185,10,5.4,8.2,1.3,182,12,120,29.35,,,,,,,,,,
WHIT,2015-10-29 09:30:00 EDT,43.48507,-73.42307,120,58.9,58.7,58.9,94.7,57.4,0.000,0.725,0.00,0.000,5.9,9.1,1.4,183,13,6.3,9.6,1.6,187,12,5.9,9.1,1.4,183,13,109,29.35,,,,,,,,,,
WHIT,2015-10-29 09:35:00 EDT,43.48507,-73.42307,120,58.9,58.7,58.9,94.4,57.3,0.000,0.725,0.00,0.000,6.2,9.8,1.3,178,12,6.6,10.1,1.5,182,10,6.2,9.8,1.3,178,12,62,29.35,,,,,,,,,,
WHIT,2015-10-29 09:40:00 EDT,43.48507,-73.42307,120,58.9,58.7,58.9,94.6,57.4,0.000,0.725,0.00,0.000,5.7,9.1,1.2,175,12,6.3,10.5,1.5,178,10,5.7,9.1,1.2,175,12,104,29.35,,,,,,,,,,
WHIT,2015-10-29 09:45:00 EDT,43.48507,-73.42307,120,58.9,58.7,58.9,94.6,57.4,0.000,0.725,0.00,0.000,6.3,9.6,1.2,182,15,6.6,9.8,1.4,185,13,6.3,9.6,1.2,182,15,90,29.35,,,,,,,,,,
WHIT,2015-10-29 09:50:00 EDT,43.48507,-73.42307,120,59.0,58.7,59.0,95.4,57.7,0.000,0.725,0.00,0.000,8.6,12.7,1.7,188,12,9.1,13.0,1.9,190,11,8.6,12.7,1.7,188,12,77,29.35,,,,,,,,,,
WHIT,2015-10-29 09:55:00 EDT,43.48507,-73.42307,120,58.9,58.6,58.9,95.9,57.8,0.000,0.725,0.00,0.000,7.7,11.3,1.6,193,13,8.1,12.1,1.8,195,12,7.7,11.3,1.6,193,13,127,29.35,,,,,,,,,,
WHIT,2015-10-29 10:00:00 EDT,43.48507,-73.42307,120,58.9,58.6,58.9,96.6,58.0,0.000,0.725,0.00,0.000,7.1,11.3,1.8,192,12,7.5,13.2,2.0,195,10,7.1,11.3,1.8,192,12,71,29.35,,,,,,,,,,
WHIT,2015-10-29 10:05:00 EDT,43.48507,-73.42307,120,58.7,58.5,58.7,97.0,57.9,0.000,0.725,0.00,0.000,7.4,11.9,1.3,189,13,7.8,12.3,1.5,193,11,7.4,11.9,1.3,189,13,50,29.35,,,,,,,,,,
WHIT,2015-10-29 10:10:00 EDT,43.48507,-73.42307,120,58.8,58.5,58.8,97.4,58.1,0.000,0.725,0.00,0.000,5.8,8.5,0.9,195,12,6.3,8.9,1.0,198,10,5.8,8.5,0.9,195,12,131,29.35,,,,,,,,,,
WHIT,2015-10-29 10:15:00 EDT,43.48507,-73.42307,120,59.0,58.7,59.0,97.4,58.3,0.000,0.725,0.00,0.000,6.0,9.1,1.2,187,11,6.5,10.3,1.4,190,11,6.0,9.1,1.2,187,11,116,29.35,,,,,,,,,,
WHIT,2015-10-29 10:20:00 EDT,43.48507,-73.42307,120,59.2,58.9,59.2,97.3,58.5,0.000,0.725,0.00,0.000,7.2,11.5,1.7,189,14,7.8,13.2,2.0,191,11,7.2,11.5,1.7,189,14,98,29.35,,,,,,,,,,
WHIT,2015-10-29 10:25:00 EDT,43.48507,-73.42307,120,59.2,58.9,59.2,96.8,58.3,0.000,0.725,0.00,0.000,6.9,9.6,1.5,197,17,7.3,10.5,1.6,198,15,6.9,9.6,1.5,197,17,97,29.35,,,,,,,,,,
WHIT,2015-10-29 10:30:00 EDT,43.48507,-73.42307,120,59.3,59.0,59.3,96.6,58.3,0.000,0.725,0.00,0.000,6.9,9.3,1.3,183,11,7.3,10.3,1.5,187,9,6.9,9.3,1.3,183,11,104,29.35,,,,,,,,,,
WHIT,2015-10-29 10:35:00 EDT,43.48507,-73.42307,120,59.4,59.1,59.4,96.4,58.4,0.000,0.725,0.00,0.000,6.9,10.9,1.4,188,13,7.4,12.3,1.6,190,10,6.9,10.9,1.4,188,13,120,29.35,,,,,,,,,,
WHIT,2015-10-29 10:40:00 EDT,43.48507,-73.42307,120,59.8,59.4,59.8,96.2,58.7,0.000,0.725,0.00,0.000,7.0,10.6,1.3,190,11,7.4,11.0,1.4,193,10,7.0,10.6,1.3,190,11,135,29.34,,,,,,,,,,
WHIT,2015-10-29 10:45:00 EDT,43.48507,-73.42307,120,60.0,59.6,60.0,95.9,58.8,0.000,0.725,0.00,0.000,7.4,10.6,1.5,196,10,7.8,11.2,1.6,199,9,7.4,10.6,1.5,196,10,167,29.34,,,,,,,,,,
WHIT,2015-10-29 10:50:00 EDT,43.48507,-73.42307,120,60.5,60.0,60.5,95.8,59.3,0.000,0.725,0.00,0.000,5.5,8.2,0.9,195,14,5.8,8.7,1.1,198,12,5.5,8.2,0.9,195,14,211,29.34,,,,,,,,,,
WHIT,2015-10-29 10:55:00 EDT,43.48507,-73.42307,120,61.0,60.5,61.0,94.9,59.6,0.000,0.725,0.00,0.000,6.6,10.2,1.6,203,13,7.0,11.2,1.7,205,12,6.6,10.2,1.6,203,13,241,29.34,,,,,,,,,,
WHIT,2015-10-29 11:00:00 EDT,43.48507,-73.42307,120,61.6,61.1,61.6,93.4,59.7,0.000,0.725,0.00,0.000,7.4,11.1,1.5,198,12,7.9,12.1,1.7,202,12,7.4,11.1,1.5,198,12,330,29.34,,,,,,,,,,
WHIT,2015-10-29 11:05:00 EDT,43.48507,-73.42307,120,62.6,61.9,62.6,92.0,60.2,0.000,0.725,0.00,0.000,6.9,10.0,1.5,190,12,7.5,11.6,1.6,194,10,6.9,10.0,1.5,190,12,451,29.34,,,,,,,,,,
WHIT,2015-10-29 11:10:00 EDT,43.48507,-73.42307,120,63.0,62.4,63.0,90.9,60.3,0.000,0.725,0.00,0.000,6.1,9.3,1.4,189,13,6.7,9.8,1.7,193,12,6.1,9.3,1.4,189,13,240,29.34,,,,,,,,,,
WHIT,2015-10-29 11:15:00 EDT,43.48507,-73.42307,120,62.7,62.5,62.7,90.3,59.8,0.000,0.725,0.00,0.000,6.3,11.4,1.6,190,15,7.0,13.0,1.7,192,14,6.3,11.4,1.6,190,15,113,29.33,,,,,,,,,,
WHIT,2015-10-29 11:20:00 EDT,43.48507,-73.42307,120,62.7,62.6,62.7,90.6,59.9,0.000,0.725,0.00,0.000,5.0,8.8,1.5,202,15,5.3,10.7,1.6,204,14,5.0,8.8,1.5,202,15,79,29.33,,,,,,,,,,
WHIT,2015-10-29 11:25:00 EDT,43.48507,-73.42307,120,62.8,62.6,62.8,90.6,60.0,0.000,0.725,0.00,0.000,3.7,5.3,0.7,220,22,3.8,5.4,0.8,225,23,3.7,5.3,0.7,220,22,127,29.33,,,,,,,,,,
WHIT,2015-10-29 11:30:00 EDT,43.48507,-73.42307,120,63.0,62.9,63.0,90.5,60.2,0.000,0.725,0.00,0.000,3.8,6.4,1.4,243,14,4.3,7.2,1.6,250,14,3.8,6.4,1.4,243,14,90,29.33,,,,,,,,,,
WHIT,2015-10-29 11:35:00 EDT,43.48507,-73.42307,120,63.3,63.4,63.3,88.7,60.0,0.000,0.725,0.00,0.000,4.1,5.8,0.8,244,26,4.4,6.9,0.9,249,25,4.1,5.8,0.8,244,26,60,29.32,,,,,,,,,,
WHIT,2015-10-29 11:40:00 EDT,43.48507,-73.42307,120,63.0,63.3,63.0,88.7,59.6,0.000,0.725,0.00,0.000,5.6,11.3,2.0,254,15,6.3,12.3,2.2,262,13,5.6,11.3,2.0,254,15,67,29.33,,,,,,,,,,
WHIT,2015-10-29 11:45:00 EDT,43.48507,-73.42307,120,63.5,63.7,63.5,86.2,59.3,0.000,0.725,0.00,0.000,4.8,12.0,2.3,244,15,5.4,13.2,2.4,252,13,4.8,12.0,2.3,244,15,96,29.32,,,,,,,,,,
WHIT,2015-10-29 11:50:00 EDT,43.48507,-73.42307,120,64.0,64.0,64.0,84.2,59.1,0.000,0.725,0.00,0.000,5.3,8.8,1.5,229,17,5.7,9.4,1.6,237,17,5.3,8.8,1.5,229,17,157,29.32,,,,,,,,,,
WHIT,2015-10-29 11:55:00 EDT,43.48507,-73.42307,120,64.2,64.3,64.2,82.8,58.9,0.000,0.725,0.00,0.000,5.5,9.2,1.6,222,17,5.7,9.4,1.6,226,16,5.5,9.2,1.6,222,17,136,29.32,,,,,,,,,,
WHIT,2015-10-29 12:00:00 EDT,43.48507,-73.42307,120,64.1,64.2,64.1,82.6,58.7,0.000,0.725,0.00,0.000,5.3,11.3,1.6,219,19,5.6,11.2,1.7,223,20,5.3,11.3,1.6,219,19,103,29.32,,,,,,,,,,
WHIT,2015-10-29 12:05:00 EDT,43.48507,-73.42307,120,63.8,64.0,63.8,83.0,58.6,0.000,0.725,0.00,0.000,5.7,9.3,1.6,227,14,6.1,9.8,1.6,232,13,5.7,9.3,1.6,227,14,122,29.32,,,,,,,,,,
WHIT,2015-10-29 12:10:00 EDT,43.48507,-73.42307,120,63.7,63.9,63.7,81.6,58.0,0.004,0.729,0.00,0.004,6.4,12.6,2.1,230,14,6.8,13.9,2.1,234,15,6.4,12.6,2.1,230,14,125,29.32,,,,,,,,,,
WHIT,2015-10-29 12:15:00 EDT,43.48507,-73.42307,120,63.4,63.7,63.4,81.8,57.7,0.004,0.733,0.00,0.007,7.0,11.8,2.2,227,15,7.2,12.1,2.2,232,16,7.0,11.8,2.2,227,15,89,29.32,,,,,,,,,,
WHIT,2015-10-29 12:20:00 EDT,43.48507,-73.42307,120,63.0,63.2,63.0,83.4,57.9,0.001,0.733,0.00,0.008,7.1,11.3,1.9,201,14,7.5,11.9,1.9,205,13,7.1,11.3,1.9,201,14,85,29.31,,,,,,,,,,
WHIT,2015-10-29 12:25:00 EDT,43.48507,-73.42307,120,62.7,63.0,62.7,85.4,58.3,0.000,0.733,0.00,0.008,5.1,8.9,1.4,204,11,5.3,8.9,1.4,207,12,5.1,8.9,1.4,204,11,71,29.31,,,,,,,,,,
WHIT,2015-10-29 12:30:00 EDT,43.48507,-73.42307,120,62.3,62.5,62.3,87.7,58.6,0.000,0.733,0.00,0.008,4.0,6.4,0.8,225,15,4.2,6.5,0.9,229,14,4.0,6.4,0.8,225,15,90,29.31,,,,,,,,,,
WHIT,2015-10-29 12:35:00 EDT,43.48507,-73.42307,120,62.5,62.7,62.5,87.3,58.7,0.000,0.733,0.00,0.008,4.8,9.5,1.4,202,17,5.1,10.1,1.6,205,16,4.8,9.5,1.4,202,17,60,29.31,,,,,,,,,,
WHIT,2015-10-29 12:40:00 EDT,43.48507,-73.42307,120,62.4,62.6,62.4,87.5,58.7,0.000,0.733,0.00,0.008,4.2,8.0,1.3,195,12,4.6,8.5,1.5,199,11,4.2,8.0,1.3,195,12,46,29.31,,,,,,,,,,
WHIT,2015-10-29 12:45:00 EDT,43.48507,-73.42307,120,62.0,62.2,62.0,88.8,58.6,0.011,0.744,0.00,0.019,6.2,13.3,2.1,221,18,6.4,13.2,2.2,226,18,6.2,13.3,2.1,221,18,44,29.32,,,,,,,,,,
WHIT,2015-10-29 12:50:00 EDT,43.48507,-73.42307,120,61.6,61.8,61.6,78.4,54.8,0.007,0.751,0.25,0.026,16.5,27.5,4.9,219,18,16.9,27.3,4.6,221,16,16.5,27.5,4.9,219,18,69,29.33,,,,,,,,,,
WHIT,2015-10-29 12:55:00 EDT,43.48507,-73.42307,120,59.8,60.1,59.8,77.9,52.9,0.015,0.766,0.46,0.041,13.5,22.4,3.5,232,16,14.1,23.9,3.6,236,17,13.5,22.4,3.5,232,16,77,29.33,,,,,,,,,,
WHIT,2015-10-29 13:00:00 EDT,43.48507,-73.42307,120,59.3,59.5,59.3,81.4,53.6,0.001,0.768,0.00,0.043,10.5,18.6,3.8,228,17,11.0,18.3,3.6,233,17,10.5,18.6,3.8,228,17,138,29.33,,,,,,,,,,
WHIT,2015-10-29 13:05:00 EDT,43.48507,-73.42307,120,59.8,60.0,59.8,80.1,53.7,0.000,0.768,0.00,0.043,9.9,18.8,3.0,230,15,10.3,20.1,3.3,236,15,9.9,18.8,3.0,230,15,140,29.32,,,,,,,,,,
WHIT,2015-10-29 13:10:00 EDT,43.48507,-73.42307,120,60.0,60.1,60.0,81.3,54.3,0.000,0.768,0.00,0.039,8.6,13.9,2.4,214,14,9.1,14.8,2.6,217,12,8.6,13.9,2.4,214,14,272,29.32,,,,,,,,,,
WHIT,2015-10-29 13:15:00 EDT,43.48507,-73.42307,120,60.5,60.4,60.5,81.8,55.0,0.000,0.768,0.00,0.035,7.5,11.0,1.6,210,14,7.9,12.3,1.7,212,12,7.5,11.0,1.6,210,14,278,29.33,,,,,,,,,,
WHIT,2015-10-29 13:20:00 EDT,43.48507,-73.42307,120,60.9,60.7,60.9,81.7,55.3,0.000,0.768,0.00,0.034,7.2,11.8,2.0,205,13,7.8,13.0,2.1,209,13,7.2,11.8,2.0,205,13,251,29.32,,,,,,,,,,
WHIT,2015-10-29 13:25:00 EDT,43.48507,-73.42307,120,61.2,61.0,61.2,81.7,55.5,0.000,0.768,0.00,0.034,7.9,11.3,1.8,207,17,8.2,12.1,1.8,209,16,7.9,11.3,1.8,207,17,260,29.32,,,,,,,,,,
WHIT,2015-10-29 13:30:00 EDT,43.48507,-73.42307,120,61.8,61.5,61.8,80.7,55.8,0.000,0.768,0.00,0.034,5.5,9.1,1.5,201,19,6.1,9.8,1.6,204,20,5.5,9.1,1.5,201,19,428,29.31,,,,,,,,,,
WHIT,2015-10-29 13:35:00 EDT,43.48507,-73.42307,120,62.6,62.1,62.6,77.1,55.3,0.000,0.768,0.00,0.034,7.9,13.2,2.2,206,16,8.3,15.0,2.2,208,15,7.9,13.2,2.2,206,16,377,29.31,,,,,,,,,,
WHIT,2015-10-29 13:40:00 EDT,43.48507,-73.42307,120,62.5,62.1,62.5,78.8,55.8,0.000,0.768,0.00,0.034,5.9,8.1,1.0,183,16,6.4,8.9,1.1,186,14,5.9,8.1,1.0,183,16,314,29.31,,,,,,,,,,
WHIT,2015-10-29 13:45:00 EDT,43.48507,-73.42307,120,62.7,62.3,62.7,77.4,55.5,0.000,0.768,0.00,0.023,7.2,10.2,1.2,191,13,7.8,11.4,1.3,194,11,7.2,10.2,1.2,191,13,285,29.31,,,,,,,,,,
WHIT,2015-10-29 13:50:00 EDT,43.48507,-73.42307,120,62.5,62.3,62.5,76.0,54.9,0.000,0.768,0.00,0.016,7.0,10.8,1.3,203,13,7.3,11.2,1.6,206,11,7.0,10.8,1.3,203,13,301,29.31,,,,,,,,,,
WHIT,2015-10-29 13:55:00 EDT,43.48507,-73.42307,120,62.3,62.2,62.3,75.0,54.2,0.000,0.768,0.00,0.001,8.5,10.6,1.3,198,10,9.0,13.0,1.5,199,9,8.5,10.6,1.3,198,10,213,29.31,,,,,,,,,,
WHIT,2015-10-29 14:00:00 EDT,43.48507,-73.42307,120,62.2,62.2,62.2,75.0,54.2,0.000,0.768,0.00,0.000,7.7,14.2,2.0,187,13,8.2,15.9,2.2,191,12,7.7,14.2,2.0,187,13,204,29.31,,,,,,,,,,
WHIT,2015-10-29 14:05:00 EDT,43.48507,-73.42307,120,62.0,62.1,62.0,71.4,52.7,0.000,0.768,0.00,0.000,9.4,17.7,3.1,207,14,9.9,20.8,3.3,209,11,9.4,17.7,3.1,207,14,208,29.32,,,,,,,,,,
WHIT,2015-10-29 14:10:00 EDT,43.48507,-73.42307,120,62.0,62.0,62.0,68.3,51.4,0.000,0.768,0.00,0.000,9.9,16.1,3.0,213,17,10.4,16.8,3.2,215,15,9.9,16.1,3.0,213,17,324,29.32,,,,,,,,,,
WHIT,2015-10-29 14:15:00 EDT,43.48507,-73.42307,120,62.2,62.2,62.2,64.8,50.2,0.000,0.768,0.00,0.000,9.0,14.5,2.2,226,22,9.6,16.6,2.4,232,22,9.0,14.5,2.2,226,22,308,29.31,,,,,,,,,,
WHIT,2015-10-29 14:20:00 EDT,43.48507,-73.42307,120,61.8,62.1,61.8,63.8,49.4,0.000,0.768,0.00,0.000,10.7,17.0,2.5,213,12,11.2,18.1,2.4,216,12,10.7,17.0,2.5,213,12,155,29.32,,,,,,,,,,
WHIT,2015-10-29 14:25:00 EDT,43.48507,-73.42307,120,61.5,61.9,61.5,64.0,49.2,0.000,0.768,0.00,0.000,8.7,15.1,3.0,226,19,9.1,15.7,2.9,232,21,8.7,15.1,3.0,226,19,150,29.32,,,,,,,,,,
WHIT,2015-10-29 14:30:00 EDT,43.48507,-73.42307,120,61.6,61.9,61.6,63.1,48.9,0.000,0.768,0.00,0.000,7.5,11.3,1.8,243,13,8.1,11.6,1.7,249,13,7.5,11.3,1.8,243,13,181,29.32,,,,,,,,,,
WHIT,2015-10-29 14:35:00 EDT,43.48507,-73.42307,120,61.5,61.9,61.5,56.1,45.7,0.000,0.768,0.00,0.000,10.6,19.8,3.8,253,13,11.7,21.0,4.2,260,10,10.6,19.8,3.8,253,13,140,29.33,,,,,,,,,,
WHIT,2015-10-29 14:40:00 EDT,43.48507,-73.42307,120,61.1,61.5,61.1,52.5,43.6,0.000,0.768,0.00,0.000,11.8,19.7,3.3,262,17,12.7,19.9,3.4,268,16,11.8,19.7,3.3,262,17,191,29.33,,,,,,,,,,
WHIT,2015-10-29 14:45:00 EDT,43.48507,-73.42307,120,60.9,61.2,60.9,53.0,43.6,0.000,0.768,0.00,0.000,10.3,16.4,3.1,255,12,11.2,18.1,3.3,262,10,10.3,16.4,3.1,255,12,199,29.32,,,,,,,,,,
WHIT,2015-10-29 14:50:00 EDT,43.48507,-73.42307,120,60.7,61.1,60.7,53.8,43.9,0.000,0.768,0.00,0.000,10.6,20.7,3.1,274,10,11.8,22.4,3.3,278,9,10.6,20.7,3.1,274,10,184,29.32,,,,,,,,,,
WHIT,2015-10-29 14:55:00 EDT,43.48507,-73.42307,120,60.5,61.0,60.5,54.4,44.0,0.000,0.768,0.00,0.000,9.4,14.8,3.0,258,18,10.2,15.7,3.2,264,16,9.4,14.8,3.0,258,18,172,29.32,,,,,,,,,,
WHIT,2015-10-29 15:00:00 EDT,43.48507,-73.42307,120,60.6,60.9,60.6,54.1,43.9,0.000,0.768,0.00,0.000,8.5,14.2,3.0,248,17,9.3,15.0,3.1,256,15,8.5,14.2,3.0,248,17,160,29.33,,,,,,,,,,
WHIT,2015-10-29 15:05:00 EDT,43.48507,-73.42307,120,60.4,60.7,60.4,55.7,44.5,0.000,0.768,0.00,0.000,5.7,10.7,2.0,249,19,6.3,12.5,2.2,255,20,5.7,10.7,2.0,249,19,181,29.33,,,,,,,,,,
WHIT,2015-10-29 15:10:00 EDT,43.48507,-73.42307,120,60.3,60.6,60.3,56.2,44.7,0.000,0.768,0.00,0.000,6.9,17.1,3.1,242,16,7.4,19.0,3.3,247,17,6.9,17.1,3.1,242,16,192,29.33,,,,,,,,,,
WHIT,2015-10-29 15:15:00 EDT,43.48507,-73.42307,120,60.1,60.4,60.1,54.5,43.7,0.000,0.768,0.00,0.000,12.4,22.2,4.6,259,17,13.5,25.5,5.0,264,16,12.4,22.2,4.6,259,17,195,29.33,,,,,,,,,,
WHIT,2015-10-29 15:20:00 EDT,43.48507,-73.42307,120,59.8,60.0,59.8,55.6,43.9,0.000,0.768,0.00,0.000,6.1,10.6,1.8,245,23,6.7,11.4,2.0,251,24,6.1,10.6,1.8,245,23,213,29.33,,,,,,,,,,
WHIT,2015-10-29 15:25:00 EDT,43.48507,-73.42307,120,59.6,59.8,59.6,55.2,43.6,0.000,0.768,0.00,0.000,7.3,12.9,2.8,240,13,7.9,13.9,3.0,246,14,7.3,12.9,2.8,240,13,239,29.33,,,,,,,,,,
WHIT,2015-10-29 15:30:00 EDT,43.48507,-73.42307,120,59.9,60.0,59.9,53.8,43.2,0.000,0.768,0.00,0.000,9.4,15.3,2.7,281,21,10.1,16.1,2.8,289,20,9.4,15.3,2.7,281,21,370,29.33,,,,,,,,,,
WHIT,2015-10-29 15:35:00 EDT,43.48507,-73.42307,120,59.8,59.7,59.8,53.6,42.9,0.000,0.768,0.00,0.000,12.6,20.8,3.0,280,16,13.7,22.6,3.3,286,14,12.6,20.8,3.0,280,16,358,29.33,,,,,,,,,,
WHIT,2015-10-29 15:40:00 EDT,43.48507,-73.42307,120,59.0,59.2,59.0,54.3,42.6,0.000,0.768,0.00,0.000,13.3,25.4,5.0,272,22,14.4,25.5,5.4,279,19,13.3,25.4,5.0,272,22,196,29.33,,,,,,,,,,
WHIT,2015-10-29 15:45:00 EDT,43.48507,-73.42307,120,58.3,58.7,58.3,54.6,42.0,0.000,0.768,0.00,0.000,11.1,18.6,3.7,263,21,12.2,20.4,3.9,268,21,11.1,18.6,3.7,263,21,125,29.33,,,,,,,,,,
WHIT,2015-10-29 15:50:00 EDT,43.48507,-73.42307,120,58.1,58.5,58.1,53.8,41.5,0.000,0.768,0.00,0.000,14.0,22.9,3.5,270,18,15.3,24.6,3.6,276,17,14.0,22.9,3.5,270,18,122,29.33,,,,,,,,,,
WHIT,2015-10-29 15:55:00 EDT,43.48507,-73.42307,120,57.8,58.2,57.8,54.1,41.3,0.000,0.768,0.00,0.000,14.0,23.9,3.8,282,19,15.2,26.8,4.1,288,15,14.0,23.9,3.8,282,19,105,29.34,,,,,,,,,,
WHIT,2015-10-29 16:00:00 EDT,43.48507,-73.42307,120,57.5,57.8,57.5,54.8,41.3,0.000,0.768,0.00,0.000,15.3,24.8,4.7,274,18,16.4,26.4,4.8,280,16,15.3,24.8,4.7,274,18,86,29.34,,,,,,,,,,
WHIT,2015-10-29 16:05:00 EDT,43.48507,-73.42307,120,57.4,57.7,57.4,54.5,41.1,0.000,0.768,0.00,0.000,13.4,23.9,4.8,278,21,14.6,24.2,4.8,285,20,13.4,23.9,4.8,278,21,88,29.35,,,,,,,,,,
WHIT,2015-10-29 16:10:00 EDT,43.48507,-73.42307,120,57.6,57.8,57.6,53.8,41.0,0.000,0.768,0.00,0.000,12.5,23.8,4.1,283,20,13.4,25.3,4.4,289,19,12.5,23.8,4.1,283,20,252,29.35,,,,,,,,,,
WHIT,2015-10-29 16:15:00 EDT,43.48507,-73.42307,120,58.1,58.1,58.1,51.1,40.1,0.000,0.768,0.00,0.000,11.1,19.8,3.2,260,17,12.4,21.9,3.5,266,13,11.1,19.8,3.2,260,17,250,29.35,,,,,,,,,,
WHIT,2015-10-29 16:20:00 EDT,43.48507,-73.42307,120,58.2,58.3,58.2,47.2,38.1,0.000,0.768,0.00,0.000,13.1,22.1,3.8,280,22,,,,0,0,13.1,22.1,3.8,280,22,261,29.35,,,,,,,,,,
WHIT,2015-10-29 16:25:00 EDT,43.48507,-73.42307,120,58.3,58.4,58.3,44.9,37.0,0.000,0.768,0.00,0.000,13.5,27.1,3.8,238,19,,,,0,0,13.5,27.1,3.8,238,19,280,29.36,,,,,,,,,,
WHIT,2015-10-29 16:30:00 EDT,43.48507,-73.42307,120,58.1,58.3,58.1,45.9,37.3,0.000,0.768,0.00,0.000,10.7,17.0,3.0,232,20,11.2,18.1,3.0,238,20,10.7,17.0,3.0,232,20,234,29.35,,,,,,,,,,
WHIT,2015-10-29 16:35:00 EDT,43.48507,-73.42307,120,57.9,58.2,57.9,45.9,37.1,0.000,0.768,0.00,0.000,9.5,17.5,3.1,226,17,10.1,18.1,3.0,231,17,9.5,17.5,3.1,226,17,197,29.36,,,,,,,,,,
WHIT,2015-10-29 16:40:00 EDT,43.48507,-73.42307,120,57.6,58.1,57.6,45.0,36.4,0.000,0.768,0.00,0.000,9.8,19.4,3.0,241,15,10.7,19.2,3.1,247,15,9.8,19.4,3.0,241,15,154,29.36,,,,,,,,,,
WHIT,2015-10-29 16:45:00 EDT,43.48507,-73.42307,120,57.6,58.1,57.6,43.3,35.4,0.000,0.768,0.00,0.000,12.5,19.7,3.0,250,17,13.6,21.9,3.5,257,16,12.5,19.7,3.0,250,17,126,29.36,,,,,,,,,,
WHIT,2015-10-29 16:50:00 EDT,43.48507,-73.42307,120,57.3,57.8,57.3,43.0,35.0,0.000,0.768,0.00,0.000,12.5,22.7,3.9,235,18,13.1,23.0,4.1,241,19,12.5,22.7,3.9,235,18,70,29.37,,,,,,,,,,
WHIT,2015-10-29 16:55:00 EDT,43.48507,-73.42307,120,57.0,57.6,57.0,42.7,34.6,0.000,0.768,0.00,0.000,9.4,16.6,3.2,239,21,10.0,17.2,3.3,245,21,9.4,16.6,3.2,239,21,89,29.37,,,,,,,,,,
WHIT,2015-10-29 17:00:00 EDT,43.48507,-73.42307,120,56.9,57.5,56.9,42.0,34.1,0.000,0.768,0.00,0.000,9.7,15.8,2.9,255,18,10.6,19.0,3.0,262,18,9.7,15.8,2.9,255,18,87,29.37,,,,,,,,,,
WHIT,2015-10-29 17:05:00 EDT,43.48507,-73.42307,120,56.9,57.5,56.9,41.3,33.7,0.000,0.768,0.00,0.000,8.3,12.9,2.5,254,21,9.1,14.3,2.7,261,18,8.3,12.9,2.5,254,21,104,29.37,,,,,,,,,,
WHIT,2015-10-29 17:10:00 EDT,43.48507,-73.42307,120,56.5,57.3,56.5,41.6,33.4,0.000,0.768,0.00,0.000,7.1,12.5,2.3,265,19,8.0,15.0,2.5,272,16,7.1,12.5,2.3,265,19,89,29.37,,,,,,,,,,
WHIT,2015-10-29 17:15:00 EDT,43.48507,-73.42307,120,56.8,57.5,56.8,39.5,32.5,0.000,0.768,0.00,0.000,11.4,20.4,3.8,264,16,12.4,21.7,4.2,270,14,11.4,20.4,3.8,264,16,72,29.38,,,,,,,,,,
WHIT,2015-10-29 17:20:00 EDT,43.48507,-73.42307,120,56.3,57.2,56.3,40.3,32.5,0.000,0.768,0.00,0.000,9.1,16.2,2.6,242,19,9.8,17.4,2.8,246,20,9.1,16.2,2.6,242,19,33,29.38,,,,,,,,,,
WHIT,2015-10-29 17:25:00 EDT,43.48507,-73.42307,120,56.0,56.9,56.0,40.7,32.5,0.000,0.768,0.00,0.000,9.2,18.6,2.9,242,21,9.8,19.0,2.7,248,23,9.2,18.6,2.9,242,21,22,29.38,,,,,,,,,,
WHIT,2015-10-29 17:30:00 EDT,43.48507,-73.42307,120,56.3,57.1,56.3,39.2,31.7,0.000,0.768,0.00,0.000,12.0,23.3,4.3,242,18,12.6,24.4,4.6,248,17,12.0,23.3,4.3,242,18,21,29.38,,,,,,,,,,
WHIT,2015-10-29 17:35:00 EDT,43.48507,-73.42307,120,55.7,56.5,55.7,40.5,32.0,0.000,0.768,0.00,0.000,8.7,17.5,3.9,250,16,9.7,19.0,4.2,255,16,8.7,17.5,3.9,250,16,18,29.39,,,,,,,,,,
WHIT,2015-10-29 17:40:00 EDT,43.48507,-73.42307,120,55.7,56.7,55.7,39.9,31.7,0.000,0.768,0.00,0.000,9.3,17.0,2.5,261,25,10.2,15.9,2.8,267,23,9.3,17.0,2.5,261,25,14,29.39,,,,,,,,,,
WHIT,2015-10-29 17:45:00 EDT,43.48507,-73.42307,120,55.7,56.7,55.7,39.3,31.3,0.000,0.768,0.00,0.000,7.5,12.1,1.9,241,22,8.1,13.0,2.0,248,23,7.5,12.1,1.9,241,22,10,29.39,,,,,,,,,,
WHIT,2015-10-29 17:50:00 EDT,43.48507,-73.42307,120,55.1,56.1,55.1,40.2,31.3,0.000,0.768,0.00,0.000,5.7,10.9,2.7,247,22,6.3,11.6,2.7,251,21,5.7,10.9,2.7,247,22,9,29.39,,,,,,,,,,
WHIT,2015-10-29 17:55:00 EDT,43.48507,-73.42307,120,55.2,56.3,55.2,39.9,31.3,0.000,0.768,0.00,0.000,8.5,15.3,2.7,259,19,9.4,17.9,3.1,265,19,8.5,15.3,2.7,259,19,7,29.39,,,,,,,,,,
WHIT,2015-10-29 18:00:00 EDT,43.48507,-73.42307,120,55.1,56.2,55.1,40.0,31.1,0.000,0.768,0.00,0.000,7.7,13.9,2.4,262,20,8.6,15.9,2.7,269,19,7.7,13.9,2.4,262,20,5,29.39,,,,,,,,,,
WHIT,2015-10-29 18:05:00 EDT,43.48507,-73.42307,120,54.8,55.9,54.8,40.4,31.2,0.000,0.768,0.00,0.000,7.3,12.4,2.4,266,16,8.2,13.4,2.6,270,12,7.3,12.4,2.4,266,16,1,29.40,,,,,,,,,,
WHIT,2015-10-29 18:10:00 EDT,43.48507,-73.42307,120,54.7,55.9,54.7,40.3,31.1,0.000,0.768,0.00,0.000,8.8,13.9,2.5,265,16,9.7,15.4,2.7,272,14,8.8,13.9,2.5,265,16,1,29.40,,,,,,,,,,
WHIT,2015-10-29 18:15:00 EDT,43.48507,-73.42307,120,55.1,56.2,55.1,39.3,30.8,0.000,0.768,0.00,0.000,7.1,13.4,2.2,259,11,7.8,14.8,2.5,265,10,7.1,13.4,2.2,259,11,0,29.40,,,,,,,,,,
WHIT,2015-10-29 18:20:00 EDT,43.48507,-73.42307,120,54.3,55.8,54.3,40.5,30.8,0.000,0.768,0.00,0.000,6.8,12.1,2.1,245,17,7.5,13.4,2.3,251,17,6.8,12.1,2.1,245,17,0,29.40,,,,,,,,,,
WHIT,2015-10-29 18:25:00 EDT,43.48507,-73.42307,120,54.0,55.2,54.0,41.6,31.2,0.000,0.768,0.00,0.000,3.9,7.4,1.4,256,14,4.3,8.1,1.6,261,13,3.9,7.4,1.4,256,14,0,29.41,,,,,,,,,,
WHIT,2015-10-29 18:30:00 EDT,43.48507,-73.42307,120,53.8,54.9,53.8,42.1,31.3,0.000,0.768,0.00,0.000,4.0,8.5,1.5,251,23,4.5,9.4,1.7,258,25,4.0,8.5,1.5,251,23,0,29.41,,,,,,,,,,
WHIT,2015-10-29 18:35:00 EDT,43.48507,-73.42307,120,53.6,55.0,53.6,42.2,31.1,0.000,0.768,0.00,0.000,5.3,10.0,1.6,242,19,5.9,11.4,1.8,248,18,5.3,10.0,1.6,242,19,0,29.41,,,,,,,,,,
WHIT,2015-10-29 18:40:00 EDT,43.48507,-73.42307,120,53.6,54.8,53.6,42.0,31.0,0.000,0.768,0.00,0.000,5.1,10.7,1.9,231,17,5.5,11.9,2.1,235,18,5.1,10.7,1.9,231,17,0,29.41,,,,,,,,,,
WHIT,2015-10-29 18:45:00 EDT,43.48507,-73.42307,120,53.8,55.1,53.8,41.8,31.1,0.000,0.768,0.00,0.000,7.3,13.3,2.4,239,14,7.7,14.3,2.5,245,14,7.3,13.3,2.4,239,14,0,29.41,,,,,,,,,,
WHIT,2015-10-29 18:50:00 EDT,43.48507,-73.42307,120,53.3,54.8,53.3,42.5,31.1,0.000,0.768,0.00,0.000,4.0,7.0,1.1,223,18,4.4,8.3,1.4,229,18,4.0,7.0,1.1,223,18,0,29.41,,,,,,,,,,
WHIT,2015-10-29 18:55:00 EDT,43.48507,-73.42307,120,52.9,54.6,52.9,43.7,31.4,0.000,0.768,0.00,0.000,4.6,7.7,1.1,231,18,5.0,8.3,1.2,236,18,4.6,7.7,1.1,231,18,0,29.41,,,,,,,,,,
WHIT,2015-10-29 19:00:00 EDT,43.48507,-73.42307,120,52.9,54.3,52.9,44.0,31.6,0.000,0.768,0.00,0.000,4.8,11.4,1.9,224,14,5.0,11.6,1.9,230,13,4.8,11.4,1.9,224,14,0,29.41,,,,,,,,,,
WHIT,2015-10-29 19:05:00 EDT,43.48507,-73.42307,120,51.3,54.1,51.3,46.3,31.3,0.000,0.768,0.00,0.000,4.8,8.5,1.4,216,10,5.0,8.5,1.3,220,10,4.8,8.5,1.4,216,10,0,29.41,,,,,,,,,,
WHIT,2015-10-29 19:10:00 EDT,43.48507,-73.42307,120,51.8,54.2,51.8,46.7,32.0,0.000,0.768,0.00,0.000,7.2,13.6,2.5,235,19,7.8,14.8,2.7,239,17,7.2,13.6,2.5,235,19,0,29.41,,,,,,,,,,
WHIT,2015-10-29 19:15:00 EDT,43.48507,-73.42307,120,51.5,53.9,51.5,47.2,32.0,0.000,0.768,0.00,0.000,4.4,6.9,1.3,237,15,4.9,8.5,1.4,242,16,4.4,6.9,1.3,237,15,0,29.41,,,,,,,,,,
WHIT,2015-10-29 19:20:00 EDT,43.48507,-73.42307,120,50.9,53.8,50.9,48.8,32.3,0.000,0.768,0.00,0.000,4.4,7.9,1.8,228,15,5.0,9.2,1.8,233,17,4.4,7.9,1.8,228,15,0,29.41,,,,,,,,,,
WHIT,2015-10-29 19:25:00 EDT,43.48507,-73.42307,120,51.3,53.4,51.3,48.2,32.4,0.000,0.768,0.00,0.000,5.4,9.4,1.2,234,11,5.9,10.5,1.3,240,12,5.4,9.4,1.2,234,11,0,29.42,,,,,,,,,,
WHIT,2015-10-29 19:30:00 EDT,43.48507,-73.42307,120,51.3,53.0,51.3,47.6,32.1,0.000,0.768,0.00,0.000,4.3,9.2,1.8,233,28,4.7,11.4,2.0,237,29,4.3,9.2,1.8,233,28,0,29.42,,,,,,,,,,
WHIT,2015-10-29 19:35:00 EDT,43.48507,-73.42307,120,52.1,53.6,52.1,45.5,31.7,0.000,0.768,0.00,0.000,6.7,13.6,2.4,234,19,7.2,14.5,2.4,239,19,6.7,13.6,2.4,234,19,0,29.42,,,,,,,,,,
WHIT,2015-10-29 19:40:00 EDT,43.48507,-73.42307,120,50.8,52.8,50.8,49.4,32.5,0.000,0.768,0.00,0.000,5.6,9.1,1.4,222,19,6.0,10.3,1.6,226,20,5.6,9.1,1.4,222,19,0,29.42,,,,,,,,,,
WHIT,2015-10-29 19:45:00 EDT,43.48507,-73.42307,120,50.5,52.6,50.5,49.5,32.3,0.000,0.768,0.00,0.000,5.4,9.3,1.7,225,23,6.0,10.3,1.9,230,23,5.4,9.3,1.7,225,23,0,29.43,,,,,,,,,,
WHIT,2015-10-29 19:50:00 EDT,43.48507,-73.42307,120,51.6,53.0,51.6,47.8,32.5,0.000,0.768,0.00,0.000,8.3,15.4,3.2,250,25,9.3,17.0,3.3,257,22,8.3,15.4,3.2,250,25,0,29.43,,,,,,,,,,
WHIT,2015-10-29 19:55:00 EDT,43.48507,-73.42307,120,53.0,53.8,53.0,43.2,31.2,0.000,0.768,0.00,0.000,9.6,18.7,3.6,236,16,10.2,18.3,3.6,242,17,9.6,18.7,3.6,236,16,0,29.43,,,,,,,,,,
WHIT,2015-10-29 20:00:00 EDT,43.48507,-73.42307,120,53.0,53.8,53.0,42.7,30.9,0.000,0.768,0.00,0.000,5.6,10.9,2.3,245,21,6.2,13.0,2.4,251,21,5.6,10.9,2.3,245,21,0,29.44,,,,,,,,,,
WHIT,2015-10-29 20:05:00 EDT,43.48507,-73.42307,120,52.1,53.3,52.1,44.1,30.9,0.000,0.768,0.00,0.000,4.4,11.2,2.2,247,24,5.0,13.0,2.3,252,23,4.4,11.2,2.2,247,24,0,29.44,,,,,,,,,,
WHIT,2015-10-29 20:10:00 EDT,43.48507,-73.42307,120,51.9,53.1,51.9,44.8,31.1,0.000,0.768,0.00,0.000,5.5,10.3,2.0,259,27,6.1,11.0,2.1,266,27,5.5,10.3,2.0,259,27,0,29.44,,,,,,,,,,
WHIT,2015-10-29 20:15:00 EDT,43.48507,-73.42307,120,52.5,53.4,52.5,43.4,30.8,0.000,0.768,0.00,0.000,6.0,11.8,2.4,244,23,6.6,13.0,2.6,250,24,6.0,11.8,2.4,244,23,0,29.44,,,,,,,,,,
WHIT,2015-10-29 20:20:00 EDT,43.48507,-73.42307,120,52.7,53.5,52.7,43.1,30.9,0.000,0.768,0.00,0.000,10.5,19.1,3.9,262,16,11.7,20.4,4.4,269,14,10.5,19.1,3.9,262,16,0,29.44,,,,,,,,,,
WHIT,2015-10-29 20:25:00 EDT,43.48507,-73.42307,120,52.6,53.4,52.6,43.5,31.0,0.000,0.768,0.00,0.000,8.5,15.9,3.9,246,22,9.4,17.9,4.0,251,22,8.5,15.9,3.9,246,22,0,29.45,,,,,,,,,,
WHIT,2015-10-29 20:30:00 EDT,43.48507,-73.42307,120,52.7,53.4,52.7,43.9,31.4,0.000,0.768,0.00,0.000,11.2,24.6,4.7,252,19,12.4,24.6,4.9,260,16,11.2,24.6,4.7,252,19,0,29.45,,,,,,,,,,
WHIT,2015-10-29 20:35:00 EDT,43.48507,-73.42307,120,53.0,53.5,53.0,43.3,31.2,0.000,0.768,0.00,0.000,12.3,22.3,5.4,249,21,,,,0,0,12.3,22.3,5.4,249,21,0,29.45,,,,,,,,,,
WHIT,2015-10-29 20:40:00 EDT,43.48507,-73.42307,120,52.4,53.0,52.4,44.6,31.5,0.000,0.768,0.00,0.000,8.2,18.3,2.4,234,18,8.7,18.3,2.5,239,19,8.2,18.3,2.4,234,18,0,29.45,,,,,,,,,,
WHIT,2015-10-29 20:45:00 EDT,43.48507,-73.42307,120,52.3,53.0,52.3,44.7,31.4,0.000,0.768,0.00,0.000,9.0,19.4,3.2,228,17,,,,0,0,9.0,19.4,3.2,228,17,0,29.45,,,,,,,,,,
WHIT,2015-10-29 20:50:00 EDT,43.48507,-73.42307,120,52.1,52.8,52.1,44.7,31.2,0.000,0.768,0.00,0.000,8.6,18.2,3.4,227,13,,,,0,0,8.6,18.2,3.4,227,13,0,29.45,,,,,,,,,,
WHIT,2015-10-29 20:55:00 EDT,43.48507,-73.42307,120,52.0,52.7,52.0,45.0,31.3,0.000,0.768,0.00,0.000,8.2,16.5,2.5,232,15,9.0,17.4,2.4,237,15,8.2,16.5,2.5,232,15,0,29.45,,,,,,,,,,
WHIT,2015-10-29 21:00:00 EDT,43.48507,-73.42307,120,51.5,52.5,51.5,45.1,30.9,0.000,0.768,0.00,0.000,5.0,10.4,1.7,208,20,5.4,11.6,1.8,210,20,5.0,10.4,1.7,208,20,0,29.45,,,,,,,,,,
WHIT,2015-10-29 21:05:00 EDT,43.48507,-73.42307,120,50.9,52.2,50.9,46.6,31.2,0.000,0.768,0.00,0.000,6.4,10.6,1.4,239,27,6.7,10.5,1.5,244,25,6.4,10.6,1.4,239,27,0,29.45,,,,,,,,,,
WHIT,2015-10-29 21:10:00 EDT,43.48507,-73.42307,120,50.8,52.1,50.8,46.8,31.2,0.000,0.768,0.00,0.000,7.3,12.8,2.2,227,21,7.8,13.9,2.4,232,21,7.3,12.8,2.2,227,21,0,29.45,,,,,,,,,,
WHIT,2015-10-29 21:15:00 EDT,43.48507,-73.42307,120,51.6,52.4,51.6,45.0,31.0,0.000,0.768,0.00,0.000,8.7,12.9,2.1,234,12,9.0,13.9,2.1,240,13,8.7,12.9,2.1,234,12,0,29.45,,,,,,,,,,
WHIT,2015-10-29 21:20:00 EDT,43.48507,-73.42307,120,51.4,52.4,51.4,45.4,31.0,0.000,0.768,0.00,0.000,6.4,11.7,1.8,235,16,6.8,11.9,1.9,239,17,6.4,11.7,1.8,235,16,0,29.46,,,,,,,,,,
WHIT,2015-10-29 21:25:00 EDT,43.48507,-73.42307,120,50.8,52.0,50.8,46.7,31.1,0.000,0.768,0.00,0.000,3.5,6.4,1.3,222,22,3.8,7.4,1.4,227,23,3.5,6.4,1.3,222,22,0,29.46,,,,,,,,,,
WHIT,2015-10-29 21:30:00 EDT,43.48507,-73.42307,120,51.0,52.1,51.0,46.0,30.9,0.000,0.768,0.00,0.000,8.6,17.9,3.2,238,26,9.4,20.4,3.6,244,27,8.6,17.9,3.2,238,26,0,29.47,,,,,,,,,,
WHIT,2015-10-29 21:35:00 EDT,43.48507,-73.42307,120,51.8,52.5,51.8,44.3,30.7,0.000,0.768,0.00,0.000,9.5,16.1,2.7,254,20,10.3,18.3,2.9,260,20,9.5,16.1,2.7,254,20,0,29.47,,,,,,,,,,
WHIT,2015-10-29 21:40:00 EDT,43.48507,-73.42307,120,50.8,52.0,50.8,46.6,31.0,0.000,0.768,0.00,0.000,6.0,12.3,2.2,226,15,6.7,14.1,2.4,231,16,6.0,12.3,2.2,226,15,0,29.47,,,,,,,,,,
WHIT,2015-10-29 21:45:00 EDT,43.48507,-73.42307,120,51.1,52.0,51.1,46.0,31.0,0.000,0.768,0.00,0.000,9.3,15.1,3.0,239,16,10.0,15.2,2.9,244,15,9.3,15.1,3.0,239,16,0,29.47,,,,,,,,,,
WHIT,2015-10-29 21:50:00 EDT,43.48507,-73.42307,120,51.2,52.0,51.2,45.6,30.9,0.000,0.768,0.00,0.000,8.4,14.2,1.9,230,16,8.9,16.3,2.1,235,15,8.4,14.2,1.9,230,16,0,29.47,,,,,,,,,,
WHIT,2015-10-29 21:55:00 EDT,43.48507,-73.42307,120,50.9,51.8,50.9,46.1,30.9,0.000,0.768,0.00,0.000,10.1,17.5,3.4,244,16,10.9,19.7,3.8,250,16,10.1,17.5,3.4,244,16,0,29.47,,,,,,,,,,
WHIT,2015-10-29 22:00:00 EDT,43.48507,-73.42307,120,50.9,51.7,50.9,46.3,31.0,0.000,0.768,0.00,0.000,8.2,23.2,3.6,245,21,9.0,27.5,3.9,250,22,8.2,23.2,3.6,245,21,0,29.48,,,,,,,,,,
WHIT,2015-10-29 22:05:00 EDT,43.48507,-73.42307,120,51.2,51.8,51.2,46.1,31.2,0.000,0.768,0.00,0.000,16.0,29.0,3.9,241,14,,,,0,0,16.0,29.0,3.9,241,14,0,29.48,,,,,,,,,,
WHIT,2015-10-29 22:10:00 EDT,43.48507,-73.42307,120,51.1,51.5,51.1,46.8,31.5,0.000,0.768,0.00,0.000,17.1,38.1,6.2,238,17,,,,0,0,17.1,38.1,6.2,238,17,0,29.48,,,,,,,,,,
WHIT,2015-10-29 22:15:00 EDT,43.48507,-73.42307,120,50.8,51.3,50.8,48.0,31.9,0.000,0.768,0.00,0.000,20.5,33.8,5.9,230,13,21.1,35.6,6.0,235,12,20.5,33.8,5.9,230,13,0,29.48,,,,,,,,,,
WHIT,2015-10-29 22:20:00 EDT,43.48507,-73.42307,120,50.8,51.2,50.8,48.4,32.1,0.000,0.768,0.00,0.000,17.6,37.0,5.3,252,14,19.0,37.6,5.4,259,12,17.6,37.0,5.3,252,14,0,29.48,,,,,,,,,,
WHIT,2015-10-29 22:25:00 EDT,43.48507,-73.42307,120,50.6,51.0,50.6,49.2,32.3,0.000,0.768,0.00,0.000,19.4,35.1,5.7,242,16,20.5,34.9,5.8,248,13,19.4,35.1,5.7,242,16,0,29.47,,,,,,,,,,
WHIT,2015-10-29 22:30:00 EDT,43.48507,-73.42307,120,50.5,50.8,50.5,50.1,32.6,0.000,0.768,0.00,0.000,17.4,31.9,6.3,250,18,18.7,35.3,6.5,256,16,17.4,31.9,6.3,250,18,0,29.47,,,,,,,,,,
WHIT,2015-10-29 22:35:00 EDT,43.48507,-73.42307,120,50.3,50.6,50.3,50.7,32.7,0.000,0.768,0.00,0.000,15.4,25.6,4.4,252,19,16.8,29.3,4.6,257,18,15.4,25.6,4.4,252,19,0,29.47,,,,,,,,,,
WHIT,2015-10-29 22:40:00 EDT,43.48507,-73.42307,120,50.2,50.5,50.2,51.5,33.0,0.000,0.768,0.00,0.000,17.5,32.2,5.2,255,18,18.9,34.7,5.5,262,14,17.5,32.2,5.2,255,18,0,29.48,,,,,,,,,,
WHIT,2015-10-29 22:45:00 EDT,43.48507,-73.42307,120,50.0,50.3,44.5,52.1,33.1,0.000,0.768,0.00,0.000,15.5,27.4,4.2,248,17,16.4,29.1,4.5,255,13,15.5,27.4,4.2,248,17,0,29.48,,,,,,,,,,
WHIT,2015-10-29 22:50:00 EDT,43.48507,-73.42307,120,49.3,49.8,45.2,54.0,33.4,0.000,0.768,0.00,0.000,9.9,18.0,3.7,228,18,10.7,23.0,3.8,233,19,9.9,18.0,3.7,228,18,0,29.48,,,,,,,,,,
WHIT,2015-10-29 22:55:00 EDT,43.48507,-73.42307,120,49.1,49.5,44.5,54.8,33.5,0.000,0.768,0.00,0.000,11.4,22.3,3.6,226,21,12.1,23.5,3.6,230,21,11.4,22.3,3.6,226,21,0,29.49,,,,,,,,,,
WHIT,2015-10-29 23:00:00 EDT,43.48507,-73.42307,120,48.9,49.5,43.1,54.9,33.4,0.000,0.768,0.00,0.000,15.3,27.0,5.5,224,18,16.2,30.0,5.6,228,17,15.3,27.0,5.5,224,18,0,29.50,,,,,,,,,,
WHIT,2015-10-29 23:05:00 EDT,43.48507,-73.42307,120,49.1,49.5,44.1,54.1,33.2,0.000,0.768,0.00,0.000,12.6,24.8,4.9,219,15,13.2,24.2,4.9,222,13,12.6,24.8,4.9,219,15,0,29.50,,,,,,,,,,
WHIT,2015-10-29 23:10:00 EDT,43.48507,-73.42307,120,48.7,49.1,44.9,55.1,33.3,0.000,0.768,0.00,0.000,8.7,18.2,3.0,221,23,9.4,21.0,3.1,227,24,8.7,18.2,3.0,221,23,0,29.51,,,,,,,,,,
WHIT,2015-10-29 23:15:00 EDT,43.48507,-73.42307,120,48.6,49.1,44.3,55.4,33.4,0.000,0.768,0.00,0.000,10.1,28.6,5.5,242,21,11.1,29.5,5.8,248,22,10.1,28.6,5.5,242,21,0,29.51,,,,,,,,,,
WHIT,2015-10-29 23:20:00 EDT,43.48507,-73.42307,120,49.1,49.5,46.6,53.6,33.0,0.000,0.768,0.00,0.000,6.1,18.4,4.4,242,48,6.9,19.0,4.5,246,50,6.1,18.4,4.4,242,48,0,29.52,,,,,,,,,,
WHIT,2015-10-29 23:25:00 EDT,43.48507,-73.42307,120,48.6,49.1,45.2,55.2,33.3,0.000,0.768,0.00,0.000,7.7,13.9,2.1,205,43,8.4,15.4,2.3,211,43,7.7,13.9,2.1,205,43,0,29.52,,,,,,,,,,
WHIT,2015-10-29 23:30:00 EDT,43.48507,-73.42307,120,48.8,49.2,47.0,55.4,33.5,0.000,0.768,0.00,0.000,4.7,10.8,2.9,227,33,5.3,12.8,3.1,231,34,4.7,10.8,2.9,227,33,0,29.53,,,,,,,,,,
WHIT,2015-10-29 23:35:00 EDT,43.48507,-73.42307,120,49.0,49.3,46.0,54.6,33.4,0.000,0.768,0.00,0.000,6.9,14.1,2.6,205,27,7.4,15.7,2.6,208,28,6.9,14.1,2.6,205,27,0,29.53,,,,,,,,,,
WHIT,2015-10-29 23:40:00 EDT,43.48507,-73.42307,120,48.8,49.3,45.5,55.6,33.6,0.000,0.768,0.00,0.000,7.5,12.6,1.9,191,14,8.1,14.3,2.0,193,13,7.5,12.6,1.9,191,14,0,29.52,,,,,,,,,,
WHIT,2015-10-29 23:45:00 EDT,43.48507,-73.42307,120,48.8,49.2,46.2,56.2,33.9,0.000,0.768,0.00,0.000,6.0,11.0,2.5,191,18,6.4,10.7,2.4,195,17,6.0,11.0,2.5,191,18,0,29.53,,,,,,,,,,
WHIT,2015-10-29 23:50:00 EDT,43.48507,-73.42307,120,49.0,49.3,45.3,56.0,34.0,0.000,0.768,0.00,0.000,8.5,14.6,2.2,218,21,8.9,14.1,2.2,222,22,8.5,14.6,2.2,218,21,0,29.53,,,,,,,,,,
WHIT,2015-10-29 23:55:00 EDT,43.48507,-73.42307,120,48.7,49.2,45.8,56.9,34.1,0.000,0.768,0.00,0.000,6.6,11.9,1.9,199,16,7.0,12.8,2.0,203,14,6.6,11.9,1.9,199,16,0,29.52,,,,,,,,,,
