station,time,latitude [degrees_north],longitude [degrees_east],elevation [feet],temp_2m [degF],temp_9m [degF],apparent_temperature [degF],relative_humidity [percent],dewpoint [degF],precip_incremental [inch],precip_local [inch],precip_max_intensity [inch/hour],precip_1hr [inch],avg_wind_speed_prop [mile/hr],max_wind_speed_prop [mile/hr],wind_speed_stddev_prop [mile/hr],wind_direction_prop [degrees],wind_direction_stddev_prop [degrees],avg_wind_speed_sonic [mile/hr],max_wind_speed_sonic [mile/hr],wind_speed_stddev_sonic [mile/hr],wind_direction_sonic [degrees],wind_direction_stddev_sonic [degrees],avg_wind_speed_merge [mile/hr],max_wind_speed_merge [mile/hr],wind_speed_stddev_merge [mile/hr],wind_direction_merge [degrees],wind_direction_stddev_merge [degrees],solar_insolation [W/m^2],station_pressure [inHg],snow_depth,frozen_soil_05cm [bit],frozen_soil_25cm [bit],frozen_soil_50cm [bit],soil_temp_05cm [degF],soil_temp_25cm [degF],soil_temp_50cm [degF],soil_moisture_05cm [m^3/m^3],soil_moisture_25cm [m^3/m^3],soil_moisture_50cm [m^3/m^3]
BELD,2015-12-21 00:00:00 EST,42.22322,-75.66852,1543,28.5,28.7,28.5,59.8,16.3,,,,,2.8,4.3,0.8,134,19,3.2,5.1,0.9,136,19,2.8,4.3,0.8,134,19,0,28.61,,0,0,0,39.2,41.3,43.9,0.55,0.39,0.40
BELD,2015-12-21 00:05:00 EST,42.22322,-75.66852,1543,28.3,28.6,25.1,60.2,16.3,,,,,3.0,5.6,0.9,136,15,3.4,6.3,1.1,139,14,3.0,5.6,0.9,136,15,0,28.61,,0,0,0,39.2,41.3,43.9,0.55,0.39,0.40
BELD,2015-12-21 00:10:00 EST,42.22322,-75.66852,1543,28.7,28.8,24.7,59.6,16.4,,,,,3.6,6.8,1.2,132,20,4.1,7.6,1.4,134,19,3.6,6.8,1.2,132,20,0,28.61,,0,0,0,39.2,41.3,43.9,0.55,0.39,0.40
BELD,2015-12-21 00:15:00 EST,42.22322,-75.66852,1543,28.9,29.0,28.9,58.9,16.3,,,,,2.1,5.4,1.3,153,24,2.6,5.8,1.3,152,26,2.1,5.4,1.3,153,24,0,28.61,,0,0,0,39.2,41.3,43.9,0.55,0.39,0.40
BELD,2015-12-21 00:20:00 EST,42.22322,-75.66852,1543,28.9,29.1,28.9,58.6,16.2,,,,,1.7,5.0,1.2,147,27,2.4,6.0,1.3,151,33,1.7,5.0,1.2,147,27,0,28.61,,0,0,0,39.2,41.3,43.9,0.55,0.39,0.40
BELD,2015-12-21 00:25:00 EST,42.22322,-75.66852,1543,29.0,29.2,29.0,58.0,16.1,,,,,2.8,5.8,1.1,146,23,3.2,6.3,1.3,149,25,2.8,5.8,1.1,146,23,0,28.61,,0,0,0,39.2,41.3,43.9,0.55,0.39,0.40
BELD,2015-12-21 00:30:00 EST,42.22322,-75.66852,1543,28.7,29.1,28.7,58.3,15.9,,,,,2.2,4.2,0.9,113,30,2.6,4.7,0.9,115,31,2.2,4.2,0.9,113,30,0,28.61,,0,0,0,39.2,41.3,43.9,0.55,0.39,0.40
BELD,2015-12-21 00:35:00 EST,42.22322,-75.66852,1543,28.8,29.1,28.8,58.6,16.1,,,,,2.4,4.3,0.7,133,23,2.9,5.1,0.8,135,23,2.4,4.3,0.7,133,23,0,28.60,,0,0,0,39.2,41.3,43.9,0.55,0.39,0.40
BELD,2015-12-21 00:40:00 EST,42.22322,-75.66852,1543,28.8,29.1,28.8,58.8,16.2,,,,,2.8,6.2,1.2,137,21,3.3,6.9,1.4,140,20,2.8,6.2,1.2,137,21,0,28.60,,0,0,0,39.2,41.3,43.9,0.55,0.39,0.40
BELD,2015-12-21 00:45:00 EST,42.22322,-75.66852,1543,29.2,29.3,24.5,58.4,16.4,,,,,4.2,8.4,1.5,142,17,4.8,10.3,1.7,145,17,4.2,8.4,1.5,142,17,0,28.60,,0,0,0,39.2,41.3,43.9,0.55,0.39,0.40
BELD,2015-12-21 00:50:00 EST,42.22322,-75.66852,1543,29.4,29.5,24.4,57.7,16.3,,,,,4.6,7.8,1.1,138,16,5.1,9.2,1.4,140,16,4.6,7.8,1.1,138,16,0,28.60,,0,0,0,39.2,41.3,43.9,0.55,0.39,0.40
BELD,2015-12-21 00:55:00 EST,42.22322,-75.66852,1543,29.5,29.6,24.4,57.6,16.4,,,,,4.7,8.9,1.4,139,15,5.2,9.4,1.5,142,16,4.7,8.9,1.4,139,15,0,28.60,,0,0,0,39.2,41.3,43.9,0.55,0.39,0.40
BELD,2015-12-21 01:00:00 EST,42.22322,-75.66852,1543,29.7,29.8,23.1,57.1,16.3,,,,,6.4,12.0,1.7,140,14,7.1,15.4,2.0,142,14,6.4,12.0,1.7,140,14,0,28.59,,0,0,0,39.2,41.3,43.9,0.55,0.39,0.40
BELD,2015-12-21 01:05:00 EST,42.22322,-75.66852,1543,29.7,29.8,24.3,56.9,16.3,,,,,5.1,9.0,1.6,134,17,5.8,10.5,1.9,137,16,5.1,9.0,1.6,134,17,0,28.59,,0,0,0,39.2,41.3,43.9,0.55,0.39,0.40
BELD,2015-12-21 01:10:00 EST,42.22322,-75.66852,1543,29.7,29.8,24.7,57.4,16.4,,,,,4.7,7.2,1.1,135,13,5.2,7.8,1.2,136,12,4.7,7.2,1.1,135,13,0,28.59,,0,0,0,39.2,41.3,43.9,0.55,0.39,0.40
BELD,2015-12-21 01:15:00 EST,42.22322,-75.66852,1543,29.9,29.9,24.1,56.3,16.2,,,,,5.5,8.0,1.1,136,14,6.0,9.6,1.3,138,14,5.5,8.0,1.1,136,14,0,28.59,,0,0,0,39.2,41.3,43.9,0.55,0.39,0.40
BELD,2015-12-21 01:20:00 EST,42.22322,-75.66852,1543,29.9,30.0,24.9,56.0,16.1,,,,,4.7,8.4,1.2,137,15,5.3,8.7,1.5,138,15,4.7,8.4,1.2,137,15,0,28.59,,0,0,0,39.2,41.3,43.9,0.55,0.39,0.40
BELD,2015-12-21 01:25:00 EST,42.22322,-75.66852,1543,29.8,30.0,23.6,56.3,16.2,,,,,6.0,9.4,1.6,134,13,6.7,12.1,1.8,137,12,6.0,9.4,1.6,134,13,0,28.59,,0,0,0,39.2,41.2,43.8,0.55,0.39,0.40
BELD,2015-12-21 01:30:00 EST,42.22322,-75.66852,1543,30.1,30.2,23.8,55.7,16.1,,,,,6.1,9.9,1.6,141,16,6.8,11.2,1.7,144,15,6.1,9.9,1.6,141,16,0,28.58,,0,0,0,39.2,41.2,43.8,0.55,0.39,0.40
BELD,2015-12-21 01:35:00 EST,42.22322,-75.66852,1543,30.4,30.4,24.8,54.7,16.0,,,,,5.4,9.1,1.6,142,20,6.1,10.7,1.7,145,20,5.4,9.1,1.6,142,20,0,28.58,,0,0,0,39.2,41.2,43.8,0.55,0.39,0.40
BELD,2015-12-21 01:40:00 EST,42.22322,-75.66852,1543,30.5,30.5,24.5,54.6,16.0,,,,,5.9,9.0,1.4,150,15,6.7,10.1,1.4,155,14,5.9,9.0,1.4,150,15,0,28.58,,0,0,0,39.2,41.2,43.8,0.55,0.39,0.40
BELD,2015-12-21 01:45:00 EST,42.22322,-75.66852,1543,30.5,30.7,24.0,54.4,16.0,,,,,6.6,10.2,1.3,150,15,7.3,11.4,1.4,154,15,6.6,10.2,1.3,150,15,0,28.58,,0,0,0,39.2,41.2,43.8,0.55,0.39,0.40
BELD,2015-12-21 01:50:00 EST,42.22322,-75.66852,1543,30.6,30.7,24.2,54.2,16.0,,,,,6.5,11.9,2.1,147,16,7.2,13.4,2.1,151,16,6.5,11.9,2.1,147,16,0,28.58,,0,0,0,39.2,41.2,43.8,0.55,0.39,0.40
BELD,2015-12-21 01:55:00 EST,42.22322,-75.66852,1543,30.6,30.7,23.7,54.0,15.9,,,,,7.1,12.5,1.7,143,15,7.8,13.6,1.9,146,15,7.1,12.5,1.7,143,15,0,28.58,,0,0,0,39.2,41.2,43.8,0.55,0.39,0.40
BELD,2015-12-21 02:00:00 EST,42.22322,-75.66852,1543,30.6,30.8,23.4,53.8,15.8,,,,,7.6,12.4,2.0,144,15,8.5,13.0,2.1,145,15,7.6,12.4,2.0,144,15,0,28.57,,0,0,0,39.2,41.2,43.8,0.55,0.39,0.40
BELD,2015-12-21 02:05:00 EST,42.22322,-75.66852,1543,30.7,30.8,23.2,54.2,16.1,,,,,8.1,12.3,2.2,150,14,9.1,14.1,2.2,152,15,8.1,12.3,2.2,150,14,0,28.57,,0,0,0,39.2,41.2,43.8,0.55,0.39,0.40
BELD,2015-12-21 02:10:00 EST,42.22322,-75.66852,1543,30.8,30.9,24.3,53.8,16.0,,,,,6.7,10.2,2.0,151,14,7.4,11.6,2.1,155,15,6.7,10.2,2.0,151,14,0,28.57,,0,0,0,39.2,41.2,43.9,0.55,0.39,0.40
BELD,2015-12-21 02:15:00 EST,42.22322,-75.66852,1543,30.6,30.8,25.1,54.7,16.2,,,,,5.4,9.8,1.7,145,17,6.0,11.4,1.8,147,17,5.4,9.8,1.7,145,17,0,28.57,,0,0,0,39.2,41.2,43.8,0.55,0.39,0.40
BELD,2015-12-21 02:20:00 EST,42.22322,-75.66852,1543,30.8,30.9,24.3,54.4,16.2,,,,,6.6,11.2,1.8,143,15,7.4,13.0,2.1,146,14,6.6,11.2,1.8,143,15,0,28.57,,0,0,0,39.2,41.2,43.8,0.55,0.39,0.40
BELD,2015-12-21 02:25:00 EST,42.22322,-75.66852,1543,30.9,30.9,24.3,53.9,16.2,,,,,6.9,11.3,2.5,146,16,7.8,14.5,2.6,149,15,6.9,11.3,2.5,146,16,0,28.57,,0,0,0,39.2,41.2,43.9,0.55,0.39,0.40
BELD,2015-12-21 02:30:00 EST,42.22322,-75.66852,1543,30.9,31.0,24.6,54.0,16.2,,,,,6.5,11.5,2.2,149,15,7.2,13.4,2.3,151,15,6.5,11.5,2.2,149,15,0,28.58,,0,0,0,39.2,41.2,43.8,0.55,0.39,0.40
BELD,2015-12-21 02:35:00 EST,42.22322,-75.66852,1543,30.9,30.9,24.0,54.5,16.4,,,,,7.2,11.3,1.8,148,15,8.0,12.3,2.0,152,15,7.2,11.3,1.8,148,15,0,28.58,,0,0,0,39.2,41.2,43.9,0.55,0.39,0.40
BELD,2015-12-21 02:40:00 EST,42.22322,-75.66852,1543,30.9,31.0,23.5,54.5,16.4,,,,,8.0,12.4,1.8,143,11,8.8,13.9,2.1,148,13,8.0,12.4,1.8,143,11,0,28.57,,0,0,0,39.2,41.2,43.8,0.55,0.39,0.40
BELD,2015-12-21 02:45:00 EST,42.22322,-75.66852,1543,30.9,31.0,24.3,54.8,16.6,,,,,6.8,10.6,1.5,150,14,7.6,11.6,1.5,154,15,6.8,10.6,1.5,150,14,0,28.57,,0,0,0,39.1,41.2,43.8,0.55,0.39,0.40
BELD,2015-12-21 02:50:00 EST,42.22322,-75.66852,1543,31.0,31.1,24.8,54.8,16.6,,,,,6.3,9.9,1.6,144,15,7.0,12.1,2.1,147,14,6.3,9.9,1.6,144,15,0,28.58,,0,0,0,39.2,41.2,43.8,0.55,0.39,0.40
BELD,2015-12-21 02:55:00 EST,42.22322,-75.66852,1543,30.8,31.0,25.0,55.3,16.7,,,,,5.7,8.6,1.1,144,16,6.4,9.8,1.2,147,15,5.7,8.6,1.1,144,16,0,28.57,,0,0,0,39.2,41.2,43.8,0.55,0.39,0.40
BELD,2015-12-21 03:00:00 EST,42.22322,-75.66852,1543,31.0,31.1,24.4,55.1,16.8,,,,,6.9,13.7,2.1,146,14,7.8,14.8,2.5,147,15,6.9,13.7,2.1,146,14,0,28.57,,0,0,0,39.1,41.2,43.8,0.55,0.39,0.40
BELD,2015-12-21 03:05:00 EST,42.22322,-75.66852,1543,31.1,31.2,25.0,55.0,16.8,,,,,6.3,9.6,1.5,156,21,7.1,11.0,1.6,160,20,6.3,9.6,1.5,156,21,0,28.57,,0,0,0,39.2,41.2,43.8,0.55,0.39,0.40
BELD,2015-12-21 03:10:00 EST,42.22322,-75.66852,1543,31.1,31.2,26.4,55.0,16.8,,,,,4.6,7.8,1.5,137,16,5.1,9.2,1.7,136,16,4.6,7.8,1.5,137,16,0,28.57,,0,0,0,39.1,41.2,43.8,0.55,0.39,0.40
BELD,2015-12-21 03:15:00 EST,42.22322,-75.66852,1543,31.1,31.2,31.1,55.3,17.0,,,,,2.3,5.3,1.3,146,26,2.7,6.0,1.3,150,29,2.3,5.3,1.3,146,26,0,28.57,,0,0,0,39.1,41.2,43.8,0.55,0.39,0.40
BELD,2015-12-21 03:20:00 EST,42.22322,-75.66852,1543,31.4,31.3,31.4,55.0,17.1,,,,,2.2,5.0,1.2,180,23,2.9,6.7,1.3,181,22,2.2,5.0,1.2,180,23,0,28.58,,0,0,0,39.1,41.2,43.8,0.55,0.39,0.40
BELD,2015-12-21 03:25:00 EST,42.22322,-75.66852,1543,31.2,31.2,31.2,55.6,17.1,,,,,1.3,4.6,1.0,134,24,1.9,4.9,1.0,139,29,1.3,4.6,1.0,134,24,0,28.57,,0,0,0,39.1,41.2,43.8,0.55,0.39,0.40
BELD,2015-12-21 03:30:00 EST,42.22322,-75.66852,1543,31.0,31.1,31.0,56.1,17.2,,,,,2.7,8.3,1.6,121,20,3.2,9.4,1.8,124,19,2.7,8.3,1.6,121,20,0,28.57,,0,0,0,39.1,41.2,43.8,0.55,0.39,0.40
BELD,2015-12-21 03:35:00 EST,42.22322,-75.66852,1543,31.0,31.1,26.8,56.6,17.4,,,,,4.1,6.4,0.8,127,14,4.5,6.9,1.0,129,12,4.1,6.4,0.8,127,14,0,28.56,,0,0,0,39.1,41.2,43.8,0.55,0.39,0.40
BELD,2015-12-21 03:40:00 EST,42.22322,-75.66852,1543,31.2,31.3,27.2,56.9,17.7,,,,,3.9,6.3,1.0,149,26,4.4,7.2,1.1,151,27,3.9,6.3,1.0,149,26,0,28.56,,0,0,0,39.1,41.2,43.8,0.55,0.39,0.40
BELD,2015-12-21 03:45:00 EST,42.22322,-75.66852,1543,31.4,31.4,26.9,56.2,17.6,,,,,4.4,7.7,1.4,146,25,5.1,9.8,1.6,149,26,4.4,7.7,1.4,146,25,0,28.56,,0,0,0,39.1,41.2,43.8,0.55,0.39,0.40
BELD,2015-12-21 03:50:00 EST,42.22322,-75.66852,1543,31.3,31.5,26.7,56.6,17.7,,,,,4.6,8.3,1.4,146,18,5.0,9.2,1.6,150,19,4.6,8.3,1.4,146,18,0,28.55,,0,0,0,39.1,41.2,43.8,0.55,0.39,0.40
BELD,2015-12-21 03:55:00 EST,42.22322,-75.66852,1543,31.3,31.5,27.9,56.4,17.6,,,,,3.5,7.7,1.6,138,20,4.0,9.2,1.7,140,20,3.5,7.7,1.6,138,20,0,28.55,,0,0,0,39.0,41.2,43.8,0.55,0.39,0.40
BELD,2015-12-21 04:00:00 EST,42.22322,-75.66852,1543,31.3,31.5,26.4,56.7,17.7,,,,,4.9,8.4,1.3,132,13,5.4,10.3,1.3,134,13,4.9,8.4,1.3,132,13,0,28.54,,0,0,0,39.1,41.2,43.8,0.55,0.39,0.40
BELD,2015-12-21 04:05:00 EST,42.22322,-75.66852,1543,31.3,31.5,26.1,57.3,18.0,,,,,5.2,8.4,1.2,138,15,5.8,9.4,1.4,140,13,5.2,8.4,1.2,138,15,0,28.54,,0,0,0,39.0,41.2,43.8,0.55,0.39,0.40
BELD,2015-12-21 04:10:00 EST,42.22322,-75.66852,1543,31.5,31.6,26.4,57.0,18.0,,,,,5.1,9.6,1.7,141,18,5.6,9.6,1.9,143,18,5.1,9.6,1.7,141,18,0,28.54,,0,0,0,39.0,41.2,43.8,0.54,0.39,0.40
BELD,2015-12-21 04:15:00 EST,42.22322,-75.66852,1543,31.5,31.6,26.0,57.4,18.1,,,,,5.5,9.2,1.8,139,15,6.2,10.1,1.9,142,14,5.5,9.2,1.8,139,15,0,28.53,,0,0,0,39.0,41.1,43.8,0.54,0.39,0.40
BELD,2015-12-21 04:20:00 EST,42.22322,-75.66852,1543,31.6,31.6,27.0,57.4,18.3,,,,,4.6,7.8,1.5,142,22,5.1,8.5,1.7,143,21,4.6,7.8,1.5,142,22,0,28.53,,0,0,0,39.0,41.1,43.7,0.54,0.39,0.40
BELD,2015-12-21 04:25:00 EST,42.22322,-75.66852,1543,31.6,31.7,27.0,57.4,18.3,,,,,4.6,11.0,2.0,143,18,5.2,11.6,2.1,146,17,4.6,11.0,2.0,143,18,0,28.53,,0,0,0,39.0,41.1,43.7,0.54,0.39,0.40
BELD,2015-12-21 04:30:00 EST,42.22322,-75.66852,1543,31.5,31.6,25.5,57.8,18.4,,,,,6.2,9.7,1.3,139,12,7.0,11.2,1.6,141,12,6.2,9.7,1.3,139,12,0,28.52,,0,0,0,39.0,41.1,43.7,0.54,0.39,0.40
BELD,2015-12-21 04:35:00 EST,42.22322,-75.66852,1543,31.5,31.6,26.5,58.3,18.6,,,,,5.0,8.1,1.2,144,16,5.5,9.4,1.4,147,16,5.0,8.1,1.2,144,16,0,28.52,,0,0,0,39.0,41.1,43.7,0.54,0.39,0.40
BELD,2015-12-21 04:40:00 EST,42.22322,-75.66852,1543,31.6,31.6,27.3,58.5,18.7,,,,,4.3,9.2,2.5,149,18,5.1,12.5,2.7,153,21,4.3,9.2,2.5,149,18,0,28.52,,0,0,0,39.0,41.1,43.7,0.54,0.39,0.40
BELD,2015-12-21 04:45:00 EST,42.22322,-75.66852,1543,31.6,31.6,31.6,58.7,18.8,,,,,1.8,6.5,1.5,149,28,2.4,7.4,1.6,153,36,1.8,6.5,1.5,149,28,0,28.52,,0,0,0,39.0,41.1,43.7,0.54,0.39,0.40
BELD,2015-12-21 04:50:00 EST,42.22322,-75.66852,1543,31.8,31.8,27.0,58.4,18.8,,,,,4.8,8.9,1.9,153,22,5.4,10.1,2.2,155,21,4.8,8.9,1.9,153,22,0,28.52,,0,0,0,39.0,41.1,43.7,0.54,0.39,0.40
BELD,2015-12-21 04:55:00 EST,42.22322,-75.66852,1543,31.9,31.9,28.2,58.2,18.9,,,,,3.8,7.4,1.6,142,20,4.4,7.6,1.5,146,20,3.8,7.4,1.6,142,20,0,28.51,,0,0,0,39.0,41.1,43.7,0.54,0.39,0.40
BELD,2015-12-21 05:00:00 EST,42.22322,-75.66852,1543,32.0,32.0,26.1,58.1,18.9,,,,,6.1,8.5,1.0,148,15,6.7,9.8,1.2,151,16,6.1,8.5,1.0,148,15,0,28.51,,0,0,0,39.0,41.1,43.7,0.54,0.39,0.40
BELD,2015-12-21 05:05:00 EST,42.22322,-75.66852,1543,32.1,32.1,26.1,58.2,19.1,,,,,6.3,11.2,1.5,151,16,6.9,12.1,1.7,155,16,6.3,11.2,1.5,151,16,0,28.51,,0,0,0,39.0,41.1,43.7,0.54,0.39,0.40
BELD,2015-12-21 05:10:00 EST,42.22322,-75.66852,1543,31.9,32.0,28.1,58.9,19.2,,,,,3.9,6.9,1.2,145,17,4.4,8.1,1.5,150,17,3.9,6.9,1.2,145,17,0,28.51,,0,0,0,39.0,41.1,43.7,0.54,0.39,0.40
BELD,2015-12-21 05:15:00 EST,42.22322,-75.66852,1543,31.9,32.0,28.0,59.3,19.3,,,,,4.0,7.4,1.0,147,16,4.4,7.8,1.2,151,15,4.0,7.4,1.0,147,16,0,28.51,,0,0,0,39.0,41.1,43.7,0.54,0.39,0.40
BELD,2015-12-21 05:20:00 EST,42.22322,-75.66852,1543,32.1,32.2,26.0,58.9,19.4,,,,,6.5,10.3,2.0,152,13,7.0,12.5,2.2,154,14,6.5,10.3,2.0,152,13,0,28.51,,0,0,0,39.0,41.1,43.7,0.54,0.39,0.40
BELD,2015-12-21 05:25:00 EST,42.22322,-75.66852,1543,32.2,32.2,28.0,58.8,19.4,,,,,4.2,9.1,1.8,153,16,4.7,10.3,1.9,156,15,4.2,9.1,1.8,153,16,0,28.51,,0,0,0,39.0,41.1,43.7,0.54,0.39,0.40
BELD,2015-12-21 05:30:00 EST,42.22322,-75.66852,1543,32.2,32.2,28.0,59.2,19.5,,,,,4.2,12.3,1.9,153,16,5.0,14.8,2.1,158,13,4.2,12.3,1.9,153,16,0,28.51,,0,0,0,39.0,41.1,43.7,0.54,0.39,0.40
BELD,2015-12-21 05:35:00 EST,42.22322,-75.66852,1543,32.2,32.3,26.1,59.1,19.5,,,,,6.5,11.7,1.7,150,13,7.1,12.5,1.9,154,13,6.5,11.7,1.7,150,13,0,28.51,,0,0,0,39.0,41.1,43.7,0.54,0.39,0.40
BELD,2015-12-21 05:40:00 EST,42.22322,-75.66852,1543,32.3,32.4,26.2,58.7,19.5,,,,,6.6,12.6,1.7,150,12,7.2,11.6,1.8,152,12,6.6,12.6,1.7,150,12,0,28.51,,0,0,0,39.0,41.0,43.7,0.54,0.39,0.40
BELD,2015-12-21 05:45:00 EST,42.22322,-75.66852,1543,32.4,32.4,26.6,58.7,19.5,,,,,6.1,10.4,1.8,152,18,6.8,11.0,2.0,155,16,6.1,10.4,1.8,152,18,0,28.52,,0,0,0,39.0,41.1,43.7,0.54,0.39,0.40
BELD,2015-12-21 05:50:00 EST,42.22322,-75.66852,1543,32.3,32.4,27.7,58.9,19.5,,,,,4.7,8.5,1.8,150,17,5.1,9.4,1.9,152,15,4.7,8.5,1.8,150,17,0,28.52,,0,0,0,39.0,41.1,43.7,0.54,0.39,0.40
BELD,2015-12-21 05:55:00 EST,42.22322,-75.66852,1543,32.2,32.3,28.3,59.4,19.6,,,,,4.0,7.9,1.1,147,19,4.5,8.3,1.1,150,19,4.0,7.9,1.1,147,19,0,28.52,,0,0,0,39.0,41.0,43.7,0.54,0.39,0.40
BELD,2015-12-21 06:00:00 EST,42.22322,-75.66852,1543,32.3,32.4,26.9,59.3,19.6,,,,,5.5,8.7,1.3,142,10,6.1,8.9,1.5,145,11,5.5,8.7,1.3,142,10,0,28.51,,0,0,0,39.0,41.1,43.7,0.54,0.39,0.40
BELD,2015-12-21 06:05:00 EST,42.22322,-75.66852,1543,32.2,32.3,28.2,59.3,19.6,,,,,4.2,6.4,1.0,147,15,4.6,7.4,1.2,148,14,4.2,6.4,1.0,147,15,0,28.51,,0,0,0,39.0,41.1,43.7,0.54,0.39,0.40
BELD,2015-12-21 06:10:00 EST,42.22322,-75.66852,1543,32.3,32.4,28.0,59.2,19.6,,,,,4.4,7.2,1.5,154,16,4.9,8.1,1.5,157,16,4.4,7.2,1.5,154,16,0,28.51,,0,0,0,39.0,41.1,43.7,0.54,0.39,0.40
BELD,2015-12-21 06:15:00 EST,42.22322,-75.66852,1543,32.2,32.4,27.3,59.6,19.8,,,,,5.1,7.9,1.1,152,13,5.6,10.1,1.4,155,12,5.1,7.9,1.1,152,13,0,28.51,,0,0,0,39.0,41.0,43.7,0.54,0.39,0.40
BELD,2015-12-21 06:20:00 EST,42.22322,-75.66852,1543,32.3,32.4,26.6,59.5,19.8,,,,,6.0,9.6,1.6,152,14,6.6,10.7,1.8,155,16,6.0,9.6,1.6,152,14,0,28.51,,0,0,0,39.0,41.0,43.7,0.54,0.39,0.40
BELD,2015-12-21 06:25:00 EST,42.22322,-75.66852,1543,32.4,32.5,27.4,59.3,19.7,,,,,5.2,8.8,1.5,142,15,5.7,9.6,1.6,144,16,5.2,8.8,1.5,142,15,0,28.51,,0,0,0,39.0,41.0,43.7,0.54,0.39,0.40
BELD,2015-12-21 06:30:00 EST,42.22322,-75.66852,1543,32.2,32.4,27.8,59.8,19.8,,,,,4.5,7.2,1.1,134,17,5.1,8.9,1.4,137,16,4.5,7.2,1.1,134,17,0,28.51,,0,0,0,39.0,41.0,43.7,0.54,0.39,0.40
BELD,2015-12-21 06:35:00 EST,42.22322,-75.66852,1543,32.2,32.4,28.5,60.1,19.9,,,,,3.8,8.3,1.3,134,16,4.3,9.2,1.4,136,15,3.8,8.3,1.3,134,16,0,28.51,,0,0,0,39.0,41.0,43.7,0.54,0.39,0.40
BELD,2015-12-21 06:40:00 EST,42.22322,-75.66852,1543,32.3,32.4,29.6,59.8,19.9,,,,,3.0,5.6,1.1,125,21,3.4,6.9,1.3,128,20,3.0,5.6,1.1,125,21,0,28.51,,0,0,0,39.0,41.0,43.7,0.54,0.39,0.40
BELD,2015-12-21 06:45:00 EST,42.22322,-75.66852,1543,32.5,32.6,28.4,59.1,19.8,,,,,4.3,6.7,1.0,128,14,4.8,7.8,0.9,130,14,4.3,6.7,1.0,128,14,0,28.51,,0,0,0,39.0,41.0,43.7,0.54,0.39,0.40
BELD,2015-12-21 06:50:00 EST,42.22322,-75.66852,1543,32.4,32.6,27.3,59.7,19.9,,,,,5.2,7.6,1.3,117,14,5.7,9.4,1.6,121,13,5.2,7.6,1.3,117,14,0,28.50,,0,0,0,39.0,41.0,43.7,0.54,0.39,0.40
BELD,2015-12-21 06:55:00 EST,42.22322,-75.66852,1543,32.6,32.8,27.9,59.1,19.9,,,,,4.9,7.9,1.1,132,12,5.4,9.2,1.3,133,12,4.9,7.9,1.1,132,12,0,28.50,,0,0,0,39.0,41.0,43.7,0.54,0.39,0.40
BELD,2015-12-21 07:00:00 EST,42.22322,-75.66852,1543,32.7,32.8,28.3,59.3,20.0,,,,,4.5,9.3,1.4,128,16,5.1,11.6,1.7,131,15,4.5,9.3,1.4,128,16,0,28.50,,0,0,0,39.0,41.0,43.7,0.54,0.39,0.40
BELD,2015-12-21 07:05:00 EST,42.22322,-75.66852,1543,32.8,33.0,27.4,59.1,20.1,,,,,5.8,8.8,1.2,139,16,6.5,11.0,1.6,141,15,5.8,8.8,1.2,139,16,0,28.50,,0,0,0,39.0,41.0,43.7,0.54,0.39,0.40
BELD,2015-12-21 07:10:00 EST,42.22322,-75.66852,1543,32.9,32.9,32.9,59.2,20.2,,,,,2.8,7.2,1.6,136,25,3.7,8.5,1.7,136,25,2.8,7.2,1.6,136,25,0,28.50,,0,0,0,39.0,41.0,43.7,0.54,0.39,0.40
BELD,2015-12-21 07:15:00 EST,42.22322,-75.66852,1543,33.1,33.2,29.1,58.8,20.2,,,,,4.3,7.5,1.6,136,28,5.1,9.2,1.8,139,28,4.3,7.5,1.6,136,28,0,28.50,,0,0,0,39.0,41.0,43.7,0.54,0.39,0.40
BELD,2015-12-21 07:20:00 EST,42.22322,-75.66852,1543,33.3,33.2,29.2,58.1,20.1,,,,,4.3,9.0,2.3,133,22,4.9,10.1,2.4,134,20,4.3,9.0,2.3,133,22,0,28.49,,0,0,0,39.0,41.0,43.7,0.54,0.39,0.40
BELD,2015-12-21 07:25:00 EST,42.22322,-75.66852,1543,33.1,33.2,30.3,58.9,20.3,,,,,3.2,7.2,1.4,134,21,3.7,7.6,1.7,136,21,3.2,7.2,1.4,134,21,1,28.49,,0,0,0,39.0,41.0,43.7,0.54,0.39,0.40
BELD,2015-12-21 07:30:00 EST,42.22322,-75.66852,1543,33.2,33.3,27.9,58.5,20.2,,,,,5.6,9.4,1.6,130,13,6.3,10.3,1.8,132,11,5.6,9.4,1.6,130,13,1,28.49,,0,0,0,39.0,41.0,43.7,0.54,0.39,0.40
BELD,2015-12-21 07:35:00 EST,42.22322,-75.66852,1543,33.3,33.4,28.8,58.0,20.2,,,,,4.8,8.3,1.6,137,17,5.4,10.1,1.8,140,17,4.8,8.3,1.6,137,17,2,28.49,,0,0,0,39.0,41.0,43.7,0.54,0.39,0.40
BELD,2015-12-21 07:40:00 EST,42.22322,-75.66852,1543,33.4,33.4,28.7,58.1,20.2,,,,,4.9,8.8,1.4,131,21,5.5,9.4,1.6,134,21,4.9,8.8,1.4,131,21,4,28.48,,0,0,0,38.9,41.0,43.7,0.54,0.39,0.40
BELD,2015-12-21 07:45:00 EST,42.22322,-75.66852,1543,33.3,33.5,28.7,58.4,20.3,,,,,5.0,8.2,1.5,133,14,5.8,10.1,1.7,135,14,5.0,8.2,1.5,133,14,7,28.48,,0,0,0,39.0,41.0,43.7,0.54,0.39,0.40
BELD,2015-12-21 07:50:00 EST,42.22322,-75.66852,1543,33.4,33.5,29.3,58.6,20.5,,,,,4.4,7.8,1.2,122,14,4.9,8.7,1.2,125,14,4.4,7.8,1.2,122,14,11,28.48,,0,0,0,39.0,41.0,43.7,0.54,0.39,0.40
BELD,2015-12-21 07:55:00 EST,42.22322,-75.66852,1543,33.4,33.5,33.4,59.1,20.7,,,,,3.0,5.8,1.3,121,25,3.5,6.3,1.3,121,26,3.0,5.8,1.3,121,25,11,28.49,,0,0,0,39.0,41.0,43.7,0.54,0.39,0.40
BELD,2015-12-21 08:00:00 EST,42.22322,-75.66852,1543,33.5,33.5,33.5,58.7,20.6,,,,,2.0,3.4,0.7,101,25,2.5,4.0,0.7,103,27,2.0,3.4,0.7,101,25,11,28.49,,0,0,0,39.0,41.0,43.7,0.54,0.39,0.40
BELD,2015-12-21 08:05:00 EST,42.22322,-75.66852,1543,33.4,33.4,33.4,59.9,21.0,,,,,1.6,5.8,1.6,131,28,2.3,6.0,1.5,133,37,1.6,5.8,1.6,131,28,14,28.49,,0,0,0,38.9,41.0,43.7,0.54,0.39,0.40
BELD,2015-12-21 08:10:00 EST,42.22322,-75.66852,1543,33.6,33.6,33.6,58.9,20.7,,,,,1.1,3.3,0.9,114,28,1.7,3.8,0.9,117,32,1.1,3.3,0.9,114,28,20,28.49,,0,0,0,38.9,41.0,43.7,0.54,0.39,0.40
BELD,2015-12-21 08:15:00 EST,42.22322,-75.66852,1543,33.4,33.5,33.4,59.7,20.9,,,,,2.4,4.9,1.1,130,18,2.9,5.8,1.3,131,19,2.4,4.9,1.1,130,18,22,28.49,,0,0,0,38.9,41.0,43.7,0.54,0.39,0.40
BELD,2015-12-21 08:20:00 EST,42.22322,-75.66852,1543,33.5,33.5,31.0,59.5,21.0,,,,,3.0,5.5,0.7,141,19,3.4,6.7,1.0,142,17,3.0,5.5,0.7,141,19,24,28.49,,0,0,0,38.9,41.0,43.7,0.54,0.39,0.40
BELD,2015-12-21 08:25:00 EST,42.22322,-75.66852,1543,33.6,33.6,29.7,59.6,21.0,,,,,4.2,6.9,1.0,127,16,4.6,7.6,1.1,130,15,4.2,6.9,1.0,127,16,28,28.49,,0,0,0,38.9,41.0,43.7,0.54,0.39,0.40
BELD,2015-12-21 08:30:00 EST,42.22322,-75.66852,1543,33.6,33.7,29.5,59.9,21.2,,,,,4.5,7.5,1.2,128,15,5.0,8.7,1.4,130,14,4.5,7.5,1.2,128,15,31,28.48,,0,0,0,38.9,41.0,43.7,0.54,0.39,0.40
BELD,2015-12-21 08:35:00 EST,42.22322,-75.66852,1543,33.8,33.8,29.2,59.4,21.1,,,,,5.0,6.9,1.2,128,13,5.4,7.8,1.4,130,11,5.0,6.9,1.2,128,13,37,28.48,,0,0,0,38.9,41.0,43.7,0.54,0.39,0.40
BELD,2015-12-21 08:40:00 EST,42.22322,-75.66852,1543,33.9,34.0,29.2,59.1,21.2,,,,,5.2,9.4,1.4,129,14,5.7,9.6,1.6,131,13,5.2,9.4,1.4,129,14,38,28.48,,0,0,0,38.9,41.0,43.6,0.54,0.39,0.40
BELD,2015-12-21 08:45:00 EST,42.22322,-75.66852,1543,34.1,34.1,29.6,58.7,21.1,,,,,5.0,9.1,1.2,136,13,5.6,10.3,1.3,137,13,5.0,9.1,1.2,136,13,44,28.48,,0,0,0,38.9,41.0,43.7,0.54,0.39,0.40
BELD,2015-12-21 08:50:00 EST,42.22322,-75.66852,1543,34.3,34.3,29.5,58.4,21.2,,,,,5.4,8.9,1.5,140,17,6.0,9.8,1.5,143,18,5.4,8.9,1.5,140,17,49,28.48,,0,0,0,38.9,41.0,43.7,0.54,0.39,0.40
BELD,2015-12-21 08:55:00 EST,42.22322,-75.66852,1543,34.5,34.4,29.8,57.7,21.1,,,,,5.2,9.0,1.6,146,20,5.8,10.1,1.8,148,22,5.2,9.0,1.6,146,20,51,28.48,,0,0,0,38.9,41.0,43.6,0.54,0.39,0.40
BELD,2015-12-21 09:00:00 EST,42.22322,-75.66852,1543,34.6,34.6,29.4,57.8,21.3,,,,,5.9,10.7,1.4,131,15,6.7,12.5,1.7,136,17,5.9,10.7,1.4,131,15,57,28.48,,0,0,0,38.9,41.0,43.7,0.54,0.39,0.40
BELD,2015-12-21 09:05:00 EST,42.22322,-75.66852,1543,34.7,34.7,30.5,57.6,21.3,,,,,4.8,9.4,2.1,142,26,5.4,10.3,2.2,145,27,4.8,9.4,2.1,142,26,67,28.48,,0,0,0,38.9,41.0,43.7,0.54,0.39,0.40
BELD,2015-12-21 09:10:00 EST,42.22322,-75.66852,1543,34.9,34.9,30.2,57.4,21.4,,,,,5.3,9.6,1.9,146,22,6.2,11.4,2.0,148,21,5.3,9.6,1.9,146,22,70,28.49,,0,0,0,38.9,41.0,43.6,0.54,0.39,0.40
BELD,2015-12-21 09:15:00 EST,42.22322,-75.66852,1543,35.1,35.0,31.2,56.7,21.2,,,,,4.5,11.2,2.3,138,22,5.3,14.1,2.6,141,22,4.5,11.2,2.3,138,22,70,28.48,,0,0,0,38.9,41.0,43.7,0.54,0.39,0.40
BELD,2015-12-21 09:20:00 EST,42.22322,-75.66852,1543,35.3,35.3,30.5,56.1,21.2,,,,,5.5,9.2,1.4,153,17,6.2,9.6,1.6,156,18,5.5,9.2,1.4,153,17,70,28.48,,0,0,0,38.9,41.0,43.6,0.54,0.39,0.40
BELD,2015-12-21 09:25:00 EST,42.22322,-75.66852,1543,35.5,35.4,30.8,55.4,21.1,,,,,5.4,10.1,1.5,156,19,6.2,12.8,1.7,159,19,5.4,10.1,1.5,156,19,72,28.48,,0,0,0,38.9,41.0,43.6,0.54,0.39,0.40
BELD,2015-12-21 09:30:00 EST,42.22322,-75.66852,1543,35.6,35.5,30.7,55.3,21.1,,,,,5.7,11.1,1.8,151,18,6.6,14.1,2.0,153,17,5.7,11.1,1.8,151,18,81,28.48,,0,0,0,38.8,41.0,43.6,0.54,0.39,0.40
BELD,2015-12-21 09:35:00 EST,42.22322,-75.66852,1543,35.7,35.7,30.9,55.4,21.3,,,,,5.6,10.7,2.0,150,14,6.5,11.9,2.3,154,16,5.6,10.7,2.0,150,14,79,28.48,,0,0,0,38.9,41.0,43.6,0.54,0.39,0.40
BELD,2015-12-21 09:40:00 EST,42.22322,-75.66852,1543,35.8,35.8,31.8,55.3,21.3,,,,,4.7,8.8,1.6,145,21,5.3,10.1,1.8,147,20,4.7,8.8,1.6,145,21,71,28.48,,0,0,0,38.8,41.0,43.6,0.54,0.39,0.40
BELD,2015-12-21 09:45:00 EST,42.22322,-75.66852,1543,35.9,35.9,35.9,54.9,21.3,,,,,2.9,8.0,2.0,145,21,3.3,8.9,2.1,148,23,2.9,8.0,2.0,145,21,62,28.48,,0,0,0,38.8,41.0,43.6,0.54,0.39,0.40
BELD,2015-12-21 09:50:00 EST,42.22322,-75.66852,1543,36.0,36.0,36.0,54.6,21.2,,,,,2.8,6.4,1.5,145,26,3.6,6.9,1.5,148,25,2.8,6.4,1.5,145,26,72,28.48,,0,0,0,38.9,40.9,43.6,0.54,0.39,0.40
BELD,2015-12-21 09:55:00 EST,42.22322,-75.66852,1543,36.1,36.1,32.7,55.0,21.5,,,,,4.1,7.8,1.5,131,17,4.8,8.3,1.7,133,16,4.1,7.8,1.5,131,17,91,28.47,,0,0,0,38.8,40.9,43.6,0.54,0.39,0.40
BELD,2015-12-21 10:00:00 EST,42.22322,-75.66852,1543,36.4,36.3,31.4,54.3,21.4,,,,,6.0,12.3,2.1,156,20,6.7,13.4,2.2,159,20,6.0,12.3,2.1,156,20,109,28.47,,0,0,0,38.8,41.0,43.6,0.54,0.39,0.40
BELD,2015-12-21 10:05:00 EST,42.22322,-75.66852,1543,36.5,36.5,33.1,54.1,21.5,,,,,4.2,7.1,1.3,148,22,4.9,8.9,1.6,153,22,4.2,7.1,1.3,148,22,113,28.47,,0,0,0,38.8,40.9,43.6,0.54,0.39,0.40
BELD,2015-12-21 10:10:00 EST,42.22322,-75.66852,1543,36.8,36.7,33.8,53.7,21.6,,,,,3.8,7.5,1.5,141,23,4.4,9.2,1.8,145,26,3.8,7.5,1.5,141,23,128,28.47,,0,0,0,38.8,40.9,43.6,0.54,0.39,0.40
BELD,2015-12-21 10:15:00 EST,42.22322,-75.66852,1543,37.0,37.0,33.2,53.2,21.5,,,,,4.7,7.9,1.4,144,22,5.4,9.4,1.8,146,21,4.7,7.9,1.4,144,22,133,28.47,,0,0,0,38.8,40.9,43.6,0.54,0.39,0.40
BELD,2015-12-21 10:20:00 EST,42.22322,-75.66852,1543,37.3,37.3,34.4,52.5,21.5,,,,,3.8,7.1,1.3,147,26,4.6,8.1,1.5,149,25,3.8,7.1,1.3,147,26,132,28.47,,0,0,0,38.8,40.9,43.6,0.54,0.39,0.40
BELD,2015-12-21 10:25:00 EST,42.22322,-75.66852,1543,37.5,37.4,34.3,52.4,21.6,,,,,4.1,8.5,1.4,145,19,4.6,10.3,1.7,147,20,4.1,8.5,1.4,145,19,128,28.46,,0,0,0,38.8,40.9,43.6,0.54,0.39,0.40
BELD,2015-12-21 10:30:00 EST,42.22322,-75.66852,1543,37.7,37.7,34.2,51.8,21.6,,,,,4.6,8.3,1.6,147,19,5.4,10.7,2.1,151,20,4.6,8.3,1.6,147,19,123,28.46,,0,0,0,38.8,40.9,43.6,0.54,0.39,0.40
BELD,2015-12-21 10:35:00 EST,42.22322,-75.66852,1543,38.0,37.9,33.9,50.7,21.3,,,,,5.3,8.8,1.7,148,21,6.1,11.0,2.0,149,22,5.3,8.8,1.7,148,21,139,28.46,,0,0,0,38.8,40.9,43.6,0.54,0.39,0.40
BELD,2015-12-21 10:40:00 EST,42.22322,-75.66852,1543,38.1,38.1,33.7,50.7,21.5,,,,,5.7,9.9,1.8,155,24,6.6,12.1,2.0,157,23,5.7,9.9,1.8,155,24,136,28.46,,0,0,0,38.8,40.9,43.6,0.54,0.39,0.40
BELD,2015-12-21 10:45:00 EST,42.22322,-75.66852,1543,38.4,38.3,34.6,50.7,21.7,,,,,4.9,9.9,2.0,156,25,5.6,11.2,2.1,159,23,4.9,9.9,2.0,156,25,131,28.46,,0,0,0,38.8,40.9,43.6,0.54,0.39,0.40
BELD,2015-12-21 10:50:00 EST,42.22322,-75.66852,1543,38.5,38.5,35.8,49.9,21.5,,,,,3.9,11.2,2.2,158,22,4.7,18.3,2.5,161,24,3.9,11.2,2.2,158,22,126,28.47,,0,0,0,38.8,40.9,43.6,0.54,0.39,0.40
BELD,2015-12-21 10:55:00 EST,42.22322,-75.66852,1543,38.7,38.6,36.7,50.0,21.6,,,,,3.1,6.8,1.6,157,27,3.9,8.3,1.6,164,29,3.1,6.8,1.6,157,27,117,28.46,,0,0,0,38.8,40.9,43.6,0.54,0.39,0.40
BELD,2015-12-21 11:00:00 EST,42.22322,-75.66852,1543,38.8,38.8,34.5,49.7,21.6,,,,,5.7,11.7,2.3,152,18,6.3,12.5,2.4,155,20,5.7,11.7,2.3,152,18,105,28.46,,0,0,0,38.8,40.9,43.6,0.54,0.39,0.40
BELD,2015-12-21 11:05:00 EST,42.22322,-75.66852,1543,38.8,38.8,35.0,49.5,21.6,,,,,5.2,8.9,1.9,146,25,5.9,12.5,2.3,149,24,5.2,8.9,1.9,146,25,92,28.46,,0,0,0,38.8,40.9,43.6,0.54,0.39,0.40
BELD,2015-12-21 11:10:00 EST,42.22322,-75.66852,1543,39.0,39.0,34.3,48.3,21.1,,,,,6.5,13.1,2.3,165,17,7.1,14.5,2.5,170,17,6.5,13.1,2.3,165,17,89,28.46,,0,0,0,38.8,40.8,43.6,0.54,0.39,0.40
BELD,2015-12-21 11:15:00 EST,42.22322,-75.66852,1543,39.1,39.0,35.4,48.5,21.3,,,,,5.0,10.7,1.8,162,27,5.8,11.4,2.0,168,27,5.0,10.7,1.8,162,27,86,28.45,,0,0,0,38.8,40.9,43.6,0.54,0.39,0.40
BELD,2015-12-21 11:20:00 EST,42.22322,-75.66852,1543,39.2,39.2,35.2,48.7,21.5,,,,,5.4,9.6,1.4,163,22,6.1,13.2,1.7,165,22,5.4,9.6,1.4,163,22,69,28.45,,0,0,0,38.8,40.9,43.5,0.54,0.39,0.40
BELD,2015-12-21 11:25:00 EST,42.22322,-75.66852,1543,39.2,39.2,35.7,48.8,21.5,,,,,4.7,8.9,2.1,166,34,5.5,11.0,2.4,173,34,4.7,8.9,2.1,166,34,60,28.45,,0,0,0,38.8,40.9,43.5,0.54,0.39,0.40
BELD,2015-12-21 11:30:00 EST,42.22322,-75.66852,1543,39.3,39.3,35.7,48.9,21.6,,,,,4.9,9.3,2.0,176,28,5.6,11.2,2.2,180,28,4.9,9.3,2.0,176,28,65,28.44,,0,0,0,38.8,40.8,43.5,0.54,0.39,0.40
BELD,2015-12-21 11:35:00 EST,42.22322,-75.66852,1543,39.3,39.2,36.5,49.0,21.7,,,,,3.9,8.0,1.6,159,19,4.5,9.2,1.7,160,19,3.9,8.0,1.6,159,19,66,28.43,,0,0,0,38.8,40.8,43.5,0.54,0.39,0.40
BELD,2015-12-21 11:40:00 EST,42.22322,-75.66852,1543,39.1,39.2,34.9,49.4,21.8,,,,,5.7,10.0,1.5,148,15,6.3,10.7,1.7,152,17,5.7,10.0,1.5,148,15,63,28.43,,0,0,0,38.8,40.8,43.5,0.54,0.39,0.40
BELD,2015-12-21 11:45:00 EST,42.22322,-75.66852,1543,39.0,39.1,35.7,50.3,22.1,,,,,4.5,7.5,1.3,147,16,5.2,10.7,1.5,151,17,4.5,7.5,1.3,147,16,66,28.42,,0,0,0,38.8,40.8,43.5,0.54,0.39,0.40
BELD,2015-12-21 11:50:00 EST,42.22322,-75.66852,1543,39.0,39.0,35.1,50.5,22.2,,,,,5.4,8.2,1.1,146,18,6.0,9.6,1.3,150,18,5.4,8.2,1.1,146,18,80,28.42,,0,0,0,38.8,40.8,43.5,0.54,0.39,0.40
BELD,2015-12-21 11:55:00 EST,42.22322,-75.66852,1543,39.0,39.0,34.5,50.9,22.4,,,,,6.1,11.8,2.0,147,15,6.9,11.9,2.2,149,16,6.1,11.8,2.0,147,15,94,28.42,,0,0,0,38.8,40.8,43.5,0.54,0.39,0.40
BELD,2015-12-21 12:00:00 EST,42.22322,-75.66852,1543,39.1,39.1,35.5,50.6,22.4,,,,,5.0,9.6,1.9,162,20,5.5,10.7,1.9,164,20,5.0,9.6,1.9,162,20,100,28.42,,0,0,0,38.8,40.8,43.5,0.54,0.39,0.40
BELD,2015-12-21 12:05:00 EST,42.22322,-75.66852,1543,39.3,39.2,36.2,50.4,22.3,,,,,4.3,9.1,1.9,166,22,5.0,10.5,2.1,170,20,4.3,9.1,1.9,166,22,105,28.42,,0,0,0,38.8,40.8,43.5,0.54,0.39,0.40
BELD,2015-12-21 12:10:00 EST,42.22322,-75.66852,1543,39.4,39.3,36.0,50.0,22.3,,,,,4.8,7.9,1.7,161,20,5.6,9.8,1.8,165,19,4.8,7.9,1.7,161,20,101,28.42,,0,0,0,38.8,40.8,43.5,0.54,0.39,0.40
BELD,2015-12-21 12:15:00 EST,42.22322,-75.66852,1543,39.6,39.6,36.1,49.5,22.3,,,,,4.9,9.2,1.9,167,19,5.6,10.5,2.1,172,18,4.9,9.2,1.9,167,19,97,28.42,,0,0,0,38.9,40.8,43.5,0.54,0.39,0.40
BELD,2015-12-21 12:20:00 EST,42.22322,-75.66852,1543,39.8,39.8,36.0,48.9,22.1,,,,,5.3,11.0,1.9,178,22,6.1,13.2,2.2,180,22,5.3,11.0,1.9,178,22,101,28.43,,0,0,0,38.9,40.8,43.5,0.54,0.39,0.40
BELD,2015-12-21 12:25:00 EST,42.22322,-75.66852,1543,40.0,40.0,38.3,48.8,22.3,,,,,3.1,8.4,2.1,187,36,3.8,9.6,2.2,189,35,3.1,8.4,2.1,187,36,101,28.43,,0,0,0,38.8,40.8,43.5,0.54,0.39,0.40
BELD,2015-12-21 12:30:00 EST,42.22322,-75.66852,1543,40.1,40.1,37.4,48.7,22.3,,,,,4.0,8.3,1.6,139,28,4.5,9.2,1.8,143,28,4.0,8.3,1.6,139,28,100,28.42,,0,0,0,38.8,40.8,43.5,0.54,0.39,0.40
BELD,2015-12-21 12:35:00 EST,42.22322,-75.66852,1543,40.1,40.1,37.4,49.3,22.6,,,,,4.1,7.2,1.3,141,25,4.6,8.5,1.6,142,25,4.1,7.2,1.3,141,25,104,28.42,,0,0,0,38.8,40.8,43.5,0.54,0.39,0.40
BELD,2015-12-21 12:40:00 EST,42.22322,-75.66852,1543,40.2,40.3,37.4,50.0,23.1,,,,,4.3,7.4,1.3,147,32,4.9,10.3,1.7,151,30,4.3,7.4,1.3,147,32,104,28.41,,0,0,0,38.8,40.8,43.5,0.54,0.39,0.40
BELD,2015-12-21 12:45:00 EST,42.22322,-75.66852,1543,40.4,40.5,37.8,49.1,22.8,,,,,4.0,7.7,1.8,148,26,4.7,9.4,2.0,149,25,4.0,7.7,1.8,148,26,93,28.42,,0,0,0,38.8,40.8,43.5,0.55,0.39,0.40
BELD,2015-12-21 12:50:00 EST,42.22322,-75.66852,1543,40.6,40.6,38.6,48.0,22.4,,,,,3.3,8.9,1.9,140,26,3.8,9.6,2.0,142,28,3.3,8.9,1.9,140,26,78,28.41,,0,0,0,38.8,40.8,43.5,0.55,0.39,0.40
BELD,2015-12-21 12:55:00 EST,42.22322,-75.66852,1543,40.6,40.6,39.0,48.4,22.7,,,,,3.0,5.2,1.1,155,29,3.5,7.2,1.3,155,29,3.0,5.2,1.1,155,29,71,28.41,,0,0,0,38.8,40.8,43.5,0.55,0.39,0.40
BELD,2015-12-21 13:00:00 EST,42.22322,-75.66852,1543,40.7,40.8,38.3,48.8,22.9,,,,,3.8,7.4,1.6,143,31,4.4,10.1,1.9,143,33,3.8,7.4,1.6,143,31,65,28.41,,0,0,0,38.8,40.8,43.5,0.55,0.39,0.40
BELD,2015-12-21 13:05:00 EST,42.22322,-75.66852,1543,40.8,40.9,38.7,48.2,22.7,,,,,3.5,9.3,1.9,152,20,4.0,10.1,2.1,158,20,3.5,9.3,1.9,152,20,60,28.41,,0,0,0,38.8,40.8,43.5,0.55,0.39,0.40
BELD,2015-12-21 13:10:00 EST,42.22322,-75.66852,1543,40.8,40.8,40.8,48.0,22.6,,,,,2.3,5.8,1.3,114,36,2.9,6.5,1.3,117,36,2.3,5.8,1.3,114,36,63,28.40,,0,0,0,38.8,40.8,43.5,0.55,0.39,0.40
BELD,2015-12-21 13:15:00 EST,42.22322,-75.66852,1543,40.6,40.6,38.9,49.5,23.2,,,,,3.1,5.9,1.1,137,23,3.7,7.2,1.3,140,21,3.1,5.9,1.1,137,23,59,28.40,,0,0,0,38.8,40.8,43.5,0.55,0.39,0.40
BELD,2015-12-21 13:20:00 EST,42.22322,-75.66852,1543,40.6,40.6,38.8,49.6,23.2,,,,,3.2,6.8,1.4,136,25,3.7,7.6,1.6,141,23,3.2,6.8,1.4,136,25,60,28.40,,0,0,0,38.8,40.8,43.5,0.55,0.39,0.40
BELD,2015-12-21 13:25:00 EST,42.22322,-75.66852,1543,40.6,40.6,40.6,50.0,23.4,,,,,2.7,4.0,0.7,132,20,3.2,4.7,0.9,134,18,2.7,4.0,0.7,132,20,65,28.40,,0,0,0,38.8,40.8,43.5,0.55,0.39,0.40
BELD,2015-12-21 13:30:00 EST,42.22322,-75.66852,1543,40.6,40.6,38.7,49.3,23.0,,,,,3.3,6.1,1.1,143,23,3.7,6.7,1.3,145,23,3.3,6.1,1.1,143,23,51,28.40,,0,0,0,38.9,40.7,43.5,0.55,0.39,0.40
BELD,2015-12-21 13:35:00 EST,42.22322,-75.66852,1543,40.5,40.5,40.5,50.0,23.3,,,,,2.3,7.2,2.0,137,29,2.8,8.1,2.0,143,37,2.3,7.2,2.0,137,29,39,28.40,,0,0,0,38.8,40.7,43.5,0.55,0.39,0.40
BELD,2015-12-21 13:40:00 EST,42.22322,-75.66852,1543,40.5,40.6,37.6,49.8,23.2,,,,,4.3,7.6,1.4,138,20,4.9,8.9,1.6,140,19,4.3,7.6,1.4,138,20,36,28.40,,0,0,0,38.8,40.7,43.5,0.55,0.39,0.40
BELD,2015-12-21 13:45:00 EST,42.22322,-75.66852,1543,40.6,40.8,37.2,49.5,23.2,,,,,5.0,7.6,1.2,145,22,5.6,8.5,1.4,148,23,5.0,7.6,1.2,145,22,33,28.40,,0,0,0,38.8,40.8,43.5,0.54,0.39,0.40
BELD,2015-12-21 13:50:00 EST,42.22322,-75.66852,1543,40.7,40.9,37.8,49.5,23.3,,,,,4.4,9.6,1.8,148,20,5.1,9.8,1.9,153,21,4.4,9.6,1.8,148,20,34,28.39,,0,0,0,38.8,40.7,43.5,0.55,0.39,0.40
BELD,2015-12-21 13:55:00 EST,42.22322,-75.66852,1543,40.8,41.0,38.6,49.6,23.4,,,,,3.7,11.0,1.6,146,21,4.2,11.4,1.8,148,22,3.7,11.0,1.6,146,21,37,28.39,,0,0,0,38.8,40.8,43.5,0.55,0.39,0.40
BELD,2015-12-21 14:00:00 EST,42.22322,-75.66852,1543,41.0,41.1,37.7,49.0,23.3,,,,,4.9,10.4,1.6,142,22,5.7,11.2,1.9,145,21,4.9,10.4,1.6,142,22,30,28.39,,0,0,0,38.8,40.7,43.5,0.55,0.39,0.40
BELD,2015-12-21 14:05:00 EST,42.22322,-75.66852,1543,40.8,40.9,37.8,49.7,23.4,,,,,4.5,6.9,1.0,132,12,5.0,7.6,1.2,135,13,4.5,6.9,1.0,132,12,29,28.38,,0,0,0,38.8,40.7,43.5,0.55,0.39,0.40
BELD,2015-12-21 14:10:00 EST,42.22322,-75.66852,1543,40.7,40.9,36.5,50.1,23.5,,,,,6.2,11.3,1.8,149,13,7.1,12.3,2.0,151,13,6.2,11.3,1.8,149,13,33,28.37,,0,0,0,38.9,40.7,43.5,0.55,0.39,0.40
BELD,2015-12-21 14:15:00 EST,42.22322,-75.66852,1543,40.8,41.0,37.3,49.3,23.3,,,,,5.2,8.7,1.6,154,17,5.9,9.4,1.6,159,16,5.2,8.7,1.6,154,17,26,28.37,,0,0,0,38.8,40.7,43.5,0.55,0.39,0.40
BELD,2015-12-21 14:20:00 EST,42.22322,-75.66852,1543,41.1,41.2,36.9,48.1,23.0,,,,,6.3,11.2,1.6,164,18,7.0,12.8,1.9,166,18,6.3,11.2,1.6,164,18,36,28.38,,0,0,0,38.9,40.7,43.5,0.55,0.39,0.40
BELD,2015-12-21 14:25:00 EST,42.22322,-75.66852,1543,41.1,41.1,37.1,47.9,22.8,,,,,6.0,9.1,1.1,157,18,7.0,12.3,1.7,161,18,6.0,9.1,1.1,157,18,34,28.38,,0,0,0,38.8,40.7,43.5,0.54,0.39,0.40
BELD,2015-12-21 14:30:00 EST,42.22322,-75.66852,1543,40.9,41.0,36.5,48.8,23.1,,,,,6.4,12.5,2.0,165,24,7.1,13.6,2.3,168,23,6.4,12.5,2.0,165,24,31,28.37,,0,0,0,38.9,40.7,43.5,0.55,0.39,0.40
BELD,2015-12-21 14:35:00 EST,42.22322,-75.66852,1543,40.8,40.8,37.7,49.4,23.3,,,,,4.5,8.3,1.5,150,18,5.2,11.0,1.8,151,17,4.5,8.3,1.5,150,18,28,28.37,,0,0,0,38.8,40.6,43.5,0.55,0.39,0.40
BELD,2015-12-21 14:40:00 EST,42.22322,-75.66852,1543,40.7,40.8,37.7,50.0,23.5,,,,,4.5,7.7,1.2,140,16,4.9,9.2,1.3,142,16,4.5,7.7,1.2,140,16,32,28.36,,0,0,0,38.8,40.6,43.5,0.55,0.39,0.40
BELD,2015-12-21 14:45:00 EST,42.22322,-75.66852,1543,40.7,40.8,38.1,50.4,23.7,,,,,4.0,7.2,1.1,139,21,4.5,8.1,1.4,141,21,4.0,7.2,1.1,139,21,39,28.36,,0,0,0,38.8,40.6,43.5,0.55,0.39,0.40
BELD,2015-12-21 14:50:00 EST,42.22322,-75.66852,1543,40.9,40.9,37.8,49.9,23.6,,,,,4.7,7.5,1.3,132,16,5.3,8.9,1.5,134,16,4.7,7.5,1.3,132,16,37,28.35,,0,0,0,38.8,40.6,43.5,0.55,0.39,0.40
BELD,2015-12-21 14:55:00 EST,42.22322,-75.66852,1543,40.9,41.0,37.3,50.0,23.7,,,,,5.4,11.1,1.8,144,16,6.1,11.4,2.0,146,16,5.4,11.1,1.8,144,16,39,28.35,,0,0,0,38.8,40.7,43.5,0.55,0.39,0.40
BELD,2015-12-21 15:00:00 EST,42.22322,-75.66852,1543,41.0,41.1,36.6,50.3,23.9,,,,,6.6,11.0,1.7,147,17,7.3,11.9,1.9,151,16,6.6,11.0,1.7,147,17,47,28.34,,0,0,0,38.8,40.6,43.5,0.55,0.39,0.40
BELD,2015-12-21 15:05:00 EST,42.22322,-75.66852,1543,41.2,41.3,36.4,50.4,24.1,,,,,7.3,11.5,2.1,146,14,8.0,13.2,2.3,149,13,7.3,11.5,2.1,146,14,59,28.34,,0,0,0,38.9,40.6,43.5,0.55,0.39,0.40
BELD,2015-12-21 15:10:00 EST,42.22322,-75.66852,1543,41.4,41.5,36.8,49.6,24.0,,,,,6.9,11.3,1.8,150,18,8.0,14.3,2.0,154,16,6.9,11.3,1.8,150,18,59,28.34,,0,0,0,38.8,40.6,43.5,0.55,0.39,0.40
BELD,2015-12-21 15:15:00 EST,42.22322,-75.66852,1543,41.5,41.6,36.9,49.6,24.1,,,,,7.0,11.5,2.0,153,14,7.9,12.5,2.1,158,13,7.0,11.5,2.0,153,14,60,28.34,,0,0,0,38.9,40.6,43.5,0.55,0.39,0.40
BELD,2015-12-21 15:20:00 EST,42.22322,-75.66852,1543,41.7,41.7,37.0,49.6,24.2,,,,,7.3,15.8,2.1,152,16,8.3,17.2,2.5,157,15,7.3,15.8,2.1,152,16,55,28.34,,0,0,0,38.8,40.6,43.5,0.55,0.39,0.40
BELD,2015-12-21 15:25:00 EST,42.22322,-75.66852,1543,41.8,41.9,36.3,49.1,24.1,,,,,9.0,16.7,3.0,158,16,9.8,17.7,3.2,161,16,9.0,16.7,3.0,158,16,31,28.34,,0,0,0,38.8,40.6,43.4,0.55,0.39,0.40
BELD,2015-12-21 15:30:00 EST,42.22322,-75.66852,1543,41.9,42.0,36.5,49.0,24.1,,,,,8.8,17.1,2.8,156,15,9.7,17.7,2.9,159,12,8.8,17.1,2.8,156,15,17,28.34,,0,0,0,38.8,40.6,43.5,0.55,0.39,0.40
BELD,2015-12-21 15:35:00 EST,42.22322,-75.66852,1543,42.0,42.1,36.6,48.8,24.1,,,,,8.9,13.4,2.4,158,19,10.0,16.3,2.8,161,18,8.9,13.4,2.4,158,19,27,28.34,,0,0,0,38.8,40.6,43.5,0.55,0.39,0.40
BELD,2015-12-21 15:40:00 EST,42.22322,-75.66852,1543,42.0,42.1,37.4,49.1,24.3,,,,,7.2,15.6,2.7,161,21,7.9,15.7,3.1,166,20,7.2,15.6,2.7,161,21,19,28.34,,0,0,0,38.8,40.6,43.4,0.54,0.39,0.40
BELD,2015-12-21 15:45:00 EST,42.22322,-75.66852,1543,42.2,42.2,38.3,48.5,24.2,,,,,6.2,12.6,2.4,170,20,7.1,13.4,2.6,173,17,6.2,12.6,2.4,170,20,22,28.34,,0,0,0,38.8,40.6,43.5,0.55,0.39,0.40
BELD,2015-12-21 15:50:00 EST,42.22322,-75.66852,1543,42.2,42.3,38.3,48.4,24.1,,,,,6.2,10.5,2.0,162,21,7.0,11.6,2.0,164,18,6.2,10.5,2.0,162,21,27,28.34,,0,0,0,38.8,40.6,43.4,0.55,0.39,0.40
BELD,2015-12-21 15:55:00 EST,42.22322,-75.66852,1543,42.3,42.4,39.1,48.5,24.2,,,,,5.2,9.9,2.2,170,18,6.0,11.6,2.5,174,15,5.2,9.9,2.2,170,18,18,28.34,,0,0,0,38.8,40.6,43.4,0.55,0.39,0.40
BELD,2015-12-21 16:00:00 EST,42.22322,-75.66852,1543,42.3,42.4,38.8,48.6,24.3,,,,,5.6,9.4,2.2,151,19,6.5,11.9,2.3,153,19,5.6,9.4,2.2,151,19,17,28.34,,0,0,0,38.8,40.6,43.4,0.55,0.39,0.40
BELD,2015-12-21 16:05:00 EST,42.22322,-75.66852,1543,42.3,42.4,38.6,49.0,24.5,,,,,5.8,12.0,2.3,157,19,6.6,14.3,2.7,159,18,5.8,12.0,2.3,157,19,15,28.34,,0,0,0,38.8,40.6,43.4,0.55,0.39,0.40
BELD,2015-12-21 16:10:00 EST,42.22322,-75.66852,1543,42.5,42.6,38.1,48.4,24.4,,,,,7.1,12.2,2.3,159,19,7.8,14.5,2.4,163,17,7.1,12.2,2.3,159,19,12,28.34,,0,0,0,38.8,40.6,43.4,0.55,0.39,0.40
BELD,2015-12-21 16:15:00 EST,42.22322,-75.66852,1543,42.6,42.7,37.8,47.6,24.1,,,,,8.0,15.1,2.5,154,25,9.0,17.9,3.0,155,24,8.0,15.1,2.5,154,25,11,28.34,,0,0,0,38.8,40.6,43.4,0.55,0.39,0.40
BELD,2015-12-21 16:20:00 EST,42.22322,-75.66852,1543,42.7,42.8,38.6,48.3,24.4,,,,,6.5,12.9,2.9,170,17,7.2,14.3,3.1,174,17,6.5,12.9,2.9,170,17,8,28.34,,0,0,0,38.8,40.6,43.4,0.55,0.39,0.40
BELD,2015-12-21 16:25:00 EST,42.22322,-75.66852,1543,42.7,42.8,39.2,48.0,24.4,,,,,5.6,10.2,1.9,154,22,6.5,10.5,2.2,159,20,5.6,10.2,1.9,154,22,4,28.34,,0,0,0,38.9,40.6,43.4,0.55,0.39,0.40
BELD,2015-12-21 16:30:00 EST,42.22322,-75.66852,1543,42.7,42.8,39.4,48.3,24.5,,,,,5.2,9.4,1.7,158,21,6.1,11.4,1.9,161,20,5.2,9.4,1.7,158,21,2,28.34,,0,0,0,38.9,40.6,43.4,0.55,0.39,0.40
BELD,2015-12-21 16:35:00 EST,42.22322,-75.66852,1543,42.9,43.0,39.5,47.6,24.4,,,,,5.6,12.0,2.5,162,18,6.6,13.6,2.6,165,18,5.6,12.0,2.5,162,18,1,28.34,,0,0,0,38.9,40.6,43.4,0.55,0.39,0.40
BELD,2015-12-21 16:40:00 EST,42.22322,-75.66852,1543,43.1,43.2,39.5,47.2,24.3,,,,,5.9,11.1,2.0,153,21,6.6,11.4,2.1,157,19,5.9,11.1,2.0,153,21,1,28.34,,0,0,0,38.8,40.6,43.4,0.55,0.39,0.40
BELD,2015-12-21 16:45:00 EST,42.22322,-75.66852,1543,43.2,43.3,39.7,47.1,24.3,,,,,5.8,11.9,2.5,164,21,6.5,13.9,2.8,170,19,5.8,11.9,2.5,164,21,0,28.34,,0,0,0,38.9,40.6,43.4,0.55,0.39,0.40
BELD,2015-12-21 16:50:00 EST,42.22322,-75.66852,1543,43.2,43.3,40.0,47.1,24.4,,,,,5.2,12.6,2.4,158,23,5.9,14.5,2.7,166,21,5.2,12.6,2.4,158,23,0,28.34,,0,0,0,38.9,40.6,43.4,0.55,0.39,0.40
BELD,2015-12-21 16:55:00 EST,42.22322,-75.66852,1543,43.3,43.4,39.6,47.4,24.6,,,,,6.0,9.6,1.8,167,27,6.9,11.9,2.0,168,27,6.0,9.6,1.8,167,27,0,28.34,,0,0,0,38.9,40.6,43.4,0.55,0.39,0.40
BELD,2015-12-21 17:00:00 EST,42.22322,-75.66852,1543,43.4,43.5,39.9,47.3,24.6,,,,,5.8,10.7,1.9,167,20,6.6,13.4,2.3,170,18,5.8,10.7,1.9,167,20,0,28.34,,0,0,0,38.9,40.6,43.4,0.55,0.39,0.40
BELD,2015-12-21 17:05:00 EST,42.22322,-75.66852,1543,43.5,43.5,41.0,46.8,24.5,,,,,4.3,9.5,2.1,170,27,5.3,13.0,2.5,175,22,4.3,9.5,2.1,170,27,0,28.34,,0,0,0,38.9,40.6,43.4,0.55,0.39,0.40
BELD,2015-12-21 17:10:00 EST,42.22322,-75.66852,1543,43.5,43.6,39.4,46.8,24.5,,,,,6.8,11.9,2.0,162,21,7.8,14.3,2.2,163,21,6.8,11.9,2.0,162,21,0,28.34,,0,0,0,38.9,40.6,43.4,0.55,0.39,0.40
BELD,2015-12-21 17:15:00 EST,42.22322,-75.66852,1543,43.5,43.6,40.4,46.7,24.5,,,,,5.3,9.6,1.9,165,21,6.1,11.2,2.1,169,20,5.3,9.6,1.9,165,21,0,28.35,,0,0,0,38.9,40.6,43.4,0.55,0.39,0.40
BELD,2015-12-21 17:20:00 EST,42.22322,-75.66852,1543,43.6,43.7,40.0,46.7,24.5,,,,,6.1,12.2,1.9,166,20,6.8,15.4,2.2,171,18,6.1,12.2,1.9,166,20,0,28.35,,0,0,0,38.9,40.6,43.4,0.55,0.39,0.40
BELD,2015-12-21 17:25:00 EST,42.22322,-75.66852,1543,43.6,43.7,40.9,47.0,24.7,,,,,4.7,9.2,2.1,163,25,5.6,12.3,2.2,167,26,4.7,9.2,2.1,163,25,0,28.35,,0,0,0,39.0,40.6,43.3,0.55,0.39,0.40
BELD,2015-12-21 17:30:00 EST,42.22322,-75.66852,1543,43.7,43.8,41.8,46.5,24.6,,,,,3.9,12.6,2.2,180,29,4.6,13.0,2.4,185,28,3.9,12.6,2.2,180,29,0,28.35,,0,0,0,38.9,40.6,43.3,0.55,0.39,0.40
BELD,2015-12-21 17:35:00 EST,42.22322,-75.66852,1543,43.7,43.7,41.3,47.0,24.8,,,,,4.4,9.2,1.7,178,24,5.1,9.8,1.8,177,24,4.4,9.2,1.7,178,24,0,28.36,,0,0,0,38.9,40.6,43.3,0.55,0.39,0.40
BELD,2015-12-21 17:40:00 EST,42.22322,-75.66852,1543,43.7,43.8,40.1,47.1,24.8,,,,,6.2,10.1,1.8,173,22,7.0,11.9,2.1,177,18,6.2,10.1,1.8,173,22,0,28.36,,0,0,0,39.0,40.6,43.4,0.55,0.39,0.40
BELD,2015-12-21 17:45:00 EST,42.22322,-75.66852,1543,43.8,43.8,41.4,47.2,24.9,,,,,4.4,10.8,2.1,172,27,5.1,11.4,2.1,177,28,4.4,10.8,2.1,172,27,0,28.35,,0,0,0,39.0,40.6,43.3,0.55,0.39,0.40
BELD,2015-12-21 17:50:00 EST,42.22322,-75.66852,1543,43.7,43.7,40.0,47.7,25.1,,,,,6.2,15.4,3.1,175,21,7.0,19.0,3.3,179,21,6.2,15.4,3.1,175,21,0,28.36,,0,0,0,39.0,40.6,43.3,0.55,0.39,0.40
BELD,2015-12-21 17:55:00 EST,42.22322,-75.66852,1543,43.4,43.6,41.0,49.0,25.5,,,,,4.4,9.1,2.0,168,22,5.0,10.3,2.2,172,22,4.4,9.1,2.0,168,22,0,28.36,,0,0,0,39.0,40.6,43.3,0.55,0.39,0.40
BELD,2015-12-21 18:00:00 EST,42.22322,-75.66852,1543,43.5,43.5,40.5,48.9,25.5,,,,,5.0,8.0,1.6,172,20,5.6,11.2,1.8,178,22,5.0,8.0,1.6,172,20,0,28.36,,0,0,0,39.0,40.6,43.3,0.55,0.39,0.40
BELD,2015-12-21 18:05:00 EST,42.22322,-75.66852,1543,43.4,43.5,40.5,48.9,25.5,,,,,5.0,11.9,2.1,170,23,5.8,12.8,2.4,175,21,5.0,11.9,2.1,170,23,0,28.36,,0,0,0,39.0,40.6,43.3,0.55,0.39,0.40
BELD,2015-12-21 18:10:00 EST,42.22322,-75.66852,1543,43.3,43.3,42.0,49.2,25.5,,,,,3.1,6.5,1.4,180,24,3.7,8.3,1.7,186,24,3.1,6.5,1.4,180,24,0,28.36,,0,0,0,39.0,40.6,43.3,0.55,0.39,0.40
BELD,2015-12-21 18:15:00 EST,42.22322,-75.66852,1543,43.2,43.2,41.4,49.5,25.5,,,,,3.5,6.4,1.3,161,26,4.1,7.8,1.4,167,26,3.5,6.4,1.3,161,26,0,28.36,,0,0,0,39.0,40.6,43.3,0.55,0.39,0.40
BELD,2015-12-21 18:20:00 EST,42.22322,-75.66852,1543,43.0,43.1,43.0,50.1,25.7,,,,,2.5,5.1,1.1,167,35,3.0,7.2,1.2,170,34,2.5,5.1,1.1,167,35,0,28.36,,0,0,0,39.0,40.6,43.3,0.55,0.39,0.40
BELD,2015-12-21 18:25:00 EST,42.22322,-75.66852,1543,42.9,43.1,42.9,50.3,25.7,,,,,1.8,5.4,1.1,165,25,2.4,6.9,1.1,166,26,1.8,5.4,1.1,165,25,0,28.36,,0,0,0,39.0,40.6,43.3,0.55,0.39,0.40
BELD,2015-12-21 18:30:00 EST,42.22322,-75.66852,1543,42.8,43.0,42.8,50.9,25.9,,,,,2.0,7.0,1.8,187,41,2.6,8.7,1.9,184,44,2.0,7.0,1.8,187,41,0,28.36,,0,0,0,39.0,40.6,43.3,0.55,0.39,0.40
BELD,2015-12-21 18:35:00 EST,42.22322,-75.66852,1543,43.1,43.1,41.6,49.9,25.7,,,,,3.3,7.9,1.5,192,25,3.8,8.7,1.7,195,27,3.3,7.9,1.5,192,25,0,28.36,,0,0,0,39.0,40.6,43.3,0.55,0.39,0.40
BELD,2015-12-21 18:40:00 EST,42.22322,-75.66852,1543,43.0,43.0,43.0,50.1,25.7,,,,,1.9,3.5,0.8,154,30,2.3,4.3,0.8,152,30,1.9,3.5,0.8,154,30,0,28.36,,0,0,0,39.0,40.6,43.3,0.55,0.39,0.40
BELD,2015-12-21 18:45:00 EST,42.22322,-75.66852,1543,42.8,43.0,42.8,51.1,26.0,,,,,2.7,5.9,1.0,160,20,3.2,7.2,1.2,162,20,2.7,5.9,1.0,160,20,0,28.36,,0,0,0,39.0,40.6,43.3,0.55,0.39,0.40
BELD,2015-12-21 18:50:00 EST,42.22322,-75.66852,1543,42.9,43.0,42.9,50.7,25.8,,,,,3.0,6.6,1.3,155,28,3.5,7.6,1.4,157,27,3.0,6.6,1.3,155,28,0,28.36,,0,0,0,39.0,40.6,43.3,0.55,0.39,0.40
BELD,2015-12-21 18:55:00 EST,42.22322,-75.66852,1543,42.9,43.0,42.9,50.5,25.8,,,,,1.5,5.0,1.1,125,37,2.1,5.1,1.0,130,41,1.5,5.0,1.1,125,37,0,28.37,,0,0,0,39.0,40.6,43.3,0.55,0.39,0.40
BELD,2015-12-21 19:00:00 EST,42.22322,-75.66852,1543,42.9,42.9,42.9,50.8,25.9,,,,,1.1,3.1,0.8,145,30,1.7,4.3,0.8,149,35,1.1,3.1,0.8,145,30,0,28.37,,0,0,0,39.0,40.6,43.3,0.55,0.39,0.40
BELD,2015-12-21 19:05:00 EST,42.22322,-75.66852,1543,42.7,42.9,42.7,51.3,26.0,,,,,2.0,3.9,0.8,142,34,2.6,4.7,0.8,146,37,2.0,3.9,0.8,142,34,0,28.37,,0,0,0,39.0,40.6,43.3,0.55,0.39,0.40
BELD,2015-12-21 19:10:00 EST,42.22322,-75.66852,1543,42.6,42.7,42.6,52.7,26.5,,,,,1.6,5.9,1.4,158,23,2.3,6.3,1.4,161,30,1.6,5.9,1.4,158,23,0,28.37,,0,0,0,39.0,40.6,43.3,0.55,0.39,0.40
BELD,2015-12-21 19:15:00 EST,42.22322,-75.66852,1543,42.3,42.4,40.8,54.7,27.2,,,,,3.2,6.6,1.5,158,18,3.6,7.8,1.6,161,18,3.2,6.6,1.5,158,18,0,28.37,,0,0,0,39.0,40.6,43.3,0.55,0.39,0.40
BELD,2015-12-21 19:20:00 EST,42.22322,-75.66852,1543,42.1,42.2,39.7,56.4,27.7,,,,,4.0,7.5,1.3,174,20,4.7,8.3,1.4,175,19,4.0,7.5,1.3,174,20,0,28.37,,0,0,0,39.0,40.6,43.3,0.55,0.39,0.40
BELD,2015-12-21 19:25:00 EST,42.22322,-75.66852,1543,42.0,42.1,38.9,56.2,27.5,,,,,4.9,10.2,1.8,155,21,5.6,10.5,1.9,155,21,4.9,10.2,1.8,155,21,0,28.37,,0,0,0,39.1,40.6,43.3,0.55,0.39,0.40
BELD,2015-12-21 19:30:00 EST,42.22322,-75.66852,1543,42.0,42.1,42.0,56.3,27.5,,,,,2.9,8.3,1.6,162,27,3.3,10.1,1.9,162,28,2.9,8.3,1.6,162,27,0,28.37,,0,0,0,39.1,40.6,43.3,0.55,0.39,0.40
BELD,2015-12-21 19:35:00 EST,42.22322,-75.66852,1543,42.2,42.3,42.2,55.1,27.2,,,,,2.7,6.4,1.4,166,33,3.3,8.5,1.6,167,37,2.7,6.4,1.4,166,33,0,28.37,,0,0,0,39.1,40.5,43.3,0.55,0.39,0.40
BELD,2015-12-21 19:40:00 EST,42.22322,-75.66852,1543,42.2,42.3,40.6,55.2,27.3,,,,,3.2,5.8,1.3,159,26,3.7,7.2,1.4,165,27,3.2,5.8,1.3,159,26,0,28.37,,0,0,0,39.1,40.5,43.3,0.55,0.39,0.40
BELD,2015-12-21 19:45:00 EST,42.22322,-75.66852,1543,42.2,42.3,40.4,54.9,27.1,,,,,3.4,7.1,1.3,150,20,4.2,8.1,1.6,152,19,3.4,7.1,1.3,150,20,0,28.36,,0,0,0,39.2,40.6,43.3,0.55,0.39,0.40
BELD,2015-12-21 19:50:00 EST,42.22322,-75.66852,1543,42.3,42.4,40.8,54.4,27.0,,,,,3.1,7.3,1.9,152,28,3.7,8.3,2.1,152,31,3.1,7.3,1.9,152,28,0,28.37,,0,0,0,39.1,40.6,43.3,0.55,0.39,0.40
BELD,2015-12-21 19:55:00 EST,42.22322,-75.66852,1543,42.4,42.4,42.4,53.8,26.8,,,,,2.0,4.9,1.2,167,37,2.6,6.5,1.2,173,43,2.0,4.9,1.2,167,37,0,28.37,,0,0,0,39.1,40.5,43.3,0.55,0.39,0.40
BELD,2015-12-21 20:00:00 EST,42.22322,-75.66852,1543,42.4,42.5,42.4,53.9,26.9,,,,,2.3,6.1,1.4,169,46,2.9,7.4,1.4,166,46,2.3,6.1,1.4,169,46,0,28.37,,0,0,0,39.2,40.6,43.3,0.55,0.39,0.40
BELD,2015-12-21 20:05:00 EST,42.22322,-75.66852,1543,42.5,42.6,42.5,53.7,26.9,,,,,2.5,6.2,1.3,171,39,3.2,7.4,1.4,169,36,2.5,6.2,1.3,171,39,0,28.37,,0,0,0,39.2,40.5,43.3,0.55,0.39,0.40
BELD,2015-12-21 20:10:00 EST,42.22322,-75.66852,1543,42.7,42.7,42.7,53.6,27.0,,,,,1.7,4.3,1.1,188,48,2.5,6.0,1.4,201,51,1.7,4.3,1.1,188,48,0,28.37,,0,0,0,39.2,40.6,43.3,0.55,0.39,0.40
BELD,2015-12-21 20:15:00 EST,42.22322,-75.66852,1543,42.9,42.9,40.4,53.1,27.0,,,,,4.3,11.0,2.0,169,32,4.9,11.9,2.2,168,32,4.3,11.0,2.0,169,32,0,28.37,,0,0,0,39.2,40.6,43.3,0.55,0.39,0.40
BELD,2015-12-21 20:20:00 EST,42.22322,-75.66852,1543,42.8,42.9,42.8,53.8,27.2,,,,,2.5,5.5,1.0,168,33,3.1,6.5,1.2,172,35,2.5,5.5,1.0,168,33,0,28.37,,0,0,0,39.2,40.6,43.3,0.55,0.39,0.40
BELD,2015-12-21 20:25:00 EST,42.22322,-75.66852,1543,42.8,42.8,42.8,53.9,27.3,,,,,1.7,4.0,0.9,148,29,2.1,5.1,1.0,152,36,1.7,4.0,0.9,148,29,0,28.37,,0,0,0,39.2,40.6,43.3,0.55,0.39,0.40
BELD,2015-12-21 20:30:00 EST,42.22322,-75.66852,1543,42.6,42.8,42.6,54.8,27.5,,,,,2.5,5.4,1.2,149,34,3.0,5.8,1.1,153,36,2.5,5.4,1.2,149,34,0,28.37,,0,0,0,39.2,40.6,43.3,0.55,0.39,0.40
BELD,2015-12-21 20:35:00 EST,42.22322,-75.66852,1543,42.7,42.8,42.7,54.4,27.4,,,,,2.2,5.2,0.9,155,37,2.5,6.9,1.1,157,39,2.2,5.2,0.9,155,37,0,28.37,,0,0,0,39.2,40.6,43.3,0.55,0.39,0.40
BELD,2015-12-21 20:40:00 EST,42.22322,-75.66852,1543,42.4,42.7,42.4,54.7,27.2,,,,,2.0,4.1,0.8,119,24,2.5,4.9,0.9,120,24,2.0,4.1,0.8,119,24,0,28.37,,0,0,0,39.2,40.6,43.3,0.55,0.39,0.40
BELD,2015-12-21 20:45:00 EST,42.22322,-75.66852,1543,42.0,42.4,42.0,57.1,27.9,,,,,0.8,2.3,0.8,73,28,1.5,3.1,0.8,69,36,0.8,2.3,0.8,73,28,0,28.37,,0,0,0,39.2,40.6,43.3,0.55,0.39,0.40
BELD,2015-12-21 20:50:00 EST,42.22322,-75.66852,1543,42.4,42.5,42.4,55.8,27.7,,,,,0.9,2.0,0.4,33,17,1.4,2.9,0.4,38,20,0.9,2.0,0.4,33,17,0,28.37,,0,0,0,39.2,40.6,43.3,0.55,0.39,0.40
BELD,2015-12-21 20:55:00 EST,42.22322,-75.66852,1543,42.4,42.6,42.4,55.0,27.4,,,,,0.8,3.8,1.0,139,31,1.5,5.4,1.0,126,45,0.8,3.8,1.0,139,31,0,28.37,,0,0,0,39.2,40.6,43.3,0.55,0.39,0.40
BELD,2015-12-21 21:00:00 EST,42.22322,-75.66852,1543,42.4,42.5,42.4,55.0,27.4,,,,,1.9,4.9,0.8,140,26,2.2,5.8,0.9,140,27,1.9,4.9,0.8,140,26,0,28.37,,0,0,0,39.2,40.6,43.3,0.55,0.39,0.40
BELD,2015-12-21 21:05:00 EST,42.22322,-75.66852,1543,42.2,42.5,42.2,55.8,27.6,,,,,2.2,4.5,1.0,141,28,2.5,5.4,1.1,142,31,2.2,4.5,1.0,141,28,0,28.37,,0,0,0,39.2,40.6,43.3,0.55,0.39,0.40
BELD,2015-12-21 21:10:00 EST,42.22322,-75.66852,1543,42.3,42.5,42.3,55.6,27.5,,,,,2.0,4.1,0.6,144,27,2.5,6.0,0.9,147,26,2.0,4.1,0.6,144,27,0,28.37,,0,0,0,39.2,40.6,43.3,0.55,0.39,0.40
BELD,2015-12-21 21:15:00 EST,42.22322,-75.66852,1543,42.4,42.6,42.4,55.5,27.6,,,,,1.7,4.7,1.0,144,28,2.2,6.5,1.2,150,31,1.7,4.7,1.0,144,28,0,28.36,,0,0,0,39.2,40.6,43.3,0.55,0.39,0.40
BELD,2015-12-21 21:20:00 EST,42.22322,-75.66852,1543,42.7,42.8,42.7,55.2,27.7,,,,,2.6,5.8,1.2,161,29,3.1,6.0,1.2,164,29,2.6,5.8,1.2,161,29,0,28.37,,0,0,0,39.2,40.6,43.3,0.55,0.39,0.40
BELD,2015-12-21 21:25:00 EST,42.22322,-75.66852,1543,42.4,42.6,42.4,56.1,27.9,,,,,1.5,4.5,1.0,154,26,1.9,6.3,1.1,158,32,1.5,4.5,1.0,154,26,0,28.37,,0,0,0,39.2,40.6,43.2,0.55,0.39,0.40
BELD,2015-12-21 21:30:00 EST,42.22322,-75.66852,1543,42.7,42.8,42.7,56.4,28.2,,,,,2.6,5.4,1.0,145,29,3.2,6.0,1.3,146,28,2.6,5.4,1.0,145,29,0,28.37,,0,0,0,39.2,40.6,43.3,0.54,0.39,0.40
BELD,2015-12-21 21:35:00 EST,42.22322,-75.66852,1543,42.5,42.8,42.5,57.5,28.6,,,,,2.2,5.3,1.1,119,31,2.8,6.9,1.2,118,28,2.2,5.3,1.1,119,31,0,28.36,,0,0,0,39.2,40.6,43.2,0.55,0.39,0.40
BELD,2015-12-21 21:40:00 EST,42.22322,-75.66852,1543,42.7,42.8,42.7,57.9,28.9,,,,,1.6,3.1,0.8,119,34,2.0,4.0,0.7,126,37,1.6,3.1,0.8,119,34,0,28.37,,0,0,0,39.2,40.6,43.2,0.55,0.39,0.40
BELD,2015-12-21 21:45:00 EST,42.22322,-75.66852,1543,43.0,43.0,43.0,58.5,29.4,,,,,2.3,6.4,1.4,148,67,2.9,6.9,1.4,150,72,2.3,6.4,1.4,148,67,0,28.37,,0,0,0,39.2,40.6,43.3,0.55,0.39,0.40
BELD,2015-12-21 21:50:00 EST,42.22322,-75.66852,1543,43.3,43.5,43.3,58.8,29.8,,,,,2.4,5.2,1.2,107,48,3.0,6.7,1.3,109,52,2.4,5.2,1.2,107,48,0,28.37,,0,0,0,39.2,40.6,43.2,0.55,0.39,0.40
BELD,2015-12-21 21:55:00 EST,42.22322,-75.66852,1543,43.5,43.7,43.5,60.1,30.6,,,,,2.7,5.6,1.3,181,40,3.4,6.3,1.4,183,40,2.7,5.6,1.3,181,40,0,28.36,,0,0,0,39.2,40.6,43.2,0.55,0.39,0.40
BELD,2015-12-21 22:00:00 EST,42.22322,-75.66852,1543,44.4,44.4,41.8,61.2,31.8,,,,,4.7,10.2,2.7,230,30,5.5,13.0,2.8,235,28,4.7,10.2,2.7,230,30,0,28.36,,0,0,0,39.2,40.6,43.2,0.55,0.39,0.40
BELD,2015-12-21 22:05:00 EST,42.22322,-75.66852,1543,44.5,44.6,42.5,61.3,32.0,,,,,4.0,10.2,1.9,224,35,4.8,11.6,2.0,233,34,4.0,10.2,1.9,224,35,0,28.36,,0,0,0,39.2,40.6,43.3,0.55,0.39,0.40
BELD,2015-12-21 22:10:00 EST,42.22322,-75.66852,1543,44.8,44.8,42.1,61.9,32.5,,,,,4.9,9.6,1.6,231,32,5.4,9.4,1.7,235,31,4.9,9.6,1.6,231,32,0,28.37,,0,0,0,39.2,40.6,43.2,0.55,0.39,0.40
BELD,2015-12-21 22:15:00 EST,42.22322,-75.66852,1543,44.8,44.9,41.6,62.1,32.6,,,,,5.8,10.5,1.8,221,35,6.5,12.1,2.1,225,34,5.8,10.5,1.8,221,35,0,28.37,,0,0,0,39.2,40.6,43.2,0.55,0.39,0.40
BELD,2015-12-21 22:20:00 EST,42.22322,-75.66852,1543,45.0,45.0,43.1,62.2,32.8,,,,,3.9,11.4,2.4,200,44,4.9,12.8,2.4,202,45,3.9,11.4,2.4,200,44,0,28.37,,0,0,0,39.2,40.6,43.2,0.55,0.39,0.40
BELD,2015-12-21 22:25:00 EST,42.22322,-75.66852,1543,45.0,45.0,42.7,62.8,33.0,,,,,4.5,12.1,2.4,212,38,5.4,15.2,2.6,220,39,4.5,12.1,2.4,212,38,0,28.37,,0,0,0,39.2,40.6,43.2,0.55,0.39,0.40
BELD,2015-12-21 22:30:00 EST,42.22322,-75.66852,1543,45.0,45.1,43.1,63.0,33.1,,,,,4.0,8.3,1.4,234,37,4.8,9.4,1.7,240,35,4.0,8.3,1.4,234,37,0,28.37,,0,0,0,39.2,40.6,43.2,0.55,0.39,0.40
BELD,2015-12-21 22:35:00 EST,42.22322,-75.66852,1543,45.1,45.2,42.7,63.7,33.5,,,,,4.6,9.4,2.0,230,26,5.1,11.0,2.2,235,25,4.6,9.4,2.0,230,26,0,28.37,,0,0,0,39.2,40.6,43.2,0.55,0.39,0.40
BELD,2015-12-21 22:40:00 EST,42.22322,-75.66852,1543,45.5,45.5,42.7,63.9,34.0,,,,,5.3,10.1,2.4,231,24,5.9,12.8,2.6,235,25,5.3,10.1,2.4,231,24,0,28.37,,0,0,0,39.2,40.6,43.2,0.55,0.39,0.40
BELD,2015-12-21 22:45:00 EST,42.22322,-75.66852,1543,45.5,45.6,42.8,63.7,34.0,,,,,5.2,10.7,2.0,232,21,5.6,13.0,2.2,236,21,5.2,10.7,2.0,232,21,0,28.37,,0,0,0,39.2,40.6,43.2,0.55,0.39,0.40
BELD,2015-12-21 22:50:00 EST,42.22322,-75.66852,1543,45.5,45.5,43.7,63.9,34.0,,,,,4.0,9.4,2.0,231,34,4.6,8.7,2.0,233,34,4.0,9.4,2.0,231,34,0,28.37,,0,0,0,39.2,40.6,43.2,0.55,0.39,0.40
BELD,2015-12-21 22:55:00 EST,42.22322,-75.66852,1543,45.6,45.5,44.0,63.8,34.0,,,,,3.7,11.3,2.1,204,26,4.4,12.8,2.3,209,30,3.7,11.3,2.1,204,26,0,28.37,,0,0,0,39.3,40.6,43.2,0.55,0.39,0.40
BELD,2015-12-21 23:00:00 EST,42.22322,-75.66852,1543,45.7,45.6,44.0,63.9,34.1,,,,,3.8,8.8,1.9,221,29,4.2,8.9,2.0,227,30,3.8,8.8,1.9,221,29,0,28.37,,0,0,0,39.2,40.6,43.2,0.54,0.39,0.40
BELD,2015-12-21 23:05:00 EST,42.22322,-75.66852,1543,45.8,45.8,45.8,64.0,34.3,,,,,1.7,4.2,1.2,238,26,2.1,5.1,1.3,240,34,1.7,4.2,1.2,238,26,0,28.37,,0,0,0,39.3,40.6,43.2,0.54,0.39,0.40
BELD,2015-12-21 23:10:00 EST,42.22322,-75.66852,1543,45.7,45.8,44.6,64.6,34.5,,,,,3.3,7.5,1.6,189,40,4.0,10.1,1.8,196,39,3.3,7.5,1.6,189,40,0,28.37,,0,0,0,39.3,40.6,43.2,0.55,0.39,0.40
BELD,2015-12-21 23:15:00 EST,42.22322,-75.66852,1543,45.9,45.8,45.9,64.1,34.4,,,,,2.6,5.2,1.1,193,51,3.0,6.7,1.2,197,54,2.6,5.2,1.1,193,51,0,28.36,,0,0,0,39.3,40.6,43.2,0.55,0.39,0.40
BELD,2015-12-21 23:20:00 EST,42.22322,-75.66852,1543,44.3,44.8,44.3,62.6,32.3,,,,,2.8,5.1,1.0,126,29,3.1,5.6,1.0,131,34,2.8,5.1,1.0,126,29,0,28.36,,0,0,0,39.4,40.6,43.2,0.55,0.39,0.40
BELD,2015-12-21 23:25:00 EST,42.22322,-75.66852,1543,43.4,43.9,41.2,63.0,31.7,,,,,4.1,6.3,0.6,117,13,4.5,7.4,0.8,120,14,4.1,6.3,0.6,117,13,0,28.36,,0,0,0,39.3,40.6,43.2,0.55,0.39,0.40
BELD,2015-12-21 23:30:00 EST,42.22322,-75.66852,1543,43.3,43.6,41.5,64.0,31.9,,,,,3.6,4.7,0.4,95,12,4.0,5.6,0.6,99,12,3.6,4.7,0.4,95,12,0,28.37,,0,0,0,39.3,40.6,43.2,0.54,0.39,0.40
BELD,2015-12-21 23:35:00 EST,42.22322,-75.66852,1543,43.6,43.6,43.6,63.8,32.1,,,,,2.1,3.7,0.9,101,16,2.5,4.3,0.8,104,17,2.1,3.7,0.9,101,16,0,28.37,,0,0,0,39.4,40.6,43.2,0.55,0.39,0.40
BELD,2015-12-21 23:40:00 EST,42.22322,-75.66852,1543,43.3,43.5,43.3,63.8,31.9,,,,,2.0,3.1,0.7,114,6,2.2,3.6,0.6,117,12,2.0,3.1,0.7,114,6,0,28.37,,0,0,0,39.4,40.6,43.2,0.55,0.39,0.40
BELD,2015-12-21 23:45:00 EST,42.22322,-75.66852,1543,43.4,43.7,43.4,64.4,32.2,,,,,2.2,5.3,1.0,131,26,2.6,5.8,1.2,133,25,2.2,5.3,1.0,131,26,0,28.37,,0,0,0,39.4,40.6,43.2,0.55,0.39,0.40
BELD,2015-12-21 23:50:00 EST,42.22322,-75.66852,1543,43.8,43.9,43.8,64.0,32.4,,,,,1.8,4.3,0.9,118,27,2.2,5.1,0.9,120,28,1.8,4.3,0.9,118,27,0,28.36,,0,0,0,39.4,40.6,43.2,0.55,0.39,0.40
BELD,2015-12-21 23:55:00 EST,42.22322,-75.66852,1543,43.8,44.0,43.8,63.9,32.4,,,,,2.5,5.3,0.9,161,35,2.8,5.6,1.0,163,35,2.5,5.3,0.9,161,35,0,28.36,,0,0,0,39.4,40.6,43.2,0.55,0.39,0.40
BERK,2015-12-21 00:00:00 EST,42.32030,-76.20319,1291,26.6,28.1,26.6,69.6,18.0,0.000,0.000,0.00,0.000,0.7,1.5,0.4,289,40,1.4,2.2,0.3,80,17,0.7,1.5,0.4,289,40,0,28.87,,0,0,0,37.1,40.3,42.3,0.41,0.36,0.52
BERK,2015-12-21 00:05:00 EST,42.32030,-76.20319,1291,27.0,28.3,27.0,70.2,18.6,0.000,0.000,0.00,0.000,1.3,2.4,0.3,111,17,1.7,2.7,0.3,108,18,1.3,2.4,0.3,111,17,0,28.87,,0,0,0,37.1,40.3,42.3,0.41,0.36,0.52
BERK,2015-12-21 00:10:00 EST,42.32030,-76.20319,1291,26.8,27.9,26.8,69.2,18.1,0.000,0.000,0.00,0.000,1.8,2.6,0.4,117,12,2.1,2.9,0.5,115,12,1.8,2.6,0.4,117,12,0,28.86,,0,0,0,37.0,40.3,42.3,0.41,0.36,0.52
BERK,2015-12-21 00:15:00 EST,42.32030,-76.20319,1291,26.8,28.1,26.8,69.8,18.3,0.000,0.000,0.00,0.000,1.1,2.5,0.7,139,10,1.4,2.7,0.5,144,14,1.1,2.5,0.7,139,10,0,28.86,,0,0,0,37.0,40.3,42.3,0.41,0.36,0.52
BERK,2015-12-21 00:20:00 EST,42.32030,-76.20319,1291,26.4,28.1,26.4,69.9,18.0,0.000,0.000,0.00,0.000,0.2,1.5,0.4,139,2,0.7,1.6,0.4,139,22,0.2,1.5,0.4,139,2,0,28.86,,0,0,0,37.0,40.3,42.3,0.41,0.36,0.52
BERK,2015-12-21 00:25:00 EST,42.32030,-76.20319,1291,26.5,28.3,26.5,70.2,18.1,0.000,0.000,0.00,0.000,1.0,2.3,0.6,137,9,1.3,3.1,0.5,127,16,1.0,2.3,0.6,137,9,0,28.86,,0,0,0,37.0,40.3,42.3,0.41,0.36,0.52
BERK,2015-12-21 00:30:00 EST,42.32030,-76.20319,1291,27.3,28.3,27.3,68.0,18.1,0.000,0.000,0.00,0.000,1.8,2.7,0.3,124,9,1.9,2.5,0.3,122,9,1.8,2.7,0.3,124,9,0,28.86,,0,0,0,37.0,40.3,42.3,0.41,0.36,0.52
BERK,2015-12-21 00:35:00 EST,42.32030,-76.20319,1291,27.9,28.9,27.9,65.6,17.9,0.000,0.000,0.00,0.000,2.8,4.0,0.6,122,8,3.0,4.5,0.6,121,7,2.8,4.0,0.6,122,8,0,28.85,,0,0,0,37.0,40.3,42.3,0.41,0.36,0.52
BERK,2015-12-21 00:40:00 EST,42.32030,-76.20319,1291,28.2,28.9,28.2,63.7,17.5,0.000,0.000,0.00,0.000,1.8,3.9,1.0,128,4,2.0,4.3,0.9,125,10,1.8,3.9,1.0,128,4,0,28.85,,0,0,0,37.0,40.3,42.3,0.41,0.36,0.52
BERK,2015-12-21 00:45:00 EST,42.32030,-76.20319,1291,28.2,28.9,28.2,64.5,17.8,0.000,0.000,0.00,0.000,1.9,2.9,0.4,125,16,2.1,3.1,0.4,124,15,1.9,2.9,0.4,125,16,0,28.85,,0,0,0,37.0,40.3,42.3,0.41,0.36,0.52
BERK,2015-12-21 00:50:00 EST,42.32030,-76.20319,1291,28.3,29.2,28.3,65.0,18.0,0.000,0.000,0.00,0.000,1.7,3.2,0.7,135,12,1.8,3.6,0.6,132,17,1.7,3.2,0.7,135,12,0,28.85,,0,0,0,37.0,40.3,42.3,0.41,0.36,0.52
BERK,2015-12-21 00:55:00 EST,42.32030,-76.20319,1291,28.3,29.4,28.3,64.2,17.8,0.000,0.000,0.00,0.000,2.6,5.3,1.0,126,13,3.0,5.8,1.2,124,13,2.6,5.3,1.0,126,13,0,28.85,,0,0,0,37.0,40.3,42.3,0.41,0.36,0.52
BERK,2015-12-21 01:00:00 EST,42.32030,-76.20319,1291,28.9,29.7,24.1,61.8,17.4,0.000,0.000,0.00,0.000,4.3,7.9,1.3,115,13,4.7,8.5,1.3,114,11,4.3,7.9,1.3,115,13,0,28.84,,0,0,0,37.0,40.3,42.3,0.41,0.36,0.52
BERK,2015-12-21 01:05:00 EST,42.32030,-76.20319,1291,29.1,29.6,24.2,61.9,17.7,0.000,0.000,0.00,0.000,4.5,7.0,1.1,126,13,4.7,7.4,1.1,124,11,4.5,7.0,1.1,126,13,0,28.83,,0,0,0,37.0,40.3,42.3,0.41,0.36,0.52
BERK,2015-12-21 01:10:00 EST,42.32030,-76.20319,1291,28.8,29.5,24.9,64.0,18.2,0.000,0.000,0.00,0.000,3.6,6.1,1.1,137,10,4.0,6.9,1.2,133,9,3.6,6.1,1.1,137,10,0,28.83,,0,0,0,37.0,40.3,42.3,0.41,0.36,0.52
BERK,2015-12-21 01:15:00 EST,42.32030,-76.20319,1291,28.7,29.4,28.7,64.3,18.2,0.000,0.000,0.00,0.000,2.9,4.6,0.7,150,14,3.3,5.6,0.8,147,15,2.9,4.6,0.7,150,14,0,28.84,,0,0,0,37.0,40.3,42.2,0.41,0.36,0.52
BERK,2015-12-21 01:20:00 EST,42.32030,-76.20319,1291,28.9,29.7,24.9,63.0,17.9,0.000,0.000,0.00,0.000,3.7,7.4,1.1,149,10,4.0,8.1,1.3,145,11,3.7,7.4,1.1,149,10,0,28.84,,0,0,0,37.0,40.3,42.3,0.41,0.36,0.52
BERK,2015-12-21 01:25:00 EST,42.32030,-76.20319,1291,29.2,30.0,24.8,61.5,17.6,0.000,0.000,0.00,0.000,4.0,6.6,1.0,140,11,4.5,7.2,1.1,137,12,4.0,6.6,1.0,140,11,0,28.83,,0,0,0,37.0,40.3,42.2,0.41,0.36,0.52
BERK,2015-12-21 01:30:00 EST,42.32030,-76.20319,1291,29.2,29.9,24.7,61.7,17.7,0.000,0.000,0.00,0.000,4.2,6.6,1.2,138,13,4.5,6.7,1.2,134,12,4.2,6.6,1.2,138,13,0,28.83,,0,0,0,37.0,40.3,42.3,0.41,0.36,0.52
BERK,2015-12-21 01:35:00 EST,42.32030,-76.20319,1291,29.6,30.2,25.6,60.3,17.5,0.000,0.000,0.00,0.000,3.8,6.8,1.4,141,16,4.1,7.6,1.4,140,16,3.8,6.8,1.4,141,16,0,28.82,,0,0,0,37.0,40.3,42.2,0.41,0.36,0.52
BERK,2015-12-21 01:40:00 EST,42.32030,-76.20319,1291,29.9,30.3,25.8,59.9,17.7,0.000,0.000,0.00,0.000,3.9,6.6,1.1,149,12,4.3,6.7,1.1,146,13,3.9,6.6,1.1,149,12,0,28.82,,0,0,0,37.0,40.3,42.3,0.41,0.36,0.52
BERK,2015-12-21 01:45:00 EST,42.32030,-76.20319,1291,29.7,30.3,24.4,61.0,17.8,0.000,0.000,0.00,0.000,4.9,7.9,1.0,149,11,5.4,8.7,1.1,147,11,4.9,7.9,1.0,149,11,0,28.82,,0,0,0,36.9,40.3,42.2,0.41,0.36,0.52
BERK,2015-12-21 01:50:00 EST,42.32030,-76.20319,1291,29.7,30.4,24.0,61.4,18.0,0.000,0.000,0.00,0.000,5.3,10.6,1.5,152,12,5.8,11.4,1.6,151,13,5.3,10.6,1.5,152,12,0,28.82,,0,0,0,36.9,40.3,42.2,0.41,0.36,0.52
BERK,2015-12-21 01:55:00 EST,42.32030,-76.20319,1291,30.4,30.9,24.8,58.7,17.7,0.000,0.000,0.00,0.000,5.5,8.3,1.2,151,19,5.9,8.9,1.4,149,19,5.5,8.3,1.2,151,19,0,28.83,,0,0,0,36.9,40.3,42.2,0.41,0.36,0.52
BERK,2015-12-21 02:00:00 EST,42.32030,-76.20319,1291,30.7,31.1,24.2,57.2,17.3,0.000,0.000,0.00,0.000,6.6,9.6,1.0,140,10,7.1,10.5,1.1,138,8,6.6,9.6,1.0,140,10,0,28.82,,0,0,0,36.9,40.3,42.2,0.41,0.36,0.52
BERK,2015-12-21 02:05:00 EST,42.32030,-76.20319,1291,30.5,31.0,25.8,58.3,17.5,0.000,0.000,0.00,0.000,4.5,6.4,1.1,145,10,4.9,6.9,1.1,143,10,4.5,6.4,1.1,145,10,0,28.82,,0,0,0,36.9,40.3,42.2,0.41,0.36,0.52
BERK,2015-12-21 02:10:00 EST,42.32030,-76.20319,1291,30.6,31.0,25.9,58.0,17.5,0.000,0.000,0.00,0.000,4.5,6.4,1.0,146,11,4.9,7.4,1.1,143,11,4.5,6.4,1.0,146,11,0,28.83,,0,0,0,36.9,40.3,42.2,0.41,0.36,0.52
BERK,2015-12-21 02:15:00 EST,42.32030,-76.20319,1291,30.5,31.1,24.7,57.9,17.4,0.000,0.000,0.00,0.000,5.6,7.6,0.9,140,8,6.0,8.5,0.9,137,7,5.6,7.6,0.9,140,8,0,28.83,,0,0,0,36.9,40.3,42.2,0.41,0.36,0.52
BERK,2015-12-21 02:20:00 EST,42.32030,-76.20319,1291,30.5,31.0,24.0,58.6,17.7,0.000,0.000,0.00,0.000,6.6,9.4,1.2,133,10,7.0,9.8,1.1,131,8,6.6,9.4,1.2,133,10,0,28.83,,0,0,0,36.8,40.3,42.2,0.41,0.36,0.52
BERK,2015-12-21 02:25:00 EST,42.32030,-76.20319,1291,30.5,31.0,24.8,58.3,17.6,0.000,0.000,0.00,0.000,5.6,8.0,1.0,138,10,6.1,8.9,1.0,137,9,5.6,8.0,1.0,138,10,0,28.84,,0,0,0,36.8,40.3,42.2,0.41,0.36,0.52
BERK,2015-12-21 02:30:00 EST,42.32030,-76.20319,1291,30.4,30.9,25.4,58.9,17.7,0.000,0.000,0.00,0.000,4.8,6.4,0.8,132,11,5.1,6.9,0.9,127,9,4.8,6.4,0.8,132,11,0,28.84,,0,0,0,36.9,40.2,42.2,0.41,0.36,0.52
BERK,2015-12-21 02:35:00 EST,42.32030,-76.20319,1291,30.1,30.9,25.0,60.1,17.9,0.000,0.000,0.00,0.000,4.8,7.4,1.1,137,11,5.1,8.1,1.2,134,10,4.8,7.4,1.1,137,11,0,28.84,,0,0,0,36.9,40.3,42.2,0.41,0.36,0.52
BERK,2015-12-21 02:40:00 EST,42.32030,-76.20319,1291,30.2,30.9,25.0,60.3,18.1,0.000,0.000,0.00,0.000,5.0,8.3,1.1,138,10,5.4,8.3,1.1,135,10,5.0,8.3,1.1,138,10,0,28.83,,0,0,0,36.8,40.2,42.2,0.41,0.36,0.52
BERK,2015-12-21 02:45:00 EST,42.32030,-76.20319,1291,30.7,30.9,27.2,58.3,17.7,0.000,0.000,0.00,0.000,3.5,5.6,1.1,134,16,3.9,6.7,1.3,133,15,3.5,5.6,1.1,134,16,0,28.83,,0,0,0,36.8,40.2,42.2,0.41,0.36,0.52
BERK,2015-12-21 02:50:00 EST,42.32030,-76.20319,1291,30.3,30.8,27.1,59.6,17.9,0.000,0.000,0.00,0.000,3.2,5.0,0.7,141,11,3.4,5.8,0.8,139,12,3.2,5.0,0.7,141,11,0,28.83,,0,0,0,36.8,40.2,42.2,0.41,0.36,0.52
BERK,2015-12-21 02:55:00 EST,42.32030,-76.20319,1291,30.2,30.7,30.2,60.0,18.0,0.000,0.000,0.00,0.000,3.0,4.2,0.7,137,10,3.1,4.7,0.8,134,8,3.0,4.2,0.7,137,10,0,28.83,,0,0,0,36.8,40.2,42.2,0.41,0.36,0.52
BERK,2015-12-21 03:00:00 EST,42.32030,-76.20319,1291,30.0,30.5,30.0,61.6,18.4,0.000,0.000,0.00,0.000,2.8,4.4,0.7,144,8,2.9,4.9,0.8,140,9,2.8,4.4,0.7,144,8,0,28.83,,0,0,0,36.8,40.2,42.2,0.41,0.36,0.52
BERK,2015-12-21 03:05:00 EST,42.32030,-76.20319,1291,29.6,30.5,25.3,63.1,18.6,0.000,0.000,0.00,0.000,4.0,6.0,0.8,144,7,4.5,6.5,0.9,140,9,4.0,6.0,0.8,144,7,0,28.83,,0,0,0,36.8,40.2,42.2,0.41,0.36,0.52
BERK,2015-12-21 03:10:00 EST,42.32030,-76.20319,1291,29.6,30.6,24.9,63.4,18.7,0.000,0.000,0.00,0.000,4.4,7.3,1.0,142,10,4.8,7.8,1.1,138,10,4.4,7.3,1.0,142,10,0,28.82,,0,0,0,36.8,40.2,42.2,0.41,0.36,0.52
BERK,2015-12-21 03:15:00 EST,42.32030,-76.20319,1291,29.8,30.7,24.1,62.9,18.7,0.000,0.000,0.00,0.000,5.4,7.1,0.8,145,10,5.8,7.6,0.9,141,10,5.4,7.1,0.8,145,10,0,28.82,,0,0,0,36.8,40.2,42.2,0.41,0.36,0.52
BERK,2015-12-21 03:20:00 EST,42.32030,-76.20319,1291,30.0,30.8,24.5,62.2,18.6,0.000,0.000,0.00,0.000,5.2,7.5,1.1,152,8,5.6,8.3,1.1,150,9,5.2,7.5,1.1,152,8,0,28.82,,0,0,0,36.8,40.1,42.2,0.41,0.36,0.52
BERK,2015-12-21 03:25:00 EST,42.32030,-76.20319,1291,30.0,30.9,25.8,62.1,18.6,0.000,0.000,0.00,0.000,3.9,6.5,0.8,152,11,4.3,6.5,0.9,150,12,3.9,6.5,0.8,152,11,0,28.82,,0,0,0,36.8,40.1,42.2,0.41,0.36,0.52
BERK,2015-12-21 03:30:00 EST,42.32030,-76.20319,1291,30.2,31.0,30.2,61.5,18.5,0.000,0.000,0.00,0.000,2.4,5.2,1.1,151,18,2.6,5.1,1.1,148,18,2.4,5.2,1.1,151,18,0,28.82,,0,0,0,36.8,40.1,42.2,0.41,0.36,0.52
BERK,2015-12-21 03:35:00 EST,42.32030,-76.20319,1291,30.2,31.0,26.8,60.1,18.1,0.000,0.000,0.00,0.000,3.4,5.3,0.6,137,13,3.7,6.5,0.8,135,13,3.4,5.3,0.6,137,13,0,28.81,,0,0,0,36.7,40.1,42.2,0.41,0.36,0.52
BERK,2015-12-21 03:40:00 EST,42.32030,-76.20319,1291,30.1,31.0,25.4,61.5,18.5,0.000,0.000,0.00,0.000,4.5,7.5,0.9,135,11,4.9,7.6,1.0,133,10,4.5,7.5,0.9,135,11,0,28.81,,0,0,0,36.7,40.1,42.2,0.41,0.36,0.52
BERK,2015-12-21 03:45:00 EST,42.32030,-76.20319,1291,30.5,31.0,27.6,60.8,18.5,0.000,0.000,0.00,0.000,3.0,6.3,1.3,145,13,3.5,7.4,1.4,142,13,3.0,6.3,1.3,145,13,0,28.80,,0,0,0,36.8,40.1,42.2,0.41,0.36,0.52
BERK,2015-12-21 03:50:00 EST,42.32030,-76.20319,1291,30.2,30.8,25.9,60.9,18.3,0.000,0.000,0.00,0.000,4.1,5.8,0.8,135,11,4.4,6.7,1.0,132,10,4.1,5.8,0.8,135,11,0,28.80,,0,0,0,36.7,40.1,42.2,0.41,0.36,0.52
BERK,2015-12-21 03:55:00 EST,42.32030,-76.20319,1291,30.2,30.7,30.2,61.5,18.5,0.000,0.000,0.00,0.000,2.5,5.0,0.8,133,17,2.7,5.4,0.8,131,16,2.5,5.0,0.8,133,17,0,28.79,,0,0,0,36.7,40.1,42.2,0.41,0.36,0.52
BERK,2015-12-21 04:00:00 EST,42.32030,-76.20319,1291,30.4,30.7,30.4,60.4,18.3,0.000,0.000,0.00,0.000,0.8,2.1,0.7,133,17,1.3,3.1,0.5,138,30,0.8,2.1,0.7,133,17,0,28.80,,0,0,0,36.7,40.1,42.2,0.41,0.36,0.52
BERK,2015-12-21 04:05:00 EST,42.32030,-76.20319,1291,30.3,30.7,30.3,60.6,18.3,0.000,0.000,0.00,0.000,1.6,4.6,1.0,129,14,1.9,4.9,0.9,125,16,1.6,4.6,1.0,129,14,0,28.79,,0,0,0,36.7,40.1,42.2,0.41,0.36,0.52
BERK,2015-12-21 04:10:00 EST,42.32030,-76.20319,1291,30.2,30.6,30.2,61.6,18.6,0.000,0.000,0.00,0.000,1.9,4.3,0.9,142,19,2.1,4.7,0.8,142,21,1.9,4.3,0.9,142,19,0,28.79,,0,0,0,36.7,40.1,42.2,0.41,0.36,0.52
BERK,2015-12-21 04:15:00 EST,42.32030,-76.20319,1291,30.2,30.7,30.2,61.1,18.4,0.000,0.000,0.00,0.000,2.2,5.0,1.4,131,9,2.5,5.6,1.4,129,12,2.2,5.0,1.4,131,9,0,28.78,,0,0,0,36.7,40.1,42.1,0.41,0.36,0.52
BERK,2015-12-21 04:20:00 EST,42.32030,-76.20319,1291,29.9,30.7,25.9,62.7,18.7,0.000,0.000,0.00,0.000,3.8,5.8,1.0,133,12,4.1,6.3,1.0,131,13,3.8,5.8,1.0,133,12,0,28.78,,0,0,0,36.7,40.1,42.1,0.41,0.36,0.52
BERK,2015-12-21 04:25:00 EST,42.32030,-76.20319,1291,30.0,30.6,26.5,63.2,19.0,0.000,0.000,0.00,0.000,3.4,6.5,1.2,138,13,3.8,7.8,1.3,134,12,3.4,6.5,1.2,138,13,0,28.77,,0,0,0,36.7,40.1,42.1,0.41,0.36,0.52
BERK,2015-12-21 04:30:00 EST,42.32030,-76.20319,1291,30.1,30.9,24.7,63.5,19.2,0.000,0.000,0.00,0.000,5.2,8.2,1.0,139,13,5.7,8.5,1.2,137,12,5.2,8.2,1.0,139,13,0,28.77,,0,0,0,36.7,40.1,42.2,0.41,0.36,0.52
BERK,2015-12-21 04:35:00 EST,42.32030,-76.20319,1291,30.7,31.3,26.4,61.2,18.9,0.000,0.000,0.00,0.000,4.1,6.8,1.0,139,13,4.5,6.5,1.0,135,12,4.1,6.8,1.0,139,13,0,28.77,,0,0,0,36.7,40.1,42.1,0.41,0.36,0.52
BERK,2015-12-21 04:40:00 EST,42.32030,-76.20319,1291,30.8,31.5,26.6,60.7,18.8,0.000,0.000,0.00,0.000,4.1,8.3,1.3,143,11,4.6,8.5,1.3,139,11,4.1,8.3,1.3,143,11,0,28.76,,0,0,0,36.7,40.1,42.1,0.41,0.36,0.52
BERK,2015-12-21 04:45:00 EST,42.32030,-76.20319,1291,30.6,31.6,25.2,61.8,19.1,0.000,0.000,0.00,0.000,5.3,7.5,0.9,145,8,5.7,8.1,1.0,142,9,5.3,7.5,0.9,145,8,0,28.76,,0,0,0,36.7,40.1,42.1,0.41,0.36,0.52
BERK,2015-12-21 04:50:00 EST,42.32030,-76.20319,1291,30.7,31.7,25.8,61.3,18.9,0.000,0.000,0.00,0.000,4.7,6.9,0.9,145,10,5.1,7.6,1.0,142,10,4.7,6.9,0.9,145,10,0,28.76,,0,0,0,36.7,40.1,42.1,0.41,0.36,0.52
BERK,2015-12-21 04:55:00 EST,42.32030,-76.20319,1291,31.2,31.9,26.7,60.5,19.1,0.000,0.000,0.00,0.000,4.4,7.7,1.3,151,11,4.8,8.3,1.4,150,11,4.4,7.7,1.3,151,11,0,28.76,,0,0,0,36.7,40.1,42.1,0.41,0.36,0.52
BERK,2015-12-21 05:00:00 EST,42.32030,-76.20319,1291,31.5,32.1,27.8,58.9,18.8,0.000,0.000,0.00,0.000,3.8,5.5,0.9,142,14,4.1,6.0,1.1,139,12,3.8,5.5,0.9,142,14,0,28.76,,0,0,0,36.7,40.1,42.1,0.41,0.36,0.52
BERK,2015-12-21 05:05:00 EST,42.32030,-76.20319,1291,31.1,31.9,31.1,59.8,18.8,0.000,0.000,0.00,0.000,1.6,3.1,0.8,232,50,2.1,4.0,0.7,228,52,1.6,3.1,0.8,232,50,0,28.77,,0,0,0,36.7,40.1,42.1,0.41,0.36,0.52
BERK,2015-12-21 05:10:00 EST,42.32030,-76.20319,1291,29.4,30.9,29.4,66.4,19.6,0.000,0.000,0.00,0.000,1.6,2.8,0.5,285,26,1.9,3.1,0.6,289,28,1.6,2.8,0.5,285,26,0,28.77,,0,0,0,36.7,40.1,42.1,0.41,0.36,0.52
BERK,2015-12-21 05:15:00 EST,42.32030,-76.20319,1291,29.8,31.3,29.8,64.3,19.2,0.000,0.000,0.00,0.000,0.5,1.8,0.5,218,32,1.1,2.5,0.6,190,53,0.5,1.8,0.5,218,32,0,28.76,,0,0,0,36.7,40.1,42.1,0.41,0.36,0.52
BERK,2015-12-21 05:20:00 EST,42.32030,-76.20319,1291,29.4,30.9,29.4,66.1,19.4,0.000,0.000,0.00,0.000,0.6,2.3,0.6,290,12,1.0,2.7,0.6,288,27,0.6,2.3,0.6,290,12,0,28.76,,0,0,0,36.7,40.0,42.1,0.41,0.36,0.52
BERK,2015-12-21 05:25:00 EST,42.32030,-76.20319,1291,29.6,31.3,29.6,65.9,19.6,0.000,0.000,0.00,0.000,0.7,2.6,0.9,257,33,1.3,2.9,0.8,273,66,0.7,2.6,0.9,257,33,0,28.76,,0,0,0,36.7,40.0,42.1,0.41,0.36,0.52
BERK,2015-12-21 05:30:00 EST,42.32030,-76.20319,1291,30.1,31.4,30.1,64.4,19.5,0.000,0.000,0.00,0.000,0.2,1.2,0.3,187,16,0.7,1.6,0.3,180,68,0.2,1.2,0.3,187,16,0,28.76,,0,0,0,36.7,40.0,42.1,0.41,0.36,0.52
BERK,2015-12-21 05:35:00 EST,42.32030,-76.20319,1291,29.8,31.3,29.8,64.7,19.4,0.000,0.000,0.00,0.000,1.2,3.7,1.2,289,25,1.5,3.8,1.0,282,42,1.2,3.7,1.2,289,25,0,28.77,,0,0,0,36.7,40.0,42.1,0.41,0.36,0.52
BERK,2015-12-21 05:40:00 EST,42.32030,-76.20319,1291,28.6,31.2,28.6,73.1,21.1,0.000,0.000,0.00,0.000,0.9,2.7,0.9,295,44,1.2,2.9,0.7,279,72,0.9,2.7,0.9,295,44,0,28.77,,0,0,0,36.7,40.0,42.1,0.41,0.36,0.52
BERK,2015-12-21 05:45:00 EST,42.32030,-76.20319,1291,29.3,31.2,29.3,69.7,20.6,0.000,0.000,0.00,0.000,2.1,4.2,0.9,139,12,2.3,4.7,0.8,137,13,2.1,4.2,0.9,139,12,0,28.76,,0,0,0,36.7,40.0,42.1,0.41,0.36,0.52
BERK,2015-12-21 05:50:00 EST,42.32030,-76.20319,1291,29.6,31.2,29.6,67.6,20.2,0.000,0.000,0.00,0.000,1.9,3.1,0.6,133,11,2.2,3.4,0.5,129,16,1.9,3.1,0.6,133,11,0,28.76,,0,0,0,36.7,40.0,42.1,0.41,0.36,0.52
BERK,2015-12-21 05:55:00 EST,42.32030,-76.20319,1291,30.3,31.5,30.3,66.2,20.4,0.000,0.000,0.00,0.000,1.0,3.1,0.8,135,11,1.6,3.8,0.8,127,25,1.0,3.1,0.8,135,11,0,28.76,,0,0,0,36.6,40.0,42.1,0.41,0.36,0.52
BERK,2015-12-21 06:00:00 EST,42.32030,-76.20319,1291,29.8,31.6,29.8,67.6,20.4,0.000,0.000,0.00,0.000,1.7,3.9,1.1,156,13,2.1,5.4,1.0,151,22,1.7,3.9,1.1,156,13,0,28.76,,0,0,0,36.7,40.0,42.1,0.41,0.36,0.52
BERK,2015-12-21 06:05:00 EST,42.32030,-76.20319,1291,31.0,32.1,31.0,64.0,20.3,0.000,0.000,0.00,0.000,2.5,4.5,0.8,142,16,2.7,5.1,0.9,138,16,2.5,4.5,0.8,142,16,0,28.77,,0,0,0,36.7,40.0,42.1,0.41,0.36,0.52
BERK,2015-12-21 06:10:00 EST,42.32030,-76.20319,1291,30.7,32.7,27.8,63.3,19.7,0.000,0.000,0.00,0.000,3.1,4.8,0.9,135,21,3.4,5.4,1.0,132,22,3.1,4.8,0.9,135,21,0,28.76,,0,0,0,36.6,40.0,42.1,0.41,0.36,0.52
BERK,2015-12-21 06:15:00 EST,42.32030,-76.20319,1291,32.0,33.4,27.0,60.4,19.9,0.000,0.000,0.00,0.000,5.2,8.8,1.5,148,19,5.7,11.0,1.7,144,18,5.2,8.8,1.5,148,19,0,28.76,,0,0,0,36.7,40.0,42.1,0.41,0.36,0.52
BERK,2015-12-21 06:20:00 EST,42.32030,-76.20319,1291,33.2,34.1,28.7,56.2,19.2,0.000,0.000,0.00,0.000,4.7,8.9,1.8,145,19,5.2,9.4,1.8,144,19,4.7,8.9,1.8,145,19,0,28.76,,0,0,0,36.7,39.9,42.1,0.41,0.36,0.52
BERK,2015-12-21 06:25:00 EST,42.32030,-76.20319,1291,33.7,34.4,28.0,55.4,19.4,0.000,0.000,0.00,0.000,6.4,10.2,1.6,150,17,7.0,12.3,1.8,150,15,6.4,10.2,1.6,150,17,0,28.76,,0,0,0,36.7,39.9,42.1,0.41,0.36,0.52
BERK,2015-12-21 06:30:00 EST,42.32030,-76.20319,1291,34.2,34.7,28.7,54.0,19.3,0.000,0.000,0.00,0.000,6.1,10.7,1.8,148,20,7.0,14.8,2.2,145,18,6.1,10.7,1.8,148,20,0,28.75,,0,0,0,36.7,39.9,42.1,0.41,0.36,0.52
BERK,2015-12-21 06:35:00 EST,42.32030,-76.20319,1291,34.2,34.8,28.7,54.3,19.4,0.000,0.000,0.00,0.000,6.1,8.9,1.4,144,16,6.8,11.2,1.4,143,16,6.1,8.9,1.4,144,16,0,28.75,,0,0,0,36.6,39.9,42.1,0.41,0.36,0.52
BERK,2015-12-21 06:40:00 EST,42.32030,-76.20319,1291,34.5,35.1,29.7,53.0,19.1,0.000,0.000,0.00,0.000,5.4,7.7,1.3,146,18,6.0,9.2,1.5,143,19,5.4,7.7,1.3,146,18,0,28.75,,0,0,0,36.6,39.9,42.1,0.41,0.36,0.52
BERK,2015-12-21 06:45:00 EST,42.32030,-76.20319,1291,34.6,35.0,30.1,53.0,19.2,0.000,0.000,0.00,0.000,5.0,7.7,1.1,159,17,5.6,9.6,1.3,157,19,5.0,7.7,1.1,159,17,0,28.75,,0,0,0,36.6,39.9,42.1,0.41,0.36,0.52
BERK,2015-12-21 06:50:00 EST,42.32030,-76.20319,1291,35.0,35.4,30.8,52.3,19.3,0.000,0.000,0.00,0.000,4.7,8.6,1.6,159,17,5.2,9.8,1.8,159,18,4.7,8.6,1.6,159,17,0,28.76,,0,0,0,36.6,39.9,42.1,0.41,0.36,0.52
BERK,2015-12-21 06:55:00 EST,42.32030,-76.20319,1291,35.1,35.6,30.3,51.8,19.2,0.000,0.000,0.00,0.000,5.6,9.9,1.6,148,15,6.2,10.7,1.8,147,16,5.6,9.9,1.6,148,15,0,28.75,,0,0,0,36.7,39.9,42.1,0.41,0.36,0.52
BERK,2015-12-21 07:00:00 EST,42.32030,-76.20319,1291,35.5,35.8,30.5,51.0,19.2,0.000,0.000,0.00,0.000,5.9,9.0,1.5,152,16,6.6,10.5,1.7,150,17,5.9,9.0,1.5,152,16,0,28.75,,0,0,0,36.6,39.9,42.1,0.41,0.36,0.52
BERK,2015-12-21 07:05:00 EST,42.32030,-76.20319,1291,35.5,35.9,31.7,50.8,19.1,0.000,0.000,0.00,0.000,4.5,7.1,1.2,145,18,4.9,8.1,1.4,144,19,4.5,7.1,1.2,145,18,0,28.74,,0,0,0,36.6,39.9,42.1,0.41,0.36,0.52
BERK,2015-12-21 07:10:00 EST,42.32030,-76.20319,1291,35.5,35.9,30.6,51.0,19.1,0.000,0.000,0.00,0.000,5.6,9.5,1.9,147,19,6.3,11.0,2.1,147,19,5.6,9.5,1.9,147,19,0,28.74,,0,0,0,36.6,39.9,42.1,0.41,0.36,0.52
BERK,2015-12-21 07:15:00 EST,42.32030,-76.20319,1291,35.4,35.9,32.4,51.2,19.1,0.000,0.000,0.00,0.000,3.7,6.0,1.2,156,18,4.1,7.4,1.5,154,18,3.7,6.0,1.2,156,18,0,28.73,,0,0,0,36.6,39.9,42.1,0.41,0.36,0.52
BERK,2015-12-21 07:20:00 EST,42.32030,-76.20319,1291,35.8,36.1,33.5,50.6,19.3,0.000,0.000,0.00,0.000,3.1,7.1,1.4,179,22,3.7,8.3,1.6,178,21,3.1,7.1,1.4,179,22,0,28.74,,0,0,0,36.6,39.9,42.1,0.41,0.36,0.52
BERK,2015-12-21 07:25:00 EST,42.32030,-76.20319,1291,36.0,36.2,33.5,50.0,19.1,0.000,0.000,0.00,0.000,3.3,5.6,1.0,159,24,3.8,7.6,1.3,161,24,3.3,5.6,1.0,159,24,0,28.74,,0,0,0,36.6,39.9,42.1,0.41,0.36,0.52
BERK,2015-12-21 07:30:00 EST,42.32030,-76.20319,1291,36.3,36.5,31.7,49.3,19.1,0.000,0.000,0.00,0.000,5.5,14.6,2.4,160,16,6.2,13.4,2.4,160,15,5.5,14.6,2.4,160,16,0,28.74,,0,0,0,36.6,39.9,42.1,0.41,0.36,0.52
BERK,2015-12-21 07:35:00 EST,42.32030,-76.20319,1291,36.6,36.8,32.6,48.7,19.1,0.000,0.000,0.00,0.000,4.8,13.0,3.2,167,24,5.6,14.3,3.4,168,25,4.8,13.0,3.2,167,24,1,28.74,,0,0,0,36.5,39.9,42.1,0.41,0.36,0.52
BERK,2015-12-21 07:40:00 EST,42.32030,-76.20319,1291,36.4,36.7,36.4,49.1,19.1,0.000,0.000,0.00,0.000,1.7,5.8,1.1,189,45,2.4,9.4,1.3,179,48,1.7,5.8,1.1,189,45,1,28.75,,0,0,0,36.5,39.9,42.1,0.41,0.36,0.52
BERK,2015-12-21 07:45:00 EST,42.32030,-76.20319,1291,36.6,36.8,36.6,48.9,19.1,0.000,0.000,0.00,0.000,2.3,7.5,1.7,149,50,3.1,8.9,1.7,150,56,2.3,7.5,1.7,149,50,3,28.75,,0,0,0,36.5,39.9,42.1,0.41,0.36,0.52
BERK,2015-12-21 07:50:00 EST,42.32030,-76.20319,1291,36.7,36.9,33.7,48.6,19.2,0.000,0.000,0.00,0.000,3.9,6.2,1.1,169,20,4.5,8.3,1.4,168,21,3.9,6.2,1.1,169,20,4,28.74,,0,0,0,36.5,39.9,42.1,0.41,0.36,0.52
BERK,2015-12-21 07:55:00 EST,42.32030,-76.20319,1291,36.2,36.6,33.5,49.6,19.1,0.000,0.000,0.00,0.000,3.4,7.2,1.4,143,20,3.9,8.3,1.5,142,20,3.4,7.2,1.4,143,20,7,28.74,,0,0,0,36.5,39.9,42.1,0.41,0.36,0.52
BERK,2015-12-21 08:00:00 EST,42.32030,-76.20319,1291,35.9,36.3,32.8,50.7,19.4,0.000,0.000,0.00,0.000,3.8,7.7,1.3,145,18,4.2,9.6,1.5,144,18,3.8,7.7,1.3,145,18,8,28.74,,0,0,0,36.6,39.9,42.1,0.41,0.36,0.52
BERK,2015-12-21 08:05:00 EST,42.32030,-76.20319,1291,36.2,36.5,32.0,49.9,19.3,0.000,0.000,0.00,0.000,4.9,10.9,2.0,143,14,5.3,11.9,2.2,143,14,4.9,10.9,2.0,143,14,9,28.74,,0,0,0,36.5,39.9,42.0,0.41,0.36,0.52
BERK,2015-12-21 08:10:00 EST,42.32030,-76.20319,1291,36.0,36.4,31.0,50.9,19.5,0.000,0.000,0.00,0.000,6.0,10.7,1.9,153,24,6.7,12.3,2.2,151,23,6.0,10.7,1.9,153,24,11,28.73,,0,0,0,36.5,39.9,42.0,0.41,0.36,0.52
BERK,2015-12-21 08:15:00 EST,42.32030,-76.20319,1291,36.1,36.3,32.2,50.4,19.4,0.000,0.000,0.00,0.000,4.7,8.2,1.7,145,16,5.1,8.7,1.8,144,18,4.7,8.2,1.7,145,16,14,28.73,,0,0,0,36.5,39.9,42.0,0.41,0.36,0.52
BERK,2015-12-21 08:20:00 EST,42.32030,-76.20319,1291,36.1,36.3,31.6,50.8,19.6,0.000,0.000,0.00,0.000,5.4,9.7,1.6,146,17,5.8,11.2,1.9,143,17,5.4,9.7,1.6,146,17,18,28.73,,0,0,0,36.5,39.9,42.0,0.41,0.35,0.52
BERK,2015-12-21 08:25:00 EST,42.32030,-76.20319,1291,36.2,36.5,31.9,51.0,19.8,0.000,0.000,0.00,0.000,5.1,9.2,1.3,148,19,5.9,10.3,1.5,148,20,5.1,9.2,1.3,148,19,22,28.73,,0,0,0,36.6,39.9,42.0,0.41,0.35,0.52
BERK,2015-12-21 08:30:00 EST,42.32030,-76.20319,1291,36.4,36.7,32.1,50.4,19.7,0.000,0.000,0.00,0.000,5.1,9.4,1.9,145,23,5.6,12.3,2.1,144,23,5.1,9.4,1.9,145,23,27,28.73,,0,0,0,36.5,39.9,42.0,0.41,0.36,0.52
BERK,2015-12-21 08:35:00 EST,42.32030,-76.20319,1291,36.4,36.7,32.5,50.5,19.8,0.000,0.000,0.00,0.000,4.7,8.1,1.4,144,22,5.2,8.5,1.5,141,22,4.7,8.1,1.4,144,22,29,28.73,,0,0,0,36.5,39.9,42.0,0.41,0.36,0.52
BERK,2015-12-21 08:40:00 EST,42.32030,-76.20319,1291,36.8,37.0,31.8,49.6,19.7,0.000,0.000,0.00,0.000,6.2,11.5,2.0,139,23,6.8,13.4,2.1,136,22,6.2,11.5,2.0,139,23,30,28.73,,0,0,0,36.5,39.9,42.0,0.41,0.35,0.52
BERK,2015-12-21 08:45:00 EST,42.32030,-76.20319,1291,37.0,37.2,32.4,48.7,19.4,0.000,0.000,0.00,0.000,5.7,9.2,1.5,147,18,6.2,9.4,1.7,144,18,5.7,9.2,1.5,147,18,30,28.73,,0,0,0,36.5,39.9,42.0,0.41,0.36,0.52
BERK,2015-12-21 08:50:00 EST,42.32030,-76.20319,1291,37.0,37.1,32.8,49.3,19.7,0.000,0.000,0.00,0.000,5.1,11.1,2.4,166,22,5.9,12.5,2.6,164,22,5.1,11.1,2.4,166,22,28,28.74,,0,0,0,36.5,39.9,42.0,0.41,0.36,0.52
BERK,2015-12-21 08:55:00 EST,42.32030,-76.20319,1291,36.9,37.1,34.6,49.5,19.8,0.000,0.000,0.00,0.000,3.2,6.9,1.9,143,24,3.6,7.8,2.0,145,27,3.2,6.9,1.9,143,24,28,28.74,,0,0,0,36.5,39.9,42.0,0.41,0.36,0.52
BERK,2015-12-21 09:00:00 EST,42.32030,-76.20319,1291,37.1,37.2,32.4,49.0,19.7,0.000,0.000,0.00,0.000,5.8,9.7,1.5,151,17,6.4,10.5,1.7,150,16,5.8,9.7,1.5,151,17,32,28.74,,0,0,0,36.5,39.9,42.0,0.41,0.35,0.52
BERK,2015-12-21 09:05:00 EST,42.32030,-76.20319,1291,37.3,37.4,33.6,48.7,19.7,0.000,0.000,0.00,0.000,4.6,11.1,2.1,155,25,5.1,11.9,2.2,155,26,4.6,11.1,2.1,155,25,45,28.74,,0,0,0,36.5,39.9,42.0,0.41,0.35,0.52
BERK,2015-12-21 09:10:00 EST,42.32030,-76.20319,1291,37.2,37.3,34.2,49.3,19.9,0.000,0.000,0.00,0.000,3.8,8.1,1.3,152,19,4.2,8.5,1.4,149,20,3.8,8.1,1.3,152,19,51,28.74,,0,0,0,36.5,39.9,42.0,0.41,0.36,0.52
BERK,2015-12-21 09:15:00 EST,42.32030,-76.20319,1291,37.2,37.3,32.6,49.3,19.9,0.000,0.000,0.00,0.000,5.8,9.4,1.5,144,24,6.4,11.9,1.6,143,24,5.8,9.4,1.5,144,24,51,28.73,,0,0,0,36.5,39.9,42.0,0.41,0.35,0.52
BERK,2015-12-21 09:20:00 EST,42.32030,-76.20319,1291,37.3,37.4,33.5,49.2,20.0,0.000,0.000,0.00,0.000,4.8,10.9,1.8,163,28,5.4,12.8,1.9,162,28,4.8,10.9,1.8,163,28,49,28.73,,0,0,0,36.5,39.9,42.0,0.41,0.35,0.52
BERK,2015-12-21 09:25:00 EST,42.32030,-76.20319,1291,37.4,37.5,32.2,48.9,20.0,0.000,0.000,0.00,0.000,6.7,13.4,2.2,161,21,7.5,13.6,2.5,162,23,6.7,13.4,2.2,161,21,46,28.74,,0,0,0,36.5,39.8,42.0,0.41,0.36,0.52
BERK,2015-12-21 09:30:00 EST,42.32030,-76.20319,1291,37.6,37.7,33.8,48.3,19.8,0.000,0.000,0.00,0.000,4.8,8.0,1.4,144,20,5.3,8.7,1.5,143,20,4.8,8.0,1.4,144,20,46,28.74,,0,0,0,36.5,39.8,42.0,0.41,0.35,0.52
BERK,2015-12-21 09:35:00 EST,42.32030,-76.20319,1291,37.6,37.7,33.8,48.5,20.0,0.000,0.000,0.00,0.000,4.9,10.2,1.9,153,23,5.4,11.2,2.2,152,23,4.9,10.2,1.9,153,23,55,28.73,,0,0,0,36.5,39.8,42.0,0.41,0.35,0.52
BERK,2015-12-21 09:40:00 EST,42.32030,-76.20319,1291,37.7,37.8,34.6,48.5,20.0,0.000,0.000,0.00,0.000,4.1,6.2,1.1,139,18,4.5,7.2,1.2,137,19,4.1,6.2,1.1,139,18,60,28.73,,0,0,0,36.5,39.8,42.0,0.41,0.35,0.52
BERK,2015-12-21 09:45:00 EST,42.32030,-76.20319,1291,37.8,38.0,33.4,48.7,20.2,0.000,0.000,0.00,0.000,5.8,9.6,2.4,150,22,6.5,11.0,2.5,148,22,5.8,9.6,2.4,150,22,64,28.73,,0,0,0,36.5,39.8,41.9,0.41,0.35,0.52
BERK,2015-12-21 09:50:00 EST,42.32030,-76.20319,1291,38.1,38.1,34.9,47.8,20.0,0.000,0.000,0.00,0.000,4.2,9.1,1.8,158,20,4.7,10.7,2.0,159,21,4.2,9.1,1.8,158,20,68,28.73,,0,0,0,36.5,39.8,41.9,0.41,0.36,0.52
BERK,2015-12-21 09:55:00 EST,42.32030,-76.20319,1291,38.2,38.2,33.9,47.7,20.0,0.000,0.000,0.00,0.000,5.5,10.8,2.1,143,19,6.1,11.6,2.3,142,19,5.5,10.8,2.1,143,19,67,28.73,,0,0,0,36.5,39.8,42.0,0.41,0.35,0.52
BERK,2015-12-21 10:00:00 EST,42.32030,-76.20319,1291,38.4,38.4,34.5,47.3,20.0,0.000,0.000,0.00,0.000,5.1,13.0,2.0,152,17,5.6,15.0,2.2,150,17,5.1,13.0,2.0,152,17,75,28.73,,0,0,0,36.5,39.8,41.9,0.41,0.35,0.52
BERK,2015-12-21 10:05:00 EST,42.32030,-76.20319,1291,38.6,38.6,35.4,46.9,20.1,0.000,0.000,0.00,0.000,4.4,9.7,1.5,158,21,5.0,11.0,1.6,158,22,4.4,9.7,1.5,158,21,90,28.73,,0,0,0,36.5,39.8,41.9,0.41,0.35,0.52
BERK,2015-12-21 10:10:00 EST,42.32030,-76.20319,1291,38.6,38.6,38.6,48.1,20.7,0.000,0.000,0.00,0.000,2.4,5.0,1.0,158,25,2.8,5.1,1.0,152,25,2.4,5.0,1.0,158,25,87,28.73,,0,0,0,36.5,39.7,41.9,0.41,0.35,0.52
BERK,2015-12-21 10:15:00 EST,42.32030,-76.20319,1291,38.9,38.9,36.8,47.5,20.6,0.000,0.000,0.00,0.000,3.3,6.6,1.4,117,29,3.8,7.6,1.4,117,29,3.3,6.6,1.4,117,29,96,28.73,,0,0,0,36.5,39.7,41.9,0.41,0.35,0.52
BERK,2015-12-21 10:20:00 EST,42.32030,-76.20319,1291,39.1,39.1,36.2,47.1,20.5,0.000,0.000,0.00,0.000,4.0,6.9,1.1,144,19,4.5,8.3,1.3,144,18,4.0,6.9,1.1,144,19,81,28.72,,0,0,0,36.5,39.7,41.9,0.41,0.35,0.52
BERK,2015-12-21 10:25:00 EST,42.32030,-76.20319,1291,39.2,39.3,36.0,46.8,20.6,0.000,0.000,0.00,0.000,4.5,8.8,1.9,143,19,5.0,9.4,2.0,141,18,4.5,8.8,1.9,143,19,54,28.72,,0,0,0,36.5,39.7,41.9,0.41,0.35,0.52
BERK,2015-12-21 10:30:00 EST,42.32030,-76.20319,1291,39.2,39.3,35.4,46.8,20.6,0.000,0.000,0.00,0.000,5.2,12.5,2.3,145,21,5.7,14.5,2.4,142,20,5.2,12.5,2.3,145,21,43,28.72,,0,0,0,36.5,39.7,41.9,0.41,0.35,0.52
BERK,2015-12-21 10:35:00 EST,42.32030,-76.20319,1291,39.4,39.5,35.4,46.2,20.4,0.000,0.000,0.00,0.000,5.6,9.4,1.5,164,14,6.3,11.4,1.6,163,15,5.6,9.4,1.5,164,14,38,28.72,,0,0,0,36.5,39.7,41.9,0.41,0.35,0.52
BERK,2015-12-21 10:40:00 EST,42.32030,-76.20319,1291,39.5,39.5,35.9,45.8,20.3,0.000,0.000,0.00,0.000,4.9,9.1,1.6,149,19,5.4,9.2,1.8,149,18,4.9,9.1,1.6,149,19,32,28.72,,0,0,0,36.5,39.7,41.9,0.41,0.35,0.52
BERK,2015-12-21 10:45:00 EST,42.32030,-76.20319,1291,39.6,39.6,36.0,45.8,20.4,0.000,0.000,0.00,0.000,5.0,9.6,1.6,169,23,5.6,10.5,1.9,167,24,5.0,9.6,1.6,169,23,33,28.72,,0,0,0,36.5,39.7,41.9,0.41,0.35,0.52
BERK,2015-12-21 10:50:00 EST,42.32030,-76.20319,1291,39.8,39.8,35.5,45.4,20.3,0.000,0.000,0.00,0.000,5.9,11.5,2.5,168,21,6.7,15.2,2.8,167,20,5.9,11.5,2.5,168,21,34,28.72,,0,0,0,36.5,39.7,41.9,0.41,0.35,0.52
BERK,2015-12-21 10:55:00 EST,42.32030,-76.20319,1291,39.8,39.9,36.1,45.3,20.4,0.000,0.000,0.00,0.000,5.3,12.0,2.9,187,23,6.2,15.4,3.0,187,30,5.3,12.0,2.9,187,23,32,28.72,,0,0,0,36.5,39.7,41.9,0.41,0.35,0.52
BERK,2015-12-21 11:00:00 EST,42.32030,-76.20319,1291,39.9,40.0,36.3,45.0,20.3,0.000,0.000,0.00,0.000,5.2,12.0,2.1,165,22,6.0,13.2,2.4,165,22,5.2,12.0,2.1,165,22,41,28.72,,0,0,0,36.5,39.7,41.9,0.41,0.35,0.52
BERK,2015-12-21 11:05:00 EST,42.32030,-76.20319,1291,39.8,39.9,39.8,45.9,20.6,0.000,0.000,0.00,0.000,2.8,5.4,1.2,152,24,3.2,5.8,1.3,150,26,2.8,5.4,1.2,152,24,47,28.71,,0,0,0,36.5,39.7,41.9,0.41,0.35,0.52
BERK,2015-12-21 11:10:00 EST,42.32030,-76.20319,1291,40.0,40.0,36.5,45.1,20.4,0.000,0.000,0.00,0.000,4.9,10.9,2.6,161,25,5.6,12.5,3.0,161,24,4.9,10.9,2.6,161,25,52,28.71,,0,0,0,36.5,39.7,41.9,0.41,0.35,0.52
BERK,2015-12-21 11:15:00 EST,42.32030,-76.20319,1291,40.0,40.1,36.5,45.3,20.5,0.000,0.000,0.00,0.000,5.0,11.6,2.8,169,28,5.9,13.9,3.0,167,28,5.0,11.6,2.8,169,28,52,28.70,,0,0,0,36.5,39.7,41.9,0.41,0.35,0.52
BERK,2015-12-21 11:20:00 EST,42.32030,-76.20319,1291,40.0,40.1,36.8,45.6,20.7,0.000,0.000,0.00,0.000,4.7,8.5,1.4,157,24,5.1,9.4,1.6,155,25,4.7,8.5,1.4,157,24,52,28.70,,0,0,0,36.5,39.7,41.9,0.41,0.35,0.52
BERK,2015-12-21 11:25:00 EST,42.32030,-76.20319,1291,40.0,40.1,40.0,45.4,20.6,0.000,0.000,0.00,0.000,2.5,8.8,2.1,147,22,2.8,8.9,2.1,144,29,2.5,8.8,2.1,147,22,46,28.69,,0,0,0,36.5,39.7,41.9,0.41,0.35,0.52
BERK,2015-12-21 11:30:00 EST,42.32030,-76.20319,1291,40.2,40.3,36.7,44.8,20.5,0.000,0.000,0.00,0.000,5.1,12.0,2.6,165,25,5.9,13.6,3.1,166,24,5.1,12.0,2.6,165,25,42,28.69,,0,0,0,36.5,39.7,41.9,0.41,0.35,0.52
BERK,2015-12-21 11:35:00 EST,42.32030,-76.20319,1291,40.2,40.2,36.7,45.4,20.7,0.000,0.000,0.00,0.000,5.0,9.5,1.6,167,14,5.5,11.0,1.9,168,15,5.0,9.5,1.6,167,14,61,28.68,,0,0,0,36.6,39.7,41.9,0.41,0.35,0.52
BERK,2015-12-21 11:40:00 EST,42.32030,-76.20319,1291,40.4,40.4,36.6,45.2,20.8,0.000,0.000,0.00,0.000,5.5,9.7,1.8,167,15,6.2,12.1,2.1,167,16,5.5,9.7,1.8,167,15,88,28.69,,0,0,0,36.5,39.7,41.9,0.41,0.35,0.52
BERK,2015-12-21 11:45:00 EST,42.32030,-76.20319,1291,40.6,40.6,35.9,45.5,21.1,0.000,0.000,0.00,0.000,6.9,10.4,1.7,158,19,7.7,12.8,1.8,156,18,6.9,10.4,1.7,158,19,93,28.68,,0,0,0,36.6,39.7,41.9,0.41,0.35,0.52
BERK,2015-12-21 11:50:00 EST,42.32030,-76.20319,1291,40.7,40.7,36.5,45.4,21.2,0.000,0.000,0.00,0.000,6.1,10.4,1.8,172,21,6.9,12.5,2.0,169,20,6.1,10.4,1.8,172,21,94,28.69,,0,0,0,36.6,39.7,41.9,0.41,0.35,0.52
BERK,2015-12-21 11:55:00 EST,42.32030,-76.20319,1291,40.8,40.8,38.0,45.1,21.1,0.000,0.000,0.00,0.000,4.3,10.3,1.8,149,25,5.0,13.0,2.1,148,28,4.3,10.3,1.8,149,25,85,28.70,,0,0,0,36.6,39.7,41.8,0.41,0.35,0.52
BERK,2015-12-21 12:00:00 EST,42.32030,-76.20319,1291,40.9,40.8,37.0,44.8,21.1,0.000,0.000,0.00,0.000,5.7,11.9,2.8,160,22,6.6,14.3,3.1,159,21,5.7,11.9,2.8,160,22,72,28.69,,0,0,0,36.6,39.7,41.9,0.41,0.35,0.52
BERK,2015-12-21 12:05:00 EST,42.32030,-76.20319,1291,41.0,41.0,37.9,44.5,21.0,0.000,0.000,0.00,0.000,4.6,12.1,2.4,148,30,5.4,13.9,2.4,147,29,4.6,12.1,2.4,148,30,61,28.68,,0,0,0,36.6,39.7,41.8,0.41,0.35,0.52
BERK,2015-12-21 12:10:00 EST,42.32030,-76.20319,1291,41.0,41.1,37.2,45.3,21.4,0.000,0.000,0.00,0.000,5.5,12.4,2.5,162,21,6.1,13.6,2.7,160,21,5.5,12.4,2.5,162,21,51,28.68,,0,0,0,36.6,39.7,41.9,0.41,0.35,0.52
BERK,2015-12-21 12:15:00 EST,42.32030,-76.20319,1291,41.2,41.2,38.5,44.6,21.2,0.000,0.000,0.00,0.000,4.2,9.5,2.1,162,29,5.0,11.9,2.2,159,29,4.2,9.5,2.1,162,29,47,28.68,,0,0,0,36.7,39.7,41.9,0.41,0.35,0.52
BERK,2015-12-21 12:20:00 EST,42.32030,-76.20319,1291,41.2,41.2,39.7,44.4,21.1,0.000,0.000,0.00,0.000,3.1,7.5,1.6,148,26,3.3,8.1,1.7,147,27,3.1,7.5,1.6,148,26,48,28.68,,0,0,0,36.7,39.7,41.9,0.41,0.36,0.52
BERK,2015-12-21 12:25:00 EST,42.32030,-76.20319,1291,41.2,41.3,38.7,45.1,21.5,0.000,0.000,0.00,0.000,4.0,7.1,1.5,146,19,4.5,8.5,1.7,146,19,4.0,7.1,1.5,146,19,54,28.68,,0,0,0,36.7,39.7,41.8,0.41,0.35,0.52
BERK,2015-12-21 12:30:00 EST,42.32030,-76.20319,1291,41.4,41.5,38.7,44.2,21.3,0.000,0.000,0.00,0.000,4.3,7.2,1.2,160,23,5.0,9.6,1.5,159,23,4.3,7.2,1.2,160,23,60,28.68,,0,0,0,36.7,39.7,41.8,0.41,0.36,0.52
BERK,2015-12-21 12:35:00 EST,42.32030,-76.20319,1291,41.5,41.5,39.3,43.9,21.1,0.000,0.000,0.00,0.000,3.7,6.8,1.0,125,32,4.3,8.7,1.2,123,32,3.7,6.8,1.0,125,32,57,28.67,,0,0,0,36.7,39.7,41.8,0.41,0.36,0.52
BERK,2015-12-21 12:40:00 EST,42.32030,-76.20319,1291,41.5,41.6,39.3,44.1,21.3,0.000,0.000,0.00,0.000,3.8,7.7,1.6,125,24,4.1,8.5,1.8,119,24,3.8,7.7,1.6,125,24,51,28.67,,0,0,0,36.7,39.7,41.8,0.41,0.36,0.52
BERK,2015-12-21 12:45:00 EST,42.32030,-76.20319,1291,41.6,41.7,41.6,44.6,21.6,0.000,0.000,0.00,0.000,2.9,7.8,1.8,165,30,3.4,8.5,1.8,164,36,2.9,7.8,1.8,165,30,49,28.66,,0,0,0,36.7,39.7,41.8,0.41,0.36,0.52
BERK,2015-12-21 12:50:00 EST,42.32030,-76.20319,1291,41.5,41.6,41.5,44.8,21.7,0.000,0.000,0.00,0.000,1.3,2.7,0.9,155,27,1.9,4.0,0.8,151,33,1.3,2.7,0.9,155,27,44,28.67,,0,0,0,36.7,39.7,41.8,0.41,0.36,0.52
BERK,2015-12-21 12:55:00 EST,42.32030,-76.20319,1291,41.6,41.7,41.6,44.7,21.7,0.000,0.000,0.00,0.000,2.4,5.8,1.6,135,22,2.8,6.5,1.5,132,25,2.4,5.8,1.6,135,22,44,28.67,,0,0,0,36.7,39.7,41.9,0.41,0.36,0.52
BERK,2015-12-21 13:00:00 EST,42.32030,-76.20319,1291,41.6,41.7,39.8,45.1,21.9,0.000,0.000,0.00,0.000,3.3,6.6,1.5,139,15,3.6,7.4,1.6,136,16,3.3,6.6,1.5,139,15,49,28.66,,0,0,0,36.7,39.7,41.8,0.41,0.36,0.52
BERK,2015-12-21 13:05:00 EST,42.32030,-76.20319,1291,41.8,42.0,38.5,44.8,21.9,0.000,0.000,0.00,0.000,5.1,8.5,1.5,155,25,5.6,10.3,1.6,155,25,5.1,8.5,1.5,155,25,54,28.66,,0,0,0,36.7,39.7,41.8,0.41,0.36,0.52
BERK,2015-12-21 13:10:00 EST,42.32030,-76.20319,1291,41.9,42.0,41.9,44.8,22.0,0.000,0.000,0.00,0.000,2.9,7.5,1.3,149,19,3.3,7.8,1.4,148,21,2.9,7.5,1.3,149,19,52,28.66,,0,0,0,36.8,39.7,41.8,0.41,0.36,0.52
BERK,2015-12-21 13:15:00 EST,42.32030,-76.20319,1291,42.1,42.2,39.3,44.6,22.0,0.000,0.000,0.00,0.000,4.5,8.5,1.6,147,17,5.1,8.9,1.7,146,18,4.5,8.5,1.6,147,17,39,28.66,,0,0,0,36.8,39.6,41.8,0.41,0.36,0.52
BERK,2015-12-21 13:20:00 EST,42.32030,-76.20319,1291,42.1,42.3,39.7,44.4,21.9,0.000,0.000,0.00,0.000,4.1,7.7,1.3,134,14,4.4,8.5,1.3,129,14,4.1,7.7,1.3,134,14,38,28.65,,0,0,0,36.8,39.6,41.8,0.41,0.36,0.52
BERK,2015-12-21 13:25:00 EST,42.32030,-76.20319,1291,42.2,42.3,39.7,44.1,21.9,0.000,0.000,0.00,0.000,4.2,7.0,1.1,141,24,4.8,8.3,1.4,139,24,4.2,7.0,1.1,141,24,41,28.65,,0,0,0,36.8,39.6,41.8,0.41,0.36,0.52
BERK,2015-12-21 13:30:00 EST,42.32030,-76.20319,1291,42.3,42.4,40.6,44.3,22.1,0.000,0.000,0.00,0.000,3.4,8.5,1.5,146,26,3.8,10.5,1.7,142,25,3.4,8.5,1.5,146,26,38,28.65,,0,0,0,36.8,39.6,41.8,0.41,0.36,0.52
BERK,2015-12-21 13:35:00 EST,42.32030,-76.20319,1291,42.3,42.4,40.2,44.6,22.2,0.000,0.000,0.00,0.000,3.7,6.9,1.2,142,23,4.2,8.9,1.5,140,23,3.7,6.9,1.2,142,23,36,28.64,,0,0,0,36.9,39.6,41.8,0.41,0.36,0.52
BERK,2015-12-21 13:40:00 EST,42.32030,-76.20319,1291,42.5,42.7,37.6,44.4,22.3,0.000,0.000,0.00,0.000,8.1,15.6,3.3,151,19,8.9,17.4,3.5,150,19,8.1,15.6,3.3,151,19,39,28.64,,0,0,0,36.9,39.6,41.8,0.41,0.36,0.52
BERK,2015-12-21 13:45:00 EST,42.32030,-76.20319,1291,42.6,42.7,39.6,43.8,22.1,0.000,0.000,0.00,0.000,4.9,10.2,1.7,142,15,5.3,11.4,1.8,140,15,4.9,10.2,1.7,142,15,48,28.63,,0,0,0,36.9,39.6,41.7,0.41,0.36,0.52
BERK,2015-12-21 13:50:00 EST,42.32030,-76.20319,1291,42.7,42.8,38.6,43.3,21.9,0.000,0.000,0.00,0.000,6.8,12.9,1.9,142,16,7.2,14.3,2.0,139,17,6.8,12.9,1.9,142,16,52,28.63,,0,0,0,36.9,39.6,41.8,0.41,0.36,0.52
BERK,2015-12-21 13:55:00 EST,42.32030,-76.20319,1291,42.7,42.9,40.0,43.8,22.2,0.000,0.000,0.00,0.000,4.6,8.8,1.5,145,20,5.2,11.2,1.6,142,19,4.6,8.8,1.5,145,20,43,28.62,,0,0,0,37.0,39.6,41.7,0.41,0.36,0.52
BERK,2015-12-21 14:00:00 EST,42.32030,-76.20319,1291,42.8,43.0,39.1,43.8,22.3,0.000,0.000,0.00,0.000,6.0,9.6,1.5,145,18,6.5,11.2,1.6,144,17,6.0,9.6,1.5,145,18,43,28.62,,0,0,0,36.9,39.6,41.7,0.41,0.36,0.52
BERK,2015-12-21 14:05:00 EST,42.32030,-76.20319,1291,43.1,43.2,39.6,43.1,22.1,0.000,0.000,0.00,0.000,5.7,11.0,1.9,148,17,6.3,13.2,1.9,145,18,5.7,11.0,1.9,148,17,38,28.62,,0,0,0,37.0,39.6,41.7,0.41,0.36,0.52
BERK,2015-12-21 14:10:00 EST,42.32030,-76.20319,1291,43.1,43.3,40.6,43.4,22.4,0.000,0.000,0.00,0.000,4.5,8.0,1.5,150,20,4.9,8.5,1.6,148,20,4.5,8.0,1.5,150,20,34,28.61,,0,0,0,37.0,39.6,41.7,0.41,0.36,0.52
BERK,2015-12-21 14:15:00 EST,42.32030,-76.20319,1291,43.2,43.4,40.1,43.3,22.4,0.000,0.000,0.00,0.000,5.2,9.4,1.8,142,14,5.7,11.4,1.9,141,16,5.2,9.4,1.8,142,14,42,28.61,,0,0,0,37.0,39.6,41.8,0.41,0.36,0.52
BERK,2015-12-21 14:20:00 EST,42.32030,-76.20319,1291,43.4,43.5,40.0,43.7,22.7,0.000,0.000,0.00,0.000,5.7,10.2,1.4,141,17,6.0,12.5,1.6,140,17,5.7,10.2,1.4,141,17,52,28.60,,0,0,0,37.0,39.6,41.7,0.41,0.36,0.52
BERK,2015-12-21 14:25:00 EST,42.32030,-76.20319,1291,43.4,43.5,40.9,44.4,23.1,0.000,0.000,0.00,0.000,4.4,7.9,1.4,135,16,4.8,8.1,1.6,133,16,4.4,7.9,1.4,135,16,53,28.59,,0,0,0,37.0,39.6,41.7,0.41,0.36,0.52
BERK,2015-12-21 14:30:00 EST,42.32030,-76.20319,1291,43.6,43.7,41.0,44.3,23.3,0.000,0.000,0.00,0.000,4.6,6.9,1.2,136,20,4.9,7.4,1.3,134,20,4.6,6.9,1.2,136,20,75,28.59,,0,0,0,37.0,39.6,41.7,0.41,0.36,0.52
BERK,2015-12-21 14:35:00 EST,42.32030,-76.20319,1291,43.8,43.9,41.6,43.8,23.2,0.000,0.000,0.00,0.000,4.1,7.5,1.4,136,19,4.4,7.6,1.6,134,20,4.1,7.5,1.4,136,19,84,28.59,,0,0,0,37.0,39.6,41.7,0.41,0.36,0.52
BERK,2015-12-21 14:40:00 EST,42.32030,-76.20319,1291,44.1,44.1,41.7,43.7,23.4,0.000,0.000,0.00,0.000,4.5,7.7,1.5,145,22,4.8,8.7,1.7,143,21,4.5,7.7,1.5,145,22,66,28.59,,0,0,0,37.1,39.6,41.7,0.41,0.36,0.52
BERK,2015-12-21 14:45:00 EST,42.32030,-76.20319,1291,44.2,44.3,41.8,43.7,23.5,0.000,0.000,0.00,0.000,4.5,12.5,2.7,149,14,5.0,13.2,2.8,148,15,4.5,12.5,2.7,149,14,78,28.59,,0,0,0,37.1,39.6,41.7,0.41,0.36,0.52
BERK,2015-12-21 14:50:00 EST,42.32030,-76.20319,1291,44.6,44.6,42.8,43.3,23.6,0.000,0.000,0.00,0.000,3.8,8.7,2.1,139,19,4.2,9.6,2.4,135,20,3.8,8.7,2.1,139,19,77,28.59,,0,0,0,37.1,39.6,41.7,0.41,0.36,0.52
BERK,2015-12-21 14:55:00 EST,42.32030,-76.20319,1291,44.7,44.8,42.8,42.9,23.5,0.000,0.000,0.00,0.000,4.0,7.8,1.7,143,21,4.5,8.7,1.9,142,20,4.0,7.8,1.7,143,21,69,28.59,,0,0,0,37.1,39.6,41.7,0.41,0.36,0.52
BERK,2015-12-21 15:00:00 EST,42.32030,-76.20319,1291,45.0,45.0,42.3,42.2,23.4,0.000,0.000,0.00,0.000,5.0,9.1,1.6,155,23,5.6,10.3,1.9,154,23,5.0,9.1,1.6,155,23,78,28.58,,0,0,0,37.2,39.6,41.7,0.41,0.36,0.52
BERK,2015-12-21 15:05:00 EST,42.32030,-76.20319,1291,45.2,45.3,41.9,42.0,23.5,0.000,0.000,0.00,0.000,6.1,12.1,2.1,170,18,6.9,14.3,2.5,170,16,6.1,12.1,2.1,170,18,78,28.58,,0,0,0,37.2,39.6,41.7,0.41,0.36,0.52
BERK,2015-12-21 15:10:00 EST,42.32030,-76.20319,1291,45.3,45.4,43.2,42.5,23.8,0.000,0.000,0.00,0.000,4.3,9.0,1.5,164,16,4.7,10.7,1.7,161,17,4.3,9.0,1.5,164,16,59,28.59,,0,0,0,37.2,39.6,41.7,0.41,0.36,0.52
BERK,2015-12-21 15:15:00 EST,42.32030,-76.20319,1291,45.4,45.5,42.3,42.6,23.9,0.000,0.000,0.00,0.000,5.8,10.9,1.9,157,14,6.6,12.8,2.0,156,16,5.8,10.9,1.9,157,14,45,28.58,,0,0,0,37.2,39.6,41.7,0.41,0.36,0.52
BERK,2015-12-21 15:20:00 EST,42.32030,-76.20319,1291,45.3,45.5,42.2,43.0,24.1,0.000,0.000,0.00,0.000,5.7,9.9,1.2,149,15,6.2,10.5,1.3,148,14,5.7,9.9,1.2,149,15,29,28.59,,0,0,0,37.2,39.6,41.7,0.41,0.36,0.52
BERK,2015-12-21 15:25:00 EST,42.32030,-76.20319,1291,45.4,45.6,41.3,43.2,24.3,0.000,0.000,0.00,0.000,7.6,14.8,2.8,155,16,8.5,17.2,3.2,153,17,7.6,14.8,2.8,155,16,32,28.58,,0,0,0,37.2,39.6,41.7,0.41,0.36,0.52
BERK,2015-12-21 15:30:00 EST,42.32030,-76.20319,1291,45.4,45.6,42.3,43.5,24.5,0.000,0.000,0.00,0.000,5.7,11.0,2.2,155,20,6.5,13.0,2.4,155,21,5.7,11.0,2.2,155,20,29,28.59,,0,0,0,37.2,39.6,41.7,0.41,0.36,0.52
BERK,2015-12-21 15:35:00 EST,42.32030,-76.20319,1291,45.4,45.6,42.1,43.3,24.4,0.000,0.000,0.00,0.000,6.1,12.0,2.4,155,19,7.1,14.3,2.6,155,18,6.1,12.0,2.4,155,19,29,28.59,,0,0,0,37.2,39.6,41.7,0.41,0.36,0.52
BERK,2015-12-21 15:40:00 EST,42.32030,-76.20319,1291,45.5,45.7,41.9,42.8,24.2,0.000,0.000,0.00,0.000,6.9,13.4,1.8,162,18,7.7,15.2,2.1,163,18,6.9,13.4,1.8,162,18,38,28.59,,0,0,0,37.2,39.6,41.7,0.41,0.36,0.52
BERK,2015-12-21 15:45:00 EST,42.32030,-76.20319,1291,45.4,45.6,42.8,43.2,24.4,0.000,0.000,0.00,0.000,5.1,9.6,1.7,160,17,5.7,11.0,1.9,158,18,5.1,9.6,1.7,160,17,33,28.59,,0,0,0,37.2,39.6,41.7,0.41,0.36,0.52
BERK,2015-12-21 15:50:00 EST,42.32030,-76.20319,1291,45.3,45.5,42.6,43.7,24.5,0.000,0.000,0.00,0.000,5.2,11.0,2.3,165,18,5.8,12.5,2.6,165,16,5.2,11.0,2.3,165,18,35,28.59,,0,0,0,37.2,39.6,41.7,0.41,0.36,0.52
BERK,2015-12-21 15:55:00 EST,42.32030,-76.20319,1291,45.4,45.6,41.7,43.4,24.4,0.000,0.000,0.00,0.000,6.9,13.7,2.1,161,18,7.9,15.4,2.5,160,18,6.9,13.7,2.1,161,18,33,28.59,,0,0,0,37.3,39.6,41.7,0.41,0.36,0.52
BERK,2015-12-21 16:00:00 EST,42.32030,-76.20319,1291,45.6,45.7,41.6,42.8,24.2,0.000,0.000,0.00,0.000,7.6,13.7,2.6,162,20,8.5,15.4,2.9,160,18,7.6,13.7,2.6,162,20,28,28.59,,0,0,0,37.4,39.6,41.7,0.41,0.36,0.52
BERK,2015-12-21 16:05:00 EST,42.32030,-76.20319,1291,45.4,45.6,43.4,43.2,24.3,0.000,0.000,0.00,0.000,4.2,8.3,1.7,150,20,4.6,9.6,1.9,147,22,4.2,8.3,1.7,150,20,21,28.59,,0,0,0,37.4,39.6,41.7,0.41,0.36,0.52
BERK,2015-12-21 16:10:00 EST,42.32030,-76.20319,1291,45.4,45.6,43.7,43.2,24.3,0.000,0.000,0.00,0.000,3.9,6.9,1.6,154,30,4.4,7.4,1.6,153,28,3.9,6.9,1.6,154,30,12,28.59,,0,0,0,37.4,39.6,41.7,0.41,0.36,0.52
BERK,2015-12-21 16:15:00 EST,42.32030,-76.20319,1291,45.3,45.5,42.5,43.4,24.4,0.000,0.000,0.00,0.000,5.4,10.4,2.0,153,15,6.2,12.1,2.3,152,16,5.4,10.4,2.0,153,15,11,28.59,,0,0,0,37.4,39.6,41.7,0.41,0.36,0.52
BERK,2015-12-21 16:20:00 EST,42.32030,-76.20319,1291,45.3,45.6,41.8,43.5,24.4,0.000,0.000,0.00,0.000,6.5,11.0,1.9,157,24,7.3,13.9,2.4,156,23,6.5,11.0,1.9,157,24,10,28.59,,0,0,0,37.4,39.6,41.7,0.41,0.36,0.52
BERK,2015-12-21 16:25:00 EST,42.32030,-76.20319,1291,45.4,45.6,42.9,43.5,24.5,0.000,0.000,0.00,0.000,4.9,9.8,2.2,157,26,5.4,11.2,2.3,159,26,4.9,9.8,2.2,157,26,5,28.59,,0,0,0,37.4,39.6,41.7,0.41,0.36,0.52
BERK,2015-12-21 16:30:00 EST,42.32030,-76.20319,1291,45.3,45.6,41.7,43.8,24.6,0.000,0.000,0.00,0.000,6.7,11.0,1.6,163,20,7.7,14.8,2.1,161,19,6.7,11.0,1.6,163,20,2,28.59,,0,0,0,37.5,39.6,41.7,0.41,0.36,0.52
BERK,2015-12-21 16:35:00 EST,42.32030,-76.20319,1291,45.4,45.6,42.1,43.5,24.5,0.000,0.000,0.00,0.000,6.2,13.2,2.2,168,19,7.0,16.3,2.7,168,19,6.2,13.2,2.2,168,19,1,28.60,,0,0,0,37.5,39.6,41.7,0.41,0.36,0.52
BERK,2015-12-21 16:40:00 EST,42.32030,-76.20319,1291,45.3,45.6,42.0,44.0,24.7,0.000,0.000,0.00,0.000,6.2,11.0,2.0,156,18,6.8,13.0,2.3,155,17,6.2,11.0,2.0,156,18,0,28.60,,0,0,0,37.6,39.6,41.7,0.41,0.36,0.52
BERK,2015-12-21 16:45:00 EST,42.32030,-76.20319,1291,45.4,45.5,42.4,43.9,24.7,0.000,0.000,0.00,0.000,5.6,10.8,2.3,155,18,6.3,13.0,2.5,156,20,5.6,10.8,2.3,155,18,0,28.60,,0,0,0,37.6,39.6,41.7,0.41,0.36,0.52
BERK,2015-12-21 16:50:00 EST,42.32030,-76.20319,1291,45.4,45.5,41.5,44.0,24.7,0.000,0.000,0.00,0.000,7.3,14.0,2.6,163,17,8.3,15.4,2.8,164,19,7.3,14.0,2.6,163,17,0,28.60,,0,0,0,37.6,39.6,41.7,0.41,0.36,0.52
BERK,2015-12-21 16:55:00 EST,42.32030,-76.20319,1291,45.4,45.5,42.2,44.2,24.8,0.000,0.000,0.00,0.000,6.0,11.5,1.8,160,20,6.7,13.0,2.0,160,20,6.0,11.5,1.8,160,20,0,28.60,,0,0,0,37.6,39.6,41.7,0.41,0.36,0.52
BERK,2015-12-21 17:00:00 EST,42.32030,-76.20319,1291,45.3,45.5,42.1,44.5,24.9,0.000,0.000,0.00,0.000,5.9,10.0,1.7,160,20,6.6,11.0,2.1,158,20,5.9,10.0,1.7,160,20,0,28.60,,0,0,0,37.6,39.6,41.7,0.41,0.36,0.52
BERK,2015-12-21 17:05:00 EST,42.32030,-76.20319,1291,45.3,45.4,41.8,44.8,25.0,0.000,0.000,0.00,0.000,6.4,10.2,1.7,164,19,7.1,12.3,1.9,164,20,6.4,10.2,1.7,164,19,0,28.60,,0,0,0,37.6,39.6,41.7,0.41,0.36,0.52
BERK,2015-12-21 17:10:00 EST,42.32030,-76.20319,1291,45.3,45.4,42.6,45.0,25.2,0.000,0.000,0.00,0.000,5.1,10.5,2.3,157,14,5.7,13.0,2.7,156,14,5.1,10.5,2.3,157,14,0,28.60,,0,0,0,37.6,39.6,41.7,0.41,0.36,0.52
BERK,2015-12-21 17:15:00 EST,42.32030,-76.20319,1291,45.2,45.4,41.5,45.0,25.1,0.000,0.000,0.00,0.000,6.8,14.2,2.5,152,19,7.6,15.9,3.0,150,20,6.8,14.2,2.5,152,19,0,28.60,,0,0,0,37.6,39.6,41.7,0.41,0.36,0.52
BERK,2015-12-21 17:20:00 EST,42.32030,-76.20319,1291,45.1,45.4,43.2,45.2,25.2,0.000,0.000,0.00,0.000,4.1,6.9,1.1,151,20,4.4,7.8,1.3,149,20,4.1,6.9,1.1,151,20,0,28.60,,0,0,0,37.7,39.6,41.7,0.41,0.36,0.52
BERK,2015-12-21 17:25:00 EST,42.32030,-76.20319,1291,45.2,45.3,43.5,45.2,25.2,0.000,0.000,0.00,0.000,3.7,6.6,1.3,156,26,4.3,8.5,1.5,154,25,3.7,6.6,1.3,156,26,0,28.61,,0,0,0,37.7,39.6,41.7,0.41,0.36,0.52
BERK,2015-12-21 17:30:00 EST,42.32030,-76.20319,1291,45.3,45.5,43.1,45.0,25.2,0.000,0.000,0.00,0.000,4.4,10.4,2.0,170,22,5.2,11.4,2.4,169,19,4.4,10.4,2.0,170,22,0,28.61,,0,0,0,37.7,39.6,41.7,0.41,0.36,0.52
BERK,2015-12-21 17:35:00 EST,42.32030,-76.20319,1291,45.3,45.5,42.0,44.9,25.1,0.000,0.000,0.00,0.000,6.1,13.0,2.4,155,20,6.8,13.6,2.5,154,24,6.1,13.0,2.4,155,20,0,28.61,,0,0,0,37.7,39.6,41.6,0.41,0.36,0.52
BERK,2015-12-21 17:40:00 EST,42.32030,-76.20319,1291,45.1,45.3,43.4,45.3,25.1,0.000,0.000,0.00,0.000,3.7,7.6,1.8,143,17,3.9,9.2,1.9,142,19,3.7,7.6,1.8,143,17,0,28.60,,0,0,0,37.8,39.6,41.7,0.41,0.36,0.52
BERK,2015-12-21 17:45:00 EST,42.32030,-76.20319,1291,45.0,45.3,42.8,45.6,25.3,0.000,0.000,0.00,0.000,4.4,9.1,1.6,152,18,4.8,9.4,1.7,151,18,4.4,9.1,1.6,152,18,0,28.60,,0,0,0,37.7,39.6,41.6,0.41,0.36,0.52
BERK,2015-12-21 17:50:00 EST,42.32030,-76.20319,1291,44.9,45.3,42.9,45.6,25.2,0.000,0.000,0.00,0.000,4.1,6.5,1.2,143,22,4.5,7.6,1.4,142,22,4.1,6.5,1.2,143,22,0,28.61,,0,0,0,37.8,39.6,41.6,0.41,0.36,0.52
BERK,2015-12-21 17:55:00 EST,42.32030,-76.20319,1291,45.1,45.3,42.0,45.7,25.3,0.000,0.000,0.00,0.000,5.7,12.1,2.2,156,21,6.4,12.1,2.2,159,21,5.7,12.1,2.2,156,21,0,28.61,,0,0,0,37.8,39.6,41.6,0.41,0.36,0.52
BERK,2015-12-21 18:00:00 EST,42.32030,-76.20319,1291,45.2,45.4,42.9,45.2,25.2,0.000,0.000,0.00,0.000,4.5,7.3,1.3,147,20,5.0,7.6,1.4,145,21,4.5,7.3,1.3,147,20,0,28.61,,0,0,0,37.7,39.6,41.6,0.41,0.36,0.52
BERK,2015-12-21 18:05:00 EST,42.32030,-76.20319,1291,45.2,45.4,43.0,45.7,25.5,0.000,0.000,0.00,0.000,4.4,7.6,1.5,170,19,5.0,9.8,1.7,170,19,4.4,7.6,1.5,170,19,0,28.62,,0,0,0,37.8,39.6,41.6,0.41,0.36,0.52
BERK,2015-12-21 18:10:00 EST,42.32030,-76.20319,1291,45.1,45.3,44.0,46.7,25.9,0.000,0.000,0.00,0.000,3.1,5.9,1.0,185,42,3.6,6.5,1.2,183,42,3.1,5.9,1.0,185,42,0,28.62,,0,0,0,37.8,39.6,41.7,0.41,0.36,0.52
BERK,2015-12-21 18:15:00 EST,42.32030,-76.20319,1291,45.4,45.5,45.4,46.5,26.0,0.000,0.000,0.00,0.000,2.3,9.6,1.7,179,32,3.0,10.5,1.7,178,32,2.3,9.6,1.7,179,32,0,28.62,,0,0,0,37.9,39.6,41.6,0.41,0.36,0.52
BERK,2015-12-21 18:20:00 EST,42.32030,-76.20319,1291,45.2,45.4,42.4,47.2,26.2,0.000,0.000,0.00,0.000,5.3,11.2,2.0,168,22,6.2,13.4,2.4,167,22,5.3,11.2,2.0,168,22,0,28.62,,0,0,0,37.9,39.6,41.6,0.41,0.36,0.52
BERK,2015-12-21 18:25:00 EST,42.32030,-76.20319,1291,45.2,45.4,43.1,47.6,26.4,0.000,0.000,0.00,0.000,4.3,8.4,1.3,163,26,4.6,10.5,1.6,161,26,4.3,8.4,1.3,163,26,0,28.62,,0,0,0,37.9,39.6,41.6,0.41,0.36,0.52
BERK,2015-12-21 18:30:00 EST,42.32030,-76.20319,1291,45.1,45.4,43.1,47.8,26.5,0.000,0.000,0.00,0.000,4.1,7.3,1.5,152,16,4.7,8.3,1.6,149,16,4.1,7.3,1.5,152,16,0,28.62,,0,0,0,37.9,39.6,41.6,0.41,0.36,0.52
BERK,2015-12-21 18:35:00 EST,42.32030,-76.20319,1291,45.2,45.5,42.4,48.3,26.8,0.000,0.000,0.00,0.000,5.2,9.5,1.6,162,24,6.0,11.6,1.9,161,26,5.2,9.5,1.6,162,24,0,28.62,,0,0,0,37.9,39.6,41.6,0.41,0.36,0.52
BERK,2015-12-21 18:40:00 EST,42.32030,-76.20319,1291,45.2,45.5,42.1,48.5,26.9,0.000,0.000,0.00,0.000,5.8,8.0,1.0,150,15,6.5,10.3,1.3,150,15,5.8,8.0,1.0,150,15,0,28.62,,0,0,0,37.9,39.6,41.6,0.41,0.36,0.52
BERK,2015-12-21 18:45:00 EST,42.32030,-76.20319,1291,45.4,45.5,42.3,48.7,27.1,0.000,0.000,0.00,0.000,5.8,10.1,1.7,156,16,6.5,12.5,2.0,155,16,5.8,10.1,1.7,156,16,0,28.62,,0,0,0,37.9,39.6,41.7,0.41,0.36,0.52
BERK,2015-12-21 18:50:00 EST,42.32030,-76.20319,1291,45.4,45.6,42.3,49.3,27.4,0.000,0.000,0.00,0.000,5.8,9.1,1.4,164,19,6.5,11.2,1.7,163,19,5.8,9.1,1.4,164,19,0,28.61,,0,0,0,37.9,39.6,41.6,0.41,0.36,0.52
BERK,2015-12-21 18:55:00 EST,42.32030,-76.20319,1291,45.3,45.5,43.0,49.3,27.4,0.000,0.000,0.00,0.000,4.6,7.6,1.2,148,19,5.1,10.5,1.5,146,21,4.6,7.6,1.2,148,19,0,28.61,,0,0,0,37.9,39.6,41.6,0.41,0.36,0.52
BERK,2015-12-21 19:00:00 EST,42.32030,-76.20319,1291,45.3,45.5,42.6,50.5,28.0,0.000,0.000,0.00,0.000,5.1,9.1,1.7,171,27,5.8,10.7,1.8,172,27,5.1,9.1,1.7,171,27,0,28.62,,0,0,0,38.0,39.6,41.6,0.41,0.36,0.52
BERK,2015-12-21 19:05:00 EST,42.32030,-76.20319,1291,45.5,45.7,42.5,50.8,28.3,0.000,0.000,0.00,0.000,5.7,10.0,2.0,150,22,6.3,11.2,2.2,150,21,5.7,10.0,2.0,150,22,0,28.62,,0,0,0,38.0,39.6,41.6,0.41,0.36,0.52
BERK,2015-12-21 19:10:00 EST,42.32030,-76.20319,1291,45.5,45.6,42.8,50.8,28.3,0.000,0.000,0.00,0.000,5.1,10.4,2.2,150,17,5.6,11.9,2.3,148,16,5.1,10.4,2.2,150,17,0,28.62,,0,0,0,38.0,39.6,41.6,0.41,0.36,0.52
BERK,2015-12-21 19:15:00 EST,42.32030,-76.20319,1291,45.3,45.5,43.8,51.0,28.3,0.000,0.000,0.00,0.000,3.7,7.2,1.8,149,19,4.2,8.3,1.9,149,20,3.7,7.2,1.8,149,19,0,28.62,,0,0,0,38.0,39.6,41.6,0.41,0.36,0.52
BERK,2015-12-21 19:20:00 EST,42.32030,-76.20319,1291,45.5,45.6,43.5,51.4,28.6,0.000,0.000,0.00,0.000,4.3,12.7,2.4,170,26,4.9,13.9,2.8,168,25,4.3,12.7,2.4,170,26,0,28.62,,0,0,0,38.0,39.7,41.6,0.41,0.36,0.52
BERK,2015-12-21 19:25:00 EST,42.32030,-76.20319,1291,45.6,45.8,42.7,51.8,28.9,0.000,0.000,0.00,0.000,5.6,14.4,2.4,180,25,6.4,15.2,2.8,179,22,5.6,14.4,2.4,180,25,0,28.62,,0,0,0,38.0,39.6,41.6,0.41,0.36,0.52
BERK,2015-12-21 19:30:00 EST,42.32030,-76.20319,1291,45.8,45.9,42.7,52.1,29.2,0.000,0.000,0.00,0.000,5.9,12.1,2.0,170,23,6.8,16.6,2.4,168,22,5.9,12.1,2.0,170,23,0,28.62,,0,0,0,38.1,39.7,41.6,0.41,0.36,0.52
BERK,2015-12-21 19:35:00 EST,42.32030,-76.20319,1291,45.7,45.8,43.0,52.9,29.4,0.000,0.000,0.00,0.000,5.2,10.4,2.1,166,18,5.6,11.6,2.3,164,19,5.2,10.4,2.1,166,18,0,28.62,,0,0,0,38.1,39.7,41.6,0.41,0.36,0.52
BERK,2015-12-21 19:40:00 EST,42.32030,-76.20319,1291,45.6,45.8,43.2,53.1,29.5,0.000,0.000,0.00,0.000,4.8,8.9,1.5,162,22,5.3,10.5,1.8,161,23,4.8,8.9,1.5,162,22,0,28.62,,0,0,0,38.1,39.7,41.5,0.41,0.36,0.52
BERK,2015-12-21 19:45:00 EST,42.32030,-76.20319,1291,45.7,45.8,44.1,53.6,29.8,0.000,0.000,0.00,0.000,3.7,9.5,1.4,177,35,4.2,10.1,1.6,177,33,3.7,9.5,1.4,177,35,0,28.63,,0,0,0,38.1,39.7,41.6,0.41,0.36,0.52
BERK,2015-12-21 19:50:00 EST,42.32030,-76.20319,1291,45.7,45.8,44.4,53.2,29.7,0.000,0.000,0.00,0.000,3.4,6.4,1.3,160,28,3.9,6.9,1.4,159,30,3.4,6.4,1.3,160,28,0,28.62,,0,0,0,38.1,39.7,41.6,0.41,0.36,0.52
BERK,2015-12-21 19:55:00 EST,42.32030,-76.20319,1291,45.7,45.8,44.7,53.4,29.7,0.000,0.000,0.00,0.000,3.1,6.9,1.5,166,25,3.6,8.3,1.6,164,28,3.1,6.9,1.5,166,25,0,28.63,,0,0,0,38.1,39.7,41.6,0.41,0.36,0.52
BERK,2015-12-21 20:00:00 EST,42.32030,-76.20319,1291,45.6,45.8,43.3,54.2,30.0,0.000,0.000,0.00,0.000,4.6,8.4,1.5,173,31,5.0,9.8,1.6,171,31,4.6,8.4,1.5,173,31,0,28.63,,0,0,0,38.2,39.7,41.6,0.41,0.35,0.52
BERK,2015-12-21 20:05:00 EST,42.32030,-76.20319,1291,45.3,45.6,43.2,54.5,29.9,0.000,0.000,0.00,0.000,4.4,9.0,2.4,152,16,5.0,11.9,2.5,151,17,4.4,9.0,2.4,152,16,0,28.62,,0,0,0,38.2,39.7,41.6,0.41,0.36,0.52
BERK,2015-12-21 20:10:00 EST,42.32030,-76.20319,1291,45.5,45.7,43.3,54.3,29.9,0.000,0.000,0.00,0.000,4.5,9.3,1.4,164,19,5.0,8.7,1.5,162,20,4.5,9.3,1.4,164,19,0,28.62,,0,0,0,38.2,39.7,41.6,0.41,0.36,0.52
BERK,2015-12-21 20:15:00 EST,42.32030,-76.20319,1291,45.4,45.6,45.4,54.6,30.0,0.000,0.000,0.00,0.000,2.1,5.8,1.7,145,30,2.7,9.8,2.0,143,35,2.1,5.8,1.7,145,30,0,28.63,,0,0,0,38.2,39.7,41.5,0.40,0.36,0.52
BERK,2015-12-21 20:20:00 EST,42.32030,-76.20319,1291,45.4,45.5,45.4,55.1,30.2,0.000,0.000,0.00,0.000,1.2,3.4,0.8,126,51,1.8,4.3,0.9,134,61,1.2,3.4,0.8,126,51,0,28.63,,0,0,0,38.2,39.7,41.5,0.41,0.36,0.52
BERK,2015-12-21 20:25:00 EST,42.32030,-76.20319,1291,45.4,45.5,44.2,55.0,30.1,0.000,0.000,0.00,0.000,3.2,6.3,0.9,140,16,3.4,7.2,1.2,137,14,3.2,6.3,0.9,140,16,0,28.63,,0,0,0,38.2,39.7,41.6,0.40,0.35,0.52
BERK,2015-12-21 20:30:00 EST,42.32030,-76.20319,1291,45.3,45.6,43.1,55.4,30.3,0.000,0.000,0.00,0.000,4.5,6.8,0.9,146,15,4.8,6.9,1.0,145,16,4.5,6.8,0.9,146,15,0,28.62,,0,0,0,38.3,39.7,41.5,0.40,0.36,0.52
BERK,2015-12-21 20:35:00 EST,42.32030,-76.20319,1291,45.2,45.5,43.0,56.2,30.5,0.000,0.000,0.00,0.000,4.4,8.5,1.4,145,21,4.8,9.2,1.5,144,21,4.4,8.5,1.4,145,21,0,28.62,,0,0,0,38.3,39.7,41.6,0.40,0.36,0.52
BERK,2015-12-21 20:40:00 EST,42.32030,-76.20319,1291,45.2,45.3,43.7,57.0,30.8,0.000,0.000,0.00,0.000,3.5,6.9,1.8,152,22,4.1,7.8,1.8,151,22,3.5,6.9,1.8,152,22,0,28.62,,0,0,0,38.3,39.7,41.6,0.40,0.35,0.52
BERK,2015-12-21 20:45:00 EST,42.32030,-76.20319,1291,45.3,45.4,43.0,57.2,31.0,0.000,0.000,0.00,0.000,4.5,7.2,1.7,135,20,4.9,8.3,1.7,133,20,4.5,7.2,1.7,135,20,0,28.62,,0,0,0,38.3,39.7,41.6,0.40,0.36,0.52
BERK,2015-12-21 20:50:00 EST,42.32030,-76.20319,1291,45.0,45.2,45.0,57.7,31.0,0.000,0.000,0.00,0.000,3.0,5.5,1.0,131,21,3.4,6.3,1.1,131,21,3.0,5.5,1.0,131,21,0,28.62,,0,0,0,38.3,39.7,41.5,0.40,0.36,0.52
BERK,2015-12-21 20:55:00 EST,42.32030,-76.20319,1291,45.0,45.2,43.6,58.5,31.4,0.000,0.000,0.00,0.000,3.4,6.9,1.1,145,26,3.8,8.1,1.3,144,26,3.4,6.9,1.1,145,26,0,28.62,,0,0,0,38.3,39.7,41.5,0.40,0.35,0.52
BERK,2015-12-21 21:00:00 EST,42.32030,-76.20319,1291,45.0,45.1,45.0,59.0,31.5,0.000,0.000,0.00,0.000,2.8,5.6,0.9,126,17,3.1,6.7,1.1,123,15,2.8,5.6,0.9,126,17,0,28.62,,0,0,0,38.3,39.7,41.5,0.40,0.35,0.52
BERK,2015-12-21 21:05:00 EST,42.32030,-76.20319,1291,44.6,45.0,44.6,60.1,31.6,0.000,0.000,0.00,0.000,2.2,4.7,1.0,136,32,2.5,5.4,1.0,133,34,2.2,4.7,1.0,136,32,0,28.62,,0,0,0,38.3,39.7,41.5,0.40,0.35,0.52
BERK,2015-12-21 21:10:00 EST,42.32030,-76.20319,1291,44.6,45.0,44.6,60.7,31.9,0.000,0.000,0.00,0.000,2.3,6.5,1.2,148,20,2.5,6.5,1.3,146,21,2.3,6.5,1.2,148,20,0,28.62,,0,0,0,38.4,39.7,41.5,0.40,0.35,0.52
BERK,2015-12-21 21:15:00 EST,42.32030,-76.20319,1291,44.8,45.1,43.7,61.0,32.2,0.000,0.000,0.00,0.000,3.1,6.4,1.5,140,33,3.5,6.9,1.5,140,33,3.1,6.4,1.5,140,33,0,28.62,,0,0,0,38.4,39.7,41.5,0.40,0.35,0.52
BERK,2015-12-21 21:20:00 EST,42.32030,-76.20319,1291,44.9,45.1,44.9,60.6,32.1,0.000,0.000,0.00,0.000,2.0,3.9,0.8,112,27,2.3,4.0,0.8,107,29,2.0,3.9,0.8,112,27,0,28.63,,0,0,0,38.4,39.7,41.6,0.40,0.35,0.52
BERK,2015-12-21 21:25:00 EST,42.32030,-76.20319,1291,44.8,45.0,42.9,61.1,32.2,0.000,0.000,0.00,0.000,4.0,7.6,2.3,175,14,4.4,8.3,2.5,174,16,4.0,7.6,2.3,175,14,0,28.63,,0,0,0,38.4,39.7,41.5,0.40,0.35,0.52
BERK,2015-12-21 21:30:00 EST,42.32030,-76.20319,1291,45.0,45.1,41.6,61.7,32.6,0.000,0.000,0.00,0.000,6.1,12.6,2.3,174,15,6.9,14.3,2.5,174,13,6.1,12.6,2.3,174,15,0,28.63,,0,0,0,38.4,39.7,41.6,0.40,0.35,0.52
BERK,2015-12-21 21:35:00 EST,42.32030,-76.20319,1291,44.9,45.1,41.9,62.0,32.7,0.000,0.000,0.00,0.000,5.5,8.5,1.2,168,12,6.2,10.5,1.4,167,13,5.5,8.5,1.2,168,12,0,28.63,,0,0,0,38.4,39.7,41.5,0.40,0.35,0.52
BERK,2015-12-21 21:40:00 EST,42.32030,-76.20319,1291,44.9,45.0,41.0,62.7,32.9,0.000,0.000,0.00,0.000,6.9,13.3,2.1,167,15,7.6,15.2,2.3,167,14,6.9,13.3,2.1,167,15,0,28.63,,0,0,0,38.5,39.7,41.5,0.40,0.35,0.52
BERK,2015-12-21 21:45:00 EST,42.32030,-76.20319,1291,44.8,45.0,42.0,62.5,32.8,0.000,0.000,0.00,0.000,5.3,10.2,1.9,170,16,6.0,12.3,2.2,167,15,5.3,10.2,1.9,170,16,0,28.62,,0,0,0,38.5,39.7,41.5,0.40,0.35,0.52
BERK,2015-12-21 21:50:00 EST,42.32030,-76.20319,1291,44.8,45.0,42.0,62.0,32.6,0.000,0.000,0.00,0.000,5.2,9.4,1.8,157,16,5.9,11.6,2.2,155,18,5.2,9.4,1.8,157,16,0,28.62,,0,0,0,38.5,39.7,41.5,0.40,0.35,0.52
BERK,2015-12-21 21:55:00 EST,42.32030,-76.20319,1291,44.8,44.9,43.3,62.2,32.6,0.000,0.000,0.00,0.000,3.5,7.2,1.4,161,22,3.9,7.8,1.6,160,22,3.5,7.2,1.4,161,22,0,28.62,,0,0,0,38.5,39.7,41.5,0.40,0.35,0.52
BERK,2015-12-21 22:00:00 EST,42.32030,-76.20319,1291,44.8,44.9,42.4,62.9,33.0,0.000,0.000,0.00,0.000,4.6,9.3,1.4,162,21,5.3,11.0,1.8,161,21,4.6,9.3,1.4,162,21,0,28.63,,0,0,0,38.5,39.7,41.5,0.40,0.35,0.52
BERK,2015-12-21 22:05:00 EST,42.32030,-76.20319,1291,45.0,45.0,43.0,62.5,32.9,0.000,0.000,0.00,0.000,4.1,8.6,2.0,153,21,4.5,10.7,2.3,151,23,4.1,8.6,2.0,153,21,0,28.63,,0,0,0,38.5,39.7,41.5,0.40,0.35,0.52
BERK,2015-12-21 22:10:00 EST,42.32030,-76.20319,1291,44.9,45.0,44.9,63.2,33.1,0.000,0.000,0.00,0.000,2.4,7.1,1.6,156,31,2.9,9.2,1.8,154,40,2.4,7.1,1.6,156,31,0,28.63,,0,0,0,38.5,39.7,41.5,0.40,0.35,0.52
BERK,2015-12-21 22:15:00 EST,42.32030,-76.20319,1291,44.9,45.0,44.9,63.6,33.3,0.000,0.000,0.00,0.000,2.9,6.0,1.4,161,36,3.3,6.3,1.4,160,35,2.9,6.0,1.4,161,36,0,28.63,,0,0,0,38.6,39.7,41.5,0.40,0.35,0.52
BERK,2015-12-21 22:20:00 EST,42.32030,-76.20319,1291,45.0,45.1,42.5,64.0,33.6,0.000,0.000,0.00,0.000,4.8,8.3,1.6,172,23,5.5,10.3,1.9,170,23,4.8,8.3,1.6,172,23,0,28.64,,0,0,0,38.6,39.7,41.5,0.40,0.35,0.52
BERK,2015-12-21 22:25:00 EST,42.32030,-76.20319,1291,45.0,45.1,42.7,64.2,33.6,0.000,0.000,0.00,0.000,4.5,7.7,1.4,156,18,5.1,8.9,1.7,154,17,4.5,7.7,1.4,156,18,0,28.64,,0,0,0,38.6,39.7,41.5,0.40,0.35,0.52
BERK,2015-12-21 22:30:00 EST,42.32030,-76.20319,1291,44.9,45.0,42.3,64.6,33.7,0.000,0.000,0.00,0.000,4.8,8.1,1.2,158,21,5.5,10.1,1.5,157,21,4.8,8.1,1.2,158,21,0,28.63,,0,0,0,38.6,39.8,41.5,0.40,0.35,0.52
BERK,2015-12-21 22:35:00 EST,42.32030,-76.20319,1291,44.8,45.0,42.1,64.8,33.6,0.000,0.000,0.00,0.000,5.0,8.5,1.2,144,13,5.4,8.3,1.1,143,14,5.0,8.5,1.2,144,13,0,28.62,,0,0,0,38.6,39.8,41.5,0.40,0.35,0.52
BERK,2015-12-21 22:40:00 EST,42.32030,-76.20319,1291,44.8,45.0,41.6,65.0,33.7,0.000,0.000,0.00,0.000,5.8,7.2,0.9,151,12,6.3,8.7,1.0,150,13,5.8,7.2,0.9,151,12,0,28.63,,0,0,0,38.6,39.8,41.5,0.40,0.35,0.52
BERK,2015-12-21 22:45:00 EST,42.32030,-76.20319,1291,44.7,45.0,41.8,65.6,33.9,0.000,0.000,0.00,0.000,5.3,8.6,1.2,156,13,6.0,9.6,1.3,156,12,5.3,8.6,1.2,156,13,0,28.63,,0,0,0,38.7,39.8,41.5,0.40,0.35,0.52
BERK,2015-12-21 22:50:00 EST,42.32030,-76.20319,1291,44.7,44.9,42.0,65.1,33.7,0.000,0.000,0.00,0.000,5.0,9.2,1.5,151,15,5.6,12.1,1.8,149,16,5.0,9.2,1.5,151,15,0,28.63,,0,0,0,38.6,39.8,41.5,0.40,0.35,0.52
BERK,2015-12-21 22:55:00 EST,42.32030,-76.20319,1291,44.8,44.9,42.3,64.9,33.7,0.000,0.000,0.00,0.000,4.7,9.7,1.4,152,18,5.4,11.2,1.5,151,18,4.7,9.7,1.4,152,18,0,28.63,,0,0,0,38.7,39.8,41.5,0.40,0.35,0.52
BERK,2015-12-21 23:00:00 EST,42.32030,-76.20319,1291,44.7,44.9,43.3,65.1,33.7,0.000,0.000,0.00,0.000,3.4,5.6,1.1,163,19,3.7,6.5,1.3,162,20,3.4,5.6,1.1,163,19,0,28.63,,0,0,0,38.6,39.8,41.5,0.40,0.35,0.52
BERK,2015-12-21 23:05:00 EST,42.32030,-76.20319,1291,44.5,44.8,42.9,65.5,33.7,0.000,0.000,0.00,0.000,3.6,6.9,1.2,156,15,3.9,6.9,1.4,155,16,3.6,6.9,1.2,156,15,0,28.62,,0,0,0,38.7,39.8,41.5,0.40,0.35,0.52
BERK,2015-12-21 23:10:00 EST,42.32030,-76.20319,1291,44.7,44.8,44.7,65.4,33.8,0.000,0.000,0.00,0.000,2.3,4.7,0.9,156,18,2.8,4.9,0.9,153,19,2.3,4.7,0.9,156,18,0,28.61,,0,0,0,38.7,39.8,41.5,0.40,0.35,0.52
BERK,2015-12-21 23:15:00 EST,42.32030,-76.20319,1291,44.6,44.7,43.0,65.4,33.7,0.000,0.000,0.00,0.000,3.5,5.4,0.9,172,13,3.9,6.7,1.1,172,14,3.5,5.4,0.9,172,13,0,28.62,,0,0,0,38.7,39.8,41.5,0.40,0.35,0.52
BERK,2015-12-21 23:20:00 EST,42.32030,-76.20319,1291,44.7,44.8,43.4,65.4,33.8,0.000,0.000,0.00,0.000,3.2,5.3,0.8,156,20,3.6,5.8,1.0,155,19,3.2,5.3,0.8,156,20,0,28.63,,0,0,0,38.7,39.9,41.5,0.40,0.35,0.52
BERK,2015-12-21 23:25:00 EST,42.32030,-76.20319,1291,44.7,44.8,44.7,64.8,33.6,0.000,0.000,0.00,0.000,2.0,5.0,0.9,147,29,2.3,5.8,1.0,148,33,2.0,5.0,0.9,147,29,0,28.62,,0,0,0,38.7,39.9,41.5,0.40,0.35,0.52
BERK,2015-12-21 23:30:00 EST,42.32030,-76.20319,1291,44.8,44.9,44.8,64.6,33.6,0.000,0.000,0.00,0.000,2.4,5.2,1.2,181,27,2.8,6.0,1.3,179,26,2.4,5.2,1.2,181,27,0,28.63,,0,0,0,38.7,39.9,41.5,0.40,0.35,0.52
BERK,2015-12-21 23:35:00 EST,42.32030,-76.20319,1291,44.8,44.9,43.1,64.6,33.6,0.000,0.000,0.00,0.000,3.7,6.4,1.0,159,18,4.1,7.4,1.2,158,18,3.7,6.4,1.0,159,18,0,28.63,,0,0,0,38.8,39.9,41.5,0.40,0.35,0.52
BERK,2015-12-21 23:40:00 EST,42.32030,-76.20319,1291,44.7,44.8,43.3,64.5,33.4,0.000,0.000,0.00,0.000,3.3,5.0,0.8,157,19,3.7,5.4,0.9,156,20,3.3,5.0,0.8,157,19,0,28.63,,0,0,0,38.8,39.9,41.5,0.40,0.35,0.52
BERK,2015-12-21 23:45:00 EST,42.32030,-76.20319,1291,44.4,44.7,42.0,65.0,33.3,0.000,0.000,0.00,0.000,4.5,6.1,0.9,143,10,4.9,6.9,0.9,141,10,4.5,6.1,0.9,143,10,0,28.62,,0,0,0,38.8,39.9,41.5,0.40,0.35,0.52
BERK,2015-12-21 23:50:00 EST,42.32030,-76.20319,1291,43.9,44.5,40.6,65.3,33.0,0.000,0.000,0.00,0.000,5.6,8.2,1.1,154,11,6.1,9.4,1.2,153,11,5.6,8.2,1.1,154,11,0,28.61,,0,0,0,38.8,39.9,41.5,0.40,0.35,0.52
BERK,2015-12-21 23:55:00 EST,42.32030,-76.20319,1291,43.7,44.3,41.2,66.1,33.1,0.000,0.000,0.00,0.000,4.5,6.1,0.7,148,11,4.9,6.9,0.8,146,11,4.5,6.1,0.7,148,11,0,28.61,,0,0,0,38.8,39.9,41.5,0.40,0.35,0.52
CHES,2015-12-21 00:00:00 EST,43.65390,-73.77736,1089,26.5,,20.5,77.2,20.3,,,,,5.1,7.2,0.7,137,11,5.4,7.6,0.8,133,9,5.1,7.2,0.7,137,11,0,29.08,,0,0,0,34.9,40.1,43.0,0.19,0.21,0.14
CHES,2015-12-21 00:05:00 EST,43.65390,-73.77736,1089,26.4,,20.5,76.9,20.2,,,,,5.1,7.7,1.1,142,10,5.4,8.1,1.1,137,10,5.1,7.7,1.1,142,10,0,29.08,,0,0,0,34.9,40.1,43.0,0.19,0.21,0.14
CHES,2015-12-21 00:10:00 EST,43.65390,-73.77736,1089,26.1,,19.9,77.8,20.2,,,,,5.3,7.7,1.2,145,9,5.7,9.2,1.3,141,10,5.3,7.7,1.2,145,9,0,29.08,,0,0,0,34.9,40.1,43.0,0.19,0.21,0.14
CHES,2015-12-21 00:15:00 EST,43.65390,-73.77736,1089,25.9,,19.6,78.4,20.1,,,,,5.3,7.1,0.9,148,9,5.7,8.5,1.0,142,9,5.3,7.1,0.9,148,9,0,29.07,,0,0,0,34.9,40.1,43.0,0.19,0.21,0.14
CHES,2015-12-21 00:20:00 EST,43.65390,-73.77736,1089,26.0,,19.8,79.2,20.4,,,,,5.2,8.1,1.1,150,10,5.6,8.5,1.3,145,9,5.2,8.1,1.1,150,10,0,29.07,,0,0,0,34.9,40.1,43.0,0.19,0.20,0.14
CHES,2015-12-21 00:25:00 EST,43.65390,-73.77736,1089,26.2,,19.8,78.4,20.4,,,,,5.5,8.0,0.9,144,10,5.7,8.5,1.1,139,8,5.5,8.0,0.9,144,10,0,29.06,,0,0,0,34.9,40.1,42.9,0.19,0.21,0.14
CHES,2015-12-21 00:30:00 EST,43.65390,-73.77736,1089,26.3,,20.7,77.8,20.3,,,,,4.6,6.2,0.7,144,9,4.9,6.5,0.7,138,6,4.6,6.2,0.7,144,9,0,29.06,,0,0,0,34.9,40.1,43.0,0.19,0.21,0.14
CHES,2015-12-21 00:35:00 EST,43.65390,-73.77736,1089,26.2,,20.5,78.2,20.3,,,,,4.8,6.6,0.9,138,11,5.2,7.4,0.8,133,9,4.8,6.6,0.9,138,11,0,29.06,,0,0,0,34.9,40.1,42.9,0.19,0.21,0.14
CHES,2015-12-21 00:40:00 EST,43.65390,-73.77736,1089,26.2,,20.3,78.2,20.4,,,,,5.0,8.2,1.1,129,12,5.2,8.7,1.2,123,12,5.0,8.2,1.1,129,12,0,29.06,,0,0,0,34.9,40.1,42.9,0.19,0.21,0.14
CHES,2015-12-21 00:45:00 EST,43.65390,-73.77736,1089,26.3,,19.5,77.9,20.3,,,,,5.9,10.7,1.5,144,13,6.4,12.5,1.8,138,13,5.9,10.7,1.5,144,13,0,29.06,,0,0,0,34.9,40.1,42.9,0.19,0.20,0.14
CHES,2015-12-21 00:50:00 EST,43.65390,-73.77736,1089,26.9,,18.8,76.0,20.3,,,,,7.7,11.4,1.3,159,11,8.5,11.9,1.5,155,11,7.7,11.4,1.3,159,11,0,29.06,,0,0,0,34.9,40.1,42.9,0.19,0.21,0.14
CHES,2015-12-21 00:55:00 EST,43.65390,-73.77736,1089,27.3,,19.9,74.0,20.1,,,,,6.9,10.2,1.3,156,10,7.3,10.5,1.5,153,10,6.9,10.2,1.3,156,10,0,29.06,,0,0,0,34.9,40.1,42.9,0.19,0.21,0.14
CHES,2015-12-21 01:00:00 EST,43.65390,-73.77736,1089,27.5,,20.0,72.8,19.9,,,,,7.1,9.9,1.3,159,11,7.6,11.2,1.5,155,11,7.1,9.9,1.3,159,11,0,29.06,,0,0,0,34.9,40.1,42.9,0.19,0.21,0.14
CHES,2015-12-21 01:05:00 EST,43.65390,-73.77736,1089,27.5,,20.5,72.7,19.9,,,,,6.3,8.7,1.2,166,9,7.0,9.8,1.3,161,9,6.3,8.7,1.2,166,9,0,29.06,,0,0,0,34.9,40.1,42.9,0.19,0.21,0.14
CHES,2015-12-21 01:10:00 EST,43.65390,-73.77736,1089,27.5,,20.5,72.5,19.9,,,,,6.5,9.1,1.1,164,9,7.1,10.5,1.3,161,9,6.5,9.1,1.1,164,9,0,29.06,,0,0,0,34.9,40.1,42.9,0.19,0.20,0.14
CHES,2015-12-21 01:15:00 EST,43.65390,-73.77736,1089,27.7,,20.0,71.7,19.8,,,,,7.5,10.5,1.2,156,10,8.1,11.9,1.3,151,10,7.5,10.5,1.2,156,10,0,29.06,,0,0,0,34.8,40.1,42.8,0.19,0.21,0.14
CHES,2015-12-21 01:20:00 EST,43.65390,-73.77736,1089,27.6,,20.1,70.7,19.4,,,,,7.2,9.5,1.1,158,10,7.8,10.3,1.1,153,10,7.2,9.5,1.1,158,10,0,29.05,,0,0,0,34.7,40.1,42.9,0.19,0.21,0.14
CHES,2015-12-21 01:25:00 EST,43.65390,-73.77736,1089,27.6,,20.0,71.1,19.4,,,,,7.2,10.9,1.7,162,11,7.7,12.5,1.9,158,10,7.2,10.9,1.7,162,11,0,29.05,,0,0,0,34.7,40.1,42.8,0.19,0.21,0.14
CHES,2015-12-21 01:30:00 EST,43.65390,-73.77736,1089,27.6,,20.5,70.9,19.4,,,,,6.5,9.9,1.2,158,13,7.1,11.6,1.3,154,12,6.5,9.9,1.2,158,13,0,29.05,,0,0,0,34.7,40.1,42.8,0.19,0.20,0.14
CHES,2015-12-21 01:35:00 EST,43.65390,-73.77736,1089,27.6,,20.2,70.1,19.1,,,,,7.0,10.9,1.4,159,12,7.5,12.1,1.5,155,11,7.0,10.9,1.4,159,12,0,29.04,,0,0,0,34.7,40.1,42.8,0.19,0.21,0.14
CHES,2015-12-21 01:40:00 EST,43.65390,-73.77736,1089,27.5,,20.2,70.8,19.2,,,,,6.8,10.4,1.1,162,12,7.4,11.2,1.2,158,12,6.8,10.4,1.1,162,12,0,29.04,,0,0,0,34.7,40.1,42.8,0.19,0.21,0.14
CHES,2015-12-21 01:45:00 EST,43.65390,-73.77736,1089,27.6,,20.3,70.2,19.2,,,,,6.9,9.7,1.3,162,9,7.5,10.7,1.4,157,10,6.9,9.7,1.3,162,9,0,29.04,,0,0,0,34.7,40.1,42.8,0.19,0.21,0.14
CHES,2015-12-21 01:50:00 EST,43.65390,-73.77736,1089,27.8,,21.0,69.4,19.0,,,,,6.2,8.3,1.1,158,10,6.8,10.1,1.2,153,10,6.2,8.3,1.1,158,10,0,29.04,,0,0,0,34.7,40.1,42.8,0.19,0.21,0.14
CHES,2015-12-21 01:55:00 EST,43.65390,-73.77736,1089,27.6,,21.6,69.4,18.9,,,,,5.3,8.9,1.5,162,11,6.0,9.8,1.6,157,11,5.3,8.9,1.5,162,11,0,29.04,,0,0,0,34.7,40.1,42.8,0.19,0.21,0.14
CHES,2015-12-21 02:00:00 EST,43.65390,-73.77736,1089,27.4,,21.2,69.6,18.8,,,,,5.5,9.8,1.7,161,14,6.1,10.3,1.7,157,14,5.5,9.8,1.7,161,14,0,29.04,,0,0,0,34.7,40.1,42.8,0.19,0.21,0.14
CHES,2015-12-21 02:05:00 EST,43.65390,-73.77736,1089,27.7,,20.3,69.1,18.8,,,,,6.9,10.5,1.4,167,12,7.7,12.3,1.5,163,10,6.9,10.5,1.4,167,12,0,29.04,,0,0,0,34.7,40.1,42.8,0.19,0.21,0.14
CHES,2015-12-21 02:10:00 EST,43.65390,-73.77736,1089,27.7,,19.6,68.7,18.8,,,,,8.0,11.7,1.5,166,12,8.8,13.4,1.6,162,10,8.0,11.7,1.5,166,12,0,29.04,,0,0,0,34.7,40.1,42.8,0.19,0.20,0.14
CHES,2015-12-21 02:15:00 EST,43.65390,-73.77736,1089,27.6,,19.0,68.8,18.7,,,,,8.7,12.2,1.1,172,10,9.3,12.8,1.2,167,10,8.7,12.2,1.1,172,10,0,29.04,,0,0,0,34.7,40.1,42.8,0.19,0.21,0.14
CHES,2015-12-21 02:20:00 EST,43.65390,-73.77736,1089,27.6,,18.7,68.5,18.6,,,,,9.4,11.6,1.2,172,7,10.1,13.2,1.4,168,7,9.4,11.6,1.2,172,7,0,29.04,,0,0,0,34.7,40.1,42.8,0.19,0.21,0.14
CHES,2015-12-21 02:25:00 EST,43.65390,-73.77736,1089,27.5,,18.7,68.7,18.6,,,,,9.1,12.9,1.6,174,9,9.9,14.1,1.7,170,7,9.1,12.9,1.6,174,9,0,29.04,,0,0,0,34.7,40.1,42.8,0.19,0.21,0.14
CHES,2015-12-21 02:30:00 EST,43.65390,-73.77736,1089,27.7,,19.1,67.9,18.5,,,,,8.9,12.1,1.3,176,8,9.8,13.2,1.6,173,7,8.9,12.1,1.3,176,8,0,29.04,,0,0,0,34.7,40.0,42.8,0.19,0.20,0.14
CHES,2015-12-21 02:35:00 EST,43.65390,-73.77736,1089,27.7,,18.9,68.1,18.5,,,,,9.1,11.4,1.3,175,8,9.9,13.6,1.5,172,7,9.1,11.4,1.3,175,8,0,29.03,,0,0,0,34.7,40.0,42.8,0.19,0.20,0.14
CHES,2015-12-21 02:40:00 EST,43.65390,-73.77736,1089,27.7,,18.4,68.3,18.6,,,,,10.0,14.5,1.5,172,7,10.7,16.6,1.7,169,6,10.0,14.5,1.5,172,7,0,29.03,,0,0,0,34.7,40.0,42.8,0.19,0.20,0.14
CHES,2015-12-21 02:45:00 EST,43.65390,-73.77736,1089,27.6,,18.6,68.6,18.6,,,,,9.3,12.0,1.2,175,9,10.2,13.6,1.4,172,7,9.3,12.0,1.2,175,9,0,29.03,,0,0,0,34.6,40.0,42.8,0.19,0.20,0.14
CHES,2015-12-21 02:50:00 EST,43.65390,-73.77736,1089,27.6,,19.1,68.6,18.6,,,,,8.6,13.0,1.8,174,8,9.4,13.4,1.9,170,7,8.6,13.0,1.8,174,8,0,29.02,,0,0,0,34.6,40.0,42.8,0.19,0.20,0.14
CHES,2015-12-21 02:55:00 EST,43.65390,-73.77736,1089,27.7,,20.1,68.3,18.6,,,,,7.2,10.7,1.2,169,9,7.8,11.2,1.3,165,8,7.2,10.7,1.2,169,9,0,29.02,,0,0,0,34.5,39.9,42.8,0.19,0.21,0.14
CHES,2015-12-21 03:00:00 EST,43.65390,-73.77736,1089,27.6,,20.0,68.6,18.6,,,,,7.4,11.2,1.2,163,10,7.9,12.1,1.3,159,9,7.4,11.2,1.2,163,10,0,29.02,,0,0,0,34.5,40.0,42.8,0.19,0.21,0.14
CHES,2015-12-21 03:05:00 EST,43.65390,-73.77736,1089,27.7,,21.5,68.6,18.7,,,,,5.6,8.3,0.9,162,10,6.1,8.7,1.1,159,9,5.6,8.3,0.9,162,10,0,29.01,,0,0,0,34.5,39.9,42.8,0.19,0.21,0.14
CHES,2015-12-21 03:10:00 EST,43.65390,-73.77736,1089,27.8,,21.5,68.5,18.8,,,,,5.7,8.0,1.1,166,13,6.4,9.4,1.1,162,12,5.7,8.0,1.1,166,13,0,29.01,,0,0,0,34.5,39.9,42.8,0.19,0.21,0.14
CHES,2015-12-21 03:15:00 EST,43.65390,-73.77736,1089,28.1,,20.9,67.9,18.8,,,,,6.8,9.4,1.2,160,10,7.2,10.3,1.4,156,9,6.8,9.4,1.2,160,10,0,29.01,,0,0,0,34.5,39.9,42.8,0.19,0.21,0.14
CHES,2015-12-21 03:20:00 EST,43.65390,-73.77736,1089,28.1,,21.2,67.5,18.7,,,,,6.5,8.8,1.2,166,11,7.1,9.4,1.2,162,10,6.5,8.8,1.2,166,11,0,29.00,,0,0,0,34.5,39.9,42.8,0.19,0.21,0.14
CHES,2015-12-21 03:25:00 EST,43.65390,-73.77736,1089,28.2,,20.8,67.8,18.9,,,,,7.1,9.4,0.8,168,7,7.7,9.8,0.9,163,6,7.1,9.4,0.8,168,7,0,29.01,,0,0,0,34.5,39.9,42.8,0.19,0.21,0.14
CHES,2015-12-21 03:30:00 EST,43.65390,-73.77736,1089,28.1,,21.0,67.7,18.8,,,,,6.8,9.6,1.0,169,9,7.3,10.7,1.1,165,9,6.8,9.6,1.0,169,9,0,29.01,,0,0,0,34.5,39.9,42.8,0.19,0.21,0.14
CHES,2015-12-21 03:35:00 EST,43.65390,-73.77736,1089,28.1,,21.0,67.2,18.7,,,,,6.8,10.4,1.1,165,8,7.4,12.1,1.3,161,9,6.8,10.4,1.1,165,8,0,29.01,,0,0,0,34.5,39.9,42.8,0.19,0.20,0.14
CHES,2015-12-21 03:40:00 EST,43.65390,-73.77736,1089,28.2,,20.3,66.1,18.3,,,,,7.9,11.0,1.0,161,10,8.6,11.6,1.1,157,9,7.9,11.0,1.0,161,10,0,29.01,,0,0,0,34.5,39.9,42.8,0.19,0.20,0.14
CHES,2015-12-21 03:45:00 EST,43.65390,-73.77736,1089,27.9,,20.7,66.6,18.2,,,,,6.8,9.0,1.1,163,8,7.4,9.8,1.2,159,8,6.8,9.0,1.1,163,8,0,29.00,,0,0,0,34.5,39.9,42.8,0.19,0.20,0.14
CHES,2015-12-21 03:50:00 EST,43.65390,-73.77736,1089,27.5,,21.2,67.7,18.2,,,,,5.7,9.9,1.3,152,11,6.2,11.2,1.3,148,12,5.7,9.9,1.3,152,11,0,29.00,,0,0,0,34.5,39.9,42.8,0.19,0.21,0.14
CHES,2015-12-21 03:55:00 EST,43.65390,-73.77736,1089,27.6,,21.0,67.8,18.4,,,,,6.1,9.1,1.1,151,10,6.5,9.2,1.2,145,10,6.1,9.1,1.1,151,10,0,29.00,,0,0,0,34.5,39.9,42.8,0.19,0.20,0.14
CHES,2015-12-21 04:00:00 EST,43.65390,-73.77736,1089,27.8,,21.3,67.2,18.3,,,,,5.9,8.0,1.0,150,12,6.2,8.5,1.0,145,11,5.9,8.0,1.0,150,12,0,28.99,,0,0,0,34.5,39.9,42.8,0.19,0.20,0.14
CHES,2015-12-21 04:05:00 EST,43.65390,-73.77736,1089,27.6,,21.6,67.6,18.3,,,,,5.3,8.2,1.2,157,13,5.9,10.1,1.4,153,13,5.3,8.2,1.2,157,13,0,29.00,,0,0,0,34.5,39.9,42.8,0.19,0.21,0.14
CHES,2015-12-21 04:10:00 EST,43.65390,-73.77736,1089,27.7,,22.4,67.7,18.4,,,,,4.6,8.5,1.4,148,12,4.9,9.2,1.6,142,11,4.6,8.5,1.4,148,12,0,29.00,,0,0,0,34.5,39.9,42.8,0.19,0.20,0.14
CHES,2015-12-21 04:15:00 EST,43.65390,-73.77736,1089,27.8,,20.9,66.9,18.2,,,,,6.3,9.1,1.4,143,7,6.8,10.3,1.6,137,6,6.3,9.1,1.4,143,7,0,29.00,,0,0,0,34.5,39.9,42.8,0.19,0.20,0.14
CHES,2015-12-21 04:20:00 EST,43.65390,-73.77736,1089,27.8,,20.3,66.4,18.0,,,,,7.1,9.6,1.0,143,6,7.6,10.3,1.1,137,5,7.1,9.6,1.0,143,6,0,28.99,,0,0,0,34.5,39.9,42.8,0.19,0.21,0.14
CHES,2015-12-21 04:25:00 EST,43.65390,-73.77736,1089,27.7,,21.8,66.8,18.1,,,,,5.2,8.2,0.9,145,9,5.5,9.4,1.0,140,8,5.2,8.2,0.9,145,9,0,29.00,,0,0,0,34.5,39.9,42.8,0.19,0.20,0.14
CHES,2015-12-21 04:30:00 EST,43.65390,-73.77736,1089,27.8,,22.2,66.5,18.0,,,,,4.9,6.6,1.0,144,12,5.5,8.1,1.2,138,11,4.9,6.6,1.0,144,12,0,28.99,,0,0,0,34.4,39.9,42.8,0.19,0.20,0.14
CHES,2015-12-21 04:35:00 EST,43.65390,-73.77736,1089,27.7,,22.3,66.5,18.0,,,,,4.7,7.5,1.4,142,13,5.2,8.1,1.4,138,12,4.7,7.5,1.4,142,13,0,28.99,,0,0,0,34.4,39.9,42.8,0.19,0.20,0.14
CHES,2015-12-21 04:40:00 EST,43.65390,-73.77736,1089,27.6,,21.5,66.7,18.0,,,,,5.5,8.4,1.1,142,12,5.8,8.9,1.1,137,12,5.5,8.4,1.1,142,12,0,28.99,,0,0,0,34.4,39.9,42.8,0.19,0.20,0.14
CHES,2015-12-21 04:45:00 EST,43.65390,-73.77736,1089,27.4,,20.3,66.8,17.8,,,,,6.5,8.5,0.9,144,9,6.9,9.2,0.9,139,9,6.5,8.5,0.9,144,9,0,28.98,,0,0,0,34.3,39.9,42.8,0.19,0.20,0.14
CHES,2015-12-21 04:50:00 EST,43.65390,-73.77736,1089,27.3,,19.9,67.1,17.9,,,,,6.9,8.9,0.9,147,8,7.5,9.6,0.9,141,7,6.9,8.9,0.9,147,8,0,28.98,,0,0,0,34.4,39.9,42.8,0.19,0.20,0.14
CHES,2015-12-21 04:55:00 EST,43.65390,-73.77736,1089,27.3,,20.4,67.9,18.0,,,,,6.3,8.8,0.8,149,8,6.7,8.5,0.8,143,8,6.3,8.8,0.8,149,8,0,28.98,,0,0,0,34.3,39.9,42.8,0.19,0.20,0.14
CHES,2015-12-21 05:00:00 EST,43.65390,-73.77736,1089,27.5,,20.1,67.5,18.2,,,,,7.0,9.2,1.0,151,8,7.4,9.6,1.0,145,8,7.0,9.2,1.0,151,8,0,28.98,,0,0,0,34.3,39.9,42.8,0.19,0.20,0.14
CHES,2015-12-21 05:05:00 EST,43.65390,-73.77736,1089,27.6,,20.6,67.0,18.1,,,,,6.5,9.3,0.8,156,8,6.9,9.6,0.9,151,8,6.5,9.3,0.8,156,8,0,28.98,,0,0,0,34.3,39.9,42.8,0.19,0.20,0.14
CHES,2015-12-21 05:10:00 EST,43.65390,-73.77736,1089,27.6,,20.6,67.1,18.1,,,,,6.6,8.6,0.9,144,10,7.0,8.9,1.0,138,9,6.6,8.6,0.9,144,10,0,28.97,,0,0,0,34.3,39.9,42.8,0.19,0.20,0.14
CHES,2015-12-21 05:15:00 EST,43.65390,-73.77736,1089,27.8,,21.8,66.8,18.2,,,,,5.4,9.2,1.5,156,13,5.8,9.8,1.5,152,14,5.4,9.2,1.5,156,13,0,28.97,,0,0,0,34.3,39.9,42.8,0.19,0.20,0.14
CHES,2015-12-21 05:20:00 EST,43.65390,-73.77736,1089,27.7,,22.1,67.7,18.4,,,,,4.9,7.0,0.9,164,9,5.4,8.1,1.0,160,11,4.9,7.0,0.9,164,9,0,28.98,,0,0,0,34.3,39.9,42.8,0.19,0.20,0.14
CHES,2015-12-21 05:25:00 EST,43.65390,-73.77736,1089,27.8,,21.5,67.2,18.4,,,,,5.7,8.2,1.0,151,11,6.1,8.5,1.1,145,10,5.7,8.2,1.0,151,11,0,28.98,,0,0,0,34.3,39.9,42.8,0.19,0.20,0.14
CHES,2015-12-21 05:30:00 EST,43.65390,-73.77736,1089,27.8,,20.2,66.1,18.0,,,,,7.3,10.1,0.9,145,8,8.1,11.0,1.0,140,8,7.3,10.1,0.9,145,8,0,28.97,,0,0,0,34.3,39.9,42.8,0.19,0.20,0.14
CHES,2015-12-21 05:35:00 EST,43.65390,-73.77736,1089,27.9,,19.9,66.0,18.0,,,,,8.0,10.4,1.2,142,8,8.5,11.2,1.3,138,6,8.0,10.4,1.2,142,8,0,28.97,,0,0,0,34.3,39.9,42.8,0.19,0.20,0.14
CHES,2015-12-21 05:40:00 EST,43.65390,-73.77736,1089,27.9,,20.5,66.1,18.1,,,,,7.1,11.1,1.4,154,13,7.7,12.5,1.5,149,13,7.1,11.1,1.4,154,13,0,28.97,,0,0,0,34.3,39.9,42.8,0.19,0.20,0.14
CHES,2015-12-21 05:45:00 EST,43.65390,-73.77736,1089,27.8,,20.1,66.6,18.1,,,,,7.6,10.3,1.2,152,10,8.1,11.0,1.3,147,10,7.6,10.3,1.2,152,10,0,28.96,,0,0,0,34.3,39.9,42.8,0.19,0.20,0.14
CHES,2015-12-21 05:50:00 EST,43.65390,-73.77736,1089,27.9,,19.2,66.5,18.2,,,,,9.0,12.9,1.3,152,10,9.5,13.2,1.5,147,9,9.0,12.9,1.3,152,10,0,28.96,,0,0,0,34.3,39.9,42.8,0.19,0.20,0.14
CHES,2015-12-21 05:55:00 EST,43.65390,-73.77736,1089,27.8,,19.9,67.1,18.2,,,,,7.6,10.2,1.1,158,9,8.3,11.2,1.1,154,10,7.6,10.2,1.1,158,9,0,28.97,,0,0,0,34.3,39.9,42.8,0.19,0.20,0.14
CHES,2015-12-21 06:00:00 EST,43.65390,-73.77736,1089,27.9,,20.1,66.5,18.1,,,,,7.6,11.5,1.3,151,10,8.1,12.1,1.3,146,9,7.6,11.5,1.3,151,10,0,28.97,,0,0,0,34.3,39.9,42.8,0.19,0.20,0.14
CHES,2015-12-21 06:05:00 EST,43.65390,-73.77736,1089,27.6,,19.7,66.8,18.0,,,,,7.7,10.1,1.0,147,8,8.2,10.5,1.1,142,8,7.7,10.1,1.0,147,8,0,28.96,,0,0,0,34.3,39.9,42.8,0.19,0.20,0.14
CHES,2015-12-21 06:10:00 EST,43.65390,-73.77736,1089,27.6,,20.0,67.0,18.1,,,,,7.3,9.6,1.3,147,10,8.0,10.5,1.3,141,9,7.3,9.6,1.3,147,10,0,28.96,,0,0,0,34.3,39.9,42.8,0.19,0.20,0.14
CHES,2015-12-21 06:15:00 EST,43.65390,-73.77736,1089,27.7,,20.8,66.5,18.0,,,,,6.3,9.4,1.3,146,10,6.7,10.7,1.4,140,7,6.3,9.4,1.3,146,10,0,28.96,,0,0,0,34.3,39.9,42.8,0.19,0.20,0.14
CHES,2015-12-21 06:20:00 EST,43.65390,-73.77736,1089,27.7,,21.1,66.4,17.9,,,,,6.0,8.7,1.4,149,11,6.4,9.8,1.4,145,11,6.0,8.7,1.4,149,11,0,28.96,,0,0,0,34.3,39.9,42.8,0.19,0.20,0.14
CHES,2015-12-21 06:25:00 EST,43.65390,-73.77736,1089,27.7,,20.2,66.2,17.9,,,,,7.1,8.7,0.7,153,7,7.5,9.4,0.7,147,7,7.1,8.7,0.7,153,7,0,28.97,,0,0,0,34.3,39.9,42.8,0.19,0.20,0.14
CHES,2015-12-21 06:30:00 EST,43.65390,-73.77736,1089,27.4,,20.4,66.4,17.7,,,,,6.4,8.9,0.8,149,7,6.8,9.4,1.0,143,6,6.4,8.9,0.8,149,7,0,28.97,,0,0,0,34.2,39.9,42.8,0.19,0.20,0.14
CHES,2015-12-21 06:35:00 EST,43.65390,-73.77736,1089,27.5,,20.2,66.4,17.8,,,,,6.9,9.0,1.0,145,7,7.3,10.1,1.1,139,6,6.9,9.0,1.0,145,7,0,28.96,,0,0,0,34.2,39.9,42.8,0.19,0.20,0.14
CHES,2015-12-21 06:40:00 EST,43.65390,-73.77736,1089,27.6,,20.1,66.0,17.8,,,,,7.2,9.4,0.9,146,8,7.7,10.7,0.9,141,8,7.2,9.4,0.9,146,8,0,28.96,,0,0,0,34.2,39.9,42.8,0.19,0.21,0.14
CHES,2015-12-21 06:45:00 EST,43.65390,-73.77736,1089,27.7,,19.7,66.1,17.9,,,,,7.9,10.0,1.1,146,8,8.3,11.0,1.3,140,8,7.9,10.0,1.1,146,8,0,28.96,,0,0,0,34.2,39.9,42.8,0.19,0.20,0.14
CHES,2015-12-21 06:50:00 EST,43.65390,-73.77736,1089,27.8,,20.6,66.5,18.1,,,,,6.9,10.3,1.5,146,12,7.5,11.2,1.5,141,10,6.9,10.3,1.5,146,12,0,28.96,,0,0,0,34.2,39.9,42.8,0.19,0.20,0.14
CHES,2015-12-21 06:55:00 EST,43.65390,-73.77736,1089,28.1,,21.8,65.7,18.1,,,,,5.8,8.9,1.2,138,12,6.3,9.6,1.1,133,10,5.8,8.9,1.2,138,12,0,28.96,,0,0,0,34.2,39.9,42.8,0.19,0.20,0.14
CHES,2015-12-21 07:00:00 EST,43.65390,-73.77736,1089,27.9,,21.4,66.1,18.0,,,,,5.9,8.3,1.0,150,10,6.3,9.4,1.0,144,10,5.9,8.3,1.0,150,10,0,28.96,,0,0,0,34.2,39.9,42.8,0.19,0.20,0.14
CHES,2015-12-21 07:05:00 EST,43.65390,-73.77736,1089,27.8,,20.3,66.9,18.2,,,,,7.2,9.3,1.0,148,8,7.6,10.5,1.1,142,7,7.2,9.3,1.0,148,8,0,28.96,,0,0,0,34.2,39.9,42.8,0.19,0.20,0.14
CHES,2015-12-21 07:10:00 EST,43.65390,-73.77736,1089,27.9,,20.7,67.0,18.3,,,,,6.7,9.1,1.1,141,9,7.1,10.3,1.2,135,7,6.7,9.1,1.1,141,9,0,28.96,,0,0,0,34.2,39.9,42.8,0.19,0.20,0.14
CHES,2015-12-21 07:15:00 EST,43.65390,-73.77736,1089,27.9,,20.8,67.1,18.4,,,,,6.7,8.5,0.8,142,8,7.1,9.2,1.0,137,7,6.7,8.5,0.8,142,8,0,28.96,,0,0,0,34.2,39.8,42.8,0.19,0.20,0.14
CHES,2015-12-21 07:20:00 EST,43.65390,-73.77736,1089,27.8,,21.4,67.6,18.5,,,,,5.8,7.9,0.8,142,9,6.2,8.3,0.9,138,7,5.8,7.9,0.8,142,9,1,28.96,,0,0,0,34.2,39.8,42.8,0.19,0.20,0.14
CHES,2015-12-21 07:25:00 EST,43.65390,-73.77736,1089,27.9,,20.7,67.9,18.7,,,,,6.9,11.5,1.7,145,11,7.5,12.5,1.8,140,9,6.9,11.5,1.7,145,11,1,28.96,,0,0,0,34.2,39.8,42.8,0.19,0.20,0.14
CHES,2015-12-21 07:30:00 EST,43.65390,-73.77736,1089,28.1,,20.2,67.4,18.7,,,,,7.9,13.8,1.8,147,10,8.3,14.3,1.9,141,9,7.9,13.8,1.8,147,10,1,28.95,,0,0,0,34.2,39.8,42.8,0.19,0.20,0.14
CHES,2015-12-21 07:35:00 EST,43.65390,-73.77736,1089,28.1,,21.2,67.9,18.9,,,,,6.5,9.4,0.9,151,8,6.9,9.8,1.0,145,8,6.5,9.4,0.9,151,8,3,28.96,,0,0,0,34.2,39.8,42.8,0.19,0.20,0.14
CHES,2015-12-21 07:40:00 EST,43.65390,-73.77736,1089,28.3,,20.5,67.6,18.9,,,,,7.7,10.2,0.9,150,8,8.2,11.0,0.9,144,9,7.7,10.2,0.9,150,8,6,28.96,,0,0,0,34.2,39.7,42.8,0.19,0.20,0.14
CHES,2015-12-21 07:45:00 EST,43.65390,-73.77736,1089,28.5,,21.3,66.7,18.8,,,,,6.9,9.6,1.1,142,9,7.3,11.4,1.3,137,7,6.9,9.6,1.1,142,9,10,28.95,,0,0,0,34.2,39.7,42.8,0.19,0.20,0.14
CHES,2015-12-21 07:50:00 EST,43.65390,-73.77736,1089,28.6,,22.3,66.0,18.7,,,,,5.8,8.7,1.4,132,13,6.3,9.4,1.6,127,11,5.8,8.7,1.4,132,13,13,28.94,,0,0,0,34.2,39.7,42.8,0.19,0.20,0.14
CHES,2015-12-21 07:55:00 EST,43.65390,-73.77736,1089,28.7,,24.7,66.0,18.7,,,,,3.6,6.3,0.9,129,17,4.2,7.2,1.2,124,17,3.6,6.3,0.9,129,17,17,28.94,,0,0,0,34.2,39.7,42.8,0.19,0.20,0.14
CHES,2015-12-21 08:00:00 EST,43.65390,-73.77736,1089,28.8,,24.6,65.8,18.8,,,,,3.9,5.7,0.8,124,16,4.3,6.3,0.9,117,14,3.9,5.7,0.8,124,16,19,28.95,,0,0,0,34.2,39.8,42.8,0.19,0.20,0.14
CHES,2015-12-21 08:05:00 EST,43.65390,-73.77736,1089,29.1,,24.3,65.3,18.9,,,,,4.4,7.5,1.1,151,15,4.8,8.5,1.3,147,14,4.4,7.5,1.1,151,15,22,28.96,,0,0,0,34.2,39.7,42.8,0.19,0.20,0.14
CHES,2015-12-21 08:10:00 EST,43.65390,-73.77736,1089,29.2,,24.7,64.9,18.9,,,,,4.1,6.9,1.1,148,14,4.4,7.4,1.2,143,13,4.1,6.9,1.1,148,14,24,28.95,,0,0,0,34.2,39.8,42.8,0.19,0.20,0.14
CHES,2015-12-21 08:15:00 EST,43.65390,-73.77736,1089,29.5,,24.5,64.8,19.1,,,,,4.7,7.4,0.9,154,16,5.2,8.5,1.2,150,15,4.7,7.4,0.9,154,16,28,28.95,,0,0,0,34.2,39.7,42.8,0.19,0.20,0.14
CHES,2015-12-21 08:20:00 EST,43.65390,-73.77736,1089,29.6,,25.7,64.5,19.1,,,,,3.7,6.1,1.0,141,14,4.0,7.2,1.1,137,14,3.7,6.1,1.0,141,14,36,28.95,,0,0,0,34.2,39.7,42.8,0.19,0.20,0.14
CHES,2015-12-21 08:25:00 EST,43.65390,-73.77736,1089,29.7,,24.7,63.8,18.9,,,,,4.7,8.4,1.5,138,13,5.1,8.5,1.5,133,12,4.7,8.4,1.5,138,13,44,28.94,,0,0,0,34.2,39.7,42.7,0.19,0.20,0.14
CHES,2015-12-21 08:30:00 EST,43.65390,-73.77736,1089,29.8,,23.6,63.7,19.0,,,,,6.1,9.9,1.1,140,10,6.4,10.5,1.2,135,9,6.1,9.9,1.1,140,10,49,28.94,,0,0,0,34.2,39.7,42.8,0.19,0.20,0.14
CHES,2015-12-21 08:35:00 EST,43.65390,-73.77736,1089,29.8,,25.4,63.7,19.0,,,,,4.1,7.2,1.3,139,16,4.5,7.6,1.4,134,17,4.1,7.2,1.3,139,16,54,28.94,,0,0,0,34.2,39.7,42.7,0.19,0.20,0.14
CHES,2015-12-21 08:40:00 EST,43.65390,-73.77736,1089,29.8,,23.9,64.0,19.2,,,,,5.8,7.2,0.6,156,13,6.2,8.7,0.8,151,14,5.8,7.2,0.6,156,13,59,28.94,,0,0,0,34.2,39.7,42.8,0.19,0.20,0.14
CHES,2015-12-21 08:45:00 EST,43.65390,-73.77736,1089,30.2,,24.7,64.0,19.5,,,,,5.4,7.5,0.9,165,9,5.8,9.2,1.1,161,10,5.4,7.5,0.9,165,9,64,28.95,,0,0,0,34.2,39.7,42.7,0.19,0.20,0.14
CHES,2015-12-21 08:50:00 EST,43.65390,-73.77736,1089,30.5,,25.2,62.8,19.3,,,,,5.2,7.4,0.9,158,8,5.6,8.1,0.9,153,8,5.2,7.4,0.9,158,8,72,28.94,,0,0,0,34.2,39.7,42.7,0.19,0.20,0.14
CHES,2015-12-21 08:55:00 EST,43.65390,-73.77736,1089,30.6,,26.0,62.8,19.4,,,,,4.4,6.0,0.9,141,13,4.6,6.5,1.0,136,11,4.4,6.0,0.9,141,13,78,28.94,,0,0,0,34.2,39.7,42.7,0.19,0.20,0.14
CHES,2015-12-21 09:00:00 EST,43.65390,-73.77736,1089,30.7,,24.4,61.5,19.0,,,,,6.2,11.2,2.0,141,9,6.7,11.6,2.0,136,9,6.2,11.2,2.0,141,9,82,28.93,,0,0,0,34.2,39.7,42.7,0.19,0.20,0.14
CHES,2015-12-21 09:05:00 EST,43.65390,-73.77736,1089,30.7,,24.6,61.7,19.1,,,,,6.1,9.5,1.6,140,13,6.7,10.3,1.6,135,11,6.1,9.5,1.6,140,13,90,28.93,,0,0,0,34.2,39.7,42.7,0.19,0.20,0.14
CHES,2015-12-21 09:10:00 EST,43.65390,-73.77736,1089,30.7,,25.0,61.9,19.2,,,,,5.6,8.8,1.0,134,18,6.1,8.7,1.1,128,17,5.6,8.8,1.0,134,18,95,28.93,,0,0,0,34.1,39.7,42.7,0.19,0.20,0.14
CHES,2015-12-21 09:15:00 EST,43.65390,-73.77736,1089,30.8,,26.8,61.9,19.3,,,,,4.0,7.2,1.4,135,17,4.2,7.6,1.4,129,16,4.0,7.2,1.4,135,17,100,28.93,,0,0,0,34.1,39.7,42.7,0.19,0.20,0.14
CHES,2015-12-21 09:20:00 EST,43.65390,-73.77736,1089,31.0,,26.6,62.4,19.6,,,,,4.2,6.3,1.0,116,14,4.7,6.9,1.0,111,14,4.2,6.3,1.0,116,14,102,28.93,,0,0,0,34.1,39.7,42.6,0.19,0.20,0.14
CHES,2015-12-21 09:25:00 EST,43.65390,-73.77736,1089,31.3,,27.1,62.1,19.9,,,,,4.2,7.0,1.7,148,14,4.8,7.4,1.6,143,13,4.2,7.0,1.7,148,14,99,28.93,,0,0,0,34.1,39.7,42.7,0.19,0.20,0.14
CHES,2015-12-21 09:30:00 EST,43.65390,-73.77736,1089,31.4,,28.5,61.3,19.6,,,,,3.1,5.6,1.1,126,20,3.4,6.7,1.3,122,19,3.1,5.6,1.1,126,20,92,28.93,,0,0,0,34.1,39.7,42.7,0.19,0.20,0.14
CHES,2015-12-21 09:35:00 EST,43.65390,-73.77736,1089,31.6,,31.6,61.8,20.0,,,,,2.2,5.0,1.2,135,24,2.7,6.0,1.2,129,24,2.2,5.0,1.2,135,24,88,28.93,,0,0,0,34.1,39.7,42.6,0.19,0.20,0.14
CHES,2015-12-21 09:40:00 EST,43.65390,-73.77736,1089,31.7,,31.7,60.9,19.8,,,,,2.8,4.5,0.7,124,15,2.9,4.7,0.7,119,15,2.8,4.5,0.7,124,15,88,28.93,,0,0,0,34.1,39.7,42.6,0.19,0.20,0.14
CHES,2015-12-21 09:45:00 EST,43.65390,-73.77736,1089,31.9,,28.3,60.2,19.7,,,,,3.7,6.6,1.0,118,17,3.9,7.6,1.0,113,17,3.7,6.6,1.0,118,17,91,28.93,,0,0,0,34.1,39.7,42.6,0.19,0.20,0.14
CHES,2015-12-21 09:50:00 EST,43.65390,-73.77736,1089,32.2,,29.4,60.0,19.9,,,,,3.1,4.3,0.7,128,19,3.4,5.6,0.9,124,19,3.1,4.3,0.7,128,19,91,28.93,,0,0,0,34.1,39.7,42.6,0.19,0.20,0.14
CHES,2015-12-21 09:55:00 EST,43.65390,-73.77736,1089,32.4,,28.7,59.7,20.0,,,,,3.9,7.5,1.7,135,13,4.3,8.9,1.7,132,13,3.9,7.5,1.7,135,13,89,28.93,,0,0,0,34.1,39.7,42.6,0.19,0.20,0.14
CHES,2015-12-21 10:00:00 EST,43.65390,-73.77736,1089,32.4,,27.2,59.6,19.9,,,,,5.4,8.6,1.4,135,15,5.8,9.6,1.4,132,13,5.4,8.6,1.4,135,15,88,28.93,,0,0,0,34.1,39.7,42.6,0.19,0.20,0.14
CHES,2015-12-21 10:05:00 EST,43.65390,-73.77736,1089,32.4,,27.1,60.5,20.2,,,,,5.5,9.0,1.6,140,20,5.9,9.8,1.6,136,17,5.5,9.0,1.6,140,20,87,28.93,,0,0,0,34.1,39.7,42.7,0.19,0.20,0.14
CHES,2015-12-21 10:10:00 EST,43.65390,-73.77736,1089,32.4,,27.1,59.4,19.9,,,,,5.5,10.6,2.2,135,18,6.0,11.0,2.2,129,17,5.5,10.6,2.2,135,18,89,28.92,,0,0,0,34.0,39.7,42.6,0.19,0.20,0.14
CHES,2015-12-21 10:15:00 EST,43.65390,-73.77736,1089,32.8,,26.9,58.7,19.9,,,,,6.3,9.7,1.5,153,20,6.8,10.5,1.6,149,20,6.3,9.7,1.5,153,20,97,28.92,,0,0,0,34.1,39.7,42.6,0.19,0.20,0.14
CHES,2015-12-21 10:20:00 EST,43.65390,-73.77736,1089,32.9,,28.7,59.4,20.3,,,,,4.4,9.7,1.1,148,13,4.7,10.1,1.3,142,12,4.4,9.7,1.1,148,13,108,28.92,,0,0,0,34.1,39.7,42.6,0.19,0.20,0.14
CHES,2015-12-21 10:25:00 EST,43.65390,-73.77736,1089,33.5,,28.3,58.3,20.4,,,,,5.5,9.9,1.6,156,11,6.0,10.1,1.6,151,12,5.5,9.9,1.6,156,11,115,28.93,,0,0,0,34.0,39.7,42.6,0.19,0.20,0.14
CHES,2015-12-21 10:30:00 EST,43.65390,-73.77736,1089,33.7,,29.7,57.5,20.3,,,,,4.4,9.0,1.9,151,14,4.8,10.3,2.0,144,13,4.4,9.0,1.9,151,14,117,28.93,,0,0,0,34.0,39.7,42.6,0.19,0.21,0.14
CHES,2015-12-21 10:35:00 EST,43.65390,-73.77736,1089,34.0,,34.0,56.6,20.2,,,,,2.8,5.8,1.2,151,18,3.4,6.7,1.3,144,19,2.8,5.8,1.2,151,18,116,28.92,,0,0,0,34.1,39.7,42.6,0.19,0.20,0.14
CHES,2015-12-21 10:40:00 EST,43.65390,-73.77736,1089,34.1,,30.9,56.1,20.1,,,,,3.6,7.0,1.4,132,17,3.8,7.4,1.4,126,16,3.6,7.0,1.4,132,17,121,28.91,,0,0,0,34.1,39.7,42.6,0.19,0.20,0.14
CHES,2015-12-21 10:45:00 EST,43.65390,-73.77736,1089,34.1,,29.6,56.2,20.1,,,,,4.9,8.1,1.3,145,13,5.3,8.7,1.4,141,14,4.9,8.1,1.3,145,13,127,28.91,,0,0,0,34.1,39.7,42.6,0.19,0.20,0.14
CHES,2015-12-21 10:50:00 EST,43.65390,-73.77736,1089,34.2,,29.0,56.1,20.2,,,,,5.9,10.6,1.8,154,16,6.4,11.6,1.9,148,17,5.9,10.6,1.8,154,16,134,28.90,,0,0,0,34.0,39.7,42.6,0.19,0.20,0.14
CHES,2015-12-21 10:55:00 EST,43.65390,-73.77736,1089,34.5,,29.4,55.6,20.3,,,,,5.8,8.1,1.1,152,15,6.2,8.5,1.2,148,15,5.8,8.1,1.1,152,15,136,28.91,,0,0,0,34.0,39.6,42.6,0.19,0.20,0.14
CHES,2015-12-21 11:00:00 EST,43.65390,-73.77736,1089,34.8,,32.2,55.3,20.4,,,,,3.2,5.3,1.1,114,22,3.6,6.0,1.2,107,22,3.2,5.3,1.1,114,22,134,28.90,,0,0,0,34.1,39.6,42.6,0.19,0.20,0.14
CHES,2015-12-21 11:05:00 EST,43.65390,-73.77736,1089,34.8,,31.9,55.4,20.4,,,,,3.5,7.8,1.3,126,17,3.9,8.3,1.4,121,16,3.5,7.8,1.3,126,17,142,28.89,,0,0,0,34.0,39.6,42.6,0.19,0.20,0.14
CHES,2015-12-21 11:10:00 EST,43.65390,-73.77736,1089,34.9,,30.3,55.8,20.7,,,,,5.2,7.7,1.3,143,14,5.5,7.8,1.2,137,12,5.2,7.7,1.3,143,14,145,28.89,,0,0,0,34.1,39.6,42.6,0.19,0.20,0.14
CHES,2015-12-21 11:15:00 EST,43.65390,-73.77736,1089,35.2,,32.3,55.8,21.0,,,,,3.5,6.5,1.1,149,19,3.9,7.2,1.3,144,19,3.5,6.5,1.1,149,19,139,28.89,,0,0,0,34.1,39.6,42.6,0.19,0.20,0.14
CHES,2015-12-21 11:20:00 EST,43.65390,-73.77736,1089,35.6,,31.0,54.1,20.7,,,,,5.4,10.2,2.4,145,18,5.9,11.6,2.7,140,17,5.4,10.2,2.4,145,18,129,28.88,,0,0,0,34.0,39.6,42.6,0.19,0.20,0.14
CHES,2015-12-21 11:25:00 EST,43.65390,-73.77736,1089,35.7,,32.4,53.7,20.5,,,,,4.0,7.8,1.2,133,25,4.2,7.8,1.4,128,24,4.0,7.8,1.2,133,25,104,28.87,,0,0,0,34.1,39.6,42.6,0.19,0.20,0.14
CHES,2015-12-21 11:30:00 EST,43.65390,-73.77736,1089,35.7,,31.7,54.1,20.7,,,,,4.6,8.3,1.3,129,15,4.9,8.5,1.4,124,14,4.6,8.3,1.3,129,15,98,28.86,,0,0,0,34.0,39.6,42.6,0.19,0.21,0.14
CHES,2015-12-21 11:35:00 EST,43.65390,-73.77736,1089,35.6,,31.7,54.8,20.9,,,,,4.5,8.8,1.8,131,18,4.9,9.2,1.8,126,17,4.5,8.8,1.8,131,18,111,28.85,,0,0,0,34.0,39.6,42.6,0.19,0.20,0.14
CHES,2015-12-21 11:40:00 EST,43.65390,-73.77736,1089,35.2,,35.2,56.2,21.2,,,,,2.7,3.9,0.5,96,27,3.1,4.5,0.7,92,27,2.7,3.9,0.5,96,27,107,28.86,,0,0,0,34.0,39.6,42.6,0.19,0.20,0.14
CHES,2015-12-21 11:45:00 EST,43.65390,-73.77736,1089,35.3,,35.3,56.8,21.5,,,,,1.7,3.3,0.8,55,20,2.1,3.8,0.8,49,25,1.7,3.3,0.8,55,20,104,28.87,,0,0,0,34.0,39.6,42.6,0.19,0.20,0.14
CHES,2015-12-21 11:50:00 EST,43.65390,-73.77736,1089,36.6,,30.7,52.5,20.9,,,,,7.5,11.3,1.8,193,22,8.3,12.3,2.1,188,22,7.5,11.3,1.8,193,22,110,28.87,,0,0,0,34.0,39.6,42.6,0.19,0.20,0.14
CHES,2015-12-21 11:55:00 EST,43.65390,-73.77736,1089,37.0,,30.1,51.0,20.6,,,,,9.6,13.9,1.9,187,14,10.4,16.3,2.2,182,12,9.6,13.9,1.9,187,14,136,28.86,,0,0,0,34.0,39.6,42.6,0.19,0.20,0.14
CHES,2015-12-21 12:00:00 EST,43.65390,-73.77736,1089,37.1,,31.9,50.8,20.6,,,,,6.6,13.0,2.8,192,16,7.2,14.8,3.0,188,15,6.6,13.0,2.8,192,16,129,28.86,,0,0,0,34.0,39.6,42.6,0.19,0.20,0.14
CHES,2015-12-21 12:05:00 EST,43.65390,-73.77736,1089,37.4,,33.0,50.6,20.8,,,,,5.6,10.3,1.9,184,22,6.4,12.1,2.1,180,21,5.6,10.3,1.9,184,22,114,28.86,,0,0,0,34.0,39.6,42.6,0.19,0.21,0.14
CHES,2015-12-21 12:10:00 EST,43.65390,-73.77736,1089,37.5,,32.7,50.2,20.6,,,,,6.2,10.1,1.8,193,14,6.8,11.9,1.9,190,13,6.2,10.1,1.8,193,14,118,28.86,,0,0,0,34.0,39.6,42.6,0.19,0.20,0.14
CHES,2015-12-21 12:15:00 EST,43.65390,-73.77736,1089,37.6,,32.6,50.3,20.7,,,,,6.3,11.0,2.3,188,16,6.9,12.5,2.6,184,15,6.3,11.0,2.3,188,16,107,28.85,,0,0,0,34.0,39.6,42.6,0.19,0.20,0.14
CHES,2015-12-21 12:20:00 EST,43.65390,-73.77736,1089,37.7,,31.6,49.8,20.7,,,,,8.4,12.0,1.7,188,15,9.1,12.5,1.8,183,13,8.4,12.0,1.7,188,15,102,28.85,,0,0,0,34.0,39.6,42.6,0.19,0.20,0.14
CHES,2015-12-21 12:25:00 EST,43.65390,-73.77736,1089,38.1,,32.6,49.7,20.9,,,,,7.3,10.8,1.3,186,16,7.9,12.1,1.4,182,17,7.3,10.8,1.3,186,16,99,28.85,,0,0,0,34.0,39.6,42.6,0.19,0.21,0.14
CHES,2015-12-21 12:30:00 EST,43.65390,-73.77736,1089,38.0,,33.6,50.7,21.3,,,,,5.7,8.1,1.2,156,16,6.3,8.9,1.3,151,16,5.7,8.1,1.2,156,16,113,28.84,,0,0,0,34.0,39.6,42.6,0.19,0.20,0.14
CHES,2015-12-21 12:35:00 EST,43.65390,-73.77736,1089,38.0,,32.8,51.3,21.6,,,,,6.8,9.8,1.2,164,10,7.3,10.5,1.3,160,11,6.8,9.8,1.2,164,10,127,28.84,,0,0,0,34.0,39.6,42.6,0.19,0.21,0.14
CHES,2015-12-21 12:40:00 EST,43.65390,-73.77736,1089,38.0,,32.9,51.1,21.5,,,,,6.8,9.5,1.3,159,11,7.4,11.0,1.5,154,11,6.8,9.5,1.3,159,11,129,28.84,,0,0,0,34.0,39.6,42.6,0.19,0.21,0.14
CHES,2015-12-21 12:45:00 EST,43.65390,-73.77736,1089,38.4,,33.7,51.0,21.8,,,,,6.2,8.8,0.9,160,9,6.6,9.6,1.0,154,10,6.2,8.8,0.9,160,9,151,28.83,,0,0,0,34.0,39.6,42.6,0.19,0.20,0.14
CHES,2015-12-21 12:50:00 EST,43.65390,-73.77736,1089,39.1,,34.2,50.6,22.3,,,,,6.6,8.8,1.1,166,11,7.2,10.1,1.2,162,13,6.6,8.8,1.1,166,11,244,28.83,,0,0,0,34.0,39.6,42.6,0.19,0.20,0.14
CHES,2015-12-21 12:55:00 EST,43.65390,-73.77736,1089,39.9,,35.2,48.9,22.2,,,,,6.7,9.8,1.0,171,14,7.5,11.9,1.3,168,13,6.7,9.8,1.0,171,14,258,28.83,,0,0,0,34.0,39.6,42.6,0.19,0.20,0.14
CHES,2015-12-21 13:00:00 EST,43.65390,-73.77736,1089,40.2,,35.8,47.3,21.7,,,,,6.3,8.8,1.1,193,14,6.8,9.8,1.3,189,13,6.3,8.8,1.1,193,14,255,28.83,,0,0,0,34.0,39.6,42.6,0.19,0.21,0.14
CHES,2015-12-21 13:05:00 EST,43.65390,-73.77736,1089,40.7,,35.6,46.3,21.7,,,,,7.7,13.8,2.7,200,13,8.2,14.5,2.6,195,13,7.7,13.8,2.7,200,13,241,28.83,,0,0,0,34.0,39.6,42.6,0.19,0.20,0.14
CHES,2015-12-21 13:10:00 EST,43.65390,-73.77736,1089,40.7,,34.6,46.5,21.8,,,,,9.7,12.9,1.5,197,15,10.4,14.3,1.8,193,15,9.7,12.9,1.5,197,15,221,28.83,,0,0,0,34.0,39.6,42.6,0.19,0.20,0.14
CHES,2015-12-21 13:15:00 EST,43.65390,-73.77736,1089,40.7,,34.9,47.1,22.1,,,,,9.2,14.8,2.1,184,10,9.9,15.2,2.2,182,9,9.2,14.8,2.1,184,10,202,28.82,,0,0,0,34.0,39.6,42.6,0.19,0.20,0.14
CHES,2015-12-21 13:20:00 EST,43.65390,-73.77736,1089,40.7,,34.3,47.1,22.1,,,,,10.7,15.1,1.8,187,9,11.6,17.2,2.1,183,7,10.7,15.1,1.8,187,9,208,28.82,,0,0,0,34.0,39.6,42.6,0.19,0.20,0.14
CHES,2015-12-21 13:25:00 EST,43.65390,-73.77736,1089,40.8,,34.5,46.8,22.0,,,,,10.3,13.2,1.6,195,10,11.0,15.0,1.7,190,8,10.3,13.2,1.6,195,10,208,28.82,,0,0,0,34.1,39.6,42.6,0.19,0.21,0.14
CHES,2015-12-21 13:30:00 EST,43.65390,-73.77736,1089,40.8,,35.1,46.9,22.1,,,,,9.0,11.9,1.4,192,11,9.7,13.2,1.8,189,9,9.0,11.9,1.4,192,11,188,28.82,,0,0,0,34.1,39.6,42.6,0.19,0.21,0.14
CHES,2015-12-21 13:35:00 EST,43.65390,-73.77736,1089,40.8,,34.8,46.6,21.9,,,,,9.5,12.1,1.2,194,9,10.4,15.9,1.4,190,7,9.5,12.1,1.2,194,9,168,28.82,,0,0,0,34.1,39.6,42.6,0.19,0.20,0.14
CHES,2015-12-21 13:40:00 EST,43.65390,-73.77736,1089,41.0,,35.6,46.6,22.1,,,,,8.4,11.4,1.5,191,12,9.2,13.0,1.6,187,10,8.4,11.4,1.5,191,12,159,28.81,,0,0,0,34.0,39.6,42.6,0.19,0.20,0.14
CHES,2015-12-21 13:45:00 EST,43.65390,-73.77736,1089,41.2,,36.3,46.0,22.0,,,,,7.6,10.2,1.1,194,11,8.3,10.7,1.2,190,10,7.6,10.2,1.1,194,11,148,28.81,,0,0,0,34.1,39.6,42.6,0.19,0.20,0.14
CHES,2015-12-21 13:50:00 EST,43.65390,-73.77736,1089,41.4,,36.8,46.0,22.2,,,,,7.0,10.2,1.3,170,24,7.7,10.5,1.5,165,24,7.0,10.2,1.3,170,24,144,28.80,,0,0,0,34.1,39.6,42.6,0.19,0.21,0.14
CHES,2015-12-21 13:55:00 EST,43.65390,-73.77736,1089,40.9,,35.5,47.3,22.4,,,,,8.4,12.2,1.5,148,10,9.0,11.9,1.4,144,9,8.4,12.2,1.5,148,10,150,28.79,,0,0,0,34.1,39.6,42.6,0.19,0.20,0.14
CHES,2015-12-21 14:00:00 EST,43.65390,-73.77736,1089,41.1,,35.5,47.5,22.6,,,,,8.9,13.1,1.7,155,12,9.7,13.9,1.7,150,11,8.9,13.1,1.7,155,12,158,28.79,,0,0,0,34.1,39.6,42.6,0.19,0.21,0.14
CHES,2015-12-21 14:05:00 EST,43.65390,-73.77736,1089,41.3,,36.8,46.3,22.2,,,,,6.9,12.4,2.4,153,14,7.5,12.8,2.3,149,15,6.9,12.4,2.4,153,14,170,28.79,,0,0,0,34.1,39.6,42.6,0.19,0.21,0.14
CHES,2015-12-21 14:10:00 EST,43.65390,-73.77736,1089,41.6,,37.4,46.8,22.7,,,,,6.4,8.9,1.1,176,20,7.0,10.1,1.2,172,21,6.4,8.9,1.1,176,20,171,28.80,,0,0,0,34.1,39.6,42.6,0.19,0.20,0.14
CHES,2015-12-21 14:15:00 EST,43.65390,-73.77736,1089,42.0,,36.6,44.9,22.1,,,,,8.9,15.6,2.2,206,16,9.7,17.7,2.5,202,14,8.9,15.6,2.2,206,16,148,28.81,,0,0,0,34.1,39.6,42.6,0.19,0.21,0.14
CHES,2015-12-21 14:20:00 EST,43.65390,-73.77736,1089,42.0,,36.8,45.3,22.3,,,,,8.4,13.9,2.0,191,16,9.2,15.7,2.4,187,15,8.4,13.9,2.0,191,16,253,28.81,,0,0,0,34.1,39.6,42.6,0.19,0.20,0.14
CHES,2015-12-21 14:25:00 EST,43.65390,-73.77736,1089,42.7,,38.4,43.9,22.3,,,,,7.1,14.0,2.1,184,20,7.8,14.1,2.2,182,20,7.1,14.0,2.1,184,20,208,28.80,,0,0,0,34.1,39.6,42.6,0.19,0.21,0.14
CHES,2015-12-21 14:30:00 EST,43.65390,-73.77736,1089,42.7,,38.1,43.6,22.0,,,,,7.5,12.9,2.2,197,13,8.3,14.5,2.3,192,11,7.5,12.9,2.2,197,13,175,28.80,,0,0,0,34.1,39.6,42.6,0.19,0.20,0.14
CHES,2015-12-21 14:35:00 EST,43.65390,-73.77736,1089,42.5,,38.6,44.1,22.1,,,,,6.3,9.7,1.7,189,15,6.9,10.3,1.8,186,14,6.3,9.7,1.7,189,15,138,28.80,,0,0,0,34.1,39.6,42.6,0.19,0.20,0.14
CHES,2015-12-21 14:40:00 EST,43.65390,-73.77736,1089,42.3,,37.0,44.1,22.0,,,,,9.0,13.6,1.9,193,14,9.8,15.0,2.1,189,13,9.0,13.6,1.9,193,14,113,28.79,,0,0,0,34.1,39.6,42.6,0.19,0.20,0.14
CHES,2015-12-21 14:45:00 EST,43.65390,-73.77736,1089,42.1,,38.0,44.7,22.1,,,,,6.5,13.7,2.2,190,15,7.2,16.8,2.4,186,14,6.5,13.7,2.2,190,15,89,28.79,,0,0,0,34.2,39.6,42.6,0.19,0.20,0.14
CHES,2015-12-21 14:50:00 EST,43.65390,-73.77736,1089,41.8,,36.6,45.4,22.2,,,,,8.4,14.6,2.2,197,14,9.1,15.4,2.3,193,14,8.4,14.6,2.2,197,14,83,28.80,,0,0,0,34.2,39.5,42.6,0.19,0.20,0.14
CHES,2015-12-21 14:55:00 EST,43.65390,-73.77736,1089,41.7,,37.1,45.7,22.2,,,,,7.0,11.4,1.5,197,12,7.7,12.1,1.7,193,12,7.0,11.4,1.5,197,12,78,28.80,,0,0,0,34.2,39.6,42.6,0.19,0.21,0.14
CHES,2015-12-21 15:00:00 EST,43.65390,-73.77736,1089,41.4,,37.0,46.3,22.3,,,,,6.6,11.0,1.7,198,15,7.3,13.9,1.9,194,13,6.6,11.0,1.7,198,15,72,28.79,,0,0,0,34.1,39.6,42.6,0.19,0.21,0.14
CHES,2015-12-21 15:05:00 EST,43.65390,-73.77736,1089,40.8,,37.6,48.0,22.6,,,,,4.8,6.4,0.8,159,12,5.3,7.6,0.8,154,13,4.8,6.4,0.8,159,12,73,28.80,,0,0,0,34.2,39.6,42.6,0.19,0.20,0.14
CHES,2015-12-21 15:10:00 EST,43.65390,-73.77736,1089,40.4,,37.5,49.2,22.8,,,,,4.3,8.0,1.3,148,13,4.6,8.3,1.4,143,12,4.3,8.0,1.3,148,13,74,28.80,,0,0,0,34.2,39.5,42.6,0.19,0.20,0.14
CHES,2015-12-21 15:15:00 EST,43.65390,-73.77736,1089,40.1,,36.3,50.1,23.0,,,,,5.5,9.6,1.7,143,14,6.0,10.5,2.0,139,14,5.5,9.6,1.7,143,14,63,28.79,,0,0,0,34.2,39.5,42.6,0.19,0.21,0.14
CHES,2015-12-21 15:20:00 EST,43.65390,-73.77736,1089,40.0,,34.3,50.9,23.3,,,,,8.6,12.4,2.0,166,11,9.4,13.4,2.2,163,10,8.6,12.4,2.0,166,11,56,28.79,,0,0,0,34.2,39.5,42.6,0.19,0.21,0.14
CHES,2015-12-21 15:25:00 EST,43.65390,-73.77736,1089,40.2,,35.0,50.5,23.3,,,,,7.7,11.8,1.4,162,10,8.4,12.5,1.6,159,11,7.7,11.8,1.4,162,10,74,28.79,,0,0,0,34.2,39.5,42.6,0.19,0.21,0.14
CHES,2015-12-21 15:30:00 EST,43.65390,-73.77736,1089,40.1,,35.7,50.6,23.3,,,,,6.3,10.2,1.3,164,8,6.9,11.6,1.4,160,7,6.3,10.2,1.3,164,8,62,28.78,,0,0,0,34.2,39.5,42.5,0.19,0.21,0.14
CHES,2015-12-21 15:35:00 EST,43.65390,-73.77736,1089,40.0,,34.8,50.8,23.2,,,,,7.6,11.3,1.7,158,9,8.1,12.3,1.8,154,9,7.6,11.3,1.7,158,9,50,28.78,,0,0,0,34.2,39.5,42.5,0.19,0.20,0.14
CHES,2015-12-21 15:40:00 EST,43.65390,-73.77736,1089,39.8,,34.6,51.1,23.2,,,,,7.5,11.2,1.5,159,12,8.1,12.1,1.8,155,12,7.5,11.2,1.5,159,12,39,28.78,,0,0,0,34.2,39.5,42.5,0.19,0.21,0.14
CHES,2015-12-21 15:45:00 EST,43.65390,-73.77736,1089,39.5,,34.3,52.8,23.7,,,,,7.4,11.5,2.0,160,13,8.0,13.6,2.2,157,12,7.4,11.5,2.0,160,13,28,28.78,,0,0,0,34.2,39.5,42.5,0.19,0.21,0.14
CHES,2015-12-21 15:50:00 EST,43.65390,-73.77736,1089,39.3,,33.4,53.9,24.0,,,,,8.8,12.6,1.4,155,14,9.4,13.6,1.4,151,13,8.8,12.6,1.4,155,14,21,28.77,,0,0,0,34.2,39.5,42.5,0.19,0.21,0.14
CHES,2015-12-21 15:55:00 EST,43.65390,-73.77736,1089,38.9,,33.1,55.8,24.5,,,,,8.4,12.1,1.5,148,10,9.0,13.0,1.6,143,9,8.4,12.1,1.5,148,10,17,28.77,,0,0,0,34.2,39.4,42.5,0.19,0.21,0.14
CHES,2015-12-21 16:00:00 EST,43.65390,-73.77736,1089,38.6,,32.7,57.3,24.9,,,,,8.4,11.3,1.3,148,9,8.8,12.1,1.5,144,9,8.4,11.3,1.3,148,9,11,28.76,,0,0,0,34.2,39.4,42.5,0.19,0.21,0.14
CHES,2015-12-21 16:05:00 EST,43.65390,-73.77736,1089,38.4,,32.6,58.6,25.2,,,,,8.0,12.3,1.5,157,9,8.7,13.2,1.6,153,11,8.0,12.3,1.5,157,9,8,28.76,,0,0,0,34.2,39.4,42.5,0.19,0.21,0.14
CHES,2015-12-21 16:10:00 EST,43.65390,-73.77736,1089,38.4,,31.8,59.0,25.3,,,,,9.6,12.8,1.6,161,10,10.2,15.7,1.8,157,10,9.6,12.8,1.6,161,10,5,28.76,,0,0,0,34.2,39.4,42.5,0.19,0.21,0.14
CHES,2015-12-21 16:15:00 EST,43.65390,-73.77736,1089,38.4,,32.6,59.4,25.4,,,,,8.0,12.1,1.5,160,10,8.6,13.2,1.5,156,10,8.0,12.1,1.5,160,10,4,28.76,,0,0,0,34.2,39.4,42.5,0.19,0.21,0.14
CHES,2015-12-21 16:20:00 EST,43.65390,-73.77736,1089,38.3,,33.7,59.3,25.4,,,,,6.1,9.1,1.2,156,12,6.6,9.4,1.2,152,12,6.1,9.1,1.2,156,12,2,28.76,,0,0,0,34.2,39.4,42.5,0.19,0.21,0.14
CHES,2015-12-21 16:25:00 EST,43.65390,-73.77736,1089,38.5,,33.2,59.4,25.5,,,,,7.2,10.4,1.4,158,10,7.9,11.9,1.4,154,10,7.2,10.4,1.4,158,10,1,28.76,,0,0,0,34.2,39.4,42.5,0.19,0.21,0.14
CHES,2015-12-21 16:30:00 EST,43.65390,-73.77736,1089,38.5,,34.1,59.2,25.5,,,,,5.8,9.5,1.4,153,10,6.2,10.3,1.5,148,10,5.8,9.5,1.4,153,10,1,28.76,,0,0,0,34.2,39.4,42.5,0.19,0.21,0.14
CHES,2015-12-21 16:35:00 EST,43.65390,-73.77736,1089,38.5,,34.8,59.3,25.5,,,,,4.9,8.0,1.2,152,14,5.3,9.4,1.3,146,13,4.9,8.0,1.2,152,14,0,28.76,,0,0,0,34.2,39.4,42.5,0.19,0.21,0.14
CHES,2015-12-21 16:40:00 EST,43.65390,-73.77736,1089,38.6,,34.4,59.2,25.6,,,,,5.5,8.9,1.6,153,19,6.1,10.1,1.8,149,19,5.5,8.9,1.6,153,19,0,28.76,,0,0,0,34.2,39.4,42.5,0.19,0.21,0.14
CHES,2015-12-21 16:45:00 EST,43.65390,-73.77736,1089,38.7,,35.8,59.1,25.6,,,,,4.0,9.2,1.1,152,16,4.5,9.4,1.2,146,14,4.0,9.2,1.1,152,16,0,28.77,,0,0,0,34.2,39.4,42.5,0.19,0.21,0.14
CHES,2015-12-21 16:50:00 EST,43.65390,-73.77736,1089,38.9,,34.8,58.9,25.7,,,,,5.4,9.6,1.2,150,15,6.0,11.9,1.6,146,15,5.4,9.6,1.2,150,15,0,28.77,,0,0,0,34.2,39.4,42.5,0.19,0.20,0.14
CHES,2015-12-21 16:55:00 EST,43.65390,-73.77736,1089,38.6,,33.4,59.8,25.9,,,,,7.1,10.0,1.2,145,14,7.7,12.5,1.5,140,14,7.1,10.0,1.2,145,14,0,28.76,,0,0,0,34.2,39.4,42.5,0.19,0.21,0.14
CHES,2015-12-21 17:00:00 EST,43.65390,-73.77736,1089,38.6,,34.4,60.5,26.1,,,,,5.6,9.2,1.2,152,12,6.1,10.1,1.3,147,11,5.6,9.2,1.2,152,12,0,28.77,,0,0,0,34.2,39.4,42.4,0.19,0.21,0.14
CHES,2015-12-21 17:05:00 EST,43.65390,-73.77736,1089,38.4,,33.6,61.3,26.2,,,,,6.3,8.6,1.0,149,10,6.9,9.8,1.2,144,10,6.3,8.6,1.0,149,10,0,28.77,,0,0,0,34.2,39.4,42.5,0.19,0.21,0.14
CHES,2015-12-21 17:10:00 EST,43.65390,-73.77736,1089,38.3,,34.0,61.9,26.4,,,,,5.7,8.2,1.3,138,9,6.1,9.2,1.3,133,8,5.7,8.2,1.3,138,9,0,28.77,,0,0,0,34.2,39.4,42.5,0.19,0.20,0.14
CHES,2015-12-21 17:15:00 EST,43.65390,-73.77736,1089,38.1,,33.7,62.6,26.4,,,,,5.7,8.8,1.5,140,10,6.1,9.2,1.4,135,8,5.7,8.8,1.5,140,10,0,28.77,,0,0,0,34.2,39.4,42.4,0.19,0.21,0.14
CHES,2015-12-21 17:20:00 EST,43.65390,-73.77736,1089,38.0,,32.6,63.4,26.6,,,,,7.1,9.6,1.0,146,11,7.6,10.3,1.2,141,9,7.1,9.6,1.0,146,11,0,28.77,,0,0,0,34.2,39.4,42.4,0.19,0.20,0.14
CHES,2015-12-21 17:25:00 EST,43.65390,-73.77736,1089,38.0,,32.9,64.0,26.9,,,,,6.7,9.4,1.2,150,10,7.0,9.6,1.3,145,10,6.7,9.4,1.2,150,10,0,28.77,,0,0,0,34.2,39.4,42.5,0.19,0.21,0.14
CHES,2015-12-21 17:30:00 EST,43.65390,-73.77736,1089,38.0,,32.6,64.6,27.2,,,,,7.3,10.2,1.2,162,10,7.8,10.7,1.2,157,9,7.3,10.2,1.2,162,10,0,28.78,,0,0,0,34.2,39.4,42.4,0.19,0.20,0.14
CHES,2015-12-21 17:35:00 EST,43.65390,-73.77736,1089,38.2,,32.8,65.1,27.5,,,,,7.1,12.3,1.7,156,11,7.7,14.1,1.8,151,11,7.1,12.3,1.7,156,11,0,28.78,,0,0,0,34.2,39.4,42.4,0.19,0.21,0.14
CHES,2015-12-21 17:40:00 EST,43.65390,-73.77736,1089,38.0,,33.0,65.3,27.4,,,,,6.6,10.7,1.6,148,9,7.0,11.4,1.6,143,8,6.6,10.7,1.6,148,9,0,28.78,,0,0,0,34.2,39.4,42.4,0.19,0.21,0.14
CHES,2015-12-21 17:45:00 EST,43.65390,-73.77736,1089,37.9,,33.0,65.8,27.5,,,,,6.4,8.2,0.9,150,7,6.8,9.8,0.9,145,7,6.4,8.2,0.9,150,7,0,28.78,,0,0,0,34.2,39.4,42.4,0.19,0.20,0.14
CHES,2015-12-21 17:50:00 EST,43.65390,-73.77736,1089,38.0,,33.2,66.1,27.7,,,,,6.2,8.8,0.9,154,12,6.7,9.8,0.9,149,11,6.2,8.8,0.9,154,12,0,28.78,,0,0,0,34.2,39.4,42.4,0.19,0.20,0.14
CHES,2015-12-21 17:55:00 EST,43.65390,-73.77736,1089,38.1,,33.2,65.7,27.6,,,,,6.4,8.5,1.3,138,10,6.6,9.6,1.2,134,9,6.4,8.5,1.3,138,10,0,28.77,,0,0,0,34.2,39.4,42.5,0.19,0.20,0.14
CHES,2015-12-21 18:00:00 EST,43.65390,-73.77736,1089,38.0,,34.3,66.0,27.6,,,,,4.7,6.6,0.8,125,12,5.0,7.4,0.9,121,12,4.7,6.6,0.8,125,12,0,28.77,,0,0,0,34.2,39.4,42.4,0.19,0.20,0.14
CHES,2015-12-21 18:05:00 EST,43.65390,-73.77736,1089,38.0,,34.3,66.2,27.7,,,,,4.8,6.8,1.0,114,11,5.2,8.1,1.1,109,11,4.8,6.8,1.0,114,11,0,28.77,,0,0,0,34.2,39.4,42.4,0.19,0.21,0.14
CHES,2015-12-21 18:10:00 EST,43.65390,-73.77736,1089,38.0,,35.1,66.6,27.9,,,,,4.0,5.6,0.6,117,12,4.3,5.6,0.6,113,12,4.0,5.6,0.6,117,12,0,28.78,,0,0,0,34.2,39.4,42.4,0.19,0.21,0.14
CHES,2015-12-21 18:15:00 EST,43.65390,-73.77736,1089,37.9,,33.7,67.3,28.0,,,,,5.4,6.9,0.7,120,10,5.8,7.4,0.7,116,11,5.4,6.9,0.7,120,10,0,28.78,,0,0,0,34.3,39.4,42.4,0.19,0.21,0.14
CHES,2015-12-21 18:20:00 EST,43.65390,-73.77736,1089,37.9,,33.9,67.7,28.2,,,,,5.2,8.0,1.2,131,11,5.4,8.3,1.2,128,11,5.2,8.0,1.2,131,11,0,28.78,,0,0,0,34.3,39.4,42.4,0.19,0.20,0.14
CHES,2015-12-21 18:25:00 EST,43.65390,-73.77736,1089,37.9,,33.7,68.2,28.3,,,,,5.4,8.5,0.8,120,10,5.7,8.7,1.0,115,10,5.4,8.5,0.8,120,10,0,28.78,,0,0,0,34.3,39.4,42.4,0.19,0.20,0.14
CHES,2015-12-21 18:30:00 EST,43.65390,-73.77736,1089,38.0,,33.1,68.0,28.4,,,,,6.3,8.8,0.8,121,10,6.7,9.8,1.0,117,9,6.3,8.8,0.8,121,10,0,28.77,,0,0,0,34.3,39.4,42.4,0.19,0.21,0.14
CHES,2015-12-21 18:35:00 EST,43.65390,-73.77736,1089,38.0,,33.2,68.0,28.3,,,,,6.1,8.2,1.0,114,12,6.6,8.7,1.0,111,10,6.1,8.2,1.0,114,12,0,28.77,,0,0,0,34.3,39.4,42.4,0.19,0.20,0.14
CHES,2015-12-21 18:40:00 EST,43.65390,-73.77736,1089,38.1,,33.3,68.1,28.5,,,,,6.4,9.9,1.6,116,11,6.8,11.0,1.6,111,11,6.4,9.9,1.6,116,11,0,28.77,,0,0,0,34.3,39.4,42.4,0.19,0.21,0.14
CHES,2015-12-21 18:45:00 EST,43.65390,-73.77736,1089,38.3,,33.7,68.0,28.7,,,,,6.1,9.5,1.4,116,15,6.6,9.8,1.5,111,13,6.1,9.5,1.4,116,15,0,28.78,,0,0,0,34.3,39.4,42.4,0.19,0.20,0.14
CHES,2015-12-21 18:50:00 EST,43.65390,-73.77736,1089,38.2,,33.8,68.4,28.8,,,,,5.8,8.7,1.1,112,14,6.1,9.4,1.2,107,12,5.8,8.7,1.1,112,14,0,28.77,,0,0,0,34.3,39.4,42.4,0.19,0.21,0.14
CHES,2015-12-21 18:55:00 EST,43.65390,-73.77736,1089,38.5,,34.5,68.1,28.9,,,,,5.2,7.7,1.1,119,11,5.6,8.5,1.2,113,11,5.2,7.7,1.1,119,11,0,28.78,,0,0,0,34.3,39.4,42.4,0.19,0.20,0.14
CHES,2015-12-21 19:00:00 EST,43.65390,-73.77736,1089,38.6,,34.2,68.0,28.9,,,,,5.8,7.9,1.1,108,12,6.3,8.7,1.2,105,11,5.8,7.9,1.1,108,12,0,28.79,,0,0,0,34.3,39.4,42.4,0.19,0.21,0.14
CHES,2015-12-21 19:05:00 EST,43.65390,-73.77736,1089,38.8,,35.0,67.5,29.0,,,,,5.1,6.7,1.1,104,10,5.6,7.4,1.2,99,8,5.1,6.7,1.1,104,10,0,28.79,,0,0,0,34.3,39.4,42.4,0.19,0.21,0.14
CHES,2015-12-21 19:10:00 EST,43.65390,-73.77736,1089,38.7,,35.0,67.7,28.9,,,,,5.0,6.5,0.8,97,11,5.4,6.9,0.9,94,10,5.0,6.5,0.8,97,11,0,28.79,,0,0,0,34.3,39.4,42.4,0.19,0.21,0.14
CHES,2015-12-21 19:15:00 EST,43.65390,-73.77736,1089,38.6,,34.8,68.1,29.0,,,,,5.0,6.9,0.9,111,11,5.4,7.6,1.0,106,10,5.0,6.9,0.9,111,11,0,28.79,,0,0,0,34.3,39.4,42.4,0.19,0.20,0.14
CHES,2015-12-21 19:20:00 EST,43.65390,-73.77736,1089,38.7,,34.6,68.2,29.1,,,,,5.4,6.9,0.9,113,9,5.8,7.6,1.0,108,8,5.4,6.9,0.9,113,9,0,28.79,,0,0,0,34.3,39.4,42.4,0.19,0.20,0.14
CHES,2015-12-21 19:25:00 EST,43.65390,-73.77736,1089,38.7,,35.3,68.2,29.2,,,,,4.7,6.6,0.7,128,16,4.9,7.2,0.8,123,15,4.7,6.6,0.7,128,16,0,28.79,,0,0,0,34.3,39.4,42.4,0.19,0.21,0.14
CHES,2015-12-21 19:30:00 EST,43.65390,-73.77736,1089,38.5,,35.4,68.5,29.1,,,,,4.3,7.3,1.1,143,15,4.5,7.8,1.3,139,14,4.3,7.3,1.1,143,15,0,28.80,,0,0,0,34.3,39.3,42.4,0.19,0.21,0.14
CHES,2015-12-21 19:35:00 EST,43.65390,-73.77736,1089,38.7,,34.1,68.8,29.3,,,,,6.1,8.0,0.8,153,15,6.5,9.2,0.9,148,15,6.1,8.0,0.8,153,15,0,28.80,,0,0,0,34.3,39.4,42.4,0.19,0.20,0.14
CHES,2015-12-21 19:40:00 EST,43.65390,-73.77736,1089,38.4,,34.0,69.2,29.2,,,,,5.8,6.8,0.5,160,10,6.2,7.4,0.5,155,11,5.8,6.8,0.5,160,10,0,28.79,,0,0,0,34.3,39.4,42.4,0.19,0.20,0.14
CHES,2015-12-21 19:45:00 EST,43.65390,-73.77736,1089,38.5,,34.2,70.3,29.7,,,,,5.7,7.2,0.5,159,7,6.0,7.6,0.6,154,7,5.7,7.2,0.5,159,7,0,28.79,,0,0,0,34.3,39.3,42.4,0.19,0.21,0.14
CHES,2015-12-21 19:50:00 EST,43.65390,-73.77736,1089,39.0,,35.1,69.8,30.0,,,,,5.3,6.9,0.8,155,10,5.6,8.1,0.9,150,10,5.3,6.9,0.8,155,10,0,28.78,,0,0,0,34.3,39.3,42.4,0.19,0.20,0.14
CHES,2015-12-21 19:55:00 EST,43.65390,-73.77736,1089,39.1,,34.6,68.1,29.5,,,,,6.2,7.7,0.7,146,7,6.6,8.5,0.9,140,6,6.2,7.7,0.7,146,7,0,28.77,,0,0,0,34.3,39.3,42.4,0.19,0.21,0.14
CHES,2015-12-21 20:00:00 EST,43.65390,-73.77736,1089,39.2,,35.1,67.8,29.5,,,,,5.7,7.5,0.6,147,8,6.0,8.1,0.7,141,7,5.7,7.5,0.6,147,8,0,28.78,,0,0,0,34.3,39.3,42.4,0.19,0.21,0.14
CHES,2015-12-21 20:05:00 EST,43.65390,-73.77736,1089,39.0,,35.5,67.8,29.3,,,,,4.7,6.8,1.0,143,8,5.0,7.2,1.1,138,7,4.7,6.8,1.0,143,8,0,28.78,,0,0,0,34.3,39.3,42.4,0.19,0.21,0.14
CHES,2015-12-21 20:10:00 EST,43.65390,-73.77736,1089,39.4,,37.7,67.4,29.6,,,,,3.0,4.5,0.7,133,13,3.1,4.9,0.8,129,12,3.0,4.5,0.7,133,13,0,28.79,,0,0,0,34.3,39.3,42.4,0.19,0.20,0.14
CHES,2015-12-21 20:15:00 EST,43.65390,-73.77736,1089,39.2,,39.2,67.5,29.3,,,,,2.0,3.3,0.9,117,17,2.3,4.0,0.8,110,25,2.0,3.3,0.9,117,17,0,28.78,,0,0,0,34.4,39.3,42.4,0.19,0.21,0.14
CHES,2015-12-21 20:20:00 EST,43.65390,-73.77736,1089,38.7,,38.7,68.1,29.1,,,,,2.6,4.5,1.0,135,32,2.7,4.7,0.9,130,34,2.6,4.5,1.0,135,32,0,28.79,,0,0,0,34.4,39.3,42.4,0.19,0.21,0.14
CHES,2015-12-21 20:25:00 EST,43.65390,-73.77736,1089,38.8,,38.8,68.8,29.5,,,,,2.4,4.8,0.9,118,16,2.6,5.4,1.1,114,17,2.4,4.8,0.9,118,16,0,28.78,,0,0,0,34.4,39.2,42.4,0.19,0.20,0.14
CHES,2015-12-21 20:30:00 EST,43.65390,-73.77736,1089,38.1,,34.6,70.4,29.3,,,,,4.6,6.1,0.7,113,9,5.0,6.7,0.8,109,9,4.6,6.1,0.7,113,9,0,28.78,,0,0,0,34.4,39.3,42.4,0.19,0.21,0.14
CHES,2015-12-21 20:35:00 EST,43.65390,-73.77736,1089,38.4,,35.0,70.4,29.6,,,,,4.5,6.1,0.8,121,10,4.8,6.3,0.8,117,10,4.5,6.1,0.8,121,10,0,28.78,,0,0,0,34.4,39.2,42.4,0.19,0.21,0.14
CHES,2015-12-21 20:40:00 EST,43.65390,-73.77736,1089,38.3,,34.5,70.5,29.5,,,,,5.0,7.2,1.1,123,10,5.3,7.6,1.2,119,11,5.0,7.2,1.1,123,10,0,28.78,,0,0,0,34.4,39.2,42.4,0.19,0.20,0.14
CHES,2015-12-21 20:45:00 EST,43.65390,-73.77736,1089,38.0,,34.7,70.9,29.4,,,,,4.4,6.5,0.9,137,14,4.8,6.5,1.0,133,14,4.4,6.5,0.9,137,14,0,28.79,,0,0,0,34.4,39.2,42.4,0.19,0.21,0.14
CHES,2015-12-21 20:50:00 EST,43.65390,-73.77736,1089,37.3,,33.6,72.7,29.4,,,,,4.7,7.3,1.3,148,17,5.2,8.1,1.4,145,18,4.7,7.3,1.3,148,17,0,28.78,,0,0,0,34.4,39.2,42.4,0.19,0.21,0.14
CHES,2015-12-21 20:55:00 EST,43.65390,-73.77736,1089,37.2,,33.6,73.3,29.4,,,,,4.4,6.4,0.7,154,10,4.8,6.3,0.8,150,10,4.4,6.4,0.7,154,10,0,28.78,,0,0,0,34.4,39.2,42.4,0.19,0.21,0.14
CHES,2015-12-21 21:00:00 EST,43.65390,-73.77736,1089,37.7,,33.9,74.3,30.2,,,,,4.9,6.8,0.9,150,8,5.2,7.4,0.9,145,8,4.9,6.8,0.9,150,8,0,28.78,,0,0,0,34.4,39.2,42.4,0.19,0.20,0.14
CHES,2015-12-21 21:05:00 EST,43.65390,-73.77736,1089,38.4,,34.0,71.6,30.0,,,,,5.8,7.4,0.9,143,9,6.2,8.3,1.0,138,8,5.8,7.4,0.9,143,9,0,28.78,,0,0,0,34.4,39.2,42.4,0.19,0.21,0.14
CHES,2015-12-21 21:10:00 EST,43.65390,-73.77736,1089,38.5,,33.3,70.8,29.9,,,,,7.0,9.5,1.3,135,9,7.5,11.2,1.3,131,7,7.0,9.5,1.3,135,9,0,28.78,,0,0,0,34.5,39.2,42.4,0.19,0.21,0.14
CHES,2015-12-21 21:15:00 EST,43.65390,-73.77736,1089,38.6,,33.7,70.3,29.7,,,,,6.6,8.5,0.8,143,6,7.0,9.4,0.9,138,5,6.6,8.5,0.8,143,6,0,28.78,,0,0,0,34.5,39.2,42.4,0.19,0.20,0.14
CHES,2015-12-21 21:20:00 EST,43.65390,-73.77736,1089,37.8,,32.9,70.9,29.2,,,,,6.3,8.7,0.8,144,6,6.7,9.6,0.9,139,5,6.3,8.7,0.8,144,6,0,28.77,,0,0,0,34.5,39.2,42.4,0.19,0.21,0.14
CHES,2015-12-21 21:25:00 EST,43.65390,-73.77736,1089,37.3,,33.2,72.5,29.3,,,,,5.2,8.0,1.3,163,22,5.5,8.1,1.2,159,23,5.2,8.0,1.3,163,22,0,28.78,,0,0,0,34.5,39.2,42.4,0.19,0.21,0.14
CHES,2015-12-21 21:30:00 EST,43.65390,-73.77736,1089,38.0,,33.8,73.0,30.1,,,,,5.4,7.2,0.8,170,11,5.9,7.8,0.9,166,12,5.4,7.2,0.8,170,11,0,28.78,,0,0,0,34.5,39.2,42.4,0.19,0.21,0.14
CHES,2015-12-21 21:35:00 EST,43.65390,-73.77736,1089,38.2,,34.0,72.9,30.3,,,,,5.5,6.9,0.6,177,10,6.0,7.6,0.8,172,10,5.5,6.9,0.6,177,10,0,28.78,,0,0,0,34.5,39.2,42.4,0.19,0.21,0.14
CHES,2015-12-21 21:40:00 EST,43.65390,-73.77736,1089,38.5,,33.7,72.0,30.3,,,,,6.5,8.4,0.8,185,8,6.9,10.1,0.8,181,7,6.5,8.4,0.8,185,8,0,28.78,,0,0,0,34.5,39.2,42.4,0.19,0.20,0.14
CHES,2015-12-21 21:45:00 EST,43.65390,-73.77736,1089,37.9,,31.7,73.2,30.1,,,,,8.7,11.5,1.1,192,5,9.4,12.5,1.3,189,5,8.7,11.5,1.1,192,5,0,28.78,,0,0,0,34.5,39.2,42.4,0.19,0.20,0.14
CHES,2015-12-21 21:50:00 EST,43.65390,-73.77736,1089,40.3,,35.0,69.5,31.1,,,,,8.0,11.0,1.3,201,6,8.6,12.5,1.3,196,5,8.0,11.0,1.3,201,6,0,28.78,,0,0,0,34.5,39.2,42.4,0.19,0.21,0.14
CHES,2015-12-21 21:55:00 EST,43.65390,-73.77736,1089,40.4,,34.7,67.5,30.4,,,,,8.7,10.7,0.7,195,5,9.3,12.5,0.9,191,4,8.7,10.7,0.7,195,5,0,28.78,,0,0,0,34.5,39.2,42.4,0.19,0.20,0.14
CHES,2015-12-21 22:00:00 EST,43.65390,-73.77736,1089,40.3,,34.9,68.2,30.6,,,,,8.1,11.3,1.0,195,9,8.6,12.3,1.2,191,7,8.1,11.3,1.0,195,9,0,28.78,,0,0,0,34.5,39.2,42.4,0.19,0.21,0.14
CHES,2015-12-21 22:05:00 EST,43.65390,-73.77736,1089,40.5,,35.4,67.8,30.7,,,,,7.7,9.8,0.9,190,8,8.2,11.0,1.0,186,7,7.7,9.8,0.9,190,8,0,28.78,,0,0,0,34.5,39.2,42.4,0.19,0.20,0.14
CHES,2015-12-21 22:10:00 EST,43.65390,-73.77736,1089,40.5,,35.6,68.4,30.9,,,,,7.2,10.7,1.0,182,9,7.8,11.0,1.1,177,8,7.2,10.7,1.0,182,9,0,28.78,,0,0,0,34.5,39.2,42.4,0.19,0.21,0.14
CHES,2015-12-21 22:15:00 EST,43.65390,-73.77736,1089,40.2,,36.1,68.7,30.8,,,,,5.9,8.9,1.1,172,13,6.4,9.4,1.2,167,14,5.9,8.9,1.1,172,13,0,28.78,,0,0,0,34.5,39.2,42.4,0.19,0.20,0.14
CHES,2015-12-21 22:20:00 EST,43.65390,-73.77736,1089,38.6,,34.7,70.4,29.8,,,,,5.2,6.8,0.6,136,8,5.5,6.7,0.7,131,7,5.2,6.8,0.6,136,8,0,28.78,,0,0,0,34.5,39.2,42.4,0.19,0.21,0.14
CHES,2015-12-21 22:25:00 EST,43.65390,-73.77736,1089,38.3,,34.6,72.3,30.2,,,,,4.8,7.2,0.9,122,12,5.2,7.8,1.0,118,12,4.8,7.2,0.9,122,12,0,28.79,,0,0,0,34.5,39.2,42.4,0.19,0.20,0.14
CHES,2015-12-21 22:30:00 EST,43.65390,-73.77736,1089,38.1,,34.3,73.0,30.2,,,,,4.9,6.7,1.0,123,11,5.2,7.4,1.0,120,11,4.9,6.7,1.0,123,11,0,28.79,,0,0,0,34.5,39.2,42.4,0.19,0.21,0.14
CHES,2015-12-21 22:35:00 EST,43.65390,-73.77736,1089,37.4,,33.6,73.6,29.7,,,,,4.7,6.6,1.0,134,10,5.1,7.2,1.0,130,9,4.7,6.6,1.0,134,10,0,28.79,,0,0,0,34.5,39.2,42.4,0.19,0.21,0.14
CHES,2015-12-21 22:40:00 EST,43.65390,-73.77736,1089,36.8,,32.5,76.2,30.0,,,,,5.3,6.9,0.6,148,9,5.7,8.1,0.7,143,9,5.3,6.9,0.6,148,9,0,28.79,,0,0,0,34.5,39.2,42.4,0.19,0.21,0.14
CHES,2015-12-21 22:45:00 EST,43.65390,-73.77736,1089,37.3,,33.0,75.8,30.4,,,,,5.5,6.6,0.5,149,8,5.8,7.2,0.6,143,8,5.5,6.6,0.5,149,8,0,28.79,,0,0,0,34.5,39.2,42.4,0.19,0.21,0.14
CHES,2015-12-21 22:50:00 EST,43.65390,-73.77736,1089,37.9,,32.5,75.1,30.7,,,,,7.1,8.4,0.7,154,5,7.4,8.9,0.7,148,5,7.1,8.4,0.7,154,5,0,28.79,,0,0,0,34.5,39.2,42.4,0.19,0.20,0.14
CHES,2015-12-21 22:55:00 EST,43.65390,-73.77736,1089,38.2,,33.2,74.0,30.6,,,,,6.5,7.7,0.6,155,6,6.8,8.5,0.7,150,6,6.5,7.7,0.6,155,6,0,28.80,,0,0,0,34.5,39.2,42.4,0.19,0.21,0.14
CHES,2015-12-21 23:00:00 EST,43.65390,-73.77736,1089,38.0,,32.6,73.9,30.5,,,,,7.3,8.9,0.8,155,6,7.5,9.2,0.8,149,6,7.3,8.9,0.8,155,6,0,28.80,,0,0,0,34.5,39.2,42.4,0.19,0.21,0.14
CHES,2015-12-21 23:05:00 EST,43.65390,-73.77736,1089,38.1,,32.1,74.9,30.9,,,,,8.4,10.7,0.8,157,5,8.9,11.4,0.9,151,6,8.4,10.7,0.8,157,5,0,28.80,,0,0,0,34.5,39.2,42.4,0.19,0.21,0.14
CHES,2015-12-21 23:10:00 EST,43.65390,-73.77736,1089,38.6,,33.3,74.3,31.1,,,,,7.2,10.1,0.9,152,6,7.6,10.5,1.0,147,7,7.2,10.1,0.9,152,6,0,28.81,,0,0,0,34.5,39.2,42.4,0.19,0.21,0.14
CHES,2015-12-21 23:15:00 EST,43.65390,-73.77736,1089,38.4,,33.0,73.5,30.7,,,,,7.4,9.3,0.7,141,7,7.9,9.8,0.8,136,5,7.4,9.3,0.7,141,7,0,28.80,,0,0,0,34.6,39.2,42.4,0.19,0.20,0.14
CHES,2015-12-21 23:20:00 EST,43.65390,-73.77736,1089,38.0,,32.8,74.0,30.5,,,,,7.0,8.8,0.8,140,7,7.4,9.4,0.9,135,5,7.0,8.8,0.8,140,7,0,28.80,,0,0,0,34.6,39.2,42.4,0.19,0.20,0.14
CHES,2015-12-21 23:25:00 EST,43.65390,-73.77736,1089,37.1,,33.3,75.6,30.1,,,,,4.8,6.4,0.7,132,8,5.2,7.6,0.9,129,7,4.8,6.4,0.7,132,8,0,28.79,,0,0,0,34.6,39.2,42.4,0.19,0.21,0.14
CHES,2015-12-21 23:30:00 EST,43.65390,-73.77736,1089,36.9,,32.4,76.4,30.1,,,,,5.5,7.5,0.8,139,12,5.9,7.8,0.7,135,10,5.5,7.5,0.8,139,12,0,28.79,,0,0,0,34.6,39.2,42.4,0.19,0.20,0.14
CHES,2015-12-21 23:35:00 EST,43.65390,-73.77736,1089,37.0,,32.5,77.7,30.7,,,,,5.6,7.2,0.6,147,6,5.9,7.4,0.7,141,6,5.6,7.2,0.6,147,6,0,28.79,,0,0,0,34.7,39.2,42.4,0.19,0.20,0.14
CHES,2015-12-21 23:40:00 EST,43.65390,-73.77736,1089,37.7,,32.6,76.9,31.1,,,,,6.8,8.4,0.9,153,6,7.1,8.7,0.9,147,6,6.8,8.4,0.9,153,6,0,28.79,,0,0,0,34.7,39.2,42.4,0.19,0.21,0.14
CHES,2015-12-21 23:45:00 EST,43.65390,-73.77736,1089,37.7,,32.7,76.4,30.9,,,,,6.4,8.5,0.7,143,7,6.7,9.4,0.7,139,7,6.4,8.5,0.7,143,7,0,28.79,,0,0,0,34.7,39.2,42.4,0.19,0.21,0.14
CHES,2015-12-21 23:50:00 EST,43.65390,-73.77736,1089,37.8,,33.2,76.1,31.0,,,,,5.9,8.1,1.0,134,7,6.3,8.5,1.0,130,5,5.9,8.1,1.0,134,7,0,28.78,,0,0,0,34.7,39.2,42.4,0.19,0.21,0.14
CHES,2015-12-21 23:55:00 EST,43.65390,-73.77736,1089,37.5,,34.2,76.7,30.8,,,,,4.3,5.8,0.5,146,8,4.5,5.8,0.6,140,7,4.3,5.8,0.5,146,8,0,28.78,,0,0,0,34.7,39.2,42.4,0.19,0.21,0.14
COLD,2015-12-21 00:00:00 EST,43.26127,-74.97878,1422,22.0,26.4,17.5,74.3,15.0,0.000,0.003,0.00,0.000,3.3,5.8,1.5,107,21,4.2,6.9,1.5,103,16,3.3,5.8,1.5,107,21,0,28.70,,0,0,0,35.7,38.4,40.5,0.20,0.15,0.16
COLD,2015-12-21 00:05:00 EST,43.26127,-74.97878,1422,23.0,26.7,23.0,74.5,16.1,0.000,0.000,0.00,0.000,1.7,4.6,1.0,121,26,2.5,5.6,1.0,112,24,1.7,4.6,1.0,121,26,0,28.69,,0,0,0,35.7,38.4,40.6,0.20,0.15,0.16
COLD,2015-12-21 00:10:00 EST,43.26127,-74.97878,1422,23.2,27.0,23.2,72.4,15.6,0.000,0.000,0.00,0.000,2.3,3.7,0.7,111,23,3.1,4.5,0.8,107,18,2.3,3.7,0.7,111,23,0,28.69,,0,0,0,35.7,38.4,40.6,0.20,0.15,0.16
COLD,2015-12-21 00:15:00 EST,43.26127,-74.97878,1422,23.6,26.6,19.5,72.5,16.0,0.000,0.000,0.00,0.000,3.2,4.7,0.6,101,8,4.0,6.0,0.8,99,6,3.2,4.7,0.6,101,8,0,28.69,,0,0,0,35.6,38.4,40.6,0.20,0.15,0.16
COLD,2015-12-21 00:20:00 EST,43.26127,-74.97878,1422,24.3,26.5,19.9,70.4,16.1,0.000,0.000,0.00,0.000,3.5,5.4,0.9,116,17,4.2,6.5,1.1,111,16,3.5,5.4,0.9,116,17,0,28.69,,0,0,0,35.6,38.4,40.5,0.20,0.15,0.16
COLD,2015-12-21 00:25:00 EST,43.26127,-74.97878,1422,24.2,26.6,24.2,70.2,15.8,0.000,0.000,0.00,0.000,2.7,4.8,0.7,133,19,3.4,6.7,1.1,128,18,2.7,4.8,0.7,133,19,0,28.69,,0,0,0,35.7,38.4,40.6,0.20,0.15,0.16
COLD,2015-12-21 00:30:00 EST,43.26127,-74.97878,1422,25.0,28.0,25.0,69.3,16.3,0.000,0.000,0.00,0.000,2.9,8.0,1.4,158,26,3.5,9.6,1.5,150,23,2.9,8.0,1.4,158,26,0,28.69,,0,0,0,35.6,38.4,40.5,0.20,0.15,0.16
COLD,2015-12-21 00:35:00 EST,43.26127,-74.97878,1422,24.7,28.2,19.8,67.4,15.4,0.000,0.000,0.00,0.000,3.9,7.3,1.4,167,17,4.5,9.6,1.7,159,15,3.9,7.3,1.4,167,17,0,28.69,,0,0,0,35.6,38.4,40.5,0.20,0.15,0.16
COLD,2015-12-21 00:40:00 EST,43.26127,-74.97878,1422,24.8,28.1,20.3,67.4,15.6,0.000,0.000,0.00,0.000,3.6,6.6,1.2,168,20,4.3,7.6,1.3,161,18,3.6,6.6,1.2,168,20,0,28.69,,0,0,0,35.6,38.4,40.5,0.20,0.15,0.16
COLD,2015-12-21 00:45:00 EST,43.26127,-74.97878,1422,24.2,28.1,24.2,65.8,14.4,0.000,0.000,0.00,0.000,2.9,6.3,1.1,139,29,3.7,7.8,1.3,132,27,2.9,6.3,1.1,139,29,0,28.69,,0,0,0,35.6,38.4,40.5,0.20,0.15,0.16
COLD,2015-12-21 00:50:00 EST,43.26127,-74.97878,1422,23.4,27.3,18.5,69.7,14.9,0.000,0.000,0.00,0.000,3.7,5.8,1.1,117,23,4.5,7.8,1.4,112,20,3.7,5.8,1.1,117,23,0,28.68,,0,0,0,35.6,38.4,40.5,0.20,0.15,0.16
COLD,2015-12-21 00:55:00 EST,43.26127,-74.97878,1422,23.5,26.7,18.6,70.8,15.5,0.000,0.000,0.00,0.000,3.8,5.8,1.0,109,14,4.6,6.7,1.1,104,11,3.8,5.8,1.0,109,14,0,28.69,,0,0,0,35.6,38.3,40.5,0.20,0.15,0.16
COLD,2015-12-21 01:00:00 EST,43.26127,-74.97878,1422,23.4,26.1,18.1,72.1,15.7,0.000,0.000,0.00,0.000,4.0,5.9,0.9,106,9,4.9,7.2,1.1,102,6,4.0,5.9,0.9,106,9,0,28.69,,0,0,0,35.6,38.4,40.5,0.20,0.15,0.16
COLD,2015-12-21 01:05:00 EST,43.26127,-74.97878,1422,23.7,26.2,18.9,72.2,16.1,0.000,0.000,0.00,0.000,3.7,5.9,0.8,118,18,4.5,7.2,1.0,113,17,3.7,5.9,0.8,118,18,0,28.68,,0,0,0,35.6,38.3,40.5,0.20,0.15,0.16
COLD,2015-12-21 01:10:00 EST,43.26127,-74.97878,1422,23.5,26.4,19.3,71.4,15.6,0.000,0.000,0.00,0.000,3.2,5.3,0.9,120,25,4.1,7.6,1.1,115,20,3.2,5.3,0.9,120,25,0,28.68,,0,0,0,35.6,38.4,40.5,0.20,0.15,0.16
COLD,2015-12-21 01:15:00 EST,43.26127,-74.97878,1422,23.5,26.7,23.5,71.7,15.7,0.000,0.000,0.00,0.000,2.9,5.0,1.0,146,23,3.5,6.7,1.3,140,24,2.9,5.0,1.0,146,23,0,28.68,,0,0,0,35.6,38.3,40.5,0.20,0.15,0.16
COLD,2015-12-21 01:20:00 EST,43.26127,-74.97878,1422,25.2,28.0,19.9,66.4,15.6,0.000,0.000,0.00,0.000,4.3,8.6,1.8,166,18,5.0,9.8,2.0,159,15,4.3,8.6,1.8,166,18,0,28.68,,0,0,0,35.6,38.3,40.5,0.20,0.15,0.16
COLD,2015-12-21 01:25:00 EST,43.26127,-74.97878,1422,26.6,29.0,20.4,61.2,15.0,0.000,0.000,0.00,0.000,5.4,9.5,1.7,171,17,6.1,11.4,2.0,165,15,5.4,9.5,1.7,171,17,0,28.68,,0,0,0,35.6,38.4,40.5,0.20,0.15,0.16
COLD,2015-12-21 01:30:00 EST,43.26127,-74.97878,1422,28.1,29.8,20.8,57.6,15.0,0.000,0.000,0.00,0.000,6.9,10.6,1.5,172,13,7.4,10.5,1.6,168,10,6.9,10.6,1.5,172,13,0,28.68,,0,0,0,35.6,38.3,40.5,0.20,0.15,0.16
COLD,2015-12-21 01:35:00 EST,43.26127,-74.97878,1422,29.1,30.1,22.3,54.9,14.9,0.000,0.000,0.00,0.000,6.6,10.6,2.2,171,16,7.6,12.8,2.2,167,13,6.6,10.6,2.2,171,16,0,28.68,,0,0,0,35.6,38.3,40.5,0.20,0.15,0.16
COLD,2015-12-21 01:40:00 EST,43.26127,-74.97878,1422,29.2,30.2,22.9,54.3,14.7,0.000,0.000,0.00,0.000,6.0,10.9,1.7,178,13,6.5,12.3,1.8,172,12,6.0,10.9,1.7,178,13,0,28.68,,0,0,0,35.6,38.3,40.5,0.20,0.15,0.16
COLD,2015-12-21 01:45:00 EST,43.26127,-74.97878,1422,29.5,30.4,22.6,53.5,14.6,0.000,0.000,0.00,0.000,6.9,10.7,1.7,176,13,7.4,12.1,2.0,171,12,6.9,10.7,1.7,176,13,0,28.67,,0,0,0,35.5,38.3,40.5,0.20,0.15,0.16
COLD,2015-12-21 01:50:00 EST,43.26127,-74.97878,1422,29.7,30.6,22.9,53.1,14.7,0.000,0.000,0.00,0.000,6.9,9.7,1.2,174,13,7.6,11.9,1.5,170,11,6.9,9.7,1.2,174,13,0,28.67,,0,0,0,35.5,38.3,40.5,0.20,0.15,0.16
COLD,2015-12-21 01:55:00 EST,43.26127,-74.97878,1422,29.6,30.5,23.2,53.8,14.9,0.000,0.000,0.00,0.000,6.3,9.2,1.5,171,12,6.9,10.5,1.5,167,11,6.3,9.2,1.5,171,12,0,28.67,,0,0,0,35.5,38.3,40.5,0.20,0.15,0.16
COLD,2015-12-21 02:00:00 EST,43.26127,-74.97878,1422,29.4,30.5,22.8,54.3,14.9,0.000,0.000,0.00,0.000,6.5,9.9,1.5,173,11,7.2,10.7,1.3,168,10,6.5,9.9,1.5,173,11,0,28.67,,0,0,0,35.5,38.3,40.5,0.20,0.15,0.16
COLD,2015-12-21 02:05:00 EST,43.26127,-74.97878,1422,29.7,30.6,22.7,54.6,15.3,0.000,0.000,0.00,0.000,6.9,11.4,1.9,176,12,7.7,11.2,1.9,172,10,6.9,11.4,1.9,176,12,0,28.66,,0,0,0,35.5,38.3,40.5,0.20,0.15,0.16
COLD,2015-12-21 02:10:00 EST,43.26127,-74.97878,1422,29.9,30.7,22.5,54.5,15.5,0.000,0.000,0.00,0.000,7.7,11.0,1.2,177,12,8.4,11.9,1.2,172,10,7.7,11.0,1.2,177,12,0,28.66,,0,0,0,35.5,38.3,40.5,0.20,0.15,0.16
COLD,2015-12-21 02:15:00 EST,43.26127,-74.97878,1422,30.0,30.7,22.6,53.9,15.3,0.000,0.000,0.00,0.000,7.8,11.2,1.5,173,13,8.5,12.3,1.6,168,11,7.8,11.2,1.5,173,13,0,28.65,,0,0,0,35.5,38.3,40.5,0.20,0.15,0.16
COLD,2015-12-21 02:20:00 EST,43.26127,-74.97878,1422,30.3,30.9,22.8,53.7,15.5,0.000,0.000,0.00,0.000,8.0,11.3,1.6,175,9,8.9,13.2,1.7,172,8,8.0,11.3,1.6,175,9,0,28.65,,0,0,0,35.5,38.3,40.5,0.20,0.15,0.16
COLD,2015-12-21 02:25:00 EST,43.26127,-74.97878,1422,30.2,30.9,23.3,53.9,15.5,0.000,0.000,0.00,0.000,7.0,11.2,1.5,181,11,7.8,12.5,1.7,176,10,7.0,11.2,1.5,181,11,0,28.66,,0,0,0,35.4,38.3,40.4,0.20,0.15,0.16
COLD,2015-12-21 02:30:00 EST,43.26127,-74.97878,1422,30.5,31.1,22.5,53.3,15.5,0.000,0.000,0.00,0.000,8.7,12.0,1.5,176,12,9.5,13.2,1.7,173,10,8.7,12.0,1.5,176,12,0,28.66,,0,0,0,35.5,38.3,40.5,0.20,0.15,0.16
COLD,2015-12-21 02:35:00 EST,43.26127,-74.97878,1422,30.3,31.0,22.7,53.7,15.6,0.000,0.000,0.00,0.000,8.2,11.9,1.7,180,12,8.9,13.2,1.8,176,11,8.2,11.9,1.7,180,12,0,28.65,,0,0,0,35.5,38.3,40.5,0.20,0.15,0.16
COLD,2015-12-21 02:40:00 EST,43.26127,-74.97878,1422,31.2,31.5,22.2,52.2,15.7,0.000,0.000,0.00,0.000,11.1,17.8,2.0,185,11,11.9,18.8,2.3,181,9,11.1,17.8,2.0,185,11,0,28.65,,0,0,0,35.4,38.3,40.5,0.20,0.15,0.16
COLD,2015-12-21 02:45:00 EST,43.26127,-74.97878,1422,31.1,31.5,23.1,52.2,15.6,0.000,0.000,0.00,0.000,9.0,12.6,1.7,190,13,9.7,13.9,2.0,186,11,9.0,12.6,1.7,190,13,0,28.65,,0,0,0,35.5,38.3,40.5,0.20,0.15,0.16
COLD,2015-12-21 02:50:00 EST,43.26127,-74.97878,1422,31.3,31.8,22.8,52.3,15.9,0.000,0.000,0.00,0.000,10.2,14.3,1.6,187,11,10.8,15.2,1.9,183,10,10.2,14.3,1.6,187,11,0,28.65,,0,0,0,35.5,38.3,40.5,0.20,0.15,0.16
COLD,2015-12-21 02:55:00 EST,43.26127,-74.97878,1422,31.2,31.8,23.4,51.9,15.6,0.000,0.000,0.00,0.000,8.8,12.8,1.6,181,12,9.3,13.6,1.6,177,12,8.8,12.8,1.6,181,12,0,28.65,,0,0,0,35.4,38.3,40.5,0.20,0.15,0.16
COLD,2015-12-21 03:00:00 EST,43.26127,-74.97878,1422,30.6,31.5,25.0,53.1,15.5,0.000,0.000,0.00,0.000,5.5,9.7,2.0,169,16,6.1,10.7,1.9,163,15,5.5,9.7,2.0,169,16,0,28.65,,0,0,0,35.4,38.3,40.5,0.20,0.15,0.16
COLD,2015-12-21 03:05:00 EST,43.26127,-74.97878,1422,25.7,28.2,20.5,60.9,14.1,0.000,0.000,0.00,0.000,4.2,8.0,1.6,114,20,5.1,9.4,1.8,109,15,4.2,8.0,1.6,114,20,0,28.65,,0,0,0,35.5,38.3,40.5,0.20,0.15,0.16
COLD,2015-12-21 03:10:00 EST,43.26127,-74.97878,1422,24.8,27.5,21.2,66.5,15.2,0.000,0.000,0.00,0.000,3.0,4.8,0.7,130,21,3.6,6.0,0.9,125,20,3.0,4.8,0.7,130,21,0,28.65,,0,0,0,35.4,38.3,40.5,0.20,0.15,0.16
COLD,2015-12-21 03:15:00 EST,43.26127,-74.97878,1422,25.6,28.9,18.6,66.3,15.9,0.000,0.000,0.00,0.000,5.9,11.7,1.9,171,15,6.6,12.8,2.0,165,16,5.9,11.7,1.9,171,15,0,28.65,,0,0,0,35.5,38.3,40.5,0.20,0.15,0.16
COLD,2015-12-21 03:20:00 EST,43.26127,-74.97878,1422,27.2,30.2,20.0,62.7,16.2,0.000,0.000,0.00,0.000,6.7,11.8,2.1,176,10,7.5,13.4,2.0,170,9,6.7,11.8,2.1,176,10,0,28.64,,0,0,0,35.4,38.3,40.5,0.20,0.15,0.16
COLD,2015-12-21 03:25:00 EST,43.26127,-74.97878,1422,29.4,31.0,22.6,59.5,17.0,0.000,0.000,0.00,0.000,6.7,9.9,1.4,174,13,7.3,11.4,1.5,169,11,6.7,9.9,1.4,174,13,0,28.64,,0,0,0,35.4,38.3,40.5,0.20,0.15,0.16
COLD,2015-12-21 03:30:00 EST,43.26127,-74.97878,1422,30.1,31.1,23.7,56.3,16.4,0.000,0.000,0.00,0.000,6.3,8.6,1.4,175,13,7.1,10.5,1.4,170,11,6.3,8.6,1.4,175,13,0,28.64,,0,0,0,35.4,38.3,40.4,0.20,0.15,0.16
COLD,2015-12-21 03:35:00 EST,43.26127,-74.97878,1422,30.2,31.2,23.1,55.9,16.4,0.000,0.000,0.00,0.000,7.3,9.8,1.2,179,10,8.1,11.6,1.5,174,9,7.3,9.8,1.2,179,10,0,28.65,,0,0,0,35.4,38.3,40.4,0.20,0.15,0.16
COLD,2015-12-21 03:40:00 EST,43.26127,-74.97878,1422,30.5,31.3,22.9,55.8,16.6,0.000,0.000,0.00,0.000,8.3,11.3,1.3,180,9,8.8,12.1,1.4,176,7,8.3,11.3,1.3,180,9,0,28.65,,0,0,0,35.4,38.3,40.4,0.20,0.15,0.16
COLD,2015-12-21 03:45:00 EST,43.26127,-74.97878,1422,31.0,31.5,23.7,54.6,16.5,0.000,0.000,0.00,0.000,7.9,10.6,1.4,181,9,8.4,11.9,1.6,177,7,7.9,10.6,1.4,181,9,0,28.64,,0,0,0,35.4,38.3,40.4,0.20,0.15,0.16
COLD,2015-12-21 03:50:00 EST,43.26127,-74.97878,1422,30.9,31.5,23.8,54.9,16.6,0.000,0.000,0.00,0.000,7.6,11.5,1.3,177,8,8.2,11.9,1.5,174,7,7.6,11.5,1.3,177,8,0,28.64,,0,0,0,35.4,38.3,40.4,0.20,0.15,0.16
COLD,2015-12-21 03:55:00 EST,43.26127,-74.97878,1422,31.0,31.7,23.8,54.6,16.6,0.000,0.000,0.00,0.000,7.8,13.2,1.7,179,10,8.3,14.1,1.9,175,9,7.8,13.2,1.7,179,10,0,28.64,,0,0,0,35.4,38.3,40.5,0.20,0.15,0.16
COLD,2015-12-21 04:00:00 EST,43.26127,-74.97878,1422,30.6,31.7,23.7,55.4,16.6,0.000,0.000,0.00,0.000,7.3,10.5,1.3,175,12,8.1,12.1,1.5,171,11,7.3,10.5,1.3,175,12,0,28.63,,0,0,0,35.4,38.3,40.4,0.20,0.15,0.16
COLD,2015-12-21 04:05:00 EST,43.26127,-74.97878,1422,31.4,32.0,23.9,55.0,17.1,0.000,0.000,0.00,0.000,8.3,13.2,1.7,176,11,9.0,14.5,1.8,172,9,8.3,13.2,1.7,176,11,0,28.63,,0,0,0,35.4,38.3,40.5,0.20,0.15,0.16
COLD,2015-12-21 04:10:00 EST,43.26127,-74.97878,1422,31.5,32.2,24.1,54.1,16.8,0.000,0.000,0.00,0.000,8.2,11.9,1.5,172,13,9.1,14.5,1.8,169,10,8.2,11.9,1.5,172,13,0,28.61,,0,0,0,35.4,38.3,40.4,0.20,0.15,0.16
COLD,2015-12-21 04:15:00 EST,43.26127,-74.97878,1422,31.9,32.4,23.7,53.6,17.0,0.000,0.000,0.00,0.000,9.9,15.5,1.4,182,9,10.5,15.9,1.5,179,7,9.9,15.5,1.4,182,9,0,28.62,,0,0,0,35.4,38.3,40.5,0.20,0.15,0.16
COLD,2015-12-21 04:20:00 EST,43.26127,-74.97878,1422,32.2,32.6,24.2,52.7,16.8,0.000,0.000,0.00,0.000,9.6,13.7,1.4,183,10,10.2,14.8,1.7,180,9,9.6,13.7,1.4,183,10,0,28.61,,0,0,0,35.4,38.3,40.4,0.20,0.15,0.16
COLD,2015-12-21 04:25:00 EST,43.26127,-74.97878,1422,32.3,32.7,24.5,52.6,16.9,0.000,0.000,0.00,0.000,9.2,12.2,1.2,184,10,10.0,14.1,1.7,181,8,9.2,12.2,1.2,184,10,0,28.61,,0,0,0,35.4,38.3,40.4,0.20,0.15,0.16
COLD,2015-12-21 04:30:00 EST,43.26127,-74.97878,1422,32.4,32.9,24.0,52.6,17.0,0.000,0.000,0.00,0.000,10.4,14.0,1.4,182,10,11.2,16.1,1.6,179,8,10.4,14.0,1.4,182,10,0,28.62,,0,0,0,35.4,38.3,40.4,0.20,0.15,0.16
COLD,2015-12-21 04:35:00 EST,43.26127,-74.97878,1422,32.5,32.9,24.7,52.4,17.0,0.000,0.000,0.00,0.000,9.3,14.2,1.7,185,9,10.0,17.0,1.9,181,8,9.3,14.2,1.7,185,9,0,28.62,,0,0,0,35.4,38.3,40.4,0.20,0.15,0.16
COLD,2015-12-21 04:40:00 EST,43.26127,-74.97878,1422,32.7,33.0,24.9,51.9,17.0,0.000,0.000,0.00,0.000,9.4,12.5,1.6,178,12,10.3,15.9,2.0,175,9,9.4,12.5,1.6,178,12,0,28.61,,0,0,0,35.4,38.3,40.4,0.20,0.15,0.16
COLD,2015-12-21 04:45:00 EST,43.26127,-74.97878,1422,32.6,33.0,25.0,52.4,17.1,0.000,0.000,0.00,0.000,9.0,14.2,1.7,176,11,9.7,16.3,1.8,173,9,9.0,14.2,1.7,176,11,0,28.61,,0,0,0,35.4,38.3,40.4,0.20,0.15,0.16
COLD,2015-12-21 04:50:00 EST,43.26127,-74.97878,1422,32.7,33.2,24.6,52.0,17.0,0.000,0.000,0.00,0.000,10.0,14.8,1.8,177,11,10.7,15.4,1.9,174,9,10.0,14.8,1.8,177,11,0,28.60,,0,0,0,35.4,38.3,40.4,0.20,0.15,0.16
COLD,2015-12-21 04:55:00 EST,43.26127,-74.97878,1422,32.6,33.1,24.9,52.5,17.2,0.000,0.000,0.00,0.000,9.3,14.1,1.5,180,10,10.0,18.1,1.8,177,8,9.3,14.1,1.5,180,10,0,28.61,,0,0,0,35.4,38.2,40.4,0.20,0.15,0.16
COLD,2015-12-21 05:00:00 EST,43.26127,-74.97878,1422,32.8,33.2,25.2,51.9,17.1,0.000,0.000,0.00,0.000,9.1,12.3,1.4,182,14,9.9,13.9,1.7,179,11,9.1,12.3,1.4,182,14,0,28.61,,0,0,0,35.3,38.2,40.4,0.20,0.15,0.16
COLD,2015-12-21 05:05:00 EST,43.26127,-74.97878,1422,32.6,33.2,25.5,52.4,17.1,0.000,0.000,0.00,0.000,8.3,12.7,1.9,176,14,9.0,15.7,2.2,172,13,8.3,12.7,1.9,176,14,0,28.61,,0,0,0,35.4,38.2,40.4,0.20,0.15,0.16
COLD,2015-12-21 05:10:00 EST,43.26127,-74.97878,1422,32.7,33.2,25.8,52.3,17.1,0.000,0.000,0.00,0.000,7.8,12.7,1.7,174,12,8.6,13.6,1.9,169,10,7.8,12.7,1.7,174,12,0,28.60,,0,0,0,35.3,38.2,40.4,0.20,0.15,0.16
COLD,2015-12-21 05:15:00 EST,43.26127,-74.97878,1422,32.8,33.3,25.8,52.0,17.1,0.000,0.000,0.00,0.000,8.0,13.5,2.3,171,13,8.8,14.8,2.5,167,12,8.0,13.5,2.3,171,13,0,28.60,,0,0,0,35.3,38.2,40.4,0.20,0.15,0.16
COLD,2015-12-21 05:20:00 EST,43.26127,-74.97878,1422,32.4,33.2,27.1,52.6,17.0,0.000,0.000,0.00,0.000,5.5,9.2,1.6,166,16,6.2,9.8,1.8,162,15,5.5,9.2,1.6,166,16,0,28.60,,0,0,0,35.3,38.2,40.4,0.20,0.15,0.16
COLD,2015-12-21 05:25:00 EST,43.26127,-74.97878,1422,32.5,33.2,25.5,52.5,17.1,0.000,0.000,0.00,0.000,8.0,14.1,2.8,173,11,9.0,16.8,3.0,169,9,8.0,14.1,2.8,173,11,0,28.60,,0,0,0,35.3,38.2,40.4,0.20,0.15,0.16
COLD,2015-12-21 05:30:00 EST,43.26127,-74.97878,1422,32.8,33.3,25.5,52.3,17.2,0.000,0.000,0.00,0.000,8.6,12.1,1.4,173,13,9.3,13.9,1.6,169,11,8.6,12.1,1.4,173,13,0,28.60,,0,0,0,35.3,38.2,40.4,0.20,0.15,0.16
COLD,2015-12-21 05:35:00 EST,43.26127,-74.97878,1422,32.6,33.3,25.5,52.8,17.2,0.000,0.000,0.00,0.000,8.0,14.0,2.1,170,15,9.0,15.0,2.3,166,10,8.0,14.0,2.1,170,15,0,28.60,,0,0,0,35.3,38.2,40.4,0.20,0.15,0.16
COLD,2015-12-21 05:40:00 EST,43.26127,-74.97878,1422,32.9,33.4,26.4,52.6,17.4,0.000,0.000,0.00,0.000,7.2,10.7,1.8,170,12,8.0,11.9,1.9,167,9,7.2,10.7,1.8,170,12,0,28.59,,0,0,0,35.3,38.2,40.4,0.20,0.15,0.16
COLD,2015-12-21 05:45:00 EST,43.26127,-74.97878,1422,32.8,33.4,26.7,52.9,17.5,0.000,0.000,0.00,0.000,6.6,9.6,1.2,175,11,7.2,11.0,1.3,171,9,6.6,9.6,1.2,175,11,0,28.59,,0,0,0,35.2,38.2,40.4,0.20,0.15,0.16
COLD,2015-12-21 05:50:00 EST,43.26127,-74.97878,1422,32.5,33.4,25.8,53.7,17.5,0.000,0.000,0.00,0.000,7.4,11.1,1.7,167,13,8.2,14.3,1.9,164,13,7.4,11.1,1.7,167,13,0,28.59,,0,0,0,35.3,38.2,40.4,0.20,0.15,0.16
COLD,2015-12-21 05:55:00 EST,43.26127,-74.97878,1422,32.7,33.5,27.1,52.8,17.4,0.000,0.000,0.00,0.000,5.9,10.5,2.0,170,11,6.6,11.6,2.1,165,10,5.9,10.5,2.0,170,11,0,28.59,,0,0,0,35.3,38.2,40.4,0.20,0.15,0.16
COLD,2015-12-21 06:00:00 EST,43.26127,-74.97878,1422,32.6,33.5,26.8,53.2,17.4,0.000,0.000,0.00,0.000,6.2,10.4,1.7,168,14,7.0,11.2,2.0,164,11,6.2,10.4,1.7,168,14,0,28.59,,0,0,0,35.3,38.2,40.3,0.20,0.15,0.16
COLD,2015-12-21 06:05:00 EST,43.26127,-74.97878,1422,32.3,33.3,27.5,54.0,17.5,0.000,0.000,0.00,0.000,4.9,9.6,1.7,166,17,5.7,10.7,1.8,162,15,4.9,9.6,1.7,166,17,0,28.59,,0,0,0,35.3,38.2,40.3,0.20,0.15,0.16
COLD,2015-12-21 06:10:00 EST,43.26127,-74.97878,1422,31.6,33.2,26.6,54.8,17.2,0.000,0.000,0.00,0.000,5.0,7.2,0.9,166,13,5.7,8.9,1.1,161,12,5.0,7.2,0.9,166,13,0,28.59,,0,0,0,35.2,38.1,40.3,0.20,0.15,0.16
COLD,2015-12-21 06:15:00 EST,43.26127,-74.97878,1422,30.6,32.9,26.0,57.1,17.2,0.000,0.000,0.00,0.000,4.4,8.3,1.3,169,14,5.0,9.4,1.4,162,13,4.4,8.3,1.3,169,14,0,28.59,,0,0,0,35.2,38.1,40.3,0.20,0.15,0.16
COLD,2015-12-21 06:20:00 EST,43.26127,-74.97878,1422,30.6,32.9,25.0,58.6,17.8,0.000,0.000,0.00,0.000,5.5,10.0,1.6,169,11,6.2,11.4,1.7,163,10,5.5,10.0,1.6,169,11,0,28.59,,0,0,0,35.2,38.1,40.3,0.20,0.15,0.16
COLD,2015-12-21 06:25:00 EST,43.26127,-74.97878,1422,29.9,32.6,26.5,57.8,16.9,0.000,0.000,0.00,0.000,3.3,6.6,1.5,166,18,4.0,7.4,1.6,157,19,3.3,6.6,1.5,166,18,0,28.60,,0,0,0,35.2,38.1,40.3,0.20,0.15,0.16
COLD,2015-12-21 06:30:00 EST,43.26127,-74.97878,1422,28.2,32.1,28.2,61.6,16.7,0.000,0.000,0.00,0.000,2.9,6.5,1.5,151,22,3.6,8.1,1.6,144,21,2.9,6.5,1.5,151,22,0,28.60,,0,0,0,35.2,38.1,40.3,0.20,0.15,0.16
COLD,2015-12-21 06:35:00 EST,43.26127,-74.97878,1422,29.1,31.8,25.6,60.3,17.1,0.000,0.000,0.00,0.000,3.3,5.9,1.0,143,18,4.0,6.3,1.0,136,17,3.3,5.9,1.0,143,18,0,28.59,,0,0,0,35.3,38.1,40.3,0.20,0.15,0.16
COLD,2015-12-21 06:40:00 EST,43.26127,-74.97878,1422,28.6,31.7,24.1,62.5,17.4,0.000,0.000,0.00,0.000,4.1,8.0,1.7,164,22,4.8,9.2,1.8,157,20,4.1,8.0,1.7,164,22,0,28.59,,0,0,0,35.3,38.1,40.3,0.20,0.15,0.16
COLD,2015-12-21 06:45:00 EST,43.26127,-74.97878,1422,30.4,32.7,24.7,60.8,18.5,0.000,0.000,0.00,0.000,5.6,8.8,1.5,170,13,6.4,11.0,1.5,165,11,5.6,8.8,1.5,170,13,0,28.59,,0,0,0,35.2,38.1,40.3,0.20,0.15,0.16
COLD,2015-12-21 06:50:00 EST,43.26127,-74.97878,1422,31.7,33.2,26.1,58.1,18.7,0.000,0.000,0.00,0.000,5.8,10.7,1.8,172,13,6.5,11.2,1.8,167,12,5.8,10.7,1.8,172,13,0,28.59,,0,0,0,35.2,38.1,40.3,0.20,0.15,0.16
COLD,2015-12-21 06:55:00 EST,43.26127,-74.97878,1422,32.4,33.5,27.2,56.0,18.5,0.000,0.000,0.00,0.000,5.4,8.5,1.3,169,14,6.2,10.3,1.4,164,13,5.4,8.5,1.3,169,14,0,28.59,,0,0,0,35.2,38.1,40.3,0.20,0.15,0.16
COLD,2015-12-21 07:00:00 EST,43.26127,-74.97878,1422,32.9,33.7,27.1,54.8,18.4,0.000,0.000,0.00,0.000,6.3,10.2,1.4,169,15,7.0,10.7,1.6,164,13,6.3,10.2,1.4,169,15,0,28.59,,0,0,0,35.2,38.1,40.3,0.20,0.15,0.16
COLD,2015-12-21 07:05:00 EST,43.26127,-74.97878,1422,33.3,33.8,27.2,53.6,18.2,0.000,0.000,0.00,0.000,6.7,9.4,1.4,168,12,7.6,11.9,1.7,165,9,6.7,9.4,1.4,168,12,0,28.59,,0,0,0,35.3,38.1,40.3,0.20,0.15,0.16
COLD,2015-12-21 07:10:00 EST,43.26127,-74.97878,1422,33.3,33.9,27.8,53.8,18.3,0.000,0.000,0.00,0.000,5.9,9.6,1.4,166,15,6.6,10.5,1.5,161,13,5.9,9.6,1.4,166,15,0,28.59,,0,0,0,35.2,38.1,40.3,0.20,0.15,0.16
COLD,2015-12-21 07:15:00 EST,43.26127,-74.97878,1422,33.3,33.9,28.4,54.4,18.6,0.000,0.000,0.00,0.000,5.1,9.2,1.7,167,16,5.9,10.3,1.8,162,14,5.1,9.2,1.7,167,16,0,28.59,,0,0,0,35.2,38.1,40.3,0.20,0.15,0.16
COLD,2015-12-21 07:20:00 EST,43.26127,-74.97878,1422,33.2,34.0,28.5,54.5,18.6,0.000,0.000,0.00,0.000,4.9,7.5,1.2,168,16,5.8,8.7,1.5,161,15,4.9,7.5,1.2,168,16,0,28.59,,0,0,0,35.2,38.1,40.3,0.20,0.15,0.16
COLD,2015-12-21 07:25:00 EST,43.26127,-74.97878,1422,33.0,34.0,28.9,55.0,18.6,0.000,0.000,0.00,0.000,4.3,8.0,1.6,157,18,4.9,9.4,1.5,151,15,4.3,8.0,1.6,157,18,1,28.58,,0,0,0,35.2,38.1,40.3,0.20,0.15,0.16
COLD,2015-12-21 07:30:00 EST,43.26127,-74.97878,1422,33.0,33.9,29.0,55.6,18.8,0.000,0.000,0.00,0.000,4.1,7.4,1.4,161,17,4.9,8.3,1.5,154,16,4.1,7.4,1.4,161,17,1,28.57,,0,0,0,35.2,38.1,40.3,0.20,0.15,0.16
COLD,2015-12-21 07:35:00 EST,43.26127,-74.97878,1422,32.8,33.9,29.6,55.5,18.6,0.000,0.000,0.00,0.000,3.4,7.3,1.4,158,19,4.2,8.5,1.6,151,19,3.4,7.3,1.4,158,19,2,28.57,,0,0,0,35.2,38.1,40.3,0.20,0.15,0.16
COLD,2015-12-21 07:40:00 EST,43.26127,-74.97878,1422,30.5,32.6,26.3,58.3,17.6,0.000,0.000,0.00,0.000,4.0,8.3,1.6,124,26,4.7,9.4,1.8,117,22,4.0,8.3,1.6,124,26,4,28.57,,0,0,0,35.2,38.1,40.3,0.20,0.15,0.16
COLD,2015-12-21 07:45:00 EST,43.26127,-74.97878,1422,28.5,30.2,22.5,64.5,18.0,0.000,0.000,0.00,0.000,5.5,7.5,1.4,104,13,6.4,8.9,1.5,102,10,5.5,7.5,1.4,104,13,8,28.57,,0,0,0,35.2,38.1,40.3,0.20,0.15,0.16
COLD,2015-12-21 07:50:00 EST,43.26127,-74.97878,1422,28.3,29.9,23.3,65.4,18.2,0.000,0.000,0.00,0.000,4.4,6.6,1.2,105,14,5.4,8.1,1.2,101,11,4.4,6.6,1.2,105,14,13,28.57,,0,0,0,35.2,38.1,40.3,0.20,0.15,0.16
COLD,2015-12-21 07:55:00 EST,43.26127,-74.97878,1422,28.5,30.1,24.8,64.9,18.2,0.000,0.000,0.00,0.000,3.3,6.3,1.2,112,14,4.0,7.8,1.4,106,10,3.3,6.3,1.2,112,14,18,28.57,,0,0,0,35.2,38.1,40.3,0.20,0.15,0.16
COLD,2015-12-21 08:00:00 EST,43.26127,-74.97878,1422,28.4,30.6,28.4,64.6,18.0,0.000,0.000,0.00,0.000,2.9,5.8,1.0,131,24,3.6,6.9,1.2,123,21,2.9,5.8,1.0,131,24,25,28.58,,0,0,0,35.2,38.1,40.3,0.20,0.15,0.16
COLD,2015-12-21 08:05:00 EST,43.26127,-74.97878,1422,28.3,31.1,28.3,64.5,17.9,0.000,0.000,0.00,0.000,2.7,5.9,0.8,127,21,3.5,7.6,1.0,119,16,2.7,5.9,0.8,127,21,33,28.58,,0,0,0,35.2,38.1,40.3,0.20,0.15,0.16
COLD,2015-12-21 08:10:00 EST,43.26127,-74.97878,1422,28.2,31.5,28.2,65.0,17.9,0.000,0.000,0.00,0.000,2.6,5.6,0.8,121,25,3.5,6.3,1.0,115,19,2.6,5.6,0.8,121,25,41,28.57,,0,0,0,35.2,38.1,40.3,0.20,0.15,0.16
COLD,2015-12-21 08:15:00 EST,43.26127,-74.97878,1422,28.6,31.0,23.9,64.2,18.0,0.000,0.000,0.00,0.000,4.2,7.6,1.2,113,15,5.0,9.2,1.4,109,14,4.2,7.6,1.2,113,15,45,28.57,,0,0,0,35.2,38.1,40.3,0.20,0.15,0.15
COLD,2015-12-21 08:20:00 EST,43.26127,-74.97878,1422,29.4,31.7,26.0,63.0,18.3,0.000,0.000,0.00,0.000,3.3,5.6,1.2,132,25,4.0,6.9,1.3,125,25,3.3,5.6,1.2,132,25,48,28.57,,0,0,0,35.2,38.1,40.3,0.20,0.15,0.16
COLD,2015-12-21 08:25:00 EST,43.26127,-74.97878,1422,29.4,31.3,25.6,61.4,17.8,0.000,0.000,0.00,0.000,3.6,6.5,1.4,122,26,4.4,7.8,1.4,117,23,3.6,6.5,1.4,122,26,55,28.57,,0,0,0,35.2,38.1,40.3,0.20,0.15,0.15
COLD,2015-12-21 08:30:00 EST,43.26127,-74.97878,1422,28.8,31.1,23.7,63.5,18.0,0.000,0.000,0.00,0.000,4.6,7.7,1.5,110,13,5.5,8.7,1.7,106,12,4.6,7.7,1.5,110,13,62,28.56,,0,0,0,35.2,38.0,40.3,0.20,0.15,0.16
COLD,2015-12-21 08:35:00 EST,43.26127,-74.97878,1422,29.1,31.2,25.0,63.9,18.4,0.000,0.000,0.00,0.000,3.8,8.6,1.6,116,22,4.5,9.6,1.8,113,18,3.8,8.6,1.6,116,22,68,28.56,,0,0,0,35.2,38.1,40.3,0.20,0.15,0.16
COLD,2015-12-21 08:40:00 EST,43.26127,-74.97878,1422,29.2,31.0,24.5,64.5,18.7,0.000,0.000,0.00,0.000,4.3,7.2,1.5,113,19,5.2,8.5,1.6,109,18,4.3,7.2,1.5,113,19,75,28.56,,0,0,0,35.2,38.0,40.3,0.20,0.15,0.15
COLD,2015-12-21 08:45:00 EST,43.26127,-74.97878,1422,30.0,31.8,26.8,62.8,18.9,0.000,0.000,0.00,0.000,3.2,5.8,1.2,121,27,4.1,7.4,1.4,117,26,3.2,5.8,1.2,121,27,79,28.56,,0,0,0,35.2,38.0,40.3,0.20,0.15,0.15
COLD,2015-12-21 08:50:00 EST,43.26127,-74.97878,1422,31.0,33.0,26.8,63.3,20.0,0.000,0.000,0.00,0.000,4.1,9.2,2.2,163,29,4.8,11.4,2.3,155,28,4.1,9.2,2.2,163,29,82,28.56,,0,0,0,35.2,38.0,40.3,0.20,0.15,0.16
COLD,2015-12-21 08:55:00 EST,43.26127,-74.97878,1422,33.4,34.8,27.1,57.4,19.9,0.000,0.000,0.00,0.000,7.0,11.1,1.8,172,16,7.7,12.8,1.9,167,14,7.0,11.1,1.8,172,16,92,28.56,,0,0,0,35.2,38.0,40.3,0.20,0.15,0.15
COLD,2015-12-21 09:00:00 EST,43.26127,-74.97878,1422,34.9,35.5,29.1,53.4,19.7,0.000,0.000,0.00,0.000,6.9,12.1,2.0,170,17,7.7,13.6,2.3,165,14,6.9,12.1,2.0,170,17,93,28.56,,0,0,0,35.2,38.0,40.2,0.20,0.15,0.16
COLD,2015-12-21 09:05:00 EST,43.26127,-74.97878,1422,35.3,35.8,29.7,51.8,19.4,0.000,0.000,0.00,0.000,6.7,11.5,2.0,167,17,7.3,13.2,2.3,165,14,6.7,11.5,2.0,167,17,82,28.56,,0,0,0,35.2,38.0,40.3,0.20,0.15,0.16
COLD,2015-12-21 09:10:00 EST,43.26127,-74.97878,1422,36.0,36.2,30.3,50.7,19.4,0.000,0.000,0.00,0.000,7.0,15.5,2.7,163,19,7.9,17.2,2.8,160,16,7.0,15.5,2.7,163,19,72,28.56,,0,0,0,35.2,38.0,40.3,0.20,0.15,0.15
COLD,2015-12-21 09:15:00 EST,43.26127,-74.97878,1422,35.8,36.1,31.6,51.2,19.5,0.000,0.000,0.00,0.000,4.9,10.9,2.1,154,24,5.5,12.3,2.2,147,25,4.9,10.9,2.1,154,24,73,28.55,,0,0,0,35.2,38.0,40.3,0.20,0.15,0.16
COLD,2015-12-21 09:20:00 EST,43.26127,-74.97878,1422,35.8,36.1,35.8,51.3,19.6,0.000,0.000,0.00,0.000,2.3,7.1,1.7,144,40,3.2,7.8,1.8,135,38,2.3,7.1,1.7,144,40,77,28.55,,0,0,0,35.2,38.0,40.2,0.20,0.15,0.15
COLD,2015-12-21 09:25:00 EST,43.26127,-74.97878,1422,32.0,32.5,26.5,58.7,19.2,0.000,0.000,0.00,0.000,5.7,8.6,1.0,100,9,6.9,11.0,1.2,97,8,5.7,8.6,1.0,100,9,84,28.55,,0,0,0,35.1,38.0,40.3,0.20,0.15,0.15
COLD,2015-12-21 09:30:00 EST,43.26127,-74.97878,1422,31.7,31.8,26.4,60.2,19.5,0.000,0.000,0.00,0.000,5.4,8.3,1.4,102,8,6.5,9.8,1.6,100,7,5.4,8.3,1.4,102,8,99,28.55,,0,0,0,35.2,38.0,40.3,0.20,0.15,0.16
COLD,2015-12-21 09:35:00 EST,43.26127,-74.97878,1422,31.8,32.5,28.2,60.4,19.6,0.000,0.000,0.00,0.000,3.6,5.7,0.8,102,16,4.5,6.7,0.9,99,11,3.6,5.7,0.8,102,16,114,28.56,,0,0,0,35.2,38.0,40.2,0.19,0.15,0.16
COLD,2015-12-21 09:40:00 EST,43.26127,-74.97878,1422,32.0,33.0,32.0,60.7,19.9,0.000,0.000,0.00,0.000,2.6,5.6,1.2,126,24,3.4,6.5,1.2,121,23,2.6,5.6,1.2,126,24,128,28.57,,0,0,0,35.2,38.0,40.3,0.19,0.15,0.16
COLD,2015-12-21 09:45:00 EST,43.26127,-74.97878,1422,32.1,34.1,28.5,61.3,20.3,0.000,0.000,0.00,0.000,3.7,7.5,1.7,151,28,4.3,8.5,1.6,140,25,3.7,7.5,1.7,151,28,137,28.56,,0,0,0,35.1,38.0,40.2,0.20,0.15,0.16
COLD,2015-12-21 09:50:00 EST,43.26127,-74.97878,1422,34.4,35.8,30.0,59.0,21.6,0.000,0.000,0.00,0.000,4.9,10.2,2.5,166,17,5.6,10.7,2.6,162,15,4.9,10.2,2.5,166,17,140,28.56,,0,0,0,35.1,38.0,40.3,0.20,0.15,0.16
COLD,2015-12-21 09:55:00 EST,43.26127,-74.97878,1422,36.7,37.2,30.2,52.4,20.9,0.000,0.000,0.00,0.000,8.8,13.8,1.8,174,13,9.5,14.8,2.0,170,12,8.8,13.8,1.8,174,13,156,28.56,,0,0,0,35.1,38.0,40.2,0.19,0.15,0.16
COLD,2015-12-21 10:00:00 EST,43.26127,-74.97878,1422,37.3,37.5,31.4,50.1,20.4,0.000,0.000,0.00,0.000,7.8,11.7,1.8,168,15,8.6,14.3,2.0,165,14,7.8,11.7,1.8,168,15,158,28.56,,0,0,0,35.1,38.0,40.2,0.20,0.15,0.16
COLD,2015-12-21 10:05:00 EST,43.26127,-74.97878,1422,37.5,37.7,32.7,49.9,20.5,0.000,0.000,0.00,0.000,6.2,9.7,1.8,170,24,7.0,11.4,1.6,165,22,6.2,9.7,1.8,170,24,158,28.56,,0,0,0,35.1,37.9,40.2,0.19,0.15,0.16
COLD,2015-12-21 10:10:00 EST,43.26127,-74.97878,1422,37.8,38.0,32.6,49.5,20.5,0.000,0.000,0.00,0.000,6.7,10.8,1.7,177,16,7.7,12.5,1.7,172,13,6.7,10.8,1.7,177,16,149,28.56,,0,0,0,35.1,38.0,40.2,0.20,0.15,0.16
COLD,2015-12-21 10:15:00 EST,43.26127,-74.97878,1422,37.9,38.1,33.1,48.7,20.3,0.000,0.000,0.00,0.000,6.4,10.8,2.1,175,16,7.1,12.3,2.1,169,17,6.4,10.8,2.1,175,16,153,28.56,,0,0,0,35.1,38.0,40.2,0.20,0.15,0.16
COLD,2015-12-21 10:20:00 EST,43.26127,-74.97878,1422,37.9,38.2,32.2,49.8,20.8,0.000,0.000,0.00,0.000,7.8,13.7,2.9,175,17,8.7,15.4,3.0,171,15,7.8,13.7,2.9,175,17,138,28.56,,0,0,0,35.2,38.0,40.2,0.19,0.15,0.16
COLD,2015-12-21 10:25:00 EST,43.26127,-74.97878,1422,38.2,38.4,32.0,48.9,20.6,0.000,0.000,0.00,0.000,8.8,11.8,1.4,172,10,9.5,13.2,1.7,168,9,8.8,11.8,1.4,172,10,140,28.56,,0,0,0,35.1,37.9,40.2,0.20,0.15,0.16
COLD,2015-12-21 10:30:00 EST,43.26127,-74.97878,1422,38.3,38.5,32.0,48.6,20.6,0.000,0.000,0.00,0.000,9.1,12.3,1.7,173,12,9.9,14.3,2.2,168,10,9.1,12.3,1.7,173,12,161,28.55,,0,0,0,35.1,37.9,40.2,0.20,0.15,0.16
COLD,2015-12-21 10:35:00 EST,43.26127,-74.97878,1422,38.4,38.7,32.6,49.2,21.0,0.000,0.000,0.00,0.000,8.1,12.4,1.7,169,15,9.0,14.1,2.1,166,12,8.1,12.4,1.7,169,15,181,28.55,,0,0,0,35.1,37.9,40.2,0.20,0.15,0.16
COLD,2015-12-21 10:40:00 EST,43.26127,-74.97878,1422,38.6,38.8,32.4,48.6,20.9,0.000,0.000,0.00,0.000,9.1,13.2,1.7,171,15,10.0,16.6,2.1,168,12,9.1,13.2,1.7,171,15,164,28.54,,0,0,0,35.1,38.0,40.2,0.20,0.15,0.16
COLD,2015-12-21 10:45:00 EST,43.26127,-74.97878,1422,38.7,38.9,32.4,48.1,20.7,0.000,0.000,0.00,0.000,9.3,13.1,1.7,176,11,10.0,15.0,2.0,172,10,9.3,13.1,1.7,176,11,156,28.54,,0,0,0,35.1,38.0,40.2,0.20,0.15,0.16
COLD,2015-12-21 10:50:00 EST,43.26127,-74.97878,1422,38.9,39.1,32.1,47.7,20.7,0.000,0.000,0.00,0.000,10.6,14.5,1.8,186,12,11.3,15.4,1.9,183,10,10.6,14.5,1.8,186,12,147,28.54,,0,0,0,35.1,37.9,40.2,0.20,0.15,0.16
COLD,2015-12-21 10:55:00 EST,43.26127,-74.97878,1422,39.0,39.2,33.3,47.6,20.8,0.000,0.000,0.00,0.000,8.1,11.7,1.5,188,11,8.7,13.6,1.7,183,9,8.1,11.7,1.5,188,11,143,28.54,,0,0,0,35.1,38.0,40.2,0.20,0.15,0.16
COLD,2015-12-21 11:00:00 EST,43.26127,-74.97878,1422,38.8,39.2,33.3,48.9,21.3,0.000,0.000,0.00,0.000,7.7,11.1,1.4,179,10,8.5,13.0,1.6,175,9,7.7,11.1,1.4,179,10,129,28.54,,0,0,0,35.1,37.9,40.2,0.20,0.15,0.16
COLD,2015-12-21 11:05:00 EST,43.26127,-74.97878,1422,39.0,39.3,33.2,48.6,21.3,0.000,0.000,0.00,0.000,8.5,12.0,1.6,176,12,9.1,13.2,1.8,172,11,8.5,12.0,1.6,176,12,123,28.54,,0,0,0,35.1,37.9,40.2,0.20,0.15,0.16
COLD,2015-12-21 11:10:00 EST,43.26127,-74.97878,1422,39.0,39.3,32.3,48.4,21.2,0.000,0.000,0.00,0.000,10.4,13.9,1.7,175,8,11.2,15.2,1.9,171,7,10.4,13.9,1.7,175,8,129,28.54,,0,0,0,35.1,37.9,40.1,0.20,0.15,0.16
COLD,2015-12-21 11:15:00 EST,43.26127,-74.97878,1422,39.1,39.3,33.5,48.1,21.1,0.000,0.000,0.00,0.000,7.9,11.2,1.6,180,11,8.5,12.5,1.9,175,10,7.9,11.2,1.6,180,11,147,28.53,,0,0,0,35.1,37.9,40.2,0.20,0.15,0.16
COLD,2015-12-21 11:20:00 EST,43.26127,-74.97878,1422,39.0,39.3,33.9,49.3,21.6,0.000,0.000,0.00,0.000,7.0,10.5,1.3,179,12,7.7,10.7,1.4,174,9,7.0,10.5,1.3,179,12,150,28.53,,0,0,0,35.1,37.9,40.1,0.20,0.15,0.16
COLD,2015-12-21 11:25:00 EST,43.26127,-74.97878,1422,39.2,39.5,34.0,48.7,21.5,0.000,0.000,0.00,0.000,7.2,10.6,1.5,174,10,7.9,11.6,1.6,169,9,7.2,10.6,1.5,174,10,167,28.53,,0,0,0,35.1,37.9,40.1,0.20,0.15,0.16
COLD,2015-12-21 11:30:00 EST,43.26127,-74.97878,1422,39.4,39.6,33.9,47.9,21.2,0.000,0.000,0.00,0.000,7.8,10.4,1.2,173,11,8.4,11.9,1.3,169,9,7.8,10.4,1.2,173,11,158,28.52,,0,0,0,35.1,37.9,40.2,0.20,0.15,0.16
COLD,2015-12-21 11:35:00 EST,43.26127,-74.97878,1422,39.5,39.7,34.2,47.3,21.1,0.000,0.000,0.00,0.000,7.7,10.4,1.4,176,9,8.5,12.3,1.5,172,8,7.7,10.4,1.4,176,9,137,28.52,,0,0,0,35.1,37.9,40.2,0.20,0.15,0.16
COLD,2015-12-21 11:40:00 EST,43.26127,-74.97878,1422,39.4,39.8,34.3,48.5,21.6,0.000,0.000,0.00,0.000,7.2,11.8,1.7,173,10,7.9,12.3,1.7,168,8,7.2,11.8,1.7,173,10,134,28.52,,0,0,0,35.1,37.9,40.1,0.20,0.15,0.16
COLD,2015-12-21 11:45:00 EST,43.26127,-74.97878,1422,39.5,39.8,35.7,48.5,21.6,0.000,0.000,0.00,0.000,5.2,9.1,1.5,170,14,6.0,11.2,1.6,164,14,5.2,9.1,1.5,170,14,137,28.52,,0,0,0,35.1,37.9,40.1,0.20,0.15,0.16
COLD,2015-12-21 11:50:00 EST,43.26127,-74.97878,1422,39.6,39.9,35.2,48.0,21.5,0.000,0.000,0.00,0.000,6.1,8.9,1.3,171,16,6.8,10.5,1.5,165,15,6.1,8.9,1.3,171,16,153,28.51,,0,0,0,35.1,37.9,40.1,0.20,0.15,0.16
COLD,2015-12-21 11:55:00 EST,43.26127,-74.97878,1422,39.8,40.0,35.1,47.3,21.3,0.000,0.000,0.00,0.000,6.7,9.5,1.3,173,11,7.4,11.2,1.5,167,10,6.7,9.5,1.3,173,11,134,28.51,,0,0,0,35.1,37.9,40.1,0.20,0.15,0.16
COLD,2015-12-21 12:00:00 EST,43.26127,-74.97878,1422,39.7,40.1,35.4,47.7,21.5,0.000,0.000,0.00,0.000,6.1,9.9,1.8,167,15,7.0,10.7,1.8,161,14,6.1,9.9,1.8,167,15,115,28.51,,0,0,0,35.1,37.9,40.1,0.20,0.15,0.16
COLD,2015-12-21 12:05:00 EST,43.26127,-74.97878,1422,39.7,40.1,36.1,48.6,21.9,0.000,0.000,0.00,0.000,5.1,8.8,1.7,168,19,5.9,9.8,1.7,162,19,5.1,8.8,1.7,168,19,110,28.50,,0,0,0,35.1,37.9,40.1,0.20,0.15,0.16
COLD,2015-12-21 12:10:00 EST,43.26127,-74.97878,1422,39.7,40.1,35.7,48.8,22.0,0.000,0.000,0.00,0.000,5.5,8.2,1.0,174,12,6.1,9.6,1.2,166,12,5.5,8.2,1.0,174,12,107,28.50,,0,0,0,35.1,37.9,40.1,0.20,0.15,0.16
COLD,2015-12-21 12:15:00 EST,43.26127,-74.97878,1422,39.6,40.0,36.1,49.6,22.3,0.000,0.000,0.00,0.000,4.9,7.8,1.6,174,14,5.5,8.3,1.5,168,14,4.9,7.8,1.6,174,14,93,28.50,,0,0,0,35.1,37.9,40.1,0.20,0.15,0.16
COLD,2015-12-21 12:20:00 EST,43.26127,-74.97878,1422,39.5,40.0,35.6,50.4,22.6,0.000,0.000,0.00,0.000,5.4,9.6,1.1,186,10,5.9,10.7,1.2,179,10,5.4,9.6,1.1,186,10,106,28.50,,0,0,0,35.1,37.9,40.1,0.20,0.15,0.16
COLD,2015-12-21 12:25:00 EST,43.26127,-74.97878,1422,39.5,39.9,35.5,51.6,23.2,0.000,0.000,0.00,0.000,5.5,8.3,0.9,183,7,6.0,9.2,0.9,177,7,5.5,8.3,0.9,183,7,101,28.50,,0,0,0,35.1,37.9,40.1,0.20,0.15,0.16
COLD,2015-12-21 12:30:00 EST,43.26127,-74.97878,1422,39.4,39.9,35.9,53.4,23.9,0.005,0.005,0.00,0.005,4.8,5.8,0.6,181,8,5.2,6.7,0.7,174,9,4.8,5.8,0.6,181,8,97,28.50,,0,0,0,35.1,37.9,40.1,0.20,0.15,0.16
COLD,2015-12-21 12:35:00 EST,43.26127,-74.97878,1422,38.9,39.7,35.4,56.0,24.5,0.001,0.006,0.00,0.006,4.7,6.3,0.8,172,11,5.3,7.4,1.0,166,9,4.7,6.3,0.8,172,11,94,28.50,,0,0,0,35.1,37.9,40.1,0.20,0.15,0.16
COLD,2015-12-21 12:40:00 EST,43.26127,-74.97878,1422,38.7,39.5,36.2,57.0,24.8,0.001,0.006,0.00,0.006,3.7,5.8,1.1,162,17,4.3,6.7,1.1,153,16,3.7,5.8,1.1,162,17,108,28.49,,0,0,0,35.1,37.9,40.1,0.20,0.15,0.16
COLD,2015-12-21 12:45:00 EST,43.26127,-74.97878,1422,38.7,39.4,36.4,57.7,25.0,0.000,0.006,0.00,0.006,3.4,5.7,0.9,147,19,3.9,6.5,1.0,137,16,3.4,5.7,0.9,147,19,112,28.49,,0,0,0,35.1,37.8,40.1,0.20,0.15,0.16
COLD,2015-12-21 12:50:00 EST,43.26127,-74.97878,1422,38.7,39.5,36.7,58.5,25.4,0.000,0.006,0.00,0.006,3.1,5.0,1.0,137,16,3.8,6.0,1.0,129,14,3.1,5.0,1.0,137,16,100,28.47,,0,0,0,35.1,37.9,40.1,0.20,0.15,0.16
COLD,2015-12-21 12:55:00 EST,43.26127,-74.97878,1422,38.6,39.5,38.6,59.6,25.8,0.000,0.006,0.00,0.006,2.5,4.9,0.9,131,20,3.1,5.8,0.9,122,16,2.5,4.9,0.9,131,20,102,28.47,,0,0,0,35.1,37.9,40.1,0.20,0.15,0.16
COLD,2015-12-21 13:00:00 EST,43.26127,-74.97878,1422,38.7,39.6,38.7,60.0,26.0,0.000,0.006,0.00,0.006,2.4,3.8,0.8,126,19,3.1,4.7,0.9,120,16,2.4,3.8,0.8,126,19,90,28.46,,0,0,0,35.1,37.9,40.1,0.20,0.15,0.16
COLD,2015-12-21 13:05:00 EST,43.26127,-74.97878,1422,38.8,39.7,38.8,60.1,26.1,0.000,0.006,0.00,0.006,1.2,2.9,0.8,143,31,2.0,4.7,0.9,125,31,1.2,2.9,0.8,143,31,81,28.46,,0,0,0,35.1,37.9,40.1,0.20,0.15,0.16
COLD,2015-12-21 13:10:00 EST,43.26127,-74.97878,1422,39.0,39.9,37.1,58.9,25.9,0.000,0.006,0.00,0.006,3.2,6.8,2.0,205,9,3.4,7.2,2.0,195,13,3.2,6.8,2.0,205,9,79,28.48,,0,0,0,35.1,37.8,40.1,0.20,0.15,0.16
COLD,2015-12-21 13:15:00 EST,43.26127,-74.97878,1422,39.2,40.2,35.8,58.5,25.9,0.000,0.006,0.00,0.006,4.8,6.7,0.9,202,9,5.0,7.6,1.0,195,9,4.8,6.7,0.9,202,9,70,28.48,,0,0,0,35.1,37.9,40.1,0.20,0.15,0.16
COLD,2015-12-21 13:20:00 EST,43.26127,-74.97878,1422,39.8,40.5,36.8,55.7,25.3,0.000,0.006,0.00,0.006,4.4,6.9,1.0,194,10,4.8,8.3,1.2,186,9,4.4,6.9,1.0,194,10,62,28.48,,0,0,0,35.1,37.9,40.1,0.20,0.15,0.16
COLD,2015-12-21 13:25:00 EST,43.26127,-74.97878,1422,40.0,40.6,35.9,55.2,25.2,0.003,0.009,0.00,0.009,5.8,8.5,0.9,180,15,6.4,8.9,1.0,174,15,5.8,8.5,0.9,180,15,60,28.47,,0,0,0,35.0,37.9,40.1,0.20,0.15,0.16
COLD,2015-12-21 13:30:00 EST,43.26127,-74.97878,1422,39.5,40.0,36.9,58.0,26.0,0.002,0.011,0.00,0.006,3.9,9.4,1.9,172,21,4.5,9.6,1.8,164,19,3.9,9.4,1.9,172,21,65,28.47,,0,0,0,35.1,37.9,40.1,0.20,0.15,0.16
COLD,2015-12-21 13:35:00 EST,43.26127,-74.97878,1422,39.3,39.8,35.8,60.1,26.6,0.001,0.011,0.00,0.006,4.8,7.2,1.4,181,16,5.3,8.5,1.4,175,15,4.8,7.2,1.4,181,16,73,28.47,,0,0,0,35.1,37.8,40.1,0.20,0.15,0.16
COLD,2015-12-21 13:40:00 EST,43.26127,-74.97878,1422,39.2,39.7,35.0,61.9,27.2,0.000,0.011,0.00,0.005,5.7,9.1,1.3,174,10,6.2,9.8,1.4,169,8,5.7,9.1,1.3,174,10,81,28.47,,0,0,0,35.1,37.8,40.1,0.20,0.15,0.16
COLD,2015-12-21 13:45:00 EST,43.26127,-74.97878,1422,39.6,40.0,35.1,60.3,26.9,0.000,0.011,0.00,0.005,6.3,9.4,1.1,180,10,6.8,10.1,1.3,174,8,6.3,9.4,1.1,180,10,91,28.47,,0,0,0,35.1,37.9,40.1,0.20,0.15,0.16
COLD,2015-12-21 13:50:00 EST,43.26127,-74.97878,1422,39.5,40.1,35.1,60.6,27.0,0.000,0.011,0.00,0.005,6.1,9.1,1.2,175,13,6.6,10.1,1.4,170,11,6.1,9.1,1.2,175,13,100,28.47,,0,0,0,35.1,37.8,40.1,0.20,0.15,0.16
COLD,2015-12-21 13:55:00 EST,43.26127,-74.97878,1422,39.9,40.3,35.1,57.6,26.1,0.000,0.011,0.00,0.005,6.9,9.1,1.1,194,11,7.4,9.6,1.3,189,10,6.9,9.1,1.1,194,11,86,28.47,,0,0,0,35.1,37.9,40.1,0.20,0.15,0.15
COLD,2015-12-21 14:00:00 EST,43.26127,-74.97878,1422,40.1,40.5,35.4,56.2,25.7,0.000,0.011,0.00,0.005,6.8,9.4,1.1,189,9,7.2,11.0,1.2,183,8,6.8,9.4,1.1,189,9,97,28.47,,0,0,0,35.1,37.8,40.1,0.20,0.15,0.16
COLD,2015-12-21 14:05:00 EST,43.26127,-74.97878,1422,40.1,40.6,35.4,56.4,25.8,0.000,0.011,0.00,0.005,6.8,10.2,1.2,177,10,7.4,11.6,1.4,171,10,6.8,10.2,1.2,177,10,90,28.46,,0,0,0,35.1,37.8,40.1,0.20,0.15,0.16
COLD,2015-12-21 14:10:00 EST,43.26127,-74.97878,1422,40.2,40.7,35.7,55.8,25.7,0.000,0.011,0.00,0.005,6.5,9.4,1.2,172,12,7.2,11.2,1.3,167,11,6.5,9.4,1.2,172,12,79,28.46,,0,0,0,35.1,37.8,40.1,0.20,0.15,0.16
COLD,2015-12-21 14:15:00 EST,43.26127,-74.97878,1422,40.1,40.6,35.9,56.5,25.8,0.000,0.011,0.00,0.005,5.9,9.6,1.4,170,16,6.5,11.6,1.5,164,14,5.9,9.6,1.4,170,16,84,28.45,,0,0,0,35.1,37.8,40.1,0.20,0.15,0.16
COLD,2015-12-21 14:20:00 EST,43.26127,-74.97878,1422,40.3,40.7,36.5,55.9,25.8,0.000,0.011,0.00,0.005,5.5,9.6,2.2,166,21,6.3,10.3,2.2,158,22,5.5,9.6,2.2,166,21,93,28.45,,0,0,0,35.1,37.8,40.1,0.20,0.15,0.16
COLD,2015-12-21 14:25:00 EST,43.26127,-74.97878,1422,40.4,41.0,35.0,55.9,25.9,0.000,0.011,0.00,0.002,8.1,13.9,1.8,176,11,8.7,15.9,2.1,172,10,8.1,13.9,1.8,176,11,83,28.45,,0,0,0,35.1,37.8,40.0,0.20,0.15,0.16
COLD,2015-12-21 14:30:00 EST,43.26127,-74.97878,1422,40.5,41.1,35.5,55.8,25.9,0.000,0.011,0.00,0.001,7.4,10.6,1.6,176,11,7.9,11.9,1.8,172,10,7.4,10.6,1.6,176,11,62,28.45,,0,0,0,35.1,37.8,40.1,0.20,0.15,0.16
COLD,2015-12-21 14:35:00 EST,43.26127,-74.97878,1422,40.4,41.0,36.4,56.6,26.2,0.000,0.011,0.00,0.000,5.8,12.7,2.0,186,12,6.3,13.2,2.1,180,10,5.8,12.7,2.0,186,12,54,28.45,,0,0,0,35.1,37.8,40.0,0.20,0.15,0.16
COLD,2015-12-21 14:40:00 EST,43.26127,-74.97878,1422,40.0,40.9,36.1,58.9,26.8,0.000,0.011,0.00,0.000,5.5,7.7,1.2,179,11,6.2,8.5,1.2,172,11,5.5,7.7,1.2,179,11,48,28.44,,0,0,0,35.1,37.8,40.0,0.20,0.15,0.16
COLD,2015-12-21 14:45:00 EST,43.26127,-74.97878,1422,40.0,40.8,35.0,59.2,26.9,0.000,0.011,0.00,0.000,7.3,12.1,2.4,176,20,7.8,12.3,2.4,170,20,7.3,12.1,2.4,176,20,33,28.44,,0,0,0,35.1,37.8,40.0,0.20,0.15,0.16
COLD,2015-12-21 14:50:00 EST,43.26127,-74.97878,1422,40.3,40.8,35.6,58.8,27.0,0.003,0.015,0.00,0.003,6.8,11.3,1.9,177,12,7.4,12.5,1.9,171,11,6.8,11.3,1.9,177,12,21,28.44,,0,0,0,35.1,37.8,40.1,0.20,0.15,0.16
COLD,2015-12-21 14:55:00 EST,43.26127,-74.97878,1422,39.3,40.1,35.2,63.8,28.1,0.008,0.023,0.00,0.012,5.6,8.8,1.4,173,16,6.2,11.2,1.7,168,12,5.6,8.8,1.4,173,16,16,28.44,,0,0,0,35.1,37.8,40.0,0.20,0.15,0.16
COLD,2015-12-21 15:00:00 EST,43.26127,-74.97878,1422,38.5,39.5,33.5,69.9,29.5,0.004,0.027,0.00,0.016,6.7,9.5,1.1,172,12,7.6,11.0,1.3,167,11,6.7,9.5,1.1,172,12,20,28.44,,0,0,0,35.1,37.8,40.1,0.20,0.15,0.16
COLD,2015-12-21 15:05:00 EST,43.26127,-74.97878,1422,38.1,39.2,34.1,72.9,30.2,0.006,0.033,0.00,0.022,5.3,9.2,1.7,164,14,6.2,10.7,2.0,159,14,5.3,9.2,1.7,164,14,19,28.43,,0,0,0,35.1,37.8,40.0,0.20,0.15,0.16
COLD,2015-12-21 15:10:00 EST,43.26127,-74.97878,1422,38.1,38.6,35.4,74.4,30.7,0.004,0.037,0.00,0.025,3.7,6.1,1.3,148,18,4.4,6.9,1.3,140,18,3.7,6.1,1.3,148,18,23,28.42,,0,0,0,35.1,37.8,40.0,0.20,0.15,0.16
COLD,2015-12-21 15:15:00 EST,43.26127,-74.97878,1422,37.4,38.2,35.2,79.1,31.5,0.003,0.040,0.00,0.029,3.1,6.6,1.5,149,24,3.9,7.8,1.6,144,23,3.1,6.6,1.5,149,24,20,28.42,,0,0,0,35.1,37.8,40.0,0.20,0.15,0.16
COLD,2015-12-21 15:20:00 EST,43.26127,-74.97878,1422,37.9,38.4,34.4,79.0,32.0,0.007,0.047,0.00,0.036,4.6,8.0,1.3,168,16,5.5,9.8,1.4,163,13,4.6,8.0,1.3,168,16,23,28.42,,0,0,0,35.1,37.8,40.0,0.20,0.15,0.16
COLD,2015-12-21 15:25:00 EST,43.26127,-74.97878,1422,37.7,38.5,32.9,80.6,32.2,0.003,0.050,0.00,0.039,6.2,13.1,2.0,173,16,7.1,14.5,2.2,168,14,6.2,13.1,2.0,173,16,19,28.41,,0,0,0,35.1,37.8,40.0,0.19,0.15,0.16
COLD,2015-12-21 15:30:00 EST,43.26127,-74.97878,1422,38.1,38.6,31.7,80.1,32.5,0.008,0.058,0.00,0.047,9.1,13.4,1.1,180,9,10.2,13.6,1.4,177,7,9.1,13.4,1.1,180,9,17,28.42,,0,0,0,35.1,37.8,40.0,0.20,0.15,0.16
COLD,2015-12-21 15:35:00 EST,43.26127,-74.97878,1422,38.2,38.6,32.0,79.9,32.5,0.004,0.062,0.00,0.050,8.7,12.7,1.8,181,11,9.9,14.8,2.1,178,9,8.7,12.7,1.8,181,11,14,28.41,,0,0,0,35.1,37.8,40.0,0.20,0.15,0.16
COLD,2015-12-21 15:40:00 EST,43.26127,-74.97878,1422,37.9,38.3,33.1,81.0,32.6,0.000,0.062,0.00,0.050,6.2,10.1,1.4,180,11,7.0,11.2,1.6,175,9,6.2,10.1,1.4,180,11,9,28.41,,0,0,0,35.1,37.8,40.0,0.20,0.15,0.16
COLD,2015-12-21 15:45:00 EST,43.26127,-74.97878,1422,37.8,38.3,33.5,81.7,32.7,0.000,0.062,0.00,0.050,5.4,7.1,0.7,186,11,6.1,8.5,0.9,179,9,5.4,7.1,0.7,186,11,7,28.42,,0,0,0,35.0,37.8,40.0,0.20,0.15,0.16
COLD,2015-12-21 15:50:00 EST,43.26127,-74.97878,1422,37.7,38.4,33.4,81.8,32.6,0.000,0.062,0.00,0.047,5.4,7.8,0.8,180,13,6.0,8.9,0.9,174,10,5.4,7.8,0.8,180,13,7,28.42,,0,0,0,35.1,37.8,40.0,0.20,0.15,0.16
COLD,2015-12-21 15:55:00 EST,43.26127,-74.97878,1422,37.5,38.3,33.3,83.6,33.0,0.000,0.062,0.00,0.039,5.2,7.4,0.8,177,11,5.7,8.9,1.1,170,9,5.2,7.4,0.8,177,11,6,28.42,,0,0,0,35.0,37.8,40.0,0.20,0.15,0.16
COLD,2015-12-21 16:00:00 EST,43.26127,-74.97878,1422,38.1,38.9,33.4,82.1,33.1,0.000,0.062,0.00,0.035,6.2,8.9,1.0,177,11,6.9,11.6,1.4,172,10,6.2,8.9,1.0,177,11,5,28.42,,0,0,0,35.0,37.8,40.0,0.20,0.15,0.16
COLD,2015-12-21 16:05:00 EST,43.26127,-74.97878,1422,38.1,39.0,34.2,81.1,32.8,0.000,0.062,0.00,0.029,5.0,7.0,1.0,174,13,5.8,8.7,1.1,167,11,5.0,7.0,1.0,174,13,5,28.41,,0,0,0,35.1,37.7,40.0,0.21,0.15,0.16
COLD,2015-12-21 16:10:00 EST,43.26127,-74.97878,1422,37.9,38.8,37.9,80.7,32.6,0.000,0.062,0.00,0.025,2.5,5.0,1.0,162,33,3.1,6.3,1.2,151,29,2.5,5.0,1.0,162,33,5,28.41,,0,0,0,35.0,37.7,40.0,0.21,0.15,0.16
COLD,2015-12-21 16:15:00 EST,43.26127,-74.97878,1422,38.2,39.1,35.5,80.1,32.6,0.000,0.062,0.00,0.022,3.8,7.2,1.1,192,12,4.1,8.3,1.3,182,11,3.8,7.2,1.1,192,12,2,28.42,,0,0,0,35.0,37.8,40.0,0.21,0.15,0.16
COLD,2015-12-21 16:20:00 EST,43.26127,-74.97878,1422,38.8,40.0,34.3,77.2,32.3,0.000,0.062,0.00,0.015,6.1,9.7,1.6,199,20,6.6,10.1,1.7,191,19,6.1,9.7,1.6,199,20,1,28.42,,0,0,0,35.0,37.8,40.0,0.21,0.15,0.16
COLD,2015-12-21 16:25:00 EST,43.26127,-74.97878,1422,40.2,40.9,34.6,70.3,31.3,0.000,0.062,0.00,0.012,8.3,12.9,1.7,195,13,9.1,15.0,2.2,190,11,8.3,12.9,1.7,195,13,1,28.42,,0,0,0,35.0,37.7,40.0,0.21,0.15,0.16
COLD,2015-12-21 16:30:00 EST,43.26127,-74.97878,1422,40.5,41.1,34.5,67.6,30.6,0.000,0.062,0.00,0.004,9.6,12.3,1.4,190,9,10.7,14.3,1.7,186,7,9.6,12.3,1.4,190,9,1,28.42,,0,0,0,35.0,37.8,39.9,0.21,0.15,0.16
COLD,2015-12-21 16:35:00 EST,43.26127,-74.97878,1422,40.1,40.7,34.0,69.1,30.8,0.000,0.062,0.00,0.000,9.6,13.8,1.6,185,11,10.7,16.1,1.9,182,9,9.6,13.8,1.6,185,11,1,28.42,,0,0,0,35.0,37.7,40.0,0.21,0.15,0.16
COLD,2015-12-21 16:40:00 EST,43.26127,-74.97878,1422,40.2,40.9,33.2,69.1,30.9,0.000,0.062,0.00,0.000,11.7,17.0,2.3,190,8,13.0,19.7,2.7,187,7,11.7,17.0,2.3,190,8,0,28.43,,0,0,0,35.0,37.7,39.9,0.21,0.15,0.16
COLD,2015-12-21 16:45:00 EST,43.26127,-74.97878,1422,40.1,40.7,33.3,69.7,31.0,0.000,0.062,0.00,0.000,11.3,15.1,1.4,198,11,12.5,17.4,1.9,193,9,11.3,15.1,1.4,198,11,0,28.43,,0,0,0,35.0,37.8,39.9,0.21,0.15,0.16
COLD,2015-12-21 16:50:00 EST,43.26127,-74.97878,1422,39.9,40.2,32.9,74.2,32.3,0.000,0.062,0.00,0.000,11.4,15.6,1.8,199,10,12.6,18.6,2.4,195,7,11.4,15.6,1.8,199,10,0,28.43,,0,0,0,35.0,37.7,39.9,0.22,0.15,0.16
COLD,2015-12-21 16:55:00 EST,43.26127,-74.97878,1422,39.2,39.7,33.2,78.2,33.0,0.000,0.062,0.00,0.000,8.9,11.3,1.2,197,9,9.9,13.4,1.5,193,7,8.9,11.3,1.2,197,9,0,28.43,,0,0,0,34.9,37.7,40.0,0.21,0.15,0.16
COLD,2015-12-21 17:00:00 EST,43.26127,-74.97878,1422,39.1,39.6,33.5,80.1,33.5,0.000,0.062,0.00,0.000,8.1,11.2,1.3,192,9,9.2,13.0,1.6,188,7,8.1,11.2,1.3,192,9,0,28.42,,0,0,0,35.0,37.7,40.0,0.22,0.15,0.16
COLD,2015-12-21 17:05:00 EST,43.26127,-74.97878,1422,39.0,39.4,33.6,80.6,33.5,0.000,0.062,0.00,0.000,7.6,11.0,1.1,185,11,8.3,12.5,1.5,180,8,7.6,11.0,1.1,185,11,0,28.42,,0,0,0,34.9,37.7,39.9,0.22,0.15,0.16
COLD,2015-12-21 17:10:00 EST,43.26127,-74.97878,1422,39.0,39.5,33.6,81.3,33.7,0.000,0.062,0.00,0.000,7.6,11.0,1.2,183,7,8.4,12.8,1.6,180,7,7.6,11.0,1.2,183,7,0,28.42,,0,0,0,34.9,37.7,40.0,0.22,0.15,0.16
COLD,2015-12-21 17:15:00 EST,43.26127,-74.97878,1422,39.2,39.7,33.7,80.9,33.9,0.000,0.062,0.00,0.000,8.0,10.2,1.1,187,9,8.9,12.8,1.4,183,8,8.0,10.2,1.1,187,9,0,28.42,,0,0,0,35.0,37.7,39.9,0.22,0.15,0.16
COLD,2015-12-21 17:20:00 EST,43.26127,-74.97878,1422,39.3,39.8,34.2,79.8,33.5,0.000,0.062,0.00,0.000,7.1,9.9,0.9,190,8,7.6,12.1,1.2,185,7,7.1,9.9,0.9,190,8,0,28.42,,0,0,0,34.9,37.7,39.9,0.22,0.15,0.16
COLD,2015-12-21 17:25:00 EST,43.26127,-74.97878,1422,39.8,40.4,34.5,77.1,33.2,0.000,0.062,0.00,0.000,7.7,11.5,1.2,189,9,8.3,13.0,1.5,185,7,7.7,11.5,1.2,189,9,0,28.42,,0,0,0,34.9,37.7,39.9,0.22,0.15,0.16
COLD,2015-12-21 17:30:00 EST,43.26127,-74.97878,1422,40.2,40.9,34.3,74.4,32.7,0.000,0.062,0.00,0.000,9.0,15.0,1.9,185,15,9.8,17.4,2.3,182,13,9.0,15.0,1.9,185,15,0,28.42,,0,0,0,35.0,37.7,40.0,0.22,0.15,0.16
COLD,2015-12-21 17:35:00 EST,43.26127,-74.97878,1422,41.2,41.8,36.3,68.0,31.5,0.000,0.062,0.00,0.000,7.6,12.7,1.6,201,18,8.1,13.4,1.9,195,15,7.6,12.7,1.6,201,18,0,28.42,,0,0,0,35.0,37.7,39.9,0.22,0.15,0.16
COLD,2015-12-21 17:40:00 EST,43.26127,-74.97878,1422,41.3,42.0,36.5,66.6,31.0,0.000,0.062,0.00,0.000,7.3,11.9,1.8,210,13,7.7,12.5,2.0,205,11,7.3,11.9,1.8,210,13,0,28.42,,0,0,0,34.9,37.7,39.9,0.22,0.15,0.16
COLD,2015-12-21 17:45:00 EST,43.26127,-74.97878,1422,41.7,42.3,36.7,65.3,30.9,0.000,0.062,0.00,0.000,8.0,12.9,1.5,200,9,8.3,14.1,1.6,196,8,8.0,12.9,1.5,200,9,0,28.42,,0,0,0,35.0,37.7,39.9,0.22,0.15,0.16
COLD,2015-12-21 17:50:00 EST,43.26127,-74.97878,1422,41.8,42.4,37.2,63.5,30.3,0.000,0.062,0.00,0.000,7.1,10.4,1.2,204,10,7.3,10.3,1.4,200,9,7.1,10.4,1.2,204,10,0,28.42,,0,0,0,34.9,37.7,39.9,0.22,0.15,0.16
COLD,2015-12-21 17:55:00 EST,43.26127,-74.97878,1422,42.0,42.7,36.5,62.2,30.0,0.000,0.062,0.00,0.000,9.0,16.8,2.5,200,15,9.7,19.2,2.7,195,13,9.0,16.8,2.5,200,15,0,28.42,,0,0,0,34.9,37.7,39.9,0.22,0.15,0.16
COLD,2015-12-21 18:00:00 EST,43.26127,-74.97878,1422,42.4,43.0,37.5,60.2,29.5,0.000,0.062,0.00,0.000,7.9,12.5,1.7,209,11,8.1,13.2,1.8,204,11,7.9,12.5,1.7,209,11,0,28.43,,0,0,0,35.0,37.7,39.9,0.22,0.15,0.16
COLD,2015-12-21 18:05:00 EST,43.26127,-74.97878,1422,41.7,42.7,37.1,62.1,29.7,0.000,0.062,0.00,0.000,7.1,10.4,1.1,203,10,7.4,10.7,1.3,199,9,7.1,10.4,1.1,203,10,0,28.43,,0,0,0,34.9,37.7,39.9,0.22,0.15,0.16
COLD,2015-12-21 18:10:00 EST,43.26127,-74.97878,1422,42.3,42.9,38.0,60.5,29.6,0.000,0.062,0.00,0.000,6.7,9.2,1.1,196,9,7.1,10.3,1.2,192,8,6.7,9.2,1.1,196,9,0,28.43,,0,0,0,34.9,37.7,39.9,0.22,0.15,0.16
COLD,2015-12-21 18:15:00 EST,43.26127,-74.97878,1422,41.7,42.8,37.7,61.3,29.4,0.000,0.062,0.00,0.000,6.2,8.3,0.8,191,9,6.5,8.5,1.0,185,8,6.2,8.3,0.8,191,9,0,28.43,,0,0,0,34.9,37.7,39.9,0.22,0.15,0.16
COLD,2015-12-21 18:20:00 EST,43.26127,-74.97878,1422,41.3,42.6,37.3,62.6,29.5,0.000,0.062,0.00,0.000,6.0,7.6,0.8,199,10,6.4,11.6,1.1,194,9,6.0,7.6,0.8,199,10,0,28.43,,0,0,0,35.0,37.7,39.9,0.22,0.15,0.16
COLD,2015-12-21 18:25:00 EST,43.26127,-74.97878,1422,41.4,42.5,39.0,61.9,29.3,0.000,0.062,0.00,0.000,4.0,6.3,1.3,206,16,4.1,7.2,1.5,201,16,4.0,6.3,1.3,206,16,0,28.43,,0,0,0,35.0,37.7,39.9,0.22,0.15,0.16
COLD,2015-12-21 18:30:00 EST,43.26127,-74.97878,1422,41.4,42.4,38.5,62.3,29.4,0.000,0.062,0.00,0.000,4.4,7.7,1.7,204,12,4.7,7.8,1.8,198,12,4.4,7.7,1.7,204,12,0,28.43,,0,0,0,35.0,37.7,39.9,0.22,0.15,0.16
COLD,2015-12-21 18:35:00 EST,43.26127,-74.97878,1422,41.7,42.8,38.0,60.9,29.2,0.000,0.062,0.00,0.000,5.7,8.3,1.0,194,13,6.0,8.9,1.1,189,13,5.7,8.3,1.0,194,13,0,28.44,,0,0,0,34.9,37.7,39.9,0.22,0.15,0.16
COLD,2015-12-21 18:40:00 EST,43.26127,-74.97878,1422,42.2,43.1,37.5,60.0,29.3,0.000,0.062,0.00,0.000,7.5,12.0,1.9,199,10,7.8,13.4,2.0,193,9,7.5,12.0,1.9,199,10,0,28.44,,0,0,0,35.0,37.6,39.9,0.22,0.15,0.16
COLD,2015-12-21 18:45:00 EST,43.26127,-74.97878,1422,42.3,43.2,38.1,59.4,29.2,0.000,0.062,0.00,0.000,6.8,10.6,1.4,207,10,7.1,11.4,1.5,202,10,6.8,10.6,1.4,207,10,0,28.44,,0,0,0,35.0,37.6,39.9,0.22,0.15,0.16
COLD,2015-12-21 18:50:00 EST,43.26127,-74.97878,1422,42.3,43.2,38.6,60.1,29.4,0.000,0.062,0.00,0.000,5.8,7.8,0.7,204,9,6.0,8.1,0.8,200,8,5.8,7.8,0.7,204,9,0,28.44,,0,0,0,35.0,37.6,39.9,0.22,0.15,0.16
COLD,2015-12-21 18:55:00 EST,43.26127,-74.97878,1422,42.5,43.3,38.7,59.8,29.5,0.000,0.062,0.00,0.000,6.0,9.5,1.0,208,13,6.2,11.9,1.2,202,13,6.0,9.5,1.0,208,13,0,28.44,,0,0,0,35.0,37.6,39.9,0.22,0.15,0.16
COLD,2015-12-21 19:00:00 EST,43.26127,-74.97878,1422,42.7,43.6,38.5,59.2,29.4,0.000,0.062,0.00,0.000,6.7,11.1,1.4,205,12,7.1,11.6,1.6,200,11,6.7,11.1,1.4,205,12,0,28.44,,0,0,0,35.0,37.7,39.9,0.22,0.15,0.16
COLD,2015-12-21 19:05:00 EST,43.26127,-74.97878,1422,42.7,43.7,38.0,59.9,29.7,0.000,0.062,0.00,0.000,7.8,11.4,1.5,206,12,8.0,12.3,1.6,201,10,7.8,11.4,1.5,206,12,0,28.44,,0,0,0,35.0,37.6,39.9,0.22,0.15,0.16
COLD,2015-12-21 19:10:00 EST,43.26127,-74.97878,1422,43.1,43.8,39.3,58.2,29.4,0.000,0.062,0.00,0.000,6.3,9.9,1.2,210,11,6.5,10.3,1.4,204,10,6.3,9.9,1.2,210,11,0,28.45,,0,0,0,35.0,37.6,39.9,0.22,0.15,0.16
COLD,2015-12-21 19:15:00 EST,43.26127,-74.97878,1422,42.9,43.8,38.9,58.9,29.5,0.000,0.062,0.00,0.000,6.5,10.2,1.5,209,11,6.9,12.8,1.6,204,10,6.5,10.2,1.5,209,11,0,28.45,,0,0,0,35.0,37.7,39.9,0.22,0.15,0.16
COLD,2015-12-21 19:20:00 EST,43.26127,-74.97878,1422,43.2,43.9,38.7,59.1,29.9,0.000,0.062,0.00,0.000,7.6,11.8,1.8,201,14,8.0,13.2,2.0,196,14,7.6,11.8,1.8,201,14,0,28.44,,0,0,0,35.0,37.7,39.9,0.22,0.15,0.16
COLD,2015-12-21 19:25:00 EST,43.26127,-74.97878,1422,42.8,43.6,39.1,60.1,29.9,0.000,0.062,0.00,0.000,5.9,9.9,1.2,212,12,6.1,9.4,1.2,206,11,5.9,9.9,1.2,212,12,0,28.45,,0,0,0,35.0,37.6,39.9,0.22,0.15,0.16
COLD,2015-12-21 19:30:00 EST,43.26127,-74.97878,1422,43.4,43.8,39.7,59.1,30.0,0.000,0.062,0.00,0.000,6.2,11.0,1.5,219,11,6.2,12.5,1.6,214,11,6.2,11.0,1.5,219,11,0,28.45,,0,0,0,35.0,37.6,39.9,0.22,0.15,0.16
COLD,2015-12-21 19:35:00 EST,43.26127,-74.97878,1422,43.1,43.6,40.0,60.1,30.2,0.000,0.062,0.00,0.000,5.1,7.2,0.8,216,11,5.3,8.1,0.9,212,10,5.1,7.2,0.8,216,11,0,28.45,,0,0,0,35.0,37.6,39.9,0.22,0.15,0.16
COLD,2015-12-21 19:40:00 EST,43.26127,-74.97878,1422,43.1,43.7,39.1,60.5,30.4,0.000,0.062,0.00,0.000,6.8,9.8,1.1,219,11,6.8,10.1,1.3,215,10,6.8,9.8,1.1,219,11,0,28.45,,0,0,0,35.0,37.6,39.9,0.22,0.15,0.16
COLD,2015-12-21 19:45:00 EST,43.26127,-74.97878,1422,43.2,43.7,39.3,60.6,30.6,0.000,0.062,0.00,0.000,6.6,10.4,1.5,221,11,6.8,9.6,1.5,216,10,6.6,10.4,1.5,221,11,0,28.45,,0,0,0,35.0,37.6,39.9,0.22,0.15,0.16
COLD,2015-12-21 19:50:00 EST,43.26127,-74.97878,1422,43.4,43.8,39.2,60.8,30.7,0.000,0.062,0.00,0.000,7.1,10.7,1.7,217,10,7.1,11.6,1.7,212,9,7.1,10.7,1.7,217,10,0,28.45,,0,0,0,35.0,37.6,39.9,0.22,0.15,0.16
COLD,2015-12-21 19:55:00 EST,43.26127,-74.97878,1422,43.5,44.0,39.0,60.6,30.8,0.000,0.062,0.00,0.000,7.7,12.4,1.6,218,11,7.7,12.1,1.6,213,10,7.7,12.4,1.6,218,11,0,28.45,,0,0,0,35.1,37.6,39.9,0.22,0.15,0.16
COLD,2015-12-21 20:00:00 EST,43.26127,-74.97878,1422,43.4,43.9,39.5,61.1,30.9,0.000,0.062,0.00,0.000,6.5,10.1,1.1,224,10,6.6,10.3,1.1,220,9,6.5,10.1,1.1,224,10,0,28.44,,0,0,0,35.1,37.6,39.9,0.22,0.15,0.16
COLD,2015-12-21 20:05:00 EST,43.26127,-74.97878,1422,43.3,43.9,39.2,62.0,31.2,0.000,0.062,0.00,0.000,7.0,9.9,1.4,223,10,6.9,10.5,1.4,218,10,7.0,9.9,1.4,223,10,0,28.44,,0,0,0,35.1,37.6,39.9,0.22,0.15,0.16
COLD,2015-12-21 20:10:00 EST,43.26127,-74.97878,1422,43.7,44.1,39.0,61.6,31.3,0.000,0.062,0.00,0.000,8.2,12.6,2.1,225,11,8.2,12.5,2.2,221,11,8.2,12.6,2.1,225,11,0,28.44,,0,0,0,35.1,37.6,39.9,0.22,0.15,0.16
COLD,2015-12-21 20:15:00 EST,43.26127,-74.97878,1422,43.7,44.2,38.9,61.5,31.4,0.000,0.062,0.00,0.000,8.5,11.7,1.3,222,10,8.6,12.5,1.4,217,10,8.5,11.7,1.3,222,10,0,28.45,,0,0,0,35.1,37.6,39.9,0.22,0.15,0.16
COLD,2015-12-21 20:20:00 EST,43.26127,-74.97878,1422,43.6,44.1,38.6,62.4,31.6,0.000,0.062,0.00,0.000,8.8,14.0,1.5,215,12,9.1,13.9,1.6,210,10,8.8,14.0,1.5,215,12,0,28.45,,0,0,0,35.1,37.6,39.9,0.22,0.15,0.16
COLD,2015-12-21 20:25:00 EST,43.26127,-74.97878,1422,43.7,44.1,38.5,62.9,31.9,0.000,0.062,0.00,0.000,9.4,14.9,1.8,215,13,9.6,16.3,1.9,210,12,9.4,14.9,1.8,215,13,0,28.45,,0,0,0,35.1,37.6,39.9,0.22,0.15,0.16
COLD,2015-12-21 20:30:00 EST,43.26127,-74.97878,1422,43.7,44.1,38.2,63.3,32.1,0.000,0.062,0.00,0.000,10.1,14.8,1.7,212,12,10.3,14.5,1.9,208,11,10.1,14.8,1.7,212,12,0,28.44,,0,0,0,35.1,37.6,39.9,0.22,0.15,0.16
COLD,2015-12-21 20:35:00 EST,43.26127,-74.97878,1422,43.6,44.0,38.9,63.7,32.1,0.000,0.062,0.00,0.000,8.1,12.3,1.6,220,11,8.4,13.4,1.8,216,9,8.1,12.3,1.6,220,11,0,28.44,,0,0,0,35.1,37.6,39.9,0.22,0.15,0.16
COLD,2015-12-21 20:40:00 EST,43.26127,-74.97878,1422,43.6,43.9,39.2,64.4,32.3,0.000,0.062,0.00,0.000,7.4,11.2,1.3,222,12,7.4,11.2,1.4,217,11,7.4,11.2,1.3,222,12,0,28.44,,0,0,0,35.1,37.6,39.9,0.22,0.15,0.16
COLD,2015-12-21 20:45:00 EST,43.26127,-74.97878,1422,43.7,44.1,38.5,64.0,32.4,0.000,0.062,0.00,0.000,9.4,13.5,1.7,222,11,9.5,14.1,1.8,217,11,9.4,13.5,1.7,222,11,0,28.44,,0,0,0,35.2,37.6,39.9,0.22,0.15,0.16
COLD,2015-12-21 20:50:00 EST,43.26127,-74.97878,1422,43.6,44.0,39.0,64.5,32.4,0.000,0.062,0.00,0.000,8.0,11.3,1.3,225,11,8.0,10.7,1.4,221,11,8.0,11.3,1.3,225,11,0,28.44,,0,0,0,35.2,37.6,39.9,0.22,0.15,0.16
COLD,2015-12-21 20:55:00 EST,43.26127,-74.97878,1422,43.5,44.0,39.0,64.6,32.4,0.000,0.062,0.00,0.000,7.8,10.8,1.1,218,12,7.9,11.0,1.2,213,11,7.8,10.8,1.1,218,12,0,28.44,,0,0,0,35.2,37.6,39.9,0.22,0.15,0.16
COLD,2015-12-21 21:00:00 EST,43.26127,-74.97878,1422,43.5,43.9,39.6,65.0,32.6,0.000,0.062,0.00,0.000,6.6,9.9,1.1,220,12,6.7,10.1,1.2,214,12,6.6,9.9,1.1,220,12,0,28.43,,0,0,0,35.2,37.6,39.9,0.22,0.15,0.16
COLD,2015-12-21 21:05:00 EST,43.26127,-74.97878,1422,43.6,43.9,39.7,65.3,32.7,0.000,0.062,0.00,0.000,6.6,10.2,1.6,218,10,6.7,11.0,1.5,213,10,6.6,10.2,1.6,218,10,0,28.44,,0,0,0,35.3,37.6,39.9,0.22,0.15,0.16
COLD,2015-12-21 21:10:00 EST,43.26127,-74.97878,1422,43.8,44.1,39.5,65.1,32.8,0.000,0.062,0.00,0.000,7.4,10.7,1.3,223,10,7.5,11.9,1.3,218,9,7.4,10.7,1.3,223,10,0,28.44,,0,0,0,35.3,37.6,39.8,0.22,0.15,0.16
COLD,2015-12-21 21:15:00 EST,43.26127,-74.97878,1422,43.7,44.0,39.9,65.6,33.0,0.000,0.062,0.00,0.000,6.5,10.4,1.6,224,14,6.9,12.1,1.6,219,13,6.5,10.4,1.6,224,14,0,28.44,,0,0,0,35.3,37.6,39.9,0.22,0.15,0.16
COLD,2015-12-21 21:20:00 EST,43.26127,-74.97878,1422,43.9,44.1,39.7,65.5,33.1,0.000,0.062,0.00,0.000,7.4,14.4,2.8,225,11,7.5,14.1,2.8,221,10,7.4,14.4,2.8,225,11,0,28.44,,0,0,0,35.4,37.6,39.9,0.22,0.15,0.16
COLD,2015-12-21 21:25:00 EST,43.26127,-74.97878,1422,44.0,44.2,39.9,65.5,33.2,0.000,0.062,0.00,0.000,7.1,12.4,1.7,226,13,7.2,11.9,1.7,222,12,7.1,12.4,1.7,226,13,0,28.44,,0,0,0,35.4,37.6,39.8,0.22,0.15,0.16
COLD,2015-12-21 21:30:00 EST,43.26127,-74.97878,1422,43.9,44.2,40.3,66.0,33.3,0.000,0.062,0.00,0.000,6.3,11.5,1.7,234,14,6.4,12.3,1.8,229,15,6.3,11.5,1.7,234,14,0,28.44,,0,0,0,35.4,37.6,39.8,0.22,0.15,0.16
COLD,2015-12-21 21:35:00 EST,43.26127,-74.97878,1422,43.9,44.2,40.0,66.3,33.4,0.000,0.062,0.00,0.000,6.6,9.4,1.7,225,12,6.8,10.3,1.7,221,12,6.6,9.4,1.7,225,12,0,28.44,,0,0,0,35.4,37.6,39.8,0.22,0.15,0.16
COLD,2015-12-21 21:40:00 EST,43.26127,-74.97878,1422,43.9,44.3,40.4,66.5,33.5,0.000,0.062,0.00,0.000,6.1,8.8,1.1,226,12,6.1,9.4,1.3,221,12,6.1,8.8,1.1,226,12,0,28.44,,0,0,0,35.4,37.6,39.8,0.22,0.15,0.16
COLD,2015-12-21 21:45:00 EST,43.26127,-74.97878,1422,44.0,44.2,41.4,66.6,33.6,0.000,0.062,0.00,0.000,4.6,6.6,0.7,223,11,4.8,6.9,0.9,216,11,4.6,6.6,0.7,223,11,0,28.44,,0,0,0,35.5,37.6,39.8,0.22,0.15,0.16
COLD,2015-12-21 21:50:00 EST,43.26127,-74.97878,1422,43.9,44.2,41.4,66.7,33.5,0.000,0.062,0.00,0.000,4.5,6.9,1.2,225,12,4.4,8.1,1.3,219,10,4.5,6.9,1.2,225,12,0,28.44,,0,0,0,35.6,37.6,39.9,0.22,0.15,0.16
COLD,2015-12-21 21:55:00 EST,43.26127,-74.97878,1422,43.9,44.2,42.6,66.6,33.5,0.000,0.062,0.00,0.000,3.2,6.1,1.0,226,12,3.1,5.4,0.9,219,12,3.2,6.1,1.0,226,12,0,28.44,,0,0,0,35.6,37.6,39.8,0.22,0.15,0.16
COLD,2015-12-21 22:00:00 EST,43.26127,-74.97878,1422,43.8,44.1,42.5,67.2,33.6,0.000,0.062,0.00,0.000,3.2,5.4,0.9,222,12,3.1,5.6,1.0,215,11,3.2,5.4,0.9,222,12,0,28.45,,0,0,0,35.6,37.6,39.7,0.22,0.15,0.16
COLD,2015-12-21 22:05:00 EST,43.26127,-74.97878,1422,43.7,44.1,43.7,67.5,33.7,0.000,0.062,0.00,0.000,2.6,4.7,0.8,220,14,2.4,5.4,0.8,211,17,2.6,4.7,0.8,220,14,0,28.45,,0,0,0,35.7,37.6,39.8,0.22,0.15,0.16
COLD,2015-12-21 22:10:00 EST,43.26127,-74.97878,1422,43.6,44.0,43.6,67.9,33.7,0.000,0.062,0.00,0.000,2.0,3.9,0.6,213,11,2.0,3.8,0.6,201,13,2.0,3.9,0.6,213,11,0,28.45,,0,0,0,35.8,37.6,39.8,0.22,0.15,0.16
COLD,2015-12-21 22:15:00 EST,43.26127,-74.97878,1422,43.8,44.1,43.8,68.1,33.9,0.000,0.062,0.00,0.000,1.7,3.4,0.7,208,10,1.7,3.6,0.7,196,15,1.7,3.4,0.7,208,10,0,28.45,,0,0,0,35.8,37.6,39.8,0.22,0.15,0.16
COLD,2015-12-21 22:20:00 EST,43.26127,-74.97878,1422,43.4,44.1,43.4,68.9,33.8,0.000,0.062,0.00,0.000,0.7,2.2,0.7,247,19,0.8,2.0,0.5,260,51,0.7,2.2,0.7,247,19,0,28.45,,0,0,0,35.8,37.6,39.8,0.22,0.15,0.16
COLD,2015-12-21 22:25:00 EST,43.26127,-74.97878,1422,43.6,44.1,43.6,69.1,34.1,0.000,0.062,0.00,0.000,0.8,1.9,0.6,207,12,1.1,2.0,0.5,190,19,0.8,1.9,0.6,207,12,0,28.45,,0,0,0,35.8,37.6,39.8,0.22,0.15,0.16
COLD,2015-12-21 22:30:00 EST,43.26127,-74.97878,1422,43.0,44.0,43.0,70.8,34.1,0.000,0.062,0.00,0.000,2.3,5.6,1.0,212,26,2.5,6.7,1.0,202,29,2.3,5.6,1.0,212,26,0,28.46,,0,0,0,35.9,37.6,39.7,0.22,0.15,0.16
COLD,2015-12-21 22:35:00 EST,43.26127,-74.97878,1422,42.4,43.8,40.9,72.5,34.2,0.000,0.062,0.00,0.000,3.2,5.3,0.9,211,17,3.2,5.1,0.9,202,18,3.2,5.3,0.9,211,17,0,28.46,,0,0,0,35.9,37.6,39.8,0.22,0.15,0.16
COLD,2015-12-21 22:40:00 EST,43.26127,-74.97878,1422,43.6,44.2,42.4,69.7,34.3,0.000,0.062,0.00,0.000,3.0,4.2,0.5,211,13,3.0,4.5,0.7,202,14,3.0,4.2,0.5,211,13,0,28.46,,0,0,0,35.9,37.6,39.8,0.22,0.15,0.16
COLD,2015-12-21 22:45:00 EST,43.26127,-74.97878,1422,43.6,44.2,43.6,69.5,34.3,0.000,0.062,0.00,0.000,2.9,4.3,0.6,202,10,3.0,4.9,0.7,193,10,2.9,4.3,0.6,202,10,0,28.46,,0,0,0,36.0,37.6,39.8,0.22,0.15,0.16
COLD,2015-12-21 22:50:00 EST,43.26127,-74.97878,1422,43.3,44.1,43.3,70.5,34.3,0.000,0.062,0.00,0.000,1.6,2.8,0.4,202,16,1.8,2.9,0.4,188,17,1.6,2.8,0.4,202,16,0,28.46,,0,0,0,36.0,37.6,39.7,0.22,0.15,0.16
COLD,2015-12-21 22:55:00 EST,43.26127,-74.97878,1422,43.1,44.2,43.1,71.1,34.4,0.000,0.062,0.00,0.000,0.2,1.2,0.4,220,6,0.5,1.6,0.4,190,38,0.2,1.2,0.4,220,6,0,28.45,,0,0,0,36.0,37.6,39.7,0.22,0.15,0.16
COLD,2015-12-21 23:00:00 EST,43.26127,-74.97878,1422,43.1,44.0,43.1,71.2,34.4,0.000,0.062,0.00,0.000,0.7,1.3,0.5,340,22,1.1,2.0,0.5,356,21,0.7,1.3,0.5,340,22,0,28.45,,0,0,0,36.0,37.6,39.8,0.22,0.15,0.16
COLD,2015-12-21 23:05:00 EST,43.26127,-74.97878,1422,42.7,44.0,42.7,71.5,34.1,0.000,0.062,0.00,0.000,0.8,1.5,0.4,56,17,1.6,2.2,0.4,60,16,0.8,1.5,0.4,56,17,0,28.45,,0,0,0,36.0,37.6,39.8,0.22,0.15,0.16
COLD,2015-12-21 23:10:00 EST,43.26127,-74.97878,1422,41.9,43.8,41.9,74.4,34.4,0.000,0.062,0.00,0.000,1.0,1.5,0.4,42,15,1.5,2.0,0.3,45,15,1.0,1.5,0.4,42,15,0,28.44,,0,0,0,36.0,37.6,39.8,0.22,0.15,0.16
COLD,2015-12-21 23:15:00 EST,43.26127,-74.97878,1422,41.8,43.4,41.8,76.0,34.8,0.000,0.062,0.00,0.000,0.8,3.0,1.0,176,9,1.4,3.8,1.0,151,32,0.8,3.0,1.0,176,9,0,28.44,,0,0,0,36.0,37.6,39.8,0.22,0.15,0.16
COLD,2015-12-21 23:20:00 EST,43.26127,-74.97878,1422,42.2,43.8,42.2,76.0,35.2,0.000,0.062,0.00,0.000,0.1,1.1,0.3,153,0,0.7,1.3,0.2,107,18,0.1,1.1,0.3,153,0,0,28.44,,0,0,0,36.1,37.6,39.7,0.22,0.15,0.16
COLD,2015-12-21 23:25:00 EST,43.26127,-74.97878,1422,42.0,43.8,42.0,75.9,34.9,0.000,0.062,0.00,0.000,1.9,3.1,0.9,209,11,2.0,3.4,0.6,197,16,1.9,3.1,0.9,209,11,0,28.44,,0,0,0,36.1,37.6,39.7,0.22,0.15,0.16
COLD,2015-12-21 23:30:00 EST,43.26127,-74.97878,1422,42.8,44.1,41.1,74.2,35.2,0.000,0.062,0.00,0.000,3.4,4.2,0.5,214,10,3.4,4.7,0.7,207,10,3.4,4.2,0.5,214,10,0,28.44,,0,0,0,36.1,37.6,39.7,0.22,0.15,0.16
COLD,2015-12-21 23:35:00 EST,43.26127,-74.97878,1422,42.5,44.1,40.6,73.8,34.8,0.000,0.062,0.00,0.000,3.6,5.8,0.8,213,12,3.6,5.6,0.9,206,12,3.6,5.8,0.8,213,12,0,28.45,,0,0,0,36.1,37.6,39.7,0.22,0.15,0.16
COLD,2015-12-21 23:40:00 EST,43.26127,-74.97878,1422,42.7,44.2,40.2,73.9,35.0,0.000,0.062,0.00,0.000,4.3,5.9,0.7,213,8,4.3,6.5,0.9,207,8,4.3,5.9,0.7,213,8,0,28.45,,0,0,0,36.1,37.6,39.7,0.22,0.15,0.16
COLD,2015-12-21 23:45:00 EST,43.26127,-74.97878,1422,43.0,43.9,41.1,73.3,35.1,0.000,0.062,0.00,0.000,3.7,5.4,0.7,193,11,3.9,5.6,0.6,185,12,3.7,5.4,0.7,193,11,0,28.45,,0,0,0,36.2,37.6,39.7,0.22,0.15,0.16
COLD,2015-12-21 23:50:00 EST,43.26127,-74.97878,1422,43.2,44.0,43.2,73.8,35.4,0.000,0.062,0.00,0.000,2.8,4.5,0.5,200,15,3.0,4.9,0.7,192,15,2.8,4.5,0.5,200,15,0,28.45,,0,0,0,36.2,37.6,39.8,0.22,0.15,0.16
COLD,2015-12-21 23:55:00 EST,43.26127,-74.97878,1422,43.6,44.2,43.6,72.6,35.4,0.000,0.062,0.00,0.000,2.9,4.2,0.7,207,10,3.0,4.5,0.7,198,11,2.9,4.2,0.7,207,10,0,28.45,,0,0,0,36.3,37.6,39.7,0.22,0.15,0.16
CSQR,2015-12-21 00:00:00 EST,43.32613,-76.10445,453,32.8,33.6,26.6,60.0,20.4,0.000,0.008,0.00,0.000,6.7,9.6,1.3,139,9,7.4,10.3,1.4,137,7,6.7,9.6,1.3,139,9,0,29.70,,0,0,0,35.4,40.6,42.5,0.46,0.60,0.43
CSQR,2015-12-21 00:05:00 EST,43.32613,-76.10445,453,33.1,33.9,26.9,58.4,20.1,0.000,0.000,0.00,0.000,6.8,10.0,1.1,129,7,7.4,11.2,1.3,128,5,6.8,10.0,1.1,129,7,0,29.70,,0,0,0,35.4,40.6,42.5,0.46,0.59,0.43
CSQR,2015-12-21 00:10:00 EST,43.32613,-76.10445,453,33.1,33.9,26.7,57.4,19.7,0.000,0.000,0.00,0.000,7.1,10.0,1.1,134,10,7.8,10.5,1.2,131,7,7.1,10.0,1.1,134,10,0,29.70,,0,0,0,35.4,40.6,42.5,0.46,0.59,0.43
CSQR,2015-12-21 00:15:00 EST,43.32613,-76.10445,453,33.0,34.1,25.9,57.0,19.4,0.000,0.000,0.00,0.000,8.4,10.2,0.9,124,8,8.9,11.4,1.0,123,7,8.4,10.2,0.9,124,8,0,29.69,,0,0,0,35.4,40.6,42.5,0.46,0.59,0.43
CSQR,2015-12-21 00:20:00 EST,43.32613,-76.10445,453,33.4,34.4,27.0,55.2,19.1,0.000,0.000,0.00,0.000,7.3,10.2,1.1,128,9,7.7,11.0,1.2,128,7,7.3,10.2,1.1,128,9,0,29.69,,0,0,0,35.4,40.6,42.5,0.46,0.60,0.43
CSQR,2015-12-21 00:25:00 EST,43.32613,-76.10445,453,33.4,34.3,26.9,54.5,18.7,0.000,0.000,0.00,0.000,7.5,11.3,1.4,124,7,7.9,12.1,1.5,124,7,7.5,11.3,1.4,124,7,0,29.69,,0,0,0,35.4,40.6,42.5,0.46,0.60,0.43
CSQR,2015-12-21 00:30:00 EST,43.32613,-76.10445,453,33.6,34.5,28.0,53.4,18.5,0.000,0.000,0.00,0.000,6.3,9.0,1.2,131,8,6.8,11.4,1.3,130,6,6.3,9.0,1.2,131,8,0,29.69,,0,0,0,35.4,40.6,42.5,0.46,0.60,0.43
CSQR,2015-12-21 00:35:00 EST,43.32613,-76.10445,453,33.4,34.3,27.8,53.2,18.1,0.000,0.000,0.00,0.000,6.1,7.4,0.8,134,7,6.7,8.3,0.9,132,4,6.1,7.4,0.8,134,7,0,29.69,,0,0,0,35.4,40.6,42.5,0.46,0.59,0.43
CSQR,2015-12-21 00:40:00 EST,43.32613,-76.10445,453,33.5,34.4,27.4,53.2,18.3,0.000,0.000,0.00,0.000,6.8,8.9,0.8,130,8,7.3,9.8,0.9,128,6,6.8,8.9,0.8,130,8,0,29.68,,0,0,0,35.4,40.6,42.5,0.46,0.60,0.43
CSQR,2015-12-21 00:45:00 EST,43.32613,-76.10445,453,33.5,34.5,27.2,53.5,18.4,0.000,0.000,0.00,0.000,7.2,10.0,1.2,127,11,7.6,11.2,1.4,126,9,7.2,10.0,1.2,127,11,0,29.69,,0,0,0,35.4,40.6,42.5,0.46,0.59,0.43
CSQR,2015-12-21 00:50:00 EST,43.32613,-76.10445,453,34.2,34.9,28.2,52.0,18.4,0.000,0.000,0.00,0.000,6.9,10.9,1.4,127,9,7.4,11.9,1.5,127,7,6.9,10.9,1.4,127,9,0,29.69,,0,0,0,35.4,40.6,42.5,0.46,0.60,0.43
CSQR,2015-12-21 00:55:00 EST,43.32613,-76.10445,453,33.8,34.7,28.5,52.5,18.3,0.000,0.000,0.00,0.000,5.8,9.0,1.1,136,11,6.4,9.2,1.2,133,8,5.8,9.0,1.1,136,11,0,29.69,,0,0,0,35.4,40.6,42.5,0.46,0.60,0.43
CSQR,2015-12-21 01:00:00 EST,43.32613,-76.10445,453,34.3,35.1,28.5,51.7,18.3,0.000,0.000,0.00,0.000,6.6,9.4,0.8,130,9,7.0,9.4,0.8,129,7,6.6,9.4,0.8,130,9,0,29.68,,0,0,0,35.4,40.6,42.4,0.46,0.60,0.43
CSQR,2015-12-21 01:05:00 EST,43.32613,-76.10445,453,34.5,35.3,28.2,51.1,18.3,0.000,0.000,0.00,0.000,7.6,10.3,0.9,125,7,8.0,10.7,1.0,125,6,7.6,10.3,0.9,125,7,0,29.68,,0,0,0,35.4,40.6,42.5,0.46,0.60,0.43
CSQR,2015-12-21 01:10:00 EST,43.32613,-76.10445,453,34.7,35.3,28.7,50.8,18.3,0.000,0.000,0.00,0.000,7.0,10.1,1.1,129,8,7.5,11.0,1.3,129,8,7.0,10.1,1.1,129,8,0,29.68,,0,0,0,35.4,40.6,42.5,0.46,0.60,0.43
CSQR,2015-12-21 01:15:00 EST,43.32613,-76.10445,453,34.6,35.3,28.5,51.2,18.4,0.000,0.000,0.00,0.000,7.3,9.4,1.0,132,7,7.7,11.0,1.1,131,6,7.3,9.4,1.0,132,7,0,29.68,,0,0,0,35.4,40.6,42.5,0.46,0.60,0.43
CSQR,2015-12-21 01:20:00 EST,43.32613,-76.10445,453,34.5,35.3,28.3,51.9,18.6,0.000,0.000,0.00,0.000,7.4,12.0,1.3,138,11,8.0,13.0,1.4,135,9,7.4,12.0,1.3,138,11,0,29.67,,0,0,0,35.4,40.6,42.4,0.46,0.60,0.43
CSQR,2015-12-21 01:25:00 EST,43.32613,-76.10445,453,34.9,35.6,28.6,51.1,18.6,0.000,0.000,0.00,0.000,7.7,10.4,1.4,142,9,8.4,11.6,1.4,139,7,7.7,10.4,1.4,142,9,0,29.67,,0,0,0,35.4,40.6,42.5,0.46,0.60,0.43
CSQR,2015-12-21 01:30:00 EST,43.32613,-76.10445,453,34.9,35.6,28.6,51.2,18.6,0.000,0.000,0.00,0.000,7.5,12.1,1.4,136,9,8.3,13.0,1.6,133,6,7.5,12.1,1.4,136,9,0,29.67,,0,0,0,35.4,40.6,42.4,0.46,0.59,0.43
CSQR,2015-12-21 01:35:00 EST,43.32613,-76.10445,453,35.1,35.8,29.1,50.8,18.7,0.000,0.000,0.00,0.000,7.2,11.3,1.5,135,9,8.0,11.9,1.7,133,7,7.2,11.3,1.5,135,9,0,29.67,,0,0,0,35.3,40.6,42.4,0.46,0.60,0.43
CSQR,2015-12-21 01:40:00 EST,43.32613,-76.10445,453,35.3,35.9,29.7,50.7,18.9,0.000,0.000,0.00,0.000,6.6,10.3,1.3,132,9,7.2,11.4,1.5,131,6,6.6,10.3,1.3,132,9,0,29.67,,0,0,0,35.4,40.6,42.4,0.46,0.60,0.43
CSQR,2015-12-21 01:45:00 EST,43.32613,-76.10445,453,35.5,36.0,31.7,49.9,18.7,0.000,0.000,0.00,0.000,4.5,6.7,1.1,126,14,4.9,7.8,1.2,125,13,4.5,6.7,1.1,126,14,0,29.67,,0,0,0,35.4,40.6,42.5,0.46,0.60,0.43
CSQR,2015-12-21 01:50:00 EST,43.32613,-76.10445,453,35.6,36.2,30.3,50.2,18.9,0.000,0.000,0.00,0.000,6.2,9.0,1.2,119,10,6.7,9.6,1.3,118,10,6.2,9.0,1.2,119,10,0,29.66,,0,0,0,35.4,40.6,42.5,0.46,0.60,0.43
CSQR,2015-12-21 01:55:00 EST,43.32613,-76.10445,453,35.9,36.5,30.4,49.2,18.7,0.000,0.000,0.00,0.000,6.8,9.9,1.3,119,10,7.4,11.2,1.4,118,10,6.8,9.9,1.3,119,10,0,29.67,,0,0,0,35.4,40.6,42.5,0.46,0.59,0.43
CSQR,2015-12-21 02:00:00 EST,43.32613,-76.10445,453,35.9,36.4,32.0,48.9,18.5,0.000,0.000,0.00,0.000,4.6,6.9,0.9,128,11,5.1,7.4,1.0,127,10,4.6,6.9,0.9,128,11,0,29.67,,0,0,0,35.4,40.6,42.4,0.46,0.60,0.43
CSQR,2015-12-21 02:05:00 EST,43.32613,-76.10445,453,35.3,35.9,31.6,51.4,19.1,0.000,0.000,0.00,0.000,4.3,6.5,0.8,112,15,4.7,6.7,0.9,111,15,4.3,6.5,0.8,112,15,0,29.67,,0,0,0,35.4,40.6,42.4,0.46,0.60,0.43
CSQR,2015-12-21 02:10:00 EST,43.32613,-76.10445,453,34.2,34.9,31.1,54.9,19.6,0.000,0.000,0.00,0.000,3.6,5.0,0.6,92,16,4.1,6.0,0.7,92,13,3.6,5.0,0.6,92,16,0,29.67,,0,0,0,35.4,40.6,42.4,0.46,0.60,0.43
CSQR,2015-12-21 02:15:00 EST,43.32613,-76.10445,453,34.0,34.6,30.7,56.0,19.9,0.000,0.000,0.00,0.000,3.7,5.5,0.6,98,13,4.2,5.8,0.7,96,11,3.7,5.5,0.6,98,13,0,29.67,,0,0,0,35.4,40.6,42.4,0.46,0.60,0.43
CSQR,2015-12-21 02:20:00 EST,43.32613,-76.10445,453,34.3,35.2,29.3,56.5,20.5,0.000,0.000,0.00,0.000,5.6,8.0,1.3,118,11,6.1,8.9,1.3,116,11,5.6,8.0,1.3,118,11,0,29.67,,0,0,0,35.4,40.6,42.4,0.46,0.60,0.43
CSQR,2015-12-21 02:25:00 EST,43.32613,-76.10445,453,34.8,35.4,29.5,54.3,19.9,0.000,0.000,0.00,0.000,6.0,9.1,1.2,102,13,6.5,10.1,1.4,101,12,6.0,9.1,1.2,102,13,0,29.66,,0,0,0,35.4,40.6,42.4,0.46,0.60,0.43
CSQR,2015-12-21 02:30:00 EST,43.32613,-76.10445,453,34.5,35.0,30.0,55.9,20.4,0.000,0.000,0.00,0.000,5.0,6.9,0.9,121,18,5.5,7.8,1.0,119,17,5.0,6.9,0.9,121,18,0,29.66,,0,0,0,35.4,40.6,42.4,0.46,0.60,0.43
CSQR,2015-12-21 02:35:00 EST,43.32613,-76.10445,453,35.0,35.4,30.9,54.9,20.4,0.000,0.000,0.00,0.000,4.7,7.3,1.3,129,11,5.1,8.5,1.4,128,9,4.7,7.3,1.3,129,11,0,29.67,,0,0,0,35.4,40.5,42.4,0.46,0.59,0.43
CSQR,2015-12-21 02:40:00 EST,43.32613,-76.10445,453,35.2,35.5,30.1,54.6,20.5,0.000,0.000,0.00,0.000,6.0,8.5,1.3,122,9,6.4,8.9,1.4,121,9,6.0,8.5,1.3,122,9,0,29.66,,0,0,0,35.4,40.5,42.4,0.46,0.60,0.43
CSQR,2015-12-21 02:45:00 EST,43.32613,-76.10445,453,35.3,35.6,30.2,54.4,20.5,0.000,0.000,0.00,0.000,6.0,8.6,1.2,130,12,6.5,9.8,1.3,129,10,6.0,8.6,1.2,130,12,0,29.66,,0,0,0,35.4,40.5,42.4,0.46,0.60,0.43
CSQR,2015-12-21 02:50:00 EST,43.32613,-76.10445,453,35.2,35.6,30.3,55.0,20.7,0.000,0.000,0.00,0.000,5.7,7.9,1.0,131,11,6.2,8.7,1.1,129,9,5.7,7.9,1.0,131,11,0,29.66,,0,0,0,35.4,40.5,42.4,0.46,0.60,0.43
CSQR,2015-12-21 02:55:00 EST,43.32613,-76.10445,453,35.3,35.6,30.0,55.5,20.9,0.000,0.000,0.00,0.000,6.1,9.2,1.2,126,9,6.5,9.2,1.2,125,8,6.1,9.2,1.2,126,9,0,29.66,,0,0,0,35.4,40.5,42.4,0.46,0.60,0.43
CSQR,2015-12-21 03:00:00 EST,43.32613,-76.10445,453,35.5,35.8,30.6,55.0,20.9,0.000,0.000,0.00,0.000,5.7,8.3,0.8,119,10,6.1,9.4,1.0,118,10,5.7,8.3,0.8,119,10,0,29.66,,0,0,0,35.4,40.5,42.4,0.46,0.60,0.43
CSQR,2015-12-21 03:05:00 EST,43.32613,-76.10445,453,35.5,36.0,30.9,55.6,21.2,0.000,0.000,0.00,0.000,5.4,8.0,1.1,126,11,5.8,8.7,1.1,124,10,5.4,8.0,1.1,126,11,0,29.66,,0,0,0,35.4,40.5,42.4,0.46,0.60,0.43
CSQR,2015-12-21 03:10:00 EST,43.32613,-76.10445,453,35.9,36.3,32.0,54.5,21.1,0.000,0.000,0.00,0.000,4.7,6.7,0.9,123,10,5.0,7.4,1.0,122,9,4.7,6.7,0.9,123,10,0,29.66,,0,0,0,35.4,40.5,42.4,0.46,0.60,0.43
CSQR,2015-12-21 03:15:00 EST,43.32613,-76.10445,453,36.1,36.5,31.9,54.0,21.1,0.000,0.000,0.00,0.000,5.0,6.9,0.9,120,11,5.4,7.4,0.9,120,10,5.0,6.9,0.9,120,11,0,29.65,,0,0,0,35.4,40.5,42.4,0.46,0.59,0.43
CSQR,2015-12-21 03:20:00 EST,43.32613,-76.10445,453,36.4,36.8,32.3,53.4,21.1,0.000,0.000,0.00,0.000,4.9,6.9,1.1,120,9,5.2,7.4,1.1,120,9,4.9,6.9,1.1,120,9,0,29.65,,0,0,0,35.4,40.5,42.4,0.46,0.60,0.43
CSQR,2015-12-21 03:25:00 EST,43.32613,-76.10445,453,36.6,36.9,33.1,51.9,20.6,0.000,0.000,0.00,0.000,4.3,5.7,0.7,115,13,4.7,6.7,0.7,115,13,4.3,5.7,0.7,115,13,0,29.65,,0,0,0,35.4,40.5,42.4,0.46,0.60,0.43
CSQR,2015-12-21 03:30:00 EST,43.32613,-76.10445,453,36.7,37.0,32.4,52.3,20.8,0.000,0.000,0.00,0.000,5.2,7.0,0.8,112,9,5.7,8.1,0.9,111,9,5.2,7.0,0.8,112,9,0,29.65,,0,0,0,35.4,40.5,42.4,0.46,0.60,0.43
CSQR,2015-12-21 03:35:00 EST,43.32613,-76.10445,453,36.2,36.7,31.7,54.2,21.3,0.000,0.000,0.00,0.000,5.4,7.3,0.7,111,13,5.9,8.1,0.9,109,12,5.4,7.3,0.7,111,13,0,29.64,,0,0,0,35.4,40.5,42.4,0.46,0.60,0.43
CSQR,2015-12-21 03:40:00 EST,43.32613,-76.10445,453,35.8,36.4,33.5,56.4,21.8,0.000,0.000,0.00,0.000,3.1,5.1,1.1,124,14,3.4,6.7,1.2,123,13,3.1,5.1,1.1,124,14,0,29.64,,0,0,0,35.4,40.5,42.4,0.46,0.59,0.43
CSQR,2015-12-21 03:45:00 EST,43.32613,-76.10445,453,35.4,35.8,35.4,57.8,22.0,0.000,0.000,0.00,0.000,2.0,4.3,0.9,99,18,2.5,4.9,0.9,98,20,2.0,4.3,0.9,99,18,0,29.64,,0,0,0,35.4,40.5,42.4,0.46,0.60,0.43
CSQR,2015-12-21 03:50:00 EST,43.32613,-76.10445,453,34.9,35.3,30.5,57.9,21.5,0.000,0.000,0.00,0.000,5.0,6.9,1.0,85,10,5.5,7.4,1.0,85,10,5.0,6.9,1.0,85,10,0,29.63,,0,0,0,35.4,40.5,42.4,0.46,0.60,0.43
CSQR,2015-12-21 03:55:00 EST,43.32613,-76.10445,453,34.8,35.2,29.2,58.9,21.9,0.000,0.000,0.00,0.000,6.5,8.2,0.9,101,10,7.0,8.9,1.1,100,8,6.5,8.2,0.9,101,10,0,29.62,,0,0,0,35.4,40.5,42.4,0.46,0.60,0.43
CSQR,2015-12-21 04:00:00 EST,43.32613,-76.10445,453,34.9,35.3,30.8,57.9,21.6,0.000,0.000,0.00,0.000,4.6,7.5,1.6,122,13,5.0,8.1,1.7,120,12,4.6,7.5,1.6,122,13,0,29.62,,0,0,0,35.4,40.5,42.4,0.46,0.60,0.43
CSQR,2015-12-21 04:05:00 EST,43.32613,-76.10445,453,35.1,35.3,32.4,56.8,21.3,0.000,0.000,0.00,0.000,3.3,5.1,0.7,125,16,3.6,5.6,0.8,124,14,3.3,5.1,0.7,125,16,0,29.62,,0,0,0,35.4,40.5,42.4,0.46,0.60,0.43
CSQR,2015-12-21 04:10:00 EST,43.32613,-76.10445,453,35.1,35.5,32.4,56.8,21.3,0.000,0.000,0.00,0.000,3.3,5.8,0.9,131,16,3.6,6.5,1.1,128,15,3.3,5.8,0.9,131,16,0,29.62,,0,0,0,35.5,40.5,42.4,0.46,0.60,0.43
CSQR,2015-12-21 04:15:00 EST,43.32613,-76.10445,453,35.1,35.5,35.1,57.7,21.6,0.000,0.000,0.00,0.000,2.8,4.2,0.6,172,22,3.2,5.1,0.7,170,22,2.8,4.2,0.6,172,22,0,29.62,,0,0,0,35.4,40.5,42.4,0.46,0.60,0.43
CSQR,2015-12-21 04:20:00 EST,43.32613,-76.10445,453,35.2,35.6,31.3,57.2,21.6,0.000,0.000,0.00,0.000,4.6,5.9,0.7,133,15,5.0,6.7,0.9,131,13,4.6,5.9,0.7,133,15,0,29.61,,0,0,0,35.4,40.4,42.4,0.46,0.60,0.43
CSQR,2015-12-21 04:25:00 EST,43.32613,-76.10445,453,35.2,35.6,32.1,57.1,21.6,0.000,0.000,0.00,0.000,3.7,7.7,1.6,91,27,4.1,8.3,1.8,90,26,3.7,7.7,1.6,91,27,0,29.61,,0,0,0,35.5,40.5,42.4,0.46,0.60,0.43
CSQR,2015-12-21 04:30:00 EST,43.32613,-76.10445,453,34.8,35.2,34.8,59.4,22.1,0.000,0.000,0.00,0.000,1.5,3.5,0.8,272,40,1.8,3.6,0.7,261,51,1.5,3.5,0.8,272,40,0,29.61,,0,0,0,35.5,40.5,42.4,0.46,0.60,0.43
CSQR,2015-12-21 04:35:00 EST,43.32613,-76.10445,453,35.1,35.5,35.1,57.9,21.8,0.000,0.000,0.00,0.000,2.1,3.8,0.9,102,25,2.6,4.5,1.0,101,26,2.1,3.8,0.9,102,25,0,29.61,,0,0,0,35.5,40.5,42.4,0.46,0.60,0.43
CSQR,2015-12-21 04:40:00 EST,43.32613,-76.10445,453,35.0,35.4,31.1,57.6,21.5,0.000,0.000,0.00,0.000,4.4,7.3,0.9,84,12,5.0,8.5,1.0,81,10,4.4,7.3,0.9,84,12,0,29.60,,0,0,0,35.5,40.4,42.4,0.46,0.60,0.43
CSQR,2015-12-21 04:45:00 EST,43.32613,-76.10445,453,34.8,35.3,31.3,57.9,21.5,0.000,0.000,0.00,0.000,4.0,7.4,1.0,96,15,4.4,7.6,1.1,94,15,4.0,7.4,1.0,96,15,0,29.60,,0,0,0,35.5,40.4,42.4,0.46,0.60,0.43
CSQR,2015-12-21 04:50:00 EST,43.32613,-76.10445,453,34.9,35.2,34.9,56.8,21.1,0.000,0.000,0.00,0.000,2.6,3.9,0.7,96,19,3.1,4.5,0.8,95,19,2.6,3.9,0.7,96,19,0,29.60,,0,0,0,35.5,40.4,42.4,0.46,0.60,0.43
CSQR,2015-12-21 04:55:00 EST,43.32613,-76.10445,453,34.8,35.1,34.8,57.0,21.1,0.000,0.000,0.00,0.000,2.4,4.2,0.7,75,26,2.8,5.4,0.9,75,26,2.4,4.2,0.7,75,26,0,29.61,,0,0,0,35.5,40.4,42.4,0.46,0.59,0.43
CSQR,2015-12-21 05:00:00 EST,43.32613,-76.10445,453,34.7,34.9,30.9,56.0,20.6,0.000,0.000,0.00,0.000,4.3,5.9,0.7,78,9,4.8,7.2,0.9,77,9,4.3,5.9,0.7,78,9,0,29.60,,0,0,0,35.5,40.5,42.4,0.46,0.60,0.43
CSQR,2015-12-21 05:05:00 EST,43.32613,-76.10445,453,34.3,34.4,30.4,56.8,20.5,0.000,0.000,0.00,0.000,4.2,5.6,0.8,75,12,4.9,6.9,1.0,73,11,4.2,5.6,0.8,75,12,0,29.60,,0,0,0,35.5,40.4,42.4,0.46,0.60,0.43
CSQR,2015-12-21 05:10:00 EST,43.32613,-76.10445,453,34.0,34.1,29.9,56.6,20.2,0.000,0.000,0.00,0.000,4.5,6.9,0.8,77,13,5.1,7.8,0.9,76,12,4.5,6.9,0.8,77,13,0,29.60,,0,0,0,35.5,40.4,42.4,0.46,0.60,0.43
CSQR,2015-12-21 05:15:00 EST,43.32613,-76.10445,453,33.7,34.0,30.0,57.2,20.2,0.000,0.000,0.00,0.000,4.1,5.9,0.8,93,10,4.6,6.7,0.8,92,10,4.1,5.9,0.8,93,10,0,29.59,,0,0,0,35.5,40.5,42.4,0.46,0.60,0.43
CSQR,2015-12-21 05:20:00 EST,43.32613,-76.10445,453,33.8,34.2,29.7,56.4,19.9,0.000,0.000,0.00,0.000,4.5,7.3,1.1,109,14,4.9,8.3,1.2,107,13,4.5,7.3,1.1,109,14,0,29.60,,0,0,0,35.5,40.4,42.4,0.46,0.60,0.43
CSQR,2015-12-21 05:25:00 EST,43.32613,-76.10445,453,33.7,34.3,29.2,56.6,19.9,0.000,0.000,0.00,0.000,4.9,9.3,2.1,118,14,5.3,9.8,2.3,118,14,4.9,9.3,2.1,118,14,0,29.60,,0,0,0,35.5,40.4,42.4,0.46,0.60,0.43
CSQR,2015-12-21 05:30:00 EST,43.32613,-76.10445,453,33.9,34.2,29.3,55.5,19.6,0.000,0.000,0.00,0.000,5.0,7.2,1.0,104,10,5.6,8.1,1.1,103,9,5.0,7.2,1.0,104,10,0,29.60,,0,0,0,35.5,40.4,42.4,0.46,0.60,0.43
CSQR,2015-12-21 05:35:00 EST,43.32613,-76.10445,453,33.2,34.0,29.5,58.3,20.1,0.000,0.000,0.00,0.000,3.9,6.4,1.2,122,20,4.3,7.2,1.4,120,19,3.9,6.4,1.2,122,20,0,29.60,,0,0,0,35.5,40.4,42.4,0.46,0.60,0.43
CSQR,2015-12-21 05:40:00 EST,43.32613,-76.10445,453,33.4,34.1,28.6,57.7,20.0,0.000,0.000,0.00,0.000,5.1,7.8,1.3,101,9,5.6,9.2,1.4,101,9,5.1,7.8,1.3,101,9,0,29.60,,0,0,0,35.4,40.4,42.4,0.46,0.60,0.43
CSQR,2015-12-21 05:45:00 EST,43.32613,-76.10445,453,33.6,34.0,30.7,56.8,19.9,0.000,0.000,0.00,0.000,3.3,4.5,0.6,106,15,3.7,5.8,0.7,105,16,3.3,4.5,0.6,106,15,0,29.59,,0,0,0,35.4,40.4,42.4,0.46,0.60,0.43
CSQR,2015-12-21 05:50:00 EST,43.32613,-76.10445,453,33.7,34.0,31.1,56.5,19.8,0.000,0.000,0.00,0.000,3.1,5.0,0.9,107,15,3.4,5.6,1.1,105,15,3.1,5.0,0.9,107,15,0,29.59,,0,0,0,35.5,40.4,42.4,0.46,0.60,0.43
CSQR,2015-12-21 05:55:00 EST,43.32613,-76.10445,453,33.6,33.9,33.6,56.6,19.8,0.000,0.000,0.00,0.000,2.9,4.7,1.2,105,13,3.3,5.6,1.2,105,13,2.9,4.7,1.2,105,13,0,29.59,,0,0,0,35.5,40.4,42.4,0.46,0.60,0.43
CSQR,2015-12-21 06:00:00 EST,43.32613,-76.10445,453,33.6,34.1,31.1,57.4,20.2,0.000,0.000,0.00,0.000,3.0,4.5,0.8,96,12,3.5,5.1,0.9,95,12,3.0,4.5,0.8,96,12,0,29.59,,0,0,0,35.4,40.4,42.4,0.46,0.60,0.43
CSQR,2015-12-21 06:05:00 EST,43.32613,-76.10445,453,34.0,34.2,34.0,56.4,20.1,0.000,0.000,0.00,0.000,1.8,5.0,1.2,91,14,2.3,6.3,1.2,91,16,1.8,5.0,1.2,91,14,0,29.59,,0,0,0,35.4,40.4,42.4,0.46,0.60,0.43
CSQR,2015-12-21 06:10:00 EST,43.32613,-76.10445,453,34.0,34.4,31.1,56.5,20.1,0.000,0.000,0.00,0.000,3.3,5.8,1.1,105,11,3.8,6.5,1.2,106,11,3.3,5.8,1.1,105,11,0,29.59,,0,0,0,35.5,40.4,42.4,0.46,0.60,0.43
CSQR,2015-12-21 06:15:00 EST,43.32613,-76.10445,453,34.1,34.7,34.1,55.9,20.0,0.000,0.000,0.00,0.000,2.3,3.5,0.6,142,14,2.5,4.0,0.6,140,13,2.3,3.5,0.6,142,14,0,29.59,,0,0,0,35.5,40.4,42.3,0.46,0.60,0.43
CSQR,2015-12-21 06:20:00 EST,43.32613,-76.10445,453,34.5,34.7,34.5,55.0,20.0,0.000,0.000,0.00,0.000,2.8,5.3,1.1,125,11,3.1,5.8,1.2,125,12,2.8,5.3,1.1,125,11,0,29.59,,0,0,0,35.5,40.4,42.4,0.46,0.60,0.43
CSQR,2015-12-21 06:25:00 EST,43.32613,-76.10445,453,34.4,34.8,34.4,55.5,20.1,0.000,0.000,0.00,0.000,1.7,3.7,1.0,150,26,2.0,4.3,0.9,145,28,1.7,3.7,1.0,150,26,0,29.59,,0,0,0,35.4,40.4,42.3,0.46,0.60,0.43
CSQR,2015-12-21 06:30:00 EST,43.32613,-76.10445,453,34.8,35.2,30.6,55.0,20.3,0.000,0.000,0.00,0.000,4.7,7.9,1.5,102,8,5.2,9.2,1.6,101,9,4.7,7.9,1.5,102,8,0,29.59,,0,0,0,35.4,40.4,42.4,0.46,0.60,0.43
CSQR,2015-12-21 06:35:00 EST,43.32613,-76.10445,453,34.8,35.1,34.8,55.3,20.4,0.000,0.000,0.00,0.000,1.9,3.4,0.7,160,51,2.1,4.7,0.8,154,50,1.9,3.4,0.7,160,51,0,29.59,,0,0,0,35.4,40.4,42.3,0.46,0.60,0.43
CSQR,2015-12-21 06:40:00 EST,43.32613,-76.10445,453,34.7,35.1,32.1,56.0,20.6,0.000,0.000,0.00,0.000,3.2,4.8,0.8,148,19,3.5,5.4,0.9,145,18,3.2,4.8,0.8,148,19,0,29.59,,0,0,0,35.4,40.4,42.3,0.46,0.60,0.43
CSQR,2015-12-21 06:45:00 EST,43.32613,-76.10445,453,35.0,35.4,32.1,55.4,20.6,0.000,0.000,0.00,0.000,3.5,6.6,0.9,119,13,3.8,7.2,1.1,118,12,3.5,6.6,0.9,119,13,0,29.59,,0,0,0,35.4,40.4,42.3,0.46,0.60,0.43
CSQR,2015-12-21 06:50:00 EST,43.32613,-76.10445,453,35.0,35.5,32.2,55.8,20.8,0.000,0.000,0.00,0.000,3.5,6.6,1.8,118,10,3.9,7.6,1.8,117,10,3.5,6.6,1.8,118,10,0,29.58,,0,0,0,35.4,40.4,42.3,0.46,0.60,0.43
CSQR,2015-12-21 06:55:00 EST,43.32613,-76.10445,453,35.3,36.0,31.4,55.5,21.0,0.000,0.000,0.00,0.000,4.5,7.8,1.2,118,15,5.0,8.5,1.3,116,14,4.5,7.8,1.2,118,15,0,29.58,,0,0,0,35.5,40.3,42.3,0.46,0.60,0.43
CSQR,2015-12-21 07:00:00 EST,43.32613,-76.10445,453,36.0,36.4,31.1,53.1,20.6,0.000,0.000,0.00,0.000,5.9,8.9,1.5,125,9,6.4,9.6,1.6,124,9,5.9,8.9,1.5,125,9,0,29.57,,0,0,0,35.4,40.4,42.3,0.46,0.60,0.43
CSQR,2015-12-21 07:05:00 EST,43.32613,-76.10445,453,35.9,36.3,31.4,53.2,20.5,0.000,0.000,0.00,0.000,5.3,8.4,1.3,133,12,5.7,9.8,1.5,131,11,5.3,8.4,1.3,133,12,0,29.57,,0,0,0,35.4,40.3,42.3,0.46,0.60,0.43
CSQR,2015-12-21 07:10:00 EST,43.32613,-76.10445,453,36.1,36.5,32.1,52.1,20.3,0.000,0.000,0.00,0.000,4.8,7.5,1.1,137,13,5.1,8.5,1.2,134,12,4.8,7.5,1.1,137,13,0,29.58,,0,0,0,35.4,40.4,42.3,0.46,0.60,0.43
CSQR,2015-12-21 07:15:00 EST,43.32613,-76.10445,453,35.6,36.2,33.1,54.1,20.6,0.000,0.000,0.00,0.000,3.3,5.4,0.6,142,14,3.6,7.4,0.9,139,13,3.3,5.4,0.6,142,14,0,29.58,,0,0,0,35.4,40.4,42.3,0.46,0.60,0.43
CSQR,2015-12-21 07:20:00 EST,43.32613,-76.10445,453,35.7,36.4,32.7,53.6,20.5,0.000,0.000,0.00,0.000,3.7,5.8,0.9,136,13,4.0,6.5,1.0,134,9,3.7,5.8,0.9,136,13,0,29.58,,0,0,0,35.4,40.4,42.3,0.46,0.60,0.43
CSQR,2015-12-21 07:25:00 EST,43.32613,-76.10445,453,35.9,36.4,32.2,53.1,20.4,0.000,0.000,0.00,0.000,4.3,6.2,0.7,141,8,4.7,6.7,0.8,137,7,4.3,6.2,0.7,141,8,0,29.58,,0,0,0,35.4,40.3,42.3,0.46,0.60,0.43
CSQR,2015-12-21 07:30:00 EST,43.32613,-76.10445,453,35.8,36.4,31.6,53.1,20.4,0.000,0.000,0.00,0.000,5.0,7.9,1.0,137,10,5.6,8.7,1.1,135,7,5.0,7.9,1.0,137,10,0,29.58,,0,0,0,35.4,40.3,42.3,0.46,0.60,0.43
CSQR,2015-12-21 07:35:00 EST,43.32613,-76.10445,453,35.6,36.4,32.0,53.6,20.5,0.000,0.000,0.00,0.000,4.3,7.5,0.9,138,11,4.8,8.5,0.9,136,9,4.3,7.5,0.9,138,11,1,29.58,,0,0,0,35.5,40.3,42.3,0.46,0.60,0.43
CSQR,2015-12-21 07:40:00 EST,43.32613,-76.10445,453,35.9,36.6,30.3,53.0,20.4,0.000,0.000,0.00,0.000,6.8,9.5,0.9,130,9,7.4,10.5,1.0,129,7,6.8,9.5,0.9,130,9,2,29.57,,0,0,0,35.4,40.3,42.3,0.46,0.60,0.43
CSQR,2015-12-21 07:45:00 EST,43.32613,-76.10445,453,35.8,36.5,31.3,53.5,20.6,0.000,0.000,0.00,0.000,5.3,8.0,1.0,135,14,5.8,9.2,1.2,133,11,5.3,8.0,1.0,135,14,3,29.57,,0,0,0,35.4,40.3,42.3,0.46,0.60,0.43
CSQR,2015-12-21 07:50:00 EST,43.32613,-76.10445,453,36.3,36.8,31.6,52.3,20.5,0.000,0.000,0.00,0.000,5.7,8.3,1.3,131,12,6.1,8.9,1.4,129,9,5.7,8.3,1.3,131,12,5,29.56,,0,0,0,35.4,40.3,42.3,0.46,0.60,0.43
CSQR,2015-12-21 07:55:00 EST,43.32613,-76.10445,453,36.7,37.2,32.1,51.7,20.5,0.000,0.000,0.00,0.000,5.6,8.4,1.1,129,11,5.9,9.6,1.2,127,9,5.6,8.4,1.1,129,11,8,29.56,,0,0,0,35.5,40.3,42.3,0.46,0.60,0.43
CSQR,2015-12-21 08:00:00 EST,43.32613,-76.10445,453,37.0,37.4,32.4,51.4,20.7,0.000,0.000,0.00,0.000,5.8,8.0,1.1,113,11,6.2,9.2,1.3,112,10,5.8,8.0,1.1,113,11,11,29.56,,0,0,0,35.5,40.3,42.3,0.46,0.60,0.43
CSQR,2015-12-21 08:05:00 EST,43.32613,-76.10445,453,37.4,37.8,34.0,50.7,20.8,0.000,0.000,0.00,0.000,4.3,7.0,1.0,113,20,4.9,8.3,1.2,112,19,4.3,7.0,1.0,113,20,12,29.56,,0,0,0,35.5,40.3,42.3,0.46,0.60,0.43
CSQR,2015-12-21 08:10:00 EST,43.32613,-76.10445,453,37.2,37.6,34.1,52.2,21.3,0.000,0.000,0.00,0.000,3.9,5.7,0.7,148,13,4.4,6.9,0.9,144,12,3.9,5.7,0.7,148,13,11,29.57,,0,0,0,35.5,40.3,42.3,0.46,0.60,0.43
CSQR,2015-12-21 08:15:00 EST,43.32613,-76.10445,453,37.3,37.7,32.5,51.8,21.1,0.000,0.000,0.00,0.000,6.0,9.9,1.5,136,10,6.5,11.9,1.6,135,7,6.0,9.9,1.5,136,10,15,29.56,,0,0,0,35.5,40.3,42.3,0.46,0.60,0.43
CSQR,2015-12-21 08:20:00 EST,43.32613,-76.10445,453,37.3,37.8,32.8,51.4,21.0,0.000,0.000,0.00,0.000,5.8,7.5,0.8,136,9,6.4,8.9,0.9,134,6,5.8,7.5,0.8,136,9,12,29.56,,0,0,0,35.5,40.3,42.3,0.46,0.60,0.43
CSQR,2015-12-21 08:25:00 EST,43.32613,-76.10445,453,37.5,37.9,32.9,51.2,21.1,0.000,0.000,0.00,0.000,5.7,9.1,1.4,136,10,6.4,10.3,1.5,134,8,5.7,9.1,1.4,136,10,14,29.56,,0,0,0,35.5,40.3,42.3,0.46,0.60,0.43
CSQR,2015-12-21 08:30:00 EST,43.32613,-76.10445,453,37.4,37.9,32.8,51.9,21.3,0.000,0.000,0.00,0.000,5.9,8.6,0.9,143,11,6.5,9.4,1.0,140,9,5.9,8.6,0.9,143,11,13,29.56,,0,0,0,35.5,40.3,42.2,0.46,0.60,0.43
CSQR,2015-12-21 08:35:00 EST,43.32613,-76.10445,453,37.9,38.3,33.2,50.6,21.2,0.000,0.000,0.00,0.000,6.2,9.1,1.0,131,12,6.8,10.1,1.2,129,10,6.2,9.1,1.0,131,12,17,29.55,,0,0,0,35.5,40.3,42.3,0.46,0.60,0.43
CSQR,2015-12-21 08:40:00 EST,43.32613,-76.10445,453,38.4,38.7,33.4,49.2,21.0,0.000,0.000,0.00,0.000,6.8,10.1,1.2,125,9,7.3,10.7,1.3,124,9,6.8,10.1,1.2,125,9,17,29.55,,0,0,0,35.5,40.3,42.3,0.46,0.60,0.43
CSQR,2015-12-21 08:45:00 EST,43.32613,-76.10445,453,38.3,38.7,33.2,50.1,21.3,0.000,0.000,0.00,0.000,6.8,9.3,0.9,130,10,7.3,9.8,1.1,128,8,6.8,9.3,0.9,130,10,23,29.55,,0,0,0,35.5,40.3,42.3,0.46,0.60,0.43
CSQR,2015-12-21 08:50:00 EST,43.32613,-76.10445,453,38.5,38.8,34.5,49.4,21.2,0.000,0.000,0.00,0.000,5.3,7.9,1.1,126,12,5.7,8.5,1.1,125,11,5.3,7.9,1.1,126,12,23,29.55,,0,0,0,35.6,40.3,42.3,0.46,0.60,0.43
CSQR,2015-12-21 08:55:00 EST,43.32613,-76.10445,453,38.6,38.9,33.8,48.7,20.9,0.000,0.000,0.00,0.000,6.4,8.8,1.0,134,10,6.9,10.1,1.1,132,9,6.4,8.8,1.0,134,10,21,29.55,,0,0,0,35.6,40.3,42.2,0.46,0.60,0.43
CSQR,2015-12-21 09:00:00 EST,43.32613,-76.10445,453,38.4,38.8,33.9,49.4,21.1,0.000,0.000,0.00,0.000,6.0,8.8,1.1,138,11,6.6,9.8,1.2,136,9,6.0,8.8,1.1,138,11,23,29.55,,0,0,0,35.6,40.3,42.2,0.46,0.60,0.43
CSQR,2015-12-21 09:05:00 EST,43.32613,-76.10445,453,38.5,38.8,34.5,49.5,21.2,0.000,0.000,0.00,0.000,5.4,7.9,1.0,142,11,5.9,8.5,1.1,139,9,5.4,7.9,1.0,142,11,22,29.55,,0,0,0,35.6,40.3,42.2,0.46,0.60,0.43
CSQR,2015-12-21 09:10:00 EST,43.32613,-76.10445,453,38.4,38.8,33.9,50.3,21.5,0.000,0.000,0.00,0.000,5.8,8.1,1.2,133,13,6.2,8.3,1.1,132,10,5.8,8.1,1.2,133,13,20,29.56,,0,0,0,35.6,40.3,42.3,0.46,0.60,0.43
CSQR,2015-12-21 09:15:00 EST,43.32613,-76.10445,453,38.6,38.9,34.1,49.8,21.5,0.000,0.000,0.00,0.000,6.0,8.5,1.4,122,8,6.3,8.9,1.3,121,7,6.0,8.5,1.4,122,8,23,29.55,,0,0,0,35.7,40.3,42.2,0.46,0.60,0.43
CSQR,2015-12-21 09:20:00 EST,43.32613,-76.10445,453,38.6,39.0,35.3,50.5,21.8,0.000,0.000,0.00,0.000,4.5,7.0,0.9,125,8,4.9,7.4,1.0,124,8,4.5,7.0,0.9,125,8,18,29.56,,0,0,0,35.7,40.3,42.2,0.46,0.60,0.43
CSQR,2015-12-21 09:25:00 EST,43.32613,-76.10445,453,38.9,39.2,35.0,49.9,21.8,0.000,0.000,0.00,0.000,5.2,7.9,1.0,127,8,5.5,8.5,1.0,127,6,5.2,7.9,1.0,127,8,21,29.56,,0,0,0,35.7,40.2,42.2,0.46,0.60,0.43
CSQR,2015-12-21 09:30:00 EST,43.32613,-76.10445,453,39.1,39.4,34.7,49.1,21.6,0.000,0.000,0.00,0.000,6.0,7.6,0.9,127,7,6.3,8.3,1.0,125,7,6.0,7.6,0.9,127,7,25,29.55,,0,0,0,35.7,40.3,42.2,0.46,0.60,0.43
CSQR,2015-12-21 09:35:00 EST,43.32613,-76.10445,453,39.1,39.5,35.3,49.4,21.8,0.000,0.000,0.00,0.000,5.2,7.0,0.9,128,10,5.6,7.8,1.0,126,9,5.2,7.0,0.9,128,10,34,29.55,,0,0,0,35.8,40.3,42.2,0.46,0.60,0.43
CSQR,2015-12-21 09:40:00 EST,43.32613,-76.10445,453,39.3,39.6,35.8,49.4,21.9,0.000,0.000,0.00,0.000,4.8,7.4,1.0,134,11,5.2,8.1,1.2,133,9,4.8,7.4,1.0,134,11,40,29.55,,0,0,0,35.8,40.3,42.2,0.46,0.60,0.43
CSQR,2015-12-21 09:45:00 EST,43.32613,-76.10445,453,39.5,39.8,36.1,49.2,22.0,0.000,0.000,0.00,0.000,4.8,7.3,0.9,128,12,5.3,7.6,1.1,127,9,4.8,7.3,0.9,128,12,32,29.55,,0,0,0,35.8,40.3,42.2,0.46,0.60,0.43
CSQR,2015-12-21 09:50:00 EST,43.32613,-76.10445,453,39.6,40.1,36.0,48.6,21.8,0.000,0.000,0.00,0.000,5.0,6.9,0.9,136,9,5.4,8.1,1.0,133,8,5.0,6.9,0.9,136,9,32,29.54,,0,0,0,35.8,40.3,42.2,0.46,0.60,0.43
CSQR,2015-12-21 09:55:00 EST,43.32613,-76.10445,453,39.5,40.0,36.1,49.4,22.1,0.000,0.000,0.00,0.000,4.8,7.7,1.0,135,15,5.2,8.1,1.1,132,13,4.8,7.7,1.0,135,15,33,29.54,,0,0,0,35.8,40.3,42.3,0.46,0.60,0.43
CSQR,2015-12-21 10:00:00 EST,43.32613,-76.10445,453,39.7,40.1,36.2,49.3,22.2,0.000,0.000,0.00,0.000,4.8,7.5,1.1,144,14,5.3,8.9,1.3,141,11,4.8,7.5,1.1,144,14,42,29.55,,0,0,0,35.8,40.3,42.2,0.46,0.60,0.43
CSQR,2015-12-21 10:05:00 EST,43.32613,-76.10445,453,39.6,40.0,36.9,50.4,22.7,0.000,0.000,0.00,0.000,4.0,5.5,0.7,157,14,4.4,6.3,0.8,152,12,4.0,5.5,0.7,157,14,44,29.56,,0,0,0,35.8,40.3,42.3,0.46,0.60,0.43
CSQR,2015-12-21 10:10:00 EST,43.32613,-76.10445,453,39.9,40.2,37.0,48.8,22.2,0.000,0.000,0.00,0.000,4.3,6.3,0.8,131,8,4.6,6.9,0.8,130,5,4.3,6.3,0.8,131,8,46,29.56,,0,0,0,35.9,40.2,42.2,0.46,0.60,0.43
CSQR,2015-12-21 10:15:00 EST,43.32613,-76.10445,453,40.0,40.4,37.3,49.4,22.5,0.000,0.000,0.00,0.000,3.9,5.6,0.5,124,7,4.3,6.3,0.6,125,7,3.9,5.6,0.5,124,7,44,29.56,,0,0,0,35.9,40.2,42.2,0.46,0.60,0.43
CSQR,2015-12-21 10:20:00 EST,43.32613,-76.10445,453,39.9,40.5,37.3,50.2,22.8,0.000,0.000,0.00,0.000,3.9,4.7,0.4,125,9,4.2,5.1,0.4,125,8,3.9,4.7,0.4,125,9,37,29.56,,0,0,0,36.0,40.3,42.2,0.46,0.60,0.43
CSQR,2015-12-21 10:25:00 EST,43.32613,-76.10445,453,40.1,40.7,37.1,49.9,22.9,0.000,0.000,0.00,0.000,4.3,6.0,0.6,113,9,4.8,6.9,0.8,113,10,4.3,6.0,0.6,113,9,37,29.56,,0,0,0,36.0,40.3,42.2,0.46,0.60,0.43
CSQR,2015-12-21 10:30:00 EST,43.32613,-76.10445,453,40.2,40.9,36.9,49.9,23.0,0.000,0.000,0.00,0.000,4.7,6.3,0.7,116,11,5.1,7.2,0.9,117,10,4.7,6.3,0.7,116,11,42,29.56,,0,0,0,36.0,40.3,42.2,0.46,0.60,0.43
CSQR,2015-12-21 10:35:00 EST,43.32613,-76.10445,453,40.2,41.0,37.9,50.6,23.3,0.000,0.000,0.00,0.000,3.6,5.1,0.5,121,10,4.0,5.6,0.6,120,9,3.6,5.1,0.5,121,10,45,29.55,,0,0,0,35.9,40.2,42.2,0.46,0.60,0.43
CSQR,2015-12-21 10:40:00 EST,43.32613,-76.10445,453,40.8,41.2,39.2,48.5,22.9,0.000,0.000,0.00,0.000,3.1,5.8,1.2,124,13,3.4,6.9,1.3,124,11,3.1,5.8,1.2,124,13,43,29.55,,0,0,0,36.0,40.3,42.2,0.46,0.60,0.43
CSQR,2015-12-21 10:45:00 EST,43.32613,-76.10445,453,41.0,41.6,37.7,48.8,23.2,0.000,0.000,0.00,0.000,5.0,6.8,0.7,131,9,5.5,7.4,0.8,130,7,5.0,6.8,0.7,131,9,35,29.55,,0,0,0,36.0,40.3,42.2,0.46,0.60,0.43
CSQR,2015-12-21 10:50:00 EST,43.32613,-76.10445,453,41.2,41.7,38.7,48.2,23.1,0.000,0.000,0.00,0.000,4.1,6.8,1.4,130,14,4.5,7.4,1.4,131,12,4.1,6.8,1.4,130,14,35,29.55,,0,0,0,36.0,40.3,42.2,0.46,0.60,0.43
CSQR,2015-12-21 10:55:00 EST,43.32613,-76.10445,453,41.1,41.6,38.1,48.7,23.2,0.000,0.000,0.00,0.000,4.5,6.1,1.0,126,12,4.9,6.7,1.1,126,11,4.5,6.1,1.0,126,12,33,29.55,,0,0,0,36.0,40.3,42.2,0.46,0.60,0.43
CSQR,2015-12-21 11:00:00 EST,43.32613,-76.10445,453,40.9,41.5,38.7,49.1,23.3,0.000,0.000,0.00,0.000,3.7,5.0,0.5,127,10,4.0,5.8,0.7,126,9,3.7,5.0,0.5,127,10,30,29.55,,0,0,0,36.0,40.3,42.2,0.46,0.60,0.43
CSQR,2015-12-21 11:05:00 EST,43.32613,-76.10445,453,41.1,41.5,38.6,48.7,23.2,0.000,0.000,0.00,0.000,3.9,5.3,0.7,112,7,4.4,6.0,0.8,111,8,3.9,5.3,0.7,112,7,29,29.54,,0,0,0,36.0,40.3,42.2,0.46,0.60,0.43
CSQR,2015-12-21 11:10:00 EST,43.32613,-76.10445,453,40.7,41.6,37.3,51.0,23.9,0.000,0.000,0.00,0.000,4.9,6.6,0.7,114,9,5.4,7.4,0.7,113,8,4.9,6.6,0.7,114,9,29,29.53,,0,0,0,36.1,40.3,42.2,0.46,0.60,0.43
CSQR,2015-12-21 11:15:00 EST,43.32613,-76.10445,453,40.5,41.3,37.4,52.6,24.5,0.000,0.000,0.00,0.000,4.6,6.3,0.9,100,10,5.0,6.9,1.0,100,9,4.6,6.3,0.9,100,10,34,29.52,,0,0,0,36.1,40.3,42.2,0.46,0.60,0.43
CSQR,2015-12-21 11:20:00 EST,43.32613,-76.10445,453,40.6,41.1,38.5,52.9,24.7,0.000,0.000,0.00,0.000,3.5,5.8,0.8,105,12,3.9,6.3,0.9,105,12,3.5,5.8,0.8,105,12,36,29.52,,0,0,0,36.1,40.3,42.2,0.46,0.60,0.43
CSQR,2015-12-21 11:25:00 EST,43.32613,-76.10445,453,40.2,41.0,38.6,54.9,25.3,0.000,0.000,0.00,0.000,3.0,5.0,0.6,121,10,3.3,5.1,0.7,122,10,3.0,5.0,0.6,121,10,34,29.53,,0,0,0,36.2,40.3,42.2,0.46,0.60,0.43
CSQR,2015-12-21 11:30:00 EST,43.32613,-76.10445,453,39.8,40.9,37.8,57.0,25.8,0.000,0.000,0.00,0.000,3.3,5.0,0.6,142,14,3.6,5.4,0.7,139,11,3.3,5.0,0.6,142,14,29,29.53,,0,0,0,36.2,40.3,42.2,0.46,0.60,0.43
CSQR,2015-12-21 11:35:00 EST,43.32613,-76.10445,453,40.1,41.1,37.8,56.9,26.0,0.000,0.000,0.00,0.000,3.6,5.3,0.6,140,13,3.8,5.6,0.7,137,10,3.6,5.3,0.6,140,13,26,29.53,,0,0,0,36.2,40.3,42.2,0.46,0.60,0.43
CSQR,2015-12-21 11:40:00 EST,43.32613,-76.10445,453,40.6,41.3,37.9,54.5,25.5,0.000,0.000,0.00,0.000,4.2,5.8,0.8,125,8,4.5,6.3,0.9,125,7,4.2,5.8,0.8,125,8,30,29.52,,0,0,0,36.3,40.3,42.2,0.46,0.60,0.43
CSQR,2015-12-21 11:45:00 EST,43.32613,-76.10445,453,40.3,41.0,38.2,56.4,26.0,0.000,0.000,0.00,0.000,3.5,5.1,0.8,127,10,3.8,6.0,0.9,126,9,3.5,5.1,0.8,127,10,33,29.52,,0,0,0,36.3,40.3,42.2,0.46,0.60,0.43
CSQR,2015-12-21 11:50:00 EST,43.32613,-76.10445,453,40.4,41.2,38.5,56.5,26.2,0.000,0.000,0.00,0.000,3.4,6.0,0.6,126,10,3.6,6.3,0.7,126,8,3.4,6.0,0.6,126,10,28,29.51,,0,0,0,36.3,40.3,42.1,0.46,0.60,0.43
CSQR,2015-12-21 11:55:00 EST,43.32613,-76.10445,453,40.5,41.1,38.6,56.3,26.2,0.000,0.000,0.00,0.000,3.3,5.3,0.5,117,9,3.7,6.0,0.6,118,10,3.3,5.3,0.5,117,9,33,29.51,,0,0,0,36.4,40.3,42.2,0.46,0.60,0.43
CSQR,2015-12-21 12:00:00 EST,43.32613,-76.10445,453,40.5,41.3,38.2,57.8,26.7,0.000,0.000,0.00,0.000,3.7,5.8,0.6,116,10,4.1,6.5,0.7,116,10,3.7,5.8,0.6,116,10,31,29.50,,0,0,0,36.4,40.3,42.1,0.46,0.60,0.43
CSQR,2015-12-21 12:05:00 EST,43.32613,-76.10445,453,40.7,41.7,38.3,57.6,26.9,0.000,0.000,0.00,0.000,3.7,5.4,0.9,119,9,4.1,6.0,1.0,120,9,3.7,5.4,0.9,119,9,29,29.49,,0,0,0,36.5,40.3,42.2,0.46,0.60,0.43
CSQR,2015-12-21 12:10:00 EST,43.32613,-76.10445,453,41.1,41.8,39.5,55.9,26.6,0.000,0.000,0.00,0.000,3.1,5.6,0.7,130,11,3.4,6.3,0.9,129,9,3.1,5.6,0.7,130,11,32,29.49,,0,0,0,36.5,40.3,42.1,0.46,0.60,0.43
CSQR,2015-12-21 12:15:00 EST,43.32613,-76.10445,453,40.6,41.4,40.6,59.0,27.4,0.000,0.000,0.00,0.000,2.7,4.4,0.5,159,14,3.2,5.8,0.6,155,13,2.7,4.4,0.5,159,14,35,29.48,,0,0,0,36.5,40.3,42.1,0.46,0.60,0.43
CSQR,2015-12-21 12:20:00 EST,43.32613,-76.10445,453,41.0,41.8,38.8,57.8,27.3,0.000,0.000,0.00,0.000,3.7,5.1,0.6,150,16,4.1,6.5,0.8,147,14,3.7,5.1,0.6,150,16,30,29.48,,0,0,0,36.5,40.3,42.1,0.46,0.60,0.43
CSQR,2015-12-21 12:25:00 EST,43.32613,-76.10445,453,41.1,42.1,41.1,57.6,27.2,0.000,0.000,0.00,0.000,2.4,4.7,0.7,144,16,2.7,5.1,0.8,141,14,2.4,4.7,0.7,144,16,30,29.48,,0,0,0,36.6,40.3,42.1,0.46,0.60,0.43
CSQR,2015-12-21 12:30:00 EST,43.32613,-76.10445,453,41.6,42.3,41.6,55.1,26.7,0.000,0.000,0.00,0.000,2.9,4.9,0.8,133,13,3.2,4.9,0.7,132,11,2.9,4.9,0.8,133,13,30,29.48,,0,0,0,36.7,40.3,42.2,0.46,0.60,0.43
CSQR,2015-12-21 12:35:00 EST,43.32613,-76.10445,453,41.5,42.5,38.7,55.1,26.6,0.000,0.000,0.00,0.000,4.5,5.8,0.7,144,8,4.9,6.5,0.8,140,7,4.5,5.8,0.7,144,8,29,29.48,,0,0,0,36.7,40.3,42.1,0.46,0.60,0.43
CSQR,2015-12-21 12:40:00 EST,43.32613,-76.10445,453,41.9,42.5,40.0,54.0,26.4,0.000,0.000,0.00,0.000,3.4,5.3,0.7,138,9,3.6,5.6,0.9,135,7,3.4,5.3,0.7,138,9,30,29.48,,0,0,0,36.7,40.3,42.1,0.46,0.60,0.43
CSQR,2015-12-21 12:45:00 EST,43.32613,-76.10445,453,41.9,42.6,40.0,54.4,26.7,0.000,0.000,0.00,0.000,3.5,4.8,0.5,123,9,3.8,5.1,0.6,124,8,3.5,4.8,0.5,123,9,29,29.48,,0,0,0,36.7,40.3,42.2,0.46,0.60,0.43
CSQR,2015-12-21 12:50:00 EST,43.32613,-76.10445,453,42.0,42.7,40.2,53.7,26.5,0.000,0.000,0.00,0.000,3.4,4.5,0.5,132,7,3.7,5.1,0.7,131,6,3.4,4.5,0.5,132,7,30,29.48,,0,0,0,36.8,40.3,42.1,0.46,0.60,0.43
CSQR,2015-12-21 12:55:00 EST,43.32613,-76.10445,453,41.7,42.5,39.5,56.1,27.2,0.000,0.000,0.00,0.000,3.7,5.6,0.7,121,6,4.0,6.3,0.8,121,7,3.7,5.6,0.7,121,6,32,29.48,,0,0,0,36.9,40.3,42.1,0.46,0.60,0.43
CSQR,2015-12-21 13:00:00 EST,43.32613,-76.10445,453,41.8,42.7,39.2,55.7,27.2,0.000,0.000,0.00,0.000,4.3,5.5,0.5,117,7,4.7,6.3,0.6,116,7,4.3,5.5,0.5,117,7,28,29.47,,0,0,0,36.9,40.3,42.1,0.46,0.60,0.43
CSQR,2015-12-21 13:05:00 EST,43.32613,-76.10445,453,41.9,42.8,39.2,55.7,27.2,0.000,0.000,0.00,0.000,4.4,5.6,0.6,117,6,4.7,6.0,0.7,116,6,4.4,5.6,0.6,117,6,24,29.47,,0,0,0,36.9,40.3,42.1,0.46,0.60,0.43
CSQR,2015-12-21 13:10:00 EST,43.32613,-76.10445,453,42.0,42.9,39.7,56.1,27.5,0.000,0.000,0.00,0.000,3.9,5.1,0.5,127,6,4.2,5.4,0.5,128,5,3.9,5.1,0.5,127,6,29,29.48,,0,0,0,37.0,40.3,42.1,0.46,0.60,0.43
CSQR,2015-12-21 13:15:00 EST,43.32613,-76.10445,453,42.1,42.9,39.4,56.0,27.5,0.000,0.000,0.00,0.000,4.4,5.7,0.6,115,10,4.8,6.0,0.7,114,10,4.4,5.7,0.6,115,10,26,29.48,,0,0,0,37.0,40.3,42.1,0.46,0.60,0.43
CSQR,2015-12-21 13:20:00 EST,43.32613,-76.10445,453,41.8,42.8,39.2,58.3,28.2,0.000,0.000,0.00,0.000,4.3,5.8,0.7,120,7,4.6,6.3,0.8,120,7,4.3,5.8,0.7,120,7,22,29.48,,0,0,0,37.0,40.3,42.1,0.46,0.60,0.43
CSQR,2015-12-21 13:25:00 EST,43.32613,-76.10445,453,41.8,42.8,39.6,58.6,28.4,0.003,0.003,0.00,0.003,3.7,4.7,0.5,124,6,4.0,5.4,0.6,125,5,3.7,4.7,0.5,124,6,24,29.47,,0,0,0,37.1,40.2,42.1,0.46,0.60,0.43
CSQR,2015-12-21 13:30:00 EST,43.32613,-76.10445,453,41.4,42.6,38.1,63.3,29.8,0.002,0.005,0.00,0.005,4.9,7.0,1.0,122,9,5.2,7.6,1.1,122,8,4.9,7.0,1.0,122,9,29,29.47,,0,0,0,37.0,40.3,42.1,0.46,0.60,0.43
CSQR,2015-12-21 13:35:00 EST,43.32613,-76.10445,453,42.6,43.8,38.1,60.4,29.8,0.001,0.005,0.00,0.005,7.4,10.4,1.1,143,12,8.0,11.4,1.2,140,10,7.4,10.4,1.1,143,12,33,29.46,,0,0,0,37.1,40.2,42.1,0.46,0.60,0.43
CSQR,2015-12-21 13:40:00 EST,43.32613,-76.10445,453,43.0,43.9,39.0,59.3,29.7,0.000,0.005,0.00,0.005,6.5,9.0,1.0,140,9,7.1,10.3,1.1,137,7,6.5,9.0,1.0,140,9,30,29.45,,0,0,0,37.1,40.2,42.1,0.46,0.60,0.43
CSQR,2015-12-21 13:45:00 EST,43.32613,-76.10445,453,42.5,43.6,38.3,62.3,30.5,0.000,0.005,0.00,0.005,6.7,11.3,1.5,139,9,7.5,12.1,1.7,135,6,6.7,11.3,1.5,139,9,30,29.44,,0,0,0,37.2,40.3,42.1,0.46,0.60,0.43
CSQR,2015-12-21 13:50:00 EST,43.32613,-76.10445,453,43.1,44.1,39.0,59.5,30.0,0.000,0.005,0.00,0.005,6.9,10.5,1.2,147,8,7.5,11.2,1.2,142,7,6.9,10.5,1.2,147,8,25,29.44,,0,0,0,37.2,40.2,42.1,0.46,0.60,0.43
CSQR,2015-12-21 13:55:00 EST,43.32613,-76.10445,453,43.3,44.3,39.2,60.1,30.4,0.000,0.005,0.00,0.005,6.8,10.6,1.4,146,11,7.5,11.4,1.4,142,9,6.8,10.6,1.4,146,11,25,29.43,,0,0,0,37.2,40.2,42.1,0.46,0.60,0.43
CSQR,2015-12-21 14:00:00 EST,43.32613,-76.10445,453,43.4,44.4,39.7,60.1,30.5,0.000,0.005,0.00,0.005,6.1,7.8,0.6,144,9,6.8,8.5,0.7,141,9,6.1,7.8,0.6,144,9,36,29.42,,0,0,0,37.2,40.2,42.1,0.46,0.60,0.43
CSQR,2015-12-21 14:05:00 EST,43.32613,-76.10445,453,43.7,44.4,40.0,59.4,30.4,0.000,0.005,0.00,0.005,6.2,8.3,0.8,139,9,7.0,9.4,1.1,137,8,6.2,8.3,0.8,139,9,28,29.42,,0,0,0,37.2,40.2,42.1,0.46,0.60,0.43
CSQR,2015-12-21 14:10:00 EST,43.32613,-76.10445,453,44.0,44.9,40.2,58.5,30.4,0.000,0.005,0.00,0.005,6.7,10.2,1.4,143,9,7.4,11.2,1.5,139,7,6.7,10.2,1.4,143,9,18,29.41,,0,0,0,37.2,40.2,42.1,0.46,0.60,0.43
CSQR,2015-12-21 14:15:00 EST,43.32613,-76.10445,453,44.1,44.9,41.3,58.6,30.5,0.000,0.005,0.00,0.005,5.0,7.0,0.8,146,10,5.5,7.6,0.9,142,8,5.0,7.0,0.8,146,10,15,29.41,,0,0,0,37.2,40.2,42.1,0.46,0.60,0.43
CSQR,2015-12-21 14:20:00 EST,43.32613,-76.10445,453,44.3,45.0,42.4,59.0,30.9,0.000,0.005,0.00,0.005,3.9,7.0,1.0,166,15,4.4,7.6,1.1,160,15,3.9,7.0,1.0,166,15,19,29.42,,0,0,0,37.3,40.2,42.1,0.46,0.60,0.43
CSQR,2015-12-21 14:25:00 EST,43.32613,-76.10445,453,45.2,45.7,43.0,57.2,30.9,0.000,0.005,0.00,0.003,4.4,6.9,1.0,169,10,4.9,8.5,1.2,165,11,4.4,6.9,1.0,169,10,21,29.42,,0,0,0,37.4,40.2,42.1,0.46,0.60,0.43
CSQR,2015-12-21 14:30:00 EST,43.32613,-76.10445,453,44.9,45.7,42.8,58.1,31.1,0.000,0.005,0.00,0.001,4.3,5.6,0.6,161,10,4.7,6.7,0.8,156,11,4.3,5.6,0.6,161,10,24,29.42,,0,0,0,37.4,40.2,42.1,0.46,0.60,0.43
CSQR,2015-12-21 14:35:00 EST,43.32613,-76.10445,453,45.2,45.8,43.7,56.6,30.7,0.000,0.005,0.00,0.000,3.7,4.4,0.4,139,7,4.0,5.4,0.6,136,6,3.7,4.4,0.4,139,7,23,29.42,,0,0,0,37.5,40.2,42.1,0.46,0.60,0.43
CSQR,2015-12-21 14:40:00 EST,43.32613,-76.10445,453,45.1,45.8,44.0,57.2,30.9,0.000,0.005,0.00,0.000,3.2,4.7,0.5,127,18,3.5,5.4,0.7,124,17,3.2,4.7,0.5,127,18,21,29.42,,0,0,0,37.5,40.2,42.1,0.46,0.60,0.43
CSQR,2015-12-21 14:45:00 EST,43.32613,-76.10445,453,43.8,45.1,42.3,61.8,31.5,0.000,0.005,0.00,0.000,3.4,4.2,0.4,80,16,3.8,5.1,0.6,79,17,3.4,4.2,0.4,80,16,19,29.42,,0,0,0,37.6,40.2,42.1,0.46,0.60,0.43
CSQR,2015-12-21 14:50:00 EST,43.32613,-76.10445,453,42.5,44.8,42.5,67.3,32.4,0.000,0.005,0.00,0.000,2.9,4.0,0.6,69,14,3.2,4.9,0.7,68,14,2.9,4.0,0.6,69,14,22,29.42,,0,0,0,37.6,40.1,42.1,0.46,0.60,0.43
CSQR,2015-12-21 14:55:00 EST,43.32613,-76.10445,453,42.9,44.4,41.5,66.7,32.6,0.000,0.005,0.00,0.000,3.2,4.8,0.5,63,12,3.5,5.6,0.7,62,12,3.2,4.8,0.5,63,12,36,29.42,,0,0,0,37.6,40.1,42.1,0.46,0.60,0.43
CSQR,2015-12-21 15:00:00 EST,43.32613,-76.10445,453,42.7,44.2,42.7,66.4,32.3,0.000,0.005,0.00,0.000,2.9,4.2,0.5,59,10,3.1,4.9,0.7,57,10,2.9,4.2,0.5,59,10,28,29.42,,0,0,0,37.7,40.1,42.1,0.46,0.60,0.43
CSQR,2015-12-21 15:05:00 EST,43.32613,-76.10445,453,43.0,44.0,41.6,65.4,32.2,0.000,0.005,0.00,0.000,3.1,4.4,0.4,48,12,3.1,4.7,0.5,49,10,3.1,4.4,0.4,48,12,26,29.43,,0,0,0,37.8,40.1,42.1,0.46,0.60,0.43
CSQR,2015-12-21 15:10:00 EST,43.32613,-76.10445,453,42.7,43.5,40.6,66.8,32.4,0.000,0.005,0.00,0.000,3.9,5.0,0.5,42,8,4.1,5.6,0.5,43,6,3.9,5.0,0.5,42,8,24,29.43,,0,0,0,37.8,40.1,42.1,0.46,0.60,0.43
CSQR,2015-12-21 15:15:00 EST,43.32613,-76.10445,453,42.1,42.8,39.1,69.1,32.7,0.000,0.005,0.00,0.000,4.8,6.2,0.6,38,8,5.0,6.5,0.6,39,6,4.8,6.2,0.6,38,8,25,29.42,,0,0,0,37.8,40.1,42.1,0.46,0.60,0.43
CSQR,2015-12-21 15:20:00 EST,43.32613,-76.10445,453,42.1,42.7,39.1,69.0,32.6,0.000,0.005,0.00,0.000,4.7,6.2,0.6,37,10,5.0,6.3,0.7,37,9,4.7,6.2,0.6,37,10,11,29.43,,0,0,0,37.9,40.1,42.1,0.46,0.60,0.43
CSQR,2015-12-21 15:25:00 EST,43.32613,-76.10445,453,42.2,42.5,39.0,67.9,32.3,0.000,0.005,0.00,0.000,5.1,7.1,1.1,44,8,5.3,7.6,1.2,44,7,5.1,7.1,1.1,44,8,15,29.43,,0,0,0,37.9,40.1,42.1,0.46,0.60,0.43
CSQR,2015-12-21 15:30:00 EST,43.32613,-76.10445,453,41.7,42.1,38.4,70.0,32.7,0.000,0.005,0.00,0.000,5.1,7.2,0.9,45,8,5.4,7.4,0.9,44,6,5.1,7.2,0.9,45,8,22,29.42,,0,0,0,38.0,40.1,42.1,0.46,0.60,0.43
CSQR,2015-12-21 15:35:00 EST,43.32613,-76.10445,453,41.5,41.6,38.7,70.6,32.7,0.000,0.005,0.00,0.000,4.3,6.1,0.6,32,8,4.5,6.0,0.8,33,8,4.3,6.1,0.6,32,8,16,29.43,,0,0,0,38.0,40.2,42.1,0.46,0.60,0.43
CSQR,2015-12-21 15:40:00 EST,43.32613,-76.10445,453,41.3,41.6,38.0,71.6,32.9,0.000,0.005,0.00,0.000,5.0,6.9,0.8,47,9,5.4,7.6,0.9,46,6,5.0,6.9,0.8,47,9,13,29.43,,0,0,0,38.1,40.1,42.1,0.46,0.60,0.43
CSQR,2015-12-21 15:45:00 EST,43.32613,-76.10445,453,41.4,41.7,38.3,70.9,32.7,0.000,0.005,0.00,0.000,4.7,6.8,1.3,55,10,5.0,7.4,1.4,53,8,4.7,6.8,1.3,55,10,15,29.43,,0,0,0,38.1,40.1,42.1,0.46,0.60,0.43
CSQR,2015-12-21 15:50:00 EST,43.32613,-76.10445,453,41.0,41.3,41.0,74.5,33.6,0.000,0.005,0.00,0.000,1.4,3.4,0.8,25,15,1.8,3.4,0.6,25,20,1.4,3.4,0.8,25,15,7,29.43,,0,0,0,38.1,40.1,42.1,0.46,0.60,0.43
CSQR,2015-12-21 15:55:00 EST,43.32613,-76.10445,453,40.7,41.1,40.7,76.0,33.7,0.000,0.005,0.00,0.000,2.6,4.2,0.9,33,11,2.8,4.7,0.9,36,9,2.6,4.2,0.9,33,11,8,29.43,,0,0,0,38.1,40.1,42.1,0.46,0.60,0.43
CSQR,2015-12-21 16:00:00 EST,43.32613,-76.10445,453,40.9,41.2,37.6,74.0,33.3,0.000,0.005,0.00,0.000,4.9,6.2,0.6,45,7,5.2,6.7,0.7,44,5,4.9,6.2,0.6,45,7,9,29.43,,0,0,0,38.2,40.1,42.1,0.46,0.60,0.43
CSQR,2015-12-21 16:05:00 EST,43.32613,-76.10445,453,40.9,41.0,37.2,73.3,33.0,0.000,0.005,0.00,0.000,5.5,7.5,0.7,53,8,5.8,7.6,0.8,51,7,5.5,7.5,0.7,53,8,9,29.43,,0,0,0,38.2,40.2,42.1,0.46,0.60,0.43
CSQR,2015-12-21 16:10:00 EST,43.32613,-76.10445,453,40.9,40.9,38.8,73.4,33.0,0.000,0.005,0.00,0.000,3.6,5.7,1.2,54,10,3.8,6.3,1.2,52,10,3.6,5.7,1.2,54,10,6,29.43,,0,0,0,38.3,40.1,42.1,0.46,0.60,0.43
CSQR,2015-12-21 16:15:00 EST,43.32613,-76.10445,453,40.6,40.8,40.6,75.3,33.4,0.000,0.005,0.00,0.000,2.7,4.9,1.0,46,23,3.1,5.8,1.1,46,22,2.7,4.9,1.0,46,23,5,29.43,,0,0,0,38.3,40.1,42.1,0.46,0.60,0.43
CSQR,2015-12-21 16:20:00 EST,43.32613,-76.10445,453,40.9,41.5,39.3,75.2,33.6,0.000,0.005,0.00,0.000,3.0,7.5,1.3,56,49,3.6,7.8,1.4,58,51,3.0,7.5,1.3,56,49,3,29.43,,0,0,0,38.3,40.1,42.1,0.46,0.60,0.43
CSQR,2015-12-21 16:25:00 EST,43.32613,-76.10445,453,41.9,43.1,41.9,71.6,33.4,0.000,0.005,0.00,0.000,1.7,8.6,1.3,199,59,2.1,9.2,1.6,188,62,1.7,8.6,1.3,199,59,1,29.43,,0,0,0,38.3,40.2,42.1,0.46,0.60,0.43
CSQR,2015-12-21 16:30:00 EST,43.32613,-76.10445,453,44.5,45.2,44.5,66.9,34.2,0.000,0.005,0.00,0.000,2.8,6.0,1.0,216,28,3.2,6.9,1.3,213,30,2.8,6.0,1.0,216,28,1,29.43,,0,0,0,38.3,40.2,42.1,0.46,0.60,0.43
CSQR,2015-12-21 16:35:00 EST,43.32613,-76.10445,453,45.9,46.9,43.9,64.7,34.6,0.000,0.005,0.00,0.000,4.2,7.4,1.1,232,18,4.7,9.6,1.3,228,17,4.2,7.4,1.1,232,18,1,29.42,,0,0,0,38.3,40.2,42.1,0.46,0.60,0.43
CSQR,2015-12-21 16:40:00 EST,43.32613,-76.10445,453,48.1,48.7,45.0,60.2,35.0,0.000,0.005,0.00,0.000,6.8,10.6,1.4,228,15,7.0,11.2,1.5,225,14,6.8,10.6,1.4,228,15,0,29.42,,0,0,0,38.3,40.2,42.0,0.46,0.60,0.43
CSQR,2015-12-21 16:45:00 EST,43.32613,-76.10445,453,48.6,48.9,46.2,57.4,34.2,0.000,0.005,0.00,0.000,5.6,9.4,1.4,223,14,5.9,9.6,1.5,219,14,5.6,9.4,1.4,223,14,0,29.43,,0,0,0,38.4,40.2,42.0,0.46,0.60,0.43
CSQR,2015-12-21 16:50:00 EST,43.32613,-76.10445,453,48.8,49.1,46.3,55.9,33.7,0.000,0.005,0.00,0.000,5.9,10.5,1.6,211,19,6.4,11.0,1.7,207,18,5.9,10.5,1.6,211,19,0,29.43,,0,0,0,38.4,40.2,42.0,0.46,0.60,0.43
CSQR,2015-12-21 16:55:00 EST,43.32613,-76.10445,453,48.8,49.2,46.9,54.5,33.1,0.000,0.005,0.00,0.000,4.9,8.5,1.3,204,13,5.4,9.6,1.4,200,11,4.9,8.5,1.3,204,13,0,29.43,,0,0,0,38.4,40.2,42.1,0.46,0.60,0.43
CSQR,2015-12-21 17:00:00 EST,43.32613,-76.10445,453,49.1,49.4,46.8,53.1,32.8,0.000,0.005,0.00,0.000,5.6,12.0,1.7,211,19,6.3,13.6,1.8,207,18,5.6,12.0,1.7,211,19,0,29.43,,0,0,0,38.5,40.2,42.1,0.46,0.60,0.43
CSQR,2015-12-21 17:05:00 EST,43.32613,-76.10445,453,49.3,49.6,46.9,52.4,32.6,0.000,0.005,0.00,0.000,5.9,12.3,2.1,214,15,6.3,12.8,2.1,209,15,5.9,12.3,2.1,214,15,0,29.43,,0,0,0,38.5,40.2,42.1,0.46,0.60,0.43
CSQR,2015-12-21 17:10:00 EST,43.32613,-76.10445,453,49.4,49.7,46.9,52.0,32.5,0.000,0.005,0.00,0.000,6.0,10.5,1.8,221,15,6.4,10.7,2.0,216,14,6.0,10.5,1.8,221,15,0,29.43,,0,0,0,38.5,40.2,42.1,0.46,0.60,0.43
CSQR,2015-12-21 17:15:00 EST,43.32613,-76.10445,453,49.3,49.7,46.7,52.3,32.6,0.000,0.005,0.00,0.000,6.3,12.3,2.2,202,15,6.7,13.4,2.4,197,12,6.3,12.3,2.2,202,15,0,29.43,,0,0,0,38.5,40.2,42.1,0.46,0.60,0.43
CSQR,2015-12-21 17:20:00 EST,43.32613,-76.10445,453,49.3,49.6,47.2,52.5,32.6,0.000,0.005,0.00,0.000,5.3,9.4,1.3,201,15,5.6,11.0,1.5,197,15,5.3,9.4,1.3,201,15,0,29.43,,0,0,0,38.6,40.2,42.1,0.46,0.60,0.43
CSQR,2015-12-21 17:25:00 EST,43.32613,-76.10445,453,49.2,49.6,47.2,52.6,32.6,0.000,0.005,0.00,0.000,5.2,8.8,1.1,192,13,5.7,10.1,1.2,188,12,5.2,8.8,1.1,192,13,0,29.42,,0,0,0,38.6,40.2,42.1,0.46,0.60,0.43
CSQR,2015-12-21 17:30:00 EST,43.32613,-76.10445,453,49.3,49.7,47.0,51.7,32.3,0.000,0.005,0.00,0.000,5.8,9.3,1.8,196,15,6.2,9.4,1.8,193,13,5.8,9.3,1.8,196,15,0,29.42,,0,0,0,38.6,40.2,42.1,0.46,0.60,0.43
CSQR,2015-12-21 17:35:00 EST,43.32613,-76.10445,453,49.4,49.7,47.0,51.4,32.2,0.000,0.005,0.00,0.000,5.8,9.5,1.3,205,13,6.5,11.0,1.4,202,12,5.8,9.5,1.3,205,13,0,29.42,,0,0,0,38.7,40.3,42.1,0.46,0.60,0.43
CSQR,2015-12-21 17:40:00 EST,43.32613,-76.10445,453,49.4,49.8,47.5,51.4,32.2,0.000,0.005,0.00,0.000,5.0,7.6,1.2,214,15,5.5,8.5,1.1,209,13,5.0,7.6,1.2,214,15,0,29.42,,0,0,0,38.7,40.2,42.0,0.46,0.60,0.43
CSQR,2015-12-21 17:45:00 EST,43.32613,-76.10445,453,49.4,49.8,47.2,51.7,32.4,0.000,0.005,0.00,0.000,5.5,9.6,1.7,222,16,5.9,9.6,1.7,218,16,5.5,9.6,1.7,222,16,0,29.43,,0,0,0,38.7,40.2,42.0,0.46,0.60,0.43
CSQR,2015-12-21 17:50:00 EST,43.32613,-76.10445,453,49.6,49.8,47.0,51.7,32.5,0.000,0.005,0.00,0.000,6.3,9.9,1.4,212,10,6.6,9.8,1.6,207,9,6.3,9.9,1.4,212,10,0,29.43,,0,0,0,38.8,40.3,42.0,0.46,0.60,0.43
CSQR,2015-12-21 17:55:00 EST,43.32613,-76.10445,453,49.5,49.8,47.5,52.4,32.8,0.000,0.005,0.00,0.000,5.2,8.7,1.2,205,14,5.8,10.5,1.3,201,14,5.2,8.7,1.2,205,14,0,29.43,,0,0,0,38.8,40.3,42.0,0.46,0.60,0.43
CSQR,2015-12-21 18:00:00 EST,43.32613,-76.10445,453,49.7,50.0,47.2,52.3,32.9,0.000,0.005,0.00,0.000,6.2,12.1,2.2,208,15,6.6,12.5,2.2,203,14,6.2,12.1,2.2,208,15,0,29.43,,0,0,0,38.8,40.2,42.1,0.46,0.60,0.43
CSQR,2015-12-21 18:05:00 EST,43.32613,-76.10445,453,49.7,49.9,47.4,52.4,32.9,0.000,0.005,0.00,0.000,5.8,8.0,1.1,217,12,6.1,8.9,1.2,213,11,5.8,8.0,1.1,217,12,0,29.44,,0,0,0,38.8,40.3,42.0,0.46,0.60,0.43
CSQR,2015-12-21 18:10:00 EST,43.32613,-76.10445,453,49.3,49.7,47.6,53.4,33.1,0.000,0.005,0.00,0.000,4.8,7.3,1.1,225,14,5.1,8.5,1.2,219,13,4.8,7.3,1.1,225,14,0,29.44,,0,0,0,38.9,40.3,42.1,0.46,0.60,0.43
CSQR,2015-12-21 18:15:00 EST,43.32613,-76.10445,453,49.7,49.9,47.8,52.4,33.0,0.000,0.005,0.00,0.000,5.2,9.4,1.3,213,14,5.6,9.4,1.3,208,12,5.2,9.4,1.3,213,14,0,29.44,,0,0,0,38.9,40.3,42.0,0.46,0.60,0.43
CSQR,2015-12-21 18:20:00 EST,43.32613,-76.10445,453,49.7,49.9,47.3,52.2,32.9,0.000,0.005,0.00,0.000,6.1,10.5,1.6,217,12,6.6,10.3,1.6,213,11,6.1,10.5,1.6,217,12,0,29.45,,0,0,0,39.0,40.3,42.0,0.46,0.60,0.43
CSQR,2015-12-21 18:25:00 EST,43.32613,-76.10445,453,49.8,50.1,47.0,51.8,32.8,0.000,0.005,0.00,0.000,6.8,10.6,1.7,216,15,7.2,11.4,1.7,211,15,6.8,10.6,1.7,216,15,0,29.45,,0,0,0,39.0,40.3,42.1,0.46,0.60,0.43
CSQR,2015-12-21 18:30:00 EST,43.32613,-76.10445,453,49.8,50.1,46.7,51.7,32.8,0.000,0.005,0.00,0.000,7.8,13.7,2.0,218,15,8.2,14.1,2.0,213,14,7.8,13.7,2.0,218,15,0,29.45,,0,0,0,39.0,40.3,42.0,0.46,0.60,0.43
CSQR,2015-12-21 18:35:00 EST,43.32613,-76.10445,453,49.7,50.0,46.3,52.8,33.2,0.000,0.005,0.00,0.000,8.4,15.1,2.5,223,15,9.1,16.6,2.7,220,15,8.4,15.1,2.5,223,15,0,29.44,,0,0,0,39.0,40.3,42.0,0.46,0.60,0.43
CSQR,2015-12-21 18:40:00 EST,43.32613,-76.10445,453,50.0,50.1,45.9,54.4,34.2,0.000,0.005,0.00,0.000,10.2,18.9,2.8,229,17,10.6,18.1,2.9,225,17,10.2,18.9,2.8,229,17,0,29.44,,0,0,0,39.1,40.3,42.0,0.46,0.60,0.43
CSQR,2015-12-21 18:45:00 EST,43.32613,-76.10445,453,50.0,50.1,46.3,54.2,34.1,0.000,0.005,0.00,0.000,9.3,17.2,2.9,224,16,9.7,18.1,3.0,219,15,9.3,17.2,2.9,224,16,0,29.44,,0,0,0,39.1,40.3,42.0,0.46,0.60,0.43
CSQR,2015-12-21 18:50:00 EST,43.32613,-76.10445,453,49.9,50.1,46.6,54.7,34.3,0.000,0.005,0.00,0.000,8.2,12.3,2.0,238,13,8.5,13.6,2.1,235,14,8.2,12.3,2.0,238,13,0,29.45,,0,0,0,39.2,40.3,42.1,0.46,0.60,0.43
CSQR,2015-12-21 18:55:00 EST,43.32613,-76.10445,453,49.9,50.0,47.7,55.7,34.7,0.000,0.005,0.00,0.000,5.6,9.6,1.6,233,17,6.0,10.3,1.8,230,16,5.6,9.6,1.6,233,17,0,29.45,,0,0,0,39.2,40.2,42.0,0.46,0.60,0.43
CSQR,2015-12-21 19:00:00 EST,43.32613,-76.10445,453,50.0,50.2,47.5,56.7,35.2,0.000,0.005,0.00,0.000,6.3,10.3,1.7,226,13,6.7,11.4,1.9,222,12,6.3,10.3,1.7,226,13,0,29.45,,0,0,0,39.2,40.3,42.0,0.46,0.60,0.43
CSQR,2015-12-21 19:05:00 EST,43.32613,-76.10445,453,49.8,50.1,48.6,56.6,35.0,0.000,0.005,0.00,0.000,4.1,6.9,1.0,222,12,4.3,7.8,1.2,217,11,4.1,6.9,1.0,222,12,0,29.44,,0,0,0,39.2,40.3,42.0,0.46,0.60,0.43
CSQR,2015-12-21 19:10:00 EST,43.32613,-76.10445,453,49.9,50.1,48.3,55.6,34.7,0.000,0.005,0.00,0.000,4.7,8.8,1.2,218,11,5.0,8.9,1.2,215,11,4.7,8.8,1.2,218,11,0,29.44,,0,0,0,39.2,40.3,42.1,0.46,0.60,0.43
CSQR,2015-12-21 19:15:00 EST,43.32613,-76.10445,453,49.9,50.1,48.5,55.3,34.5,0.000,0.005,0.00,0.000,4.3,6.0,0.9,209,11,4.7,7.4,1.0,206,10,4.3,6.0,0.9,209,11,0,29.45,,0,0,0,39.2,40.3,42.0,0.46,0.60,0.43
CSQR,2015-12-21 19:20:00 EST,43.32613,-76.10445,453,49.8,50.1,48.2,54.9,34.2,0.000,0.005,0.00,0.000,4.5,10.6,1.8,218,14,4.7,11.2,1.8,213,13,4.5,10.6,1.8,218,14,0,29.45,,0,0,0,39.2,40.3,42.0,0.46,0.60,0.43
CSQR,2015-12-21 19:25:00 EST,43.32613,-76.10445,453,50.1,50.4,50.1,54.0,34.1,0.000,0.005,0.00,0.000,6.6,10.7,1.5,209,14,7.0,11.6,1.7,204,13,6.6,10.7,1.5,209,14,0,29.45,,0,0,0,39.2,40.3,42.0,0.46,0.60,0.43
CSQR,2015-12-21 19:30:00 EST,43.32613,-76.10445,453,50.1,50.4,50.1,53.8,34.0,0.000,0.005,0.00,0.000,5.0,8.8,1.1,202,17,5.4,9.6,1.3,199,14,5.0,8.8,1.1,202,17,0,29.45,,0,0,0,39.2,40.3,42.0,0.46,0.60,0.43
CSQR,2015-12-21 19:35:00 EST,43.32613,-76.10445,453,50.1,50.4,50.1,54.1,34.1,0.000,0.005,0.00,0.000,4.6,7.7,1.2,204,18,5.1,8.5,1.3,200,16,4.6,7.7,1.2,204,18,0,29.45,,0,0,0,39.3,40.3,42.0,0.46,0.60,0.43
CSQR,2015-12-21 19:40:00 EST,43.32613,-76.10445,453,50.1,50.4,50.1,54.5,34.3,0.000,0.005,0.00,0.000,5.4,8.0,1.4,204,16,5.8,9.6,1.6,200,14,5.4,8.0,1.4,204,16,0,29.45,,0,0,0,39.3,40.3,42.0,0.46,0.60,0.43
CSQR,2015-12-21 19:45:00 EST,43.32613,-76.10445,453,50.0,50.4,48.5,54.8,34.4,0.000,0.005,0.00,0.000,4.5,7.0,1.0,201,15,5.0,10.1,1.3,198,13,4.5,7.0,1.0,201,15,0,29.45,,0,0,0,39.4,40.3,42.0,0.46,0.60,0.43
CSQR,2015-12-21 19:50:00 EST,43.32613,-76.10445,453,50.3,50.6,50.3,53.9,34.3,0.000,0.005,0.00,0.000,6.0,9.7,1.3,198,16,6.5,11.9,1.6,192,15,6.0,9.7,1.3,198,16,0,29.45,,0,0,0,39.4,40.3,42.0,0.46,0.60,0.43
CSQR,2015-12-21 19:55:00 EST,43.32613,-76.10445,453,50.4,50.6,50.4,54.3,34.5,0.000,0.005,0.00,0.000,6.0,11.0,1.8,200,14,6.4,12.5,1.9,197,12,6.0,11.0,1.8,200,14,0,29.45,,0,0,0,39.4,40.3,42.0,0.46,0.60,0.43
CSQR,2015-12-21 20:00:00 EST,43.32613,-76.10445,453,50.3,50.6,50.3,55.0,34.7,0.000,0.005,0.00,0.000,4.5,6.5,1.0,202,12,4.9,7.2,1.1,198,12,4.5,6.5,1.0,202,12,0,29.45,,0,0,0,39.4,40.4,42.0,0.46,0.60,0.43
CSQR,2015-12-21 20:05:00 EST,43.32613,-76.10445,453,50.3,50.6,50.3,55.3,34.9,0.000,0.005,0.00,0.000,5.3,7.5,0.9,188,12,5.8,8.7,1.2,185,10,5.3,7.5,0.9,188,12,0,29.45,,0,0,0,39.5,40.4,42.0,0.46,0.60,0.43
CSQR,2015-12-21 20:10:00 EST,43.32613,-76.10445,453,50.5,50.7,50.5,55.6,35.2,0.000,0.005,0.00,0.000,5.1,7.8,0.9,193,11,5.7,9.2,1.2,190,10,5.1,7.8,0.9,193,11,0,29.44,,0,0,0,39.5,40.4,42.0,0.46,0.60,0.43
CSQR,2015-12-21 20:15:00 EST,43.32613,-76.10445,453,50.4,50.7,50.4,56.2,35.3,0.000,0.005,0.00,0.000,4.5,7.9,1.1,187,19,5.1,9.6,1.4,184,18,4.5,7.9,1.1,187,19,0,29.44,,0,0,0,39.5,40.4,42.1,0.46,0.60,0.43
CSQR,2015-12-21 20:20:00 EST,43.32613,-76.10445,453,50.6,50.8,50.6,57.9,36.3,0.000,0.005,0.00,0.000,8.1,11.7,1.5,210,13,8.6,12.5,1.7,207,11,8.1,11.7,1.5,210,13,0,29.45,,0,0,0,39.5,40.4,42.0,0.46,0.60,0.43
CSQR,2015-12-21 20:25:00 EST,43.32613,-76.10445,453,50.9,51.0,50.9,59.2,37.1,0.000,0.005,0.00,0.000,9.4,15.9,2.4,220,13,9.9,15.9,2.5,215,13,9.4,15.9,2.4,220,13,0,29.45,,0,0,0,39.6,40.4,42.0,0.46,0.60,0.43
CSQR,2015-12-21 20:30:00 EST,43.32613,-76.10445,453,50.9,51.0,50.9,61.3,38.0,0.000,0.005,0.00,0.000,7.8,14.2,2.5,219,14,8.5,15.9,2.5,214,13,7.8,14.2,2.5,219,14,0,29.45,,0,0,0,39.6,40.4,42.1,0.46,0.60,0.43
CSQR,2015-12-21 20:35:00 EST,43.32613,-76.10445,453,50.8,51.0,50.8,62.2,38.3,0.000,0.005,0.00,0.000,5.7,10.0,1.5,210,10,6.1,10.5,1.6,206,10,5.7,10.0,1.5,210,10,0,29.45,,0,0,0,39.6,40.4,42.0,0.46,0.60,0.43
CSQR,2015-12-21 20:40:00 EST,43.32613,-76.10445,453,50.8,51.0,50.8,62.1,38.3,0.000,0.005,0.00,0.000,5.3,9.0,1.2,213,16,5.6,9.4,1.3,208,14,5.3,9.0,1.2,213,16,0,29.44,,0,0,0,39.6,40.4,42.0,0.46,0.60,0.43
CSQR,2015-12-21 20:45:00 EST,43.32613,-76.10445,453,50.7,51.0,50.7,62.6,38.4,0.000,0.005,0.00,0.000,4.2,7.1,0.9,197,11,4.5,7.4,1.0,195,11,4.2,7.1,0.9,197,11,0,29.44,,0,0,0,39.7,40.4,42.0,0.46,0.60,0.43
CSQR,2015-12-21 20:50:00 EST,43.32613,-76.10445,453,50.7,50.9,50.7,62.8,38.5,0.000,0.005,0.00,0.000,5.0,9.5,1.9,181,14,5.5,11.0,2.0,178,13,5.0,9.5,1.9,181,14,0,29.44,,0,0,0,39.7,40.4,42.0,0.46,0.60,0.43
CSQR,2015-12-21 20:55:00 EST,43.32613,-76.10445,453,50.5,50.8,50.5,63.5,38.6,0.000,0.005,0.00,0.000,5.5,8.0,0.9,180,14,6.0,9.6,1.2,177,13,5.5,8.0,0.9,180,14,0,29.44,,0,0,0,39.7,40.4,42.0,0.46,0.60,0.43
CSQR,2015-12-21 21:00:00 EST,43.32613,-76.10445,453,50.5,50.8,50.5,64.0,38.8,0.000,0.005,0.00,0.000,4.5,8.3,1.2,192,15,5.1,9.8,1.4,188,13,4.5,8.3,1.2,192,15,0,29.44,,0,0,0,39.8,40.4,42.0,0.46,0.60,0.43
CSQR,2015-12-21 21:05:00 EST,43.32613,-76.10445,453,50.9,51.0,50.9,63.4,38.9,0.000,0.005,0.00,0.000,7.5,11.0,1.4,189,12,8.3,12.1,1.6,186,11,7.5,11.0,1.4,189,12,0,29.44,,0,0,0,39.8,40.4,42.0,0.46,0.60,0.43
CSQR,2015-12-21 21:10:00 EST,43.32613,-76.10445,453,50.7,50.9,50.7,64.3,39.1,0.000,0.005,0.00,0.000,6.8,11.0,1.7,189,15,7.4,11.4,1.8,186,14,6.8,11.0,1.7,189,15,0,29.45,,0,0,0,39.8,40.5,42.0,0.46,0.60,0.43
CSQR,2015-12-21 21:15:00 EST,43.32613,-76.10445,453,50.7,50.9,50.7,65.0,39.3,0.000,0.005,0.00,0.000,5.7,10.2,1.7,185,14,6.2,12.1,1.8,182,13,5.7,10.2,1.7,185,14,0,29.45,,0,0,0,39.9,40.5,42.0,0.46,0.60,0.43
CSQR,2015-12-21 21:20:00 EST,43.32613,-76.10445,453,50.6,50.8,50.6,65.5,39.5,0.000,0.005,0.00,0.000,4.6,6.4,0.9,190,10,5.0,7.2,1.0,188,10,4.6,6.4,0.9,190,10,0,29.45,,0,0,0,39.9,40.5,42.0,0.46,0.60,0.43
CSQR,2015-12-21 21:25:00 EST,43.32613,-76.10445,453,50.7,50.8,50.7,65.6,39.6,0.000,0.005,0.00,0.000,4.8,7.0,0.9,193,14,5.3,7.6,1.0,190,13,4.8,7.0,0.9,193,14,0,29.45,,0,0,0,39.9,40.5,42.0,0.46,0.60,0.43
CSQR,2015-12-21 21:30:00 EST,43.32613,-76.10445,453,50.7,50.8,50.7,65.4,39.6,0.000,0.005,0.00,0.000,4.6,7.5,1.3,190,13,5.0,9.6,1.5,187,12,4.6,7.5,1.3,190,13,0,29.45,,0,0,0,39.9,40.5,42.0,0.46,0.60,0.43
CSQR,2015-12-21 21:35:00 EST,43.32613,-76.10445,453,50.5,50.7,50.5,66.3,39.6,0.000,0.005,0.00,0.000,5.2,7.0,0.8,192,18,5.8,8.1,0.8,187,18,5.2,7.0,0.8,192,18,0,29.45,,0,0,0,40.0,40.5,42.0,0.46,0.60,0.43
CSQR,2015-12-21 21:40:00 EST,43.32613,-76.10445,453,50.4,50.7,50.4,67.0,39.9,0.000,0.005,0.00,0.000,4.6,7.9,1.3,197,17,5.1,9.4,1.5,194,17,4.6,7.9,1.3,197,17,0,29.45,,0,0,0,40.0,40.5,42.0,0.46,0.60,0.43
CSQR,2015-12-21 21:45:00 EST,43.32613,-76.10445,453,50.7,50.8,50.7,66.2,39.8,0.000,0.005,0.00,0.000,5.0,8.3,1.1,204,18,5.6,9.2,1.1,199,17,5.0,8.3,1.1,204,18,0,29.46,,0,0,0,40.0,40.5,42.0,0.46,0.60,0.43
CSQR,2015-12-21 21:50:00 EST,43.32613,-76.10445,453,50.8,50.9,50.8,66.3,39.9,0.000,0.005,0.00,0.000,5.0,8.3,1.4,201,17,5.5,10.5,1.7,196,16,5.0,8.3,1.4,201,17,0,29.46,,0,0,0,40.1,40.5,42.0,0.46,0.60,0.43
CSQR,2015-12-21 21:55:00 EST,43.32613,-76.10445,453,50.8,51.0,50.8,66.6,40.1,0.000,0.005,0.00,0.000,5.9,11.0,1.9,197,17,6.5,11.9,2.2,194,16,5.9,11.0,1.9,197,17,0,29.46,,0,0,0,40.1,40.5,42.0,0.46,0.60,0.43
CSQR,2015-12-21 22:00:00 EST,43.32613,-76.10445,453,50.4,50.6,50.4,68.8,40.6,0.008,0.013,0.00,0.008,4.5,8.3,1.1,194,15,4.9,8.7,1.2,190,15,4.5,8.3,1.1,194,15,0,29.45,,0,0,0,40.1,40.5,42.1,0.46,0.60,0.43
CSQR,2015-12-21 22:05:00 EST,43.32613,-76.10445,453,49.9,50.1,48.0,72.2,41.3,0.002,0.015,0.00,0.010,5.2,9.9,1.8,198,16,5.9,11.9,2.1,194,14,5.2,9.9,1.8,198,16,0,29.45,,0,0,0,40.2,40.6,42.1,0.46,0.60,0.43
CSQR,2015-12-21 22:10:00 EST,43.32613,-76.10445,453,49.5,49.9,48.2,74.5,41.7,0.000,0.015,0.00,0.010,4.2,6.3,1.0,195,15,4.7,7.6,1.2,191,14,4.2,6.3,1.0,195,15,0,29.46,,0,0,0,40.3,40.5,42.1,0.46,0.60,0.43
CSQR,2015-12-21 22:15:00 EST,43.32613,-76.10445,453,49.7,50.0,48.1,74.5,41.9,0.000,0.015,0.00,0.010,4.6,9.0,1.4,192,13,5.0,9.8,1.6,187,11,4.6,9.0,1.4,192,13,0,29.46,,0,0,0,40.3,40.5,42.0,0.46,0.60,0.43
CSQR,2015-12-21 22:20:00 EST,43.32613,-76.10445,453,49.7,50.1,48.6,73.7,41.7,0.000,0.015,0.00,0.010,4.0,5.8,0.7,193,12,4.3,6.9,0.9,188,11,4.0,5.8,0.7,193,12,0,29.46,,0,0,0,40.3,40.6,42.0,0.46,0.60,0.43
CSQR,2015-12-21 22:25:00 EST,43.32613,-76.10445,453,49.9,50.3,48.7,73.4,41.7,0.000,0.015,0.00,0.010,4.1,6.9,1.0,187,11,4.6,8.7,1.3,184,9,4.1,6.9,1.0,187,11,0,29.46,,0,0,0,40.3,40.6,42.1,0.46,0.60,0.43
CSQR,2015-12-21 22:30:00 EST,43.32613,-76.10445,453,50.4,50.7,50.4,71.6,41.6,0.000,0.015,0.00,0.010,4.8,8.1,1.5,200,14,5.3,9.4,1.7,194,13,4.8,8.1,1.5,200,14,0,29.46,,0,0,0,40.3,40.6,42.0,0.46,0.60,0.43
CSQR,2015-12-21 22:35:00 EST,43.32613,-76.10445,453,50.2,50.6,50.2,72.1,41.6,0.002,0.017,0.00,0.012,3.7,7.0,1.1,203,18,4.3,9.4,1.4,199,16,3.7,7.0,1.1,203,18,0,29.46,,0,0,0,40.4,40.6,42.1,0.46,0.60,0.43
CSQR,2015-12-21 22:40:00 EST,43.32613,-76.10445,453,50.3,50.6,50.3,72.5,41.8,0.000,0.017,0.00,0.012,5.3,10.4,1.9,195,18,5.9,11.6,2.2,190,18,5.3,10.4,1.9,195,18,0,29.46,,0,0,0,40.4,40.6,42.0,0.46,0.60,0.43
CSQR,2015-12-21 22:45:00 EST,43.32613,-76.10445,453,50.3,50.7,50.3,72.6,41.8,0.000,0.017,0.00,0.012,3.5,6.9,1.3,198,11,3.9,8.5,1.4,194,11,3.5,6.9,1.3,198,11,0,29.45,,0,0,0,40.5,40.6,42.1,0.46,0.59,0.43
CSQR,2015-12-21 22:50:00 EST,43.32613,-76.10445,453,50.3,50.7,50.3,72.5,41.8,0.000,0.017,0.00,0.012,2.8,4.9,0.9,203,18,3.3,5.8,1.0,197,19,2.8,4.9,0.9,203,18,0,29.45,,0,0,0,40.5,40.6,42.1,0.46,0.60,0.43
CSQR,2015-12-21 22:55:00 EST,43.32613,-76.10445,453,50.3,50.7,50.3,72.5,41.8,0.000,0.017,0.00,0.012,2.9,4.7,0.8,195,18,3.3,6.7,1.0,191,18,2.9,4.7,0.8,195,18,0,29.45,,0,0,0,40.5,40.6,42.1,0.46,0.59,0.43
CSQR,2015-12-21 23:00:00 EST,43.32613,-76.10445,453,50.3,50.8,50.3,72.8,41.9,0.000,0.017,0.00,0.004,3.7,7.2,1.1,197,13,4.2,8.9,1.4,193,11,3.7,7.2,1.1,197,13,0,29.45,,0,0,0,40.5,40.6,42.1,0.46,0.60,0.43
CSQR,2015-12-21 23:05:00 EST,43.32613,-76.10445,453,50.3,50.8,50.3,73.1,42.0,0.000,0.017,0.00,0.002,3.5,5.8,1.0,190,10,3.9,7.4,1.2,185,10,3.5,5.8,1.0,190,10,0,29.45,,0,0,0,40.5,40.6,42.1,0.46,0.60,0.43
CSQR,2015-12-21 23:10:00 EST,43.32613,-76.10445,453,50.4,50.8,50.4,72.9,42.1,0.000,0.017,0.00,0.002,3.4,6.9,1.1,196,17,3.9,7.2,1.3,192,16,3.4,6.9,1.1,196,17,0,29.45,,0,0,0,40.5,40.6,42.1,0.46,0.59,0.43
CSQR,2015-12-21 23:15:00 EST,43.32613,-76.10445,453,50.4,50.9,50.4,72.5,41.9,0.000,0.017,0.00,0.002,2.8,4.2,0.7,207,16,3.1,5.1,0.7,202,16,2.8,4.2,0.7,207,16,0,29.45,,0,0,0,40.6,40.6,42.1,0.46,0.60,0.43
CSQR,2015-12-21 23:20:00 EST,43.32613,-76.10445,453,50.7,51.0,50.7,71.6,41.8,0.000,0.017,0.00,0.002,3.6,5.3,0.7,201,15,3.9,6.9,0.9,198,14,3.6,5.3,0.7,201,15,0,29.45,,0,0,0,40.6,40.7,42.0,0.46,0.59,0.43
CSQR,2015-12-21 23:25:00 EST,43.32613,-76.10445,453,50.7,51.0,50.7,71.4,41.8,0.000,0.017,0.00,0.002,3.4,4.7,0.6,198,11,3.8,5.6,0.8,194,11,3.4,4.7,0.6,198,11,0,29.45,,0,0,0,40.6,40.7,42.0,0.46,0.59,0.43
CSQR,2015-12-21 23:30:00 EST,43.32613,-76.10445,453,50.7,51.0,50.7,71.9,42.0,0.000,0.017,0.00,0.002,3.4,5.6,0.7,177,9,3.9,6.0,0.9,173,9,3.4,5.6,0.7,177,9,0,29.45,,0,0,0,40.6,40.7,42.0,0.46,0.59,0.43
CSQR,2015-12-21 23:35:00 EST,43.32613,-76.10445,453,50.3,50.9,50.3,73.5,42.1,0.000,0.017,0.00,0.000,3.6,5.0,0.5,175,10,4.1,5.4,0.5,171,10,3.6,5.0,0.5,175,10,0,29.45,,0,0,0,40.6,40.7,42.1,0.46,0.60,0.43
CSQR,2015-12-21 23:40:00 EST,43.32613,-76.10445,453,49.7,50.6,48.9,75.6,42.3,0.000,0.017,0.00,0.000,3.5,4.3,0.4,173,8,4.0,5.1,0.5,168,8,3.5,4.3,0.4,173,8,0,29.45,,0,0,0,40.7,40.7,42.1,0.46,0.59,0.43
CSQR,2015-12-21 23:45:00 EST,43.32613,-76.10445,453,49.7,50.7,48.9,76.4,42.5,0.000,0.017,0.00,0.000,3.4,4.8,0.7,181,11,3.9,5.8,0.8,178,11,3.4,4.8,0.7,181,11,0,29.45,,0,0,0,40.7,40.6,42.1,0.46,0.59,0.43
CSQR,2015-12-21 23:50:00 EST,43.32613,-76.10445,453,49.9,50.8,48.5,76.1,42.6,0.000,0.017,0.00,0.000,4.4,6.0,0.8,174,9,4.9,6.9,0.9,170,9,4.4,6.0,0.8,174,9,0,29.45,,0,0,0,40.7,40.7,42.0,0.46,0.60,0.43
CSQR,2015-12-21 23:55:00 EST,43.32613,-76.10445,453,49.3,50.6,47.5,76.2,42.1,0.000,0.017,0.00,0.000,4.8,5.8,0.4,161,6,5.3,7.6,0.6,157,7,4.8,5.8,0.4,161,6,0,29.45,,0,0,0,40.8,40.7,42.1,0.46,0.59,0.43
ESSX,2015-12-21 00:00:00 EST,44.31360,-73.37189,182,32.5,32.8,22.2,69.4,23.6,0.000,0.014,0.00,0.000,15.1,21.7,2.7,181,12,16.6,23.9,3.1,181,9,15.1,21.7,2.7,181,12,0,30.05,,0,0,0,37.2,41.0,43.7,0.48,0.42,0.36
ESSX,2015-12-21 00:05:00 EST,44.31360,-73.37189,182,32.4,32.8,22.2,69.4,23.5,0.000,0.000,0.00,0.000,14.8,21.6,3.2,176,11,16.2,25.5,3.5,176,9,14.8,21.6,3.2,176,11,0,30.04,,0,0,0,37.2,41.0,43.7,0.48,0.42,0.36
ESSX,2015-12-21 00:10:00 EST,44.31360,-73.37189,182,32.3,32.7,22.4,69.8,23.5,0.000,0.000,0.00,0.000,13.9,22.7,3.1,171,11,14.9,24.6,3.6,170,9,13.9,22.7,3.1,171,11,0,30.03,,0,0,0,37.2,41.0,43.7,0.48,0.42,0.36
ESSX,2015-12-21 00:15:00 EST,44.31360,-73.37189,182,32.2,32.6,21.6,69.6,23.4,0.000,0.000,0.00,0.000,15.8,23.3,2.7,169,13,16.9,26.6,2.9,169,10,15.8,23.3,2.7,169,13,0,30.03,,0,0,0,37.2,41.0,43.7,0.48,0.42,0.36
ESSX,2015-12-21 00:20:00 EST,44.31360,-73.37189,182,32.0,32.5,22.3,69.7,23.2,0.000,0.000,0.00,0.000,13.2,21.8,3.1,173,11,14.6,23.5,3.5,173,9,13.2,21.8,3.1,173,11,0,30.03,,0,0,0,37.2,41.0,43.7,0.48,0.42,0.36
ESSX,2015-12-21 00:25:00 EST,44.31360,-73.37189,182,31.8,32.3,23.1,70.2,23.2,0.000,0.000,0.00,0.000,10.6,17.1,2.0,173,13,11.6,20.1,2.5,172,10,10.6,17.1,2.0,173,13,0,30.03,,0,0,0,37.2,41.0,43.7,0.48,0.42,0.36
ESSX,2015-12-21 00:30:00 EST,44.31360,-73.37189,182,31.8,32.3,23.1,70.0,23.2,0.000,0.000,0.00,0.000,10.9,18.6,2.8,167,13,11.8,20.1,3.0,167,13,10.9,18.6,2.8,167,13,0,30.03,,0,0,0,37.1,41.0,43.7,0.48,0.42,0.36
ESSX,2015-12-21 00:35:00 EST,44.31360,-73.37189,182,32.0,32.4,22.8,69.8,23.2,0.000,0.000,0.00,0.000,12.0,18.6,2.3,168,12,13.0,19.7,2.6,169,10,12.0,18.6,2.3,168,12,0,30.03,,0,0,0,37.1,41.0,43.7,0.48,0.42,0.36
ESSX,2015-12-21 00:40:00 EST,44.31360,-73.37189,182,32.0,32.5,22.9,69.6,23.2,0.000,0.000,0.00,0.000,11.9,19.4,3.1,173,13,12.7,21.3,3.3,172,11,11.9,19.4,3.1,173,13,0,30.03,,0,0,0,37.1,41.0,43.7,0.48,0.42,0.36
ESSX,2015-12-21 00:45:00 EST,44.31360,-73.37189,182,32.1,32.5,23.4,69.8,23.4,0.000,0.000,0.00,0.000,11.0,17.4,2.7,174,12,12.0,19.5,3.1,174,10,11.0,17.4,2.7,174,12,0,30.02,,0,0,0,37.0,41.0,43.7,0.48,0.42,0.36
ESSX,2015-12-21 00:50:00 EST,44.31360,-73.37189,182,32.3,32.6,23.1,69.5,23.4,0.000,0.000,0.00,0.000,12.1,15.8,1.7,177,10,12.9,17.9,2.1,177,8,12.1,15.8,1.7,177,10,0,30.02,,0,0,0,37.0,41.0,43.7,0.48,0.42,0.36
ESSX,2015-12-21 00:55:00 EST,44.31360,-73.37189,182,32.4,32.7,22.4,69.2,23.4,0.000,0.000,0.00,0.000,14.2,21.8,3.1,177,10,15.3,24.2,3.3,176,8,14.2,21.8,3.1,177,10,0,30.02,,0,0,0,37.0,41.0,43.7,0.48,0.42,0.36
ESSX,2015-12-21 01:00:00 EST,44.31360,-73.37189,182,32.4,32.7,23.0,69.3,23.5,0.000,0.000,0.00,0.000,12.8,18.3,2.3,174,10,13.8,19.9,2.6,174,8,12.8,18.3,2.3,174,10,0,30.02,,0,0,0,37.0,41.0,43.7,0.48,0.42,0.36
ESSX,2015-12-21 01:05:00 EST,44.31360,-73.37189,182,32.5,32.8,24.5,69.2,23.5,0.000,0.000,0.00,0.000,9.6,14.8,2.1,170,12,10.7,16.1,2.3,171,10,9.6,14.8,2.1,170,12,0,30.02,,0,0,0,37.0,41.0,43.7,0.48,0.42,0.36
ESSX,2015-12-21 01:10:00 EST,44.31360,-73.37189,182,32.6,32.9,25.0,68.6,23.4,0.000,0.000,0.00,0.000,9.0,14.8,2.3,170,14,9.7,16.1,2.4,170,13,9.0,14.8,2.3,170,14,0,30.02,,0,0,0,37.0,41.0,43.7,0.48,0.42,0.36
ESSX,2015-12-21 01:15:00 EST,44.31360,-73.37189,182,32.5,32.9,26.7,68.7,23.4,0.000,0.000,0.00,0.000,6.2,11.0,2.0,170,19,6.8,13.6,2.2,171,19,6.2,11.0,2.0,170,19,0,30.02,,0,0,0,37.0,41.0,43.7,0.48,0.42,0.36
ESSX,2015-12-21 01:20:00 EST,44.31360,-73.37189,182,32.5,33.0,26.5,68.5,23.3,0.000,0.000,0.00,0.000,6.5,14.6,2.8,174,21,7.2,15.7,2.9,172,22,6.5,14.6,2.8,174,21,0,30.02,,0,0,0,37.0,41.0,43.7,0.48,0.42,0.36
ESSX,2015-12-21 01:25:00 EST,44.31360,-73.37189,182,32.7,33.1,25.6,68.3,23.4,0.000,0.000,0.00,0.000,8.2,12.4,1.9,176,13,8.8,13.9,2.1,176,12,8.2,12.4,1.9,176,13,0,30.02,,0,0,0,37.0,41.0,43.7,0.48,0.42,0.36
ESSX,2015-12-21 01:30:00 EST,44.31360,-73.37189,182,32.7,33.1,24.6,68.3,23.4,0.000,0.000,0.00,0.000,10.0,15.4,2.6,186,16,10.8,16.1,2.7,184,14,10.0,15.4,2.6,186,16,0,30.01,,0,0,0,37.0,40.9,43.7,0.48,0.42,0.36
ESSX,2015-12-21 01:35:00 EST,44.31360,-73.37189,182,32.6,33.0,24.6,68.3,23.4,0.000,0.000,0.00,0.000,9.9,17.5,2.6,179,12,10.8,19.7,2.9,178,9,9.9,17.5,2.6,179,12,0,30.01,,0,0,0,37.0,40.9,43.7,0.48,0.42,0.36
ESSX,2015-12-21 01:40:00 EST,44.31360,-73.37189,182,32.6,33.0,23.7,68.1,23.3,0.000,0.000,0.00,0.000,11.8,18.4,2.8,173,13,12.6,20.1,3.2,173,11,11.8,18.4,2.8,173,13,0,30.00,,0,0,0,37.0,40.9,43.7,0.48,0.42,0.36
ESSX,2015-12-21 01:45:00 EST,44.31360,-73.37189,182,32.6,33.0,23.3,67.5,23.1,0.000,0.000,0.00,0.000,12.8,19.1,2.2,174,13,13.7,20.1,2.5,174,11,12.8,19.1,2.2,174,13,0,30.00,,0,0,0,37.0,40.9,43.7,0.48,0.42,0.36
ESSX,2015-12-21 01:50:00 EST,44.31360,-73.37189,182,32.7,33.0,23.2,66.9,22.9,0.000,0.000,0.00,0.000,13.1,21.3,3.2,175,11,14.3,23.3,3.4,175,9,13.1,21.3,3.2,175,11,0,29.99,,0,0,0,37.0,40.9,43.7,0.48,0.42,0.36
ESSX,2015-12-21 01:55:00 EST,44.31360,-73.37189,182,32.7,33.0,22.9,66.6,22.8,0.000,0.000,0.00,0.000,13.7,21.9,3.4,177,11,14.9,23.3,4.0,176,10,13.7,21.9,3.4,177,11,0,29.99,,0,0,0,37.0,40.9,43.7,0.48,0.42,0.36
ESSX,2015-12-21 02:00:00 EST,44.31360,-73.37189,182,32.5,32.9,23.2,66.9,22.8,0.000,0.000,0.00,0.000,12.6,21.8,3.4,179,14,13.7,24.8,3.6,178,10,12.6,21.8,3.4,179,14,0,29.99,,0,0,0,37.0,40.9,43.7,0.48,0.42,0.36
ESSX,2015-12-21 02:05:00 EST,44.31360,-73.37189,182,32.7,33.0,23.2,66.2,22.6,0.000,0.000,0.00,0.000,13.0,21.3,2.9,172,12,14.1,23.9,3.2,172,12,13.0,21.3,2.9,172,12,0,29.99,,0,0,0,37.0,40.8,43.7,0.48,0.42,0.36
ESSX,2015-12-21 02:10:00 EST,44.31360,-73.37189,182,32.8,33.2,23.4,65.5,22.5,0.000,0.000,0.00,0.000,12.9,17.3,2.5,178,10,14.1,19.5,2.8,179,8,12.9,17.3,2.5,178,10,0,29.99,,0,0,0,37.0,40.8,43.7,0.48,0.42,0.36
ESSX,2015-12-21 02:15:00 EST,44.31360,-73.37189,182,32.7,33.1,23.0,65.4,22.4,0.000,0.000,0.00,0.000,13.7,22.0,2.8,179,12,14.8,23.5,3.0,178,10,13.7,22.0,2.8,179,12,0,29.99,,0,0,0,37.0,40.8,43.7,0.48,0.42,0.36
ESSX,2015-12-21 02:20:00 EST,44.31360,-73.37189,182,32.6,33.1,22.8,65.4,22.3,0.000,0.000,0.00,0.000,13.9,20.8,2.4,177,13,15.0,21.9,2.9,177,11,13.9,20.8,2.4,177,13,0,29.99,,0,0,0,37.0,40.8,43.7,0.48,0.42,0.36
ESSX,2015-12-21 02:25:00 EST,44.31360,-73.37189,182,32.7,33.2,22.4,65.1,22.3,0.000,0.000,0.00,0.000,15.1,21.2,3.0,176,10,16.3,24.8,3.2,176,8,15.1,21.2,3.0,176,10,0,29.98,,0,0,0,37.0,40.8,43.7,0.48,0.42,0.36
ESSX,2015-12-21 02:30:00 EST,44.31360,-73.37189,182,32.6,33.1,22.8,65.2,22.2,0.000,0.000,0.00,0.000,13.8,22.3,2.7,171,9,14.7,22.4,2.8,171,8,13.8,22.3,2.7,171,9,0,29.98,,0,0,0,37.0,40.8,43.7,0.48,0.42,0.36
ESSX,2015-12-21 02:35:00 EST,44.31360,-73.37189,182,32.6,33.1,23.7,65.3,22.2,0.000,0.000,0.00,0.000,11.6,18.0,1.9,174,11,12.2,19.7,2.4,172,10,11.6,18.0,1.9,174,11,0,29.98,,0,0,0,37.0,40.8,43.7,0.48,0.42,0.36
ESSX,2015-12-21 02:40:00 EST,44.31360,-73.37189,182,32.7,33.3,24.3,64.8,22.2,0.000,0.000,0.00,0.000,10.8,19.4,2.8,174,13,11.8,23.5,3.1,174,10,10.8,19.4,2.8,174,13,0,29.98,,0,0,0,37.0,40.8,43.7,0.48,0.42,0.36
ESSX,2015-12-21 02:45:00 EST,44.31360,-73.37189,182,32.9,33.5,25.5,63.8,22.0,0.000,0.000,0.00,0.000,8.8,13.0,1.9,179,14,9.5,16.1,2.3,178,12,8.8,13.0,1.9,179,14,0,29.99,,0,0,0,37.0,40.8,43.7,0.48,0.42,0.36
ESSX,2015-12-21 02:50:00 EST,44.31360,-73.37189,182,33.1,33.6,25.6,62.9,21.8,0.000,0.000,0.00,0.000,9.0,16.0,3.0,186,13,10.0,18.8,3.4,186,13,9.0,16.0,3.0,186,13,0,29.99,,0,0,0,37.0,40.8,43.7,0.48,0.42,0.36
ESSX,2015-12-21 02:55:00 EST,44.31360,-73.37189,182,33.1,33.6,25.2,62.6,21.7,0.000,0.000,0.00,0.000,9.7,16.7,2.8,180,11,10.4,18.6,2.9,180,10,9.7,16.7,2.8,180,11,0,29.98,,0,0,0,37.0,40.8,43.7,0.48,0.42,0.36
ESSX,2015-12-21 03:00:00 EST,44.31360,-73.37189,182,33.1,33.7,24.1,62.8,21.8,0.000,0.000,0.00,0.000,12.2,19.0,2.2,185,12,13.3,20.8,2.6,184,10,12.2,19.0,2.2,185,12,0,29.98,,0,0,0,36.9,40.8,43.7,0.48,0.42,0.36
ESSX,2015-12-21 03:05:00 EST,44.31360,-73.37189,182,33.4,33.9,24.9,61.8,21.7,0.000,0.000,0.00,0.000,11.2,19.3,2.9,183,10,12.1,20.6,3.2,183,9,11.2,19.3,2.9,183,10,0,29.98,,0,0,0,36.9,40.8,43.7,0.48,0.42,0.36
ESSX,2015-12-21 03:10:00 EST,44.31360,-73.37189,182,33.4,33.9,25.1,61.6,21.6,0.000,0.000,0.00,0.000,10.8,18.0,2.4,185,12,11.9,19.2,2.8,184,11,10.8,18.0,2.4,185,12,0,29.98,,0,0,0,36.9,40.8,43.7,0.48,0.42,0.36
ESSX,2015-12-21 03:15:00 EST,44.31360,-73.37189,182,33.8,34.3,24.4,60.0,21.3,0.000,0.000,0.00,0.000,13.4,18.8,2.4,182,12,14.3,21.5,2.9,181,10,13.4,18.8,2.4,182,12,0,29.97,,0,0,0,36.9,40.8,43.7,0.48,0.42,0.36
ESSX,2015-12-21 03:20:00 EST,44.31360,-73.37189,182,34.0,34.5,24.9,59.3,21.3,0.000,0.000,0.00,0.000,12.8,19.0,2.5,183,9,14.2,22.8,2.9,183,8,12.8,19.0,2.5,183,9,0,29.97,,0,0,0,36.9,40.8,43.6,0.48,0.42,0.36
ESSX,2015-12-21 03:25:00 EST,44.31360,-73.37189,182,34.0,34.5,24.6,59.2,21.3,0.000,0.000,0.00,0.000,13.9,23.4,2.9,182,12,14.9,24.8,3.2,182,10,13.9,23.4,2.9,182,12,0,29.96,,0,0,0,36.9,40.8,43.6,0.48,0.42,0.36
ESSX,2015-12-21 03:30:00 EST,44.31360,-73.37189,182,34.1,34.5,24.9,59.3,21.4,0.000,0.000,0.00,0.000,13.3,25.1,3.0,180,11,14.3,26.2,3.3,179,9,13.3,25.1,3.0,180,11,0,29.96,,0,0,0,36.9,40.8,43.7,0.48,0.42,0.36
ESSX,2015-12-21 03:35:00 EST,44.31360,-73.37189,182,34.1,34.5,24.0,59.4,21.4,0.000,0.000,0.00,0.000,15.6,22.4,3.2,185,9,16.7,24.6,3.5,185,9,15.6,22.4,3.2,185,9,0,29.96,,0,0,0,36.9,40.8,43.6,0.48,0.42,0.36
ESSX,2015-12-21 03:40:00 EST,44.31360,-73.37189,182,34.1,34.5,24.6,59.3,21.4,0.000,0.000,0.00,0.000,14.3,20.9,3.0,183,10,15.6,22.8,3.4,183,7,14.3,20.9,3.0,183,10,0,29.96,,0,0,0,36.9,40.8,43.7,0.48,0.42,0.36
ESSX,2015-12-21 03:45:00 EST,44.31360,-73.37189,182,34.1,34.5,24.6,60.0,21.7,0.000,0.000,0.00,0.000,14.2,25.7,3.4,184,11,15.7,27.5,3.8,185,8,14.2,25.7,3.4,184,11,0,29.96,,0,0,0,36.9,40.8,43.6,0.48,0.42,0.36
ESSX,2015-12-21 03:50:00 EST,44.31360,-73.37189,182,34.0,34.4,25.2,60.9,21.9,0.000,0.000,0.00,0.000,12.1,17.9,2.3,185,12,13.1,19.5,2.5,185,11,12.1,17.9,2.3,185,12,0,29.96,,0,0,0,36.9,40.8,43.6,0.48,0.42,0.36
ESSX,2015-12-21 03:55:00 EST,44.31360,-73.37189,182,34.0,34.4,25.7,61.3,22.0,0.000,0.000,0.00,0.000,11.0,16.6,2.2,180,13,12.0,17.9,2.4,180,11,11.0,16.6,2.2,180,13,0,29.96,,0,0,0,36.9,40.8,43.6,0.48,0.42,0.36
ESSX,2015-12-21 04:00:00 EST,44.31360,-73.37189,182,33.9,34.3,26.4,61.9,22.2,0.000,0.000,0.00,0.000,9.3,18.6,3.0,179,15,10.1,20.6,3.2,179,12,9.3,18.6,3.0,179,15,0,29.96,,0,0,0,36.9,40.8,43.6,0.48,0.42,0.36
ESSX,2015-12-21 04:05:00 EST,44.31360,-73.37189,182,33.9,34.3,26.3,61.3,22.0,0.000,0.000,0.00,0.000,9.5,16.6,2.5,171,16,10.4,18.8,2.7,170,15,9.5,16.6,2.5,171,16,0,29.96,,0,0,0,36.9,40.8,43.6,0.48,0.42,0.36
ESSX,2015-12-21 04:10:00 EST,44.31360,-73.37189,182,33.9,34.3,26.5,61.2,21.9,0.000,0.000,0.00,0.000,9.1,15.6,2.6,172,14,10.0,17.0,3.0,173,11,9.1,15.6,2.6,172,14,0,29.96,,0,0,0,36.8,40.8,43.6,0.48,0.42,0.36
ESSX,2015-12-21 04:15:00 EST,44.31360,-73.37189,182,33.9,34.3,26.5,61.0,21.9,0.000,0.000,0.00,0.000,9.2,18.0,2.6,173,16,10.0,18.6,2.7,173,13,9.2,18.0,2.6,173,16,0,29.96,,0,0,0,36.8,40.8,43.6,0.48,0.42,0.36
ESSX,2015-12-21 04:20:00 EST,44.31360,-73.37189,182,33.7,34.2,27.9,61.3,21.8,0.000,0.000,0.00,0.000,6.6,14.2,2.5,176,18,7.4,16.1,2.9,175,18,6.6,14.2,2.5,176,18,0,29.96,,0,0,0,36.8,40.8,43.6,0.48,0.42,0.36
ESSX,2015-12-21 04:25:00 EST,44.31360,-73.37189,182,33.8,34.2,27.5,60.7,21.6,0.000,0.000,0.00,0.000,7.1,11.9,1.7,165,18,7.8,12.3,1.8,163,19,7.1,11.9,1.7,165,18,0,29.96,,0,0,0,36.8,40.8,43.6,0.48,0.42,0.36
ESSX,2015-12-21 04:30:00 EST,44.31360,-73.37189,182,33.7,34.2,27.4,60.6,21.5,0.000,0.000,0.00,0.000,7.1,11.9,1.6,155,21,7.9,12.3,1.8,155,21,7.1,11.9,1.6,155,21,0,29.94,,0,0,0,36.8,40.8,43.6,0.48,0.42,0.36
ESSX,2015-12-21 04:35:00 EST,44.31360,-73.37189,182,33.6,34.1,27.0,61.2,21.7,0.000,0.000,0.00,0.000,7.7,15.0,3.0,163,16,8.4,15.7,3.0,161,15,7.7,15.0,3.0,163,16,0,29.94,,0,0,0,36.8,40.8,43.6,0.48,0.42,0.36
ESSX,2015-12-21 04:40:00 EST,44.31360,-73.37189,182,33.5,33.9,28.7,61.4,21.6,0.000,0.000,0.00,0.000,5.1,10.2,1.6,164,17,5.7,10.7,1.7,162,15,5.1,10.2,1.6,164,17,0,29.94,,0,0,0,36.8,40.8,43.6,0.48,0.42,0.36
ESSX,2015-12-21 04:45:00 EST,44.31360,-73.37189,182,33.4,33.9,26.7,61.7,21.7,0.000,0.000,0.00,0.000,7.7,15.3,2.5,163,13,8.5,17.9,2.9,162,12,7.7,15.3,2.5,163,13,0,29.94,,0,0,0,36.8,40.8,43.6,0.48,0.42,0.36
ESSX,2015-12-21 04:50:00 EST,44.31360,-73.37189,182,33.4,33.9,25.6,61.1,21.5,0.000,0.000,0.00,0.000,9.9,15.4,2.3,161,16,10.7,17.9,2.6,162,16,9.9,15.4,2.3,161,16,0,29.94,,0,0,0,36.7,40.8,43.5,0.48,0.42,0.36
ESSX,2015-12-21 04:55:00 EST,44.31360,-73.37189,182,33.5,33.9,25.9,60.9,21.5,0.000,0.000,0.00,0.000,9.5,17.3,3.1,170,18,10.2,19.5,3.3,171,17,9.5,17.3,3.1,170,18,0,29.94,,0,0,0,36.7,40.8,43.5,0.48,0.42,0.36
ESSX,2015-12-21 05:00:00 EST,44.31360,-73.37189,182,33.7,34.0,26.2,60.3,21.4,0.000,0.000,0.00,0.000,9.3,19.1,4.0,179,15,10.3,20.6,4.4,177,14,9.3,19.1,4.0,179,15,0,29.95,,0,0,0,36.7,40.8,43.5,0.48,0.42,0.36
ESSX,2015-12-21 05:05:00 EST,44.31360,-73.37189,182,33.6,34.0,26.8,60.3,21.3,0.000,0.000,0.00,0.000,8.1,11.4,2.0,164,19,8.9,13.0,2.3,162,17,8.1,11.4,2.0,164,19,0,29.95,,0,0,0,36.7,40.8,43.5,0.48,0.42,0.36
ESSX,2015-12-21 05:10:00 EST,44.31360,-73.37189,182,33.7,34.1,26.6,60.4,21.4,0.000,0.000,0.00,0.000,8.5,16.7,3.1,166,16,9.2,17.0,3.2,165,16,8.5,16.7,3.1,166,16,0,29.95,,0,0,0,36.7,40.7,43.5,0.48,0.42,0.36
ESSX,2015-12-21 05:15:00 EST,44.31360,-73.37189,182,33.8,34.2,27.1,60.0,21.4,0.000,0.000,0.00,0.000,7.9,13.2,1.9,169,17,8.7,14.5,2.2,169,15,7.9,13.2,1.9,169,17,0,29.95,,0,0,0,36.7,40.7,43.5,0.48,0.42,0.36
ESSX,2015-12-21 05:20:00 EST,44.31360,-73.37189,182,33.8,34.1,28.8,59.4,21.2,0.000,0.000,0.00,0.000,5.5,11.0,2.0,154,20,6.1,12.1,2.1,154,19,5.5,11.0,2.0,154,20,0,29.94,,0,0,0,36.7,40.7,43.5,0.48,0.42,0.36
ESSX,2015-12-21 05:25:00 EST,44.31360,-73.37189,182,33.7,34.0,28.0,59.8,21.2,0.000,0.000,0.00,0.000,6.3,10.4,1.7,163,17,7.0,11.6,1.9,161,16,6.3,10.4,1.7,163,17,0,29.94,,0,0,0,36.7,40.7,43.5,0.48,0.42,0.36
ESSX,2015-12-21 05:30:00 EST,44.31360,-73.37189,182,33.5,34.0,27.4,59.5,21.0,0.000,0.000,0.00,0.000,6.9,12.0,1.8,150,15,7.5,13.4,1.8,150,16,6.9,12.0,1.8,150,15,0,29.94,,0,0,0,36.7,40.7,43.5,0.48,0.42,0.36
ESSX,2015-12-21 05:35:00 EST,44.31360,-73.37189,182,33.4,33.9,25.8,60.5,21.2,0.000,0.000,0.00,0.000,9.3,12.9,1.7,154,14,9.8,13.0,1.7,154,13,9.3,12.9,1.7,154,14,0,29.93,,0,0,0,36.7,40.7,43.5,0.48,0.42,0.36
ESSX,2015-12-21 05:40:00 EST,44.31360,-73.37189,182,33.4,33.9,24.6,60.2,21.1,0.000,0.000,0.00,0.000,11.8,18.8,2.4,151,11,12.3,19.7,2.3,149,11,11.8,18.8,2.4,151,11,0,29.92,,0,0,0,36.7,40.7,43.5,0.48,0.42,0.36
ESSX,2015-12-21 05:45:00 EST,44.31360,-73.37189,182,33.4,33.9,25.5,59.5,20.8,0.000,0.000,0.00,0.000,10.0,17.2,3.1,154,17,10.5,17.9,3.1,153,16,10.0,17.2,3.1,154,17,0,29.92,,0,0,0,36.7,40.7,43.5,0.48,0.42,0.36
ESSX,2015-12-21 05:50:00 EST,44.31360,-73.37189,182,33.4,33.9,26.4,59.8,20.9,0.000,0.000,0.00,0.000,8.3,14.0,2.4,168,18,9.1,14.1,2.6,167,17,8.3,14.0,2.4,168,18,0,29.94,,0,0,0,36.7,40.6,43.5,0.48,0.42,0.36
ESSX,2015-12-21 05:55:00 EST,44.31360,-73.37189,182,33.6,34.0,26.8,59.2,20.8,0.000,0.000,0.00,0.000,7.9,13.2,2.4,168,17,8.5,14.3,2.7,168,17,7.9,13.2,2.4,168,17,0,29.94,,0,0,0,36.7,40.6,43.5,0.48,0.42,0.36
ESSX,2015-12-21 06:00:00 EST,44.31360,-73.37189,182,33.3,33.9,28.1,59.3,20.7,0.000,0.000,0.00,0.000,5.6,9.5,1.4,175,13,6.2,10.5,1.7,174,13,5.6,9.5,1.4,175,13,0,29.95,,0,0,0,36.7,40.7,43.5,0.48,0.42,0.36
ESSX,2015-12-21 06:05:00 EST,44.31360,-73.37189,182,33.1,33.8,26.2,60.6,20.9,0.000,0.000,0.00,0.000,7.9,13.0,2.7,162,13,8.5,14.3,3.0,161,13,7.9,13.0,2.7,162,13,0,29.94,,0,0,0,36.7,40.6,43.5,0.48,0.42,0.36
ESSX,2015-12-21 06:10:00 EST,44.31360,-73.37189,182,32.9,33.7,26.1,60.9,20.9,0.000,0.000,0.00,0.000,7.8,10.7,1.4,150,13,8.4,11.6,1.4,149,14,7.8,10.7,1.4,150,13,0,29.93,,0,0,0,36.7,40.6,43.5,0.48,0.42,0.36
ESSX,2015-12-21 06:15:00 EST,44.31360,-73.37189,182,33.2,33.8,24.7,59.9,20.8,0.000,0.000,0.00,0.000,11.1,15.6,2.3,149,11,11.5,16.6,2.2,148,11,11.1,15.6,2.3,149,11,0,29.92,,0,0,0,36.7,40.7,43.5,0.48,0.42,0.36
ESSX,2015-12-21 06:20:00 EST,44.31360,-73.37189,182,33.2,33.8,24.8,60.6,21.0,0.000,0.000,0.00,0.000,10.8,15.9,2.2,158,11,11.5,16.1,2.3,157,10,10.8,15.9,2.2,158,11,0,29.93,,0,0,0,36.7,40.6,43.5,0.48,0.42,0.36
ESSX,2015-12-21 06:25:00 EST,44.31360,-73.37189,182,33.2,33.8,25.1,60.7,21.1,0.000,0.000,0.00,0.000,10.1,14.4,1.7,165,11,10.9,16.1,2.0,165,9,10.1,14.4,1.7,165,11,0,29.93,,0,0,0,36.7,40.6,43.5,0.48,0.42,0.36
ESSX,2015-12-21 06:30:00 EST,44.31360,-73.37189,182,33.1,33.7,24.3,60.6,20.9,0.000,0.000,0.00,0.000,11.5,19.4,2.6,162,11,12.1,20.6,2.8,163,10,11.5,19.4,2.6,162,11,0,29.92,,0,0,0,36.7,40.6,43.5,0.48,0.42,0.36
ESSX,2015-12-21 06:35:00 EST,44.31360,-73.37189,182,33.1,33.6,24.2,60.2,20.7,0.000,0.000,0.00,0.000,11.9,17.2,2.2,157,9,12.7,20.1,2.5,156,9,11.9,17.2,2.2,157,9,0,29.91,,0,0,0,36.7,40.6,43.5,0.48,0.42,0.36
ESSX,2015-12-21 06:40:00 EST,44.31360,-73.37189,182,32.8,33.5,25.0,60.8,20.7,0.000,0.000,0.00,0.000,9.4,17.0,2.2,160,12,10.1,17.4,2.3,160,12,9.4,17.0,2.2,160,12,0,29.92,,0,0,0,36.7,40.6,43.5,0.48,0.42,0.36
ESSX,2015-12-21 06:45:00 EST,44.31360,-73.37189,182,32.8,33.5,24.2,61.2,20.9,0.000,0.000,0.00,0.000,11.1,16.1,2.4,162,12,12.3,18.3,2.6,163,12,11.1,16.1,2.4,162,12,0,29.92,,0,0,0,36.7,40.6,43.5,0.48,0.42,0.36
ESSX,2015-12-21 06:50:00 EST,44.31360,-73.37189,182,32.9,33.5,25.1,60.8,20.8,0.000,0.000,0.00,0.000,9.5,14.9,1.9,162,10,10.2,14.5,1.9,162,10,9.5,14.9,1.9,162,10,0,29.93,,0,0,0,36.7,40.6,43.5,0.48,0.42,0.36
ESSX,2015-12-21 06:55:00 EST,44.31360,-73.37189,182,33.1,33.7,25.5,60.0,20.7,0.000,0.000,0.00,0.000,9.2,14.2,1.8,166,15,9.9,14.5,2.2,166,13,9.2,14.2,1.8,166,15,0,29.93,,0,0,0,36.7,40.6,43.5,0.48,0.42,0.36
ESSX,2015-12-21 07:00:00 EST,44.31360,-73.37189,182,32.9,33.6,27.8,59.7,20.5,0.000,0.000,0.00,0.000,5.5,9.1,1.7,157,17,6.0,9.6,1.8,155,18,5.5,9.1,1.7,157,17,0,29.93,,0,0,0,36.7,40.6,43.5,0.48,0.42,0.36
ESSX,2015-12-21 07:05:00 EST,44.31360,-73.37189,182,33.0,33.6,26.5,59.9,20.6,0.000,0.000,0.00,0.000,7.4,12.4,1.8,152,15,7.7,13.9,1.9,151,15,7.4,12.4,1.8,152,15,0,29.93,,0,0,0,36.7,40.6,43.5,0.48,0.42,0.36
ESSX,2015-12-21 07:10:00 EST,44.31360,-73.37189,182,33.2,33.8,26.8,59.1,20.4,0.000,0.000,0.00,0.000,7.2,11.0,1.6,148,16,7.6,13.4,1.8,147,16,7.2,11.0,1.6,148,16,0,29.93,,0,0,0,36.7,40.6,43.5,0.48,0.42,0.36
ESSX,2015-12-21 07:15:00 EST,44.31360,-73.37189,182,33.1,33.7,26.2,59.4,20.5,0.000,0.000,0.00,0.000,7.9,18.2,3.2,145,14,8.5,17.7,3.2,144,14,7.9,18.2,3.2,145,14,0,29.92,,0,0,0,36.7,40.6,43.5,0.48,0.42,0.36
ESSX,2015-12-21 07:20:00 EST,44.31360,-73.37189,182,33.1,33.6,25.6,60.0,20.7,0.000,0.000,0.00,0.000,8.9,13.7,2.0,151,15,9.6,14.8,2.1,148,15,8.9,13.7,2.0,151,15,1,29.92,,0,0,0,36.7,40.6,43.5,0.48,0.42,0.36
ESSX,2015-12-21 07:25:00 EST,44.31360,-73.37189,182,33.1,33.6,25.2,60.3,20.8,0.000,0.000,0.00,0.000,9.7,14.8,2.4,152,12,10.3,15.9,2.3,150,13,9.7,14.8,2.4,152,12,1,29.91,,0,0,0,36.7,40.6,43.5,0.48,0.42,0.36
ESSX,2015-12-21 07:30:00 EST,44.31360,-73.37189,182,33.1,33.6,25.4,60.6,20.9,0.000,0.000,0.00,0.000,9.3,17.5,2.6,161,14,10.1,17.4,2.8,160,14,9.3,17.5,2.6,161,14,2,29.91,,0,0,0,36.7,40.6,43.5,0.48,0.42,0.36
ESSX,2015-12-21 07:35:00 EST,44.31360,-73.37189,182,33.2,33.7,26.4,60.0,20.8,0.000,0.000,0.00,0.000,7.9,13.2,2.7,157,16,8.4,15.4,2.9,155,16,7.9,13.2,2.7,157,16,3,29.91,,0,0,0,36.7,40.6,43.5,0.48,0.42,0.36
ESSX,2015-12-21 07:40:00 EST,44.31360,-73.37189,182,33.1,33.6,26.4,60.2,20.8,0.000,0.000,0.00,0.000,7.8,12.3,1.9,157,18,8.5,13.9,1.9,156,19,7.8,12.3,1.9,157,18,6,29.91,,0,0,0,36.7,40.6,43.5,0.48,0.42,0.36
ESSX,2015-12-21 07:45:00 EST,44.31360,-73.37189,182,33.3,33.7,27.5,59.5,20.7,0.000,0.000,0.00,0.000,6.4,13.4,2.2,162,19,7.1,15.0,2.6,160,19,6.4,13.4,2.2,162,19,7,29.91,,0,0,0,36.7,40.6,43.5,0.48,0.42,0.36
ESSX,2015-12-21 07:50:00 EST,44.31360,-73.37189,182,33.2,33.6,27.0,59.9,20.8,0.000,0.000,0.00,0.000,7.0,11.8,2.1,153,16,7.6,12.5,2.0,153,15,7.0,11.8,2.1,153,16,9,29.90,,0,0,0,36.7,40.6,43.5,0.48,0.42,0.36
ESSX,2015-12-21 07:55:00 EST,44.31360,-73.37189,182,33.2,33.6,26.3,60.4,21.0,0.000,0.000,0.00,0.000,7.9,16.1,2.8,158,13,8.6,19.2,3.0,158,13,7.9,16.1,2.8,158,13,12,29.90,,0,0,0,36.7,40.6,43.5,0.48,0.42,0.36
ESSX,2015-12-21 08:00:00 EST,44.31360,-73.37189,182,33.4,33.8,25.1,60.1,21.0,0.000,0.000,0.00,0.000,10.6,16.4,1.8,166,13,11.5,17.0,2.0,166,11,10.6,16.4,1.8,166,13,14,29.90,,0,0,0,36.6,40.6,43.5,0.48,0.42,0.36
ESSX,2015-12-21 08:05:00 EST,44.31360,-73.37189,182,33.5,33.8,26.6,60.2,21.1,0.000,0.000,0.00,0.000,8.0,12.4,1.7,172,14,8.8,14.3,1.9,173,14,8.0,12.4,1.7,172,14,16,29.91,,0,0,0,36.6,40.6,43.5,0.48,0.42,0.36
ESSX,2015-12-21 08:10:00 EST,44.31360,-73.37189,182,33.7,34.1,25.3,59.9,21.3,0.000,0.000,0.00,0.000,11.3,15.3,2.2,173,15,12.3,18.3,2.6,171,13,11.3,15.3,2.2,173,15,19,29.91,,0,0,0,36.6,40.6,43.5,0.48,0.42,0.36
ESSX,2015-12-21 08:15:00 EST,44.31360,-73.37189,182,33.9,34.2,26.1,59.9,21.4,0.000,0.000,0.00,0.000,9.9,18.0,3.1,173,12,10.6,19.9,3.5,173,10,9.9,18.0,3.1,173,12,24,29.91,,0,0,0,36.6,40.6,43.5,0.48,0.42,0.36
ESSX,2015-12-21 08:20:00 EST,44.31360,-73.37189,182,34.0,34.3,26.2,59.7,21.5,0.000,0.000,0.00,0.000,10.1,13.7,1.9,174,14,10.9,15.2,2.2,175,12,10.1,13.7,1.9,174,14,30,29.91,,0,0,0,36.6,40.6,43.5,0.48,0.42,0.36
ESSX,2015-12-21 08:25:00 EST,44.31360,-73.37189,182,34.2,34.5,25.1,59.5,21.5,0.000,0.000,0.00,0.000,13.1,23.3,3.0,179,13,14.2,24.6,3.5,178,11,13.1,23.3,3.0,179,13,35,29.91,,0,0,0,36.6,40.6,43.5,0.48,0.42,0.36
ESSX,2015-12-21 08:30:00 EST,44.31360,-73.37189,182,34.3,34.6,25.6,59.6,21.7,0.000,0.000,0.00,0.000,12.1,20.4,3.0,176,13,13.3,21.9,3.4,177,12,12.1,20.4,3.0,176,13,39,29.91,,0,0,0,36.5,40.6,43.5,0.48,0.42,0.36
ESSX,2015-12-21 08:35:00 EST,44.31360,-73.37189,182,34.3,34.7,25.6,59.7,21.8,0.000,0.000,0.00,0.000,12.2,18.6,2.7,172,12,13.4,21.5,3.2,173,11,12.2,18.6,2.7,172,12,48,29.89,,0,0,0,36.5,40.6,43.5,0.48,0.42,0.36
ESSX,2015-12-21 08:40:00 EST,44.31360,-73.37189,182,34.5,34.8,26.0,59.6,21.8,0.000,0.000,0.00,0.000,11.7,19.5,2.6,175,13,12.6,20.6,2.9,174,10,11.7,19.5,2.6,175,13,57,29.89,,0,0,0,36.5,40.6,43.5,0.48,0.42,0.36
ESSX,2015-12-21 08:45:00 EST,44.31360,-73.37189,182,34.6,35.0,25.8,58.8,21.7,0.000,0.000,0.00,0.000,12.8,20.1,2.7,176,13,14.0,24.4,3.2,176,12,12.8,20.1,2.7,176,13,65,29.90,,0,0,0,36.5,40.6,43.5,0.48,0.42,0.36
ESSX,2015-12-21 08:50:00 EST,44.31360,-73.37189,182,34.7,35.0,26.0,59.1,21.9,0.000,0.000,0.00,0.000,12.4,19.9,2.7,171,12,13.7,22.8,3.2,171,11,12.4,19.9,2.7,171,12,66,29.89,,0,0,0,36.5,40.6,43.5,0.48,0.42,0.36
ESSX,2015-12-21 08:55:00 EST,44.31360,-73.37189,182,34.7,35.0,25.6,59.5,22.0,0.000,0.000,0.00,0.000,13.4,21.1,3.0,168,10,14.4,23.9,3.4,169,9,13.4,21.1,3.0,168,10,65,29.88,,0,0,0,36.5,40.6,43.5,0.48,0.42,0.36
ESSX,2015-12-21 09:00:00 EST,44.31360,-73.37189,182,34.8,35.1,25.4,59.2,22.0,0.000,0.000,0.00,0.000,14.2,20.2,2.8,169,9,15.4,20.8,2.8,169,8,14.2,20.2,2.8,169,9,66,29.88,,0,0,0,36.5,40.5,43.5,0.48,0.42,0.36
ESSX,2015-12-21 09:05:00 EST,44.31360,-73.37189,182,35.1,35.5,26.0,58.4,22.0,0.000,0.000,0.00,0.000,13.8,20.1,2.8,173,10,15.2,22.4,3.0,173,8,13.8,20.1,2.8,173,10,66,29.88,,0,0,0,36.5,40.5,43.5,0.48,0.42,0.36
ESSX,2015-12-21 09:10:00 EST,44.31360,-73.37189,182,35.3,35.6,26.8,58.5,22.2,0.000,0.000,0.00,0.000,12.4,21.2,3.0,168,14,13.3,21.9,3.3,168,13,12.4,21.2,3.0,168,14,63,29.88,,0,0,0,36.5,40.6,43.5,0.48,0.42,0.36
ESSX,2015-12-21 09:15:00 EST,44.31360,-73.37189,182,35.5,35.8,27.3,57.7,22.1,0.000,0.000,0.00,0.000,11.9,18.2,1.9,168,12,12.7,19.0,2.3,169,11,11.9,18.2,1.9,168,12,65,29.88,,0,0,0,36.5,40.5,43.5,0.48,0.42,0.36
ESSX,2015-12-21 09:20:00 EST,44.31360,-73.37189,182,35.7,36.0,27.9,56.8,21.9,0.000,0.000,0.00,0.000,11.0,17.8,2.6,171,15,12.2,20.8,2.9,169,13,11.0,17.8,2.6,171,15,59,29.88,,0,0,0,36.5,40.5,43.5,0.48,0.42,0.36
ESSX,2015-12-21 09:25:00 EST,44.31360,-73.37189,182,35.9,36.1,27.7,56.5,21.9,0.000,0.000,0.00,0.000,11.8,19.1,2.6,182,10,12.8,21.7,3.1,181,9,11.8,19.1,2.6,182,10,61,29.89,,0,0,0,36.5,40.5,43.5,0.48,0.42,0.36
ESSX,2015-12-21 09:30:00 EST,44.31360,-73.37189,182,35.9,36.2,27.9,56.3,21.9,0.000,0.000,0.00,0.000,11.5,22.5,3.1,177,13,12.4,26.2,3.6,176,12,11.5,22.5,3.1,177,13,68,29.88,,0,0,0,36.5,40.5,43.5,0.48,0.42,0.36
ESSX,2015-12-21 09:35:00 EST,44.31360,-73.37189,182,36.1,36.3,28.3,56.2,22.0,0.000,0.000,0.00,0.000,11.2,19.0,2.7,185,14,12.2,22.6,3.2,183,12,11.2,19.0,2.7,185,14,81,29.88,,0,0,0,36.5,40.5,43.5,0.48,0.42,0.36
ESSX,2015-12-21 09:40:00 EST,44.31360,-73.37189,182,36.2,36.5,27.5,55.8,21.9,0.000,0.000,0.00,0.000,13.6,20.5,3.0,180,13,15.0,24.2,3.3,179,11,13.6,20.5,3.0,180,13,81,29.88,,0,0,0,36.5,40.5,43.5,0.48,0.42,0.36
ESSX,2015-12-21 09:45:00 EST,44.31360,-73.37189,182,36.3,36.5,27.9,55.9,22.0,0.000,0.000,0.00,0.000,12.7,21.6,3.2,179,13,13.9,26.8,3.6,178,10,12.7,21.6,3.2,179,13,88,29.88,,0,0,0,36.5,40.5,43.5,0.48,0.42,0.36
ESSX,2015-12-21 09:50:00 EST,44.31360,-73.37189,182,36.4,36.6,27.8,56.0,22.2,0.000,0.000,0.00,0.000,13.4,21.6,3.3,174,12,14.6,24.8,3.7,174,10,13.4,21.6,3.3,174,12,97,29.87,,0,0,0,36.5,40.5,43.5,0.48,0.42,0.36
ESSX,2015-12-21 09:55:00 EST,44.31360,-73.37189,182,36.4,36.6,27.4,56.1,22.3,0.000,0.000,0.00,0.000,14.6,22.6,3.1,173,11,15.8,24.8,3.5,172,9,14.6,22.6,3.1,173,11,101,29.87,,0,0,0,36.5,40.5,43.5,0.48,0.42,0.36
ESSX,2015-12-21 10:00:00 EST,44.31360,-73.37189,182,36.4,36.6,28.1,56.6,22.5,0.000,0.000,0.00,0.000,12.7,18.9,2.2,172,12,13.5,19.0,2.4,171,11,12.7,18.9,2.2,172,12,97,29.87,,0,0,0,36.5,40.5,43.5,0.48,0.42,0.36
ESSX,2015-12-21 10:05:00 EST,44.31360,-73.37189,182,36.4,36.6,28.1,56.6,22.5,0.000,0.000,0.00,0.000,12.6,19.1,2.5,175,15,13.6,20.6,2.7,176,12,12.6,19.1,2.5,175,15,90,29.87,,0,0,0,36.5,40.5,43.5,0.48,0.42,0.36
ESSX,2015-12-21 10:10:00 EST,44.31360,-73.37189,182,36.4,36.6,28.5,56.3,22.4,0.000,0.000,0.00,0.000,11.6,17.0,2.2,176,11,12.7,19.9,2.5,176,10,11.6,17.0,2.2,176,11,85,29.86,,0,0,0,36.5,40.5,43.5,0.48,0.42,0.36
ESSX,2015-12-21 10:15:00 EST,44.31360,-73.37189,182,36.4,36.6,27.9,56.6,22.5,0.000,0.000,0.00,0.000,13.1,21.6,2.7,178,11,14.1,23.3,3.0,177,10,13.1,21.6,2.7,178,11,89,29.86,,0,0,0,36.5,40.5,43.5,0.48,0.42,0.36
ESSX,2015-12-21 10:20:00 EST,44.31360,-73.37189,182,36.5,36.7,27.7,56.8,22.6,0.000,0.000,0.00,0.000,14.0,19.7,2.7,173,10,15.2,21.5,2.9,173,10,14.0,19.7,2.7,173,10,95,29.86,,0,0,0,36.5,40.5,43.5,0.48,0.42,0.36
ESSX,2015-12-21 10:25:00 EST,44.31360,-73.37189,182,36.6,36.8,28.9,56.8,22.7,0.000,0.000,0.00,0.000,11.0,16.5,2.1,174,11,11.8,18.6,2.5,174,9,11.0,16.5,2.1,174,11,90,29.86,,0,0,0,36.5,40.5,43.5,0.48,0.42,0.36
ESSX,2015-12-21 10:30:00 EST,44.31360,-73.37189,182,36.6,36.8,28.6,57.4,22.9,0.000,0.000,0.00,0.000,11.8,18.9,2.6,173,14,12.7,21.5,3.1,172,11,11.8,18.9,2.6,173,14,85,29.85,,0,0,0,36.5,40.5,43.5,0.48,0.42,0.36
ESSX,2015-12-21 10:35:00 EST,44.31360,-73.37189,182,36.6,36.8,28.8,57.3,22.9,0.000,0.000,0.00,0.000,11.4,17.2,2.4,167,11,12.3,19.5,2.3,168,10,11.4,17.2,2.4,167,11,67,29.84,,0,0,0,36.5,40.5,43.5,0.48,0.42,0.36
ESSX,2015-12-21 10:40:00 EST,44.31360,-73.37189,182,36.6,36.9,27.9,57.2,22.9,0.000,0.000,0.00,0.000,14.0,22.2,3.0,169,13,14.9,24.6,3.2,169,12,14.0,22.2,3.0,169,13,61,29.84,,0,0,0,36.5,40.5,43.5,0.48,0.42,0.36
ESSX,2015-12-21 10:45:00 EST,44.31360,-73.37189,182,36.7,37.0,28.2,57.1,23.0,0.000,0.000,0.00,0.000,13.4,23.3,3.4,169,12,14.4,22.4,3.5,168,11,13.4,23.3,3.4,169,12,64,29.83,,0,0,0,36.5,40.5,43.5,0.48,0.42,0.36
ESSX,2015-12-21 10:50:00 EST,44.31360,-73.37189,182,36.8,37.1,28.0,56.9,23.0,0.000,0.000,0.00,0.000,14.4,26.8,4.4,167,12,15.5,28.9,4.7,166,10,14.4,26.8,4.4,167,12,59,29.83,,0,0,0,36.5,40.5,43.5,0.48,0.42,0.36
ESSX,2015-12-21 10:55:00 EST,44.31360,-73.37189,182,36.9,37.1,29.5,57.4,23.2,0.000,0.000,0.00,0.000,10.7,19.1,3.4,176,18,11.6,21.3,3.6,176,15,10.7,19.1,3.4,176,18,73,29.83,,0,0,0,36.5,40.5,43.5,0.48,0.42,0.36
ESSX,2015-12-21 11:00:00 EST,44.31360,-73.37189,182,37.2,37.3,31.1,57.1,23.4,0.000,0.000,0.00,0.000,8.0,13.4,2.1,180,18,9.1,13.9,2.4,180,15,8.0,13.4,2.1,180,18,101,29.84,,0,0,0,36.5,40.4,43.5,0.48,0.42,0.36
ESSX,2015-12-21 11:05:00 EST,44.31360,-73.37189,182,37.5,37.6,32.0,56.6,23.5,0.000,0.000,0.00,0.000,7.3,18.9,3.9,180,16,8.1,21.3,4.1,181,14,7.3,18.9,3.9,180,16,112,29.83,,0,0,0,36.5,40.5,43.5,0.48,0.42,0.36
ESSX,2015-12-21 11:10:00 EST,44.31360,-73.37189,182,37.6,37.8,30.7,55.4,23.1,0.000,0.000,0.00,0.000,10.1,18.0,2.9,183,19,11.0,18.8,3.0,183,18,10.1,18.0,2.9,183,19,95,29.83,,0,0,0,36.5,40.5,43.5,0.48,0.42,0.36
ESSX,2015-12-21 11:15:00 EST,44.31360,-73.37189,182,37.8,37.9,29.9,55.8,23.4,0.000,0.000,0.00,0.000,12.2,18.6,2.8,176,13,13.3,21.7,3.1,177,11,12.2,18.6,2.8,176,13,92,29.83,,0,0,0,36.5,40.5,43.5,0.48,0.42,0.36
ESSX,2015-12-21 11:20:00 EST,44.31360,-73.37189,182,37.9,38.1,28.8,55.3,23.3,0.000,0.000,0.00,0.000,15.9,22.9,2.8,177,14,17.0,25.1,3.3,178,11,15.9,22.9,2.8,177,14,89,29.83,,0,0,0,36.5,40.5,43.4,0.48,0.42,0.36
ESSX,2015-12-21 11:25:00 EST,44.31360,-73.37189,182,38.0,38.2,29.4,55.5,23.5,0.000,0.000,0.00,0.000,14.9,23.7,3.7,184,13,16.2,26.8,4.1,183,10,14.9,23.7,3.7,184,13,103,29.83,,0,0,0,36.5,40.4,43.4,0.48,0.42,0.36
ESSX,2015-12-21 11:30:00 EST,44.31360,-73.37189,182,38.2,38.3,29.5,55.5,23.6,0.000,0.000,0.00,0.000,14.9,22.1,3.2,182,12,16.2,24.8,3.5,181,11,14.9,22.1,3.2,182,12,102,29.82,,0,0,0,36.5,40.4,43.4,0.48,0.42,0.36
ESSX,2015-12-21 11:35:00 EST,44.31360,-73.37189,182,38.2,38.4,29.9,56.0,23.9,0.000,0.000,0.00,0.000,13.8,23.9,3.9,174,14,15.2,26.4,4.1,176,12,13.8,23.9,3.9,174,14,95,29.81,,0,0,0,36.5,40.4,43.4,0.48,0.42,0.36
ESSX,2015-12-21 11:40:00 EST,44.31360,-73.37189,182,38.2,38.4,30.4,56.4,24.1,0.000,0.000,0.00,0.000,12.6,21.5,3.3,169,13,13.5,22.6,3.6,169,12,12.6,21.5,3.3,169,13,96,29.80,,0,0,0,36.5,40.4,43.4,0.48,0.42,0.36
ESSX,2015-12-21 11:45:00 EST,44.31360,-73.37189,182,38.4,38.6,30.5,56.4,24.2,0.000,0.000,0.00,0.000,12.9,19.6,2.9,177,13,14.1,21.3,3.3,178,12,12.9,19.6,2.9,177,13,92,29.80,,0,0,0,36.5,40.4,43.4,0.48,0.42,0.36
ESSX,2015-12-21 11:50:00 EST,44.31360,-73.37189,182,38.5,38.7,29.6,55.8,24.1,0.000,0.000,0.00,0.000,16.1,23.8,2.9,171,11,17.2,24.8,3.2,171,10,16.1,23.8,2.9,171,11,100,29.80,,0,0,0,36.5,40.4,43.4,0.48,0.42,0.36
ESSX,2015-12-21 11:55:00 EST,44.31360,-73.37189,182,38.7,38.8,30.3,56.0,24.3,0.000,0.000,0.00,0.000,14.4,19.8,2.8,177,11,15.7,21.5,3.2,177,9,14.4,19.8,2.8,177,11,112,29.80,,0,0,0,36.5,40.5,43.4,0.48,0.42,0.36
ESSX,2015-12-21 12:00:00 EST,44.31360,-73.37189,182,38.8,39.0,30.5,55.9,24.4,0.000,0.000,0.00,0.000,14.4,24.5,3.6,178,12,15.7,28.2,3.9,179,9,14.4,24.5,3.6,178,12,105,29.80,,0,0,0,36.5,40.5,43.4,0.48,0.42,0.36
ESSX,2015-12-21 12:05:00 EST,44.31360,-73.37189,182,38.9,39.1,31.2,55.5,24.3,0.000,0.000,0.00,0.000,12.6,18.3,2.4,177,11,13.7,20.6,2.5,176,9,12.6,18.3,2.4,177,11,102,29.80,,0,0,0,36.5,40.5,43.4,0.48,0.42,0.36
ESSX,2015-12-21 12:10:00 EST,44.31360,-73.37189,182,39.0,39.2,31.5,55.8,24.5,0.000,0.000,0.00,0.000,12.3,17.5,2.7,175,11,13.3,19.5,3.1,176,10,12.3,17.5,2.7,175,11,90,29.80,,0,0,0,36.5,40.5,43.4,0.48,0.42,0.36
ESSX,2015-12-21 12:15:00 EST,44.31360,-73.37189,182,39.0,39.2,31.7,55.9,24.6,0.000,0.000,0.00,0.000,11.9,16.9,2.3,175,13,13.0,18.3,2.7,175,11,11.9,16.9,2.3,175,13,84,29.79,,0,0,0,36.5,40.4,43.4,0.48,0.42,0.36
ESSX,2015-12-21 12:20:00 EST,44.31360,-73.37189,182,39.1,39.3,32.1,56.1,24.8,0.000,0.000,0.00,0.000,11.0,17.8,2.3,170,14,11.9,19.2,2.6,170,12,11.0,17.8,2.3,170,14,85,29.79,,0,0,0,36.5,40.4,43.4,0.48,0.42,0.36
ESSX,2015-12-21 12:25:00 EST,44.31360,-73.37189,182,39.2,39.4,32.2,55.9,24.8,0.000,0.000,0.00,0.000,11.1,17.6,2.9,169,12,12.2,19.0,3.1,169,10,11.1,17.6,2.9,169,12,78,29.79,,0,0,0,36.5,40.4,43.4,0.48,0.42,0.36
ESSX,2015-12-21 12:30:00 EST,44.31360,-73.37189,182,39.4,39.6,31.3,55.2,24.6,0.000,0.000,0.00,0.000,14.1,22.1,3.3,173,11,15.3,26.8,3.6,173,10,14.1,22.1,3.3,173,11,69,29.79,,0,0,0,36.5,40.4,43.4,0.48,0.42,0.36
ESSX,2015-12-21 12:35:00 EST,44.31360,-73.37189,182,39.4,39.7,32.3,55.4,24.7,0.000,0.000,0.00,0.000,11.5,15.7,2.1,173,10,12.4,18.1,2.5,174,9,11.5,15.7,2.1,173,10,64,29.79,,0,0,0,36.5,40.4,43.4,0.48,0.42,0.36
ESSX,2015-12-21 12:40:00 EST,44.31360,-73.37189,182,39.5,39.7,32.0,55.2,24.7,0.000,0.000,0.00,0.000,12.5,20.5,2.7,177,11,13.7,22.1,3.2,177,9,12.5,20.5,2.7,177,11,59,29.79,,0,0,0,36.5,40.4,43.4,0.48,0.42,0.36
ESSX,2015-12-21 12:45:00 EST,44.31360,-73.37189,182,39.5,39.7,32.6,55.4,24.8,0.000,0.000,0.00,0.000,11.1,20.8,2.9,171,13,12.1,21.5,3.2,171,13,11.1,20.8,2.9,171,13,64,29.78,,0,0,0,36.5,40.4,43.4,0.48,0.42,0.36
ESSX,2015-12-21 12:50:00 EST,44.31360,-73.37189,182,39.6,39.8,32.7,55.9,25.1,0.000,0.000,0.00,0.000,11.1,18.8,2.7,171,13,12.1,20.1,3.0,171,12,11.1,18.8,2.7,171,13,74,29.78,,0,0,0,36.5,40.4,43.4,0.48,0.42,0.36
ESSX,2015-12-21 12:55:00 EST,44.31360,-73.37189,182,39.7,39.9,33.1,56.6,25.5,0.000,0.000,0.00,0.000,10.4,17.2,2.3,166,11,11.3,17.7,2.6,166,10,10.4,17.2,2.3,166,11,77,29.78,,0,0,0,36.5,40.4,43.4,0.48,0.42,0.36
ESSX,2015-12-21 13:00:00 EST,44.31360,-73.37189,182,39.7,40.0,32.4,56.6,25.5,0.000,0.000,0.00,0.000,12.2,18.3,2.8,167,9,13.1,20.8,3.2,167,8,12.2,18.3,2.8,167,9,73,29.77,,0,0,0,36.5,40.4,43.4,0.48,0.42,0.36
ESSX,2015-12-21 13:05:00 EST,44.31360,-73.37189,182,39.8,40.0,33.3,57.1,25.8,0.000,0.000,0.00,0.000,10.2,17.9,2.9,171,11,11.0,22.8,3.5,173,9,10.2,17.9,2.9,171,11,72,29.78,,0,0,0,36.5,40.4,43.3,0.48,0.42,0.36
ESSX,2015-12-21 13:10:00 EST,44.31360,-73.37189,182,39.9,40.1,32.9,56.3,25.6,0.000,0.000,0.00,0.000,11.4,19.4,3.0,170,14,12.4,21.5,3.2,171,12,11.4,19.4,3.0,170,14,72,29.78,,0,0,0,36.5,40.4,43.4,0.48,0.42,0.36
ESSX,2015-12-21 13:15:00 EST,44.31360,-73.37189,182,40.0,40.2,33.4,56.0,25.6,0.000,0.000,0.00,0.000,10.6,18.0,2.7,174,14,11.6,20.6,3.1,174,11,10.6,18.0,2.7,174,14,72,29.78,,0,0,0,36.5,40.4,43.4,0.48,0.42,0.36
ESSX,2015-12-21 13:20:00 EST,44.31360,-73.37189,182,40.0,40.3,33.7,56.3,25.7,0.000,0.000,0.00,0.000,10.0,17.1,2.4,173,14,10.8,19.9,2.5,174,13,10.0,17.1,2.4,173,14,67,29.78,,0,0,0,36.5,40.4,43.4,0.48,0.42,0.36
ESSX,2015-12-21 13:25:00 EST,44.31360,-73.37189,182,40.1,40.4,32.3,55.4,25.4,0.000,0.000,0.00,0.000,13.9,23.4,3.6,180,11,15.2,24.4,4.1,179,10,13.9,23.4,3.6,180,11,64,29.78,,0,0,0,36.5,40.3,43.3,0.48,0.42,0.36
ESSX,2015-12-21 13:30:00 EST,44.31360,-73.37189,182,40.1,40.4,32.9,55.2,25.3,0.000,0.000,0.00,0.000,12.2,19.0,3.3,179,15,13.3,21.3,3.3,178,10,12.2,19.0,3.3,179,15,56,29.77,,0,0,0,36.5,40.3,43.3,0.48,0.42,0.36
ESSX,2015-12-21 13:35:00 EST,44.31360,-73.37189,182,40.1,40.4,33.2,56.1,25.7,0.000,0.000,0.00,0.000,11.4,20.3,2.7,170,13,12.4,21.9,2.7,170,10,11.4,20.3,2.7,170,13,52,29.77,,0,0,0,36.5,40.3,43.4,0.48,0.42,0.36
ESSX,2015-12-21 13:40:00 EST,44.31360,-73.37189,182,40.1,40.5,33.1,55.7,25.6,0.000,0.000,0.00,0.000,11.7,16.0,1.7,168,17,12.3,16.3,1.9,168,15,11.7,16.0,1.7,168,17,53,29.76,,0,0,0,36.5,40.3,43.3,0.48,0.42,0.36
ESSX,2015-12-21 13:45:00 EST,44.31360,-73.37189,182,40.0,40.4,33.0,56.7,25.9,0.000,0.000,0.00,0.000,11.8,19.2,2.3,167,12,12.8,19.7,2.6,168,9,11.8,19.2,2.3,167,12,57,29.76,,0,0,0,36.5,40.3,43.4,0.48,0.42,0.36
ESSX,2015-12-21 13:50:00 EST,44.31360,-73.37189,182,40.1,40.4,33.4,56.8,25.9,0.000,0.000,0.00,0.000,10.7,16.6,2.3,172,13,11.7,17.7,2.6,174,10,10.7,16.6,2.3,172,13,58,29.75,,0,0,0,36.6,40.3,43.4,0.48,0.42,0.36
ESSX,2015-12-21 13:55:00 EST,44.31360,-73.37189,182,40.2,40.4,33.3,56.5,25.9,0.000,0.000,0.00,0.000,11.4,20.0,3.0,179,12,12.5,22.1,3.3,178,10,11.4,20.0,3.0,179,12,62,29.75,,0,0,0,36.6,40.3,43.3,0.48,0.42,0.36
ESSX,2015-12-21 14:00:00 EST,44.31360,-73.37189,182,40.3,40.6,33.4,56.6,26.1,0.000,0.000,0.00,0.000,11.4,19.1,2.6,173,12,12.4,21.3,2.9,172,10,11.4,19.1,2.6,173,12,71,29.75,,0,0,0,36.6,40.3,43.4,0.48,0.42,0.36
ESSX,2015-12-21 14:05:00 EST,44.31360,-73.37189,182,40.4,40.7,33.5,56.4,26.1,0.000,0.000,0.00,0.000,11.6,18.3,2.8,175,12,12.8,20.6,3.1,175,10,11.6,18.3,2.8,175,12,73,29.74,,0,0,0,36.6,40.3,43.3,0.48,0.42,0.36
ESSX,2015-12-21 14:10:00 EST,44.31360,-73.37189,182,40.7,40.9,33.3,55.4,25.9,0.000,0.000,0.00,0.000,13.0,20.4,3.1,180,10,14.3,25.3,3.8,179,9,13.0,20.4,3.1,180,10,72,29.75,,0,0,0,36.7,40.3,43.3,0.48,0.42,0.36
ESSX,2015-12-21 14:15:00 EST,44.31360,-73.37189,182,40.8,41.0,33.7,55.4,26.0,0.000,0.000,0.00,0.000,12.2,18.4,2.5,183,10,13.3,19.5,3.0,182,9,12.2,18.4,2.5,183,10,74,29.75,,0,0,0,36.7,40.3,43.3,0.48,0.42,0.36
ESSX,2015-12-21 14:20:00 EST,44.31360,-73.37189,182,40.8,41.1,34.4,55.6,26.1,0.000,0.000,0.00,0.000,10.6,17.8,2.4,177,14,11.5,20.6,2.7,175,14,10.6,17.8,2.4,177,14,74,29.75,,0,0,0,36.7,40.3,43.3,0.48,0.42,0.36
ESSX,2015-12-21 14:25:00 EST,44.31360,-73.37189,182,40.9,41.2,34.8,55.8,26.4,0.000,0.000,0.00,0.000,9.9,15.7,2.4,176,13,10.9,17.2,2.6,177,12,9.9,15.7,2.4,176,13,71,29.75,,0,0,0,36.7,40.3,43.3,0.48,0.42,0.36
ESSX,2015-12-21 14:30:00 EST,44.31360,-73.37189,182,41.0,41.3,36.1,56.2,26.6,0.000,0.000,0.00,0.000,7.5,10.4,1.6,169,14,8.1,12.3,1.9,168,13,7.5,10.4,1.6,169,14,74,29.75,,0,0,0,36.7,40.3,43.3,0.48,0.42,0.36
ESSX,2015-12-21 14:35:00 EST,44.31360,-73.37189,182,41.1,41.4,35.5,56.4,26.7,0.000,0.000,0.00,0.000,8.9,14.7,1.9,167,12,9.4,15.0,2.1,167,13,8.9,14.7,1.9,167,12,70,29.75,,0,0,0,36.7,40.3,43.3,0.48,0.42,0.36
ESSX,2015-12-21 14:40:00 EST,44.31360,-73.37189,182,41.1,41.4,35.1,56.5,26.8,0.000,0.000,0.00,0.000,9.7,14.5,2.2,168,13,10.3,16.3,2.6,169,11,9.7,14.5,2.2,168,13,67,29.75,,0,0,0,36.7,40.3,43.3,0.48,0.42,0.36
ESSX,2015-12-21 14:45:00 EST,44.31360,-73.37189,182,41.2,41.5,34.8,56.7,27.0,0.000,0.000,0.00,0.000,10.7,17.2,2.5,166,12,11.5,18.1,2.8,166,9,10.7,17.2,2.5,166,12,71,29.75,,0,0,0,36.7,40.3,43.3,0.48,0.42,0.36
ESSX,2015-12-21 14:50:00 EST,44.31360,-73.37189,182,41.5,41.8,34.3,56.1,27.0,0.000,0.000,0.00,0.000,13.0,17.9,2.2,172,10,14.1,19.5,2.6,172,10,13.0,17.9,2.2,172,10,75,29.75,,0,0,0,36.7,40.3,43.3,0.48,0.42,0.36
ESSX,2015-12-21 14:55:00 EST,44.31360,-73.37189,182,41.6,41.9,35.1,56.2,27.2,0.000,0.000,0.00,0.000,11.2,17.7,2.1,172,12,12.3,20.1,2.4,172,10,11.2,17.7,2.1,172,12,67,29.75,,0,0,0,36.7,40.3,43.3,0.48,0.42,0.36
ESSX,2015-12-21 15:00:00 EST,44.31360,-73.37189,182,41.7,42.1,36.3,56.4,27.3,0.000,0.000,0.00,0.000,8.7,12.6,1.5,175,11,9.4,13.9,1.7,175,8,8.7,12.6,1.5,175,11,59,29.75,,0,0,0,36.7,40.3,43.3,0.48,0.42,0.36
ESSX,2015-12-21 15:05:00 EST,44.31360,-73.37189,182,41.8,42.2,36.2,56.5,27.5,0.000,0.000,0.00,0.000,9.2,13.6,1.9,173,14,10.1,15.7,2.0,173,13,9.2,13.6,1.9,173,14,57,29.75,,0,0,0,36.7,40.3,43.3,0.48,0.42,0.36
ESSX,2015-12-21 15:10:00 EST,44.31360,-73.37189,182,41.9,42.3,35.6,56.1,27.4,0.000,0.000,0.00,0.000,11.0,17.7,2.6,171,11,11.9,19.0,2.8,171,10,11.0,17.7,2.6,171,11,56,29.75,,0,0,0,36.7,40.3,43.3,0.48,0.42,0.36
ESSX,2015-12-21 15:15:00 EST,44.31360,-73.37189,182,42.0,42.4,36.2,55.8,27.4,0.000,0.000,0.00,0.000,9.8,13.4,1.8,170,12,10.7,15.0,2.1,170,11,9.8,13.4,1.8,170,12,52,29.74,,0,0,0,36.8,40.3,43.3,0.48,0.42,0.36
ESSX,2015-12-21 15:20:00 EST,44.31360,-73.37189,182,42.0,42.4,36.4,56.4,27.6,0.000,0.000,0.00,0.000,9.3,13.2,1.7,169,13,9.9,15.4,2.0,168,10,9.3,13.2,1.7,169,13,49,29.74,,0,0,0,36.8,40.3,43.3,0.48,0.42,0.36
ESSX,2015-12-21 15:25:00 EST,44.31360,-73.37189,182,42.0,42.3,37.0,56.9,27.8,0.000,0.000,0.00,0.000,7.9,14.2,2.0,177,13,8.7,15.9,2.3,177,13,7.9,14.2,2.0,177,13,46,29.74,,0,0,0,36.8,40.3,43.3,0.48,0.42,0.36
ESSX,2015-12-21 15:30:00 EST,44.31360,-73.37189,182,42.1,42.5,36.5,56.4,27.7,0.000,0.000,0.00,0.000,9.4,13.8,1.8,178,11,10.3,15.4,2.2,177,9,9.4,13.8,1.8,178,11,36,29.73,,0,0,0,36.8,40.3,43.3,0.48,0.42,0.36
ESSX,2015-12-21 15:35:00 EST,44.31360,-73.37189,182,42.3,42.7,36.3,56.0,27.7,0.000,0.000,0.00,0.000,10.4,17.9,3.4,176,16,11.4,20.8,3.7,176,15,10.4,17.9,3.4,176,16,32,29.73,,0,0,0,36.9,40.3,43.3,0.48,0.42,0.36
ESSX,2015-12-21 15:40:00 EST,44.31360,-73.37189,182,42.5,42.8,36.7,55.7,27.7,0.000,0.000,0.00,0.000,10.0,17.5,2.5,176,16,11.0,18.8,2.7,176,13,10.0,17.5,2.5,176,16,27,29.72,,0,0,0,36.9,40.3,43.3,0.48,0.42,0.36
ESSX,2015-12-21 15:45:00 EST,44.31360,-73.37189,182,42.6,43.0,36.4,55.5,27.7,0.000,0.000,0.00,0.000,11.0,17.2,2.5,173,16,12.1,19.5,2.7,173,14,11.0,17.2,2.5,173,16,17,29.72,,0,0,0,36.9,40.3,43.3,0.48,0.42,0.36
ESSX,2015-12-21 15:50:00 EST,44.31360,-73.37189,182,42.6,43.1,36.7,55.6,27.9,0.000,0.000,0.00,0.000,10.5,16.1,1.9,173,10,11.5,18.3,2.3,173,9,10.5,16.1,1.9,173,10,13,29.72,,0,0,0,36.9,40.3,43.3,0.48,0.42,0.36
ESSX,2015-12-21 15:55:00 EST,44.31360,-73.37189,182,42.6,43.0,38.1,56.0,28.0,0.000,0.000,0.00,0.000,7.4,10.2,1.4,171,15,8.1,11.4,1.5,172,13,7.4,10.2,1.4,171,15,13,29.71,,0,0,0,36.9,40.3,43.3,0.48,0.42,0.36
ESSX,2015-12-21 16:00:00 EST,44.31360,-73.37189,182,42.8,43.3,35.7,55.2,27.9,0.000,0.000,0.00,0.000,14.1,21.4,3.0,170,12,15.3,25.1,3.4,170,10,14.1,21.4,3.0,170,12,8,29.71,,0,0,0,36.9,40.3,43.3,0.48,0.42,0.36
ESSX,2015-12-21 16:05:00 EST,44.31360,-73.37189,182,42.8,43.2,36.9,55.5,28.0,0.000,0.000,0.00,0.000,10.6,18.5,3.2,175,14,11.8,19.2,3.5,174,11,10.6,18.5,3.2,175,14,3,29.71,,0,0,0,36.9,40.3,43.3,0.48,0.42,0.36
ESSX,2015-12-21 16:10:00 EST,44.31360,-73.37189,182,42.9,43.4,36.3,55.5,28.1,0.000,0.000,0.00,0.000,12.7,20.6,3.5,176,15,13.7,23.0,3.8,176,11,12.7,20.6,3.5,176,15,2,29.71,,0,0,0,37.0,40.3,43.3,0.48,0.42,0.36
ESSX,2015-12-21 16:15:00 EST,44.31360,-73.37189,182,42.9,43.4,36.8,55.8,28.2,0.000,0.000,0.00,0.000,11.2,17.8,2.4,172,13,12.4,19.7,2.8,174,11,11.2,17.8,2.4,172,13,2,29.70,,0,0,0,37.0,40.3,43.3,0.48,0.42,0.36
ESSX,2015-12-21 16:20:00 EST,44.31360,-73.37189,182,43.0,43.4,36.9,55.7,28.2,0.000,0.000,0.00,0.000,11.3,19.0,3.0,174,14,12.2,20.1,3.2,174,12,11.3,19.0,3.0,174,14,1,29.70,,0,0,0,37.0,40.3,43.3,0.48,0.42,0.36
ESSX,2015-12-21 16:25:00 EST,44.31360,-73.37189,182,43.0,43.3,37.7,55.7,28.2,0.000,0.000,0.00,0.000,9.1,17.2,2.8,183,11,10.1,19.9,3.1,182,9,9.1,17.2,2.8,183,11,1,29.70,,0,0,0,37.0,40.3,43.3,0.48,0.42,0.36
ESSX,2015-12-21 16:30:00 EST,44.31360,-73.37189,182,43.0,43.4,36.8,56.0,28.3,0.000,0.000,0.00,0.000,11.2,19.1,3.0,185,11,12.3,22.6,3.4,184,10,11.2,19.1,3.0,185,11,1,29.70,,0,0,0,37.0,40.3,43.3,0.48,0.42,0.36
ESSX,2015-12-21 16:35:00 EST,44.31360,-73.37189,182,43.1,43.5,36.3,55.8,28.4,0.000,0.000,0.00,0.000,13.2,18.4,2.8,187,11,14.1,20.8,3.3,187,10,13.2,18.4,2.8,187,11,0,29.70,,0,0,0,37.0,40.3,43.3,0.48,0.42,0.36
ESSX,2015-12-21 16:40:00 EST,44.31360,-73.37189,182,43.1,43.5,35.9,55.7,28.4,0.000,0.000,0.00,0.000,14.8,21.1,2.7,186,10,15.9,22.6,3.0,183,8,14.8,21.1,2.7,186,10,0,29.71,,0,0,0,37.0,40.3,43.3,0.48,0.42,0.36
ESSX,2015-12-21 16:45:00 EST,44.31360,-73.37189,182,42.9,43.4,36.5,56.5,28.5,0.000,0.000,0.00,0.000,12.1,17.8,2.2,183,12,13.1,20.8,2.5,184,8,12.1,17.8,2.2,183,12,0,29.70,,0,0,0,37.0,40.3,43.3,0.48,0.42,0.36
ESSX,2015-12-21 16:50:00 EST,44.31360,-73.37189,182,43.0,43.4,36.1,56.2,28.5,0.000,0.000,0.00,0.000,13.6,18.8,2.4,189,9,14.5,22.1,2.7,188,7,13.6,18.8,2.4,189,9,0,29.70,,0,0,0,37.0,40.3,43.3,0.48,0.42,0.36
ESSX,2015-12-21 16:55:00 EST,44.31360,-73.37189,182,43.1,43.5,36.5,55.9,28.4,0.000,0.000,0.00,0.000,12.8,20.2,2.4,189,9,14.1,22.1,2.8,188,7,12.8,20.2,2.4,189,9,0,29.70,,0,0,0,37.0,40.3,43.3,0.48,0.42,0.36
ESSX,2015-12-21 17:00:00 EST,44.31360,-73.37189,182,43.1,43.5,36.5,56.5,28.7,0.000,0.000,0.00,0.000,12.5,19.1,2.8,191,12,13.4,21.0,3.0,191,9,12.5,19.1,2.8,191,12,0,29.70,,0,0,0,37.0,40.3,43.3,0.48,0.42,0.36
ESSX,2015-12-21 17:05:00 EST,44.31360,-73.37189,182,43.0,43.5,36.6,56.9,28.8,0.000,0.000,0.00,0.000,12.1,17.0,1.9,191,11,13.0,19.2,2.3,190,9,12.1,17.0,1.9,191,11,0,29.71,,0,0,0,37.0,40.3,43.3,0.48,0.42,0.36
ESSX,2015-12-21 17:10:00 EST,44.31360,-73.37189,182,43.1,43.5,37.4,56.7,28.7,0.000,0.000,0.00,0.000,10.1,15.3,1.8,194,14,10.9,17.0,2.0,192,11,10.1,15.3,1.8,194,14,0,29.71,,0,0,0,37.0,40.3,43.3,0.48,0.42,0.36
ESSX,2015-12-21 17:15:00 EST,44.31360,-73.37189,182,43.1,43.5,38.1,56.8,28.8,0.000,0.000,0.00,0.000,8.4,14.6,1.9,186,11,9.1,16.3,2.2,184,10,8.4,14.6,1.9,186,11,0,29.71,,0,0,0,37.0,40.3,43.3,0.48,0.42,0.36
ESSX,2015-12-21 17:20:00 EST,44.31360,-73.37189,182,43.2,43.6,37.4,56.7,28.9,0.000,0.000,0.00,0.000,10.6,18.5,3.3,179,13,11.4,21.3,3.7,178,11,10.6,18.5,3.3,179,13,0,29.71,,0,0,0,37.0,40.3,43.3,0.48,0.42,0.36
ESSX,2015-12-21 17:25:00 EST,44.31360,-73.37189,182,43.3,43.8,37.3,56.2,28.7,0.000,0.000,0.00,0.000,11.2,17.2,2.3,181,13,12.2,19.9,2.9,180,10,11.2,17.2,2.3,181,13,0,29.71,,0,0,0,37.0,40.3,43.3,0.48,0.42,0.36
ESSX,2015-12-21 17:30:00 EST,44.31360,-73.37189,182,43.2,43.6,37.2,56.8,28.9,0.000,0.000,0.00,0.000,11.1,17.4,2.4,180,13,11.9,19.0,2.9,180,11,11.1,17.4,2.4,180,13,0,29.70,,0,0,0,37.1,40.3,43.3,0.48,0.42,0.36
ESSX,2015-12-21 17:35:00 EST,44.31360,-73.37189,182,43.3,43.8,36.8,56.7,29.0,0.000,0.000,0.00,0.000,12.5,19.4,2.3,183,14,13.6,21.3,2.8,183,11,12.5,19.4,2.3,183,14,0,29.71,,0,0,0,37.1,40.3,43.3,0.48,0.42,0.36
ESSX,2015-12-21 17:40:00 EST,44.31360,-73.37189,182,43.3,43.7,37.2,56.9,29.0,0.000,0.000,0.00,0.000,11.2,16.1,2.2,182,11,12.4,19.0,2.8,181,8,11.2,16.1,2.2,182,11,0,29.72,,0,0,0,37.1,40.3,43.3,0.48,0.42,0.36
ESSX,2015-12-21 17:45:00 EST,44.31360,-73.37189,182,43.4,43.8,36.7,56.6,29.0,0.000,0.000,0.00,0.000,13.4,20.5,3.0,180,11,14.5,23.7,3.5,179,9,13.4,20.5,3.0,180,11,0,29.71,,0,0,0,37.1,40.3,43.3,0.48,0.42,0.36
ESSX,2015-12-21 17:50:00 EST,44.31360,-73.37189,182,43.5,43.9,37.2,56.4,29.0,0.000,0.000,0.00,0.000,12.2,18.3,2.5,179,11,13.2,20.1,2.8,179,10,12.2,18.3,2.5,179,11,0,29.72,,0,0,0,37.1,40.3,43.3,0.48,0.42,0.36
ESSX,2015-12-21 17:55:00 EST,44.31360,-73.37189,182,43.4,43.9,37.5,57.1,29.2,0.000,0.000,0.00,0.000,11.0,17.0,2.6,179,10,12.0,19.2,2.9,178,8,11.0,17.0,2.6,179,10,0,29.72,,0,0,0,37.2,40.3,43.3,0.48,0.42,0.36
ESSX,2015-12-21 18:00:00 EST,44.31360,-73.37189,182,43.1,43.7,36.8,59.0,29.7,0.000,0.000,0.00,0.000,11.6,18.0,2.2,182,11,12.5,20.4,2.4,182,9,11.6,18.0,2.2,182,11,0,29.72,,0,0,0,37.2,40.3,43.3,0.48,0.42,0.36
ESSX,2015-12-21 18:05:00 EST,44.31360,-73.37189,182,42.8,43.4,37.3,61.0,30.3,0.000,0.000,0.00,0.000,9.4,17.0,2.5,178,9,10.3,18.1,3.0,179,8,9.4,17.0,2.5,178,9,0,29.71,,0,0,0,37.2,40.3,43.3,0.48,0.42,0.36
ESSX,2015-12-21 18:10:00 EST,44.31360,-73.37189,182,42.7,43.2,37.5,61.8,30.5,0.000,0.000,0.00,0.000,8.8,17.7,2.5,185,10,9.6,19.5,3.0,185,8,8.8,17.7,2.5,185,10,0,29.72,,0,0,0,37.2,40.3,43.3,0.48,0.42,0.36
ESSX,2015-12-21 18:15:00 EST,44.31360,-73.37189,182,42.5,43.1,37.3,62.9,30.8,0.000,0.000,0.00,0.000,8.8,13.8,1.9,184,12,9.5,14.8,2.1,184,9,8.8,13.8,1.9,184,12,0,29.72,,0,0,0,37.2,40.3,43.3,0.48,0.42,0.36
ESSX,2015-12-21 18:20:00 EST,44.31360,-73.37189,182,42.4,43.1,37.6,63.6,30.9,0.000,0.000,0.00,0.000,7.9,12.1,1.8,188,9,8.5,13.4,2.0,188,7,7.9,12.1,1.8,188,9,0,29.72,,0,0,0,37.2,40.3,43.3,0.48,0.42,0.36
ESSX,2015-12-21 18:25:00 EST,44.31360,-73.37189,182,42.6,43.3,38.4,63.0,30.9,0.000,0.000,0.00,0.000,6.8,10.7,1.5,186,10,7.6,13.2,1.8,186,8,6.8,10.7,1.5,186,10,0,29.72,,0,0,0,37.2,40.3,43.3,0.48,0.42,0.36
ESSX,2015-12-21 18:30:00 EST,44.31360,-73.37189,182,42.8,43.4,38.8,61.9,30.6,0.000,0.000,0.00,0.000,6.5,8.8,0.9,184,11,7.4,11.2,1.3,184,9,6.5,8.8,0.9,184,11,0,29.72,,0,0,0,37.2,40.3,43.3,0.48,0.42,0.36
ESSX,2015-12-21 18:35:00 EST,44.31360,-73.37189,182,42.9,43.6,38.0,61.6,30.7,0.000,0.000,0.00,0.000,8.5,15.9,2.3,185,12,9.1,17.9,2.4,184,11,8.5,15.9,2.3,185,12,0,29.72,,0,0,0,37.2,40.3,43.3,0.48,0.42,0.36
ESSX,2015-12-21 18:40:00 EST,44.31360,-73.37189,182,43.2,43.8,37.5,60.5,30.5,0.000,0.000,0.00,0.000,10.4,14.9,1.7,193,10,11.4,15.2,2.1,192,9,10.4,14.9,1.7,193,10,0,29.73,,0,0,0,37.2,40.3,43.3,0.48,0.42,0.36
ESSX,2015-12-21 18:45:00 EST,44.31360,-73.37189,182,43.3,43.9,37.5,60.8,30.7,0.000,0.000,0.00,0.000,10.5,15.6,2.1,186,13,11.2,17.2,2.5,185,12,10.5,15.6,2.1,186,13,0,29.73,,0,0,0,37.2,40.2,43.3,0.48,0.42,0.36
ESSX,2015-12-21 18:50:00 EST,44.31360,-73.37189,182,43.3,43.8,38.2,61.5,31.0,0.000,0.000,0.00,0.000,9.0,14.2,2.1,185,10,9.8,15.7,2.6,183,8,9.0,14.2,2.1,185,10,0,29.73,,0,0,0,37.2,40.3,43.3,0.48,0.42,0.36
ESSX,2015-12-21 18:55:00 EST,44.31360,-73.37189,182,43.4,43.9,37.6,61.6,31.1,0.000,0.000,0.00,0.000,10.8,16.7,2.5,190,10,11.6,19.2,2.9,189,8,10.8,16.7,2.5,190,10,0,29.73,,0,0,0,37.2,40.2,43.2,0.48,0.42,0.36
ESSX,2015-12-21 19:00:00 EST,44.31360,-73.37189,182,43.5,43.9,37.5,62.0,31.3,0.000,0.000,0.00,0.000,11.1,18.4,2.8,185,11,12.2,20.1,3.2,185,9,11.1,18.4,2.8,185,11,0,29.73,,0,0,0,37.2,40.3,43.3,0.48,0.42,0.36
ESSX,2015-12-21 19:05:00 EST,44.31360,-73.37189,182,43.5,44.0,37.7,62.3,31.5,0.000,0.000,0.00,0.000,10.9,15.3,2.2,187,10,11.9,17.9,2.5,186,7,10.9,15.3,2.2,187,10,0,29.74,,0,0,0,37.2,40.3,43.3,0.48,0.42,0.36
ESSX,2015-12-21 19:10:00 EST,44.31360,-73.37189,182,43.7,44.2,38.3,61.9,31.5,0.000,0.000,0.00,0.000,9.9,14.1,2.0,188,10,10.6,15.9,2.4,187,7,9.9,14.1,2.0,188,10,0,29.74,,0,0,0,37.2,40.2,43.2,0.48,0.42,0.36
ESSX,2015-12-21 19:15:00 EST,44.31360,-73.37189,182,43.8,44.3,38.7,61.5,31.4,0.000,0.000,0.00,0.000,9.1,13.2,1.6,188,10,9.6,14.8,1.8,188,8,9.1,13.2,1.6,188,10,0,29.74,,0,0,0,37.2,40.2,43.2,0.48,0.42,0.36
ESSX,2015-12-21 19:20:00 EST,44.31360,-73.37189,182,43.9,44.4,39.4,61.3,31.4,0.000,0.000,0.00,0.000,7.8,12.1,1.8,178,12,8.5,13.6,2.0,178,10,7.8,12.1,1.8,178,12,0,29.74,,0,0,0,37.2,40.3,43.2,0.48,0.42,0.36
ESSX,2015-12-21 19:25:00 EST,44.31360,-73.37189,182,43.8,44.4,39.5,61.5,31.4,0.000,0.000,0.00,0.000,7.4,11.8,1.2,178,10,8.0,14.3,1.5,177,9,7.4,11.8,1.2,178,10,0,29.74,,0,0,0,37.2,40.2,43.2,0.48,0.42,0.36
ESSX,2015-12-21 19:30:00 EST,44.31360,-73.37189,182,44.1,44.6,39.0,60.8,31.4,0.000,0.000,0.00,0.000,9.2,13.7,2.2,178,9,10.1,15.2,2.4,178,8,9.2,13.7,2.2,178,9,0,29.75,,0,0,0,37.2,40.2,43.2,0.48,0.42,0.36
ESSX,2015-12-21 19:35:00 EST,44.31360,-73.37189,182,44.0,44.6,39.0,61.3,31.6,0.000,0.000,0.00,0.000,9.2,13.5,1.5,180,9,10.0,15.4,1.8,179,8,9.2,13.5,1.5,180,9,0,29.74,,0,0,0,37.2,40.2,43.2,0.48,0.42,0.36
ESSX,2015-12-21 19:40:00 EST,44.31360,-73.37189,182,44.0,44.5,40.0,61.6,31.7,0.000,0.000,0.00,0.000,7.0,11.8,1.7,179,12,7.7,13.6,2.1,177,11,7.0,11.8,1.7,179,12,0,29.74,,0,0,0,37.2,40.2,43.2,0.48,0.42,0.36
ESSX,2015-12-21 19:45:00 EST,44.31360,-73.37189,182,44.0,44.5,40.2,62.0,31.8,0.000,0.000,0.00,0.000,6.6,11.2,1.9,171,12,7.1,12.3,2.0,171,11,6.6,11.2,1.9,171,12,0,29.74,,0,0,0,37.2,40.2,43.2,0.48,0.42,0.36
ESSX,2015-12-21 19:50:00 EST,44.31360,-73.37189,182,44.0,44.6,40.1,62.6,32.0,0.000,0.000,0.00,0.000,6.7,9.9,1.3,170,11,7.2,10.7,1.5,170,11,6.7,9.9,1.3,170,11,0,29.74,,0,0,0,37.2,40.2,43.2,0.48,0.42,0.36
ESSX,2015-12-21 19:55:00 EST,44.31360,-73.37189,182,44.2,44.7,39.9,62.0,32.0,0.000,0.000,0.00,0.000,7.5,11.4,1.6,182,12,8.2,13.6,1.8,181,10,7.5,11.4,1.6,182,12,0,29.74,,0,0,0,37.2,40.2,43.2,0.48,0.42,0.36
ESSX,2015-12-21 20:00:00 EST,44.31360,-73.37189,182,44.2,44.7,38.9,61.8,32.0,0.000,0.000,0.00,0.000,9.8,16.3,2.4,182,10,10.7,17.0,2.6,181,9,9.8,16.3,2.4,182,10,0,29.74,,0,0,0,37.2,40.2,43.2,0.48,0.42,0.36
ESSX,2015-12-21 20:05:00 EST,44.31360,-73.37189,182,44.2,44.7,39.4,61.5,31.9,0.000,0.000,0.00,0.000,8.8,14.8,1.8,183,13,9.6,16.8,2.2,183,11,8.8,14.8,1.8,183,13,0,29.74,,0,0,0,37.2,40.2,43.2,0.48,0.42,0.36
ESSX,2015-12-21 20:10:00 EST,44.31360,-73.37189,182,44.3,44.8,39.5,61.1,31.8,0.000,0.000,0.00,0.000,8.8,14.1,2.1,187,11,9.6,15.9,2.4,185,10,8.8,14.1,2.1,187,11,0,29.74,,0,0,0,37.2,40.2,43.2,0.48,0.42,0.36
ESSX,2015-12-21 20:15:00 EST,44.31360,-73.37189,182,44.3,44.7,39.7,61.4,31.8,0.000,0.000,0.00,0.000,8.0,13.2,1.9,180,12,8.7,15.0,2.2,181,10,8.0,13.2,1.9,180,12,0,29.74,,0,0,0,37.2,40.2,43.2,0.48,0.42,0.36
ESSX,2015-12-21 20:20:00 EST,44.31360,-73.37189,182,44.4,44.8,40.5,60.7,31.7,0.000,0.000,0.00,0.000,7.0,11.0,1.9,179,13,7.5,12.3,2.1,180,11,7.0,11.0,1.9,179,13,0,29.74,,0,0,0,37.2,40.1,43.2,0.48,0.42,0.36
ESSX,2015-12-21 20:25:00 EST,44.31360,-73.37189,182,44.5,44.9,40.1,60.1,31.5,0.000,0.000,0.00,0.000,7.7,11.9,1.7,172,19,8.6,14.8,1.9,171,17,7.7,11.9,1.7,172,19,0,29.74,,0,0,0,37.2,40.2,43.2,0.48,0.42,0.36
ESSX,2015-12-21 20:30:00 EST,44.31360,-73.37189,182,44.5,44.9,41.4,60.1,31.5,0.000,0.000,0.00,0.000,5.4,8.1,1.4,183,13,6.0,10.3,1.5,182,12,5.4,8.1,1.4,183,13,0,29.74,,0,0,0,37.3,40.2,43.2,0.48,0.42,0.36
ESSX,2015-12-21 20:35:00 EST,44.31360,-73.37189,182,44.3,44.8,41.8,60.4,31.5,0.000,0.000,0.00,0.000,4.7,9.0,1.4,186,18,5.1,9.6,1.5,184,17,4.7,9.0,1.4,186,18,0,29.74,,0,0,0,37.3,40.1,43.2,0.48,0.42,0.36
ESSX,2015-12-21 20:40:00 EST,44.31360,-73.37189,182,44.2,44.6,44.2,60.9,31.6,0.000,0.000,0.00,0.000,1.8,3.4,1.0,180,15,2.2,4.0,1.0,178,21,1.8,3.4,1.0,180,15,0,29.74,,0,0,0,37.4,40.2,43.2,0.48,0.42,0.36
ESSX,2015-12-21 20:45:00 EST,44.31360,-73.37189,182,44.0,44.6,41.2,61.6,31.7,0.000,0.000,0.00,0.000,5.0,9.4,1.7,173,18,5.5,10.7,2.0,173,18,5.0,9.4,1.7,173,18,0,29.74,,0,0,0,37.4,40.1,43.2,0.48,0.42,0.36
ESSX,2015-12-21 20:50:00 EST,44.31360,-73.37189,182,43.8,44.4,40.4,62.2,31.7,0.000,0.000,0.00,0.000,6.0,8.8,1.1,183,13,6.5,9.6,1.4,181,13,6.0,8.8,1.1,183,13,0,29.74,,0,0,0,37.4,40.1,43.2,0.48,0.42,0.36
ESSX,2015-12-21 20:55:00 EST,44.31360,-73.37189,182,43.7,44.2,39.4,62.8,31.9,0.000,0.000,0.00,0.000,7.4,10.7,1.4,184,9,8.0,11.6,1.6,182,8,7.4,10.7,1.4,184,9,0,29.74,,0,0,0,37.4,40.1,43.2,0.48,0.42,0.36
ESSX,2015-12-21 21:00:00 EST,44.31360,-73.37189,182,43.7,44.1,38.7,62.9,31.8,0.000,0.000,0.00,0.000,8.7,12.6,1.5,190,8,9.4,14.5,1.6,189,7,8.7,12.6,1.5,190,8,0,29.75,,0,0,0,37.4,40.1,43.2,0.48,0.42,0.36
ESSX,2015-12-21 21:05:00 EST,44.31360,-73.37189,182,43.6,44.1,38.3,63.2,31.9,0.000,0.000,0.00,0.000,9.7,13.1,1.9,188,10,10.4,14.5,2.0,189,7,9.7,13.1,1.9,188,10,0,29.75,,0,0,0,37.4,40.1,43.2,0.48,0.42,0.36
ESSX,2015-12-21 21:10:00 EST,44.31360,-73.37189,182,43.6,44.1,38.2,63.5,32.0,0.000,0.000,0.00,0.000,9.7,13.5,1.6,187,8,10.4,14.1,1.8,186,6,9.7,13.5,1.6,187,8,0,29.74,,0,0,0,37.4,40.1,43.2,0.48,0.42,0.36
ESSX,2015-12-21 21:15:00 EST,44.31360,-73.37189,182,43.7,44.2,38.1,63.3,32.1,0.000,0.000,0.00,0.000,10.3,14.0,1.7,189,11,10.9,15.9,1.8,188,10,10.3,14.0,1.7,189,11,0,29.74,,0,0,0,37.4,40.1,43.2,0.48,0.42,0.36
ESSX,2015-12-21 21:20:00 EST,44.31360,-73.37189,182,43.8,44.3,38.2,62.8,32.0,0.000,0.000,0.00,0.000,10.6,13.9,1.6,190,10,11.4,15.0,1.7,189,8,10.6,13.9,1.6,190,10,0,29.74,,0,0,0,37.4,40.1,43.2,0.48,0.42,0.36
ESSX,2015-12-21 21:25:00 EST,44.31360,-73.37189,182,43.8,44.3,38.4,63.0,32.0,0.000,0.000,0.00,0.000,9.8,15.0,1.9,185,9,10.4,15.4,2.0,186,7,9.8,15.0,1.9,185,9,0,29.74,,0,0,0,37.4,40.1,43.2,0.48,0.42,0.36
ESSX,2015-12-21 21:30:00 EST,44.31360,-73.37189,182,44.0,44.4,38.1,62.3,31.9,0.000,0.000,0.00,0.000,11.2,14.6,1.7,185,9,12.1,17.9,2.1,185,8,11.2,14.6,1.7,185,9,0,29.74,,0,0,0,37.4,40.1,43.2,0.48,0.42,0.36
ESSX,2015-12-21 21:35:00 EST,44.31360,-73.37189,182,44.0,44.4,38.9,62.2,31.9,0.000,0.000,0.00,0.000,9.1,13.4,1.4,185,9,9.9,16.8,1.8,185,8,9.1,13.4,1.4,185,9,0,29.74,,0,0,0,37.4,40.1,43.2,0.48,0.42,0.36
ESSX,2015-12-21 21:40:00 EST,44.31360,-73.37189,182,44.0,44.5,38.6,62.3,31.9,0.000,0.000,0.00,0.000,9.9,15.8,2.0,190,11,10.7,18.3,2.5,187,9,9.9,15.8,2.0,190,11,0,29.74,,0,0,0,37.5,40.1,43.2,0.48,0.42,0.36
ESSX,2015-12-21 21:45:00 EST,44.31360,-73.37189,182,44.2,44.6,38.1,61.3,31.7,0.000,0.000,0.00,0.000,12.0,21.0,2.6,193,10,13.0,21.3,2.9,192,7,12.0,21.0,2.6,193,10,0,29.74,,0,0,0,37.5,40.1,43.2,0.48,0.42,0.36
ESSX,2015-12-21 21:50:00 EST,44.31360,-73.37189,182,44.1,44.6,38.7,61.3,31.6,0.000,0.000,0.00,0.000,10.2,15.1,1.7,188,9,11.1,17.2,2.0,188,8,10.2,15.1,1.7,188,9,0,29.74,,0,0,0,37.5,40.1,43.2,0.48,0.42,0.36
ESSX,2015-12-21 21:55:00 EST,44.31360,-73.37189,182,44.1,44.5,39.1,61.3,31.6,0.000,0.000,0.00,0.000,9.1,14.8,1.9,190,10,9.8,17.7,2.2,189,8,9.1,14.8,1.9,190,10,0,29.74,,0,0,0,37.5,40.1,43.2,0.48,0.42,0.36
ESSX,2015-12-21 22:00:00 EST,44.31360,-73.37189,182,44.0,44.5,39.3,61.3,31.6,0.000,0.000,0.00,0.000,8.5,12.9,2.2,193,11,9.1,15.9,2.6,192,9,8.5,12.9,2.2,193,11,0,29.74,,0,0,0,37.6,40.1,43.2,0.48,0.42,0.36
ESSX,2015-12-21 22:05:00 EST,44.31360,-73.37189,182,44.1,44.5,38.8,61.1,31.6,0.000,0.000,0.00,0.000,9.9,15.3,2.3,194,11,10.8,16.1,2.4,192,10,9.9,15.3,2.3,194,11,0,29.74,,0,0,0,37.6,40.1,43.2,0.48,0.42,0.36
ESSX,2015-12-21 22:10:00 EST,44.31360,-73.37189,182,44.0,44.5,38.9,61.4,31.6,0.000,0.000,0.00,0.000,9.4,13.4,1.9,197,12,10.0,14.5,2.2,196,10,9.4,13.4,1.9,197,12,0,29.74,,0,0,0,37.6,40.1,43.2,0.48,0.42,0.36
ESSX,2015-12-21 22:15:00 EST,44.31360,-73.37189,182,44.0,44.4,39.0,61.7,31.7,0.000,0.000,0.00,0.000,9.0,12.9,1.7,199,10,9.7,14.3,1.8,198,9,9.0,12.9,1.7,199,10,0,29.74,,0,0,0,37.6,40.1,43.2,0.48,0.42,0.36
ESSX,2015-12-21 22:20:00 EST,44.31360,-73.37189,182,44.0,44.3,39.1,61.9,31.7,0.000,0.000,0.00,0.000,8.7,12.2,1.2,202,11,9.3,13.6,1.5,201,10,8.7,12.2,1.2,202,11,0,29.74,,0,0,0,37.6,40.1,43.2,0.48,0.42,0.36
ESSX,2015-12-21 22:25:00 EST,44.31360,-73.37189,182,43.9,44.3,39.2,62.3,31.9,0.000,0.000,0.00,0.000,8.3,12.1,1.7,202,13,8.9,12.8,1.7,199,11,8.3,12.1,1.7,202,13,0,29.75,,0,0,0,37.6,40.1,43.2,0.48,0.42,0.36
ESSX,2015-12-21 22:30:00 EST,44.31360,-73.37189,182,43.9,44.3,39.4,62.6,32.0,0.000,0.000,0.00,0.000,7.8,12.6,2.3,200,11,8.4,13.6,2.5,198,9,7.8,12.6,2.3,200,11,0,29.75,,0,0,0,37.6,40.1,43.2,0.48,0.42,0.36
ESSX,2015-12-21 22:35:00 EST,44.31360,-73.37189,182,43.9,44.3,38.9,63.0,32.1,0.000,0.000,0.00,0.000,8.9,12.7,1.7,203,13,9.4,13.2,1.8,202,12,8.9,12.7,1.7,203,13,0,29.75,,0,0,0,37.6,40.1,43.2,0.48,0.42,0.36
ESSX,2015-12-21 22:40:00 EST,44.31360,-73.37189,182,44.0,44.3,38.9,63.0,32.2,0.000,0.000,0.00,0.000,9.3,12.3,1.5,199,12,9.9,15.9,1.9,198,10,9.3,12.3,1.5,199,12,0,29.75,,0,0,0,37.6,40.1,43.2,0.48,0.42,0.36
ESSX,2015-12-21 22:45:00 EST,44.31360,-73.37189,182,43.9,44.3,39.0,63.5,32.3,0.000,0.000,0.00,0.000,8.7,12.8,1.5,202,11,9.2,12.8,1.6,200,10,8.7,12.8,1.5,202,11,0,29.75,,0,0,0,37.6,40.1,43.2,0.48,0.42,0.36
ESSX,2015-12-21 22:50:00 EST,44.31360,-73.37189,182,43.8,44.2,39.0,63.9,32.4,0.000,0.000,0.00,0.000,8.6,13.4,1.8,197,10,9.2,15.9,2.0,196,9,8.6,13.4,1.8,197,10,0,29.75,,0,0,0,37.6,40.1,43.2,0.48,0.42,0.36
ESSX,2015-12-21 22:55:00 EST,44.31360,-73.37189,182,43.8,44.3,38.7,64.2,32.5,0.000,0.000,0.00,0.000,9.2,14.3,1.7,198,10,9.8,14.8,2.0,197,8,9.2,14.3,1.7,198,10,0,29.75,,0,0,0,37.6,40.1,43.2,0.48,0.42,0.36
ESSX,2015-12-21 23:00:00 EST,44.31360,-73.37189,182,43.9,44.3,38.7,63.9,32.5,0.000,0.000,0.00,0.000,9.5,12.8,1.5,199,9,10.0,13.9,1.8,198,7,9.5,12.8,1.5,199,9,0,29.75,,0,0,0,37.7,40.1,43.2,0.48,0.42,0.36
ESSX,2015-12-21 23:05:00 EST,44.31360,-73.37189,182,43.9,44.3,38.5,64.3,32.6,0.000,0.000,0.00,0.000,9.8,12.9,1.4,193,8,10.3,14.1,1.5,192,7,9.8,12.9,1.4,193,8,0,29.75,,0,0,0,37.7,40.1,43.2,0.48,0.42,0.36
ESSX,2015-12-21 23:10:00 EST,44.31360,-73.37189,182,43.9,44.3,38.4,64.4,32.6,0.000,0.000,0.00,0.000,10.2,17.2,2.0,196,10,10.8,17.4,2.1,194,8,10.2,17.2,2.0,196,10,0,29.75,,0,0,0,37.8,40.1,43.2,0.48,0.42,0.36
ESSX,2015-12-21 23:15:00 EST,44.31360,-73.37189,182,43.9,44.3,38.4,64.6,32.7,0.000,0.000,0.00,0.000,10.1,16.5,1.9,200,10,10.7,17.4,2.1,198,8,10.1,16.5,1.9,200,10,0,29.76,,0,0,0,37.8,40.1,43.1,0.48,0.42,0.36
ESSX,2015-12-21 23:20:00 EST,44.31360,-73.37189,182,43.8,44.2,38.8,65.1,32.8,0.000,0.000,0.00,0.000,9.0,12.0,1.4,194,9,9.4,14.8,1.6,193,8,9.0,12.0,1.4,194,9,0,29.76,,0,0,0,37.8,40.1,43.2,0.48,0.42,0.36
ESSX,2015-12-21 23:25:00 EST,44.31360,-73.37189,182,43.8,44.2,38.4,65.5,33.0,0.000,0.000,0.00,0.000,10.0,14.7,1.9,194,10,10.7,16.8,2.0,193,7,10.0,14.7,1.9,194,10,0,29.76,,0,0,0,37.8,40.1,43.2,0.48,0.42,0.36
ESSX,2015-12-21 23:30:00 EST,44.31360,-73.37189,182,43.9,44.2,38.4,65.5,33.1,0.000,0.000,0.00,0.000,10.1,14.6,1.4,189,9,10.8,15.9,1.6,188,8,10.1,14.6,1.4,189,9,0,29.75,,0,0,0,37.8,40.1,43.1,0.48,0.42,0.36
ESSX,2015-12-21 23:35:00 EST,44.31360,-73.37189,182,43.8,44.2,38.3,65.9,33.2,0.000,0.000,0.00,0.000,10.1,14.0,1.8,191,9,10.7,15.2,2.1,189,7,10.1,14.0,1.8,191,9,0,29.75,,0,0,0,37.8,40.1,43.1,0.48,0.42,0.36
ESSX,2015-12-21 23:40:00 EST,44.31360,-73.37189,182,43.9,44.3,38.3,65.9,33.2,0.000,0.000,0.00,0.000,10.2,16.2,2.1,195,9,11.0,17.7,2.3,194,7,10.2,16.2,2.1,195,9,0,29.75,,0,0,0,37.8,40.1,43.1,0.48,0.42,0.36
ESSX,2015-12-21 23:45:00 EST,44.31360,-73.37189,182,43.9,44.3,38.1,65.7,33.2,0.000,0.000,0.00,0.000,10.9,14.4,1.7,194,8,11.7,15.9,1.9,194,6,10.9,14.4,1.7,194,8,0,29.75,,0,0,0,37.8,40.1,43.2,0.48,0.42,0.36
ESSX,2015-12-21 23:50:00 EST,44.31360,-73.37189,182,43.8,44.3,38.4,66.0,33.2,0.000,0.000,0.00,0.000,9.9,13.6,1.6,193,9,10.5,15.4,1.7,192,9,9.9,13.6,1.6,193,9,0,29.74,,0,0,0,37.9,40.1,43.2,0.48,0.42,0.36
ESSX,2015-12-21 23:55:00 EST,44.31360,-73.37189,182,43.8,44.2,38.7,66.1,33.3,0.000,0.000,0.00,0.000,9.3,13.2,1.7,197,8,9.8,14.3,1.8,195,7,9.3,13.2,1.7,197,8,0,29.74,,0,0,0,37.9,40.1,43.1,0.48,0.42,0.36
JORD,2015-12-21 00:00:00 EST,43.06980,-76.47006,402,38.4,38.5,32.3,39.7,15.9,0.000,0.000,0.00,0.000,8.6,14.3,3.1,178,20,9.4,16.6,3.3,178,17,8.6,14.3,3.1,178,20,0,29.73,,0,0,0,37.9,41.2,43.8,0.37,0.34,0.32
JORD,2015-12-21 00:05:00 EST,43.06980,-76.47006,402,38.4,38.7,32.4,39.6,16.0,0.000,0.000,0.00,0.000,8.5,17.2,3.7,179,20,9.4,22.1,3.9,179,18,8.5,17.2,3.7,179,20,0,29.73,,0,0,0,37.9,41.2,43.8,0.37,0.34,0.32
JORD,2015-12-21 00:10:00 EST,43.06980,-76.47006,402,38.7,38.9,32.3,39.4,16.1,0.000,0.000,0.00,0.000,9.4,15.6,2.6,177,20,10.2,18.1,2.9,176,17,9.4,15.6,2.6,177,20,0,29.72,,0,0,0,37.9,41.2,43.8,0.37,0.34,0.32
JORD,2015-12-21 00:15:00 EST,43.06980,-76.47006,402,39.1,39.2,33.3,38.6,16.0,0.000,0.000,0.00,0.000,8.5,18.0,3.9,183,22,9.3,22.1,4.3,183,17,8.5,18.0,3.9,183,22,0,29.72,,0,0,0,37.9,41.2,43.8,0.37,0.34,0.32
JORD,2015-12-21 00:20:00 EST,43.06980,-76.47006,402,39.1,39.3,32.4,38.4,15.9,0.000,0.000,0.00,0.000,10.5,16.4,2.5,182,17,11.8,19.0,2.7,184,15,10.5,16.4,2.5,182,17,0,29.72,,0,0,0,37.9,41.2,43.7,0.37,0.34,0.32
JORD,2015-12-21 00:25:00 EST,43.06980,-76.47006,402,39.2,39.3,32.8,38.2,15.8,0.000,0.000,0.00,0.000,9.7,20.9,3.7,179,19,10.9,22.4,4.0,180,16,9.7,20.9,3.7,179,19,0,29.72,,0,0,0,37.9,41.2,43.8,0.37,0.34,0.32
JORD,2015-12-21 00:30:00 EST,43.06980,-76.47006,402,39.1,39.2,32.5,38.5,15.9,0.000,0.000,0.00,0.000,10.1,20.5,3.2,180,26,11.1,20.8,3.5,180,24,10.1,20.5,3.2,180,26,0,29.72,,0,0,0,37.9,41.2,43.7,0.37,0.34,0.32
JORD,2015-12-21 00:35:00 EST,43.06980,-76.47006,402,39.3,39.4,32.5,38.5,16.1,0.000,0.000,0.00,0.000,10.7,21.8,3.4,174,15,11.9,25.7,3.9,175,15,10.7,21.8,3.4,174,15,0,29.72,,0,0,0,37.9,41.2,43.8,0.37,0.34,0.32
JORD,2015-12-21 00:40:00 EST,43.06980,-76.47006,402,39.5,39.6,32.7,38.0,16.0,0.000,0.000,0.00,0.000,10.9,21.4,3.8,179,17,11.8,25.5,4.2,181,15,10.9,21.4,3.8,179,17,0,29.72,,0,0,0,37.9,41.2,43.7,0.37,0.34,0.32
JORD,2015-12-21 00:45:00 EST,43.06980,-76.47006,402,39.7,39.8,33.7,37.8,16.0,0.000,0.000,0.00,0.000,9.1,19.7,3.0,189,23,10.0,20.8,3.4,187,20,9.1,19.7,3.0,189,23,0,29.72,,0,0,0,37.9,41.2,43.7,0.37,0.34,0.32
JORD,2015-12-21 00:50:00 EST,43.06980,-76.47006,402,40.1,40.1,33.6,37.3,16.0,0.000,0.000,0.00,0.000,10.4,26.3,4.5,184,19,11.2,30.4,5.0,185,16,10.4,26.3,4.5,184,19,0,29.72,,0,0,0,37.8,41.2,43.7,0.37,0.34,0.32
JORD,2015-12-21 00:55:00 EST,43.06980,-76.47006,402,40.2,40.2,35.3,37.1,16.0,0.000,0.000,0.00,0.000,7.1,14.8,3.7,205,20,7.9,15.7,3.7,202,19,7.1,14.8,3.7,205,20,0,29.72,,0,0,0,37.8,41.2,43.7,0.37,0.34,0.32
JORD,2015-12-21 01:00:00 EST,43.06980,-76.47006,402,40.0,40.2,35.5,37.6,16.2,0.000,0.000,0.00,0.000,6.5,14.3,2.8,164,23,7.0,17.0,3.0,164,23,6.5,14.3,2.8,164,23,0,29.72,,0,0,0,37.8,41.2,43.7,0.37,0.34,0.32
JORD,2015-12-21 01:05:00 EST,43.06980,-76.47006,402,40.2,40.2,36.4,37.5,16.2,0.000,0.000,0.00,0.000,5.4,10.4,2.5,178,19,5.9,12.1,2.7,179,19,5.4,10.4,2.5,178,19,0,29.71,,0,0,0,37.8,41.2,43.7,0.37,0.34,0.32
JORD,2015-12-21 01:10:00 EST,43.06980,-76.47006,402,40.3,40.4,34.8,37.4,16.3,0.000,0.000,0.00,0.000,8.2,15.4,2.9,199,25,8.8,16.1,3.0,200,24,8.2,15.4,2.9,199,25,0,29.72,,0,0,0,37.8,41.1,43.7,0.37,0.34,0.32
JORD,2015-12-21 01:15:00 EST,43.06980,-76.47006,402,40.4,40.4,34.9,37.0,16.2,0.000,0.000,0.00,0.000,8.2,19.6,4.1,189,17,8.8,21.5,4.4,191,15,8.2,19.6,4.1,189,17,0,29.72,,0,0,0,37.8,41.2,43.7,0.37,0.34,0.32
JORD,2015-12-21 01:20:00 EST,43.06980,-76.47006,402,40.3,40.3,35.6,37.2,16.2,0.000,0.000,0.00,0.000,6.8,12.9,2.4,191,24,7.5,14.1,2.7,190,22,6.8,12.9,2.4,191,24,0,29.71,,0,0,0,37.8,41.2,43.7,0.37,0.34,0.32
JORD,2015-12-21 01:25:00 EST,43.06980,-76.47006,402,40.4,40.5,34.7,37.4,16.4,0.000,0.000,0.00,0.000,8.6,18.7,4.1,188,24,9.4,21.9,4.6,188,23,8.6,18.7,4.1,188,24,0,29.71,,0,0,0,37.8,41.2,43.7,0.37,0.34,0.32
JORD,2015-12-21 01:30:00 EST,43.06980,-76.47006,402,40.6,40.7,34.8,36.8,16.3,0.000,0.000,0.00,0.000,9.1,14.4,2.4,193,14,9.9,15.4,2.7,192,11,9.1,14.4,2.4,193,14,0,29.71,,0,0,0,37.8,41.1,43.7,0.37,0.34,0.32
JORD,2015-12-21 01:35:00 EST,43.06980,-76.47006,402,40.8,40.8,36.0,36.7,16.3,0.000,0.000,0.00,0.000,7.1,13.9,2.6,197,18,7.5,14.3,2.7,198,16,7.1,13.9,2.6,197,18,0,29.71,,0,0,0,37.8,41.1,43.7,0.37,0.34,0.32
JORD,2015-12-21 01:40:00 EST,43.06980,-76.47006,402,40.9,41.0,35.4,36.8,16.5,0.000,0.000,0.00,0.000,8.7,17.0,3.2,206,24,9.2,16.1,3.1,205,23,8.7,17.0,3.2,206,24,0,29.71,,0,0,0,37.8,41.1,43.7,0.37,0.34,0.32
JORD,2015-12-21 01:45:00 EST,43.06980,-76.47006,402,40.8,40.9,35.6,37.0,16.5,0.000,0.000,0.00,0.000,7.9,13.3,2.2,208,15,8.5,14.5,2.4,209,13,7.9,13.3,2.2,208,15,0,29.71,,0,0,0,37.8,41.1,43.7,0.37,0.34,0.32
JORD,2015-12-21 01:50:00 EST,43.06980,-76.47006,402,40.8,40.9,34.3,37.1,16.6,0.000,0.000,0.00,0.000,10.9,18.3,2.5,187,18,11.6,20.6,2.8,188,16,10.9,18.3,2.5,187,18,0,29.71,,0,0,0,37.8,41.1,43.7,0.37,0.34,0.32
JORD,2015-12-21 01:55:00 EST,43.06980,-76.47006,402,40.8,40.8,35.3,37.0,16.5,0.000,0.000,0.00,0.000,8.5,18.0,3.7,194,22,9.3,20.4,4.0,195,20,8.5,18.0,3.7,194,22,0,29.71,,0,0,0,37.8,41.0,43.7,0.37,0.34,0.32
JORD,2015-12-21 02:00:00 EST,43.06980,-76.47006,402,40.5,40.6,36.0,37.9,16.8,0.000,0.000,0.00,0.000,6.6,12.2,2.4,194,17,7.1,13.0,2.5,194,15,6.6,12.2,2.4,194,17,0,29.71,,0,0,0,37.8,41.0,43.7,0.37,0.34,0.32
JORD,2015-12-21 02:05:00 EST,43.06980,-76.47006,402,40.7,40.8,36.1,37.8,16.9,0.000,0.000,0.00,0.000,6.9,13.2,2.5,184,17,7.5,14.8,2.7,185,16,6.9,13.2,2.5,184,17,0,29.71,,0,0,0,37.8,41.0,43.7,0.37,0.34,0.32
JORD,2015-12-21 02:10:00 EST,43.06980,-76.47006,402,40.8,40.9,35.4,37.7,16.9,0.000,0.000,0.00,0.000,8.3,15.3,2.2,197,17,9.1,17.7,2.4,196,17,8.3,15.3,2.2,197,17,0,29.71,,0,0,0,37.8,41.0,43.7,0.37,0.34,0.32
JORD,2015-12-21 02:15:00 EST,43.06980,-76.47006,402,40.7,40.8,35.9,38.1,17.1,0.000,0.000,0.00,0.000,7.2,14.0,3.1,196,17,7.8,15.9,3.3,197,16,7.2,14.0,3.1,196,17,0,29.71,,0,0,0,37.8,41.0,43.7,0.37,0.34,0.32
JORD,2015-12-21 02:20:00 EST,43.06980,-76.47006,402,40.9,41.0,34.0,37.8,17.1,0.000,0.000,0.00,0.000,12.2,20.5,3.4,184,18,13.1,23.5,3.8,185,15,12.2,20.5,3.4,184,18,0,29.71,,0,0,0,37.8,41.0,43.7,0.37,0.34,0.32
JORD,2015-12-21 02:25:00 EST,43.06980,-76.47006,402,41.0,41.0,34.8,37.6,17.1,0.000,0.000,0.00,0.000,10.3,18.0,3.5,183,19,10.9,18.6,3.7,184,16,10.3,18.0,3.5,183,19,0,29.71,,0,0,0,37.8,41.0,43.7,0.37,0.34,0.32
JORD,2015-12-21 02:30:00 EST,43.06980,-76.47006,402,40.9,41.0,34.4,37.9,17.2,0.000,0.000,0.00,0.000,11.0,17.8,3.4,180,15,11.7,19.9,3.7,181,13,11.0,17.8,3.4,180,15,0,29.71,,0,0,0,37.8,41.0,43.7,0.37,0.34,0.31
JORD,2015-12-21 02:35:00 EST,43.06980,-76.47006,402,41.1,41.1,34.8,37.6,17.2,0.000,0.000,0.00,0.000,10.5,17.1,2.8,188,18,11.3,17.9,3.0,188,15,10.5,17.1,2.8,188,18,0,29.71,,0,0,0,37.8,41.0,43.7,0.37,0.34,0.32
JORD,2015-12-21 02:40:00 EST,43.06980,-76.47006,402,41.2,41.2,35.3,37.6,17.2,0.000,0.000,0.00,0.000,9.4,17.1,3.5,187,14,10.3,19.5,3.9,189,11,9.4,17.1,3.5,187,14,0,29.70,,0,0,0,37.8,41.0,43.7,0.37,0.34,0.32
JORD,2015-12-21 02:45:00 EST,43.06980,-76.47006,402,41.2,41.3,35.0,37.5,17.2,0.000,0.000,0.00,0.000,10.5,16.2,3.2,191,18,11.2,20.1,3.3,191,16,10.5,16.2,3.2,191,18,0,29.70,,0,0,0,37.8,41.0,43.7,0.37,0.34,0.31
JORD,2015-12-21 02:50:00 EST,43.06980,-76.47006,402,41.4,41.5,34.3,37.5,17.3,0.000,0.000,0.00,0.000,12.9,18.4,2.6,186,15,13.9,22.4,3.1,187,13,12.9,18.4,2.6,186,15,0,29.70,,0,0,0,37.8,41.0,43.7,0.37,0.34,0.31
JORD,2015-12-21 02:55:00 EST,43.06980,-76.47006,402,41.4,41.4,34.9,37.4,17.3,0.000,0.000,0.00,0.000,11.2,18.9,3.4,185,15,12.2,20.1,3.7,185,12,11.2,18.9,3.4,185,15,0,29.69,,0,0,0,37.8,41.0,43.7,0.37,0.34,0.31
JORD,2015-12-21 03:00:00 EST,43.06980,-76.47006,402,41.4,41.5,35.5,37.7,17.5,0.000,0.000,0.00,0.000,9.7,19.2,4.1,195,21,10.5,21.0,4.2,196,19,9.7,19.2,4.1,195,21,0,29.69,,0,0,0,37.8,41.0,43.7,0.37,0.34,0.32
JORD,2015-12-21 03:05:00 EST,43.06980,-76.47006,402,41.6,41.6,34.8,37.6,17.6,0.000,0.000,0.00,0.000,12.1,18.9,2.9,198,18,12.8,21.0,3.1,199,15,12.1,18.9,2.9,198,18,0,29.68,,0,0,0,37.8,41.0,43.7,0.37,0.34,0.32
JORD,2015-12-21 03:10:00 EST,43.06980,-76.47006,402,41.7,41.7,35.0,37.6,17.7,0.000,0.000,0.00,0.000,11.8,20.8,4.2,198,19,12.9,23.3,4.4,198,15,11.8,20.8,4.2,198,19,0,29.68,,0,0,0,37.8,41.0,43.7,0.37,0.34,0.31
JORD,2015-12-21 03:15:00 EST,43.06980,-76.47006,402,41.7,41.8,36.2,37.6,17.7,0.000,0.000,0.00,0.000,9.0,16.6,2.8,203,20,9.7,17.9,2.8,202,18,9.0,16.6,2.8,203,20,0,29.68,,0,0,0,37.8,41.0,43.7,0.37,0.34,0.31
JORD,2015-12-21 03:20:00 EST,43.06980,-76.47006,402,41.9,41.9,35.3,37.5,17.8,0.000,0.000,0.00,0.000,11.7,25.1,5.5,187,18,12.8,28.9,5.8,188,17,11.7,25.1,5.5,187,18,0,29.68,,0,0,0,37.8,41.0,43.7,0.37,0.34,0.32
JORD,2015-12-21 03:25:00 EST,43.06980,-76.47006,402,42.1,42.2,35.3,37.2,17.8,0.000,0.000,0.00,0.000,12.5,23.1,4.1,193,20,13.6,27.3,4.3,192,17,12.5,23.1,4.1,193,20,0,29.67,,0,0,0,37.8,41.0,43.7,0.37,0.34,0.32
JORD,2015-12-21 03:30:00 EST,43.06980,-76.47006,402,42.1,42.2,35.3,37.0,17.7,0.000,0.000,0.00,0.000,12.7,22.8,3.8,188,17,14.1,28.2,4.4,189,14,12.7,22.8,3.8,188,17,0,29.67,,0,0,0,37.8,41.0,43.7,0.37,0.34,0.32
JORD,2015-12-21 03:35:00 EST,43.06980,-76.47006,402,42.1,42.2,36.2,37.1,17.8,0.000,0.000,0.00,0.000,10.3,21.6,3.2,189,19,11.0,22.1,3.7,190,16,10.3,21.6,3.2,189,19,0,29.66,,0,0,0,37.8,41.0,43.7,0.37,0.34,0.31
JORD,2015-12-21 03:40:00 EST,43.06980,-76.47006,402,42.0,42.1,35.6,37.3,17.8,0.000,0.000,0.00,0.000,11.4,18.3,3.1,192,20,12.6,20.8,3.3,193,18,11.4,18.3,3.1,192,20,0,29.66,,0,0,0,37.8,41.0,43.7,0.37,0.34,0.32
JORD,2015-12-21 03:45:00 EST,43.06980,-76.47006,402,42.1,42.2,34.8,37.2,17.9,0.000,0.000,0.00,0.000,14.2,22.1,3.4,193,15,15.3,24.6,3.8,194,13,14.2,22.1,3.4,193,15,0,29.66,,0,0,0,37.8,41.0,43.7,0.37,0.34,0.31
JORD,2015-12-21 03:50:00 EST,43.06980,-76.47006,402,42.2,42.3,35.8,36.9,17.7,0.000,0.000,0.00,0.000,11.5,21.3,3.4,194,21,12.2,22.8,3.6,194,18,11.5,21.3,3.4,194,21,0,29.66,,0,0,0,37.8,41.0,43.7,0.37,0.34,0.32
JORD,2015-12-21 03:55:00 EST,43.06980,-76.47006,402,42.3,42.4,36.3,36.9,17.8,0.000,0.000,0.00,0.000,10.4,18.3,3.3,199,19,11.0,21.5,3.8,199,17,10.4,18.3,3.3,199,19,0,29.66,,0,0,0,37.8,41.0,43.6,0.37,0.34,0.31
JORD,2015-12-21 04:00:00 EST,43.06980,-76.47006,402,42.5,42.6,35.6,36.4,17.6,0.000,0.000,0.00,0.000,13.1,25.6,5.0,202,18,14.3,27.5,5.4,201,15,13.1,25.6,5.0,202,18,0,29.65,,0,0,0,37.8,41.0,43.7,0.37,0.34,0.31
JORD,2015-12-21 04:05:00 EST,43.06980,-76.47006,402,42.6,42.6,35.9,36.1,17.5,0.000,0.000,0.00,0.000,12.5,23.1,4.0,192,19,12.9,25.1,4.2,192,19,12.5,23.1,4.0,192,19,0,29.65,,0,0,0,37.8,41.0,43.7,0.37,0.34,0.31
JORD,2015-12-21 04:10:00 EST,43.06980,-76.47006,402,42.6,42.7,36.0,36.3,17.7,0.000,0.000,0.00,0.000,12.0,19.1,2.8,192,18,13.0,21.3,3.3,193,14,12.0,19.1,2.8,192,18,0,29.65,,0,0,0,37.9,41.0,43.6,0.37,0.34,0.31
JORD,2015-12-21 04:15:00 EST,43.06980,-76.47006,402,42.6,42.7,35.6,36.0,17.5,0.000,0.000,0.00,0.000,13.5,26.4,4.2,187,15,14.5,27.1,4.4,189,12,13.5,26.4,4.2,187,15,0,29.64,,0,0,0,37.9,41.0,43.6,0.37,0.34,0.31
JORD,2015-12-21 04:20:00 EST,43.06980,-76.47006,402,42.6,42.7,36.3,36.2,17.6,0.000,0.000,0.00,0.000,11.3,20.0,2.8,192,18,12.4,21.0,2.9,194,14,11.3,20.0,2.8,192,18,0,29.64,,0,0,0,37.9,41.0,43.6,0.37,0.34,0.31
JORD,2015-12-21 04:25:00 EST,43.06980,-76.47006,402,42.8,42.9,36.6,35.7,17.5,0.000,0.000,0.00,0.000,11.3,19.3,3.5,187,15,12.5,23.3,3.7,188,14,11.3,19.3,3.5,187,15,0,29.64,,0,0,0,37.9,41.0,43.6,0.37,0.34,0.31
JORD,2015-12-21 04:30:00 EST,43.06980,-76.47006,402,43.1,43.2,35.7,35.0,17.3,0.000,0.000,0.00,0.000,15.4,23.3,4.2,185,13,16.5,26.8,4.8,187,12,15.4,23.3,4.2,185,13,0,29.63,,0,0,0,37.9,41.0,43.6,0.37,0.34,0.31
JORD,2015-12-21 04:35:00 EST,43.06980,-76.47006,402,43.3,43.4,36.7,34.8,17.3,0.000,0.000,0.00,0.000,12.9,21.7,3.4,193,16,13.7,23.0,3.8,194,13,12.9,21.7,3.4,193,16,0,29.63,,0,0,0,37.9,41.0,43.6,0.37,0.34,0.31
JORD,2015-12-21 04:40:00 EST,43.06980,-76.47006,402,43.3,43.4,37.2,35.0,17.4,0.000,0.000,0.00,0.000,11.3,19.5,3.3,192,19,12.2,21.7,3.7,193,16,11.3,19.5,3.3,192,19,0,29.63,,0,0,0,37.9,40.9,43.6,0.37,0.34,0.31
JORD,2015-12-21 04:45:00 EST,43.06980,-76.47006,402,43.4,43.5,37.7,34.8,17.4,0.000,0.000,0.00,0.000,10.4,19.4,3.5,184,19,11.2,20.1,3.8,187,14,10.4,19.4,3.5,184,19,0,29.63,,0,0,0,37.9,41.0,43.6,0.37,0.34,0.31
JORD,2015-12-21 04:50:00 EST,43.06980,-76.47006,402,43.5,43.7,37.8,34.4,17.3,0.000,0.000,0.00,0.000,10.5,17.2,2.9,199,21,11.3,17.9,3.1,199,19,10.5,17.2,2.9,199,21,0,29.63,,0,0,0,37.9,41.0,43.6,0.37,0.34,0.31
JORD,2015-12-21 04:55:00 EST,43.06980,-76.47006,402,43.7,43.8,38.2,34.2,17.3,0.000,0.000,0.00,0.000,10.1,21.4,3.7,189,20,11.0,23.3,4.0,190,17,10.1,21.4,3.7,189,20,0,29.63,,0,0,0,37.9,40.9,43.6,0.37,0.34,0.31
JORD,2015-12-21 05:00:00 EST,43.06980,-76.47006,402,43.7,43.8,37.8,34.3,17.3,0.000,0.000,0.00,0.000,11.0,17.5,2.8,191,17,11.9,20.4,3.1,193,13,11.0,17.5,2.8,191,17,0,29.63,,0,0,0,37.9,40.9,43.6,0.37,0.34,0.31
JORD,2015-12-21 05:05:00 EST,43.06980,-76.47006,402,43.6,43.8,38.1,34.6,17.5,0.000,0.000,0.00,0.000,10.1,15.5,2.8,190,14,11.3,18.6,3.0,191,10,10.1,15.5,2.8,190,14,0,29.63,,0,0,0,37.9,40.9,43.6,0.37,0.34,0.31
JORD,2015-12-21 05:10:00 EST,43.06980,-76.47006,402,43.9,44.0,37.7,34.1,17.4,0.000,0.000,0.00,0.000,12.1,19.3,3.1,187,17,13.5,21.3,3.3,188,13,12.1,19.3,3.1,187,17,0,29.63,,0,0,0,37.9,40.9,43.5,0.37,0.34,0.31
JORD,2015-12-21 05:15:00 EST,43.06980,-76.47006,402,43.8,43.9,38.8,34.4,17.5,0.000,0.000,0.00,0.000,8.9,15.6,2.5,190,21,9.8,16.8,2.9,189,16,8.9,15.6,2.5,190,21,0,29.63,,0,0,0,37.9,40.9,43.6,0.37,0.34,0.31
JORD,2015-12-21 05:20:00 EST,43.06980,-76.47006,402,43.9,44.0,38.6,34.4,17.6,0.000,0.000,0.00,0.000,9.7,19.1,3.4,192,13,10.4,21.0,3.7,192,12,9.7,19.1,3.4,192,13,0,29.63,,0,0,0,37.9,40.9,43.5,0.37,0.34,0.31
JORD,2015-12-21 05:25:00 EST,43.06980,-76.47006,402,43.9,44.1,38.3,34.3,17.5,0.000,0.000,0.00,0.000,10.6,19.6,3.3,190,17,11.5,20.8,3.4,191,14,10.6,19.6,3.3,190,17,0,29.64,,0,0,0,37.9,40.9,43.6,0.37,0.34,0.31
JORD,2015-12-21 05:30:00 EST,43.06980,-76.47006,402,43.7,43.9,39.2,34.7,17.6,0.000,0.000,0.00,0.000,7.8,12.7,1.9,193,20,8.6,14.5,2.0,194,17,7.8,12.7,1.9,193,20,0,29.63,,0,0,0,38.0,40.9,43.5,0.37,0.34,0.31
JORD,2015-12-21 05:35:00 EST,43.06980,-76.47006,402,43.8,43.9,38.5,34.4,17.5,0.000,0.000,0.00,0.000,9.7,16.7,3.0,186,16,10.6,19.0,3.1,187,13,9.7,16.7,3.0,186,16,0,29.63,,0,0,0,38.0,40.9,43.5,0.37,0.34,0.31
JORD,2015-12-21 05:40:00 EST,43.06980,-76.47006,402,43.7,43.8,39.3,34.7,17.6,0.000,0.000,0.00,0.000,7.6,17.0,3.1,186,20,8.3,18.8,3.3,186,18,7.6,17.0,3.1,186,20,0,29.63,,0,0,0,38.0,40.9,43.5,0.37,0.34,0.31
JORD,2015-12-21 05:45:00 EST,43.06980,-76.47006,402,43.8,43.9,38.9,34.6,17.7,0.000,0.000,0.00,0.000,8.7,15.1,3.1,188,18,9.5,15.9,3.3,188,16,8.7,15.1,3.1,188,18,0,29.63,,0,0,0,38.0,40.8,43.6,0.37,0.34,0.31
JORD,2015-12-21 05:50:00 EST,43.06980,-76.47006,402,43.9,44.0,39.1,34.3,17.6,0.000,0.000,0.00,0.000,8.6,16.2,2.9,189,17,9.4,17.0,2.9,192,15,8.6,16.2,2.9,189,17,0,29.63,,0,0,0,38.0,40.8,43.5,0.37,0.34,0.31
JORD,2015-12-21 05:55:00 EST,43.06980,-76.47006,402,43.9,44.0,39.1,34.3,17.6,0.000,0.000,0.00,0.000,8.7,14.8,2.7,182,19,9.3,15.7,2.9,183,18,8.7,14.8,2.7,182,19,0,29.63,,0,0,0,38.0,40.9,43.5,0.37,0.34,0.31
JORD,2015-12-21 06:00:00 EST,43.06980,-76.47006,402,44.0,44.1,39.3,34.3,17.6,0.000,0.000,0.00,0.000,8.4,15.5,2.6,187,18,9.3,17.0,2.9,188,16,8.4,15.5,2.6,187,18,0,29.63,,0,0,0,38.1,40.9,43.5,0.37,0.34,0.31
JORD,2015-12-21 06:05:00 EST,43.06980,-76.47006,402,44.0,44.1,40.2,34.3,17.6,0.000,0.000,0.00,0.000,6.5,11.1,1.8,185,24,7.3,13.2,2.0,186,24,6.5,11.1,1.8,185,24,0,29.63,,0,0,0,38.1,40.8,43.5,0.37,0.34,0.31
JORD,2015-12-21 06:10:00 EST,43.06980,-76.47006,402,44.1,44.2,39.3,34.2,17.7,0.000,0.000,0.00,0.000,8.6,18.9,3.6,181,15,9.5,20.6,4.0,182,14,8.6,18.9,3.6,181,15,0,29.62,,0,0,0,38.1,40.8,43.5,0.37,0.34,0.31
JORD,2015-12-21 06:15:00 EST,43.06980,-76.47006,402,44.4,44.4,39.5,33.5,17.4,0.000,0.000,0.00,0.000,9.0,15.6,3.0,189,20,9.7,15.9,3.1,190,18,9.0,15.6,3.0,189,20,0,29.62,,0,0,0,38.1,40.8,43.5,0.37,0.34,0.31
JORD,2015-12-21 06:20:00 EST,43.06980,-76.47006,402,44.2,44.4,39.9,33.8,17.5,0.000,0.000,0.00,0.000,7.7,15.0,2.7,190,21,8.4,16.3,2.9,190,17,7.7,15.0,2.7,190,21,0,29.63,,0,0,0,38.1,40.8,43.5,0.37,0.34,0.31
JORD,2015-12-21 06:25:00 EST,43.06980,-76.47006,402,44.3,44.4,39.7,33.7,17.5,0.000,0.000,0.00,0.000,8.2,14.8,3.0,186,31,8.9,17.0,3.3,186,30,8.2,14.8,3.0,186,31,0,29.63,,0,0,0,38.1,40.8,43.5,0.37,0.34,0.31
JORD,2015-12-21 06:30:00 EST,43.06980,-76.47006,402,44.2,44.4,40.7,33.9,17.5,0.000,0.000,0.00,0.000,6.1,12.9,2.3,181,20,6.8,16.6,2.7,182,18,6.1,12.9,2.3,181,20,0,29.63,,0,0,0,38.1,40.8,43.5,0.37,0.34,0.31
JORD,2015-12-21 06:35:00 EST,43.06980,-76.47006,402,44.2,44.3,39.8,34.3,17.7,0.000,0.000,0.00,0.000,7.7,13.2,2.3,180,19,8.7,15.9,2.9,181,16,7.7,13.2,2.3,180,19,0,29.62,,0,0,0,38.1,40.8,43.5,0.37,0.34,0.31
JORD,2015-12-21 06:40:00 EST,43.06980,-76.47006,402,44.3,44.4,39.9,34.0,17.6,0.000,0.000,0.00,0.000,7.7,17.3,3.4,177,17,8.6,18.3,3.5,177,15,7.7,17.3,3.4,177,17,0,29.62,,0,0,0,38.1,40.8,43.5,0.37,0.34,0.31
JORD,2015-12-21 06:45:00 EST,43.06980,-76.47006,402,44.1,44.3,39.3,34.6,17.9,0.000,0.000,0.00,0.000,8.5,14.0,2.4,168,21,9.5,18.8,2.9,169,19,8.5,14.0,2.4,168,21,0,29.62,,0,0,0,38.1,40.8,43.5,0.37,0.34,0.31
JORD,2015-12-21 06:50:00 EST,43.06980,-76.47006,402,44.0,44.2,39.6,34.7,17.9,0.000,0.000,0.00,0.000,7.8,13.4,2.2,167,17,8.4,15.4,2.5,170,14,7.8,13.4,2.2,167,17,0,29.62,,0,0,0,38.2,40.8,43.5,0.37,0.34,0.31
JORD,2015-12-21 06:55:00 EST,43.06980,-76.47006,402,44.0,44.1,38.3,34.9,18.0,0.000,0.000,0.00,0.000,10.5,19.0,2.7,172,16,11.3,21.7,2.9,174,15,10.5,19.0,2.7,172,16,0,29.61,,0,0,0,38.2,40.8,43.5,0.37,0.34,0.31
JORD,2015-12-21 07:00:00 EST,43.06980,-76.47006,402,43.8,44.0,38.6,35.2,18.0,0.000,0.000,0.00,0.000,9.5,17.7,2.8,169,14,10.5,20.4,3.2,169,13,9.5,17.7,2.8,169,14,0,29.61,,0,0,0,38.2,40.8,43.5,0.37,0.34,0.31
JORD,2015-12-21 07:05:00 EST,43.06980,-76.47006,402,43.8,44.0,38.8,35.4,18.2,0.000,0.000,0.00,0.000,9.0,16.3,2.6,175,19,9.8,17.4,2.9,176,18,9.0,16.3,2.6,175,19,0,29.61,,0,0,0,38.3,40.8,43.5,0.37,0.34,0.31
JORD,2015-12-21 07:10:00 EST,43.06980,-76.47006,402,43.9,44.0,38.9,35.4,18.3,0.000,0.000,0.00,0.000,8.8,16.7,2.7,175,17,9.7,18.6,2.8,177,15,8.8,16.7,2.7,175,17,0,29.61,,0,0,0,38.3,40.8,43.5,0.37,0.34,0.31
JORD,2015-12-21 07:15:00 EST,43.06980,-76.47006,402,44.0,44.1,38.6,35.3,18.2,0.000,0.000,0.00,0.000,10.0,17.2,2.8,181,18,11.0,19.5,3.2,182,15,10.0,17.2,2.8,181,18,0,29.62,,0,0,0,38.3,40.8,43.5,0.37,0.34,0.31
JORD,2015-12-21 07:20:00 EST,43.06980,-76.47006,402,44.0,44.1,39.5,35.4,18.3,0.000,0.000,0.00,0.000,7.9,14.9,2.5,192,19,8.8,16.8,2.8,191,16,7.9,14.9,2.5,192,19,0,29.62,,0,0,0,38.3,40.8,43.5,0.37,0.34,0.31
JORD,2015-12-21 07:25:00 EST,43.06980,-76.47006,402,43.9,44.1,39.8,35.7,18.5,0.000,0.000,0.00,0.000,7.0,14.2,2.1,187,25,7.6,15.0,2.5,189,22,7.0,14.2,2.1,187,25,0,29.62,,0,0,0,38.3,40.8,43.5,0.37,0.34,0.31
JORD,2015-12-21 07:30:00 EST,43.06980,-76.47006,402,44.1,44.2,39.6,35.5,18.5,0.000,0.000,0.00,0.000,7.8,13.8,2.3,174,19,8.5,14.8,2.5,177,17,7.8,13.8,2.3,174,19,0,29.61,,0,0,0,38.3,40.8,43.5,0.37,0.34,0.31
JORD,2015-12-21 07:35:00 EST,43.06980,-76.47006,402,44.2,44.3,39.5,35.2,18.4,0.000,0.000,0.00,0.000,8.5,13.2,1.8,175,18,9.1,14.1,2.1,177,17,8.5,13.2,1.8,175,18,1,29.61,,0,0,0,38.3,40.8,43.5,0.37,0.34,0.31
JORD,2015-12-21 07:40:00 EST,43.06980,-76.47006,402,44.3,44.4,39.4,35.2,18.5,0.000,0.000,0.00,0.000,8.9,17.2,2.9,173,19,9.8,18.6,3.2,174,20,8.9,17.2,2.9,173,19,1,29.60,,0,0,0,38.3,40.8,43.5,0.37,0.34,0.31
JORD,2015-12-21 07:45:00 EST,43.06980,-76.47006,402,44.5,44.6,39.4,35.0,18.5,0.000,0.000,0.00,0.000,9.6,19.1,2.9,177,16,10.5,23.3,3.1,177,14,9.6,19.1,2.9,177,16,2,29.60,,0,0,0,38.3,40.8,43.5,0.37,0.34,0.31
JORD,2015-12-21 07:50:00 EST,43.06980,-76.47006,402,44.5,44.5,40.2,35.2,18.6,0.000,0.000,0.00,0.000,7.7,12.6,2.5,172,18,8.3,13.9,2.7,173,16,7.7,12.6,2.5,172,18,3,29.60,,0,0,0,38.3,40.8,43.5,0.37,0.34,0.31
JORD,2015-12-21 07:55:00 EST,43.06980,-76.47006,402,44.3,44.4,40.0,35.8,18.9,0.000,0.000,0.00,0.000,7.7,12.3,2.0,179,16,8.5,13.6,2.3,179,15,7.7,12.3,2.0,179,16,5,29.60,,0,0,0,38.3,40.8,43.5,0.37,0.34,0.31
JORD,2015-12-21 08:00:00 EST,43.06980,-76.47006,402,44.3,44.4,40.7,36.0,19.1,0.000,0.000,0.00,0.000,6.4,12.6,2.3,172,17,7.2,14.5,2.5,173,15,6.4,12.6,2.3,172,17,6,29.60,,0,0,0,38.3,40.8,43.5,0.37,0.34,0.31
JORD,2015-12-21 08:05:00 EST,43.06980,-76.47006,402,44.5,44.6,39.9,35.8,19.0,0.000,0.000,0.00,0.000,8.2,12.0,1.8,189,18,8.8,13.9,2.1,191,14,8.2,12.0,1.8,189,18,8,29.60,,0,0,0,38.3,40.8,43.5,0.37,0.34,0.31
JORD,2015-12-21 08:10:00 EST,43.06980,-76.47006,402,44.6,44.7,40.8,35.7,19.1,0.000,0.000,0.00,0.000,6.9,13.2,2.7,189,19,7.4,14.1,2.9,190,17,6.9,13.2,2.7,189,19,9,29.60,,0,0,0,38.3,40.8,43.5,0.37,0.34,0.31
JORD,2015-12-21 08:15:00 EST,43.06980,-76.47006,402,44.5,44.7,41.5,36.2,19.3,0.000,0.000,0.00,0.000,5.4,8.9,1.9,184,21,6.1,10.7,2.1,184,19,5.4,8.9,1.9,184,21,10,29.60,,0,0,0,38.3,40.8,43.5,0.37,0.34,0.31
JORD,2015-12-21 08:20:00 EST,43.06980,-76.47006,402,44.6,44.7,41.0,35.7,19.1,0.000,0.000,0.00,0.000,6.5,11.8,1.9,188,19,7.5,12.8,2.2,189,16,6.5,11.8,1.9,188,19,10,29.59,,0,0,0,38.4,40.8,43.5,0.37,0.34,0.31
JORD,2015-12-21 08:25:00 EST,43.06980,-76.47006,402,44.7,44.8,40.9,35.8,19.2,0.000,0.000,0.00,0.000,6.9,11.1,1.9,182,21,7.7,11.9,2.1,184,18,6.9,11.1,1.9,182,21,12,29.59,,0,0,0,38.4,40.8,43.5,0.37,0.34,0.31
JORD,2015-12-21 08:30:00 EST,43.06980,-76.47006,402,44.9,45.0,40.6,35.8,19.4,0.000,0.000,0.00,0.000,7.8,13.6,2.5,200,18,8.5,16.8,2.7,198,16,7.8,13.6,2.5,200,18,13,29.59,,0,0,0,38.4,40.8,43.5,0.37,0.34,0.31
JORD,2015-12-21 08:35:00 EST,43.06980,-76.47006,402,44.9,45.0,40.4,36.1,19.6,0.000,0.000,0.00,0.000,8.1,18.4,3.7,186,17,9.0,20.4,4.3,187,15,8.1,18.4,3.7,186,17,13,29.59,,0,0,0,38.5,40.8,43.5,0.37,0.34,0.31
JORD,2015-12-21 08:40:00 EST,43.06980,-76.47006,402,45.1,45.2,39.7,35.7,19.5,0.000,0.000,0.00,0.000,10.6,19.2,3.7,183,18,11.6,22.1,4.2,182,15,10.6,19.2,3.7,183,18,14,29.59,,0,0,0,38.5,40.8,43.5,0.37,0.34,0.31
JORD,2015-12-21 08:45:00 EST,43.06980,-76.47006,402,45.3,45.4,40.4,35.3,19.4,0.000,0.000,0.00,0.000,9.3,15.1,3.0,191,16,10.2,16.6,3.3,192,12,9.3,15.1,3.0,191,16,16,29.59,,0,0,0,38.5,40.8,43.5,0.37,0.34,0.31
JORD,2015-12-21 08:50:00 EST,43.06980,-76.47006,402,45.4,45.5,40.8,35.5,19.6,0.000,0.000,0.00,0.000,8.8,17.9,3.7,198,17,9.5,19.9,3.9,198,14,8.8,17.9,3.7,198,17,16,29.59,,0,0,0,38.5,40.8,43.5,0.37,0.34,0.31
JORD,2015-12-21 08:55:00 EST,43.06980,-76.47006,402,45.6,45.6,41.4,35.3,19.7,0.000,0.000,0.00,0.000,8.0,17.1,2.9,199,20,8.7,19.5,3.2,199,20,8.0,17.1,2.9,199,20,19,29.59,,0,0,0,38.5,40.8,43.5,0.37,0.34,0.31
JORD,2015-12-21 09:00:00 EST,43.06980,-76.47006,402,45.9,46.0,40.3,34.6,19.5,0.000,0.000,0.00,0.000,12.0,19.9,3.6,203,16,12.8,24.4,4.2,204,14,12.0,19.9,3.6,203,16,19,29.59,,0,0,0,38.5,40.8,43.5,0.37,0.34,0.31
JORD,2015-12-21 09:05:00 EST,43.06980,-76.47006,402,46.0,46.0,42.0,34.6,19.6,0.000,0.000,0.00,0.000,7.7,16.3,2.8,196,17,8.3,17.4,3.1,196,15,7.7,16.3,2.8,196,17,20,29.60,,0,0,0,38.5,40.8,43.5,0.37,0.34,0.31
JORD,2015-12-21 09:10:00 EST,43.06980,-76.47006,402,46.0,46.0,41.8,34.7,19.6,0.000,0.000,0.00,0.000,8.2,14.2,2.4,208,13,8.8,14.3,2.4,208,13,8.2,14.2,2.4,208,13,22,29.60,,0,0,0,38.5,40.8,43.5,0.37,0.34,0.31
JORD,2015-12-21 09:15:00 EST,43.06980,-76.47006,402,45.9,46.0,40.6,34.7,19.6,0.000,0.000,0.00,0.000,11.0,18.7,3.2,206,15,11.6,19.5,3.3,206,13,11.0,18.7,3.2,206,15,30,29.60,,0,0,0,38.5,40.8,43.5,0.37,0.34,0.31
JORD,2015-12-21 09:20:00 EST,43.06980,-76.47006,402,45.8,46.0,41.1,35.3,19.9,0.000,0.000,0.00,0.000,9.4,16.9,2.7,209,17,10.0,17.4,2.8,210,16,9.4,16.9,2.7,209,17,34,29.60,,0,0,0,38.6,40.8,43.5,0.37,0.34,0.31
JORD,2015-12-21 09:25:00 EST,43.06980,-76.47006,402,45.9,46.0,41.3,35.2,19.9,0.000,0.000,0.00,0.000,9.0,15.7,2.8,208,15,9.5,16.1,2.8,208,13,9.0,15.7,2.8,208,15,31,29.59,,0,0,0,38.6,40.8,43.5,0.37,0.34,0.31
JORD,2015-12-21 09:30:00 EST,43.06980,-76.47006,402,45.9,46.0,41.9,35.4,20.0,0.000,0.000,0.00,0.000,7.8,12.1,2.1,200,15,8.4,15.2,2.1,200,14,7.8,12.1,2.1,200,15,27,29.59,,0,0,0,38.6,40.8,43.4,0.37,0.34,0.31
JORD,2015-12-21 09:35:00 EST,43.06980,-76.47006,402,45.9,46.1,41.3,35.2,20.0,0.000,0.000,0.00,0.000,9.3,14.3,2.8,210,12,10.2,15.4,3.0,210,10,9.3,14.3,2.8,210,12,34,29.59,,0,0,0,38.6,40.8,43.4,0.37,0.34,0.31
JORD,2015-12-21 09:40:00 EST,43.06980,-76.47006,402,46.1,46.2,41.1,35.0,19.9,0.000,0.000,0.00,0.000,10.2,15.9,2.6,203,16,10.7,16.6,2.7,203,14,10.2,15.9,2.6,203,16,36,29.59,,0,0,0,38.7,40.8,43.4,0.37,0.34,0.31
JORD,2015-12-21 09:45:00 EST,43.06980,-76.47006,402,46.1,46.2,41.3,35.5,20.3,0.000,0.000,0.00,0.000,9.7,22.7,3.7,209,14,10.4,24.8,3.9,209,11,9.7,22.7,3.7,209,14,33,29.60,,0,0,0,38.7,40.8,43.5,0.37,0.34,0.31
JORD,2015-12-21 09:50:00 EST,43.06980,-76.47006,402,46.4,46.5,41.3,34.8,20.0,0.000,0.000,0.00,0.000,10.8,17.4,3.0,207,15,11.3,18.8,3.1,206,11,10.8,17.4,3.0,207,15,37,29.61,,0,0,0,38.7,40.8,43.4,0.37,0.34,0.31
JORD,2015-12-21 09:55:00 EST,43.06980,-76.47006,402,46.6,46.7,42.2,34.3,19.9,0.000,0.000,0.00,0.000,9.1,13.3,1.7,208,14,9.6,15.0,1.9,208,11,9.1,13.3,1.7,208,14,45,29.61,,0,0,0,38.7,40.8,43.4,0.37,0.34,0.31
JORD,2015-12-21 10:00:00 EST,43.06980,-76.47006,402,46.6,46.7,42.1,34.6,20.1,0.000,0.000,0.00,0.000,9.3,16.7,2.6,197,17,9.8,18.3,2.7,196,15,9.3,16.7,2.6,197,17,47,29.61,,0,0,0,38.7,40.8,43.4,0.37,0.34,0.31
JORD,2015-12-21 10:05:00 EST,43.06980,-76.47006,402,46.5,46.6,41.0,35.0,20.3,0.000,0.000,0.00,0.000,11.8,17.0,2.4,204,17,12.4,20.1,2.5,205,13,11.8,17.0,2.4,204,17,52,29.61,,0,0,0,38.8,40.8,43.4,0.37,0.34,0.31
JORD,2015-12-21 10:10:00 EST,43.06980,-76.47006,402,46.3,46.4,41.5,35.4,20.4,0.000,0.000,0.00,0.000,9.8,15.1,2.0,205,15,10.5,16.3,2.1,204,13,9.8,15.1,2.0,205,15,46,29.61,,0,0,0,38.8,40.8,43.4,0.37,0.34,0.31
JORD,2015-12-21 10:15:00 EST,43.06980,-76.47006,402,46.3,46.4,42.0,35.5,20.4,0.000,0.000,0.00,0.000,8.5,16.4,2.7,192,16,9.2,18.1,2.8,193,14,8.5,16.4,2.7,192,16,39,29.60,,0,0,0,38.8,40.8,43.4,0.37,0.34,0.31
JORD,2015-12-21 10:20:00 EST,43.06980,-76.47006,402,46.1,46.3,41.8,36.3,20.8,0.000,0.000,0.00,0.000,8.5,14.5,2.2,210,13,9.1,15.0,2.3,210,11,8.5,14.5,2.2,210,13,34,29.60,,0,0,0,38.8,40.8,43.4,0.37,0.34,0.31
JORD,2015-12-21 10:25:00 EST,43.06980,-76.47006,402,46.2,46.3,42.8,35.8,20.6,0.000,0.000,0.00,0.000,6.6,10.8,2.1,206,16,7.0,13.2,2.4,206,14,6.6,10.8,2.1,206,16,33,29.60,,0,0,0,38.8,40.8,43.4,0.37,0.34,0.31
JORD,2015-12-21 10:30:00 EST,43.06980,-76.47006,402,46.3,46.3,41.4,35.9,20.7,0.000,0.000,0.00,0.000,10.1,18.9,3.7,188,15,10.8,19.0,3.8,188,14,10.1,18.9,3.7,188,15,35,29.60,,0,0,0,38.8,40.8,43.4,0.37,0.34,0.31
JORD,2015-12-21 10:35:00 EST,43.06980,-76.47006,402,46.4,46.4,41.1,35.3,20.4,0.000,0.000,0.00,0.000,11.4,20.3,2.9,188,14,12.3,20.8,3.1,189,13,11.4,20.3,2.9,188,14,33,29.60,,0,0,0,38.8,40.8,43.4,0.37,0.34,0.31
JORD,2015-12-21 10:40:00 EST,43.06980,-76.47006,402,46.5,46.5,40.9,35.1,20.3,0.000,0.000,0.00,0.000,12.1,21.3,3.4,182,14,12.8,23.9,3.5,183,11,12.1,21.3,3.4,182,14,29,29.60,,0,0,0,38.9,40.8,43.4,0.37,0.34,0.31
JORD,2015-12-21 10:45:00 EST,43.06980,-76.47006,402,46.3,46.4,41.4,35.7,20.6,0.000,0.000,0.00,0.000,10.2,16.3,2.6,191,14,10.8,19.0,2.9,191,12,10.2,16.3,2.6,191,14,27,29.59,,0,0,0,39.0,40.8,43.4,0.37,0.34,0.31
JORD,2015-12-21 10:50:00 EST,43.06980,-76.47006,402,46.3,46.3,42.0,36.0,20.8,0.000,0.000,0.00,0.000,8.5,16.5,3.6,188,17,9.6,19.5,4.0,189,14,8.5,16.5,3.6,188,17,27,29.59,,0,0,0,39.0,40.8,43.4,0.37,0.34,0.31
JORD,2015-12-21 10:55:00 EST,43.06980,-76.47006,402,46.4,46.5,41.7,35.7,20.7,0.000,0.000,0.00,0.000,9.8,15.6,2.4,181,16,10.6,17.0,2.8,183,13,9.8,15.6,2.4,181,16,30,29.58,,0,0,0,39.0,40.8,43.4,0.37,0.34,0.31
JORD,2015-12-21 11:00:00 EST,43.06980,-76.47006,402,46.4,46.5,42.9,36.0,20.9,0.000,0.000,0.00,0.000,7.0,11.8,2.3,184,19,7.7,13.4,2.6,186,18,7.0,11.8,2.3,184,19,37,29.58,,0,0,0,39.0,40.8,43.3,0.37,0.34,0.31
JORD,2015-12-21 11:05:00 EST,43.06980,-76.47006,402,46.4,46.5,43.0,36.4,21.1,0.000,0.000,0.00,0.000,6.7,13.4,2.4,188,17,7.3,14.3,2.5,189,15,6.7,13.4,2.4,188,17,37,29.57,,0,0,0,39.0,40.8,43.4,0.37,0.34,0.31
JORD,2015-12-21 11:10:00 EST,43.06980,-76.47006,402,46.6,46.7,42.2,35.8,21.0,0.000,0.000,0.00,0.000,9.3,17.8,2.8,184,18,10.0,19.7,3.3,185,15,9.3,17.8,2.8,184,18,30,29.58,,0,0,0,39.0,40.8,43.4,0.37,0.34,0.31
JORD,2015-12-21 11:15:00 EST,43.06980,-76.47006,402,46.7,46.8,42.7,35.8,21.0,0.000,0.000,0.00,0.000,8.1,15.3,2.1,190,17,8.8,16.3,2.2,191,16,8.1,15.3,2.1,190,17,33,29.58,,0,0,0,39.0,40.8,43.4,0.37,0.34,0.31
JORD,2015-12-21 11:20:00 EST,43.06980,-76.47006,402,46.8,46.8,42.6,35.7,21.0,0.000,0.000,0.00,0.000,8.7,16.5,2.9,185,14,9.6,17.9,3.1,187,13,8.7,16.5,2.9,185,14,48,29.57,,0,0,0,39.2,40.8,43.4,0.37,0.34,0.31
JORD,2015-12-21 11:25:00 EST,43.06980,-76.47006,402,46.9,46.9,42.2,35.5,20.9,0.000,0.000,0.00,0.000,9.8,19.7,3.3,195,18,10.7,22.1,3.3,195,16,9.8,19.7,3.3,195,18,49,29.57,,0,0,0,39.1,40.8,43.3,0.37,0.34,0.31
JORD,2015-12-21 11:30:00 EST,43.06980,-76.47006,402,46.8,46.9,43.0,36.2,21.4,0.000,0.000,0.00,0.000,7.9,14.2,2.9,186,22,8.6,16.3,3.1,186,20,7.9,14.2,2.9,186,22,41,29.56,,0,0,0,39.2,40.8,43.3,0.37,0.34,0.31
JORD,2015-12-21 11:35:00 EST,43.06980,-76.47006,402,46.9,47.0,43.7,36.4,21.6,0.000,0.000,0.00,0.000,6.6,11.8,1.9,195,19,6.9,13.0,2.0,195,17,6.6,11.8,1.9,195,19,43,29.56,,0,0,0,39.2,40.8,43.4,0.37,0.34,0.31
JORD,2015-12-21 11:40:00 EST,43.06980,-76.47006,402,46.9,47.0,43.5,36.5,21.7,0.000,0.000,0.00,0.000,7.0,11.4,1.7,197,17,7.7,12.1,1.7,196,17,7.0,11.4,1.7,197,17,46,29.55,,0,0,0,39.2,40.8,43.3,0.37,0.34,0.31
JORD,2015-12-21 11:45:00 EST,43.06980,-76.47006,402,47.1,47.1,44.2,36.3,21.7,0.000,0.000,0.00,0.000,6.1,12.4,1.8,189,19,6.7,13.0,1.8,190,19,6.1,12.4,1.8,189,19,35,29.54,,0,0,0,39.2,40.8,43.4,0.37,0.34,0.31
JORD,2015-12-21 11:50:00 EST,43.06980,-76.47006,402,47.3,47.3,44.1,36.4,21.9,0.000,0.000,0.00,0.000,6.5,12.6,2.2,189,20,7.2,13.4,2.4,189,16,6.5,12.6,2.2,189,20,34,29.54,,0,0,0,39.2,40.8,43.3,0.37,0.34,0.31
JORD,2015-12-21 11:55:00 EST,43.06980,-76.47006,402,47.4,47.5,44.8,36.4,22.0,0.000,0.000,0.00,0.000,5.6,13.2,2.4,194,18,5.9,13.9,2.4,194,14,5.6,13.2,2.4,194,18,31,29.54,,0,0,0,39.2,40.8,43.3,0.37,0.34,0.31
JORD,2015-12-21 12:00:00 EST,43.06980,-76.47006,402,47.5,47.6,44.2,36.5,22.2,0.000,0.000,0.00,0.000,7.1,13.7,1.9,183,18,7.8,17.0,2.5,183,16,7.1,13.7,1.9,183,18,33,29.53,,0,0,0,39.2,40.8,43.3,0.37,0.34,0.31
JORD,2015-12-21 12:05:00 EST,43.06980,-76.47006,402,48.1,48.3,43.1,35.8,22.2,0.000,0.000,0.00,0.000,12.0,21.8,3.9,193,18,12.8,24.8,4.5,194,16,12.0,21.8,3.9,193,18,35,29.53,,0,0,0,39.2,40.8,43.3,0.37,0.34,0.31
JORD,2015-12-21 12:10:00 EST,43.06980,-76.47006,402,48.6,48.7,44.1,34.4,21.8,0.000,0.000,0.00,0.000,10.5,16.9,2.8,183,14,11.5,20.1,3.4,186,11,10.5,16.9,2.8,183,14,35,29.53,,0,0,0,39.2,40.8,43.3,0.37,0.34,0.31
JORD,2015-12-21 12:15:00 EST,43.06980,-76.47006,402,49.0,49.1,44.0,33.3,21.4,0.000,0.000,0.00,0.000,12.8,21.9,3.5,188,16,13.6,23.5,4.3,189,14,12.8,21.9,3.5,188,16,41,29.52,,0,0,0,39.2,40.8,43.3,0.37,0.34,0.31
JORD,2015-12-21 12:20:00 EST,43.06980,-76.47006,402,49.1,49.2,43.4,33.1,21.3,0.000,0.000,0.00,0.000,15.4,25.0,4.0,194,12,16.5,25.9,4.0,193,12,15.4,25.0,4.0,194,12,43,29.52,,0,0,0,39.2,40.8,43.3,0.37,0.34,0.31
JORD,2015-12-21 12:25:00 EST,43.06980,-76.47006,402,49.1,49.2,43.9,33.2,21.4,0.000,0.000,0.00,0.000,13.3,24.6,3.1,191,16,14.2,29.8,3.6,191,12,13.3,24.6,3.1,191,16,39,29.52,,0,0,0,39.2,40.8,43.3,0.37,0.34,0.31
JORD,2015-12-21 12:30:00 EST,43.06980,-76.47006,402,49.0,49.1,43.6,33.6,21.5,0.000,0.000,0.00,0.000,13.9,24.9,4.4,190,15,14.9,27.1,4.9,192,13,13.9,24.9,4.4,190,15,32,29.52,,0,0,0,39.2,40.8,43.3,0.37,0.34,0.31
JORD,2015-12-21 12:35:00 EST,43.06980,-76.47006,402,49.0,49.1,43.4,33.5,21.5,0.000,0.000,0.00,0.000,14.7,26.5,3.5,189,14,15.8,25.9,3.9,191,12,14.7,26.5,3.5,189,14,31,29.52,,0,0,0,39.2,40.8,43.3,0.37,0.34,0.31
JORD,2015-12-21 12:40:00 EST,43.06980,-76.47006,402,49.0,49.1,43.0,33.4,21.4,0.000,0.000,0.00,0.000,16.6,24.2,3.3,190,11,17.8,26.2,3.8,190,9,16.6,24.2,3.3,190,11,35,29.52,,0,0,0,39.3,40.8,43.3,0.37,0.34,0.31
JORD,2015-12-21 12:45:00 EST,43.06980,-76.47006,402,48.8,48.9,44.4,34.2,21.8,0.000,0.000,0.00,0.000,10.3,19.8,4.1,191,16,11.2,21.7,4.4,191,15,10.3,19.8,4.1,191,16,34,29.52,,0,0,0,39.3,40.8,43.3,0.37,0.34,0.31
JORD,2015-12-21 12:50:00 EST,43.06980,-76.47006,402,48.5,48.6,44.1,35.2,22.3,0.000,0.000,0.00,0.000,10.5,19.9,4.6,187,17,11.3,23.0,4.9,186,16,10.5,19.9,4.6,187,17,29,29.52,,0,0,0,39.4,40.8,43.3,0.37,0.34,0.31
JORD,2015-12-21 12:55:00 EST,43.06980,-76.47006,402,48.4,48.5,43.4,35.1,22.1,0.000,0.000,0.00,0.000,12.4,22.3,3.2,186,14,13.3,23.0,3.5,186,13,12.4,22.3,3.2,186,14,30,29.52,,0,0,0,39.3,40.9,43.3,0.37,0.34,0.31
JORD,2015-12-21 13:00:00 EST,43.06980,-76.47006,402,48.4,48.5,43.8,35.2,22.1,0.000,0.000,0.00,0.000,10.7,17.0,2.9,189,14,11.5,19.5,3.4,189,13,10.7,17.0,2.9,189,14,28,29.51,,0,0,0,39.4,40.9,43.3,0.37,0.34,0.31
JORD,2015-12-21 13:05:00 EST,43.06980,-76.47006,402,48.5,48.7,43.8,35.5,22.4,0.000,0.000,0.00,0.000,11.3,17.5,2.7,194,19,12.3,19.5,2.9,193,17,11.3,17.5,2.7,194,19,28,29.51,,0,0,0,39.4,40.9,43.3,0.37,0.34,0.31
JORD,2015-12-21 13:10:00 EST,43.06980,-76.47006,402,48.9,49.0,43.4,35.2,22.5,0.000,0.000,0.00,0.000,14.0,24.8,3.9,195,17,14.9,23.5,4.1,194,16,14.0,24.8,3.9,195,17,26,29.51,,0,0,0,39.4,40.9,43.3,0.37,0.34,0.31
JORD,2015-12-21 13:15:00 EST,43.06980,-76.47006,402,48.1,48.3,43.2,39.1,24.4,0.000,0.000,0.00,0.000,11.6,18.6,2.8,186,16,12.7,21.7,3.5,187,14,11.6,18.6,2.8,186,16,27,29.51,,0,0,0,39.4,40.9,43.3,0.37,0.34,0.31
JORD,2015-12-21 13:20:00 EST,43.06980,-76.47006,402,47.3,47.6,41.6,43.1,26.0,0.000,0.000,0.00,0.000,13.5,24.4,4.2,184,17,14.5,26.2,4.4,185,14,13.5,24.4,4.2,184,17,32,29.50,,0,0,0,39.5,41.0,43.3,0.37,0.34,0.31
JORD,2015-12-21 13:25:00 EST,43.06980,-76.47006,402,47.3,47.5,42.2,43.1,26.0,0.000,0.000,0.00,0.000,11.7,21.8,3.3,185,18,12.9,23.7,3.7,186,14,11.7,21.8,3.3,185,18,35,29.49,,0,0,0,39.5,40.9,43.3,0.37,0.34,0.31
JORD,2015-12-21 13:30:00 EST,43.06980,-76.47006,402,47.7,47.9,42.6,42.7,26.1,0.000,0.000,0.00,0.000,11.7,19.4,2.7,185,15,12.5,21.0,3.0,185,13,11.7,19.4,2.7,185,15,38,29.49,,0,0,0,39.6,40.9,43.3,0.37,0.34,0.31
JORD,2015-12-21 13:35:00 EST,43.06980,-76.47006,402,48.0,48.1,43.6,41.8,25.9,0.000,0.000,0.00,0.000,10.1,22.9,3.9,180,16,10.8,24.8,4.2,180,13,10.1,22.9,3.9,180,16,46,29.48,,0,0,0,39.5,40.9,43.3,0.37,0.34,0.31
JORD,2015-12-21 13:40:00 EST,43.06980,-76.47006,402,48.5,48.5,43.4,40.1,25.3,0.000,0.000,0.00,0.000,12.4,18.6,2.9,177,18,13.4,21.3,3.4,180,13,12.4,18.6,2.9,177,18,36,29.47,,0,0,0,39.5,41.0,43.3,0.37,0.34,0.31
JORD,2015-12-21 13:45:00 EST,43.06980,-76.47006,402,48.7,48.8,43.7,39.2,25.0,0.000,0.000,0.00,0.000,12.1,21.4,4.0,179,15,13.1,23.0,4.2,182,12,12.1,21.4,4.0,179,15,35,29.47,,0,0,0,39.6,41.0,43.3,0.37,0.34,0.31
JORD,2015-12-21 13:50:00 EST,43.06980,-76.47006,402,48.8,48.9,44.7,38.7,24.7,0.000,0.000,0.00,0.000,9.7,16.6,2.6,175,15,10.5,19.5,3.0,176,14,9.7,16.6,2.6,175,15,32,29.46,,0,0,0,39.6,41.0,43.3,0.37,0.34,0.31
JORD,2015-12-21 13:55:00 EST,43.06980,-76.47006,402,49.0,49.1,44.0,38.1,24.6,0.000,0.000,0.00,0.000,12.8,19.4,3.3,172,16,13.9,22.8,3.7,174,14,12.8,19.4,3.3,172,16,28,29.46,,0,0,0,39.6,41.0,43.3,0.37,0.34,0.31
JORD,2015-12-21 14:00:00 EST,43.06980,-76.47006,402,49.1,49.2,44.8,37.7,24.4,0.000,0.000,0.00,0.000,10.2,14.8,2.3,168,17,10.9,18.1,2.9,171,13,10.2,14.8,2.3,168,17,23,29.45,,0,0,0,39.6,41.0,43.3,0.37,0.34,0.31
JORD,2015-12-21 14:05:00 EST,43.06980,-76.47006,402,49.2,49.3,44.5,37.4,24.3,0.000,0.000,0.00,0.000,11.8,24.3,3.1,175,16,12.7,24.8,3.4,175,14,11.8,24.3,3.1,175,16,25,29.46,,0,0,0,39.7,41.0,43.3,0.37,0.34,0.31
JORD,2015-12-21 14:10:00 EST,43.06980,-76.47006,402,49.4,49.5,45.3,37.0,24.2,0.000,0.000,0.00,0.000,9.9,21.0,3.5,179,15,10.8,22.6,4.1,179,13,9.9,21.0,3.5,179,15,26,29.46,,0,0,0,39.7,41.0,43.3,0.37,0.34,0.31
JORD,2015-12-21 14:15:00 EST,43.06980,-76.47006,402,49.7,49.8,45.4,36.7,24.2,0.000,0.000,0.00,0.000,10.9,19.9,3.3,183,15,11.8,20.8,3.6,185,14,10.9,19.9,3.3,183,15,20,29.46,,0,0,0,39.7,41.0,43.3,0.37,0.34,0.31
JORD,2015-12-21 14:20:00 EST,43.06980,-76.47006,402,49.8,49.9,45.9,36.5,24.3,0.000,0.000,0.00,0.000,9.7,16.7,3.1,186,16,10.5,17.9,3.4,187,15,9.7,16.7,3.1,186,16,28,29.46,,0,0,0,39.7,41.0,43.3,0.37,0.34,0.31
JORD,2015-12-21 14:25:00 EST,43.06980,-76.47006,402,49.9,50.0,45.6,36.4,24.3,0.000,0.000,0.00,0.000,11.1,17.0,3.0,189,17,11.8,18.6,3.3,191,15,11.1,17.0,3.0,189,17,19,29.46,,0,0,0,39.7,41.0,43.3,0.37,0.34,0.31
JORD,2015-12-21 14:30:00 EST,43.06980,-76.47006,402,49.9,50.0,46.0,36.8,24.5,0.000,0.000,0.00,0.000,9.6,18.6,2.8,184,21,10.4,19.2,3.2,184,19,9.6,18.6,2.8,184,21,22,29.46,,0,0,0,39.8,41.0,43.3,0.37,0.34,0.31
JORD,2015-12-21 14:35:00 EST,43.06980,-76.47006,402,50.0,50.1,45.5,36.5,24.4,0.000,0.000,0.00,0.000,11.6,20.5,2.9,187,20,12.3,21.0,3.1,188,18,11.6,20.5,2.9,187,20,30,29.46,,0,0,0,39.7,41.0,43.3,0.37,0.34,0.31
JORD,2015-12-21 14:40:00 EST,43.06980,-76.47006,402,49.9,49.9,45.6,36.4,24.3,0.000,0.000,0.00,0.000,11.1,18.8,2.5,191,13,12.0,19.7,2.7,190,10,11.1,18.8,2.5,191,13,37,29.46,,0,0,0,39.8,41.0,43.3,0.37,0.34,0.31
JORD,2015-12-21 14:45:00 EST,43.06980,-76.47006,402,49.8,49.8,46.2,36.8,24.4,0.000,0.000,0.00,0.000,8.6,13.4,2.2,187,15,9.3,15.7,2.4,187,11,8.6,13.4,2.2,187,15,38,29.46,,0,0,0,39.9,41.0,43.3,0.37,0.34,0.31
JORD,2015-12-21 14:50:00 EST,43.06980,-76.47006,402,49.7,49.8,46.1,37.0,24.5,0.000,0.000,0.00,0.000,9.0,13.2,1.9,187,15,9.6,15.0,2.2,188,12,9.0,13.2,1.9,187,15,27,29.47,,0,0,0,39.9,41.0,43.3,0.37,0.34,0.31
JORD,2015-12-21 14:55:00 EST,43.06980,-76.47006,402,49.7,49.8,45.7,38.0,25.2,0.000,0.000,0.00,0.000,10.0,16.4,3.0,186,19,10.7,19.2,3.1,189,17,10.0,16.4,3.0,186,19,45,29.47,,0,0,0,39.9,41.0,43.3,0.37,0.34,0.31
JORD,2015-12-21 15:00:00 EST,43.06980,-76.47006,402,50.0,50.1,50.0,37.8,25.3,0.000,0.000,0.00,0.000,10.0,19.4,3.4,192,18,10.7,20.8,3.7,191,15,10.0,19.4,3.4,192,18,46,29.46,,0,0,0,39.9,41.0,43.3,0.37,0.34,0.31
JORD,2015-12-21 15:05:00 EST,43.06980,-76.47006,402,50.0,50.0,46.0,38.1,25.4,0.000,0.000,0.00,0.000,10.2,15.5,2.2,201,17,10.9,17.4,2.4,201,15,10.2,15.5,2.2,201,17,44,29.47,,0,0,0,39.9,41.0,43.3,0.37,0.34,0.31
JORD,2015-12-21 15:10:00 EST,43.06980,-76.47006,402,50.0,50.1,46.5,39.0,26.0,0.000,0.000,0.00,0.000,8.7,14.9,2.4,199,18,9.3,15.4,2.6,199,15,8.7,14.9,2.4,199,18,45,29.47,,0,0,0,39.9,41.0,43.3,0.37,0.34,0.31
JORD,2015-12-21 15:15:00 EST,43.06980,-76.47006,402,50.2,50.3,50.2,39.2,26.3,0.000,0.000,0.00,0.000,9.9,15.8,2.8,186,13,10.8,17.4,3.0,187,12,9.9,15.8,2.8,186,13,43,29.47,,0,0,0,39.9,41.0,43.3,0.37,0.34,0.31
JORD,2015-12-21 15:20:00 EST,43.06980,-76.47006,402,50.2,50.3,50.2,40.0,26.8,0.000,0.000,0.00,0.000,7.5,16.1,2.8,187,18,8.3,18.3,3.1,189,15,7.5,16.1,2.8,187,18,35,29.47,,0,0,0,40.0,41.0,43.2,0.37,0.34,0.31
JORD,2015-12-21 15:25:00 EST,43.06980,-76.47006,402,50.1,50.2,50.1,40.7,27.1,0.000,0.000,0.00,0.000,6.7,13.0,2.3,197,17,7.2,13.9,2.4,198,15,6.7,13.0,2.3,197,17,17,29.48,,0,0,0,40.0,41.0,43.3,0.37,0.34,0.31
JORD,2015-12-21 15:30:00 EST,43.06980,-76.47006,402,50.2,50.3,50.2,40.9,27.3,0.000,0.000,0.00,0.000,7.0,11.2,1.9,200,18,7.7,12.3,1.8,200,17,7.0,11.2,1.9,200,18,19,29.48,,0,0,0,40.1,41.0,43.2,0.37,0.34,0.31
JORD,2015-12-21 15:35:00 EST,43.06980,-76.47006,402,50.3,50.4,50.3,41.7,27.9,0.000,0.000,0.00,0.000,10.7,18.5,3.3,193,14,11.0,19.2,3.4,194,12,10.7,18.5,3.3,193,14,28,29.48,,0,0,0,40.1,41.0,43.2,0.37,0.34,0.31
JORD,2015-12-21 15:40:00 EST,43.06980,-76.47006,402,50.6,50.7,50.6,42.5,28.6,0.000,0.000,0.00,0.000,12.2,25.0,4.3,204,14,12.9,23.7,4.3,202,12,12.2,25.0,4.3,204,14,25,29.47,,0,0,0,40.1,41.0,43.2,0.37,0.34,0.31
JORD,2015-12-21 15:45:00 EST,43.06980,-76.47006,402,50.2,50.4,50.2,43.8,29.0,0.000,0.000,0.00,0.000,8.2,14.6,1.9,198,17,8.7,15.0,2.2,198,16,8.2,14.6,1.9,198,17,18,29.47,,0,0,0,40.1,41.0,43.2,0.37,0.34,0.31
JORD,2015-12-21 15:50:00 EST,43.06980,-76.47006,402,50.0,50.1,50.0,44.3,29.1,0.000,0.000,0.00,0.000,9.6,15.9,2.0,208,14,10.0,15.9,2.1,208,12,9.6,15.9,2.0,208,14,14,29.48,,0,0,0,40.1,41.0,43.2,0.37,0.34,0.31
JORD,2015-12-21 15:55:00 EST,43.06980,-76.47006,402,49.9,50.0,46.6,43.9,28.8,0.000,0.000,0.00,0.000,8.2,12.6,2.2,201,13,8.7,13.6,2.3,201,12,8.2,12.6,2.2,201,13,16,29.48,,0,0,0,40.1,41.0,43.2,0.37,0.34,0.31
JORD,2015-12-21 16:00:00 EST,43.06980,-76.47006,402,49.8,50.0,46.3,43.1,28.3,0.000,0.000,0.00,0.000,8.6,14.0,2.1,205,16,9.0,14.3,2.1,206,15,8.6,14.0,2.1,205,16,8,29.48,,0,0,0,40.2,41.1,43.2,0.37,0.34,0.31
JORD,2015-12-21 16:05:00 EST,43.06980,-76.47006,402,49.8,49.8,46.6,42.9,28.1,0.000,0.000,0.00,0.000,7.7,13.1,2.3,203,21,8.2,14.5,2.4,204,19,7.7,13.1,2.3,203,21,3,29.48,,0,0,0,40.2,41.1,43.2,0.37,0.34,0.31
JORD,2015-12-21 16:10:00 EST,43.06980,-76.47006,402,49.8,49.9,46.2,42.8,28.0,0.000,0.000,0.00,0.000,8.8,13.2,2.2,192,16,9.9,17.0,2.4,193,14,8.8,13.2,2.2,192,16,3,29.48,,0,0,0,40.3,41.1,43.2,0.37,0.34,0.31
JORD,2015-12-21 16:15:00 EST,43.06980,-76.47006,402,49.9,50.0,45.5,42.3,27.9,0.000,0.000,0.00,0.000,11.3,18.2,2.2,203,14,11.9,17.9,2.3,204,13,11.3,18.2,2.2,203,14,2,29.48,,0,0,0,40.3,41.1,43.2,0.37,0.34,0.31
JORD,2015-12-21 16:20:00 EST,43.06980,-76.47006,402,49.7,49.9,46.8,43.2,28.3,0.000,0.000,0.00,0.000,7.1,15.0,3.0,203,17,7.7,15.9,3.1,203,15,7.1,15.0,3.0,203,17,1,29.48,,0,0,0,40.3,41.1,43.2,0.37,0.34,0.31
JORD,2015-12-21 16:25:00 EST,43.06980,-76.47006,402,49.8,49.9,46.5,44.5,29.0,0.000,0.000,0.00,0.000,7.9,16.4,3.3,216,15,8.3,17.4,3.3,217,15,7.9,16.4,3.3,216,15,1,29.48,,0,0,0,40.3,41.2,43.2,0.37,0.34,0.31
JORD,2015-12-21 16:30:00 EST,43.06980,-76.47006,402,50.0,50.1,50.0,44.4,29.1,0.000,0.000,0.00,0.000,6.8,9.9,1.2,211,16,7.1,10.7,1.3,210,15,6.8,9.9,1.2,211,16,1,29.47,,0,0,0,40.3,41.1,43.2,0.37,0.34,0.31
JORD,2015-12-21 16:35:00 EST,43.06980,-76.47006,402,50.2,50.3,50.2,44.5,29.4,0.000,0.000,0.00,0.000,7.4,12.5,2.0,191,14,8.2,13.9,2.2,192,12,7.4,12.5,2.0,191,14,0,29.48,,0,0,0,40.4,41.2,43.2,0.37,0.34,0.31
JORD,2015-12-21 16:40:00 EST,43.06980,-76.47006,402,50.5,50.6,50.5,43.2,29.0,0.000,0.000,0.00,0.000,8.4,15.1,2.8,198,16,8.9,17.0,3.1,198,14,8.4,15.1,2.8,198,16,0,29.47,,0,0,0,40.4,41.2,43.2,0.37,0.34,0.31
JORD,2015-12-21 16:45:00 EST,43.06980,-76.47006,402,50.2,50.3,50.2,42.9,28.5,0.000,0.000,0.00,0.000,7.0,10.2,1.6,209,17,7.4,11.0,1.6,209,17,7.0,10.2,1.6,209,17,0,29.48,,0,0,0,40.4,41.2,43.2,0.37,0.34,0.31
JORD,2015-12-21 16:50:00 EST,43.06980,-76.47006,402,50.2,50.3,50.2,41.7,27.9,0.000,0.000,0.00,0.000,8.0,11.6,1.8,192,16,8.5,13.2,2.0,193,14,8.0,11.6,1.8,192,16,0,29.48,,0,0,0,40.4,41.2,43.2,0.37,0.34,0.31
JORD,2015-12-21 16:55:00 EST,43.06980,-76.47006,402,50.5,50.6,50.5,42.8,28.7,0.000,0.000,0.00,0.000,9.9,15.5,2.4,191,16,10.7,17.7,2.4,193,13,9.9,15.5,2.4,191,16,0,29.47,,0,0,0,40.5,41.2,43.2,0.37,0.34,0.31
JORD,2015-12-21 17:00:00 EST,43.06980,-76.47006,402,50.8,50.9,50.8,44.1,29.7,0.000,0.000,0.00,0.000,11.1,21.6,3.5,202,17,12.0,22.4,3.8,202,14,11.1,21.6,3.5,202,17,0,29.47,,0,0,0,40.5,41.2,43.2,0.37,0.34,0.31
JORD,2015-12-21 17:05:00 EST,43.06980,-76.47006,402,51.0,51.2,51.0,46.5,31.2,0.000,0.000,0.00,0.000,9.1,19.0,2.8,205,14,9.6,19.5,3.0,204,13,9.1,19.0,2.8,205,14,0,29.47,,0,0,0,40.5,41.2,43.2,0.37,0.34,0.31
JORD,2015-12-21 17:10:00 EST,43.06980,-76.47006,402,51.0,51.3,51.0,48.4,32.2,0.000,0.000,0.00,0.000,9.7,22.1,3.6,202,20,10.2,23.9,3.5,200,19,9.7,22.1,3.6,202,20,0,29.47,,0,0,0,40.5,41.2,43.2,0.37,0.34,0.31
JORD,2015-12-21 17:15:00 EST,43.06980,-76.47006,402,50.8,50.9,50.8,46.1,30.8,0.000,0.000,0.00,0.000,10.9,18.8,3.1,185,12,11.9,20.8,3.4,185,9,10.9,18.8,3.1,185,12,0,29.47,,0,0,0,40.5,41.2,43.2,0.37,0.34,0.31
JORD,2015-12-21 17:20:00 EST,43.06980,-76.47006,402,50.3,50.4,50.3,46.0,30.3,0.000,0.000,0.00,0.000,9.2,14.4,2.6,186,12,10.0,15.9,2.8,186,9,9.2,14.4,2.6,186,12,0,29.47,,0,0,0,40.5,41.2,43.2,0.37,0.34,0.31
JORD,2015-12-21 17:25:00 EST,43.06980,-76.47006,402,49.9,50.0,46.6,46.9,30.4,0.000,0.000,0.00,0.000,8.2,13.7,2.3,188,14,8.9,14.8,2.5,190,11,8.2,13.7,2.3,188,14,0,29.47,,0,0,0,40.6,41.2,43.2,0.37,0.34,0.32
JORD,2015-12-21 17:30:00 EST,43.06980,-76.47006,402,49.6,49.7,46.3,47.7,30.5,0.000,0.000,0.00,0.000,7.7,12.6,1.8,196,13,8.3,15.4,2.1,196,11,7.7,12.6,1.8,196,13,0,29.48,,0,0,0,40.6,41.2,43.2,0.37,0.34,0.31
JORD,2015-12-21 17:35:00 EST,43.06980,-76.47006,402,49.4,49.5,46.1,48.1,30.6,0.000,0.000,0.00,0.000,7.8,13.0,1.7,194,15,8.4,14.8,1.9,194,13,7.8,13.0,1.7,194,15,0,29.49,,0,0,0,40.6,41.2,43.2,0.36,0.34,0.31
JORD,2015-12-21 17:40:00 EST,43.06980,-76.47006,402,49.5,49.5,45.2,47.9,30.5,0.000,0.000,0.00,0.000,10.6,16.4,3.0,187,13,11.3,20.4,3.4,187,10,10.6,16.4,3.0,187,13,0,29.48,,0,0,0,40.6,41.2,43.2,0.37,0.34,0.31
JORD,2015-12-21 17:45:00 EST,43.06980,-76.47006,402,49.5,49.5,45.9,48.3,30.7,0.000,0.000,0.00,0.000,8.6,12.9,1.9,188,16,9.4,15.4,2.2,187,12,8.6,12.9,1.9,188,16,0,29.48,,0,0,0,40.6,41.2,43.2,0.36,0.34,0.31
JORD,2015-12-21 17:50:00 EST,43.06980,-76.47006,402,49.5,49.6,46.2,48.7,30.9,0.000,0.000,0.00,0.000,7.7,12.2,1.9,190,13,8.4,13.6,2.1,190,10,7.7,12.2,1.9,190,13,0,29.49,,0,0,0,40.6,41.2,43.2,0.37,0.34,0.31
JORD,2015-12-21 17:55:00 EST,43.06980,-76.47006,402,49.8,49.9,46.0,48.0,30.9,0.000,0.000,0.00,0.000,9.6,15.2,2.5,187,14,10.4,16.8,2.7,188,11,9.6,15.2,2.5,187,14,0,29.49,,0,0,0,40.6,41.3,43.2,0.37,0.34,0.31
JORD,2015-12-21 18:00:00 EST,43.06980,-76.47006,402,49.9,50.0,46.3,48.2,31.1,0.000,0.000,0.00,0.000,9.0,16.1,2.9,191,17,9.6,16.8,3.0,193,13,9.0,16.1,2.9,191,17,0,29.49,,0,0,0,40.6,41.3,43.2,0.37,0.34,0.31
JORD,2015-12-21 18:05:00 EST,43.06980,-76.47006,402,50.0,50.1,50.0,48.5,31.4,0.000,0.000,0.00,0.000,7.7,12.1,1.5,199,15,8.2,13.2,1.9,199,12,7.7,12.1,1.5,199,15,0,29.49,,0,0,0,40.6,41.3,43.2,0.37,0.34,0.31
JORD,2015-12-21 18:10:00 EST,43.06980,-76.47006,402,50.2,50.3,50.2,48.6,31.6,0.000,0.000,0.00,0.000,7.3,11.5,1.7,195,13,7.9,12.3,1.8,195,11,7.3,11.5,1.7,195,13,0,29.49,,0,0,0,40.7,41.3,43.2,0.37,0.34,0.31
JORD,2015-12-21 18:15:00 EST,43.06980,-76.47006,402,50.3,50.3,50.3,48.5,31.6,0.000,0.000,0.00,0.000,6.4,11.5,1.9,196,19,7.1,11.4,1.9,196,15,6.4,11.5,1.9,196,19,0,29.49,,0,0,0,40.7,41.3,43.2,0.36,0.34,0.31
JORD,2015-12-21 18:20:00 EST,43.06980,-76.47006,402,50.3,50.4,50.3,48.5,31.6,0.000,0.000,0.00,0.000,6.4,11.5,2.1,193,17,7.0,13.0,2.1,192,15,6.4,11.5,2.1,193,17,0,29.49,,0,0,0,40.8,41.3,43.2,0.37,0.34,0.31
JORD,2015-12-21 18:25:00 EST,43.06980,-76.47006,402,50.6,50.7,50.6,47.6,31.4,0.000,0.000,0.00,0.000,8.1,11.7,2.0,197,15,8.6,12.8,2.0,198,12,8.1,11.7,2.0,197,15,0,29.50,,0,0,0,40.8,41.3,43.2,0.36,0.34,0.31
JORD,2015-12-21 18:30:00 EST,43.06980,-76.47006,402,50.7,50.8,50.7,47.8,31.6,0.000,0.000,0.00,0.000,6.7,10.1,1.4,187,18,7.5,14.3,1.9,188,15,6.7,10.1,1.4,187,18,0,29.49,,0,0,0,40.8,41.4,43.2,0.36,0.34,0.31
JORD,2015-12-21 18:35:00 EST,43.06980,-76.47006,402,50.9,51.0,50.9,47.9,31.9,0.000,0.000,0.00,0.000,7.9,12.7,1.8,190,11,8.5,14.1,2.0,190,10,7.9,12.7,1.8,190,11,0,29.49,,0,0,0,40.8,41.3,43.2,0.36,0.34,0.31
JORD,2015-12-21 18:40:00 EST,43.06980,-76.47006,402,51.0,51.1,51.0,48.0,32.0,0.000,0.000,0.00,0.000,7.8,12.1,1.7,186,13,8.5,14.1,1.9,186,11,7.8,12.1,1.7,186,13,0,29.49,,0,0,0,40.8,41.3,43.2,0.36,0.34,0.31
JORD,2015-12-21 18:45:00 EST,43.06980,-76.47006,402,51.0,51.1,51.0,48.7,32.4,0.000,0.000,0.00,0.000,8.3,13.7,2.6,186,12,9.0,16.1,3.0,187,9,8.3,13.7,2.6,186,12,0,29.49,,0,0,0,40.8,41.3,43.2,0.36,0.34,0.31
JORD,2015-12-21 18:50:00 EST,43.06980,-76.47006,402,51.1,51.1,51.1,49.7,32.9,0.000,0.000,0.00,0.000,7.5,12.9,2.2,187,15,8.2,13.9,2.4,188,13,7.5,12.9,2.2,187,15,0,29.49,,0,0,0,40.8,41.3,43.2,0.37,0.34,0.31
JORD,2015-12-21 18:55:00 EST,43.06980,-76.47006,402,51.1,51.2,51.1,50.6,33.4,0.000,0.000,0.00,0.000,7.2,9.7,1.4,185,14,7.6,10.7,1.5,185,12,7.2,9.7,1.4,185,14,0,29.49,,0,0,0,40.8,41.3,43.1,0.36,0.34,0.31
JORD,2015-12-21 19:00:00 EST,43.06980,-76.47006,402,51.1,51.2,51.1,51.1,33.6,0.000,0.000,0.00,0.000,8.7,13.2,1.7,193,14,9.2,13.6,1.8,194,12,8.7,13.2,1.7,193,14,0,29.49,,0,0,0,40.8,41.3,43.1,0.36,0.34,0.31
JORD,2015-12-21 19:05:00 EST,43.06980,-76.47006,402,51.1,51.3,51.1,52.1,34.2,0.000,0.000,0.00,0.000,8.2,13.7,2.2,200,12,8.8,15.0,2.3,201,10,8.2,13.7,2.2,200,12,0,29.50,,0,0,0,40.8,41.4,43.1,0.36,0.34,0.31
JORD,2015-12-21 19:10:00 EST,43.06980,-76.47006,402,51.2,51.3,51.2,52.8,34.6,0.000,0.000,0.00,0.000,7.6,13.1,1.6,194,15,8.1,13.6,1.7,195,14,7.6,13.1,1.6,194,15,0,29.50,,0,0,0,40.9,41.4,43.2,0.36,0.34,0.31
JORD,2015-12-21 19:15:00 EST,43.06980,-76.47006,402,51.3,51.3,51.3,52.7,34.6,0.000,0.000,0.00,0.000,7.5,12.1,2.3,183,15,8.1,13.9,2.4,186,13,7.5,12.1,2.3,183,15,0,29.50,,0,0,0,40.9,41.4,43.2,0.36,0.34,0.31
JORD,2015-12-21 19:20:00 EST,43.06980,-76.47006,402,51.2,51.3,51.2,52.9,34.6,0.000,0.000,0.00,0.000,7.8,10.7,1.5,196,14,8.4,12.3,1.7,196,11,7.8,10.7,1.5,196,14,0,29.50,,0,0,0,41.0,41.4,43.2,0.36,0.34,0.31
JORD,2015-12-21 19:25:00 EST,43.06980,-76.47006,402,51.1,51.2,51.1,53.6,34.9,0.000,0.000,0.00,0.000,6.2,10.2,1.6,193,14,6.8,10.5,1.6,195,12,6.2,10.2,1.6,193,14,0,29.50,,0,0,0,41.0,41.4,43.2,0.36,0.34,0.31
JORD,2015-12-21 19:30:00 EST,43.06980,-76.47006,402,51.3,51.3,51.3,54.3,35.3,0.000,0.000,0.00,0.000,8.3,11.9,1.8,187,14,9.0,13.9,2.0,188,11,8.3,11.9,1.8,187,14,0,29.50,,0,0,0,41.0,41.4,43.2,0.36,0.34,0.31
JORD,2015-12-21 19:35:00 EST,43.06980,-76.47006,402,51.3,51.4,51.3,55.9,36.1,0.000,0.000,0.00,0.000,9.7,16.0,2.7,188,16,10.5,18.1,2.8,189,14,9.7,16.0,2.7,188,16,0,29.50,,0,0,0,41.0,41.4,43.1,0.36,0.34,0.31
JORD,2015-12-21 19:40:00 EST,43.06980,-76.47006,402,51.3,51.4,51.3,56.6,36.4,0.000,0.000,0.00,0.000,9.5,14.5,2.3,186,13,10.2,17.0,2.7,188,10,9.5,14.5,2.3,186,13,0,29.50,,0,0,0,41.0,41.4,43.2,0.36,0.34,0.31
JORD,2015-12-21 19:45:00 EST,43.06980,-76.47006,402,51.3,51.3,51.3,57.1,36.6,0.000,0.000,0.00,0.000,8.1,15.1,2.2,186,14,8.9,16.6,2.4,188,11,8.1,15.1,2.2,186,14,0,29.49,,0,0,0,41.0,41.4,43.2,0.36,0.34,0.31
JORD,2015-12-21 19:50:00 EST,43.06980,-76.47006,402,51.2,51.2,51.2,57.7,36.8,0.000,0.000,0.00,0.000,8.3,14.0,2.4,185,12,9.1,16.6,2.7,186,10,8.3,14.0,2.4,185,12,0,29.49,,0,0,0,41.0,41.4,43.2,0.36,0.34,0.31
JORD,2015-12-21 19:55:00 EST,43.06980,-76.47006,402,51.2,51.3,51.2,57.8,36.9,0.000,0.000,0.00,0.000,9.0,16.1,3.1,184,14,10.0,18.6,3.3,185,11,9.0,16.1,3.1,184,14,0,29.50,,0,0,0,41.0,41.4,43.2,0.36,0.34,0.31
JORD,2015-12-21 20:00:00 EST,43.06980,-76.47006,402,51.3,51.3,51.3,58.5,37.2,0.000,0.000,0.00,0.000,9.1,15.1,2.7,187,14,10.0,17.7,3.0,188,10,9.1,15.1,2.7,187,14,0,29.49,,0,0,0,41.1,41.5,43.2,0.36,0.34,0.31
JORD,2015-12-21 20:05:00 EST,43.06980,-76.47006,402,51.2,51.3,51.2,58.6,37.2,0.000,0.000,0.00,0.000,8.5,13.7,2.1,189,16,9.2,14.8,2.4,189,13,8.5,13.7,2.1,189,16,0,29.49,,0,0,0,41.1,41.5,43.2,0.36,0.34,0.31
JORD,2015-12-21 20:10:00 EST,43.06980,-76.47006,402,51.2,51.3,51.2,59.1,37.4,0.000,0.000,0.00,0.000,9.0,14.1,1.6,188,15,9.9,15.4,2.0,189,12,9.0,14.1,1.6,188,15,0,29.49,,0,0,0,41.2,41.5,43.2,0.36,0.34,0.31
JORD,2015-12-21 20:15:00 EST,43.06980,-76.47006,402,51.2,51.3,51.2,60.0,37.8,0.000,0.000,0.00,0.000,12.0,19.5,2.9,191,15,12.8,19.7,3.0,192,12,12.0,19.5,2.9,191,15,0,29.49,,0,0,0,41.2,41.5,43.2,0.36,0.34,0.31
JORD,2015-12-21 20:20:00 EST,43.06980,-76.47006,402,51.1,51.2,51.1,60.8,38.1,0.000,0.000,0.00,0.000,8.6,14.5,2.0,191,15,9.2,16.6,2.3,191,14,8.6,14.5,2.0,191,15,0,29.50,,0,0,0,41.2,41.5,43.2,0.36,0.34,0.31
JORD,2015-12-21 20:25:00 EST,43.06980,-76.47006,402,51.2,51.2,51.2,61.5,38.4,0.000,0.000,0.00,0.000,11.0,16.6,3.0,194,15,11.7,20.1,3.3,195,13,11.0,16.6,3.0,194,15,0,29.50,,0,0,0,41.2,41.5,43.2,0.37,0.34,0.31
JORD,2015-12-21 20:30:00 EST,43.06980,-76.47006,402,51.1,51.1,51.1,62.1,38.5,0.000,0.000,0.00,0.000,10.4,18.0,2.5,195,13,11.2,18.3,2.5,194,11,10.4,18.0,2.5,195,13,0,29.50,,0,0,0,41.2,41.5,43.2,0.36,0.34,0.31
JORD,2015-12-21 20:35:00 EST,43.06980,-76.47006,402,51.1,51.1,51.1,62.4,38.7,0.000,0.000,0.00,0.000,10.6,17.7,3.2,183,14,11.4,18.6,3.3,184,12,10.6,17.7,3.2,183,14,0,29.49,,0,0,0,41.2,41.5,43.2,0.37,0.34,0.31
JORD,2015-12-21 20:40:00 EST,43.06980,-76.47006,402,51.0,51.0,51.0,62.8,38.8,0.000,0.000,0.00,0.000,9.2,14.2,2.0,182,14,9.7,15.4,2.2,182,13,9.2,14.2,2.0,182,14,0,29.49,,0,0,0,41.3,41.5,43.1,0.36,0.34,0.31
JORD,2015-12-21 20:45:00 EST,43.06980,-76.47006,402,51.0,51.0,51.0,63.0,38.8,0.000,0.000,0.00,0.000,9.2,15.4,2.3,192,14,9.9,18.3,2.6,192,13,9.2,15.4,2.3,192,14,0,29.49,,0,0,0,41.4,41.5,43.2,0.36,0.34,0.31
JORD,2015-12-21 20:50:00 EST,43.06980,-76.47006,402,50.9,51.0,50.9,63.5,38.9,0.000,0.000,0.00,0.000,8.7,14.2,2.6,186,13,9.3,15.9,2.9,187,11,8.7,14.2,2.6,186,13,0,29.49,,0,0,0,41.4,41.5,43.2,0.37,0.34,0.31
JORD,2015-12-21 20:55:00 EST,43.06980,-76.47006,402,51.0,51.1,51.0,63.3,39.0,0.000,0.000,0.00,0.000,10.2,17.1,2.7,188,15,11.1,18.1,2.8,189,12,10.2,17.1,2.7,188,15,0,29.49,,0,0,0,41.3,41.5,43.2,0.37,0.34,0.31
JORD,2015-12-21 21:00:00 EST,43.06980,-76.47006,402,51.2,51.2,51.2,63.3,39.1,0.000,0.000,0.00,0.000,11.4,18.0,2.7,188,13,12.3,18.8,3.0,188,10,11.4,18.0,2.7,188,13,0,29.50,,0,0,0,41.4,41.5,43.2,0.37,0.34,0.31
JORD,2015-12-21 21:05:00 EST,43.06980,-76.47006,402,51.2,51.2,51.2,63.3,39.2,0.000,0.000,0.00,0.000,11.9,18.3,2.5,187,14,12.6,19.9,2.7,188,13,11.9,18.3,2.5,187,14,0,29.50,,0,0,0,41.4,41.6,43.1,0.37,0.34,0.31
JORD,2015-12-21 21:10:00 EST,43.06980,-76.47006,402,51.3,51.3,51.3,63.5,39.3,0.000,0.000,0.00,0.000,11.2,17.9,2.7,184,16,12.4,20.1,3.0,185,12,11.2,17.9,2.7,184,16,0,29.50,,0,0,0,41.4,41.6,43.2,0.37,0.34,0.31
JORD,2015-12-21 21:15:00 EST,43.06980,-76.47006,402,51.3,51.3,51.3,63.5,39.3,0.000,0.000,0.00,0.000,12.9,23.0,4.2,189,15,14.0,24.6,4.5,190,13,12.9,23.0,4.2,189,15,0,29.50,,0,0,0,41.4,41.5,43.2,0.37,0.34,0.31
JORD,2015-12-21 21:20:00 EST,43.06980,-76.47006,402,51.3,51.3,51.3,63.9,39.5,0.000,0.000,0.00,0.000,10.2,18.1,2.6,187,13,10.9,19.0,3.0,188,11,10.2,18.1,2.6,187,13,0,29.50,,0,0,0,41.4,41.6,43.2,0.37,0.34,0.31
JORD,2015-12-21 21:25:00 EST,43.06980,-76.47006,402,51.2,51.3,51.2,64.3,39.6,0.000,0.000,0.00,0.000,8.0,15.7,2.4,202,17,8.7,17.4,2.8,201,14,8.0,15.7,2.4,202,17,0,29.50,,0,0,0,41.5,41.6,43.2,0.37,0.34,0.31
JORD,2015-12-21 21:30:00 EST,43.06980,-76.47006,402,51.1,51.2,51.1,64.7,39.7,0.000,0.000,0.00,0.000,7.6,14.5,2.1,199,16,8.4,15.2,2.3,200,15,7.6,14.5,2.1,199,16,0,29.50,,0,0,0,41.5,41.6,43.2,0.37,0.34,0.31
JORD,2015-12-21 21:35:00 EST,43.06980,-76.47006,402,51.3,51.3,51.3,65.1,40.0,0.000,0.000,0.00,0.000,8.2,12.6,1.9,190,15,9.0,15.9,2.2,191,12,8.2,12.6,1.9,190,15,0,29.51,,0,0,0,41.5,41.6,43.1,0.37,0.34,0.31
JORD,2015-12-21 21:40:00 EST,43.06980,-76.47006,402,51.4,51.4,51.4,65.3,40.2,0.000,0.000,0.00,0.000,10.3,16.3,2.9,190,12,11.0,18.1,3.2,190,10,10.3,16.3,2.9,190,12,0,29.51,,0,0,0,41.5,41.6,43.1,0.37,0.34,0.31
JORD,2015-12-21 21:45:00 EST,43.06980,-76.47006,402,51.3,51.4,51.3,66.1,40.4,0.000,0.000,0.00,0.000,9.1,15.8,2.7,191,15,10.0,16.1,2.9,192,13,9.1,15.8,2.7,191,15,0,29.51,,0,0,0,41.5,41.6,43.1,0.37,0.34,0.31
JORD,2015-12-21 21:50:00 EST,43.06980,-76.47006,402,51.4,51.4,51.4,66.4,40.6,0.000,0.000,0.00,0.000,7.3,12.5,2.4,199,18,8.0,13.6,2.4,199,15,7.3,12.5,2.4,199,18,0,29.51,,0,0,0,41.6,41.6,43.2,0.37,0.34,0.31
JORD,2015-12-21 21:55:00 EST,43.06980,-76.47006,402,51.4,51.5,51.4,67.0,40.8,0.000,0.000,0.00,0.000,8.9,15.9,2.5,192,18,9.6,17.7,2.9,194,16,8.9,15.9,2.5,192,18,0,29.50,,0,0,0,41.6,41.7,43.2,0.37,0.34,0.31
JORD,2015-12-21 22:00:00 EST,43.06980,-76.47006,402,51.5,51.5,51.5,67.2,41.0,0.000,0.000,0.00,0.000,7.7,14.8,2.5,190,16,8.2,15.0,2.6,191,13,7.7,14.8,2.5,190,16,0,29.50,,0,0,0,41.7,41.7,43.2,0.37,0.34,0.31
JORD,2015-12-21 22:05:00 EST,43.06980,-76.47006,402,51.6,51.7,51.6,67.1,41.0,0.000,0.000,0.00,0.000,10.3,17.5,2.7,185,13,11.2,19.9,3.1,188,10,10.3,17.5,2.7,185,13,0,29.50,,0,0,0,41.7,41.7,43.1,0.37,0.34,0.31
JORD,2015-12-21 22:10:00 EST,43.06980,-76.47006,402,51.7,51.7,51.7,67.0,41.1,0.000,0.000,0.00,0.000,9.9,15.6,2.8,185,13,10.7,18.6,3.3,186,11,9.9,15.6,2.8,185,13,0,29.51,,0,0,0,41.7,41.7,43.2,0.37,0.34,0.31
JORD,2015-12-21 22:15:00 EST,43.06980,-76.47006,402,51.7,51.7,51.7,67.1,41.2,0.000,0.000,0.00,0.000,11.7,19.5,3.7,191,11,12.5,20.8,3.9,192,9,11.7,19.5,3.7,191,11,0,29.51,,0,0,0,41.7,41.7,43.1,0.37,0.34,0.31
JORD,2015-12-21 22:20:00 EST,43.06980,-76.47006,402,51.7,51.7,51.7,67.2,41.1,0.000,0.000,0.00,0.000,10.8,16.8,2.5,191,15,11.7,19.5,2.8,191,12,10.8,16.8,2.5,191,15,0,29.51,,0,0,0,41.7,41.7,43.2,0.37,0.34,0.31
JORD,2015-12-21 22:25:00 EST,43.06980,-76.47006,402,51.6,51.6,51.6,67.6,41.2,0.000,0.000,0.00,0.000,9.8,16.2,2.4,182,17,10.7,16.3,2.6,184,15,9.8,16.2,2.4,182,17,0,29.51,,0,0,0,41.7,41.7,43.2,0.37,0.34,0.31
JORD,2015-12-21 22:30:00 EST,43.06980,-76.47006,402,51.5,51.5,51.5,67.9,41.3,0.000,0.000,0.00,0.000,7.9,14.0,2.1,189,14,8.5,15.0,2.1,190,13,7.9,14.0,2.1,189,14,0,29.50,,0,0,0,41.7,41.7,43.2,0.37,0.34,0.31
JORD,2015-12-21 22:35:00 EST,43.06980,-76.47006,402,51.5,51.5,51.5,68.2,41.4,0.000,0.000,0.00,0.000,9.2,13.1,2.0,187,15,10.1,15.0,2.3,188,12,9.2,13.1,2.0,187,15,0,29.50,,0,0,0,41.7,41.7,43.1,0.37,0.34,0.31
JORD,2015-12-21 22:40:00 EST,43.06980,-76.47006,402,51.6,51.5,51.6,68.3,41.5,0.000,0.000,0.00,0.000,8.4,12.9,2.3,187,14,9.2,14.1,2.5,189,11,8.4,12.9,2.3,187,14,0,29.50,,0,0,0,41.8,41.7,43.2,0.37,0.34,0.31
JORD,2015-12-21 22:45:00 EST,43.06980,-76.47006,402,51.6,51.6,51.6,68.4,41.5,0.000,0.000,0.00,0.000,9.7,20.7,3.1,190,16,10.5,23.7,3.5,191,13,9.7,20.7,3.1,190,16,0,29.50,,0,0,0,41.9,41.7,43.2,0.37,0.34,0.31
JORD,2015-12-21 22:50:00 EST,43.06980,-76.47006,402,51.5,51.5,51.5,68.7,41.6,0.000,0.000,0.00,0.000,8.0,13.8,2.2,184,12,8.8,13.9,2.4,184,10,8.0,13.8,2.2,184,12,0,29.50,,0,0,0,41.9,41.7,43.2,0.37,0.34,0.31
JORD,2015-12-21 22:55:00 EST,43.06980,-76.47006,402,51.6,51.5,51.6,68.8,41.6,0.000,0.000,0.00,0.000,8.8,14.1,2.0,185,12,9.6,16.3,2.2,186,9,8.8,14.1,2.0,185,12,0,29.50,,0,0,0,41.9,41.7,43.2,0.37,0.34,0.31
JORD,2015-12-21 23:00:00 EST,43.06980,-76.47006,402,51.5,51.5,51.5,69.0,41.7,0.000,0.000,0.00,0.000,8.6,14.2,2.1,184,12,9.3,15.7,2.1,184,10,8.6,14.2,2.1,184,12,0,29.50,,0,0,0,41.9,41.8,43.2,0.37,0.34,0.31
JORD,2015-12-21 23:05:00 EST,43.06980,-76.47006,402,51.5,51.5,51.5,69.2,41.8,0.000,0.000,0.00,0.000,9.8,14.6,2.0,183,13,10.6,17.2,2.4,184,11,9.8,14.6,2.0,183,13,0,29.50,,0,0,0,41.9,41.7,43.1,0.37,0.34,0.31
JORD,2015-12-21 23:10:00 EST,43.06980,-76.47006,402,51.5,51.5,51.5,69.3,41.8,0.000,0.000,0.00,0.000,9.3,12.5,1.9,187,14,10.2,15.2,2.1,187,12,9.3,12.5,1.9,187,14,0,29.50,,0,0,0,41.9,41.7,43.1,0.37,0.34,0.31
JORD,2015-12-21 23:15:00 EST,43.06980,-76.47006,402,51.5,51.5,51.5,69.5,41.9,0.000,0.000,0.00,0.000,9.7,15.3,2.3,181,15,10.7,17.9,2.9,182,12,9.7,15.3,2.3,181,15,0,29.50,,0,0,0,42.0,41.8,43.2,0.37,0.34,0.31
JORD,2015-12-21 23:20:00 EST,43.06980,-76.47006,402,51.4,51.4,51.4,69.8,41.9,0.000,0.000,0.00,0.000,8.4,13.8,2.4,180,16,8.9,15.7,2.8,181,13,8.4,13.8,2.4,180,16,0,29.49,,0,0,0,42.1,41.8,43.2,0.37,0.34,0.31
JORD,2015-12-21 23:25:00 EST,43.06980,-76.47006,402,51.6,51.5,51.6,69.8,42.0,0.000,0.000,0.00,0.000,10.4,18.4,2.9,190,13,11.1,19.7,3.1,191,10,10.4,18.4,2.9,190,13,0,29.50,,0,0,0,42.1,41.8,43.2,0.37,0.34,0.31
JORD,2015-12-21 23:30:00 EST,43.06980,-76.47006,402,51.6,51.6,51.6,69.6,42.0,0.000,0.000,0.00,0.000,10.9,17.0,2.6,188,13,11.7,18.8,3.1,189,10,10.9,17.0,2.6,188,13,0,29.51,,0,0,0,42.1,41.8,43.2,0.37,0.34,0.31
JORD,2015-12-21 23:35:00 EST,43.06980,-76.47006,402,51.6,51.6,51.6,69.5,42.0,0.000,0.000,0.00,0.000,11.8,18.8,3.4,191,13,12.9,21.5,3.7,191,9,11.8,18.8,3.4,191,13,0,29.51,,0,0,0,42.1,41.9,43.1,0.37,0.34,0.31
JORD,2015-12-21 23:40:00 EST,43.06980,-76.47006,402,51.5,51.5,51.5,69.6,41.9,0.000,0.000,0.00,0.000,9.8,18.0,3.0,181,16,10.7,19.7,3.5,181,12,9.8,18.0,3.0,181,16,0,29.51,,0,0,0,42.1,41.9,43.2,0.37,0.34,0.31
JORD,2015-12-21 23:45:00 EST,43.06980,-76.47006,402,51.5,51.5,51.5,69.6,41.8,0.000,0.000,0.00,0.000,11.3,16.0,2.1,183,14,12.2,18.1,2.4,185,11,11.3,16.0,2.1,183,14,0,29.50,,0,0,0,42.1,41.9,43.2,0.37,0.34,0.31
JORD,2015-12-21 23:50:00 EST,43.06980,-76.47006,402,51.4,51.4,51.4,69.6,41.8,0.000,0.000,0.00,0.000,11.4,17.6,2.7,190,14,12.3,18.3,2.8,189,11,11.4,17.6,2.7,190,14,0,29.50,,0,0,0,42.1,41.9,43.1,0.37,0.34,0.31
JORD,2015-12-21 23:55:00 EST,43.06980,-76.47006,402,51.5,51.5,51.5,69.5,41.9,0.000,0.000,0.26,0.000,12.8,20.5,3.0,180,13,14.0,22.6,3.3,181,11,12.8,20.5,3.0,180,13,0,29.50,,0,0,0,42.2,41.9,43.2,0.37,0.34,0.32
OTIS,2015-12-21 00:00:00 EST,41.48249,-74.50368,778,28.8,29.3,28.8,66.9,19.2,0.000,0.000,0.00,0.000,2.3,4.1,0.7,222,22,2.6,4.5,0.9,222,24,2.3,4.1,0.7,222,22,0,29.52,,0,0,0,36.9,41.4,43.5,0.20,0.19,0.15
OTIS,2015-12-21 00:05:00 EST,41.48249,-74.50368,778,28.3,29.1,28.3,69.0,19.4,0.000,0.000,0.00,0.000,2.3,4.5,0.7,213,16,2.6,5.4,0.8,212,15,2.3,4.5,0.7,213,16,0,29.52,,0,0,0,36.9,41.4,43.4,0.20,0.19,0.15
OTIS,2015-12-21 00:10:00 EST,41.48249,-74.50368,778,28.2,29.1,28.2,70.1,19.7,0.000,0.000,0.00,0.000,1.7,3.6,0.8,216,9,1.9,4.0,0.8,215,12,1.7,3.6,0.8,216,9,0,29.51,,0,0,0,36.8,41.4,43.5,0.20,0.19,0.15
OTIS,2015-12-21 00:15:00 EST,41.48249,-74.50368,778,28.1,28.9,28.1,70.0,19.5,0.000,0.000,0.00,0.000,0.7,2.0,0.6,255,38,1.1,2.0,0.5,274,52,0.7,2.0,0.6,255,38,0,29.51,,0,0,0,36.8,41.4,43.4,0.20,0.19,0.15
OTIS,2015-12-21 00:20:00 EST,41.48249,-74.50368,778,27.6,29.1,27.6,74.3,20.5,0.000,0.000,0.00,0.000,1.8,3.8,0.6,273,20,2.1,3.6,0.6,275,21,1.8,3.8,0.6,273,20,0,29.51,,0,0,0,36.8,41.4,43.4,0.20,0.19,0.15
OTIS,2015-12-21 00:25:00 EST,41.48249,-74.50368,778,28.4,29.3,28.4,70.9,20.1,0.000,0.000,0.00,0.000,2.6,3.9,0.6,283,14,2.9,4.7,0.7,283,15,2.6,3.9,0.6,283,14,0,29.51,,0,0,0,36.8,41.4,43.5,0.20,0.19,0.15
OTIS,2015-12-21 00:30:00 EST,41.48249,-74.50368,778,28.8,29.2,25.6,67.7,19.5,0.000,0.000,0.00,0.000,3.1,4.2,0.5,272,15,3.4,4.9,0.6,273,15,3.1,4.2,0.5,272,15,0,29.51,,0,0,0,36.8,41.4,43.4,0.20,0.19,0.15
OTIS,2015-12-21 00:35:00 EST,41.48249,-74.50368,778,28.5,29.1,28.5,69.2,19.7,0.000,0.000,0.00,0.000,2.0,2.8,0.3,254,11,2.3,3.4,0.4,254,14,2.0,2.8,0.3,254,11,0,29.51,,0,0,0,36.8,41.4,43.5,0.20,0.19,0.15
OTIS,2015-12-21 00:40:00 EST,41.48249,-74.50368,778,27.4,29.0,27.4,73.2,20.0,0.000,0.000,0.00,0.000,1.0,2.3,0.6,239,7,1.3,2.2,0.5,249,16,1.0,2.3,0.6,239,7,0,29.51,,0,0,0,36.7,41.3,43.5,0.21,0.19,0.15
OTIS,2015-12-21 00:45:00 EST,41.48249,-74.50368,778,27.6,29.1,27.6,73.0,20.1,0.000,0.000,0.00,0.000,0.2,0.6,0.2,233,0,0.8,1.3,0.2,251,22,0.2,0.6,0.2,233,0,0,29.51,,0,0,0,36.7,41.4,43.4,0.21,0.19,0.15
OTIS,2015-12-21 00:50:00 EST,41.48249,-74.50368,778,26.9,28.6,26.9,74.7,19.9,0.000,0.000,0.00,0.000,0.0,0.8,0.1,233,0,0.8,1.3,0.2,290,30,0.0,0.8,0.1,233,0,0,29.51,,0,0,0,36.7,41.4,43.5,0.21,0.19,0.15
OTIS,2015-12-21 00:55:00 EST,41.48249,-74.50368,778,26.9,28.4,26.9,74.8,20.0,0.000,0.000,0.00,0.000,0.7,1.5,0.4,234,0,1.1,1.8,0.3,246,11,0.7,1.5,0.4,234,0,0,29.50,,0,0,0,36.7,41.3,43.4,0.21,0.19,0.15
OTIS,2015-12-21 01:00:00 EST,41.48249,-74.50368,778,27.0,29.1,27.0,74.5,19.9,0.000,0.000,0.00,0.000,1.9,3.3,0.5,233,13,2.1,3.8,0.6,233,12,1.9,3.3,0.5,233,13,0,29.50,,0,0,0,36.7,41.3,43.4,0.21,0.19,0.15
OTIS,2015-12-21 01:05:00 EST,41.48249,-74.50368,778,27.4,29.8,27.4,73.9,20.2,0.000,0.000,0.00,0.000,2.7,4.7,0.8,229,10,2.8,5.1,0.9,228,10,2.7,4.7,0.8,229,10,0,29.51,,0,0,0,36.6,41.3,43.5,0.21,0.19,0.15
OTIS,2015-12-21 01:10:00 EST,41.48249,-74.50368,778,28.8,30.5,25.3,67.7,19.5,0.000,0.000,0.00,0.000,3.3,4.5,0.6,209,10,3.6,4.9,0.7,208,10,3.3,4.5,0.6,209,10,0,29.50,,0,0,0,36.6,41.4,43.4,0.21,0.19,0.15
OTIS,2015-12-21 01:15:00 EST,41.48249,-74.50368,778,26.2,29.1,26.2,73.6,18.9,0.000,0.000,0.00,0.000,2.6,3.4,0.2,187,7,3.0,3.6,0.3,186,8,2.6,3.4,0.2,187,7,0,29.50,,0,0,0,36.6,41.3,43.4,0.21,0.19,0.15
OTIS,2015-12-21 01:20:00 EST,41.48249,-74.50368,778,25.3,29.3,25.3,79.9,20.0,0.000,0.000,0.00,0.000,2.8,5.8,0.9,231,20,2.9,6.5,1.1,231,18,2.8,5.8,0.9,231,20,0,29.50,,0,0,0,36.5,41.3,43.4,0.21,0.19,0.15
OTIS,2015-12-21 01:25:00 EST,41.48249,-74.50368,778,26.8,29.9,26.8,77.0,20.5,0.000,0.000,0.00,0.000,1.6,3.0,0.7,241,11,1.8,3.4,0.7,237,15,1.6,3.0,0.7,241,11,0,29.50,,0,0,0,36.6,41.3,43.4,0.21,0.19,0.15
OTIS,2015-12-21 01:30:00 EST,41.48249,-74.50368,778,25.8,27.5,25.8,77.4,19.7,0.000,0.000,0.00,0.000,0.1,1.8,0.4,229,1,0.8,2.2,0.5,233,73,0.1,1.8,0.4,229,1,0,29.50,,0,0,0,36.6,41.3,43.4,0.20,0.19,0.15
OTIS,2015-12-21 01:35:00 EST,41.48249,-74.50368,778,25.4,27.0,25.4,78.8,19.8,0.000,0.000,0.00,0.000,1.6,2.3,0.4,186,12,2.1,2.9,0.4,185,16,1.6,2.3,0.4,186,12,0,29.50,,0,0,0,36.5,41.3,43.4,0.21,0.19,0.15
OTIS,2015-12-21 01:40:00 EST,41.48249,-74.50368,778,25.0,28.8,25.0,81.6,20.2,0.000,0.000,0.00,0.000,1.8,2.6,0.3,207,6,2.0,2.9,0.3,204,9,1.8,2.6,0.3,207,6,0,29.50,,0,0,0,36.5,41.2,43.4,0.20,0.19,0.15
OTIS,2015-12-21 01:45:00 EST,41.48249,-74.50368,778,25.8,29.7,25.8,80.9,20.8,0.000,0.000,0.00,0.000,2.3,3.7,0.4,201,11,2.5,4.0,0.5,202,12,2.3,3.7,0.4,201,11,0,29.49,,0,0,0,36.5,41.2,43.4,0.20,0.19,0.15
OTIS,2015-12-21 01:50:00 EST,41.48249,-74.50368,778,24.7,29.6,24.7,81.4,19.8,0.000,0.000,0.00,0.000,2.7,3.9,0.6,178,11,3.1,4.3,0.6,178,13,2.7,3.9,0.6,178,11,0,29.49,,0,0,0,36.5,41.2,43.4,0.21,0.19,0.15
OTIS,2015-12-21 01:55:00 EST,41.48249,-74.50368,778,25.4,28.3,25.4,83.1,21.0,0.000,0.000,0.00,0.000,2.9,3.3,0.2,181,2,3.2,3.8,0.3,181,4,2.9,3.3,0.2,181,2,0,29.49,,0,0,0,36.4,41.2,43.4,0.20,0.19,0.15
OTIS,2015-12-21 02:00:00 EST,41.48249,-74.50368,778,25.3,28.5,25.3,81.6,20.5,0.000,0.000,0.00,0.000,2.4,4.1,0.5,197,13,2.6,4.3,0.5,195,13,2.4,4.1,0.5,197,13,0,29.49,,0,0,0,36.4,41.2,43.4,0.21,0.19,0.15
OTIS,2015-12-21 02:05:00 EST,41.48249,-74.50368,778,24.8,29.1,24.8,82.8,20.4,0.000,0.000,0.00,0.000,1.6,2.3,0.4,203,10,1.9,2.7,0.4,201,14,1.6,2.3,0.4,203,10,0,29.50,,0,0,0,36.3,41.2,43.4,0.21,0.19,0.15
OTIS,2015-12-21 02:10:00 EST,41.48249,-74.50368,778,24.9,28.2,24.9,83.1,20.5,0.000,0.000,0.00,0.000,1.0,2.0,0.4,183,10,1.5,2.7,0.4,181,15,1.0,2.0,0.4,183,10,0,29.49,,0,0,0,36.4,41.2,43.5,0.21,0.19,0.15
OTIS,2015-12-21 02:15:00 EST,41.48249,-74.50368,778,24.7,27.1,24.7,83.9,20.6,0.000,0.000,0.00,0.000,2.2,2.6,0.3,169,5,2.6,3.8,0.3,168,10,2.2,2.6,0.3,169,5,0,29.49,,0,0,0,36.3,41.2,43.4,0.21,0.19,0.15
OTIS,2015-12-21 02:20:00 EST,41.48249,-74.50368,778,24.5,27.9,24.5,85.5,20.8,0.000,0.000,0.00,0.000,2.0,2.8,0.4,191,7,2.3,3.1,0.4,192,8,2.0,2.8,0.4,191,7,0,29.49,,0,0,0,36.3,41.2,43.4,0.21,0.19,0.15
OTIS,2015-12-21 02:25:00 EST,41.48249,-74.50368,778,24.5,28.3,24.5,86.5,21.0,0.000,0.000,0.00,0.000,1.9,3.0,0.5,185,7,2.2,3.4,0.4,182,11,1.9,3.0,0.5,185,7,0,29.49,,0,0,0,36.3,41.2,43.4,0.21,0.19,0.15
OTIS,2015-12-21 02:30:00 EST,41.48249,-74.50368,778,24.5,27.3,24.5,86.1,21.0,0.000,0.000,0.00,0.000,1.1,1.7,0.3,152,25,1.4,2.5,0.3,140,27,1.1,1.7,0.3,152,25,0,29.49,,0,0,0,36.3,41.1,43.4,0.20,0.19,0.15
OTIS,2015-12-21 02:35:00 EST,41.48249,-74.50368,778,24.6,26.0,24.6,85.6,20.9,0.000,0.000,0.00,0.000,1.5,2.0,0.3,134,8,1.8,2.2,0.2,140,10,1.5,2.0,0.3,134,8,0,29.49,,0,0,0,36.3,41.1,43.4,0.20,0.19,0.15
OTIS,2015-12-21 02:40:00 EST,41.48249,-74.50368,778,24.3,26.2,24.3,86.9,21.0,0.000,0.000,0.00,0.000,2.1,2.5,0.2,185,18,2.4,2.7,0.2,192,19,2.1,2.5,0.2,185,18,0,29.49,,0,0,0,36.2,41.1,43.4,0.21,0.19,0.15
OTIS,2015-12-21 02:45:00 EST,41.48249,-74.50368,778,24.4,27.5,24.4,88.0,21.4,0.000,0.000,0.00,0.000,1.8,2.6,0.4,194,9,2.2,2.9,0.4,188,11,1.8,2.6,0.4,194,9,0,29.49,,0,0,0,36.3,41.1,43.3,0.21,0.19,0.15
OTIS,2015-12-21 02:50:00 EST,41.48249,-74.50368,778,24.3,25.8,24.3,87.1,21.0,0.000,0.000,0.00,0.000,0.8,2.0,0.7,156,13,1.4,2.5,0.5,145,28,0.8,2.0,0.7,156,13,0,29.49,,0,0,0,36.2,41.1,43.4,0.21,0.19,0.15
OTIS,2015-12-21 02:55:00 EST,41.48249,-74.50368,778,24.6,26.9,24.6,85.4,20.9,0.000,0.000,0.00,0.000,1.4,1.9,0.4,193,23,1.8,2.7,0.4,210,29,1.4,1.9,0.4,193,23,0,29.49,,0,0,0,36.3,41.1,43.4,0.20,0.19,0.15
OTIS,2015-12-21 03:00:00 EST,41.48249,-74.50368,778,25.3,26.7,25.3,84.4,21.3,0.000,0.000,0.00,0.000,1.7,3.1,0.7,307,7,1.7,3.6,0.7,312,8,1.7,3.1,0.7,307,7,0,29.49,,0,0,0,36.2,41.0,43.3,0.21,0.19,0.15
OTIS,2015-12-21 03:05:00 EST,41.48249,-74.50368,778,25.9,26.6,25.9,84.8,21.9,0.000,0.000,0.00,0.000,0.3,0.8,0.3,315,0,0.9,1.3,0.2,330,17,0.3,0.8,0.3,315,0,0,29.48,,0,0,0,36.2,41.1,43.4,0.20,0.19,0.15
OTIS,2015-12-21 03:10:00 EST,41.48249,-74.50368,778,25.9,26.4,25.9,81.9,21.1,0.000,0.000,0.00,0.000,0.4,1.4,0.5,315,0,1.0,1.8,0.4,332,10,0.4,1.4,0.5,315,0,0,29.48,,0,0,0,36.2,41.1,43.3,0.21,0.19,0.15
OTIS,2015-12-21 03:15:00 EST,41.48249,-74.50368,778,25.9,26.5,25.9,81.0,20.9,0.000,0.000,0.00,0.000,1.6,2.2,0.3,327,9,2.1,2.7,0.4,334,6,1.6,2.2,0.3,327,9,0,29.48,,0,0,0,36.2,41.0,43.3,0.21,0.19,0.15
OTIS,2015-12-21 03:20:00 EST,41.48249,-74.50368,778,25.9,26.6,25.9,82.3,21.3,0.000,0.000,0.00,0.000,0.5,1.2,0.4,333,0,1.3,1.8,0.2,354,18,0.5,1.2,0.4,333,0,0,29.47,,0,0,0,36.2,41.0,43.3,0.20,0.19,0.15
OTIS,2015-12-21 03:25:00 EST,41.48249,-74.50368,778,26.1,26.6,26.1,83.2,21.7,0.000,0.000,0.00,0.000,1.1,1.5,0.2,333,0,1.6,2.2,0.4,335,10,1.1,1.5,0.2,333,0,0,29.47,,0,0,0,36.2,41.0,43.3,0.21,0.19,0.15
OTIS,2015-12-21 03:30:00 EST,41.48249,-74.50368,778,26.4,26.7,26.4,83.9,22.2,0.000,0.000,0.00,0.000,0.9,1.7,0.5,320,7,1.3,2.0,0.4,313,8,0.9,1.7,0.5,320,7,0,29.47,,0,0,0,36.2,41.0,43.4,0.20,0.19,0.15
OTIS,2015-12-21 03:35:00 EST,41.48249,-74.50368,778,26.5,26.9,26.5,83.1,22.1,0.000,0.000,0.00,0.000,0.8,1.4,0.3,317,0,1.1,1.6,0.2,323,8,0.8,1.4,0.3,317,0,0,29.47,,0,0,0,36.2,41.0,43.3,0.21,0.19,0.15
OTIS,2015-12-21 03:40:00 EST,41.48249,-74.50368,778,26.3,26.8,26.3,82.2,21.6,0.000,0.000,0.00,0.000,0.1,0.1,0.0,317,0,0.4,0.7,0.1,313,58,0.1,0.1,0.0,317,0,0,29.47,,0,0,0,36.2,41.0,43.3,0.21,0.19,0.15
OTIS,2015-12-21 03:45:00 EST,41.48249,-74.50368,778,25.6,26.5,25.6,83.1,21.2,0.000,0.000,0.00,0.000,0.1,0.1,0.0,316,0,0.6,1.1,0.2,171,36,0.1,0.1,0.0,316,0,0,29.47,,0,0,0,36.2,41.0,43.3,0.20,0.19,0.15
OTIS,2015-12-21 03:50:00 EST,41.48249,-74.50368,778,25.3,26.3,25.3,85.8,21.7,0.000,0.000,0.00,0.000,0.1,0.1,0.0,316,0,0.6,0.9,0.2,187,27,0.1,0.1,0.0,316,0,0,29.47,,0,0,0,36.2,41.0,43.3,0.21,0.19,0.15
OTIS,2015-12-21 03:55:00 EST,41.48249,-74.50368,778,25.8,26.8,25.8,85.2,21.9,0.000,0.000,0.00,0.000,0.2,0.7,0.2,317,0,0.6,1.1,0.2,321,29,0.2,0.7,0.2,317,0,0,29.47,,0,0,0,36.2,41.0,43.3,0.20,0.19,0.15
OTIS,2015-12-21 04:00:00 EST,41.48249,-74.50368,778,25.7,26.7,25.7,85.0,21.8,0.000,0.000,0.00,0.000,0.1,0.4,0.1,317,0,0.7,1.1,0.2,94,19,0.1,0.4,0.1,317,0,0,29.47,,0,0,0,36.2,41.0,43.3,0.21,0.19,0.15
OTIS,2015-12-21 04:05:00 EST,41.48249,-74.50368,778,25.6,26.6,25.6,83.7,21.4,0.000,0.000,0.00,0.000,0.1,0.1,0.0,317,0,0.4,1.1,0.3,142,25,0.1,0.1,0.0,317,0,0,29.47,,0,0,0,36.1,41.0,43.3,0.20,0.19,0.15
OTIS,2015-12-21 04:10:00 EST,41.48249,-74.50368,778,25.9,26.7,25.9,82.9,21.4,0.000,0.000,0.00,0.000,0.5,1.0,0.3,317,0,1.0,1.6,0.3,146,14,0.5,1.0,0.3,317,0,0,29.46,,0,0,0,36.1,41.0,43.3,0.21,0.19,0.15
OTIS,2015-12-21 04:15:00 EST,41.48249,-74.50368,778,26.0,27.6,26.0,83.7,21.8,0.000,0.000,0.00,0.000,0.7,2.8,0.8,263,34,1.3,3.1,0.7,221,49,0.7,2.8,0.8,263,34,0,29.46,,0,0,0,36.1,41.0,43.3,0.21,0.19,0.15
OTIS,2015-12-21 04:20:00 EST,41.48249,-74.50368,778,25.8,28.7,25.8,84.8,21.9,0.000,0.000,0.00,0.000,1.4,4.5,0.8,257,33,1.8,5.1,0.9,251,42,1.4,4.5,0.8,257,33,0,29.46,,0,0,0,36.0,40.9,43.3,0.21,0.19,0.15
OTIS,2015-12-21 04:25:00 EST,41.48249,-74.50368,778,26.4,29.0,26.4,83.2,22.0,0.000,0.000,0.00,0.000,1.9,4.2,1.1,260,22,2.3,4.9,1.1,256,25,1.9,4.2,1.1,260,22,0,29.46,,0,0,0,36.0,41.0,43.3,0.21,0.19,0.15
OTIS,2015-12-21 04:30:00 EST,41.48249,-74.50368,778,28.5,30.8,28.5,78.2,22.6,0.000,0.000,0.00,0.000,2.7,5.6,1.0,269,17,3.2,7.4,1.3,268,18,2.7,5.6,1.0,269,17,0,29.46,,0,0,0,36.1,40.9,43.3,0.20,0.19,0.15
OTIS,2015-12-21 04:35:00 EST,41.48249,-74.50368,778,26.6,29.5,26.6,79.1,21.0,0.000,0.000,0.00,0.000,1.4,2.8,0.6,226,34,1.9,4.3,0.7,219,32,1.4,2.8,0.6,226,34,0,29.45,,0,0,0,36.0,40.9,43.3,0.21,0.19,0.15
OTIS,2015-12-21 04:40:00 EST,41.48249,-74.50368,778,26.2,29.2,26.2,81.9,21.4,0.000,0.000,0.00,0.000,2.5,3.9,0.7,189,17,2.9,4.7,0.8,189,19,2.5,3.9,0.7,189,17,0,29.45,,0,0,0,36.0,40.9,43.3,0.21,0.19,0.15
OTIS,2015-12-21 04:45:00 EST,41.48249,-74.50368,778,25.9,27.9,25.9,83.9,21.7,0.000,0.000,0.00,0.000,2.8,3.7,0.4,174,11,3.2,4.3,0.5,174,13,2.8,3.7,0.4,174,11,0,29.45,,0,0,0,36.1,40.9,43.2,0.21,0.19,0.15
OTIS,2015-12-21 04:50:00 EST,41.48249,-74.50368,778,25.7,27.9,21.7,84.7,21.8,0.000,0.000,0.00,0.000,3.4,3.9,0.3,169,8,3.8,4.5,0.3,167,10,3.4,3.9,0.3,169,8,0,29.44,,0,0,0,36.1,40.9,43.3,0.20,0.19,0.15
OTIS,2015-12-21 04:55:00 EST,41.48249,-74.50368,778,25.8,28.0,21.8,84.4,21.7,0.000,0.000,0.00,0.000,3.3,4.3,0.4,186,7,3.7,4.9,0.5,185,7,3.3,4.3,0.4,186,7,0,29.44,,0,0,0,36.0,40.9,43.2,0.20,0.19,0.15
OTIS,2015-12-21 05:00:00 EST,41.48249,-74.50368,778,27.2,29.7,22.0,80.8,22.1,0.000,0.000,0.00,0.000,4.4,5.0,0.3,193,5,4.8,5.6,0.4,192,5,4.4,5.0,0.3,193,5,0,29.44,,0,0,0,36.0,40.9,43.3,0.21,0.19,0.15
OTIS,2015-12-21 05:05:00 EST,41.48249,-74.50368,778,28.7,30.3,24.1,73.7,21.4,0.000,0.000,0.00,0.000,4.1,4.9,0.4,193,3,4.5,5.6,0.5,192,4,4.1,4.9,0.4,193,3,0,29.44,,0,0,0,36.0,40.8,43.2,0.20,0.19,0.15
OTIS,2015-12-21 05:10:00 EST,41.48249,-74.50368,778,28.0,30.3,24.1,74.7,21.0,0.000,0.000,0.00,0.000,3.4,4.1,0.4,190,3,3.8,4.5,0.4,188,4,3.4,4.1,0.4,190,3,0,29.44,,0,0,0,36.0,40.8,43.3,0.21,0.19,0.15
OTIS,2015-12-21 05:15:00 EST,41.48249,-74.50368,778,27.5,30.3,27.5,76.5,21.1,0.000,0.000,0.00,0.000,2.3,3.0,0.4,200,8,2.5,3.6,0.6,202,9,2.3,3.0,0.4,200,8,0,29.44,,0,0,0,36.0,40.8,43.2,0.21,0.19,0.15
OTIS,2015-12-21 05:20:00 EST,41.48249,-74.50368,778,26.7,30.4,26.7,81.3,21.8,0.000,0.000,0.00,0.000,1.9,3.2,0.5,196,16,2.2,4.5,0.6,194,16,1.9,3.2,0.5,196,16,0,29.44,,0,0,0,36.0,40.8,43.2,0.21,0.19,0.15
OTIS,2015-12-21 05:25:00 EST,41.48249,-74.50368,778,26.9,29.4,26.9,79.2,21.3,0.000,0.000,0.00,0.000,2.8,3.4,0.4,175,8,3.2,4.0,0.4,176,10,2.8,3.4,0.4,175,8,0,29.43,,0,0,0,36.0,40.8,43.2,0.20,0.19,0.15
OTIS,2015-12-21 05:30:00 EST,41.48249,-74.50368,778,27.0,28.8,23.2,79.2,21.4,0.000,0.000,0.00,0.000,3.3,4.6,0.4,198,14,3.5,4.9,0.6,197,13,3.3,4.6,0.4,198,14,0,29.44,,0,0,0,36.0,40.8,43.2,0.20,0.19,0.15
OTIS,2015-12-21 05:35:00 EST,41.48249,-74.50368,778,26.6,29.4,26.6,81.5,21.7,0.000,0.000,0.00,0.000,2.0,5.0,0.8,195,21,2.3,5.4,0.7,192,22,2.0,5.0,0.8,195,21,0,29.43,,0,0,0,36.0,40.8,43.2,0.21,0.19,0.15
OTIS,2015-12-21 05:40:00 EST,41.48249,-74.50368,778,26.7,28.1,26.7,83.6,22.4,0.000,0.000,0.00,0.000,1.4,2.6,0.6,188,11,1.8,3.1,0.6,188,10,1.4,2.6,0.6,188,11,0,29.43,,0,0,0,36.0,40.8,43.2,0.21,0.19,0.15
OTIS,2015-12-21 05:45:00 EST,41.48249,-74.50368,778,26.8,27.4,26.8,83.2,22.4,0.000,0.000,0.00,0.000,0.6,1.8,0.6,160,20,1.1,2.0,0.5,159,23,0.6,1.8,0.6,160,20,0,29.43,,0,0,0,36.0,40.7,43.2,0.20,0.19,0.15
OTIS,2015-12-21 05:50:00 EST,41.48249,-74.50368,778,26.9,27.7,26.9,82.9,22.4,0.000,0.000,0.00,0.000,1.7,2.6,0.6,166,12,2.1,3.1,0.7,165,18,1.7,2.6,0.6,166,12,0,29.43,,0,0,0,36.0,40.7,43.2,0.21,0.19,0.15
OTIS,2015-12-21 05:55:00 EST,41.48249,-74.50368,778,27.1,28.3,27.1,81.2,22.1,0.000,0.000,0.00,0.000,0.2,1.4,0.3,70,38,1.0,1.8,0.4,13,51,0.2,1.4,0.3,70,38,0,29.42,,0,0,0,36.0,40.7,43.2,0.21,0.19,0.15
OTIS,2015-12-21 06:00:00 EST,41.48249,-74.50368,778,27.5,28.8,27.5,81.4,22.5,0.000,0.000,0.00,0.000,1.2,1.7,0.2,18,5,1.6,2.0,0.2,29,5,1.2,1.7,0.2,18,5,0,29.42,,0,0,0,36.0,40.7,43.2,0.21,0.19,0.15
OTIS,2015-12-21 06:05:00 EST,41.48249,-74.50368,778,27.6,28.6,27.6,80.9,22.5,0.000,0.000,0.00,0.000,0.8,1.8,0.7,20,3,1.4,2.5,0.7,12,18,0.8,1.8,0.7,20,3,0,29.42,,0,0,0,36.0,40.7,43.2,0.21,0.19,0.15
OTIS,2015-12-21 06:10:00 EST,41.48249,-74.50368,778,27.7,28.6,27.7,80.7,22.6,0.000,0.000,0.00,0.000,0.9,2.3,0.8,316,10,1.5,2.5,0.4,315,10,0.9,2.3,0.8,316,10,0,29.42,,0,0,0,36.0,40.6,43.2,0.21,0.19,0.15
OTIS,2015-12-21 06:15:00 EST,41.48249,-74.50368,778,28.2,29.5,28.2,78.9,22.5,0.000,0.000,0.00,0.000,0.4,1.6,0.5,290,12,0.9,2.0,0.4,277,24,0.4,1.6,0.5,290,12,0,29.42,,0,0,0,36.0,40.7,43.2,0.20,0.19,0.15
OTIS,2015-12-21 06:20:00 EST,41.48249,-74.50368,778,28.3,28.8,28.3,80.2,23.0,0.000,0.000,0.00,0.000,0.7,1.8,0.7,312,13,1.3,2.0,0.4,315,8,0.7,1.8,0.7,312,13,0,29.42,,0,0,0,36.0,40.6,43.2,0.21,0.19,0.15
OTIS,2015-12-21 06:25:00 EST,41.48249,-74.50368,778,28.4,28.9,28.4,78.2,22.5,0.000,0.000,0.00,0.000,1.6,3.0,0.8,326,8,1.9,3.6,0.8,330,12,1.6,3.0,0.8,326,8,0,29.42,,0,0,0,36.0,40.6,43.1,0.20,0.19,0.15
OTIS,2015-12-21 06:30:00 EST,41.48249,-74.50368,778,28.4,29.0,25.0,80.1,23.0,0.000,0.000,0.00,0.000,3.1,3.8,0.4,326,8,3.4,4.7,0.4,325,8,3.1,3.8,0.4,326,8,0,29.43,,0,0,0,36.0,40.6,43.2,0.21,0.19,0.14
OTIS,2015-12-21 06:35:00 EST,41.48249,-74.50368,778,28.7,29.8,28.7,79.7,23.2,0.000,0.000,0.00,0.000,2.6,3.6,0.4,305,7,2.6,4.0,0.5,306,8,2.6,3.6,0.4,305,7,0,29.43,,0,0,0,36.0,40.6,43.2,0.21,0.19,0.15
OTIS,2015-12-21 06:40:00 EST,41.48249,-74.50368,778,28.7,30.7,28.7,80.1,23.3,0.000,0.000,0.00,0.000,2.0,3.1,0.4,284,12,2.3,3.8,0.5,285,13,2.0,3.1,0.4,284,12,0,29.43,,0,0,0,36.0,40.6,43.1,0.21,0.19,0.15
OTIS,2015-12-21 06:45:00 EST,41.48249,-74.50368,778,29.3,30.9,29.3,77.9,23.3,0.000,0.000,0.00,0.000,1.7,3.0,0.6,263,14,2.0,3.4,0.6,262,17,1.7,3.0,0.6,263,14,0,29.43,,0,0,0,36.0,40.6,43.2,0.21,0.19,0.15
OTIS,2015-12-21 06:50:00 EST,41.48249,-74.50368,778,28.9,31.0,28.9,79.0,23.2,0.000,0.000,0.00,0.000,1.5,2.9,0.4,244,13,1.7,3.6,0.4,239,17,1.5,2.9,0.4,244,13,0,29.44,,0,0,0,36.0,40.6,43.2,0.21,0.19,0.15
OTIS,2015-12-21 06:55:00 EST,41.48249,-74.50368,778,28.2,30.3,28.2,81.1,23.1,0.000,0.000,0.00,0.000,1.0,1.9,0.3,183,16,1.4,2.2,0.3,176,21,1.0,1.9,0.3,183,16,0,29.44,,0,0,0,36.0,40.6,43.2,0.21,0.19,0.15
OTIS,2015-12-21 07:00:00 EST,41.48249,-74.50368,778,28.1,29.5,28.1,81.5,23.1,0.000,0.000,0.00,0.000,1.1,1.5,0.3,167,4,1.5,2.2,0.4,163,10,1.1,1.5,0.3,167,4,0,29.44,,0,0,0,36.0,40.6,43.2,0.21,0.19,0.15
OTIS,2015-12-21 07:05:00 EST,41.48249,-74.50368,778,28.0,28.9,28.0,82.1,23.2,0.000,0.000,0.00,0.000,0.1,0.7,0.3,162,0,0.8,1.3,0.3,140,30,0.1,0.7,0.3,162,0,0,29.44,,0,0,0,36.0,40.6,43.1,0.21,0.19,0.15
OTIS,2015-12-21 07:10:00 EST,41.48249,-74.50368,778,28.3,28.9,28.3,82.3,23.6,0.000,0.000,0.00,0.000,0.0,0.0,0.0,0,0,0.4,0.7,0.2,188,57,0.0,0.0,0.0,0,0,0,29.44,,0,0,0,36.0,40.6,43.1,0.21,0.19,0.15
OTIS,2015-12-21 07:15:00 EST,41.48249,-74.50368,778,28.3,29.1,28.3,80.9,23.1,0.000,0.000,0.00,0.000,0.8,2.0,0.7,140,4,1.3,2.2,0.5,126,21,0.8,2.0,0.7,140,4,1,29.44,,0,0,0,36.0,40.6,43.1,0.21,0.19,0.15
OTIS,2015-12-21 07:20:00 EST,41.48249,-74.50368,778,27.3,28.5,27.3,84.2,23.2,0.000,0.000,0.00,0.000,0.8,2.0,0.7,120,2,1.2,2.2,0.6,126,8,0.8,2.0,0.7,120,2,1,29.43,,0,0,0,36.0,40.6,43.1,0.21,0.19,0.15
OTIS,2015-12-21 07:25:00 EST,41.48249,-74.50368,778,27.8,28.7,27.8,83.8,23.5,0.000,0.000,0.00,0.000,0.4,1.2,0.5,120,0,0.8,1.6,0.4,130,11,0.4,1.2,0.5,120,0,1,29.43,,0,0,0,36.0,40.6,43.1,0.21,0.19,0.15
OTIS,2015-12-21 07:30:00 EST,41.48249,-74.50368,778,27.6,28.4,27.6,84.5,23.5,0.000,0.000,0.00,0.000,0.1,0.6,0.2,120,0,0.7,0.9,0.1,140,12,0.1,0.6,0.2,120,0,2,29.43,,0,0,0,36.0,40.6,43.2,0.20,0.19,0.15
OTIS,2015-12-21 07:35:00 EST,41.48249,-74.50368,778,27.7,28.4,27.7,85.6,24.0,0.000,0.000,0.00,0.000,0.0,0.0,0.0,0,0,0.4,0.9,0.2,204,40,0.0,0.0,0.0,0,0,4,29.43,,0,0,0,36.0,40.6,43.1,0.21,0.19,0.15
OTIS,2015-12-21 07:40:00 EST,41.48249,-74.50368,778,28.2,29.4,28.2,84.1,24.0,0.000,0.000,0.00,0.000,0.0,0.0,0.0,0,0,0.7,1.1,0.2,198,20,0.0,0.0,0.0,0,0,8,29.43,,0,0,0,36.0,40.5,43.2,0.21,0.19,0.15
OTIS,2015-12-21 07:45:00 EST,41.48249,-74.50368,778,28.4,29.4,28.4,83.4,24.0,0.000,0.000,0.00,0.000,0.5,1.5,0.6,152,8,1.2,2.0,0.4,177,27,0.5,1.5,0.6,152,8,9,29.43,,0,0,0,36.0,40.6,43.1,0.20,0.19,0.15
OTIS,2015-12-21 07:50:00 EST,41.48249,-74.50368,778,27.7,30.4,27.7,84.0,23.5,0.000,0.000,0.00,0.000,1.9,2.6,0.3,178,4,2.2,3.1,0.3,176,9,1.9,2.6,0.3,178,4,16,29.42,,0,0,0,36.0,40.5,43.1,0.21,0.19,0.15
OTIS,2015-12-21 07:55:00 EST,41.48249,-74.50368,778,27.7,30.4,27.7,84.9,23.7,0.000,0.000,0.00,0.000,1.8,2.1,0.2,166,3,2.2,2.7,0.3,166,10,1.8,2.1,0.2,166,3,25,29.42,,0,0,0,36.0,40.5,43.1,0.21,0.19,0.15
OTIS,2015-12-21 08:00:00 EST,41.48249,-74.50368,778,28.1,30.5,28.1,83.4,23.7,0.000,0.000,0.00,0.000,1.4,2.2,0.3,179,11,1.7,2.5,0.3,186,11,1.4,2.2,0.3,179,11,31,29.41,,0,0,0,36.0,40.5,43.1,0.21,0.19,0.15
OTIS,2015-12-21 08:05:00 EST,41.48249,-74.50368,778,28.5,30.4,28.5,81.4,23.5,0.000,0.000,0.00,0.000,1.9,2.6,0.4,164,20,2.1,2.9,0.4,162,22,1.9,2.6,0.4,164,20,30,29.41,,0,0,0,36.0,40.5,43.1,0.21,0.19,0.15
OTIS,2015-12-21 08:10:00 EST,41.48249,-74.50368,778,28.4,30.2,28.4,82.5,23.8,0.000,0.000,0.00,0.000,0.4,1.3,0.4,168,1,1.1,2.0,0.4,181,21,0.4,1.3,0.4,168,1,31,29.41,,0,0,0,36.0,40.5,43.1,0.20,0.19,0.15
OTIS,2015-12-21 08:15:00 EST,41.48249,-74.50368,778,28.7,29.9,28.7,85.5,24.9,0.000,0.000,0.00,0.000,0.0,0.1,0.0,171,0,0.6,1.1,0.3,91,47,0.0,0.1,0.0,171,0,36,29.40,,0,0,0,36.0,40.5,43.1,0.21,0.19,0.15
OTIS,2015-12-21 08:20:00 EST,41.48249,-74.50368,778,29.3,30.1,29.3,85.1,25.3,0.000,0.000,0.00,0.000,0.1,0.7,0.2,75,2,0.9,1.6,0.3,47,13,0.1,0.7,0.2,75,2,32,29.40,,0,0,0,36.0,40.5,43.1,0.21,0.19,0.15
OTIS,2015-12-21 08:25:00 EST,41.48249,-74.50368,778,29.5,30.5,29.5,83.9,25.2,0.000,0.000,0.00,0.000,0.4,1.2,0.5,13,3,1.5,2.2,0.4,3,21,0.4,1.2,0.5,13,3,24,29.40,,0,0,0,36.0,40.5,43.1,0.21,0.19,0.15
OTIS,2015-12-21 08:30:00 EST,41.48249,-74.50368,778,29.8,30.6,26.8,84.2,25.6,0.000,0.000,0.00,0.000,3.0,4.2,0.6,341,6,3.5,4.9,0.7,341,7,3.0,4.2,0.6,341,6,27,29.41,,0,0,0,35.9,40.5,43.1,0.21,0.19,0.15
OTIS,2015-12-21 08:35:00 EST,41.48249,-74.50368,778,30.3,31.0,30.3,81.1,25.2,0.000,0.000,0.00,0.000,2.8,4.3,0.8,6,10,3.4,5.1,0.8,7,9,2.8,4.3,0.8,6,10,27,29.40,,0,0,0,36.0,40.4,43.0,0.21,0.19,0.15
OTIS,2015-12-21 08:40:00 EST,41.48249,-74.50368,778,30.2,30.4,30.2,82.7,25.6,0.000,0.000,0.00,0.000,0.3,1.2,0.3,1,4,0.9,1.8,0.3,342,26,0.3,1.2,0.3,1,4,28,29.41,,0,0,0,36.0,40.5,43.1,0.21,0.19,0.15
OTIS,2015-12-21 08:45:00 EST,41.48249,-74.50368,778,30.4,30.6,30.4,80.2,25.0,0.000,0.000,0.00,0.000,0.1,0.7,0.2,355,0,0.7,1.1,0.3,133,27,0.1,0.7,0.2,355,0,26,29.41,,0,0,0,36.0,40.5,43.0,0.20,0.19,0.15
OTIS,2015-12-21 08:50:00 EST,41.48249,-74.50368,778,30.3,31.0,30.3,83.0,25.7,0.000,0.000,0.00,0.000,0.1,0.7,0.1,355,0,1.2,1.6,0.2,104,18,0.1,0.7,0.1,355,0,30,29.41,,0,0,0,36.0,40.4,43.0,0.20,0.19,0.15
OTIS,2015-12-21 08:55:00 EST,41.48249,-74.50368,778,30.3,30.6,30.3,85.6,26.5,0.000,0.000,0.00,0.000,0.3,0.9,0.3,355,0,1.3,1.8,0.2,45,16,0.3,0.9,0.3,355,0,41,29.40,,0,0,0,36.0,40.4,43.0,0.20,0.19,0.15
OTIS,2015-12-21 09:00:00 EST,41.48249,-74.50368,778,30.6,30.7,30.6,83.5,26.2,0.000,0.000,0.00,0.000,0.1,0.8,0.1,355,0,1.0,1.8,0.5,63,18,0.1,0.8,0.1,355,0,51,29.41,,0,0,0,36.0,40.4,43.0,0.21,0.19,0.15
OTIS,2015-12-21 09:05:00 EST,41.48249,-74.50368,778,30.8,30.7,30.8,82.9,26.3,0.000,0.000,0.00,0.000,0.1,0.1,0.0,355,0,0.4,0.7,0.2,349,50,0.1,0.1,0.0,355,0,67,29.41,,0,0,0,36.0,40.4,43.0,0.21,0.19,0.15
OTIS,2015-12-21 09:10:00 EST,41.48249,-74.50368,778,30.9,30.8,30.9,84.2,26.7,0.000,0.000,0.00,0.000,0.1,0.1,0.0,355,0,0.5,1.3,0.4,328,47,0.1,0.1,0.0,355,0,76,29.41,,0,0,0,36.0,40.4,43.1,0.20,0.19,0.15
OTIS,2015-12-21 09:15:00 EST,41.48249,-74.50368,778,31.1,31.1,31.1,81.9,26.3,0.000,0.000,0.00,0.000,0.1,0.1,0.0,354,0,0.7,1.3,0.3,318,43,0.1,0.1,0.0,354,0,102,29.41,,0,0,0,36.0,40.4,43.0,0.21,0.19,0.15
OTIS,2015-12-21 09:20:00 EST,41.48249,-74.50368,778,31.5,31.3,31.5,81.5,26.5,0.000,0.000,0.00,0.000,0.5,1.7,0.6,123,39,1.1,2.0,0.5,125,18,0.5,1.7,0.6,123,39,107,29.41,,0,0,0,36.0,40.4,43.0,0.21,0.19,0.15
OTIS,2015-12-21 09:25:00 EST,41.48249,-74.50368,778,31.7,31.5,31.7,82.0,26.9,0.000,0.000,0.00,0.000,0.1,0.8,0.2,150,3,0.8,1.8,0.3,158,23,0.1,0.8,0.2,150,3,92,29.41,,0,0,0,36.0,40.4,43.0,0.21,0.19,0.15
OTIS,2015-12-21 09:30:00 EST,41.48249,-74.50368,778,32.0,31.8,32.0,82.1,27.1,0.000,0.000,0.00,0.000,0.4,1.2,0.4,157,0,1.1,1.6,0.2,128,15,0.4,1.2,0.4,157,0,80,29.41,,0,0,0,36.0,40.4,43.0,0.21,0.19,0.15
OTIS,2015-12-21 09:35:00 EST,41.48249,-74.50368,778,32.2,32.0,32.2,81.8,27.2,0.000,0.000,0.00,0.000,0.3,1.0,0.4,157,0,1.1,2.2,0.6,127,28,0.3,1.0,0.4,157,0,67,29.41,,0,0,0,36.0,40.3,43.1,0.20,0.19,0.15
OTIS,2015-12-21 09:40:00 EST,41.48249,-74.50368,778,32.5,32.2,32.5,81.2,27.4,0.000,0.000,0.00,0.000,0.2,0.7,0.2,157,0,1.4,2.0,0.4,104,8,0.2,0.7,0.2,157,0,63,29.41,,0,0,0,36.0,40.3,43.0,0.20,0.19,0.15
OTIS,2015-12-21 09:45:00 EST,41.48249,-74.50368,778,32.8,32.5,32.8,80.8,27.5,0.000,0.000,0.00,0.000,0.7,1.8,0.7,318,23,1.1,2.0,0.6,328,29,0.7,1.8,0.7,318,23,66,29.41,,0,0,0,36.0,40.3,42.9,0.21,0.19,0.15
OTIS,2015-12-21 09:50:00 EST,41.48249,-74.50368,778,33.0,32.7,33.0,78.4,27.0,0.000,0.000,0.00,0.000,0.4,1.7,0.5,313,3,0.8,2.0,0.4,315,23,0.4,1.7,0.5,313,3,74,29.41,,0,0,0,36.0,40.3,43.0,0.21,0.19,0.15
OTIS,2015-12-21 09:55:00 EST,41.48249,-74.50368,778,33.2,33.1,33.2,78.5,27.2,0.000,0.000,0.00,0.000,0.1,0.7,0.1,298,11,0.6,1.1,0.3,286,35,0.1,0.7,0.1,298,11,86,29.41,,0,0,0,36.0,40.3,43.0,0.21,0.19,0.15
OTIS,2015-12-21 10:00:00 EST,41.48249,-74.50368,778,33.5,33.5,33.5,79.1,27.8,0.000,0.000,0.00,0.000,1.1,2.4,0.8,21,14,1.6,2.9,0.6,22,22,1.1,2.4,0.8,21,14,85,29.41,,0,0,0,36.1,40.3,43.0,0.21,0.19,0.15
OTIS,2015-12-21 10:05:00 EST,41.48249,-74.50368,778,33.6,33.6,33.6,77.8,27.4,0.000,0.000,0.00,0.000,2.2,3.0,0.6,43,4,2.4,3.4,0.6,44,4,2.2,3.0,0.6,43,4,80,29.39,,0,0,0,36.1,40.3,43.0,0.21,0.19,0.15
OTIS,2015-12-21 10:10:00 EST,41.48249,-74.50368,778,34.0,33.9,34.0,78.5,28.0,0.000,0.000,0.00,0.000,0.0,0.5,0.1,44,0,0.6,1.1,0.2,325,60,0.0,0.5,0.1,44,0,84,29.40,,0,0,0,36.1,40.3,43.0,0.21,0.19,0.15
OTIS,2015-12-21 10:15:00 EST,41.48249,-74.50368,778,34.3,34.2,34.3,79.5,28.7,0.000,0.000,0.00,0.000,1.4,2.7,0.7,170,27,1.8,3.1,0.6,172,24,1.4,2.7,0.7,170,27,90,29.40,,0,0,0,36.1,40.3,43.0,0.21,0.19,0.15
OTIS,2015-12-21 10:20:00 EST,41.48249,-74.50368,778,34.6,34.4,34.6,79.8,29.0,0.000,0.000,0.00,0.000,2.7,3.7,0.3,136,9,2.8,4.5,0.5,135,7,2.7,3.7,0.3,136,9,140,29.39,,0,0,0,36.2,40.3,42.9,0.21,0.19,0.15
OTIS,2015-12-21 10:25:00 EST,41.48249,-74.50368,778,35.2,34.8,35.2,76.9,28.7,0.000,0.000,0.00,0.000,2.7,4.5,0.9,147,18,3.0,5.1,1.0,145,17,2.7,4.5,0.9,147,18,166,29.39,,0,0,0,36.2,40.3,43.0,0.21,0.19,0.15
OTIS,2015-12-21 10:30:00 EST,41.48249,-74.50368,778,35.6,35.3,35.6,75.7,28.7,0.000,0.000,0.00,0.000,2.5,4.7,1.2,176,22,2.9,4.9,1.1,176,27,2.5,4.7,1.2,176,22,166,29.38,,0,0,0,36.2,40.3,42.9,0.21,0.19,0.15
OTIS,2015-12-21 10:35:00 EST,41.48249,-74.50368,778,36.0,35.6,36.0,75.6,29.0,0.000,0.000,0.00,0.000,2.8,4.7,1.2,172,12,3.4,5.6,1.1,171,15,2.8,4.7,1.2,172,12,163,29.39,,0,0,0,36.2,40.3,42.9,0.21,0.19,0.15
OTIS,2015-12-21 10:40:00 EST,41.48249,-74.50368,778,36.2,35.8,33.6,75.2,29.1,0.000,0.000,0.00,0.000,3.4,5.1,0.7,190,12,3.8,5.8,0.9,189,13,3.4,5.1,0.7,190,12,159,29.39,,0,0,0,36.2,40.3,42.9,0.21,0.19,0.15
OTIS,2015-12-21 10:45:00 EST,41.48249,-74.50368,778,36.4,36.1,32.8,74.2,29.0,0.000,0.000,0.00,0.000,4.4,7.7,1.4,197,14,4.8,8.5,1.5,196,13,4.4,7.7,1.4,197,14,157,29.39,,0,0,0,36.3,40.3,43.0,0.21,0.19,0.15
OTIS,2015-12-21 10:50:00 EST,41.48249,-74.50368,778,36.6,36.4,33.7,73.7,29.0,0.000,0.000,0.00,0.000,3.7,5.9,1.0,212,18,4.1,7.4,1.2,208,18,3.7,5.9,1.0,212,18,137,29.38,,0,0,0,36.3,40.3,42.9,0.20,0.19,0.15
OTIS,2015-12-21 10:55:00 EST,41.48249,-74.50368,778,36.9,36.7,34.0,72.8,29.0,0.000,0.000,0.00,0.000,3.7,8.7,1.5,230,36,4.1,9.6,1.4,234,37,3.7,8.7,1.5,230,36,123,29.38,,0,0,0,36.4,40.3,42.9,0.21,0.19,0.15
OTIS,2015-12-21 11:00:00 EST,41.48249,-74.50368,778,37.2,36.9,33.3,72.7,29.2,0.000,0.000,0.00,0.000,4.8,7.9,1.4,203,18,5.2,8.3,1.5,199,18,4.8,7.9,1.4,203,18,124,29.37,,0,0,0,36.5,40.3,42.9,0.21,0.19,0.15
OTIS,2015-12-21 11:05:00 EST,41.48249,-74.50368,778,37.4,37.1,32.7,72.7,29.5,0.000,0.000,0.00,0.000,5.9,7.7,0.8,190,11,6.4,8.3,1.0,188,10,5.9,7.7,0.8,190,11,137,29.37,,0,0,0,36.6,40.3,42.9,0.21,0.19,0.14
OTIS,2015-12-21 11:10:00 EST,41.48249,-74.50368,778,37.7,37.3,32.8,73.1,29.8,0.000,0.000,0.00,0.000,6.2,8.5,1.2,191,9,6.6,9.6,1.3,189,8,6.2,8.5,1.2,191,9,150,29.38,,0,0,0,36.7,40.3,42.9,0.20,0.19,0.15
OTIS,2015-12-21 11:15:00 EST,41.48249,-74.50368,778,37.8,37.4,34.7,72.6,29.7,0.000,0.000,0.00,0.000,4.0,6.6,1.3,189,13,4.4,6.9,1.4,187,14,4.0,6.6,1.3,189,13,150,29.37,,0,0,0,36.7,40.3,42.9,0.21,0.19,0.15
OTIS,2015-12-21 11:20:00 EST,41.48249,-74.50368,778,38.0,37.7,35.0,71.9,29.7,0.000,0.000,0.00,0.000,4.0,5.5,0.6,197,15,4.4,6.7,0.7,195,14,4.0,5.5,0.6,197,15,143,29.36,,0,0,0,36.8,40.3,42.9,0.21,0.19,0.15
OTIS,2015-12-21 11:25:00 EST,41.48249,-74.50368,778,38.2,37.9,38.2,71.6,29.9,0.000,0.000,0.00,0.000,2.9,4.9,0.9,212,19,3.1,5.6,1.1,213,20,2.9,4.9,0.9,212,19,146,29.35,,0,0,0,36.8,40.3,42.9,0.21,0.19,0.15
OTIS,2015-12-21 11:30:00 EST,41.48249,-74.50368,778,38.4,38.1,38.4,70.4,29.6,0.000,0.000,0.00,0.000,3.0,6.3,1.6,245,27,3.4,8.1,1.7,246,29,3.0,6.3,1.6,245,27,153,29.35,,0,0,0,37.0,40.3,42.9,0.21,0.19,0.15
OTIS,2015-12-21 11:35:00 EST,41.48249,-74.50368,778,38.8,38.4,38.8,70.4,30.0,0.000,0.000,0.00,0.000,2.8,5.9,1.1,202,17,3.1,6.5,1.1,200,17,2.8,5.9,1.1,202,17,144,29.34,,0,0,0,37.0,40.3,42.9,0.21,0.19,0.15
OTIS,2015-12-21 11:40:00 EST,41.48249,-74.50368,778,39.2,38.9,35.7,68.9,29.8,0.000,0.000,0.00,0.000,4.8,8.3,1.9,231,27,5.1,8.7,2.0,232,29,4.8,8.3,1.9,231,27,151,29.34,,0,0,0,37.1,40.3,42.9,0.21,0.19,0.15
OTIS,2015-12-21 11:45:00 EST,41.48249,-74.50368,778,39.4,39.2,35.2,66.1,29.1,0.000,0.000,0.00,0.000,5.8,14.0,2.5,242,23,6.6,15.2,2.2,242,26,5.8,14.0,2.5,242,23,162,29.33,,0,0,0,37.1,40.3,42.9,0.21,0.19,0.15
OTIS,2015-12-21 11:50:00 EST,41.48249,-74.50368,778,39.5,39.3,35.8,65.8,29.0,0.000,0.000,0.00,0.000,5.2,10.7,2.4,224,23,5.5,12.3,2.7,221,24,5.2,10.7,2.4,224,23,153,29.32,,0,0,0,37.2,40.2,42.8,0.20,0.19,0.15
OTIS,2015-12-21 11:55:00 EST,41.48249,-74.50368,778,39.5,39.3,36.5,65.9,29.1,0.000,0.000,0.00,0.000,4.3,6.3,1.0,241,20,4.7,7.6,1.1,241,22,4.3,6.3,1.0,241,20,136,29.32,,0,0,0,37.2,40.3,42.9,0.21,0.19,0.15
OTIS,2015-12-21 12:00:00 EST,41.48249,-74.50368,778,39.6,39.4,34.4,65.4,29.0,0.000,0.000,0.00,0.000,7.4,12.3,2.6,244,23,7.9,13.4,2.6,244,23,7.4,12.3,2.6,244,23,136,29.32,,0,0,0,37.2,40.2,42.8,0.20,0.19,0.15
OTIS,2015-12-21 12:05:00 EST,41.48249,-74.50368,778,39.8,39.6,35.0,64.8,28.9,0.000,0.000,0.00,0.000,6.8,10.8,2.0,224,26,7.4,13.6,2.1,225,26,6.8,10.8,2.0,224,26,144,29.32,,0,0,0,37.3,40.3,42.8,0.21,0.19,0.15
OTIS,2015-12-21 12:10:00 EST,41.48249,-74.50368,778,40.0,39.8,34.8,64.4,29.0,0.000,0.000,0.00,0.000,7.7,13.8,2.5,232,23,8.3,15.7,2.6,232,23,7.7,13.8,2.5,232,23,148,29.32,,0,0,0,37.3,40.2,42.8,0.21,0.19,0.15
OTIS,2015-12-21 12:15:00 EST,41.48249,-74.50368,778,40.3,40.0,35.9,63.6,28.9,0.000,0.000,0.00,0.000,6.3,12.6,2.5,230,22,6.7,13.6,2.5,232,22,6.3,12.6,2.5,230,22,177,29.32,,0,0,0,37.4,40.3,42.8,0.21,0.19,0.14
OTIS,2015-12-21 12:20:00 EST,41.48249,-74.50368,778,40.7,40.4,37.0,63.1,29.1,0.000,0.000,0.00,0.000,5.4,11.6,1.9,224,22,6.1,11.9,2.1,222,22,5.4,11.6,1.9,224,22,198,29.32,,0,0,0,37.5,40.2,42.9,0.21,0.19,0.15
OTIS,2015-12-21 12:25:00 EST,41.48249,-74.50368,778,41.0,40.6,37.1,62.2,29.0,0.000,0.000,0.00,0.000,5.7,10.9,2.5,222,27,6.7,13.2,2.5,223,27,5.7,10.9,2.5,222,27,191,29.32,,0,0,0,37.5,40.2,42.8,0.20,0.19,0.15
OTIS,2015-12-21 12:30:00 EST,41.48249,-74.50368,778,41.1,40.8,36.2,61.2,28.8,0.000,0.000,0.00,0.000,7.4,14.9,2.6,232,26,8.2,17.4,2.7,232,26,7.4,14.9,2.6,232,26,179,29.33,,0,0,0,37.5,40.2,42.8,0.21,0.19,0.14
OTIS,2015-12-21 12:35:00 EST,41.48249,-74.50368,778,41.2,40.9,36.4,60.7,28.6,0.000,0.000,0.00,0.000,7.3,16.1,2.7,215,24,8.2,18.1,2.9,214,25,7.3,16.1,2.7,215,24,178,29.32,,0,0,0,37.7,40.3,42.8,0.20,0.19,0.15
OTIS,2015-12-21 12:40:00 EST,41.48249,-74.50368,778,41.3,41.0,36.7,59.7,28.4,0.000,0.000,0.00,0.000,7.1,14.2,1.9,227,16,7.4,12.8,2.0,224,16,7.1,14.2,1.9,227,16,188,29.31,,0,0,0,37.7,40.2,42.8,0.21,0.19,0.15
OTIS,2015-12-21 12:45:00 EST,41.48249,-74.50368,778,41.5,41.2,37.2,59.7,28.5,0.000,0.000,0.00,0.000,6.6,14.0,3.2,234,20,7.5,15.7,3.3,237,21,6.6,14.0,3.2,234,20,201,29.31,,0,0,0,37.8,40.2,42.8,0.21,0.19,0.14
OTIS,2015-12-21 12:50:00 EST,41.48249,-74.50368,778,41.6,41.3,37.4,58.8,28.3,0.000,0.000,0.00,0.000,6.4,11.6,2.1,223,21,6.9,13.4,2.2,222,20,6.4,11.6,2.1,223,21,185,29.31,,0,0,0,37.9,40.2,42.8,0.20,0.19,0.15
OTIS,2015-12-21 12:55:00 EST,41.48249,-74.50368,778,41.8,41.5,37.0,58.7,28.4,0.000,0.000,0.00,0.000,7.6,14.2,2.3,218,20,8.2,14.3,2.3,218,21,7.6,14.2,2.3,218,20,168,29.30,,0,0,0,38.0,40.2,42.8,0.20,0.19,0.15
OTIS,2015-12-21 13:00:00 EST,41.48249,-74.50368,778,42.0,41.7,37.8,57.9,28.2,0.000,0.000,0.00,0.000,6.5,14.3,2.7,224,24,6.9,15.4,2.9,223,22,6.5,14.3,2.7,224,24,157,29.30,,0,0,0,38.1,40.2,42.8,0.21,0.19,0.14
OTIS,2015-12-21 13:05:00 EST,41.48249,-74.50368,778,42.1,41.9,38.7,57.5,28.2,0.000,0.000,0.00,0.000,5.5,13.6,2.9,215,22,6.0,13.4,2.8,216,21,5.5,13.6,2.9,215,22,141,29.29,,0,0,0,38.1,40.2,42.8,0.21,0.19,0.15
OTIS,2015-12-21 13:10:00 EST,41.48249,-74.50368,778,42.2,42.0,37.6,57.0,28.1,0.000,0.000,0.00,0.000,7.3,13.1,2.2,217,19,7.9,12.3,2.0,215,19,7.3,13.1,2.2,217,19,143,29.29,,0,0,0,38.2,40.2,42.7,0.21,0.19,0.14
OTIS,2015-12-21 13:15:00 EST,41.48249,-74.50368,778,42.4,42.2,38.6,57.0,28.3,0.000,0.000,0.00,0.000,6.2,9.7,1.6,207,18,6.7,10.3,1.8,204,16,6.2,9.7,1.6,207,18,158,29.29,,0,0,0,38.2,40.2,42.8,0.21,0.19,0.14
OTIS,2015-12-21 13:20:00 EST,41.48249,-74.50368,778,42.7,42.3,39.4,58.1,29.0,0.000,0.000,0.00,0.000,5.3,9.9,1.5,205,15,5.8,10.5,1.6,202,15,5.3,9.9,1.5,205,15,161,29.29,,0,0,0,38.3,40.2,42.7,0.21,0.19,0.14
OTIS,2015-12-21 13:25:00 EST,41.48249,-74.50368,778,42.6,42.3,39.4,60.8,30.0,0.000,0.000,0.00,0.000,5.1,7.9,1.4,198,14,5.5,8.5,1.5,197,15,5.1,7.9,1.4,198,14,140,29.29,,0,0,0,38.3,40.3,42.8,0.21,0.19,0.14
OTIS,2015-12-21 13:30:00 EST,41.48249,-74.50368,778,42.6,42.3,40.3,61.2,30.2,0.000,0.000,0.00,0.000,4.1,7.0,1.4,200,18,4.4,7.8,1.5,199,19,4.1,7.0,1.4,200,18,138,29.29,,0,0,0,38.5,40.3,42.7,0.21,0.19,0.15
OTIS,2015-12-21 13:35:00 EST,41.48249,-74.50368,778,42.8,42.5,40.0,60.4,30.0,0.000,0.000,0.00,0.000,4.7,8.5,1.5,223,23,5.1,9.4,1.6,221,24,4.7,8.5,1.5,223,23,111,29.29,,0,0,0,38.5,40.3,42.8,0.21,0.19,0.14
OTIS,2015-12-21 13:40:00 EST,41.48249,-74.50368,778,42.8,42.5,39.7,60.4,30.0,0.000,0.000,0.00,0.000,5.1,7.6,1.3,204,18,5.4,8.5,1.4,203,18,5.1,7.6,1.3,204,18,95,29.28,,0,0,0,38.6,40.3,42.8,0.21,0.19,0.14
OTIS,2015-12-21 13:45:00 EST,41.48249,-74.50368,778,42.8,42.6,40.9,60.3,30.0,0.000,0.000,0.00,0.000,3.7,6.1,1.0,225,17,3.9,6.3,1.1,224,17,3.7,6.1,1.0,225,17,109,29.29,,0,0,0,38.6,40.3,42.7,0.20,0.19,0.15
OTIS,2015-12-21 13:50:00 EST,41.48249,-74.50368,778,43.0,42.7,40.5,60.6,30.3,0.000,0.000,0.00,0.000,4.3,7.3,1.1,194,10,4.7,7.8,1.2,192,9,4.3,7.3,1.1,194,10,110,29.28,,0,0,0,38.7,40.2,42.7,0.21,0.19,0.14
OTIS,2015-12-21 13:55:00 EST,41.48249,-74.50368,778,43.0,42.7,39.4,60.3,30.2,0.000,0.000,0.00,0.000,6.0,9.1,1.6,197,8,6.4,9.8,1.7,195,7,6.0,9.1,1.6,197,8,102,29.28,,0,0,0,38.7,40.3,42.7,0.21,0.19,0.15
OTIS,2015-12-21 14:00:00 EST,41.48249,-74.50368,778,43.0,42.7,40.9,60.3,30.2,0.000,0.000,0.00,0.000,3.8,5.6,1.1,207,16,4.2,6.0,1.1,206,17,3.8,5.6,1.1,207,16,87,29.27,,0,0,0,38.8,40.3,42.8,0.21,0.19,0.14
OTIS,2015-12-21 14:05:00 EST,41.48249,-74.50368,778,43.1,42.8,41.6,60.1,30.2,0.000,0.000,0.00,0.000,3.2,6.4,1.2,229,12,3.4,6.5,1.1,228,14,3.2,6.4,1.2,229,12,87,29.26,,0,0,0,38.9,40.3,42.7,0.21,0.19,0.15
OTIS,2015-12-21 14:10:00 EST,41.48249,-74.50368,778,43.2,42.9,41.7,59.8,30.2,0.000,0.000,0.00,0.000,3.3,6.1,1.5,250,17,3.7,6.7,1.5,249,19,3.3,6.1,1.5,250,17,97,29.26,,0,0,0,38.9,40.3,42.7,0.21,0.19,0.14
OTIS,2015-12-21 14:15:00 EST,41.48249,-74.50368,778,43.3,43.0,41.6,59.5,30.2,0.000,0.000,0.00,0.000,3.5,6.5,1.1,256,18,3.8,6.5,1.1,256,19,3.5,6.5,1.1,256,18,89,29.27,,0,0,0,38.9,40.3,42.7,0.21,0.19,0.14
OTIS,2015-12-21 14:20:00 EST,41.48249,-74.50368,778,43.4,43.2,43.4,59.4,30.2,0.000,0.000,0.00,0.000,1.8,3.7,0.7,227,28,2.2,5.1,0.8,226,28,1.8,3.7,0.7,227,28,86,29.28,,0,0,0,39.0,40.3,42.7,0.21,0.19,0.14
OTIS,2015-12-21 14:25:00 EST,41.48249,-74.50368,778,43.5,43.2,43.5,58.6,29.9,0.000,0.000,0.00,0.000,1.8,3.6,0.7,258,13,2.2,4.3,0.7,258,15,1.8,3.6,0.7,258,13,88,29.27,,0,0,0,39.0,40.3,42.7,0.21,0.19,0.14
OTIS,2015-12-21 14:30:00 EST,41.48249,-74.50368,778,43.6,43.3,43.6,58.1,29.8,0.000,0.000,0.00,0.000,2.3,4.8,0.9,214,17,2.6,5.6,0.9,211,18,2.3,4.8,0.9,214,17,82,29.27,,0,0,0,39.1,40.3,42.7,0.20,0.19,0.14
OTIS,2015-12-21 14:35:00 EST,41.48249,-74.50368,778,43.7,43.5,43.7,57.8,29.8,0.000,0.000,0.00,0.000,1.4,2.9,0.7,231,27,1.8,3.4,0.6,228,31,1.4,2.9,0.7,231,27,60,29.27,,0,0,0,39.2,40.3,42.7,0.21,0.19,0.14
OTIS,2015-12-21 14:40:00 EST,41.48249,-74.50368,778,43.7,43.6,43.7,57.0,29.5,0.000,0.000,0.00,0.000,2.5,4.5,0.8,219,17,2.7,4.5,0.8,216,19,2.5,4.5,0.8,219,17,49,29.27,,0,0,0,39.1,40.3,42.7,0.20,0.19,0.14
OTIS,2015-12-21 14:45:00 EST,41.48249,-74.50368,778,43.8,43.7,43.8,56.5,29.3,0.000,0.000,0.00,0.000,2.2,4.3,0.7,226,19,2.5,4.3,0.7,226,20,2.2,4.3,0.7,226,19,47,29.27,,0,0,0,39.2,40.3,42.7,0.20,0.19,0.14
OTIS,2015-12-21 14:50:00 EST,41.48249,-74.50368,778,43.9,43.7,41.7,56.3,29.3,0.000,0.000,0.00,0.000,4.0,6.3,1.0,196,17,4.6,7.8,1.2,196,18,4.0,6.3,1.0,196,17,42,29.27,,0,0,0,39.2,40.3,42.7,0.20,0.19,0.14
OTIS,2015-12-21 14:55:00 EST,41.48249,-74.50368,778,44.0,43.9,41.2,55.7,29.1,0.000,0.000,0.00,0.000,4.9,9.6,1.5,199,17,5.2,9.8,1.5,197,16,4.9,9.6,1.5,199,17,38,29.27,,0,0,0,39.2,40.3,42.7,0.21,0.19,0.14
OTIS,2015-12-21 15:00:00 EST,41.48249,-74.50368,778,43.8,43.8,40.7,56.8,29.5,0.000,0.000,0.00,0.000,5.4,7.5,1.1,172,12,5.8,7.8,1.2,170,11,5.4,7.5,1.1,172,12,31,29.26,,0,0,0,39.2,40.3,42.6,0.20,0.19,0.14
OTIS,2015-12-21 15:05:00 EST,41.48249,-74.50368,778,43.7,43.7,43.7,57.8,29.8,0.000,0.000,0.00,0.000,2.6,4.6,0.7,193,18,2.9,5.4,0.9,195,18,2.6,4.6,0.7,193,18,32,29.26,,0,0,0,39.3,40.4,42.6,0.21,0.19,0.14
OTIS,2015-12-21 15:10:00 EST,41.48249,-74.50368,778,43.8,43.8,43.8,57.3,29.7,0.000,0.000,0.00,0.000,2.9,5.1,0.8,233,16,3.0,5.4,0.9,233,17,2.9,5.1,0.8,233,16,30,29.26,,0,0,0,39.3,40.4,42.6,0.21,0.19,0.14
OTIS,2015-12-21 15:15:00 EST,41.48249,-74.50368,778,43.9,43.9,43.9,56.9,29.6,0.000,0.000,0.00,0.000,3.0,5.0,0.6,238,15,3.1,5.6,0.8,238,17,3.0,5.0,0.6,238,15,29,29.27,,0,0,0,39.2,40.4,42.6,0.21,0.19,0.14
OTIS,2015-12-21 15:20:00 EST,41.48249,-74.50368,778,44.0,43.9,44.0,56.4,29.5,0.000,0.000,0.00,0.000,2.9,5.0,0.9,203,20,3.2,5.1,0.9,200,17,2.9,5.0,0.9,203,20,22,29.26,,0,0,0,39.3,40.4,42.6,0.21,0.19,0.14
OTIS,2015-12-21 15:25:00 EST,41.48249,-74.50368,778,43.9,43.9,43.9,56.4,29.4,0.000,0.000,0.00,0.000,2.7,3.7,0.4,214,18,2.9,4.3,0.5,214,18,2.7,3.7,0.4,214,18,20,29.25,,0,0,0,39.3,40.4,42.6,0.20,0.19,0.14
OTIS,2015-12-21 15:30:00 EST,41.48249,-74.50368,778,43.7,43.9,43.7,57.3,29.6,0.000,0.000,0.00,0.000,3.0,5.3,1.0,217,14,3.2,6.0,1.2,214,14,3.0,5.3,1.0,217,14,20,29.26,,0,0,0,39.3,40.4,42.6,0.20,0.19,0.14
OTIS,2015-12-21 15:35:00 EST,41.48249,-74.50368,778,44.0,44.0,42.6,56.1,29.3,0.000,0.000,0.00,0.000,3.2,5.0,0.7,217,14,3.5,5.6,0.8,215,13,3.2,5.0,0.7,217,14,19,29.25,,0,0,0,39.3,40.5,42.7,0.21,0.19,0.14
OTIS,2015-12-21 15:40:00 EST,41.48249,-74.50368,778,44.0,44.0,41.8,55.3,29.0,0.000,0.000,0.00,0.000,4.2,8.5,1.7,202,16,4.5,9.2,1.8,202,15,4.2,8.5,1.7,202,16,15,29.26,,0,0,0,39.3,40.4,42.6,0.21,0.19,0.14
OTIS,2015-12-21 15:45:00 EST,41.48249,-74.50368,778,44.0,44.1,41.3,55.3,29.0,0.000,0.000,0.00,0.000,4.8,9.6,1.7,194,14,5.2,9.8,1.7,191,13,4.8,9.6,1.7,194,14,14,29.25,,0,0,0,39.3,40.4,42.7,0.21,0.19,0.14
OTIS,2015-12-21 15:50:00 EST,41.48249,-74.50368,778,44.0,44.0,42.1,55.0,28.9,0.000,0.000,0.00,0.000,3.8,6.1,1.0,197,16,4.3,7.4,1.1,196,15,3.8,6.1,1.0,197,16,14,29.25,,0,0,0,39.4,40.5,42.6,0.20,0.19,0.14
OTIS,2015-12-21 15:55:00 EST,41.48249,-74.50368,778,44.0,44.1,41.0,55.2,28.9,0.000,0.000,0.00,0.000,5.2,7.6,1.4,193,14,5.6,8.5,1.4,191,13,5.2,7.6,1.4,193,14,12,29.25,,0,0,0,39.4,40.5,42.6,0.20,0.19,0.15
OTIS,2015-12-21 16:00:00 EST,41.48249,-74.50368,778,44.1,44.1,41.6,54.6,28.7,0.000,0.000,0.00,0.000,4.5,9.2,1.4,192,12,4.9,9.8,1.5,191,12,4.5,9.2,1.4,192,12,9,29.24,,0,0,0,39.4,40.5,42.6,0.20,0.19,0.14
OTIS,2015-12-21 16:05:00 EST,41.48249,-74.50368,778,44.2,44.3,40.5,54.3,28.8,0.000,0.000,0.00,0.000,6.5,10.2,1.4,189,12,6.8,10.3,1.6,188,10,6.5,10.2,1.4,189,12,7,29.24,,0,0,0,39.4,40.5,42.6,0.21,0.19,0.14
OTIS,2015-12-21 16:10:00 EST,41.48249,-74.50368,778,44.1,44.2,41.6,54.4,28.7,0.000,0.000,0.00,0.000,4.6,7.5,1.5,200,16,5.0,8.9,1.6,200,16,4.6,7.5,1.5,200,16,5,29.24,,0,0,0,39.4,40.5,42.6,0.21,0.19,0.14
OTIS,2015-12-21 16:15:00 EST,41.48249,-74.50368,778,44.4,44.3,41.0,53.7,28.6,0.000,0.000,0.00,0.000,5.9,9.4,1.7,212,19,6.1,9.8,1.8,212,18,5.9,9.4,1.7,212,19,4,29.24,,0,0,0,39.4,40.5,42.6,0.21,0.19,0.14
OTIS,2015-12-21 16:20:00 EST,41.48249,-74.50368,778,44.3,44.3,41.7,53.8,28.6,0.000,0.000,0.00,0.000,4.8,10.2,1.8,210,19,5.2,12.1,2.0,208,18,4.8,10.2,1.8,210,19,3,29.24,,0,0,0,39.4,40.6,42.6,0.21,0.19,0.14
OTIS,2015-12-21 16:25:00 EST,41.48249,-74.50368,778,44.4,44.4,41.0,53.7,28.6,0.000,0.000,0.00,0.000,6.0,12.0,1.8,228,14,6.4,11.4,2.0,227,15,6.0,12.0,1.8,228,14,1,29.25,,0,0,0,39.4,40.6,42.6,0.21,0.19,0.14
OTIS,2015-12-21 16:30:00 EST,41.48249,-74.50368,778,44.5,44.4,40.9,53.6,28.7,0.000,0.000,0.00,0.000,6.3,13.4,2.3,215,22,6.7,12.3,2.2,213,22,6.3,13.4,2.3,215,22,0,29.25,,0,0,0,39.4,40.6,42.6,0.21,0.19,0.14
OTIS,2015-12-21 16:35:00 EST,41.48249,-74.50368,778,44.4,44.4,41.4,54.3,28.9,0.000,0.000,0.00,0.000,5.4,11.5,1.4,210,17,5.8,11.2,1.7,209,16,5.4,11.5,1.4,210,17,0,29.25,,0,0,0,39.4,40.6,42.6,0.21,0.19,0.14
OTIS,2015-12-21 16:40:00 EST,41.48249,-74.50368,778,44.4,44.4,41.0,54.5,29.1,0.000,0.000,0.00,0.000,6.1,12.1,2.2,208,22,6.9,12.3,2.3,207,22,6.1,12.1,2.2,208,22,0,29.24,,0,0,0,39.4,40.6,42.6,0.20,0.19,0.14
OTIS,2015-12-21 16:45:00 EST,41.48249,-74.50368,778,44.5,44.5,40.7,54.7,29.2,0.000,0.000,0.00,0.000,6.8,10.7,1.7,206,18,7.2,12.1,1.8,202,18,6.8,10.7,1.7,206,18,0,29.25,,0,0,0,39.4,40.6,42.6,0.21,0.19,0.14
OTIS,2015-12-21 16:50:00 EST,41.48249,-74.50368,778,44.5,44.4,41.1,54.9,29.3,0.000,0.000,0.00,0.000,6.0,13.0,2.4,206,15,6.5,15.4,2.6,205,13,6.0,13.0,2.4,206,15,0,29.25,,0,0,0,39.4,40.6,42.6,0.21,0.19,0.14
OTIS,2015-12-21 16:55:00 EST,41.48249,-74.50368,778,44.3,44.3,41.5,55.4,29.3,0.000,0.000,0.00,0.000,5.1,9.6,1.7,211,21,5.5,11.2,1.9,210,20,5.1,9.6,1.7,211,21,0,29.25,,0,0,0,39.4,40.6,42.6,0.21,0.19,0.14
OTIS,2015-12-21 17:00:00 EST,41.48249,-74.50368,778,44.4,44.4,40.9,55.4,29.4,0.000,0.000,0.00,0.000,6.2,10.6,1.8,208,16,6.5,11.2,1.9,206,16,6.2,10.6,1.8,208,16,0,29.24,,0,0,0,39.4,40.6,42.6,0.21,0.19,0.14
OTIS,2015-12-21 17:05:00 EST,41.48249,-74.50368,778,44.5,44.4,41.3,55.4,29.5,0.000,0.000,0.00,0.000,5.7,9.2,1.7,208,17,6.1,10.5,1.7,206,15,5.7,9.2,1.7,208,17,0,29.24,,0,0,0,39.4,40.6,42.6,0.20,0.19,0.15
OTIS,2015-12-21 17:10:00 EST,41.48249,-74.50368,778,44.5,44.4,41.8,55.4,29.5,0.000,0.000,0.00,0.000,4.9,9.2,1.7,215,23,5.4,10.7,2.0,215,23,4.9,9.2,1.7,215,23,0,29.24,,0,0,0,39.4,40.7,42.6,0.21,0.19,0.14
OTIS,2015-12-21 17:15:00 EST,41.48249,-74.50368,778,44.4,44.4,44.4,55.7,29.6,0.000,0.000,0.00,0.000,3.0,6.1,1.2,228,21,3.5,8.9,1.4,228,23,3.0,6.1,1.2,228,21,0,29.23,,0,0,0,39.4,40.7,42.6,0.20,0.19,0.14
OTIS,2015-12-21 17:20:00 EST,41.48249,-74.50368,778,44.4,44.4,42.5,55.7,29.6,0.000,0.000,0.00,0.000,4.0,6.2,1.0,205,17,4.2,6.7,1.1,202,18,4.0,6.2,1.0,205,17,0,29.23,,0,0,0,39.4,40.7,42.5,0.21,0.19,0.14
OTIS,2015-12-21 17:25:00 EST,41.48249,-74.50368,778,44.4,44.4,41.9,56.0,29.7,0.000,0.000,0.00,0.000,4.6,7.9,1.0,209,14,5.0,8.9,1.1,207,14,4.6,7.9,1.0,209,14,0,29.24,,0,0,0,39.4,40.7,42.6,0.20,0.19,0.14
OTIS,2015-12-21 17:30:00 EST,41.48249,-74.50368,778,44.5,44.5,41.8,55.5,29.6,0.000,0.000,0.00,0.000,5.0,8.2,1.3,210,17,5.4,8.7,1.4,208,17,5.0,8.2,1.3,210,17,0,29.24,,0,0,0,39.4,40.7,42.6,0.20,0.19,0.14
OTIS,2015-12-21 17:35:00 EST,41.48249,-74.50368,778,44.6,44.5,42.2,55.4,29.6,0.000,0.000,0.00,0.000,4.6,7.5,1.2,213,18,4.8,9.2,1.4,211,18,4.6,7.5,1.2,213,18,0,29.24,,0,0,0,39.5,40.7,42.6,0.20,0.19,0.14
OTIS,2015-12-21 17:40:00 EST,41.48249,-74.50368,778,44.5,44.5,43.3,55.7,29.6,0.000,0.000,0.00,0.000,3.1,5.9,1.1,213,18,3.4,6.9,1.3,211,18,3.1,5.9,1.1,213,18,0,29.24,,0,0,0,39.4,40.7,42.6,0.20,0.19,0.14
OTIS,2015-12-21 17:45:00 EST,41.48249,-74.50368,778,44.5,44.4,43.1,55.8,29.7,0.000,0.000,0.00,0.000,3.4,5.7,0.9,213,18,3.5,5.6,1.0,213,18,3.4,5.7,0.9,213,18,0,29.24,,0,0,0,39.4,40.7,42.5,0.21,0.19,0.14
OTIS,2015-12-21 17:50:00 EST,41.48249,-74.50368,778,44.5,44.4,44.5,55.6,29.6,0.000,0.000,0.00,0.000,2.1,4.7,0.9,234,19,2.3,4.5,0.9,235,19,2.1,4.7,0.9,234,19,0,29.24,,0,0,0,39.4,40.7,42.5,0.21,0.19,0.14
OTIS,2015-12-21 17:55:00 EST,41.48249,-74.50368,778,44.4,44.4,44.4,56.0,29.7,0.000,0.000,0.00,0.000,2.1,4.2,0.7,224,30,2.4,4.5,0.7,225,31,2.1,4.2,0.7,224,30,0,29.25,,0,0,0,39.4,40.8,42.5,0.21,0.19,0.15
OTIS,2015-12-21 18:00:00 EST,41.48249,-74.50368,778,44.4,44.4,44.4,55.9,29.7,0.000,0.000,0.00,0.000,2.4,3.7,0.6,216,9,2.5,3.6,0.6,216,10,2.4,3.7,0.6,216,9,0,29.25,,0,0,0,39.4,40.8,42.6,0.20,0.19,0.14
OTIS,2015-12-21 18:05:00 EST,41.48249,-74.50368,778,44.1,44.3,44.1,57.0,29.9,0.000,0.000,0.00,0.000,2.7,5.8,1.0,213,17,2.8,6.0,1.1,212,18,2.7,5.8,1.0,213,17,0,29.25,,0,0,0,39.4,40.8,42.6,0.21,0.19,0.14
OTIS,2015-12-21 18:10:00 EST,41.48249,-74.50368,778,44.2,44.3,44.2,56.7,29.8,0.000,0.000,0.00,0.000,2.5,4.1,0.5,221,18,2.7,4.7,0.7,221,15,2.5,4.1,0.5,221,18,0,29.24,,0,0,0,39.5,40.8,42.5,0.21,0.19,0.15
OTIS,2015-12-21 18:15:00 EST,41.48249,-74.50368,778,44.2,44.3,42.5,56.8,29.8,0.000,0.000,0.00,0.000,3.6,5.5,0.8,212,15,3.8,5.8,1.0,211,14,3.6,5.5,0.8,212,15,0,29.24,,0,0,0,39.5,40.8,42.5,0.20,0.19,0.14
OTIS,2015-12-21 18:20:00 EST,41.48249,-74.50368,778,44.3,44.3,42.7,56.5,29.8,0.000,0.000,0.00,0.000,3.5,5.2,0.6,205,13,3.6,5.8,0.9,203,14,3.5,5.2,0.6,205,13,0,29.23,,0,0,0,39.4,40.8,42.5,0.20,0.19,0.14
OTIS,2015-12-21 18:25:00 EST,41.48249,-74.50368,778,44.2,44.3,42.8,56.8,29.8,0.000,0.000,0.00,0.000,3.4,5.8,1.0,214,16,3.5,6.3,1.2,212,17,3.4,5.8,1.0,214,16,0,29.24,,0,0,0,39.5,40.9,42.5,0.21,0.19,0.15
OTIS,2015-12-21 18:30:00 EST,41.48249,-74.50368,778,44.4,44.4,42.2,56.5,29.9,0.000,0.000,0.00,0.000,4.2,7.2,1.2,205,14,4.6,8.1,1.3,204,14,4.2,7.2,1.2,205,14,0,29.23,,0,0,0,39.4,40.9,42.6,0.21,0.19,0.14
OTIS,2015-12-21 18:35:00 EST,41.48249,-74.50368,778,44.2,44.3,42.9,57.1,30.0,0.000,0.000,0.00,0.000,3.3,5.6,0.7,206,16,3.6,7.4,1.0,205,16,3.3,5.6,0.7,206,16,0,29.23,,0,0,0,39.5,40.9,42.5,0.20,0.19,0.14
OTIS,2015-12-21 18:40:00 EST,41.48249,-74.50368,778,44.5,44.5,42.2,56.6,30.0,0.000,0.000,0.00,0.000,4.4,7.6,1.1,220,18,4.6,7.8,1.1,218,19,4.4,7.6,1.1,220,18,0,29.23,,0,0,0,39.5,40.9,42.6,0.21,0.19,0.14
OTIS,2015-12-21 18:45:00 EST,41.48249,-74.50368,778,44.5,44.5,42.6,56.6,30.0,0.000,0.000,0.00,0.000,3.9,6.6,1.0,207,14,4.0,6.7,1.2,206,14,3.9,6.6,1.0,207,14,0,29.23,,0,0,0,39.4,40.9,42.5,0.20,0.19,0.14
OTIS,2015-12-21 18:50:00 EST,41.48249,-74.50368,778,44.4,44.5,44.4,56.6,30.0,0.000,0.000,0.00,0.000,2.9,5.2,1.0,240,15,3.1,5.1,1.1,240,17,2.9,5.2,1.0,240,15,0,29.23,,0,0,0,39.5,40.9,42.6,0.20,0.19,0.14
OTIS,2015-12-21 18:55:00 EST,41.48249,-74.50368,778,44.3,44.4,44.3,56.9,30.0,0.000,0.000,0.00,0.000,2.0,4.3,1.0,216,18,2.1,4.7,1.0,215,19,2.0,4.3,1.0,216,18,0,29.23,,0,0,0,39.5,40.9,42.5,0.21,0.19,0.14
OTIS,2015-12-21 19:00:00 EST,41.48249,-74.50368,778,44.4,44.4,43.0,57.0,30.2,0.000,0.000,0.00,0.000,3.4,6.5,1.1,217,15,3.5,7.6,1.3,217,15,3.4,6.5,1.1,217,15,0,29.22,,0,0,0,39.5,41.0,42.5,0.20,0.19,0.15
OTIS,2015-12-21 19:05:00 EST,41.48249,-74.50368,778,44.4,44.4,43.1,57.7,30.4,0.000,0.000,0.00,0.000,3.2,7.0,1.1,247,24,3.5,6.7,1.0,248,24,3.2,7.0,1.1,247,24,0,29.23,,0,0,0,39.5,40.9,42.5,0.21,0.19,0.14
OTIS,2015-12-21 19:10:00 EST,41.48249,-74.50368,778,44.4,44.4,44.4,57.6,30.3,0.000,0.000,0.00,0.000,3.0,5.5,1.2,255,13,3.2,6.0,1.3,257,13,3.0,5.5,1.2,255,13,0,29.23,,0,0,0,39.4,41.0,42.6,0.20,0.19,0.14
OTIS,2015-12-21 19:15:00 EST,41.48249,-74.50368,778,44.4,44.5,43.2,57.5,30.4,0.000,0.000,0.00,0.000,3.2,6.2,1.1,237,17,3.4,6.9,1.3,236,19,3.2,6.2,1.1,237,17,0,29.23,,0,0,0,39.5,41.0,42.5,0.20,0.19,0.15
OTIS,2015-12-21 19:20:00 EST,41.48249,-74.50368,778,44.6,44.6,44.6,56.7,30.2,0.000,0.000,0.00,0.000,2.6,4.5,0.7,231,21,2.7,4.0,0.6,231,21,2.6,4.5,0.7,231,21,0,29.23,,0,0,0,39.5,41.0,42.5,0.20,0.19,0.14
OTIS,2015-12-21 19:25:00 EST,41.48249,-74.50368,778,44.8,44.8,43.5,56.3,30.2,0.000,0.000,0.00,0.000,3.3,5.5,0.9,226,25,3.4,6.3,1.0,226,26,3.3,5.5,0.9,226,25,0,29.23,,0,0,0,39.5,41.0,42.6,0.21,0.19,0.14
OTIS,2015-12-21 19:30:00 EST,41.48249,-74.50368,778,44.9,44.9,43.1,56.2,30.2,0.000,0.000,0.00,0.000,3.8,7.5,1.4,223,20,4.2,8.7,1.7,224,20,3.8,7.5,1.4,223,20,0,29.23,,0,0,0,39.5,41.0,42.5,0.20,0.19,0.14
OTIS,2015-12-21 19:35:00 EST,41.48249,-74.50368,778,45.0,44.9,43.6,55.8,30.1,0.000,0.000,0.00,0.000,3.4,8.1,1.4,226,22,3.6,8.1,1.3,224,22,3.4,8.1,1.4,226,22,0,29.24,,0,0,0,39.5,41.0,42.6,0.21,0.19,0.14
OTIS,2015-12-21 19:40:00 EST,41.48249,-74.50368,778,45.0,44.9,43.6,55.7,30.1,0.000,0.000,0.00,0.000,3.3,6.9,1.5,212,23,3.6,8.3,1.6,210,24,3.3,6.9,1.5,212,23,0,29.24,,0,0,0,39.5,41.0,42.5,0.20,0.19,0.15
OTIS,2015-12-21 19:45:00 EST,41.48249,-74.50368,778,44.9,44.8,43.7,56.0,30.1,0.000,0.000,0.00,0.000,3.1,8.5,1.8,212,16,3.3,8.7,1.8,212,15,3.1,8.5,1.8,212,16,0,29.24,,0,0,0,39.5,41.0,42.5,0.21,0.19,0.15
OTIS,2015-12-21 19:50:00 EST,41.48249,-74.50368,778,44.7,44.7,43.3,56.5,30.2,0.000,0.000,0.00,0.000,3.4,6.7,1.3,208,23,3.6,8.3,1.4,209,23,3.4,6.7,1.3,208,23,0,29.24,,0,0,0,39.5,41.0,42.5,0.21,0.19,0.15
OTIS,2015-12-21 19:55:00 EST,41.48249,-74.50368,778,45.0,44.9,42.4,55.7,30.1,0.000,0.000,0.00,0.000,4.9,10.2,1.6,211,21,5.2,10.7,1.6,211,20,4.9,10.2,1.6,211,21,0,29.23,,0,0,0,39.6,41.0,42.5,0.21,0.19,0.15
OTIS,2015-12-21 20:00:00 EST,41.48249,-74.50368,778,44.9,44.9,42.5,55.9,30.1,0.000,0.000,0.00,0.000,4.6,9.9,1.9,208,18,4.8,11.4,2.1,205,16,4.6,9.9,1.9,208,18,0,29.23,,0,0,0,39.5,41.0,42.5,0.20,0.19,0.15
OTIS,2015-12-21 20:05:00 EST,41.48249,-74.50368,778,45.0,45.0,43.5,55.7,30.1,0.000,0.000,0.00,0.000,3.5,7.2,1.2,218,19,3.8,7.4,1.4,217,17,3.5,7.2,1.2,218,19,0,29.23,,0,0,0,39.5,41.0,42.5,0.20,0.19,0.14
OTIS,2015-12-21 20:10:00 EST,41.48249,-74.50368,778,45.1,45.1,42.6,55.1,30.0,0.000,0.000,0.00,0.000,4.8,9.7,1.9,221,22,5.2,12.3,2.0,221,22,4.8,9.7,1.9,221,22,0,29.23,,0,0,0,39.6,41.0,42.5,0.21,0.19,0.15
OTIS,2015-12-21 20:15:00 EST,41.48249,-74.50368,778,45.1,45.0,43.3,55.1,29.9,0.000,0.000,0.00,0.000,3.8,5.7,0.9,204,18,4.0,6.5,1.0,202,17,3.8,5.7,0.9,204,18,0,29.23,,0,0,0,39.6,41.0,42.6,0.21,0.19,0.14
OTIS,2015-12-21 20:20:00 EST,41.48249,-74.50368,778,45.0,45.0,43.0,55.3,30.0,0.000,0.000,0.00,0.000,4.2,7.7,1.0,203,15,4.4,9.4,1.2,202,14,4.2,7.7,1.0,203,15,0,29.23,,0,0,0,39.6,41.0,42.6,0.20,0.19,0.15
OTIS,2015-12-21 20:25:00 EST,41.48249,-74.50368,778,45.0,45.0,43.8,55.6,30.0,0.000,0.000,0.00,0.000,3.2,6.4,1.0,203,19,3.7,6.7,1.1,199,18,3.2,6.4,1.0,203,19,0,29.23,,0,0,0,39.6,41.0,42.5,0.21,0.19,0.15
OTIS,2015-12-21 20:30:00 EST,41.48249,-74.50368,778,45.0,45.0,42.8,55.7,30.1,0.000,0.000,0.00,0.000,4.3,8.0,1.4,200,13,4.8,9.4,1.5,199,11,4.3,8.0,1.4,200,13,0,29.23,,0,0,0,39.6,41.0,42.5,0.20,0.19,0.15
OTIS,2015-12-21 20:35:00 EST,41.48249,-74.50368,778,45.0,45.0,43.2,55.6,30.1,0.000,0.000,0.00,0.000,3.9,5.8,1.1,203,14,4.2,6.7,1.2,203,14,3.9,5.8,1.1,203,14,0,29.23,,0,0,0,39.6,41.0,42.5,0.21,0.19,0.15
OTIS,2015-12-21 20:40:00 EST,41.48249,-74.50368,778,45.1,45.1,43.4,55.3,30.0,0.000,0.000,0.00,0.000,3.8,7.6,1.4,210,15,4.0,8.7,1.6,209,15,3.8,7.6,1.4,210,15,0,29.22,,0,0,0,39.6,41.0,42.6,0.21,0.19,0.15
OTIS,2015-12-21 20:45:00 EST,41.48249,-74.50368,778,45.0,45.0,43.8,55.5,30.0,0.000,0.000,0.00,0.000,3.3,6.2,1.0,217,16,3.3,5.8,1.0,217,15,3.3,6.2,1.0,217,16,0,29.23,,0,0,0,39.6,41.0,42.5,0.20,0.19,0.15
OTIS,2015-12-21 20:50:00 EST,41.48249,-74.50368,778,45.1,45.1,43.6,55.4,30.1,0.000,0.000,0.00,0.000,3.6,6.9,1.3,217,21,3.8,7.8,1.5,218,20,3.6,6.9,1.3,217,21,0,29.23,,0,0,0,39.7,41.0,42.6,0.20,0.19,0.15
OTIS,2015-12-21 20:55:00 EST,41.48249,-74.50368,778,45.1,45.1,43.6,55.4,30.1,0.000,0.000,0.00,0.000,3.6,8.1,1.4,215,18,3.8,8.3,1.5,215,16,3.6,8.1,1.4,215,18,0,29.22,,0,0,0,39.6,41.0,42.5,0.21,0.19,0.15
OTIS,2015-12-21 21:00:00 EST,41.48249,-74.50368,778,45.2,45.2,42.9,55.5,30.2,0.000,0.000,0.00,0.000,4.4,7.9,1.2,210,18,4.8,9.2,1.5,209,17,4.4,7.9,1.2,210,18,0,29.22,,0,0,0,39.7,41.0,42.5,0.21,0.19,0.15
OTIS,2015-12-21 21:05:00 EST,41.48249,-74.50368,778,45.2,45.2,42.7,55.6,30.2,0.000,0.000,0.00,0.000,4.7,8.6,1.7,213,18,5.0,9.2,1.8,211,17,4.7,8.6,1.7,213,18,0,29.22,,0,0,0,39.7,41.1,42.6,0.21,0.19,0.15
OTIS,2015-12-21 21:10:00 EST,41.48249,-74.50368,778,45.3,45.3,42.2,55.8,30.4,0.000,0.000,0.00,0.000,5.8,10.1,1.5,219,21,6.3,11.6,1.7,220,21,5.8,10.1,1.5,219,21,0,29.22,,0,0,0,39.7,41.0,42.5,0.20,0.19,0.15
OTIS,2015-12-21 21:15:00 EST,41.48249,-74.50368,778,45.3,45.4,42.5,55.7,30.4,0.000,0.000,0.00,0.000,5.4,9.4,1.9,213,19,6.1,9.8,1.8,210,18,5.4,9.4,1.9,213,19,0,29.22,,0,0,0,39.6,41.0,42.5,0.21,0.19,0.15
OTIS,2015-12-21 21:20:00 EST,41.48249,-74.50368,778,45.4,45.4,42.1,55.4,30.4,0.000,0.000,0.00,0.000,6.2,11.5,1.9,206,20,6.7,11.9,2.0,204,18,6.2,11.5,1.9,206,20,0,29.22,,0,0,0,39.7,41.1,42.5,0.20,0.19,0.15
OTIS,2015-12-21 21:25:00 EST,41.48249,-74.50368,778,45.4,45.4,42.5,56.1,30.6,0.000,0.000,0.00,0.000,5.4,8.8,1.5,195,17,5.8,9.8,1.7,194,15,5.4,8.8,1.5,195,17,0,29.22,,0,0,0,39.7,41.1,42.5,0.20,0.19,0.15
OTIS,2015-12-21 21:30:00 EST,41.48249,-74.50368,778,45.5,45.5,42.9,55.8,30.6,0.000,0.000,0.00,0.000,5.1,8.0,1.3,213,21,5.6,10.1,1.4,212,22,5.1,8.0,1.3,213,21,0,29.22,,0,0,0,39.7,41.1,42.5,0.20,0.19,0.14
OTIS,2015-12-21 21:35:00 EST,41.48249,-74.50368,778,45.5,45.5,42.4,55.7,30.6,0.000,0.000,0.00,0.000,5.8,9.4,1.2,202,14,6.2,10.1,1.2,200,13,5.8,9.4,1.2,202,14,0,29.22,,0,0,0,39.7,41.1,42.6,0.21,0.19,0.15
OTIS,2015-12-21 21:40:00 EST,41.48249,-74.50368,778,45.5,45.5,42.2,56.4,30.9,0.000,0.000,0.00,0.000,6.2,10.7,1.5,198,13,6.5,13.2,1.8,198,13,6.2,10.7,1.5,198,13,0,29.22,,0,0,0,39.7,41.1,42.5,0.21,0.19,0.15
OTIS,2015-12-21 21:45:00 EST,41.48249,-74.50368,778,45.6,45.6,42.1,56.1,30.9,0.000,0.000,0.00,0.000,6.7,10.1,1.1,201,13,7.0,10.7,1.4,199,11,6.7,10.1,1.1,201,13,0,29.22,,0,0,0,39.7,41.1,42.5,0.20,0.19,0.15
OTIS,2015-12-21 21:50:00 EST,41.48249,-74.50368,778,45.6,45.6,41.9,56.4,30.9,0.000,0.000,0.00,0.000,7.0,11.0,1.6,198,14,7.3,12.8,1.7,197,13,7.0,11.0,1.6,198,14,0,29.22,,0,0,0,39.7,41.1,42.5,0.20,0.19,0.15
OTIS,2015-12-21 21:55:00 EST,41.48249,-74.50368,778,45.6,45.6,42.1,56.8,31.1,0.000,0.000,0.00,0.000,6.6,10.0,1.2,195,10,7.1,11.4,1.5,192,9,6.6,10.0,1.2,195,10,0,29.22,,0,0,0,39.8,41.1,42.5,0.20,0.19,0.15
OTIS,2015-12-21 22:00:00 EST,41.48249,-74.50368,778,45.6,45.6,42.2,56.6,31.1,0.000,0.000,0.00,0.000,6.5,10.2,1.3,200,14,6.8,10.7,1.6,198,14,6.5,10.2,1.3,200,14,0,29.22,,0,0,0,39.7,41.1,42.5,0.20,0.19,0.15
OTIS,2015-12-21 22:05:00 EST,41.48249,-74.50368,778,45.7,45.7,42.4,56.5,31.1,0.000,0.000,0.00,0.000,6.2,10.2,1.7,196,14,6.4,11.0,2.0,195,11,6.2,10.2,1.7,196,14,0,29.22,,0,0,0,39.8,41.1,42.5,0.21,0.19,0.15
OTIS,2015-12-21 22:10:00 EST,41.48249,-74.50368,778,45.7,45.7,42.8,56.3,31.1,0.000,0.000,0.00,0.000,5.7,10.2,1.9,199,14,6.1,10.5,2.0,198,12,5.7,10.2,1.9,199,14,0,29.22,,0,0,0,39.8,41.1,42.5,0.20,0.19,0.15
OTIS,2015-12-21 22:15:00 EST,41.48249,-74.50368,778,45.8,45.8,42.1,56.2,31.1,0.000,0.000,0.00,0.000,7.0,9.7,1.3,202,13,7.5,11.9,1.6,199,12,7.0,9.7,1.3,202,13,0,29.22,,0,0,0,39.8,41.1,42.5,0.21,0.19,0.15
OTIS,2015-12-21 22:20:00 EST,41.48249,-74.50368,778,45.8,45.8,42.2,56.3,31.1,0.000,0.000,0.00,0.000,7.0,12.1,1.7,200,12,7.4,12.5,1.7,199,12,7.0,12.1,1.7,200,12,0,29.22,,0,0,0,39.8,41.2,42.5,0.21,0.19,0.15
OTIS,2015-12-21 22:25:00 EST,41.48249,-74.50368,778,45.8,45.8,42.6,56.5,31.2,0.000,0.000,0.00,0.000,6.2,10.7,1.5,200,15,6.6,11.4,1.8,197,12,6.2,10.7,1.5,200,15,0,29.22,,0,0,0,39.8,41.2,42.6,0.20,0.19,0.15
OTIS,2015-12-21 22:30:00 EST,41.48249,-74.50368,778,45.8,45.8,42.5,56.8,31.4,0.000,0.000,0.00,0.000,6.3,10.0,1.4,200,13,6.8,10.7,1.6,197,12,6.3,10.0,1.4,200,13,0,29.23,,0,0,0,39.8,41.2,42.5,0.21,0.19,0.15
OTIS,2015-12-21 22:35:00 EST,41.48249,-74.50368,778,45.9,45.8,42.7,56.9,31.5,0.000,0.000,0.00,0.000,6.1,9.2,1.2,200,14,6.5,11.0,1.5,198,14,6.1,9.2,1.2,200,14,0,29.23,,0,0,0,39.8,41.2,42.5,0.21,0.19,0.15
OTIS,2015-12-21 22:40:00 EST,41.48249,-74.50368,778,45.8,45.8,42.5,57.4,31.6,0.000,0.000,0.00,0.000,6.4,9.1,1.3,200,12,6.7,10.3,1.5,197,12,6.4,9.1,1.3,200,12,0,29.23,,0,0,0,39.8,41.2,42.5,0.20,0.19,0.15
OTIS,2015-12-21 22:45:00 EST,41.48249,-74.50368,778,45.9,45.9,42.9,57.5,31.7,0.000,0.000,0.00,0.000,5.8,9.7,1.2,199,14,6.1,10.3,1.4,197,13,5.8,9.7,1.2,199,14,0,29.22,,0,0,0,39.8,41.2,42.5,0.21,0.19,0.15
OTIS,2015-12-21 22:50:00 EST,41.48249,-74.50368,778,45.8,45.9,42.7,57.7,31.7,0.000,0.000,0.00,0.000,5.9,9.8,1.4,199,14,6.5,11.9,1.6,198,12,5.9,9.8,1.4,199,14,0,29.22,,0,0,0,39.8,41.2,42.5,0.21,0.19,0.15
OTIS,2015-12-21 22:55:00 EST,41.48249,-74.50368,778,45.7,45.8,41.7,58.3,31.9,0.000,0.000,0.00,0.000,7.6,11.4,1.5,196,12,8.2,13.0,1.8,193,10,7.6,11.4,1.5,196,12,0,29.22,,0,0,0,39.8,41.2,42.5,0.21,0.19,0.15
OTIS,2015-12-21 23:00:00 EST,41.48249,-74.50368,778,45.6,45.7,42.2,58.8,32.0,0.000,0.000,0.00,0.000,6.4,11.0,1.5,196,12,6.9,11.6,1.6,194,11,6.4,11.0,1.5,196,12,0,29.22,,0,0,0,39.9,41.2,42.5,0.21,0.19,0.15
OTIS,2015-12-21 23:05:00 EST,41.48249,-74.50368,778,45.8,45.8,42.1,59.3,32.4,0.000,0.000,0.00,0.000,7.0,12.6,2.0,196,13,7.4,13.6,2.0,194,14,7.0,12.6,2.0,196,13,0,29.23,,0,0,0,39.9,41.2,42.6,0.20,0.19,0.15
OTIS,2015-12-21 23:10:00 EST,41.48249,-74.50368,778,46.0,46.0,42.8,59.2,32.6,0.000,0.000,0.00,0.000,6.2,9.3,1.4,198,13,6.6,9.8,1.6,195,12,6.2,9.3,1.4,198,13,0,29.23,,0,0,0,39.9,41.2,42.6,0.20,0.19,0.15
OTIS,2015-12-21 23:15:00 EST,41.48249,-74.50368,778,46.3,46.2,43.8,58.8,32.6,0.000,0.000,0.00,0.000,5.0,9.8,1.5,209,19,5.3,10.1,1.6,208,19,5.0,9.8,1.5,209,19,0,29.23,,0,0,0,39.9,41.2,42.5,0.20,0.19,0.15
OTIS,2015-12-21 23:20:00 EST,41.48249,-74.50368,778,46.3,46.3,43.8,58.5,32.6,0.000,0.000,0.00,0.000,5.1,8.9,1.7,203,14,5.5,11.2,2.0,200,12,5.1,8.9,1.7,203,14,0,29.23,,0,0,0,39.9,41.2,42.5,0.21,0.19,0.15
OTIS,2015-12-21 23:25:00 EST,41.48249,-74.50368,778,46.1,46.1,45.0,58.9,32.5,0.000,0.000,0.00,0.000,3.4,6.6,1.0,212,20,3.7,6.9,1.2,210,20,3.4,6.6,1.0,212,20,0,29.23,,0,0,0,39.9,41.2,42.5,0.21,0.19,0.15
OTIS,2015-12-21 23:30:00 EST,41.48249,-74.50368,778,46.0,46.0,44.7,59.4,32.6,0.000,0.000,0.00,0.000,3.4,6.1,1.0,200,15,3.8,6.5,1.2,200,13,3.4,6.1,1.0,200,15,0,29.22,,0,0,0,39.9,41.2,42.5,0.20,0.19,0.15
OTIS,2015-12-21 23:35:00 EST,41.48249,-74.50368,778,45.9,46.0,44.1,59.6,32.7,0.000,0.000,0.00,0.000,4.1,7.6,1.3,208,13,4.4,9.4,1.5,208,13,4.1,7.6,1.3,208,13,0,29.22,,0,0,0,39.9,41.2,42.5,0.21,0.19,0.15
OTIS,2015-12-21 23:40:00 EST,41.48249,-74.50368,778,45.7,46.0,43.4,60.2,32.7,0.000,0.000,0.00,0.000,4.7,7.2,1.2,201,14,5.1,8.5,1.4,201,14,4.7,7.2,1.2,201,14,0,29.22,,0,0,0,39.9,41.3,42.5,0.21,0.19,0.15
OTIS,2015-12-21 23:45:00 EST,41.48249,-74.50368,778,45.4,45.7,45.4,61.1,32.8,0.000,0.000,0.00,0.000,2.8,4.9,1.0,206,17,3.0,5.4,1.0,205,16,2.8,4.9,1.0,206,17,0,29.22,,0,0,0,39.9,41.2,42.6,0.21,0.19,0.15
OTIS,2015-12-21 23:50:00 EST,41.48249,-74.50368,778,45.4,45.8,44.2,61.6,32.9,0.000,0.000,0.00,0.000,3.2,5.2,0.8,194,11,3.4,6.3,1.0,193,11,3.2,5.2,0.8,194,11,0,29.22,,0,0,0,39.9,41.3,42.5,0.21,0.19,0.15
OTIS,2015-12-21 23:55:00 EST,41.48249,-74.50368,778,45.0,45.6,45.0,62.4,32.9,0.000,0.000,0.00,0.000,2.8,4.1,0.7,199,9,3.0,4.7,0.8,199,11,2.8,4.1,0.7,199,9,0,29.22,,0,0,0,39.9,41.3,42.5,0.21,0.19,0.15
SCHU,2015-12-21 00:00:00 EST,43.11700,-73.57829,103,25.2,26.5,25.2,96.5,24.3,0.000,0.000,0.00,0.000,0.9,1.2,0.2,282,23,1.0,1.6,0.2,296,25,0.9,1.2,0.2,282,23,0,30.22,,0,0,0,36.2,39.8,42.8,0.15,0.15,0.09
SCHU,2015-12-21 00:05:00 EST,43.11700,-73.57829,103,25.2,26.7,25.2,95.9,24.2,0.000,0.000,0.00,0.000,0.8,1.0,0.1,319,7,1.1,1.6,0.2,335,6,0.8,1.0,0.1,319,7,0,30.22,,0,0,0,36.2,39.8,42.8,0.15,0.16,0.09
SCHU,2015-12-21 00:10:00 EST,43.11700,-73.57829,103,25.0,26.7,25.0,95.2,23.8,0.000,0.000,0.00,0.000,0.6,1.1,0.2,337,9,1.2,3.4,0.4,354,14,0.6,1.1,0.2,337,9,0,30.22,,0,0,0,36.2,39.8,42.8,0.15,0.15,0.09
SCHU,2015-12-21 00:15:00 EST,43.11700,-73.57829,103,25.0,26.6,25.0,95.5,23.9,0.000,0.000,0.00,0.000,0.0,0.0,0.0,0,0,0.3,0.7,0.2,21,42,0.0,0.0,0.0,0,0,0,30.21,,0,0,0,36.2,39.8,42.8,0.15,0.15,0.09
SCHU,2015-12-21 00:20:00 EST,43.11700,-73.57829,103,25.1,26.5,25.1,96.3,24.2,0.000,0.000,0.00,0.000,0.0,0.0,0.0,0,0,0.3,1.8,0.2,197,29,0.0,0.0,0.0,0,0,0,30.21,,0,0,0,36.1,39.8,42.8,0.15,0.15,0.09
SCHU,2015-12-21 00:25:00 EST,43.11700,-73.57829,103,25.0,26.3,25.0,96.1,24.0,0.000,0.000,0.00,0.000,0.4,0.9,0.4,0,0,0.8,1.3,0.4,174,12,0.4,0.9,0.4,0,0,0,30.21,,0,0,0,36.1,39.7,42.8,0.15,0.15,0.09
SCHU,2015-12-21 00:30:00 EST,43.11700,-73.57829,103,24.9,26.2,24.9,96.4,24.1,0.000,0.000,0.00,0.000,0.7,1.0,0.2,107,62,1.1,1.6,0.2,147,19,0.7,1.0,0.2,107,62,0,30.20,,0,0,0,36.1,39.8,42.8,0.15,0.15,0.09
SCHU,2015-12-21 00:35:00 EST,43.11700,-73.57829,103,25.0,26.3,25.0,97.0,24.2,0.000,0.000,0.00,0.000,0.8,1.0,0.1,162,11,1.2,1.8,0.2,158,14,0.8,1.0,0.1,162,11,0,30.20,,0,0,0,36.1,39.8,42.8,0.15,0.16,0.09
SCHU,2015-12-21 00:40:00 EST,43.11700,-73.57829,103,25.3,26.3,25.3,97.2,24.6,0.000,0.000,0.00,0.000,1.0,1.3,0.2,210,14,1.2,1.6,0.2,207,17,1.0,1.3,0.2,210,14,0,30.20,,0,0,0,36.0,39.7,42.8,0.15,0.15,0.09
SCHU,2015-12-21 00:45:00 EST,43.11700,-73.57829,103,25.3,26.3,25.3,97.1,24.6,0.000,0.000,0.00,0.000,0.5,1.0,0.3,234,0,0.7,1.1,0.2,223,12,0.5,1.0,0.3,234,0,0,30.20,,0,0,0,36.0,39.7,42.8,0.15,0.15,0.09
SCHU,2015-12-21 00:50:00 EST,43.11700,-73.57829,103,25.2,26.4,25.2,96.4,24.4,0.000,0.000,0.00,0.000,0.0,0.0,0.0,0,0,0.3,0.7,0.2,194,52,0.0,0.0,0.0,0,0,0,30.19,,0,0,0,36.0,39.8,42.8,0.15,0.16,0.09
SCHU,2015-12-21 00:55:00 EST,43.11700,-73.57829,103,25.2,26.4,25.2,96.1,24.3,0.000,0.000,0.00,0.000,0.0,0.4,0.1,287,0,0.5,0.9,0.3,313,22,0.0,0.4,0.1,287,0,0,30.19,,0,0,0,36.0,39.7,42.8,0.15,0.15,0.09
SCHU,2015-12-21 01:00:00 EST,43.11700,-73.57829,103,25.4,26.5,25.4,96.2,24.4,0.000,0.000,0.00,0.000,0.3,0.7,0.3,300,6,0.9,1.8,0.2,351,33,0.3,0.7,0.3,300,6,0,30.19,,0,0,0,36.0,39.7,42.8,0.15,0.16,0.08
SCHU,2015-12-21 01:05:00 EST,43.11700,-73.57829,103,25.4,26.5,25.4,96.3,24.5,0.000,0.000,0.00,0.000,0.0,0.0,0.0,0,0,0.4,0.9,0.3,359,38,0.0,0.0,0.0,0,0,0,30.20,,0,0,0,36.0,39.7,42.8,0.15,0.15,0.09
SCHU,2015-12-21 01:10:00 EST,43.11700,-73.57829,103,25.2,26.1,25.2,96.4,24.3,0.000,0.000,0.00,0.000,0.0,0.0,0.0,0,0,0.5,1.1,0.3,130,32,0.0,0.0,0.0,0,0,0,30.19,,0,0,0,36.0,39.6,42.8,0.15,0.15,0.09
SCHU,2015-12-21 01:15:00 EST,43.11700,-73.57829,103,24.9,26.2,24.9,96.5,24.1,0.000,0.000,0.00,0.000,0.7,1.2,0.2,142,12,1.1,1.6,0.2,128,10,0.7,1.2,0.2,142,12,0,30.19,,0,0,0,36.0,39.6,42.8,0.15,0.15,0.09
SCHU,2015-12-21 01:20:00 EST,43.11700,-73.57829,103,24.9,26.2,24.9,96.6,24.0,0.000,0.000,0.00,0.000,0.8,1.3,0.3,133,9,1.2,2.0,0.3,123,12,0.8,1.3,0.3,133,9,0,30.18,,0,0,0,36.0,39.6,42.8,0.15,0.15,0.09
SCHU,2015-12-21 01:25:00 EST,43.11700,-73.57829,103,24.8,26.3,24.8,96.4,23.9,0.000,0.000,0.00,0.000,0.3,0.9,0.3,201,12,0.8,4.3,0.5,208,28,0.3,0.9,0.3,201,12,0,30.19,,0,0,0,35.9,39.6,42.8,0.15,0.15,0.09
SCHU,2015-12-21 01:30:00 EST,43.11700,-73.57829,103,25.2,26.2,25.2,97.0,24.5,0.000,0.000,0.00,0.000,0.6,1.0,0.3,211,1,0.8,1.3,0.2,209,12,0.6,1.0,0.3,211,1,0,30.19,,0,0,0,35.9,39.6,42.8,0.15,0.15,0.08
SCHU,2015-12-21 01:35:00 EST,43.11700,-73.57829,103,25.1,26.2,25.1,96.6,24.3,0.000,0.000,0.00,0.000,0.2,0.7,0.2,210,0,0.6,1.1,0.2,224,27,0.2,0.7,0.2,210,0,0,30.19,,0,0,0,36.0,39.5,42.8,0.15,0.15,0.09
SCHU,2015-12-21 01:40:00 EST,43.11700,-73.57829,103,25.2,26.3,25.2,96.5,24.4,0.000,0.000,0.00,0.000,0.6,1.5,0.6,278,3,1.0,1.8,0.5,280,14,0.6,1.5,0.6,278,3,0,30.19,,0,0,0,35.9,39.5,42.8,0.15,0.15,0.09
SCHU,2015-12-21 01:45:00 EST,43.11700,-73.57829,103,25.3,26.3,25.3,96.5,24.5,0.000,0.000,0.00,0.000,0.5,1.5,0.5,297,3,1.0,1.6,0.2,330,25,0.5,1.5,0.5,297,3,0,30.19,,0,0,0,36.0,39.5,42.8,0.15,0.15,0.09
SCHU,2015-12-21 01:50:00 EST,43.11700,-73.57829,103,25.5,26.5,25.5,96.5,24.6,0.000,0.000,0.00,0.000,0.7,1.2,0.3,344,10,1.4,6.3,0.6,357,25,0.7,1.2,0.3,344,10,0,30.19,,0,0,0,35.9,39.5,42.8,0.15,0.15,0.09
SCHU,2015-12-21 01:55:00 EST,43.11700,-73.57829,103,25.2,26.6,25.2,96.2,24.3,0.000,0.000,0.00,0.000,0.3,1.2,0.4,5,0,0.8,1.8,0.5,14,18,0.3,1.2,0.4,5,0,0,30.19,,0,0,0,35.9,39.5,42.8,0.15,0.15,0.09
SCHU,2015-12-21 02:00:00 EST,43.11700,-73.57829,103,25.2,26.4,25.2,96.2,24.2,0.000,0.000,0.00,0.000,0.2,0.9,0.3,186,18,0.6,1.3,0.3,168,31,0.2,0.9,0.3,186,18,0,30.19,,0,0,0,35.9,39.5,42.8,0.15,0.15,0.09
SCHU,2015-12-21 02:05:00 EST,43.11700,-73.57829,103,25.2,26.4,25.2,96.5,24.3,0.000,0.000,0.00,0.000,0.6,1.0,0.3,180,4,1.1,3.6,0.4,169,22,0.6,1.0,0.3,180,4,0,30.19,,0,0,0,35.9,39.5,42.8,0.15,0.15,0.09
SCHU,2015-12-21 02:10:00 EST,43.11700,-73.57829,103,25.1,26.2,25.1,95.9,24.1,0.000,0.000,0.00,0.000,1.1,1.5,0.2,146,10,1.4,2.0,0.2,135,8,1.1,1.5,0.2,146,10,0,30.18,,0,0,0,35.8,39.5,42.8,0.15,0.15,0.09
SCHU,2015-12-21 02:15:00 EST,43.11700,-73.57829,103,25.3,26.3,25.3,96.9,24.5,0.000,0.000,0.00,0.000,1.3,1.6,0.1,120,7,1.7,2.2,0.2,116,9,1.3,1.6,0.1,120,7,0,30.18,,0,0,0,35.8,39.5,42.8,0.15,0.15,0.09
SCHU,2015-12-21 02:20:00 EST,43.11700,-73.57829,103,24.8,26.1,24.8,96.6,24.0,0.000,0.000,0.00,0.000,0.7,1.5,0.5,135,5,1.1,1.8,0.4,124,15,0.7,1.5,0.5,135,5,0,30.18,,0,0,0,35.8,39.4,42.8,0.15,0.15,0.09
SCHU,2015-12-21 02:25:00 EST,43.11700,-73.57829,103,25.4,26.0,25.4,97.0,24.7,0.000,0.000,0.00,0.000,0.1,0.8,0.2,173,0,0.6,1.3,0.2,129,29,0.1,0.8,0.2,173,0,0,30.18,,0,0,0,35.8,39.4,42.8,0.15,0.15,0.09
SCHU,2015-12-21 02:30:00 EST,43.11700,-73.57829,103,25.3,26.1,25.3,97.4,24.7,0.000,0.000,0.00,0.000,0.0,0.0,0.0,0,0,0.6,1.1,0.2,136,31,0.0,0.0,0.0,0,0,0,30.18,,0,0,0,35.8,39.4,42.7,0.15,0.15,0.09
SCHU,2015-12-21 02:35:00 EST,43.11700,-73.57829,103,25.1,26.0,25.1,97.2,24.4,0.000,0.000,0.00,0.000,0.4,1.4,0.5,247,10,0.8,1.3,0.3,242,28,0.4,1.4,0.5,247,10,0,30.18,,0,0,0,35.7,39.4,42.7,0.15,0.15,0.09
SCHU,2015-12-21 02:40:00 EST,43.11700,-73.57829,103,25.5,26.2,25.5,97.4,24.8,0.000,0.000,0.00,0.000,0.7,1.1,0.3,271,24,1.0,2.0,0.3,286,29,0.7,1.1,0.3,271,24,0,30.18,,0,0,0,35.7,39.4,42.7,0.15,0.15,0.09
SCHU,2015-12-21 02:45:00 EST,43.11700,-73.57829,103,25.7,26.3,25.7,97.2,25.0,0.000,0.000,0.00,0.000,0.7,1.4,0.4,20,12,1.4,4.0,0.5,21,17,0.7,1.4,0.4,20,12,0,30.18,,0,0,0,35.7,39.4,42.8,0.15,0.15,0.09
SCHU,2015-12-21 02:50:00 EST,43.11700,-73.57829,103,25.8,26.4,25.8,97.4,25.2,0.000,0.000,0.00,0.000,0.9,1.3,0.2,42,9,1.5,4.5,0.5,49,10,0.9,1.3,0.2,42,9,0,30.18,,0,0,0,35.7,39.4,42.7,0.15,0.15,0.09
SCHU,2015-12-21 02:55:00 EST,43.11700,-73.57829,103,24.6,26.4,24.6,96.3,23.7,0.000,0.000,0.00,0.000,0.5,1.2,0.4,72,13,1.2,2.2,0.4,53,24,0.5,1.2,0.4,72,13,0,30.17,,0,0,0,35.7,39.4,42.8,0.15,0.15,0.09
SCHU,2015-12-21 03:00:00 EST,43.11700,-73.57829,103,24.8,26.4,24.8,95.9,23.8,0.000,0.000,0.00,0.000,0.3,0.9,0.4,255,5,0.7,1.1,0.3,278,64,0.3,0.9,0.4,255,5,0,30.17,,0,0,0,35.7,39.4,42.8,0.15,0.15,0.09
SCHU,2015-12-21 03:05:00 EST,43.11700,-73.57829,103,25.5,26.1,25.5,97.2,24.8,0.000,0.000,0.00,0.000,0.4,1.0,0.3,201,15,0.8,1.3,0.3,179,20,0.4,1.0,0.3,201,15,0,30.17,,0,0,0,35.7,39.4,42.7,0.15,0.15,0.09
SCHU,2015-12-21 03:10:00 EST,43.11700,-73.57829,103,24.8,26.1,24.8,96.9,24.1,0.000,0.000,0.00,0.000,1.0,1.4,0.2,172,8,1.4,1.8,0.3,155,8,1.0,1.4,0.2,172,8,0,30.17,,0,0,0,35.6,39.4,42.7,0.15,0.15,0.09
SCHU,2015-12-21 03:15:00 EST,43.11700,-73.57829,103,25.2,26.0,25.2,96.9,24.4,0.000,0.000,0.00,0.000,1.5,1.8,0.2,132,12,1.8,2.5,0.2,125,11,1.5,1.8,0.2,132,12,0,30.16,,0,0,0,35.6,39.4,42.8,0.15,0.15,0.09
SCHU,2015-12-21 03:20:00 EST,43.11700,-73.57829,103,25.2,26.0,25.2,97.4,24.6,0.000,0.000,0.00,0.000,1.9,2.3,0.3,123,6,2.2,2.9,0.3,120,8,1.9,2.3,0.3,123,6,0,30.15,,0,0,0,35.7,39.4,42.7,0.15,0.15,0.09
SCHU,2015-12-21 03:25:00 EST,43.11700,-73.57829,103,25.2,25.8,25.2,97.1,24.5,0.000,0.000,0.00,0.000,1.2,1.9,0.3,129,24,1.5,2.2,0.4,126,24,1.2,1.9,0.3,129,24,0,30.15,,0,0,0,35.7,39.4,42.7,0.15,0.15,0.09
SCHU,2015-12-21 03:30:00 EST,43.11700,-73.57829,103,24.8,25.7,24.8,96.3,23.9,0.000,0.000,0.00,0.000,0.8,2.5,0.9,285,20,1.3,8.5,1.0,289,55,0.8,2.5,0.9,285,20,0,30.14,,0,0,0,35.6,39.4,42.7,0.15,0.15,0.09
SCHU,2015-12-21 03:35:00 EST,43.11700,-73.57829,103,25.1,25.7,25.1,96.7,24.3,0.000,0.000,0.00,0.000,1.0,1.7,0.4,329,52,1.4,5.8,0.6,351,51,1.0,1.7,0.4,329,52,0,30.14,,0,0,0,35.6,39.4,42.7,0.15,0.15,0.09
SCHU,2015-12-21 03:40:00 EST,43.11700,-73.57829,103,26.1,26.7,26.1,97.1,25.4,0.000,0.000,0.00,0.000,1.1,2.5,0.4,51,16,1.7,3.8,0.5,49,15,1.1,2.5,0.4,51,16,0,30.14,,0,0,0,35.6,39.4,42.7,0.15,0.15,0.09
SCHU,2015-12-21 03:45:00 EST,43.11700,-73.57829,103,25.2,27.0,25.2,96.7,24.4,0.000,0.000,0.00,0.000,0.7,1.8,0.5,39,6,1.4,2.7,0.4,37,17,0.7,1.8,0.5,39,6,0,30.14,,0,0,0,35.6,39.3,42.7,0.15,0.15,0.09
SCHU,2015-12-21 03:50:00 EST,43.11700,-73.57829,103,24.9,26.7,24.9,95.5,23.8,0.000,0.000,0.00,0.000,0.8,1.8,0.6,110,11,1.3,2.5,0.6,98,31,0.8,1.8,0.6,110,11,0,30.13,,0,0,0,35.5,39.4,42.7,0.15,0.15,0.09
SCHU,2015-12-21 03:55:00 EST,43.11700,-73.57829,103,24.7,26.8,24.7,96.4,23.9,0.000,0.000,0.00,0.000,0.3,1.5,0.4,96,12,1.0,2.2,0.4,76,23,0.3,1.5,0.4,96,12,0,30.13,,0,0,0,35.6,39.3,42.7,0.15,0.15,0.09
SCHU,2015-12-21 04:00:00 EST,43.11700,-73.57829,103,25.1,26.8,25.1,96.7,24.2,0.000,0.000,0.00,0.000,0.2,0.7,0.3,8,3,1.0,1.8,0.3,360,17,0.2,0.7,0.3,8,3,0,30.14,,0,0,0,35.5,39.3,42.7,0.15,0.15,0.09
SCHU,2015-12-21 04:05:00 EST,43.11700,-73.57829,103,24.9,26.8,24.9,97.1,24.2,0.000,0.000,0.00,0.000,1.0,1.5,0.3,330,8,1.4,2.0,0.2,338,12,1.0,1.5,0.3,330,8,0,30.14,,0,0,0,35.5,39.3,42.7,0.15,0.15,0.09
SCHU,2015-12-21 04:10:00 EST,43.11700,-73.57829,103,24.9,26.5,24.9,97.1,24.2,0.000,0.000,0.00,0.000,1.1,1.8,0.4,309,7,1.2,2.5,0.4,314,10,1.1,1.8,0.4,309,7,0,30.14,,0,0,0,35.5,39.3,42.7,0.15,0.15,0.09
SCHU,2015-12-21 04:15:00 EST,43.11700,-73.57829,103,25.1,26.3,25.1,97.5,24.5,0.000,0.000,0.00,0.000,1.2,1.7,0.2,330,13,1.6,2.5,0.4,338,11,1.2,1.7,0.2,330,13,0,30.13,,0,0,0,35.5,39.3,42.7,0.15,0.15,0.09
SCHU,2015-12-21 04:20:00 EST,43.11700,-73.57829,103,24.6,26.4,24.6,97.1,23.9,0.000,0.000,0.00,0.000,1.5,2.0,0.2,326,14,1.7,2.2,0.2,330,15,1.5,2.0,0.2,326,14,0,30.14,,0,0,0,35.5,39.2,42.7,0.15,0.15,0.09
SCHU,2015-12-21 04:25:00 EST,43.11700,-73.57829,103,25.1,26.3,25.1,97.3,24.4,0.000,0.000,0.00,0.000,0.5,1.5,0.5,312,1,0.9,1.8,0.4,326,29,0.5,1.5,0.5,312,1,0,30.14,,0,0,0,35.5,39.3,42.7,0.15,0.15,0.09
SCHU,2015-12-21 04:30:00 EST,43.11700,-73.57829,103,25.3,26.2,25.3,97.5,24.7,0.000,0.000,0.00,0.000,0.0,0.0,0.0,0,0,0.6,1.8,0.3,51,32,0.0,0.0,0.0,0,0,0,30.14,,0,0,0,35.4,39.3,42.7,0.15,0.15,0.09
SCHU,2015-12-21 04:35:00 EST,43.11700,-73.57829,103,24.4,26.3,24.4,97.1,23.7,0.000,0.000,0.00,0.000,0.4,1.2,0.3,111,30,1.1,1.6,0.3,104,28,0.4,1.2,0.3,111,30,0,30.13,,0,0,0,35.4,39.2,42.6,0.15,0.15,0.09
SCHU,2015-12-21 04:40:00 EST,43.11700,-73.57829,103,24.4,26.3,24.4,97.3,23.8,0.000,0.000,0.00,0.000,0.5,1.1,0.4,134,7,1.1,2.9,0.3,130,9,0.5,1.1,0.4,134,7,0,30.13,,0,0,0,35.4,39.2,42.7,0.15,0.15,0.09
SCHU,2015-12-21 04:45:00 EST,43.11700,-73.57829,103,24.1,26.3,24.1,97.4,23.4,0.000,0.000,0.00,0.000,0.2,0.8,0.3,130,0,0.7,1.3,0.3,131,18,0.2,0.8,0.3,130,0,0,30.12,,0,0,0,35.4,39.2,42.7,0.15,0.15,0.09
SCHU,2015-12-21 04:50:00 EST,43.11700,-73.57829,103,24.9,26.2,24.9,97.6,24.3,0.000,0.000,0.00,0.000,0.0,0.0,0.0,0,0,0.3,0.9,0.2,147,57,0.0,0.0,0.0,0,0,0,30.12,,0,0,0,35.4,39.2,42.7,0.15,0.15,0.09
SCHU,2015-12-21 04:55:00 EST,43.11700,-73.57829,103,24.9,26.3,24.9,97.9,24.4,0.000,0.000,0.00,0.000,0.3,0.8,0.3,115,43,0.8,1.3,0.3,321,15,0.3,0.8,0.3,115,43,0,30.12,,0,0,0,35.4,39.2,42.7,0.15,0.15,0.09
SCHU,2015-12-21 05:00:00 EST,43.11700,-73.57829,103,24.8,26.2,24.8,97.8,24.3,0.000,0.000,0.00,0.000,1.0,1.3,0.2,312,10,1.2,1.6,0.2,316,15,1.0,1.3,0.2,312,10,0,30.12,,0,0,0,35.4,39.2,42.7,0.15,0.15,0.09
SCHU,2015-12-21 05:05:00 EST,43.11700,-73.57829,103,25.3,25.9,25.3,98.1,24.8,0.000,0.000,0.00,0.000,0.7,1.3,0.4,264,11,1.0,3.4,0.4,254,19,0.7,1.3,0.4,264,11,0,30.13,,0,0,0,35.4,39.2,42.6,0.15,0.15,0.09
SCHU,2015-12-21 05:10:00 EST,43.11700,-73.57829,103,25.4,25.8,25.4,98.0,24.9,0.000,0.000,0.00,0.000,0.0,0.0,0.0,0,0,0.6,0.9,0.2,180,24,0.0,0.0,0.0,0,0,0,30.12,,0,0,0,35.4,39.2,42.6,0.15,0.15,0.09
SCHU,2015-12-21 05:15:00 EST,43.11700,-73.57829,103,25.2,26.0,25.2,97.8,24.6,0.000,0.000,0.00,0.000,0.0,0.4,0.1,252,0,0.5,0.9,0.1,233,18,0.0,0.4,0.1,252,0,0,30.13,,0,0,0,35.3,39.2,42.6,0.15,0.15,0.09
SCHU,2015-12-21 05:20:00 EST,43.11700,-73.57829,103,25.3,26.3,25.3,97.5,24.7,0.000,0.000,0.00,0.000,0.0,0.0,0.0,0,0,0.8,1.3,0.2,332,22,0.0,0.0,0.0,0,0,0,30.13,,0,0,0,35.3,39.2,42.6,0.15,0.15,0.09
SCHU,2015-12-21 05:25:00 EST,43.11700,-73.57829,103,25.8,26.5,25.8,97.7,25.3,0.000,0.000,0.00,0.000,0.5,0.9,0.3,337,1,1.0,1.6,0.3,343,15,0.5,0.9,0.3,337,1,0,30.13,,0,0,0,35.3,39.2,42.6,0.15,0.15,0.09
SCHU,2015-12-21 05:30:00 EST,43.11700,-73.57829,103,25.6,26.5,25.6,97.5,25.0,0.000,0.000,0.00,0.000,0.4,1.0,0.3,330,3,0.9,1.6,0.3,340,16,0.4,1.0,0.3,330,3,0,30.13,,0,0,0,35.3,39.2,42.6,0.15,0.14,0.09
SCHU,2015-12-21 05:35:00 EST,43.11700,-73.57829,103,25.5,26.6,25.5,97.2,24.9,0.000,0.000,0.00,0.000,0.9,1.2,0.1,345,13,1.4,2.2,0.2,351,11,0.9,1.2,0.1,345,13,0,30.13,,0,0,0,35.3,39.2,42.6,0.15,0.15,0.09
SCHU,2015-12-21 05:40:00 EST,43.11700,-73.57829,103,25.9,26.6,25.9,97.4,25.3,0.000,0.000,0.00,0.000,1.3,2.3,0.4,20,12,1.8,3.1,0.4,23,11,1.3,2.3,0.4,20,12,0,30.12,,0,0,0,35.2,39.2,42.6,0.15,0.15,0.09
SCHU,2015-12-21 05:45:00 EST,43.11700,-73.57829,103,25.7,26.5,25.7,96.7,24.9,0.000,0.000,0.00,0.000,0.8,1.4,0.2,56,30,1.3,2.5,0.3,61,28,0.8,1.4,0.2,56,30,0,30.11,,0,0,0,35.2,39.2,42.6,0.15,0.15,0.09
SCHU,2015-12-21 05:50:00 EST,43.11700,-73.57829,103,24.9,26.2,24.9,95.3,23.8,0.000,0.000,0.00,0.000,1.0,1.5,0.4,153,12,1.4,3.1,0.4,149,19,1.0,1.5,0.4,153,12,0,30.11,,0,0,0,35.2,39.2,42.6,0.15,0.15,0.09
SCHU,2015-12-21 05:55:00 EST,43.11700,-73.57829,103,25.6,26.3,25.6,96.4,24.8,0.000,0.000,0.00,0.000,1.2,1.6,0.3,215,24,1.3,2.0,0.3,214,27,1.2,1.6,0.3,215,24,0,30.10,,0,0,0,35.2,39.2,42.6,0.15,0.15,0.09
SCHU,2015-12-21 06:00:00 EST,43.11700,-73.57829,103,25.3,26.1,25.3,95.6,24.3,0.000,0.000,0.00,0.000,1.1,1.6,0.3,260,9,1.3,1.8,0.3,257,19,1.1,1.6,0.3,260,9,0,30.10,,0,0,0,35.2,39.2,42.6,0.15,0.15,0.09
SCHU,2015-12-21 06:05:00 EST,43.11700,-73.57829,103,25.7,26.2,25.7,96.2,24.7,0.000,0.000,0.00,0.000,0.7,1.5,0.5,290,3,0.9,2.2,0.5,298,19,0.7,1.5,0.5,290,3,0,30.10,,0,0,0,35.1,39.2,42.6,0.15,0.15,0.09
SCHU,2015-12-21 06:10:00 EST,43.11700,-73.57829,103,25.5,26.3,25.5,96.3,24.6,0.000,0.000,0.00,0.000,0.0,0.0,0.0,0,0,0.4,0.9,0.2,303,41,0.0,0.0,0.0,0,0,0,30.10,,0,0,0,35.2,39.2,42.6,0.15,0.14,0.09
SCHU,2015-12-21 06:15:00 EST,43.11700,-73.57829,103,25.1,26.4,25.1,96.1,24.1,0.000,0.000,0.00,0.000,0.6,1.2,0.4,326,6,1.1,1.6,0.2,346,24,0.6,1.2,0.4,326,6,0,30.10,,0,0,0,35.1,39.2,42.6,0.15,0.15,0.09
SCHU,2015-12-21 06:20:00 EST,43.11700,-73.57829,103,24.8,26.3,24.8,96.4,23.9,0.000,0.000,0.00,0.000,0.0,0.7,0.1,17,16,0.7,1.1,0.2,127,54,0.0,0.7,0.1,17,16,0,30.09,,0,0,0,35.1,39.2,42.6,0.15,0.15,0.09
SCHU,2015-12-21 06:25:00 EST,43.11700,-73.57829,103,25.1,26.2,25.1,96.9,24.3,0.000,0.000,0.00,0.000,1.4,1.8,0.2,299,24,1.5,2.0,0.2,308,28,1.4,1.8,0.2,299,24,0,30.10,,0,0,0,35.1,39.2,42.6,0.15,0.15,0.09
SCHU,2015-12-21 06:30:00 EST,43.11700,-73.57829,103,25.4,26.3,25.4,97.3,24.7,0.000,0.000,0.00,0.000,0.4,1.1,0.4,338,10,0.9,1.6,0.3,5,26,0.4,1.1,0.4,338,10,0,30.10,,0,0,0,35.1,39.2,42.6,0.15,0.15,0.09
SCHU,2015-12-21 06:35:00 EST,43.11700,-73.57829,103,25.2,26.3,25.2,97.0,24.5,0.000,0.000,0.00,0.000,0.0,0.0,0.0,0,0,0.5,5.1,0.5,22,41,0.0,0.0,0.0,0,0,0,30.10,,0,0,0,35.1,39.1,42.6,0.15,0.15,0.09
SCHU,2015-12-21 06:40:00 EST,43.11700,-73.57829,103,25.2,26.3,25.2,97.0,24.4,0.000,0.000,0.00,0.000,0.2,0.8,0.3,352,0,0.8,1.6,0.3,337,19,0.2,0.8,0.3,352,0,0,30.10,,0,0,0,35.1,39.2,42.6,0.15,0.15,0.09
SCHU,2015-12-21 06:45:00 EST,43.11700,-73.57829,103,25.3,26.4,25.3,97.2,24.7,0.000,0.000,0.00,0.000,1.1,1.8,0.2,334,9,1.5,2.5,0.3,340,10,1.1,1.8,0.2,334,9,0,30.10,,0,0,0,35.1,39.1,42.6,0.15,0.15,0.09
SCHU,2015-12-21 06:50:00 EST,43.11700,-73.57829,103,25.4,26.3,25.4,97.1,24.7,0.000,0.000,0.00,0.000,0.5,1.0,0.3,331,5,0.9,1.6,0.3,348,15,0.5,1.0,0.3,331,5,0,30.10,,0,0,0,35.0,39.1,42.6,0.15,0.15,0.09
SCHU,2015-12-21 06:55:00 EST,43.11700,-73.57829,103,25.5,26.4,25.5,97.2,24.8,0.000,0.000,0.00,0.000,0.2,0.9,0.3,16,9,0.9,2.2,0.3,30,12,0.2,0.9,0.3,16,9,0,30.10,,0,0,0,35.0,39.1,42.6,0.15,0.15,0.09
SCHU,2015-12-21 07:00:00 EST,43.11700,-73.57829,103,24.8,26.3,24.8,96.8,24.0,0.000,0.000,0.00,0.000,0.5,1.0,0.4,293,9,0.9,1.3,0.2,314,26,0.5,1.0,0.4,293,9,0,30.10,,0,0,0,35.1,39.1,42.6,0.15,0.15,0.09
SCHU,2015-12-21 07:05:00 EST,43.11700,-73.57829,103,25.3,26.4,25.3,97.2,24.7,0.000,0.000,0.00,0.000,0.3,0.9,0.4,332,7,0.8,1.6,0.4,10,32,0.3,0.9,0.4,332,7,0,30.10,,0,0,0,35.1,39.1,42.6,0.15,0.15,0.09
SCHU,2015-12-21 07:10:00 EST,43.11700,-73.57829,103,25.2,26.2,25.2,97.3,24.5,0.000,0.000,0.00,0.000,0.4,1.4,0.5,255,1,0.7,1.6,0.4,255,41,0.4,1.4,0.5,255,1,0,30.10,,0,0,0,35.0,39.0,42.6,0.15,0.15,0.09
SCHU,2015-12-21 07:15:00 EST,43.11700,-73.57829,103,25.2,26.1,25.2,97.2,24.5,0.000,0.000,0.00,0.000,0.6,1.2,0.4,262,5,0.9,1.6,0.3,265,21,0.6,1.2,0.4,262,5,1,30.10,,0,0,0,35.0,39.0,42.6,0.15,0.15,0.09
SCHU,2015-12-21 07:20:00 EST,43.11700,-73.57829,103,25.5,26.0,25.5,97.0,24.8,0.000,0.000,0.00,0.000,0.0,0.0,0.0,0,0,0.5,0.9,0.2,314,26,0.0,0.0,0.0,0,0,1,30.10,,0,0,0,35.0,39.0,42.6,0.15,0.15,0.09
SCHU,2015-12-21 07:25:00 EST,43.11700,-73.57829,103,25.1,26.0,25.1,96.9,24.3,0.000,0.000,0.00,0.000,0.0,0.3,0.1,310,0,0.5,0.9,0.2,318,18,0.0,0.3,0.1,310,0,2,30.10,,0,0,0,35.0,39.0,42.6,0.15,0.15,0.09
SCHU,2015-12-21 07:30:00 EST,43.11700,-73.57829,103,25.2,26.1,25.2,97.0,24.5,0.000,0.000,0.00,0.000,0.1,0.8,0.2,310,0,0.6,1.3,0.2,310,23,0.1,0.8,0.2,310,0,3,30.10,,0,0,0,35.0,39.0,42.6,0.15,0.15,0.09
SCHU,2015-12-21 07:35:00 EST,43.11700,-73.57829,103,25.2,26.2,25.2,97.1,24.4,0.000,0.000,0.00,0.000,1.1,1.8,0.4,315,8,1.3,2.2,0.4,323,12,1.1,1.8,0.4,315,8,5,30.09,,0,0,0,35.0,39.0,42.5,0.15,0.15,0.09
SCHU,2015-12-21 07:40:00 EST,43.11700,-73.57829,103,25.6,26.3,25.6,97.4,25.0,0.000,0.000,0.00,0.000,0.7,1.6,0.6,325,5,1.1,5.8,0.6,335,10,0.7,1.6,0.6,325,5,9,30.09,,0,0,0,35.0,39.0,42.5,0.15,0.15,0.09
SCHU,2015-12-21 07:45:00 EST,43.11700,-73.57829,103,25.6,26.2,25.6,97.1,24.9,0.000,0.000,0.00,0.000,0.6,1.2,0.5,287,5,1.0,1.6,0.3,292,18,0.6,1.2,0.5,287,5,14,30.09,,0,0,0,35.0,39.0,42.5,0.15,0.15,0.09
SCHU,2015-12-21 07:50:00 EST,43.11700,-73.57829,103,25.8,26.4,25.8,97.0,25.1,0.000,0.000,0.00,0.000,1.1,1.5,0.2,317,21,1.4,2.7,0.4,324,25,1.1,1.5,0.2,317,21,20,30.09,,0,0,0,35.0,39.0,42.5,0.15,0.15,0.09
SCHU,2015-12-21 07:55:00 EST,43.11700,-73.57829,103,25.8,26.5,25.8,96.7,25.0,0.000,0.000,0.00,0.000,0.4,1.3,0.4,277,18,0.8,2.7,0.4,277,40,0.4,1.3,0.4,277,18,28,30.09,,0,0,0,34.9,39.0,42.5,0.15,0.15,0.09
SCHU,2015-12-21 08:00:00 EST,43.11700,-73.57829,103,25.6,26.6,25.6,96.4,24.7,0.000,0.000,0.00,0.000,0.3,1.2,0.4,260,6,0.8,4.9,0.5,209,62,0.3,1.2,0.4,260,6,37,30.09,,0,0,0,34.9,38.9,42.5,0.15,0.15,0.09
SCHU,2015-12-21 08:05:00 EST,43.11700,-73.57829,103,26.1,26.7,26.1,96.5,25.3,0.000,0.000,0.00,0.000,0.0,0.0,0.0,0,0,0.5,3.8,0.4,131,24,0.0,0.0,0.0,0,0,46,30.09,,0,0,0,34.9,39.0,42.5,0.15,0.15,0.09
SCHU,2015-12-21 08:10:00 EST,43.11700,-73.57829,103,25.6,26.7,25.6,96.1,24.7,0.000,0.000,0.00,0.000,0.0,0.4,0.1,245,0,0.3,0.9,0.2,296,59,0.0,0.4,0.1,245,0,62,30.08,,0,0,0,34.9,39.0,42.5,0.15,0.15,0.09
SCHU,2015-12-21 08:15:00 EST,43.11700,-73.57829,103,26.3,26.9,26.3,95.9,25.3,0.000,0.000,0.00,0.000,0.0,0.0,0.0,0,0,0.5,1.1,0.3,31,65,0.0,0.0,0.0,0,0,78,30.08,,0,0,0,34.9,38.9,42.5,0.15,0.15,0.09
SCHU,2015-12-21 08:20:00 EST,43.11700,-73.57829,103,26.9,27.2,26.9,95.6,25.8,0.000,0.000,0.00,0.000,0.2,1.3,0.4,348,8,0.9,2.0,0.6,355,19,0.2,1.3,0.4,348,8,120,30.08,,0,0,0,34.9,38.9,42.5,0.15,0.15,0.08
SCHU,2015-12-21 08:25:00 EST,43.11700,-73.57829,103,27.9,27.9,27.9,93.5,26.2,0.000,0.000,0.00,0.000,1.2,2.0,0.4,338,13,1.7,2.9,0.5,348,14,1.2,2.0,0.4,338,13,140,30.08,,0,0,0,34.9,38.9,42.5,0.15,0.15,0.08
SCHU,2015-12-21 08:30:00 EST,43.11700,-73.57829,103,28.5,28.4,28.5,91.5,26.3,0.000,0.000,0.00,0.000,0.5,1.5,0.4,343,17,1.0,2.2,0.5,356,25,0.5,1.5,0.4,343,17,120,30.08,,0,0,0,34.9,38.9,42.5,0.15,0.15,0.09
SCHU,2015-12-21 08:35:00 EST,43.11700,-73.57829,103,28.9,28.9,28.9,92.1,26.9,0.000,0.000,0.00,0.000,0.9,2.0,0.6,343,6,1.5,2.9,0.6,353,11,0.9,2.0,0.6,343,6,84,30.08,,0,0,0,34.9,38.9,42.5,0.15,0.15,0.09
SCHU,2015-12-21 08:40:00 EST,43.11700,-73.57829,103,29.2,29.1,29.2,91.3,27.0,0.000,0.000,0.00,0.000,0.7,1.5,0.5,137,18,1.3,2.2,0.5,123,24,0.7,1.5,0.5,137,18,75,30.07,,0,0,0,34.9,38.9,42.5,0.15,0.15,0.09
SCHU,2015-12-21 08:45:00 EST,43.11700,-73.57829,103,29.1,29.1,29.1,91.1,26.8,0.000,0.000,0.00,0.000,0.4,1.3,0.5,186,15,0.8,1.6,0.4,183,56,0.4,1.3,0.5,186,15,72,30.07,,0,0,0,34.9,38.9,42.5,0.15,0.15,0.09
SCHU,2015-12-21 08:50:00 EST,43.11700,-73.57829,103,29.3,29.3,29.3,90.8,26.9,0.000,0.000,0.00,0.000,0.0,0.0,0.0,0,0,0.7,1.3,0.3,52,45,0.0,0.0,0.0,0,0,70,30.07,,0,0,0,34.9,38.9,42.4,0.15,0.15,0.09
SCHU,2015-12-21 08:55:00 EST,43.11700,-73.57829,103,29.4,29.5,29.4,90.5,27.0,0.000,0.000,0.00,0.000,0.2,1.7,0.4,346,1,0.8,2.7,0.6,339,47,0.2,1.7,0.4,346,1,77,30.07,,0,0,0,34.9,38.9,42.4,0.15,0.15,0.09
SCHU,2015-12-21 09:00:00 EST,43.11700,-73.57829,103,29.9,30.0,29.9,90.8,27.5,0.000,0.000,0.00,0.000,1.5,2.3,0.5,356,18,2.1,4.3,0.7,4,16,1.5,2.3,0.5,356,18,90,30.07,,0,0,0,34.9,38.9,42.4,0.15,0.15,0.09
SCHU,2015-12-21 09:05:00 EST,43.11700,-73.57829,103,30.3,30.3,30.3,90.5,27.8,0.000,0.000,0.00,0.000,1.2,2.6,0.8,353,31,1.8,3.8,0.8,7,32,1.2,2.6,0.8,353,31,96,30.07,,0,0,0,34.9,38.9,42.4,0.15,0.15,0.09
SCHU,2015-12-21 09:10:00 EST,43.11700,-73.57829,103,30.6,30.5,30.6,87.9,27.4,0.000,0.000,0.00,0.000,1.2,2.0,0.4,29,8,1.7,2.7,0.4,36,9,1.2,2.0,0.4,29,8,97,30.06,,0,0,0,34.9,38.8,42.4,0.15,0.15,0.09
SCHU,2015-12-21 09:15:00 EST,43.11700,-73.57829,103,30.7,30.7,30.7,85.3,26.9,0.000,0.000,0.00,0.000,0.1,1.0,0.2,53,6,0.8,3.8,0.5,92,25,0.1,1.0,0.2,53,6,93,30.05,,0,0,0,34.9,38.8,42.4,0.15,0.15,0.09
SCHU,2015-12-21 09:20:00 EST,43.11700,-73.57829,103,30.8,30.8,30.8,84.9,26.8,0.000,0.000,0.00,0.000,0.1,0.7,0.2,105,0,0.7,1.8,0.4,98,22,0.1,0.7,0.2,105,0,93,30.05,,0,0,0,34.9,38.8,42.4,0.15,0.15,0.09
SCHU,2015-12-21 09:25:00 EST,43.11700,-73.57829,103,31.1,31.3,31.1,86.5,27.6,0.000,0.000,0.00,0.000,0.3,1.2,0.4,82,4,1.0,2.5,0.5,67,12,0.3,1.2,0.4,82,4,99,30.05,,0,0,0,34.9,38.9,42.4,0.15,0.15,0.09
SCHU,2015-12-21 09:30:00 EST,43.11700,-73.57829,103,31.6,31.8,31.6,88.6,28.6,0.000,0.000,0.00,0.000,0.8,1.3,0.3,41,3,1.3,1.8,0.2,44,7,0.8,1.3,0.3,41,3,108,30.05,,0,0,0,34.9,38.8,42.4,0.15,0.15,0.09
SCHU,2015-12-21 09:35:00 EST,43.11700,-73.57829,103,32.2,32.5,32.2,89.6,29.5,0.000,0.000,0.00,0.000,0.0,0.3,0.0,45,0,0.9,1.6,0.2,52,18,0.0,0.3,0.0,45,0,119,30.05,,0,0,0,34.9,38.8,42.4,0.15,0.15,0.09
SCHU,2015-12-21 09:40:00 EST,43.11700,-73.57829,103,33.0,33.6,33.0,89.2,30.2,0.000,0.000,0.00,0.000,0.6,5.3,1.0,191,39,1.2,4.7,0.8,114,67,0.6,5.3,1.0,191,39,127,30.06,,0,0,0,34.9,38.7,42.4,0.15,0.15,0.08
SCHU,2015-12-21 09:45:00 EST,43.11700,-73.57829,103,34.3,35.3,34.3,82.5,29.5,0.000,0.000,0.00,0.000,1.9,3.5,0.6,163,23,2.3,5.1,0.9,150,22,1.9,3.5,0.6,163,23,120,30.06,,0,0,0,34.9,38.8,42.5,0.15,0.15,0.09
SCHU,2015-12-21 09:50:00 EST,43.11700,-73.57829,103,35.3,36.3,35.3,80.1,29.8,0.000,0.000,0.00,0.000,2.1,4.6,0.8,155,25,2.5,6.3,0.9,142,24,2.1,4.6,0.8,155,25,108,30.05,,0,0,0,34.8,38.7,42.4,0.15,0.15,0.09
SCHU,2015-12-21 09:55:00 EST,43.11700,-73.57829,103,36.1,37.1,33.0,76.8,29.5,0.000,0.000,0.00,0.000,3.8,9.3,1.5,169,16,4.1,10.5,1.9,162,17,3.8,9.3,1.5,169,16,91,30.05,,0,0,0,34.9,38.7,42.4,0.15,0.15,0.09
SCHU,2015-12-21 10:00:00 EST,43.11700,-73.57829,103,35.8,37.3,33.2,79.5,30.1,0.000,0.000,0.00,0.000,3.4,6.9,1.2,176,29,3.8,10.1,1.5,165,27,3.4,6.9,1.2,176,29,84,30.05,,0,0,0,34.9,38.7,42.4,0.15,0.15,0.09
SCHU,2015-12-21 10:05:00 EST,43.11700,-73.57829,103,37.1,38.5,33.4,74.5,29.7,0.000,0.000,0.00,0.000,4.6,10.6,2.0,188,20,5.0,12.8,2.4,184,21,4.6,10.6,2.0,188,20,83,30.06,,0,0,0,34.9,38.8,42.4,0.15,0.15,0.09
SCHU,2015-12-21 10:10:00 EST,43.11700,-73.57829,103,38.7,39.4,35.4,68.3,29.1,0.000,0.000,0.00,0.000,4.5,7.6,1.2,184,24,4.9,9.4,1.4,180,22,4.5,7.6,1.2,184,24,89,30.05,,0,0,0,34.8,38.7,42.4,0.15,0.15,0.09
SCHU,2015-12-21 10:15:00 EST,43.11700,-73.57829,103,39.3,39.7,36.8,65.5,28.7,0.000,0.000,0.00,0.000,3.7,7.7,1.4,182,22,4.1,8.3,1.5,174,23,3.7,7.7,1.4,182,22,103,30.05,,0,0,0,34.8,38.7,42.4,0.15,0.15,0.09
SCHU,2015-12-21 10:20:00 EST,43.11700,-73.57829,103,39.8,40.1,36.3,62.8,28.1,0.000,0.000,0.00,0.000,4.9,10.1,1.8,195,21,5.5,11.4,2.1,189,21,4.9,10.1,1.8,195,21,119,30.05,,0,0,0,34.8,38.7,42.4,0.15,0.15,0.09
SCHU,2015-12-21 10:25:00 EST,43.11700,-73.57829,103,40.0,40.3,37.0,62.1,28.1,0.000,0.000,0.00,0.000,4.5,7.8,1.4,202,24,4.6,8.7,1.6,195,22,4.5,7.8,1.4,202,24,135,30.05,,0,0,0,34.8,38.7,42.4,0.15,0.15,0.09
SCHU,2015-12-21 10:30:00 EST,43.11700,-73.57829,103,40.4,40.6,36.5,61.0,28.0,0.000,0.000,0.00,0.000,5.6,10.4,1.8,199,18,6.0,11.6,2.0,194,16,5.6,10.4,1.8,199,18,145,30.05,,0,0,0,34.9,38.7,42.3,0.15,0.15,0.09
SCHU,2015-12-21 10:35:00 EST,43.11700,-73.57829,103,40.6,40.7,37.1,60.5,28.0,0.000,0.000,0.00,0.000,5.0,9.0,2.0,195,16,5.6,12.8,2.0,189,16,5.0,9.0,2.0,195,16,150,30.05,,0,0,0,34.9,38.7,42.4,0.15,0.15,0.09
SCHU,2015-12-21 10:40:00 EST,43.11700,-73.57829,103,40.7,40.9,36.3,59.9,27.9,0.000,0.000,0.00,0.000,6.6,12.3,2.1,184,20,7.4,13.6,2.3,180,17,6.6,12.3,2.1,184,20,152,30.04,,0,0,0,34.8,38.7,42.4,0.15,0.15,0.09
SCHU,2015-12-21 10:45:00 EST,43.11700,-73.57829,103,40.9,41.0,37.2,59.9,28.0,0.000,0.000,0.00,0.000,5.4,9.4,1.4,190,17,6.0,11.4,1.7,186,15,5.4,9.4,1.4,190,17,146,30.04,,0,0,0,34.8,38.7,42.4,0.15,0.15,0.09
SCHU,2015-12-21 10:50:00 EST,43.11700,-73.57829,103,41.0,41.1,37.4,59.7,28.1,0.000,0.000,0.00,0.000,5.4,10.8,2.1,191,22,5.9,13.0,2.5,183,19,5.4,10.8,2.1,191,22,142,30.03,,0,0,0,34.9,38.7,42.4,0.15,0.15,0.09
SCHU,2015-12-21 10:55:00 EST,43.11700,-73.57829,103,41.1,41.2,38.6,59.7,28.2,0.000,0.000,0.00,0.000,4.0,9.3,1.5,197,30,4.3,9.8,1.7,192,29,4.0,9.3,1.5,197,30,145,30.03,,0,0,0,34.8,38.7,42.3,0.15,0.15,0.09
SCHU,2015-12-21 11:00:00 EST,43.11700,-73.57829,103,41.4,41.4,38.0,59.3,28.2,0.000,0.000,0.00,0.000,5.1,10.7,2.3,194,21,5.7,12.3,2.6,188,18,5.1,10.7,2.3,194,21,154,30.02,,0,0,0,34.9,38.7,42.3,0.15,0.15,0.09
SCHU,2015-12-21 11:05:00 EST,43.11700,-73.57829,103,41.6,41.6,37.3,57.6,27.7,0.000,0.000,0.00,0.000,6.6,13.3,1.9,191,19,7.7,15.2,2.3,187,18,6.6,13.3,1.9,191,19,164,30.02,,0,0,0,34.8,38.6,42.4,0.15,0.15,0.09
SCHU,2015-12-21 11:10:00 EST,43.11700,-73.57829,103,41.7,41.7,38.2,57.4,27.8,0.000,0.000,0.00,0.000,5.4,10.2,2.6,193,18,5.8,11.9,2.6,187,18,5.4,10.2,2.6,193,18,179,30.01,,0,0,0,34.8,38.6,42.4,0.15,0.15,0.09
SCHU,2015-12-21 11:15:00 EST,43.11700,-73.57829,103,42.0,41.9,38.1,57.4,28.0,0.000,0.000,0.00,0.000,6.0,10.9,2.2,193,25,6.7,13.2,2.6,187,24,6.0,10.9,2.2,193,25,181,30.01,,0,0,0,34.8,38.6,42.4,0.15,0.15,0.09
SCHU,2015-12-21 11:20:00 EST,43.11700,-73.57829,103,42.2,42.1,40.4,57.8,28.4,0.000,0.000,0.00,0.000,3.5,6.5,1.3,191,25,4.0,7.6,1.5,182,26,3.5,6.5,1.3,191,25,203,30.01,,0,0,0,34.7,38.6,42.3,0.15,0.15,0.09
SCHU,2015-12-21 11:25:00 EST,43.11700,-73.57829,103,42.5,42.4,38.4,56.8,28.2,0.000,0.000,0.00,0.000,6.7,12.1,2.0,188,22,7.5,15.4,2.5,182,21,6.7,12.1,2.0,188,22,240,30.01,,0,0,0,34.8,38.6,42.3,0.15,0.15,0.09
SCHU,2015-12-21 11:30:00 EST,43.11700,-73.57829,103,42.8,42.6,39.4,56.7,28.5,0.000,0.000,0.00,0.000,5.4,12.6,2.3,193,22,6.2,15.2,2.3,187,22,5.4,12.6,2.3,193,22,222,30.00,,0,0,0,34.8,38.6,42.3,0.15,0.14,0.09
SCHU,2015-12-21 11:35:00 EST,43.11700,-73.57829,103,42.9,42.7,39.7,56.2,28.3,0.000,0.000,0.00,0.000,5.2,8.9,1.5,193,24,5.8,11.0,1.8,187,22,5.2,8.9,1.5,193,24,209,29.99,,0,0,0,34.8,38.6,42.3,0.15,0.15,0.09
SCHU,2015-12-21 11:40:00 EST,43.11700,-73.57829,103,42.9,42.8,38.9,56.0,28.3,0.000,0.000,0.00,0.000,6.6,13.1,2.5,195,18,7.1,13.4,2.7,190,18,6.6,13.1,2.5,195,18,205,29.99,,0,0,0,34.8,38.5,42.4,0.15,0.15,0.08
SCHU,2015-12-21 11:45:00 EST,43.11700,-73.57829,103,43.1,43.0,39.7,56.1,28.5,0.000,0.000,0.00,0.000,5.6,9.1,1.6,188,23,6.2,12.1,2.0,184,21,5.6,9.1,1.6,188,23,197,29.99,,0,0,0,34.8,38.5,42.3,0.15,0.15,0.09
SCHU,2015-12-21 11:50:00 EST,43.11700,-73.57829,103,43.2,43.1,40.2,56.1,28.6,0.000,0.000,0.00,0.000,5.0,12.4,2.7,209,22,5.4,13.9,2.8,203,23,5.0,12.4,2.7,209,22,182,29.99,,0,0,0,34.8,38.5,42.4,0.15,0.15,0.09
SCHU,2015-12-21 11:55:00 EST,43.11700,-73.57829,103,43.3,43.2,39.6,55.4,28.4,0.000,0.000,0.00,0.000,6.2,12.6,2.2,208,22,6.6,14.1,2.3,201,22,6.2,12.6,2.2,208,22,196,29.99,,0,0,0,34.8,38.5,42.3,0.15,0.15,0.09
SCHU,2015-12-21 12:00:00 EST,43.11700,-73.57829,103,43.6,43.4,40.7,55.5,28.7,0.000,0.000,0.00,0.000,4.9,13.2,2.3,202,21,5.3,13.0,2.5,196,21,4.9,13.2,2.3,202,21,225,29.99,,0,0,0,34.8,38.5,42.3,0.15,0.15,0.09
SCHU,2015-12-21 12:05:00 EST,43.11700,-73.57829,103,43.8,43.6,39.9,54.9,28.7,0.000,0.000,0.00,0.000,6.9,13.2,2.3,197,18,7.3,14.5,2.5,191,17,6.9,13.2,2.3,197,18,245,29.99,,0,0,0,34.8,38.5,42.3,0.15,0.15,0.09
SCHU,2015-12-21 12:10:00 EST,43.11700,-73.57829,103,44.1,43.9,40.3,54.6,28.8,0.000,0.000,0.00,0.000,6.6,12.9,2.3,193,23,7.5,15.0,2.7,190,24,6.6,12.9,2.3,193,23,248,29.98,,0,0,0,34.8,38.5,42.3,0.15,0.15,0.09
SCHU,2015-12-21 12:15:00 EST,43.11700,-73.57829,103,44.3,44.1,40.9,54.2,28.8,0.000,0.000,0.00,0.000,5.9,12.9,2.3,196,21,6.6,14.3,2.5,191,21,5.9,12.9,2.3,196,21,262,29.98,,0,0,0,34.8,38.5,42.3,0.15,0.15,0.09
SCHU,2015-12-21 12:20:00 EST,43.11700,-73.57829,103,44.5,44.2,40.4,53.7,28.7,0.000,0.000,0.00,0.000,7.1,16.8,3.5,189,25,7.6,19.7,3.9,183,24,7.1,16.8,3.5,189,25,241,29.98,,0,0,0,34.7,38.4,42.3,0.15,0.15,0.09
SCHU,2015-12-21 12:25:00 EST,43.11700,-73.57829,103,44.7,44.4,42.0,53.9,29.0,0.000,0.000,0.00,0.000,5.0,9.6,1.9,195,25,5.5,11.9,2.1,189,26,5.0,9.6,1.9,195,25,239,29.97,,0,0,0,34.7,38.5,42.3,0.15,0.15,0.09
SCHU,2015-12-21 12:30:00 EST,43.11700,-73.57829,103,44.6,44.4,40.8,53.3,28.7,0.000,0.000,0.00,0.000,6.8,15.3,2.8,183,22,7.1,15.4,3.3,177,19,6.8,15.3,2.8,183,22,219,29.97,,0,0,0,34.8,38.5,42.3,0.15,0.15,0.09
SCHU,2015-12-21 12:35:00 EST,43.11700,-73.57829,103,44.6,44.4,40.7,53.4,28.7,0.000,0.000,0.00,0.000,7.0,13.4,2.5,190,24,7.4,13.9,2.7,185,22,7.0,13.4,2.5,190,24,178,29.96,,0,0,0,34.7,38.4,42.3,0.15,0.15,0.09
SCHU,2015-12-21 12:40:00 EST,43.11700,-73.57829,103,44.5,44.4,40.4,53.5,28.7,0.000,0.000,0.00,0.000,7.3,13.3,2.6,191,20,8.0,13.9,2.9,187,19,7.3,13.3,2.6,191,20,182,29.95,,0,0,0,34.7,38.4,42.3,0.15,0.15,0.09
SCHU,2015-12-21 12:45:00 EST,43.11700,-73.57829,103,44.6,44.4,40.5,53.3,28.7,0.000,0.000,0.00,0.000,7.5,16.8,2.6,181,22,8.1,19.0,3.1,176,21,7.5,16.8,2.6,181,22,184,29.94,,0,0,0,34.8,38.4,42.3,0.15,0.15,0.09
SCHU,2015-12-21 12:50:00 EST,43.11700,-73.57829,103,44.7,44.5,42.2,53.7,28.9,0.000,0.000,0.00,0.000,4.7,9.9,1.5,180,22,5.2,11.6,1.9,174,23,4.7,9.9,1.5,180,22,166,29.94,,0,0,0,34.7,38.4,42.3,0.15,0.15,0.09
SCHU,2015-12-21 12:55:00 EST,43.11700,-73.57829,103,44.8,44.6,41.9,53.8,29.0,0.000,0.000,0.00,0.000,5.3,11.0,2.9,205,21,5.7,13.2,3.1,201,21,5.3,11.0,2.9,205,21,141,29.95,,0,0,0,34.8,38.3,42.3,0.15,0.14,0.09
SCHU,2015-12-21 13:00:00 EST,43.11700,-73.57829,103,44.6,44.5,41.0,53.1,28.6,0.000,0.000,0.00,0.000,6.5,10.4,1.6,199,22,6.8,11.6,1.9,195,20,6.5,10.4,1.6,199,22,122,29.94,,0,0,0,34.8,38.4,42.3,0.15,0.15,0.09
SCHU,2015-12-21 13:05:00 EST,43.11700,-73.57829,103,44.7,44.6,41.3,53.2,28.7,0.000,0.000,0.00,0.000,6.1,10.4,2.3,193,19,6.5,12.8,2.7,188,18,6.1,10.4,2.3,193,19,109,29.94,,0,0,0,34.7,38.4,42.3,0.15,0.15,0.09
SCHU,2015-12-21 13:10:00 EST,43.11700,-73.57829,103,44.8,44.7,41.3,53.6,29.0,0.000,0.000,0.00,0.000,6.3,12.7,2.5,205,19,6.8,14.8,2.7,202,18,6.3,12.7,2.5,205,19,117,29.94,,0,0,0,34.8,38.4,42.3,0.15,0.15,0.09
SCHU,2015-12-21 13:15:00 EST,43.11700,-73.57829,103,44.9,44.8,41.7,52.8,28.7,0.000,0.000,0.00,0.000,5.8,10.4,1.9,205,20,6.3,11.6,2.0,200,21,5.8,10.4,1.9,205,20,153,29.94,,0,0,0,34.7,38.4,42.3,0.15,0.15,0.09
SCHU,2015-12-21 13:20:00 EST,43.11700,-73.57829,103,45.2,45.0,43.4,53.3,29.2,0.000,0.000,0.00,0.000,3.8,9.8,1.9,198,21,4.1,10.7,1.9,192,21,3.8,9.8,1.9,198,21,185,29.94,,0,0,0,34.8,38.4,42.3,0.15,0.15,0.09
SCHU,2015-12-21 13:25:00 EST,43.11700,-73.57829,103,45.4,45.2,43.0,52.3,28.9,0.000,0.000,0.00,0.000,4.7,8.8,1.9,196,22,5.0,10.7,1.9,192,23,4.7,8.8,1.9,196,22,204,29.94,,0,0,0,34.8,38.3,42.3,0.15,0.15,0.09
SCHU,2015-12-21 13:30:00 EST,43.11700,-73.57829,103,45.5,45.4,43.3,52.3,29.0,0.000,0.000,0.00,0.000,4.5,8.5,1.5,211,24,5.0,9.2,1.6,205,25,4.5,8.5,1.5,211,24,180,29.94,,0,0,0,34.8,38.3,42.3,0.15,0.15,0.09
SCHU,2015-12-21 13:35:00 EST,43.11700,-73.57829,103,45.7,45.5,43.6,52.4,29.3,0.000,0.000,0.00,0.000,4.4,9.3,2.6,204,23,4.8,10.5,2.6,198,25,4.4,9.3,2.6,204,23,181,29.94,,0,0,0,34.8,38.3,42.3,0.15,0.15,0.09
SCHU,2015-12-21 13:40:00 EST,43.11700,-73.57829,103,45.7,45.4,42.6,52.0,29.0,0.000,0.000,0.00,0.000,5.8,12.9,3.0,199,18,6.1,15.7,3.3,193,18,5.8,12.9,3.0,199,18,183,29.94,,0,0,0,34.8,38.4,42.3,0.15,0.14,0.09
SCHU,2015-12-21 13:45:00 EST,43.11700,-73.57829,103,45.8,45.6,44.1,52.0,29.2,0.000,0.000,0.00,0.000,3.9,9.0,2.3,203,20,4.1,10.1,2.3,195,22,3.9,9.0,2.3,203,20,178,29.93,,0,0,0,34.9,38.3,42.3,0.15,0.15,0.09
SCHU,2015-12-21 13:50:00 EST,43.11700,-73.57829,103,45.8,45.6,42.3,51.4,28.9,0.000,0.000,0.00,0.000,6.5,10.2,1.7,193,25,7.1,12.3,2.0,186,25,6.5,10.2,1.7,193,25,181,29.93,,0,0,0,34.9,38.3,42.2,0.15,0.15,0.09
SCHU,2015-12-21 13:55:00 EST,43.11700,-73.57829,103,45.9,45.7,43.7,51.6,29.0,0.000,0.000,0.00,0.000,4.6,9.6,2.2,191,23,5.0,11.0,2.4,185,23,4.6,9.6,2.2,191,23,172,29.92,,0,0,0,34.9,38.3,42.3,0.14,0.15,0.09
SCHU,2015-12-21 14:00:00 EST,43.11700,-73.57829,103,45.8,45.7,43.8,51.7,29.0,0.000,0.000,0.00,0.000,4.4,8.6,1.3,204,17,4.6,10.5,1.6,198,16,4.4,8.6,1.3,204,17,155,29.92,,0,0,0,34.9,38.2,42.2,0.15,0.15,0.09
SCHU,2015-12-21 14:05:00 EST,43.11700,-73.57829,103,45.8,45.7,42.8,51.6,29.0,0.000,0.000,0.00,0.000,5.8,10.5,2.4,210,16,5.8,11.2,2.5,205,16,5.8,10.5,2.4,210,16,142,29.93,,0,0,0,35.0,38.2,42.3,0.15,0.15,0.09
SCHU,2015-12-21 14:10:00 EST,43.11700,-73.57829,103,45.8,45.7,43.9,52.4,29.3,0.000,0.000,0.00,0.000,4.1,8.6,2.0,212,26,4.5,10.3,2.1,208,29,4.1,8.6,2.0,212,26,128,29.93,,0,0,0,35.0,38.3,42.2,0.14,0.15,0.09
SCHU,2015-12-21 14:15:00 EST,43.11700,-73.57829,103,45.7,45.7,43.5,52.6,29.4,0.000,0.000,0.00,0.000,4.6,10.7,2.0,208,20,4.8,14.1,2.3,203,20,4.6,10.7,2.0,208,20,120,29.93,,0,0,0,35.0,38.2,42.2,0.15,0.15,0.09
SCHU,2015-12-21 14:20:00 EST,43.11700,-73.57829,103,45.7,45.7,42.7,52.0,29.1,0.000,0.000,0.00,0.000,5.7,10.0,1.8,199,22,6.2,11.9,2.1,191,18,5.7,10.0,1.8,199,22,107,29.93,,0,0,0,35.1,38.2,42.2,0.15,0.14,0.09
SCHU,2015-12-21 14:25:00 EST,43.11700,-73.57829,103,45.6,45.7,43.2,52.4,29.2,0.000,0.000,0.00,0.000,4.8,10.8,2.1,208,22,5.1,11.4,2.3,201,23,4.8,10.8,2.1,208,22,104,29.92,,0,0,0,35.2,38.2,42.2,0.15,0.15,0.09
SCHU,2015-12-21 14:30:00 EST,43.11700,-73.57829,103,45.6,45.6,41.8,52.7,29.3,0.000,0.000,0.00,0.000,7.1,12.9,2.8,202,21,7.6,14.5,3.0,199,16,7.1,12.9,2.8,202,21,101,29.93,,0,0,0,35.3,38.2,42.2,0.15,0.15,0.09
SCHU,2015-12-21 14:35:00 EST,43.11700,-73.57829,103,45.4,45.5,42.3,53.1,29.3,0.000,0.000,0.00,0.000,5.9,11.6,2.3,207,22,6.4,13.4,2.3,202,22,5.9,11.6,2.3,207,22,95,29.92,,0,0,0,35.4,38.2,42.2,0.15,0.15,0.09
SCHU,2015-12-21 14:40:00 EST,43.11700,-73.57829,103,45.4,45.4,41.7,53.0,29.3,0.000,0.000,0.00,0.000,6.9,12.0,2.1,201,14,7.3,12.8,2.3,195,13,6.9,12.0,2.1,201,14,84,29.92,,0,0,0,35.5,38.2,42.2,0.15,0.15,0.09
SCHU,2015-12-21 14:45:00 EST,43.11700,-73.57829,103,45.4,45.4,43.2,53.4,29.4,0.000,0.000,0.00,0.000,4.4,9.9,1.9,201,22,5.0,11.0,2.0,195,22,4.4,9.9,1.9,201,22,74,29.92,,0,0,0,35.5,38.2,42.2,0.15,0.15,0.09
SCHU,2015-12-21 14:50:00 EST,43.11700,-73.57829,103,45.3,45.3,43.3,53.9,29.6,0.000,0.000,0.00,0.000,4.2,8.8,1.8,201,24,4.7,9.8,1.9,194,23,4.2,8.8,1.8,201,24,78,29.92,,0,0,0,35.7,38.2,42.2,0.15,0.15,0.09
SCHU,2015-12-21 14:55:00 EST,43.11700,-73.57829,103,45.2,45.3,42.6,53.7,29.4,0.000,0.000,0.00,0.000,5.0,11.8,2.3,187,23,5.7,13.6,2.8,182,21,5.0,11.8,2.3,187,23,77,29.91,,0,0,0,35.7,38.2,42.2,0.15,0.15,0.09
SCHU,2015-12-21 15:00:00 EST,43.11700,-73.57829,103,45.1,45.2,42.4,53.8,29.3,0.000,0.000,0.00,0.000,5.1,10.2,1.7,170,15,5.5,11.4,1.8,166,13,5.1,10.2,1.7,170,15,77,29.90,,0,0,0,35.7,38.2,42.2,0.15,0.15,0.09
SCHU,2015-12-21 15:05:00 EST,43.11700,-73.57829,103,44.9,45.1,42.9,54.6,29.5,0.000,0.000,0.00,0.000,4.0,8.3,1.7,191,20,4.3,8.7,1.8,182,21,4.0,8.3,1.7,191,20,69,29.90,,0,0,0,35.8,38.2,42.2,0.15,0.15,0.09
SCHU,2015-12-21 15:10:00 EST,43.11700,-73.57829,103,44.9,45.1,42.4,55.0,29.7,0.000,0.000,0.00,0.000,4.7,9.2,2.1,200,21,5.2,10.5,2.3,197,19,4.7,9.2,2.1,200,21,58,29.91,,0,0,0,35.9,38.2,42.2,0.15,0.15,0.09
SCHU,2015-12-21 15:15:00 EST,43.11700,-73.57829,103,45.0,45.1,42.8,54.8,29.7,0.000,0.000,0.00,0.000,4.4,8.6,1.9,204,22,4.5,10.1,2.2,199,22,4.4,8.6,1.9,204,22,42,29.92,,0,0,0,35.9,38.2,42.1,0.14,0.14,0.09
SCHU,2015-12-21 15:20:00 EST,43.11700,-73.57829,103,45.1,45.2,42.3,54.2,29.5,0.000,0.000,0.00,0.000,5.2,10.1,2.0,200,20,5.7,11.6,2.1,194,18,5.2,10.1,2.0,200,20,35,29.91,,0,0,0,36.0,38.2,42.2,0.15,0.15,0.09
SCHU,2015-12-21 15:25:00 EST,43.11700,-73.57829,103,44.9,45.1,43.4,54.9,29.7,0.000,0.000,0.00,0.000,3.5,7.7,1.3,194,24,3.7,8.5,1.5,186,25,3.5,7.7,1.3,194,24,28,29.91,,0,0,0,36.0,38.2,42.2,0.15,0.15,0.09
SCHU,2015-12-21 15:30:00 EST,43.11700,-73.57829,103,45.0,45.1,42.4,54.5,29.6,0.000,0.000,0.00,0.000,4.8,9.1,1.6,181,21,5.0,9.8,1.8,175,20,4.8,9.1,1.6,181,21,26,29.91,,0,0,0,36.0,38.2,42.2,0.15,0.15,0.09
SCHU,2015-12-21 15:35:00 EST,43.11700,-73.57829,103,44.9,45.1,43.2,54.7,29.6,0.000,0.000,0.00,0.000,3.8,8.7,1.3,190,19,4.3,10.3,1.5,185,18,3.8,8.7,1.3,190,19,21,29.91,,0,0,0,36.1,38.2,42.2,0.15,0.15,0.09
SCHU,2015-12-21 15:40:00 EST,43.11700,-73.57829,103,44.9,45.1,44.9,54.4,29.5,0.000,0.000,0.00,0.000,2.2,5.4,1.0,191,32,2.6,6.5,1.0,180,40,2.2,5.4,1.0,191,32,16,29.90,,0,0,0,36.1,38.2,42.2,0.15,0.15,0.09
SCHU,2015-12-21 15:45:00 EST,43.11700,-73.57829,103,44.8,45.0,43.7,54.6,29.4,0.000,0.000,0.00,0.000,3.1,5.8,1.1,167,27,3.4,6.3,1.1,159,27,3.1,5.8,1.1,167,27,15,29.89,,0,0,0,36.2,38.2,42.2,0.15,0.15,0.09
SCHU,2015-12-21 15:50:00 EST,43.11700,-73.57829,103,44.7,44.9,44.7,55.1,29.5,0.000,0.000,0.00,0.000,3.0,6.0,1.1,179,28,3.2,6.0,1.2,170,28,3.0,6.0,1.1,179,28,14,29.89,,0,0,0,36.2,38.2,42.2,0.15,0.15,0.09
SCHU,2015-12-21 15:55:00 EST,43.11700,-73.57829,103,44.8,45.0,43.1,54.8,29.5,0.000,0.000,0.00,0.000,3.7,5.8,1.1,203,14,3.9,6.7,1.2,197,13,3.7,5.8,1.1,203,14,15,29.89,,0,0,0,36.3,38.2,42.2,0.15,0.15,0.09
SCHU,2015-12-21 16:00:00 EST,43.11700,-73.57829,103,44.9,45.1,44.9,54.4,29.5,0.000,0.000,0.00,0.000,2.2,3.8,0.6,236,25,2.0,3.8,0.6,234,28,2.2,3.8,0.6,236,25,11,29.89,,0,0,0,36.3,38.2,42.1,0.15,0.15,0.09
SCHU,2015-12-21 16:05:00 EST,43.11700,-73.57829,103,44.7,44.9,44.7,55.4,29.7,0.000,0.000,0.00,0.000,2.5,3.5,0.5,227,21,2.3,4.0,0.5,221,23,2.5,3.5,0.5,227,21,7,29.89,,0,0,0,36.4,38.2,42.2,0.15,0.15,0.09
SCHU,2015-12-21 16:10:00 EST,43.11700,-73.57829,103,44.5,44.9,43.0,57.2,30.3,0.002,0.002,0.00,0.002,3.5,6.4,0.9,180,20,3.8,7.2,1.0,172,20,3.5,6.4,0.9,180,20,4,29.88,,0,0,0,36.4,38.2,42.1,0.15,0.15,0.09
SCHU,2015-12-21 16:15:00 EST,43.11700,-73.57829,103,44.0,44.5,44.0,59.8,30.9,0.000,0.002,0.00,0.002,2.9,5.3,1.2,165,16,3.2,6.3,1.2,156,16,2.9,5.3,1.2,165,16,3,29.87,,0,0,0,36.4,38.2,42.1,0.15,0.14,0.09
SCHU,2015-12-21 16:20:00 EST,43.11700,-73.57829,103,43.6,44.2,43.6,63.0,31.8,0.001,0.003,0.00,0.003,2.6,4.8,1.2,166,15,2.8,5.6,1.3,157,15,2.6,4.8,1.2,166,15,3,29.87,,0,0,0,36.5,38.2,42.2,0.15,0.15,0.09
SCHU,2015-12-21 16:25:00 EST,43.11700,-73.57829,103,43.3,44.3,43.3,63.9,31.9,0.000,0.003,0.00,0.003,1.8,3.9,1.0,194,16,1.9,4.0,1.0,184,18,1.8,3.9,1.0,194,16,1,29.87,,0,0,0,36.5,38.3,42.1,0.15,0.15,0.09
SCHU,2015-12-21 16:30:00 EST,43.11700,-73.57829,103,43.0,44.2,43.0,64.8,32.0,0.000,0.003,0.00,0.003,2.0,3.4,0.6,213,19,1.9,4.0,0.8,205,21,2.0,3.4,0.6,213,19,1,29.86,,0,0,0,36.6,38.2,42.1,0.15,0.15,0.09
SCHU,2015-12-21 16:35:00 EST,43.11700,-73.57829,103,42.8,44.2,42.8,66.5,32.4,0.000,0.003,0.00,0.003,2.0,3.4,0.6,195,18,2.2,4.0,0.6,186,19,2.0,3.4,0.6,195,18,0,29.86,,0,0,0,36.6,38.2,42.1,0.15,0.15,0.09
SCHU,2015-12-21 16:40:00 EST,43.11700,-73.57829,103,42.6,44.3,42.6,67.4,32.5,0.000,0.003,0.00,0.003,2.5,4.2,0.6,194,8,2.6,4.9,0.7,186,10,2.5,4.2,0.6,194,8,0,29.85,,0,0,0,36.7,38.2,42.1,0.15,0.15,0.09
SCHU,2015-12-21 16:45:00 EST,43.11700,-73.57829,103,42.6,44.1,42.6,66.6,32.3,0.000,0.003,0.00,0.003,2.4,4.1,0.6,200,15,2.6,5.1,0.8,193,16,2.4,4.1,0.6,200,15,0,29.85,,0,0,0,36.7,38.2,42.1,0.15,0.15,0.09
SCHU,2015-12-21 16:50:00 EST,43.11700,-73.57829,103,42.3,43.9,42.3,69.7,33.1,0.004,0.007,0.00,0.007,2.1,4.5,0.6,218,13,1.9,5.1,0.6,212,13,2.1,4.5,0.6,218,13,0,29.85,,0,0,0,36.7,38.2,42.1,0.15,0.15,0.09
SCHU,2015-12-21 16:55:00 EST,43.11700,-73.57829,103,42.4,43.7,42.4,70.3,33.4,0.001,0.008,0.00,0.008,2.5,5.8,0.9,229,16,2.4,5.1,0.9,223,17,2.5,5.8,0.9,229,16,0,29.86,,0,0,0,36.8,38.3,42.1,0.15,0.14,0.09
SCHU,2015-12-21 17:00:00 EST,43.11700,-73.57829,103,42.9,43.6,42.9,68.0,33.1,0.001,0.008,0.00,0.008,2.1,4.8,0.9,227,22,2.1,4.7,0.8,221,24,2.1,4.8,0.9,227,22,0,29.86,,0,0,0,36.8,38.3,42.1,0.15,0.15,0.09
SCHU,2015-12-21 17:05:00 EST,43.11700,-73.57829,103,42.5,43.3,42.5,69.6,33.2,0.000,0.008,0.00,0.008,2.2,3.9,0.8,273,25,2.2,4.3,0.8,275,29,2.2,3.9,0.8,273,25,0,29.86,,0,0,0,36.8,38.3,42.1,0.15,0.14,0.09
SCHU,2015-12-21 17:10:00 EST,43.11700,-73.57829,103,41.8,42.8,41.8,72.8,33.7,0.000,0.008,0.00,0.006,1.5,4.4,0.9,286,23,1.6,5.1,1.0,292,29,1.5,4.4,0.9,286,23,0,29.87,,0,0,0,36.8,38.3,42.1,0.15,0.15,0.09
SCHU,2015-12-21 17:15:00 EST,43.11700,-73.57829,103,41.4,42.7,41.4,75.5,34.2,0.000,0.008,0.00,0.006,2.1,3.7,0.8,280,12,2.2,4.3,0.8,282,13,2.1,3.7,0.8,280,12,0,29.87,,0,0,0,36.8,38.3,42.1,0.15,0.15,0.09
SCHU,2015-12-21 17:20:00 EST,43.11700,-73.57829,103,41.4,43.0,40.0,76.9,34.7,0.000,0.008,0.00,0.006,3.0,5.6,0.9,271,13,3.1,6.3,1.1,272,15,3.0,5.6,0.9,271,13,0,29.88,,0,0,0,36.8,38.3,42.0,0.15,0.15,0.09
SCHU,2015-12-21 17:25:00 EST,43.11700,-73.57829,103,42.0,43.2,40.5,74.2,34.4,0.000,0.008,0.00,0.006,3.2,5.3,0.9,271,15,3.3,6.9,1.1,272,15,3.2,5.3,0.9,271,15,0,29.89,,0,0,0,36.9,38.3,42.1,0.15,0.15,0.09
SCHU,2015-12-21 17:30:00 EST,43.11700,-73.57829,103,41.8,43.1,41.8,75.0,34.4,0.003,0.011,0.00,0.008,2.5,4.4,0.8,259,14,2.5,5.6,0.9,259,15,2.5,4.4,0.8,259,14,0,29.89,,0,0,0,36.9,38.3,42.1,0.15,0.15,0.09
SCHU,2015-12-21 17:35:00 EST,43.11700,-73.57829,103,41.9,42.9,41.9,75.7,34.8,0.001,0.012,0.00,0.009,2.0,3.5,0.7,257,17,2.0,4.0,0.7,255,21,2.0,3.5,0.7,257,17,0,29.89,,0,0,0,36.9,38.3,42.1,0.14,0.15,0.09
SCHU,2015-12-21 17:40:00 EST,43.11700,-73.57829,103,41.8,43.0,41.8,75.4,34.6,0.000,0.012,0.00,0.009,1.2,3.2,0.8,221,32,1.4,3.8,0.7,204,38,1.2,3.2,0.8,221,32,0,29.89,,0,0,0,36.9,38.3,42.1,0.15,0.15,0.09
SCHU,2015-12-21 17:45:00 EST,43.11700,-73.57829,103,42.0,43.1,42.0,75.8,34.9,0.000,0.012,0.00,0.009,1.6,2.8,0.5,180,22,1.9,3.6,0.5,171,24,1.6,2.8,0.5,180,22,0,29.88,,0,0,0,37.0,38.3,42.1,0.15,0.15,0.09
SCHU,2015-12-21 17:50:00 EST,43.11700,-73.57829,103,41.9,43.3,41.9,76.7,35.1,0.000,0.012,0.00,0.005,2.2,4.5,0.7,180,22,2.4,4.7,0.7,171,24,2.2,4.5,0.7,180,22,0,29.88,,0,0,0,36.9,38.4,42.1,0.15,0.15,0.09
SCHU,2015-12-21 17:55:00 EST,43.11700,-73.57829,103,42.2,43.4,42.2,74.6,34.8,0.000,0.012,0.00,0.004,2.8,5.5,1.1,189,24,3.0,6.3,1.4,180,26,2.8,5.5,1.1,189,24,0,29.89,,0,0,0,36.9,38.3,42.1,0.15,0.15,0.08
SCHU,2015-12-21 18:00:00 EST,43.11700,-73.57829,103,42.0,43.2,42.0,75.7,34.9,0.000,0.012,0.00,0.004,1.7,3.6,0.9,183,24,1.9,4.9,1.0,168,26,1.7,3.6,0.9,183,24,0,29.89,,0,0,0,37.0,38.4,42.1,0.15,0.15,0.09
SCHU,2015-12-21 18:05:00 EST,43.11700,-73.57829,103,42.5,43.4,42.5,73.9,34.8,0.000,0.012,0.00,0.004,2.6,4.7,0.9,187,22,3.0,5.8,1.0,179,24,2.6,4.7,0.9,187,22,0,29.89,,0,0,0,37.0,38.4,42.0,0.15,0.15,0.09
SCHU,2015-12-21 18:10:00 EST,43.11700,-73.57829,103,42.2,43.4,42.2,75.7,35.1,0.000,0.012,0.00,0.004,2.9,4.5,0.8,176,15,3.4,5.4,0.8,168,16,2.9,4.5,0.8,176,15,0,29.89,,0,0,0,37.0,38.4,42.1,0.15,0.15,0.09
SCHU,2015-12-21 18:15:00 EST,43.11700,-73.57829,103,42.2,43.1,40.5,75.7,35.1,0.000,0.012,0.00,0.004,3.4,5.2,0.7,163,14,3.7,6.7,0.9,155,14,3.4,5.2,0.7,163,14,0,29.89,,0,0,0,37.1,38.4,42.1,0.15,0.15,0.08
SCHU,2015-12-21 18:20:00 EST,43.11700,-73.57829,103,42.6,43.1,40.0,73.5,34.7,0.000,0.012,0.00,0.004,4.3,7.8,1.2,150,14,4.9,9.6,1.4,143,14,4.3,7.8,1.2,150,14,0,29.89,,0,0,0,37.1,38.4,42.1,0.15,0.15,0.09
SCHU,2015-12-21 18:25:00 EST,43.11700,-73.57829,103,42.4,43.0,40.4,73.6,34.5,0.000,0.012,0.00,0.004,3.6,4.9,0.7,133,16,4.2,6.0,0.9,127,14,3.6,4.9,0.7,133,16,0,29.88,,0,0,0,37.1,38.5,42.0,0.15,0.14,0.09
SCHU,2015-12-21 18:30:00 EST,43.11700,-73.57829,103,42.5,43.1,42.5,73.0,34.5,0.000,0.012,0.00,0.001,2.5,4.2,0.8,138,23,3.0,5.6,0.8,129,19,2.5,4.2,0.8,138,23,0,29.88,,0,0,0,37.1,38.4,42.0,0.15,0.15,0.08
SCHU,2015-12-21 18:35:00 EST,43.11700,-73.57829,103,42.2,42.8,42.2,74.6,34.7,0.000,0.012,0.00,0.000,1.8,4.6,0.7,157,16,2.2,5.6,0.9,144,14,1.8,4.6,0.7,157,16,0,29.88,,0,0,0,37.1,38.5,42.0,0.15,0.15,0.09
SCHU,2015-12-21 18:40:00 EST,43.11700,-73.57829,103,42.4,43.0,42.4,73.7,34.6,0.000,0.012,0.00,0.000,1.1,2.6,0.4,159,18,1.6,3.4,0.5,144,16,1.1,2.6,0.4,159,18,0,29.88,,0,0,0,37.2,38.5,42.0,0.15,0.15,0.09
SCHU,2015-12-21 18:45:00 EST,43.11700,-73.57829,103,42.3,43.0,42.3,74.1,34.7,0.000,0.012,0.00,0.000,0.5,1.3,0.4,213,23,0.8,1.8,0.4,206,38,0.5,1.3,0.4,213,23,0,29.88,,0,0,0,37.1,38.5,42.0,0.15,0.15,0.09
SCHU,2015-12-21 18:50:00 EST,43.11700,-73.57829,103,41.9,43.1,41.9,76.7,35.1,0.000,0.012,0.00,0.000,1.0,1.8,0.4,268,9,1.1,2.0,0.4,270,16,1.0,1.8,0.4,268,9,0,29.88,,0,0,0,37.2,38.5,42.0,0.15,0.15,0.09
SCHU,2015-12-21 18:55:00 EST,43.11700,-73.57829,103,41.8,43.2,41.8,77.2,35.1,0.000,0.012,0.00,0.000,1.9,2.4,0.3,278,10,1.9,2.7,0.4,282,14,1.9,2.4,0.3,278,10,0,29.89,,0,0,0,37.2,38.5,42.0,0.15,0.15,0.09
SCHU,2015-12-21 19:00:00 EST,43.11700,-73.57829,103,42.2,43.1,42.2,74.4,34.6,0.000,0.012,0.00,0.000,1.6,2.3,0.5,299,8,1.6,2.5,0.4,309,12,1.6,2.3,0.5,299,8,0,29.89,,0,0,0,37.2,38.5,42.0,0.15,0.14,0.09
SCHU,2015-12-21 19:05:00 EST,43.11700,-73.57829,103,41.7,43.0,41.7,75.4,34.5,0.000,0.012,0.00,0.000,0.3,1.4,0.5,248,4,0.5,1.6,0.4,245,44,0.3,1.4,0.5,248,4,0,29.89,,0,0,0,37.2,38.5,42.0,0.15,0.15,0.09
SCHU,2015-12-21 19:10:00 EST,43.11700,-73.57829,103,41.6,42.9,41.6,76.6,34.7,0.000,0.012,0.00,0.000,0.1,0.7,0.2,202,39,0.6,1.6,0.4,108,63,0.1,0.7,0.2,202,39,0,29.89,,0,0,0,37.2,38.5,42.0,0.15,0.15,0.09
SCHU,2015-12-21 19:15:00 EST,43.11700,-73.57829,103,41.3,42.9,41.3,79.6,35.4,0.000,0.012,0.00,0.000,0.4,1.5,0.5,133,9,1.1,2.2,0.4,116,10,0.4,1.5,0.5,133,9,0,29.90,,0,0,0,37.2,38.6,42.0,0.15,0.15,0.09
SCHU,2015-12-21 19:20:00 EST,43.11700,-73.57829,103,41.2,43.0,41.2,81.0,35.8,0.000,0.012,0.00,0.000,0.7,2.0,0.7,128,14,1.2,2.9,0.8,112,25,0.7,2.0,0.7,128,14,0,29.90,,0,0,0,37.2,38.5,42.0,0.15,0.15,0.09
SCHU,2015-12-21 19:25:00 EST,43.11700,-73.57829,103,40.4,42.2,40.4,85.0,36.3,0.004,0.016,0.00,0.004,0.4,1.3,0.5,317,4,0.9,3.1,0.4,343,29,0.4,1.3,0.5,317,4,0,29.90,,0,0,0,37.3,38.5,42.0,0.15,0.15,0.09
SCHU,2015-12-21 19:30:00 EST,43.11700,-73.57829,103,40.6,42.1,40.6,85.1,36.5,0.002,0.018,0.00,0.006,0.0,0.0,0.0,0,0,0.7,1.3,0.3,43,28,0.0,0.0,0.0,0,0,0,29.90,,0,0,0,37.3,38.6,42.0,0.15,0.15,0.09
SCHU,2015-12-21 19:35:00 EST,43.11700,-73.57829,103,40.1,41.9,40.1,88.0,36.8,0.000,0.018,0.00,0.006,0.0,0.0,0.0,0,0,0.6,1.1,0.2,115,30,0.0,0.0,0.0,0,0,0,29.90,,0,0,0,37.2,38.6,42.0,0.15,0.15,0.09
SCHU,2015-12-21 19:40:00 EST,43.11700,-73.57829,103,40.2,41.5,40.2,88.4,37.1,0.000,0.018,0.00,0.006,0.8,1.8,0.6,93,6,1.5,2.5,0.5,93,13,0.8,1.8,0.6,93,6,0,29.90,,0,0,0,37.2,38.6,42.0,0.15,0.15,0.09
SCHU,2015-12-21 19:45:00 EST,43.11700,-73.57829,103,40.1,41.0,40.1,90.3,37.5,0.000,0.018,0.00,0.006,0.6,1.1,0.3,128,18,1.2,1.6,0.3,114,17,0.6,1.1,0.3,128,18,0,29.90,,0,0,0,37.2,38.6,42.0,0.15,0.15,0.09
SCHU,2015-12-21 19:50:00 EST,43.11700,-73.57829,103,39.9,41.0,39.9,91.2,37.6,0.002,0.020,0.00,0.008,0.3,1.5,0.4,139,14,1.0,2.0,0.4,119,28,0.3,1.5,0.4,139,14,0,29.90,,0,0,0,37.3,38.6,42.0,0.15,0.15,0.09
SCHU,2015-12-21 19:55:00 EST,43.11700,-73.57829,103,40.0,41.0,40.0,91.8,37.8,0.000,0.020,0.00,0.008,1.2,1.5,0.3,131,10,1.6,2.0,0.3,118,9,1.2,1.5,0.3,131,10,0,29.90,,0,0,0,37.3,38.6,42.0,0.15,0.15,0.09
SCHU,2015-12-21 20:00:00 EST,43.11700,-73.57829,103,39.9,40.8,39.9,91.6,37.6,0.000,0.020,0.00,0.008,0.9,1.4,0.2,121,2,1.4,2.0,0.2,113,8,0.9,1.4,0.2,121,2,0,29.90,,0,0,0,37.3,38.6,42.0,0.15,0.15,0.09
SCHU,2015-12-21 20:05:00 EST,43.11700,-73.57829,103,39.8,40.7,39.8,92.2,37.7,0.000,0.020,0.00,0.008,0.2,1.3,0.4,112,0,1.0,1.8,0.3,91,17,0.2,1.3,0.4,112,0,0,29.90,,0,0,0,37.3,38.6,42.0,0.15,0.15,0.09
SCHU,2015-12-21 20:10:00 EST,43.11700,-73.57829,103,39.9,41.6,39.9,92.1,37.8,0.000,0.020,0.00,0.008,0.3,0.9,0.3,76,11,1.2,1.8,0.2,76,16,0.3,0.9,0.3,76,11,0,29.90,,0,0,0,37.3,38.6,41.9,0.15,0.15,0.09
SCHU,2015-12-21 20:15:00 EST,43.11700,-73.57829,103,39.9,41.4,39.9,91.6,37.7,0.000,0.020,0.00,0.008,0.0,0.6,0.1,92,0,0.8,1.3,0.2,113,27,0.0,0.6,0.1,92,0,0,29.90,,0,0,0,37.3,38.7,42.0,0.15,0.15,0.09
SCHU,2015-12-21 20:20:00 EST,43.11700,-73.57829,103,39.9,41.4,39.9,92.7,37.9,0.000,0.020,0.00,0.008,0.0,0.0,0.0,0,0,0.7,1.1,0.2,145,10,0.0,0.0,0.0,0,0,0,29.90,,0,0,0,37.3,38.7,42.0,0.15,0.15,0.09
SCHU,2015-12-21 20:25:00 EST,43.11700,-73.57829,103,39.9,41.5,39.9,92.7,38.0,0.000,0.020,0.00,0.004,0.7,1.2,0.3,121,10,1.3,1.8,0.3,106,11,0.7,1.2,0.3,121,10,0,29.89,,0,0,0,37.3,38.7,41.9,0.15,0.15,0.09
SCHU,2015-12-21 20:30:00 EST,43.11700,-73.57829,103,39.8,41.3,39.8,92.7,37.9,0.000,0.020,0.00,0.002,0.1,0.8,0.2,94,0,0.8,1.6,0.3,56,25,0.1,0.8,0.2,94,0,0,29.89,,0,0,0,37.3,38.7,41.9,0.15,0.15,0.09
SCHU,2015-12-21 20:35:00 EST,43.11700,-73.57829,103,39.9,41.0,39.9,93.3,38.1,0.000,0.020,0.00,0.002,1.4,2.2,0.6,303,6,1.6,2.2,0.4,311,9,1.4,2.2,0.6,303,6,0,29.90,,0,0,0,37.4,38.7,41.9,0.15,0.14,0.09
SCHU,2015-12-21 20:40:00 EST,43.11700,-73.57829,103,40.0,41.1,40.0,92.9,38.1,0.000,0.020,0.00,0.002,0.4,1.7,0.6,307,17,0.9,1.8,0.4,1,47,0.4,1.7,0.6,307,17,0,29.90,,0,0,0,37.4,38.7,41.9,0.15,0.15,0.08
SCHU,2015-12-21 20:45:00 EST,43.11700,-73.57829,103,39.9,41.1,39.9,92.8,38.0,0.000,0.020,0.00,0.002,0.9,1.3,0.2,75,21,1.5,2.0,0.3,69,23,0.9,1.3,0.2,75,21,0,29.90,,0,0,0,37.4,38.7,41.9,0.15,0.15,0.08
SCHU,2015-12-21 20:50:00 EST,43.11700,-73.57829,103,40.0,40.7,40.0,93.0,38.1,0.000,0.020,0.00,0.000,0.7,1.0,0.2,6,4,1.2,1.8,0.2,14,7,0.7,1.0,0.2,6,4,0,29.90,,0,0,0,37.5,38.7,41.9,0.15,0.14,0.09
SCHU,2015-12-21 20:55:00 EST,43.11700,-73.57829,103,40.0,40.7,40.0,93.5,38.3,0.000,0.020,0.00,0.000,0.5,0.9,0.2,60,18,1.2,1.8,0.2,76,21,0.5,0.9,0.2,60,18,0,29.89,,0,0,0,37.5,38.7,41.9,0.15,0.15,0.09
SCHU,2015-12-21 21:00:00 EST,43.11700,-73.57829,103,39.9,40.5,39.9,94.4,38.4,0.000,0.020,0.00,0.000,0.9,1.3,0.4,154,3,1.3,1.8,0.2,147,5,0.9,1.3,0.4,154,3,0,29.89,,0,0,0,37.5,38.7,41.9,0.15,0.15,0.09
SCHU,2015-12-21 21:05:00 EST,43.11700,-73.57829,103,39.9,40.6,39.9,94.4,38.5,0.000,0.020,0.00,0.000,1.3,1.6,0.2,159,5,1.5,2.0,0.3,153,9,1.3,1.6,0.2,159,5,0,29.89,,0,0,0,37.5,38.7,41.9,0.15,0.14,0.09
SCHU,2015-12-21 21:10:00 EST,43.11700,-73.57829,103,40.1,40.7,40.1,94.0,38.5,0.000,0.020,0.00,0.000,0.5,0.9,0.3,178,4,0.8,1.1,0.3,194,31,0.5,0.9,0.3,178,4,0,29.89,,0,0,0,37.5,38.7,41.9,0.15,0.15,0.08
SCHU,2015-12-21 21:15:00 EST,43.11700,-73.57829,103,40.2,40.8,40.2,94.1,38.6,0.000,0.020,0.00,0.000,0.8,1.6,0.7,272,4,1.1,2.0,0.5,277,9,0.8,1.6,0.7,272,4,0,29.89,,0,0,0,37.5,38.7,41.9,0.15,0.15,0.08
SCHU,2015-12-21 21:20:00 EST,43.11700,-73.57829,103,40.2,41.4,40.2,93.7,38.5,0.000,0.020,0.00,0.000,0.6,1.6,0.5,269,3,0.9,4.3,0.5,274,26,0.6,1.6,0.5,269,3,0,29.89,,0,0,0,37.5,38.7,41.9,0.15,0.14,0.09
SCHU,2015-12-21 21:25:00 EST,43.11700,-73.57829,103,40.2,41.1,40.2,93.7,38.5,0.000,0.020,0.00,0.000,0.0,0.0,0.0,0,0,0.7,1.1,0.2,30,27,0.0,0.0,0.0,0,0,0,29.89,,0,0,0,37.5,38.8,41.9,0.15,0.15,0.09
SCHU,2015-12-21 21:30:00 EST,43.11700,-73.57829,103,40.2,41.1,40.2,93.8,38.5,0.000,0.020,0.00,0.000,0.4,1.0,0.4,136,8,0.9,1.6,0.4,117,25,0.4,1.0,0.4,136,8,0,29.89,,0,0,0,37.5,38.8,41.9,0.15,0.15,0.09
SCHU,2015-12-21 21:35:00 EST,43.11700,-73.57829,103,40.0,40.8,40.0,94.1,38.5,0.000,0.020,0.00,0.000,1.5,2.0,0.4,159,3,1.9,2.7,0.4,147,4,1.5,2.0,0.4,159,3,0,29.89,,0,0,0,37.5,38.8,41.9,0.15,0.15,0.09
SCHU,2015-12-21 21:40:00 EST,43.11700,-73.57829,103,40.0,40.8,40.0,95.3,38.7,0.000,0.020,0.00,0.000,2.0,3.0,0.5,126,12,2.5,3.6,0.5,118,11,2.0,3.0,0.5,126,12,0,29.89,,0,0,0,37.5,38.8,41.9,0.15,0.15,0.09
SCHU,2015-12-21 21:45:00 EST,43.11700,-73.57829,103,39.9,40.4,39.9,95.3,38.6,0.000,0.020,0.00,0.000,2.1,2.8,0.3,148,5,2.3,3.1,0.4,137,5,2.1,2.8,0.3,148,5,0,29.89,,0,0,0,37.6,38.8,41.9,0.15,0.15,0.08
SCHU,2015-12-21 21:50:00 EST,43.11700,-73.57829,103,40.0,40.9,38.0,95.3,38.8,0.000,0.020,0.00,0.000,3.3,4.5,0.6,159,5,3.8,5.1,0.7,152,7,3.3,4.5,0.6,159,5,0,29.88,,0,0,0,37.6,38.8,41.9,0.15,0.15,0.08
SCHU,2015-12-21 21:55:00 EST,43.11700,-73.57829,103,40.2,41.4,40.2,93.9,38.6,0.000,0.020,0.00,0.000,2.2,3.8,0.8,165,12,2.5,4.7,1.0,155,14,2.2,3.8,0.8,165,12,0,29.88,,0,0,0,37.6,38.8,41.9,0.15,0.15,0.09
SCHU,2015-12-21 22:00:00 EST,43.11700,-73.57829,103,40.5,41.6,40.5,92.1,38.4,0.000,0.020,0.00,0.000,2.2,2.9,0.3,156,9,2.6,3.8,0.4,145,8,2.2,2.9,0.3,156,9,0,29.88,,0,0,0,37.6,38.8,41.9,0.15,0.15,0.08
SCHU,2015-12-21 22:05:00 EST,43.11700,-73.57829,103,40.4,41.5,40.4,91.5,38.1,0.000,0.020,0.00,0.000,1.9,2.6,0.4,152,13,2.1,3.4,0.4,142,12,1.9,2.6,0.4,152,13,0,29.88,,0,0,0,37.6,38.8,41.9,0.15,0.15,0.09
SCHU,2015-12-21 22:10:00 EST,43.11700,-73.57829,103,40.4,41.9,40.4,92.1,38.3,0.000,0.020,0.00,0.000,0.9,1.9,0.5,137,19,1.5,2.9,0.5,127,19,0.9,1.9,0.5,137,19,0,29.88,,0,0,0,37.6,38.8,41.9,0.15,0.14,0.09
SCHU,2015-12-21 22:15:00 EST,43.11700,-73.57829,103,40.7,41.8,40.7,91.0,38.3,0.000,0.020,0.00,0.000,0.3,1.3,0.4,135,6,0.7,1.8,0.5,129,39,0.3,1.3,0.4,135,6,0,29.89,,0,0,0,37.6,38.8,41.9,0.15,0.15,0.09
SCHU,2015-12-21 22:20:00 EST,43.11700,-73.57829,103,40.6,42.0,40.6,91.7,38.3,0.000,0.020,0.00,0.000,1.4,2.4,0.7,328,11,1.7,2.9,0.6,334,12,1.4,2.4,0.7,328,11,0,29.89,,0,0,0,37.7,38.8,41.8,0.15,0.15,0.09
SCHU,2015-12-21 22:25:00 EST,43.11700,-73.57829,103,40.9,42.2,40.9,88.4,37.7,0.000,0.020,0.00,0.000,1.2,2.1,0.5,336,5,1.6,2.7,0.6,341,9,1.2,2.1,0.5,336,5,0,29.89,,0,0,0,37.7,38.8,41.9,0.15,0.15,0.09
SCHU,2015-12-21 22:30:00 EST,43.11700,-73.57829,103,40.5,41.8,40.5,90.7,38.0,0.000,0.020,0.00,0.000,0.1,0.7,0.2,262,0,0.5,1.1,0.2,260,34,0.1,0.7,0.2,262,0,0,29.90,,0,0,0,37.7,38.8,41.8,0.15,0.15,0.09
SCHU,2015-12-21 22:35:00 EST,43.11700,-73.57829,103,40.6,42.0,40.6,91.9,38.4,0.000,0.020,0.00,0.000,0.0,0.0,0.0,0,0,0.6,1.1,0.2,66,35,0.0,0.0,0.0,0,0,0,29.89,,0,0,0,37.7,38.9,41.8,0.15,0.15,0.09
SCHU,2015-12-21 22:40:00 EST,43.11700,-73.57829,103,40.7,42.0,40.7,91.9,38.5,0.000,0.020,0.00,0.000,0.1,1.2,0.3,240,0,0.7,1.8,0.4,61,12,0.1,1.2,0.3,240,0,0,29.90,,0,0,0,37.8,38.9,41.8,0.15,0.14,0.09
SCHU,2015-12-21 22:45:00 EST,43.11700,-73.57829,103,40.7,41.8,40.7,91.5,38.4,0.000,0.020,0.00,0.000,0.9,1.8,0.6,113,21,1.6,2.5,0.4,101,17,0.9,1.8,0.6,113,21,0,29.90,,0,0,0,37.7,38.9,41.9,0.15,0.15,0.09
SCHU,2015-12-21 22:50:00 EST,43.11700,-73.57829,103,40.5,41.9,40.5,92.5,38.5,0.000,0.020,0.00,0.000,1.6,2.0,0.2,115,6,2.1,2.5,0.2,111,7,1.6,2.0,0.2,115,6,0,29.90,,0,0,0,37.8,38.9,41.8,0.15,0.14,0.09
SCHU,2015-12-21 22:55:00 EST,43.11700,-73.57829,103,40.5,41.9,40.5,93.4,38.7,0.000,0.020,0.00,0.000,1.7,2.4,0.3,120,10,2.1,2.9,0.4,114,11,1.7,2.4,0.3,120,10,0,29.90,,0,0,0,37.8,38.9,41.9,0.15,0.14,0.09
SCHU,2015-12-21 23:00:00 EST,43.11700,-73.57829,103,40.4,42.2,40.4,93.4,38.7,0.000,0.020,0.00,0.000,1.3,1.7,0.2,122,8,1.7,2.2,0.3,116,10,1.3,1.7,0.2,122,8,0,29.90,,0,0,0,37.8,38.9,41.8,0.15,0.15,0.09
SCHU,2015-12-21 23:05:00 EST,43.11700,-73.57829,103,40.7,42.4,40.7,91.3,38.4,0.000,0.020,0.00,0.000,1.3,1.9,0.2,140,8,1.6,2.5,0.3,130,7,1.3,1.9,0.2,140,8,0,29.90,,0,0,0,37.8,38.9,41.8,0.15,0.15,0.09
SCHU,2015-12-21 23:10:00 EST,43.11700,-73.57829,103,40.4,42.5,40.4,92.6,38.4,0.000,0.020,0.00,0.000,1.1,2.4,0.4,151,8,1.4,4.3,0.4,142,10,1.1,2.4,0.4,151,8,0,29.90,,0,0,0,37.8,38.9,41.8,0.15,0.15,0.09
SCHU,2015-12-21 23:15:00 EST,43.11700,-73.57829,103,40.7,43.0,40.7,92.0,38.6,0.000,0.020,0.00,0.000,2.4,3.1,0.3,159,7,2.6,3.8,0.4,147,7,2.4,3.1,0.3,159,7,0,29.90,,0,0,0,37.9,39.0,41.8,0.15,0.15,0.09
SCHU,2015-12-21 23:20:00 EST,43.11700,-73.57829,103,40.8,42.8,40.8,91.5,38.5,0.000,0.020,0.00,0.000,1.6,3.0,0.5,157,7,1.8,3.6,0.5,143,8,1.6,3.0,0.5,157,7,0,29.90,,0,0,0,37.8,38.9,41.8,0.15,0.14,0.08
SCHU,2015-12-21 23:25:00 EST,43.11700,-73.57829,103,40.8,43.1,40.8,91.6,38.5,0.000,0.020,0.00,0.000,2.0,3.0,0.5,153,7,2.2,3.4,0.5,141,7,2.0,3.0,0.5,153,7,0,29.90,,0,0,0,37.9,38.9,41.8,0.15,0.14,0.09
SCHU,2015-12-21 23:30:00 EST,43.11700,-73.57829,103,40.6,42.8,40.6,93.1,38.8,0.000,0.020,0.00,0.000,2.2,3.3,0.3,158,5,2.5,3.6,0.4,146,5,2.2,3.3,0.3,158,5,0,29.90,,0,0,0,37.9,38.9,41.8,0.15,0.14,0.09
SCHU,2015-12-21 23:35:00 EST,43.11700,-73.57829,103,40.6,42.7,40.6,93.9,39.0,0.000,0.020,0.00,0.000,1.2,2.6,0.7,145,12,1.6,3.1,0.6,134,14,1.2,2.6,0.7,145,12,0,29.90,,0,0,0,37.9,39.0,41.8,0.15,0.14,0.09
SCHU,2015-12-21 23:40:00 EST,43.11700,-73.57829,103,40.6,43.1,40.6,94.6,39.2,0.000,0.020,0.00,0.000,1.3,2.7,0.6,158,13,1.7,2.9,0.5,147,13,1.3,2.7,0.6,158,13,0,29.90,,0,0,0,38.0,38.9,41.8,0.15,0.14,0.09
SCHU,2015-12-21 23:45:00 EST,43.11700,-73.57829,103,40.8,43.2,40.8,93.3,39.0,0.000,0.020,0.00,0.000,1.7,2.6,0.6,155,10,2.0,3.1,0.6,142,13,1.7,2.6,0.6,155,10,0,29.90,,0,0,0,38.0,39.0,41.8,0.15,0.14,0.09
SCHU,2015-12-21 23:50:00 EST,43.11700,-73.57829,103,40.9,43.2,40.9,92.9,39.0,0.000,0.020,0.00,0.000,0.3,0.8,0.3,130,9,0.8,1.6,0.3,101,32,0.3,0.8,0.3,130,9,0,29.90,,0,0,0,37.9,39.0,41.8,0.15,0.15,0.09
SCHU,2015-12-21 23:55:00 EST,43.11700,-73.57829,103,41.3,43.2,41.3,90.0,38.5,0.000,0.020,0.00,0.000,0.5,1.2,0.4,45,22,1.3,2.0,0.3,36,26,0.5,1.2,0.4,45,22,0,29.90,,0,0,0,38.0,39.0,41.7,0.15,0.14,0.09
SPRA,2015-12-21 00:00:00 EST,42.87427,-74.50859,656,,,,85.0,,0.000,,0.00,0.000,2.5,4.2,0.6,80,14,,,,0,0,2.5,4.2,0.6,80,14,0,29.57,,0,0,0,33.3,38.3,42.8,0.38,0.41,0.40
SPRA,2015-12-21 00:05:00 EST,42.87427,-74.50859,656,,,,84.3,,0.000,0.000,0.00,0.000,1.7,3.1,0.4,87,17,,,,0,0,1.7,3.1,0.4,87,17,0,29.56,,0,0,0,33.3,38.3,42.8,0.38,0.41,0.40
SPRA,2015-12-21 00:10:00 EST,42.87427,-74.50859,656,,,,84.9,,0.000,0.000,0.00,0.000,1.2,2.4,0.7,91,29,,,,0,0,1.2,2.4,0.7,91,29,0,29.57,,0,0,0,33.3,38.3,42.8,0.38,0.41,0.40
SPRA,2015-12-21 00:15:00 EST,42.87427,-74.50859,656,,,,85.9,,0.000,0.000,0.00,0.000,2.0,3.1,0.8,89,17,,,,0,0,2.0,3.1,0.8,89,17,0,29.57,,0,0,0,33.3,38.3,42.8,0.38,0.41,0.40
SPRA,2015-12-21 00:20:00 EST,42.87427,-74.50859,656,,,,86.3,,0.000,0.000,0.00,0.000,2.2,3.7,0.7,114,17,,,,0,0,2.2,3.7,0.7,114,17,0,29.56,,0,0,0,33.3,38.3,42.8,0.38,0.41,0.40
SPRA,2015-12-21 00:25:00 EST,42.87427,-74.50859,656,,,,86.4,,0.000,0.000,0.00,0.000,2.3,3.5,0.5,104,16,,,,0,0,2.3,3.5,0.5,104,16,0,29.56,,0,0,0,33.3,38.3,42.8,0.38,0.41,0.40
SPRA,2015-12-21 00:30:00 EST,42.87427,-74.50859,656,,,,86.1,,0.000,0.000,0.00,0.000,2.1,3.3,0.8,109,19,,,,0,0,2.1,3.3,0.8,109,19,0,29.56,,0,0,0,33.3,38.3,42.8,0.38,0.41,0.40
SPRA,2015-12-21 00:35:00 EST,42.87427,-74.50859,656,,,,86.4,,0.000,0.000,0.00,0.000,2.0,4.2,1.3,107,14,,,,0,0,2.0,4.2,1.3,107,14,0,29.55,,0,0,0,33.3,38.3,42.8,0.38,0.41,0.40
SPRA,2015-12-21 00:40:00 EST,42.87427,-74.50859,656,,,,87.2,,0.000,0.000,0.00,0.000,2.5,4.6,1.1,108,17,,,,0,0,2.5,4.6,1.1,108,17,0,29.55,,0,0,0,33.3,38.3,42.8,0.38,0.41,0.40
SPRA,2015-12-21 00:45:00 EST,42.87427,-74.50859,656,,,,87.1,,0.000,0.000,0.00,0.000,2.5,4.3,1.2,108,24,,,,0,0,2.5,4.3,1.2,108,24,0,29.55,,0,0,0,33.3,38.3,42.8,0.38,0.41,0.40
SPRA,2015-12-21 00:50:00 EST,42.87427,-74.50859,656,,,,86.0,,0.000,0.000,0.00,0.000,1.6,2.8,0.6,103,17,,,,0,0,1.6,2.8,0.6,103,17,0,29.56,,0,0,0,33.3,38.3,42.8,0.38,0.41,0.40
SPRA,2015-12-21 00:55:00 EST,42.87427,-74.50859,656,,,,87.7,,0.000,0.000,0.00,0.000,2.0,3.9,1.1,93,10,,,,0,0,2.0,3.9,1.1,93,10,0,29.55,,0,0,0,33.3,38.3,42.8,0.38,0.41,0.40
SPRA,2015-12-21 01:00:00 EST,42.87427,-74.50859,656,,,,89.3,,0.000,0.000,0.00,0.000,3.8,5.4,0.7,91,7,,,,0,0,3.8,5.4,0.7,91,7,0,29.55,,0,0,0,33.3,38.3,42.8,0.38,0.41,0.40
SPRA,2015-12-21 01:05:00 EST,42.87427,-74.50859,656,,,,88.3,,0.000,0.000,0.00,0.000,3.7,4.6,0.5,76,10,,,,0,0,3.7,4.6,0.5,76,10,0,29.55,,0,0,0,33.3,38.3,42.8,0.38,0.41,0.40
SPRA,2015-12-21 01:10:00 EST,42.87427,-74.50859,656,,,,87.3,,0.000,0.000,0.00,0.000,2.9,4.1,0.7,62,10,,,,0,0,2.9,4.1,0.7,62,10,0,29.55,,0,0,0,33.3,38.3,42.8,0.38,0.41,0.40
SPRA,2015-12-21 01:15:00 EST,42.87427,-74.50859,656,,,,87.9,,0.000,0.000,0.00,0.000,3.1,6.1,0.9,82,10,,,,0,0,3.1,6.1,0.9,82,10,0,29.55,,0,0,0,33.2,38.3,42.8,0.38,0.41,0.40
SPRA,2015-12-21 01:20:00 EST,42.87427,-74.50859,656,,,,87.1,,0.000,0.000,0.00,0.000,4.9,8.0,1.1,79,8,,,,0,0,4.9,8.0,1.1,79,8,0,29.55,,0,0,0,33.2,38.3,42.8,0.38,0.41,0.40
SPRA,2015-12-21 01:25:00 EST,42.87427,-74.50859,656,,,,84.2,,0.000,0.000,0.00,0.000,4.5,6.2,0.8,84,10,,,,0,0,4.5,6.2,0.8,84,10,0,29.55,,0,0,0,33.2,38.3,42.8,0.38,0.41,0.40
SPRA,2015-12-21 01:30:00 EST,42.87427,-74.50859,656,,,,83.8,,0.000,0.000,0.00,0.000,4.8,7.0,0.9,78,12,,,,0,0,4.8,7.0,0.9,78,12,0,29.55,,0,0,0,33.1,38.3,42.8,0.38,0.41,0.40
SPRA,2015-12-21 01:35:00 EST,42.87427,-74.50859,656,,,,82.4,,0.000,0.000,0.00,0.000,6.1,7.5,0.8,87,7,,,,0,0,6.1,7.5,0.8,87,7,0,29.54,,0,0,0,33.1,38.3,42.8,0.38,0.41,0.40
SPRA,2015-12-21 01:40:00 EST,42.87427,-74.50859,656,,,,81.4,,0.000,0.000,0.00,0.000,6.1,8.3,1.0,89,11,,,,0,0,6.1,8.3,1.0,89,11,0,29.54,,0,0,0,33.1,38.3,42.8,0.38,0.41,0.40
SPRA,2015-12-21 01:45:00 EST,42.87427,-74.50859,656,,,,81.7,,0.000,0.000,0.00,0.000,5.7,7.9,1.2,98,11,,,,0,0,5.7,7.9,1.2,98,11,0,29.54,,0,0,0,33.1,38.3,42.8,0.38,0.41,0.40
SPRA,2015-12-21 01:50:00 EST,42.87427,-74.50859,656,,,,81.3,,0.000,0.000,0.00,0.000,5.6,8.1,1.2,91,9,,,,0,0,5.6,8.1,1.2,91,9,0,29.54,,0,0,0,33.1,38.3,42.8,0.38,0.41,0.40
SPRA,2015-12-21 01:55:00 EST,42.87427,-74.50859,656,,,,80.4,,0.000,0.000,0.00,0.000,5.9,8.6,1.2,92,12,,,,0,0,5.9,8.6,1.2,92,12,0,29.54,,0,0,0,33.1,38.2,42.8,0.38,0.41,0.40
SPRA,2015-12-21 02:00:00 EST,42.87427,-74.50859,656,,,,80.1,,0.000,0.000,0.00,0.000,3.3,5.5,0.9,92,22,,,,0,0,3.3,5.5,0.9,92,22,0,29.54,,0,0,0,33.1,38.2,42.8,0.38,0.41,0.40
SPRA,2015-12-21 02:05:00 EST,42.87427,-74.50859,656,,,,81.1,,0.000,0.000,0.00,0.000,4.9,6.5,0.7,83,7,,,,0,0,4.9,6.5,0.7,83,7,0,29.54,,0,0,0,33.1,38.2,42.8,0.38,0.41,0.40
SPRA,2015-12-21 02:10:00 EST,42.87427,-74.50859,656,,,,81.4,,0.000,0.000,0.00,0.000,4.1,7.5,1.1,88,13,,,,0,0,4.1,7.5,1.1,88,13,0,29.54,,0,0,0,33.1,38.2,42.8,0.38,0.41,0.40
SPRA,2015-12-21 02:15:00 EST,42.87427,-74.50859,656,,,,80.8,,0.000,0.000,0.00,0.000,4.1,5.9,0.7,74,10,,,,0,0,4.1,5.9,0.7,74,10,0,29.54,,0,0,0,33.1,38.1,42.8,0.38,0.41,0.40
SPRA,2015-12-21 02:20:00 EST,42.87427,-74.50859,656,,,,80.4,,0.000,0.000,0.00,0.000,4.7,6.5,0.9,84,14,,,,0,0,4.7,6.5,0.9,84,14,0,29.54,,0,0,0,33.1,38.1,42.8,0.38,0.41,0.40
SPRA,2015-12-21 02:25:00 EST,42.87427,-74.50859,656,,,,80.1,,0.000,0.000,0.00,0.000,6.4,9.1,1.0,83,8,,,,0,0,6.4,9.1,1.0,83,8,0,29.54,,0,0,0,33.1,38.1,42.8,0.38,0.41,0.40
SPRA,2015-12-21 02:30:00 EST,42.87427,-74.50859,656,,,,80.1,,0.000,0.000,0.00,0.000,6.2,9.2,1.3,85,10,,,,0,0,6.2,9.2,1.3,85,10,0,29.53,,0,0,0,33.1,38.1,42.8,0.38,0.41,0.40
SPRA,2015-12-21 02:35:00 EST,42.87427,-74.50859,656,,,,80.4,,0.000,0.000,0.00,0.000,7.7,9.1,0.9,95,8,,,,0,0,7.7,9.1,0.9,95,8,0,29.52,,0,0,0,33.1,38.1,42.7,0.38,0.41,0.40
SPRA,2015-12-21 02:40:00 EST,42.87427,-74.50859,656,,,,81.1,,0.000,0.000,0.00,0.000,5.1,7.3,0.9,78,13,,,,0,0,5.1,7.3,0.9,78,13,0,29.52,,0,0,0,33.1,38.1,42.7,0.38,0.41,0.40
SPRA,2015-12-21 02:45:00 EST,42.87427,-74.50859,656,,,,80.4,,0.000,0.000,0.00,0.000,6.3,8.7,1.3,74,12,,,,0,0,6.3,8.7,1.3,74,12,0,29.52,,0,0,0,33.1,38.1,42.7,0.38,0.41,0.40
SPRA,2015-12-21 02:50:00 EST,42.87427,-74.50859,656,,,,80.2,,0.000,0.000,0.00,0.000,6.5,8.5,1.0,77,11,,,,0,0,6.5,8.5,1.0,77,11,0,29.52,,0,0,0,33.1,38.1,42.7,0.37,0.41,0.40
SPRA,2015-12-21 02:55:00 EST,42.87427,-74.50859,656,,,,80.6,,0.000,0.000,0.00,0.000,7.2,9.9,1.2,80,8,,,,0,0,7.2,9.9,1.2,80,8,0,29.52,,0,0,0,33.1,38.1,42.6,0.37,0.41,0.40
SPRA,2015-12-21 03:00:00 EST,42.87427,-74.50859,656,,,,81.1,,0.000,0.000,0.00,0.000,6.9,9.2,1.2,81,10,,,,0,0,6.9,9.2,1.2,81,10,0,29.51,,0,0,0,33.1,38.1,42.6,0.37,0.41,0.40
SPRA,2015-12-21 03:05:00 EST,42.87427,-74.50859,656,,,,80.8,,0.000,0.000,0.00,0.000,5.8,8.4,1.4,89,12,,,,0,0,5.8,8.4,1.4,89,12,0,29.51,,0,0,0,33.1,38.1,42.6,0.37,0.41,0.40
SPRA,2015-12-21 03:10:00 EST,42.87427,-74.50859,656,,,,81.2,,0.000,0.000,0.00,0.000,8.0,11.9,1.6,75,11,,,,0,0,8.0,11.9,1.6,75,11,0,29.51,,0,0,0,33.1,38.1,42.6,0.37,0.41,0.40
SPRA,2015-12-21 03:15:00 EST,42.87427,-74.50859,656,,,,80.4,,0.000,0.000,0.00,0.000,6.9,9.0,1.1,79,11,,,,0,0,6.9,9.0,1.1,79,11,0,29.50,,0,0,0,33.1,38.1,42.6,0.37,0.41,0.40
SPRA,2015-12-21 03:20:00 EST,42.87427,-74.50859,656,,,,81.5,,0.000,0.000,0.00,0.000,5.8,8.4,1.2,77,11,,,,0,0,5.8,8.4,1.2,77,11,0,29.51,,0,0,0,33.1,38.1,42.6,0.37,0.41,0.40
SPRA,2015-12-21 03:25:00 EST,42.87427,-74.50859,656,,,,82.5,,0.000,0.000,0.00,0.000,6.5,8.8,0.8,84,11,,,,0,0,6.5,8.8,0.8,84,11,0,29.50,,0,0,0,33.1,38.1,42.6,0.37,0.41,0.40
SPRA,2015-12-21 03:30:00 EST,42.87427,-74.50859,656,,,,83.0,,0.000,0.000,0.00,0.000,5.7,7.7,0.7,94,10,,,,0,0,5.7,7.7,0.7,94,10,0,29.50,,0,0,0,33.1,38.1,42.6,0.37,0.41,0.40
SPRA,2015-12-21 03:35:00 EST,42.87427,-74.50859,656,,,,83.8,,0.000,0.000,0.00,0.000,4.4,6.5,1.4,90,11,,,,0,0,4.4,6.5,1.4,90,11,0,29.50,,0,0,0,33.1,38.1,42.6,0.37,0.41,0.40
SPRA,2015-12-21 03:40:00 EST,42.87427,-74.50859,656,,,,83.5,,0.000,0.000,0.00,0.000,5.2,6.9,1.1,90,9,,,,0,0,5.2,6.9,1.1,90,9,0,29.50,,0,0,0,33.1,38.1,42.6,0.37,0.41,0.40
SPRA,2015-12-21 03:45:00 EST,42.87427,-74.50859,656,,,,83.7,,0.000,0.000,0.00,0.000,4.1,6.1,0.8,79,9,,,,0,0,4.1,6.1,0.8,79,9,0,29.50,,0,0,0,33.1,38.1,42.6,0.37,0.41,0.40
SPRA,2015-12-21 03:50:00 EST,42.87427,-74.50859,656,,,,83.6,,0.000,0.000,0.00,0.000,4.2,6.4,1.0,78,7,,,,0,0,4.2,6.4,1.0,78,7,0,29.50,,0,0,0,33.1,38.1,42.6,0.37,0.41,0.40
SPRA,2015-12-21 03:55:00 EST,42.87427,-74.50859,656,,,,83.9,,0.000,0.000,0.00,0.000,2.1,4.8,1.2,82,15,,,,0,0,2.1,4.8,1.2,82,15,0,29.50,,0,0,0,33.1,38.1,42.6,0.37,0.41,0.40
SPRA,2015-12-21 04:00:00 EST,42.87427,-74.50859,656,,,,84.5,,0.000,0.000,0.00,0.000,4.7,6.5,0.9,77,13,,,,0,0,4.7,6.5,0.9,77,13,0,29.50,,0,0,0,33.1,38.1,42.6,0.37,0.41,0.40
SPRA,2015-12-21 04:05:00 EST,42.87427,-74.50859,656,,,,83.6,,0.000,0.000,0.00,0.000,5.1,7.3,1.3,72,14,,,,0,0,5.1,7.3,1.3,72,14,0,29.49,,0,0,0,33.1,38.1,42.6,0.37,0.41,0.40
SPRA,2015-12-21 04:10:00 EST,42.87427,-74.50859,656,,,,83.8,,0.000,0.000,0.00,0.000,5.3,7.8,1.2,60,9,,,,0,0,5.3,7.8,1.2,60,9,0,29.49,,0,0,0,33.1,38.1,42.6,0.37,0.41,0.40
SPRA,2015-12-21 04:15:00 EST,42.87427,-74.50859,656,,,,83.9,,0.000,0.000,0.00,0.000,3.6,5.6,0.7,63,9,,,,0,0,3.6,5.6,0.7,63,9,0,29.49,,0,0,0,33.1,38.1,42.6,0.37,0.41,0.40
SPRA,2015-12-21 04:20:00 EST,42.87427,-74.50859,656,,,,83.2,,0.000,0.000,0.00,0.000,6.3,9.2,1.4,72,7,,,,0,0,6.3,9.2,1.4,72,7,0,29.48,,0,0,0,33.1,38.1,42.6,0.37,0.41,0.40
SPRA,2015-12-21 04:25:00 EST,42.87427,-74.50859,656,,,,81.7,,0.000,0.000,0.00,0.000,7.5,11.1,1.9,77,10,,,,0,0,7.5,11.1,1.9,77,10,0,29.47,,0,0,0,33.1,38.1,42.6,0.37,0.41,0.40
SPRA,2015-12-21 04:30:00 EST,42.87427,-74.50859,656,,,,81.7,,0.000,0.000,0.00,0.000,5.4,7.9,1.0,69,13,,,,0,0,5.4,7.9,1.0,69,13,0,29.47,,0,0,0,33.1,38.1,42.6,0.37,0.41,0.40
SPRA,2015-12-21 04:35:00 EST,42.87427,-74.50859,656,,,,81.2,,0.000,0.000,0.00,0.000,5.3,7.7,1.0,64,12,,,,0,0,5.3,7.7,1.0,64,12,0,29.48,,0,0,0,33.1,38.1,42.6,0.37,0.41,0.40
SPRA,2015-12-21 04:40:00 EST,42.87427,-74.50859,656,,,,81.3,,0.000,0.000,0.00,0.000,3.9,5.2,0.8,64,12,,,,0,0,3.9,5.2,0.8,64,12,0,29.48,,0,0,0,33.1,38.1,42.6,0.37,0.41,0.40
SPRA,2015-12-21 04:45:00 EST,42.87427,-74.50859,656,,,,80.8,,0.000,0.000,0.00,0.000,3.3,5.7,0.8,54,13,,,,0,0,3.3,5.7,0.8,54,13,0,29.48,,0,0,0,33.1,38.1,42.6,0.37,0.41,0.40
SPRA,2015-12-21 04:50:00 EST,42.87427,-74.50859,656,,,,80.4,,0.000,0.000,0.00,0.000,5.0,7.3,1.2,60,7,,,,0,0,5.0,7.3,1.2,60,7,0,29.48,,0,0,0,33.1,38.1,42.6,0.37,0.41,0.40
SPRA,2015-12-21 04:55:00 EST,42.87427,-74.50859,656,,,,81.1,,0.000,0.000,0.00,0.000,4.7,7.1,1.1,60,9,,,,0,0,4.7,7.1,1.1,60,9,0,29.48,,0,0,0,33.1,38.1,42.6,0.37,0.41,0.40
SPRA,2015-12-21 05:00:00 EST,42.87427,-74.50859,656,,,,80.9,,0.000,0.000,0.00,0.000,6.3,9.3,1.1,70,9,,,,0,0,6.3,9.3,1.1,70,9,0,29.47,,0,0,0,33.1,38.1,42.6,0.37,0.41,0.40
SPRA,2015-12-21 05:05:00 EST,42.87427,-74.50859,656,,,,81.4,,0.000,0.000,0.00,0.000,5.3,7.6,1.0,77,12,,,,0,0,5.3,7.6,1.0,77,12,0,29.47,,0,0,0,33.1,38.1,42.6,0.37,0.41,0.40
SPRA,2015-12-21 05:10:00 EST,42.87427,-74.50859,656,,,,80.9,,0.000,0.000,0.00,0.000,6.1,8.6,1.3,82,12,,,,0,0,6.1,8.6,1.3,82,12,0,29.47,,0,0,0,33.0,38.0,42.6,0.37,0.41,0.40
SPRA,2015-12-21 05:15:00 EST,42.87427,-74.50859,656,,,,80.5,,0.000,0.000,0.00,0.000,4.8,7.3,1.1,70,14,,,,0,0,4.8,7.3,1.1,70,14,0,29.47,,0,0,0,33.0,38.0,42.6,0.37,0.41,0.40
SPRA,2015-12-21 05:20:00 EST,42.87427,-74.50859,656,,,,80.3,,0.000,0.000,0.00,0.000,4.3,7.7,1.3,66,8,,,,0,0,4.3,7.7,1.3,66,8,0,29.47,,0,0,0,32.9,38.0,42.6,0.37,0.41,0.40
SPRA,2015-12-21 05:25:00 EST,42.87427,-74.50859,656,,,,79.6,,0.000,0.000,0.00,0.000,4.0,7.4,1.2,83,13,,,,0,0,4.0,7.4,1.2,83,13,0,29.47,,0,0,0,32.9,38.0,42.6,0.37,0.41,0.40
SPRA,2015-12-21 05:30:00 EST,42.87427,-74.50859,656,,,,79.2,,0.000,0.000,0.00,0.000,6.5,8.6,1.2,84,9,,,,0,0,6.5,8.6,1.2,84,9,0,29.47,,0,0,0,32.9,38.0,42.6,0.37,0.41,0.40
SPRA,2015-12-21 05:35:00 EST,42.87427,-74.50859,656,,,,79.6,,0.000,0.000,0.00,0.000,5.7,9.8,1.8,84,16,,,,0,0,5.7,9.8,1.8,84,16,0,29.46,,0,0,0,32.9,38.0,42.6,0.37,0.41,0.40
SPRA,2015-12-21 05:40:00 EST,42.87427,-74.50859,656,,,,78.8,,0.000,0.000,0.00,0.000,4.3,6.5,1.0,87,13,,,,0,0,4.3,6.5,1.0,87,13,0,29.47,,0,0,0,32.9,37.9,42.6,0.36,0.41,0.40
SPRA,2015-12-21 05:45:00 EST,42.87427,-74.50859,656,,,,79.0,,0.000,0.000,0.00,0.000,3.9,7.7,1.6,80,15,,,,0,0,3.9,7.7,1.6,80,15,0,29.46,,0,0,0,32.9,37.9,42.6,0.36,0.41,0.40
SPRA,2015-12-21 05:50:00 EST,42.87427,-74.50859,656,,,,79.2,,0.000,0.000,0.00,0.000,4.0,5.7,0.9,88,14,,,,0,0,4.0,5.7,0.9,88,14,0,29.46,,0,0,0,32.9,37.9,42.6,0.36,0.41,0.40
SPRA,2015-12-21 05:55:00 EST,42.87427,-74.50859,656,,,,79.3,,0.000,0.000,0.00,0.000,3.9,6.5,1.3,88,16,,,,0,0,3.9,6.5,1.3,88,16,0,29.46,,0,0,0,32.9,37.9,42.6,0.36,0.41,0.40
SPRA,2015-12-21 06:00:00 EST,42.87427,-74.50859,656,,,,78.9,,0.000,0.000,0.00,0.000,3.7,5.7,1.1,85,20,,,,0,0,3.7,5.7,1.1,85,20,0,29.46,,0,0,0,32.9,37.9,42.6,0.36,0.40,0.40
SPRA,2015-12-21 06:05:00 EST,42.87427,-74.50859,656,,,,78.9,,0.000,0.000,0.00,0.000,2.3,4.6,1.1,99,31,,,,0,0,2.3,4.6,1.1,99,31,0,29.46,,0,0,0,32.9,37.9,42.6,0.36,0.41,0.40
SPRA,2015-12-21 06:10:00 EST,42.87427,-74.50859,656,,,,79.3,,0.000,0.000,0.00,0.000,3.3,5.3,1.1,109,22,,,,0,0,3.3,5.3,1.1,109,22,0,29.46,,0,0,0,32.9,37.9,42.6,0.36,0.40,0.40
SPRA,2015-12-21 06:15:00 EST,42.87427,-74.50859,656,,,,79.3,,0.000,0.000,0.00,0.000,4.0,5.9,1.1,116,18,,,,0,0,4.0,5.9,1.1,116,18,0,29.45,,0,0,0,32.9,37.9,42.6,0.36,0.41,0.40
SPRA,2015-12-21 06:20:00 EST,42.87427,-74.50859,656,,,,79.4,,0.000,0.000,0.00,0.000,2.7,4.9,1.0,118,14,,,,0,0,2.7,4.9,1.0,118,14,0,29.45,,0,0,0,32.9,37.9,42.6,0.36,0.41,0.40
SPRA,2015-12-21 06:25:00 EST,42.87427,-74.50859,656,,,,78.9,,0.000,0.000,0.00,0.000,3.9,6.0,0.8,99,15,,,,0,0,3.9,6.0,0.8,99,15,0,29.46,,0,0,0,32.9,37.9,42.6,0.36,0.40,0.40
SPRA,2015-12-21 06:30:00 EST,42.87427,-74.50859,656,,,,78.8,,0.000,0.000,0.00,0.000,3.4,5.4,1.1,99,11,,,,0,0,3.4,5.4,1.1,99,11,0,29.46,,0,0,0,32.9,37.9,42.6,0.36,0.41,0.40
SPRA,2015-12-21 06:35:00 EST,42.87427,-74.50859,656,,,,79.9,,0.000,0.000,0.00,0.000,3.5,5.5,0.9,101,16,,,,0,0,3.5,5.5,0.9,101,16,0,29.46,,0,0,0,32.9,37.9,42.6,0.36,0.41,0.40
SPRA,2015-12-21 06:40:00 EST,42.87427,-74.50859,656,,,,79.9,,0.000,0.000,0.00,0.000,3.5,5.1,0.6,94,12,,,,0,0,3.5,5.1,0.6,94,12,0,29.46,,0,0,0,32.9,37.9,42.6,0.36,0.41,0.40
SPRA,2015-12-21 06:45:00 EST,42.87427,-74.50859,656,,,,79.8,,0.000,0.000,0.00,0.000,3.6,5.7,1.1,112,20,,,,0,0,3.6,5.7,1.1,112,20,0,29.46,,0,0,0,32.9,37.9,42.6,0.36,0.40,0.40
SPRA,2015-12-21 06:50:00 EST,42.87427,-74.50859,656,,,,80.0,,0.000,0.000,0.00,0.000,3.7,5.7,0.7,69,17,,,,0,0,3.7,5.7,0.7,69,17,0,29.46,,0,0,0,32.9,37.9,42.6,0.36,0.41,0.40
SPRA,2015-12-21 06:55:00 EST,42.87427,-74.50859,656,,,,81.2,,0.000,0.000,0.00,0.000,4.1,6.3,1.1,56,12,,,,0,0,4.1,6.3,1.1,56,12,0,29.46,,0,0,0,32.9,37.9,42.6,0.36,0.40,0.40
SPRA,2015-12-21 07:00:00 EST,42.87427,-74.50859,656,,,,81.4,,0.000,0.000,0.00,0.000,4.0,5.9,0.9,46,10,,,,0,0,4.0,5.9,0.9,46,10,0,29.46,,0,0,0,32.9,37.9,42.5,0.36,0.41,0.40
SPRA,2015-12-21 07:05:00 EST,42.87427,-74.50859,656,,,,80.9,,0.000,0.000,0.00,0.000,3.3,5.1,0.9,68,10,,,,0,0,3.3,5.1,0.9,68,10,0,29.46,,0,0,0,32.9,37.9,42.5,0.36,0.41,0.40
SPRA,2015-12-21 07:10:00 EST,42.87427,-74.50859,656,,,,80.4,,0.000,0.000,0.00,0.000,5.0,7.3,1.0,73,10,,,,0,0,5.0,7.3,1.0,73,10,0,29.45,,0,0,0,32.9,37.9,42.5,0.36,0.41,0.40
SPRA,2015-12-21 07:15:00 EST,42.87427,-74.50859,656,,,,80.6,,0.000,0.000,0.00,0.000,4.2,6.5,0.9,77,11,,,,0,0,4.2,6.5,0.9,77,11,1,29.45,,0,0,0,32.9,37.9,42.5,0.36,0.41,0.40
SPRA,2015-12-21 07:20:00 EST,42.87427,-74.50859,656,,,,80.6,,0.000,0.000,0.00,0.000,4.1,5.4,0.7,72,8,,,,0,0,4.1,5.4,0.7,72,8,1,29.45,,0,0,0,32.9,37.9,42.5,0.36,0.41,0.40
SPRA,2015-12-21 07:25:00 EST,42.87427,-74.50859,656,,,,80.9,,0.000,0.000,0.00,0.000,4.6,6.9,0.8,69,8,,,,0,0,4.6,6.9,0.8,69,8,2,29.45,,0,0,0,32.9,37.9,42.4,0.36,0.41,0.40
SPRA,2015-12-21 07:30:00 EST,42.87427,-74.50859,656,,,,80.9,,0.000,0.000,0.00,0.000,4.6,6.9,0.8,75,9,,,,0,0,4.6,6.9,0.8,75,9,3,29.45,,0,0,0,32.9,37.9,42.5,0.36,0.40,0.40
SPRA,2015-12-21 07:35:00 EST,42.87427,-74.50859,656,,,,80.9,,0.000,0.000,0.00,0.000,3.6,5.7,0.9,95,19,,,,0,0,3.6,5.7,0.9,95,19,7,29.45,,0,0,0,32.9,37.9,42.4,0.36,0.41,0.40
SPRA,2015-12-21 07:40:00 EST,42.87427,-74.50859,656,,,,80.7,,0.000,0.000,0.00,0.000,3.9,5.5,0.9,82,11,,,,0,0,3.9,5.5,0.9,82,11,11,29.45,,0,0,0,32.8,37.9,42.4,0.36,0.41,0.40
SPRA,2015-12-21 07:45:00 EST,42.87427,-74.50859,656,,,,80.9,,0.000,0.000,0.00,0.000,3.7,6.0,1.1,94,14,,,,0,0,3.7,6.0,1.1,94,14,18,29.44,,0,0,0,32.8,37.9,42.4,0.36,0.40,0.40
SPRA,2015-12-21 07:50:00 EST,42.87427,-74.50859,656,,,,81.1,,0.000,0.000,0.00,0.000,3.2,4.5,0.6,90,15,,,,0,0,3.2,4.5,0.6,90,15,24,29.45,,0,0,0,32.7,37.9,42.4,0.36,0.40,0.40
SPRA,2015-12-21 07:55:00 EST,42.87427,-74.50859,656,,,,80.4,,0.000,0.000,0.00,0.000,4.5,6.5,1.0,92,15,,,,0,0,4.5,6.5,1.0,92,15,27,29.44,,0,0,0,32.7,37.9,42.4,0.36,0.40,0.40
SPRA,2015-12-21 08:00:00 EST,42.87427,-74.50859,656,,,,80.0,,0.000,0.000,0.00,0.000,4.5,6.5,0.8,85,15,,,,0,0,4.5,6.5,0.8,85,15,30,29.44,,0,0,0,32.7,37.9,42.4,0.36,0.40,0.40
SPRA,2015-12-21 08:05:00 EST,42.87427,-74.50859,656,,,,79.5,,0.000,0.000,0.00,0.000,4.7,7.1,1.2,86,14,,,,0,0,4.7,7.1,1.2,86,14,34,29.44,,0,0,0,32.7,37.9,42.4,0.36,0.40,0.40
SPRA,2015-12-21 08:10:00 EST,42.87427,-74.50859,656,,,,79.6,,0.000,0.000,0.00,0.000,5.5,8.3,0.9,85,13,,,,0,0,5.5,8.3,0.9,85,13,36,29.44,,0,0,0,32.7,37.9,42.4,0.36,0.41,0.40
SPRA,2015-12-21 08:15:00 EST,42.87427,-74.50859,656,,,,79.5,,0.000,0.000,0.00,0.000,4.4,6.3,1.0,92,12,,,,0,0,4.4,6.3,1.0,92,12,40,29.44,,0,0,0,32.7,37.9,42.4,0.36,0.41,0.40
SPRA,2015-12-21 08:20:00 EST,42.87427,-74.50859,656,,,,79.2,,0.000,0.000,0.00,0.000,4.8,7.7,1.2,91,11,,,,0,0,4.8,7.7,1.2,91,11,46,29.44,,0,0,0,32.7,37.9,42.4,0.36,0.41,0.40
SPRA,2015-12-21 08:25:00 EST,42.87427,-74.50859,656,,,,79.5,,0.000,0.000,0.00,0.000,4.6,8.0,1.3,80,14,,,,0,0,4.6,8.0,1.3,80,14,52,29.44,,0,0,0,32.7,37.9,42.4,0.36,0.40,0.40
SPRA,2015-12-21 08:30:00 EST,42.87427,-74.50859,656,,,,79.1,,0.000,0.000,0.00,0.000,5.8,7.4,1.0,84,11,,,,0,0,5.8,7.4,1.0,84,11,54,29.43,,0,0,0,32.7,37.9,42.4,0.36,0.40,0.40
SPRA,2015-12-21 08:35:00 EST,42.87427,-74.50859,656,,,,78.8,,0.000,0.000,0.00,0.000,4.8,7.3,1.1,81,11,,,,0,0,4.8,7.3,1.1,81,11,55,29.43,,0,0,0,32.7,37.9,42.4,0.36,0.41,0.40
SPRA,2015-12-21 08:40:00 EST,42.87427,-74.50859,656,,,,78.7,,0.000,0.000,0.00,0.000,4.5,6.8,1.2,82,13,,,,0,0,4.5,6.8,1.2,82,13,60,29.43,,0,0,0,32.7,37.9,42.4,0.36,0.40,0.40
SPRA,2015-12-21 08:45:00 EST,42.87427,-74.50859,656,,,,78.8,,0.000,0.000,0.00,0.000,4.5,7.0,1.1,91,10,,,,0,0,4.5,7.0,1.1,91,10,64,29.43,,0,0,0,32.7,37.9,42.4,0.36,0.40,0.40
SPRA,2015-12-21 08:50:00 EST,42.87427,-74.50859,656,,,,79.2,,0.000,0.000,0.00,0.000,4.8,7.3,1.0,86,14,,,,0,0,4.8,7.3,1.0,86,14,69,29.43,,0,0,0,32.7,37.9,42.4,0.36,0.40,0.40
SPRA,2015-12-21 08:55:00 EST,42.87427,-74.50859,656,,,,77.9,,0.000,0.000,0.00,0.000,5.3,7.6,1.1,86,15,,,,0,0,5.3,7.6,1.1,86,15,76,29.42,,0,0,0,32.7,37.8,42.4,0.36,0.40,0.40
SPRA,2015-12-21 09:00:00 EST,42.87427,-74.50859,656,,,,77.3,,0.000,0.000,0.00,0.000,4.4,6.7,1.1,95,15,,,,0,0,4.4,6.7,1.1,95,15,81,29.43,,0,0,0,32.7,37.8,42.4,0.36,0.40,0.40
SPRA,2015-12-21 09:05:00 EST,42.87427,-74.50859,656,,,,77.5,,0.000,0.000,0.00,0.000,5.1,7.5,1.3,80,10,,,,0,0,5.1,7.5,1.3,80,10,89,29.43,,0,0,0,32.8,37.8,42.4,0.36,0.40,0.40
SPRA,2015-12-21 09:10:00 EST,42.87427,-74.50859,656,,,,77.4,,0.000,0.000,0.00,0.000,3.9,5.5,1.0,86,10,,,,0,0,3.9,5.5,1.0,86,10,101,29.42,,0,0,0,32.8,37.8,42.4,0.36,0.40,0.40
SPRA,2015-12-21 09:15:00 EST,42.87427,-74.50859,656,,,,77.8,,0.000,0.000,0.00,0.000,3.4,4.7,0.6,75,10,,,,0,0,3.4,4.7,0.6,75,10,107,29.42,,0,0,0,32.9,37.8,42.4,0.36,0.40,0.40
SPRA,2015-12-21 09:20:00 EST,42.87427,-74.50859,656,,,,77.1,,0.000,0.000,0.00,0.000,4.9,6.5,0.7,77,11,,,,0,0,4.9,6.5,0.7,77,11,112,29.42,,0,0,0,32.9,37.8,42.4,0.36,0.40,0.40
SPRA,2015-12-21 09:25:00 EST,42.87427,-74.50859,656,,,,76.3,,0.000,0.000,0.00,0.000,5.5,7.7,1.1,78,12,,,,0,0,5.5,7.7,1.1,78,12,117,29.42,,0,0,0,32.9,37.8,42.4,0.36,0.40,0.40
SPRA,2015-12-21 09:30:00 EST,42.87427,-74.50859,656,,,,75.9,,0.000,0.000,0.00,0.000,6.9,9.6,1.3,90,8,,,,0,0,6.9,9.6,1.3,90,8,118,29.41,,0,0,0,32.9,37.8,42.4,0.36,0.40,0.40
SPRA,2015-12-21 09:35:00 EST,42.87427,-74.50859,656,,,,76.3,,0.000,0.000,0.00,0.000,5.0,7.4,1.6,79,16,,,,0,0,5.0,7.4,1.6,79,16,117,29.42,,0,0,0,32.9,37.8,42.4,0.36,0.40,0.40
SPRA,2015-12-21 09:40:00 EST,42.87427,-74.50859,656,,,,75.7,,0.000,0.000,0.00,0.000,7.4,9.7,1.1,71,11,,,,0,0,7.4,9.7,1.1,71,11,124,29.42,,0,0,0,32.9,37.8,42.4,0.35,0.40,0.40
SPRA,2015-12-21 09:45:00 EST,42.87427,-74.50859,656,,,,75.7,,0.000,0.000,0.00,0.000,6.9,9.6,1.2,72,11,,,,0,0,6.9,9.6,1.2,72,11,116,29.42,,0,0,0,32.9,37.8,42.4,0.35,0.40,0.40
SPRA,2015-12-21 09:50:00 EST,42.87427,-74.50859,656,,,,74.7,,0.000,0.000,0.00,0.000,8.6,10.5,1.0,85,11,,,,0,0,8.6,10.5,1.0,85,11,106,29.42,,0,0,0,32.9,37.8,42.4,0.35,0.40,0.40
SPRA,2015-12-21 09:55:00 EST,42.87427,-74.50859,656,,,,75.6,,0.000,0.000,0.00,0.000,7.0,9.0,0.8,75,12,,,,0,0,7.0,9.0,0.8,75,12,111,29.41,,0,0,0,32.9,37.8,42.4,0.35,0.40,0.40
SPRA,2015-12-21 10:00:00 EST,42.87427,-74.50859,656,,,,75.7,,0.000,0.000,0.00,0.000,7.0,8.7,0.9,73,12,,,,0,0,7.0,8.7,0.9,73,12,123,29.42,,0,0,0,32.9,37.8,42.4,0.35,0.40,0.40
SPRA,2015-12-21 10:05:00 EST,42.87427,-74.50859,656,29.5,29.4,21.3,75.0,22.5,0.000,0.000,0.00,0.000,8.7,11.9,1.3,73,11,,,,0,0,8.7,11.9,1.3,73,11,130,29.42,,0,0,0,32.9,37.8,42.4,0.35,0.40,0.41
SPRA,2015-12-21 10:10:00 EST,42.87427,-74.50859,656,29.7,29.5,22.3,75.1,22.8,0.000,0.000,0.00,0.000,7.7,11.7,1.4,71,10,8.5,14.1,1.8,73,9,7.7,11.7,1.4,71,10,134,29.42,,0,0,0,32.9,37.8,42.4,0.35,0.40,0.41
SPRA,2015-12-21 10:15:00 EST,42.87427,-74.50859,656,29.9,29.7,21.9,74.2,22.7,0.000,0.000,0.00,0.000,8.7,11.9,1.6,70,9,9.3,13.2,1.7,72,9,8.7,11.9,1.6,70,9,142,29.42,,0,0,0,32.9,37.8,42.4,0.35,0.40,0.40
SPRA,2015-12-21 10:20:00 EST,42.87427,-74.50859,656,30.2,29.9,23.2,74.8,23.2,0.000,0.000,0.00,0.000,7.2,10.5,1.6,81,13,7.8,12.1,1.9,82,10,7.2,10.5,1.6,81,13,148,29.42,,0,0,0,33.0,37.8,42.4,0.35,0.40,0.40
SPRA,2015-12-21 10:25:00 EST,42.87427,-74.50859,656,30.4,30.1,23.6,74.4,23.2,0.000,0.000,0.00,0.000,6.9,9.8,1.8,64,10,7.5,11.2,1.8,65,9,6.9,9.8,1.8,64,10,147,29.42,,0,0,0,33.0,37.8,42.4,0.35,0.40,0.40
SPRA,2015-12-21 10:30:00 EST,42.87427,-74.50859,656,30.6,30.3,23.1,73.8,23.2,0.000,0.000,0.00,0.000,8.0,11.2,1.3,73,8,8.6,12.3,1.5,75,8,8.0,11.2,1.3,73,8,151,29.41,,0,0,0,33.0,37.8,42.4,0.35,0.40,0.40
SPRA,2015-12-21 10:35:00 EST,42.87427,-74.50859,656,30.7,30.4,23.3,73.8,23.3,0.000,0.000,0.00,0.000,7.9,11.5,1.4,73,10,8.7,13.2,1.7,75,9,7.9,11.5,1.4,73,10,157,29.41,,0,0,0,33.0,37.8,42.4,0.35,0.40,0.40
SPRA,2015-12-21 10:40:00 EST,42.87427,-74.50859,656,30.9,30.6,23.1,73.7,23.5,0.000,0.000,0.00,0.000,8.6,11.5,1.8,73,10,9.3,12.8,1.8,75,9,8.6,11.5,1.8,73,10,186,29.40,,0,0,0,33.0,37.8,42.4,0.35,0.40,0.40
SPRA,2015-12-21 10:45:00 EST,42.87427,-74.50859,656,31.3,30.9,24.8,73.8,23.9,0.000,0.000,0.00,0.000,6.7,10.5,1.3,67,11,7.2,11.6,1.4,68,11,6.7,10.5,1.3,67,11,225,29.40,,0,0,0,33.0,37.8,42.4,0.35,0.40,0.40
SPRA,2015-12-21 10:50:00 EST,42.87427,-74.50859,656,31.6,31.1,25.9,72.9,23.9,0.000,0.000,0.00,0.000,5.8,8.5,1.2,56,11,6.1,9.2,1.3,58,10,5.8,8.5,1.2,56,11,258,29.40,,0,0,0,33.0,37.8,42.4,0.35,0.40,0.40
SPRA,2015-12-21 10:55:00 EST,42.87427,-74.50859,656,32.0,31.5,26.6,72.4,24.1,0.000,0.000,0.00,0.000,5.5,9.1,1.6,63,11,5.9,9.4,1.7,64,11,5.5,9.1,1.6,63,11,253,29.39,,0,0,0,33.0,37.8,42.4,0.35,0.40,0.40
SPRA,2015-12-21 11:00:00 EST,42.87427,-74.50859,656,32.3,31.6,25.2,72.2,24.4,0.000,0.000,0.00,0.000,8.1,10.4,1.1,74,10,8.6,11.6,1.3,75,10,8.1,10.4,1.1,74,10,251,29.39,,0,0,0,33.1,37.8,42.4,0.35,0.40,0.41
SPRA,2015-12-21 11:05:00 EST,42.87427,-74.50859,656,32.6,31.9,27.6,71.8,24.5,0.000,0.000,0.00,0.000,5.2,7.6,1.5,72,13,5.8,9.6,1.7,73,12,5.2,7.6,1.5,72,13,261,29.39,,0,0,0,33.1,37.8,42.4,0.35,0.40,0.40
SPRA,2015-12-21 11:10:00 EST,42.87427,-74.50859,656,32.8,32.1,28.1,71.5,24.6,0.000,0.000,0.00,0.000,5.0,7.1,0.9,73,13,5.5,7.8,1.1,75,13,5.0,7.1,0.9,73,13,256,29.39,,0,0,0,33.1,37.8,42.4,0.35,0.40,0.40
SPRA,2015-12-21 11:15:00 EST,42.87427,-74.50859,656,33.3,32.5,29.1,71.5,25.1,0.000,0.000,0.00,0.000,4.4,6.9,1.4,75,14,4.9,7.6,1.5,77,13,4.4,6.9,1.4,75,14,245,29.39,,0,0,0,33.1,37.8,42.4,0.35,0.40,0.40
SPRA,2015-12-21 11:20:00 EST,42.87427,-74.50859,656,33.2,32.4,27.1,71.2,24.8,0.000,0.000,0.00,0.000,6.7,10.3,1.3,70,8,7.4,11.4,1.6,73,8,6.7,10.3,1.3,70,8,257,29.38,,0,0,0,33.1,37.8,42.4,0.35,0.40,0.40
SPRA,2015-12-21 11:25:00 EST,42.87427,-74.50859,656,33.4,32.6,28.4,71.1,25.0,0.000,0.000,0.00,0.000,5.3,8.9,1.2,76,13,5.7,9.6,1.4,77,13,5.3,8.9,1.2,76,13,259,29.37,,0,0,0,33.1,37.8,42.4,0.35,0.40,0.40
SPRA,2015-12-21 11:30:00 EST,42.87427,-74.50859,656,33.6,32.8,29.1,70.1,24.9,0.000,0.000,0.00,0.000,4.9,7.4,1.0,82,13,5.4,8.5,1.1,82,13,4.9,7.4,1.0,82,13,260,29.38,,0,0,0,33.1,37.8,42.4,0.35,0.40,0.40
SPRA,2015-12-21 11:35:00 EST,42.87427,-74.50859,656,33.8,33.0,29.4,69.8,25.0,0.000,0.000,0.00,0.000,4.8,6.8,0.8,60,13,5.2,7.4,0.9,63,12,4.8,6.8,0.8,60,13,248,29.38,,0,0,0,33.1,37.8,42.4,0.35,0.40,0.40
SPRA,2015-12-21 11:40:00 EST,42.87427,-74.50859,656,34.0,33.3,29.0,69.4,25.0,0.000,0.000,0.00,0.000,5.4,7.3,1.1,52,11,5.6,7.8,1.0,53,10,5.4,7.3,1.1,52,11,237,29.38,,0,0,0,33.1,37.7,42.4,0.35,0.40,0.40
SPRA,2015-12-21 11:45:00 EST,42.87427,-74.50859,656,34.0,33.4,27.9,68.8,24.9,0.000,0.000,0.00,0.000,7.2,9.6,0.9,59,8,7.5,10.3,1.0,60,8,7.2,9.6,0.9,59,8,207,29.38,,0,0,0,33.1,37.8,42.4,0.35,0.40,0.40
SPRA,2015-12-21 11:50:00 EST,42.87427,-74.50859,656,34.4,33.7,28.4,69.5,25.5,0.000,0.000,0.00,0.000,7.1,9.1,1.1,72,7,7.6,10.1,1.3,73,6,7.1,9.1,1.1,72,7,183,29.37,,0,0,0,33.1,37.8,42.4,0.35,0.40,0.40
SPRA,2015-12-21 11:55:00 EST,42.87427,-74.50859,656,34.5,33.8,28.7,68.6,25.2,0.000,0.000,0.00,0.000,6.7,8.8,1.3,73,8,7.3,9.6,1.4,75,8,6.7,8.8,1.3,73,8,150,29.36,,0,0,0,33.1,37.8,42.4,0.35,0.40,0.41
SPRA,2015-12-21 12:00:00 EST,42.87427,-74.50859,656,34.6,34.0,28.7,68.8,25.4,0.000,0.000,0.00,0.000,6.8,8.8,1.0,69,8,7.4,10.1,1.2,71,7,6.8,8.8,1.0,69,8,141,29.36,,0,0,0,33.1,37.7,42.4,0.35,0.40,0.40
SPRA,2015-12-21 12:05:00 EST,42.87427,-74.50859,656,34.8,34.3,29.5,68.6,25.5,0.000,0.000,0.00,0.000,6.0,9.9,1.5,74,10,6.7,11.2,1.7,76,8,6.0,9.9,1.5,74,10,145,29.35,,0,0,0,33.1,37.8,42.4,0.35,0.40,0.40
SPRA,2015-12-21 12:10:00 EST,42.87427,-74.50859,656,35.0,34.5,29.8,68.2,25.5,0.000,0.000,0.00,0.000,5.9,8.3,1.2,62,15,6.3,9.4,1.3,63,14,5.9,8.3,1.2,62,15,141,29.35,,0,0,0,33.1,37.8,42.4,0.35,0.40,0.40
SPRA,2015-12-21 12:15:00 EST,42.87427,-74.50859,656,34.9,34.5,28.9,66.8,24.9,0.000,0.000,0.00,0.000,7.1,9.6,0.8,50,10,7.3,9.8,0.9,51,8,7.1,9.6,0.8,50,10,117,29.35,,0,0,0,33.1,37.8,42.4,0.35,0.40,0.40
SPRA,2015-12-21 12:20:00 EST,42.87427,-74.50859,656,35.1,34.7,29.7,66.8,25.1,0.000,0.000,0.00,0.000,6.3,8.5,1.0,65,11,6.6,9.4,1.1,66,12,6.3,8.5,1.0,65,11,120,29.34,,0,0,0,33.1,37.7,42.4,0.36,0.40,0.41
SPRA,2015-12-21 12:25:00 EST,42.87427,-74.50859,656,35.1,34.8,28.9,66.4,25.1,0.000,0.000,0.00,0.000,7.6,9.9,1.2,58,8,7.9,11.2,1.3,59,8,7.6,9.9,1.2,58,8,110,29.34,,0,0,0,33.1,37.7,42.4,0.35,0.40,0.42
SPRA,2015-12-21 12:30:00 EST,42.87427,-74.50859,656,35.1,34.8,28.9,66.2,25.0,0.000,0.000,0.00,0.000,7.6,9.8,1.0,67,9,8.1,10.1,1.0,68,9,7.6,9.8,1.0,67,9,112,29.33,,0,0,0,33.1,37.8,42.4,0.35,0.40,0.42
SPRA,2015-12-21 12:35:00 EST,42.87427,-74.50859,656,35.4,35.1,31.1,67.5,25.8,0.000,0.000,0.00,0.000,5.1,9.4,1.8,71,15,5.5,9.6,1.8,71,12,5.1,9.4,1.8,71,15,139,29.33,,0,0,0,33.1,37.8,42.4,0.36,0.40,0.41
SPRA,2015-12-21 12:40:00 EST,42.87427,-74.50859,656,35.7,35.2,29.9,66.4,25.6,0.000,0.000,0.00,0.000,7.2,9.1,1.3,81,10,7.8,10.1,1.4,82,9,7.2,9.1,1.3,81,10,171,29.33,,0,0,0,33.1,37.8,42.4,0.36,0.40,0.41
SPRA,2015-12-21 12:45:00 EST,42.87427,-74.50859,656,36.0,35.5,30.6,65.9,25.7,0.000,0.000,0.00,0.000,6.5,9.5,1.0,75,11,7.2,10.3,1.1,76,11,6.5,9.5,1.0,75,11,182,29.33,,0,0,0,33.1,37.7,42.4,0.36,0.40,0.40
SPRA,2015-12-21 12:50:00 EST,42.87427,-74.50859,656,36.3,35.7,30.1,65.6,25.9,0.000,0.000,0.00,0.000,8.0,11.5,1.7,81,10,8.8,13.9,2.0,82,9,8.0,11.5,1.7,81,10,194,29.33,,0,0,0,33.1,37.7,42.4,0.36,0.40,0.42
SPRA,2015-12-21 12:55:00 EST,42.87427,-74.50859,656,36.5,35.9,30.0,64.6,25.7,0.000,0.000,0.00,0.000,8.6,12.3,1.5,78,9,9.4,13.4,1.7,80,8,8.6,12.3,1.5,78,9,232,29.32,,0,0,0,33.1,37.7,42.4,0.36,0.40,0.41
SPRA,2015-12-21 13:00:00 EST,42.87427,-74.50859,656,36.8,36.0,30.8,63.8,25.7,0.000,0.000,0.00,0.000,7.9,10.3,0.9,77,7,8.7,11.6,1.1,80,7,7.9,10.3,0.9,77,7,241,29.33,,0,0,0,33.1,37.8,42.4,0.36,0.40,0.41
SPRA,2015-12-21 13:05:00 EST,42.87427,-74.50859,656,37.2,36.4,31.4,63.5,25.9,0.000,0.000,0.00,0.000,7.6,11.3,1.4,80,7,8.3,12.3,1.7,82,7,7.6,11.3,1.4,80,7,249,29.33,,0,0,0,33.1,37.7,42.4,0.36,0.40,0.41
SPRA,2015-12-21 13:10:00 EST,42.87427,-74.50859,656,37.5,36.7,31.9,62.9,26.0,0.000,0.000,0.00,0.000,7.3,9.7,1.1,78,8,7.9,11.0,1.4,81,8,7.3,9.7,1.1,78,8,213,29.33,,0,0,0,33.1,37.8,42.4,0.36,0.40,0.40
SPRA,2015-12-21 13:15:00 EST,42.87427,-74.50859,656,37.5,36.9,32.8,63.0,26.0,0.000,0.000,0.00,0.000,6.0,8.3,0.9,70,7,6.7,9.4,1.0,71,7,6.0,8.3,0.9,70,7,189,29.32,,0,0,0,33.1,37.8,42.4,0.36,0.40,0.40
SPRA,2015-12-21 13:20:00 EST,42.87427,-74.50859,656,37.8,37.2,33.5,62.8,26.2,0.000,0.000,0.00,0.000,5.5,7.5,1.1,75,7,6.1,8.5,1.2,77,6,5.5,7.5,1.1,75,7,169,29.32,,0,0,0,33.1,37.7,42.4,0.36,0.40,0.40
SPRA,2015-12-21 13:25:00 EST,42.87427,-74.50859,656,37.8,37.4,34.2,62.7,26.2,0.000,0.000,0.00,0.000,4.6,6.9,0.9,69,8,5.1,7.6,1.0,70,8,4.6,6.9,0.9,69,8,134,29.33,,0,0,0,33.1,37.7,42.4,0.36,0.40,0.40
SPRA,2015-12-21 13:30:00 EST,42.87427,-74.50859,656,37.9,37.5,33.8,63.1,26.5,0.000,0.000,0.00,0.000,5.3,7.5,0.9,69,11,5.8,8.3,1.0,70,11,5.3,7.5,0.9,69,11,127,29.32,,0,0,0,33.1,37.7,42.4,0.36,0.40,0.40
SPRA,2015-12-21 13:35:00 EST,42.87427,-74.50859,656,38.0,37.6,34.2,63.9,26.9,0.000,0.000,0.00,0.000,4.9,6.6,0.7,78,8,5.5,7.2,0.8,79,8,4.9,6.6,0.7,78,8,131,29.32,,0,0,0,33.1,37.7,42.4,0.36,0.40,0.41
SPRA,2015-12-21 13:40:00 EST,42.87427,-74.50859,656,38.0,37.6,34.1,63.0,26.5,0.000,0.000,0.00,0.000,5.0,8.2,1.2,84,14,5.5,9.2,1.4,85,15,5.0,8.2,1.2,84,14,119,29.32,,0,0,0,33.1,37.7,42.4,0.36,0.40,0.40
SPRA,2015-12-21 13:45:00 EST,42.87427,-74.50859,656,38.0,37.6,34.1,62.9,26.5,0.000,0.000,0.00,0.000,5.0,8.0,1.1,90,15,5.6,8.7,1.2,91,13,5.0,8.0,1.1,90,15,101,29.32,,0,0,0,33.1,37.7,42.4,0.36,0.40,0.40
SPRA,2015-12-21 13:50:00 EST,42.87427,-74.50859,656,37.9,37.7,34.4,62.0,26.1,0.000,0.000,0.00,0.000,4.5,6.6,1.4,82,10,5.1,7.8,1.5,83,10,4.5,6.6,1.4,82,10,94,29.32,,0,0,0,33.1,37.7,42.4,0.36,0.40,0.40
SPRA,2015-12-21 13:55:00 EST,42.87427,-74.50859,656,38.1,37.8,34.9,62.6,26.4,0.000,0.000,0.00,0.000,4.2,6.6,1.1,90,12,4.7,7.4,1.2,91,12,4.2,6.6,1.1,90,12,96,29.31,,0,0,0,33.1,37.7,42.4,0.36,0.40,0.40
SPRA,2015-12-21 14:00:00 EST,42.87427,-74.50859,656,38.1,38.0,35.1,61.8,26.2,0.000,0.000,0.00,0.000,4.1,6.4,1.1,97,17,4.4,7.4,1.3,99,18,4.1,6.4,1.1,97,17,89,29.31,,0,0,0,33.1,37.7,42.4,0.36,0.40,0.40
SPRA,2015-12-21 14:05:00 EST,42.87427,-74.50859,656,38.1,38.0,35.3,61.9,26.2,0.000,0.000,0.00,0.000,3.9,7.5,1.7,97,23,4.3,8.3,1.8,99,22,3.9,7.5,1.7,97,23,56,29.31,,0,0,0,33.1,37.7,42.4,0.36,0.40,0.41
SPRA,2015-12-21 14:10:00 EST,42.87427,-74.50859,656,38.1,38.0,34.3,62.1,26.2,0.000,0.000,0.00,0.000,4.9,7.6,1.3,98,11,5.4,8.5,1.5,99,10,4.9,7.6,1.3,98,11,47,29.31,,0,0,0,33.1,37.7,42.4,0.36,0.40,0.41
SPRA,2015-12-21 14:15:00 EST,42.87427,-74.50859,656,38.0,38.0,34.4,62.5,26.4,0.000,0.000,0.00,0.000,4.7,7.0,1.0,88,10,5.1,7.8,1.2,89,9,4.7,7.0,1.0,88,10,48,29.31,,0,0,0,33.1,37.7,42.4,0.36,0.40,0.41
SPRA,2015-12-21 14:20:00 EST,42.87427,-74.50859,656,38.1,38.1,33.4,62.0,26.2,0.000,0.000,0.00,0.000,6.2,8.1,1.2,95,8,6.7,9.4,1.3,96,7,6.2,8.1,1.2,95,8,64,29.30,,0,0,0,33.1,37.7,42.4,0.36,0.40,0.41
SPRA,2015-12-21 14:25:00 EST,42.87427,-74.50859,656,38.4,38.3,34.4,62.6,26.8,0.000,0.000,0.00,0.000,5.2,8.3,1.4,100,13,5.4,9.4,1.6,102,13,5.2,8.3,1.4,100,13,92,29.30,,0,0,0,33.1,37.7,42.3,0.36,0.40,0.41
SPRA,2015-12-21 14:30:00 EST,42.87427,-74.50859,656,38.7,38.5,33.8,61.6,26.6,0.000,0.000,0.00,0.000,6.6,9.6,0.9,105,10,7.1,11.0,1.1,107,10,6.6,9.6,0.9,105,10,83,29.30,,0,0,0,33.1,37.7,42.3,0.36,0.40,0.41
SPRA,2015-12-21 14:35:00 EST,42.87427,-74.50859,656,38.8,38.8,34.3,61.7,26.7,0.000,0.000,0.00,0.000,5.9,8.6,1.1,108,9,6.2,9.6,1.3,109,10,5.9,8.6,1.1,108,9,51,29.29,,0,0,0,33.1,37.7,42.3,0.36,0.40,0.41
SPRA,2015-12-21 14:40:00 EST,42.87427,-74.50859,656,38.9,39.4,34.7,60.9,26.6,0.000,0.000,0.00,0.000,5.8,7.8,0.9,106,8,6.1,8.5,1.1,109,9,5.8,7.8,0.9,106,8,38,29.29,,0,0,0,33.1,37.7,42.3,0.36,0.40,0.41
SPRA,2015-12-21 14:45:00 EST,42.87427,-74.50859,656,38.9,39.3,35.5,62.5,27.2,0.000,0.000,0.00,0.000,4.6,6.4,1.0,106,11,4.9,7.2,1.1,108,12,4.6,6.4,1.0,106,11,32,29.29,,0,0,0,33.1,37.7,42.4,0.36,0.40,0.41
SPRA,2015-12-21 14:50:00 EST,42.87427,-74.50859,656,38.8,39.5,34.5,63.4,27.5,0.000,0.000,0.00,0.000,5.8,7.3,0.8,100,11,6.1,7.8,0.9,102,12,5.8,7.3,0.8,100,11,25,29.29,,0,0,0,33.1,37.7,42.3,0.36,0.40,0.41
SPRA,2015-12-21 14:55:00 EST,42.87427,-74.50859,656,39.1,41.1,36.7,63.0,27.6,0.000,0.000,0.00,0.000,3.6,6.3,1.4,103,27,4.0,6.7,1.4,106,30,3.6,6.3,1.4,103,27,25,29.29,,0,0,0,33.1,37.7,42.3,0.36,0.40,0.41
SPRA,2015-12-21 15:00:00 EST,42.87427,-74.50859,656,39.3,41.4,39.3,62.5,27.5,0.000,0.000,0.00,0.000,1.9,3.9,0.7,48,40,2.1,5.1,0.7,51,40,1.9,3.9,0.7,48,40,21,29.28,,0,0,0,33.1,37.7,42.3,0.36,0.40,0.41
SPRA,2015-12-21 15:05:00 EST,42.87427,-74.50859,656,38.7,39.8,38.7,65.2,28.0,0.000,0.000,0.00,0.000,2.5,4.2,0.9,356,21,2.8,4.7,1.1,358,24,2.5,4.2,0.9,356,21,20,29.28,,0,0,0,33.1,37.7,42.3,0.36,0.40,0.41
SPRA,2015-12-21 15:10:00 EST,42.87427,-74.50859,656,39.0,40.7,39.0,65.1,28.3,0.000,0.000,0.00,0.000,2.7,4.2,0.7,49,11,2.8,4.5,0.7,50,11,2.7,4.2,0.7,49,11,15,29.27,,0,0,0,33.1,37.7,42.3,0.36,0.40,0.41
SPRA,2015-12-21 15:15:00 EST,42.87427,-74.50859,656,39.2,42.2,39.2,65.6,28.6,0.000,0.000,0.00,0.000,1.4,3.9,1.2,22,50,1.8,4.3,1.0,43,67,1.4,3.9,1.2,22,50,14,29.27,,0,0,0,33.1,37.6,42.3,0.36,0.40,0.41
SPRA,2015-12-21 15:20:00 EST,42.87427,-74.50859,656,38.8,39.6,38.8,66.8,28.8,0.000,0.000,0.00,0.000,2.1,3.9,0.7,220,20,2.2,4.3,0.6,220,21,2.1,3.9,0.7,220,20,12,29.28,,0,0,0,33.1,37.7,42.3,0.36,0.40,0.40
SPRA,2015-12-21 15:25:00 EST,42.87427,-74.50859,656,39.1,40.4,39.1,67.2,29.1,0.000,0.000,0.00,0.000,2.0,4.0,1.2,90,42,2.3,4.7,1.0,98,46,2.0,4.0,1.2,90,42,10,29.27,,0,0,0,33.1,37.7,42.3,0.36,0.40,0.40
SPRA,2015-12-21 15:30:00 EST,42.87427,-74.50859,656,39.5,42.8,37.1,67.3,29.6,0.000,0.000,0.00,0.000,3.6,5.0,1.0,90,17,3.9,6.0,1.1,92,19,3.6,5.0,1.0,90,17,9,29.26,,0,0,0,33.1,37.7,42.3,0.36,0.40,0.40
SPRA,2015-12-21 15:35:00 EST,42.87427,-74.50859,656,40.3,46.4,40.3,66.9,30.1,0.000,0.000,0.00,0.000,2.7,4.8,1.0,118,17,2.9,5.4,1.0,121,19,2.7,4.8,1.0,118,17,9,29.25,,0,0,0,33.1,37.6,42.3,0.36,0.40,0.40
SPRA,2015-12-21 15:40:00 EST,42.87427,-74.50859,656,39.7,43.6,37.1,68.7,30.3,0.000,0.000,0.00,0.000,3.9,6.3,1.2,107,7,4.2,6.9,1.3,109,8,3.9,6.3,1.2,107,7,7,29.25,,0,0,0,33.2,37.6,42.3,0.36,0.40,0.40
SPRA,2015-12-21 15:45:00 EST,42.87427,-74.50859,656,39.0,42.1,35.4,69.0,29.7,0.000,0.000,0.00,0.000,5.0,6.8,0.9,104,8,5.4,7.4,1.0,106,8,5.0,6.8,0.9,104,8,6,29.25,,0,0,0,33.2,37.6,42.3,0.36,0.40,0.40
SPRA,2015-12-21 15:50:00 EST,42.87427,-74.50859,656,39.1,43.9,35.5,69.4,30.0,0.000,0.000,0.00,0.000,4.9,7.0,0.6,110,11,5.2,8.1,0.7,112,11,4.9,7.0,0.6,110,11,5,29.24,,0,0,0,33.2,37.6,42.3,0.36,0.40,0.40
SPRA,2015-12-21 15:55:00 EST,42.87427,-74.50859,656,39.8,45.7,35.8,67.5,29.9,0.000,0.000,0.00,0.000,5.6,7.7,0.8,112,8,5.9,8.7,0.9,115,9,5.6,7.7,0.8,112,8,5,29.23,,0,0,0,33.3,37.6,42.3,0.36,0.40,0.41
SPRA,2015-12-21 16:00:00 EST,42.87427,-74.50859,656,40.3,43.7,35.2,63.5,28.9,0.000,0.000,0.00,0.000,7.4,10.5,1.4,111,11,7.8,11.9,1.6,113,10,7.4,10.5,1.4,111,11,3,29.23,,0,0,0,33.2,37.6,42.3,0.36,0.40,0.40
SPRA,2015-12-21 16:05:00 EST,42.87427,-74.50859,656,40.8,44.9,36.4,63.0,29.2,0.000,0.000,0.00,0.000,6.6,8.9,1.6,104,16,6.9,10.1,1.8,106,16,6.6,8.9,1.6,104,16,3,29.23,,0,0,0,33.2,37.6,42.3,0.36,0.40,0.40
SPRA,2015-12-21 16:10:00 EST,42.87427,-74.50859,656,39.8,41.0,34.5,63.7,28.5,0.000,0.000,0.00,0.000,7.7,10.9,0.9,86,7,8.3,12.3,1.1,88,6,7.7,10.9,0.9,86,7,3,29.22,,0,0,0,33.3,37.6,42.3,0.36,0.40,0.40
SPRA,2015-12-21 16:15:00 EST,42.87427,-74.50859,656,39.1,39.5,34.5,65.6,28.6,0.000,0.000,0.00,0.000,6.3,8.9,1.2,85,8,6.7,9.8,1.3,87,7,6.3,8.9,1.2,85,8,2,29.23,,0,0,0,33.2,37.6,42.3,0.36,0.40,0.40
SPRA,2015-12-21 16:20:00 EST,42.87427,-74.50859,656,38.5,38.6,33.9,65.7,28.0,0.000,0.000,0.00,0.000,6.0,8.8,1.4,84,11,6.6,10.5,1.7,86,10,6.0,8.8,1.4,84,11,1,29.24,,0,0,0,33.3,37.6,42.3,0.36,0.40,0.41
SPRA,2015-12-21 16:25:00 EST,42.87427,-74.50859,656,38.6,38.7,36.3,66.8,28.5,0.000,0.000,0.00,0.000,3.4,5.8,1.2,98,15,3.8,6.9,1.3,99,16,3.4,5.8,1.2,98,15,0,29.24,,0,0,0,33.2,37.6,42.3,0.36,0.40,0.41
SPRA,2015-12-21 16:30:00 EST,42.87427,-74.50859,656,38.3,38.5,34.0,67.7,28.6,0.000,0.000,0.00,0.000,5.7,7.2,0.8,93,10,6.0,8.1,1.0,95,10,5.7,7.2,0.8,93,10,0,29.24,,0,0,0,33.2,37.6,42.3,0.36,0.40,0.41
SPRA,2015-12-21 16:35:00 EST,42.87427,-74.50859,656,38.3,38.4,32.6,67.7,28.5,0.000,0.000,0.00,0.000,7.7,10.4,1.4,90,8,8.4,12.8,1.7,92,7,7.7,10.4,1.4,90,8,0,29.24,,0,0,0,33.3,37.6,42.3,0.36,0.40,0.41
SPRA,2015-12-21 16:40:00 EST,42.87427,-74.50859,656,38.2,38.4,33.1,67.7,28.5,0.000,0.000,0.00,0.000,6.8,8.5,0.9,73,14,7.2,9.4,1.0,74,14,6.8,8.5,0.9,73,14,0,29.24,,0,0,0,33.2,37.6,42.3,0.36,0.40,0.41
SPRA,2015-12-21 16:45:00 EST,42.87427,-74.50859,656,38.2,38.6,34.4,68.4,28.7,0.000,0.000,0.00,0.000,4.9,7.7,0.9,83,14,5.4,8.9,1.0,85,14,4.9,7.7,0.9,83,14,0,29.24,,0,0,0,33.3,37.6,42.3,0.36,0.40,0.41
SPRA,2015-12-21 16:50:00 EST,42.87427,-74.50859,656,38.7,39.7,34.2,69.3,29.5,0.000,0.000,0.00,0.000,6.1,12.0,3.9,95,38,6.6,12.8,4.0,98,39,6.1,12.0,3.9,95,38,0,29.24,,0,0,0,33.3,37.6,42.2,0.36,0.40,0.41
SPRA,2015-12-21 16:55:00 EST,42.87427,-74.50859,656,38.6,39.2,32.4,68.3,29.1,0.000,0.000,0.00,0.000,8.9,12.4,1.8,359,23,9.5,13.2,2.1,1,22,8.9,12.4,1.8,359,23,0,29.25,,0,0,0,33.3,37.6,42.3,0.36,0.40,0.41
SPRA,2015-12-21 17:00:00 EST,42.87427,-74.50859,656,38.6,39.2,35.2,69.1,29.4,0.003,0.003,0.00,0.003,4.6,7.3,1.3,36,37,4.9,8.5,1.4,36,36,4.6,7.3,1.3,36,37,0,29.25,,0,0,0,33.3,37.6,42.3,0.36,0.40,0.41
SPRA,2015-12-21 17:05:00 EST,42.87427,-74.50859,656,38.4,38.8,33.9,71.5,30.0,0.000,0.003,0.00,0.003,6.0,9.6,1.8,16,20,6.4,10.3,1.9,17,19,6.0,9.6,1.8,16,20,0,29.26,,0,0,0,33.3,37.6,42.2,0.36,0.40,0.40
SPRA,2015-12-21 17:10:00 EST,42.87427,-74.50859,656,38.0,38.5,33.7,74.2,30.5,0.000,0.003,0.00,0.003,5.5,8.7,2.4,44,14,5.8,9.2,2.5,44,13,5.5,8.7,2.4,44,14,0,29.26,,0,0,0,33.3,37.6,42.3,0.36,0.40,0.40
SPRA,2015-12-21 17:15:00 EST,42.87427,-74.50859,656,37.9,38.2,34.2,74.5,30.5,0.000,0.003,0.00,0.003,4.7,8.9,1.8,54,11,4.9,9.2,1.9,55,11,4.7,8.9,1.8,54,11,0,29.27,,0,0,0,33.3,37.6,42.2,0.36,0.40,0.41
SPRA,2015-12-21 17:20:00 EST,42.87427,-74.50859,656,37.7,38.0,34.1,75.4,30.6,0.002,0.005,0.00,0.005,4.6,6.4,1.1,65,8,4.9,7.4,1.2,67,8,4.6,6.4,1.1,65,8,0,29.27,,0,0,0,33.3,37.6,42.2,0.36,0.40,0.41
SPRA,2015-12-21 17:25:00 EST,42.87427,-74.50859,656,37.6,38.0,34.4,76.8,31.0,0.000,0.005,0.00,0.005,4.1,5.9,0.8,68,18,4.5,6.5,0.9,69,18,4.1,5.9,0.8,68,18,0,29.27,,0,0,0,33.3,37.6,42.3,0.36,0.40,0.41
SPRA,2015-12-21 17:30:00 EST,42.87427,-74.50859,656,37.3,37.6,34.4,78.4,31.2,0.001,0.005,0.00,0.005,3.8,6.9,1.7,86,16,4.3,8.7,1.8,88,18,3.8,6.9,1.7,86,16,0,29.27,,0,0,0,33.3,37.6,42.3,0.36,0.40,0.40
SPRA,2015-12-21 17:35:00 EST,42.87427,-74.50859,656,37.4,37.8,33.4,78.8,31.5,0.000,0.005,0.00,0.005,5.1,7.1,1.0,77,12,5.5,8.3,1.1,79,11,5.1,7.1,1.0,77,12,0,29.27,,0,0,0,33.3,37.6,42.2,0.36,0.40,0.40
SPRA,2015-12-21 17:40:00 EST,42.87427,-74.50859,656,37.3,37.7,33.2,79.9,31.7,0.000,0.005,0.00,0.005,5.2,8.6,1.0,93,10,5.6,9.6,1.1,94,9,5.2,8.6,1.0,93,10,0,29.27,,0,0,0,33.3,37.6,42.3,0.36,0.40,0.40
SPRA,2015-12-21 17:45:00 EST,42.87427,-74.50859,656,37.6,37.9,31.6,79.1,31.7,0.000,0.005,0.00,0.005,8.1,10.5,1.0,96,9,8.6,12.1,1.3,97,8,8.1,10.5,1.0,96,9,0,29.27,,0,0,0,33.3,37.6,42.3,0.36,0.40,0.40
SPRA,2015-12-21 17:50:00 EST,42.87427,-74.50859,656,37.6,37.8,31.8,79.1,31.7,0.000,0.005,0.00,0.005,7.7,10.9,1.6,98,10,8.3,12.3,1.8,100,9,7.7,10.9,1.6,98,10,0,29.27,,0,0,0,33.3,37.6,42.3,0.36,0.40,0.40
SPRA,2015-12-21 17:55:00 EST,42.87427,-74.50859,656,37.7,37.9,32.4,79.0,31.8,0.000,0.005,0.00,0.005,6.8,9.3,1.1,101,11,7.4,11.0,1.5,102,10,6.8,9.3,1.1,101,11,0,29.27,,0,0,0,33.3,37.6,42.3,0.36,0.40,0.40
SPRA,2015-12-21 18:00:00 EST,42.87427,-74.50859,656,37.7,37.9,33.2,78.9,31.7,0.000,0.005,0.00,0.003,5.8,9.4,1.4,110,13,6.3,11.0,1.7,111,13,5.8,9.4,1.4,110,13,0,29.27,,0,0,0,33.3,37.6,42.3,0.36,0.40,0.40
SPRA,2015-12-21 18:05:00 EST,42.87427,-74.50859,656,38.0,38.3,32.9,78.3,31.8,0.000,0.005,0.00,0.003,6.6,9.3,1.4,121,11,7.0,10.3,1.5,123,9,6.6,9.3,1.4,121,11,0,29.26,,0,0,0,33.3,37.6,42.2,0.36,0.40,0.40
SPRA,2015-12-21 18:10:00 EST,42.87427,-74.50859,656,38.2,38.6,33.2,77.3,31.8,0.000,0.005,0.00,0.003,6.7,9.6,1.2,119,13,7.1,9.8,1.3,120,11,6.7,9.6,1.2,119,13,0,29.26,,0,0,0,33.4,37.6,42.2,0.36,0.40,0.40
SPRA,2015-12-21 18:15:00 EST,42.87427,-74.50859,656,38.3,38.6,33.4,77.2,31.8,0.000,0.005,0.00,0.003,6.5,10.9,1.2,128,9,6.7,12.1,1.2,128,8,6.5,10.9,1.2,128,9,0,29.26,,0,0,0,33.4,37.6,42.2,0.36,0.40,0.40
SPRA,2015-12-21 18:20:00 EST,42.87427,-74.50859,656,38.4,38.7,34.7,77.8,32.1,0.000,0.005,0.00,0.001,4.8,7.5,1.4,157,17,5.4,7.6,1.5,158,17,4.8,7.5,1.4,157,17,0,29.26,,0,0,0,33.4,37.6,42.2,0.36,0.40,0.40
SPRA,2015-12-21 18:25:00 EST,42.87427,-74.50859,656,38.3,38.5,36.1,78.7,32.3,0.000,0.005,0.00,0.001,3.3,6.1,1.1,159,16,3.6,6.7,1.3,160,15,3.3,6.1,1.1,159,16,0,29.26,,0,0,0,33.4,37.6,42.2,0.36,0.40,0.40
SPRA,2015-12-21 18:30:00 EST,42.87427,-74.50859,656,38.3,38.5,36.4,79.3,32.4,0.000,0.005,0.00,0.000,3.0,5.6,1.2,157,21,3.2,6.3,1.2,158,20,3.0,5.6,1.2,157,21,0,29.27,,0,0,0,33.4,37.6,42.2,0.36,0.40,0.40
SPRA,2015-12-21 18:35:00 EST,42.87427,-74.50859,656,38.3,38.6,38.3,79.5,32.5,0.000,0.005,0.00,0.000,1.3,4.7,1.6,147,12,1.6,4.7,1.3,147,29,1.3,4.7,1.6,147,12,0,29.27,,0,0,0,33.4,37.6,42.2,0.36,0.40,0.41
SPRA,2015-12-21 18:40:00 EST,42.87427,-74.50859,656,38.5,38.9,38.5,79.0,32.6,0.000,0.005,0.00,0.000,0.5,1.8,0.6,94,39,1.1,2.2,0.5,108,50,0.5,1.8,0.6,94,39,0,29.27,,0,0,0,33.4,37.6,42.2,0.36,0.40,0.41
SPRA,2015-12-21 18:45:00 EST,42.87427,-74.50859,656,38.2,38.7,38.2,81.3,33.0,0.002,0.008,0.00,0.002,1.5,3.6,0.8,62,51,1.9,3.8,0.7,46,55,1.5,3.6,0.8,62,51,0,29.28,,0,0,0,33.4,37.6,42.2,0.36,0.40,0.41
SPRA,2015-12-21 18:50:00 EST,42.87427,-74.50859,656,37.9,38.4,35.9,82.7,33.1,0.006,0.014,0.00,0.009,3.1,4.3,0.6,25,19,3.2,4.5,0.6,25,19,3.1,4.3,0.6,25,19,0,29.28,,0,0,0,33.4,37.6,42.2,0.36,0.40,0.41
SPRA,2015-12-21 18:55:00 EST,42.87427,-74.50859,656,37.4,37.9,35.3,85.0,33.3,0.003,0.017,0.00,0.011,3.1,4.3,0.7,17,10,3.2,4.7,0.7,18,12,3.1,4.3,0.7,17,10,0,29.29,,0,0,0,33.4,37.6,42.2,0.36,0.40,0.40
SPRA,2015-12-21 19:00:00 EST,42.87427,-74.50859,656,37.3,37.7,37.3,86.2,33.6,0.002,0.019,0.00,0.013,2.4,3.4,0.6,17,21,2.6,3.8,0.6,18,22,2.4,3.4,0.6,17,21,0,29.29,,0,0,0,33.5,37.6,42.2,0.36,0.40,0.40
SPRA,2015-12-21 19:05:00 EST,42.87427,-74.50859,656,37.1,37.5,37.1,87.5,33.8,0.001,0.020,0.00,0.014,0.2,1.3,0.4,114,16,0.8,1.3,0.4,115,31,0.2,1.3,0.4,114,16,0,29.29,,0,0,0,33.5,37.6,42.2,0.36,0.40,0.40
SPRA,2015-12-21 19:10:00 EST,42.87427,-74.50859,656,37.3,37.7,37.3,87.7,34.0,0.000,0.020,0.00,0.014,1.4,3.8,1.4,167,10,1.8,4.5,1.4,167,25,1.4,3.8,1.4,167,10,0,29.29,,0,0,0,33.5,37.6,42.2,0.36,0.40,0.40
SPRA,2015-12-21 19:15:00 EST,42.87427,-74.50859,656,37.5,38.7,37.5,89.7,34.7,0.000,0.020,0.00,0.014,2.2,3.7,0.6,163,13,2.4,4.3,0.7,165,16,2.2,3.7,0.6,163,13,0,29.29,,0,0,0,33.5,37.6,42.2,0.36,0.40,0.40
SPRA,2015-12-21 19:20:00 EST,42.87427,-74.50859,656,38.3,41.9,36.5,90.6,35.8,0.000,0.020,0.00,0.014,3.0,4.7,0.9,193,20,3.3,5.6,0.9,195,19,3.0,4.7,0.9,193,20,0,29.28,,0,0,0,33.5,37.6,42.2,0.36,0.40,0.40
SPRA,2015-12-21 19:25:00 EST,42.87427,-74.50859,656,42.7,45.0,39.6,77.3,36.1,0.000,0.020,0.00,0.014,5.1,9.8,1.6,227,20,5.6,10.3,1.6,229,20,5.1,9.8,1.6,227,20,0,29.28,,0,0,0,33.6,37.6,42.2,0.36,0.40,0.40
SPRA,2015-12-21 19:30:00 EST,42.87427,-74.50859,656,42.8,45.6,39.9,74.0,35.1,0.000,0.020,0.00,0.014,4.8,5.8,0.6,221,11,5.1,6.5,0.7,221,10,4.8,5.8,0.6,221,11,0,29.28,,0,0,0,33.6,37.6,42.2,0.36,0.40,0.40
SPRA,2015-12-21 19:35:00 EST,42.87427,-74.50859,656,43.9,46.3,40.9,72.6,35.7,0.000,0.020,0.00,0.014,5.3,6.5,0.6,228,9,5.8,7.8,0.7,227,9,5.3,6.5,0.6,228,9,0,29.28,,0,0,0,33.6,37.6,42.2,0.36,0.40,0.40
SPRA,2015-12-21 19:40:00 EST,42.87427,-74.50859,656,43.3,45.8,40.3,75.0,35.9,0.000,0.020,0.00,0.014,5.1,6.5,0.6,223,7,5.5,7.2,0.7,222,7,5.1,6.5,0.6,223,7,0,29.28,,0,0,0,33.6,37.6,42.1,0.36,0.40,0.40
SPRA,2015-12-21 19:45:00 EST,42.87427,-74.50859,656,43.8,47.0,39.9,75.1,36.5,0.000,0.020,0.00,0.012,6.7,8.0,0.8,215,7,7.1,8.5,0.8,216,5,6.7,8.0,0.8,215,7,0,29.28,,0,0,0,33.6,37.6,42.1,0.36,0.40,0.41
SPRA,2015-12-21 19:50:00 EST,42.87427,-74.50859,656,45.1,47.5,40.9,69.7,35.8,0.000,0.020,0.00,0.006,7.8,12.3,1.3,220,7,8.3,13.2,1.4,219,5,7.8,12.3,1.3,220,7,0,29.28,,0,0,0,33.6,37.6,42.1,0.36,0.40,0.40
SPRA,2015-12-21 19:55:00 EST,42.87427,-74.50859,656,45.9,47.6,41.7,66.9,35.6,0.000,0.020,0.00,0.003,8.3,11.2,1.3,213,9,8.7,12.1,1.4,213,9,8.3,11.2,1.3,213,9,0,29.28,,0,0,0,33.6,37.6,42.1,0.36,0.40,0.40
SPRA,2015-12-21 20:00:00 EST,42.87427,-74.50859,656,45.7,47.5,41.4,67.3,35.5,0.000,0.020,0.00,0.001,8.3,10.2,0.7,214,9,8.7,11.0,0.8,213,8,8.3,10.2,0.7,214,9,0,29.28,,0,0,0,33.6,37.5,42.1,0.36,0.40,0.40
SPRA,2015-12-21 20:05:00 EST,42.87427,-74.50859,656,45.0,47.3,40.6,70.1,35.9,0.000,0.020,0.00,0.000,8.2,10.4,1.1,202,7,8.6,11.0,1.2,203,6,8.2,10.4,1.1,202,7,0,29.27,,0,0,0,33.7,37.6,42.1,0.36,0.40,0.40
SPRA,2015-12-21 20:10:00 EST,42.87427,-74.50859,656,45.6,47.4,41.2,68.7,35.9,0.000,0.020,0.00,0.000,8.4,10.4,0.8,213,9,8.8,12.1,0.8,212,8,8.4,10.4,0.8,213,9,0,29.27,,0,0,0,33.8,37.6,42.1,0.36,0.40,0.40
SPRA,2015-12-21 20:15:00 EST,42.87427,-74.50859,656,46.1,48.0,41.9,66.8,35.7,0.000,0.020,0.00,0.000,8.2,11.1,1.2,200,8,8.7,11.6,1.2,201,8,8.2,11.1,1.2,200,8,0,29.27,,0,0,0,33.8,37.6,42.1,0.36,0.40,0.40
SPRA,2015-12-21 20:20:00 EST,42.87427,-74.50859,656,46.5,48.2,41.4,65.4,35.5,0.000,0.020,0.00,0.000,10.9,16.4,1.9,201,8,11.4,17.2,2.0,201,7,10.9,16.4,1.9,201,8,0,29.27,,0,0,0,33.8,37.6,42.1,0.36,0.40,0.40
SPRA,2015-12-21 20:25:00 EST,42.87427,-74.50859,656,47.6,48.7,42.4,60.8,34.7,0.000,0.020,0.00,0.000,11.9,18.2,2.1,197,9,12.3,17.4,2.1,197,8,11.9,18.2,2.1,197,9,0,29.27,,0,0,0,33.8,37.6,42.1,0.36,0.40,0.40
SPRA,2015-12-21 20:30:00 EST,42.87427,-74.50859,656,46.9,48.1,42.6,62.5,34.8,0.000,0.020,0.00,0.000,9.0,12.3,1.2,214,8,9.3,12.8,1.2,214,7,9.0,12.3,1.2,214,8,0,29.27,,0,0,0,33.9,37.6,42.1,0.36,0.40,0.40
SPRA,2015-12-21 20:35:00 EST,42.87427,-74.50859,656,47.0,48.4,42.6,63.0,35.0,0.000,0.020,0.00,0.000,9.1,11.9,1.2,214,8,9.5,13.0,1.4,214,7,9.1,11.9,1.2,214,8,0,29.27,,0,0,0,34.0,37.6,42.1,0.36,0.40,0.40
SPRA,2015-12-21 20:40:00 EST,42.87427,-74.50859,656,47.3,48.6,42.7,61.0,34.5,0.000,0.020,0.00,0.000,10.0,13.6,1.4,221,7,10.5,15.2,1.4,219,5,10.0,13.6,1.4,221,7,0,29.27,,0,0,0,34.0,37.6,42.1,0.36,0.40,0.40
SPRA,2015-12-21 20:45:00 EST,42.87427,-74.50859,656,47.6,48.8,43.4,59.4,34.1,0.000,0.020,0.00,0.000,9.1,11.0,0.9,223,8,9.6,12.1,1.0,221,6,9.1,11.0,0.9,223,8,0,29.27,,0,0,0,34.0,37.6,42.1,0.36,0.40,0.40
SPRA,2015-12-21 20:50:00 EST,42.87427,-74.50859,656,47.7,49.0,42.9,58.9,34.1,0.000,0.020,0.00,0.000,11.0,20.3,3.3,227,7,11.4,20.8,3.3,225,7,11.0,20.3,3.3,227,7,0,29.27,,0,0,0,34.0,37.6,42.1,0.36,0.40,0.40
SPRA,2015-12-21 20:55:00 EST,42.87427,-74.50859,656,48.2,49.5,42.9,56.6,33.5,0.000,0.020,0.00,0.000,13.1,16.4,1.2,221,8,13.4,17.2,1.3,220,7,13.1,16.4,1.2,221,8,0,29.27,,0,0,0,34.0,37.6,42.1,0.36,0.40,0.40
SPRA,2015-12-21 21:00:00 EST,42.87427,-74.50859,656,48.3,49.4,42.8,55.4,33.1,0.000,0.020,0.00,0.000,13.9,18.9,1.8,223,8,14.3,19.2,1.8,222,7,13.9,18.9,1.8,223,8,0,29.27,,0,0,0,34.0,37.6,42.1,0.36,0.40,0.40
SPRA,2015-12-21 21:05:00 EST,42.87427,-74.50859,656,48.7,49.6,42.5,54.7,33.1,0.000,0.020,0.00,0.000,17.0,24.6,3.9,222,10,17.6,27.3,4.1,221,9,17.0,24.6,3.9,222,10,0,29.27,,0,0,0,34.0,37.6,42.1,0.36,0.40,0.40
SPRA,2015-12-21 21:10:00 EST,42.87427,-74.50859,656,49.1,50.0,42.7,52.8,32.6,0.000,0.020,0.00,0.000,18.3,27.8,4.2,232,8,18.7,28.6,4.3,231,9,18.3,27.8,4.2,232,8,0,29.27,,0,0,0,34.0,37.6,42.1,0.36,0.40,0.40
SPRA,2015-12-21 21:15:00 EST,42.87427,-74.50859,656,48.8,49.7,43.2,53.2,32.5,0.000,0.020,0.00,0.000,14.7,20.8,2.2,229,11,15.3,22.8,2.4,228,10,14.7,20.8,2.2,229,11,0,29.27,,0,0,0,34.0,37.6,42.1,0.36,0.40,0.40
SPRA,2015-12-21 21:20:00 EST,42.87427,-74.50859,656,48.9,49.6,43.8,52.8,32.4,0.000,0.020,0.00,0.000,12.5,18.3,2.3,229,11,12.9,19.7,2.4,228,10,12.5,18.3,2.3,229,11,0,29.27,,0,0,0,34.1,37.6,42.1,0.36,0.40,0.40
SPRA,2015-12-21 21:25:00 EST,42.87427,-74.50859,656,48.8,49.6,43.5,53.4,32.6,0.000,0.020,0.00,0.000,13.2,17.2,1.9,226,9,13.7,18.3,1.9,225,8,13.2,17.2,1.9,226,9,0,29.27,,0,0,0,34.1,37.6,42.1,0.36,0.40,0.40
SPRA,2015-12-21 21:30:00 EST,42.87427,-74.50859,656,48.7,49.6,43.7,54.3,32.9,0.000,0.020,0.00,0.000,12.3,20.0,2.0,227,8,12.9,20.6,2.0,225,7,12.3,20.0,2.0,227,8,0,29.27,,0,0,0,34.2,37.6,42.1,0.36,0.40,0.40
SPRA,2015-12-21 21:35:00 EST,42.87427,-74.50859,656,48.6,49.4,44.1,54.0,32.7,0.000,0.020,0.00,0.000,10.6,13.5,1.3,227,8,10.9,14.1,1.3,226,7,10.6,13.5,1.3,227,8,0,29.26,,0,0,0,34.2,37.6,42.1,0.36,0.40,0.40
SPRA,2015-12-21 21:40:00 EST,42.87427,-74.50859,656,48.1,49.2,43.6,55.4,32.9,0.000,0.020,0.00,0.000,10.2,13.4,1.3,227,9,10.8,14.3,1.3,225,8,10.2,13.4,1.3,227,9,0,29.26,,0,0,0,34.3,37.6,42.1,0.36,0.40,0.40
SPRA,2015-12-21 21:45:00 EST,42.87427,-74.50859,656,48.4,49.3,44.0,53.8,32.4,0.000,0.020,0.00,0.000,10.1,15.8,2.1,232,10,10.8,16.8,2.1,231,9,10.1,15.8,2.1,232,10,0,29.27,,0,0,0,34.3,37.6,42.1,0.36,0.40,0.40
SPRA,2015-12-21 21:50:00 EST,42.87427,-74.50859,656,47.9,49.0,43.1,53.8,32.0,0.000,0.020,0.00,0.000,11.2,16.1,2.4,231,8,11.7,16.3,2.4,231,8,11.2,16.1,2.4,231,8,0,29.26,,0,0,0,34.3,37.6,42.1,0.37,0.40,0.40
SPRA,2015-12-21 21:55:00 EST,42.87427,-74.50859,656,47.4,48.5,42.5,54.9,32.0,0.000,0.020,0.00,0.000,11.0,16.4,1.9,232,10,11.5,17.0,2.0,231,10,11.0,16.4,1.9,232,10,0,29.26,,0,0,0,34.3,37.6,42.1,0.37,0.40,0.40
SPRA,2015-12-21 22:00:00 EST,42.87427,-74.50859,656,47.1,48.2,41.6,56.5,32.4,0.000,0.020,0.00,0.000,12.7,17.5,1.7,225,7,13.2,20.1,1.9,223,6,12.7,17.5,1.7,225,7,0,29.27,,0,0,0,34.4,37.6,42.1,0.37,0.40,0.40
SPRA,2015-12-21 22:05:00 EST,42.87427,-74.50859,656,47.4,48.4,42.1,56.0,32.4,0.000,0.020,0.00,0.000,11.9,17.1,1.9,226,7,12.3,17.9,2.0,224,6,11.9,17.1,1.9,226,7,0,29.27,,0,0,0,34.4,37.6,42.1,0.37,0.40,0.40
SPRA,2015-12-21 22:10:00 EST,42.87427,-74.50859,656,47.3,48.4,41.7,56.3,32.6,0.000,0.020,0.00,0.000,13.2,16.7,1.7,224,7,13.7,17.9,1.8,223,6,13.2,16.7,1.7,224,7,0,29.27,,0,0,0,34.4,37.6,42.1,0.37,0.40,0.40
SPRA,2015-12-21 22:15:00 EST,42.87427,-74.50859,656,47.3,48.3,42.2,57.1,32.9,0.000,0.020,0.00,0.000,11.6,19.0,2.3,225,8,12.2,18.6,2.3,224,8,11.6,19.0,2.3,225,8,0,29.27,,0,0,0,34.4,37.6,42.1,0.37,0.40,0.40
SPRA,2015-12-21 22:20:00 EST,42.87427,-74.50859,656,47.7,48.6,41.8,56.8,33.1,0.000,0.020,0.00,0.000,14.9,19.8,2.4,222,8,15.4,20.8,2.7,221,6,14.9,19.8,2.4,222,8,0,29.27,,0,0,0,34.5,37.6,42.1,0.37,0.40,0.40
SPRA,2015-12-21 22:25:00 EST,42.87427,-74.50859,656,47.5,48.5,42.7,57.3,33.2,0.000,0.020,0.00,0.000,10.8,15.0,1.9,227,9,11.3,16.3,2.0,227,8,10.8,15.0,1.9,227,9,0,29.27,,0,0,0,34.5,37.6,42.1,0.37,0.40,0.40
SPRA,2015-12-21 22:30:00 EST,42.87427,-74.50859,656,47.7,48.6,42.9,56.2,32.9,0.000,0.020,0.00,0.000,11.0,18.6,2.6,231,10,11.5,19.0,2.6,230,8,11.0,18.6,2.6,231,10,0,29.28,,0,0,0,34.5,37.5,42.1,0.37,0.40,0.40
SPRA,2015-12-21 22:35:00 EST,42.87427,-74.50859,656,48.1,48.8,43.4,55.5,32.9,0.000,0.020,0.00,0.000,10.8,15.4,2.2,239,11,11.4,15.9,2.1,238,12,10.8,15.4,2.2,239,11,0,29.28,,0,0,0,34.5,37.6,42.1,0.37,0.40,0.40
SPRA,2015-12-21 22:40:00 EST,42.87427,-74.50859,656,48.4,49.0,43.8,54.8,32.9,0.000,0.020,0.00,0.000,10.9,17.7,2.2,237,8,11.6,19.0,2.4,237,9,10.9,17.7,2.2,237,8,0,29.28,,0,0,0,34.5,37.6,42.1,0.37,0.40,0.40
SPRA,2015-12-21 22:45:00 EST,42.87427,-74.50859,656,48.5,49.1,43.6,55.0,33.0,0.000,0.020,0.00,0.000,11.6,16.5,2.2,236,9,12.2,17.4,2.3,234,9,11.6,16.5,2.2,236,9,0,29.28,,0,0,0,34.5,37.6,42.1,0.37,0.40,0.40
SPRA,2015-12-21 22:50:00 EST,42.87427,-74.50859,656,48.5,49.1,43.5,55.6,33.3,0.000,0.020,0.00,0.000,12.3,19.1,2.1,232,9,12.7,19.7,2.2,231,9,12.3,19.1,2.1,232,9,0,29.28,,0,0,0,34.6,37.6,42.1,0.37,0.40,0.40
SPRA,2015-12-21 22:55:00 EST,42.87427,-74.50859,656,48.6,49.2,43.6,56.0,33.6,0.000,0.020,0.00,0.000,12.2,17.2,2.4,231,7,12.7,17.2,2.3,230,9,12.2,17.2,2.4,231,7,0,29.28,,0,0,0,34.7,37.6,42.1,0.37,0.40,0.40
SPRA,2015-12-21 23:00:00 EST,42.87427,-74.50859,656,48.8,49.3,43.9,56.0,33.8,0.000,0.020,0.00,0.000,11.8,17.4,1.9,231,9,12.4,17.7,1.8,230,9,11.8,17.4,1.9,231,9,0,29.28,,0,0,0,34.8,37.6,42.1,0.37,0.40,0.40
SPRA,2015-12-21 23:05:00 EST,42.87427,-74.50859,656,48.9,49.6,43.7,56.4,34.1,0.000,0.020,0.00,0.000,13.5,20.1,2.3,230,8,14.0,20.8,2.4,230,8,13.5,20.1,2.3,230,8,0,29.28,,0,0,0,34.9,37.6,42.1,0.37,0.40,0.40
SPRA,2015-12-21 23:10:00 EST,42.87427,-74.50859,656,48.8,49.4,44.3,57.0,34.3,0.000,0.020,0.00,0.000,10.7,15.0,1.7,230,8,11.3,16.6,1.8,229,8,10.7,15.0,1.7,230,8,0,29.28,,0,0,0,34.9,37.6,42.1,0.37,0.40,0.40
SPRA,2015-12-21 23:15:00 EST,42.87427,-74.50859,656,48.9,49.5,43.8,57.7,34.6,0.000,0.020,0.00,0.000,12.7,18.7,2.2,229,7,13.1,19.5,2.3,228,8,12.7,18.7,2.2,229,7,0,29.27,,0,0,0,34.9,37.6,42.1,0.37,0.40,0.40
SPRA,2015-12-21 23:20:00 EST,42.87427,-74.50859,656,49.3,49.9,44.2,57.4,34.9,0.000,0.020,0.00,0.000,13.3,18.3,2.3,232,11,13.7,19.7,2.4,230,11,13.3,18.3,2.3,232,11,0,29.27,,0,0,0,34.9,37.6,42.1,0.37,0.40,0.41
SPRA,2015-12-21 23:25:00 EST,42.87427,-74.50859,656,49.3,49.8,44.5,58.3,35.3,0.000,0.020,0.00,0.000,12.0,18.3,2.3,231,9,12.5,19.2,2.1,229,9,12.0,18.3,2.3,231,9,0,29.27,,0,0,0,35.1,37.6,42.1,0.37,0.40,0.41
SPRA,2015-12-21 23:30:00 EST,42.87427,-74.50859,656,49.5,50.0,44.5,59.4,35.9,0.000,0.020,0.00,0.000,12.8,20.9,3.0,233,12,13.3,23.0,3.1,232,12,12.8,20.9,3.0,233,12,0,29.27,,0,0,0,35.1,37.6,42.1,0.37,0.40,0.40
SPRA,2015-12-21 23:35:00 EST,42.87427,-74.50859,656,49.5,50.1,45.5,59.8,36.1,0.000,0.020,0.00,0.000,9.8,14.9,2.1,236,15,10.5,17.2,2.3,236,16,9.8,14.9,2.1,236,15,0,29.27,,0,0,0,35.2,37.6,42.1,0.37,0.40,0.40
SPRA,2015-12-21 23:40:00 EST,42.87427,-74.50859,656,49.9,50.3,45.7,59.4,36.3,0.000,0.020,0.00,0.000,10.7,18.1,2.8,251,12,11.7,19.0,3.0,253,10,10.7,18.1,2.8,251,12,0,29.27,,0,0,0,35.4,37.6,42.1,0.37,0.40,0.41
SPRA,2015-12-21 23:45:00 EST,42.87427,-74.50859,656,50.0,50.4,46.4,59.9,36.6,0.000,0.020,0.00,0.000,8.8,14.0,2.3,254,18,9.5,16.1,2.3,255,19,8.8,14.0,2.3,254,18,0,29.27,,0,0,0,35.4,37.6,42.1,0.37,0.40,0.40
SPRA,2015-12-21 23:50:00 EST,42.87427,-74.50859,656,49.1,49.8,47.0,61.0,36.3,0.000,0.020,0.00,0.000,5.4,12.2,2.0,282,38,6.0,13.2,2.2,282,37,5.4,12.2,2.0,282,38,0,29.27,,0,0,0,35.6,37.6,42.1,0.37,0.40,0.40
SPRA,2015-12-21 23:55:00 EST,42.87427,-74.50859,656,47.6,48.7,45.2,63.2,35.7,0.000,0.020,0.00,0.000,5.3,9.4,1.3,305,35,6.0,9.6,1.7,307,34,5.3,9.4,1.3,305,35,0,29.27,,0,0,0,35.7,37.6,42.1,0.37,0.40,0.40
STEP,2015-12-21 00:00:00 EST,42.52620,-73.35906,951,22.3,24.1,22.3,88.6,19.5,0.000,0.000,0.00,0.000,2.8,4.8,1.4,14,12,3.5,5.6,1.5,9,12,2.8,4.8,1.4,14,12,0,29.29,,0,0,0,34.3,37.9,41.6,0.22,0.22,0.29
STEP,2015-12-21 00:05:00 EST,42.52620,-73.35906,951,22.0,23.9,17.0,88.6,19.2,0.000,0.000,0.00,0.000,3.6,5.0,0.7,6,7,4.5,6.0,0.8,2,7,3.6,5.0,0.7,6,7,0,29.28,,0,0,0,34.3,37.9,41.6,0.23,0.22,0.29
STEP,2015-12-21 00:10:00 EST,42.52620,-73.35906,951,21.5,25.1,15.1,89.0,18.8,0.000,0.000,0.00,0.000,4.7,5.7,0.9,355,14,5.5,6.9,1.2,351,14,4.7,5.7,0.9,355,14,0,29.28,,0,0,0,34.3,37.9,41.6,0.22,0.23,0.29
STEP,2015-12-21 00:15:00 EST,42.52620,-73.35906,951,22.3,24.2,18.1,89.6,19.8,0.000,0.000,0.00,0.000,3.2,5.3,0.8,337,13,3.7,6.3,1.0,332,14,3.2,5.3,0.8,337,13,0,29.28,,0,0,0,34.3,37.8,41.6,0.23,0.22,0.29
STEP,2015-12-21 00:20:00 EST,42.52620,-73.35906,951,22.3,23.9,22.3,87.7,19.2,0.000,0.000,0.00,0.000,1.7,3.1,0.9,353,13,2.4,3.8,1.0,353,14,1.7,3.1,0.9,353,13,0,29.28,,0,0,0,34.3,37.8,41.6,0.22,0.22,0.29
STEP,2015-12-21 00:25:00 EST,42.52620,-73.35906,951,22.1,24.1,22.1,87.6,19.0,0.000,0.000,0.00,0.000,2.0,2.8,0.5,348,11,2.6,4.0,0.7,346,14,2.0,2.8,0.5,348,11,0,29.28,,0,0,0,34.3,37.9,41.6,0.22,0.22,0.29
STEP,2015-12-21 00:30:00 EST,42.52620,-73.35906,951,22.1,24.0,22.1,88.3,19.1,0.000,0.000,0.00,0.000,2.7,4.3,0.5,358,14,3.5,5.1,0.6,355,12,2.7,4.3,0.5,358,14,0,29.28,,0,0,0,34.2,37.8,41.6,0.23,0.22,0.29
STEP,2015-12-21 00:35:00 EST,42.52620,-73.35906,951,22.1,24.3,17.7,87.9,19.0,0.000,0.000,0.00,0.000,3.2,4.1,0.5,340,5,3.6,4.5,0.6,337,6,3.2,4.1,0.5,340,5,0,29.27,,0,0,0,34.3,37.8,41.6,0.23,0.22,0.29
STEP,2015-12-21 00:40:00 EST,42.52620,-73.35906,951,22.4,25.0,22.4,88.3,19.5,0.000,0.000,0.00,0.000,2.5,3.9,0.7,311,14,2.8,4.5,0.8,307,16,2.5,3.9,0.7,311,14,0,29.27,,0,0,0,34.3,37.8,41.6,0.23,0.22,0.29
STEP,2015-12-21 00:45:00 EST,42.52620,-73.35906,951,22.3,24.4,22.3,89.0,19.5,0.000,0.000,0.00,0.000,1.4,2.0,0.5,300,17,1.7,2.5,0.4,300,21,1.4,2.0,0.5,300,17,0,29.28,,0,0,0,34.3,37.8,41.6,0.23,0.22,0.29
STEP,2015-12-21 00:50:00 EST,42.52620,-73.35906,951,22.1,24.3,22.1,87.6,19.0,0.000,0.000,0.00,0.000,2.3,3.9,0.7,346,15,3.0,4.7,0.9,345,16,2.3,3.9,0.7,346,15,0,29.28,,0,0,0,34.2,37.8,41.6,0.23,0.22,0.29
STEP,2015-12-21 00:55:00 EST,42.52620,-73.35906,951,21.8,24.4,17.6,88.3,18.9,0.000,0.000,0.00,0.000,3.1,4.0,0.4,2,7,3.9,5.1,0.5,1,7,3.1,4.0,0.4,2,7,0,29.28,,0,0,0,34.3,37.8,41.6,0.23,0.22,0.29
STEP,2015-12-21 01:00:00 EST,42.52620,-73.35906,951,22.2,24.8,22.2,88.7,19.4,0.000,0.000,0.00,0.000,1.7,4.9,1.3,6,24,2.5,5.4,1.3,7,25,1.7,4.9,1.3,6,24,0,29.27,,0,0,0,34.2,37.8,41.6,0.23,0.22,0.29
STEP,2015-12-21 01:05:00 EST,42.52620,-73.35906,951,22.8,24.6,22.8,87.2,19.6,0.000,0.000,0.00,0.000,2.5,4.2,1.1,355,10,3.3,4.9,1.1,352,11,2.5,4.2,1.1,355,10,0,29.27,,0,0,0,34.2,37.8,41.6,0.23,0.22,0.29
STEP,2015-12-21 01:10:00 EST,42.52620,-73.35906,951,22.1,24.9,17.4,88.2,19.1,0.000,0.000,0.00,0.000,3.4,4.7,0.5,346,11,4.1,5.6,0.7,342,11,3.4,4.7,0.5,346,11,0,29.27,,0,0,0,34.3,37.7,41.6,0.23,0.22,0.29
STEP,2015-12-21 01:15:00 EST,42.52620,-73.35906,951,22.3,24.5,22.3,89.6,19.7,0.000,0.000,0.00,0.000,1.6,4.0,1.1,304,27,1.9,4.5,1.0,301,28,1.6,4.0,1.1,304,27,0,29.27,,0,0,0,34.2,37.7,41.6,0.23,0.22,0.29
STEP,2015-12-21 01:20:00 EST,42.52620,-73.35906,951,23.3,26.0,23.3,86.9,20.0,0.000,0.000,0.00,0.000,0.8,2.5,0.7,298,51,1.3,2.9,0.8,303,54,0.8,2.5,0.7,298,51,0,29.27,,0,0,0,34.2,37.8,41.6,0.22,0.22,0.29
STEP,2015-12-21 01:25:00 EST,42.52620,-73.35906,951,23.5,26.7,23.5,83.3,19.2,0.000,0.000,0.00,0.000,0.9,2.7,0.8,325,35,1.3,3.4,0.7,325,54,0.9,2.7,0.8,325,35,0,29.27,,0,0,0,34.2,37.7,41.6,0.23,0.22,0.29
STEP,2015-12-21 01:30:00 EST,42.52620,-73.35906,951,24.5,28.3,24.5,80.3,19.3,0.000,0.000,0.00,0.000,2.0,5.9,1.2,214,24,2.4,6.7,1.2,205,25,2.0,5.9,1.2,214,24,0,29.27,,0,0,0,34.2,37.8,41.6,0.22,0.22,0.29
STEP,2015-12-21 01:35:00 EST,42.52620,-73.35906,951,24.7,28.8,24.7,79.4,19.2,0.000,0.000,0.00,0.000,1.1,2.9,0.6,217,19,1.7,5.8,0.7,209,36,1.1,2.9,0.6,217,19,0,29.27,,0,0,0,34.2,37.8,41.6,0.23,0.22,0.29
STEP,2015-12-21 01:40:00 EST,42.52620,-73.35906,951,25.9,29.1,25.9,75.4,19.2,0.000,0.000,0.00,0.000,1.3,3.4,0.8,200,24,1.6,4.0,0.8,192,30,1.3,3.4,0.8,200,24,0,29.26,,0,0,0,34.2,37.7,41.5,0.22,0.22,0.29
STEP,2015-12-21 01:45:00 EST,42.52620,-73.35906,951,26.5,29.2,26.5,70.3,18.1,0.000,0.000,0.00,0.000,0.8,2.7,0.7,258,11,1.3,3.1,0.6,258,41,0.8,2.7,0.7,258,11,0,29.26,,0,0,0,34.1,37.7,41.6,0.23,0.22,0.29
STEP,2015-12-21 01:50:00 EST,42.52620,-73.35906,951,26.3,29.7,26.3,71.6,18.4,0.000,0.000,0.00,0.000,0.7,3.1,0.8,212,54,1.4,3.8,0.9,237,75,0.7,3.1,0.8,212,54,0,29.26,,0,0,0,34.2,37.7,41.5,0.23,0.22,0.29
STEP,2015-12-21 01:55:00 EST,42.52620,-73.35906,951,25.6,29.0,25.6,71.3,17.6,0.000,0.000,0.00,0.000,1.6,3.4,0.9,332,25,2.3,6.7,1.1,328,28,1.6,3.4,0.9,332,25,0,29.26,,0,0,0,34.2,37.7,41.5,0.22,0.22,0.29
STEP,2015-12-21 02:00:00 EST,42.52620,-73.35906,951,25.0,28.1,25.0,74.9,18.2,0.000,0.000,0.00,0.000,1.8,3.2,0.6,337,27,2.2,3.8,0.6,335,27,1.8,3.2,0.6,337,27,0,29.26,,0,0,0,34.1,37.7,41.5,0.23,0.22,0.29
STEP,2015-12-21 02:05:00 EST,42.52620,-73.35906,951,24.7,28.7,24.7,76.5,18.4,0.000,0.000,0.00,0.000,1.3,2.6,0.6,345,26,1.8,3.8,0.7,340,26,1.3,2.6,0.6,345,26,0,29.26,,0,0,0,34.1,37.7,41.5,0.23,0.22,0.29
STEP,2015-12-21 02:10:00 EST,42.52620,-73.35906,951,24.6,28.0,24.6,77.0,18.5,0.000,0.000,0.00,0.000,2.3,4.5,1.1,5,13,3.0,5.8,1.3,1,13,2.3,4.5,1.1,5,13,0,29.25,,0,0,0,34.1,37.7,41.5,0.23,0.22,0.29
STEP,2015-12-21 02:15:00 EST,42.52620,-73.35906,951,25.1,28.0,25.1,76.5,18.8,0.000,0.000,0.00,0.000,1.6,2.6,0.6,337,22,2.1,3.8,0.7,334,25,1.6,2.6,0.6,337,22,0,29.26,,0,0,0,34.1,37.7,41.5,0.22,0.22,0.29
STEP,2015-12-21 02:20:00 EST,42.52620,-73.35906,951,25.1,28.4,25.1,75.8,18.5,0.000,0.000,0.00,0.000,0.8,2.0,0.7,278,42,1.3,2.2,0.6,259,63,0.8,2.0,0.7,278,42,0,29.26,,0,0,0,34.1,37.6,41.6,0.22,0.22,0.29
STEP,2015-12-21 02:25:00 EST,42.52620,-73.35906,951,26.5,29.6,26.5,71.1,18.4,0.000,0.000,0.00,0.000,1.4,3.3,0.9,334,52,2.0,4.3,1.0,337,52,1.4,3.3,0.9,334,52,0,29.26,,0,0,0,34.1,37.6,41.5,0.22,0.22,0.29
STEP,2015-12-21 02:30:00 EST,42.52620,-73.35906,951,27.9,30.1,24.3,67.7,18.6,0.000,0.000,0.00,0.000,3.3,8.9,1.9,242,44,3.7,9.4,2.0,234,47,3.3,8.9,1.9,242,44,0,29.25,,0,0,0,34.1,37.7,41.5,0.22,0.22,0.29
STEP,2015-12-21 02:35:00 EST,42.52620,-73.35906,951,28.5,30.9,28.5,64.4,18.0,0.000,0.000,0.00,0.000,1.8,7.1,1.8,211,28,2.3,9.4,1.9,206,36,1.8,7.1,1.8,211,28,0,29.25,,0,0,0,34.1,37.7,41.5,0.22,0.22,0.29
STEP,2015-12-21 02:40:00 EST,42.52620,-73.35906,951,28.2,31.0,28.2,66.0,18.3,0.000,0.000,0.00,0.000,1.3,4.5,1.0,229,30,1.7,4.9,0.9,235,38,1.3,4.5,1.0,229,30,0,29.26,,0,0,0,34.1,37.7,41.5,0.22,0.22,0.29
STEP,2015-12-21 02:45:00 EST,42.52620,-73.35906,951,29.8,31.5,29.8,62.6,18.6,0.000,0.000,0.00,0.000,2.4,4.9,0.8,206,22,2.6,5.4,0.8,196,23,2.4,4.9,0.8,206,22,0,29.26,,0,0,0,34.1,37.6,41.5,0.22,0.22,0.29
STEP,2015-12-21 02:50:00 EST,42.52620,-73.35906,951,27.6,30.6,27.6,66.8,18.0,0.000,0.000,0.00,0.000,2.5,7.0,1.3,187,16,2.9,7.8,1.5,177,17,2.5,7.0,1.3,187,16,0,29.26,,0,0,0,34.1,37.6,41.5,0.22,0.22,0.29
STEP,2015-12-21 02:55:00 EST,42.52620,-73.35906,951,28.8,31.4,25.3,65.8,18.8,0.000,0.000,0.00,0.000,3.3,7.6,1.6,210,23,3.7,8.5,1.8,202,25,3.3,7.6,1.6,210,23,0,29.26,,0,0,0,34.1,37.6,41.5,0.22,0.22,0.29
STEP,2015-12-21 03:00:00 EST,42.52620,-73.35906,951,30.5,32.1,30.5,61.0,18.7,0.000,0.000,0.00,0.000,1.7,4.5,1.2,223,19,2.2,4.9,1.0,216,22,1.7,4.5,1.2,223,19,0,29.26,,0,0,0,34.1,37.6,41.5,0.22,0.22,0.29
STEP,2015-12-21 03:05:00 EST,42.52620,-73.35906,951,29.2,32.4,29.2,63.5,18.4,0.000,0.000,0.00,0.000,2.2,4.5,0.7,224,17,2.5,5.1,0.7,218,19,2.2,4.5,0.7,224,17,0,29.25,,0,0,0,34.0,37.6,41.5,0.22,0.22,0.29
STEP,2015-12-21 03:10:00 EST,42.52620,-73.35906,951,29.9,32.3,29.9,61.4,18.2,0.000,0.000,0.00,0.000,2.7,5.7,0.7,212,21,2.9,5.8,0.8,205,21,2.7,5.7,0.7,212,21,0,29.24,,0,0,0,34.1,37.6,41.5,0.22,0.22,0.29
STEP,2015-12-21 03:15:00 EST,42.52620,-73.35906,951,27.0,30.3,27.0,67.4,17.6,0.000,0.000,0.00,0.000,0.7,1.6,0.5,201,24,1.2,2.2,0.5,189,35,0.7,1.6,0.5,201,24,0,29.24,,0,0,0,34.0,37.6,41.5,0.22,0.22,0.29
STEP,2015-12-21 03:20:00 EST,42.52620,-73.35906,951,28.3,31.1,28.3,67.6,19.0,0.000,0.000,0.00,0.000,1.7,4.9,1.1,198,23,2.0,5.8,1.1,194,24,1.7,4.9,1.1,198,23,0,29.24,,0,0,0,34.0,37.6,41.5,0.22,0.22,0.29
STEP,2015-12-21 03:25:00 EST,42.52620,-73.35906,951,27.4,30.1,27.4,68.3,18.3,0.000,0.000,0.00,0.000,1.0,2.2,0.6,278,33,1.4,2.5,0.5,270,42,1.0,2.2,0.6,278,33,0,29.24,,0,0,0,34.0,37.6,41.5,0.22,0.22,0.29
STEP,2015-12-21 03:30:00 EST,42.52620,-73.35906,951,25.8,29.1,25.8,71.6,17.9,0.000,0.000,0.00,0.000,2.5,3.4,0.5,351,21,3.0,3.8,0.6,347,21,2.5,3.4,0.5,351,21,0,29.24,,0,0,0,34.0,37.6,41.5,0.22,0.22,0.29
STEP,2015-12-21 03:35:00 EST,42.52620,-73.35906,951,25.7,28.4,25.7,73.8,18.5,0.000,0.000,0.00,0.000,2.6,3.3,0.4,29,12,3.1,4.5,0.5,26,12,2.6,3.3,0.4,29,12,0,29.23,,0,0,0,34.0,37.6,41.5,0.22,0.22,0.29
STEP,2015-12-21 03:40:00 EST,42.52620,-73.35906,951,25.6,28.3,25.6,72.8,18.1,0.000,0.000,0.00,0.000,0.7,1.9,0.6,36,43,1.2,2.5,0.6,20,51,0.7,1.9,0.6,36,43,0,29.23,,0,0,0,34.0,37.6,41.5,0.22,0.22,0.29
STEP,2015-12-21 03:45:00 EST,42.52620,-73.35906,951,26.2,28.9,26.2,72.9,18.7,0.000,0.000,0.00,0.000,1.7,2.8,0.6,352,30,2.4,4.0,0.8,352,29,1.7,2.8,0.6,352,30,0,29.23,,0,0,0,34.0,37.6,41.5,0.22,0.22,0.29
STEP,2015-12-21 03:50:00 EST,42.52620,-73.35906,951,27.2,30.6,27.2,69.3,18.4,0.000,0.000,0.00,0.000,1.0,2.6,0.6,19,27,1.8,4.5,0.8,17,34,1.0,2.6,0.6,19,27,0,29.23,,0,0,0,34.0,37.6,41.4,0.22,0.22,0.29
STEP,2015-12-21 03:55:00 EST,42.52620,-73.35906,951,26.4,29.2,26.4,70.8,18.2,0.000,0.000,0.00,0.000,2.1,6.1,1.2,296,54,2.6,5.1,1.1,296,54,2.1,6.1,1.2,296,54,0,29.23,,0,0,0,34.0,37.6,41.4,0.22,0.22,0.29
STEP,2015-12-21 04:00:00 EST,42.52620,-73.35906,951,29.9,31.5,25.1,66.2,20.0,0.000,0.000,0.00,0.000,4.5,9.6,2.0,189,16,5.1,11.2,2.2,180,16,4.5,9.6,2.0,189,16,0,29.22,,0,0,0,34.0,37.6,41.5,0.22,0.22,0.29
STEP,2015-12-21 04:05:00 EST,42.52620,-73.35906,951,30.7,31.8,26.1,61.6,19.1,0.000,0.000,0.00,0.000,4.4,11.0,2.2,225,31,5.0,13.2,2.4,221,31,4.4,11.0,2.2,225,31,0,29.22,,0,0,0,34.0,37.6,41.4,0.22,0.22,0.29
STEP,2015-12-21 04:10:00 EST,42.52620,-73.35906,951,31.3,32.0,27.7,59.7,18.9,0.000,0.000,0.00,0.000,3.6,7.8,1.3,214,23,4.1,7.8,1.4,206,22,3.6,7.8,1.3,214,23,0,29.22,,0,0,0,34.0,37.5,41.4,0.22,0.22,0.29
STEP,2015-12-21 04:15:00 EST,42.52620,-73.35906,951,31.6,32.2,27.3,58.5,18.7,0.000,0.000,0.00,0.000,4.3,8.9,1.8,212,25,4.8,12.3,2.3,205,24,4.3,8.9,1.8,212,25,0,29.22,,0,0,0,34.0,37.6,41.4,0.22,0.22,0.29
STEP,2015-12-21 04:20:00 EST,42.52620,-73.35906,951,31.9,32.8,26.5,57.8,18.7,0.000,0.000,0.00,0.000,5.5,13.1,2.7,206,26,5.9,13.4,2.8,201,25,5.5,13.1,2.7,206,26,0,29.22,,0,0,0,34.0,37.6,41.4,0.22,0.22,0.29
STEP,2015-12-21 04:25:00 EST,42.52620,-73.35906,951,31.9,32.6,27.9,57.6,18.7,0.000,0.000,0.00,0.000,4.1,9.6,2.2,194,22,4.6,11.9,2.4,188,21,4.1,9.6,2.2,194,22,0,29.22,,0,0,0,34.0,37.5,41.4,0.22,0.22,0.29
STEP,2015-12-21 04:30:00 EST,42.52620,-73.35906,951,32.4,33.1,29.0,56.9,18.8,0.000,0.000,0.00,0.000,3.6,8.9,1.8,197,19,4.2,11.0,2.2,188,20,3.6,8.9,1.8,197,19,0,29.21,,0,0,0,34.0,37.5,41.4,0.22,0.22,0.29
STEP,2015-12-21 04:35:00 EST,42.52620,-73.35906,951,32.4,33.3,27.6,56.5,18.7,0.000,0.000,0.00,0.000,5.0,9.3,1.7,214,21,5.2,11.9,1.8,207,22,5.0,9.3,1.7,214,21,0,29.22,,0,0,0,34.0,37.5,41.4,0.22,0.22,0.29
STEP,2015-12-21 04:40:00 EST,42.52620,-73.35906,951,32.9,33.5,27.9,55.7,18.8,0.000,0.000,0.00,0.000,5.3,10.9,2.2,199,22,5.8,11.9,2.4,191,21,5.3,10.9,2.2,199,22,0,29.21,,0,0,0,34.0,37.5,41.4,0.22,0.22,0.29
STEP,2015-12-21 04:45:00 EST,42.52620,-73.35906,951,32.9,33.7,29.1,55.5,18.8,0.000,0.000,0.00,0.000,4.1,8.7,1.6,193,21,4.5,9.2,1.7,187,20,4.1,8.7,1.6,193,21,0,29.21,,0,0,0,34.0,37.5,41.4,0.22,0.22,0.29
STEP,2015-12-21 04:50:00 EST,42.52620,-73.35906,951,32.9,33.5,32.9,55.4,18.6,0.000,0.000,0.00,0.000,1.8,5.2,1.3,210,29,2.4,6.7,1.5,200,35,1.8,5.2,1.3,210,29,0,29.21,,0,0,0,34.0,37.5,41.4,0.22,0.22,0.29
STEP,2015-12-21 04:55:00 EST,42.52620,-73.35906,951,32.6,33.4,28.1,56.9,19.0,0.000,0.000,0.00,0.000,4.7,10.1,1.8,187,22,5.3,11.6,1.9,180,21,4.7,10.1,1.8,187,22,0,29.20,,0,0,0,34.0,37.5,41.4,0.22,0.22,0.29
STEP,2015-12-21 05:00:00 EST,42.52620,-73.35906,951,32.9,33.6,28.3,56.6,19.2,0.000,0.000,0.00,0.000,4.8,9.8,1.7,203,21,5.4,10.5,2.0,196,19,4.8,9.8,1.7,203,21,0,29.21,,0,0,0,34.0,37.4,41.4,0.22,0.22,0.29
STEP,2015-12-21 05:05:00 EST,42.52620,-73.35906,951,32.8,33.5,32.8,56.6,19.1,0.000,0.000,0.00,0.000,2.5,6.1,1.4,202,41,2.9,7.4,1.4,197,45,2.5,6.1,1.4,202,41,0,29.21,,0,0,0,34.0,37.5,41.4,0.22,0.22,0.29
STEP,2015-12-21 05:10:00 EST,42.52620,-73.35906,951,33.2,33.7,29.7,56.1,19.2,0.000,0.000,0.00,0.000,3.8,8.5,1.5,208,19,4.2,8.5,1.6,200,17,3.8,8.5,1.5,208,19,0,29.21,,0,0,0,34.0,37.5,41.3,0.22,0.22,0.29
STEP,2015-12-21 05:15:00 EST,42.52620,-73.35906,951,33.1,33.5,29.5,56.3,19.2,0.000,0.000,0.00,0.000,3.8,10.7,2.4,218,21,4.3,10.7,2.4,211,23,3.8,10.7,2.4,218,21,0,29.21,,0,0,0,34.0,37.5,41.4,0.22,0.22,0.29
STEP,2015-12-21 05:20:00 EST,42.52620,-73.35906,951,32.6,33.5,28.8,58.1,19.5,0.000,0.000,0.00,0.000,4.0,9.1,2.1,196,25,4.4,10.1,2.2,191,23,4.0,9.1,2.1,196,25,0,29.21,,0,0,0,34.0,37.5,41.4,0.22,0.22,0.29
STEP,2015-12-21 05:25:00 EST,42.52620,-73.35906,951,33.2,33.7,29.6,57.7,19.9,0.000,0.000,0.00,0.000,3.8,7.9,1.5,199,27,4.1,8.7,1.7,192,25,3.8,7.9,1.5,199,27,0,29.21,,0,0,0,34.0,37.5,41.4,0.22,0.22,0.29
STEP,2015-12-21 05:30:00 EST,42.52620,-73.35906,951,33.3,33.7,30.1,57.2,19.8,0.000,0.000,0.00,0.000,3.5,8.8,1.8,209,22,3.9,9.4,1.8,201,22,3.5,8.8,1.8,209,22,0,29.21,,0,0,0,34.0,37.4,41.4,0.22,0.22,0.29
STEP,2015-12-21 05:35:00 EST,42.52620,-73.35906,951,33.2,33.7,30.6,57.2,19.7,0.000,0.000,0.00,0.000,3.1,10.1,2.1,208,28,3.4,10.5,2.2,200,29,3.1,10.1,2.1,208,28,0,29.20,,0,0,0,34.0,37.5,41.4,0.22,0.22,0.29
STEP,2015-12-21 05:40:00 EST,42.52620,-73.35906,951,32.7,33.6,32.7,58.3,19.7,0.000,0.000,0.00,0.000,2.5,4.2,0.7,250,23,2.8,4.7,0.8,246,23,2.5,4.2,0.7,250,23,0,29.20,,0,0,0,34.0,37.5,41.4,0.22,0.22,0.29
STEP,2015-12-21 05:45:00 EST,42.52620,-73.35906,951,32.9,33.7,32.9,58.4,19.9,0.000,0.000,0.00,0.000,2.9,6.9,1.1,207,26,3.3,7.8,1.2,202,24,2.9,6.9,1.1,207,26,0,29.20,,0,0,0,34.0,37.4,41.4,0.22,0.22,0.29
STEP,2015-12-21 05:50:00 EST,42.52620,-73.35906,951,33.1,33.8,33.1,58.5,20.1,0.000,0.000,0.00,0.000,2.4,5.1,1.2,174,29,3.0,6.3,1.2,171,32,2.4,5.1,1.2,174,29,0,29.19,,0,0,0,34.0,37.4,41.4,0.22,0.22,0.29
STEP,2015-12-21 05:55:00 EST,42.52620,-73.35906,951,33.4,34.1,33.4,57.5,20.0,0.000,0.000,0.00,0.000,2.2,4.7,1.0,221,32,2.6,5.1,1.0,213,31,2.2,4.7,1.0,221,32,0,29.20,,0,0,0,34.0,37.4,41.3,0.22,0.22,0.29
STEP,2015-12-21 06:00:00 EST,42.52620,-73.35906,951,33.5,34.4,28.4,57.7,20.2,0.000,0.000,0.00,0.000,5.6,14.8,4.0,184,27,6.4,15.4,4.3,179,28,5.6,14.8,4.0,184,27,0,29.20,,0,0,0,34.0,37.4,41.3,0.22,0.22,0.29
STEP,2015-12-21 06:05:00 EST,42.52620,-73.35906,951,34.3,35.0,29.4,55.9,20.2,0.000,0.000,0.00,0.000,5.6,10.2,1.9,182,19,6.1,12.5,2.1,174,18,5.6,10.2,1.9,182,19,0,29.19,,0,0,0,34.0,37.4,41.4,0.22,0.22,0.29
STEP,2015-12-21 06:10:00 EST,42.52620,-73.35906,951,34.4,35.0,30.8,55.8,20.2,0.000,0.000,0.00,0.000,4.0,11.3,2.8,186,19,4.4,12.1,2.9,179,18,4.0,11.3,2.8,186,19,0,29.19,,0,0,0,34.0,37.4,41.3,0.22,0.22,0.29
STEP,2015-12-21 06:15:00 EST,42.52620,-73.35906,951,34.1,34.8,34.1,56.7,20.3,0.000,0.000,0.00,0.000,3.0,5.4,1.3,185,24,3.5,6.7,1.4,177,26,3.0,5.4,1.3,185,24,0,29.19,,0,0,0,34.0,37.4,41.3,0.22,0.22,0.29
STEP,2015-12-21 06:20:00 EST,42.52620,-73.35906,951,31.2,34.4,31.2,62.3,19.8,0.000,0.000,0.00,0.000,1.9,4.2,0.9,263,36,2.2,4.7,0.8,260,35,1.9,4.2,0.9,263,36,0,29.19,,0,0,0,34.0,37.4,41.4,0.22,0.22,0.29
STEP,2015-12-21 06:25:00 EST,42.52620,-73.35906,951,31.7,34.1,31.7,64.2,21.0,0.000,0.000,0.00,0.000,1.7,4.7,1.5,197,37,2.2,4.9,1.4,182,46,1.7,4.7,1.5,197,37,0,29.19,,0,0,0,34.0,37.4,41.3,0.22,0.22,0.29
STEP,2015-12-21 06:30:00 EST,42.52620,-73.35906,951,31.2,34.1,31.2,63.7,20.3,0.000,0.000,0.00,0.000,1.6,2.5,0.5,235,23,1.8,2.9,0.5,230,23,1.6,2.5,0.5,235,23,0,29.19,,0,0,0,34.0,37.4,41.4,0.22,0.22,0.29
STEP,2015-12-21 06:35:00 EST,42.52620,-73.35906,951,31.2,34.3,31.2,67.0,21.5,0.000,0.000,0.00,0.000,2.1,6.4,1.3,186,23,2.7,7.2,1.4,177,24,2.1,6.4,1.3,186,23,0,29.19,,0,0,0,34.0,37.4,41.3,0.22,0.22,0.29
STEP,2015-12-21 06:40:00 EST,42.52620,-73.35906,951,33.2,34.6,30.0,61.2,21.3,0.000,0.000,0.00,0.000,3.5,11.8,2.4,169,13,4.1,12.8,2.8,160,13,3.5,11.8,2.4,169,13,0,29.19,,0,0,0,34.0,37.4,41.3,0.22,0.22,0.29
STEP,2015-12-21 06:45:00 EST,42.52620,-73.35906,951,33.1,35.1,28.4,59.6,20.6,0.000,0.000,0.00,0.000,5.1,9.4,2.2,186,31,5.4,10.7,2.4,177,30,5.1,9.4,2.2,186,31,0,29.18,,0,0,0,34.0,37.4,41.3,0.22,0.22,0.29
STEP,2015-12-21 06:50:00 EST,42.52620,-73.35906,951,33.5,35.0,29.9,59.3,20.8,0.000,0.000,0.00,0.000,3.9,7.7,1.6,183,25,4.1,8.9,1.8,175,24,3.9,7.7,1.6,183,25,0,29.19,,0,0,0,34.0,37.3,41.3,0.22,0.23,0.29
STEP,2015-12-21 06:55:00 EST,42.52620,-73.35906,951,34.2,35.3,31.8,58.7,21.3,0.000,0.000,0.00,0.000,3.0,6.7,1.3,211,21,3.4,7.6,1.4,204,20,3.0,6.7,1.3,211,21,0,29.19,,0,0,0,34.0,37.4,41.3,0.22,0.22,0.29
STEP,2015-12-21 07:00:00 EST,42.52620,-73.35906,951,33.9,35.2,30.1,58.2,20.8,0.000,0.000,0.00,0.000,4.1,9.4,2.0,207,23,4.5,11.0,2.2,199,21,4.1,9.4,2.0,207,23,0,29.19,,0,0,0,34.0,37.3,41.3,0.22,0.22,0.29
STEP,2015-12-21 07:05:00 EST,42.52620,-73.35906,951,33.6,35.2,33.6,59.6,21.0,0.000,0.000,0.00,0.000,2.3,4.2,0.8,176,27,2.7,4.7,0.8,167,27,2.3,4.2,0.8,176,27,0,29.19,,0,0,0,34.0,37.3,41.3,0.22,0.22,0.29
STEP,2015-12-21 07:10:00 EST,42.52620,-73.35906,951,34.2,35.3,31.8,59.3,21.5,0.000,0.000,0.00,0.000,3.0,5.5,1.1,184,21,3.4,6.5,1.2,178,19,3.0,5.5,1.1,184,21,1,29.19,,0,0,0,34.0,37.3,41.3,0.22,0.22,0.29
STEP,2015-12-21 07:15:00 EST,42.52620,-73.35906,951,32.7,35.2,32.7,62.1,21.1,0.000,0.000,0.00,0.000,2.2,5.2,1.1,217,32,2.7,6.0,1.1,206,37,2.2,5.2,1.1,217,32,1,29.19,,0,0,0,33.9,37.3,41.3,0.22,0.22,0.29
STEP,2015-12-21 07:20:00 EST,42.52620,-73.35906,951,33.4,35.2,29.2,62.9,22.2,0.000,0.000,0.00,0.000,4.6,8.8,1.7,177,17,5.1,9.6,1.6,169,15,4.6,8.8,1.7,177,17,2,29.19,,0,0,0,33.9,37.3,41.3,0.22,0.22,0.29
STEP,2015-12-21 07:25:00 EST,42.52620,-73.35906,951,33.5,34.9,30.8,61.7,21.8,0.000,0.000,0.00,0.000,3.2,5.8,0.9,198,21,3.3,6.0,0.9,190,20,3.2,5.8,0.9,198,21,3,29.19,,0,0,0,33.9,37.3,41.3,0.22,0.22,0.29
STEP,2015-12-21 07:30:00 EST,42.52620,-73.35906,951,33.5,34.8,33.5,61.4,21.6,0.000,0.000,0.00,0.000,2.4,7.5,1.2,196,19,2.8,9.2,1.4,188,18,2.4,7.5,1.2,196,19,5,29.20,,0,0,0,33.9,37.3,41.3,0.22,0.22,0.29
STEP,2015-12-21 07:35:00 EST,42.52620,-73.35906,951,33.6,35.1,29.5,62.3,22.0,0.000,0.000,0.00,0.000,4.4,7.8,1.5,171,20,4.7,10.1,1.6,164,19,4.4,7.8,1.5,171,20,9,29.19,,0,0,0,34.0,37.3,41.3,0.22,0.22,0.29
STEP,2015-12-21 07:40:00 EST,42.52620,-73.35906,951,34.1,35.3,31.1,61.2,22.2,0.000,0.000,0.00,0.000,3.5,6.1,1.0,216,22,3.7,6.0,1.1,210,23,3.5,6.1,1.0,216,22,14,29.19,,0,0,0,33.9,37.3,41.3,0.22,0.23,0.29
STEP,2015-12-21 07:45:00 EST,42.52620,-73.35906,951,34.2,35.1,30.2,61.1,22.2,0.000,0.000,0.00,0.000,4.5,7.5,1.2,190,22,5.0,8.3,1.4,186,23,4.5,7.5,1.2,190,22,21,29.19,,0,0,0,33.9,37.3,41.3,0.22,0.22,0.29
STEP,2015-12-21 07:50:00 EST,42.52620,-73.35906,951,34.3,35.3,31.1,61.3,22.4,0.000,0.000,0.00,0.000,3.6,10.2,1.9,179,23,4.0,11.4,2.1,171,23,3.6,10.2,1.9,179,23,27,29.19,,0,0,0,33.9,37.3,41.3,0.22,0.22,0.29
STEP,2015-12-21 07:55:00 EST,42.52620,-73.35906,951,33.9,35.0,33.9,62.5,22.5,0.000,0.000,0.00,0.000,2.7,4.4,0.8,166,19,2.9,4.9,0.9,157,19,2.7,4.4,0.8,166,19,30,29.18,,0,0,0,34.0,37.3,41.3,0.22,0.22,0.29
STEP,2015-12-21 08:00:00 EST,42.52620,-73.35906,951,34.0,35.3,31.4,63.1,22.7,0.000,0.000,0.00,0.000,3.1,5.3,1.0,184,19,3.5,6.3,1.2,177,19,3.1,5.3,1.0,184,19,32,29.18,,0,0,0,34.0,37.3,41.2,0.22,0.23,0.29
STEP,2015-12-21 08:05:00 EST,42.52620,-73.35906,951,34.2,35.2,34.2,62.3,22.7,0.000,0.000,0.00,0.000,1.0,2.5,0.6,211,17,1.2,2.9,0.6,206,28,1.0,2.5,0.6,211,17,33,29.18,,0,0,0,34.0,37.3,41.2,0.22,0.22,0.29
STEP,2015-12-21 08:10:00 EST,42.52620,-73.35906,951,34.1,35.6,34.1,63.4,23.0,0.000,0.000,0.00,0.000,2.5,6.8,1.9,184,34,2.9,8.3,2.1,176,35,2.5,6.8,1.9,184,34,36,29.19,,0,0,0,33.9,37.3,41.3,0.22,0.23,0.29
STEP,2015-12-21 08:15:00 EST,42.52620,-73.35906,951,34.5,35.8,34.5,62.5,23.0,0.000,0.000,0.00,0.000,1.5,3.7,0.9,222,37,2.0,5.4,1.0,222,36,1.5,3.7,0.9,222,37,48,29.19,,0,0,0,33.9,37.3,41.2,0.22,0.22,0.29
STEP,2015-12-21 08:20:00 EST,42.52620,-73.35906,951,35.4,35.9,35.4,61.3,23.4,0.000,0.000,0.00,0.000,2.3,4.5,1.1,175,31,2.7,5.1,1.2,164,30,2.3,4.5,1.1,175,31,55,29.18,,0,0,0,33.9,37.3,41.2,0.22,0.22,0.29
STEP,2015-12-21 08:25:00 EST,42.52620,-73.35906,951,35.8,36.1,32.3,60.3,23.4,0.000,0.000,0.00,0.000,4.1,8.5,1.8,207,27,4.8,9.4,2.0,201,27,4.1,8.5,1.8,207,27,69,29.18,,0,0,0,33.9,37.2,41.2,0.22,0.22,0.29
STEP,2015-12-21 08:30:00 EST,42.52620,-73.35906,951,35.9,36.3,31.6,60.8,23.7,0.000,0.000,0.00,0.000,5.1,8.4,1.6,192,14,5.4,9.6,1.7,184,13,5.1,8.4,1.6,192,14,87,29.18,,0,0,0,33.9,37.3,41.2,0.22,0.22,0.29
STEP,2015-12-21 08:35:00 EST,42.52620,-73.35906,951,36.2,36.5,32.9,60.2,23.7,0.000,0.000,0.00,0.000,4.1,8.2,1.8,182,16,4.8,9.8,2.2,174,17,4.1,8.2,1.8,182,16,135,29.18,,0,0,0,33.9,37.3,41.2,0.22,0.22,0.29
STEP,2015-12-21 08:40:00 EST,42.52620,-73.35906,951,37.0,37.1,31.3,58.5,23.8,0.000,0.000,0.00,0.000,7.3,12.1,2.2,172,18,8.0,13.6,2.3,166,17,7.3,12.1,2.2,172,18,148,29.18,,0,0,0,33.9,37.2,41.2,0.22,0.22,0.29
STEP,2015-12-21 08:45:00 EST,42.52620,-73.35906,951,37.3,37.4,31.3,57.8,23.8,0.000,0.000,0.00,0.000,8.0,13.2,2.4,178,14,8.7,12.8,2.4,171,13,8.0,13.2,2.4,178,14,146,29.17,,0,0,0,33.9,37.2,41.2,0.22,0.22,0.29
STEP,2015-12-21 08:50:00 EST,42.52620,-73.35906,951,37.5,37.5,33.1,57.4,23.8,0.000,0.000,0.00,0.000,5.5,11.2,1.8,192,23,6.0,10.7,1.9,185,22,5.5,11.2,1.8,192,23,117,29.17,,0,0,0,33.9,37.2,41.2,0.22,0.22,0.29
STEP,2015-12-21 08:55:00 EST,42.52620,-73.35906,951,37.5,37.6,33.1,57.5,23.8,0.000,0.000,0.00,0.000,5.5,9.8,2.3,192,22,6.2,11.2,2.3,184,24,5.5,9.8,2.3,192,22,97,29.17,,0,0,0,33.9,37.3,41.2,0.22,0.22,0.29
STEP,2015-12-21 09:00:00 EST,42.52620,-73.35906,951,37.5,37.7,32.5,57.9,24.0,0.000,0.000,0.00,0.000,6.5,11.3,2.1,180,19,7.2,12.1,2.0,174,19,6.5,11.3,2.1,180,19,109,29.16,,0,0,0,33.9,37.3,41.2,0.22,0.22,0.29
STEP,2015-12-21 09:05:00 EST,42.52620,-73.35906,951,37.8,37.8,34.3,57.1,23.9,0.000,0.000,0.00,0.000,4.4,8.2,1.5,192,18,4.8,9.2,1.6,183,18,4.4,8.2,1.5,192,18,119,29.16,,0,0,0,33.9,37.2,41.2,0.22,0.22,0.29
STEP,2015-12-21 09:10:00 EST,42.52620,-73.35906,951,38.2,38.2,33.4,55.9,23.8,0.000,0.000,0.00,0.000,6.3,10.6,1.9,185,13,7.0,11.9,2.1,179,12,6.3,10.6,1.9,185,13,123,29.16,,0,0,0,33.9,37.2,41.2,0.22,0.22,0.29
STEP,2015-12-21 09:15:00 EST,42.52620,-73.35906,951,38.1,38.2,33.0,57.0,24.2,0.000,0.000,0.00,0.000,6.8,13.3,2.3,199,22,7.6,15.4,2.4,189,21,6.8,13.3,2.3,199,22,120,29.17,,0,0,0,33.9,37.2,41.2,0.22,0.22,0.29
STEP,2015-12-21 09:20:00 EST,42.52620,-73.35906,951,38.2,38.2,33.6,56.6,24.1,0.000,0.000,0.00,0.000,6.0,11.2,2.3,199,15,6.6,11.9,2.3,193,13,6.0,11.2,2.3,199,15,131,29.17,,0,0,0,33.9,37.2,41.1,0.22,0.22,0.29
STEP,2015-12-21 09:25:00 EST,42.52620,-73.35906,951,38.4,38.4,34.5,57.1,24.5,0.000,0.000,0.00,0.000,5.1,8.9,1.7,196,19,5.8,10.3,1.9,188,17,5.1,8.9,1.7,196,19,143,29.17,,0,0,0,33.9,37.2,41.1,0.22,0.22,0.29
STEP,2015-12-21 09:30:00 EST,42.52620,-73.35906,951,38.5,38.5,34.5,56.8,24.5,0.000,0.000,0.00,0.000,5.3,7.7,1.2,183,14,5.7,8.9,1.4,177,13,5.3,7.7,1.2,183,14,146,29.17,,0,0,0,33.9,37.2,41.1,0.22,0.22,0.29
STEP,2015-12-21 09:35:00 EST,42.52620,-73.35906,951,38.7,38.7,34.3,56.5,24.6,0.000,0.000,0.00,0.000,5.9,10.9,2.0,196,23,6.5,13.0,2.0,189,22,5.9,10.9,2.0,196,23,147,29.17,,0,0,0,33.9,37.2,41.1,0.22,0.22,0.29
STEP,2015-12-21 09:40:00 EST,42.52620,-73.35906,951,38.9,38.9,34.4,56.4,24.7,0.000,0.000,0.00,0.000,6.1,13.2,1.9,178,21,6.8,13.9,2.2,170,20,6.1,13.2,1.9,178,21,143,29.17,,0,0,0,33.9,37.3,41.1,0.22,0.22,0.29
STEP,2015-12-21 09:45:00 EST,42.52620,-73.35906,951,39.0,39.0,34.1,56.3,24.8,0.000,0.000,0.00,0.000,6.8,12.9,1.9,179,23,7.5,12.8,2.1,172,23,6.8,12.9,1.9,179,23,139,29.17,,0,0,0,33.9,37.2,41.1,0.22,0.22,0.29
STEP,2015-12-21 09:50:00 EST,42.52620,-73.35906,951,39.1,39.1,34.9,56.2,24.8,0.000,0.000,0.00,0.000,5.8,10.5,2.1,184,13,6.5,12.1,2.3,178,11,5.8,10.5,2.1,184,13,142,29.16,,0,0,0,33.9,37.2,41.1,0.22,0.22,0.29
STEP,2015-12-21 09:55:00 EST,42.52620,-73.35906,951,39.3,39.3,37.2,55.5,24.7,0.000,0.000,0.00,0.000,3.3,5.9,1.1,175,18,3.7,6.7,1.2,167,18,3.3,5.9,1.1,175,18,154,29.16,,0,0,0,33.9,37.2,41.1,0.22,0.22,0.29
STEP,2015-12-21 10:00:00 EST,42.52620,-73.35906,951,39.6,39.5,39.6,55.7,25.0,0.000,0.000,0.00,0.000,2.9,5.8,1.2,179,24,3.5,6.7,1.2,172,26,2.9,5.8,1.2,179,24,164,29.15,,0,0,0,33.8,37.2,41.1,0.22,0.22,0.29
STEP,2015-12-21 10:05:00 EST,42.52620,-73.35906,951,39.9,39.8,37.1,54.7,24.9,0.000,0.000,0.00,0.000,4.1,7.4,1.6,177,18,4.5,8.1,1.7,169,18,4.1,7.4,1.6,177,18,180,29.16,,0,0,0,33.9,37.2,41.1,0.22,0.22,0.29
STEP,2015-12-21 10:10:00 EST,42.52620,-73.35906,951,40.1,40.0,37.7,54.5,25.0,0.000,0.000,0.00,0.000,3.7,6.3,1.1,195,17,4.1,6.7,1.2,187,17,3.7,6.3,1.1,195,17,163,29.16,,0,0,0,33.9,37.2,41.1,0.22,0.22,0.29
STEP,2015-12-21 10:15:00 EST,42.52620,-73.35906,951,40.1,40.1,36.3,54.1,24.8,0.000,0.000,0.00,0.000,5.5,9.3,1.6,194,18,6.1,10.5,2.0,187,18,5.5,9.3,1.6,194,18,162,29.16,,0,0,0,33.9,37.2,41.1,0.22,0.22,0.29
STEP,2015-12-21 10:20:00 EST,42.52620,-73.35906,951,40.3,40.2,36.4,54.1,25.0,0.000,0.000,0.00,0.000,5.5,9.8,1.8,201,24,6.2,12.1,2.0,192,24,5.5,9.8,1.8,201,24,167,29.15,,0,0,0,33.9,37.2,41.0,0.22,0.22,0.29
STEP,2015-12-21 10:25:00 EST,42.52620,-73.35906,951,40.4,40.3,35.5,54.1,25.1,0.000,0.000,0.00,0.000,7.2,13.4,2.1,188,20,8.0,15.2,2.2,181,18,7.2,13.4,2.1,188,20,172,29.16,,0,0,0,33.9,37.2,41.1,0.22,0.22,0.29
STEP,2015-12-21 10:30:00 EST,42.52620,-73.35906,951,40.4,40.4,36.9,54.4,25.3,0.000,0.000,0.00,0.000,5.1,11.4,2.3,189,19,5.6,12.8,2.4,183,18,5.1,11.4,2.3,189,19,174,29.15,,0,0,0,33.9,37.2,41.0,0.22,0.23,0.29
STEP,2015-12-21 10:35:00 EST,42.52620,-73.35906,951,40.4,40.4,36.4,54.5,25.3,0.000,0.000,0.00,0.000,5.9,9.6,1.7,178,19,6.5,12.1,2.0,171,19,5.9,9.6,1.7,178,19,158,29.15,,0,0,0,33.9,37.2,41.1,0.22,0.22,0.29
STEP,2015-12-21 10:40:00 EST,42.52620,-73.35906,951,40.5,40.4,35.9,54.8,25.5,0.000,0.000,0.00,0.000,6.8,11.7,2.7,190,18,7.5,13.6,2.8,183,16,6.8,11.7,2.7,190,18,146,29.15,,0,0,0,33.9,37.2,41.0,0.22,0.22,0.29
STEP,2015-12-21 10:45:00 EST,42.52620,-73.35906,951,40.5,40.5,36.8,54.8,25.5,0.000,0.000,0.00,0.000,5.3,9.6,2.1,176,19,6.0,10.5,2.1,170,16,5.3,9.6,2.1,176,19,143,29.15,,0,0,0,33.9,37.2,41.1,0.22,0.22,0.29
STEP,2015-12-21 10:50:00 EST,42.52620,-73.35906,951,40.4,40.4,36.1,54.5,25.3,0.000,0.000,0.00,0.000,6.2,11.5,2.3,178,14,6.8,13.9,2.5,171,14,6.2,11.5,2.3,178,14,129,29.14,,0,0,0,33.8,37.2,41.0,0.22,0.22,0.29
STEP,2015-12-21 10:55:00 EST,42.52620,-73.35906,951,40.6,40.6,37.4,54.5,25.4,0.000,0.000,0.00,0.000,4.7,7.5,1.4,149,12,5.1,8.9,1.7,141,11,4.7,7.5,1.4,149,12,119,29.13,,0,0,0,33.9,37.2,41.1,0.22,0.22,0.29
STEP,2015-12-21 11:00:00 EST,42.52620,-73.35906,951,40.7,40.8,38.7,54.0,25.4,0.000,0.000,0.00,0.000,3.4,6.8,1.6,191,25,3.8,7.2,1.6,185,26,3.4,6.8,1.6,191,25,116,29.13,,0,0,0,33.9,37.2,41.0,0.22,0.22,0.29
STEP,2015-12-21 11:05:00 EST,42.52620,-73.35906,951,41.0,41.1,37.6,53.5,25.4,0.000,0.000,0.00,0.000,5.1,9.9,2.1,180,18,5.7,10.7,2.2,173,18,5.1,9.9,2.1,180,18,111,29.12,,0,0,0,33.9,37.2,41.0,0.22,0.22,0.29
STEP,2015-12-21 11:10:00 EST,42.52620,-73.35906,951,41.3,41.3,39.0,52.3,25.1,0.000,0.000,0.00,0.000,3.7,6.9,1.0,186,20,4.2,7.4,1.1,180,19,3.7,6.9,1.0,186,20,113,29.11,,0,0,0,33.9,37.2,41.1,0.22,0.22,0.29
STEP,2015-12-21 11:15:00 EST,42.52620,-73.35906,951,41.6,41.6,38.1,51.4,25.0,0.000,0.000,0.00,0.000,5.5,8.8,1.6,188,14,5.9,10.1,1.9,183,13,5.5,8.8,1.6,188,14,118,29.11,,0,0,0,33.9,37.2,41.0,0.22,0.22,0.29
STEP,2015-12-21 11:20:00 EST,42.52620,-73.35906,951,41.7,41.7,40.0,51.0,24.9,0.000,0.000,0.00,0.000,3.3,6.9,1.3,194,16,3.7,6.9,1.3,185,17,3.3,6.9,1.3,194,16,116,29.11,,0,0,0,33.9,37.2,41.0,0.22,0.22,0.29
STEP,2015-12-21 11:25:00 EST,42.52620,-73.35906,951,41.8,41.8,40.1,50.8,24.8,0.000,0.000,0.00,0.000,3.3,7.1,1.5,156,21,3.8,7.8,1.6,148,19,3.3,7.1,1.5,156,21,125,29.10,,0,0,0,33.9,37.2,40.9,0.22,0.22,0.29
STEP,2015-12-21 11:30:00 EST,42.52620,-73.35906,951,41.9,41.9,37.7,50.9,25.0,0.000,0.000,0.00,0.000,6.5,9.5,1.5,175,16,7.1,11.2,1.8,167,16,6.5,9.5,1.5,175,16,146,29.10,,0,0,0,33.8,37.2,41.0,0.22,0.22,0.29
STEP,2015-12-21 11:35:00 EST,42.52620,-73.35906,951,42.0,42.0,38.2,50.7,25.0,0.000,0.000,0.00,0.000,5.9,9.9,1.7,181,16,6.4,11.6,1.9,173,15,5.9,9.9,1.7,181,16,164,29.09,,0,0,0,33.9,37.2,41.0,0.22,0.22,0.29
STEP,2015-12-21 11:40:00 EST,42.52620,-73.35906,951,42.1,42.0,39.0,50.5,25.0,0.000,0.000,0.00,0.000,5.0,8.5,1.8,202,23,5.5,9.4,1.7,195,24,5.0,8.5,1.8,202,23,178,29.09,,0,0,0,33.8,37.2,41.0,0.22,0.22,0.29
STEP,2015-12-21 11:45:00 EST,42.52620,-73.35906,951,41.9,41.9,36.9,50.8,25.0,0.000,0.000,0.00,0.000,8.0,16.1,3.6,211,24,8.9,16.8,3.7,203,25,8.0,16.1,3.6,211,24,176,29.10,,0,0,0,33.8,37.2,41.0,0.22,0.22,0.29
STEP,2015-12-21 11:50:00 EST,42.52620,-73.35906,951,42.1,42.0,37.4,50.9,25.2,0.000,0.000,0.00,0.000,7.4,13.7,2.4,201,20,7.9,15.7,2.7,194,18,7.4,13.7,2.4,201,20,184,29.11,,0,0,0,33.9,37.2,41.0,0.22,0.22,0.29
STEP,2015-12-21 11:55:00 EST,42.52620,-73.35906,951,42.0,41.9,36.5,51.4,25.4,0.000,0.000,0.00,0.000,9.0,13.3,1.9,182,15,9.8,16.3,2.2,176,14,9.0,13.3,1.9,182,15,180,29.11,,0,0,0,33.9,37.2,41.0,0.22,0.22,0.29
STEP,2015-12-21 12:00:00 EST,42.52620,-73.35906,951,42.0,41.9,38.3,52.0,25.6,0.000,0.000,0.00,0.000,5.8,10.5,2.1,196,17,6.4,13.0,2.5,188,15,5.8,10.5,2.1,196,17,185,29.10,,0,0,0,33.9,37.2,41.0,0.22,0.23,0.29
STEP,2015-12-21 12:05:00 EST,42.52620,-73.35906,951,42.2,42.1,38.1,51.4,25.6,0.000,0.000,0.00,0.000,6.4,10.1,2.1,189,23,6.9,12.1,2.2,182,22,6.4,10.1,2.1,189,23,212,29.09,,0,0,0,33.8,37.2,41.0,0.22,0.22,0.29
STEP,2015-12-21 12:10:00 EST,42.52620,-73.35906,951,42.2,42.1,38.2,51.1,25.4,0.000,0.000,0.00,0.000,6.3,9.6,1.5,181,17,6.9,12.8,1.8,174,16,6.3,9.6,1.5,181,17,221,29.09,,0,0,0,33.9,37.2,41.0,0.22,0.22,0.29
STEP,2015-12-21 12:15:00 EST,42.52620,-73.35906,951,42.3,42.2,38.0,51.2,25.5,0.000,0.000,0.00,0.000,6.9,11.7,1.7,188,14,7.5,13.0,2.1,181,12,6.9,11.7,1.7,188,14,201,29.09,,0,0,0,33.9,37.2,40.9,0.22,0.22,0.29
STEP,2015-12-21 12:20:00 EST,42.52620,-73.35906,951,42.4,42.3,38.9,51.4,25.7,0.000,0.000,0.00,0.000,5.6,10.8,2.3,180,20,6.1,11.6,2.3,173,18,5.6,10.8,2.3,180,20,174,29.09,,0,0,0,33.9,37.2,41.0,0.22,0.22,0.29
STEP,2015-12-21 12:25:00 EST,42.52620,-73.35906,951,42.4,42.4,37.7,51.0,25.6,0.000,0.000,0.00,0.000,7.6,13.8,2.2,200,20,8.5,14.5,2.3,193,18,7.6,13.8,2.2,200,20,152,29.08,,0,0,0,33.8,37.2,40.9,0.22,0.22,0.29
STEP,2015-12-21 12:30:00 EST,42.52620,-73.35906,951,42.4,42.4,37.6,50.7,25.4,0.000,0.000,0.00,0.000,8.0,14.2,2.5,191,15,8.6,15.7,2.8,184,13,8.0,14.2,2.5,191,15,142,29.08,,0,0,0,33.9,37.2,40.9,0.22,0.22,0.29
STEP,2015-12-21 12:35:00 EST,42.52620,-73.35906,951,42.6,42.6,38.4,51.1,25.7,0.000,0.000,0.00,0.000,6.8,14.9,2.8,196,22,7.7,16.1,3.1,190,21,6.8,14.9,2.8,196,22,146,29.08,,0,0,0,33.9,37.2,40.9,0.22,0.22,0.29
STEP,2015-12-21 12:40:00 EST,42.52620,-73.35906,951,42.8,42.7,39.0,50.6,25.7,0.000,0.000,0.00,0.000,6.1,9.4,1.5,197,18,6.6,10.1,1.7,190,15,6.1,9.4,1.5,197,18,143,29.07,,0,0,0,33.8,37.2,40.9,0.22,0.22,0.29
STEP,2015-12-21 12:45:00 EST,42.52620,-73.35906,951,42.9,42.8,38.3,49.9,25.4,0.000,0.000,0.00,0.000,7.5,11.7,2.1,202,20,8.1,12.5,2.3,194,19,7.5,11.7,2.1,202,20,118,29.07,,0,0,0,33.9,37.2,40.9,0.22,0.22,0.29
STEP,2015-12-21 12:50:00 EST,42.52620,-73.35906,951,42.8,42.8,37.2,49.6,25.3,0.000,0.000,0.00,0.000,9.7,15.9,2.5,186,16,10.6,17.2,2.9,179,13,9.7,15.9,2.5,186,16,89,29.06,,0,0,0,33.9,37.2,40.9,0.22,0.22,0.29
STEP,2015-12-21 12:55:00 EST,42.52620,-73.35906,951,42.7,42.7,39.0,50.2,25.4,0.000,0.000,0.00,0.000,5.9,11.7,2.2,192,17,6.5,14.1,2.2,185,18,5.9,11.7,2.2,192,17,82,29.06,,0,0,0,33.9,37.2,40.9,0.22,0.22,0.29
STEP,2015-12-21 13:00:00 EST,42.52620,-73.35906,951,42.7,42.8,38.5,50.2,25.4,0.000,0.000,0.00,0.000,6.9,13.0,2.3,189,16,7.5,15.0,2.4,182,14,6.9,13.0,2.3,189,16,85,29.06,,0,0,0,33.9,37.2,40.9,0.22,0.22,0.29
STEP,2015-12-21 13:05:00 EST,42.52620,-73.35906,951,42.7,42.7,39.7,50.0,25.4,0.000,0.000,0.00,0.000,4.9,9.2,1.5,206,19,5.2,8.7,1.7,196,19,4.9,9.2,1.5,206,19,86,29.05,,0,0,0,33.8,37.1,40.9,0.22,0.22,0.29
STEP,2015-12-21 13:10:00 EST,42.52620,-73.35906,951,42.6,42.6,39.7,50.1,25.3,0.000,0.000,0.00,0.000,4.8,8.3,1.2,202,15,5.4,8.7,1.4,195,13,4.8,8.3,1.2,202,15,88,29.05,,0,0,0,33.8,37.2,40.9,0.22,0.22,0.29
STEP,2015-12-21 13:15:00 EST,42.52620,-73.35906,951,42.6,42.6,39.5,50.4,25.5,0.000,0.000,0.00,0.000,5.0,7.5,1.2,199,16,5.5,8.5,1.4,192,15,5.0,7.5,1.2,199,16,100,29.06,,0,0,0,33.9,37.2,40.9,0.22,0.22,0.29
STEP,2015-12-21 13:20:00 EST,42.52620,-73.35906,951,42.7,42.6,39.9,50.8,25.7,0.000,0.000,0.00,0.000,4.6,8.0,1.1,196,16,5.1,8.7,1.3,188,12,4.6,8.0,1.1,196,16,108,29.05,,0,0,0,33.9,37.2,40.9,0.22,0.22,0.29
STEP,2015-12-21 13:25:00 EST,42.52620,-73.35906,951,42.8,42.8,40.3,50.7,25.8,0.000,0.000,0.00,0.000,4.4,10.1,1.8,204,20,5.0,10.1,1.7,197,16,4.4,10.1,1.8,204,20,116,29.05,,0,0,0,33.9,37.2,40.9,0.22,0.22,0.29
STEP,2015-12-21 13:30:00 EST,42.52620,-73.35906,951,42.9,42.9,40.1,50.1,25.6,0.000,0.000,0.00,0.000,4.7,8.4,1.4,204,15,5.1,10.3,1.6,197,12,4.7,8.4,1.4,204,15,133,29.05,,0,0,0,33.8,37.1,40.9,0.22,0.22,0.29
STEP,2015-12-21 13:35:00 EST,42.52620,-73.35906,951,43.1,43.0,40.3,49.9,25.7,0.000,0.000,0.00,0.000,4.8,9.1,1.4,197,13,5.3,8.9,1.4,190,12,4.8,9.1,1.4,197,13,149,29.04,,0,0,0,33.9,37.2,40.9,0.22,0.22,0.29
STEP,2015-12-21 13:40:00 EST,42.52620,-73.35906,951,43.4,43.3,40.7,49.5,25.7,0.000,0.000,0.00,0.000,4.6,7.6,1.3,196,18,5.1,9.4,1.6,188,17,4.6,7.6,1.3,196,18,192,29.04,,0,0,0,33.8,37.2,40.9,0.22,0.22,0.29
STEP,2015-12-21 13:45:00 EST,42.52620,-73.35906,951,43.6,43.5,40.1,48.8,25.6,0.000,0.000,0.00,0.000,5.9,8.0,1.3,202,16,6.4,10.3,1.4,196,15,5.9,8.0,1.3,202,16,207,29.04,,0,0,0,33.9,37.1,40.9,0.22,0.22,0.29
STEP,2015-12-21 13:50:00 EST,42.52620,-73.35906,951,43.8,43.7,40.1,48.3,25.5,0.000,0.000,0.00,0.000,6.3,11.3,1.9,203,19,7.0,13.4,2.0,197,17,6.3,11.3,1.9,203,19,172,29.04,,0,0,0,33.8,37.2,40.8,0.22,0.22,0.29
STEP,2015-12-21 13:55:00 EST,42.52620,-73.35906,951,43.7,43.6,39.9,48.8,25.7,0.000,0.000,0.00,0.000,6.4,11.8,2.6,195,15,7.0,13.4,2.9,186,13,6.4,11.8,2.6,195,15,146,29.04,,0,0,0,33.8,37.1,40.9,0.22,0.22,0.29
STEP,2015-12-21 14:00:00 EST,42.52620,-73.35906,951,43.6,43.6,40.0,48.6,25.5,0.000,0.000,0.00,0.000,6.1,8.9,1.5,201,20,6.8,10.1,1.7,192,18,6.1,8.9,1.5,201,20,139,29.04,,0,0,0,33.8,37.1,40.9,0.22,0.22,0.29
STEP,2015-12-21 14:05:00 EST,42.52620,-73.35906,951,43.7,43.7,40.4,48.6,25.6,0.000,0.000,0.00,0.000,5.6,9.8,1.8,202,24,6.1,10.7,1.9,194,21,5.6,9.8,1.8,202,24,115,29.04,,0,0,0,33.8,37.1,40.9,0.22,0.22,0.29
STEP,2015-12-21 14:10:00 EST,42.52620,-73.35906,951,43.7,43.7,39.5,48.2,25.4,0.000,0.000,0.00,0.000,7.3,11.8,2.0,201,20,7.8,13.9,2.1,192,19,7.3,11.8,2.0,201,20,107,29.03,,0,0,0,33.9,37.1,40.9,0.22,0.22,0.29
STEP,2015-12-21 14:15:00 EST,42.52620,-73.35906,951,43.6,43.6,40.7,49.1,25.8,0.000,0.000,0.00,0.000,5.1,9.1,2.0,189,14,5.6,10.3,2.1,183,14,5.1,9.1,2.0,189,14,89,29.03,,0,0,0,33.8,37.1,40.9,0.22,0.22,0.29
STEP,2015-12-21 14:20:00 EST,42.52620,-73.35906,951,43.6,43.6,41.5,49.0,25.7,0.000,0.000,0.00,0.000,4.0,7.5,1.5,182,17,4.5,8.9,1.7,174,16,4.0,7.5,1.5,182,17,89,29.02,,0,0,0,33.8,37.1,40.9,0.22,0.22,0.29
STEP,2015-12-21 14:25:00 EST,42.52620,-73.35906,951,43.6,43.6,43.6,49.0,25.7,0.000,0.000,0.00,0.000,2.5,5.8,1.5,226,21,2.8,5.8,1.4,218,22,2.5,5.8,1.5,226,21,87,29.02,,0,0,0,33.9,37.1,40.9,0.22,0.22,0.29
STEP,2015-12-21 14:30:00 EST,42.52620,-73.35906,951,43.6,43.7,41.5,49.0,25.7,0.000,0.000,0.00,0.000,4.0,7.5,1.2,208,30,4.4,8.5,1.5,198,32,4.0,7.5,1.2,208,30,79,29.02,,0,0,0,33.9,37.1,40.9,0.22,0.22,0.29
STEP,2015-12-21 14:35:00 EST,42.52620,-73.35906,951,43.2,43.5,41.6,50.1,25.8,0.000,0.000,0.00,0.000,3.4,5.4,1.0,250,17,3.8,6.3,1.2,244,17,3.4,5.4,1.0,250,17,69,29.03,,0,0,0,33.9,37.1,40.8,0.22,0.22,0.29
STEP,2015-12-21 14:40:00 EST,42.52620,-73.35906,951,43.1,43.4,43.1,50.8,26.1,0.000,0.000,0.00,0.000,2.7,5.0,0.8,251,23,3.1,5.8,1.1,246,22,2.7,5.0,0.8,251,23,49,29.04,,0,0,0,33.9,37.1,40.9,0.22,0.22,0.29
STEP,2015-12-21 14:45:00 EST,42.52620,-73.35906,951,43.4,43.5,41.4,50.0,26.0,0.000,0.000,0.00,0.000,3.8,6.6,1.4,240,15,4.0,7.2,1.4,234,15,3.8,6.6,1.4,240,15,39,29.04,,0,0,0,33.9,37.1,40.9,0.22,0.22,0.29
STEP,2015-12-21 14:50:00 EST,42.52620,-73.35906,951,43.4,43.6,43.4,50.0,26.0,0.000,0.000,0.00,0.000,1.5,3.5,0.8,223,24,1.9,4.0,0.8,217,28,1.5,3.5,0.8,223,24,37,29.04,,0,0,0,33.9,37.1,40.8,0.22,0.22,0.29
STEP,2015-12-21 14:55:00 EST,42.52620,-73.35906,951,43.6,43.7,41.1,50.0,26.1,0.000,0.000,0.00,0.000,4.4,8.8,2.0,183,20,4.9,10.1,2.1,174,18,4.4,8.8,2.0,183,20,32,29.03,,0,0,0,34.0,37.1,40.8,0.22,0.22,0.29
STEP,2015-12-21 15:00:00 EST,42.52620,-73.35906,951,43.7,43.8,40.9,49.4,26.0,0.000,0.000,0.00,0.000,4.9,9.4,2.1,209,24,5.3,11.9,2.4,201,22,4.9,9.4,2.1,209,24,25,29.03,,0,0,0,33.9,37.1,40.9,0.22,0.22,0.29
STEP,2015-12-21 15:05:00 EST,42.52620,-73.35906,951,43.6,43.7,40.1,49.8,26.1,0.000,0.000,0.00,0.000,5.8,10.5,1.6,194,16,6.4,12.8,2.0,186,13,5.8,10.5,1.6,194,16,22,29.03,,0,0,0,33.9,37.1,40.8,0.22,0.22,0.29
STEP,2015-12-21 15:10:00 EST,42.52620,-73.35906,951,43.6,43.7,39.9,49.7,26.0,0.000,0.000,0.00,0.000,6.2,10.5,1.5,192,16,6.7,11.6,1.7,185,14,6.2,10.5,1.5,192,16,30,29.03,,0,0,0,34.0,37.1,40.9,0.22,0.22,0.29
STEP,2015-12-21 15:15:00 EST,42.52620,-73.35906,951,43.6,43.6,40.8,49.9,26.1,0.000,0.000,0.00,0.000,4.7,10.1,1.8,191,22,5.3,11.2,2.0,183,21,4.7,10.1,1.8,191,22,30,29.02,,0,0,0,34.0,37.1,40.8,0.22,0.22,0.29
STEP,2015-12-21 15:20:00 EST,42.52620,-73.35906,951,43.1,43.4,43.1,50.9,26.2,0.000,0.000,0.00,0.000,2.8,6.8,1.5,219,31,3.3,8.1,1.7,213,31,2.8,6.8,1.5,219,31,38,29.03,,0,0,0,34.0,37.1,40.9,0.22,0.22,0.29
STEP,2015-12-21 15:25:00 EST,42.52620,-73.35906,951,43.4,43.6,41.8,50.5,26.2,0.000,0.000,0.00,0.000,3.5,6.4,1.6,213,26,3.9,8.3,1.6,206,26,3.5,6.4,1.6,213,26,37,29.03,,0,0,0,34.0,37.1,40.8,0.22,0.22,0.29
STEP,2015-12-21 15:30:00 EST,42.52620,-73.35906,951,43.4,43.5,43.4,50.6,26.2,0.000,0.000,0.00,0.000,2.6,6.3,1.6,200,35,3.2,8.1,1.8,194,37,2.6,6.3,1.6,200,35,24,29.02,,0,0,0,34.0,37.1,40.9,0.23,0.22,0.29
STEP,2015-12-21 15:35:00 EST,42.52620,-73.35906,951,43.3,43.5,43.3,50.5,26.2,0.000,0.000,0.00,0.000,1.9,4.5,1.0,236,17,2.0,3.8,0.8,234,24,1.9,4.5,1.0,236,17,16,29.02,,0,0,0,34.0,37.1,40.8,0.22,0.22,0.29
STEP,2015-12-21 15:40:00 EST,42.52620,-73.35906,951,43.3,43.5,43.3,50.8,26.2,0.000,0.000,0.00,0.000,2.1,5.2,1.3,196,33,2.6,4.9,1.3,193,35,2.1,5.2,1.3,196,33,15,29.02,,0,0,0,34.0,37.1,40.9,0.22,0.22,0.29
STEP,2015-12-21 15:45:00 EST,42.52620,-73.35906,951,43.4,43.6,43.4,50.5,26.2,0.000,0.000,0.00,0.000,2.9,5.1,1.1,208,20,3.2,6.0,1.2,202,20,2.9,5.1,1.1,208,20,10,29.01,,0,0,0,34.1,37.1,40.8,0.22,0.22,0.29
STEP,2015-12-21 15:50:00 EST,42.52620,-73.35906,951,43.3,43.5,41.9,50.6,26.2,0.000,0.000,0.00,0.000,3.2,6.1,1.3,239,21,3.6,6.7,1.4,235,22,3.2,6.1,1.3,239,21,8,29.02,,0,0,0,34.1,37.1,40.8,0.22,0.22,0.29
STEP,2015-12-21 15:55:00 EST,42.52620,-73.35906,951,43.4,43.6,41.9,50.3,26.2,0.000,0.000,0.00,0.000,3.3,6.1,1.1,232,20,3.6,6.5,1.2,226,19,3.3,6.1,1.1,232,20,6,29.02,,0,0,0,34.1,37.1,40.8,0.22,0.22,0.29
STEP,2015-12-21 16:00:00 EST,42.52620,-73.35906,951,43.3,43.5,40.4,50.6,26.2,0.000,0.000,0.00,0.000,4.9,8.2,1.3,195,18,5.5,10.1,1.5,188,16,4.9,8.2,1.3,195,18,5,29.02,,0,0,0,34.1,37.1,40.8,0.22,0.22,0.29
STEP,2015-12-21 16:05:00 EST,42.52620,-73.35906,951,43.3,43.5,41.2,51.2,26.4,0.000,0.000,0.00,0.000,3.9,7.7,1.5,198,25,4.5,7.6,1.5,188,22,3.9,7.7,1.5,198,25,4,29.01,,0,0,0,34.1,37.1,40.8,0.23,0.22,0.29
STEP,2015-12-21 16:10:00 EST,42.52620,-73.35906,951,43.1,43.4,43.1,51.4,26.4,0.000,0.000,0.00,0.000,2.8,4.9,1.0,200,18,3.0,5.6,1.1,192,20,2.8,4.9,1.0,200,18,3,29.01,,0,0,0,34.1,37.1,40.8,0.23,0.22,0.29
STEP,2015-12-21 16:15:00 EST,42.52620,-73.35906,951,43.2,43.5,43.2,51.0,26.3,0.000,0.000,0.00,0.000,2.4,4.4,0.7,176,27,2.9,4.9,0.8,168,26,2.4,4.4,0.7,176,27,2,29.00,,0,0,0,34.2,37.1,40.8,0.22,0.22,0.29
STEP,2015-12-21 16:20:00 EST,42.52620,-73.35906,951,43.0,43.4,41.6,51.6,26.4,0.000,0.000,0.00,0.000,3.1,5.0,0.8,181,13,3.6,5.8,0.9,172,15,3.1,5.0,0.8,181,13,1,29.00,,0,0,0,34.2,37.1,40.8,0.23,0.22,0.29
STEP,2015-12-21 16:25:00 EST,42.52620,-73.35906,951,42.8,43.2,42.8,52.0,26.4,0.000,0.000,0.00,0.000,2.5,3.4,0.5,230,17,2.7,3.8,0.6,223,17,2.5,3.4,0.5,230,17,0,29.00,,0,0,0,34.2,37.1,40.8,0.23,0.22,0.29
STEP,2015-12-21 16:30:00 EST,42.52620,-73.35906,951,42.7,43.3,42.7,52.2,26.4,0.000,0.000,0.00,0.000,2.4,4.8,0.9,225,21,2.6,4.9,0.9,220,20,2.4,4.8,0.9,225,21,0,29.00,,0,0,0,34.2,37.1,40.8,0.23,0.22,0.29
STEP,2015-12-21 16:35:00 EST,42.52620,-73.35906,951,42.8,43.3,42.8,52.3,26.5,0.000,0.000,0.00,0.000,1.9,4.0,1.0,227,25,2.4,4.5,0.9,221,28,1.9,4.0,1.0,227,25,0,29.00,,0,0,0,34.3,37.1,40.8,0.22,0.22,0.29
STEP,2015-12-21 16:40:00 EST,42.52620,-73.35906,951,42.7,43.2,42.7,52.7,26.6,0.000,0.000,0.00,0.000,1.6,5.3,1.3,229,26,2.1,6.9,1.4,221,30,1.6,5.3,1.3,229,26,0,28.99,,0,0,0,34.3,37.1,40.8,0.22,0.22,0.29
STEP,2015-12-21 16:45:00 EST,42.52620,-73.35906,951,42.4,43.2,42.4,53.6,26.8,0.000,0.000,0.00,0.000,2.2,5.6,1.4,230,20,2.4,7.2,1.5,222,23,2.2,5.6,1.4,230,20,0,28.99,,0,0,0,34.3,37.1,40.8,0.23,0.22,0.29
STEP,2015-12-21 16:50:00 EST,42.52620,-73.35906,951,42.8,43.4,42.8,52.7,26.7,0.000,0.000,0.00,0.000,2.9,5.3,0.8,259,18,3.3,5.4,0.9,253,19,2.9,5.3,0.8,259,18,0,28.99,,0,0,0,34.3,37.1,40.8,0.22,0.22,0.29
STEP,2015-12-21 16:55:00 EST,42.52620,-73.35906,951,42.6,43.2,40.3,52.7,26.5,0.000,0.000,0.00,0.000,4.1,6.6,1.2,238,16,4.6,6.9,1.1,231,15,4.1,6.6,1.2,238,16,0,29.00,,0,0,0,34.4,37.1,40.8,0.23,0.22,0.29
STEP,2015-12-21 17:00:00 EST,42.52620,-73.35906,951,42.8,43.1,42.8,52.9,26.8,0.000,0.000,0.00,0.000,2.7,6.3,1.1,211,27,3.1,8.1,1.3,204,28,2.7,6.3,1.1,211,27,0,28.99,,0,0,0,34.4,37.1,40.8,0.22,0.22,0.29
STEP,2015-12-21 17:05:00 EST,42.52620,-73.35906,951,43.2,43.6,41.8,52.0,26.7,0.000,0.000,0.00,0.000,3.2,7.7,1.5,214,25,3.7,7.8,1.6,207,25,3.2,7.7,1.5,214,25,0,28.99,,0,0,0,34.3,37.2,40.8,0.22,0.22,0.29
STEP,2015-12-21 17:10:00 EST,42.52620,-73.35906,951,43.4,43.7,41.1,51.3,26.6,0.000,0.000,0.00,0.000,4.1,8.3,1.7,200,24,4.7,10.1,1.9,193,25,4.1,8.3,1.7,200,24,0,28.98,,0,0,0,34.4,37.1,40.8,0.23,0.22,0.29
STEP,2015-12-21 17:15:00 EST,42.52620,-73.35906,951,43.8,44.1,41.8,50.4,26.6,0.000,0.000,0.00,0.000,4.0,9.3,2.0,209,20,4.4,10.1,2.1,199,16,4.0,9.3,2.0,209,20,0,28.98,,0,0,0,34.4,37.1,40.8,0.23,0.22,0.29
STEP,2015-12-21 17:20:00 EST,42.52620,-73.35906,951,43.6,44.0,41.5,51.0,26.7,0.000,0.000,0.00,0.000,4.0,8.5,1.6,211,21,4.2,8.9,1.8,204,22,4.0,8.5,1.6,211,21,0,28.98,,0,0,0,34.5,37.1,40.8,0.23,0.22,0.29
STEP,2015-12-21 17:25:00 EST,42.52620,-73.35906,951,44.0,44.3,40.3,50.6,26.8,0.000,0.000,0.00,0.000,6.2,12.3,1.6,203,16,6.8,14.8,2.1,195,14,6.2,12.3,1.6,203,16,0,28.99,,0,0,0,34.5,37.2,40.8,0.22,0.22,0.29
STEP,2015-12-21 17:30:00 EST,42.52620,-73.35906,951,44.2,44.5,40.6,49.8,26.7,0.000,0.000,0.00,0.000,6.4,10.5,2.1,189,14,7.0,14.1,2.2,183,12,6.4,10.5,2.1,189,14,0,28.99,,0,0,0,34.5,37.1,40.8,0.23,0.22,0.29
STEP,2015-12-21 17:35:00 EST,42.52620,-73.35906,951,44.3,44.5,41.1,49.9,26.8,0.000,0.000,0.00,0.000,5.7,8.9,1.3,194,14,6.2,9.8,1.5,188,12,5.7,8.9,1.3,194,14,0,28.99,,0,0,0,34.5,37.2,40.7,0.23,0.22,0.29
STEP,2015-12-21 17:40:00 EST,42.52620,-73.35906,951,44.3,44.5,41.7,49.9,26.8,0.000,0.000,0.00,0.000,4.8,9.2,1.9,202,17,5.3,11.0,2.2,194,14,4.8,9.2,1.9,202,17,0,28.99,,0,0,0,34.5,37.2,40.7,0.23,0.22,0.29
STEP,2015-12-21 17:45:00 EST,42.52620,-73.35906,951,44.8,45.0,40.5,48.9,26.7,0.000,0.000,0.00,0.000,7.9,17.2,2.1,195,16,8.3,21.3,2.6,188,13,7.9,17.2,2.1,195,16,0,29.00,,0,0,0,34.5,37.2,40.8,0.23,0.22,0.29
STEP,2015-12-21 17:50:00 EST,42.52620,-73.35906,951,45.3,45.5,40.3,47.8,26.6,0.000,0.000,0.00,0.000,9.6,20.8,2.7,198,19,10.5,23.0,3.1,190,17,9.6,20.8,2.7,198,19,0,29.00,,0,0,0,34.6,37.2,40.8,0.23,0.22,0.29
STEP,2015-12-21 17:55:00 EST,42.52620,-73.35906,951,45.1,45.3,40.0,48.5,26.8,0.000,0.000,0.00,0.000,10.0,21.2,3.2,193,18,10.9,24.6,3.6,186,14,10.0,21.2,3.2,193,18,0,29.00,,0,0,0,34.6,37.2,40.7,0.23,0.22,0.29
STEP,2015-12-21 18:00:00 EST,42.52620,-73.35906,951,44.8,45.0,38.6,50.4,27.5,0.000,0.000,0.00,0.000,12.9,22.8,2.9,187,16,14.0,25.7,3.4,183,12,12.9,22.8,2.9,187,16,0,28.99,,0,0,0,34.5,37.2,40.8,0.23,0.22,0.29
STEP,2015-12-21 18:05:00 EST,42.52620,-73.35906,951,44.8,45.0,38.9,50.3,27.5,0.000,0.000,0.00,0.000,12.1,19.4,2.6,193,18,13.1,24.2,3.1,185,12,12.1,19.4,2.6,193,18,0,28.99,,0,0,0,34.6,37.2,40.7,0.23,0.22,0.29
STEP,2015-12-21 18:10:00 EST,42.52620,-73.35906,951,44.7,44.9,39.2,51.1,27.7,0.000,0.000,0.00,0.000,10.8,18.6,3.2,188,15,11.8,20.1,3.5,181,14,10.8,18.6,3.2,188,15,0,28.99,,0,0,0,34.7,37.2,40.8,0.22,0.22,0.29
STEP,2015-12-21 18:15:00 EST,42.52620,-73.35906,951,44.7,44.9,39.2,51.6,27.9,0.000,0.000,0.00,0.000,10.8,16.9,2.8,190,15,11.8,18.3,3.0,183,13,10.8,16.9,2.8,190,15,0,28.99,,0,0,0,34.6,37.2,40.7,0.23,0.22,0.29
STEP,2015-12-21 18:20:00 EST,42.52620,-73.35906,951,44.8,45.0,39.3,51.2,27.9,0.000,0.000,0.00,0.000,11.0,20.1,3.0,185,15,12.1,20.8,3.2,179,13,11.0,20.1,3.0,185,15,0,28.99,,0,0,0,34.7,37.2,40.7,0.22,0.22,0.29
STEP,2015-12-21 18:25:00 EST,42.52620,-73.35906,951,44.9,45.1,39.8,51.0,27.9,0.000,0.000,0.00,0.000,10.0,17.5,2.7,193,18,10.8,18.6,2.9,186,16,10.0,17.5,2.7,193,18,0,28.99,,0,0,0,34.7,37.2,40.7,0.23,0.22,0.29
STEP,2015-12-21 18:30:00 EST,42.52620,-73.35906,951,45.0,45.2,40.1,50.8,27.9,0.000,0.000,0.00,0.000,9.2,17.0,3.8,183,14,9.8,18.3,4.0,177,13,9.2,17.0,3.8,183,14,0,28.99,,0,0,0,34.7,37.2,40.7,0.23,0.22,0.29
STEP,2015-12-21 18:35:00 EST,42.52620,-73.35906,951,45.2,45.4,40.2,50.5,27.9,0.000,0.000,0.00,0.000,9.8,19.7,3.7,181,21,10.8,21.5,4.0,176,19,9.8,19.7,3.7,181,21,0,28.99,,0,0,0,34.8,37.2,40.7,0.23,0.22,0.29
STEP,2015-12-21 18:40:00 EST,42.52620,-73.35906,951,45.3,45.4,41.0,50.3,27.8,0.000,0.000,0.00,0.000,7.9,13.4,2.1,200,16,8.6,14.1,2.3,192,13,7.9,13.4,2.1,200,16,0,29.00,,0,0,0,34.7,37.2,40.7,0.23,0.22,0.29
STEP,2015-12-21 18:45:00 EST,42.52620,-73.35906,951,45.3,45.4,41.2,50.3,27.9,0.000,0.000,0.00,0.000,7.7,15.0,2.5,202,19,8.3,16.1,3.0,194,17,7.7,15.0,2.5,202,19,0,29.00,,0,0,0,34.8,37.2,40.7,0.22,0.22,0.29
STEP,2015-12-21 18:50:00 EST,42.52620,-73.35906,951,45.3,45.5,40.8,50.5,28.0,0.000,0.000,0.00,0.000,8.6,15.2,3.4,190,17,9.5,17.2,3.6,184,14,8.6,15.2,3.4,190,17,0,28.99,,0,0,0,34.8,37.2,40.7,0.22,0.22,0.29
STEP,2015-12-21 18:55:00 EST,42.52620,-73.35906,951,45.3,45.5,41.2,50.5,28.0,0.000,0.000,0.00,0.000,7.7,14.5,2.6,205,19,8.0,14.3,2.7,197,18,7.7,14.5,2.6,205,19,0,29.00,,0,0,0,34.8,37.2,40.7,0.22,0.22,0.29
STEP,2015-12-21 19:00:00 EST,42.52620,-73.35906,951,45.2,45.4,41.6,50.7,28.0,0.000,0.000,0.00,0.000,6.8,14.5,2.9,205,23,7.3,16.3,3.2,200,20,6.8,14.5,2.9,205,23,0,29.00,,0,0,0,34.8,37.2,40.7,0.23,0.22,0.29
STEP,2015-12-21 19:05:00 EST,42.52620,-73.35906,951,45.3,45.4,41.9,50.7,28.1,0.000,0.000,0.00,0.000,6.3,11.6,2.7,207,24,7.0,14.1,2.7,200,22,6.3,11.6,2.7,207,24,0,29.01,,0,0,0,34.9,37.2,40.7,0.23,0.22,0.29
STEP,2015-12-21 19:10:00 EST,42.52620,-73.35906,951,45.1,45.3,41.9,51.0,28.1,0.000,0.000,0.00,0.000,6.0,13.0,2.2,213,26,6.6,14.1,2.2,207,25,6.0,13.0,2.2,213,26,0,29.01,,0,0,0,34.9,37.2,40.7,0.23,0.22,0.29
STEP,2015-12-21 19:15:00 EST,42.52620,-73.35906,951,45.2,45.4,42.2,51.1,28.2,0.000,0.000,0.00,0.000,5.4,9.4,1.5,203,23,5.8,11.0,1.7,196,21,5.4,9.4,1.5,203,23,0,29.01,,0,0,0,34.9,37.2,40.7,0.23,0.22,0.29
STEP,2015-12-21 19:20:00 EST,42.52620,-73.35906,951,45.3,45.5,42.1,50.8,28.1,0.000,0.000,0.00,0.000,5.9,8.9,1.4,212,23,6.3,11.2,1.7,205,20,5.9,8.9,1.4,212,23,0,29.01,,0,0,0,34.9,37.2,40.7,0.23,0.22,0.29
STEP,2015-12-21 19:25:00 EST,42.52620,-73.35906,951,45.3,45.5,42.6,50.9,28.2,0.000,0.000,0.00,0.000,5.1,10.6,2.2,198,19,5.7,11.4,2.3,191,17,5.1,10.6,2.2,198,19,0,29.01,,0,0,0,34.9,37.2,40.7,0.22,0.22,0.29
STEP,2015-12-21 19:30:00 EST,42.52620,-73.35906,951,45.2,45.5,43.1,51.0,28.1,0.000,0.000,0.00,0.000,4.3,8.7,1.9,197,17,4.6,8.5,1.9,187,15,4.3,8.7,1.9,197,17,0,29.01,,0,0,0,34.9,37.2,40.7,0.23,0.22,0.29
STEP,2015-12-21 19:35:00 EST,42.52620,-73.35906,951,45.4,45.6,42.9,50.8,28.2,0.000,0.000,0.00,0.000,4.8,9.6,1.8,199,22,5.3,10.5,1.7,192,21,4.8,9.6,1.8,199,22,0,29.01,,0,0,0,34.9,37.2,40.6,0.23,0.22,0.29
STEP,2015-12-21 19:40:00 EST,42.52620,-73.35906,951,45.2,45.5,42.2,51.2,28.2,0.000,0.000,0.00,0.000,5.6,9.9,1.9,198,17,6.3,11.4,2.3,191,17,5.6,9.9,1.9,198,17,0,29.01,,0,0,0,35.0,37.2,40.7,0.23,0.22,0.29
STEP,2015-12-21 19:45:00 EST,42.52620,-73.35906,951,45.2,45.5,43.4,51.5,28.4,0.000,0.000,0.00,0.000,3.9,9.1,1.9,195,19,4.6,11.4,2.2,187,16,3.9,9.1,1.9,195,19,0,29.00,,0,0,0,35.0,37.2,40.7,0.23,0.22,0.29
STEP,2015-12-21 19:50:00 EST,42.52620,-73.35906,951,45.4,45.6,42.0,51.1,28.4,0.000,0.000,0.00,0.000,6.5,11.7,2.0,191,19,7.0,13.6,2.2,185,16,6.5,11.7,2.0,191,19,0,29.00,,0,0,0,35.0,37.2,40.7,0.23,0.22,0.29
STEP,2015-12-21 19:55:00 EST,42.52620,-73.35906,951,45.3,45.5,42.3,51.6,28.5,0.000,0.000,0.00,0.000,5.5,9.4,1.7,194,22,6.1,10.3,1.9,188,19,5.5,9.4,1.7,194,22,0,29.00,,0,0,0,35.0,37.2,40.7,0.23,0.22,0.29
STEP,2015-12-21 20:00:00 EST,42.52620,-73.35906,951,45.4,45.5,42.5,51.5,28.5,0.000,0.000,0.00,0.000,5.4,10.0,2.0,205,24,5.9,11.4,2.1,197,21,5.4,10.0,2.0,205,24,0,29.00,,0,0,0,35.1,37.2,40.6,0.23,0.22,0.29
STEP,2015-12-21 20:05:00 EST,42.52620,-73.35906,951,45.2,45.3,41.8,51.9,28.5,0.000,0.000,0.00,0.000,6.2,10.4,1.7,214,19,6.6,13.2,2.1,207,19,6.2,10.4,1.7,214,19,0,29.00,,0,0,0,35.1,37.3,40.6,0.23,0.22,0.29
STEP,2015-12-21 20:10:00 EST,42.52620,-73.35906,951,45.2,45.3,42.4,52.1,28.6,0.000,0.000,0.00,0.000,5.3,12.6,2.4,215,24,5.9,14.5,2.6,208,23,5.3,12.6,2.4,215,24,0,29.00,,0,0,0,35.1,37.2,40.6,0.23,0.22,0.29
STEP,2015-12-21 20:15:00 EST,42.52620,-73.35906,951,45.0,45.2,41.6,53.5,29.1,0.000,0.000,0.00,0.000,6.1,9.5,1.8,219,22,6.7,11.4,2.2,212,21,6.1,9.5,1.8,219,22,0,29.00,,0,0,0,35.2,37.2,40.6,0.23,0.22,0.29
STEP,2015-12-21 20:20:00 EST,42.52620,-73.35906,951,44.7,44.9,43.2,55.1,29.5,0.000,0.000,0.00,0.000,3.5,8.6,1.6,225,18,3.9,8.7,1.6,219,19,3.5,8.6,1.6,225,18,0,29.00,,0,0,0,35.1,37.2,40.7,0.22,0.22,0.29
STEP,2015-12-21 20:25:00 EST,42.52620,-73.35906,951,44.4,44.7,42.3,56.1,29.7,0.000,0.000,0.00,0.000,4.2,8.5,1.3,229,28,4.7,8.3,1.6,223,29,4.2,8.5,1.3,229,28,0,29.00,,0,0,0,35.2,37.2,40.6,0.23,0.22,0.29
STEP,2015-12-21 20:30:00 EST,42.52620,-73.35906,951,44.4,44.7,44.4,56.2,29.8,0.000,0.000,0.00,0.000,2.5,6.1,1.0,230,25,2.9,5.8,1.1,224,26,2.5,6.1,1.0,230,25,0,29.00,,0,0,0,35.2,37.2,40.6,0.22,0.22,0.29
STEP,2015-12-21 20:35:00 EST,42.52620,-73.35906,951,44.4,44.8,43.3,56.1,29.8,0.000,0.000,0.00,0.000,3.1,10.9,1.6,229,27,3.5,11.6,1.8,224,28,3.1,10.9,1.6,229,27,0,29.00,,0,0,0,35.2,37.2,40.6,0.23,0.22,0.29
STEP,2015-12-21 20:40:00 EST,42.52620,-73.35906,951,44.5,44.9,43.2,55.7,29.6,0.000,0.000,0.00,0.000,3.3,5.6,1.1,232,18,3.5,6.3,1.1,227,20,3.3,5.6,1.1,232,18,0,29.00,,0,0,0,35.3,37.3,40.6,0.23,0.22,0.29
STEP,2015-12-21 20:45:00 EST,42.52620,-73.35906,951,44.3,44.8,44.3,56.8,29.9,0.000,0.000,0.00,0.000,2.7,6.3,1.4,245,24,3.1,7.4,1.5,238,24,2.7,6.3,1.4,245,24,0,29.00,,0,0,0,35.4,37.2,40.6,0.23,0.22,0.29
STEP,2015-12-21 20:50:00 EST,42.52620,-73.35906,951,44.4,44.9,44.4,57.1,30.2,0.000,0.000,0.00,0.000,2.2,5.3,1.2,227,16,2.5,5.4,1.1,222,19,2.2,5.3,1.2,227,16,0,29.00,,0,0,0,35.3,37.3,40.6,0.23,0.22,0.29
STEP,2015-12-21 20:55:00 EST,42.52620,-73.35906,951,44.2,44.6,44.2,57.7,30.3,0.000,0.000,0.00,0.000,2.4,5.5,1.3,216,19,2.7,6.3,1.4,210,21,2.4,5.5,1.3,216,19,0,29.00,,0,0,0,35.4,37.2,40.6,0.23,0.22,0.29
STEP,2015-12-21 21:00:00 EST,42.52620,-73.35906,951,44.0,44.5,44.0,59.1,30.6,0.000,0.000,0.00,0.000,1.5,2.6,0.7,232,19,1.8,3.1,0.6,221,24,1.5,2.6,0.7,232,19,0,29.00,,0,0,0,35.5,37.3,40.6,0.23,0.22,0.29
STEP,2015-12-21 21:05:00 EST,42.52620,-73.35906,951,44.2,44.9,44.2,58.2,30.4,0.000,0.000,0.00,0.000,2.1,3.4,0.5,230,17,2.2,3.6,0.5,223,18,2.1,3.4,0.5,230,17,0,29.00,,0,0,0,35.5,37.3,40.6,0.23,0.22,0.29
STEP,2015-12-21 21:10:00 EST,42.52620,-73.35906,951,44.3,45.0,44.3,57.7,30.3,0.000,0.000,0.00,0.000,2.5,4.6,0.9,231,15,2.7,4.9,0.9,224,16,2.5,4.6,0.9,231,15,0,29.00,,0,0,0,35.5,37.3,40.6,0.23,0.22,0.29
STEP,2015-12-21 21:15:00 EST,42.52620,-73.35906,951,43.7,44.8,43.7,59.2,30.4,0.000,0.000,0.00,0.000,1.4,2.3,0.4,193,24,1.6,2.5,0.4,185,28,1.4,2.3,0.4,193,24,0,29.00,,0,0,0,35.5,37.3,40.6,0.23,0.22,0.29
STEP,2015-12-21 21:20:00 EST,42.52620,-73.35906,951,43.3,44.9,43.3,61.5,30.9,0.000,0.000,0.00,0.000,1.7,3.0,0.7,227,27,2.0,3.6,0.7,224,29,1.7,3.0,0.7,227,27,0,29.00,,0,0,0,35.7,37.3,40.6,0.23,0.22,0.29
STEP,2015-12-21 21:25:00 EST,42.52620,-73.35906,951,42.9,44.7,42.9,63.8,31.5,0.000,0.000,0.00,0.000,0.7,2.0,0.7,180,17,1.2,2.7,0.6,159,44,0.7,2.0,0.7,180,17,0,29.00,,0,0,0,35.7,37.3,40.6,0.23,0.22,0.29
STEP,2015-12-21 21:30:00 EST,42.52620,-73.35906,951,43.6,45.0,43.6,61.5,31.2,0.000,0.000,0.00,0.000,1.0,2.9,0.8,273,28,1.5,3.8,0.7,279,32,1.0,2.9,0.8,273,28,0,29.00,,0,0,0,35.7,37.4,40.6,0.23,0.22,0.29
STEP,2015-12-21 21:35:00 EST,42.52620,-73.35906,951,43.5,45.3,43.5,62.1,31.3,0.000,0.000,0.00,0.000,0.1,1.2,0.3,272,1,0.5,1.6,0.3,274,62,0.1,1.2,0.3,272,1,0,29.00,,0,0,0,35.8,37.4,40.6,0.23,0.22,0.29
STEP,2015-12-21 21:40:00 EST,42.52620,-73.35906,951,43.3,45.0,43.3,61.7,31.0,0.000,0.000,0.00,0.000,0.4,1.4,0.5,116,42,1.0,2.0,0.6,63,34,0.4,1.4,0.5,116,42,0,29.00,,0,0,0,35.7,37.3,40.6,0.23,0.22,0.29
STEP,2015-12-21 21:45:00 EST,42.52620,-73.35906,951,42.8,44.9,42.8,63.8,31.4,0.000,0.000,0.00,0.000,1.5,2.9,0.7,33,39,2.0,3.8,0.8,29,37,1.5,2.9,0.7,33,39,0,29.00,,0,0,0,35.8,37.4,40.6,0.23,0.22,0.29
STEP,2015-12-21 21:50:00 EST,42.52620,-73.35906,951,41.8,44.2,39.9,69.0,32.4,0.000,0.000,0.00,0.000,3.5,4.5,0.6,3,8,4.2,5.6,0.6,359,7,3.5,4.5,0.6,3,8,0,28.99,,0,0,0,35.8,37.4,40.6,0.23,0.22,0.29
STEP,2015-12-21 21:55:00 EST,42.52620,-73.35906,951,41.0,42.9,37.5,74.4,33.5,0.000,0.000,0.00,0.000,5.1,5.8,0.4,354,3,5.8,6.7,0.5,350,3,5.1,5.8,0.4,354,3,0,28.99,,0,0,0,35.9,37.4,40.6,0.23,0.22,0.29
STEP,2015-12-21 22:00:00 EST,42.52620,-73.35906,951,40.8,43.2,40.8,75.0,33.5,0.000,0.000,0.00,0.000,2.0,5.3,1.7,355,6,2.6,6.3,1.7,356,15,2.0,5.3,1.7,355,6,0,28.99,,0,0,0,35.8,37.4,40.6,0.23,0.22,0.29
STEP,2015-12-21 22:05:00 EST,42.52620,-73.35906,951,41.1,42.6,41.1,73.7,33.3,0.000,0.000,0.00,0.000,0.2,1.0,0.4,147,2,0.6,1.6,0.3,109,41,0.2,1.0,0.4,147,2,0,29.00,,0,0,0,35.9,37.4,40.6,0.23,0.22,0.29
STEP,2015-12-21 22:10:00 EST,42.52620,-73.35906,951,41.3,43.6,41.3,71.3,32.7,0.000,0.000,0.00,0.000,0.9,1.9,0.5,163,10,1.2,2.0,0.5,147,26,0.9,1.9,0.5,163,10,0,29.00,,0,0,0,35.9,37.4,40.6,0.23,0.22,0.29
STEP,2015-12-21 22:15:00 EST,42.52620,-73.35906,951,40.9,42.5,40.9,72.7,32.8,0.000,0.000,0.00,0.000,1.2,2.8,0.9,5,9,2.0,3.8,1.0,4,16,1.2,2.8,0.9,5,9,0,28.99,,0,0,0,35.9,37.4,40.6,0.23,0.22,0.29
STEP,2015-12-21 22:20:00 EST,42.52620,-73.35906,951,41.6,43.0,40.2,69.4,32.3,0.000,0.000,0.00,0.000,3.0,4.0,0.5,5,8,3.9,4.9,0.6,1,7,3.0,4.0,0.5,5,8,0,29.00,,0,0,0,35.9,37.5,40.6,0.23,0.22,0.29
STEP,2015-12-21 22:25:00 EST,42.52620,-73.35906,951,39.8,42.1,37.1,75.1,32.6,0.000,0.000,0.00,0.000,4.0,4.7,0.4,1,17,4.7,5.6,0.4,356,5,4.0,4.7,0.4,1,17,0,29.00,,0,0,0,36.0,37.5,40.6,0.23,0.22,0.29
STEP,2015-12-21 22:30:00 EST,42.52620,-73.35906,951,40.0,41.6,40.0,76.4,33.2,0.000,0.000,0.00,0.000,1.8,3.1,0.4,357,9,2.5,3.8,0.6,358,11,1.8,3.1,0.4,357,9,0,29.00,,0,0,0,36.0,37.5,40.6,0.23,0.22,0.29
STEP,2015-12-21 22:35:00 EST,42.52620,-73.35906,951,40.7,41.6,40.7,73.2,32.8,0.000,0.000,0.00,0.000,2.0,2.6,0.4,358,7,2.7,3.6,0.5,360,7,2.0,2.6,0.4,358,7,0,29.00,,0,0,0,36.0,37.5,40.6,0.23,0.22,0.29
STEP,2015-12-21 22:40:00 EST,42.52620,-73.35906,951,39.5,40.9,39.5,75.3,32.4,0.000,0.000,0.00,0.000,2.8,3.5,0.4,17,12,3.4,4.3,0.7,13,13,2.8,3.5,0.4,17,12,0,29.00,,0,0,0,36.0,37.5,40.6,0.23,0.22,0.29
STEP,2015-12-21 22:45:00 EST,42.52620,-73.35906,951,39.3,41.0,39.3,77.0,32.7,0.000,0.000,0.00,0.000,2.3,3.4,0.6,15,8,2.9,4.5,0.8,12,8,2.3,3.4,0.6,15,8,0,29.01,,0,0,0,36.0,37.5,40.6,0.23,0.22,0.29
STEP,2015-12-21 22:50:00 EST,42.52620,-73.35906,951,39.0,41.1,36.9,76.2,32.1,0.000,0.000,0.00,0.000,3.3,4.2,0.6,33,7,3.6,4.5,0.5,30,6,3.3,4.2,0.6,33,7,0,29.01,,0,0,0,36.0,37.5,40.6,0.23,0.22,0.29
STEP,2015-12-21 22:55:00 EST,42.52620,-73.35906,951,39.6,41.1,39.6,75.0,32.4,0.000,0.000,0.00,0.000,1.5,3.9,1.2,48,24,1.8,4.0,1.0,51,30,1.5,3.9,1.2,48,24,0,29.01,,0,0,0,36.0,37.5,40.6,0.23,0.22,0.29
STEP,2015-12-21 23:00:00 EST,42.52620,-73.35906,951,39.6,41.5,37.8,72.9,31.6,0.000,0.000,0.00,0.000,3.1,4.3,1.2,17,5,3.8,5.1,1.2,11,6,3.1,4.3,1.2,17,5,0,29.01,,0,0,0,36.1,37.5,40.6,0.23,0.22,0.29
STEP,2015-12-21 23:05:00 EST,42.52620,-73.35906,951,39.4,41.2,37.5,74.3,31.9,0.000,0.000,0.00,0.000,3.1,4.5,0.7,22,7,3.6,5.4,0.8,16,9,3.1,4.5,0.7,22,7,0,29.01,,0,0,0,36.1,37.6,40.6,0.23,0.22,0.29
STEP,2015-12-21 23:10:00 EST,42.52620,-73.35906,951,38.3,40.4,38.3,79.7,32.6,0.000,0.000,0.00,0.000,2.4,3.1,0.4,31,6,2.8,4.0,0.5,26,7,2.4,3.1,0.4,31,6,0,29.01,,0,0,0,36.1,37.6,40.6,0.23,0.22,0.29
STEP,2015-12-21 23:15:00 EST,42.52620,-73.35906,951,38.3,40.5,38.3,82.7,33.6,0.000,0.000,0.00,0.000,1.9,2.5,0.3,28,4,2.3,2.9,0.4,24,6,1.9,2.5,0.3,28,4,0,29.01,,0,0,0,36.1,37.6,40.6,0.23,0.22,0.29
STEP,2015-12-21 23:20:00 EST,42.52620,-73.35906,951,38.6,39.7,38.6,84.6,34.4,0.000,0.000,0.00,0.000,1.4,2.6,0.7,21,3,2.1,3.4,0.6,3,14,1.4,2.6,0.7,21,3,0,29.02,,0,0,0,36.1,37.6,40.6,0.23,0.22,0.29
STEP,2015-12-21 23:25:00 EST,42.52620,-73.35906,951,38.6,39.5,38.6,83.6,34.1,0.000,0.000,0.00,0.000,2.5,3.1,0.3,20,4,3.0,3.8,0.3,16,6,2.5,3.1,0.3,20,4,0,29.01,,0,0,0,36.1,37.6,40.6,0.22,0.22,0.29
STEP,2015-12-21 23:30:00 EST,42.52620,-73.35906,951,38.6,39.5,38.6,83.4,34.0,0.000,0.000,0.00,0.000,1.4,2.6,0.7,39,27,1.9,3.1,0.6,47,32,1.4,2.6,0.7,39,27,0,29.01,,0,0,0,36.1,37.6,40.6,0.23,0.22,0.29
STEP,2015-12-21 23:35:00 EST,42.52620,-73.35906,951,39.0,40.0,39.0,80.0,33.3,0.000,0.000,0.00,0.000,1.9,3.9,0.9,4,38,2.3,4.5,0.9,357,35,1.9,3.9,0.9,4,38,0,29.01,,0,0,0,36.1,37.6,40.6,0.23,0.22,0.29
STEP,2015-12-21 23:40:00 EST,42.52620,-73.35906,951,38.3,39.8,36.2,83.8,33.9,0.000,0.000,0.00,0.000,3.2,4.3,0.6,335,6,3.5,4.9,0.8,331,8,3.2,4.3,0.6,335,6,0,29.01,,0,0,0,36.2,37.7,40.6,0.23,0.22,0.29
STEP,2015-12-21 23:45:00 EST,42.52620,-73.35906,951,38.4,39.5,38.4,84.5,34.2,0.000,0.000,0.00,0.000,1.2,2.3,0.5,340,13,1.8,3.6,0.6,341,15,1.2,2.3,0.5,340,13,0,29.01,,0,0,0,36.1,37.6,40.6,0.23,0.22,0.29
STEP,2015-12-21 23:50:00 EST,42.52620,-73.35906,951,38.6,39.7,38.6,83.9,34.1,0.000,0.000,0.00,0.000,2.0,2.9,0.7,357,3,2.7,4.0,0.8,350,7,2.0,2.9,0.7,357,3,0,29.01,,0,0,0,36.2,37.6,40.6,0.23,0.22,0.29
STEP,2015-12-21 23:55:00 EST,42.52620,-73.35906,951,38.3,39.8,38.3,84.5,34.0,0.000,0.000,0.00,0.000,2.1,2.8,0.6,1,8,2.7,3.6,0.8,355,14,2.1,2.8,0.6,1,8,0,29.01,,0,0,0,36.2,37.7,40.6,0.23,0.22,0.29
WATE,2015-12-21 00:00:00 EST,42.87966,-76.81255,478,35.7,35.9,26.1,56.3,21.7,0.000,0.000,0.00,0.000,15.7,22.1,2.6,171,9,16.8,25.5,3.1,173,7,15.7,22.1,2.6,171,9,0,29.66,,0,0,0,34.9,38.3,43.6,0.40,0.45,0.45
WATE,2015-12-21 00:05:00 EST,42.87966,-76.81255,478,35.8,36.0,26.0,57.1,22.1,0.000,0.000,0.00,0.000,16.4,24.1,3.3,170,9,17.6,28.0,3.7,172,7,16.4,24.1,3.3,170,9,0,29.66,,0,0,0,34.9,38.3,43.6,0.40,0.44,0.45
WATE,2015-12-21 00:10:00 EST,42.87966,-76.81255,478,36.1,36.3,25.7,55.5,21.7,0.000,0.000,0.00,0.000,18.6,26.5,2.6,172,7,20.1,29.5,3.1,173,7,18.6,26.5,2.6,172,7,0,29.66,,0,0,0,34.8,38.3,43.5,0.40,0.45,0.45
WATE,2015-12-21 00:15:00 EST,42.87966,-76.81255,478,36.0,36.2,25.9,55.8,21.7,0.000,0.000,0.00,0.000,17.6,23.5,3.2,169,8,18.6,25.5,3.4,171,7,17.6,23.5,3.2,169,8,0,29.65,,0,0,0,34.8,38.3,43.6,0.40,0.45,0.45
WATE,2015-12-21 00:20:00 EST,42.87966,-76.81255,478,36.0,36.2,25.7,56.0,21.8,0.000,0.000,0.00,0.000,18.3,23.2,2.3,170,8,19.5,26.2,2.8,172,6,18.3,23.2,2.3,170,8,0,29.65,,0,0,0,34.8,38.2,43.5,0.40,0.44,0.45
WATE,2015-12-21 00:25:00 EST,42.87966,-76.81255,478,36.0,36.2,26.9,56.0,21.8,0.000,0.000,0.00,0.000,14.3,18.3,2.0,170,11,15.1,19.5,2.1,173,9,14.3,18.3,2.0,170,11,0,29.65,,0,0,0,34.9,38.3,43.5,0.40,0.45,0.45
WATE,2015-12-21 00:30:00 EST,42.87966,-76.81255,478,35.9,36.1,27.3,56.5,22.0,0.000,0.000,0.00,0.000,13.2,18.1,2.1,172,12,14.1,19.9,2.3,173,9,13.2,18.1,2.1,172,12,0,29.65,,0,0,0,34.9,38.2,43.5,0.40,0.45,0.45
WATE,2015-12-21 00:35:00 EST,42.87966,-76.81255,478,36.0,36.2,27.0,55.7,21.7,0.000,0.000,0.00,0.000,14.1,20.6,2.5,172,10,15.4,23.5,2.7,174,8,14.1,20.6,2.5,172,10,0,29.65,,0,0,0,34.8,38.2,43.6,0.40,0.44,0.45
WATE,2015-12-21 00:40:00 EST,42.87966,-76.81255,478,35.9,36.1,27.4,55.6,21.6,0.000,0.000,0.00,0.000,12.8,18.3,2.5,172,10,13.8,18.8,2.7,174,8,12.8,18.3,2.5,172,10,0,29.64,,0,0,0,34.8,38.2,43.5,0.40,0.45,0.45
WATE,2015-12-21 00:45:00 EST,42.87966,-76.81255,478,36.0,36.2,27.9,54.7,21.3,0.000,0.000,0.00,0.000,11.9,18.0,2.5,166,11,12.7,18.8,2.8,168,10,11.9,18.0,2.5,166,11,0,29.64,,0,0,0,34.8,38.2,43.5,0.40,0.45,0.45
WATE,2015-12-21 00:50:00 EST,42.87966,-76.81255,478,36.0,36.2,27.9,55.2,21.5,0.000,0.000,0.00,0.000,11.7,19.1,3.3,167,11,12.4,21.5,3.5,168,11,11.7,19.1,3.3,167,11,0,29.64,,0,0,0,34.8,38.2,43.5,0.40,0.45,0.45
WATE,2015-12-21 00:55:00 EST,42.87966,-76.81255,478,36.0,36.2,28.1,55.5,21.6,0.000,0.000,0.00,0.000,11.5,17.0,2.0,168,12,12.4,19.0,2.3,171,10,11.5,17.0,2.0,168,12,0,29.63,,0,0,0,34.8,38.2,43.5,0.40,0.45,0.44
WATE,2015-12-21 01:00:00 EST,42.87966,-76.81255,478,36.1,36.3,27.3,55.0,21.5,0.000,0.000,0.00,0.000,13.6,19.4,2.8,169,10,14.5,22.6,3.1,171,8,13.6,19.4,2.8,169,10,0,29.63,,0,0,0,34.8,38.2,43.5,0.40,0.45,0.45
WATE,2015-12-21 01:05:00 EST,42.87966,-76.81255,478,36.2,36.3,27.1,54.2,21.2,0.000,0.000,0.00,0.000,14.7,22.7,2.9,174,10,15.8,24.6,3.2,176,8,14.7,22.7,2.9,174,10,0,29.63,,0,0,0,34.8,38.2,43.5,0.40,0.45,0.45
WATE,2015-12-21 01:10:00 EST,42.87966,-76.81255,478,36.2,36.4,26.9,53.9,21.1,0.000,0.000,0.00,0.000,15.2,22.1,2.8,173,9,16.2,24.8,3.1,175,7,15.2,22.1,2.8,173,9,0,29.63,,0,0,0,34.8,38.2,43.5,0.40,0.45,0.45
WATE,2015-12-21 01:15:00 EST,42.87966,-76.81255,478,36.3,36.5,27.9,54.2,21.3,0.000,0.000,0.00,0.000,12.6,20.8,2.4,169,9,13.4,23.7,2.9,172,7,12.6,20.8,2.4,169,9,0,29.63,,0,0,0,34.8,38.2,43.5,0.40,0.45,0.45
WATE,2015-12-21 01:20:00 EST,42.87966,-76.81255,478,36.3,36.5,27.4,54.6,21.5,0.000,0.000,0.00,0.000,14.3,20.2,2.3,172,10,15.5,23.5,2.7,174,9,14.3,20.2,2.3,172,10,0,29.62,,0,0,0,34.8,38.1,43.5,0.40,0.45,0.45
WATE,2015-12-21 01:25:00 EST,42.87966,-76.81255,478,36.3,36.6,27.9,54.6,21.6,0.000,0.000,0.00,0.000,13.0,18.7,2.6,171,9,14.0,20.1,2.8,174,8,13.0,18.7,2.6,171,9,0,29.62,,0,0,0,34.8,38.2,43.5,0.40,0.45,0.45
WATE,2015-12-21 01:30:00 EST,42.87966,-76.81255,478,36.4,36.6,28.1,54.6,21.6,0.000,0.000,0.00,0.000,12.4,17.5,2.3,167,13,13.2,19.0,2.5,170,10,12.4,17.5,2.3,167,13,0,29.62,,0,0,0,34.8,38.2,43.5,0.40,0.45,0.45
WATE,2015-12-21 01:35:00 EST,42.87966,-76.81255,478,36.5,36.7,28.6,53.2,21.1,0.000,0.000,0.00,0.000,11.6,17.5,2.4,171,10,12.5,18.6,2.6,173,8,11.6,17.5,2.4,171,10,0,29.63,,0,0,0,34.8,38.2,43.5,0.40,0.45,0.45
WATE,2015-12-21 01:40:00 EST,42.87966,-76.81255,478,36.5,36.8,28.6,52.7,20.9,0.000,0.000,0.00,0.000,11.6,17.3,2.0,172,10,12.4,19.0,2.3,175,9,11.6,17.3,2.0,172,10,0,29.63,,0,0,0,34.8,38.2,43.5,0.40,0.45,0.45
WATE,2015-12-21 01:45:00 EST,42.87966,-76.81255,478,36.7,37.0,28.8,52.0,20.7,0.000,0.000,0.00,0.000,11.7,16.9,2.0,172,8,12.5,18.1,2.3,174,8,11.7,16.9,2.0,172,8,0,29.63,,0,0,0,34.8,38.2,43.5,0.40,0.45,0.45
WATE,2015-12-21 01:50:00 EST,42.87966,-76.81255,478,36.8,37.0,29.2,51.7,20.7,0.000,0.000,0.00,0.000,11.1,15.1,1.7,170,10,11.8,17.0,1.8,173,9,11.1,15.1,1.7,170,10,0,29.63,,0,0,0,34.8,38.1,43.5,0.40,0.45,0.45
WATE,2015-12-21 01:55:00 EST,42.87966,-76.81255,478,36.7,37.1,29.6,52.0,20.8,0.000,0.000,0.00,0.000,10.0,15.3,1.7,176,8,10.6,16.3,1.8,177,7,10.0,15.3,1.7,176,8,0,29.63,,0,0,0,34.8,38.2,43.5,0.40,0.45,0.45
WATE,2015-12-21 02:00:00 EST,42.87966,-76.81255,478,37.2,37.5,30.0,50.6,20.5,0.000,0.000,0.00,0.000,10.3,14.4,1.6,175,7,11.0,15.7,1.7,176,7,10.3,14.4,1.6,175,7,0,29.63,,0,0,0,34.8,38.1,43.5,0.40,0.45,0.45
WATE,2015-12-21 02:05:00 EST,42.87966,-76.81255,478,37.5,37.8,30.6,49.5,20.3,0.000,0.000,0.00,0.000,9.9,15.1,1.8,174,11,10.6,16.8,2.0,176,10,9.9,15.1,1.8,174,11,0,29.63,,0,0,0,34.8,38.1,43.5,0.40,0.45,0.45
WATE,2015-12-21 02:10:00 EST,42.87966,-76.81255,478,37.7,38.0,30.8,48.7,20.1,0.000,0.000,0.00,0.000,10.0,14.0,1.6,179,9,10.6,15.7,1.8,182,8,10.0,14.0,1.6,179,9,0,29.64,,0,0,0,34.8,38.1,43.5,0.40,0.45,0.45
WATE,2015-12-21 02:15:00 EST,42.87966,-76.81255,478,38.0,38.3,30.5,48.0,20.0,0.000,0.000,0.00,0.000,11.3,15.9,1.6,177,7,12.0,18.1,2.0,179,6,11.3,15.9,1.6,177,7,0,29.64,,0,0,0,34.9,38.1,43.5,0.40,0.45,0.45
WATE,2015-12-21 02:20:00 EST,42.87966,-76.81255,478,38.1,38.5,29.9,47.4,19.8,0.000,0.000,0.00,0.000,13.6,17.5,2.1,176,8,14.3,20.4,2.3,177,6,13.6,17.5,2.1,176,8,0,29.63,,0,0,0,34.8,38.1,43.5,0.40,0.45,0.45
WATE,2015-12-21 02:25:00 EST,42.87966,-76.81255,478,38.4,38.7,30.2,46.8,19.8,0.000,0.000,0.00,0.000,13.5,19.2,1.9,173,8,14.4,21.9,2.3,175,6,13.5,19.2,1.9,173,8,0,29.63,,0,0,0,34.8,38.1,43.5,0.40,0.45,0.45
WATE,2015-12-21 02:30:00 EST,42.87966,-76.81255,478,38.5,38.8,30.4,46.5,19.7,0.000,0.000,0.00,0.000,13.4,16.7,1.6,174,8,14.2,17.7,1.8,177,7,13.4,16.7,1.6,174,8,0,29.63,,0,0,0,34.8,38.1,43.5,0.40,0.44,0.45
WATE,2015-12-21 02:35:00 EST,42.87966,-76.81255,478,38.5,38.8,30.7,46.6,19.8,0.000,0.000,0.00,0.000,12.7,17.4,1.8,175,7,13.6,20.1,2.1,177,6,12.7,17.4,1.8,175,7,0,29.63,,0,0,0,34.9,38.1,43.5,0.40,0.45,0.45
WATE,2015-12-21 02:40:00 EST,42.87966,-76.81255,478,38.5,38.8,31.0,46.6,19.8,0.000,0.000,0.00,0.000,11.8,16.1,1.6,169,9,12.4,16.1,1.7,172,8,11.8,16.1,1.6,169,9,0,29.62,,0,0,0,34.9,38.1,43.5,0.40,0.44,0.45
WATE,2015-12-21 02:45:00 EST,42.87966,-76.81255,478,38.5,38.9,31.2,46.2,19.6,0.000,0.000,0.00,0.000,11.6,16.1,2.0,173,11,12.4,17.9,2.4,175,8,11.6,16.1,2.0,173,11,0,29.62,,0,0,0,34.8,38.1,43.5,0.40,0.45,0.45
WATE,2015-12-21 02:50:00 EST,42.87966,-76.81255,478,38.6,39.0,31.9,46.0,19.6,0.000,0.000,0.00,0.000,10.2,14.0,1.7,178,12,10.9,16.3,1.9,180,10,10.2,14.0,1.7,178,12,0,29.63,,0,0,0,34.9,38.1,43.5,0.40,0.45,0.45
WATE,2015-12-21 02:55:00 EST,42.87966,-76.81255,478,38.7,39.2,30.8,46.2,19.8,0.000,0.000,0.00,0.000,13.3,16.7,2.0,173,8,14.0,19.2,2.2,175,7,13.3,16.7,2.0,173,8,0,29.62,,0,0,0,34.9,38.1,43.5,0.40,0.45,0.45
WATE,2015-12-21 03:00:00 EST,42.87966,-76.81255,478,38.8,39.2,31.3,46.1,19.8,0.000,0.000,0.00,0.000,12.2,17.5,2.2,181,10,12.9,19.7,2.5,183,8,12.2,17.5,2.2,181,10,0,29.63,,0,0,0,34.9,38.1,43.5,0.40,0.45,0.45
WATE,2015-12-21 03:05:00 EST,42.87966,-76.81255,478,38.7,39.2,31.4,46.8,20.1,0.000,0.000,0.00,0.000,11.7,15.3,1.6,181,9,12.5,17.0,2.1,183,8,11.7,15.3,1.6,181,9,0,29.62,,0,0,0,34.9,38.1,43.5,0.40,0.45,0.45
WATE,2015-12-21 03:10:00 EST,42.87966,-76.81255,478,38.7,39.1,31.5,47.2,20.3,0.000,0.000,0.00,0.000,11.1,15.9,1.6,178,8,11.8,16.6,1.8,180,7,11.1,15.9,1.6,178,8,0,29.62,,0,0,0,34.9,38.1,43.5,0.40,0.45,0.45
WATE,2015-12-21 03:15:00 EST,42.87966,-76.81255,478,38.9,39.4,31.3,46.8,20.3,0.000,0.000,0.00,0.000,12.5,17.5,1.7,177,7,13.3,19.2,2.0,179,5,12.5,17.5,1.7,177,7,0,29.61,,0,0,0,34.9,38.1,43.5,0.40,0.45,0.45
WATE,2015-12-21 03:20:00 EST,42.87966,-76.81255,478,39.2,39.7,31.7,45.9,20.1,0.000,0.000,0.00,0.000,12.3,15.9,1.7,171,9,13.2,17.7,2.0,173,8,12.3,15.9,1.7,171,9,0,29.61,,0,0,0,34.9,38.1,43.5,0.40,0.45,0.45
WATE,2015-12-21 03:25:00 EST,42.87966,-76.81255,478,39.3,39.7,31.8,45.7,20.1,0.000,0.000,0.00,0.000,12.6,18.5,2.3,167,9,13.6,20.8,2.7,169,7,12.6,18.5,2.3,167,9,0,29.61,,0,0,0,34.9,38.1,43.4,0.40,0.44,0.44
WATE,2015-12-21 03:30:00 EST,42.87966,-76.81255,478,39.3,39.7,32.3,45.5,20.0,0.000,0.000,0.00,0.000,11.3,16.1,2.1,172,10,12.4,17.7,2.3,174,8,11.3,16.1,2.1,172,10,0,29.60,,0,0,0,34.9,38.1,43.5,0.40,0.45,0.45
WATE,2015-12-21 03:35:00 EST,42.87966,-76.81255,478,39.5,39.9,32.0,45.3,20.0,0.000,0.000,0.00,0.000,12.4,18.3,2.6,174,11,13.5,20.4,2.8,177,9,12.4,18.3,2.6,174,11,0,29.60,,0,0,0,34.9,38.1,43.4,0.40,0.44,0.45
WATE,2015-12-21 03:40:00 EST,42.87966,-76.81255,478,39.3,39.9,32.3,45.7,20.1,0.000,0.000,0.00,0.000,11.1,14.7,1.5,174,11,11.7,16.6,1.6,176,9,11.1,14.7,1.5,174,11,0,29.60,,0,0,0,34.9,38.1,43.5,0.40,0.45,0.45
WATE,2015-12-21 03:45:00 EST,42.87966,-76.81255,478,39.6,40.2,32.2,45.0,20.0,0.000,0.000,0.00,0.000,12.6,17.5,1.8,174,8,13.4,18.3,1.9,176,7,12.6,17.5,1.8,174,8,0,29.60,,0,0,0,34.9,38.1,43.4,0.40,0.45,0.45
WATE,2015-12-21 03:50:00 EST,42.87966,-76.81255,478,39.7,40.2,32.4,44.9,20.1,0.000,0.000,0.00,0.000,12.3,16.7,2.0,173,9,13.2,19.5,2.2,176,8,12.3,16.7,2.0,173,9,0,29.59,,0,0,0,34.9,38.1,43.5,0.40,0.45,0.45
WATE,2015-12-21 03:55:00 EST,42.87966,-76.81255,478,40.0,40.4,32.3,44.1,19.9,0.000,0.000,0.00,0.000,13.5,18.0,2.4,172,11,14.5,21.5,2.8,173,9,13.5,18.0,2.4,172,11,0,29.59,,0,0,0,34.9,38.1,43.4,0.40,0.45,0.45
WATE,2015-12-21 04:00:00 EST,42.87966,-76.81255,478,40.0,40.5,32.4,44.1,19.9,0.000,0.000,0.00,0.000,13.4,18.3,2.2,175,8,14.3,20.1,2.4,176,8,13.4,18.3,2.2,175,8,0,29.59,,0,0,0,34.9,38.1,43.4,0.40,0.45,0.45
WATE,2015-12-21 04:05:00 EST,42.87966,-76.81255,478,39.9,40.4,32.3,44.5,20.0,0.000,0.000,0.00,0.000,13.4,20.9,2.5,173,9,14.1,22.4,2.7,175,7,13.4,20.9,2.5,173,9,0,29.58,,0,0,0,34.9,38.1,43.4,0.40,0.45,0.45
WATE,2015-12-21 04:10:00 EST,42.87966,-76.81255,478,40.0,40.4,32.2,44.4,20.0,0.000,0.000,0.00,0.000,13.8,21.4,3.0,171,10,14.8,24.2,3.3,174,9,13.8,21.4,3.0,171,10,0,29.58,,0,0,0,34.9,38.1,43.4,0.40,0.45,0.45
WATE,2015-12-21 04:15:00 EST,42.87966,-76.81255,478,40.1,40.6,32.0,44.0,19.9,0.000,0.000,0.00,0.000,15.1,19.2,2.1,174,8,16.1,20.6,2.3,176,6,15.1,19.2,2.1,174,8,0,29.58,,0,0,0,34.9,38.1,43.4,0.40,0.44,0.44
WATE,2015-12-21 04:20:00 EST,42.87966,-76.81255,478,40.2,40.6,32.3,43.9,19.9,0.000,0.000,0.00,0.000,14.3,23.6,2.9,173,10,15.1,24.8,3.2,175,10,14.3,23.6,2.9,173,10,0,29.57,,0,0,0,34.9,38.1,43.4,0.40,0.45,0.45
WATE,2015-12-21 04:25:00 EST,42.87966,-76.81255,478,40.0,40.5,32.4,44.9,20.3,0.000,0.000,0.00,0.000,13.1,18.7,2.0,173,9,14.2,21.3,2.3,176,8,13.1,18.7,2.0,173,9,0,29.57,,0,0,0,34.9,38.1,43.4,0.40,0.45,0.45
WATE,2015-12-21 04:30:00 EST,42.87966,-76.81255,478,40.3,40.7,32.3,44.6,20.4,0.000,0.000,0.00,0.000,14.6,21.8,3.1,174,8,15.5,23.9,3.4,176,6,14.6,21.8,3.1,174,8,0,29.56,,0,0,0,34.9,38.1,43.4,0.40,0.45,0.45
WATE,2015-12-21 04:35:00 EST,42.87966,-76.81255,478,40.3,40.8,32.9,44.4,20.4,0.000,0.000,0.00,0.000,12.9,17.9,2.2,170,7,13.8,20.6,2.6,173,6,12.9,17.9,2.2,170,7,0,29.56,,0,0,0,34.9,38.1,43.4,0.40,0.45,0.45
WATE,2015-12-21 04:40:00 EST,42.87966,-76.81255,478,40.0,40.6,32.7,45.8,20.8,0.000,0.000,0.00,0.000,12.5,16.8,2.0,171,9,13.3,20.1,2.0,173,7,12.5,16.8,2.0,171,9,0,29.56,,0,0,0,34.9,38.1,43.3,0.40,0.44,0.45
WATE,2015-12-21 04:45:00 EST,42.87966,-76.81255,478,40.1,40.6,32.5,45.7,20.8,0.000,0.000,0.00,0.000,13.4,18.4,2.3,173,8,14.4,20.6,2.6,176,7,13.4,18.4,2.3,173,8,0,29.56,,0,0,0,34.9,38.1,43.4,0.40,0.44,0.45
WATE,2015-12-21 04:50:00 EST,42.87966,-76.81255,478,40.2,40.7,32.6,45.2,20.7,0.000,0.000,0.00,0.000,13.6,17.6,2.2,174,9,14.6,19.9,2.5,176,8,13.6,17.6,2.2,174,9,0,29.56,,0,0,0,34.9,38.1,43.4,0.40,0.45,0.45
WATE,2015-12-21 04:55:00 EST,42.87966,-76.81255,478,40.1,40.6,32.7,45.4,20.7,0.000,0.000,0.00,0.000,13.0,18.7,1.7,173,9,14.0,21.9,2.1,175,7,13.0,18.7,1.7,173,9,0,29.56,,0,0,0,34.9,38.1,43.4,0.40,0.45,0.45
WATE,2015-12-21 05:00:00 EST,42.87966,-76.81255,478,40.1,40.7,32.4,45.7,20.8,0.000,0.000,0.00,0.000,13.6,18.9,2.5,172,8,14.2,21.5,2.8,174,6,13.6,18.9,2.5,172,8,0,29.56,,0,0,0,34.9,38.1,43.4,0.40,0.45,0.45
WATE,2015-12-21 05:05:00 EST,42.87966,-76.81255,478,40.1,40.7,32.7,45.7,20.8,0.000,0.000,0.00,0.000,13.0,17.7,2.0,171,10,13.7,19.2,2.3,173,8,13.0,17.7,2.0,171,10,0,29.56,,0,0,0,34.8,38.1,43.3,0.40,0.45,0.45
WATE,2015-12-21 05:10:00 EST,42.87966,-76.81255,478,40.6,41.1,32.4,44.7,20.7,0.000,0.000,0.00,0.000,15.6,20.7,2.1,174,7,16.5,22.6,2.5,176,6,15.6,20.7,2.1,174,7,0,29.56,,0,0,0,34.9,38.1,43.4,0.40,0.45,0.45
WATE,2015-12-21 05:15:00 EST,42.87966,-76.81255,478,40.8,41.3,32.6,43.7,20.4,0.000,0.000,0.00,0.000,15.8,19.8,2.1,174,8,16.8,22.4,2.5,176,6,15.8,19.8,2.1,174,8,0,29.56,,0,0,0,34.9,38.1,43.4,0.40,0.45,0.45
WATE,2015-12-21 05:20:00 EST,42.87966,-76.81255,478,40.9,41.3,33.0,43.4,20.3,0.000,0.000,0.00,0.000,14.9,20.0,2.0,172,8,15.9,22.1,2.4,174,6,14.9,20.0,2.0,172,8,0,29.56,,0,0,0,34.9,38.1,43.4,0.40,0.45,0.45
WATE,2015-12-21 05:25:00 EST,42.87966,-76.81255,478,40.8,41.3,33.2,43.7,20.4,0.000,0.000,0.00,0.000,14.0,21.6,2.5,172,9,15.0,23.5,2.9,174,7,14.0,21.6,2.5,172,9,0,29.56,,0,0,0,34.9,38.1,43.3,0.40,0.45,0.45
WATE,2015-12-21 05:30:00 EST,42.87966,-76.81255,478,40.8,41.2,33.2,44.0,20.5,0.000,0.000,0.00,0.000,13.7,21.5,2.6,170,11,14.6,22.1,2.8,173,9,13.7,21.5,2.6,170,11,0,29.56,,0,0,0,34.9,38.1,43.3,0.40,0.45,0.45
WATE,2015-12-21 05:35:00 EST,42.87966,-76.81255,478,40.8,41.3,33.1,44.0,20.6,0.000,0.000,0.00,0.000,14.3,20.3,1.8,169,9,15.3,22.8,2.1,172,6,14.3,20.3,1.8,169,9,0,29.56,,0,0,0,34.9,38.1,43.3,0.40,0.45,0.44
WATE,2015-12-21 05:40:00 EST,42.87966,-76.81255,478,40.7,41.2,33.3,44.4,20.7,0.000,0.000,0.00,0.000,13.5,17.8,2.0,167,10,14.4,19.7,2.2,171,8,13.5,17.8,2.0,167,10,0,29.55,,0,0,0,34.9,38.1,43.3,0.40,0.45,0.45
WATE,2015-12-21 05:45:00 EST,42.87966,-76.81255,478,40.4,40.9,33.1,45.6,21.0,0.000,0.000,0.00,0.000,12.7,17.5,2.1,167,8,13.6,20.6,2.5,169,7,12.7,17.5,2.1,167,8,0,29.55,,0,0,0,34.9,38.1,43.3,0.40,0.45,0.45
WATE,2015-12-21 05:50:00 EST,42.87966,-76.81255,478,40.2,40.7,32.8,47.0,21.5,0.000,0.000,0.00,0.000,12.7,16.6,1.8,171,7,13.7,18.6,2.0,173,6,12.7,16.6,1.8,171,7,0,29.55,,0,0,0,34.9,38.0,43.3,0.40,0.45,0.45
WATE,2015-12-21 05:55:00 EST,42.87966,-76.81255,478,40.1,40.7,32.7,47.4,21.7,0.000,0.000,0.00,0.000,13.0,17.2,1.8,167,8,13.8,20.4,2.0,170,7,13.0,17.2,1.8,167,8,0,29.55,,0,0,0,34.9,38.1,43.3,0.40,0.45,0.45
WATE,2015-12-21 06:00:00 EST,42.87966,-76.81255,478,40.3,40.7,33.1,47.1,21.7,0.000,0.000,0.00,0.000,12.4,16.1,1.6,169,8,13.2,18.1,2.0,171,7,12.4,16.1,1.6,169,8,0,29.55,,0,0,0,34.9,38.1,43.3,0.40,0.44,0.45
WATE,2015-12-21 06:05:00 EST,42.87966,-76.81255,478,40.2,40.7,32.9,47.6,21.9,0.000,0.000,0.00,0.000,12.7,16.2,1.6,166,8,13.6,17.9,1.8,169,6,12.7,16.2,1.6,166,8,0,29.55,,0,0,0,34.9,38.0,43.3,0.40,0.45,0.44
WATE,2015-12-21 06:10:00 EST,42.87966,-76.81255,478,40.1,40.7,33.6,48.1,22.1,0.000,0.000,0.00,0.000,10.4,14.3,1.7,164,8,11.2,16.6,1.9,167,6,10.4,14.3,1.7,164,8,0,29.55,,0,0,0,34.9,38.0,43.3,0.40,0.44,0.44
WATE,2015-12-21 06:15:00 EST,42.87966,-76.81255,478,40.3,40.9,34.6,47.6,22.0,0.000,0.000,0.00,0.000,8.8,13.3,1.7,164,8,9.6,14.1,1.8,166,7,8.8,13.3,1.7,164,8,0,29.55,,0,0,0,34.9,38.0,43.3,0.40,0.45,0.44
WATE,2015-12-21 06:20:00 EST,42.87966,-76.81255,478,40.4,41.1,34.2,47.6,22.1,0.000,0.000,0.00,0.000,9.8,13.7,1.5,162,9,10.6,15.7,1.6,165,7,9.8,13.7,1.5,162,9,0,29.55,,0,0,0,34.9,38.0,43.3,0.40,0.45,0.44
WATE,2015-12-21 06:25:00 EST,42.87966,-76.81255,478,40.6,41.3,34.4,46.9,21.9,0.000,0.000,0.00,0.000,9.9,15.1,1.5,161,10,10.5,15.9,1.6,163,10,9.9,15.1,1.5,161,10,0,29.55,,0,0,0,34.9,38.0,43.3,0.40,0.45,0.45
WATE,2015-12-21 06:30:00 EST,42.87966,-76.81255,478,40.7,41.4,34.6,46.4,21.7,0.000,0.000,0.00,0.000,9.6,12.9,1.6,161,10,10.5,15.2,1.8,164,10,9.6,12.9,1.6,161,10,0,29.55,,0,0,0,34.9,38.1,43.3,0.40,0.45,0.45
WATE,2015-12-21 06:35:00 EST,42.87966,-76.81255,478,40.8,41.5,34.2,45.9,21.6,0.000,0.000,0.00,0.000,11.1,16.6,2.0,161,10,11.8,18.3,2.2,164,9,11.1,16.6,2.0,161,10,0,29.55,,0,0,0,34.9,38.0,43.3,0.40,0.45,0.45
WATE,2015-12-21 06:40:00 EST,42.87966,-76.81255,478,40.7,41.4,34.0,46.2,21.6,0.000,0.000,0.00,0.000,11.2,15.6,1.9,161,9,11.9,17.0,2.0,163,8,11.2,15.6,1.9,161,9,0,29.55,,0,0,0,34.9,38.1,43.3,0.40,0.45,0.45
WATE,2015-12-21 06:45:00 EST,42.87966,-76.81255,478,41.0,41.6,33.8,45.5,21.5,0.000,0.000,0.00,0.000,12.7,17.0,2.0,162,9,13.5,18.1,2.2,166,8,12.7,17.0,2.0,162,9,0,29.54,,0,0,0,34.9,38.0,43.3,0.40,0.44,0.45
WATE,2015-12-21 06:50:00 EST,42.87966,-76.81255,478,41.1,41.7,34.3,45.1,21.4,0.000,0.000,0.00,0.000,12.0,15.2,1.8,163,10,12.9,17.0,1.9,166,8,12.0,15.2,1.8,163,10,0,29.54,,0,0,0,34.9,38.0,43.3,0.40,0.45,0.45
WATE,2015-12-21 06:55:00 EST,42.87966,-76.81255,478,41.1,41.7,34.7,45.2,21.5,0.000,0.000,0.00,0.000,10.7,14.4,1.6,165,10,11.4,15.9,1.8,167,8,10.7,14.4,1.6,165,10,0,29.54,,0,0,0,34.9,38.0,43.3,0.40,0.44,0.45
WATE,2015-12-21 07:00:00 EST,42.87966,-76.81255,478,41.3,41.8,34.7,44.4,21.3,0.000,0.000,0.00,0.000,11.5,16.1,2.1,169,9,12.5,18.6,2.5,171,8,11.5,16.1,2.1,169,9,0,29.54,,0,0,0,34.9,38.0,43.3,0.40,0.45,0.44
WATE,2015-12-21 07:05:00 EST,42.87966,-76.81255,478,41.4,42.0,35.4,43.9,21.1,0.000,0.000,0.00,0.000,9.8,13.8,1.6,172,9,10.4,15.4,1.8,174,9,9.8,13.8,1.6,172,9,0,29.54,,0,0,0,34.9,38.0,43.3,0.40,0.45,0.45
WATE,2015-12-21 07:10:00 EST,42.87966,-76.81255,478,41.7,42.2,35.9,43.2,21.0,0.000,0.000,0.00,0.000,9.8,12.6,1.5,174,9,10.5,14.1,1.6,176,8,9.8,12.6,1.5,174,9,0,29.54,,0,0,0,34.9,38.0,43.3,0.40,0.45,0.45
WATE,2015-12-21 07:15:00 EST,42.87966,-76.81255,478,41.8,42.3,35.7,42.9,20.9,0.000,0.000,0.00,0.000,10.4,15.2,1.9,176,7,11.1,17.4,2.3,177,8,10.4,15.2,1.9,176,7,0,29.55,,0,0,0,34.9,38.0,43.3,0.40,0.45,0.44
WATE,2015-12-21 07:20:00 EST,42.87966,-76.81255,478,41.8,42.5,35.3,43.0,20.9,0.000,0.000,0.00,0.000,11.5,16.5,1.4,173,7,12.2,17.9,1.6,175,6,11.5,16.5,1.4,173,7,0,29.54,,0,0,0,34.9,38.0,43.2,0.40,0.45,0.45
WATE,2015-12-21 07:25:00 EST,42.87966,-76.81255,478,41.9,42.5,35.5,43.0,21.0,0.000,0.000,0.00,0.000,11.2,16.0,1.8,168,9,12.0,18.6,2.1,170,8,11.2,16.0,1.8,168,9,0,29.54,,0,0,0,34.9,38.0,43.2,0.40,0.45,0.45
WATE,2015-12-21 07:30:00 EST,42.87966,-76.81255,478,42.0,42.6,35.2,42.7,20.9,0.000,0.000,0.00,0.000,12.4,16.3,1.7,167,8,13.2,18.8,2.1,170,6,12.4,16.3,1.7,167,8,0,29.53,,0,0,0,34.9,38.0,43.3,0.40,0.45,0.44
WATE,2015-12-21 07:35:00 EST,42.87966,-76.81255,478,42.2,42.6,35.1,42.6,21.0,0.000,0.000,0.00,0.000,13.5,18.9,2.1,168,8,14.5,21.0,2.4,171,7,13.5,18.9,2.1,168,8,1,29.53,,0,0,0,34.9,38.0,43.3,0.40,0.45,0.45
WATE,2015-12-21 07:40:00 EST,42.87966,-76.81255,478,42.2,42.7,35.6,42.8,21.1,0.000,0.000,0.00,0.000,12.0,17.0,1.6,171,9,12.8,18.1,1.8,173,8,12.0,17.0,1.6,171,9,1,29.53,,0,0,0,34.9,38.0,43.3,0.40,0.45,0.45
WATE,2015-12-21 07:45:00 EST,42.87966,-76.81255,478,42.4,42.9,35.7,42.4,21.1,0.000,0.000,0.00,0.000,12.3,18.6,2.5,172,9,13.1,20.6,2.7,173,8,12.3,18.6,2.5,172,9,1,29.53,,0,0,0,34.9,38.0,43.3,0.40,0.44,0.44
WATE,2015-12-21 07:50:00 EST,42.87966,-76.81255,478,42.4,42.9,35.8,42.6,21.3,0.000,0.000,0.00,0.000,12.2,18.0,2.5,173,8,13.0,18.6,2.7,174,7,12.2,18.0,2.5,173,8,2,29.53,,0,0,0,34.9,38.0,43.2,0.40,0.45,0.45
WATE,2015-12-21 07:55:00 EST,42.87966,-76.81255,478,42.5,43.1,35.7,42.9,21.5,0.000,0.000,0.00,0.000,12.9,18.1,1.9,174,8,13.6,20.4,2.0,176,7,12.9,18.1,1.9,174,8,3,29.53,,0,0,0,34.9,38.0,43.3,0.40,0.45,0.45
WATE,2015-12-21 08:00:00 EST,42.87966,-76.81255,478,42.7,43.3,35.9,42.3,21.4,0.000,0.000,0.00,0.000,12.9,18.7,2.0,169,9,13.7,19.5,2.3,173,8,12.9,18.7,2.0,169,9,4,29.53,,0,0,0,34.9,37.9,43.3,0.40,0.45,0.44
WATE,2015-12-21 08:05:00 EST,42.87966,-76.81255,478,43.0,43.5,36.1,41.5,21.2,0.000,0.000,0.00,0.000,13.6,18.3,2.2,171,8,14.4,20.4,2.6,172,7,13.6,18.3,2.2,171,8,5,29.52,,0,0,0,34.9,37.9,43.2,0.40,0.45,0.45
WATE,2015-12-21 08:10:00 EST,42.87966,-76.81255,478,42.7,43.3,36.8,42.8,21.6,0.000,0.000,0.00,0.000,10.5,13.9,1.6,168,10,11.4,15.9,1.8,170,8,10.5,13.9,1.6,168,10,6,29.52,,0,0,0,34.9,38.0,43.2,0.40,0.44,0.44
WATE,2015-12-21 08:15:00 EST,42.87966,-76.81255,478,42.8,43.4,36.8,42.8,21.8,0.000,0.000,0.00,0.000,11.0,15.9,1.8,167,9,11.8,19.0,2.2,169,9,11.0,15.9,1.8,167,9,9,29.52,,0,0,0,34.9,38.0,43.2,0.40,0.45,0.45
WATE,2015-12-21 08:20:00 EST,42.87966,-76.81255,478,43.1,43.6,36.6,42.3,21.7,0.000,0.000,0.00,0.000,12.2,17.3,2.0,167,10,13.1,18.1,2.2,169,9,12.2,17.3,2.0,167,10,10,29.52,,0,0,0,34.9,37.9,43.2,0.40,0.44,0.45
WATE,2015-12-21 08:25:00 EST,42.87966,-76.81255,478,43.3,43.7,36.5,41.7,21.5,0.000,0.000,0.00,0.000,13.3,18.6,1.9,174,9,14.3,21.5,2.2,175,8,13.3,18.6,1.9,174,9,11,29.52,,0,0,0,34.9,38.0,43.2,0.40,0.45,0.45
WATE,2015-12-21 08:30:00 EST,42.87966,-76.81255,478,43.3,43.8,36.8,41.5,21.5,0.000,0.000,0.00,0.000,12.5,17.3,1.9,171,11,13.5,19.5,2.3,175,8,12.5,17.3,1.9,171,11,14,29.52,,0,0,0,34.9,37.9,43.2,0.40,0.45,0.44
WATE,2015-12-21 08:35:00 EST,42.87966,-76.81255,478,43.4,43.9,37.0,41.3,21.5,0.000,0.000,0.00,0.000,12.5,16.7,1.8,171,9,13.3,19.2,2.1,175,8,12.5,16.7,1.8,171,9,16,29.52,,0,0,0,34.9,37.9,43.2,0.40,0.45,0.45
WATE,2015-12-21 08:40:00 EST,42.87966,-76.81255,478,43.4,43.8,36.7,41.4,21.5,0.000,0.000,0.00,0.000,13.5,18.6,2.2,169,9,14.4,19.5,2.4,172,8,13.5,18.6,2.2,169,9,19,29.52,,0,0,0,34.9,37.9,43.2,0.40,0.45,0.45
WATE,2015-12-21 08:45:00 EST,42.87966,-76.81255,478,43.4,43.7,37.3,41.8,21.7,0.000,0.000,0.00,0.000,11.4,16.4,2.0,174,10,12.5,18.1,2.4,176,9,11.4,16.4,2.0,174,10,19,29.52,,0,0,0,34.9,37.9,43.2,0.40,0.45,0.45
WATE,2015-12-21 08:50:00 EST,42.87966,-76.81255,478,43.6,44.0,37.0,41.4,21.7,0.000,0.000,0.00,0.000,13.2,19.4,1.9,172,9,14.0,24.8,2.4,175,8,13.2,19.4,1.9,172,9,20,29.52,,0,0,0,34.9,37.9,43.2,0.40,0.45,0.45
WATE,2015-12-21 08:55:00 EST,42.87966,-76.81255,478,43.8,44.1,37.8,40.8,21.4,0.000,0.000,0.00,0.000,11.3,15.8,1.8,171,8,12.0,16.6,2.0,173,7,11.3,15.8,1.8,171,8,25,29.52,,0,0,0,34.9,37.9,43.2,0.40,0.45,0.45
WATE,2015-12-21 09:00:00 EST,42.87966,-76.81255,478,43.7,44.2,37.7,41.0,21.5,0.000,0.000,0.00,0.000,11.6,17.0,2.2,167,10,12.5,17.9,2.4,170,8,11.6,17.0,2.2,167,10,27,29.52,,0,0,0,34.9,37.9,43.2,0.40,0.45,0.44
WATE,2015-12-21 09:05:00 EST,42.87966,-76.81255,478,43.6,44.1,38.1,41.8,21.9,0.000,0.000,0.00,0.000,10.0,14.2,1.8,167,9,10.8,15.0,2.0,169,9,10.0,14.2,1.8,167,9,30,29.52,,0,0,0,34.9,37.9,43.2,0.40,0.45,0.44
WATE,2015-12-21 09:10:00 EST,42.87966,-76.81255,478,43.8,44.2,38.2,41.3,21.8,0.000,0.000,0.00,0.000,10.5,17.6,2.3,168,12,11.3,18.6,2.8,171,12,10.5,17.6,2.3,168,12,26,29.52,,0,0,0,34.9,37.9,43.2,0.40,0.45,0.44
WATE,2015-12-21 09:15:00 EST,42.87966,-76.81255,478,43.8,44.1,39.0,41.8,22.1,0.000,0.000,0.00,0.000,8.6,14.8,2.0,167,11,9.3,15.2,2.2,169,11,8.6,14.8,2.0,167,11,25,29.52,,0,0,0,34.9,37.9,43.2,0.40,0.45,0.44
WATE,2015-12-21 09:20:00 EST,42.87966,-76.81255,478,44.0,44.3,38.8,41.5,22.1,0.000,0.000,0.00,0.000,9.5,15.9,1.6,164,10,10.1,16.8,1.8,167,9,9.5,15.9,1.6,164,10,27,29.52,,0,0,0,34.9,37.9,43.2,0.40,0.45,0.44
WATE,2015-12-21 09:25:00 EST,42.87966,-76.81255,478,43.9,44.3,38.5,42.1,22.3,0.000,0.000,0.00,0.000,9.9,15.1,2.1,164,8,10.7,15.7,2.3,165,8,9.9,15.1,2.1,164,8,31,29.52,,0,0,0,34.9,37.9,43.2,0.40,0.45,0.45
WATE,2015-12-21 09:30:00 EST,42.87966,-76.81255,478,44.0,44.3,38.5,42.3,22.5,0.000,0.000,0.00,0.000,10.1,14.4,2.1,172,10,10.9,16.6,2.3,174,9,10.1,14.4,2.1,172,10,29,29.52,,0,0,0,34.9,37.9,43.2,0.40,0.44,0.45
WATE,2015-12-21 09:35:00 EST,42.87966,-76.81255,478,44.2,44.5,38.7,41.8,22.4,0.000,0.000,0.00,0.000,10.2,14.2,1.6,172,11,11.1,16.3,2.0,174,11,10.2,14.2,1.6,172,11,27,29.52,,0,0,0,34.9,37.9,43.2,0.40,0.44,0.45
WATE,2015-12-21 09:40:00 EST,42.87966,-76.81255,478,44.2,44.5,39.1,41.8,22.5,0.000,0.000,0.00,0.000,9.5,13.0,2.0,173,11,10.3,14.3,2.2,175,8,9.5,13.0,2.0,173,11,32,29.52,,0,0,0,34.9,37.9,43.2,0.40,0.45,0.44
WATE,2015-12-21 09:45:00 EST,42.87966,-76.81255,478,44.3,44.5,41.3,41.5,22.4,0.000,0.000,0.00,0.000,5.5,11.0,2.3,189,16,5.9,12.1,2.5,190,17,5.5,11.0,2.3,189,16,38,29.53,,0,0,0,34.9,37.9,43.2,0.40,0.45,0.44
WATE,2015-12-21 09:50:00 EST,42.87966,-76.81255,478,44.6,44.7,41.3,40.7,22.2,0.000,0.000,0.00,0.000,5.8,8.9,1.4,190,9,6.2,10.7,1.5,191,10,5.8,8.9,1.4,190,9,42,29.53,,0,0,0,34.9,37.9,43.2,0.40,0.45,0.44
WATE,2015-12-21 09:55:00 EST,42.87966,-76.81255,478,45.2,45.4,40.9,38.7,21.5,0.000,0.000,0.00,0.000,8.1,14.0,2.3,199,15,9.0,14.8,2.3,202,14,8.1,14.0,2.3,199,15,38,29.54,,0,0,0,34.9,37.9,43.2,0.40,0.45,0.44
WATE,2015-12-21 10:00:00 EST,42.87966,-76.81255,478,45.4,45.6,40.6,37.6,21.0,0.000,0.000,0.00,0.000,9.3,14.3,2.5,195,10,10.0,16.1,2.7,197,9,9.3,14.3,2.5,195,10,31,29.54,,0,0,0,34.9,37.9,43.1,0.40,0.45,0.44
WATE,2015-12-21 10:05:00 EST,42.87966,-76.81255,478,45.1,45.5,39.9,38.7,21.5,0.000,0.000,0.00,0.000,10.4,14.2,1.6,183,11,11.0,15.2,1.7,187,10,10.4,14.2,1.6,183,11,27,29.53,,0,0,0,34.9,37.9,43.2,0.40,0.45,0.44
WATE,2015-12-21 10:10:00 EST,42.87966,-76.81255,478,45.0,45.3,39.8,39.2,21.7,0.000,0.000,0.00,0.000,10.1,13.5,1.7,179,10,10.9,15.7,1.9,182,9,10.1,13.5,1.7,179,10,26,29.53,,0,0,0,34.9,37.9,43.2,0.40,0.45,0.44
WATE,2015-12-21 10:15:00 EST,42.87966,-76.81255,478,45.1,45.3,40.7,39.1,21.7,0.000,0.000,0.00,0.000,8.2,14.0,2.3,187,15,8.9,15.2,2.6,190,14,8.2,14.0,2.3,187,15,24,29.53,,0,0,0,34.9,37.9,43.1,0.40,0.45,0.45
WATE,2015-12-21 10:20:00 EST,42.87966,-76.81255,478,45.1,45.2,40.3,39.1,21.6,0.000,0.000,0.00,0.000,9.1,14.0,2.0,190,15,9.7,14.3,2.0,194,15,9.1,14.0,2.0,190,15,22,29.53,,0,0,0,34.9,37.9,43.2,0.40,0.45,0.44
WATE,2015-12-21 10:25:00 EST,42.87966,-76.81255,478,44.6,44.9,39.5,41.2,22.4,0.000,0.000,0.00,0.000,9.6,17.0,2.3,184,12,10.3,18.3,2.5,186,11,9.6,17.0,2.3,184,12,22,29.53,,0,0,0,34.9,37.9,43.2,0.40,0.45,0.44
WATE,2015-12-21 10:30:00 EST,42.87966,-76.81255,478,44.6,45.0,39.5,41.9,22.9,0.000,0.000,0.00,0.000,9.6,14.1,2.1,184,11,10.2,16.3,2.2,185,10,9.6,14.1,2.1,184,11,23,29.52,,0,0,0,34.9,37.9,43.2,0.40,0.45,0.45
WATE,2015-12-21 10:35:00 EST,42.87966,-76.81255,478,44.6,45.0,39.8,42.1,23.0,0.000,0.000,0.00,0.000,8.9,12.1,1.5,183,12,9.5,14.1,1.8,185,12,8.9,12.1,1.5,183,12,21,29.52,,0,0,0,34.9,37.9,43.1,0.40,0.45,0.44
WATE,2015-12-21 10:40:00 EST,42.87966,-76.81255,478,44.9,45.2,39.6,41.3,22.8,0.000,0.000,0.00,0.000,10.1,16.1,2.0,176,13,10.9,17.4,2.2,178,13,10.1,16.1,2.0,176,13,21,29.51,,0,0,0,34.9,37.9,43.2,0.40,0.45,0.45
WATE,2015-12-21 10:45:00 EST,42.87966,-76.81255,478,45.1,45.4,40.7,40.7,22.6,0.000,0.000,0.00,0.000,8.3,12.7,1.7,178,15,8.9,14.3,2.0,181,15,8.3,12.7,1.7,178,15,27,29.51,,0,0,0,34.9,37.9,43.1,0.40,0.45,0.44
WATE,2015-12-21 10:50:00 EST,42.87966,-76.81255,478,45.2,45.4,40.4,41.2,23.0,0.000,0.000,0.00,0.000,9.1,13.5,2.0,185,12,9.8,14.8,2.2,187,11,9.1,13.5,2.0,185,12,37,29.50,,0,0,0,34.9,37.9,43.1,0.40,0.45,0.45
WATE,2015-12-21 10:55:00 EST,42.87966,-76.81255,478,45.3,45.6,40.4,41.4,23.2,0.000,0.000,0.00,0.000,9.5,16.7,1.9,182,13,10.3,17.4,2.0,184,13,9.5,16.7,1.9,182,13,49,29.50,,0,0,0,34.9,37.9,43.2,0.40,0.45,0.45
WATE,2015-12-21 11:00:00 EST,42.87966,-76.81255,478,45.5,45.7,40.6,41.4,23.4,0.000,0.000,0.00,0.000,9.8,17.3,2.7,192,13,10.6,19.5,2.8,195,12,9.8,17.3,2.7,192,13,61,29.51,,0,0,0,34.9,37.9,43.1,0.40,0.45,0.45
WATE,2015-12-21 11:05:00 EST,42.87966,-76.81255,478,45.8,46.0,40.6,41.7,23.8,0.000,0.000,0.00,0.000,10.5,15.0,2.0,191,11,11.3,15.7,2.1,192,9,10.5,15.0,2.0,191,11,85,29.50,,0,0,0,34.9,37.9,43.1,0.40,0.45,0.45
WATE,2015-12-21 11:10:00 EST,42.87966,-76.81255,478,46.2,46.3,40.2,40.7,23.6,0.000,0.000,0.00,0.000,13.5,18.9,2.4,189,8,14.3,20.6,2.6,192,8,13.5,18.9,2.4,189,8,89,29.50,,0,0,0,34.9,37.9,43.1,0.40,0.45,0.45
WATE,2015-12-21 11:15:00 EST,42.87966,-76.81255,478,46.4,46.5,40.1,40.2,23.4,0.000,0.000,0.00,0.000,14.7,20.9,3.0,190,11,15.5,22.8,3.3,192,9,14.7,20.9,3.0,190,11,70,29.49,,0,0,0,34.9,37.9,43.1,0.40,0.45,0.45
WATE,2015-12-21 11:20:00 EST,42.87966,-76.81255,478,46.3,46.5,39.5,40.6,23.7,0.000,0.000,0.00,0.000,16.5,21.1,2.2,187,7,17.6,23.3,2.6,188,7,16.5,21.1,2.2,187,7,55,29.49,,0,0,0,34.9,37.9,43.1,0.40,0.45,0.44
WATE,2015-12-21 11:25:00 EST,42.87966,-76.81255,478,46.3,46.5,39.6,40.7,23.7,0.000,0.000,0.00,0.000,16.0,22.6,2.6,185,9,17.0,24.2,3.1,188,7,16.0,22.6,2.6,185,9,48,29.48,,0,0,0,34.9,37.9,43.1,0.40,0.45,0.45
WATE,2015-12-21 11:30:00 EST,42.87966,-76.81255,478,46.4,46.6,39.8,40.5,23.7,0.000,0.000,0.00,0.000,15.7,21.0,2.2,185,7,16.7,21.5,2.5,188,7,15.7,21.0,2.2,185,7,40,29.48,,0,0,0,34.9,37.9,43.1,0.40,0.45,0.44
WATE,2015-12-21 11:35:00 EST,42.87966,-76.81255,478,46.4,46.7,39.9,40.5,23.6,0.000,0.000,0.00,0.000,15.6,21.0,2.5,184,9,16.3,23.9,2.8,187,9,15.6,21.0,2.5,184,9,35,29.48,,0,0,0,34.9,37.9,43.1,0.40,0.45,0.45
WATE,2015-12-21 11:40:00 EST,42.87966,-76.81255,478,46.5,46.8,40.6,40.2,23.6,0.000,0.000,0.00,0.000,13.3,21.4,2.4,187,10,14.0,23.3,2.7,189,9,13.3,21.4,2.4,187,10,33,29.48,,0,0,0,34.9,37.9,43.1,0.40,0.45,0.44
WATE,2015-12-21 11:45:00 EST,42.87966,-76.81255,478,46.6,47.0,40.6,40.2,23.7,0.000,0.000,0.00,0.000,13.7,22.9,2.6,184,8,14.6,24.6,2.9,186,8,13.7,22.9,2.6,184,8,34,29.47,,0,0,0,34.9,37.9,43.1,0.40,0.45,0.44
WATE,2015-12-21 11:50:00 EST,42.87966,-76.81255,478,46.9,47.3,40.5,39.3,23.4,0.000,0.000,0.00,0.000,15.7,22.2,2.9,188,8,16.7,23.0,3.1,189,7,15.7,22.2,2.9,188,8,38,29.47,,0,0,0,34.9,37.9,43.1,0.40,0.45,0.44
WATE,2015-12-21 11:55:00 EST,42.87966,-76.81255,478,47.2,47.5,41.0,38.7,23.2,0.000,0.000,0.00,0.000,15.1,21.8,2.3,185,8,16.0,22.6,2.5,187,8,15.1,21.8,2.3,185,8,40,29.47,,0,0,0,35.0,37.9,43.1,0.40,0.45,0.44
WATE,2015-12-21 12:00:00 EST,42.87966,-76.81255,478,47.2,47.5,41.0,38.5,23.2,0.000,0.000,0.00,0.000,15.4,23.2,2.9,186,7,16.3,23.3,3.1,188,7,15.4,23.2,2.9,186,7,35,29.47,,0,0,0,35.0,37.9,43.1,0.40,0.45,0.44
WATE,2015-12-21 12:05:00 EST,42.87966,-76.81255,478,47.3,47.6,41.0,38.6,23.3,0.000,0.000,0.00,0.000,15.8,21.1,2.0,186,8,16.8,22.1,2.3,188,8,15.8,21.1,2.0,186,8,31,29.47,,0,0,0,35.1,37.9,43.1,0.40,0.45,0.44
WATE,2015-12-21 12:10:00 EST,42.87966,-76.81255,478,47.3,47.6,41.0,39.0,23.6,0.000,0.000,0.00,0.000,15.8,23.7,3.0,187,7,16.8,24.4,3.5,189,7,15.8,23.7,3.0,187,7,31,29.46,,0,0,0,35.1,37.9,43.1,0.40,0.45,0.44
WATE,2015-12-21 12:15:00 EST,42.87966,-76.81255,478,47.3,47.5,41.2,39.1,23.6,0.000,0.000,0.00,0.000,14.6,21.0,2.6,184,8,15.3,22.1,3.1,187,8,14.6,21.0,2.6,184,8,27,29.46,,0,0,0,35.2,37.9,43.1,0.40,0.45,0.44
WATE,2015-12-21 12:20:00 EST,42.87966,-76.81255,478,47.3,47.6,41.6,38.9,23.5,0.000,0.000,0.26,0.000,13.7,19.3,2.4,185,9,14.6,23.5,2.9,188,8,13.7,19.3,2.4,185,9,26,29.46,,0,0,0,35.2,37.9,43.1,0.40,0.45,0.44
WATE,2015-12-21 12:25:00 EST,42.87966,-76.81255,478,47.4,47.8,41.3,38.3,23.2,0.000,0.000,0.00,0.000,15.1,21.8,2.2,187,8,16.1,24.2,2.7,188,7,15.1,21.8,2.2,187,8,29,29.45,,0,0,0,35.3,37.9,43.1,0.40,0.45,0.45
WATE,2015-12-21 12:30:00 EST,42.87966,-76.81255,478,47.5,47.9,41.5,37.7,23.0,0.000,0.000,0.00,0.000,15.0,20.8,2.4,187,7,16.0,23.7,2.9,190,6,15.0,20.8,2.4,187,7,28,29.45,,0,0,0,35.4,37.9,43.1,0.40,0.45,0.45
WATE,2015-12-21 12:35:00 EST,42.87966,-76.81255,478,47.5,47.8,41.7,37.8,23.0,0.000,0.000,0.00,0.000,13.9,19.1,2.0,189,9,14.7,20.8,2.4,191,9,13.9,19.1,2.0,189,9,27,29.45,,0,0,0,35.4,37.9,43.1,0.40,0.45,0.44
WATE,2015-12-21 12:40:00 EST,42.87966,-76.81255,478,47.6,47.9,41.7,37.8,23.1,0.000,0.000,0.00,0.000,14.5,21.0,2.0,189,7,15.3,23.0,2.3,191,8,14.5,21.0,2.0,189,7,32,29.45,,0,0,0,35.4,37.9,43.1,0.40,0.45,0.45
WATE,2015-12-21 12:45:00 EST,42.87966,-76.81255,478,47.7,48.0,41.7,37.7,23.1,0.000,0.000,0.00,0.000,15.2,19.5,2.0,190,7,16.2,22.6,2.2,193,7,15.2,19.5,2.0,190,7,35,29.45,,0,0,0,35.6,37.9,43.1,0.40,0.45,0.45
WATE,2015-12-21 12:50:00 EST,42.87966,-76.81255,478,47.7,48.0,41.7,38.0,23.3,0.000,0.000,0.00,0.000,14.9,20.8,2.4,189,8,15.7,24.4,2.6,193,7,14.9,20.8,2.4,189,8,30,29.45,,0,0,0,35.6,37.9,43.1,0.40,0.45,0.45
WATE,2015-12-21 12:55:00 EST,42.87966,-76.81255,478,47.6,47.9,41.1,38.6,23.6,0.000,0.000,0.00,0.000,17.1,25.4,3.0,185,8,18.2,27.7,3.4,187,8,17.1,25.4,3.0,185,8,26,29.44,,0,0,0,35.7,37.9,43.0,0.40,0.45,0.45
WATE,2015-12-21 13:00:00 EST,42.87966,-76.81255,478,47.5,47.9,41.1,39.1,23.9,0.000,0.000,0.00,0.000,16.7,23.4,2.4,184,7,17.5,24.8,2.7,187,7,16.7,23.4,2.4,184,7,25,29.44,,0,0,0,35.8,37.9,43.1,0.40,0.45,0.44
WATE,2015-12-21 13:05:00 EST,42.87966,-76.81255,478,47.7,48.0,41.8,38.7,23.8,0.000,0.000,0.00,0.000,14.6,20.3,2.1,183,9,15.8,22.1,2.5,186,8,14.6,20.3,2.1,183,9,32,29.43,,0,0,0,35.8,37.9,43.0,0.41,0.45,0.44
WATE,2015-12-21 13:10:00 EST,42.87966,-76.81255,478,47.9,48.2,42.3,38.0,23.5,0.000,0.000,0.00,0.000,13.6,19.3,2.1,183,10,14.6,20.8,2.2,185,8,13.6,19.3,2.1,183,10,45,29.42,,0,0,0,35.9,37.9,43.0,0.41,0.45,0.44
WATE,2015-12-21 13:15:00 EST,42.87966,-76.81255,478,48.2,48.5,42.3,37.5,23.5,0.000,0.000,0.00,0.000,15.3,22.6,2.6,175,10,16.3,25.5,3.0,177,8,15.3,22.6,2.6,175,10,63,29.42,,0,0,0,36.0,37.9,43.0,0.41,0.45,0.44
WATE,2015-12-21 13:20:00 EST,42.87966,-76.81255,478,48.3,48.6,43.0,37.7,23.7,0.000,0.000,0.00,0.000,13.1,20.5,2.3,170,10,13.9,22.1,2.7,172,9,13.1,20.5,2.3,170,10,69,29.41,,0,0,0,36.0,37.9,43.0,0.41,0.45,0.44
WATE,2015-12-21 13:25:00 EST,42.87966,-76.81255,478,48.2,48.5,42.7,37.9,23.7,0.000,0.000,0.00,0.000,13.6,18.3,2.0,166,9,14.6,21.7,2.5,168,8,13.6,18.3,2.0,166,9,65,29.41,,0,0,0,36.0,37.9,43.0,0.40,0.45,0.44
WATE,2015-12-21 13:30:00 EST,42.87966,-76.81255,478,48.3,48.5,42.8,38.1,23.9,0.000,0.000,0.00,0.000,13.5,19.3,2.2,160,10,14.2,20.4,2.5,163,9,13.5,19.3,2.2,160,10,57,29.40,,0,0,0,36.0,37.9,43.0,0.40,0.45,0.45
WATE,2015-12-21 13:35:00 EST,42.87966,-76.81255,478,48.2,48.4,43.1,39.3,24.5,0.000,0.000,0.00,0.000,11.9,17.0,1.7,159,10,12.9,19.5,2.0,162,9,11.9,17.0,1.7,159,10,75,29.39,,0,0,0,36.1,37.9,43.0,0.41,0.45,0.45
WATE,2015-12-21 13:40:00 EST,42.87966,-76.81255,478,48.3,48.6,43.5,39.7,25.0,0.000,0.000,0.00,0.000,11.5,16.5,1.8,162,10,12.2,17.0,1.9,165,10,11.5,16.5,1.8,162,10,66,29.39,,0,0,0,36.2,37.9,43.0,0.41,0.45,0.44
WATE,2015-12-21 13:45:00 EST,42.87966,-76.81255,478,48.2,48.4,42.9,41.3,25.8,0.000,0.000,0.00,0.000,12.9,20.5,2.8,162,12,13.8,21.7,3.0,165,9,12.9,20.5,2.8,162,12,52,29.39,,0,0,0,36.3,37.9,43.0,0.40,0.45,0.45
WATE,2015-12-21 13:50:00 EST,42.87966,-76.81255,478,47.9,48.0,42.4,43.3,26.6,0.000,0.000,0.00,0.000,13.2,18.6,2.2,166,11,14.2,19.7,2.5,170,9,13.2,18.6,2.2,166,11,51,29.39,,0,0,0,36.3,37.9,43.0,0.40,0.45,0.44
WATE,2015-12-21 13:55:00 EST,42.87966,-76.81255,478,47.7,47.9,42.5,44.0,26.9,0.000,0.000,0.00,0.000,12.4,18.0,2.5,164,11,13.4,19.7,3.0,166,10,12.4,18.0,2.5,164,11,44,29.39,,0,0,0,36.5,37.9,43.0,0.40,0.45,0.44
WATE,2015-12-21 14:00:00 EST,42.87966,-76.81255,478,47.9,48.1,42.2,43.7,26.9,0.000,0.000,0.00,0.000,14.1,20.8,2.6,168,10,15.2,22.1,3.1,171,8,14.1,20.8,2.6,168,10,43,29.39,,0,0,0,36.5,37.9,43.0,0.41,0.45,0.44
WATE,2015-12-21 14:05:00 EST,42.87966,-76.81255,478,47.9,48.1,42.2,44.1,27.0,0.000,0.000,0.00,0.000,13.7,20.4,2.8,170,10,14.6,22.8,3.2,173,8,13.7,20.4,2.8,170,10,26,29.39,,0,0,0,36.7,37.9,43.0,0.41,0.45,0.44
WATE,2015-12-21 14:10:00 EST,42.87966,-76.81255,478,47.7,48.0,42.5,44.5,27.1,0.000,0.000,0.00,0.000,12.0,18.0,2.5,173,10,13.0,19.5,2.7,175,7,12.0,18.0,2.5,173,10,25,29.39,,0,0,0,36.7,37.9,43.0,0.41,0.45,0.45
WATE,2015-12-21 14:15:00 EST,42.87966,-76.81255,478,47.7,48.0,42.2,44.0,26.8,0.000,0.000,0.00,0.000,13.2,17.5,2.1,170,10,14.2,19.7,2.3,173,8,13.2,17.5,2.1,170,10,21,29.38,,0,0,0,36.8,37.9,43.0,0.41,0.45,0.44
WATE,2015-12-21 14:20:00 EST,42.87966,-76.81255,478,47.6,47.9,42.0,43.8,26.7,0.000,0.000,0.00,0.000,13.3,17.2,1.8,167,13,14.4,19.0,2.1,170,10,13.3,17.2,1.8,167,13,27,29.38,,0,0,0,36.9,37.9,43.0,0.41,0.44,0.44
WATE,2015-12-21 14:25:00 EST,42.87966,-76.81255,478,47.7,47.9,41.9,44.0,26.8,0.000,0.000,0.00,0.000,14.0,19.7,2.3,169,9,15.0,22.4,2.7,171,8,14.0,19.7,2.3,169,9,36,29.38,,0,0,0,36.9,37.9,43.0,0.41,0.45,0.44
WATE,2015-12-21 14:30:00 EST,42.87966,-76.81255,478,47.8,48.0,41.8,44.0,27.0,0.000,0.000,0.00,0.000,15.5,22.6,2.6,165,10,16.3,23.9,2.9,168,7,15.5,22.6,2.6,165,10,59,29.38,,0,0,0,37.0,38.0,43.0,0.41,0.45,0.44
WATE,2015-12-21 14:35:00 EST,42.87966,-76.81255,478,47.8,48.0,42.1,44.7,27.3,0.000,0.000,0.00,0.000,13.8,20.8,2.7,166,10,14.8,22.8,2.9,168,7,13.8,20.8,2.7,166,10,49,29.38,,0,0,0,37.1,37.9,43.0,0.41,0.45,0.45
WATE,2015-12-21 14:40:00 EST,42.87966,-76.81255,478,47.8,48.1,42.4,44.5,27.2,0.000,0.000,0.00,0.000,13.0,19.8,2.6,170,9,14.0,21.9,2.7,172,7,13.0,19.8,2.6,170,9,32,29.38,,0,0,0,37.2,38.0,43.0,0.41,0.45,0.44
WATE,2015-12-21 14:45:00 EST,42.87966,-76.81255,478,47.8,48.1,42.4,44.8,27.4,0.000,0.000,0.00,0.000,13.0,17.0,1.9,164,10,13.9,18.1,2.0,167,9,13.0,17.0,1.9,164,10,25,29.38,,0,0,0,37.2,38.0,43.0,0.40,0.45,0.44
WATE,2015-12-21 14:50:00 EST,42.87966,-76.81255,478,47.8,48.1,42.8,45.2,27.6,0.000,0.000,0.00,0.000,11.8,16.8,2.1,165,12,12.5,17.7,2.2,167,11,11.8,16.8,2.1,165,12,22,29.38,,0,0,0,37.2,38.0,43.0,0.41,0.45,0.44
WATE,2015-12-21 14:55:00 EST,42.87966,-76.81255,478,47.8,48.0,43.0,45.9,27.9,0.000,0.000,0.00,0.000,10.6,15.1,1.8,168,9,11.5,16.3,2.1,170,8,10.6,15.1,1.8,168,9,20,29.38,,0,0,0,37.2,38.0,43.0,0.40,0.45,0.44
WATE,2015-12-21 15:00:00 EST,42.87966,-76.81255,478,47.6,47.8,42.9,46.6,28.1,0.000,0.000,0.00,0.000,10.4,14.2,1.8,170,7,11.4,15.2,1.9,172,7,10.4,14.2,1.8,170,7,24,29.39,,0,0,0,37.2,38.0,43.0,0.41,0.45,0.44
WATE,2015-12-21 15:05:00 EST,42.87966,-76.81255,478,47.4,47.7,43.5,47.8,28.6,0.000,0.000,0.00,0.000,8.2,11.4,1.5,167,11,8.7,12.1,1.6,169,9,8.2,11.4,1.5,167,11,24,29.39,,0,0,0,37.3,38.0,43.0,0.40,0.44,0.44
WATE,2015-12-21 15:10:00 EST,42.87966,-76.81255,478,47.2,47.7,44.3,49.1,29.1,0.000,0.000,0.00,0.000,6.0,9.3,1.2,160,10,6.6,9.8,1.2,160,10,6.0,9.3,1.2,160,10,21,29.39,,0,0,0,37.4,38.0,43.0,0.41,0.45,0.44
WATE,2015-12-21 15:15:00 EST,42.87966,-76.81255,478,47.3,48.0,45.3,49.0,29.1,0.000,0.000,0.00,0.000,4.5,7.5,0.9,155,9,5.0,8.7,1.1,155,10,4.5,7.5,0.9,155,9,7,29.39,,0,0,0,37.4,38.1,43.0,0.41,0.45,0.44
WATE,2015-12-21 15:20:00 EST,42.87966,-76.81255,478,47.1,48.2,45.0,49.7,29.2,0.000,0.000,0.00,0.000,4.7,9.2,1.5,168,16,5.0,9.4,1.6,169,18,4.7,9.2,1.5,168,16,11,29.39,,0,0,0,37.4,38.1,43.0,0.41,0.45,0.44
WATE,2015-12-21 15:25:00 EST,42.87966,-76.81255,478,49.6,50.3,45.1,46.8,30.1,0.000,0.000,0.00,0.000,11.3,17.4,2.2,186,10,12.2,20.1,2.5,189,9,11.3,17.4,2.2,186,10,12,29.39,,0,0,0,37.5,38.1,43.0,0.40,0.45,0.44
WATE,2015-12-21 15:30:00 EST,42.87966,-76.81255,478,49.7,50.4,44.7,46.9,30.2,0.000,0.000,0.00,0.000,12.9,18.8,2.6,189,8,13.6,20.1,2.8,192,7,12.9,18.8,2.6,189,8,11,29.39,,0,0,0,37.6,38.1,43.0,0.41,0.45,0.44
WATE,2015-12-21 15:35:00 EST,42.87966,-76.81255,478,49.8,50.6,45.3,46.2,30.0,0.000,0.000,0.00,0.000,11.5,14.8,1.7,192,7,12.2,15.2,1.9,194,7,11.5,14.8,1.7,192,7,10,29.39,,0,0,0,37.6,38.1,43.0,0.40,0.45,0.44
WATE,2015-12-21 15:40:00 EST,42.87966,-76.81255,478,50.0,50.7,50.0,45.1,29.5,0.000,0.000,0.00,0.000,11.4,15.9,1.6,193,8,11.9,17.0,1.9,196,7,11.4,15.9,1.6,193,8,8,29.40,,0,0,0,37.6,38.1,43.0,0.40,0.45,0.44
WATE,2015-12-21 15:45:00 EST,42.87966,-76.81255,478,50.3,50.8,50.3,43.9,29.1,0.000,0.000,0.00,0.000,11.5,14.9,1.4,185,9,,,,0,0,11.5,14.9,1.4,185,9,6,29.39,,0,0,0,37.7,38.1,43.0,0.40,0.45,0.44
WATE,2015-12-21 15:50:00 EST,42.87966,-76.81255,478,50.1,50.8,50.1,44.3,29.2,0.000,0.000,0.00,0.000,11.8,17.5,2.2,182,9,12.6,18.1,2.3,183,8,11.8,17.5,2.2,182,9,4,29.39,,0,0,0,37.8,38.1,43.0,0.40,0.45,0.44
WATE,2015-12-21 15:55:00 EST,42.87966,-76.81255,478,50.1,50.7,50.1,45.1,29.6,0.000,0.000,0.00,0.000,13.5,18.9,2.1,182,8,14.3,21.0,2.4,185,8,13.5,18.9,2.1,182,8,3,29.40,,0,0,0,37.8,38.1,43.0,0.40,0.45,0.44
WATE,2015-12-21 16:00:00 EST,42.87966,-76.81255,478,49.7,50.6,45.0,46.4,30.0,0.000,0.000,0.00,0.000,12.3,16.4,1.8,182,10,13.1,18.1,2.2,184,8,12.3,16.4,1.8,182,10,3,29.40,,0,0,0,37.8,38.2,43.0,0.41,0.45,0.44
WATE,2015-12-21 16:05:00 EST,42.87966,-76.81255,478,50.0,50.8,45.0,45.8,29.9,0.000,0.000,0.00,0.000,13.4,17.8,1.7,179,7,14.1,19.5,1.9,181,6,13.4,17.8,1.7,179,7,3,29.39,,0,0,0,37.9,38.2,43.0,0.40,0.45,0.44
WATE,2015-12-21 16:10:00 EST,42.87966,-76.81255,478,50.2,50.9,50.2,45.2,29.7,0.000,0.000,0.00,0.000,12.0,16.0,1.8,180,8,12.7,18.3,2.0,182,7,12.0,16.0,1.8,180,8,2,29.40,,0,0,0,37.9,38.2,43.0,0.40,0.45,0.44
WATE,2015-12-21 16:15:00 EST,42.87966,-76.81255,478,50.3,50.9,50.3,44.9,29.7,0.000,0.000,0.00,0.000,11.6,15.0,1.7,180,7,12.4,16.6,1.9,182,7,11.6,15.0,1.7,180,7,3,29.39,,0,0,0,37.9,38.2,43.0,0.41,0.45,0.45
WATE,2015-12-21 16:20:00 EST,42.87966,-76.81255,478,50.4,51.0,50.4,44.8,29.7,0.000,0.000,0.00,0.000,12.5,17.8,1.9,181,7,13.1,21.5,2.3,183,6,12.5,17.8,1.9,181,7,1,29.40,,0,0,0,38.0,38.3,43.0,0.40,0.45,0.45
WATE,2015-12-21 16:25:00 EST,42.87966,-76.81255,478,50.5,51.1,50.5,44.5,29.6,0.000,0.000,0.00,0.000,12.6,18.8,2.1,178,8,13.4,19.9,2.4,180,7,12.6,18.8,2.1,178,8,1,29.40,,0,0,0,38.1,38.3,43.0,0.40,0.45,0.44
WATE,2015-12-21 16:30:00 EST,42.87966,-76.81255,478,50.4,51.0,50.4,45.1,29.8,0.000,0.000,0.00,0.000,11.1,15.1,1.4,180,6,11.7,17.0,1.7,182,5,11.1,15.1,1.4,180,6,1,29.40,,0,0,0,38.1,38.3,43.0,0.41,0.45,0.45
WATE,2015-12-21 16:35:00 EST,42.87966,-76.81255,478,50.3,50.9,50.3,45.2,29.9,0.000,0.000,0.00,0.000,10.6,14.2,1.4,188,8,11.0,15.9,1.5,191,7,10.6,14.2,1.4,188,8,0,29.40,,0,0,0,38.1,38.3,43.0,0.41,0.45,0.44
WATE,2015-12-21 16:40:00 EST,42.87966,-76.81255,478,50.5,51.1,50.5,44.6,29.8,0.000,0.000,0.00,0.000,11.6,15.3,1.2,187,6,12.3,17.0,1.5,190,6,11.6,15.3,1.2,187,6,0,29.40,,0,0,0,38.2,38.3,43.0,0.41,0.45,0.44
WATE,2015-12-21 16:45:00 EST,42.87966,-76.81255,478,50.4,51.0,50.4,44.5,29.6,0.000,0.000,0.00,0.000,10.6,14.6,1.8,188,10,11.0,15.9,1.9,191,10,10.6,14.6,1.8,188,10,0,29.40,,0,0,0,38.3,38.3,43.0,0.41,0.45,0.44
WATE,2015-12-21 16:50:00 EST,42.87966,-76.81255,478,50.4,50.9,50.4,44.4,29.5,0.000,0.000,0.00,0.000,8.9,12.0,1.5,205,11,9.5,13.2,1.5,207,9,8.9,12.0,1.5,205,11,0,29.40,,0,0,0,38.3,38.3,43.0,0.41,0.45,0.44
WATE,2015-12-21 16:55:00 EST,42.87966,-76.81255,478,50.4,50.9,50.4,44.5,29.5,0.000,0.000,0.00,0.000,9.2,12.1,1.2,187,10,9.7,13.2,1.3,188,10,9.2,12.1,1.2,187,10,0,29.40,,0,0,0,38.3,38.3,42.9,0.41,0.45,0.44
WATE,2015-12-21 17:00:00 EST,42.87966,-76.81255,478,50.0,50.7,46.8,45.7,29.9,0.000,0.000,0.00,0.000,7.8,12.8,1.7,181,8,8.3,13.6,1.8,183,7,7.8,12.8,1.7,181,8,0,29.40,,0,0,0,38.3,38.3,43.0,0.41,0.45,0.44
WATE,2015-12-21 17:05:00 EST,42.87966,-76.81255,478,49.2,50.4,45.7,50.4,31.5,0.003,0.003,0.00,0.003,8.4,11.3,1.0,182,8,8.9,11.9,1.1,184,8,8.4,11.3,1.0,182,8,0,29.40,,0,0,0,38.4,38.3,42.9,0.41,0.45,0.44
WATE,2015-12-21 17:10:00 EST,42.87966,-76.81255,478,48.5,49.9,45.1,53.1,32.2,0.000,0.003,0.00,0.003,7.6,9.8,1.0,189,6,8.0,10.3,1.0,192,6,7.6,9.8,1.0,189,6,0,29.40,,0,0,0,38.5,38.3,42.9,0.41,0.45,0.44
WATE,2015-12-21 17:15:00 EST,42.87966,-76.81255,478,48.2,49.5,44.2,55.4,32.9,0.000,0.003,0.00,0.003,8.8,11.9,1.2,189,5,9.3,12.8,1.3,193,5,8.8,11.9,1.2,189,5,0,29.41,,0,0,0,38.5,38.4,42.9,0.41,0.45,0.45
WATE,2015-12-21 17:20:00 EST,42.87966,-76.81255,478,47.8,49.2,44.1,57.6,33.6,0.000,0.003,0.00,0.003,8.0,10.7,0.9,186,6,8.6,12.3,1.1,188,5,8.0,10.7,0.9,186,6,0,29.41,,0,0,0,38.5,38.4,42.9,0.41,0.45,0.44
WATE,2015-12-21 17:25:00 EST,42.87966,-76.81255,478,47.9,49.3,44.3,58.7,34.1,0.000,0.003,0.00,0.003,7.7,11.0,1.0,174,6,8.1,11.6,1.1,176,6,7.7,11.0,1.0,174,6,0,29.40,,0,0,0,38.5,38.4,42.9,0.41,0.45,0.44
WATE,2015-12-21 17:30:00 EST,42.87966,-76.81255,478,48.1,49.4,44.8,57.1,33.6,0.000,0.003,0.00,0.003,7.3,8.7,0.5,174,6,7.7,9.6,0.7,176,5,7.3,8.7,0.5,174,6,0,29.41,,0,0,0,38.6,38.5,43.0,0.41,0.45,0.44
WATE,2015-12-21 17:35:00 EST,42.87966,-76.81255,478,47.9,49.1,45.1,57.5,33.6,0.000,0.003,0.00,0.003,6.3,7.8,0.7,174,6,6.8,8.9,0.9,175,6,6.3,7.8,0.7,174,6,0,29.41,,0,0,0,38.6,38.5,42.9,0.41,0.45,0.44
WATE,2015-12-21 17:40:00 EST,42.87966,-76.81255,478,47.9,49.0,44.9,57.9,33.8,0.000,0.003,0.00,0.003,6.4,8.8,0.8,176,7,6.9,9.4,0.9,178,7,6.4,8.8,0.8,176,7,0,29.41,,0,0,0,38.6,38.5,42.9,0.41,0.45,0.44
WATE,2015-12-21 17:45:00 EST,42.87966,-76.81255,478,47.4,48.9,44.5,59.7,34.1,0.000,0.003,0.00,0.003,6.1,7.5,0.5,177,6,6.5,8.5,0.6,179,6,6.1,7.5,0.5,177,6,0,29.41,,0,0,0,38.6,38.5,42.9,0.41,0.45,0.44
WATE,2015-12-21 17:50:00 EST,42.87966,-76.81255,478,47.7,49.1,44.5,61.9,35.3,0.000,0.003,0.00,0.003,6.9,9.5,1.2,183,8,7.3,10.1,1.2,186,8,6.9,9.5,1.2,183,8,0,29.41,,0,0,0,38.7,38.5,42.9,0.41,0.45,0.44
WATE,2015-12-21 17:55:00 EST,42.87966,-76.81255,478,48.7,49.9,44.8,64.7,37.3,0.000,0.003,0.00,0.003,8.9,11.3,0.9,191,8,9.3,11.9,1.0,193,7,8.9,11.3,0.9,191,8,0,29.41,,0,0,0,38.7,38.5,42.9,0.41,0.45,0.44
WATE,2015-12-21 18:00:00 EST,42.87966,-76.81255,478,49.5,50.6,46.0,66.6,38.8,0.000,0.003,0.00,0.003,8.3,13.7,1.5,199,10,8.8,15.2,1.6,201,9,8.3,13.7,1.5,199,10,0,29.41,,0,0,0,38.7,38.5,42.9,0.41,0.45,0.44
WATE,2015-12-21 18:05:00 EST,42.87966,-76.81255,478,50.6,51.3,50.6,67.1,40.1,0.000,0.003,0.00,0.000,8.8,12.0,1.4,202,9,9.3,13.2,1.4,204,8,8.8,12.0,1.4,202,9,0,29.42,,0,0,0,38.8,38.5,42.9,0.41,0.45,0.44
WATE,2015-12-21 18:10:00 EST,42.87966,-76.81255,478,51.3,51.8,51.3,66.1,40.4,0.000,0.003,0.00,0.000,9.7,15.9,1.7,200,8,10.2,15.7,1.8,202,7,9.7,15.9,1.7,200,8,0,29.42,,0,0,0,38.8,38.6,42.9,0.41,0.45,0.44
WATE,2015-12-21 18:15:00 EST,42.87966,-76.81255,478,51.5,51.9,51.5,65.7,40.4,0.000,0.003,0.00,0.000,10.1,14.2,1.6,207,10,10.5,14.8,1.6,209,9,10.1,14.2,1.6,207,10,0,29.42,,0,0,0,38.8,38.6,42.8,0.41,0.45,0.44
WATE,2015-12-21 18:20:00 EST,42.87966,-76.81255,478,51.4,51.9,51.4,66.1,40.5,0.000,0.003,0.00,0.000,9.2,13.3,1.6,211,12,9.6,13.4,1.7,215,10,9.2,13.3,1.6,211,12,0,29.42,,0,0,0,38.8,38.6,42.8,0.41,0.45,0.44
WATE,2015-12-21 18:25:00 EST,42.87966,-76.81255,478,51.7,52.0,51.7,65.6,40.5,0.000,0.003,0.00,0.000,10.3,13.7,1.5,198,9,10.8,14.3,1.5,201,8,10.3,13.7,1.5,198,9,0,29.41,,0,0,0,38.9,38.6,42.9,0.41,0.45,0.44
WATE,2015-12-21 18:30:00 EST,42.87966,-76.81255,478,51.5,51.9,51.5,66.3,40.6,0.000,0.003,0.00,0.000,11.1,16.9,2.1,201,10,11.6,17.9,2.1,204,9,11.1,16.9,2.1,201,10,0,29.41,,0,0,0,39.0,38.7,42.9,0.41,0.45,0.44
WATE,2015-12-21 18:35:00 EST,42.87966,-76.81255,478,51.5,51.9,51.5,66.3,40.6,0.000,0.003,0.00,0.000,9.3,13.6,1.7,203,10,9.9,14.8,1.8,206,9,9.3,13.6,1.7,203,10,0,29.42,,0,0,0,39.0,38.6,42.8,0.41,0.45,0.44
WATE,2015-12-21 18:40:00 EST,42.87966,-76.81255,478,51.4,51.9,51.4,66.2,40.5,0.000,0.003,0.00,0.000,8.8,12.6,1.5,197,8,9.3,13.6,1.6,199,6,8.8,12.6,1.5,197,8,0,29.42,,0,0,0,39.0,38.7,42.8,0.41,0.45,0.44
WATE,2015-12-21 18:45:00 EST,42.87966,-76.81255,478,51.4,51.8,51.4,66.1,40.5,0.000,0.003,0.00,0.000,9.2,13.2,1.4,191,9,9.7,15.4,1.5,195,8,9.2,13.2,1.4,191,9,0,29.42,,0,0,0,39.1,38.7,42.8,0.41,0.45,0.44
WATE,2015-12-21 18:50:00 EST,42.87966,-76.81255,478,50.8,51.4,50.8,67.3,40.4,0.000,0.003,0.00,0.000,9.2,12.3,1.1,186,8,9.8,12.8,1.1,188,8,9.2,12.3,1.1,186,8,0,29.42,,0,0,0,39.2,38.7,42.8,0.41,0.45,0.44
WATE,2015-12-21 18:55:00 EST,42.87966,-76.81255,478,50.7,51.3,50.7,68.2,40.6,0.000,0.003,0.00,0.000,9.8,12.3,1.2,191,9,10.4,13.0,1.3,193,8,9.8,12.3,1.2,191,9,0,29.42,,0,0,0,39.2,38.7,42.8,0.41,0.45,0.44
WATE,2015-12-21 19:00:00 EST,42.87966,-76.81255,478,50.6,51.2,50.6,68.4,40.6,0.000,0.003,0.00,0.000,9.7,13.9,1.7,189,8,10.3,14.8,1.8,192,7,9.7,13.9,1.7,189,8,0,29.42,,0,0,0,39.2,38.7,42.9,0.41,0.45,0.44
WATE,2015-12-21 19:05:00 EST,42.87966,-76.81255,478,50.6,51.2,50.6,68.9,40.8,0.000,0.003,0.00,0.000,11.0,14.7,1.8,189,7,11.5,15.2,1.8,192,6,11.0,14.7,1.8,189,7,0,29.42,,0,0,0,39.2,38.7,42.8,0.41,0.45,0.44
WATE,2015-12-21 19:10:00 EST,42.87966,-76.81255,478,50.6,51.2,50.6,68.9,40.8,0.000,0.003,0.00,0.000,11.1,13.2,1.2,189,8,11.7,15.2,1.3,192,6,11.1,13.2,1.2,189,8,0,29.42,,0,0,0,39.2,38.7,42.9,0.41,0.45,0.44
WATE,2015-12-21 19:15:00 EST,42.87966,-76.81255,478,50.7,51.2,50.7,68.8,40.8,0.000,0.003,0.00,0.000,10.5,13.5,1.3,189,8,10.9,14.5,1.5,191,6,10.5,13.5,1.3,189,8,0,29.42,,0,0,0,39.2,38.7,42.8,0.41,0.45,0.44
WATE,2015-12-21 19:20:00 EST,42.87966,-76.81255,478,50.7,51.2,50.7,69.1,40.9,0.000,0.003,0.00,0.000,9.4,13.3,1.5,194,8,10.1,13.6,1.6,196,7,9.4,13.3,1.5,194,8,0,29.42,,0,0,0,39.3,38.8,42.8,0.41,0.45,0.44
WATE,2015-12-21 19:25:00 EST,42.87966,-76.81255,478,50.8,51.3,50.8,68.8,40.9,0.000,0.003,0.00,0.000,10.6,13.4,1.4,190,9,11.1,14.1,1.6,193,7,10.6,13.4,1.4,190,9,0,29.42,,0,0,0,39.4,38.8,42.8,0.41,0.45,0.44
WATE,2015-12-21 19:30:00 EST,42.87966,-76.81255,478,50.7,51.3,50.7,69.0,41.0,0.000,0.003,0.00,0.000,9.9,13.2,1.4,189,8,10.5,13.9,1.5,193,7,9.9,13.2,1.4,189,8,0,29.42,,0,0,0,39.4,38.8,42.8,0.41,0.45,0.44
WATE,2015-12-21 19:35:00 EST,42.87966,-76.81255,478,50.7,51.3,50.7,69.0,40.9,0.000,0.003,0.00,0.000,9.3,13.4,1.3,194,6,10.0,13.4,1.4,197,5,9.3,13.4,1.3,194,6,0,29.42,,0,0,0,39.4,38.8,42.8,0.41,0.45,0.45
WATE,2015-12-21 19:40:00 EST,42.87966,-76.81255,478,50.9,51.3,50.9,68.5,40.9,0.000,0.003,0.00,0.000,8.9,12.3,1.4,186,6,9.4,13.6,1.5,189,6,8.9,12.3,1.4,186,6,0,29.42,,0,0,0,39.5,38.8,42.8,0.41,0.45,0.44
WATE,2015-12-21 19:45:00 EST,42.87966,-76.81255,478,50.5,51.1,50.5,68.8,40.6,0.000,0.003,0.00,0.000,9.2,12.3,1.2,189,9,9.7,12.5,1.3,191,8,9.2,12.3,1.2,189,9,0,29.42,,0,0,0,39.6,38.9,42.8,0.41,0.45,0.44
WATE,2015-12-21 19:50:00 EST,42.87966,-76.81255,478,50.5,51.0,50.5,69.1,40.8,0.000,0.003,0.00,0.000,9.7,12.6,1.5,186,7,10.2,13.9,1.5,189,6,9.7,12.6,1.5,186,7,0,29.42,,0,0,0,39.6,38.8,42.8,0.41,0.45,0.45
WATE,2015-12-21 19:55:00 EST,42.87966,-76.81255,478,50.4,50.9,50.4,69.4,40.7,0.000,0.003,0.00,0.000,9.7,12.5,1.3,186,6,10.2,14.1,1.4,188,5,9.7,12.5,1.3,186,6,0,29.42,,0,0,0,39.6,38.9,42.8,0.41,0.45,0.44
WATE,2015-12-21 20:00:00 EST,42.87966,-76.81255,478,50.4,50.9,50.4,69.6,40.9,0.000,0.003,0.00,0.000,9.7,13.5,1.5,185,7,10.1,14.1,1.6,188,7,9.7,13.5,1.5,185,7,0,29.42,,0,0,0,39.7,38.9,42.8,0.41,0.45,0.44
WATE,2015-12-21 20:05:00 EST,42.87966,-76.81255,478,50.3,50.8,50.3,70.1,40.9,0.000,0.003,0.00,0.000,9.1,12.3,1.4,184,7,9.6,14.3,1.6,187,6,9.1,12.3,1.4,184,7,0,29.42,,0,0,0,39.7,38.9,42.8,0.41,0.45,0.45
WATE,2015-12-21 20:10:00 EST,42.87966,-76.81255,478,50.5,50.9,50.5,69.7,41.0,0.000,0.003,0.00,0.000,11.5,15.5,1.7,182,8,12.1,17.7,1.9,185,7,11.5,15.5,1.7,182,8,0,29.42,,0,0,0,39.8,39.0,42.8,0.41,0.45,0.44
WATE,2015-12-21 20:15:00 EST,42.87966,-76.81255,478,50.4,50.8,50.4,69.9,41.0,0.000,0.003,0.00,0.000,10.9,14.9,1.7,187,8,11.6,16.3,1.8,189,7,10.9,14.9,1.7,187,8,0,29.42,,0,0,0,39.9,39.0,42.8,0.41,0.45,0.44
WATE,2015-12-21 20:20:00 EST,42.87966,-76.81255,478,50.4,50.7,50.4,70.2,41.1,0.000,0.003,0.00,0.000,10.9,14.6,1.7,185,7,11.6,18.3,2.1,188,7,10.9,14.6,1.7,185,7,0,29.42,,0,0,0,39.9,39.0,42.8,0.41,0.45,0.44
WATE,2015-12-21 20:25:00 EST,42.87966,-76.81255,478,50.3,50.6,50.3,70.5,41.1,0.000,0.003,0.00,0.000,10.2,13.9,1.6,183,8,10.8,14.5,1.8,186,7,10.2,13.9,1.6,183,8,0,29.42,,0,0,0,39.9,39.0,42.8,0.41,0.45,0.44
WATE,2015-12-21 20:30:00 EST,42.87966,-76.81255,478,50.4,50.7,50.4,70.5,41.1,0.000,0.003,0.00,0.000,10.0,14.8,1.7,180,7,10.7,16.3,1.8,183,6,10.0,14.8,1.7,180,7,0,29.41,,0,0,0,39.9,39.0,42.8,0.41,0.45,0.44
WATE,2015-12-21 20:35:00 EST,42.87966,-76.81255,478,50.3,50.7,50.3,70.6,41.1,0.000,0.003,0.00,0.000,10.0,15.3,1.7,177,9,10.7,16.1,1.9,178,7,10.0,15.3,1.7,177,9,0,29.42,,0,0,0,39.9,39.0,42.8,0.41,0.45,0.44
WATE,2015-12-21 20:40:00 EST,42.87966,-76.81255,478,50.1,50.5,50.1,70.9,41.1,0.000,0.003,0.00,0.000,8.8,11.9,1.5,176,9,9.4,13.9,1.7,177,8,8.8,11.9,1.5,176,9,0,29.42,,0,0,0,40.1,39.0,42.8,0.41,0.45,0.44
WATE,2015-12-21 20:45:00 EST,42.87966,-76.81255,478,50.0,50.4,46.3,71.4,41.1,0.000,0.003,0.00,0.000,9.3,12.3,1.1,174,7,9.8,14.5,1.2,176,6,9.3,12.3,1.1,174,7,0,29.42,,0,0,0,40.1,39.0,42.8,0.41,0.45,0.44
WATE,2015-12-21 20:50:00 EST,42.87966,-76.81255,478,50.0,50.3,46.2,71.5,41.1,0.000,0.003,0.00,0.000,9.4,13.0,1.4,176,9,10.0,14.8,1.6,178,7,9.4,13.0,1.4,176,9,0,29.42,,0,0,0,40.1,39.0,42.8,0.41,0.45,0.44
WATE,2015-12-21 20:55:00 EST,42.87966,-76.81255,478,49.8,50.2,46.2,71.8,41.1,0.000,0.003,0.00,0.000,8.9,12.5,1.3,177,8,9.6,14.8,1.6,181,6,8.9,12.5,1.3,177,8,0,29.42,,0,0,0,40.1,39.1,42.8,0.41,0.45,0.44
WATE,2015-12-21 21:00:00 EST,42.87966,-76.81255,478,49.9,50.3,45.6,71.8,41.2,0.000,0.003,0.00,0.000,11.0,15.9,1.9,179,7,11.6,16.6,2.0,182,7,11.0,15.9,1.9,179,7,0,29.42,,0,0,0,40.2,39.1,42.8,0.41,0.45,0.44
WATE,2015-12-21 21:05:00 EST,42.87966,-76.81255,478,50.0,50.3,46.2,71.4,41.1,0.000,0.003,0.00,0.000,9.5,14.4,1.9,179,11,10.2,16.1,2.1,181,10,9.5,14.4,1.9,179,11,0,29.42,,0,0,0,40.3,39.1,42.8,0.41,0.45,0.44
WATE,2015-12-21 21:10:00 EST,42.87966,-76.81255,478,49.9,50.2,46.4,71.3,41.0,0.000,0.003,0.00,0.000,8.7,12.7,1.4,180,10,9.4,14.8,1.6,183,9,8.7,12.7,1.4,180,10,0,29.42,,0,0,0,40.3,39.2,42.8,0.41,0.45,0.44
WATE,2015-12-21 21:15:00 EST,42.87966,-76.81255,478,49.8,50.2,46.2,71.5,41.0,0.000,0.003,0.00,0.000,8.7,12.3,1.3,181,10,9.4,12.8,1.3,182,9,8.7,12.3,1.3,181,10,0,29.42,,0,0,0,40.3,39.2,42.8,0.41,0.45,0.44
WATE,2015-12-21 21:20:00 EST,42.87966,-76.81255,478,49.7,50.0,46.2,72.1,41.0,0.000,0.003,0.00,0.000,8.4,12.3,1.3,180,6,8.9,13.6,1.4,182,6,8.4,12.3,1.3,180,6,0,29.43,,0,0,0,40.4,39.2,42.8,0.41,0.45,0.44
WATE,2015-12-21 21:25:00 EST,42.87966,-76.81255,478,49.8,50.1,45.6,71.8,41.1,0.000,0.003,0.00,0.000,10.6,15.1,2.0,180,10,11.4,15.9,2.1,182,9,10.6,15.1,2.0,180,10,0,29.43,,0,0,0,40.4,39.2,42.8,0.41,0.45,0.44
WATE,2015-12-21 21:30:00 EST,42.87966,-76.81255,478,49.7,50.0,45.8,71.8,41.0,0.000,0.003,0.00,0.000,9.7,15.1,1.8,182,9,10.2,15.0,2.0,184,8,9.7,15.1,1.8,182,9,0,29.43,,0,0,0,40.5,39.2,42.8,0.41,0.45,0.44
WATE,2015-12-21 21:35:00 EST,42.87966,-76.81255,478,49.7,50.0,45.7,71.9,41.0,0.000,0.003,0.00,0.000,9.9,14.9,2.5,181,9,10.6,16.1,2.7,183,7,9.9,14.9,2.5,181,9,0,29.43,,0,0,0,40.5,39.2,42.8,0.41,0.45,0.44
WATE,2015-12-21 21:40:00 EST,42.87966,-76.81255,478,49.7,50.0,45.6,72.1,41.1,0.000,0.003,0.00,0.000,10.4,15.3,1.8,178,9,10.9,16.6,2.0,180,8,10.4,15.3,1.8,178,9,0,29.43,,0,0,0,40.5,39.2,42.8,0.41,0.45,0.44
WATE,2015-12-21 21:45:00 EST,42.87966,-76.81255,478,49.8,50.1,45.4,71.9,41.1,0.000,0.003,0.00,0.000,11.0,15.3,1.8,175,7,11.6,16.6,1.9,177,6,11.0,15.3,1.8,175,7,0,29.43,,0,0,0,40.5,39.2,42.8,0.41,0.45,0.44
WATE,2015-12-21 21:50:00 EST,42.87966,-76.81255,478,49.9,50.2,45.0,71.9,41.2,0.000,0.003,0.00,0.000,13.0,17.4,1.8,172,8,13.9,19.7,1.9,174,7,13.0,17.4,1.8,172,8,0,29.43,,0,0,0,40.6,39.2,42.8,0.41,0.45,0.44
WATE,2015-12-21 21:55:00 EST,42.87966,-76.81255,478,49.9,50.2,44.9,71.9,41.2,0.000,0.003,0.00,0.000,13.5,17.7,1.9,172,9,14.3,19.2,2.1,174,7,13.5,17.7,1.9,172,9,0,29.43,,0,0,0,40.6,39.2,42.8,0.41,0.45,0.44
WATE,2015-12-21 22:00:00 EST,42.87966,-76.81255,478,49.8,50.1,45.2,71.9,41.1,0.000,0.003,0.00,0.000,12.2,15.6,1.6,177,9,12.9,17.2,1.9,179,9,12.2,15.6,1.6,177,9,0,29.44,,0,0,0,40.6,39.2,42.8,0.41,0.45,0.44
WATE,2015-12-21 22:05:00 EST,42.87966,-76.81255,478,49.7,50.0,45.1,72.4,41.2,0.000,0.003,0.00,0.000,11.8,17.2,2.3,179,9,12.6,18.6,2.5,181,9,11.8,17.2,2.3,179,9,0,29.44,,0,0,0,40.6,39.2,42.8,0.41,0.45,0.44
WATE,2015-12-21 22:10:00 EST,42.87966,-76.81255,478,49.7,50.0,45.4,72.4,41.2,0.000,0.003,0.00,0.000,10.9,14.0,1.8,178,9,11.6,15.4,1.9,180,8,10.9,14.0,1.8,178,9,0,29.44,,0,0,0,40.7,39.2,42.8,0.41,0.45,0.44
WATE,2015-12-21 22:15:00 EST,42.87966,-76.81255,478,49.6,49.8,45.5,72.6,41.2,0.000,0.003,0.00,0.000,10.3,12.6,1.2,182,9,10.9,14.1,1.5,185,8,10.3,12.6,1.2,182,9,0,29.43,,0,0,0,40.7,39.2,42.8,0.41,0.45,0.44
WATE,2015-12-21 22:20:00 EST,42.87966,-76.81255,478,49.6,49.8,46.1,72.7,41.2,0.000,0.003,0.00,0.000,8.4,12.9,1.4,187,8,8.9,13.6,1.5,190,8,8.4,12.9,1.4,187,8,0,29.43,,0,0,0,40.7,39.2,42.8,0.41,0.45,0.44
WATE,2015-12-21 22:25:00 EST,42.87966,-76.81255,478,49.5,49.7,46.1,72.9,41.2,0.000,0.003,0.00,0.000,8.2,13.2,1.6,182,10,8.8,14.8,1.8,185,9,8.2,13.2,1.6,182,10,0,29.43,,0,0,0,40.8,39.2,42.8,0.41,0.45,0.44
WATE,2015-12-21 22:30:00 EST,42.87966,-76.81255,478,49.5,49.7,45.6,73.7,41.4,0.000,0.003,0.00,0.000,9.4,11.5,1.1,175,8,10.0,12.8,1.2,177,7,9.4,11.5,1.1,175,8,0,29.42,,0,0,0,40.8,39.3,42.8,0.41,0.45,0.44
WATE,2015-12-21 22:35:00 EST,42.87966,-76.81255,478,49.5,49.8,45.4,73.9,41.5,0.000,0.003,0.00,0.000,10.2,16.7,2.2,172,9,10.9,19.0,2.4,174,7,10.2,16.7,2.2,172,9,0,29.42,,0,0,0,40.8,39.3,42.8,0.41,0.45,0.44
WATE,2015-12-21 22:40:00 EST,42.87966,-76.81255,478,49.5,49.8,45.1,74.0,41.6,0.000,0.003,0.00,0.000,11.2,15.2,1.7,177,8,11.8,18.1,2.0,179,6,11.2,15.2,1.7,177,8,0,29.42,,0,0,0,40.9,39.3,42.8,0.41,0.45,0.44
WATE,2015-12-21 22:45:00 EST,42.87966,-76.81255,478,49.5,49.8,45.2,74.0,41.6,0.000,0.003,0.00,0.000,10.8,15.0,1.6,179,9,11.5,17.4,1.9,181,7,10.8,15.0,1.6,179,9,0,29.42,,0,0,0,40.9,39.4,42.8,0.41,0.45,0.45
WATE,2015-12-21 22:50:00 EST,42.87966,-76.81255,478,49.4,49.7,45.3,74.3,41.6,0.000,0.003,0.00,0.000,10.0,14.4,1.6,182,9,10.6,16.3,1.8,184,7,10.0,14.4,1.6,182,9,0,29.42,,0,0,0,41.0,39.4,42.8,0.41,0.45,0.44
WATE,2015-12-21 22:55:00 EST,42.87966,-76.81255,478,49.5,49.7,45.1,74.3,41.6,0.000,0.003,0.00,0.000,11.0,14.8,1.7,179,8,11.8,18.3,2.0,180,7,11.0,14.8,1.7,179,8,0,29.43,,0,0,0,41.0,39.4,42.8,0.41,0.45,0.44
WATE,2015-12-21 23:00:00 EST,42.87966,-76.81255,478,49.5,49.8,45.1,74.7,41.8,0.000,0.003,0.00,0.000,10.9,15.1,1.6,173,9,11.6,18.3,1.8,175,8,10.9,15.1,1.6,173,9,0,29.42,,0,0,0,41.0,39.4,42.8,0.41,0.45,0.44
WATE,2015-12-21 23:05:00 EST,42.87966,-76.81255,478,49.5,49.8,45.2,74.7,41.9,0.000,0.003,0.00,0.000,10.7,14.6,1.6,181,7,11.4,16.3,1.8,183,6,10.7,14.6,1.6,181,7,0,29.42,,0,0,0,41.0,39.4,42.8,0.41,0.45,0.44
WATE,2015-12-21 23:10:00 EST,42.87966,-76.81255,478,49.6,49.9,45.4,74.6,41.9,0.000,0.003,0.00,0.000,10.5,13.8,1.3,179,9,11.3,15.4,1.5,181,7,10.5,13.8,1.3,179,9,0,29.42,,0,0,0,41.0,39.4,42.8,0.41,0.45,0.44
WATE,2015-12-21 23:15:00 EST,42.87966,-76.81255,478,49.5,49.8,45.9,75.0,41.9,0.000,0.003,0.00,0.000,8.9,12.5,1.6,172,10,9.5,13.2,1.6,175,9,8.9,12.5,1.6,172,10,0,29.43,,0,0,0,41.0,39.5,42.8,0.41,0.45,0.44
WATE,2015-12-21 23:20:00 EST,42.87966,-76.81255,478,49.3,49.6,45.6,75.6,41.9,0.000,0.003,0.00,0.000,8.8,12.3,1.3,169,10,9.5,13.6,1.3,170,8,8.8,12.3,1.3,169,10,0,29.43,,0,0,0,41.1,39.5,42.8,0.41,0.45,0.44
WATE,2015-12-21 23:25:00 EST,42.87966,-76.81255,478,49.3,49.5,45.7,76.1,42.0,0.000,0.003,0.00,0.000,8.5,13.2,1.5,171,8,9.2,14.1,1.7,173,8,8.5,13.2,1.5,171,8,0,29.43,,0,0,0,41.2,39.5,42.8,0.41,0.45,0.44
WATE,2015-12-21 23:30:00 EST,42.87966,-76.81255,478,49.3,49.5,45.9,76.2,42.1,0.000,0.003,0.00,0.000,7.9,11.0,1.3,170,11,8.5,11.4,1.5,173,11,7.9,11.0,1.3,170,11,0,29.43,,0,0,0,41.2,39.6,42.8,0.41,0.45,0.44
WATE,2015-12-21 23:35:00 EST,42.87966,-76.81255,478,49.5,49.7,46.0,76.3,42.3,0.000,0.003,0.00,0.000,8.2,11.9,1.3,178,10,8.7,13.2,1.6,180,10,8.2,11.9,1.3,178,10,0,29.43,,0,0,0,41.2,39.5,42.8,0.41,0.45,0.44
WATE,2015-12-21 23:40:00 EST,42.87966,-76.81255,478,49.7,49.9,45.6,76.1,42.5,0.000,0.003,0.00,0.000,9.9,16.0,2.2,182,7,10.7,16.8,2.4,184,7,9.9,16.0,2.2,182,7,0,29.43,,0,0,0,41.2,39.5,42.8,0.41,0.45,0.44
WATE,2015-12-21 23:45:00 EST,42.87966,-76.81255,478,49.7,50.0,45.5,76.0,42.5,0.000,0.003,0.00,0.000,10.6,15.6,1.8,174,9,11.4,16.8,2.0,177,7,10.6,15.6,1.8,174,9,0,29.42,,0,0,0,41.2,39.6,42.8,0.41,0.45,0.44
WATE,2015-12-21 23:50:00 EST,42.87966,-76.81255,478,50.1,50.3,50.1,75.6,42.6,0.000,0.003,0.00,0.000,12.0,17.0,2.1,171,9,12.8,17.7,2.2,174,8,12.0,17.0,2.1,171,9,0,29.42,,0,0,0,41.2,39.6,42.8,0.41,0.45,0.44
WATE,2015-12-21 23:55:00 EST,42.87966,-76.81255,478,49.7,50.0,46.0,75.7,42.4,0.000,0.003,0.00,0.000,9.1,12.4,1.3,163,9,9.8,14.3,1.4,165,8,9.1,12.4,1.3,163,9,0,29.42,,0,0,0,41.3,39.6,42.8,0.41,0.45,0.44
WEST,2015-12-21 00:00:00 EST,43.10647,-75.46146,655,33.1,34.5,26.8,50.6,16.8,0.000,0.000,0.00,0.000,7.1,14.2,2.6,170,16,8.0,14.5,2.8,167,16,7.1,14.2,2.6,170,16,0,29.53,,0,0,0,34.9,39.7,42.3,0.34,0.34,0.32
WEST,2015-12-21 00:05:00 EST,43.10647,-75.46146,655,33.9,34.9,27.5,48.6,16.6,0.000,0.000,0.00,0.000,7.5,15.5,2.6,162,24,8.2,16.3,2.8,160,22,7.5,15.5,2.6,162,24,0,29.53,,0,0,0,35.0,39.8,42.4,0.34,0.34,0.32
WEST,2015-12-21 00:10:00 EST,43.10647,-75.46146,655,34.1,34.9,29.0,47.2,16.1,0.000,0.000,0.00,0.000,5.7,11.2,2.1,168,31,6.3,12.5,2.3,164,29,5.7,11.2,2.1,168,31,0,29.53,,0,0,0,34.9,39.7,42.4,0.34,0.34,0.32
WEST,2015-12-21 00:15:00 EST,43.10647,-75.46146,655,33.3,34.8,27.3,48.6,16.0,0.000,0.000,0.00,0.000,6.6,10.7,2.0,148,15,7.3,11.9,2.1,143,14,6.6,10.7,2.0,148,15,0,29.52,,0,0,0,34.9,39.7,42.4,0.34,0.34,0.32
WEST,2015-12-21 00:20:00 EST,43.10647,-75.46146,655,34.0,35.0,27.9,47.2,16.0,0.000,0.000,0.00,0.000,7.0,12.1,2.4,148,16,7.7,14.1,2.6,146,15,7.0,12.1,2.4,148,16,0,29.52,,0,0,0,34.9,39.7,42.4,0.34,0.34,0.32
WEST,2015-12-21 00:25:00 EST,43.10647,-75.46146,655,34.6,35.3,27.9,46.6,16.2,0.000,0.000,0.00,0.000,8.1,12.0,1.9,161,13,8.9,13.9,2.0,160,13,8.1,12.0,1.9,161,13,0,29.52,,0,0,0,34.9,39.8,42.3,0.34,0.34,0.32
WEST,2015-12-21 00:30:00 EST,43.10647,-75.46146,655,34.3,35.3,26.9,47.2,16.3,0.000,0.000,0.00,0.000,9.4,15.1,2.0,165,13,10.1,17.2,2.3,162,13,9.4,15.1,2.0,165,13,0,29.52,,0,0,0,34.9,39.8,42.4,0.34,0.34,0.32
WEST,2015-12-21 00:35:00 EST,43.10647,-75.46146,655,34.4,35.3,28.1,47.0,16.2,0.000,0.000,0.00,0.000,7.4,15.0,1.9,167,16,8.0,14.1,2.1,163,16,7.4,15.0,1.9,167,16,0,29.52,,0,0,0,34.9,39.8,42.4,0.34,0.34,0.32
WEST,2015-12-21 00:40:00 EST,43.10647,-75.46146,655,34.1,35.1,28.3,47.4,16.2,0.000,0.000,0.00,0.000,6.7,10.8,1.7,169,18,7.4,11.2,1.8,166,17,6.7,10.8,1.7,169,18,0,29.51,,0,0,0,34.9,39.7,42.4,0.34,0.34,0.32
WEST,2015-12-21 00:45:00 EST,43.10647,-75.46146,655,34.3,35.0,30.1,47.2,16.2,0.000,0.000,0.00,0.000,4.6,9.8,2.0,171,17,5.2,11.0,2.1,167,16,4.6,9.8,2.0,171,17,0,29.51,,0,0,0,34.9,39.7,42.3,0.34,0.34,0.32
WEST,2015-12-21 00:50:00 EST,43.10647,-75.46146,655,33.9,34.9,27.0,48.2,16.4,0.000,0.000,0.00,0.000,8.3,11.8,1.7,173,16,8.9,13.9,1.8,170,16,8.3,11.8,1.7,173,16,0,29.51,,0,0,0,34.9,39.7,42.4,0.34,0.34,0.32
WEST,2015-12-21 00:55:00 EST,43.10647,-75.46146,655,34.4,35.1,27.8,47.7,16.6,0.000,0.000,0.00,0.000,7.9,13.1,2.0,182,17,8.7,15.2,2.2,179,16,7.9,13.1,2.0,182,17,0,29.51,,0,0,0,34.9,39.7,42.4,0.34,0.34,0.32
WEST,2015-12-21 01:00:00 EST,43.10647,-75.46146,655,34.5,35.2,28.2,47.4,16.5,0.000,0.000,0.00,0.000,7.4,11.2,1.9,190,16,8.1,12.8,2.2,186,15,7.4,11.2,1.9,190,16,0,29.51,,0,0,0,34.9,39.7,42.3,0.34,0.34,0.32
WEST,2015-12-21 01:05:00 EST,43.10647,-75.46146,655,34.2,35.1,28.5,48.2,16.7,0.000,0.000,0.00,0.000,6.5,10.3,1.8,175,12,7.0,11.4,2.0,171,10,6.5,10.3,1.8,175,12,0,29.51,,0,0,0,34.9,39.7,42.3,0.34,0.34,0.32
WEST,2015-12-21 01:10:00 EST,43.10647,-75.46146,655,34.2,35.0,27.7,48.6,16.8,0.000,0.000,0.00,0.000,7.6,14.8,2.0,168,13,8.2,16.8,2.1,165,12,7.6,14.8,2.0,168,13,0,29.51,,0,0,0,34.9,39.7,42.3,0.34,0.34,0.32
WEST,2015-12-21 01:15:00 EST,43.10647,-75.46146,655,34.4,35.1,29.0,48.3,16.9,0.000,0.000,0.00,0.000,6.1,12.2,2.0,182,28,6.7,12.3,2.1,179,28,6.1,12.2,2.0,182,28,0,29.51,,0,0,0,34.9,39.7,42.3,0.34,0.34,0.32
WEST,2015-12-21 01:20:00 EST,43.10647,-75.46146,655,34.4,35.0,29.8,47.8,16.6,0.000,0.000,0.00,0.000,5.0,14.7,2.5,178,34,5.6,16.8,2.8,173,34,5.0,14.7,2.5,178,34,0,29.51,,0,0,0,34.9,39.7,42.3,0.34,0.34,0.32
WEST,2015-12-21 01:25:00 EST,43.10647,-75.46146,655,34.6,35.2,29.4,47.7,16.7,0.000,0.000,0.00,0.000,5.9,13.2,2.2,171,25,6.7,13.9,2.4,165,25,5.9,13.2,2.2,171,25,0,29.50,,0,0,0,34.9,39.7,42.3,0.34,0.34,0.32
WEST,2015-12-21 01:30:00 EST,43.10647,-75.46146,655,34.4,35.2,34.4,47.2,16.3,0.000,0.000,0.00,0.000,2.4,4.3,1.1,166,20,2.9,5.4,1.2,158,25,2.4,4.3,1.1,166,20,0,29.50,,0,0,0,34.9,39.7,42.3,0.34,0.34,0.32
WEST,2015-12-21 01:35:00 EST,43.10647,-75.46146,655,34.3,35.0,34.3,47.7,16.5,0.000,0.000,0.00,0.000,1.4,3.1,0.7,123,56,2.0,5.8,0.9,137,58,1.4,3.1,0.7,123,56,0,29.50,,0,0,0,34.9,39.7,42.3,0.34,0.34,0.32
WEST,2015-12-21 01:40:00 EST,43.10647,-75.46146,655,34.4,35.3,31.1,47.8,16.6,0.000,0.000,0.00,0.000,3.8,9.9,2.8,151,18,4.6,11.9,2.9,147,18,3.8,9.9,2.8,151,18,0,29.50,,0,0,0,34.9,39.7,42.3,0.34,0.34,0.32
WEST,2015-12-21 01:45:00 EST,43.10647,-75.46146,655,35.0,35.6,31.2,46.7,16.6,0.000,0.000,0.00,0.000,4.3,9.4,1.9,201,31,4.8,11.0,2.1,194,28,4.3,9.4,1.9,201,31,0,29.49,,0,0,0,34.9,39.7,42.3,0.34,0.34,0.32
WEST,2015-12-21 01:50:00 EST,43.10647,-75.46146,655,34.4,35.5,30.3,48.0,16.7,0.000,0.000,0.00,0.000,4.5,12.2,3.0,126,34,5.2,14.5,3.3,125,37,4.5,12.2,3.0,126,34,0,29.49,,0,0,0,34.9,39.7,42.3,0.34,0.34,0.32
WEST,2015-12-21 01:55:00 EST,43.10647,-75.46146,655,34.7,35.7,30.0,47.3,16.7,0.000,0.000,0.00,0.000,5.3,12.8,1.6,139,24,5.8,15.0,1.7,135,24,5.3,12.8,1.6,139,24,0,29.48,,0,0,0,34.9,39.7,42.3,0.34,0.34,0.32
WEST,2015-12-21 02:00:00 EST,43.10647,-75.46146,655,35.0,35.9,31.3,46.8,16.7,0.000,0.000,0.00,0.000,4.3,12.3,2.4,142,20,4.7,11.9,2.3,137,20,4.3,12.3,2.4,142,20,0,29.48,,0,0,0,34.9,39.7,42.3,0.34,0.34,0.32
WEST,2015-12-21 02:05:00 EST,43.10647,-75.46146,655,34.9,35.8,32.4,46.6,16.5,0.000,0.000,0.00,0.000,3.2,8.2,1.9,140,23,3.7,8.5,1.9,137,27,3.2,8.2,1.9,140,23,0,29.48,,0,0,0,34.9,39.7,42.3,0.34,0.34,0.32
WEST,2015-12-21 02:10:00 EST,43.10647,-75.46146,655,35.0,35.9,30.5,47.8,17.2,0.000,0.000,0.00,0.000,5.0,7.2,1.2,173,11,5.6,7.6,1.3,170,12,5.0,7.2,1.2,173,11,0,29.48,,0,0,0,34.9,39.7,42.2,0.34,0.34,0.32
WEST,2015-12-21 02:15:00 EST,43.10647,-75.46146,655,35.0,36.0,30.7,47.9,17.3,0.000,0.000,0.00,0.000,4.9,8.2,1.6,182,21,5.5,9.8,1.8,178,20,4.9,8.2,1.6,182,21,0,29.49,,0,0,0,34.9,39.7,42.3,0.34,0.34,0.32
WEST,2015-12-21 02:20:00 EST,43.10647,-75.46146,655,35.0,35.9,29.5,47.8,17.1,0.000,0.000,0.00,0.000,6.3,13.9,2.4,175,28,6.9,14.1,2.5,171,27,6.3,13.9,2.4,175,28,0,29.48,,0,0,0,34.9,39.7,42.3,0.34,0.34,0.32
WEST,2015-12-21 02:25:00 EST,43.10647,-75.46146,655,34.9,35.8,32.0,47.5,16.9,0.000,0.000,0.00,0.000,3.5,7.2,1.3,167,24,4.0,8.7,1.5,162,23,3.5,7.2,1.3,167,24,0,29.49,,0,0,0,34.9,39.7,42.3,0.34,0.34,0.32
WEST,2015-12-21 02:30:00 EST,43.10647,-75.46146,655,34.9,35.8,30.0,48.1,17.3,0.000,0.000,0.00,0.000,5.7,9.1,1.6,168,16,6.4,12.1,1.9,165,16,5.7,9.1,1.6,168,16,0,29.49,,0,0,0,34.9,39.7,42.3,0.34,0.34,0.32
WEST,2015-12-21 02:35:00 EST,43.10647,-75.46146,655,35.0,35.8,30.0,48.9,17.7,0.000,0.000,0.00,0.000,5.7,9.9,1.8,174,19,6.4,10.5,2.1,171,17,5.7,9.9,1.8,174,19,0,29.49,,0,0,0,34.9,39.7,42.3,0.34,0.34,0.32
WEST,2015-12-21 02:40:00 EST,43.10647,-75.46146,655,35.3,35.9,29.1,48.0,17.6,0.000,0.000,0.00,0.000,7.7,11.3,1.5,178,14,8.5,12.5,1.6,175,12,7.7,11.3,1.5,178,14,0,29.49,,0,0,0,34.8,39.7,42.3,0.34,0.34,0.32
WEST,2015-12-21 02:45:00 EST,43.10647,-75.46146,655,35.0,35.8,28.6,49.3,17.9,0.000,0.000,0.00,0.000,7.7,11.0,1.4,168,14,8.6,13.2,1.7,166,12,7.7,11.0,1.4,168,14,0,29.49,,0,0,0,34.9,39.7,42.2,0.34,0.34,0.32
WEST,2015-12-21 02:50:00 EST,43.10647,-75.46146,655,35.3,35.9,28.6,48.8,17.9,0.000,0.000,0.00,0.000,8.5,12.3,1.5,174,16,9.2,14.8,1.8,172,15,8.5,12.3,1.5,174,16,0,29.49,,0,0,0,34.8,39.7,42.2,0.34,0.34,0.32
WEST,2015-12-21 02:55:00 EST,43.10647,-75.46146,655,35.3,36.0,28.7,48.8,17.9,0.000,0.000,0.00,0.000,8.2,12.0,1.6,165,14,8.9,13.9,1.9,162,14,8.2,12.0,1.6,165,14,0,29.48,,0,0,0,34.9,39.7,42.2,0.34,0.34,0.32
WEST,2015-12-21 03:00:00 EST,43.10647,-75.46146,655,35.2,36.0,29.3,48.7,17.8,0.000,0.000,0.00,0.000,7.1,9.9,1.2,164,16,7.7,11.2,1.3,160,16,7.1,9.9,1.2,164,16,0,29.48,,0,0,0,34.9,39.7,42.2,0.34,0.34,0.32
WEST,2015-12-21 03:05:00 EST,43.10647,-75.46146,655,35.4,36.1,28.0,48.8,18.0,0.000,0.000,0.00,0.000,9.9,13.6,1.6,162,14,10.6,14.8,1.6,158,13,9.9,13.6,1.6,162,14,0,29.47,,0,0,0,34.8,39.7,42.2,0.34,0.34,0.32
WEST,2015-12-21 03:10:00 EST,43.10647,-75.46146,655,35.4,36.1,29.5,49.0,18.1,0.000,0.000,0.00,0.000,7.3,12.4,1.6,165,10,7.9,14.5,1.9,163,10,7.3,12.4,1.6,165,10,0,29.47,,0,0,0,34.9,39.6,42.2,0.34,0.34,0.32
WEST,2015-12-21 03:15:00 EST,43.10647,-75.46146,655,35.6,36.3,30.0,49.1,18.3,0.000,0.000,0.00,0.000,6.7,10.0,1.9,165,15,7.4,11.2,1.9,162,14,6.7,10.0,1.9,165,15,0,29.48,,0,0,0,34.8,39.7,42.2,0.34,0.34,0.32
WEST,2015-12-21 03:20:00 EST,43.10647,-75.46146,655,35.6,36.4,29.9,48.8,18.2,0.000,0.000,0.00,0.000,7.0,11.6,1.8,169,13,7.8,12.5,1.9,166,12,7.0,11.6,1.8,169,13,0,29.48,,0,0,0,34.9,39.6,42.2,0.34,0.34,0.32
WEST,2015-12-21 03:25:00 EST,43.10647,-75.46146,655,35.6,36.5,29.4,48.7,18.2,0.000,0.000,0.00,0.000,7.8,11.0,1.5,159,13,8.6,11.6,1.5,154,13,7.8,11.0,1.5,159,13,0,29.48,,0,0,0,34.8,39.6,42.2,0.34,0.34,0.32
WEST,2015-12-21 03:30:00 EST,43.10647,-75.46146,655,35.7,36.6,30.3,48.1,18.0,0.000,0.000,0.00,0.000,6.5,9.9,2.2,153,11,7.0,11.0,2.4,149,11,6.5,9.9,2.2,153,11,0,29.47,,0,0,0,34.9,39.6,42.2,0.34,0.34,0.32
WEST,2015-12-21 03:35:00 EST,43.10647,-75.46146,655,35.3,36.4,30.4,48.4,17.7,0.000,0.000,0.00,0.000,5.6,7.6,0.8,151,9,6.1,8.5,0.8,146,10,5.6,7.6,0.8,151,9,0,29.47,,0,0,0,34.8,39.6,42.2,0.34,0.34,0.32
WEST,2015-12-21 03:40:00 EST,43.10647,-75.46146,655,35.3,36.2,31.2,48.7,17.9,0.000,0.000,0.00,0.000,4.7,7.6,1.0,134,13,5.1,7.8,0.9,131,12,4.7,7.6,1.0,134,13,0,29.47,,0,0,0,34.9,39.6,42.2,0.34,0.34,0.32
WEST,2015-12-21 03:45:00 EST,43.10647,-75.46146,655,35.5,36.5,31.0,48.4,17.9,0.000,0.000,0.00,0.000,5.2,6.6,0.7,116,11,5.7,7.6,0.9,115,10,5.2,6.6,0.7,116,11,0,29.46,,0,0,0,34.8,39.6,42.2,0.34,0.34,0.32
WEST,2015-12-21 03:50:00 EST,43.10647,-75.46146,655,35.6,36.6,31.1,48.3,18.0,0.000,0.000,0.00,0.000,5.3,8.3,1.1,126,11,5.7,9.6,1.1,123,9,5.3,8.3,1.1,126,11,0,29.45,,0,0,0,34.9,39.6,42.2,0.34,0.34,0.32
WEST,2015-12-21 03:55:00 EST,43.10647,-75.46146,655,35.4,36.5,31.0,48.7,18.0,0.000,0.000,0.00,0.000,5.2,8.6,1.2,126,10,5.6,9.2,1.3,123,9,5.2,8.6,1.2,126,10,0,29.45,,0,0,0,34.9,39.6,42.2,0.33,0.34,0.32
WEST,2015-12-21 04:00:00 EST,43.10647,-75.46146,655,35.5,36.6,30.6,48.7,18.1,0.000,0.000,0.00,0.000,5.7,8.1,1.1,128,9,6.2,8.9,1.1,126,7,5.7,8.1,1.1,128,9,0,29.45,,0,0,0,34.8,39.6,42.2,0.34,0.34,0.32
WEST,2015-12-21 04:05:00 EST,43.10647,-75.46146,655,35.6,36.6,31.2,48.2,17.9,0.000,0.000,0.00,0.000,5.2,7.5,1.1,137,12,5.5,8.3,1.1,133,10,5.2,7.5,1.1,137,12,0,29.45,,0,0,0,34.8,39.6,42.2,0.33,0.34,0.32
WEST,2015-12-21 04:10:00 EST,43.10647,-75.46146,655,35.7,36.8,30.3,47.8,17.8,0.000,0.000,0.00,0.000,6.5,9.9,1.5,143,11,7.2,10.7,1.7,138,10,6.5,9.9,1.5,143,11,0,29.45,,0,0,0,34.9,39.6,42.2,0.34,0.34,0.32
WEST,2015-12-21 04:15:00 EST,43.10647,-75.46146,655,35.7,36.9,30.8,47.8,17.9,0.000,0.000,0.00,0.000,5.9,10.2,1.5,144,12,6.3,10.7,1.6,139,11,5.9,10.2,1.5,144,12,0,29.45,,0,0,0,34.9,39.6,42.2,0.33,0.34,0.32
WEST,2015-12-21 04:20:00 EST,43.10647,-75.46146,655,35.8,36.9,29.9,47.8,17.9,0.000,0.000,0.00,0.000,7.2,11.6,1.8,139,12,7.7,12.5,2.0,135,10,7.2,11.6,1.8,139,12,0,29.44,,0,0,0,34.9,39.6,42.1,0.33,0.34,0.32
WEST,2015-12-21 04:25:00 EST,43.10647,-75.46146,655,35.9,36.9,30.0,47.8,18.0,0.000,0.000,0.00,0.000,7.3,10.4,1.4,142,12,7.9,11.2,1.5,138,10,7.3,10.4,1.4,142,12,0,29.44,,0,0,0,34.8,39.6,42.2,0.33,0.34,0.32
WEST,2015-12-21 04:30:00 EST,43.10647,-75.46146,655,36.2,37.1,29.9,47.3,18.0,0.000,0.000,0.00,0.000,8.0,11.8,2.0,152,11,8.7,12.8,2.1,149,11,8.0,11.8,2.0,152,11,0,29.44,,0,0,0,34.8,39.6,42.2,0.33,0.34,0.32
WEST,2015-12-21 04:35:00 EST,43.10647,-75.46146,655,36.0,36.8,31.8,47.1,17.8,0.000,0.000,0.00,0.000,4.9,7.1,1.0,127,11,5.4,8.5,1.1,125,11,4.9,7.1,1.0,127,11,0,29.43,,0,0,0,34.8,39.6,42.2,0.33,0.34,0.32
WEST,2015-12-21 04:40:00 EST,43.10647,-75.46146,655,35.8,36.9,30.6,47.5,17.8,0.000,0.000,0.00,0.000,6.3,10.0,1.6,140,12,6.8,10.1,1.6,135,10,6.3,10.0,1.6,140,12,0,29.43,,0,0,0,34.8,39.6,42.2,0.33,0.34,0.33
WEST,2015-12-21 04:45:00 EST,43.10647,-75.46146,655,35.2,36.5,31.7,48.7,17.7,0.000,0.000,0.00,0.000,4.0,6.4,0.9,136,14,4.5,6.7,0.9,132,12,4.0,6.4,0.9,136,14,0,29.43,,0,0,0,34.9,39.6,42.1,0.33,0.34,0.32
WEST,2015-12-21 04:50:00 EST,43.10647,-75.46146,655,35.6,36.7,31.2,48.4,18.0,0.000,0.000,0.00,0.000,5.0,8.0,1.4,137,12,5.4,8.9,1.4,133,11,5.0,8.0,1.4,137,12,0,29.43,,0,0,0,34.9,39.6,42.1,0.33,0.34,0.32
WEST,2015-12-21 04:55:00 EST,43.10647,-75.46146,655,35.2,36.7,30.5,48.9,17.9,0.000,0.000,0.00,0.000,5.4,9.1,1.7,145,13,5.9,9.4,1.7,141,13,5.4,9.1,1.7,145,13,0,29.43,,0,0,0,34.8,39.6,42.1,0.33,0.34,0.32
WEST,2015-12-21 05:00:00 EST,43.10647,-75.46146,655,35.7,36.6,31.6,48.4,18.1,0.000,0.000,0.00,0.000,4.7,9.3,1.7,130,15,5.2,9.2,1.8,128,14,4.7,9.3,1.7,130,15,0,29.42,,0,0,0,34.8,39.6,42.1,0.33,0.34,0.32
WEST,2015-12-21 05:05:00 EST,43.10647,-75.46146,655,35.6,36.7,31.4,48.5,18.1,0.000,0.000,0.00,0.000,4.9,9.6,1.7,122,26,5.5,10.3,1.8,119,23,4.9,9.6,1.7,122,26,0,29.42,,0,0,0,34.8,39.6,42.1,0.33,0.34,0.32
WEST,2015-12-21 05:10:00 EST,43.10647,-75.46146,655,35.8,37.0,31.3,47.9,18.0,0.000,0.000,0.00,0.000,5.3,8.2,1.0,102,16,5.9,10.3,1.2,101,15,5.3,8.2,1.0,102,16,0,29.42,,0,0,0,34.8,39.6,42.1,0.33,0.34,0.32
WEST,2015-12-21 05:15:00 EST,43.10647,-75.46146,655,36.0,37.0,31.2,47.1,17.7,0.000,0.000,0.00,0.000,5.7,8.4,1.0,102,15,6.4,9.2,1.1,100,13,5.7,8.4,1.0,102,15,0,29.42,,0,0,0,34.8,39.5,42.1,0.33,0.34,0.32
WEST,2015-12-21 05:20:00 EST,43.10647,-75.46146,655,35.6,36.9,30.3,48.2,17.9,0.000,0.000,0.00,0.000,6.3,9.1,1.3,104,13,6.8,9.8,1.3,103,13,6.3,9.1,1.3,104,13,0,29.42,,0,0,0,34.8,39.6,42.1,0.33,0.34,0.32
WEST,2015-12-21 05:25:00 EST,43.10647,-75.46146,655,35.8,37.0,30.3,48.0,18.0,0.000,0.000,0.00,0.000,6.5,10.0,1.5,110,14,7.2,11.0,1.7,107,13,6.5,10.0,1.5,110,14,0,29.41,,0,0,0,34.8,39.6,42.1,0.33,0.34,0.32
WEST,2015-12-21 05:30:00 EST,43.10647,-75.46146,655,35.3,36.5,30.9,48.0,17.6,0.000,0.000,0.00,0.000,5.1,7.0,0.9,117,12,5.6,8.5,1.0,115,11,5.1,7.0,0.9,117,12,0,29.41,,0,0,0,34.8,39.6,42.1,0.33,0.34,0.32
WEST,2015-12-21 05:35:00 EST,43.10647,-75.46146,655,35.3,36.5,31.1,49.4,18.2,0.000,0.000,0.00,0.000,4.7,8.3,1.3,112,15,5.3,9.6,1.5,111,14,4.7,8.3,1.3,112,15,0,29.42,,0,0,0,34.8,39.6,42.1,0.33,0.34,0.32
WEST,2015-12-21 05:40:00 EST,43.10647,-75.46146,655,35.5,36.8,31.4,48.8,18.1,0.000,0.000,0.00,0.000,4.8,8.3,1.7,116,12,5.4,8.9,1.8,113,11,4.8,8.3,1.7,116,12,0,29.41,,0,0,0,34.8,39.6,42.1,0.33,0.34,0.32
WEST,2015-12-21 05:45:00 EST,43.10647,-75.46146,655,35.9,36.9,32.1,47.7,18.0,0.000,0.000,0.00,0.000,4.5,8.0,1.1,123,12,4.9,8.7,1.2,121,10,4.5,8.0,1.1,123,12,0,29.41,,0,0,0,34.8,39.5,42.1,0.33,0.34,0.32
WEST,2015-12-21 05:50:00 EST,43.10647,-75.46146,655,35.8,37.2,31.1,48.0,18.0,0.000,0.000,0.00,0.000,5.4,7.2,0.8,116,12,5.8,8.1,0.9,115,11,5.4,7.2,0.8,116,12,0,29.41,,0,0,0,34.8,39.5,42.1,0.33,0.34,0.32
WEST,2015-12-21 05:55:00 EST,43.10647,-75.46146,655,35.8,37.1,31.9,48.1,18.1,0.000,0.000,0.00,0.000,4.6,8.3,1.4,133,12,5.0,8.9,1.5,130,11,4.6,8.3,1.4,133,12,0,29.41,,0,0,0,34.8,39.5,42.1,0.33,0.34,0.32
WEST,2015-12-21 06:00:00 EST,43.10647,-75.46146,655,35.4,37.1,31.3,49.1,18.2,0.000,0.000,0.00,0.000,4.8,6.7,0.9,136,13,5.2,7.4,0.9,132,10,4.8,6.7,0.9,136,13,0,29.41,,0,0,0,34.8,39.5,42.1,0.34,0.34,0.32
WEST,2015-12-21 06:05:00 EST,43.10647,-75.46146,655,35.7,37.0,31.6,50.2,18.9,0.000,0.000,0.00,0.000,4.7,7.5,1.1,150,11,5.2,7.4,1.0,145,9,4.7,7.5,1.1,150,11,0,29.42,,0,0,0,34.8,39.6,42.1,0.33,0.34,0.32
WEST,2015-12-21 06:10:00 EST,43.10647,-75.46146,655,35.8,37.2,31.6,49.2,18.6,0.000,0.000,0.00,0.000,4.9,7.5,1.3,148,10,5.2,8.1,1.3,143,10,4.9,7.5,1.3,148,10,0,29.41,,0,0,0,34.8,39.5,42.1,0.33,0.34,0.32
WEST,2015-12-21 06:15:00 EST,43.10647,-75.46146,655,35.8,37.2,32.7,49.3,18.6,0.000,0.000,0.00,0.000,3.8,6.3,0.9,134,12,4.1,6.7,1.0,130,9,3.8,6.3,0.9,134,12,0,29.41,,0,0,0,34.8,39.6,42.1,0.34,0.34,0.32
WEST,2015-12-21 06:20:00 EST,43.10647,-75.46146,655,35.4,37.0,32.7,50.1,18.7,0.000,0.000,0.00,0.000,3.4,5.6,0.8,126,12,3.7,6.7,1.0,125,11,3.4,5.6,0.8,126,12,0,29.41,,0,0,0,34.8,39.5,42.1,0.33,0.34,0.32
WEST,2015-12-21 06:25:00 EST,43.10647,-75.46146,655,36.0,37.4,32.1,49.3,18.8,0.000,0.000,0.00,0.000,4.7,6.9,1.0,141,14,5.0,8.3,1.1,137,13,4.7,6.9,1.0,141,14,0,29.41,,0,0,0,34.8,39.6,42.1,0.33,0.34,0.32
WEST,2015-12-21 06:30:00 EST,43.10647,-75.46146,655,36.5,37.4,33.8,48.0,18.7,0.000,0.000,0.00,0.000,3.5,5.6,0.8,139,12,3.7,6.9,1.0,134,12,3.5,5.6,0.8,139,12,0,29.41,,0,0,0,34.8,39.5,42.1,0.33,0.34,0.32
WEST,2015-12-21 06:35:00 EST,43.10647,-75.46146,655,36.5,37.8,32.5,48.3,18.8,0.000,0.000,0.00,0.000,4.9,6.9,0.9,125,12,5.3,7.4,1.0,123,10,4.9,6.9,0.9,125,12,0,29.41,,0,0,0,34.8,39.5,42.0,0.33,0.34,0.32
WEST,2015-12-21 06:40:00 EST,43.10647,-75.46146,655,37.4,38.1,33.5,46.6,18.8,0.000,0.000,0.00,0.000,5.0,8.8,1.4,128,19,5.4,9.6,1.5,126,18,5.0,8.8,1.4,128,19,0,29.41,,0,0,0,34.8,39.5,42.1,0.34,0.34,0.32
WEST,2015-12-21 06:45:00 EST,43.10647,-75.46146,655,37.5,38.2,33.6,46.2,18.7,0.000,0.000,0.00,0.000,5.0,8.7,1.3,135,28,5.5,9.6,1.4,132,27,5.0,8.7,1.3,135,28,0,29.41,,0,0,0,34.8,39.5,42.1,0.34,0.34,0.32
WEST,2015-12-21 06:50:00 EST,43.10647,-75.46146,655,37.6,38.3,33.5,45.9,18.6,0.000,0.000,0.00,0.000,5.1,9.1,1.2,134,11,5.5,9.2,1.2,130,9,5.1,9.1,1.2,134,11,0,29.41,,0,0,0,34.8,39.5,42.1,0.34,0.34,0.32
WEST,2015-12-21 06:55:00 EST,43.10647,-75.46146,655,37.8,38.4,33.4,46.3,19.0,0.000,0.000,0.00,0.000,5.6,10.3,1.5,156,20,6.2,12.8,1.7,152,20,5.6,10.3,1.5,156,20,0,29.42,,0,0,0,34.8,39.5,42.1,0.33,0.34,0.32
WEST,2015-12-21 07:00:00 EST,43.10647,-75.46146,655,37.5,38.3,34.7,47.1,19.1,0.000,0.000,0.00,0.000,3.7,7.5,1.8,153,17,4.4,8.3,1.7,148,17,3.7,7.5,1.8,153,17,0,29.42,,0,0,0,34.8,39.5,42.1,0.34,0.34,0.32
WEST,2015-12-21 07:05:00 EST,43.10647,-75.46146,655,37.6,38.3,32.7,47.5,19.4,0.000,0.000,0.00,0.000,6.3,10.2,2.1,160,17,6.9,11.0,2.0,157,17,6.3,10.2,2.1,160,17,0,29.41,,0,0,0,34.8,39.5,42.1,0.33,0.34,0.32
WEST,2015-12-21 07:10:00 EST,43.10647,-75.46146,655,37.6,38.2,34.0,47.2,19.3,0.000,0.000,0.00,0.000,4.6,9.2,1.7,137,19,5.2,9.4,1.8,135,18,4.6,9.2,1.7,137,19,0,29.41,,0,0,0,34.8,39.5,42.1,0.33,0.34,0.32
WEST,2015-12-21 07:15:00 EST,43.10647,-75.46146,655,37.7,38.3,33.8,47.4,19.5,0.000,0.000,0.00,0.000,5.0,11.4,2.1,141,21,5.7,12.5,2.3,138,20,5.0,11.4,2.1,141,21,0,29.40,,0,0,0,34.8,39.5,42.1,0.33,0.34,0.32
WEST,2015-12-21 07:20:00 EST,43.10647,-75.46146,655,38.1,38.4,34.5,46.0,19.1,0.000,0.000,0.00,0.000,4.6,6.8,1.4,134,15,5.2,8.1,1.4,131,15,4.6,6.8,1.4,134,15,0,29.40,,0,0,0,34.8,39.5,42.1,0.34,0.34,0.32
WEST,2015-12-21 07:25:00 EST,43.10647,-75.46146,655,37.7,38.3,35.0,47.1,19.4,0.000,0.000,0.00,0.000,3.7,6.9,1.2,145,26,4.3,8.1,1.3,142,25,3.7,6.9,1.2,145,26,0,29.39,,0,0,0,34.8,39.5,42.1,0.33,0.34,0.32
WEST,2015-12-21 07:30:00 EST,43.10647,-75.46146,655,38.0,38.5,33.6,46.7,19.4,0.000,0.000,0.00,0.000,5.7,9.2,1.8,143,19,6.3,10.3,2.0,139,18,5.7,9.2,1.8,143,19,1,29.39,,0,0,0,34.8,39.5,42.0,0.34,0.34,0.32
WEST,2015-12-21 07:35:00 EST,43.10647,-75.46146,655,38.1,38.6,34.5,46.6,19.4,0.000,0.000,0.00,0.000,4.7,11.5,2.9,149,23,5.3,12.8,3.2,146,22,4.7,11.5,2.9,149,23,1,29.39,,0,0,0,34.8,39.5,42.0,0.33,0.34,0.32
WEST,2015-12-21 07:40:00 EST,43.10647,-75.46146,655,38.0,38.7,34.8,47.0,19.5,0.000,0.000,0.00,0.000,4.3,8.5,1.5,150,26,4.8,9.4,1.7,146,24,4.3,8.5,1.5,150,26,3,29.39,,0,0,0,34.8,39.5,42.1,0.33,0.34,0.32
WEST,2015-12-21 07:45:00 EST,43.10647,-75.46146,655,38.2,38.8,33.0,47.2,19.8,0.000,0.000,0.00,0.000,6.9,12.1,2.0,163,17,7.6,13.6,2.2,160,17,6.9,12.1,2.0,163,17,6,29.39,,0,0,0,34.8,39.5,42.1,0.33,0.34,0.32
WEST,2015-12-21 07:50:00 EST,43.10647,-75.46146,655,38.4,38.9,32.6,46.9,19.8,0.000,0.000,0.00,0.000,8.0,12.5,1.9,167,18,9.0,13.6,2.0,164,16,8.0,12.5,1.9,167,18,10,29.39,,0,0,0,34.8,39.5,42.1,0.33,0.34,0.32
WEST,2015-12-21 07:55:00 EST,43.10647,-75.46146,655,38.4,39.0,32.8,46.8,19.8,0.000,0.000,0.00,0.000,7.7,13.0,1.7,167,17,8.6,15.2,1.9,164,16,7.7,13.0,1.7,167,17,15,29.39,,0,0,0,34.8,39.4,42.0,0.33,0.34,0.32
WEST,2015-12-21 08:00:00 EST,43.10647,-75.46146,655,38.3,38.9,32.6,47.3,20.0,0.000,0.000,0.00,0.000,7.7,13.7,2.4,168,19,8.5,16.8,2.8,165,18,7.7,13.7,2.4,168,19,19,29.39,,0,0,0,34.8,39.5,42.1,0.33,0.34,0.32
WEST,2015-12-21 08:05:00 EST,43.10647,-75.46146,655,38.8,39.1,33.1,46.3,19.9,0.000,0.000,0.00,0.000,8.0,14.1,2.2,173,17,9.0,18.1,2.5,169,15,8.0,14.1,2.2,173,17,21,29.39,,0,0,0,34.8,39.4,42.0,0.33,0.34,0.32
WEST,2015-12-21 08:10:00 EST,43.10647,-75.46146,655,38.7,39.1,34.9,46.0,19.7,0.000,0.000,0.00,0.000,5.0,11.6,2.2,166,27,5.8,13.4,2.4,164,27,5.0,11.6,2.2,166,27,22,29.38,,0,0,0,34.8,39.4,42.0,0.33,0.34,0.32
WEST,2015-12-21 08:15:00 EST,43.10647,-75.46146,655,38.7,39.2,33.3,46.5,20.0,0.000,0.000,0.00,0.000,7.5,14.0,2.3,175,21,8.3,15.2,2.4,172,18,7.5,14.0,2.3,175,21,29,29.38,,0,0,0,34.8,39.5,42.0,0.33,0.34,0.32
WEST,2015-12-21 08:20:00 EST,43.10647,-75.46146,655,38.8,39.3,33.7,46.6,20.1,0.000,0.000,0.00,0.000,7.1,12.3,2.2,179,19,7.8,12.8,2.2,177,16,7.1,12.3,2.2,179,19,36,29.38,,0,0,0,34.8,39.4,42.0,0.33,0.34,0.32
WEST,2015-12-21 08:25:00 EST,43.10647,-75.46146,655,39.0,39.5,33.3,46.2,20.1,0.000,0.000,0.00,0.000,8.2,13.1,2.0,179,17,9.2,15.7,2.2,176,15,8.2,13.1,2.0,179,17,40,29.38,,0,0,0,34.8,39.4,42.0,0.33,0.34,0.32
WEST,2015-12-21 08:30:00 EST,43.10647,-75.46146,655,39.3,39.6,32.9,45.7,20.1,0.000,0.000,0.00,0.000,9.7,16.8,2.1,184,18,10.7,16.8,2.5,180,17,9.7,16.8,2.1,184,18,42,29.38,,0,0,0,34.8,39.4,42.0,0.33,0.34,0.32
WEST,2015-12-21 08:35:00 EST,43.10647,-75.46146,655,39.3,39.7,32.6,45.9,20.2,0.000,0.000,0.00,0.000,10.5,17.3,2.9,179,14,11.5,18.8,3.3,178,12,10.5,17.3,2.9,179,14,45,29.38,,0,0,0,34.8,39.4,42.0,0.33,0.34,0.32
WEST,2015-12-21 08:40:00 EST,43.10647,-75.46146,655,39.5,39.8,32.5,45.7,20.2,0.000,0.000,0.00,0.000,11.2,16.8,2.7,179,12,12.3,19.0,3.0,178,10,11.2,16.8,2.7,179,12,45,29.38,,0,0,0,34.8,39.4,42.0,0.33,0.34,0.32
WEST,2015-12-21 08:45:00 EST,43.10647,-75.46146,655,39.5,39.8,33.2,45.7,20.3,0.000,0.000,0.00,0.000,9.5,15.0,1.7,186,11,10.2,18.1,2.1,183,10,9.5,15.0,1.7,186,11,44,29.38,,0,0,0,34.8,39.4,42.0,0.33,0.34,0.32
WEST,2015-12-21 08:50:00 EST,43.10647,-75.46146,655,39.4,39.9,32.4,46.4,20.6,0.000,0.000,0.00,0.000,11.2,16.1,2.4,180,12,12.1,18.6,2.6,178,10,11.2,16.1,2.4,180,12,46,29.37,,0,0,0,34.8,39.4,42.0,0.33,0.34,0.32
WEST,2015-12-21 08:55:00 EST,43.10647,-75.46146,655,39.6,40.0,32.5,46.2,20.6,0.000,0.000,0.00,0.000,11.4,16.8,2.1,177,12,12.3,18.3,2.2,175,11,11.4,16.8,2.1,177,12,45,29.37,,0,0,0,34.7,39.4,42.0,0.33,0.34,0.32
WEST,2015-12-21 09:00:00 EST,43.10647,-75.46146,655,39.7,40.1,32.8,45.9,20.5,0.000,0.000,0.00,0.000,11.2,17.0,2.0,179,13,12.1,19.2,2.5,177,12,11.2,17.0,2.0,179,13,46,29.36,,0,0,0,34.8,39.4,42.0,0.33,0.34,0.32
WEST,2015-12-21 09:05:00 EST,43.10647,-75.46146,655,39.8,40.2,33.6,45.7,20.6,0.000,0.000,0.00,0.000,9.7,15.1,1.8,177,12,10.4,17.2,2.0,175,10,9.7,15.1,1.8,177,12,50,29.36,,0,0,0,34.8,39.4,42.0,0.33,0.34,0.32
WEST,2015-12-21 09:10:00 EST,43.10647,-75.46146,655,40.0,40.4,33.5,45.8,20.7,0.000,0.000,0.00,0.000,10.3,16.1,2.3,173,12,11.2,17.4,2.6,171,10,10.3,16.1,2.3,173,12,56,29.36,,0,0,0,34.8,39.4,42.0,0.33,0.34,0.32
WEST,2015-12-21 09:15:00 EST,43.10647,-75.46146,655,40.3,40.6,34.1,45.0,20.6,0.000,0.000,0.00,0.000,9.8,13.1,2.0,178,11,10.6,14.8,2.3,176,10,9.8,13.1,2.0,178,11,63,29.37,,0,0,0,34.8,39.4,42.0,0.33,0.34,0.32
WEST,2015-12-21 09:20:00 EST,43.10647,-75.46146,655,40.4,40.7,34.2,44.7,20.6,0.000,0.000,0.00,0.000,9.8,17.5,2.8,184,12,10.7,18.3,3.1,181,11,9.8,17.5,2.8,184,12,66,29.38,,0,0,0,34.8,39.4,42.0,0.33,0.34,0.32
WEST,2015-12-21 09:25:00 EST,43.10647,-75.46146,655,40.5,40.8,34.7,45.0,20.8,0.000,0.000,0.00,0.000,9.0,14.7,2.4,179,13,9.9,16.8,2.7,177,13,9.0,14.7,2.4,179,13,73,29.38,,0,0,0,34.8,39.4,42.0,0.33,0.34,0.32
WEST,2015-12-21 09:30:00 EST,43.10647,-75.46146,655,40.7,41.0,34.5,44.9,20.9,0.000,0.000,0.00,0.000,9.9,14.9,2.0,186,10,10.9,17.4,2.2,183,9,9.9,14.9,2.0,186,10,79,29.38,,0,0,0,34.8,39.4,42.0,0.33,0.34,0.32
WEST,2015-12-21 09:35:00 EST,43.10647,-75.46146,655,41.0,41.3,35.9,44.2,20.9,0.000,0.000,0.00,0.000,7.7,11.6,1.6,184,12,8.4,12.5,1.8,181,10,7.7,11.6,1.6,184,12,82,29.38,,0,0,0,34.8,39.4,41.9,0.33,0.34,0.32
WEST,2015-12-21 09:40:00 EST,43.10647,-75.46146,655,41.2,41.5,35.3,44.4,21.1,0.000,0.000,0.00,0.000,9.4,15.9,2.6,178,12,10.1,17.7,2.8,175,11,9.4,15.9,2.6,178,12,96,29.37,,0,0,0,34.8,39.4,42.0,0.33,0.34,0.32
WEST,2015-12-21 09:45:00 EST,43.10647,-75.46146,655,41.4,41.7,35.4,44.2,21.2,0.000,0.000,0.00,0.000,10.0,17.7,2.8,175,12,11.1,20.6,3.2,173,10,10.0,17.7,2.8,175,12,104,29.37,,0,0,0,34.8,39.4,42.0,0.33,0.34,0.32
WEST,2015-12-21 09:50:00 EST,43.10647,-75.46146,655,41.8,42.1,37.3,42.8,20.9,0.000,0.000,0.00,0.000,7.2,14.2,1.7,190,13,7.9,15.2,2.1,186,12,7.2,14.2,1.7,190,13,100,29.37,,0,0,0,34.8,39.4,42.0,0.33,0.34,0.32
WEST,2015-12-21 09:55:00 EST,43.10647,-75.46146,655,42.1,42.3,37.4,42.1,20.7,0.000,0.000,0.00,0.000,7.4,14.5,2.2,193,13,8.2,16.3,2.5,190,11,7.4,14.5,2.2,193,13,82,29.37,,0,0,0,34.8,39.4,42.0,0.33,0.34,0.32
WEST,2015-12-21 10:00:00 EST,43.10647,-75.46146,655,42.2,42.5,37.9,42.3,20.9,0.000,0.000,0.00,0.000,6.9,10.7,1.5,183,18,7.5,12.1,1.7,179,17,6.9,10.7,1.5,183,18,74,29.38,,0,0,0,34.8,39.4,41.9,0.33,0.34,0.32
WEST,2015-12-21 10:05:00 EST,43.10647,-75.46146,655,42.3,42.6,37.5,42.5,21.1,0.000,0.000,0.00,0.000,7.9,11.7,1.9,173,11,8.8,13.6,2.2,171,10,7.9,11.7,1.9,173,11,82,29.37,,0,0,0,34.8,39.4,42.0,0.33,0.34,0.32
WEST,2015-12-21 10:10:00 EST,43.10647,-75.46146,655,42.4,42.7,37.5,42.8,21.4,0.000,0.000,0.00,0.000,8.2,11.8,1.5,168,10,9.1,13.4,1.7,166,10,8.2,11.8,1.5,168,10,95,29.37,,0,0,0,34.8,39.4,41.9,0.33,0.34,0.32
WEST,2015-12-21 10:15:00 EST,43.10647,-75.46146,655,42.6,42.9,37.3,42.3,21.3,0.000,0.000,0.00,0.000,8.8,12.6,1.7,162,11,9.6,13.4,1.9,159,11,8.8,12.6,1.7,162,11,93,29.36,,0,0,0,34.8,39.4,42.0,0.33,0.34,0.32
WEST,2015-12-21 10:20:00 EST,43.10647,-75.46146,655,42.7,43.0,37.2,42.6,21.5,0.000,0.000,0.00,0.000,9.4,14.7,2.2,163,11,10.2,17.2,2.5,160,11,9.4,14.7,2.2,163,11,87,29.36,,0,0,0,34.8,39.4,42.0,0.33,0.34,0.32
WEST,2015-12-21 10:25:00 EST,43.10647,-75.46146,655,42.9,43.2,38.0,42.1,21.4,0.000,0.000,0.00,0.000,8.3,11.5,1.5,168,11,9.1,13.6,1.8,166,11,8.3,11.5,1.5,168,11,81,29.36,,0,0,0,34.8,39.4,41.9,0.33,0.34,0.32
WEST,2015-12-21 10:30:00 EST,43.10647,-75.46146,655,43.0,43.3,39.4,41.7,21.3,0.000,0.000,0.00,0.000,6.0,9.6,1.4,177,14,6.7,10.5,1.5,175,13,6.0,9.6,1.4,177,14,75,29.37,,0,0,0,34.8,39.4,41.9,0.33,0.34,0.32
WEST,2015-12-21 10:35:00 EST,43.10647,-75.46146,655,43.3,43.5,40.7,41.1,21.2,0.000,0.000,0.00,0.000,4.5,11.0,2.3,195,26,5.1,11.9,2.3,192,25,4.5,11.0,2.3,195,26,81,29.37,,0,0,0,34.8,39.4,41.9,0.33,0.34,0.32
WEST,2015-12-21 10:40:00 EST,43.10647,-75.46146,655,43.5,43.6,40.7,40.4,21.0,0.000,0.000,0.00,0.000,4.7,7.5,1.0,184,16,5.2,8.7,1.2,180,16,4.7,7.5,1.0,184,16,79,29.37,,0,0,0,34.8,39.4,41.9,0.33,0.34,0.32
WEST,2015-12-21 10:45:00 EST,43.10647,-75.46146,655,43.5,43.7,40.6,41.3,21.5,0.000,0.000,0.00,0.000,4.9,6.1,0.8,169,8,5.5,7.6,0.9,164,8,4.9,6.1,0.8,169,8,74,29.37,,0,0,0,34.8,39.3,41.9,0.33,0.34,0.32
WEST,2015-12-21 10:50:00 EST,43.10647,-75.46146,655,43.3,43.8,40.0,42.8,22.2,0.000,0.000,0.00,0.000,5.5,8.4,1.3,161,9,6.2,9.4,1.4,157,9,5.5,8.4,1.3,161,9,86,29.37,,0,0,0,34.8,39.4,41.9,0.33,0.34,0.32
WEST,2015-12-21 10:55:00 EST,43.10647,-75.46146,655,44.4,44.7,42.2,39.4,21.2,0.000,0.000,0.00,0.000,4.2,9.7,2.1,183,24,4.8,11.2,2.3,177,23,4.2,9.7,2.1,183,24,106,29.37,,0,0,0,34.8,39.3,41.9,0.33,0.34,0.32
WEST,2015-12-21 11:00:00 EST,43.10647,-75.46146,655,44.6,44.7,42.5,38.3,20.8,0.000,0.000,0.00,0.000,4.1,8.0,1.8,200,23,4.6,7.8,1.8,195,24,4.1,8.0,1.8,200,23,108,29.36,,0,0,0,34.8,39.3,41.9,0.33,0.34,0.32
WEST,2015-12-21 11:05:00 EST,43.10647,-75.46146,655,44.6,44.8,41.6,38.4,20.8,0.000,0.000,0.00,0.000,5.4,9.5,2.1,173,31,6.0,11.0,2.4,170,31,5.4,9.5,2.1,173,31,103,29.35,,0,0,0,34.8,39.3,41.9,0.33,0.34,0.32
WEST,2015-12-21 11:10:00 EST,43.10647,-75.46146,655,44.8,44.9,44.8,38.4,21.0,0.000,0.000,0.00,0.000,2.7,7.1,1.8,177,23,3.1,7.6,1.8,174,27,2.7,7.1,1.8,177,23,92,29.35,,0,0,0,34.8,39.3,41.9,0.33,0.34,0.32
WEST,2015-12-21 11:15:00 EST,43.10647,-75.46146,655,44.9,45.1,44.9,38.4,21.1,0.000,0.000,0.00,0.000,2.7,5.4,1.1,182,24,3.0,6.0,1.1,177,23,2.7,5.4,1.1,182,24,67,29.35,,0,0,0,34.8,39.3,41.9,0.33,0.34,0.32
WEST,2015-12-21 11:20:00 EST,43.10647,-75.46146,655,44.9,45.3,41.8,39.1,21.5,0.000,0.000,0.00,0.000,5.7,9.0,1.4,187,17,6.3,10.3,1.5,183,16,5.7,9.0,1.4,187,17,58,29.35,,0,0,0,34.8,39.3,41.9,0.33,0.34,0.32
WEST,2015-12-21 11:25:00 EST,43.10647,-75.46146,655,44.8,45.3,42.6,39.8,21.7,0.000,0.000,0.00,0.000,4.3,5.8,0.6,161,8,4.8,6.7,0.7,157,9,4.3,5.8,0.6,161,8,54,29.35,,0,0,0,34.9,39.3,41.9,0.33,0.34,0.32
WEST,2015-12-21 11:30:00 EST,43.10647,-75.46146,655,44.3,45.2,42.3,42.2,22.7,0.000,0.000,0.00,0.000,3.9,6.4,1.0,169,9,4.5,7.4,1.1,164,9,3.9,6.4,1.0,169,9,52,29.35,,0,0,0,34.9,39.3,41.9,0.33,0.34,0.32
WEST,2015-12-21 11:35:00 EST,43.10647,-75.46146,655,44.8,45.5,42.2,41.1,22.6,0.000,0.000,0.00,0.000,5.0,7.5,1.1,173,12,5.4,8.7,1.2,169,12,5.0,7.5,1.1,173,12,47,29.34,,0,0,0,34.9,39.3,41.9,0.33,0.34,0.32
WEST,2015-12-21 11:40:00 EST,43.10647,-75.46146,655,44.7,45.6,44.7,42.2,23.1,0.000,0.000,0.00,0.000,2.3,3.9,0.8,172,13,2.9,4.7,0.8,166,19,2.3,3.9,0.8,172,13,44,29.34,,0,0,0,34.9,39.3,41.9,0.33,0.34,0.32
WEST,2015-12-21 11:45:00 EST,43.10647,-75.46146,655,44.4,45.4,44.4,44.6,24.1,0.000,0.000,0.00,0.000,2.9,5.9,1.2,157,26,3.3,6.5,1.2,151,25,2.9,5.9,1.2,157,26,50,29.33,,0,0,0,34.9,39.3,41.9,0.33,0.34,0.32
WEST,2015-12-21 11:50:00 EST,43.10647,-75.46146,655,44.5,45.4,42.4,45.2,24.6,0.006,0.006,0.00,0.006,4.2,8.9,2.0,188,16,4.7,9.2,2.0,184,15,4.2,8.9,2.0,188,16,46,29.33,,0,0,0,34.9,39.3,41.8,0.33,0.34,0.32
WEST,2015-12-21 11:55:00 EST,43.10647,-75.46146,655,44.0,45.0,40.7,48.2,25.7,0.000,0.006,0.00,0.006,5.7,11.7,2.0,200,19,6.4,13.9,2.0,196,16,5.7,11.7,2.0,200,19,46,29.33,,0,0,0,34.9,39.3,41.8,0.33,0.34,0.32
WEST,2015-12-21 12:00:00 EST,43.10647,-75.46146,655,44.2,44.8,41.0,47.1,25.4,0.000,0.006,0.00,0.006,5.6,12.6,2.5,209,18,6.1,13.9,2.7,207,19,5.6,12.6,2.5,209,18,60,29.33,,0,0,0,34.9,39.3,41.9,0.33,0.34,0.32
WEST,2015-12-21 12:05:00 EST,43.10647,-75.46146,655,44.4,45.0,41.2,46.5,25.1,0.000,0.006,0.00,0.006,5.7,10.1,1.7,203,17,6.1,10.5,1.9,197,16,5.7,10.1,1.7,203,17,58,29.33,,0,0,0,34.9,39.3,41.8,0.33,0.34,0.32
WEST,2015-12-21 12:10:00 EST,43.10647,-75.46146,655,44.5,45.1,41.3,45.3,24.6,0.000,0.006,0.00,0.006,5.6,10.5,2.0,207,16,6.0,11.9,2.1,203,15,5.6,10.5,2.0,207,16,54,29.33,,0,0,0,34.9,39.3,41.9,0.33,0.34,0.32
WEST,2015-12-21 12:15:00 EST,43.10647,-75.46146,655,44.1,45.1,40.8,47.8,25.5,0.000,0.006,0.00,0.006,5.6,7.5,0.8,180,12,6.2,8.9,0.9,176,12,5.6,7.5,0.8,180,12,48,29.32,,0,0,0,34.9,39.3,41.8,0.33,0.34,0.32
WEST,2015-12-21 12:20:00 EST,43.10647,-75.46146,655,43.9,45.0,42.3,47.8,25.4,0.000,0.006,0.00,0.006,3.5,5.6,1.0,175,15,3.8,6.3,1.0,171,15,3.5,5.6,1.0,175,15,51,29.31,,0,0,0,34.9,39.3,41.9,0.33,0.34,0.32
WEST,2015-12-21 12:25:00 EST,43.10647,-75.46146,655,43.9,45.0,40.1,48.0,25.5,0.000,0.006,0.00,0.006,6.5,9.4,1.6,154,11,7.1,10.5,1.6,151,12,6.5,9.4,1.6,154,11,54,29.30,,0,0,0,34.9,39.3,41.8,0.33,0.34,0.32
WEST,2015-12-21 12:30:00 EST,43.10647,-75.46146,655,43.9,44.8,40.4,48.7,25.8,0.000,0.006,0.00,0.006,6.0,9.0,1.4,160,14,6.6,10.3,1.4,155,13,6.0,9.0,1.4,160,14,58,29.29,,0,0,0,34.9,39.3,41.8,0.33,0.34,0.32
WEST,2015-12-21 12:35:00 EST,43.10647,-75.46146,655,44.2,45.0,39.8,47.1,25.3,0.000,0.006,0.00,0.006,7.8,10.2,1.3,154,13,8.5,11.4,1.5,151,12,7.8,10.2,1.3,154,13,54,29.29,,0,0,0,35.0,39.3,41.8,0.33,0.34,0.32
WEST,2015-12-21 12:40:00 EST,43.10647,-75.46146,655,44.3,45.1,40.3,46.7,25.2,0.000,0.006,0.00,0.006,7.1,10.5,1.4,159,11,7.7,11.2,1.5,156,11,7.1,10.5,1.4,159,11,54,29.28,,0,0,0,35.0,39.3,41.8,0.33,0.34,0.32
WEST,2015-12-21 12:45:00 EST,43.10647,-75.46146,655,44.8,45.5,40.5,44.6,24.5,0.000,0.006,0.00,0.006,7.8,12.9,2.0,180,15,8.7,15.2,2.4,178,14,7.8,12.9,2.0,180,15,49,29.29,,0,0,0,35.0,39.3,41.8,0.33,0.34,0.32
WEST,2015-12-21 12:50:00 EST,43.10647,-75.46146,655,44.6,45.4,41.5,45.2,24.7,0.000,0.006,0.00,0.000,5.6,9.8,1.7,181,13,6.1,11.2,1.9,178,12,5.6,9.8,1.7,181,13,40,29.30,,0,0,0,35.1,39.2,41.8,0.33,0.34,0.32
WEST,2015-12-21 12:55:00 EST,43.10647,-75.46146,655,44.8,45.6,42.3,44.2,24.3,0.000,0.006,0.00,0.000,4.8,8.3,1.1,152,15,5.3,9.4,1.2,148,14,4.8,8.3,1.1,152,15,34,29.30,,0,0,0,35.1,39.3,41.8,0.33,0.34,0.32
WEST,2015-12-21 13:00:00 EST,43.10647,-75.46146,655,45.2,45.9,42.2,42.9,24.0,0.000,0.006,0.00,0.000,5.7,10.3,1.9,144,25,6.1,10.7,2.0,139,25,5.7,10.3,1.9,144,25,33,29.29,,0,0,0,35.1,39.2,41.8,0.33,0.34,0.32
WEST,2015-12-21 13:05:00 EST,43.10647,-75.46146,655,45.1,45.8,42.1,43.7,24.3,0.000,0.006,0.00,0.000,5.6,10.0,1.8,159,14,6.4,12.1,1.8,154,14,5.6,10.0,1.8,159,14,35,29.29,,0,0,0,35.2,39.2,41.8,0.33,0.34,0.32
WEST,2015-12-21 13:10:00 EST,43.10647,-75.46146,655,45.4,45.8,43.9,42.6,23.9,0.000,0.006,0.00,0.000,3.5,7.7,1.7,114,48,4.2,9.2,1.8,115,46,3.5,7.7,1.7,114,48,38,29.28,,0,0,0,35.2,39.2,41.8,0.33,0.34,0.32
WEST,2015-12-21 13:15:00 EST,43.10647,-75.46146,655,45.1,45.6,43.2,44.3,24.6,0.000,0.006,0.00,0.000,4.0,7.6,1.3,171,35,4.5,8.1,1.4,166,33,4.0,7.6,1.3,171,35,42,29.29,,0,0,0,35.3,39.2,41.8,0.33,0.34,0.32
WEST,2015-12-21 13:20:00 EST,43.10647,-75.46146,655,45.6,45.9,44.3,42.5,24.0,0.000,0.006,0.00,0.000,3.4,5.9,1.2,182,39,4.0,7.4,1.4,179,38,3.4,5.9,1.2,182,39,49,29.29,,0,0,0,35.4,39.2,41.8,0.33,0.34,0.32
WEST,2015-12-21 13:25:00 EST,43.10647,-75.46146,655,45.5,45.9,43.1,42.4,23.9,0.000,0.006,0.00,0.000,4.8,11.8,1.7,171,30,5.5,14.3,2.2,169,28,4.8,11.8,1.7,171,30,43,29.28,,0,0,0,35.4,39.2,41.8,0.33,0.34,0.32
WEST,2015-12-21 13:30:00 EST,43.10647,-75.46146,655,45.7,46.1,43.4,41.7,23.7,0.000,0.006,0.00,0.000,4.7,12.9,2.7,171,29,5.3,14.8,2.9,168,29,4.7,12.9,2.7,171,29,43,29.28,,0,0,0,35.5,39.2,41.8,0.33,0.34,0.32
WEST,2015-12-21 13:35:00 EST,43.10647,-75.46146,655,45.8,46.2,45.8,41.7,23.8,0.000,0.006,0.00,0.000,2.3,5.2,1.2,199,33,2.8,5.6,1.2,193,35,2.3,5.2,1.2,199,33,37,29.29,,0,0,0,35.5,39.2,41.8,0.33,0.34,0.32
WEST,2015-12-21 13:40:00 EST,43.10647,-75.46146,655,46.1,46.6,42.1,41.2,23.8,0.000,0.006,0.00,0.000,7.9,13.5,2.1,219,17,8.4,14.3,2.0,215,17,7.9,13.5,2.1,219,17,31,29.29,,0,0,0,35.5,39.2,41.8,0.33,0.34,0.32
WEST,2015-12-21 13:45:00 EST,43.10647,-75.46146,655,46.0,46.7,41.6,41.3,23.8,0.000,0.006,0.00,0.000,8.9,15.1,2.3,212,15,9.7,17.2,2.4,207,14,8.9,15.1,2.3,212,15,27,29.29,,0,0,0,35.6,39.2,41.8,0.33,0.34,0.32
WEST,2015-12-21 13:50:00 EST,43.10647,-75.46146,655,46.0,46.7,42.3,42.1,24.2,0.000,0.006,0.00,0.000,7.0,13.0,2.0,211,18,7.7,14.3,2.1,208,17,7.0,13.0,2.0,211,18,28,29.28,,0,0,0,35.7,39.2,41.8,0.33,0.34,0.32
WEST,2015-12-21 13:55:00 EST,43.10647,-75.46146,655,45.9,46.6,41.5,42.8,24.5,0.000,0.006,0.00,0.000,8.7,12.6,1.7,198,18,9.5,16.1,2.1,195,16,8.7,12.6,1.7,198,18,31,29.27,,0,0,0,35.7,39.2,41.8,0.33,0.34,0.32
WEST,2015-12-21 14:00:00 EST,43.10647,-75.46146,655,45.9,46.7,41.8,42.9,24.6,0.000,0.006,0.00,0.000,8.0,13.4,2.0,197,18,8.7,15.7,2.2,195,18,8.0,13.4,2.0,197,18,28,29.27,,0,0,0,35.8,39.2,41.8,0.33,0.34,0.32
WEST,2015-12-21 14:05:00 EST,43.10647,-75.46146,655,46.2,46.9,41.3,41.9,24.3,0.000,0.006,0.00,0.000,10.2,16.8,2.2,201,19,10.9,17.4,2.2,197,17,10.2,16.8,2.2,201,19,26,29.27,,0,0,0,35.8,39.2,41.8,0.33,0.34,0.32
WEST,2015-12-21 14:10:00 EST,43.10647,-75.46146,655,46.5,47.0,41.7,40.2,23.6,0.000,0.006,0.00,0.000,10.0,17.4,3.0,209,14,10.8,17.2,3.2,204,13,10.0,17.4,3.0,209,14,22,29.26,,0,0,0,35.9,39.2,41.8,0.33,0.34,0.32
WEST,2015-12-21 14:15:00 EST,43.10647,-75.46146,655,46.4,46.9,42.3,40.5,23.7,0.000,0.006,0.00,0.000,8.2,17.7,3.6,211,15,8.9,18.6,3.6,206,14,8.2,17.7,3.6,211,15,20,29.26,,0,0,0,35.9,39.2,41.7,0.33,0.34,0.32
WEST,2015-12-21 14:20:00 EST,43.10647,-75.46146,655,46.4,46.9,43.9,40.6,23.7,0.002,0.008,0.00,0.002,5.2,11.3,2.2,212,15,5.8,12.5,2.1,208,12,5.2,11.3,2.2,212,15,18,29.26,,0,0,0,35.9,39.2,41.8,0.33,0.34,0.32
WEST,2015-12-21 14:25:00 EST,43.10647,-75.46146,655,45.7,46.6,41.5,43.9,25.0,0.002,0.010,0.00,0.004,8.0,14.5,2.9,208,16,8.7,15.0,2.9,205,14,8.0,14.5,2.9,208,16,18,29.26,,0,0,0,36.0,39.2,41.8,0.33,0.34,0.32
WEST,2015-12-21 14:30:00 EST,43.10647,-75.46146,655,45.1,46.1,41.1,47.4,26.3,0.001,0.011,0.00,0.004,7.4,12.1,1.6,196,14,8.1,12.8,1.7,192,12,7.4,12.1,1.6,196,14,19,29.25,,0,0,0,36.0,39.2,41.8,0.33,0.34,0.32
WEST,2015-12-21 14:35:00 EST,43.10647,-75.46146,655,44.7,45.7,40.6,50.4,27.3,0.000,0.011,0.00,0.004,7.2,12.1,1.9,180,20,7.9,13.0,2.1,176,18,7.2,12.1,1.9,180,20,20,29.24,,0,0,0,36.0,39.2,41.7,0.33,0.34,0.32
WEST,2015-12-21 14:40:00 EST,43.10647,-75.46146,655,44.6,45.7,39.8,50.9,27.5,0.000,0.011,0.00,0.004,8.9,14.3,2.1,171,13,9.7,15.9,2.2,167,12,8.9,14.3,2.1,171,13,20,29.24,,0,0,0,36.0,39.2,41.7,0.33,0.34,0.32
WEST,2015-12-21 14:45:00 EST,43.10647,-75.46146,655,44.9,45.9,40.7,49.4,27.1,0.000,0.011,0.00,0.004,7.7,12.5,1.8,164,15,8.4,13.4,1.9,162,14,7.7,12.5,1.8,164,15,16,29.23,,0,0,0,36.1,39.2,41.7,0.33,0.34,0.32
WEST,2015-12-21 14:50:00 EST,43.10647,-75.46146,655,45.1,46.0,40.3,48.6,26.9,0.000,0.011,0.00,0.004,9.1,13.7,2.0,161,15,9.7,14.8,2.3,158,15,9.1,13.7,2.0,161,15,17,29.22,,0,0,0,36.1,39.2,41.7,0.33,0.34,0.32
WEST,2015-12-21 14:55:00 EST,43.10647,-75.46146,655,45.5,46.3,42.0,46.8,26.3,0.000,0.011,0.00,0.004,6.6,17.4,3.3,189,24,7.2,19.2,3.6,185,24,6.6,17.4,3.3,189,24,15,29.22,,0,0,0,36.1,39.2,41.7,0.33,0.34,0.32
WEST,2015-12-21 15:00:00 EST,43.10647,-75.46146,655,45.9,46.5,42.3,45.9,26.2,0.000,0.011,0.00,0.004,7.0,12.7,2.6,182,24,7.7,13.4,2.7,178,22,7.0,12.7,2.6,182,24,12,29.22,,0,0,0,36.2,39.2,41.7,0.33,0.34,0.32
WEST,2015-12-21 15:05:00 EST,43.10647,-75.46146,655,46.3,46.9,42.1,44.4,25.8,0.000,0.011,0.00,0.004,8.2,13.2,2.3,185,18,9.2,16.1,2.7,181,15,8.2,13.2,2.3,185,18,7,29.22,,0,0,0,36.3,39.2,41.8,0.33,0.34,0.32
WEST,2015-12-21 15:10:00 EST,43.10647,-75.46146,655,46.3,46.9,43.2,43.9,25.6,0.000,0.011,0.00,0.004,6.2,13.2,2.3,196,26,7.2,16.1,2.6,192,24,6.2,13.2,2.3,196,26,10,29.22,,0,0,0,36.3,39.2,41.7,0.33,0.34,0.32
WEST,2015-12-21 15:15:00 EST,43.10647,-75.46146,655,46.5,47.0,43.4,43.5,25.4,0.000,0.011,0.00,0.004,6.2,10.1,1.8,200,26,6.7,12.1,2.1,196,24,6.2,10.1,1.8,200,26,8,29.22,,0,0,0,36.4,39.2,41.7,0.33,0.34,0.32
WEST,2015-12-21 15:20:00 EST,43.10647,-75.46146,655,46.7,47.2,43.1,42.7,25.2,0.000,0.011,0.00,0.003,7.3,13.3,2.7,197,22,7.9,16.1,3.1,193,19,7.3,13.3,2.7,197,22,7,29.22,,0,0,0,36.4,39.2,41.7,0.33,0.34,0.32
WEST,2015-12-21 15:25:00 EST,43.10647,-75.46146,655,46.7,47.0,43.8,42.8,25.2,0.000,0.011,0.00,0.001,5.8,10.2,2.2,213,18,6.4,11.2,2.3,210,16,5.8,10.2,2.2,213,18,6,29.22,,0,0,0,36.4,39.2,41.7,0.33,0.34,0.32
WEST,2015-12-21 15:30:00 EST,43.10647,-75.46146,655,46.3,46.8,44.8,44.1,25.7,0.000,0.011,0.00,0.000,3.8,8.0,1.6,221,24,4.3,8.7,1.9,219,24,3.8,8.0,1.6,221,24,7,29.22,,0,0,0,36.5,39.2,41.7,0.33,0.34,0.32
WEST,2015-12-21 15:35:00 EST,43.10647,-75.46146,655,46.6,47.0,44.8,43.6,25.6,0.000,0.011,0.00,0.000,4.1,12.6,3.1,260,16,4.6,13.4,3.2,258,19,4.1,12.6,3.1,260,16,7,29.23,,0,0,0,36.5,39.2,41.7,0.33,0.34,0.32
WEST,2015-12-21 15:40:00 EST,43.10647,-75.46146,655,46.7,47.2,44.5,43.6,25.7,0.000,0.011,0.00,0.000,4.8,9.4,1.6,247,18,5.2,9.2,1.6,243,19,4.8,9.4,1.6,247,18,7,29.23,,0,0,0,36.5,39.2,41.7,0.33,0.34,0.32
WEST,2015-12-21 15:45:00 EST,43.10647,-75.46146,655,46.7,47.1,44.6,43.7,25.7,0.000,0.011,0.00,0.000,4.5,8.7,2.2,218,20,4.9,8.5,2.2,212,21,4.5,8.7,2.2,218,20,4,29.23,,0,0,0,36.6,39.2,41.7,0.33,0.34,0.32
WEST,2015-12-21 15:50:00 EST,43.10647,-75.46146,655,46.9,47.3,43.8,43.2,25.7,0.000,0.011,0.00,0.000,6.3,12.1,2.5,209,16,6.9,12.5,2.4,205,15,6.3,12.1,2.5,209,16,6,29.23,,0,0,0,36.7,39.2,41.7,0.33,0.34,0.32
WEST,2015-12-21 15:55:00 EST,43.10647,-75.46146,655,46.9,47.4,45.1,43.7,25.9,0.000,0.011,0.00,0.000,4.2,7.7,1.5,197,20,4.7,8.9,1.7,191,19,4.2,7.7,1.5,197,20,5,29.23,,0,0,0,36.7,39.2,41.7,0.33,0.34,0.32
WEST,2015-12-21 16:00:00 EST,43.10647,-75.46146,655,46.6,47.3,46.6,44.2,25.9,0.000,0.011,0.00,0.000,1.7,3.6,0.8,187,20,2.0,4.0,0.9,183,23,1.7,3.6,0.8,187,20,3,29.23,,0,0,0,36.7,39.2,41.7,0.33,0.34,0.32
WEST,2015-12-21 16:05:00 EST,43.10647,-75.46146,655,46.8,47.4,46.8,43.6,25.8,0.000,0.011,0.00,0.000,2.2,3.5,0.5,180,8,2.7,4.7,0.7,175,10,2.2,3.5,0.5,180,8,3,29.23,,0,0,0,36.7,39.2,41.7,0.33,0.34,0.32
WEST,2015-12-21 16:10:00 EST,43.10647,-75.46146,655,46.3,47.4,46.3,45.0,26.1,0.000,0.011,0.00,0.000,2.2,8.0,1.2,208,45,2.6,9.2,1.4,202,45,2.2,8.0,1.2,208,45,2,29.24,,0,0,0,36.8,39.2,41.7,0.33,0.34,0.32
WEST,2015-12-21 16:15:00 EST,43.10647,-75.46146,655,46.6,47.5,43.9,47.8,27.8,0.000,0.011,0.00,0.000,5.5,9.2,2.0,228,26,6.0,10.5,2.2,225,27,5.5,9.2,2.0,228,26,1,29.24,,0,0,0,36.9,39.2,41.7,0.33,0.34,0.32
WEST,2015-12-21 16:20:00 EST,43.10647,-75.46146,655,47.4,48.1,43.7,47.5,28.4,0.000,0.011,0.00,0.000,7.9,14.2,2.4,238,15,8.4,15.2,2.4,235,15,7.9,14.2,2.4,238,15,1,29.24,,0,0,0,36.9,39.2,41.7,0.33,0.34,0.32
WEST,2015-12-21 16:25:00 EST,43.10647,-75.46146,655,47.5,48.1,45.4,47.0,28.2,0.000,0.011,0.00,0.000,4.7,9.5,1.8,222,19,5.4,11.0,1.9,218,18,4.7,9.5,1.8,222,19,1,29.24,,0,0,0,36.9,39.2,41.7,0.33,0.34,0.32
WEST,2015-12-21 16:30:00 EST,43.10647,-75.46146,655,47.8,48.4,45.3,45.4,27.7,0.000,0.011,0.00,0.000,5.7,13.7,2.8,226,22,6.1,13.6,2.9,221,24,5.7,13.7,2.8,226,22,1,29.24,,0,0,0,37.0,39.2,41.7,0.33,0.34,0.32
WEST,2015-12-21 16:35:00 EST,43.10647,-75.46146,655,47.6,48.3,45.2,45.2,27.4,0.000,0.011,0.00,0.000,5.4,13.8,2.3,199,17,5.8,14.1,2.5,195,15,5.4,13.8,2.3,199,17,0,29.24,,0,0,0,37.0,39.2,41.7,0.33,0.34,0.32
WEST,2015-12-21 16:40:00 EST,43.10647,-75.46146,655,48.1,48.6,45.3,43.1,26.7,0.000,0.011,0.00,0.000,6.2,11.9,1.7,211,22,6.7,12.8,1.7,205,21,6.2,11.9,1.7,211,22,0,29.24,,0,0,0,37.0,39.2,41.7,0.33,0.34,0.32
WEST,2015-12-21 16:45:00 EST,43.10647,-75.46146,655,47.5,48.2,45.0,44.3,26.8,0.000,0.011,0.00,0.000,5.4,9.4,1.6,176,14,6.0,11.0,1.6,172,13,5.4,9.4,1.6,176,14,0,29.24,,0,0,0,37.1,39.2,41.7,0.33,0.34,0.32
WEST,2015-12-21 16:50:00 EST,43.10647,-75.46146,655,47.1,47.9,44.3,45.0,26.9,0.000,0.011,0.00,0.000,5.9,11.3,1.7,185,19,6.5,11.2,1.9,181,17,5.9,11.3,1.7,185,19,0,29.24,,0,0,0,37.1,39.2,41.7,0.33,0.34,0.32
WEST,2015-12-21 16:55:00 EST,43.10647,-75.46146,655,47.4,48.1,43.9,44.5,26.8,0.000,0.011,0.00,0.000,7.2,11.5,1.9,196,16,7.8,13.4,2.1,191,14,7.2,11.5,1.9,196,16,0,29.24,,0,0,0,37.1,39.2,41.7,0.33,0.34,0.32
WEST,2015-12-21 17:00:00 EST,43.10647,-75.46146,655,47.8,48.4,45.0,42.9,26.3,0.000,0.011,0.00,0.000,6.1,12.9,2.1,210,22,6.8,13.6,2.1,205,20,6.1,12.9,2.1,210,22,0,29.24,,0,0,0,37.2,39.2,41.7,0.33,0.34,0.32
WEST,2015-12-21 17:05:00 EST,43.10647,-75.46146,655,48.1,48.5,45.3,42.2,26.2,0.000,0.011,0.00,0.000,6.2,10.5,2.1,215,16,6.7,10.7,2.0,211,14,6.2,10.5,2.1,215,16,0,29.24,,0,0,0,37.2,39.2,41.7,0.33,0.34,0.32
WEST,2015-12-21 17:10:00 EST,43.10647,-75.46146,655,48.3,48.7,45.1,42.1,26.3,0.000,0.011,0.00,0.000,7.0,12.6,2.5,229,20,7.6,14.5,2.5,224,20,7.0,12.6,2.5,229,20,0,29.24,,0,0,0,37.2,39.2,41.7,0.33,0.34,0.32
WEST,2015-12-21 17:15:00 EST,43.10647,-75.46146,655,48.4,48.9,45.2,42.0,26.3,0.000,0.011,0.00,0.000,7.1,12.3,2.4,222,15,7.5,13.4,2.4,217,15,7.1,12.3,2.4,222,15,0,29.24,,0,0,0,37.2,39.2,41.7,0.33,0.34,0.32
WEST,2015-12-21 17:20:00 EST,43.10647,-75.46146,655,48.4,48.9,45.0,42.3,26.5,0.000,0.011,0.00,0.000,7.5,13.4,2.1,224,17,8.0,14.3,2.4,219,16,7.5,13.4,2.1,224,17,0,29.24,,0,0,0,37.2,39.2,41.7,0.33,0.34,0.32
WEST,2015-12-21 17:25:00 EST,43.10647,-75.46146,655,48.4,48.9,44.8,42.4,26.6,0.000,0.011,0.00,0.000,8.1,16.1,2.8,231,18,8.6,16.3,2.7,225,18,8.1,16.1,2.8,231,18,0,29.24,,0,0,0,37.2,39.2,41.7,0.33,0.34,0.32
WEST,2015-12-21 17:30:00 EST,43.10647,-75.46146,655,48.5,49.0,45.4,42.3,26.6,0.000,0.011,0.00,0.000,7.0,13.0,2.1,229,16,7.4,12.5,2.3,223,15,7.0,13.0,2.1,229,16,0,29.24,,0,0,0,37.2,39.2,41.7,0.33,0.34,0.32
WEST,2015-12-21 17:35:00 EST,43.10647,-75.46146,655,48.4,48.9,46.1,42.4,26.6,0.000,0.011,0.00,0.000,5.4,10.2,2.1,224,16,5.8,10.1,2.0,218,16,5.4,10.2,2.1,224,16,0,29.23,,0,0,0,37.2,39.3,41.7,0.33,0.34,0.32
WEST,2015-12-21 17:40:00 EST,43.10647,-75.46146,655,48.4,48.8,45.1,42.4,26.5,0.000,0.011,0.00,0.000,7.2,14.5,2.6,212,15,7.7,15.9,2.8,207,15,7.2,14.5,2.6,212,15,0,29.24,,0,0,0,37.3,39.3,41.7,0.33,0.34,0.32
WEST,2015-12-21 17:45:00 EST,43.10647,-75.46146,655,48.4,48.8,45.2,42.4,26.5,0.000,0.011,0.00,0.000,7.0,11.4,1.9,220,14,7.5,13.2,2.0,214,14,7.0,11.4,1.9,220,14,0,29.24,,0,0,0,37.2,39.3,41.7,0.33,0.34,0.32
WEST,2015-12-21 17:50:00 EST,43.10647,-75.46146,655,48.5,48.9,45.1,42.3,26.6,0.000,0.011,0.00,0.000,7.6,13.7,2.4,221,17,7.9,13.2,2.3,218,17,7.6,13.7,2.4,221,17,0,29.23,,0,0,0,37.3,39.3,41.7,0.33,0.34,0.32
WEST,2015-12-21 17:55:00 EST,43.10647,-75.46146,655,48.4,48.8,45.8,42.7,26.7,0.000,0.011,0.00,0.000,5.9,9.7,1.9,219,21,6.6,11.9,2.3,214,20,5.9,9.7,1.9,219,21,0,29.23,,0,0,0,37.3,39.3,41.7,0.33,0.34,0.32
WEST,2015-12-21 18:00:00 EST,43.10647,-75.46146,655,48.4,48.9,45.3,43.0,26.9,0.000,0.011,0.00,0.000,6.9,14.2,2.2,225,15,7.4,14.3,2.3,221,15,6.9,14.2,2.2,225,15,0,29.24,,0,0,0,37.3,39.3,41.6,0.33,0.34,0.32
WEST,2015-12-21 18:05:00 EST,43.10647,-75.46146,655,48.4,48.9,44.9,43.0,26.9,0.000,0.011,0.00,0.000,7.9,12.4,1.8,229,17,8.4,13.9,1.9,224,18,7.9,12.4,1.8,229,17,0,29.24,,0,0,0,37.4,39.3,41.7,0.33,0.34,0.32
WEST,2015-12-21 18:10:00 EST,43.10647,-75.46146,655,48.5,49.0,45.2,43.3,27.2,0.000,0.011,0.00,0.000,7.4,12.6,2.2,236,12,7.7,14.1,2.1,233,13,7.4,12.6,2.2,236,12,0,29.24,,0,0,0,37.4,39.3,41.6,0.33,0.34,0.32
WEST,2015-12-21 18:15:00 EST,43.10647,-75.46146,655,48.7,49.0,45.5,43.4,27.4,0.000,0.011,0.00,0.000,7.2,13.5,2.3,213,18,7.6,13.9,2.5,209,17,7.2,13.5,2.3,213,18,0,29.24,,0,0,0,37.4,39.3,41.7,0.33,0.34,0.32
WEST,2015-12-21 18:20:00 EST,43.10647,-75.46146,655,48.8,49.3,45.4,43.6,27.7,0.000,0.011,0.00,0.000,7.9,13.6,2.0,226,16,8.4,14.3,2.1,222,15,7.9,13.6,2.0,226,16,0,29.24,,0,0,0,37.5,39.3,41.7,0.33,0.34,0.32
WEST,2015-12-21 18:25:00 EST,43.10647,-75.46146,655,48.8,49.3,45.3,44.0,27.9,0.000,0.011,0.00,0.000,8.2,14.8,2.8,220,20,8.7,16.6,2.9,216,19,8.2,14.8,2.8,220,20,0,29.25,,0,0,0,37.5,39.3,41.7,0.33,0.34,0.32
WEST,2015-12-21 18:30:00 EST,43.10647,-75.46146,655,48.9,49.3,45.4,44.3,28.1,0.000,0.011,0.00,0.000,8.0,13.9,2.6,217,18,8.6,14.8,2.6,212,16,8.0,13.9,2.6,217,18,0,29.25,,0,0,0,37.5,39.3,41.7,0.33,0.34,0.32
WEST,2015-12-21 18:35:00 EST,43.10647,-75.46146,655,48.9,49.3,45.3,44.8,28.3,0.000,0.011,0.00,0.000,8.1,13.5,2.4,214,25,9.0,17.0,2.7,210,22,8.1,13.5,2.4,214,25,0,29.25,,0,0,0,37.5,39.3,41.7,0.33,0.34,0.32
WEST,2015-12-21 18:40:00 EST,43.10647,-75.46146,655,48.8,49.2,44.8,45.3,28.6,0.000,0.011,0.00,0.000,9.2,19.3,3.6,209,15,10.0,21.0,3.7,204,13,9.2,19.3,3.6,209,15,0,29.25,,0,0,0,37.6,39.3,41.7,0.33,0.34,0.32
WEST,2015-12-21 18:45:00 EST,43.10647,-75.46146,655,48.9,49.2,45.0,45.3,28.6,0.000,0.011,0.00,0.000,9.0,15.6,3.0,215,19,9.7,16.8,3.0,209,18,9.0,15.6,3.0,215,19,0,29.25,,0,0,0,37.6,39.4,41.7,0.33,0.34,0.32
WEST,2015-12-21 18:50:00 EST,43.10647,-75.46146,655,48.8,49.2,45.3,46.0,28.9,0.000,0.011,0.00,0.000,7.9,13.4,2.4,218,21,8.4,14.5,2.4,212,20,7.9,13.4,2.4,218,21,0,29.25,,0,0,0,37.6,39.4,41.6,0.33,0.34,0.32
WEST,2015-12-21 18:55:00 EST,43.10647,-75.46146,655,48.6,49.1,46.0,46.6,29.1,0.000,0.011,0.00,0.000,6.2,13.0,2.6,218,18,6.8,14.1,2.6,214,17,6.2,13.0,2.6,218,18,0,29.25,,0,0,0,37.6,39.4,41.7,0.33,0.34,0.32
WEST,2015-12-21 19:00:00 EST,43.10647,-75.46146,655,48.9,49.2,45.6,46.4,29.2,0.000,0.011,0.00,0.000,7.4,12.2,2.4,214,17,7.9,14.8,2.6,209,15,7.4,12.2,2.4,214,17,0,29.25,,0,0,0,37.7,39.4,41.7,0.33,0.34,0.32
WEST,2015-12-21 19:05:00 EST,43.10647,-75.46146,655,48.7,49.1,45.3,47.1,29.4,0.000,0.011,0.00,0.000,7.7,13.4,2.7,208,24,8.5,15.2,2.8,203,22,7.7,13.4,2.7,208,24,0,29.25,,0,0,0,37.8,39.4,41.6,0.33,0.34,0.32
WEST,2015-12-21 19:10:00 EST,43.10647,-75.46146,655,48.9,49.2,46.2,46.8,29.4,0.000,0.011,0.00,0.000,6.3,16.1,3.1,226,16,6.7,16.6,3.2,221,16,6.3,16.1,3.1,226,16,0,29.25,,0,0,0,37.8,39.4,41.7,0.33,0.34,0.32
WEST,2015-12-21 19:15:00 EST,43.10647,-75.46146,655,48.8,49.2,45.7,47.1,29.6,0.000,0.011,0.00,0.000,7.2,14.4,2.2,202,17,7.6,14.8,2.5,198,14,7.2,14.4,2.2,202,17,0,29.25,,0,0,0,37.8,39.4,41.7,0.33,0.34,0.32
WEST,2015-12-21 19:20:00 EST,43.10647,-75.46146,655,48.7,49.1,45.7,47.7,29.7,0.000,0.011,0.00,0.000,6.9,11.7,1.5,200,17,7.5,12.5,1.8,195,15,6.9,11.7,1.5,200,17,0,29.25,,0,0,0,37.8,39.4,41.6,0.33,0.34,0.32
WEST,2015-12-21 19:25:00 EST,43.10647,-75.46146,655,48.7,49.1,46.3,47.6,29.7,0.000,0.011,0.00,0.000,5.7,10.2,1.9,217,23,6.3,11.0,1.9,213,22,5.7,10.2,1.9,217,23,0,29.25,,0,0,0,37.9,39.4,41.7,0.33,0.34,0.32
WEST,2015-12-21 19:30:00 EST,43.10647,-75.46146,655,48.7,49.0,45.8,47.8,29.7,0.000,0.011,0.00,0.000,6.5,11.8,2.0,212,19,7.2,13.0,1.9,207,17,6.5,11.8,2.0,212,19,0,29.26,,0,0,0,37.9,39.4,41.7,0.33,0.34,0.32
WEST,2015-12-21 19:35:00 EST,43.10647,-75.46146,655,48.7,49.1,45.7,48.0,29.9,0.000,0.011,0.00,0.000,6.9,11.8,2.3,215,20,7.4,12.5,2.3,210,17,6.9,11.8,2.3,215,20,0,29.26,,0,0,0,37.9,39.4,41.6,0.33,0.34,0.32
WEST,2015-12-21 19:40:00 EST,43.10647,-75.46146,655,48.8,49.1,46.0,48.0,29.9,0.000,0.011,0.00,0.000,6.4,11.7,2.2,219,24,6.6,13.4,2.3,214,23,6.4,11.7,2.2,219,24,0,29.26,,0,0,0,37.9,39.4,41.6,0.33,0.34,0.32
WEST,2015-12-21 19:45:00 EST,43.10647,-75.46146,655,48.6,48.9,46.5,48.5,30.1,0.000,0.011,0.00,0.000,5.1,9.6,2.0,221,24,5.6,10.1,2.1,217,21,5.1,9.6,2.0,221,24,0,29.26,,0,0,0,38.0,39.4,41.7,0.33,0.34,0.32
WEST,2015-12-21 19:50:00 EST,43.10647,-75.46146,655,48.7,49.1,45.4,48.9,30.4,0.000,0.011,0.00,0.000,7.5,14.6,2.2,214,17,7.8,15.0,2.4,208,16,7.5,14.6,2.2,214,17,0,29.26,,0,0,0,38.0,39.4,41.6,0.33,0.34,0.32
WEST,2015-12-21 19:55:00 EST,43.10647,-75.46146,655,48.8,49.1,46.2,49.2,30.6,0.000,0.011,0.00,0.000,6.0,13.7,1.9,212,19,6.6,13.4,1.8,210,14,6.0,13.7,1.9,212,19,0,29.26,,0,0,0,38.1,39.4,41.7,0.33,0.34,0.32
WEST,2015-12-21 20:00:00 EST,43.10647,-75.46146,655,48.6,49.0,45.3,50.3,30.9,0.000,0.011,0.00,0.000,7.4,14.8,2.4,197,15,8.0,15.7,2.6,192,13,7.4,14.8,2.4,197,15,0,29.26,,0,0,0,38.1,39.4,41.6,0.33,0.34,0.32
WEST,2015-12-21 20:05:00 EST,43.10647,-75.46146,655,48.5,48.9,44.7,50.7,31.0,0.000,0.011,0.00,0.000,8.6,13.0,1.9,204,15,9.4,14.1,2.0,197,13,8.6,13.0,1.9,204,15,0,29.26,,0,0,0,38.2,39.4,41.6,0.33,0.34,0.32
WEST,2015-12-21 20:10:00 EST,43.10647,-75.46146,655,48.5,48.9,45.0,50.7,31.1,0.000,0.011,0.00,0.000,8.0,14.1,2.3,204,20,8.6,15.4,2.6,199,18,8.0,14.1,2.3,204,20,0,29.26,,0,0,0,38.1,39.4,41.6,0.33,0.34,0.32
WEST,2015-12-21 20:15:00 EST,43.10647,-75.46146,655,48.6,48.9,45.4,50.6,31.1,0.000,0.011,0.00,0.000,7.1,14.7,2.4,205,20,7.4,18.3,2.7,202,17,7.1,14.7,2.4,205,20,0,29.26,,0,0,0,38.2,39.4,41.6,0.33,0.34,0.32
WEST,2015-12-21 20:20:00 EST,43.10647,-75.46146,655,48.6,48.9,45.7,51.0,31.2,0.000,0.011,0.00,0.000,6.4,11.2,2.0,209,17,7.1,11.6,2.2,205,17,6.4,11.2,2.0,209,17,0,29.25,,0,0,0,38.3,39.4,41.6,0.33,0.34,0.32
WEST,2015-12-21 20:25:00 EST,43.10647,-75.46146,655,48.7,49.1,44.7,50.9,31.3,0.000,0.011,0.00,0.000,9.3,15.5,2.4,209,15,10.0,15.7,2.5,204,13,9.3,15.5,2.4,209,15,0,29.25,,0,0,0,38.3,39.4,41.6,0.33,0.34,0.32
WEST,2015-12-21 20:30:00 EST,43.10647,-75.46146,655,48.5,48.9,46.0,51.3,31.3,0.000,0.011,0.00,0.000,5.8,9.0,1.8,209,20,6.7,11.0,1.9,205,18,5.8,9.0,1.8,209,20,0,29.25,,0,0,0,38.3,39.5,41.6,0.33,0.34,0.32
WEST,2015-12-21 20:35:00 EST,43.10647,-75.46146,655,48.8,49.0,45.1,51.4,31.6,0.000,0.011,0.00,0.000,8.5,15.9,2.6,210,17,9.3,16.3,2.6,207,16,8.5,15.9,2.6,210,17,0,29.25,,0,0,0,38.3,39.5,41.6,0.33,0.34,0.32
WEST,2015-12-21 20:40:00 EST,43.10647,-75.46146,655,48.6,49.0,44.7,52.4,32.0,0.000,0.011,0.00,0.000,9.0,17.2,2.5,199,16,9.9,18.8,2.6,195,14,9.0,17.2,2.5,199,16,0,29.25,,0,0,0,38.3,39.5,41.7,0.33,0.34,0.32
WEST,2015-12-21 20:45:00 EST,43.10647,-75.46146,655,48.8,49.1,44.8,53.3,32.5,0.000,0.011,0.00,0.000,9.1,15.1,2.4,205,17,9.7,19.2,2.7,201,15,9.1,15.1,2.4,205,17,0,29.25,,0,0,0,38.3,39.5,41.6,0.33,0.34,0.32
WEST,2015-12-21 20:50:00 EST,43.10647,-75.46146,655,49.0,49.3,45.3,53.8,33.0,0.000,0.011,0.00,0.000,8.4,13.9,2.5,208,15,8.9,15.4,2.6,204,15,8.4,13.9,2.5,208,15,0,29.25,,0,0,0,38.4,39.5,41.6,0.33,0.34,0.32
WEST,2015-12-21 20:55:00 EST,43.10647,-75.46146,655,49.0,49.4,45.4,54.3,33.2,0.000,0.011,0.00,0.000,8.3,12.7,2.0,210,16,8.9,14.8,2.1,205,15,8.3,12.7,2.0,210,16,0,29.25,,0,0,0,38.5,39.5,41.6,0.33,0.34,0.32
WEST,2015-12-21 21:00:00 EST,43.10647,-75.46146,655,49.1,49.5,46.3,54.9,33.6,0.000,0.011,0.00,0.000,6.5,13.2,2.2,216,19,7.0,15.2,2.4,211,17,6.5,13.2,2.2,216,19,0,29.25,,0,0,0,38.5,39.5,41.6,0.33,0.34,0.32
WEST,2015-12-21 21:05:00 EST,43.10647,-75.46146,655,49.4,49.7,46.7,55.4,34.1,0.000,0.011,0.00,0.000,6.5,10.8,2.4,216,21,7.0,11.9,2.4,211,19,6.5,10.8,2.4,216,21,0,29.25,,0,0,0,38.5,39.5,41.6,0.33,0.34,0.32
WEST,2015-12-21 21:10:00 EST,43.10647,-75.46146,655,49.3,49.7,46.3,56.1,34.3,0.000,0.011,0.00,0.000,7.1,11.6,2.2,209,17,8.0,12.8,2.3,203,14,7.1,11.6,2.2,209,17,0,29.25,,0,0,0,38.5,39.5,41.6,0.33,0.34,0.32
WEST,2015-12-21 21:15:00 EST,43.10647,-75.46146,655,49.3,49.7,46.7,56.0,34.3,0.000,0.011,0.00,0.000,6.2,11.0,2.0,202,18,6.8,12.1,2.2,197,16,6.2,11.0,2.0,202,18,0,29.25,,0,0,0,38.6,39.5,41.6,0.33,0.34,0.32
WEST,2015-12-21 21:20:00 EST,43.10647,-75.46146,655,49.2,49.6,46.4,56.2,34.3,0.000,0.011,0.00,0.000,6.7,11.9,1.7,198,15,7.5,13.0,1.8,194,14,6.7,11.9,1.7,198,15,0,29.25,,0,0,0,38.6,39.6,41.6,0.33,0.34,0.32
WEST,2015-12-21 21:25:00 EST,43.10647,-75.46146,655,49.0,49.5,46.4,56.0,34.0,0.000,0.011,0.00,0.000,6.1,12.6,2.1,201,15,6.7,14.5,2.3,198,13,6.1,12.6,2.1,201,15,0,29.25,,0,0,0,38.6,39.6,41.6,0.33,0.34,0.32
WEST,2015-12-21 21:30:00 EST,43.10647,-75.46146,655,48.9,49.3,46.2,56.1,33.9,0.000,0.011,0.00,0.000,6.3,10.3,1.4,193,21,7.1,10.7,1.5,188,20,6.3,10.3,1.4,193,21,0,29.25,,0,0,0,38.7,39.6,41.6,0.33,0.34,0.32
WEST,2015-12-21 21:35:00 EST,43.10647,-75.46146,655,48.6,49.1,46.1,56.6,33.9,0.000,0.011,0.00,0.000,5.7,8.2,1.1,187,14,6.2,9.2,1.3,185,13,5.7,8.2,1.1,187,14,0,29.25,,0,0,0,38.7,39.5,41.6,0.33,0.34,0.32
WEST,2015-12-21 21:40:00 EST,43.10647,-75.46146,655,48.6,49.2,46.2,57.4,34.3,0.000,0.011,0.00,0.000,5.7,8.8,1.3,193,15,6.3,9.8,1.4,188,13,5.7,8.8,1.3,193,15,0,29.25,,0,0,0,38.7,39.6,41.6,0.33,0.34,0.32
WEST,2015-12-21 21:45:00 EST,43.10647,-75.46146,655,48.9,49.4,46.1,57.6,34.6,0.000,0.011,0.00,0.000,6.4,9.8,1.2,187,12,7.0,11.0,1.2,183,12,6.4,9.8,1.2,187,12,0,29.26,,0,0,0,38.7,39.5,41.6,0.33,0.34,0.32
WEST,2015-12-21 21:50:00 EST,43.10647,-75.46146,655,48.8,49.3,45.9,58.0,34.7,0.000,0.011,0.00,0.000,6.7,9.6,1.1,187,13,7.4,11.2,1.3,184,12,6.7,9.6,1.1,187,13,0,29.26,,0,0,0,38.8,39.6,41.6,0.33,0.34,0.32
WEST,2015-12-21 21:55:00 EST,43.10647,-75.46146,655,48.8,49.2,46.5,58.0,34.6,0.000,0.011,0.00,0.000,5.5,8.8,1.4,192,13,6.0,10.1,1.6,188,11,5.5,8.8,1.4,192,13,0,29.26,,0,0,0,38.8,39.6,41.6,0.33,0.34,0.32
WEST,2015-12-21 22:00:00 EST,43.10647,-75.46146,655,48.8,49.3,45.6,58.4,34.8,0.000,0.011,0.00,0.000,7.4,15.3,2.3,189,11,8.1,16.8,2.5,187,9,7.4,15.3,2.3,189,11,0,29.26,,0,0,0,38.9,39.6,41.6,0.33,0.34,0.32
WEST,2015-12-21 22:05:00 EST,43.10647,-75.46146,655,48.7,49.3,46.0,58.6,34.9,0.000,0.011,0.00,0.000,6.3,10.5,1.5,186,12,6.9,11.6,1.7,183,12,6.3,10.5,1.5,186,12,0,29.26,,0,0,0,38.9,39.6,41.6,0.33,0.34,0.32
WEST,2015-12-21 22:10:00 EST,43.10647,-75.46146,655,48.8,49.2,45.7,58.7,35.0,0.000,0.011,0.00,0.000,7.0,10.6,1.6,192,15,7.6,12.1,1.7,188,13,7.0,10.6,1.6,192,15,0,29.26,,0,0,0,38.9,39.6,41.6,0.33,0.34,0.32
WEST,2015-12-21 22:15:00 EST,43.10647,-75.46146,655,48.6,49.0,45.7,59.0,34.9,0.000,0.011,0.00,0.000,6.6,9.6,1.5,191,16,7.0,12.5,1.9,187,16,6.6,9.6,1.5,191,16,0,29.26,,0,0,0,39.0,39.6,41.6,0.33,0.34,0.32
WEST,2015-12-21 22:20:00 EST,43.10647,-75.46146,655,48.7,49.1,45.9,58.4,34.8,0.000,0.011,0.00,0.000,6.3,12.7,2.1,195,14,6.8,12.1,2.3,191,14,6.3,12.7,2.1,195,14,0,29.27,,0,0,0,39.0,39.6,41.6,0.33,0.34,0.32
WEST,2015-12-21 22:25:00 EST,43.10647,-75.46146,655,48.8,49.2,45.1,58.4,34.8,0.000,0.011,0.00,0.000,8.5,13.4,2.1,195,13,9.2,15.4,2.3,191,12,8.5,13.4,2.1,195,13,0,29.27,,0,0,0,39.0,39.6,41.6,0.33,0.34,0.32
WEST,2015-12-21 22:30:00 EST,43.10647,-75.46146,655,48.7,49.1,45.5,58.4,34.7,0.000,0.011,0.00,0.000,7.2,12.7,2.0,188,14,8.0,15.2,2.2,184,13,7.2,12.7,2.0,188,14,0,29.27,,0,0,0,39.0,39.6,41.6,0.33,0.34,0.32
WEST,2015-12-21 22:35:00 EST,43.10647,-75.46146,655,48.4,48.7,46.3,59.0,34.7,0.000,0.011,0.00,0.000,5.1,8.7,1.4,187,15,5.8,9.2,1.4,184,14,5.1,8.7,1.4,187,15,0,29.27,,0,0,0,39.0,39.6,41.6,0.33,0.34,0.32
WEST,2015-12-21 22:40:00 EST,43.10647,-75.46146,655,47.9,48.5,46.0,59.6,34.5,0.000,0.011,0.00,0.000,4.7,7.8,1.2,180,13,5.2,8.3,1.3,177,12,4.7,7.8,1.2,180,13,0,29.26,,0,0,0,39.1,39.6,41.6,0.33,0.34,0.32
WEST,2015-12-21 22:45:00 EST,43.10647,-75.46146,655,47.7,48.4,46.1,60.0,34.5,0.000,0.011,0.00,0.000,4.2,7.5,1.4,190,19,4.6,8.7,1.5,185,17,4.2,7.5,1.4,190,19,0,29.26,,0,0,0,39.2,39.6,41.6,0.33,0.34,0.32
WEST,2015-12-21 22:50:00 EST,43.10647,-75.46146,655,48.1,48.5,46.5,59.5,34.7,0.000,0.011,0.00,0.000,4.3,6.7,1.2,193,17,4.8,8.5,1.4,188,14,4.3,6.7,1.2,193,17,0,29.25,,0,0,0,39.1,39.7,41.6,0.33,0.34,0.32
WEST,2015-12-21 22:55:00 EST,43.10647,-75.46146,655,48.0,48.5,46.0,59.5,34.6,0.000,0.011,0.00,0.000,4.8,8.7,1.6,186,10,5.4,11.9,1.7,184,9,4.8,8.7,1.6,186,10,0,29.25,,0,0,0,39.2,39.7,41.6,0.33,0.34,0.32
WEST,2015-12-21 23:00:00 EST,43.10647,-75.46146,655,48.0,48.5,45.3,60.0,34.8,0.000,0.011,0.00,0.000,6.1,8.6,1.2,188,11,6.7,9.6,1.3,184,10,6.1,8.6,1.2,188,11,0,29.26,,0,0,0,39.2,39.7,41.6,0.33,0.34,0.32
WEST,2015-12-21 23:05:00 EST,43.10647,-75.46146,655,47.6,48.3,45.3,60.9,34.8,0.000,0.011,0.00,0.000,5.1,8.8,1.5,184,11,5.7,10.3,1.5,181,11,5.1,8.8,1.5,184,11,0,29.26,,0,0,0,39.2,39.7,41.6,0.33,0.34,0.32
WEST,2015-12-21 23:10:00 EST,43.10647,-75.46146,655,47.9,48.3,45.3,60.6,34.9,0.000,0.011,0.00,0.000,5.6,8.0,1.1,182,13,6.2,9.6,1.4,177,12,5.6,8.0,1.1,182,13,0,29.25,,0,0,0,39.2,39.7,41.6,0.33,0.34,0.32
WEST,2015-12-21 23:15:00 EST,43.10647,-75.46146,655,47.8,48.2,44.7,60.3,34.7,0.000,0.011,0.00,0.000,6.5,10.3,1.4,190,12,7.3,12.8,1.7,186,12,6.5,10.3,1.4,190,12,0,29.26,,0,0,0,39.2,39.7,41.6,0.33,0.34,0.32
WEST,2015-12-21 23:20:00 EST,43.10647,-75.46146,655,47.8,48.1,44.5,59.5,34.4,0.000,0.011,0.00,0.000,7.1,11.5,1.7,196,11,7.9,14.5,2.0,193,9,7.1,11.5,1.7,196,11,0,29.26,,0,0,0,39.2,39.7,41.7,0.33,0.34,0.32
WEST,2015-12-21 23:25:00 EST,43.10647,-75.46146,655,47.7,48.0,44.6,59.5,34.3,0.000,0.011,0.00,0.000,6.6,11.4,1.9,196,17,7.2,13.0,2.1,191,15,6.6,11.4,1.9,196,17,0,29.26,,0,0,0,39.2,39.7,41.6,0.33,0.34,0.32
WEST,2015-12-21 23:30:00 EST,43.10647,-75.46146,655,47.7,48.1,43.5,59.1,34.1,0.000,0.011,0.00,0.000,9.4,13.1,1.9,192,16,10.3,16.3,2.3,188,12,9.4,13.1,1.9,192,16,0,29.26,,0,0,0,39.2,39.7,41.6,0.33,0.34,0.32
WEST,2015-12-21 23:35:00 EST,43.10647,-75.46146,655,47.7,48.1,43.6,59.0,34.1,0.000,0.011,0.00,0.000,9.0,14.4,2.6,193,15,10.0,16.3,2.9,190,14,9.0,14.4,2.6,193,15,0,29.26,,0,0,0,39.2,39.7,41.6,0.33,0.34,0.32
WEST,2015-12-21 23:40:00 EST,43.10647,-75.46146,655,47.8,48.1,43.7,59.0,34.2,0.000,0.011,0.00,0.000,9.1,14.6,2.3,214,17,9.9,17.0,2.7,208,15,9.1,14.6,2.3,214,17,0,29.26,,0,0,0,39.2,39.7,41.6,0.33,0.34,0.32
WEST,2015-12-21 23:45:00 EST,43.10647,-75.46146,655,47.9,48.2,45.1,59.2,34.3,0.000,0.011,0.00,0.000,6.1,12.0,2.5,235,20,6.6,12.8,2.5,231,20,6.1,12.0,2.5,235,20,0,29.26,,0,0,0,39.2,39.7,41.6,0.33,0.34,0.32
WEST,2015-12-21 23:50:00 EST,43.10647,-75.46146,655,47.9,48.3,44.4,59.8,34.6,0.000,0.011,0.00,0.000,7.7,15.7,2.8,218,20,8.4,16.3,3.0,214,19,7.7,15.7,2.8,218,20,0,29.27,,0,0,0,39.3,39.7,41.6,0.33,0.34,0.32
WEST,2015-12-21 23:55:00 EST,43.10647,-75.46146,655,48.2,48.5,43.2,59.9,34.9,0.000,0.011,0.00,0.000,11.8,17.5,2.1,206,15,12.6,18.8,2.4,201,13,11.8,17.5,2.1,206,15,0,29.26,,0,0,0,39.3,39.7,41.6,0.33,0.34,0.32
WHIT,2015-12-21 00:00:00 EST,43.48507,-73.42307,120,24.5,26.5,24.5,93.9,23.0,0.000,0.000,0.00,0.000,1.6,2.3,0.3,229,24,1.8,2.7,0.4,233,24,1.6,2.3,0.3,229,24,0,30.20,,0,0,0,37.9,41.7,44.4,0.54,0.70,0.76
WHIT,2015-12-21 00:05:00 EST,43.48507,-73.42307,120,23.0,26.6,23.0,91.3,20.8,0.000,0.000,0.00,0.000,2.3,3.1,0.5,141,14,2.7,3.6,0.5,144,14,2.3,3.1,0.5,141,14,0,30.20,,0,0,0,37.9,41.7,44.4,0.54,0.70,0.76
WHIT,2015-12-21 00:10:00 EST,43.48507,-73.42307,120,23.0,26.1,18.9,93.3,21.4,0.000,0.000,0.00,0.000,3.2,4.3,0.5,120,10,3.5,4.5,0.6,126,9,3.2,4.3,0.5,120,10,0,30.19,,0,0,0,37.9,41.7,44.4,0.54,0.70,0.76
WHIT,2015-12-21 00:15:00 EST,43.48507,-73.42307,120,23.4,26.5,19.4,92.1,21.5,0.000,0.000,0.00,0.000,3.1,4.2,0.8,112,8,3.3,4.7,0.9,118,8,3.1,4.2,0.8,112,8,0,30.18,,0,0,0,37.9,41.7,44.4,0.54,0.70,0.76
WHIT,2015-12-21 00:20:00 EST,43.48507,-73.42307,120,23.3,25.7,23.3,91.1,21.1,0.000,0.000,0.00,0.000,1.9,2.8,0.6,186,12,2.3,3.1,0.5,193,12,1.9,2.8,0.6,186,12,0,30.18,,0,0,0,37.9,41.7,44.4,0.54,0.70,0.76
WHIT,2015-12-21 00:25:00 EST,43.48507,-73.42307,120,24.3,26.2,24.3,93.8,22.8,0.000,0.000,0.00,0.000,2.0,2.7,0.4,172,14,2.3,3.1,0.4,177,16,2.0,2.7,0.4,172,14,0,30.18,,0,0,0,37.9,41.7,44.4,0.54,0.70,0.76
WHIT,2015-12-21 00:30:00 EST,43.48507,-73.42307,120,23.7,26.4,23.7,90.6,21.3,0.000,0.000,0.00,0.000,2.0,3.1,0.4,158,14,2.4,3.8,0.5,162,16,2.0,3.1,0.4,158,14,0,30.17,,0,0,0,37.9,41.7,44.4,0.54,0.70,0.76
WHIT,2015-12-21 00:35:00 EST,43.48507,-73.42307,120,23.3,26.4,23.3,89.4,20.7,0.000,0.000,0.00,0.000,2.7,3.3,0.3,175,10,3.0,4.0,0.4,179,10,2.7,3.3,0.3,175,10,0,30.17,,0,0,0,37.9,41.7,44.4,0.54,0.70,0.76
WHIT,2015-12-21 00:40:00 EST,43.48507,-73.42307,120,23.4,26.8,23.4,90.5,21.1,0.000,0.000,0.00,0.000,2.4,4.0,0.5,162,10,2.8,4.0,0.5,167,12,2.4,4.0,0.5,162,10,0,30.17,,0,0,0,37.9,41.7,44.4,0.54,0.70,0.76
WHIT,2015-12-21 00:45:00 EST,43.48507,-73.42307,120,23.9,27.0,23.9,90.3,21.5,0.000,0.000,0.00,0.000,2.5,3.3,0.4,156,12,2.9,4.0,0.4,160,13,2.5,3.3,0.4,156,12,0,30.17,,0,0,0,37.9,41.7,44.4,0.54,0.70,0.76
WHIT,2015-12-21 00:50:00 EST,43.48507,-73.42307,120,24.5,27.1,24.5,90.1,22.0,0.000,0.000,0.00,0.000,2.9,4.5,0.6,152,9,3.3,4.7,0.7,155,11,2.9,4.5,0.6,152,9,0,30.17,,0,0,0,37.9,41.7,44.4,0.54,0.70,0.76
WHIT,2015-12-21 00:55:00 EST,43.48507,-73.42307,120,25.4,27.7,25.4,88.7,22.6,0.000,0.000,0.00,0.000,2.9,4.1,0.4,165,10,3.2,4.5,0.5,169,10,2.9,4.1,0.4,165,10,0,30.17,,0,0,0,37.8,41.7,44.4,0.54,0.70,0.76
WHIT,2015-12-21 01:00:00 EST,43.48507,-73.42307,120,26.0,27.8,26.0,85.5,22.3,0.000,0.000,0.00,0.000,2.9,4.4,0.6,158,10,3.3,4.9,0.6,161,11,2.9,4.4,0.6,158,10,0,30.16,,0,0,0,37.8,41.7,44.4,0.54,0.70,0.76
WHIT,2015-12-21 01:05:00 EST,43.48507,-73.42307,120,26.0,27.9,26.0,84.8,22.1,0.000,0.000,0.00,0.000,2.9,4.2,0.4,158,8,3.3,4.7,0.5,161,9,2.9,4.2,0.4,158,8,0,30.16,,0,0,0,37.8,41.7,44.4,0.54,0.70,0.76
WHIT,2015-12-21 01:10:00 EST,43.48507,-73.42307,120,26.5,28.0,22.5,83.9,22.2,0.000,0.000,0.00,0.000,3.4,4.9,0.5,162,8,3.8,5.4,0.5,167,8,3.4,4.9,0.5,162,8,0,30.16,,0,0,0,37.8,41.7,44.4,0.54,0.70,0.76
WHIT,2015-12-21 01:15:00 EST,43.48507,-73.42307,120,26.4,28.0,26.4,83.8,22.2,0.000,0.000,0.00,0.000,2.9,4.3,0.5,157,8,3.4,4.7,0.5,161,9,2.9,4.3,0.5,157,8,0,30.16,,0,0,0,37.8,41.7,44.4,0.54,0.71,0.76
WHIT,2015-12-21 01:20:00 EST,43.48507,-73.42307,120,25.9,28.2,21.8,84.3,21.9,0.000,0.000,0.00,0.000,3.4,4.7,0.6,148,10,3.7,5.4,0.6,150,10,3.4,4.7,0.6,148,10,0,30.16,,0,0,0,37.8,41.7,44.4,0.54,0.70,0.76
WHIT,2015-12-21 01:25:00 EST,43.48507,-73.42307,120,26.0,28.6,21.9,85.4,22.2,0.000,0.000,0.00,0.000,3.5,5.3,0.7,148,11,3.9,6.3,0.9,151,11,3.5,5.3,0.7,148,11,0,30.16,,0,0,0,37.8,41.7,44.4,0.54,0.70,0.76
WHIT,2015-12-21 01:30:00 EST,43.48507,-73.42307,120,26.4,28.8,22.4,84.8,22.5,0.000,0.000,0.00,0.000,3.4,5.1,0.7,156,12,4.0,6.3,0.9,159,12,3.4,5.1,0.7,156,12,0,30.16,,0,0,0,37.8,41.7,44.4,0.54,0.70,0.76
WHIT,2015-12-21 01:35:00 EST,43.48507,-73.42307,120,27.3,29.0,23.3,83.1,22.9,0.000,0.000,0.00,0.000,3.5,6.0,1.1,156,13,4.0,6.7,1.1,161,14,3.5,6.0,1.1,156,13,0,30.16,,0,0,0,37.8,41.7,44.4,0.54,0.70,0.76
WHIT,2015-12-21 01:40:00 EST,43.48507,-73.42307,120,27.2,29.3,23.5,81.6,22.3,0.000,0.000,0.00,0.000,3.2,4.5,0.5,149,12,3.6,5.8,0.6,151,13,3.2,4.5,0.5,149,12,0,30.15,,0,0,0,37.8,41.7,44.3,0.54,0.70,0.76
WHIT,2015-12-21 01:45:00 EST,43.48507,-73.42307,120,27.1,29.3,27.1,81.9,22.3,0.000,0.000,0.00,0.000,2.7,4.8,0.6,147,14,3.1,5.4,0.8,150,13,2.7,4.8,0.6,147,14,0,30.15,,0,0,0,37.8,41.7,44.4,0.54,0.70,0.76
WHIT,2015-12-21 01:50:00 EST,43.48507,-73.42307,120,26.9,29.4,26.9,81.5,22.0,0.000,0.000,0.00,0.000,2.5,4.2,0.6,160,15,2.8,4.9,0.8,163,15,2.5,4.2,0.6,160,15,0,30.16,,0,0,0,37.8,41.7,44.4,0.54,0.70,0.76
WHIT,2015-12-21 01:55:00 EST,43.48507,-73.42307,120,27.7,29.4,27.7,81.4,22.7,0.000,0.000,0.00,0.000,2.9,4.6,0.7,171,12,3.3,5.6,0.8,174,12,2.9,4.6,0.7,171,12,0,30.16,,0,0,0,37.8,41.7,44.3,0.54,0.70,0.76
WHIT,2015-12-21 02:00:00 EST,43.48507,-73.42307,120,28.0,29.3,23.7,79.3,22.4,0.000,0.000,0.00,0.000,3.8,5.9,0.9,165,14,4.4,6.7,1.1,168,11,3.8,5.9,0.9,165,14,0,30.15,,0,0,0,37.7,41.7,44.3,0.54,0.70,0.76
WHIT,2015-12-21 02:05:00 EST,43.48507,-73.42307,120,28.3,29.3,23.8,78.8,22.5,0.000,0.000,0.00,0.000,4.0,6.2,0.9,172,13,4.4,6.9,0.9,177,12,4.0,6.2,0.9,172,13,0,30.15,,0,0,0,37.7,41.7,44.4,0.54,0.70,0.76
WHIT,2015-12-21 02:10:00 EST,43.48507,-73.42307,120,28.6,29.6,24.1,77.4,22.5,0.000,0.000,0.00,0.000,4.1,6.3,0.8,182,11,4.6,6.9,0.9,184,10,4.1,6.3,0.8,182,11,0,30.15,,0,0,0,37.7,41.7,44.4,0.54,0.70,0.76
WHIT,2015-12-21 02:15:00 EST,43.48507,-73.42307,120,28.4,29.7,23.3,76.7,22.0,0.000,0.000,0.00,0.000,4.5,7.7,1.1,178,13,5.1,8.3,1.1,181,13,4.5,7.7,1.1,178,13,0,30.15,,0,0,0,37.7,41.7,44.3,0.54,0.70,0.76
WHIT,2015-12-21 02:20:00 EST,43.48507,-73.42307,120,28.8,29.7,23.5,76.2,22.2,0.000,0.000,0.00,0.000,4.8,7.8,1.1,184,12,5.2,9.2,1.2,188,9,4.8,7.8,1.1,184,12,0,30.15,,0,0,0,37.6,41.7,44.3,0.54,0.70,0.76
WHIT,2015-12-21 02:25:00 EST,43.48507,-73.42307,120,28.9,29.6,23.2,76.3,22.4,0.000,0.000,0.00,0.000,5.3,7.3,1.0,180,8,5.7,8.1,1.1,183,7,5.3,7.3,1.0,180,8,0,30.15,,0,0,0,37.6,41.7,44.3,0.54,0.70,0.76
WHIT,2015-12-21 02:30:00 EST,43.48507,-73.42307,120,28.7,29.6,22.5,76.6,22.3,0.000,0.000,0.00,0.000,5.8,8.0,0.9,171,11,6.3,8.9,1.0,175,10,5.8,8.0,0.9,171,11,0,30.15,,0,0,0,37.6,41.7,44.3,0.54,0.70,0.76
WHIT,2015-12-21 02:35:00 EST,43.48507,-73.42307,120,28.8,29.6,22.7,76.4,22.3,0.000,0.000,0.00,0.000,5.7,8.2,1.0,184,14,6.2,8.9,1.1,188,11,5.7,8.2,1.0,184,14,0,30.15,,0,0,0,37.6,41.7,44.3,0.54,0.70,0.76
WHIT,2015-12-21 02:40:00 EST,43.48507,-73.42307,120,28.6,29.3,23.1,76.5,22.1,0.000,0.000,0.00,0.000,4.9,7.8,0.9,189,9,5.5,8.7,1.1,193,8,4.9,7.8,0.9,189,9,0,30.15,,0,0,0,37.6,41.7,44.2,0.54,0.70,0.76
WHIT,2015-12-21 02:45:00 EST,43.48507,-73.42307,120,28.0,29.0,21.2,78.0,22.0,0.000,0.000,0.00,0.000,6.2,8.3,0.9,179,11,6.7,9.6,1.1,182,10,6.2,8.3,0.9,179,11,0,30.15,,0,0,0,37.6,41.7,44.2,0.54,0.70,0.76
WHIT,2015-12-21 02:50:00 EST,43.48507,-73.42307,120,27.9,28.8,21.5,78.7,22.2,0.000,0.000,0.00,0.000,5.8,8.0,0.9,175,9,6.3,8.5,1.0,179,8,5.8,8.0,0.9,175,9,0,30.15,,0,0,0,37.6,41.7,44.2,0.54,0.70,0.76
WHIT,2015-12-21 02:55:00 EST,43.48507,-73.42307,120,27.7,28.6,21.9,79.1,22.1,0.000,0.000,0.00,0.000,5.2,8.5,1.1,172,11,5.8,9.8,1.3,176,9,5.2,8.5,1.1,172,11,0,30.15,,0,0,0,37.6,41.7,44.2,0.54,0.70,0.76
WHIT,2015-12-21 03:00:00 EST,43.48507,-73.42307,120,27.6,28.6,20.9,79.8,22.2,0.000,0.000,0.00,0.000,6.1,8.7,1.1,181,8,6.6,9.4,1.1,184,7,6.1,8.7,1.1,181,8,0,30.14,,0,0,0,37.6,41.7,44.2,0.54,0.70,0.76
WHIT,2015-12-21 03:05:00 EST,43.48507,-73.42307,120,27.6,28.5,20.6,79.6,22.1,0.000,0.000,0.00,0.000,6.4,9.6,1.1,176,8,6.9,10.3,1.2,180,7,6.4,9.6,1.1,176,8,0,30.13,,0,0,0,37.6,41.7,44.2,0.54,0.70,0.76
WHIT,2015-12-21 03:10:00 EST,43.48507,-73.42307,120,27.4,28.5,20.4,80.0,22.0,0.000,0.000,0.00,0.000,6.4,8.8,0.9,177,10,7.0,10.7,1.1,180,7,6.4,8.8,0.9,177,10,0,30.13,,0,0,0,37.6,41.7,44.1,0.54,0.70,0.76
WHIT,2015-12-21 03:15:00 EST,43.48507,-73.42307,120,27.2,28.4,21.0,79.5,21.7,0.000,0.000,0.00,0.000,5.5,8.5,1.1,175,10,5.9,8.9,1.1,178,9,5.5,8.5,1.1,175,10,0,30.13,,0,0,0,37.6,41.7,44.2,0.54,0.70,0.76
WHIT,2015-12-21 03:20:00 EST,43.48507,-73.42307,120,27.6,28.6,21.3,79.4,22.0,0.000,0.000,0.00,0.000,5.6,9.0,1.0,174,9,6.1,9.6,1.2,179,8,5.6,9.0,1.0,174,9,0,30.13,,0,0,0,37.6,41.7,44.1,0.54,0.70,0.76
WHIT,2015-12-21 03:25:00 EST,43.48507,-73.42307,120,27.6,28.5,21.2,79.0,21.9,0.000,0.000,0.00,0.000,5.7,8.3,1.1,180,8,6.2,9.2,1.1,184,7,5.7,8.3,1.1,180,8,0,30.13,,0,0,0,37.6,41.7,44.1,0.54,0.70,0.76
WHIT,2015-12-21 03:30:00 EST,43.48507,-73.42307,120,27.7,28.4,21.9,78.8,22.0,0.000,0.000,0.00,0.000,5.0,6.9,0.8,172,10,5.5,7.6,0.9,176,10,5.0,6.9,0.8,172,10,0,30.12,,0,0,0,37.6,41.7,44.1,0.54,0.70,0.76
WHIT,2015-12-21 03:35:00 EST,43.48507,-73.42307,120,27.6,28.3,22.1,79.4,22.1,0.000,0.000,0.00,0.000,4.8,7.1,1.0,174,11,5.3,7.8,1.0,178,11,4.8,7.1,1.0,174,11,0,30.12,,0,0,0,37.6,41.7,44.1,0.54,0.70,0.76
WHIT,2015-12-21 03:40:00 EST,43.48507,-73.42307,120,27.3,28.2,22.0,80.0,21.9,0.000,0.000,0.00,0.000,4.6,7.2,0.7,187,10,5.0,7.8,0.9,190,10,4.6,7.2,0.7,187,10,0,30.11,,0,0,0,37.6,41.7,44.1,0.54,0.70,0.76
WHIT,2015-12-21 03:45:00 EST,43.48507,-73.42307,120,27.7,28.1,21.3,80.0,22.3,0.000,0.000,0.00,0.000,5.7,7.5,0.9,192,10,6.3,8.3,1.0,195,8,5.7,7.5,0.9,192,10,0,30.12,,0,0,0,37.6,41.7,44.1,0.54,0.70,0.76
WHIT,2015-12-21 03:50:00 EST,43.48507,-73.42307,120,27.8,28.3,20.8,79.5,22.3,0.000,0.000,0.00,0.000,6.5,8.5,0.8,181,9,7.0,9.2,1.0,184,7,6.5,8.5,0.8,181,9,0,30.12,,0,0,0,37.6,41.7,44.1,0.54,0.70,0.76
WHIT,2015-12-21 03:55:00 EST,43.48507,-73.42307,120,27.5,28.2,20.9,79.6,22.1,0.000,0.000,0.00,0.000,6.0,8.7,1.0,175,9,6.4,9.4,1.1,178,8,6.0,8.7,1.0,175,9,0,30.11,,0,0,0,37.5,41.7,44.1,0.54,0.70,0.76
WHIT,2015-12-21 04:00:00 EST,43.48507,-73.42307,120,27.8,28.5,21.1,79.3,22.2,0.000,0.000,0.00,0.000,6.1,8.5,1.0,175,10,6.6,10.5,1.1,179,9,6.1,8.5,1.0,175,10,0,30.11,,0,0,0,37.5,41.7,44.1,0.54,0.70,0.76
WHIT,2015-12-21 04:05:00 EST,43.48507,-73.42307,120,28.1,28.7,22.5,77.4,22.0,0.000,0.000,0.00,0.000,5.1,8.3,1.2,176,10,5.6,9.6,1.3,180,9,5.1,8.3,1.2,176,10,0,30.11,,0,0,0,37.5,41.7,44.1,0.54,0.70,0.76
WHIT,2015-12-21 04:10:00 EST,43.48507,-73.42307,120,28.3,28.9,21.7,76.5,21.9,0.000,0.000,0.00,0.000,6.1,9.6,1.4,171,10,6.6,10.7,1.5,175,9,6.1,9.6,1.4,171,10,0,30.10,,0,0,0,37.5,41.7,44.1,0.54,0.70,0.76
WHIT,2015-12-21 04:15:00 EST,43.48507,-73.42307,120,28.4,29.0,22.5,75.9,21.8,0.000,0.000,0.00,0.000,5.4,8.1,1.3,177,13,5.8,8.9,1.4,182,10,5.4,8.1,1.3,177,13,0,30.10,,0,0,0,37.4,41.7,44.1,0.54,0.70,0.76
WHIT,2015-12-21 04:20:00 EST,43.48507,-73.42307,120,28.6,29.1,22.3,75.4,21.8,0.000,0.000,0.00,0.000,5.9,7.8,1.0,187,10,6.3,9.6,1.2,190,9,5.9,7.8,1.0,187,10,0,30.11,,0,0,0,37.5,41.7,44.1,0.54,0.70,0.76
WHIT,2015-12-21 04:25:00 EST,43.48507,-73.42307,120,28.4,29.0,22.0,75.8,21.7,0.000,0.000,0.00,0.000,5.9,8.3,0.9,182,10,6.4,9.4,0.9,186,9,5.9,8.3,0.9,182,10,0,30.11,,0,0,0,37.4,41.7,44.1,0.54,0.70,0.76
WHIT,2015-12-21 04:30:00 EST,43.48507,-73.42307,120,28.4,29.0,21.8,75.9,21.8,0.000,0.000,0.00,0.000,6.2,8.8,1.0,169,11,6.8,10.1,1.1,172,10,6.2,8.8,1.0,169,11,0,30.10,,0,0,0,37.4,41.7,44.1,0.54,0.70,0.76
WHIT,2015-12-21 04:35:00 EST,43.48507,-73.42307,120,28.6,29.2,21.7,75.5,21.8,0.000,0.000,0.00,0.000,6.5,9.0,1.1,177,11,7.0,9.4,1.1,181,8,6.5,9.0,1.1,177,11,0,30.10,,0,0,0,37.4,41.7,44.1,0.54,0.70,0.76
WHIT,2015-12-21 04:40:00 EST,43.48507,-73.42307,120,28.6,29.3,22.4,75.1,21.7,0.000,0.000,0.00,0.000,5.8,8.5,1.2,171,11,6.3,10.3,1.3,175,10,5.8,8.5,1.2,171,11,0,30.10,,0,0,0,37.4,41.7,44.1,0.54,0.70,0.76
WHIT,2015-12-21 04:45:00 EST,43.48507,-73.42307,120,28.7,29.2,23.7,74.5,21.6,0.000,0.000,0.00,0.000,4.5,7.2,1.2,174,12,5.0,8.3,1.3,177,9,4.5,7.2,1.2,174,12,0,30.10,,0,0,0,37.4,41.6,44.1,0.54,0.70,0.76
WHIT,2015-12-21 04:50:00 EST,43.48507,-73.42307,120,28.2,28.9,24.1,75.2,21.4,0.000,0.000,0.00,0.000,3.7,5.2,0.7,169,14,4.0,6.0,0.7,173,12,3.7,5.2,0.7,169,14,0,30.10,,0,0,0,37.4,41.6,44.1,0.54,0.70,0.76
WHIT,2015-12-21 04:55:00 EST,43.48507,-73.42307,120,28.2,28.9,23.6,75.5,21.5,0.000,0.000,0.00,0.000,4.1,7.9,1.2,162,10,4.8,8.5,1.2,167,8,4.1,7.9,1.2,162,10,0,30.09,,0,0,0,37.4,41.6,44.1,0.54,0.70,0.76
WHIT,2015-12-21 05:00:00 EST,43.48507,-73.42307,120,28.2,28.9,22.1,75.5,21.4,0.000,0.000,0.00,0.000,5.5,7.9,0.9,158,11,6.0,8.5,1.0,162,10,5.5,7.9,0.9,158,11,0,30.09,,0,0,0,37.4,41.6,44.1,0.54,0.70,0.76
WHIT,2015-12-21 05:05:00 EST,43.48507,-73.42307,120,27.6,28.4,21.3,76.9,21.3,0.000,0.000,0.00,0.000,5.7,8.2,0.9,158,12,6.2,9.6,1.0,162,10,5.7,8.2,0.9,158,12,0,30.09,,0,0,0,37.4,41.6,44.1,0.54,0.70,0.76
WHIT,2015-12-21 05:10:00 EST,43.48507,-73.42307,120,27.5,28.0,21.9,78.4,21.7,0.000,0.000,0.00,0.000,4.9,7.5,1.0,166,13,5.5,8.5,1.1,170,12,4.9,7.5,1.0,166,13,0,30.09,,0,0,0,37.4,41.6,44.1,0.54,0.70,0.76
WHIT,2015-12-21 05:15:00 EST,43.48507,-73.42307,120,27.6,28.1,21.6,78.3,21.8,0.000,0.000,0.00,0.000,5.4,6.6,0.6,171,8,5.8,7.4,0.7,176,7,5.4,6.6,0.6,171,8,0,30.09,,0,0,0,37.4,41.6,44.1,0.54,0.70,0.76
WHIT,2015-12-21 05:20:00 EST,43.48507,-73.42307,120,27.5,28.2,22.4,78.4,21.7,0.000,0.000,0.00,0.000,4.5,6.5,0.9,165,8,4.8,7.2,1.0,168,8,4.5,6.5,0.9,165,8,0,30.09,,0,0,0,37.4,41.6,44.1,0.54,0.70,0.76
WHIT,2015-12-21 05:25:00 EST,43.48507,-73.42307,120,27.6,28.2,22.0,78.6,21.9,0.000,0.000,0.00,0.000,4.9,6.8,0.6,177,8,5.3,7.6,0.8,180,7,4.9,6.8,0.6,177,8,0,30.09,,0,0,0,37.4,41.6,44.1,0.54,0.70,0.76
WHIT,2015-12-21 05:30:00 EST,43.48507,-73.42307,120,27.7,28.3,22.7,78.4,21.8,0.000,0.000,0.00,0.000,4.3,6.1,0.6,184,8,4.7,6.5,0.7,187,8,4.3,6.1,0.6,184,8,0,30.09,,0,0,0,37.4,41.6,44.1,0.54,0.70,0.76
WHIT,2015-12-21 05:35:00 EST,43.48507,-73.42307,120,27.5,27.9,21.6,78.8,21.8,0.000,0.000,0.00,0.000,5.1,7.4,1.0,189,10,5.6,8.5,1.1,192,10,5.1,7.4,1.0,189,10,0,30.10,,0,0,0,37.4,41.5,44.1,0.54,0.70,0.76
WHIT,2015-12-21 05:40:00 EST,43.48507,-73.42307,120,27.3,27.6,21.1,79.7,21.9,0.000,0.000,0.00,0.000,5.5,7.0,0.7,179,10,5.9,8.1,0.8,183,7,5.5,7.0,0.7,179,10,0,30.09,,0,0,0,37.4,41.6,44.1,0.54,0.70,0.76
WHIT,2015-12-21 05:45:00 EST,43.48507,-73.42307,120,27.1,27.4,22.0,80.3,21.8,0.000,0.000,0.00,0.000,4.3,6.3,0.7,179,10,4.9,7.2,0.8,183,9,4.3,6.3,0.7,179,10,0,30.08,,0,0,0,37.3,41.5,44.1,0.54,0.70,0.76
WHIT,2015-12-21 05:50:00 EST,43.48507,-73.42307,120,26.9,27.4,21.6,80.7,21.8,0.000,0.000,0.00,0.000,4.6,7.2,1.0,193,9,4.9,7.4,1.1,196,8,4.6,7.2,1.0,193,9,0,30.08,,0,0,0,37.3,41.6,44.1,0.54,0.70,0.76
WHIT,2015-12-21 05:55:00 EST,43.48507,-73.42307,120,26.8,27.2,21.9,80.8,21.7,0.000,0.000,0.00,0.000,4.1,6.2,0.8,189,7,4.6,6.7,0.8,192,6,4.1,6.2,0.8,189,7,0,30.08,,0,0,0,37.3,41.5,44.1,0.54,0.70,0.76
WHIT,2015-12-21 06:00:00 EST,43.48507,-73.42307,120,26.7,27.2,22.8,81.6,21.8,0.000,0.000,0.00,0.000,3.4,5.0,0.6,188,9,3.9,5.6,0.7,193,9,3.4,5.0,0.6,188,9,0,30.08,,0,0,0,37.3,41.5,44.1,0.54,0.70,0.76
WHIT,2015-12-21 06:05:00 EST,43.48507,-73.42307,120,26.5,27.1,22.4,81.6,21.7,0.000,0.000,0.00,0.000,3.5,5.5,0.8,191,9,3.9,5.8,0.8,195,8,3.5,5.5,0.8,191,9,0,30.08,,0,0,0,37.3,41.5,44.1,0.54,0.70,0.76
WHIT,2015-12-21 06:10:00 EST,43.48507,-73.42307,120,26.6,27.1,22.9,81.1,21.6,0.000,0.000,0.00,0.000,3.2,4.2,0.4,182,8,3.6,5.1,0.6,187,8,3.2,4.2,0.4,182,8,0,30.07,,0,0,0,37.3,41.5,44.1,0.54,0.70,0.76
WHIT,2015-12-21 06:15:00 EST,43.48507,-73.42307,120,26.5,27.0,23.0,81.3,21.5,0.000,0.000,0.00,0.000,3.0,4.2,0.4,180,7,3.4,4.7,0.5,186,7,3.0,4.2,0.4,180,7,0,30.07,,0,0,0,37.2,41.5,44.1,0.54,0.70,0.76
WHIT,2015-12-21 06:20:00 EST,43.48507,-73.42307,120,26.5,27.1,26.5,81.2,21.5,0.000,0.000,0.00,0.000,3.0,4.3,0.5,207,13,3.3,4.5,0.6,212,11,3.0,4.3,0.5,207,13,0,30.07,,0,0,0,37.2,41.5,44.1,0.54,0.70,0.76
WHIT,2015-12-21 06:25:00 EST,43.48507,-73.42307,120,26.6,27.1,21.4,81.2,21.7,0.000,0.000,0.00,0.000,4.4,6.0,0.7,200,8,4.7,6.3,0.8,204,7,4.4,6.0,0.7,200,8,0,30.07,,0,0,0,37.2,41.5,44.1,0.54,0.70,0.76
WHIT,2015-12-21 06:30:00 EST,43.48507,-73.42307,120,26.5,27.1,21.4,81.6,21.7,0.000,0.000,0.00,0.000,4.3,5.6,0.5,185,8,4.7,6.0,0.6,189,7,4.3,5.6,0.5,185,8,0,30.07,,0,0,0,37.2,41.5,44.1,0.54,0.70,0.76
WHIT,2015-12-21 06:35:00 EST,43.48507,-73.42307,120,26.5,27.2,21.6,81.1,21.5,0.000,0.000,0.00,0.000,4.1,5.4,0.6,173,8,4.5,6.9,0.7,178,8,4.1,5.4,0.6,173,8,0,30.07,,0,0,0,37.2,41.5,44.1,0.54,0.70,0.76
WHIT,2015-12-21 06:40:00 EST,43.48507,-73.42307,120,26.4,27.2,21.2,81.3,21.5,0.000,0.000,0.00,0.000,4.4,6.1,0.6,173,9,4.8,6.7,0.7,177,8,4.4,6.1,0.6,173,9,0,30.07,,0,0,0,37.2,41.5,44.1,0.54,0.70,0.76
WHIT,2015-12-21 06:45:00 EST,43.48507,-73.42307,120,26.0,27.3,20.8,82.1,21.3,0.000,0.000,0.00,0.000,4.3,5.8,0.6,170,9,4.8,6.3,0.7,175,7,4.3,5.8,0.6,170,9,0,30.08,,0,0,0,37.2,41.5,44.1,0.54,0.70,0.76
WHIT,2015-12-21 06:50:00 EST,43.48507,-73.42307,120,26.2,27.7,21.5,82.4,21.6,0.000,0.000,0.00,0.000,3.9,6.2,0.9,159,8,4.3,7.6,1.0,163,8,3.9,6.2,0.9,159,8,0,30.08,,0,0,0,37.2,41.5,44.1,0.54,0.70,0.76
WHIT,2015-12-21 06:55:00 EST,43.48507,-73.42307,120,25.9,27.9,21.4,82.4,21.3,0.000,0.000,0.00,0.000,3.7,4.7,0.6,161,7,4.1,5.6,0.7,165,8,3.7,4.7,0.6,161,7,0,30.08,,0,0,0,37.2,41.5,44.1,0.54,0.70,0.76
WHIT,2015-12-21 07:00:00 EST,43.48507,-73.42307,120,26.6,27.9,21.7,81.6,21.7,0.000,0.000,0.00,0.000,4.1,5.4,0.6,163,8,4.7,6.5,0.6,168,8,4.1,5.4,0.6,163,8,0,30.08,,0,0,0,37.2,41.5,44.1,0.54,0.70,0.76
WHIT,2015-12-21 07:05:00 EST,43.48507,-73.42307,120,26.7,27.8,21.6,81.0,21.7,0.000,0.000,0.00,0.000,4.4,6.7,0.9,167,11,4.8,7.2,0.9,170,10,4.4,6.7,0.9,167,11,0,30.07,,0,0,0,37.2,41.5,44.1,0.54,0.70,0.76
WHIT,2015-12-21 07:10:00 EST,43.48507,-73.42307,120,27.2,28.0,22.1,79.8,21.8,0.000,0.000,0.00,0.000,4.4,6.4,1.0,176,13,4.7,7.8,1.2,180,12,4.4,6.4,1.0,176,13,0,30.07,,0,0,0,37.2,41.5,44.1,0.54,0.70,0.76
WHIT,2015-12-21 07:15:00 EST,43.48507,-73.42307,120,27.4,27.9,22.0,79.3,21.9,0.000,0.000,0.00,0.000,4.8,7.2,0.9,183,13,5.2,7.8,1.0,187,11,4.8,7.2,0.9,183,13,0,30.07,,0,0,0,37.2,41.5,44.1,0.54,0.70,0.75
WHIT,2015-12-21 07:20:00 EST,43.48507,-73.42307,120,27.6,28.1,21.6,78.7,21.9,0.000,0.000,0.00,0.000,5.4,7.8,1.2,178,10,5.7,8.3,1.3,181,9,5.4,7.8,1.2,178,10,1,30.07,,0,0,0,37.2,41.5,44.1,0.54,0.70,0.76
WHIT,2015-12-21 07:25:00 EST,43.48507,-73.42307,120,27.5,27.9,22.5,79.1,21.9,0.000,0.000,0.00,0.000,4.3,6.1,0.7,185,12,4.6,6.5,0.9,190,11,4.3,6.1,0.7,185,12,1,30.07,,0,0,0,37.2,41.5,44.1,0.54,0.71,0.76
WHIT,2015-12-21 07:30:00 EST,43.48507,-73.42307,120,27.3,27.8,23.2,79.5,21.8,0.000,0.000,0.00,0.000,3.6,5.3,0.6,196,11,3.9,5.8,0.7,202,11,3.6,5.3,0.6,196,11,3,30.07,,0,0,0,37.2,41.5,44.1,0.54,0.70,0.76
WHIT,2015-12-21 07:35:00 EST,43.48507,-73.42307,120,27.1,27.6,22.6,81.2,22.1,0.000,0.000,0.00,0.000,3.9,5.0,0.5,209,7,4.1,5.1,0.5,214,7,3.9,5.0,0.5,209,7,5,30.07,,0,0,0,37.2,41.5,44.1,0.54,0.70,0.76
WHIT,2015-12-21 07:40:00 EST,43.48507,-73.42307,120,27.3,27.6,22.3,81.5,22.4,0.000,0.000,0.00,0.000,4.3,5.6,0.6,210,7,4.5,6.0,0.6,214,7,4.3,5.6,0.6,210,7,8,30.07,,0,0,0,37.2,41.5,44.1,0.54,0.70,0.76
WHIT,2015-12-21 07:45:00 EST,43.48507,-73.42307,120,27.4,27.6,22.8,81.0,22.4,0.000,0.000,0.00,0.000,4.0,5.3,0.6,200,10,4.1,5.8,0.7,204,11,4.0,5.3,0.6,200,10,13,30.07,,0,0,0,37.2,41.5,44.1,0.54,0.70,0.76
WHIT,2015-12-21 07:50:00 EST,43.48507,-73.42307,120,27.5,27.7,22.2,80.9,22.4,0.000,0.000,0.00,0.000,4.6,6.1,0.6,188,7,5.1,6.5,0.7,192,7,4.6,6.1,0.6,188,7,16,30.06,,0,0,0,37.2,41.5,44.1,0.54,0.70,0.76
WHIT,2015-12-21 07:55:00 EST,43.48507,-73.42307,120,27.5,27.8,22.7,81.0,22.5,0.000,0.000,0.00,0.000,4.2,5.0,0.5,172,7,4.6,5.8,0.5,176,6,4.2,5.0,0.5,172,7,18,30.06,,0,0,0,37.2,41.5,44.1,0.54,0.70,0.76
WHIT,2015-12-21 08:00:00 EST,43.48507,-73.42307,120,27.6,27.8,23.2,80.7,22.5,0.000,0.000,0.00,0.000,3.9,4.9,0.5,197,11,4.1,5.6,0.6,200,11,3.9,4.9,0.5,197,11,19,30.06,,0,0,0,37.2,41.5,44.1,0.54,0.70,0.76
WHIT,2015-12-21 08:05:00 EST,43.48507,-73.42307,120,27.8,27.9,22.5,80.1,22.4,0.000,0.000,0.00,0.000,4.6,6.1,0.6,204,8,4.9,6.5,0.6,208,8,4.6,6.1,0.6,204,8,24,30.06,,0,0,0,37.2,41.5,44.1,0.54,0.70,0.76
WHIT,2015-12-21 08:10:00 EST,43.48507,-73.42307,120,27.9,28.0,22.5,79.9,22.5,0.000,0.000,0.00,0.000,4.8,7.2,0.8,190,9,5.0,7.6,0.9,194,9,4.8,7.2,0.8,190,9,28,30.05,,0,0,0,37.2,41.5,44.0,0.54,0.70,0.76
WHIT,2015-12-21 08:15:00 EST,43.48507,-73.42307,120,28.2,28.3,22.3,79.4,22.6,0.000,0.000,0.00,0.000,5.4,7.7,0.8,184,8,5.7,8.3,0.8,188,6,5.4,7.7,0.8,184,8,29,30.05,,0,0,0,37.2,41.5,44.1,0.54,0.70,0.76
WHIT,2015-12-21 08:20:00 EST,43.48507,-73.42307,120,28.6,28.6,21.9,78.3,22.6,0.000,0.000,0.00,0.000,6.3,8.5,1.2,178,9,6.8,9.4,1.2,180,7,6.3,8.5,1.2,178,9,38,30.05,,0,0,0,37.2,41.5,44.1,0.54,0.70,0.76
WHIT,2015-12-21 08:25:00 EST,43.48507,-73.42307,120,28.7,28.8,22.3,77.5,22.6,0.000,0.000,0.00,0.000,6.1,8.1,0.9,177,10,6.5,8.9,0.9,181,8,6.1,8.1,0.9,177,10,33,30.05,,0,0,0,37.2,41.5,44.0,0.54,0.70,0.76
WHIT,2015-12-21 08:30:00 EST,43.48507,-73.42307,120,28.9,29.0,23.4,77.3,22.7,0.000,0.000,0.00,0.000,5.1,7.0,0.6,183,8,5.6,7.8,0.8,186,7,5.1,7.0,0.6,183,8,35,30.05,,0,0,0,37.2,41.5,44.0,0.54,0.70,0.76
WHIT,2015-12-21 08:35:00 EST,43.48507,-73.42307,120,29.0,29.1,23.3,76.7,22.6,0.000,0.000,0.00,0.000,5.3,6.4,0.6,179,9,5.6,7.4,0.8,183,7,5.3,6.4,0.6,179,9,40,30.05,,0,0,0,37.2,41.5,44.1,0.54,0.70,0.76
WHIT,2015-12-21 08:40:00 EST,43.48507,-73.42307,120,29.1,29.1,24.3,77.5,22.9,0.000,0.000,0.00,0.000,4.3,6.1,0.7,176,9,4.8,6.9,0.9,180,7,4.3,6.1,0.7,176,9,48,30.04,,0,0,0,37.2,41.5,44.1,0.54,0.70,0.76
WHIT,2015-12-21 08:45:00 EST,43.48507,-73.42307,120,29.3,29.3,25.2,76.7,22.9,0.000,0.000,0.00,0.000,3.8,5.6,0.9,178,11,4.3,6.3,0.9,182,10,3.8,5.6,0.9,178,11,50,30.04,,0,0,0,37.2,41.5,44.1,0.54,0.70,0.76
WHIT,2015-12-21 08:50:00 EST,43.48507,-73.42307,120,29.4,29.4,24.7,75.9,22.7,0.000,0.000,0.00,0.000,4.3,6.1,0.8,182,9,4.7,6.9,0.9,185,9,4.3,6.1,0.8,182,9,53,30.04,,0,0,0,37.2,41.4,44.0,0.54,0.70,0.75
WHIT,2015-12-21 08:55:00 EST,43.48507,-73.42307,120,29.4,29.4,24.4,77.3,23.2,0.000,0.000,0.00,0.000,4.7,7.1,0.8,167,10,5.2,7.4,0.8,171,9,4.7,7.1,0.8,167,10,62,30.04,,0,0,0,37.2,41.4,44.1,0.54,0.70,0.76
WHIT,2015-12-21 09:00:00 EST,43.48507,-73.42307,120,29.7,29.6,24.0,75.1,22.8,0.000,0.000,0.00,0.000,5.4,7.8,1.0,171,9,5.9,9.2,1.1,175,8,5.4,7.8,1.0,171,9,73,30.04,,0,0,0,37.2,41.4,44.0,0.54,0.70,0.76
WHIT,2015-12-21 09:05:00 EST,43.48507,-73.42307,120,29.8,29.8,24.3,74.5,22.7,0.000,0.000,0.00,0.000,5.3,7.6,0.7,178,8,5.7,8.3,0.8,182,7,5.3,7.6,0.7,178,8,72,30.04,,0,0,0,37.2,41.4,44.0,0.54,0.70,0.76
WHIT,2015-12-21 09:10:00 EST,43.48507,-73.42307,120,30.0,29.9,25.2,74.8,23.0,0.000,0.000,0.00,0.000,4.6,7.2,0.7,164,11,5.1,8.1,0.8,168,11,4.6,7.2,0.7,164,11,75,30.04,,0,0,0,37.2,41.4,44.1,0.54,0.70,0.75
WHIT,2015-12-21 09:15:00 EST,43.48507,-73.42307,120,30.2,30.1,25.6,75.4,23.4,0.000,0.000,0.00,0.000,4.4,6.5,0.7,156,10,4.9,7.6,0.7,159,9,4.4,6.5,0.7,156,10,83,30.03,,0,0,0,37.2,41.4,44.1,0.54,0.70,0.75
WHIT,2015-12-21 09:20:00 EST,43.48507,-73.42307,120,30.5,30.4,26.7,74.3,23.3,0.000,0.000,0.00,0.000,3.7,5.3,0.7,164,11,4.1,6.0,0.8,169,9,3.7,5.3,0.7,164,11,90,30.02,,0,0,0,37.2,41.4,44.0,0.54,0.70,0.75
WHIT,2015-12-21 09:25:00 EST,43.48507,-73.42307,120,30.7,30.6,30.7,74.5,23.6,0.000,0.000,0.00,0.000,2.6,3.9,0.5,184,12,3.0,4.5,0.5,189,13,2.6,3.9,0.5,184,12,88,30.02,,0,0,0,37.2,41.4,44.1,0.54,0.70,0.75
WHIT,2015-12-21 09:30:00 EST,43.48507,-73.42307,120,30.8,30.7,30.8,75.2,23.9,0.000,0.000,0.00,0.000,2.9,4.7,0.7,186,9,3.1,4.9,0.8,191,11,2.9,4.7,0.7,186,9,80,30.03,,0,0,0,37.2,41.4,44.0,0.54,0.70,0.75
WHIT,2015-12-21 09:35:00 EST,43.48507,-73.42307,120,30.9,30.8,26.4,75.2,24.0,0.000,0.000,0.00,0.000,4.4,5.8,0.5,171,7,4.8,6.9,0.6,175,7,4.4,5.8,0.5,171,7,84,30.03,,0,0,0,37.2,41.4,44.0,0.54,0.70,0.75
WHIT,2015-12-21 09:40:00 EST,43.48507,-73.42307,120,31.2,31.0,28.2,74.9,24.1,0.000,0.000,0.00,0.000,3.1,5.3,0.7,186,14,3.5,5.8,0.8,191,14,3.1,5.3,0.7,186,14,87,30.04,,0,0,0,37.2,41.4,44.0,0.54,0.70,0.75
WHIT,2015-12-21 09:45:00 EST,43.48507,-73.42307,120,31.3,31.2,28.2,74.4,24.2,0.000,0.000,0.00,0.000,3.3,5.1,0.9,170,12,3.7,5.6,0.9,174,13,3.3,5.1,0.9,170,12,85,30.03,,0,0,0,37.2,41.4,44.0,0.54,0.70,0.76
WHIT,2015-12-21 09:50:00 EST,43.48507,-73.42307,120,31.9,31.8,29.0,73.3,24.4,0.000,0.000,0.00,0.000,3.2,5.3,1.0,156,19,3.7,6.7,1.1,158,19,3.2,5.3,1.0,156,19,89,30.03,,0,0,0,37.2,41.4,44.1,0.54,0.70,0.76
WHIT,2015-12-21 09:55:00 EST,43.48507,-73.42307,120,32.6,32.5,28.8,70.9,24.2,0.000,0.000,0.00,0.000,4.0,6.7,1.1,167,16,4.4,7.2,1.1,170,15,4.0,6.7,1.1,167,16,85,30.02,,0,0,0,37.2,41.4,44.0,0.54,0.71,0.75
WHIT,2015-12-21 10:00:00 EST,43.48507,-73.42307,120,32.8,32.7,30.0,70.2,24.2,0.000,0.000,0.00,0.000,3.1,6.0,1.0,191,16,3.5,6.7,1.1,196,15,3.1,6.0,1.0,191,16,80,30.02,,0,0,0,37.2,41.4,44.0,0.54,0.70,0.75
WHIT,2015-12-21 10:05:00 EST,43.48507,-73.42307,120,32.9,32.8,28.3,69.6,24.1,0.000,0.000,0.00,0.000,4.9,8.0,1.4,188,14,5.2,8.9,1.5,192,13,4.9,8.0,1.4,188,14,75,30.03,,0,0,0,37.2,41.4,44.0,0.54,0.70,0.76
WHIT,2015-12-21 10:10:00 EST,43.48507,-73.42307,120,32.8,32.8,28.0,69.7,24.0,0.000,0.000,0.00,0.000,5.1,7.1,1.1,167,13,5.6,7.8,1.2,171,12,5.1,7.1,1.1,167,13,71,30.02,,0,0,0,37.2,41.4,44.0,0.54,0.70,0.75
WHIT,2015-12-21 10:15:00 EST,43.48507,-73.42307,120,32.9,32.9,27.9,69.8,24.2,0.000,0.000,0.00,0.000,5.3,8.4,1.5,164,13,5.7,8.9,1.5,168,11,5.3,8.4,1.5,164,13,75,30.03,,0,0,0,37.2,41.4,44.0,0.54,0.70,0.76
WHIT,2015-12-21 10:20:00 EST,43.48507,-73.42307,120,33.2,33.1,28.3,70.1,24.5,0.000,0.000,0.00,0.000,5.1,7.5,1.2,145,10,5.7,8.5,1.4,149,10,5.1,7.5,1.2,145,10,78,30.03,,0,0,0,37.2,41.4,44.0,0.54,0.70,0.76
WHIT,2015-12-21 10:25:00 EST,43.48507,-73.42307,120,33.2,33.2,28.9,69.1,24.2,0.000,0.000,0.00,0.000,4.6,6.6,1.1,160,12,5.1,7.4,1.1,163,12,4.6,6.6,1.1,160,12,93,30.03,,0,0,0,37.2,41.4,44.0,0.54,0.70,0.75
WHIT,2015-12-21 10:30:00 EST,43.48507,-73.42307,120,33.2,33.1,28.2,70.7,24.7,0.000,0.000,0.00,0.000,5.3,7.5,1.1,168,15,5.9,8.7,1.1,172,13,5.3,7.5,1.1,168,15,103,30.03,,0,0,0,37.2,41.4,44.0,0.54,0.70,0.75
WHIT,2015-12-21 10:35:00 EST,43.48507,-73.42307,120,33.3,33.1,28.9,70.5,24.7,0.000,0.000,0.00,0.000,4.7,6.9,1.0,168,16,5.2,7.8,1.2,172,14,4.7,6.9,1.0,168,16,106,30.02,,0,0,0,37.1,41.4,44.0,0.54,0.70,0.75
WHIT,2015-12-21 10:40:00 EST,43.48507,-73.42307,120,33.5,33.3,28.4,69.9,24.7,0.000,0.000,0.00,0.000,5.4,8.6,1.4,153,15,5.9,9.4,1.4,156,15,5.4,8.6,1.4,153,15,104,30.01,,0,0,0,37.1,41.4,44.0,0.54,0.70,0.76
WHIT,2015-12-21 10:45:00 EST,43.48507,-73.42307,120,33.6,33.5,29.3,70.4,25.0,0.000,0.000,0.00,0.000,4.7,6.0,0.7,171,11,5.2,7.2,0.9,175,10,4.7,6.0,0.7,171,11,107,30.01,,0,0,0,37.1,41.4,44.0,0.54,0.70,0.76
WHIT,2015-12-21 10:50:00 EST,43.48507,-73.42307,120,33.8,33.6,29.4,70.4,25.2,0.000,0.000,0.00,0.000,4.8,6.6,0.9,164,10,5.2,6.9,1.0,169,11,4.8,6.6,0.9,164,10,107,30.01,,0,0,0,37.1,41.4,44.0,0.54,0.70,0.76
WHIT,2015-12-21 10:55:00 EST,43.48507,-73.42307,120,33.9,33.8,29.6,70.0,25.2,0.000,0.000,0.00,0.000,4.7,6.4,0.8,162,13,5.1,7.6,1.0,166,12,4.7,6.4,0.8,162,13,105,30.00,,0,0,0,37.1,41.4,44.0,0.54,0.70,0.75
WHIT,2015-12-21 11:00:00 EST,43.48507,-73.42307,120,33.9,33.7,28.6,70.0,25.2,0.000,0.000,0.00,0.000,5.8,8.0,1.2,161,10,6.3,8.9,1.5,166,9,5.8,8.0,1.2,161,10,103,30.00,,0,0,0,37.1,41.4,43.9,0.54,0.70,0.76
WHIT,2015-12-21 11:05:00 EST,43.48507,-73.42307,120,34.0,33.8,28.8,70.7,25.5,0.000,0.000,0.00,0.000,5.8,8.8,1.0,167,12,6.3,10.1,1.1,171,12,5.8,8.8,1.0,167,12,106,29.99,,0,0,0,37.1,41.3,44.0,0.54,0.70,0.76
WHIT,2015-12-21 11:10:00 EST,43.48507,-73.42307,120,34.1,33.9,29.0,70.7,25.6,0.000,0.000,0.00,0.000,5.7,8.0,1.0,167,11,6.2,8.7,1.1,171,9,5.7,8.0,1.0,167,11,107,29.99,,0,0,0,37.1,41.4,44.0,0.54,0.70,0.75
WHIT,2015-12-21 11:15:00 EST,43.48507,-73.42307,120,34.2,34.0,29.6,71.3,25.9,0.000,0.000,0.00,0.000,5.1,7.7,1.0,176,12,5.5,8.7,1.0,179,12,5.1,7.7,1.0,176,12,108,29.98,,0,0,0,37.0,41.3,43.9,0.54,0.70,0.76
WHIT,2015-12-21 11:20:00 EST,43.48507,-73.42307,120,34.5,34.3,30.3,70.4,25.8,0.000,0.000,0.00,0.000,4.7,6.8,0.8,184,9,5.1,8.5,1.0,189,8,4.7,6.8,0.8,184,9,118,29.98,,0,0,0,37.0,41.3,43.9,0.54,0.70,0.75
WHIT,2015-12-21 11:25:00 EST,43.48507,-73.42307,120,34.8,34.6,31.7,69.7,25.9,0.000,0.000,0.00,0.000,3.7,6.2,0.8,173,11,4.2,7.4,0.9,177,10,3.7,6.2,0.8,173,11,132,29.98,,0,0,0,37.0,41.4,43.9,0.54,0.71,0.75
WHIT,2015-12-21 11:30:00 EST,43.48507,-73.42307,120,35.2,34.9,31.7,69.7,26.2,0.000,0.000,0.00,0.000,4.0,6.3,1.1,174,17,4.5,7.4,1.1,177,16,4.0,6.3,1.1,174,17,141,29.97,,0,0,0,37.0,41.4,43.9,0.54,0.70,0.75
WHIT,2015-12-21 11:35:00 EST,43.48507,-73.42307,120,35.5,35.2,30.9,69.4,26.5,0.000,0.000,0.00,0.000,5.4,9.0,1.5,173,9,5.8,10.3,1.6,175,9,5.4,9.0,1.5,173,9,152,29.97,,0,0,0,37.0,41.4,44.0,0.54,0.71,0.76
WHIT,2015-12-21 11:40:00 EST,43.48507,-73.42307,120,35.8,35.5,31.4,68.9,26.6,0.000,0.000,0.00,0.000,5.3,9.6,1.3,168,14,,,,0,0,5.3,9.6,1.3,168,14,155,29.96,,0,0,0,37.0,41.3,43.9,0.54,0.70,0.75
WHIT,2015-12-21 11:45:00 EST,43.48507,-73.42307,120,36.2,35.9,31.1,68.4,26.8,0.000,0.000,0.00,0.000,6.1,8.5,1.2,169,13,,,,0,0,6.1,8.5,1.2,169,13,145,29.95,,0,0,0,37.0,41.4,43.9,0.54,0.70,0.75
WHIT,2015-12-21 11:50:00 EST,43.48507,-73.42307,120,36.5,36.2,32.3,68.6,27.2,0.000,0.000,0.00,0.000,5.1,8.0,1.3,174,19,,,,0,0,5.1,8.0,1.3,174,19,146,29.95,,0,0,0,37.0,41.4,43.9,0.54,0.70,0.75
WHIT,2015-12-21 11:55:00 EST,43.48507,-73.42307,120,36.7,36.3,31.4,67.4,26.9,0.000,0.000,0.00,0.000,6.5,10.5,1.6,183,10,,,,0,0,6.5,10.5,1.6,183,10,155,29.95,,0,0,0,37.0,41.3,43.9,0.54,0.70,0.75
WHIT,2015-12-21 12:00:00 EST,43.48507,-73.42307,120,36.9,36.5,31.8,67.7,27.3,0.000,0.000,0.00,0.000,6.5,9.9,1.5,180,15,6.9,10.3,1.6,184,14,6.5,9.9,1.5,180,15,174,29.94,,0,0,0,37.0,41.3,43.9,0.54,0.70,0.75
WHIT,2015-12-21 12:05:00 EST,43.48507,-73.42307,120,37.3,36.8,33.2,67.7,27.5,0.000,0.000,0.00,0.000,5.0,8.2,1.3,189,12,5.5,8.7,1.4,192,10,5.0,8.2,1.3,189,12,167,29.94,,0,0,0,37.0,41.3,43.9,0.54,0.70,0.76
WHIT,2015-12-21 12:10:00 EST,43.48507,-73.42307,120,37.5,37.1,32.6,67.3,27.6,0.000,0.000,0.00,0.000,6.3,9.1,0.9,186,11,6.8,9.8,1.0,191,9,6.3,9.1,0.9,186,11,162,29.94,,0,0,0,37.0,41.3,43.9,0.54,0.70,0.75
WHIT,2015-12-21 12:15:00 EST,43.48507,-73.42307,120,38.0,37.6,33.0,67.1,28.1,0.000,0.000,0.00,0.000,6.6,10.2,1.4,187,13,,,,0,0,6.6,10.2,1.4,187,13,168,29.94,,0,0,0,37.0,41.3,43.9,0.54,0.70,0.76
WHIT,2015-12-21 12:20:00 EST,43.48507,-73.42307,120,38.6,38.2,33.7,66.6,28.4,0.000,0.000,0.00,0.000,6.6,9.7,1.5,186,14,,,,0,0,6.6,9.7,1.5,186,14,181,29.94,,0,0,0,37.0,41.3,43.9,0.54,0.70,0.75
WHIT,2015-12-21 12:25:00 EST,43.48507,-73.42307,120,39.1,38.8,34.2,65.1,28.4,0.000,0.000,0.00,0.000,6.8,11.5,1.9,197,14,,,,0,0,6.8,11.5,1.9,197,14,168,29.94,,0,0,0,37.0,41.3,43.9,0.54,0.71,0.75
WHIT,2015-12-21 12:30:00 EST,43.48507,-73.42307,120,39.7,39.4,34.6,64.0,28.5,0.000,0.000,0.00,0.000,7.3,13.8,3.0,199,14,7.7,14.5,3.2,202,13,7.3,13.8,3.0,199,14,142,29.94,,0,0,0,37.0,41.3,43.9,0.54,0.70,0.75
WHIT,2015-12-21 12:35:00 EST,43.48507,-73.42307,120,40.3,40.0,34.8,62.1,28.3,0.000,0.000,0.00,0.000,8.3,14.0,2.1,205,14,8.8,14.5,2.1,207,14,8.3,14.0,2.1,205,14,146,29.93,,0,0,0,37.0,41.2,43.9,0.54,0.70,0.75
WHIT,2015-12-21 12:40:00 EST,43.48507,-73.42307,120,40.7,40.4,35.5,61.0,28.3,0.000,0.000,0.00,0.000,7.9,13.2,1.9,201,15,8.2,14.5,2.2,204,12,7.9,13.2,1.9,201,15,154,29.93,,0,0,0,36.9,41.2,43.9,0.54,0.70,0.75
WHIT,2015-12-21 12:45:00 EST,43.48507,-73.42307,120,41.0,40.7,35.1,60.3,28.3,0.000,0.000,0.00,0.000,9.4,14.0,2.0,204,15,10.0,16.6,2.1,207,13,9.4,14.0,2.0,204,15,155,29.92,,0,0,0,36.9,41.2,43.9,0.54,0.70,0.75
WHIT,2015-12-21 12:50:00 EST,43.48507,-73.42307,120,41.1,40.9,35.6,60.2,28.4,0.000,0.000,0.00,0.000,8.8,15.1,2.2,200,13,9.2,15.4,2.4,202,10,8.8,15.1,2.2,200,13,141,29.92,,0,0,0,36.9,41.2,43.9,0.54,0.70,0.76
WHIT,2015-12-21 12:55:00 EST,43.48507,-73.42307,120,41.3,41.0,36.2,60.3,28.6,0.000,0.000,0.00,0.000,8.0,12.6,1.9,208,15,8.4,13.9,1.8,210,14,8.0,12.6,1.9,208,15,126,29.91,,0,0,0,36.9,41.2,43.9,0.54,0.70,0.76
WHIT,2015-12-21 13:00:00 EST,43.48507,-73.42307,120,41.4,41.2,35.8,59.6,28.4,0.000,0.000,0.00,0.000,8.8,13.1,1.9,209,14,9.1,13.0,1.9,212,13,8.8,13.1,1.9,209,14,126,29.90,,0,0,0,36.9,41.2,43.9,0.54,0.70,0.75
WHIT,2015-12-21 13:05:00 EST,43.48507,-73.42307,120,41.5,41.3,36.9,60.1,28.7,0.000,0.000,0.00,0.000,7.1,12.3,1.6,204,15,7.7,12.8,1.6,207,13,7.1,12.3,1.6,204,15,131,29.90,,0,0,0,36.9,41.2,43.9,0.54,0.70,0.75
WHIT,2015-12-21 13:10:00 EST,43.48507,-73.42307,120,41.7,41.5,36.2,59.8,28.8,0.000,0.000,0.00,0.000,8.9,12.4,2.0,214,13,9.2,12.8,2.1,216,12,8.9,12.4,2.0,214,13,147,29.90,,0,0,0,36.9,41.2,43.9,0.54,0.70,0.75
WHIT,2015-12-21 13:15:00 EST,43.48507,-73.42307,120,41.8,41.6,36.3,59.5,28.7,0.000,0.000,0.00,0.000,9.0,14.0,2.1,216,12,9.4,15.4,2.1,220,12,9.0,14.0,2.1,216,12,148,29.91,,0,0,0,36.9,41.2,43.9,0.54,0.70,0.75
WHIT,2015-12-21 13:20:00 EST,43.48507,-73.42307,120,41.9,41.7,36.1,59.4,28.8,0.000,0.000,0.00,0.000,9.8,14.5,2.3,214,13,10.2,16.6,2.4,215,11,9.8,14.5,2.3,214,13,147,29.90,,0,0,0,36.9,41.2,43.9,0.54,0.70,0.75
WHIT,2015-12-21 13:25:00 EST,43.48507,-73.42307,120,42.0,41.8,36.8,59.1,28.8,0.000,0.000,0.00,0.000,8.5,13.7,2.5,221,12,8.8,14.1,2.3,223,12,8.5,13.7,2.5,221,12,144,29.91,,0,0,0,36.9,41.2,43.9,0.54,0.70,0.75
WHIT,2015-12-21 13:30:00 EST,43.48507,-73.42307,120,42.2,42.0,37.0,59.0,28.9,0.000,0.000,0.00,0.000,8.7,13.7,2.1,214,14,8.9,14.3,2.2,216,13,8.7,13.7,2.1,214,14,156,29.91,,0,0,0,36.9,41.2,43.9,0.54,0.70,0.76
WHIT,2015-12-21 13:35:00 EST,43.48507,-73.42307,120,42.3,42.1,36.4,58.7,28.9,0.000,0.000,0.00,0.000,10.3,16.0,2.6,214,15,10.6,17.9,2.6,216,14,10.3,16.0,2.6,214,15,152,29.91,,0,0,0,36.9,41.2,43.9,0.54,0.70,0.76
WHIT,2015-12-21 13:40:00 EST,43.48507,-73.42307,120,42.4,42.3,36.8,58.4,28.9,0.000,0.000,0.00,0.000,9.7,14.5,2.3,211,15,10.2,15.2,2.5,214,12,9.7,14.5,2.3,211,15,150,29.90,,0,0,0,36.8,41.2,43.9,0.54,0.70,0.75
WHIT,2015-12-21 13:45:00 EST,43.48507,-73.42307,120,42.5,42.3,37.0,58.5,28.9,0.000,0.000,0.00,0.000,9.2,14.1,2.2,208,13,9.5,14.1,2.2,210,11,9.2,14.1,2.2,208,13,144,29.90,,0,0,0,36.9,41.2,43.9,0.54,0.70,0.76
WHIT,2015-12-21 13:50:00 EST,43.48507,-73.42307,120,42.5,42.4,37.9,58.9,29.1,0.000,0.000,0.00,0.000,7.6,11.2,1.7,210,14,7.9,12.8,1.8,213,13,7.6,11.2,1.7,210,14,139,29.89,,0,0,0,36.9,41.2,43.9,0.54,0.70,0.75
WHIT,2015-12-21 13:55:00 EST,43.48507,-73.42307,120,42.6,42.5,37.9,58.7,29.2,0.000,0.000,0.00,0.000,7.9,12.6,2.2,210,17,8.3,13.6,2.2,213,16,7.9,12.6,2.2,210,17,131,29.89,,0,0,0,36.9,41.2,43.9,0.54,0.70,0.75
WHIT,2015-12-21 14:00:00 EST,43.48507,-73.42307,120,42.7,42.6,37.7,58.5,29.1,0.000,0.000,0.00,0.000,8.3,14.1,2.3,216,11,8.8,14.1,2.3,217,10,8.3,14.1,2.3,216,11,124,29.89,,0,0,0,36.9,41.2,43.9,0.54,0.70,0.75
WHIT,2015-12-21 14:05:00 EST,43.48507,-73.42307,120,42.7,42.6,38.1,58.7,29.3,0.000,0.000,0.00,0.000,7.6,13.4,2.3,210,15,7.8,13.6,2.4,213,15,7.6,13.4,2.3,210,15,124,29.89,,0,0,0,36.9,41.2,43.9,0.54,0.70,0.75
WHIT,2015-12-21 14:10:00 EST,43.48507,-73.42307,120,42.9,42.8,38.2,58.6,29.4,0.000,0.000,0.00,0.000,7.7,12.7,1.9,206,13,8.1,12.3,1.9,209,12,7.7,12.7,1.9,206,13,125,29.89,,0,0,0,36.9,41.2,43.9,0.54,0.70,0.75
WHIT,2015-12-21 14:15:00 EST,43.48507,-73.42307,120,43.0,42.9,38.9,58.6,29.5,0.000,0.000,0.00,0.000,6.7,10.3,1.8,201,15,7.0,11.4,1.9,206,13,6.7,10.3,1.8,201,15,127,29.88,,0,0,0,36.8,41.2,43.9,0.54,0.70,0.75
WHIT,2015-12-21 14:20:00 EST,43.48507,-73.42307,120,43.0,43.0,37.9,58.7,29.5,0.000,0.000,0.00,0.000,8.7,16.1,2.6,208,13,9.1,16.6,2.6,211,12,8.7,16.1,2.6,208,13,112,29.89,,0,0,0,36.9,41.2,43.9,0.54,0.70,0.75
WHIT,2015-12-21 14:25:00 EST,43.48507,-73.42307,120,43.0,43.0,38.2,58.6,29.5,0.000,0.000,0.00,0.000,8.0,11.8,1.5,212,14,8.5,12.3,1.5,215,12,8.0,11.8,1.5,212,14,103,29.89,,0,0,0,36.9,41.2,43.9,0.54,0.70,0.75
WHIT,2015-12-21 14:30:00 EST,43.48507,-73.42307,120,43.0,43.1,37.9,58.8,29.5,0.000,0.000,0.00,0.000,8.6,13.1,2.0,209,13,9.1,15.0,2.1,212,12,8.6,13.1,2.0,209,13,100,29.89,,0,0,0,36.8,41.2,43.9,0.54,0.70,0.76
WHIT,2015-12-21 14:35:00 EST,43.48507,-73.42307,120,43.0,43.1,38.5,58.5,29.5,0.000,0.000,0.00,0.000,7.6,14.5,2.8,204,14,8.1,15.0,2.9,207,13,7.6,14.5,2.8,204,14,95,29.88,,0,0,0,36.9,41.2,43.9,0.54,0.70,0.75
WHIT,2015-12-21 14:40:00 EST,43.48507,-73.42307,120,43.0,43.0,39.0,58.7,29.5,0.000,0.000,0.00,0.000,6.5,10.4,1.5,215,11,6.8,10.1,1.5,218,10,6.5,10.4,1.5,215,11,96,29.88,,0,0,0,36.9,41.2,43.9,0.54,0.70,0.75
WHIT,2015-12-21 14:45:00 EST,43.48507,-73.42307,120,43.0,43.1,38.5,58.4,29.4,0.000,0.000,0.00,0.000,7.4,15.0,2.3,209,15,7.9,16.1,2.3,212,16,7.4,15.0,2.3,209,15,97,29.88,,0,0,0,36.8,41.1,43.9,0.54,0.70,0.75
WHIT,2015-12-21 14:50:00 EST,43.48507,-73.42307,120,42.9,43.1,38.6,58.7,29.5,0.000,0.000,0.00,0.000,7.2,13.8,2.2,203,15,7.7,14.1,2.3,207,14,7.2,13.8,2.2,203,15,98,29.88,,0,0,0,36.8,41.1,43.9,0.54,0.70,0.75
WHIT,2015-12-21 14:55:00 EST,43.48507,-73.42307,120,43.0,43.1,38.1,58.3,29.4,0.000,0.000,0.00,0.000,8.5,12.9,1.6,199,11,9.0,13.6,1.6,202,11,8.5,12.9,1.6,199,11,88,29.88,,0,0,0,36.8,41.1,43.9,0.54,0.70,0.76
WHIT,2015-12-21 15:00:00 EST,43.48507,-73.42307,120,43.0,43.1,38.5,58.3,29.4,0.000,0.000,0.00,0.000,7.7,12.3,1.6,201,13,7.9,12.1,1.5,204,12,7.7,12.3,1.6,201,13,75,29.88,,0,0,0,36.8,41.2,43.9,0.54,0.70,0.75
WHIT,2015-12-21 15:05:00 EST,43.48507,-73.42307,120,42.8,43.0,38.4,59.0,29.5,0.000,0.000,0.00,0.000,7.2,12.6,1.5,206,13,7.4,13.0,1.6,209,12,7.2,12.6,1.5,206,13,66,29.88,,0,0,0,36.8,41.1,43.9,0.54,0.70,0.75
WHIT,2015-12-21 15:10:00 EST,43.48507,-73.42307,120,42.8,43.0,38.7,58.9,29.5,0.000,0.000,0.00,0.000,6.7,11.4,1.9,206,13,7.1,11.2,1.9,209,12,6.7,11.4,1.9,206,13,61,29.88,,0,0,0,36.8,41.1,43.9,0.54,0.70,0.75
WHIT,2015-12-21 15:15:00 EST,43.48507,-73.42307,120,42.7,42.9,38.9,59.4,29.5,0.000,0.000,0.00,0.000,6.2,10.1,1.5,212,12,6.4,10.7,1.7,214,12,6.2,10.1,1.5,212,12,57,29.88,,0,0,0,36.9,41.1,43.9,0.54,0.70,0.75
WHIT,2015-12-21 15:20:00 EST,43.48507,-73.42307,120,42.7,42.9,38.3,59.4,29.5,0.000,0.000,0.00,0.000,7.2,11.5,1.9,213,13,7.5,11.6,1.9,216,12,7.2,11.5,1.9,213,13,49,29.88,,0,0,0,36.9,41.1,43.9,0.54,0.70,0.76
WHIT,2015-12-21 15:25:00 EST,43.48507,-73.42307,120,42.5,42.9,38.3,59.6,29.4,0.000,0.000,0.00,0.000,6.8,11.3,1.7,207,13,7.2,11.4,1.7,209,13,6.8,11.3,1.7,207,13,42,29.88,,0,0,0,36.9,41.1,43.9,0.54,0.70,0.75
WHIT,2015-12-21 15:30:00 EST,43.48507,-73.42307,120,42.5,42.8,38.3,59.9,29.5,0.000,0.000,0.00,0.000,6.7,11.3,1.7,200,14,7.1,11.6,1.8,202,14,6.7,11.3,1.7,200,14,35,29.88,,0,0,0,36.9,41.1,43.9,0.54,0.70,0.75
WHIT,2015-12-21 15:35:00 EST,43.48507,-73.42307,120,42.6,42.8,38.2,59.8,29.6,0.000,0.000,0.00,0.000,7.2,10.3,1.3,193,12,7.4,11.4,1.5,196,9,7.2,10.3,1.3,193,12,30,29.87,,0,0,0,36.9,41.0,43.9,0.54,0.70,0.75
WHIT,2015-12-21 15:40:00 EST,43.48507,-73.42307,120,42.7,42.8,38.3,59.7,29.6,0.000,0.000,0.00,0.000,7.1,10.6,1.4,195,14,7.6,11.0,1.5,199,12,7.1,10.6,1.4,195,14,24,29.87,,0,0,0,36.9,41.0,43.9,0.54,0.70,0.75
WHIT,2015-12-21 15:45:00 EST,43.48507,-73.42307,120,42.6,42.8,39.2,60.2,29.8,0.000,0.000,0.00,0.000,5.5,9.9,1.9,204,15,5.9,10.1,1.9,208,14,5.5,9.9,1.9,204,15,18,29.87,,0,0,0,36.9,41.0,43.9,0.54,0.70,0.75
WHIT,2015-12-21 15:50:00 EST,43.48507,-73.42307,120,42.7,42.8,38.6,60.1,29.8,0.000,0.000,0.00,0.000,6.6,11.6,1.7,208,14,6.8,11.0,1.8,210,13,6.6,11.6,1.7,208,14,14,29.88,,0,0,0,36.9,41.0,43.9,0.54,0.70,0.76
WHIT,2015-12-21 15:55:00 EST,43.48507,-73.42307,120,42.7,42.9,38.5,60.1,29.8,0.000,0.000,0.00,0.000,7.0,12.2,2.0,204,16,7.4,12.5,2.2,206,15,7.0,12.2,2.0,204,16,14,29.87,,0,0,0,36.9,41.0,43.9,0.54,0.70,0.75
WHIT,2015-12-21 16:00:00 EST,43.48507,-73.42307,120,42.7,42.8,39.0,60.1,29.8,0.000,0.000,0.00,0.000,5.8,8.0,1.2,172,16,6.3,8.9,1.3,177,13,5.8,8.0,1.2,172,16,15,29.86,,0,0,0,36.9,41.0,43.9,0.54,0.70,0.75
WHIT,2015-12-21 16:05:00 EST,43.48507,-73.42307,120,42.4,42.6,39.6,60.9,29.8,0.000,0.000,0.00,0.000,4.5,8.7,1.5,168,14,5.1,9.4,1.5,173,13,4.5,8.7,1.5,168,14,14,29.85,,0,0,0,36.9,41.0,43.9,0.54,0.70,0.76
WHIT,2015-12-21 16:10:00 EST,43.48507,-73.42307,120,42.3,42.6,40.2,61.0,29.8,0.000,0.000,0.00,0.000,3.8,6.9,1.5,170,13,4.3,7.8,1.6,173,14,3.8,6.9,1.5,170,13,6,29.84,,0,0,0,36.9,41.0,43.9,0.54,0.70,0.76
WHIT,2015-12-21 16:15:00 EST,43.48507,-73.42307,120,42.4,42.6,40.8,61.1,29.9,0.000,0.000,0.00,0.000,3.2,4.9,0.8,174,12,3.6,5.6,0.9,179,12,3.2,4.9,0.8,174,12,2,29.84,,0,0,0,36.9,41.0,43.9,0.54,0.70,0.76
WHIT,2015-12-21 16:20:00 EST,43.48507,-73.42307,120,42.2,42.6,39.2,61.4,29.9,0.000,0.000,0.00,0.000,4.9,6.4,0.8,183,8,5.3,6.9,0.8,187,7,4.9,6.4,0.8,183,8,2,29.84,,0,0,0,36.9,41.0,43.9,0.54,0.70,0.76
WHIT,2015-12-21 16:25:00 EST,43.48507,-73.42307,120,42.3,42.6,38.9,61.5,30.0,0.000,0.000,0.00,0.000,5.5,7.3,1.0,176,9,5.8,8.3,1.1,180,8,5.5,7.3,1.0,176,9,1,29.84,,0,0,0,36.9,41.0,43.9,0.54,0.70,0.75
WHIT,2015-12-21 16:30:00 EST,43.48507,-73.42307,120,42.2,42.5,40.3,61.7,30.0,0.000,0.000,0.00,0.000,3.6,5.3,0.8,162,16,4.1,6.5,0.9,166,16,3.6,5.3,0.8,162,16,0,29.84,,0,0,0,36.9,41.0,43.9,0.54,0.70,0.75
WHIT,2015-12-21 16:35:00 EST,43.48507,-73.42307,120,42.4,42.5,42.4,61.4,30.1,0.000,0.000,0.00,0.000,2.8,5.9,1.4,179,18,3.2,8.1,1.6,182,18,2.8,5.9,1.4,179,18,0,29.83,,0,0,0,36.9,41.0,43.9,0.54,0.70,0.75
WHIT,2015-12-21 16:40:00 EST,43.48507,-73.42307,120,42.4,42.6,42.4,61.8,30.2,0.000,0.000,0.00,0.000,2.7,4.5,0.8,187,16,3.1,4.9,0.9,190,16,2.7,4.5,0.8,187,16,0,29.83,,0,0,0,36.9,41.0,43.9,0.54,0.70,0.75
WHIT,2015-12-21 16:45:00 EST,43.48507,-73.42307,120,42.5,42.7,42.5,61.3,30.1,0.000,0.000,0.00,0.000,2.5,4.5,0.8,191,16,2.8,5.4,0.8,196,16,2.5,4.5,0.8,191,16,0,29.83,,0,0,0,36.9,41.0,43.9,0.54,0.70,0.75
WHIT,2015-12-21 16:50:00 EST,43.48507,-73.42307,120,42.7,42.9,42.7,60.5,30.0,0.000,0.000,0.00,0.000,2.9,6.4,1.3,191,16,3.3,6.9,1.3,195,15,2.9,6.4,1.3,191,16,0,29.83,,0,0,0,36.9,41.0,43.9,0.54,0.70,0.75
WHIT,2015-12-21 16:55:00 EST,43.48507,-73.42307,120,42.9,43.1,40.2,60.2,30.0,0.000,0.000,0.00,0.000,4.5,7.5,1.3,197,17,5.0,8.1,1.3,201,15,4.5,7.5,1.3,197,17,0,29.84,,0,0,0,36.9,41.0,43.9,0.54,0.70,0.75
WHIT,2015-12-21 17:00:00 EST,43.48507,-73.42307,120,43.0,43.3,40.5,59.8,30.0,0.000,0.000,0.00,0.000,4.3,7.5,1.4,202,20,4.6,8.1,1.5,205,18,4.3,7.5,1.4,202,20,0,29.84,,0,0,0,36.9,41.0,43.9,0.54,0.70,0.75
WHIT,2015-12-21 17:05:00 EST,43.48507,-73.42307,120,43.2,43.4,40.7,59.2,30.0,0.000,0.000,0.00,0.000,4.4,8.3,1.4,212,16,4.8,9.2,1.6,215,14,4.4,8.3,1.4,212,16,0,29.83,,0,0,0,36.9,41.0,43.9,0.54,0.70,0.76
WHIT,2015-12-21 17:10:00 EST,43.48507,-73.42307,120,43.3,43.5,39.3,58.7,29.9,0.000,0.000,0.00,0.000,6.8,12.1,1.8,219,15,7.1,12.3,1.6,223,12,6.8,12.1,1.8,219,15,0,29.84,,0,0,0,37.0,41.0,43.9,0.54,0.70,0.76
WHIT,2015-12-21 17:15:00 EST,43.48507,-73.42307,120,43.4,43.6,38.7,58.6,29.9,0.000,0.000,0.00,0.000,8.0,12.4,1.9,214,11,8.3,13.9,1.9,218,10,8.0,12.4,1.9,214,11,0,29.84,,0,0,0,36.9,41.0,43.9,0.54,0.70,0.76
WHIT,2015-12-21 17:20:00 EST,43.48507,-73.42307,120,43.5,43.6,38.3,58.5,29.9,0.000,0.000,0.00,0.000,9.2,13.8,2.0,214,13,9.3,14.8,2.1,217,11,9.2,13.8,2.0,214,13,0,29.84,,0,0,0,37.0,41.0,43.9,0.54,0.70,0.75
WHIT,2015-12-21 17:25:00 EST,43.48507,-73.42307,120,43.5,43.6,38.8,58.9,30.1,0.000,0.000,0.00,0.000,8.1,14.0,2.2,214,13,8.4,13.6,2.1,217,12,8.1,14.0,2.2,214,13,0,29.84,,0,0,0,37.0,41.0,43.9,0.54,0.70,0.76
WHIT,2015-12-21 17:30:00 EST,43.48507,-73.42307,120,43.5,43.7,38.3,58.7,30.0,0.000,0.000,0.00,0.000,9.3,14.8,2.0,213,16,9.6,15.2,2.0,213,14,9.3,14.8,2.0,213,16,0,29.84,,0,0,0,37.0,41.0,43.9,0.54,0.70,0.76
WHIT,2015-12-21 17:35:00 EST,43.48507,-73.42307,120,43.6,43.8,38.1,58.8,30.2,0.000,0.000,0.00,0.000,10.1,15.4,2.3,216,12,10.4,16.1,2.3,217,10,10.1,15.4,2.3,216,12,0,29.85,,0,0,0,37.0,41.0,43.9,0.54,0.70,0.76
WHIT,2015-12-21 17:40:00 EST,43.48507,-73.42307,120,43.9,44.0,38.2,58.1,30.1,0.000,0.000,0.00,0.000,10.8,18.9,3.0,217,11,11.0,20.1,3.1,219,11,10.8,18.9,3.0,217,11,0,29.85,,0,0,0,37.0,41.0,43.9,0.54,0.71,0.76
WHIT,2015-12-21 17:45:00 EST,43.48507,-73.42307,120,43.9,44.0,38.8,58.2,30.2,0.000,0.000,0.00,0.000,9.3,15.6,2.5,214,16,9.6,16.3,2.5,217,16,9.3,15.6,2.5,214,16,0,29.85,,0,0,0,37.0,41.0,43.9,0.54,0.70,0.75
WHIT,2015-12-21 17:50:00 EST,43.48507,-73.42307,120,43.7,43.9,38.9,59.0,30.3,0.000,0.000,0.00,0.000,8.5,12.8,2.4,213,12,8.8,14.3,2.3,215,11,8.5,12.8,2.4,213,12,0,29.85,,0,0,0,37.0,41.0,43.9,0.54,0.71,0.76
WHIT,2015-12-21 17:55:00 EST,43.48507,-73.42307,120,43.6,43.8,39.0,59.5,30.4,0.000,0.000,0.00,0.000,7.9,15.7,2.3,206,13,8.2,15.4,2.2,209,11,7.9,15.7,2.3,206,13,0,29.85,,0,0,0,37.0,41.0,43.9,0.54,0.70,0.76
WHIT,2015-12-21 18:00:00 EST,43.48507,-73.42307,120,43.3,43.5,39.5,60.5,30.6,0.000,0.000,0.00,0.000,6.3,9.6,1.5,197,15,6.5,11.4,1.7,200,13,6.3,9.6,1.5,197,15,0,29.85,,0,0,0,37.0,41.0,43.9,0.54,0.70,0.76
WHIT,2015-12-21 18:05:00 EST,43.48507,-73.42307,120,43.1,43.3,38.3,61.3,30.7,0.000,0.000,0.00,0.000,8.1,12.1,2.0,195,15,8.6,13.0,2.0,198,14,8.1,12.1,2.0,195,15,0,29.85,,0,0,0,37.0,41.0,43.9,0.54,0.70,0.76
WHIT,2015-12-21 18:10:00 EST,43.48507,-73.42307,120,43.0,43.1,39.2,61.9,30.8,0.000,0.000,0.00,0.000,6.2,10.8,2.0,198,15,6.8,12.1,2.0,201,14,6.2,10.8,2.0,198,15,0,29.85,,0,0,0,37.0,41.0,43.9,0.54,0.70,0.76
WHIT,2015-12-21 18:15:00 EST,43.48507,-73.42307,120,42.9,43.1,39.4,62.3,30.9,0.000,0.000,0.00,0.000,5.7,10.1,1.6,201,13,6.1,11.0,1.6,203,12,5.7,10.1,1.6,201,13,0,29.85,,0,0,0,37.0,41.0,43.9,0.54,0.70,0.76
WHIT,2015-12-21 18:20:00 EST,43.48507,-73.42307,120,42.8,42.9,38.6,62.9,31.1,0.000,0.000,0.00,0.000,6.8,11.5,1.4,192,13,7.2,11.6,1.5,196,11,6.8,11.5,1.4,192,13,0,29.86,,0,0,0,37.0,41.0,43.9,0.54,0.70,0.75
WHIT,2015-12-21 18:25:00 EST,43.48507,-73.42307,120,42.3,42.6,38.5,65.7,31.6,0.000,0.000,0.00,0.000,6.0,8.6,1.1,183,14,6.5,10.1,1.3,187,13,6.0,8.6,1.1,183,14,0,29.86,,0,0,0,37.0,41.0,43.9,0.54,0.71,0.75
WHIT,2015-12-21 18:30:00 EST,43.48507,-73.42307,120,42.0,42.4,38.7,67.0,31.8,0.000,0.000,0.00,0.000,5.2,8.3,1.3,182,14,5.7,9.4,1.4,186,12,5.2,8.3,1.3,182,14,0,29.86,,0,0,0,37.1,41.0,43.9,0.54,0.70,0.76
WHIT,2015-12-21 18:35:00 EST,43.48507,-73.42307,120,41.9,42.3,38.6,67.4,31.9,0.000,0.000,0.00,0.000,5.2,8.0,1.0,171,14,5.5,8.7,1.2,174,12,5.2,8.0,1.0,171,14,0,29.86,,0,0,0,37.1,41.0,43.9,0.54,0.70,0.76
WHIT,2015-12-21 18:40:00 EST,43.48507,-73.42307,120,42.0,42.3,38.3,66.9,31.8,0.000,0.000,0.00,0.000,5.9,9.5,1.6,165,12,6.6,10.3,1.7,169,10,5.9,9.5,1.6,165,12,0,29.86,,0,0,0,37.1,41.0,43.9,0.54,0.70,0.75
WHIT,2015-12-21 18:45:00 EST,43.48507,-73.42307,120,42.1,42.4,38.7,66.4,31.7,0.000,0.000,0.00,0.000,5.3,8.1,1.1,172,12,5.8,8.9,1.3,176,11,5.3,8.1,1.1,172,12,0,29.86,,0,0,0,37.1,41.0,43.9,0.54,0.70,0.76
WHIT,2015-12-21 18:50:00 EST,43.48507,-73.42307,120,42.1,42.3,39.1,66.2,31.7,0.000,0.000,0.00,0.000,4.8,6.7,1.2,173,11,5.3,7.4,1.4,177,10,4.8,6.7,1.2,173,11,0,29.86,,0,0,0,37.1,41.0,43.9,0.54,0.70,0.75
WHIT,2015-12-21 18:55:00 EST,43.48507,-73.42307,120,42.0,42.3,39.2,66.3,31.6,0.000,0.000,0.00,0.000,4.6,6.6,0.9,171,12,4.9,6.9,0.9,175,11,4.6,6.6,0.9,171,12,0,29.87,,0,0,0,37.2,41.0,43.9,0.54,0.70,0.75
WHIT,2015-12-21 19:00:00 EST,43.48507,-73.42307,120,41.9,42.2,39.4,66.6,31.6,0.000,0.000,0.00,0.000,4.1,5.6,0.6,168,10,4.6,5.8,0.7,171,9,4.1,5.6,0.6,168,10,0,29.86,,0,0,0,37.2,41.0,43.9,0.54,0.70,0.76
WHIT,2015-12-21 19:05:00 EST,43.48507,-73.42307,120,41.9,42.2,38.8,66.8,31.7,0.000,0.000,0.00,0.000,4.8,6.7,0.9,177,10,5.2,7.6,1.0,181,8,4.8,6.7,0.9,177,10,0,29.87,,0,0,0,37.2,41.0,43.9,0.54,0.70,0.75
WHIT,2015-12-21 19:10:00 EST,43.48507,-73.42307,120,41.9,42.2,38.7,67.0,31.7,0.000,0.000,0.00,0.000,5.0,7.0,0.8,176,9,5.5,8.5,1.0,181,7,5.0,7.0,0.8,176,9,0,29.87,,0,0,0,37.2,41.0,43.8,0.54,0.70,0.75
WHIT,2015-12-21 19:15:00 EST,43.48507,-73.42307,120,41.7,42.1,38.7,67.5,31.7,0.000,0.000,0.00,0.000,4.7,6.6,0.7,171,10,5.1,6.9,0.8,174,9,4.7,6.6,0.7,171,10,0,29.87,,0,0,0,37.2,41.0,43.9,0.54,0.70,0.76
WHIT,2015-12-21 19:20:00 EST,43.48507,-73.42307,120,41.7,42.1,39.5,67.4,31.8,0.000,0.000,0.00,0.000,3.9,5.9,0.9,179,15,4.2,6.5,0.9,182,14,3.9,5.9,0.9,179,15,0,29.87,,0,0,0,37.2,41.0,43.9,0.54,0.70,0.76
WHIT,2015-12-21 19:25:00 EST,43.48507,-73.42307,120,41.7,42.1,39.8,67.6,31.8,0.000,0.000,0.00,0.000,3.5,5.3,0.8,189,9,3.9,6.0,0.8,194,9,3.5,5.3,0.8,189,9,0,29.87,,0,0,0,37.2,40.9,43.8,0.54,0.70,0.76
WHIT,2015-12-21 19:30:00 EST,43.48507,-73.42307,120,41.8,42.1,39.0,67.4,31.8,0.000,0.000,0.00,0.000,4.5,6.1,0.6,181,8,4.9,6.9,0.6,185,7,4.5,6.1,0.6,181,8,0,29.87,,0,0,0,37.2,41.0,43.9,0.54,0.70,0.76
WHIT,2015-12-21 19:35:00 EST,43.48507,-73.42307,120,41.6,42.0,38.8,68.0,31.8,0.000,0.000,0.00,0.000,4.4,6.1,0.7,175,13,4.7,6.5,0.8,178,12,4.4,6.1,0.7,175,13,0,29.87,,0,0,0,37.2,41.0,43.8,0.54,0.70,0.76
WHIT,2015-12-21 19:40:00 EST,43.48507,-73.42307,120,41.6,42.0,38.6,68.2,31.9,0.000,0.000,0.00,0.000,4.7,6.6,0.8,182,15,5.1,8.5,0.9,186,14,4.7,6.6,0.8,182,15,0,29.87,,0,0,0,37.2,40.9,43.8,0.54,0.70,0.75
WHIT,2015-12-21 19:45:00 EST,43.48507,-73.42307,120,41.7,42.0,38.8,68.3,32.0,0.000,0.000,0.00,0.000,4.5,6.4,1.0,177,10,5.1,6.9,1.0,180,9,4.5,6.4,1.0,177,10,0,29.87,,0,0,0,37.2,40.9,43.9,0.54,0.70,0.76
WHIT,2015-12-21 19:50:00 EST,43.48507,-73.42307,120,41.8,42.1,38.7,68.0,32.0,0.000,0.000,0.00,0.000,4.7,8.3,0.9,179,11,5.1,10.3,1.1,183,9,4.7,8.3,0.9,179,11,0,29.87,,0,0,0,37.2,40.9,43.8,0.54,0.70,0.76
WHIT,2015-12-21 19:55:00 EST,43.48507,-73.42307,120,41.8,42.1,38.8,68.2,32.1,0.000,0.000,0.00,0.000,4.7,7.5,1.1,178,8,5.1,8.3,1.2,181,8,4.7,7.5,1.1,178,8,0,29.87,,0,0,0,37.2,40.9,43.8,0.54,0.70,0.76
WHIT,2015-12-21 20:00:00 EST,43.48507,-73.42307,120,42.0,42.2,38.5,67.6,32.1,0.000,0.000,0.00,0.000,5.4,6.9,0.8,173,11,5.9,7.8,0.8,177,10,5.4,6.9,0.8,173,11,0,29.87,,0,0,0,37.2,40.9,43.8,0.54,0.70,0.76
WHIT,2015-12-21 20:05:00 EST,43.48507,-73.42307,120,42.1,42.2,38.8,67.6,32.1,0.000,0.000,0.00,0.000,5.1,8.5,1.2,174,12,5.7,9.8,1.3,177,10,5.1,8.5,1.2,174,12,0,29.86,,0,0,0,37.2,40.9,43.9,0.54,0.71,0.76
WHIT,2015-12-21 20:10:00 EST,43.48507,-73.42307,120,42.1,42.3,38.1,67.7,32.2,0.000,0.000,0.00,0.000,6.2,8.5,0.9,182,9,6.5,8.7,1.0,186,7,6.2,8.5,0.9,182,9,0,29.87,,0,0,0,37.2,40.9,43.8,0.54,0.70,0.76
WHIT,2015-12-21 20:15:00 EST,43.48507,-73.42307,120,42.1,42.3,37.9,67.4,32.1,0.000,0.000,0.00,0.000,6.8,9.9,1.2,181,10,7.2,11.0,1.5,185,9,6.8,9.9,1.2,181,10,0,29.86,,0,0,0,37.2,40.9,43.8,0.54,0.71,0.75
WHIT,2015-12-21 20:20:00 EST,43.48507,-73.42307,120,42.0,42.3,37.9,67.6,32.1,0.000,0.000,0.00,0.000,6.4,9.9,1.2,181,10,6.8,10.7,1.3,185,8,6.4,9.9,1.2,181,10,0,29.86,,0,0,0,37.2,40.9,43.8,0.54,0.70,0.76
WHIT,2015-12-21 20:25:00 EST,43.48507,-73.42307,120,41.9,42.2,38.6,67.7,32.0,0.000,0.000,0.00,0.000,5.2,7.7,1.1,181,13,5.8,8.9,1.2,184,12,5.2,7.7,1.1,181,13,0,29.86,,0,0,0,37.2,40.9,43.8,0.54,0.70,0.75
WHIT,2015-12-21 20:30:00 EST,43.48507,-73.42307,120,41.8,42.1,38.8,68.3,32.1,0.000,0.000,0.00,0.000,4.6,6.7,0.9,180,12,5.0,7.2,0.9,183,11,4.6,6.7,0.9,180,12,0,29.86,,0,0,0,37.2,40.9,43.8,0.54,0.70,0.76
WHIT,2015-12-21 20:35:00 EST,43.48507,-73.42307,120,41.7,42.1,39.1,68.7,32.2,0.000,0.000,0.00,0.000,4.2,6.7,1.1,168,16,4.6,7.6,1.2,171,16,4.2,6.7,1.1,168,16,0,29.86,,0,0,0,37.2,40.9,43.8,0.54,0.71,0.76
WHIT,2015-12-21 20:40:00 EST,43.48507,-73.42307,120,41.7,42.0,39.9,68.6,32.1,0.000,0.000,0.00,0.000,3.3,4.8,0.7,169,13,3.8,6.0,0.9,172,11,3.3,4.8,0.7,169,13,0,29.86,,0,0,0,37.2,40.9,43.8,0.54,0.70,0.76
WHIT,2015-12-21 20:45:00 EST,43.48507,-73.42307,120,41.7,42.0,40.0,69.0,32.3,0.000,0.000,0.00,0.000,3.3,5.5,1.0,165,9,3.6,6.3,1.1,168,11,3.3,5.5,1.0,165,9,0,29.86,,0,0,0,37.3,40.8,43.8,0.54,0.71,0.76
WHIT,2015-12-21 20:50:00 EST,43.48507,-73.42307,120,41.7,42.0,41.7,68.9,32.3,0.000,0.000,0.00,0.000,2.9,4.5,0.8,177,13,3.2,4.9,0.8,182,13,2.9,4.5,0.8,177,13,0,29.87,,0,0,0,37.3,40.9,43.8,0.54,0.71,0.76
WHIT,2015-12-21 20:55:00 EST,43.48507,-73.42307,120,41.5,42.0,39.7,69.2,32.2,0.000,0.000,0.00,0.000,3.4,4.9,0.6,179,14,3.8,5.1,0.6,183,13,3.4,4.9,0.6,179,14,0,29.87,,0,0,0,37.4,40.8,43.8,0.54,0.70,0.76
WHIT,2015-12-21 21:00:00 EST,43.48507,-73.42307,120,41.3,42.0,39.3,69.5,32.1,0.000,0.000,0.00,0.000,3.6,5.2,0.6,169,9,4.0,5.4,0.7,173,9,3.6,5.2,0.6,169,9,0,29.86,,0,0,0,37.4,40.9,43.8,0.54,0.71,0.76
WHIT,2015-12-21 21:05:00 EST,43.48507,-73.42307,120,41.0,41.9,38.4,69.9,32.0,0.000,0.000,0.00,0.000,4.2,5.8,0.7,167,12,4.6,6.5,0.9,171,11,4.2,5.8,0.7,167,12,0,29.86,,0,0,0,37.4,40.8,43.8,0.54,0.70,0.76
WHIT,2015-12-21 21:10:00 EST,43.48507,-73.42307,120,40.8,41.9,38.7,70.6,32.0,0.000,0.000,0.00,0.000,3.6,4.9,0.6,175,12,3.9,5.8,0.7,179,13,3.6,4.9,0.6,175,12,0,29.86,,0,0,0,37.4,40.8,43.7,0.54,0.70,0.76
WHIT,2015-12-21 21:15:00 EST,43.48507,-73.42307,120,41.3,42.0,39.1,70.4,32.4,0.000,0.000,0.00,0.000,3.7,5.5,0.7,174,11,4.1,6.0,0.8,177,10,3.7,5.5,0.7,174,11,0,29.86,,0,0,0,37.4,40.8,43.7,0.54,0.71,0.76
WHIT,2015-12-21 21:20:00 EST,43.48507,-73.42307,120,41.1,41.9,39.3,70.4,32.2,0.000,0.000,0.00,0.000,3.3,4.8,0.5,170,12,3.7,5.1,0.6,174,12,3.3,4.8,0.5,170,12,0,29.86,,0,0,0,37.4,40.8,43.7,0.54,0.71,0.76
WHIT,2015-12-21 21:25:00 EST,43.48507,-73.42307,120,41.3,41.9,39.2,70.7,32.5,0.000,0.000,0.00,0.000,3.6,5.2,0.5,164,13,4.0,5.8,0.5,168,12,3.6,5.2,0.5,164,13,0,29.86,,0,0,0,37.4,40.8,43.7,0.54,0.70,0.76
WHIT,2015-12-21 21:30:00 EST,43.48507,-73.42307,120,41.5,42.0,38.6,70.6,32.6,0.000,0.000,0.00,0.000,4.4,6.4,0.9,165,12,4.9,7.8,1.1,169,11,4.4,6.4,0.9,165,12,0,29.86,,0,0,0,37.4,40.8,43.7,0.54,0.70,0.76
WHIT,2015-12-21 21:35:00 EST,43.48507,-73.42307,120,41.4,42.0,38.7,70.5,32.5,0.000,0.000,0.00,0.000,4.3,6.0,0.6,169,10,4.8,6.5,0.7,172,9,4.3,6.0,0.6,169,10,0,29.85,,0,0,0,37.4,40.8,43.7,0.54,0.70,0.76
WHIT,2015-12-21 21:40:00 EST,43.48507,-73.42307,120,41.3,42.0,38.9,70.6,32.4,0.000,0.000,0.00,0.000,3.8,6.3,0.6,181,11,4.2,7.4,0.8,186,11,3.8,6.3,0.6,181,11,0,29.85,,0,0,0,37.5,40.8,43.7,0.54,0.70,0.76
WHIT,2015-12-21 21:45:00 EST,43.48507,-73.42307,120,40.4,42.0,37.4,71.0,31.7,0.000,0.000,0.00,0.000,4.4,5.6,0.6,177,10,4.8,6.3,0.7,181,8,4.4,5.6,0.6,177,10,0,29.85,,0,0,0,37.5,40.8,43.7,0.54,0.71,0.76
WHIT,2015-12-21 21:50:00 EST,43.48507,-73.42307,120,40.6,41.8,38.6,72.6,32.5,0.000,0.000,0.00,0.000,3.3,5.4,0.7,197,13,3.6,5.6,0.8,201,14,3.3,5.4,0.7,197,13,0,29.85,,0,0,0,37.5,40.8,43.7,0.54,0.71,0.76
WHIT,2015-12-21 21:55:00 EST,43.48507,-73.42307,120,40.6,41.7,39.0,72.0,32.3,0.000,0.000,0.00,0.000,3.1,4.3,0.5,190,8,3.5,5.1,0.7,195,8,3.1,4.3,0.5,190,8,0,29.86,,0,0,0,37.5,40.8,43.7,0.54,0.70,0.76
WHIT,2015-12-21 22:00:00 EST,43.48507,-73.42307,120,40.7,41.6,40.7,72.1,32.4,0.000,0.000,0.00,0.000,1.8,3.3,0.7,190,13,2.0,3.6,0.7,195,15,1.8,3.3,0.7,190,13,0,29.86,,0,0,0,37.6,40.8,43.7,0.54,0.71,0.76
WHIT,2015-12-21 22:05:00 EST,43.48507,-73.42307,120,40.6,41.8,38.9,73.2,32.7,0.000,0.000,0.00,0.000,3.1,5.3,0.9,182,12,3.5,6.0,1.0,187,12,3.1,5.3,0.9,182,12,0,29.86,,0,0,0,37.6,40.8,43.7,0.54,0.71,0.76
WHIT,2015-12-21 22:10:00 EST,43.48507,-73.42307,120,40.9,42.0,38.3,72.3,32.7,0.000,0.000,0.00,0.000,4.1,5.3,0.7,170,13,4.5,6.5,0.8,174,12,4.1,5.3,0.7,170,13,0,29.86,,0,0,0,37.6,40.8,43.7,0.54,0.71,0.76
WHIT,2015-12-21 22:15:00 EST,43.48507,-73.42307,120,40.3,42.0,36.9,74.2,32.8,0.000,0.000,0.00,0.000,5.0,7.7,0.9,166,10,5.6,8.1,1.0,170,9,5.0,7.7,0.9,166,10,0,29.86,,0,0,0,37.6,40.8,43.7,0.54,0.70,0.76
WHIT,2015-12-21 22:20:00 EST,43.48507,-73.42307,120,40.7,41.9,38.0,74.5,33.2,0.000,0.000,0.00,0.000,4.2,5.9,0.9,163,12,4.8,7.6,1.1,167,10,4.2,5.9,0.9,163,12,0,29.86,,0,0,0,37.6,40.8,43.7,0.54,0.70,0.76
WHIT,2015-12-21 22:25:00 EST,43.48507,-73.42307,120,41.3,42.0,38.9,73.3,33.4,0.000,0.000,0.00,0.000,3.9,5.4,0.7,178,13,4.3,6.9,0.8,181,11,3.9,5.4,0.7,178,13,0,29.87,,0,0,0,37.6,40.8,43.7,0.54,0.70,0.76
WHIT,2015-12-21 22:30:00 EST,43.48507,-73.42307,120,41.3,42.2,38.5,73.3,33.4,0.000,0.000,0.00,0.000,4.4,5.8,0.5,176,9,4.8,6.7,0.6,180,8,4.4,5.8,0.5,176,9,0,29.86,,0,0,0,37.6,40.8,43.7,0.54,0.70,0.76
WHIT,2015-12-21 22:35:00 EST,43.48507,-73.42307,120,40.8,42.2,38.3,73.1,32.9,0.000,0.000,0.00,0.000,4.0,5.6,0.6,169,10,4.4,6.3,0.7,174,10,4.0,5.6,0.6,169,10,0,29.86,,0,0,0,37.6,40.8,43.7,0.54,0.70,0.76
WHIT,2015-12-21 22:40:00 EST,43.48507,-73.42307,120,40.2,42.1,37.4,73.9,32.6,0.000,0.000,0.00,0.000,4.2,5.8,0.6,179,7,4.6,6.5,0.7,182,6,4.2,5.8,0.6,179,7,0,29.87,,0,0,0,37.6,40.8,43.7,0.54,0.70,0.76
WHIT,2015-12-21 22:45:00 EST,43.48507,-73.42307,120,40.2,41.8,37.7,74.3,32.6,0.000,0.000,0.00,0.000,3.8,4.7,0.3,181,6,4.1,4.7,0.3,185,7,3.8,4.7,0.3,181,6,0,29.87,,0,0,0,37.6,40.8,43.7,0.54,0.70,0.76
WHIT,2015-12-21 22:50:00 EST,43.48507,-73.42307,120,39.5,41.4,36.9,74.7,32.1,0.000,0.000,0.00,0.000,3.9,4.9,0.3,183,5,4.3,5.6,0.4,187,5,3.9,4.9,0.3,183,5,0,29.88,,0,0,0,37.6,40.8,43.7,0.54,0.70,0.76
WHIT,2015-12-21 22:55:00 EST,43.48507,-73.42307,120,39.2,41.1,37.0,76.9,32.6,0.000,0.000,0.00,0.000,3.4,4.5,0.5,178,6,3.9,5.1,0.5,183,6,3.4,4.5,0.5,178,6,0,29.88,,0,0,0,37.6,40.8,43.7,0.54,0.70,0.76
WHIT,2015-12-21 23:00:00 EST,43.48507,-73.42307,120,39.2,40.9,39.2,78.3,33.0,0.000,0.000,0.00,0.000,3.0,4.0,0.5,192,6,3.3,4.5,0.6,197,6,3.0,4.0,0.5,192,6,0,29.88,,0,0,0,37.6,40.8,43.7,0.54,0.70,0.76
WHIT,2015-12-21 23:05:00 EST,43.48507,-73.42307,120,39.4,41.1,37.1,78.3,33.3,0.000,0.000,0.00,0.000,3.5,4.5,0.4,184,6,3.9,4.9,0.5,189,6,3.5,4.5,0.4,184,6,0,29.88,,0,0,0,37.7,40.8,43.7,0.54,0.71,0.76
WHIT,2015-12-21 23:10:00 EST,43.48507,-73.42307,120,39.1,41.2,36.9,77.6,32.7,0.000,0.000,0.00,0.000,3.4,4.3,0.4,176,7,3.8,5.1,0.5,181,8,3.4,4.3,0.4,176,7,0,29.88,,0,0,0,37.7,40.8,43.7,0.54,0.70,0.75
WHIT,2015-12-21 23:15:00 EST,43.48507,-73.42307,120,39.5,41.2,37.7,77.4,33.0,0.000,0.000,0.00,0.000,3.1,3.9,0.4,194,5,3.4,4.5,0.4,200,5,3.1,3.9,0.4,194,5,0,29.88,,0,0,0,37.7,40.8,43.7,0.54,0.71,0.76
WHIT,2015-12-21 23:20:00 EST,43.48507,-73.42307,120,39.7,41.2,36.9,76.6,33.0,0.000,0.000,0.00,0.000,4.1,4.7,0.4,195,2,4.5,5.1,0.4,199,2,4.1,4.7,0.4,195,2,0,29.88,,0,0,0,37.7,40.8,43.7,0.54,0.71,0.76
WHIT,2015-12-21 23:25:00 EST,43.48507,-73.42307,120,40.0,41.1,36.7,75.9,33.0,0.000,0.000,0.00,0.000,4.6,5.4,0.3,196,4,4.9,5.8,0.3,199,3,4.6,5.4,0.3,196,4,0,29.88,,0,0,0,37.7,40.8,43.7,0.54,0.71,0.76
WHIT,2015-12-21 23:30:00 EST,43.48507,-73.42307,120,39.5,40.8,36.3,76.1,32.7,0.000,0.000,0.00,0.000,4.5,5.3,0.3,198,3,4.9,5.8,0.3,201,4,4.5,5.3,0.3,198,3,0,29.88,,0,0,0,37.7,40.8,43.7,0.54,0.71,0.76
WHIT,2015-12-21 23:35:00 EST,43.48507,-73.42307,120,38.9,40.3,35.5,77.7,32.5,0.000,0.000,0.00,0.000,4.6,5.4,0.3,201,4,4.8,6.0,0.4,204,4,4.6,5.4,0.3,201,4,0,29.88,,0,0,0,37.7,40.8,43.7,0.54,0.71,0.76
WHIT,2015-12-21 23:40:00 EST,43.48507,-73.42307,120,39.1,40.3,35.8,78.7,33.1,0.000,0.000,0.00,0.000,4.6,5.8,0.4,193,5,5.0,6.5,0.5,197,4,4.6,5.8,0.4,193,5,0,29.88,,0,0,0,37.8,40.8,43.7,0.54,0.70,0.76
WHIT,2015-12-21 23:45:00 EST,43.48507,-73.42307,120,38.9,40.3,38.9,79.0,32.9,0.000,0.000,0.00,0.000,2.8,4.8,0.6,192,8,3.2,5.4,0.7,197,8,2.8,4.8,0.6,192,8,0,29.87,,0,0,0,37.7,40.8,43.7,0.54,0.70,0.76
WHIT,2015-12-21 23:50:00 EST,43.48507,-73.42307,120,37.8,39.9,37.8,80.4,32.3,0.000,0.000,0.00,0.000,2.9,4.1,0.5,174,13,3.3,4.7,0.6,178,13,2.9,4.1,0.5,174,13,0,29.86,,0,0,0,37.8,40.8,43.7,0.54,0.71,0.76
WHIT,2015-12-21 23:55:00 EST,43.48507,-73.42307,120,37.6,39.7,34.9,82.9,32.8,0.000,0.000,0.00,0.000,3.6,5.5,0.9,176,12,3.9,5.8,0.9,180,12,3.6,5.5,0.9,176,12,0,29.86,,0,0,0,37.7,40.8,43.7,0.54,0.70,0.76
